time_s,source,lat,lon,alt,distance_m,mode
6.294981,POS,37.4274999,-122.1697,16.100000381469727,0.011131949209416398,STABILIZE
6.394940999999999,POS,37.4274999,-122.1697,16.100000381469727,0.011131949209416398,STABILIZE
6.4949010000000005,POS,37.4274999,-122.1697,16.100000381469727,0.011131949209416398,STABILIZE
6.594861,POS,37.4274999,-122.1697,16.100000381469727,0.011131949209416398,STABILIZE
6.694820999999999,POS,37.4274999,-122.1697,16.100000381469727,0.011131949209416398,GUIDED
6.794781,POS,37.4274999,-122.1697,16.100000381469727,0.011131949209416398,GUIDED
6.894741,POS,37.4274999,-122.1697,16.100000381469727,0.011131949209416398,GUIDED
6.994700999999999,POS,37.4274999,-122.1697,16.100000381469727,0.011131949209416398,GUIDED
7.094661,POS,37.4274999,-122.1697,16.100000381469727,0.011131949209416398,GUIDED
7.194621,POS,37.4274999,-122.1697,16.100000381469727,0.011131949209416398,GUIDED
7.294580999999999,POS,37.4274999,-122.1697,16.100000381469727,0.011131949209416398,GUIDED
7.394541,POS,37.4274999,-122.1697,16.100000381469727,0.011131949209416398,GUIDED
7.494501,POS,37.4274999,-122.1697,16.100000381469727,0.011131949209416398,GUIDED
7.594460999999999,POS,37.4274999,-122.1697,16.100000381469727,0.011131949209416398,GUIDED
7.694421,POS,37.4274999,-122.1697,16.100000381469727,0.011131949209416398,GUIDED
7.794381,POS,37.4274999,-122.1697,16.100000381469727,0.011131949209416398,GUIDED
7.894341000000001,POS,37.4274999,-122.1697,16.100000381469727,0.011131949209416398,GUIDED
7.994301,POS,37.4274999,-122.1697,16.100000381469727,0.011131949209416398,GUIDED
8.094261,POS,37.4274999,-122.1697,16.100000381469727,0.011131949209416398,GUIDED
8.194221,POS,37.4274999,-122.1697,16.100000381469727,0.011131949209416398,GUIDED
8.294181,POS,37.4274999,-122.1697,16.100000381469727,0.011131949209416398,GUIDED
8.394974,POS,37.4274999,-122.1697,16.100000381469727,0.011131949209416398,GUIDED
8.494934,POS,37.4274999,-122.1697,16.100000381469727,0.011131949209416398,GUIDED
8.594894,POS,37.4274999,-122.1697,16.100000381469727,0.011131949209416398,GUIDED
8.694854,POS,37.4274999,-122.1697,16.100000381469727,0.011131949209416398,GUIDED
8.794814,POS,37.4274999,-122.1697,16.100000381469727,0.011131949209416398,GUIDED
8.894774,POS,37.4274999,-122.1697,16.100000381469727,0.011131949209416398,GUIDED
8.994734,POS,37.4274999,-122.1697,16.100000381469727,0.011131949209416398,GUIDED
9.094694,POS,37.4274999,-122.1697,16.100000381469727,0.011131949209416398,GUIDED
9.194654,POS,37.4274999,-122.1697,16.100000381469727,0.011131949209416398,GUIDED
9.294614,POS,37.4274999,-122.1697,16.100000381469727,0.011131949209416398,GUIDED
9.394574,POS,37.4274999,-122.1697,16.100000381469727,0.011131949209416398,GUIDED
9.494534,POS,37.4274999,-122.1697,16.100000381469727,0.011131949209416398,GUIDED
9.594494,POS,37.4274999,-122.1697,16.100000381469727,0.011131949209416398,GUIDED
9.694454,POS,37.4274999,-122.1697,16.100000381469727,0.011131949209416398,GUIDED
9.794414,POS,37.4274999,-122.1697,16.100000381469727,0.011131949209416398,GUIDED
9.894374,POS,37.4274999,-122.1697,16.100000381469727,0.011131949209416398,GUIDED
9.994334,POS,37.4274999,-122.1697,16.100000381469727,0.011131949209416398,GUIDED
10.094294,POS,37.4274999,-122.1697,16.100000381469727,0.011131949209416398,GUIDED
10.194253999999999,POS,37.4274999,-122.1697,16.100000381469727,0.011131949209416398,GUIDED
10.294214,POS,37.4274999,-122.1697,16.100000381469727,0.011131949209416398,GUIDED
10.394174,POS,37.4274999,-122.1697,16.100000381469727,0.011131949209416398,GUIDED
10.494966999999999,POS,37.4274999,-122.1697,16.100000381469727,0.011131949209416398,GUIDED
10.594927,POS,37.4274999,-122.1697,16.100000381469727,0.011131949209416398,GUIDED
10.694887,POS,37.4274999,-122.1697,16.100000381469727,0.011131949209416398,GUIDED
10.794847,POS,37.4274999,-122.1697,16.100000381469727,0.011131949209416398,GUIDED
10.894807,POS,37.4274999,-122.1697,16.100000381469727,0.011131949209416398,GUIDED
10.994767,POS,37.4274999,-122.1697,16.100000381469727,0.011131949209416398,GUIDED
11.094727,POS,37.4274999,-122.1697,16.100000381469727,0.011131949209416398,GUIDED
11.194687,POS,37.4274999,-122.1697,16.100000381469727,0.011131949209416398,GUIDED
11.294647,POS,37.4274999,-122.1697,16.100000381469727,0.011131949209416398,GUIDED
11.394607,POS,37.4274999,-122.1697,16.100000381469727,0.011131949209416398,GUIDED
11.494567,POS,37.4274999,-122.1697,16.100000381469727,0.011131949209416398,GUIDED
11.594527,POS,37.4274999,-122.1697,16.100000381469727,0.011131949209416398,GUIDED
11.694487,POS,37.4274999,-122.1697,16.100000381469727,0.011131949209416398,GUIDED
11.794447,POS,37.4274999,-122.1697,16.100000381469727,0.011131949209416398,GUIDED
11.894407,POS,37.4274999,-122.1697,16.100000381469727,0.011131949209416398,GUIDED
11.994367,POS,37.4274999,-122.1697,16.100000381469727,0.011131949209416398,GUIDED
12.094327,POS,37.4274999,-122.1697,16.100000381469727,0.011131949209416398,GUIDED
12.194287,POS,37.4274999,-122.1697,16.100000381469727,0.011131949209416398,GUIDED
12.294247,POS,37.4274999,-122.1697,16.100000381469727,0.011131949209416398,GUIDED
12.394207,POS,37.4274999,-122.1697,16.100000381469727,0.011131949209416398,GUIDED
12.495,POS,37.4274999,-122.1697,16.100000381469727,0.011131949209416398,GUIDED
12.59496,POS,37.4274999,-122.1697,16.100000381469727,0.011131949209416398,GUIDED
12.69492,POS,37.4274999,-122.1697,16.100000381469727,0.011131949209416398,GUIDED
12.79488,POS,37.4274999,-122.1697,16.100000381469727,0.011131949209416398,GUIDED
12.89484,POS,37.4274999,-122.1697,16.100000381469727,0.011131949209416398,GUIDED
12.9948,POS,37.4274999,-122.1697,16.100000381469727,0.011131949209416398,GUIDED
13.094759999999999,POS,37.4274999,-122.1697,16.100000381469727,0.011131949209416398,GUIDED
13.19472,POS,37.4274999,-122.1697,16.100000381469727,0.011131949209416398,GUIDED
13.29468,POS,37.4274999,-122.1697,16.100000381469727,0.011131949209416398,GUIDED
13.39464,POS,37.4274999,-122.1697,16.100000381469727,0.011131949209416398,GUIDED
13.4946,POS,37.4274999,-122.1697,16.100000381469727,0.011131949209416398,GUIDED
13.59456,POS,37.4274999,-122.1697,16.100000381469727,0.011131949209416398,GUIDED
13.69452,POS,37.4274999,-122.1697,16.100000381469727,0.011131949209416398,GUIDED
13.794479999999998,POS,37.4274999,-122.1697,16.100000381469727,0.011131949209416398,GUIDED
13.894440000000001,POS,37.4274999,-122.1697,16.100000381469727,0.011131949209416398,GUIDED
13.9944,POS,37.4274999,-122.1697,16.100000381469727,0.011131949209416398,GUIDED
14.09436,POS,37.4274999,-122.1697,16.100000381469727,0.011131949209416398,GUIDED
14.19432,POS,37.4274999,-122.1697,16.100000381469727,0.011131949209416398,GUIDED
14.294279999999999,POS,37.4274999,-122.1697,16.100000381469727,0.011131949209416398,GUIDED
14.394239999999998,POS,37.4274999,-122.1697,16.100000381469727,0.011131949209416398,GUIDED
14.494200000000001,POS,37.4274999,-122.1697,16.100000381469727,0.011131949209416398,GUIDED
14.594993,POS,37.4274999,-122.1697,16.100000381469727,0.011131949209416398,GUIDED
14.694953,POS,37.4274999,-122.1697,16.100000381469727,0.011131949209416398,GUIDED
14.794913,POS,37.4274999,-122.1697,16.100000381469727,0.011131949209416398,GUIDED
14.894872999999999,POS,37.4274999,-122.1697,16.100000381469727,0.011131949209416398,GUIDED
14.994833000000002,POS,37.4274999,-122.1697,16.100000381469727,0.011131949209416398,GUIDED
15.094793000000001,POS,37.4274999,-122.1697,16.100000381469727,0.011131949209416398,GUIDED
15.194753,POS,37.4274999,-122.1697,16.100000381469727,0.011131949209416398,GUIDED
15.294713,POS,37.4274999,-122.1697,16.100000381469727,0.011131949209416398,GUIDED
15.394673,POS,37.4274999,-122.1697,16.100000381469727,0.011131949209416398,GUIDED
15.494632999999999,POS,37.4274999,-122.1697,16.100000381469727,0.011131949209416398,GUIDED
15.594593000000001,POS,37.4274999,-122.1697,16.100000381469727,0.011131949209416398,GUIDED
15.694553,POS,37.4274999,-122.1697,16.100000381469727,0.011131949209416398,GUIDED
15.794513,POS,37.4274999,-122.1697,16.100000381469727,0.011131949209416398,GUIDED
15.894473,POS,37.4274999,-122.1697,16.100000381469727,0.011131949209416398,GUIDED
15.994432999999999,POS,37.4274999,-122.1697,16.100000381469727,0.011131949209416398,GUIDED
16.094392999999997,POS,37.4274999,-122.1697,16.100000381469727,0.011131949209416398,GUIDED
16.194353,POS,37.4274999,-122.1697,16.100000381469727,0.011131949209416398,GUIDED
16.294313000000002,POS,37.4274999,-122.1697,16.100000381469727,0.011131949209416398,GUIDED
16.394273,POS,37.4274999,-122.1697,16.100000381469727,0.011131949209416398,GUIDED
16.494233,POS,37.4274999,-122.1697,16.100000381469727,0.011131949209416398,GUIDED
16.594192999999997,POS,37.4274999,-122.1697,16.100000381469727,0.011131949209416398,GUIDED
16.694986,POS,37.4274999,-122.1697,16.100000381469727,0.011131949209416398,GUIDED
16.794946000000003,POS,37.4274999,-122.1697,16.100000381469727,0.011131949209416398,GUIDED
16.894906,POS,37.4274999,-122.1697,16.100000381469727,0.011131949209416398,GUIDED
16.994866000000002,POS,37.4274999,-122.1697,16.100000381469727,0.011131949209416398,GUIDED
17.094825999999998,POS,37.4274999,-122.1697,16.100000381469727,0.011131949209416398,GUIDED
17.194786,POS,37.4274999,-122.1697,16.100000381469727,0.011131949209416398,GUIDED
17.294745999999996,POS,37.4274999,-122.1697,16.100000381469727,0.011131949209416398,GUIDED
17.394706,POS,37.4274999,-122.1697,16.100000381469727,0.011131949209416398,GUIDED
17.494666000000002,POS,37.4274999,-122.1697,16.100000381469727,0.011131949209416398,GUIDED
17.594625999999998,POS,37.4274999,-122.1697,16.100000381469727,0.011131949209416398,GUIDED
17.694586,POS,37.4274999,-122.1697,16.100000381469727,0.011131949209416398,GUIDED
17.794545999999997,POS,37.4274999,-122.1697,16.100000381469727,0.011131949209416398,GUIDED
17.894506,POS,37.4274999,-122.1697,16.100000381469727,0.011131949209416398,GUIDED
17.994466000000003,POS,37.4274999,-122.1697,16.100000381469727,0.011131949209416398,GUIDED
18.094426,POS,37.4274999,-122.1697,16.100000381469727,0.011131949209416398,GUIDED
18.194386,POS,37.4274999,-122.1697,16.100000381469727,0.011131949209416398,GUIDED
18.294345999999997,POS,37.4274999,-122.1697,16.100000381469727,0.011131949209416398,GUIDED
18.394306,POS,37.4274999,-122.1697,16.100000381469727,0.011131949209416398,GUIDED
18.494266000000003,POS,37.4274999,-122.1697,16.100000381469727,0.011131949209416398,GUIDED
18.594226,POS,37.4274999,-122.1697,16.100000381469727,0.011131949209416398,GUIDED
18.694186000000002,POS,37.4274999,-122.1697,16.100000381469727,0.011131949209416398,GUIDED
18.794978999999998,POS,37.4274999,-122.1697,16.100000381469727,0.011131949209416398,GUIDED
18.894939,POS,37.4274999,-122.1697,16.100000381469727,0.011131949209416398,GUIDED
18.994898999999997,POS,37.4274999,-122.1697,16.100000381469727,0.011131949209416398,GUIDED
19.094859,POS,37.4274999,-122.1697,16.100000381469727,0.011131949209416398,GUIDED
19.194819000000003,POS,37.4274999,-122.1697,16.100000381469727,0.011131949209416398,GUIDED
19.294779,POS,37.4274999,-122.1697,16.100000381469727,0.011131949209416398,GUIDED
19.394739,POS,37.4274999,-122.1697,16.100000381469727,0.011131949209416398,GUIDED
19.494698999999997,POS,37.4274999,-122.1697,16.100000381469727,0.011131949209416398,GUIDED
19.594659,POS,37.4274999,-122.1697,16.100000381469727,0.011131949209416398,GUIDED
19.694619000000003,POS,37.4274999,-122.1697,16.100000381469727,0.011131949209416398,GUIDED
19.794579,POS,37.4274999,-122.1697,16.100000381469727,0.011131949209416398,GUIDED
19.894539,POS,37.4274999,-122.1697,16.100000381469727,0.011131949209416398,GUIDED
19.994498999999998,POS,37.4274999,-122.1697,16.100000381469727,0.011131949209416398,GUIDED
20.094459,POS,37.4274999,-122.1697,16.100000381469727,0.011131949209416398,GUIDED
20.194418999999996,POS,37.4274999,-122.1697,16.100000381469727,0.011131949209416398,GUIDED
20.294379,POS,37.4274999,-122.1697,16.100000381469727,0.011131949209416398,GUIDED
20.394339000000002,POS,37.4274999,-122.1697,16.100000381469727,0.011131949209416398,GUIDED
20.494298999999998,POS,37.4274999,-122.1697,16.100000381469727,0.011131949209416398,GUIDED
20.594259,POS,37.4274999,-122.1697,16.100000381469727,0.011131949209416398,GUIDED
20.694218999999997,POS,37.4274999,-122.1697,16.100000381469727,0.011131949209416398,GUIDED
20.794179,POS,37.4274999,-122.1697,16.100000381469727,0.011131949209416398,GUIDED
20.894972000000003,POS,37.4274999,-122.1697,16.100000381469727,0.011131949209416398,GUIDED
20.994932,POS,37.4274999,-122.1697,16.100000381469727,0.011131949209416398,GUIDED
21.094892,POS,37.4274999,-122.1697,16.100000381469727,0.011131949209416398,GUIDED
21.194851999999997,POS,37.4274999,-122.1697,16.100000381469727,0.011131949209416398,GUIDED
21.294812,POS,37.4274999,-122.1697,16.100000381469727,0.011131949209416398,GUIDED
21.394772000000003,POS,37.4274999,-122.1697,16.100000381469727,0.011131949209416398,GUIDED
21.494732,POS,37.4274999,-122.1697,16.100000381469727,0.011131949209416398,GUIDED
21.594692000000002,POS,37.4274999,-122.1697,16.100000381469727,0.011131949209416398,GUIDED
21.694651999999998,POS,37.4274999,-122.1697,16.100000381469727,0.011131949209416398,GUIDED
21.794612,POS,37.4274999,-122.1697,16.100000381469727,0.011131949209416398,GUIDED
21.894571999999997,POS,37.4274999,-122.1697,16.100000381469727,0.011131949209416398,GUIDED
21.994532,POS,37.4274999,-122.1697,16.100000381469727,0.011131949209416398,GUIDED
22.094492000000002,POS,37.4274999,-122.1697,16.100000381469727,0.011131949209416398,GUIDED
22.194452,POS,37.4274999,-122.1697,16.100000381469727,0.011131949209416398,GUIDED
22.294412,POS,37.4274999,-122.1697,16.100000381469727,0.011131949209416398,GUIDED
22.394371999999997,POS,37.4274999,-122.1697,16.100000381469727,0.011131949209416398,GUIDED
22.494332,POS,37.4274999,-122.1697,16.100000381469727,0.011131949209416398,GUIDED
22.594292000000003,POS,37.4274999,-122.1697,16.100000381469727,0.011131949209416398,GUIDED
22.694252,POS,37.4274999,-122.1697,16.100000381469727,0.011131949209416398,GUIDED
22.794212,POS,37.4274999,-122.1697,16.100000381469727,0.011131949209416398,GUIDED
22.894171999999998,POS,37.4274999,-122.1697,16.100000381469727,0.011131949209416398,GUIDED
22.994965,POS,37.4274999,-122.1697,16.100000381469727,0.011131949209416398,GUIDED
23.094924999999996,POS,37.4274999,-122.1697,16.100000381469727,0.011131949209416398,GUIDED
23.194885,POS,37.4274999,-122.1697,16.100000381469727,0.011131949209416398,GUIDED
23.294845000000002,POS,37.4274999,-122.1697,16.100000381469727,0.011131949209416398,GUIDED
23.394804999999998,POS,37.4274999,-122.1697,16.100000381469727,0.011131949209416398,GUIDED
23.494765,POS,37.4274999,-122.1697,16.100000381469727,0.011131949209416398,GUIDED
23.594724999999997,POS,37.4274999,-122.1697,16.100000381469727,0.011131949209416398,GUIDED
23.694685,POS,37.4274999,-122.1697,16.100000381469727,0.011131949209416398,GUIDED
23.794645000000003,POS,37.4274999,-122.1697,16.100000381469727,0.011131949209416398,GUIDED
23.894605,POS,37.4274999,-122.1697,16.100000381469727,0.011131949209416398,GUIDED
23.994565,POS,37.4274999,-122.1697,16.100000381469727,0.011131949209416398,GUIDED
24.094524999999997,POS,37.4274999,-122.1697,16.100000381469727,0.011131949209416398,GUIDED
24.194485,POS,37.4274999,-122.1697,16.100000381469727,0.011131949209416398,GUIDED
24.294445000000003,POS,37.4274999,-122.1697,16.100000381469727,0.011131949209416398,GUIDED
24.394405,POS,37.4274999,-122.1697,16.100000381469727,0.011131949209416398,GUIDED
24.494365000000002,POS,37.4274999,-122.1697,16.100000381469727,0.011131949209416398,GUIDED
24.594324999999998,POS,37.4274999,-122.1697,16.100000381469727,0.011131949209416398,GUIDED
24.694285,POS,37.4274999,-122.1697,16.100000381469727,0.011131949209416398,GUIDED
24.794244999999997,POS,37.4274999,-122.1697,16.100000381469727,0.011131949209416398,GUIDED
24.894205,POS,37.4274999,-122.1697,16.100000381469727,0.011131949209416398,GUIDED
24.994998000000002,POS,37.4274999,-122.1697,16.100000381469727,0.011131949209416398,GUIDED
25.094958,POS,37.4274999,-122.1697,16.100000381469727,0.011131949209416398,GUIDED
25.194918,POS,37.4274999,-122.1697,16.100000381469727,0.011131949209416398,GUIDED
25.294877999999997,POS,37.4274999,-122.1697,16.100000381469727,0.011131949209416398,GUIDED
25.394838,POS,37.4274999,-122.1697,16.100000381469727,0.011131949209416398,GUIDED
25.494798000000003,POS,37.4274999,-122.1697,16.100000381469727,0.011131949209416398,GUIDED
25.594758,POS,37.4274999,-122.1697,16.100000381469727,0.011131949209416398,GUIDED
25.694718,POS,37.4274999,-122.1697,16.100000381469727,0.011131949209416398,GUIDED
25.794677999999998,POS,37.4274999,-122.1697,16.100000381469727,0.011131949209416398,GUIDED
25.894638,POS,37.4274999,-122.1697,16.100000381469727,0.011131949209416398,GUIDED
25.994598000000003,POS,37.4274999,-122.1697,16.100000381469727,0.011131949209416398,GUIDED
26.094558,POS,37.4274999,-122.1697,16.100000381469727,0.011131949209416398,GUIDED
26.194518000000002,POS,37.4274999,-122.1697,16.100000381469727,0.011131949209416398,GUIDED
26.294477999999998,POS,37.4274999,-122.1697,16.100000381469727,0.011131949209416398,GUIDED
26.394438,POS,37.4274999,-122.1697,16.100000381469727,0.011131949209416398,GUIDED
26.494397999999997,POS,37.4274999,-122.1697,16.100000381469727,0.011131949209416398,GUIDED
26.594358,POS,37.4274999,-122.1697,16.100000381469727,0.011131949209416398,GUIDED
26.694318000000003,POS,37.4274999,-122.1697,16.100000381469727,0.011131949209416398,GUIDED
26.794278,POS,37.4274999,-122.1697,16.100000381469727,0.011131949209416398,GUIDED
26.894238,POS,37.4274999,-122.1697,16.100000381469727,0.011131949209416398,GUIDED
26.994197999999997,POS,37.4274999,-122.1697,16.100000381469727,0.011131949209416398,GUIDED
27.094991,POS,37.4274999,-122.1697,16.100000381469727,0.011131949209416398,GUIDED
27.194951000000003,POS,37.4274999,-122.1697,16.100000381469727,0.011131949209416398,GUIDED
27.294911,POS,37.4274999,-122.1697,16.100000381469727,0.011131949209416398,GUIDED
27.394871000000002,POS,37.4274999,-122.1697,16.100000381469727,0.011131949209416398,GUIDED
27.494830999999998,POS,37.4274999,-122.1697,16.100000381469727,0.011131949209416398,GUIDED
27.594791,POS,37.4274999,-122.1697,16.100000381469727,0.011131949209416398,GUIDED
27.694750999999997,POS,37.4274999,-122.1697,16.100000381469727,0.011131949209416398,GUIDED
27.794711,POS,37.4274999,-122.1697,16.100000381469727,0.011131949209416398,GUIDED
27.894671000000002,POS,37.4274999,-122.1697,16.100000381469727,0.011131949209416398,GUIDED
27.994631,POS,37.4274999,-122.1697,16.100000381469727,0.011131949209416398,GUIDED
28.094591,POS,37.4274999,-122.1697,16.100000381469727,0.011131949209416398,GUIDED
28.194550999999997,POS,37.4274999,-122.1697,16.100000381469727,0.011131949209416398,GUIDED
28.294511,POS,37.4274999,-122.1697,16.100000381469727,0.011131949209416398,GUIDED
28.394471000000003,POS,37.4274999,-122.1697,16.100000381469727,0.011131949209416398,GUIDED
28.494431,POS,37.4274999,-122.1697,16.100000381469727,0.011131949209416398,GUIDED
28.594391,POS,37.4274999,-122.1697,16.100000381469727,0.011131949209416398,GUIDED
28.694350999999997,POS,37.4274999,-122.1697,16.100000381469727,0.011131949209416398,GUIDED
28.794311,POS,37.4274999,-122.1697,16.100000381469727,0.011131949209416398,GUIDED
28.894271000000003,POS,37.4274999,-122.1697,16.100000381469727,0.011131949209416398,GUIDED
28.994231,POS,37.4274999,-122.1697,16.100000381469727,0.011131949209416398,GUIDED
29.094191000000002,POS,37.4274999,-122.1697,16.100000381469727,0.011131949209416398,GUIDED
29.194983999999998,POS,37.4274999,-122.1697,16.100000381469727,0.011131949209416398,GUIDED
29.294944,POS,37.4274999,-122.1697,16.100000381469727,0.011131949209416398,GUIDED
29.394903999999997,POS,37.4274999,-122.1697,16.100000381469727,0.011131949209416398,GUIDED
29.494864,POS,37.4274999,-122.1697,16.100000381469727,0.011131949209416398,GUIDED
29.594824000000003,POS,37.4274999,-122.1697,16.100000381469727,0.011131949209416398,GUIDED
29.694784,POS,37.4274999,-122.1697,16.100000381469727,0.011131949209416398,GUIDED
29.794744,POS,37.4274999,-122.1697,16.100000381469727,0.011131949209416398,GUIDED
29.894703999999997,POS,37.4274999,-122.1697,16.100000381469727,0.011131949209416398,GUIDED
29.994664,POS,37.4274999,-122.1697,16.100000381469727,0.011131949209416398,GUIDED
30.094623999999996,POS,37.4274999,-122.1697,16.100000381469727,0.011131949209416398,GUIDED
30.194584,POS,37.4274999,-122.1697,16.100000381469727,0.011131949209416398,GUIDED
30.294543999999995,POS,37.4274999,-122.1697,16.100000381469727,0.011131949209416398,GUIDED
30.394503999999998,POS,37.4274999,-122.1697,16.100000381469727,0.011131949209416398,GUIDED
30.494464,POS,37.4274999,-122.1697,16.100000381469727,0.011131949209416398,GUIDED
30.594423999999997,POS,37.4274999,-122.1697,16.100000381469727,0.011131949209416398,GUIDED
30.694384,POS,37.4274999,-122.1697,16.100000381469727,0.011131949209416398,GUIDED
30.794343999999995,POS,37.4274999,-122.1697,16.100000381469727,0.011131949209416398,GUIDED
30.894303999999998,POS,37.4274999,-122.1697,16.100000381469727,0.011131949209416398,GUIDED
30.994264,POS,37.4274999,-122.1697,16.100000381469727,0.011131949209416398,GUIDED
31.094223999999997,POS,37.4274999,-122.1697,16.100000381469727,0.011131949209416398,GUIDED
31.194184,POS,37.4274999,-122.1697,16.100000381469727,0.011131949209416398,GUIDED
31.294976999999996,POS,37.4274999,-122.1697,16.100000381469727,0.011131949209416398,GUIDED
31.394937,POS,37.4274999,-122.1697,16.100000381469727,0.011131949209416398,GUIDED
31.494896999999995,POS,37.4274999,-122.1697,16.100000381469727,0.011131949209416398,GUIDED
31.594856999999998,POS,37.4274999,-122.1697,16.100000381469727,0.011131949209416398,GUIDED
31.694817,POS,37.4274999,-122.1697,16.100000381469727,0.011131949209416398,GUIDED
31.794776999999996,POS,37.4274999,-122.1697,16.100000381469727,0.011131949209416398,GUIDED
31.894737,POS,37.4274999,-122.1697,16.100000381469727,0.011131949209416398,GUIDED
31.994696999999995,POS,37.4274999,-122.1697,16.100000381469727,0.011131949209416398,GUIDED
32.094657,POS,37.4274999,-122.1697,16.100000381469727,0.011131949209416398,GUIDED
32.194617,POS,37.4274999,-122.1697,16.100000381469727,0.011131949209416398,GUIDED
32.294577,POS,37.4274999,-122.1697,16.100000381469727,0.011131949209416398,GUIDED
32.394537,POS,37.4274999,-122.1697,16.100000381469727,0.011131949209416398,GUIDED
32.494496999999996,POS,37.4274999,-122.1697,16.100000381469727,0.011131949209416398,GUIDED
32.594457,POS,37.4274999,-122.1697,16.100000381469727,0.011131949209416398,GUIDED
32.694417,POS,37.4274999,-122.1697,16.100000381469727,0.011131949209416398,GUIDED
32.794377,POS,37.4274999,-122.1697,16.100000381469727,0.011131949209416398,GUIDED
32.894337,POS,37.4274999,-122.1697,16.100000381469727,0.011131949209416398,GUIDED
32.994296999999996,POS,37.4274999,-122.1697,16.100000381469727,0.011131949209416398,GUIDED
33.094257,POS,37.4274999,-122.1697,16.100000381469727,0.011131949209416398,GUIDED
33.194216999999995,POS,37.4274999,-122.1697,16.100000381469727,0.011131949209416398,GUIDED
33.294177,POS,37.4274999,-122.1697,16.100000381469727,0.011131949209416398,GUIDED
33.39497,POS,37.4274999,-122.1697,16.100000381469727,0.011131949209416398,GUIDED
33.49493,POS,37.4274999,-122.1697,16.100000381469727,0.011131949209416398,GUIDED
33.59489,POS,37.4274999,-122.1697,16.100000381469727,0.011131949209416398,GUIDED
33.694849999999995,POS,37.4274999,-122.1697,16.100000381469727,0.011131949209416398,GUIDED
33.79481,POS,37.4274999,-122.1697,16.100000381469727,0.011131949209416398,GUIDED
33.89477,POS,37.4274999,-122.1697,16.100000381469727,0.011131949209416398,GUIDED
33.99473,POS,37.4274999,-122.1697,16.100000381469727,0.011131949209416398,GUIDED
34.09469,POS,37.4274999,-122.1697,16.100000381469727,0.011131949209416398,GUIDED
34.194649999999996,POS,37.4274999,-122.1697,16.100000381469727,0.011131949209416398,GUIDED
34.29461,POS,37.4274999,-122.1697,16.100000381469727,0.011131949209416398,GUIDED
34.39457,POS,37.4274999,-122.1697,16.100000381469727,0.011131949209416398,GUIDED
34.49453,POS,37.4274999,-122.1697,16.100000381469727,0.011131949209416398,GUIDED
34.59449,POS,37.4274999,-122.1697,16.100000381469727,0.011131949209416398,GUIDED
34.694449999999996,POS,37.4274999,-122.1697,16.100000381469727,0.011131949209416398,GUIDED
34.79441,POS,37.4274999,-122.1697,16.100000381469727,0.011131949209416398,GUIDED
34.894369999999995,POS,37.4274999,-122.1697,16.100000381469727,0.011131949209416398,GUIDED
34.99433,POS,37.4274999,-122.1697,16.100000381469727,0.011131949209416398,GUIDED
35.09429,POS,37.4274999,-122.1697,16.100000381469727,0.011131949209416398,GUIDED
35.19425,POS,37.4274999,-122.1697,16.100000381469727,0.011131949209416398,GUIDED
35.29421,POS,37.4274999,-122.1697,16.100000381469727,0.011131949209416398,GUIDED
35.394169999999995,POS,37.4274999,-122.1697,16.100000381469727,0.011131949209416398,GUIDED
35.494963,POS,37.4274999,-122.1697,16.100000381469727,0.011131949209416398,GUIDED
35.594923,POS,37.4274999,-122.1697,16.100000381469727,0.011131949209416398,GUIDED
35.694883,POS,37.4274999,-122.1697,16.100000381469727,0.011131949209416398,GUIDED
35.794843,POS,37.4274999,-122.1697,16.100000381469727,0.011131949209416398,GUIDED
35.894802999999996,POS,37.4274999,-122.1697,16.100000381469727,0.011131949209416398,GUIDED
35.994763,POS,37.4274999,-122.1697,16.100000381469727,0.011131949209416398,GUIDED
36.094722999999995,POS,37.4274999,-122.1697,16.100000381469727,0.011131949209416398,GUIDED
36.194683,POS,37.4274999,-122.1697,16.100000381469727,0.011131949209416398,GUIDED
36.294643,POS,37.4274999,-122.1697,16.100000381469727,0.011131949209416398,GUIDED
36.394603,POS,37.4274999,-122.1697,16.100000381469727,0.011131949209416398,GUIDED
36.494563,POS,37.4274999,-122.1697,16.100000381469727,0.011131949209416398,GUIDED
36.594522999999995,POS,37.4274999,-122.1697,16.100000381469727,0.011131949209416398,GUIDED
36.694483,POS,37.4274999,-122.1697,16.100000381469727,0.011131949209416398,GUIDED
36.794443,POS,37.4274999,-122.1697,16.100000381469727,0.011131949209416398,GUIDED
36.894403,POS,37.4274999,-122.1697,16.100000381469727,0.011131949209416398,GUIDED
36.994363,POS,37.4274999,-122.1697,16.100000381469727,0.011131949209416398,GUIDED
37.094322999999996,POS,37.4274999,-122.1697,16.100000381469727,0.011131949209416398,GUIDED
37.194283,POS,37.4274999,-122.1697,16.100000381469727,0.011131949209416398,GUIDED
37.294243,POS,37.4274999,-122.1697,16.100000381469727,0.011131949209416398,GUIDED
37.394203,POS,37.4274999,-122.1697,16.100000381469727,0.011131949209416398,GUIDED
37.494996,POS,37.4274999,-122.1697,16.100000381469727,0.011131949209416398,GUIDED
37.594955999999996,POS,37.4274999,-122.1697,16.100000381469727,0.011131949209416398,GUIDED
37.694916,POS,37.4274999,-122.1697,16.100000381469727,0.011131949209416398,GUIDED
37.794875999999995,POS,37.4274999,-122.1697,16.100000381469727,0.011131949209416398,GUIDED
37.894836,POS,37.4274999,-122.1697,16.100000381469727,0.011131949209416398,GUIDED
37.994796,POS,37.4274999,-122.1697,16.100000381469727,0.011131949209416398,GUIDED
38.094756,POS,37.4274999,-122.1697,16.100000381469727,0.011131949209416398,GUIDED
38.194716,POS,37.4274999,-122.1697,16.100000381469727,0.011131949209416398,GUIDED
38.294675999999995,POS,37.4274999,-122.1697,16.100000381469727,0.011131949209416398,GUIDED
38.394636,POS,37.4274999,-122.1697,16.100000381469727,0.011131949209416398,GUIDED
38.494596,POS,37.4274999,-122.1697,16.100000381469727,0.011131949209416398,GUIDED
38.594556,POS,37.4274999,-122.1697,16.100000381469727,0.011131949209416398,GUIDED
38.694516,POS,37.4274999,-122.1697,16.100000381469727,0.011131949209416398,GUIDED
38.794475999999996,POS,37.4274999,-122.1697,16.100000381469727,0.011131949209416398,GUIDED
38.894436,POS,37.4274999,-122.1697,16.100000381469727,0.011131949209416398,GUIDED
38.994395999999995,POS,37.4274999,-122.1697,16.100000381469727,0.011131949209416398,GUIDED
39.094356,POS,37.4274999,-122.1697,16.100000381469727,0.011131949209416398,GUIDED
39.194316,POS,37.4274999,-122.1697,16.06999969482422,0.011131949209416398,GUIDED
39.294275999999996,POS,37.4274999,-122.1697,16.06999969482422,0.011131949209416398,GUIDED
39.394236,POS,37.4274999,-122.1697,16.06999969482422,0.011131949209416398,GUIDED
39.494195999999995,POS,37.4274999,-122.1697,16.06999969482422,0.011131949209416398,GUIDED
39.594989,POS,37.4274999,-122.1697,16.06999969482422,0.011131949209416398,GUIDED
39.694949,POS,37.4274999,-122.1697,16.06999969482422,0.011131949209416398,GUIDED
39.794909,POS,37.4274999,-122.1697,16.06999969482422,0.011131949209416398,GUIDED
39.894869,POS,37.4274999,-122.1697,16.06999969482422,0.011131949209416398,GUIDED
39.994828999999996,POS,37.4274999,-122.1697,16.06999969482422,0.011131949209416398,GUIDED
40.094789,POS,37.4274999,-122.1697,16.06999969482422,0.011131949209416398,GUIDED
40.194749,POS,37.4274999,-122.1697,16.06999969482422,0.011131949209416398,GUIDED
40.294709,POS,37.4274999,-122.1697,16.06999969482422,0.011131949209416398,GUIDED
40.394669,POS,37.4274999,-122.1697,16.06999969482422,0.011131949209416398,GUIDED
40.494628999999996,POS,37.4274999,-122.1697,16.06999969482422,0.011131949209416398,GUIDED
40.594589,POS,37.4274999,-122.1697,16.06999969482422,0.011131949209416398,GUIDED
40.694548999999995,POS,37.4274999,-122.1697,16.06999969482422,0.011131949209416398,GUIDED
40.794509,POS,37.4274999,-122.1697,16.06999969482422,0.011131949209416398,GUIDED
40.894469,POS,37.4274999,-122.1697,16.06999969482422,0.011131949209416398,GUIDED
40.994429,POS,37.4274999,-122.1697,16.06999969482422,0.011131949209416398,GUIDED
41.094389,POS,37.4274999,-122.1697,16.06999969482422,0.011131949209416398,GUIDED
41.194348999999995,POS,37.4274999,-122.1697,16.06999969482422,0.011131949209416398,GUIDED
41.294309,POS,37.4274999,-122.1697,16.06999969482422,0.011131949209416398,GUIDED
41.394269,POS,37.4274999,-122.1697,16.06999969482422,0.011131949209416398,GUIDED
41.494229,POS,37.4274999,-122.1697,16.06999969482422,0.011131949209416398,GUIDED
41.594189,POS,37.4274999,-122.1697,16.06999969482422,0.011131949209416398,GUIDED
41.694981999999996,POS,37.4274999,-122.1697,16.06999969482422,0.011131949209416398,GUIDED
41.794942,POS,37.4274999,-122.1697,16.06999969482422,0.011131949209416398,GUIDED
41.894901999999995,POS,37.4274999,-122.1697001,16.06999969482422,0.01421507314541867,GUIDED
41.994862,POS,37.4274999,-122.1697001,16.06999969482422,0.01421507314541867,GUIDED
42.094822,POS,37.4274999,-122.1697001,16.06999969482422,0.01421507314541867,GUIDED
42.194782,POS,37.4274999,-122.1697001,16.06999969482422,0.01421507314541867,GUIDED
42.294742,POS,37.4274999,-122.1697001,16.06999969482422,0.01421507314541867,GUIDED
42.394701999999995,POS,37.4274999,-122.1697001,16.06999969482422,0.01421507314541867,GUIDED
42.494662,POS,37.4274999,-122.1697001,16.06999969482422,0.01421507314541867,GUIDED
42.594622,POS,37.4274999,-122.1697001,16.06999969482422,0.01421507314541867,GUIDED
42.694582,POS,37.4274998,-122.1697001,16.06999969482422,0.023954731980071642,GUIDED
42.794542,POS,37.4274998,-122.1697001,16.06999969482422,0.023954731980071642,GUIDED
42.894501999999996,POS,37.4274998,-122.1697001,16.06999969482422,0.023954731980071642,GUIDED
42.994462,POS,37.4274998,-122.1697001,16.06999969482422,0.023954731980071642,GUIDED
43.094422,POS,37.4274998,-122.1697001,16.06999969482422,0.023954731980071642,GUIDED
43.194382,POS,37.4274998,-122.1697001,16.06999969482422,0.023954731980071642,GUIDED
43.294342,POS,37.4274998,-122.1697001,16.06999969482422,0.023954731980071642,GUIDED
43.394301999999996,POS,37.4274998,-122.1697001,16.06999969482422,0.023954731980071642,GUIDED
43.494262,POS,37.4274998,-122.1697001,16.06999969482422,0.023954731980071642,GUIDED
43.594221999999995,POS,37.4274998,-122.1697001,16.06999969482422,0.023954731980071642,GUIDED
43.694182,POS,37.4274998,-122.1697001,16.06999969482422,0.023954731980071642,GUIDED
43.794975,POS,37.4274998,-122.1697001,16.06999969482422,0.023954731980071642,GUIDED
43.894935,POS,37.4274998,-122.1697001,16.06999969482422,0.023954731980071642,GUIDED
43.994895,POS,37.4274998,-122.1697001,16.06999969482422,0.023954731980071642,GUIDED
44.094854999999995,POS,37.4274998,-122.1697001,16.06999969482422,0.023954731980071642,GUIDED
44.194815,POS,37.4274998,-122.1697001,16.06999969482422,0.023954731980071642,GUIDED
44.294775,POS,37.4274998,-122.1697001,16.06999969482422,0.023954731980071642,GUIDED
44.394735,POS,37.4274998,-122.1697001,16.06999969482422,0.023954731980071642,GUIDED
44.494695,POS,37.4274998,-122.1697001,16.06999969482422,0.023954731980071642,GUIDED
44.594654999999996,POS,37.4274998,-122.1697001,16.06999969482422,0.023954731980071642,GUIDED
44.694615,POS,37.4274998,-122.1697001,16.06999969482422,0.023954731980071642,GUIDED
44.794574999999995,POS,37.4274999,-122.1697001,16.06999969482422,0.01421507314541867,GUIDED
44.894535,POS,37.4274998,-122.1697001,16.06999969482422,0.023954731980071642,GUIDED
44.994495,POS,37.4274999,-122.1697001,16.06999969482422,0.01421507314541867,GUIDED
45.094454999999996,POS,37.4274999,-122.1697001,16.06999969482422,0.01421507314541867,GUIDED
45.194415,POS,37.4274999,-122.1697001,16.06999969482422,0.01421507314541867,GUIDED
45.294374999999995,POS,37.4274999,-122.1697001,16.06999969482422,0.01421507314541867,GUIDED
45.394335,POS,37.4274999,-122.1697001,16.06999969482422,0.01421507314541867,GUIDED
45.494295,POS,37.4274999,-122.1697001,16.06999969482422,0.01421507314541867,GUIDED
45.594255,POS,37.4274999,-122.1697001,16.06999969482422,0.01421507314541867,GUIDED
45.694215,POS,37.4274999,-122.1697001,16.06999969482422,0.01421507314541867,GUIDED
45.794174999999996,POS,37.4274999,-122.1697001,16.06999969482422,0.01421507314541867,GUIDED
45.894968,POS,37.4274999,-122.1697001,16.06999969482422,0.01421507314541867,GUIDED
45.994928,POS,37.4274999,-122.1697001,16.06999969482422,0.01421507314541867,GUIDED
46.094888,POS,37.4274999,-122.1697001,16.06999969482422,0.01421507314541867,GUIDED
46.194848,POS,37.4274999,-122.1697001,16.06999969482422,0.01421507314541867,GUIDED
46.294807999999996,POS,37.4274999,-122.1697001,16.06999969482422,0.01421507314541867,GUIDED
46.394768,POS,37.4274999,-122.1697001,16.06999969482422,0.01421507314541867,GUIDED
46.494727999999995,POS,37.4274999,-122.1697001,16.06999969482422,0.01421507314541867,GUIDED
46.594688,POS,37.4274999,-122.1697001,16.06999969482422,0.01421507314541867,GUIDED
46.694648,POS,37.4274999,-122.1697001,16.06999969482422,0.01421507314541867,GUIDED
46.794608,POS,37.4274999,-122.1697001,16.06999969482422,0.01421507314541867,GUIDED
46.894568,POS,37.4274999,-122.1697001,16.06999969482422,0.01421507314541867,GUIDED
46.994527999999995,POS,37.4274999,-122.1697001,16.06999969482422,0.01421507314541867,GUIDED
47.094488,POS,37.4274999,-122.1697001,16.06999969482422,0.01421507314541867,GUIDED
47.194448,POS,37.4274999,-122.1697001,16.06999969482422,0.01421507314541867,GUIDED
47.294408,POS,37.4274999,-122.1697001,16.06999969482422,0.01421507314541867,GUIDED
47.394368,POS,37.4274999,-122.1697001,16.06999969482422,0.01421507314541867,GUIDED
47.494327999999996,POS,37.4274999,-122.1697001,16.06999969482422,0.01421507314541867,GUIDED
47.594288,POS,37.4274999,-122.1697001,16.06999969482422,0.01421507314541867,GUIDED
47.694247999999995,POS,37.4274999,-122.1697001,16.06999969482422,0.01421507314541867,GUIDED
47.794208,POS,37.4274999,-122.1697001,16.06999969482422,0.01421507314541867,GUIDED
47.894168,POS,37.4274999,-122.1697001,16.06999969482422,0.01421507314541867,GUIDED
47.994960999999996,POS,37.4274999,-122.1697001,16.06999969482422,0.01421507314541867,GUIDED
48.094921,POS,37.4274999,-122.1697001,16.06999969482422,0.01421507314541867,GUIDED
48.194880999999995,POS,37.4274999,-122.1697001,16.06999969482422,0.01421507314541867,GUIDED
48.294841,POS,37.4274999,-122.1697001,16.06999969482422,0.01421507314541867,GUIDED
48.394801,POS,37.4274999,-122.1697001,16.06999969482422,0.01421507314541867,GUIDED
48.494761,POS,37.4274999,-122.1697001,16.06999969482422,0.01421507314541867,GUIDED
48.594721,POS,37.4274999,-122.1697001,16.06999969482422,0.01421507314541867,GUIDED
48.694680999999996,POS,37.4274999,-122.1697001,16.06999969482422,0.01421507314541867,GUIDED
48.794641,POS,37.4274999,-122.1697001,16.06999969482422,0.01421507314541867,GUIDED
48.894601,POS,37.4274999,-122.1697001,16.06999969482422,0.01421507314541867,GUIDED
48.994561,POS,37.4274999,-122.1697001,16.06999969482422,0.01421507314541867,GUIDED
49.094521,POS,37.4274999,-122.1697001,16.06999969482422,0.01421507314541867,GUIDED
49.194480999999996,POS,37.4274999,-122.1697001,16.09000015258789,0.01421507314541867,GUIDED
49.294441,POS,37.4274999,-122.1697001,16.100000381469727,0.01421507314541867,GUIDED
49.394400999999995,POS,37.4274999,-122.1697001,16.1299991607666,0.01421507314541867,GUIDED
49.494361,POS,37.4274999,-122.1697001,16.149999618530273,0.01421507314541867,GUIDED
49.594321,POS,37.4274999,-122.1697001,16.190000534057617,0.01421507314541867,GUIDED
49.694281,POS,37.4274999,-122.1697,16.239999771118164,0.011131949209416398,GUIDED
49.794241,POS,37.4274999,-122.1697,16.350000381469727,0.011131949209416398,GUIDED
49.894200999999995,POS,37.4274999,-122.1697,16.469999313354492,0.011131949209416398,GUIDED
49.994994,POS,37.4274999,-122.1697,16.579999923706055,0.011131949209416398,GUIDED
50.094954,POS,37.4274999,-122.1696999,16.690000534057617,0.014215073926666955,GUIDED
50.194914,POS,37.4274999,-122.1696999,16.799999237060547,0.014215073926666955,GUIDED
50.294874,POS,37.4274999,-122.1696998,16.920000076293945,0.020892878761370796,GUIDED
50.394833999999996,POS,37.4274999,-122.1696997,17.049999237060547,0.028761997990825246,GUIDED
50.494794,POS,37.4274999,-122.1696996,17.19999885559082,0.037071399382088026,GUIDED
50.594753999999995,POS,37.4274999,-122.1696995,17.350000381469727,0.045580927037309024,GUIDED
50.694714,POS,37.4274999,-122.1696994,17.520000457763672,0.054196393799106596,GUIDED
50.794674,POS,37.4274999,-122.1696993,17.690000534057617,0.06287426591803949,GUIDED
50.894633999999996,POS,37.4274999,-122.1696992,17.869998931884766,0.07159185518606168,GUIDED
50.994594,POS,37.4274999,-122.1696991,18.06999969482422,0.08033623099456333,GUIDED
51.094553999999995,POS,37.4274999,-122.169699,18.270000457763672,0.08909950918276059,GUIDED
51.194514,POS,37.4274999,-122.1696989,18.489999771118164,0.09787661051325774,GUIDED
51.294474,POS,37.4274999,-122.1696989,18.719999313354492,0.09787661051325774,GUIDED
51.394434,POS,37.4274999,-122.1696988,18.94999885559082,0.10666412357103128,GUIDED
51.494394,POS,37.4274999,-122.1696987,19.19999885559082,0.11545967235441432,GUIDED
51.594353999999996,POS,37.4274999,-122.1696986,19.44999885559082,0.12426154827349566,GUIDED
51.694314,POS,37.4274999,-122.1696985,19.69999885559082,0.13306849805376955,GUIDED
51.794274,POS,37.4274999,-122.1696984,19.959999084472656,0.14187957457276565,GUIDED
51.894234,POS,37.4274999,-122.1696983,20.209999084472656,0.15069405624594512,GUIDED
51.994194,POS,37.4275,-122.1696982,20.469999313354492,0.1591224648973945,GUIDED
52.094986999999996,POS,37.4275,-122.1696981,20.729999542236328,0.16796260127780133,GUIDED
52.194947,POS,37.4275,-122.169698,20.989999771118164,0.17680273891446713,GUIDED
52.294906999999995,POS,37.4275,-122.1696979,21.239999771118164,0.18564287529487392,GUIDED
52.394867,POS,37.4275,-122.1696978,21.5,0.19448301293153972,GUIDED
52.494827,POS,37.4275,-122.1696978,21.75,0.19448301293153972,GUIDED
52.594787,POS,37.4275,-122.1696977,22.010000228881836,0.20332314931194653,GUIDED
52.694747,POS,37.4275,-122.1696976,22.260000228881836,0.21216328569235335,GUIDED
52.794706999999995,POS,37.4275,-122.1696976,22.510000228881836,0.21216328569235335,GUIDED
52.894667,POS,37.4275,-122.1696975,22.760000228881836,0.22100342332901912,GUIDED
52.994627,POS,37.4275,-122.1696974,23.010000228881836,0.22984355970942594,GUIDED
53.094587,POS,37.4275,-122.1696974,23.260000228881836,0.22984355970942594,GUIDED
53.194547,POS,37.4275,-122.1696973,23.510000228881836,0.2386836973460917,GUIDED
53.294506999999996,POS,37.4275,-122.1696973,23.760000228881836,0.2386836973460917,GUIDED
53.394467,POS,37.4275,-122.1696973,24.010000228881836,0.2386836973460917,GUIDED
53.494426999999995,POS,37.4275,-122.1696973,24.260000228881836,0.2386836973460917,GUIDED
53.594387,POS,37.4275,-122.1696972,24.5,0.24752383372649855,GUIDED
53.694347,POS,37.4275,-122.1696972,24.75,0.24752383372649855,GUIDED
53.794306999999996,POS,37.4275,-122.1696972,25.0,0.24752383372649855,GUIDED
53.894267,POS,37.4275,-122.1696972,25.25,0.24752383372649855,GUIDED
53.994226999999995,POS,37.4275,-122.1696972,25.5,0.24752383372649855,GUIDED
54.094187,POS,37.4275,-122.1696972,25.739999771118164,0.24752383372649855,GUIDED
54.19498,POS,37.4275,-122.1696972,25.989999771118164,0.24752383372649855,GUIDED
54.29494,POS,37.4275,-122.1696972,26.239999771118164,0.24752383372649855,GUIDED
54.3949,POS,37.4275,-122.1696972,26.479999542236328,0.24752383372649855,GUIDED
54.494859999999996,POS,37.4275,-122.1696972,26.739999771118164,0.24752383372649855,GUIDED
54.59482,POS,37.4275,-122.1696972,26.979999542236328,0.24752383372649855,GUIDED
54.69478,POS,37.4275,-122.1696972,27.229999542236328,0.24752383372649855,GUIDED
54.79474,POS,37.4275,-122.1696972,27.479999542236328,0.24752383372649855,GUIDED
54.8947,POS,37.4275,-122.1696972,27.729999542236328,0.24752383372649855,GUIDED
54.994659999999996,POS,37.4275,-122.1696972,27.979999542236328,0.24752383372649855,GUIDED
55.09462,POS,37.4275,-122.1696972,28.229999542236328,0.24752383372649855,GUIDED
55.194579999999995,POS,37.4275,-122.1696972,28.479999542236328,0.24752383372649855,GUIDED
55.29454,POS,37.4275,-122.1696972,28.729999542236328,0.24752383372649855,GUIDED
55.3945,POS,37.4275,-122.1696972,28.979999542236328,0.24752383372649855,GUIDED
55.49446,POS,37.4275,-122.1696973,29.229999542236328,0.2386836973460917,GUIDED
55.59442,POS,37.4275,-122.1696973,29.469999313354492,0.2386836973460917,GUIDED
55.694379999999995,POS,37.4275,-122.1696973,29.729999542236328,0.2386836973460917,GUIDED
55.79434,POS,37.4275,-122.1696973,29.969999313354492,0.2386836973460917,GUIDED
55.8943,POS,37.4275,-122.1696973,30.219999313354492,0.2386836973460917,GUIDED
55.99426,POS,37.4275,-122.1696973,30.469999313354492,0.2386836973460917,GUIDED
56.09422,POS,37.4275,-122.1696973,30.719999313354492,0.2386836973460917,GUIDED
56.194179999999996,POS,37.4275,-122.1696973,30.959999084472656,0.2386836973460917,GUIDED
56.294973,POS,37.4275,-122.1696973,31.189998626708984,0.2386836973460917,GUIDED
56.394932999999995,POS,37.4275,-122.1696973,31.420000076293945,0.2386836973460917,GUIDED
56.494893,POS,37.4275,-122.1696974,31.649999618530273,0.22984355970942594,GUIDED
56.594853,POS,37.4275,-122.1696973,31.869998931884766,0.2386836973460917,GUIDED
56.694812999999996,POS,37.4275,-122.1696973,32.09000015258789,0.2386836973460917,GUIDED
56.794773,POS,37.4275,-122.1696973,32.29999923706055,0.2386836973460917,GUIDED
56.894732999999995,POS,37.4275,-122.1696973,32.5,0.2386836973460917,GUIDED
56.994693,POS,37.4275,-122.1696973,32.70000076293945,0.2386836973460917,GUIDED
57.094653,POS,37.4275,-122.1696973,32.88999938964844,0.2386836973460917,GUIDED
57.194613,POS,37.4275,-122.1696973,33.07999801635742,0.2386836973460917,GUIDED
57.294573,POS,37.4275,-122.1696973,33.2599983215332,0.2386836973460917,GUIDED
57.394532999999996,POS,37.4275,-122.1696973,33.43000030517578,0.2386836973460917,GUIDED
57.494493,POS,37.4275,-122.1696973,33.599998474121094,0.2386836973460917,GUIDED
57.594453,POS,37.4275,-122.1696973,33.77000045776367,0.2386836973460917,GUIDED
57.694413,POS,37.4275,-122.1696973,33.93000030517578,0.2386836973460917,GUIDED
57.794373,POS,37.4275,-122.1696973,34.07999801635742,0.2386836973460917,GUIDED
57.894332999999996,POS,37.4275,-122.1696973,34.22999954223633,0.2386836973460917,GUIDED
57.994293,POS,37.4275,-122.1696974,34.369998931884766,0.22984355970942594,GUIDED
58.094252999999995,POS,37.4275,-122.1696974,34.5099983215332,0.22984355970942594,GUIDED
58.194213,POS,37.4275,-122.1696974,34.63999938964844,0.22984355970942594,GUIDED
58.294173,POS,37.4275001,-122.1696974,34.77000045776367,0.23011297695379385,GUIDED
58.394966,POS,37.4275001,-122.1696974,34.88999938964844,0.23011297695379385,GUIDED
58.494926,POS,37.4275001,-122.1696974,35.0099983215332,0.23011297695379385,GUIDED
58.594885999999995,POS,37.4275001,-122.1696974,35.119998931884766,0.23011297695379385,GUIDED
58.694846,POS,37.4275001,-122.1696974,35.21999740600586,0.23011297695379385,GUIDED
58.794806,POS,37.4275001,-122.1696975,35.31999969482422,0.22128360389126459,GUIDED
58.894766,POS,37.4275001,-122.1696975,35.40999984741211,0.22128360389126459,GUIDED
58.994726,POS,37.4275001,-122.1696974,35.5,0.23011297695379385,GUIDED
59.094685999999996,POS,37.4275001,-122.1696973,35.56999969482422,0.23894314720431958,GUIDED
59.194646,POS,37.4275001,-122.1696969,35.63999938964844,0.27427024616310386,GUIDED
59.294605999999995,POS,37.4275002,-122.1696961,35.689998626708984,0.3454834592537472,GUIDED
59.394566,POS,37.4275002,-122.1696949,35.72999954223633,0.4513963698452189,GUIDED
59.494526,POS,37.4275002,-122.1696932,35.77000045776367,0.6015414598122002,GUIDED
59.594485999999996,POS,37.4275002,-122.1696911,35.790000915527344,0.7870871308237435,GUIDED
59.694446,POS,37.4275002,-122.1696886,35.79999923706055,1.0080215046478993,GUIDED
59.794405999999995,POS,37.4275002,-122.1696856,35.79999923706055,1.27317439208257,GUIDED
59.894366,POS,37.4275002,-122.1696821,35.79999923706055,1.5825411211925668,GUIDED
59.994326,POS,37.4275003,-122.1696782,35.79999923706055,1.9274391802969988,GUIDED
60.094286,POS,37.4275003,-122.1696739,35.79999923706055,2.3075174031277697,GUIDED
60.194246,POS,37.4275003,-122.1696691,35.790000915527344,2.731806436151477,GUIDED
60.294205999999996,POS,37.4275003,-122.1696638,35.779998779296875,3.2003038053519273,GUIDED
60.394999,POS,37.4275003,-122.1696581,35.779998779296875,3.704167903154516,GUIDED
60.494959,POS,37.4275003,-122.1696519,35.77000045776367,4.252236985676601,GUIDED
60.594919,POS,37.4275003,-122.1696452,35.7599983215332,4.844510123688109,GUIDED
60.694879,POS,37.4275002,-122.169638,35.7599983215332,5.480930092795161,GUIDED
60.794838999999996,POS,37.4275002,-122.1696303,35.7599983215332,6.1616156391809405,GUIDED
60.894799,POS,37.4275002,-122.1696223,35.7599983215332,6.868822448738802,GUIDED
60.994758999999995,POS,37.4275001,-122.169614,35.75,7.60252588427194,GUIDED
61.094719,POS,37.4275001,-122.1696056,35.75,8.34509665849272,GUIDED
61.194679,POS,37.4275,-122.169597,35.75,9.105341013266184,GUIDED
61.294639,POS,37.4275,-122.1695883,35.75,9.874432923586777,GUIDED
61.394599,POS,37.4275,-122.1695795,35.75,10.652364971544014,GUIDED
61.494558999999995,POS,37.4274999,-122.1695706,35.75,11.439142580025422,GUIDED
61.594519,POS,37.4274999,-122.1695617,35.75,12.225914416321118,GUIDED
61.694479,POS,37.4274999,-122.1695528,35.75,13.012686294766892,GUIDED
61.794439,POS,37.4274999,-122.1695438,35.75,13.808298342921233,GUIDED
61.89439899999999,POS,37.4274999,-122.1695348,35.75,14.603910420968523,GUIDED
61.994359,POS,37.4274999,-122.1695258,35.75,15.399522523019257,GUIDED
62.094319,POS,37.4274999,-122.1695168,35.75,16.195134647863174,GUIDED
62.194278999999995,POS,37.4274999,-122.1695077,35.75,16.99958692570849,GUIDED
62.294239000000005,POS,37.4274999,-122.1694987,35.75,17.795199084000707,GUIDED
62.394199,POS,37.4274999,-122.1694897,35.75,18.590811257496952,GUIDED
62.494991999999996,POS,37.4274999,-122.1694806,35.75,19.3952635781533,GUIDED
62.59495199999999,POS,37.4274999,-122.1694714,35.75,20.20855604486452,GUIDED
62.694912,POS,37.4274999,-122.1694622,35.75,21.02184852277991,GUIDED
62.794872,POS,37.4274999,-122.1694529,35.75,21.84398114476955,GUIDED
62.894831999999994,POS,37.4274999,-122.1694437,35.75,22.657273638230375,GUIDED
62.994792000000004,POS,37.4274999,-122.1694344,35.75,23.479406275395995,GUIDED
63.094752,POS,37.4274999,-122.1694251,35.75,24.301538919040407,GUIDED
63.194711999999996,POS,37.4274999,-122.1694158,35.75,25.123671568527577,GUIDED
63.29467199999999,POS,37.4274999,-122.1694066,35.75,25.936964086473463,GUIDED
63.394632,POS,37.4274999,-122.1693973,35.75,26.75909674599889,GUIDED
63.494592,POS,37.4275,-122.169388,35.75,27.58122714501838,GUIDED
63.59455199999999,POS,37.4275,-122.1693787,35.75,28.403359877389153,GUIDED
63.694512,POS,37.4275,-122.1693694,35.75,29.22549260975987,GUIDED
63.794472,POS,37.4275,-122.1693601,35.75,30.047625340874237,GUIDED
63.894431999999995,POS,37.4275,-122.1693508,35.75,30.869758073244803,GUIDED
63.994392000000005,POS,37.4275,-122.1693415,35.75,31.691890805615287,GUIDED
64.094352,POS,37.4275,-122.1693323,35.75,32.5051834016053,GUIDED
64.194312,POS,37.4275001,-122.1693231,35.7599983215332,33.31847783371991,GUIDED
64.29427199999999,POS,37.4275001,-122.1693139,35.7599983215332,34.13177038359896,GUIDED
64.394232,POS,37.4275001,-122.1693048,35.7599983215332,34.936222799614654,GUIDED
64.494192,POS,37.4275001,-122.1692956,35.7599983215332,35.74951535471401,GUIDED
64.594985,POS,37.4275001,-122.1692865,35.7599983215332,36.55396777438731,GUIDED
64.694945,POS,37.4275001,-122.1692774,35.7599983215332,37.35842019570318,GUIDED
64.794905,POS,37.4275001,-122.1692682,35.7599983215332,38.17171275455623,GUIDED
64.894865,POS,37.4275002,-122.1692589,35.7599983215332,38.99385019302797,GUIDED
64.99482499999999,POS,37.4275002,-122.1692496,35.7599983215332,39.815982793061096,GUIDED
65.094785,POS,37.4275002,-122.1692404,35.7599983215332,40.6292752621063,GUIDED
65.194745,POS,37.4275002,-122.1692312,35.7599983215332,41.44256773729818,GUIDED
65.294705,POS,37.4275002,-122.169222,35.7599983215332,42.2558602158418,GUIDED
65.394665,POS,37.4275002,-122.1692127,35.7599983215332,43.07799283517634,GUIDED
65.494625,POS,37.4275002,-122.1692035,35.7599983215332,43.891285323471806,GUIDED
65.594585,POS,37.4275002,-122.1691943,35.77000045776367,44.704577814389836,GUIDED
65.694545,POS,37.4275002,-122.1691851,35.77000045776367,45.51787030897875,GUIDED
65.794505,POS,37.4275002,-122.169176,35.77000045776367,46.32232267295379,GUIDED
65.894465,POS,37.4275002,-122.1691668,35.77000045776367,47.13561517428294,GUIDED
65.99442499999999,POS,37.4275002,-122.1691576,35.77000045776367,47.94890767874365,GUIDED
66.094385,POS,37.4275002,-122.1691485,35.77000045776367,48.75336005073229,GUIDED
66.194345,POS,37.4275002,-122.1691394,35.77000045776367,49.55781242548971,GUIDED
66.294305,POS,37.4275002,-122.1691303,35.77000045776367,50.36226480288323,GUIDED
66.394265,POS,37.4275002,-122.1691213,35.77000045776367,51.15787704725695,GUIDED
66.494225,POS,37.4275002,-122.1691123,35.77000045776367,51.953489293974656,GUIDED
66.594185,POS,37.4275002,-122.1691033,35.77000045776367,52.74910154167398,GUIDED
66.69497799999999,POS,37.4275002,-122.1690943,35.77000045776367,53.544713792767716,GUIDED
66.794938,POS,37.4275002,-122.1690852,35.77000045776367,54.34916618153236,GUIDED
66.894898,POS,37.4275002,-122.1690761,35.77000045776367,55.153618572295436,GUIDED
66.994858,POS,37.4275002,-122.1690669,35.77000045776367,55.966911100639756,GUIDED
67.094818,POS,37.4275002,-122.1690577,35.77000045776367,56.78020363211085,GUIDED
67.194778,POS,37.4275002,-122.1690486,35.77000045776367,57.58465602840899,GUIDED
67.294738,POS,37.4275002,-122.1690395,35.779998779296875,58.38910842638726,GUIDED
67.39469799999999,POS,37.4275002,-122.1690304,35.779998779296875,59.19356082597711,GUIDED
67.494658,POS,37.4275002,-122.1690212,35.779998779296875,60.0068533628737,GUIDED
67.594618,POS,37.4275002,-122.1690121,35.779998779296875,60.811305765511655,GUIDED
67.69457799999999,POS,37.4275002,-122.169003,35.779998779296875,61.61575816957613,GUIDED
67.794538,POS,37.4275002,-122.1689939,35.779998779296875,62.42021057501199,GUIDED
67.894498,POS,37.4275002,-122.1689848,35.779998779296875,63.224662981766876,GUIDED
67.994458,POS,37.4275002,-122.1689757,35.779998779296875,64.02911538979106,GUIDED
68.094418,POS,37.4275002,-122.1689667,35.779998779296875,64.82472766319005,GUIDED
68.194378,POS,37.4275002,-122.1689576,35.779998779296875,65.62918007360068,GUIDED
68.294338,POS,37.4275002,-122.1689485,35.779998779296875,66.4336324851461,GUIDED
68.39429799999999,POS,37.4275002,-122.1689395,35.779998779296875,67.22924476190174,GUIDED
68.494258,POS,37.4275002,-122.1689305,35.779998779296875,68.02485703843372,GUIDED
68.594218,POS,37.4275002,-122.1689216,35.779998779296875,68.81162918005657,GUIDED
68.694178,POS,37.4275002,-122.1689126,35.779998779296875,69.60724145979366,GUIDED
68.794971,POS,37.4275002,-122.1689037,35.779998779296875,70.39401360327832,GUIDED
68.894931,POS,37.4275002,-122.1688947,35.779998779296875,71.18962588483498,GUIDED
68.994891,POS,37.4275002,-122.1688856,35.779998779296875,71.99407830320703,GUIDED
69.09485099999999,POS,37.4275002,-122.1688765,35.779998779296875,72.79853072243863,GUIDED
69.194811,POS,37.4275002,-122.1688674,35.779998779296875,73.60298314250164,GUIDED
69.294771,POS,37.4275001,-122.1688583,35.790000915527344,74.4074331149201,GUIDED
69.394731,POS,37.4275001,-122.1688492,35.790000915527344,75.21188556382302,GUIDED
69.494691,POS,37.4275001,-122.1688401,35.790000915527344,76.01633801291429,GUIDED
69.594651,POS,37.4275001,-122.168831,35.790000915527344,76.82079046218797,GUIDED
69.694611,POS,37.4275001,-122.1688219,35.790000915527344,77.6252429116384,GUIDED
69.794571,POS,37.4275001,-122.1688128,35.790000915527344,78.42969536126006,GUIDED
69.894531,POS,37.4275001,-122.1688037,35.790000915527344,79.23414781104783,GUIDED
69.994491,POS,37.4275001,-122.1687946,35.790000915527344,80.03860026099663,GUIDED
70.09445099999999,POS,37.4275001,-122.1687856,35.790000915527344,80.83421257355484,GUIDED
70.194411,POS,37.4275001,-122.1687765,35.790000915527344,81.63866502380982,GUIDED
70.294371,POS,37.4275001,-122.1687674,35.790000915527344,82.4431174754683,GUIDED
70.394331,POS,37.4275001,-122.1687584,35.790000915527344,83.23872978846185,GUIDED
70.494291,POS,37.4275001,-122.1687494,35.790000915527344,84.03434210284748,GUIDED
70.594251,POS,37.4275001,-122.1687405,35.790000915527344,84.82111427981059,GUIDED
70.694211,POS,37.4275001,-122.1687315,35.790000915527344,85.61672659319888,GUIDED
70.79417099999999,POS,37.4275001,-122.1687225,35.790000915527344,86.4123389079682,GUIDED
70.894964,POS,37.4275001,-122.1687136,35.790000915527344,87.19911108530033,GUIDED
70.994924,POS,37.4275001,-122.1687045,35.790000915527344,88.0035635366115,GUIDED
71.094884,POS,37.4275001,-122.1686955,35.790000915527344,88.79917585173521,GUIDED
71.194844,POS,37.4275001,-122.1686864,35.790000915527344,89.60362830327689,GUIDED
71.294804,POS,37.4275001,-122.1686774,35.790000915527344,90.39924061736625,GUIDED
71.394764,POS,37.4275001,-122.1686683,35.790000915527344,91.20369307038264,GUIDED
71.494724,POS,37.4275001,-122.1686592,35.790000915527344,92.00814552224824,GUIDED
71.594684,POS,37.4275001,-122.1686502,35.790000915527344,92.80375783664957,GUIDED
71.694644,POS,37.4275001,-122.1686411,35.790000915527344,93.60821028871693,GUIDED
71.79460399999999,POS,37.4275001,-122.1686321,35.790000915527344,94.40382260456894,GUIDED
71.894564,POS,37.4275001,-122.1686232,35.790000915527344,95.19059478294383,GUIDED
71.994524,POS,37.4275001,-122.1686145,35.790000915527344,95.95968668752141,GUIDED
72.094484,POS,37.4275001,-122.1686063,35.790000915527344,96.68457790934657,GUIDED
72.194444,POS,37.4275001,-122.1685984,35.790000915527344,97.38294871978123,GUIDED
72.294404,POS,37.4275001,-122.1685911,35.790000915527344,98.02827870860811,GUIDED
72.394364,POS,37.4275001,-122.1685842,35.790000915527344,98.63824815096109,GUIDED
72.49432399999999,POS,37.4275001,-122.1685778,35.790000915527344,99.20401690925584,GUIDED
72.594284,POS,37.4275001,-122.1685719,35.790000915527344,99.72558498222591,GUIDED
72.694244,POS,37.4275001,-122.1685664,35.790000915527344,100.21179250869432,GUIDED
72.794204,POS,37.4275,-122.1685614,35.790000915527344,100.65379880272421,GUIDED
72.894997,POS,37.4275,-122.1685568,35.79999923706055,101.06044510008438,GUIDED
72.994957,POS,37.4275,-122.1685527,35.79999923706055,101.4228907130308,GUIDED
73.094917,POS,37.4274999,-122.168549,35.79999923706055,101.74997645610038,GUIDED
73.19487699999999,POS,37.4274999,-122.1685458,35.79999923706055,102.03286083510011,GUIDED
73.294837,POS,37.4274998,-122.168543,35.79999923706055,102.28038655318888,GUIDED
73.394797,POS,37.4274998,-122.1685406,35.79999923706055,102.49254983414458,GUIDED
73.49475699999999,POS,37.4274998,-122.1685387,35.79999923706055,102.66051243168725,GUIDED
73.594717,POS,37.4274997,-122.1685372,35.79999923706055,102.79311756447096,GUIDED
73.694677,POS,37.4274997,-122.1685361,35.79999923706055,102.89035906600263,GUIDED
73.794637,POS,37.4274997,-122.1685351,35.80999755859375,102.97876043035461,GUIDED
73.894597,POS,37.4274996,-122.1685344,35.80999755859375,103.0406456636972,GUIDED
73.994557,POS,37.4274996,-122.1685338,35.80999755859375,103.09368647968289,GUIDED
74.094517,POS,37.4274996,-122.1685332,35.80999755859375,103.1467272969299,GUIDED
74.19447699999999,POS,37.4274996,-122.1685328,35.80999755859375,103.18208784176409,GUIDED
74.294437,POS,37.4274995,-122.1685324,35.80999755859375,103.21745385686684,GUIDED
74.394397,POS,37.4274995,-122.1685321,35.80999755859375,103.24397426475372,GUIDED
74.494357,POS,37.4274995,-122.1685318,35.80999755859375,103.27049467138633,GUIDED
74.594317,POS,37.4274995,-122.1685316,35.79999923706055,103.28817494289457,GUIDED
74.694277,POS,37.4274995,-122.1685314,35.79999923706055,103.30585521314741,GUIDED
74.794237,POS,37.4274995,-122.1685312,35.79999923706055,103.32353548465747,GUIDED
74.89419699999999,POS,37.4274995,-122.1685311,35.79999923706055,103.33237562104091,GUIDED
74.99499,POS,37.4274995,-122.168531,35.79999923706055,103.34121575616834,GUIDED
75.09495,POS,37.4274996,-122.1685309,35.79999923706055,103.35005042787279,GUIDED
75.19491,POS,37.4274996,-122.1685309,35.79999923706055,103.35005042787279,GUIDED
75.29487,POS,37.4274997,-122.1685309,35.79999923706055,103.35004616222734,GUIDED
75.39483,POS,37.4274997,-122.1685309,35.79999923706055,103.35004616222734,GUIDED
75.49479,POS,37.4274997,-122.168531,35.79999923706055,103.34120602503471,GUIDED
75.59475,POS,37.4274998,-122.168531,35.79999923706055,103.34120295817334,GUIDED
75.69471,POS,37.4274998,-122.1685311,35.79999923706055,103.33236282198645,GUIDED
75.79467,POS,37.4274999,-122.1685312,35.79999923706055,103.3235208165233,GUIDED
75.89462999999999,POS,37.4274999,-122.1685314,35.79999923706055,103.30584054259737,GUIDED
75.99459,POS,37.4275,-122.1685315,35.79999923706055,103.29699973744874,GUIDED
76.09455,POS,37.4275,-122.1685317,35.79999923706055,103.27931946343203,GUIDED
76.19451,POS,37.4275,-122.1685319,35.79999923706055,103.26163918941526,GUIDED
76.29447,POS,37.4275001,-122.1685321,35.79999923706055,103.24395944783498,GUIDED
76.39443,POS,37.4275001,-122.1685323,35.79999923706055,103.22627917393288,GUIDED
76.49439,POS,37.4275002,-122.1685326,35.79999923706055,103.19976049469902,GUIDED
76.59434999999999,POS,37.4275002,-122.1685328,35.79999923706055,103.1820802223737,GUIDED
76.69431,POS,37.4275002,-122.168533,35.79999923706055,103.16439994879221,GUIDED
76.79427,POS,37.4275003,-122.1685332,35.79999923706055,103.14672260981826,GUIDED
76.89423,POS,37.4275003,-122.1685335,35.79999923706055,103.12020220086482,GUIDED
76.99419,POS,37.4275003,-122.1685337,35.79999923706055,103.10252192781083,GUIDED
77.094983,POS,37.4275003,-122.1685339,35.79999923706055,103.08484165475716,GUIDED
77.194943,POS,37.4275004,-122.1685342,35.79999923706055,103.05832538547683,GUIDED
77.294903,POS,37.4275005,-122.1685344,35.79999923706055,103.04065045619808,GUIDED
77.394863,POS,37.4275005,-122.1685346,35.79999923706055,103.02297018482025,GUIDED
77.494823,POS,37.4275005,-122.1685348,35.79999923706055,103.0052899134433,GUIDED
77.59478299999999,POS,37.4275005,-122.168535,35.79999923706055,102.98760964206728,GUIDED
77.694743,POS,37.4275005,-122.1685352,35.79999923706055,102.96992937194837,GUIDED
77.794703,POS,37.4275005,-122.1685354,35.79999923706055,102.9522491005741,GUIDED
77.894663,POS,37.4275005,-122.1685356,35.79999923706055,102.93456882920071,GUIDED
77.994623,POS,37.4275005,-122.1685358,35.79999923706055,102.91688855782819,GUIDED
78.094583,POS,37.4275005,-122.168536,35.79999923706055,102.89920828645661,GUIDED
78.194543,POS,37.4275005,-122.1685361,35.79999923706055,102.89036815139924,GUIDED
78.29450299999999,POS,37.4275006,-122.1685363,35.79999923706055,102.87269443661566,GUIDED
78.394463,POS,37.4275006,-122.1685364,35.79999923706055,102.86385430213424,GUIDED
78.494423,POS,37.4275006,-122.1685366,35.79999923706055,102.84617403191618,GUIDED
78.594383,POS,37.4275006,-122.1685367,35.79999923706055,102.83733389617949,GUIDED
78.694343,POS,37.4275006,-122.1685368,35.79999923706055,102.82849376169938,GUIDED
78.794303,POS,37.4275006,-122.1685369,35.79999923706055,102.81965362596334,GUIDED
78.894263,POS,37.4275006,-122.168537,35.79999923706055,102.81081349148384,GUIDED
78.994223,POS,37.4275006,-122.1685371,35.79999923706055,102.80197335700471,GUIDED
79.094183,POS,37.4275006,-122.1685372,35.79999923706055,102.79313322126961,GUIDED
79.194976,POS,37.4275006,-122.1685373,35.79999923706055,102.78429308679112,GUIDED
79.29493599999999,POS,37.4275006,-122.1685374,35.79999923706055,102.77545295105666,GUIDED
79.394896,POS,37.4275006,-122.1685374,35.79999923706055,102.77545295105666,GUIDED
79.494856,POS,37.4275006,-122.1685375,35.79999923706055,102.7666128165788,GUIDED
79.594816,POS,37.4275006,-122.1685376,35.79999923706055,102.75777268210123,GUIDED
79.694776,POS,37.4275006,-122.1685376,35.79999923706055,102.75777268210123,GUIDED
79.794736,POS,37.4275005,-122.1685377,35.79999923706055,102.74892598171824,GUIDED
79.894696,POS,37.4275005,-122.1685377,35.79999923706055,102.74892598171824,GUIDED
79.99465599999999,POS,37.4275005,-122.1685377,35.79999923706055,102.74892598171824,GUIDED
80.094616,POS,37.4275005,-122.1685378,35.79999923706055,102.74008584666467,GUIDED
80.194576,POS,37.4275005,-122.1685378,35.79999923706055,102.74008584666467,GUIDED
80.294536,POS,37.4275005,-122.1685378,35.79999923706055,102.74008584666467,GUIDED
80.394496,POS,37.4275005,-122.1685379,35.79999923706055,102.73124571035508,GUIDED
80.494456,POS,37.4275005,-122.1685379,35.79999923706055,102.73124571035508,GUIDED
80.594416,POS,37.4275005,-122.1685379,35.79999923706055,102.73124571035508,GUIDED
80.69437599999999,POS,37.4275004,-122.1685379,35.79999923706055,102.73124035080886,GUIDED
80.794336,POS,37.4275004,-122.168538,35.79999923706055,102.7224002152827,GUIDED
80.894296,POS,37.4275004,-122.168538,35.79999923706055,102.7224002152827,GUIDED
80.994256,POS,37.4275004,-122.168538,35.79999923706055,102.7224002152827,GUIDED
81.094216,POS,37.4275004,-122.168538,35.79999923706055,102.7224002152827,GUIDED
81.194176,POS,37.4275004,-122.168538,35.79999923706055,102.7224002152827,GUIDED
81.294969,POS,37.4275004,-122.168538,35.79999923706055,102.7224002152827,GUIDED
81.394929,POS,37.4275004,-122.168538,35.79999923706055,102.7224002152827,GUIDED
81.494889,POS,37.4275003,-122.1685381,35.79999923706055,102.71355592447264,GUIDED
81.594849,POS,37.4275003,-122.1685381,35.79999923706055,102.71355592447264,GUIDED
81.69480899999999,POS,37.4275003,-122.1685381,35.79999923706055,102.71355592447264,GUIDED
81.794769,POS,37.4275003,-122.1685381,35.79999923706055,102.71355592447264,GUIDED
81.894729,POS,37.4275003,-122.1685381,35.79999923706055,102.71355592447264,GUIDED
81.994689,POS,37.4275003,-122.1685381,35.79999923706055,102.71355592447264,GUIDED
82.094649,POS,37.4275003,-122.1685381,35.79999923706055,102.71355592447264,GUIDED
82.194609,POS,37.4275003,-122.1685381,35.79999923706055,102.71355592447264,GUIDED
82.294569,POS,37.4275003,-122.1685381,35.79999923706055,102.71355592447264,GUIDED
82.39452899999999,POS,37.4275003,-122.1685381,35.79999923706055,102.71355592447264,GUIDED
82.494489,POS,37.4275003,-122.1685381,35.79999923706055,102.71355592447264,GUIDED
82.594449,POS,37.4275003,-122.1685381,35.79999923706055,102.71355592447264,GUIDED
82.694409,POS,37.4275003,-122.1685381,35.79999923706055,102.71355592447264,GUIDED
82.794369,POS,37.4275003,-122.1685381,35.79999923706055,102.71355592447264,GUIDED
82.894329,POS,37.4275003,-122.1685382,35.79999923706055,102.70471578857737,GUIDED
82.994289,POS,37.4275003,-122.1685382,35.79999923706055,102.70471578857737,GUIDED
83.094249,POS,37.4275003,-122.1685382,35.79999923706055,102.70471578857737,GUIDED
83.194209,POS,37.4275003,-122.1685382,35.79999923706055,102.70471578857737,GUIDED
83.294169,POS,37.4275003,-122.1685382,35.79999923706055,102.70471578857737,GUIDED
83.39496199999999,POS,37.4275003,-122.1685382,35.79999923706055,102.70471578857737,GUIDED
83.494922,POS,37.4275003,-122.1685382,35.79999923706055,102.70471578857737,GUIDED
83.594882,POS,37.4275003,-122.1685382,35.79999923706055,102.70471578857737,GUIDED
83.694842,POS,37.4275003,-122.1685382,35.79999923706055,102.70471578857737,GUIDED
83.794802,POS,37.4275003,-122.1685382,35.79999923706055,102.70471578857737,GUIDED
83.894762,POS,37.4275003,-122.1685382,35.79999923706055,102.70471578857737,GUIDED
83.994722,POS,37.4275003,-122.1685382,35.79999923706055,102.70471578857737,GUIDED
84.09468199999999,POS,37.4275003,-122.1685382,35.79999923706055,102.70471578857737,GUIDED
84.194642,POS,37.4275003,-122.1685382,35.79999923706055,102.70471578857737,GUIDED
84.294602,POS,37.4275003,-122.1685382,35.79999923706055,102.70471578857737,GUIDED
84.394562,POS,37.4275003,-122.1685382,35.79999923706055,102.70471578857737,GUIDED
84.494522,POS,37.4275003,-122.1685382,35.79999923706055,102.70471578857737,GUIDED
84.594482,POS,37.4275003,-122.1685382,35.79999923706055,102.70471578857737,GUIDED
84.694442,POS,37.4275003,-122.1685382,35.79999923706055,102.70471578857737,GUIDED
84.794402,POS,37.4275003,-122.1685382,35.79999923706055,102.70471578857737,GUIDED
84.894362,POS,37.4275003,-122.1685382,35.79999923706055,102.70471578857737,GUIDED
84.994322,POS,37.4275003,-122.1685382,35.79999923706055,102.70471578857737,GUIDED
85.09428199999999,POS,37.4275003,-122.1685383,35.79999923706055,102.69587565268226,GUIDED
85.194242,POS,37.4275003,-122.1685383,35.79999923706055,102.69587565268226,GUIDED
85.294202,POS,37.4275003,-122.1685383,35.79999923706055,102.69587565268226,GUIDED
85.394995,POS,37.4275003,-122.1685383,35.79999923706055,102.69587565268226,GUIDED
85.494955,POS,37.4275002,-122.1685383,35.79999923706055,102.69587270458807,GUIDED
85.594915,POS,37.4275002,-122.1685383,35.79999923706055,102.69587270458807,GUIDED
85.694875,POS,37.4275002,-122.1685383,35.79999923706055,102.69587270458807,GUIDED
85.79483499999999,POS,37.4275002,-122.1685383,35.79999923706055,102.69587270458807,GUIDED
85.894795,POS,37.4275002,-122.1685383,35.79999923706055,102.69587270458807,GUIDED
85.994755,POS,37.4275002,-122.1685383,35.79999923706055,102.69587270458807,GUIDED
86.094715,POS,37.4275002,-122.1685383,35.79999923706055,102.69587270458807,GUIDED
86.194675,POS,37.4275002,-122.1685383,35.79999923706055,102.69587270458807,GUIDED
86.294635,POS,37.4275002,-122.1685383,35.79999923706055,102.69587270458807,GUIDED
86.394595,POS,37.4275002,-122.1685383,35.790000915527344,102.69587270458807,GUIDED
86.49455499999999,POS,37.4275002,-122.1685383,35.790000915527344,102.69587270458807,GUIDED
86.594515,POS,37.4275002,-122.1685383,35.790000915527344,102.69587270458807,GUIDED
86.694475,POS,37.4275002,-122.1685383,35.790000915527344,102.69587270458807,GUIDED
86.794435,POS,37.4275002,-122.1685383,35.790000915527344,102.69587270458807,GUIDED
86.894395,POS,37.4275002,-122.1685383,35.790000915527344,102.69587270458807,GUIDED
86.994355,POS,37.4275002,-122.1685383,35.790000915527344,102.69587270458807,GUIDED
87.094315,POS,37.4275002,-122.1685383,35.790000915527344,102.69587270458807,GUIDED
87.194275,POS,37.4275002,-122.1685383,35.790000915527344,102.69587270458807,GUIDED
87.294235,POS,37.4275002,-122.1685383,35.790000915527344,102.69587270458807,GUIDED
87.394195,POS,37.4275002,-122.1685383,35.790000915527344,102.69587270458807,GUIDED
87.49498799999999,POS,37.4275002,-122.1685383,35.790000915527344,102.69587270458807,GUIDED
87.594948,POS,37.4275002,-122.1685383,35.790000915527344,102.69587270458807,GUIDED
87.694908,POS,37.4275002,-122.1685383,35.790000915527344,102.69587270458807,GUIDED
87.794868,POS,37.4275002,-122.1685383,35.790000915527344,102.69587270458807,GUIDED
87.894828,POS,37.4275002,-122.1685383,35.79999923706055,102.69587270458807,GUIDED
87.994788,POS,37.4275002,-122.1685383,35.79999923706055,102.69587270458807,GUIDED
88.094748,POS,37.4275002,-122.1685383,35.79999923706055,102.69587270458807,GUIDED
88.19470799999999,POS,37.4275002,-122.1685383,35.79999923706055,102.69587270458807,GUIDED
88.294668,POS,37.4275002,-122.1685383,35.79999923706055,102.69587270458807,GUIDED
88.394628,POS,37.4275002,-122.1685383,35.79999923706055,102.69587270458807,GUIDED
88.494588,POS,37.4275002,-122.1685383,35.79999923706055,102.69587270458807,GUIDED
88.594548,POS,37.4275002,-122.1685383,35.79999923706055,102.69587270458807,GUIDED
88.694508,POS,37.4275002,-122.1685384,35.79999923706055,102.68703256717113,GUIDED
88.794468,POS,37.4275002,-122.1685384,35.79999923706055,102.68703256717113,GUIDED
88.894428,POS,37.4275002,-122.1685384,35.79999923706055,102.68703256717113,GUIDED
88.994388,POS,37.4275002,-122.1685384,35.79999923706055,102.68703256717113,GUIDED
89.094348,POS,37.4275002,-122.1685384,35.79999923706055,102.68703256717113,GUIDED
89.19430799999999,POS,37.4275002,-122.1685384,35.79999923706055,102.68703256717113,GUIDED
89.294268,POS,37.4275002,-122.1685384,35.79999923706055,102.68703256717113,GUIDED
89.394228,POS,37.4275002,-122.1685384,35.79999923706055,102.68703256717113,GUIDED
89.494188,POS,37.4275002,-122.1685384,35.79999923706055,102.68703256717113,GUIDED
89.594981,POS,37.4275002,-122.1685384,35.79999923706055,102.68703256717113,GUIDED
89.694941,POS,37.4275002,-122.1685384,35.79999923706055,102.68703256717113,GUIDED
89.794901,POS,37.4275002,-122.1685384,35.79999923706055,102.68703256717113,GUIDED
89.89486099999999,POS,37.4275002,-122.1685384,35.79999923706055,102.68703256717113,GUIDED
89.994821,POS,37.4275002,-122.1685384,35.79999923706055,102.68703256717113,GUIDED
90.094781,POS,37.4275002,-122.1685384,35.79999923706055,102.68703256717113,GUIDED
90.194741,POS,37.4275002,-122.1685384,35.79999923706055,102.68703256717113,GUIDED
90.294701,POS,37.4275002,-122.1685384,35.79999923706055,102.68703256717113,GUIDED
90.394661,POS,37.4275002,-122.1685384,35.79999923706055,102.68703256717113,GUIDED
90.494621,POS,37.4275002,-122.1685384,35.79999923706055,102.68703256717113,GUIDED
90.594581,POS,37.4275002,-122.1685384,35.79999923706055,102.68703256717113,GUIDED
90.694541,POS,37.4275002,-122.1685384,35.79999923706055,102.68703256717113,GUIDED
90.794501,POS,37.4275002,-122.1685384,35.79999923706055,102.68703256717113,GUIDED
90.89446099999999,POS,37.4275002,-122.1685384,35.79999923706055,102.68703256717113,GUIDED
90.994421,POS,37.4275002,-122.1685384,35.79999923706055,102.68703256717113,GUIDED
91.094381,POS,37.4275002,-122.1685384,35.79999923706055,102.68703256717113,GUIDED
91.194341,POS,37.4275002,-122.1685384,35.790000915527344,102.68703256717113,GUIDED
91.294301,POS,37.4275002,-122.1685384,35.790000915527344,102.68703256717113,GUIDED
91.394261,POS,37.4275002,-122.1685384,35.790000915527344,102.68703256717113,GUIDED
91.494221,POS,37.4275002,-122.1685384,35.790000915527344,102.68703256717113,GUIDED
91.59418099999999,POS,37.4275002,-122.1685384,35.790000915527344,102.68703256717113,GUIDED
91.694974,POS,37.4275002,-122.1685384,35.790000915527344,102.68703256717113,GUIDED
91.794934,POS,37.4275002,-122.1685384,35.790000915527344,102.68703256717113,GUIDED
91.894894,POS,37.4275002,-122.1685384,35.790000915527344,102.68703256717113,GUIDED
91.994854,POS,37.4275002,-122.1685384,35.790000915527344,102.68703256717113,GUIDED
92.094814,POS,37.4275002,-122.1685384,35.790000915527344,102.68703256717113,GUIDED
92.194774,POS,37.4275002,-122.1685384,35.790000915527344,102.68703256717113,GUIDED
92.29473399999999,POS,37.4275002,-122.1685384,35.790000915527344,102.68703256717113,GUIDED
92.394694,POS,37.4275002,-122.1685384,35.790000915527344,102.68703256717113,GUIDED
92.494654,POS,37.4275002,-122.1685384,35.790000915527344,102.68703256717113,GUIDED
92.59461399999999,POS,37.4275002,-122.1685384,35.79999923706055,102.68703256717113,GUIDED
92.694574,POS,37.4275002,-122.1685384,35.79999923706055,102.68703256717113,GUIDED
92.794534,POS,37.4275002,-122.1685384,35.79999923706055,102.68703256717113,GUIDED
92.894494,POS,37.4275002,-122.1685384,35.79999923706055,102.68703256717113,GUIDED
92.994454,POS,37.4275002,-122.1685384,35.79999923706055,102.68703256717113,GUIDED
93.094414,POS,37.4275002,-122.1685384,35.79999923706055,102.68703256717113,GUIDED
93.194374,POS,37.4275002,-122.1685384,35.79999923706055,102.68703256717113,GUIDED
93.29433399999999,POS,37.4275002,-122.1685384,35.79999923706055,102.68703256717113,GUIDED
93.394294,POS,37.4275002,-122.1685384,35.79999923706055,102.68703256717113,GUIDED
93.494254,POS,37.4275002,-122.1685384,35.79999923706055,102.68703256717113,GUIDED
93.594214,POS,37.4275002,-122.1685384,35.79999923706055,102.68703256717113,GUIDED
93.694174,POS,37.4275002,-122.1685384,35.79999923706055,102.68703256717113,GUIDED
93.794967,POS,37.4275002,-122.1685384,35.79999923706055,102.68703256717113,GUIDED
93.894927,POS,37.4275002,-122.1685384,35.79999923706055,102.68703256717113,GUIDED
93.99488699999999,POS,37.4275002,-122.1685384,35.79999923706055,102.68703256717113,GUIDED
94.094847,POS,37.4275002,-122.1685384,35.79999923706055,102.68703256717113,GUIDED
94.194807,POS,37.4275002,-122.1685384,35.79999923706055,102.68703256717113,GUIDED
94.294767,POS,37.4275002,-122.1685384,35.79999923706055,102.68703256717113,GUIDED
94.394727,POS,37.4275002,-122.1685384,35.79999923706055,102.68703256717113,GUIDED
94.494687,POS,37.4275002,-122.1685384,35.79999923706055,102.68703256717113,GUIDED
94.594647,POS,37.4275002,-122.1685384,35.79999923706055,102.68703256717113,GUIDED
94.694607,POS,37.4275002,-122.1685384,35.79999923706055,102.68703256717113,GUIDED
94.794567,POS,37.4275002,-122.1685384,35.79999923706055,102.68703256717113,GUIDED
94.894527,POS,37.4275002,-122.1685384,35.79999923706055,102.68703256717113,GUIDED
94.99448699999999,POS,37.4275002,-122.1685384,35.79999923706055,102.68703256717113,GUIDED
95.094447,POS,37.4275002,-122.1685384,35.79999923706055,102.68703256717113,GUIDED
95.194407,POS,37.4275002,-122.1685384,35.79999923706055,102.68703256717113,GUIDED
95.294367,POS,37.4275002,-122.1685384,35.79999923706055,102.68703256717113,GUIDED
95.394327,POS,37.4275002,-122.1685384,35.79999923706055,102.68703256717113,GUIDED
95.494287,POS,37.4275002,-122.1685384,35.79999923706055,102.68703256717113,GUIDED
95.594247,POS,37.4275002,-122.1685384,35.79999923706055,102.68703256717113,GUIDED
95.69420699999999,POS,37.4275002,-122.1685384,35.79999923706055,102.68703256717113,GUIDED
95.795,POS,37.4275002,-122.1685384,35.79999923706055,102.68703256717113,GUIDED
95.89496,POS,37.4275002,-122.1685384,35.79999923706055,102.68703256717113,GUIDED
95.99492,POS,37.4275002,-122.1685384,35.79999923706055,102.68703256717113,GUIDED
96.09488,POS,37.4275002,-122.1685384,35.79999923706055,102.68703256717113,GUIDED
96.19484,POS,37.4275002,-122.1685384,35.790000915527344,102.68703256717113,GUIDED
96.2948,POS,37.4275002,-122.1685384,35.790000915527344,102.68703256717113,GUIDED
96.39476,POS,37.4275002,-122.1685384,35.790000915527344,102.68703256717113,GUIDED
96.49472,POS,37.4275002,-122.1685384,35.790000915527344,102.68703256717113,GUIDED
96.59468,POS,37.4275002,-122.1685384,35.790000915527344,102.68703256717113,GUIDED
96.69463999999999,POS,37.4275002,-122.1685384,35.790000915527344,102.68703256717113,GUIDED
96.7946,POS,37.4275002,-122.1685384,35.790000915527344,102.68703256717113,GUIDED
96.89456,POS,37.4275002,-122.1685384,35.790000915527344,102.68703256717113,GUIDED
96.99452,POS,37.4275002,-122.1685384,35.790000915527344,102.68703256717113,GUIDED
97.09448,POS,37.4275002,-122.1685384,35.790000915527344,102.68703256717113,GUIDED
97.19444,POS,37.4275002,-122.1685384,35.79999923706055,102.68703256717113,GUIDED
97.2944,POS,37.4275002,-122.1685384,35.79999923706055,102.68703256717113,GUIDED
97.39435999999999,POS,37.4275002,-122.1685384,35.79999923706055,102.68703256717113,GUIDED
97.49432,POS,37.4275002,-122.1685384,35.79999923706055,102.68703256717113,GUIDED
97.59428,POS,37.4275002,-122.1685384,35.79999923706055,102.68703256717113,GUIDED
97.69424,POS,37.4275002,-122.1685384,35.79999923706055,102.68703256717113,GUIDED
97.7942,POS,37.4275002,-122.1685384,35.79999923706055,102.68703256717113,GUIDED
97.894993,POS,37.4275002,-122.1685384,35.79999923706055,102.68703256717113,GUIDED
97.994953,POS,37.4275002,-122.1685384,35.79999923706055,102.68703256717113,GUIDED
98.09491299999999,POS,37.4275002,-122.1685384,35.79999923706055,102.68703256717113,GUIDED
98.194873,POS,37.4275002,-122.1685383,35.79999923706055,102.69587270458807,GUIDED
98.294833,POS,37.4275002,-122.1685383,35.79999923706055,102.69587270458807,GUIDED
98.39479299999999,POS,37.4275002,-122.1685383,35.79999923706055,102.69587270458807,GUIDED
98.494753,POS,37.4275002,-122.1685383,35.79999923706055,102.69587270458807,GUIDED
98.594713,POS,37.4275002,-122.1685383,35.79999923706055,102.69587270458807,GUIDED
98.694673,POS,37.4275002,-122.1685383,35.79999923706055,102.69587270458807,GUIDED
98.794633,POS,37.4275002,-122.1685383,35.79999923706055,102.69587270458807,GUIDED
98.894593,POS,37.4275002,-122.1685383,35.79999923706055,102.69587270458807,GUIDED
98.994553,POS,37.4275002,-122.1685383,35.79999923706055,102.69587270458807,GUIDED
99.09451299999999,POS,37.4275002,-122.1685383,35.79999923706055,102.69587270458807,GUIDED
99.194473,POS,37.4275002,-122.1685383,35.79999923706055,102.69587270458807,GUIDED
99.294433,POS,37.4275002,-122.1685383,35.79999923706055,102.69587270458807,GUIDED
99.394393,POS,37.4275002,-122.1685383,35.79999923706055,102.69587270458807,GUIDED
99.494353,POS,37.4275002,-122.1685383,35.79999923706055,102.69587270458807,GUIDED
99.594313,POS,37.4275002,-122.1685383,35.79999923706055,102.69587270458807,GUIDED
99.694273,POS,37.4275002,-122.1685383,35.79999923706055,102.69587270458807,GUIDED
99.79423299999999,POS,37.4275002,-122.1685383,35.79999923706055,102.69587270458807,GUIDED
99.894193,POS,37.4275002,-122.1685383,35.79999923706055,102.69587270458807,GUIDED
99.994986,POS,37.4275002,-122.1685383,35.79999923706055,102.69587270458807,GUIDED
100.094946,POS,37.4275002,-122.1685383,35.79999923706055,102.69587270458807,GUIDED
100.194906,POS,37.4275002,-122.1685383,35.79999923706055,102.69587270458807,GUIDED
100.294866,POS,37.4275002,-122.1685383,35.79999923706055,102.69587270458807,GUIDED
100.394826,POS,37.4275002,-122.1685383,35.79999923706055,102.69587270458807,GUIDED
100.494786,POS,37.4275002,-122.1685383,35.79999923706055,102.69587270458807,GUIDED
100.594746,POS,37.4275002,-122.1685383,35.79999923706055,102.69587270458807,GUIDED
100.694706,POS,37.4275002,-122.1685383,35.79999923706055,102.69587270458807,GUIDED
100.79466599999999,POS,37.4275002,-122.1685383,35.79999923706055,102.69587270458807,GUIDED
100.894626,POS,37.4275002,-122.1685383,35.79999923706055,102.69587270458807,GUIDED
100.994586,POS,37.4275002,-122.1685383,35.79999923706055,102.69587270458807,GUIDED
101.094546,POS,37.4275002,-122.1685383,35.79999923706055,102.69587270458807,GUIDED
101.194506,POS,37.4275002,-122.1685383,35.790000915527344,102.69587270458807,GUIDED
101.294466,POS,37.4275002,-122.1685383,35.790000915527344,102.69587270458807,GUIDED
101.394426,POS,37.4275002,-122.1685383,35.790000915527344,102.69587270458807,GUIDED
101.49438599999999,POS,37.4275002,-122.1685383,35.790000915527344,102.69587270458807,GUIDED
101.594346,POS,37.4275002,-122.1685383,35.790000915527344,102.69587270458807,GUIDED
101.694306,POS,37.4275002,-122.1685383,35.790000915527344,102.69587270458807,GUIDED
101.794266,POS,37.4275002,-122.1685383,35.790000915527344,102.69587270458807,GUIDED
101.894226,POS,37.4275002,-122.1685383,35.790000915527344,102.69587270458807,GUIDED
101.994186,POS,37.4275002,-122.1685383,35.790000915527344,102.69587270458807,GUIDED
102.094979,POS,37.4275002,-122.1685383,35.790000915527344,102.69587270458807,GUIDED
102.194939,POS,37.4275002,-122.1685383,35.790000915527344,102.69587270458807,GUIDED
102.294899,POS,37.4275002,-122.1685383,35.790000915527344,102.69587270458807,GUIDED
102.394859,POS,37.4275002,-122.1685384,35.790000915527344,102.68703256717113,RTL
102.49481899999999,POS,37.4275002,-122.1685384,35.790000915527344,102.68703256717113,RTL
102.594779,POS,37.4275002,-122.1685384,35.79999923706055,102.68703256717113,RTL
102.694739,POS,37.4275002,-122.1685384,35.79999923706055,102.68703256717113,RTL
102.794699,POS,37.4275002,-122.1685384,35.80999755859375,102.68703256717113,RTL
102.894659,POS,37.4275002,-122.1685384,35.82999801635742,102.68703256717113,RTL
102.994619,POS,37.4275002,-122.1685385,35.849998474121094,102.67819243101052,RTL
103.094579,POS,37.4275002,-122.1685385,35.880001068115234,102.67819243101052,RTL
103.19453899999999,POS,37.4275002,-122.1685385,35.91999816894531,102.67819243101052,RTL
103.294499,POS,37.4275002,-122.1685385,35.959999084472656,102.67819243101052,RTL
103.394459,POS,37.4275002,-122.1685386,36.0,102.66935229359363,RTL
103.494419,POS,37.4275002,-122.1685386,36.040000915527344,102.66935229359363,RTL
103.594379,POS,37.4275002,-122.1685386,36.06999969482422,102.66935229359363,RTL
103.694339,POS,37.4275002,-122.1685387,36.09000015258789,102.66051215743308,RTL
103.794299,POS,37.4275002,-122.168539,36.11000061035156,102.63399174769535,RTL
103.89425899999999,POS,37.4275002,-122.1685395,36.11000061035156,102.58979106438107,RTL
103.994219,POS,37.4275002,-122.1685403,36.11000061035156,102.5190699700751,RTL
104.094179,POS,37.4275002,-122.1685413,36.11000061035156,102.43066860345216,RTL
104.19497199999999,POS,37.4275002,-122.1685427,36.099998474121094,102.30690668968356,RTL
104.294932,POS,37.4275002,-122.1685443,36.099998474121094,102.16546450360497,RTL
104.394892,POS,37.4275002,-122.1685462,36.099998474121094,101.99750190654943,RTL
104.494852,POS,37.4275002,-122.1685484,36.09000015258789,101.80301889852329,RTL
104.594812,POS,37.4275002,-122.1685508,36.09000015258789,101.59085561820253,RTL
104.694772,POS,37.4275002,-122.1685534,36.07999801635742,101.36101206559256,RTL
104.794732,POS,37.4275002,-122.1685563,36.07999801635742,101.10464810077652,RTL
104.89469199999999,POS,37.4275002,-122.1685594,36.07999801635742,100.830603863686,RTL
104.994652,POS,37.4275002,-122.1685626,36.07999801635742,100.54771949048002,RTL
105.094612,POS,37.4275002,-122.168566,36.06999969482422,100.24715484375588,RTL
105.194572,POS,37.4275001,-122.1685696,36.06999969482422,99.92890813013427,RTL
105.294532,POS,37.4275001,-122.1685733,36.06999969482422,99.60182306621955,RTL
105.394492,POS,37.4275001,-122.1685771,36.06999969482422,99.26589786725567,RTL
105.494452,POS,37.4275001,-122.1685811,36.06999969482422,98.91229239315686,RTL
105.59441199999999,POS,37.4275001,-122.1685852,36.06999969482422,98.54984678275602,RTL
105.694372,POS,37.4275001,-122.1685894,36.06999969482422,98.17856103479835,RTL
105.794332,POS,37.4275001,-122.1685936,36.06999969482422,97.80727528811495,RTL
105.894292,POS,37.4275001,-122.1685979,36.06999969482422,97.42714940387687,RTL
105.994252,POS,37.4275001,-122.1686023,36.06999969482422,97.0381833820856,RTL
106.094212,POS,37.4275,-122.1686068,36.06999969482422,96.6403766474006,RTL
106.194172,POS,37.4275,-122.1686113,36.06999969482422,96.24257048767629,RTL
106.294965,POS,37.4275,-122.168616,36.06999969482422,95.8270840526789,RTL
106.394925,POS,37.4275,-122.1686207,36.06999969482422,95.41159761768142,RTL
106.494885,POS,37.4275,-122.1686254,36.06999969482422,94.99611118394016,RTL
106.59484499999999,POS,37.4275,-122.1686303,36.06999969482422,94.5629444749258,RTL
106.694805,POS,37.4275,-122.1686352,36.06999969482422,94.12977776716761,RTL
106.794765,POS,37.4275,-122.1686401,36.06999969482422,93.69661105815314,RTL
106.894725,POS,37.4275,-122.1686451,36.06999969482422,93.25460421275828,RTL
106.994685,POS,37.4275,-122.1686501,36.05999755859375,92.81259736861966,RTL
107.094645,POS,37.4275,-122.1686551,36.05999755859375,92.37059052322469,RTL
107.194605,POS,37.4275,-122.1686602,36.05999755859375,91.91974354019315,RTL
107.29456499999999,POS,37.4275,-122.1686653,36.05999755859375,91.46889655841777,RTL
107.394525,POS,37.4275,-122.1686704,36.05999755859375,91.01804957664234,RTL
107.494485,POS,37.4275,-122.1686756,36.05999755859375,90.55836245723032,RTL
107.594445,POS,37.4275,-122.1686808,36.05999755859375,90.09867533781821,RTL
107.694405,POS,37.4275,-122.168686,36.05999755859375,89.63898821966231,RTL
107.794365,POS,37.4275,-122.1686912,36.05999755859375,89.17930110025006,RTL
107.894325,POS,37.4275,-122.1686964,36.05999755859375,88.71961398083778,RTL
107.994285,POS,37.4275,-122.1687016,36.05999755859375,88.25992686142538,RTL
108.094245,POS,37.4275,-122.1687068,36.05999755859375,87.8002397432692,RTL
108.194205,POS,37.4275,-122.1687121,36.05999755859375,87.3317124874764,RTL
108.29499799999999,POS,37.4275,-122.1687173,36.05999755859375,86.87202536806385,RTL
108.394958,POS,37.4275,-122.1687225,36.05999755859375,86.4123382486512,RTL
108.494918,POS,37.4275,-122.1687278,36.05999755859375,85.94381099285819,RTL
108.594878,POS,37.4275,-122.1687331,36.05999755859375,85.47528373706514,RTL
108.694838,POS,37.4275,-122.1687384,36.05999755859375,85.00675648127199,RTL
108.794798,POS,37.4275,-122.1687437,36.05999755859375,84.5382292254788,RTL
108.894758,POS,37.4275,-122.1687491,36.05999755859375,84.06086183204896,RTL
108.99471799999999,POS,37.4275001,-122.1687544,36.05999755859375,83.59233526164516,RTL
109.094678,POS,37.4275001,-122.1687598,36.05999755859375,83.1149678727912,RTL
109.194638,POS,37.4275001,-122.1687652,36.05999755859375,82.63760048524259,RTL
109.294598,POS,37.4275001,-122.1687705,36.05999755859375,82.16907323403719,RTL
109.394558,POS,37.4275002,-122.1687759,36.05999755859375,81.69170806616219,RTL
109.494518,POS,37.4275002,-122.1687813,36.05999755859375,81.21434069120221,RTL
109.594478,POS,37.4275002,-122.1687867,36.05999755859375,80.73697331770929,RTL
109.69443799999999,POS,37.4275002,-122.168792,36.05999755859375,80.26844608045933,RTL
109.794398,POS,37.4275002,-122.1687974,36.05999755859375,79.79107870613906,RTL
109.894358,POS,37.4275002,-122.1688028,36.05999755859375,79.31371133329733,RTL
109.99431799999999,POS,37.4275002,-122.1688082,36.05999755859375,78.83634395942568,RTL
110.094278,POS,37.4275002,-122.1688135,36.05999755859375,78.36781672305251,RTL
110.194238,POS,37.4275002,-122.1688188,36.05999755859375,77.89928948690533,RTL
110.294198,POS,37.4275002,-122.1688242,36.05999755859375,77.42192211372902,RTL
110.394991,POS,37.4275002,-122.1688295,36.05999755859375,76.95339487805076,RTL
110.494951,POS,37.4275003,-122.1688348,36.05999755859375,76.48487164201335,RTL
110.594911,POS,37.4275003,-122.1688402,36.05999755859375,76.0075042953294,RTL
110.69487099999999,POS,37.4275003,-122.1688456,36.05999755859375,75.5301369504805,RTL
110.794831,POS,37.4275003,-122.168851,36.05999755859375,75.05276960496508,RTL
110.894791,POS,37.4275003,-122.1688564,36.05999755859375,74.57540226130705,RTL
110.994751,POS,37.4275003,-122.1688618,36.05999755859375,74.09803491700552,RTL
111.094711,POS,37.4275003,-122.1688673,36.05999755859375,73.61182743787568,RTL
111.194671,POS,37.4275003,-122.1688727,36.05999755859375,73.13446009610388,RTL
111.294631,POS,37.4275003,-122.1688781,36.05999755859375,72.6570927537255,RTL
111.39459099999999,POS,37.4275003,-122.1688835,36.05999755859375,72.1797254120097,RTL
111.494551,POS,37.4275003,-122.1688889,36.05999755859375,71.70235807222596,RTL
111.594511,POS,37.4275003,-122.1688943,36.05999755859375,71.22499073187537,RTL
111.694471,POS,37.4275003,-122.1688997,36.05999755859375,70.7476233934844,RTL
111.794431,POS,37.4275003,-122.1689051,36.05999755859375,70.27025605455488,RTL
111.894391,POS,37.4275003,-122.1689106,36.05999755859375,69.7840485810073,RTL
111.994351,POS,37.4275003,-122.1689159,36.05999755859375,69.31552138016447,RTL
112.094311,POS,37.4275003,-122.1689213,36.05999755859375,68.83815404473427,RTL
112.194271,POS,37.4275003,-122.1689266,36.05999755859375,68.3696268441348,RTL
112.294231,POS,37.4275003,-122.168932,36.05999755859375,67.89225951026437,RTL
112.39419099999999,POS,37.4275003,-122.1689373,36.05999755859375,67.42373231248412,RTL
112.494984,POS,37.4275003,-122.1689427,36.05999755859375,66.94636497898352,RTL
112.594944,POS,37.4275003,-122.1689481,36.05999755859375,66.46899764758622,RTL
112.694904,POS,37.4275003,-122.1689534,36.05999755859375,66.0004704510289,RTL
112.794864,POS,37.4275003,-122.1689588,36.05999755859375,65.5231031213648,RTL
112.894824,POS,37.4275003,-122.1689642,36.05999755859375,65.04573579134791,RTL
112.994784,POS,37.4275003,-122.1689696,36.05999755859375,64.56836846351075,RTL
113.09474399999999,POS,37.4275003,-122.168975,36.05999755859375,64.09100113536148,RTL
113.194704,POS,37.4275003,-122.1689804,36.05999755859375,63.61363380943384,RTL
113.294664,POS,37.4275003,-122.1689858,36.05999755859375,63.136266483237215,RTL
113.394624,POS,37.4275003,-122.1689911,36.05999755859375,62.667739294413934,RTL
113.494584,POS,37.4275003,-122.1689965,36.05999755859375,62.19037197024093,RTL
113.594544,POS,37.4275003,-122.1690019,36.05999755859375,61.713004648380824,RTL
113.694504,POS,37.4275003,-122.1690073,36.05999755859375,61.23563732634579,RTL
113.794464,POS,37.4275003,-122.1690127,36.05999755859375,60.75827000667386,RTL
113.894424,POS,37.4275003,-122.1690181,36.05999755859375,60.280902686878825,RTL
113.994384,POS,37.4275003,-122.1690235,36.05999755859375,59.80353536950031,RTL
114.09434399999999,POS,37.4275003,-122.1690289,36.05999755859375,59.32616805205382,RTL
114.194304,POS,37.4275003,-122.1690342,36.05999755859375,58.857640872020205,RTL
114.294264,POS,37.4275003,-122.1690396,36.05999755859375,58.380273557014604,RTL
114.394224,POS,37.4275003,-122.169045,36.05999755859375,57.90290624454261,RTL
114.494184,POS,37.4275003,-122.1690503,36.05999755859375,57.4343790682478,RTL
114.594977,POS,37.4275003,-122.1690557,36.05999755859375,56.957011757145686,RTL
114.694937,POS,37.4275003,-122.169061,36.05999755859375,56.48848458349287,RTL
114.79489699999999,POS,37.4275003,-122.1690664,36.05999755859375,56.0111172751505,RTL
114.894857,POS,37.4275003,-122.1690718,36.05999755859375,55.533749969510794,RTL
114.994817,POS,37.4275003,-122.1690772,36.05999755859375,55.05638266409884,RTL
115.094777,POS,37.4275003,-122.1690826,36.05999755859375,54.5790153614661,RTL
115.194737,POS,37.4275003,-122.169088,36.05999755859375,54.10164805914035,RTL
115.294697,POS,37.4275003,-122.1690934,36.05999755859375,53.6242807596759,RTL
115.394657,POS,37.4275003,-122.1690988,36.05999755859375,53.14691346060347,RTL
115.494617,POS,37.4275003,-122.1691042,36.05999755859375,52.66954616322412,RTL
115.594577,POS,37.4275003,-122.1691096,36.05999755859375,52.19217886884058,RTL
115.694537,POS,37.4275003,-122.169115,36.05999755859375,51.7148115749885,RTL
115.79449699999999,POS,37.4275003,-122.1691204,36.05999755859375,51.23744428423037,RTL
115.894457,POS,37.4275003,-122.1691258,36.05999755859375,50.76007699410553,RTL
115.994417,POS,37.4275003,-122.1691312,36.05999755859375,50.28270970718029,RTL
116.094377,POS,37.4275003,-122.1691366,36.05999755859375,49.80534242099804,RTL
116.194337,POS,37.4275003,-122.169142,36.05999755859375,49.32797513812935,RTL
116.294297,POS,37.4275002,-122.1691474,36.05999755859375,48.850601546948475,RTL
116.394257,POS,37.4275002,-122.1691527,36.05999755859375,48.38207434090772,RTL
116.49421699999999,POS,37.4275002,-122.1691581,36.05999755859375,47.90470699915751,RTL
116.594177,POS,37.4275002,-122.1691635,36.05999755859375,47.42733965969111,RTL
116.69497,POS,37.4275002,-122.1691688,36.05999755859375,46.95881245665841,RTL
116.79493,POS,37.4275002,-122.1691742,36.05999755859375,46.48144511806562,RTL
116.89489,POS,37.4275002,-122.1691796,36.05999755859375,46.00407778059771,RTL
116.99485,POS,37.4275002,-122.1691851,36.05999755859375,45.51787030897875,RTL
117.09481,POS,37.4275002,-122.1691905,36.05999755859375,45.040502975147014,RTL
117.19476999999999,POS,37.4275002,-122.1691959,36.05999755859375,44.56313564129535,RTL
117.29473,POS,37.4275002,-122.1692013,36.05999755859375,44.08576830997643,RTL
117.39469,POS,37.4275002,-122.1692067,36.05999755859375,43.60840097871966,RTL
117.49465,POS,37.4275002,-122.1692121,36.05999755859375,43.13103365008135,RTL
117.59461,POS,37.4275002,-122.1692175,36.05999755859375,42.6536663215947,RTL
117.69457,POS,37.4275002,-122.1692229,36.05999755859375,42.176298995820055,RTL
117.79453,POS,37.4275002,-122.1692283,36.05999755859375,41.698931670294876,RTL
117.89449,POS,37.4275002,-122.1692337,36.05999755859375,41.22156434632775,RTL
117.99445,POS,37.4275002,-122.1692391,36.05999755859375,40.74419702522969,RTL
118.09441,POS,37.4275002,-122.1692445,36.05999755859375,40.26682970454556,RTL
118.19436999999999,POS,37.4275002,-122.1692499,36.05999755859375,39.78946238684796,RTL
118.29433,POS,37.4275002,-122.1692553,36.05999755859375,39.312095069687416,RTL
118.39429,POS,37.4275002,-122.1692607,36.05999755859375,38.83472775564261,RTL
118.49425,POS,37.4275002,-122.1692661,36.05999755859375,38.35736044227041,RTL
118.59421,POS,37.4275002,-122.1692714,36.05999755859375,37.888833266998304,RTL
118.69417,POS,37.4275002,-122.1692767,36.05999755859375,37.42030609372698,RTL
118.794963,POS,37.4275002,-122.1692821,36.05999755859375,36.94293878651266,RTL
118.89492299999999,POS,37.4275002,-122.1692874,36.05999755859375,36.47441161751661,RTL
118.994883,POS,37.4275002,-122.1692928,36.05999755859375,35.9970443160851,RTL
119.094843,POS,37.4275002,-122.1692982,36.05999755859375,35.519677015819354,RTL
119.194803,POS,37.4275002,-122.1693036,36.05999755859375,35.04230971807461,RTL
119.294763,POS,37.4275002,-122.1693091,36.05999755859375,34.556102288421066,RTL
119.394723,POS,37.4275002,-122.1693145,36.05999755859375,34.07873499734555,RTL
119.494683,POS,37.4275002,-122.1693199,36.05999755859375,33.601367707868334,RTL
119.594643,POS,37.4275002,-122.1693253,36.05999755859375,33.12400042262534,RTL
119.694603,POS,37.4275002,-122.1693307,36.05999755859375,32.646633139234716,RTL
119.794563,POS,37.4275002,-122.1693361,36.05999755859375,32.16926586034733,RTL
119.89452299999999,POS,37.4275002,-122.1693415,36.05999755859375,31.691898583597425,RTL
119.994483,POS,37.4275002,-122.169347,36.05999755859375,31.20569117627762,RTL
120.094443,POS,37.4275002,-122.1693524,36.05999755859375,30.72832390811862,RTL
120.194403,POS,37.4275002,-122.1693578,36.05999755859375,30.250956642597338,RTL
120.294363,POS,37.4275002,-122.1693632,36.05999755859375,29.773589381157326,RTL
120.394323,POS,37.4275002,-122.1693686,36.05999755859375,29.296222125254367,RTL
120.494283,POS,37.4275002,-122.1693739,36.05999755859375,28.827695007576292,RTL
120.59424299999999,POS,37.4275002,-122.1693793,36.05999755859375,28.35032775954158,RTL
120.694203,POS,37.4275002,-122.1693846,36.05999755859375,27.88180065127105,RTL
120.794996,POS,37.4275002,-122.16939,36.05999755859375,27.404433413313576,RTL
120.894956,POS,37.4275002,-122.1693953,36.05999755859375,26.93590631545025,RTL
120.994916,POS,37.4275002,-122.1694007,36.05999755859375,26.458539089916357,RTL
121.094876,POS,37.4275002,-122.1694061,36.05999755859375,25.98117186922649,RTL
121.194836,POS,37.4275002,-122.1694116,36.05999755859375,25.494964521980414,RTL
121.294796,POS,37.4275002,-122.169417,36.05999755859375,25.01759731593095,LAND
121.394756,POS,37.4275002,-122.1694224,36.05999755859375,24.54023011584174,LAND
121.494716,POS,37.4275002,-122.1694278,36.05999755859375,24.062862924654816,LAND
121.59467599999999,POS,37.4275002,-122.1694332,36.05999755859375,23.58549574032191,LAND
121.694636,POS,37.4275002,-122.1694386,36.05999755859375,23.108128564601923,LAND
121.794596,POS,37.4275002,-122.169444,36.05999755859375,22.630761399296127,LAND
121.894556,POS,37.4275002,-122.1694493,36.06999969482422,22.162234375646392,LAND
121.994516,POS,37.4275002,-122.1694545,36.06999969482422,21.702547493712245,LAND
122.094476,POS,37.4275002,-122.1694596,36.06999969482422,21.251700754801327,LAND
122.194436,POS,37.4275002,-122.1694646,36.06999969482422,20.80969415769949,LAND
122.29439599999999,POS,37.4275002,-122.1694694,36.06999969482422,20.38536783478873,LAND
122.394356,POS,37.4275002,-122.169474,36.06999969482422,19.978721785423478,LAND
122.494316,POS,37.4275002,-122.1694785,36.06999969482422,19.58091587699273,LAND
122.594276,POS,37.4275002,-122.1694828,36.06999969482422,19.200790241111427,LAND
122.694236,POS,37.4275002,-122.1694869,36.06999969482422,18.838344876986643,LAND
122.794196,POS,37.4275002,-122.1694908,36.06999969482422,18.49357978251832,LAND
122.894989,POS,37.4275002,-122.1694945,36.06999969482422,18.16649495932749,LAND
122.99494899999999,POS,37.4275002,-122.1694979,36.06999969482422,17.865930534724065,LAND
123.094909,POS,37.4275002,-122.169501,36.06999969482422,17.591886507066505,LAND
123.194869,POS,37.4275002,-122.1695038,36.06999969482422,17.3443628747276,LAND
123.294829,POS,37.4275002,-122.1695063,36.06999969482422,17.123359637377053,LAND
123.394789,POS,37.4275002,-122.1695086,36.05999755859375,16.920036662264646,LAND
123.494749,POS,37.4275002,-122.1695106,36.05999755859375,16.743234079517975,LAND
123.594709,POS,37.4275002,-122.1695126,36.05999755859375,16.566431498816538,LAND
123.694669,POS,37.4275002,-122.1695144,36.05999755859375,16.40730918047812,LAND
123.794629,POS,37.4275002,-122.1695161,36.05999755859375,16.257026993055682,LAND
123.894589,POS,37.4275002,-122.1695177,36.04999923706055,16.115584936166904,LAND
123.99454899999999,POS,37.4275002,-122.1695193,36.04999923706055,15.974142881647618,LAND
124.094509,POS,37.4275002,-122.1695207,36.04999923706055,15.850381086093861,LAND
124.194469,POS,37.4275002,-122.1695221,36.04999923706055,15.726619293703074,LAND
124.294429,POS,37.4275002,-122.1695233,36.04999923706055,15.620537758022717,LAND
124.394389,POS,37.4275002,-122.1695245,36.04999923706055,15.514456223805938,LAND
124.494349,POS,37.4275002,-122.1695256,36.05999755859375,15.417214818228624,LAND
124.594309,POS,37.4275002,-122.1695265,36.05999755859375,15.337653669275332,LAND
124.69426899999999,POS,37.4275002,-122.1695274,36.05999755859375,15.258092521191681,LAND
124.794229,POS,37.4275002,-122.1695281,36.05999755859375,15.196211630243551,LAND
124.894189,POS,37.4275002,-122.1695288,36.05999755859375,15.134330738580058,LAND
124.994982,POS,37.4275002,-122.1695294,36.05999755859375,15.081289974194235,LAND
125.094942,POS,37.4275002,-122.1695298,36.05999755859375,15.045929464829275,LAND
125.194902,POS,37.4275002,-122.1695302,36.05999755859375,15.01056895690254,LAND
125.294862,POS,37.4275002,-122.1695305,36.05999755859375,14.984048575763618,LAND
125.394822,POS,37.4275002,-122.1695307,36.05999755859375,14.966368321309783,LAND
125.494782,POS,37.4275002,-122.1695309,36.04999923706055,14.948688066902168,LAND
125.594742,POS,37.4275002,-122.1695309,36.040000915527344,14.948688066902168,LAND
125.69470199999999,POS,37.4275002,-122.1695309,36.029998779296875,14.948688066902168,LAND
125.79466199999999,POS,37.4275002,-122.1695308,36.0,14.95752819347206,LAND
125.894622,POS,37.4275002,-122.1695307,35.959999084472656,14.966368321309783,LAND
125.99458200000001,POS,37.4275002,-122.1695306,35.90999984741211,14.975208447902801,LAND
126.09454199999999,POS,37.4275002,-122.1695303,35.849998474121094,15.001728829007249,LAND
126.194502,POS,37.4275002,-122.1695301,35.779998779296875,15.019409083553034,LAND
126.29446200000001,POS,37.4275002,-122.1695298,35.70000076293945,15.045929464829275,LAND
126.39442199999999,POS,37.4275002,-122.1695294,35.599998474121094,15.081289974194235,LAND
126.494382,POS,37.4275002,-122.1695291,35.5,15.107810355708466,LAND
126.59434200000001,POS,37.4275002,-122.1695287,35.380001068115234,15.143170865388795,LAND
126.694302,POS,37.4275002,-122.1695284,35.2599983215332,15.169691247138111,LAND
126.794262,POS,37.4275002,-122.169528,35.119998931884766,15.205051757129961,LAND
126.89422199999998,POS,37.4275002,-122.1695276,34.96999740600586,15.240412267298122,LAND
126.994182,POS,37.4275002,-122.1695272,34.81999969482422,15.275772776385118,LAND
127.094975,POS,37.4275002,-122.1695269,34.66999816894531,15.302293159884854,LAND
127.19493499999999,POS,37.4275002,-122.1695265,34.5099983215332,15.337653669275332,LAND
127.294895,POS,37.4275002,-122.1695262,34.349998474121094,15.364174051745051,LAND
127.394855,POS,37.4275002,-122.1695259,34.189998626708984,15.390694435567156,LAND
127.49481499999999,POS,37.4275002,-122.1695256,34.029998779296875,15.417214818228624,LAND
127.594775,POS,37.4275002,-122.1695253,33.869998931884766,15.443735200985236,LAND
127.69473500000001,POS,37.4275002,-122.1695251,33.71999740600586,15.461415456627673,LAND
127.79469499999999,POS,37.4275002,-122.1695248,33.55999755859375,15.487935839541757,LAND
127.894655,POS,37.4275002,-122.1695246,33.40999984741211,15.505616095288728,LAND
127.99461500000001,POS,37.4275002,-122.1695245,33.25,15.514456223805938,LAND
128.094575,POS,37.4275002,-122.1695243,33.099998474121094,15.532136478358945,LAND
128.194535,POS,37.4275002,-122.1695241,32.95000076293945,15.549816734209559,LAND
128.294495,POS,37.4275002,-122.169524,32.79999923706055,15.558656862778452,LAND
128.394455,POS,37.4275002,-122.1695239,32.64999771118164,15.567496990101386,LAND
128.494415,POS,37.4275002,-122.1695238,32.5,15.576337118690834,LAND
128.59437499999999,POS,37.4275002,-122.1695237,32.349998474121094,15.585177246034275,LAND
128.694335,POS,37.4275002,-122.1695236,32.20000076293945,15.594017373387954,LAND
128.794295,POS,37.4275002,-122.1695236,32.04999923706055,15.594017373387954,LAND
128.894255,POS,37.4275002,-122.1695235,31.899999618530273,15.6028575020081,LAND
128.994215,POS,37.4275002,-122.1695235,31.75,15.6028575020081,LAND
129.094175,POS,37.4275002,-122.1695234,31.599998474121094,15.611697629382192,LAND
129.194968,POS,37.4275002,-122.1695234,31.44999885559082,15.611697629382192,LAND
129.294928,POS,37.4275002,-122.1695233,31.299999237060547,15.620537758022717,LAND
129.394888,POS,37.4275002,-122.1695233,31.15999984741211,15.620537758022717,LAND
129.494848,POS,37.4275002,-122.1695233,31.0,15.620537758022717,LAND
129.594808,POS,37.4275001,-122.1695233,30.849998474121094,15.62052586870521,LAND
129.694768,POS,37.4275001,-122.1695233,30.709999084472656,15.62052586870521,LAND
129.794728,POS,37.4275001,-122.1695233,30.559999465942383,15.62052586870521,LAND
129.894688,POS,37.4275001,-122.1695233,30.40999984741211,15.62052586870521,LAND
129.994648,POS,37.4275001,-122.1695233,30.260000228881836,15.62052586870521,LAND
130.094608,POS,37.4275001,-122.1695233,30.10999870300293,15.62052586870521,LAND
130.194568,POS,37.4275001,-122.1695233,29.959999084472656,15.62052586870521,LAND
130.29452799999999,POS,37.4275001,-122.1695233,29.809999465942383,15.62052586870521,LAND
130.394488,POS,37.4275001,-122.1695233,29.65999984741211,15.62052586870521,LAND
130.494448,POS,37.4275001,-122.1695233,29.510000228881836,15.62052586870521,LAND
130.594408,POS,37.4275001,-122.1695233,29.35999870300293,15.62052586870521,LAND
130.694368,POS,37.4275001,-122.1695233,29.209999084472656,15.62052586870521,LAND
130.794328,POS,37.4275001,-122.1695233,29.059999465942383,15.62052586870521,LAND
130.894288,POS,37.4275001,-122.1695233,28.90999984741211,15.62052586870521,LAND
130.994248,POS,37.4275001,-122.1695233,28.760000228881836,15.62052586870521,LAND
131.094208,POS,37.4275001,-122.1695233,28.60999870300293,15.62052586870521,LAND
131.194168,POS,37.4275001,-122.1695233,28.459999084472656,15.62052586870521,LAND
131.294961,POS,37.4275001,-122.1695233,28.309999465942383,15.62052586870521,LAND
131.394921,POS,37.4275001,-122.1695233,28.15999984741211,15.62052586870521,LAND
131.494881,POS,37.4275001,-122.1695233,28.010000228881836,15.62052586870521,LAND
131.594841,POS,37.4275001,-122.1695233,27.85999870300293,15.62052586870521,LAND
131.69480099999998,POS,37.4275001,-122.1695233,27.709999084472656,15.62052586870521,LAND
131.794761,POS,37.4275001,-122.1695233,27.559999465942383,15.62052586870521,LAND
131.894721,POS,37.4275001,-122.1695233,27.40999984741211,15.62052586870521,LAND
131.99468099999999,POS,37.4275001,-122.1695233,27.26999855041504,15.62052586870521,LAND
132.094641,POS,37.4275001,-122.1695233,27.1299991607666,15.62052586870521,LAND
132.194601,POS,37.4275001,-122.1695233,27.010000228881836,15.62052586870521,LAND
132.294561,POS,37.4275001,-122.1695233,26.889999389648438,15.62052586870521,LAND
132.394521,POS,37.4275001,-122.1695234,26.779998779296875,15.611685733320538,LAND
132.494481,POS,37.4275001,-122.1695234,26.689998626708984,15.611685733320538,LAND
132.594441,POS,37.4275001,-122.1695234,26.599998474121094,15.611685733320538,LAND
132.694401,POS,37.4275001,-122.1695235,26.529998779296875,15.602845599194668,LAND
132.794361,POS,37.4275001,-122.1695235,26.469999313354492,15.602845599194668,LAND
132.894321,POS,37.4275001,-122.1695235,26.420000076293945,15.602845599194668,LAND
132.994281,POS,37.4275001,-122.1695236,26.369998931884766,15.594005463815092,LAND
133.094241,POS,37.4275001,-122.1695236,26.329999923706055,15.594005463815092,LAND
133.194201,POS,37.4275001,-122.1695236,26.279998779296875,15.594005463815092,LAND
133.294994,POS,37.4275001,-122.1695236,26.239999771118164,15.594005463815092,LAND
133.39495399999998,POS,37.4275001,-122.1695236,26.19999885559082,15.594005463815092,LAND
133.494914,POS,37.4275001,-122.1695236,26.15999984741211,15.594005463815092,LAND
133.594874,POS,37.4275001,-122.1695236,26.119998931884766,15.594005463815092,LAND
133.694834,POS,37.4275001,-122.1695236,26.079999923706055,15.594005463815092,LAND
133.794794,POS,37.4275001,-122.1695235,26.029998779296875,15.602845599194668,LAND
133.894754,POS,37.4275001,-122.1695235,25.989999771118164,15.602845599194668,LAND
133.994714,POS,37.4275001,-122.1695234,25.939998626708984,15.611685733320538,LAND
134.094674,POS,37.4275001,-122.1695234,25.889999389648438,15.611685733320538,LAND
134.194634,POS,37.4275001,-122.1695233,25.849998474121094,15.62052586870521,LAND
134.294594,POS,37.4275001,-122.1695233,25.799999237060547,15.62052586870521,LAND
134.394554,POS,37.4275001,-122.1695232,25.75,15.629366002836168,LAND
134.494514,POS,37.4275001,-122.1695232,25.69999885559082,15.629366002836168,LAND
134.594474,POS,37.4275001,-122.1695231,25.649999618530273,15.638206136969657,LAND
134.694434,POS,37.4275001,-122.169523,25.599998474121094,15.647046272361946,LAND
134.794394,POS,37.4275001,-122.169523,25.549999237060547,15.647046272361946,LAND
134.894354,POS,37.4275001,-122.169523,25.489999771118164,15.647046272361946,LAND
134.994314,POS,37.4275001,-122.1695229,25.439998626708984,15.655886406500496,LAND
135.09427399999998,POS,37.4275001,-122.1695229,25.389999389648438,15.655886406500496,LAND
135.194234,POS,37.4275001,-122.1695228,25.34000015258789,15.66472654189783,LAND
135.294194,POS,37.4275001,-122.1695228,25.28999900817871,15.66472654189783,LAND
135.394987,POS,37.4275001,-122.1695227,25.239999771118164,15.673566676041425,LAND
135.494947,POS,37.4275001,-122.1695227,25.189998626708984,15.673566676041425,LAND
135.594907,POS,37.4275001,-122.1695227,25.139999389648438,15.673566676041425,LAND
135.694867,POS,37.4275001,-122.1695226,25.09000015258789,15.68240681144379,LAND
135.794827,POS,37.4275001,-122.1695226,25.03999900817871,15.68240681144379,LAND
135.894787,POS,37.4275001,-122.1695226,24.989999771118164,15.68240681144379,LAND
135.994747,POS,37.4275001,-122.1695225,24.939998626708984,15.691246945592416,LAND
136.094707,POS,37.4275001,-122.1695225,24.889999389648438,15.691246945592416,LAND
136.194667,POS,37.4275001,-122.1695225,24.84000015258789,15.691246945592416,LAND
136.294627,POS,37.4275001,-122.1695225,24.779998779296875,15.691246945592416,LAND
136.394587,POS,37.4275001,-122.1695225,24.729999542236328,15.691246945592416,LAND
136.494547,POS,37.4275001,-122.1695224,24.68000030517578,15.700087079743543,LAND
136.594507,POS,37.4275001,-122.1695224,24.6299991607666,15.700087079743543,LAND
136.694467,POS,37.4275001,-122.1695224,24.579999923706055,15.700087079743543,LAND
136.79442699999998,POS,37.4275001,-122.1695224,24.529998779296875,15.700087079743543,LAND
136.894387,POS,37.4275001,-122.1695224,24.479999542236328,15.700087079743543,LAND
136.994347,POS,37.4275001,-122.1695224,24.43000030517578,15.700087079743543,LAND
137.094307,POS,37.4275001,-122.1695224,24.3799991607666,15.700087079743543,LAND
137.194267,POS,37.4275001,-122.1695224,24.329999923706055,15.700087079743543,LAND
137.294227,POS,37.4275001,-122.1695224,24.279998779296875,15.700087079743543,LAND
137.394187,POS,37.4275001,-122.1695223,24.229999542236328,15.70892721515343,LAND
137.49498,POS,37.4275001,-122.1695223,24.18000030517578,15.70892721515343,LAND
137.59494,POS,37.4275001,-122.1695223,24.1299991607666,15.70892721515343,LAND
137.6949,POS,37.4275001,-122.1695223,24.079999923706055,15.70892721515343,LAND
137.79486,POS,37.4275001,-122.1695223,24.029998779296875,15.70892721515343,LAND
137.89482,POS,37.4275001,-122.1695223,23.979999542236328,15.70892721515343,LAND
137.99478,POS,37.4275001,-122.1695223,23.93000030517578,15.70892721515343,LAND
138.09474,POS,37.4275001,-122.1695223,23.8799991607666,15.70892721515343,LAND
138.1947,POS,37.4275001,-122.1695223,23.829999923706055,15.70892721515343,LAND
138.29466,POS,37.4275001,-122.1695223,23.779998779296875,15.70892721515343,LAND
138.39462,POS,37.4275001,-122.1695223,23.729999542236328,15.70892721515343,LAND
138.49457999999998,POS,37.4275001,-122.1695223,23.68000030517578,15.70892721515343,LAND
138.59454,POS,37.4275001,-122.1695223,23.6299991607666,15.70892721515343,LAND
138.6945,POS,37.4275001,-122.1695223,23.579999923706055,15.70892721515343,LAND
138.79446,POS,37.4275001,-122.1695223,23.529998779296875,15.70892721515343,LAND
138.89442,POS,37.4275001,-122.1695223,23.479999542236328,15.70892721515343,LAND
138.99438,POS,37.4275001,-122.1695223,23.43000030517578,15.70892721515343,LAND
139.09434,POS,37.4275001,-122.1695223,23.3799991607666,15.70892721515343,LAND
139.1943,POS,37.4275001,-122.1695223,23.329999923706055,15.70892721515343,LAND
139.29426,POS,37.4275001,-122.1695223,23.279998779296875,15.70892721515343,LAND
139.39422,POS,37.4275001,-122.1695223,23.229999542236328,15.70892721515343,LAND
139.49418,POS,37.4275001,-122.1695223,23.18000030517578,15.70892721515343,LAND
139.594973,POS,37.4275001,-122.1695222,23.1299991607666,15.71776734930956,LAND
139.694933,POS,37.4275001,-122.1695222,23.079999923706055,15.71776734930956,LAND
139.794893,POS,37.4275001,-122.1695222,23.029998779296875,15.71776734930956,LAND
139.894853,POS,37.4275001,-122.1695222,22.979999542236328,15.71776734930956,LAND
139.994813,POS,37.4275001,-122.1695222,22.93000030517578,15.71776734930956,LAND
140.094773,POS,37.4275001,-122.1695222,22.8799991607666,15.71776734930956,LAND
140.19473299999999,POS,37.4275001,-122.1695222,22.829999923706055,15.71776734930956,LAND
140.294693,POS,37.4275001,-122.1695222,22.779998779296875,15.71776734930956,LAND
140.394653,POS,37.4275001,-122.1695222,22.729999542236328,15.71776734930956,LAND
140.494613,POS,37.4275001,-122.1695222,22.670000076293945,15.71776734930956,LAND
140.594573,POS,37.4275001,-122.1695222,22.619998931884766,15.71776734930956,LAND
140.694533,POS,37.4275001,-122.1695222,22.56999969482422,15.71776734930956,LAND
140.794493,POS,37.4275001,-122.1695222,22.51999855041504,15.71776734930956,LAND
140.894453,POS,37.4275001,-122.1695222,22.469999313354492,15.71776734930956,LAND
140.994413,POS,37.4275001,-122.1695222,22.420000076293945,15.71776734930956,LAND
141.094373,POS,37.4275001,-122.1695222,22.369998931884766,15.71776734930956,LAND
141.194333,POS,37.4275001,-122.1695222,22.31999969482422,15.71776734930956,LAND
141.294293,POS,37.4275001,-122.1695222,22.26999855041504,15.71776734930956,LAND
141.394253,POS,37.4275001,-122.1695222,22.219999313354492,15.71776734930956,LAND
141.494213,POS,37.4275001,-122.1695222,22.170000076293945,15.71776734930956,LAND
141.594173,POS,37.4275001,-122.1695222,22.119998931884766,15.71776734930956,LAND
141.694966,POS,37.4275001,-122.1695222,22.06999969482422,15.71776734930956,LAND
141.794926,POS,37.4275001,-122.1695222,22.020000457763672,15.71776734930956,LAND
141.89488599999999,POS,37.4275001,-122.1695222,21.969999313354492,15.71776734930956,LAND
141.994846,POS,37.4275001,-122.1695222,21.920000076293945,15.71776734930956,LAND
142.094806,POS,37.4275001,-122.1695222,21.869998931884766,15.71776734930956,LAND
142.194766,POS,37.4275001,-122.1695222,21.81999969482422,15.71776734930956,LAND
142.294726,POS,37.4275001,-122.1695222,21.770000457763672,15.71776734930956,LAND
142.394686,POS,37.4275001,-122.1695222,21.719999313354492,15.71776734930956,LAND
142.494646,POS,37.4275001,-122.1695222,21.670000076293945,15.71776734930956,LAND
142.594606,POS,37.4275001,-122.1695222,21.619998931884766,15.71776734930956,LAND
142.694566,POS,37.4275001,-122.1695222,21.56999969482422,15.71776734930956,LAND
142.794526,POS,37.4275001,-122.1695222,21.520000457763672,15.71776734930956,LAND
142.894486,POS,37.4275001,-122.1695222,21.469999313354492,15.71776734930956,LAND
142.994446,POS,37.4275001,-122.1695222,21.420000076293945,15.71776734930956,LAND
143.094406,POS,37.4275001,-122.1695222,21.369998931884766,15.71776734930956,LAND
143.194366,POS,37.4275001,-122.1695222,21.31999969482422,15.71776734930956,LAND
143.294326,POS,37.4275001,-122.1695222,21.270000457763672,15.71776734930956,LAND
143.394286,POS,37.4275001,-122.1695222,21.219999313354492,15.71776734930956,LAND
143.494246,POS,37.4275001,-122.1695222,21.170000076293945,15.71776734930956,LAND
143.59420599999999,POS,37.4275001,-122.1695222,21.119998931884766,15.71776734930956,LAND
143.694999,POS,37.4275001,-122.1695222,21.06999969482422,15.71776734930956,LAND
143.794959,POS,37.4275001,-122.1695222,21.020000457763672,15.71776734930956,LAND
143.894919,POS,37.4275001,-122.1695222,20.969999313354492,15.71776734930956,LAND
143.994879,POS,37.4275001,-122.1695222,20.920000076293945,15.71776734930956,LAND
144.094839,POS,37.4275001,-122.1695222,20.869998931884766,15.71776734930956,LAND
144.194799,POS,37.4275001,-122.1695222,20.81999969482422,15.71776734930956,LAND
144.294759,POS,37.4275001,-122.1695222,20.770000457763672,15.71776734930956,LAND
144.394719,POS,37.4275001,-122.1695222,20.719999313354492,15.71776734930956,LAND
144.494679,POS,37.4275001,-122.1695222,20.670000076293945,15.71776734930956,LAND
144.594639,POS,37.4275001,-122.1695222,20.619998931884766,15.71776734930956,LAND
144.694599,POS,37.4275001,-122.1695222,20.56999969482422,15.71776734930956,LAND
144.794559,POS,37.4275001,-122.1695222,20.520000457763672,15.71776734930956,LAND
144.894519,POS,37.4275001,-122.1695222,20.469999313354492,15.71776734930956,LAND
144.99447899999998,POS,37.4275001,-122.1695222,20.420000076293945,15.71776734930956,LAND
145.094439,POS,37.4275001,-122.1695222,20.369998931884766,15.71776734930956,LAND
145.194399,POS,37.4275001,-122.1695222,20.31999969482422,15.71776734930956,LAND
145.294359,POS,37.4275001,-122.1695222,20.270000457763672,15.71776734930956,LAND
145.394319,POS,37.4275001,-122.1695222,20.219999313354492,15.71776734930956,LAND
145.494279,POS,37.4275001,-122.1695222,20.170000076293945,15.71776734930956,LAND
145.594239,POS,37.4275001,-122.1695222,20.119998931884766,15.71776734930956,LAND
145.694199,POS,37.4275001,-122.1695222,20.06999969482422,15.71776734930956,LAND
145.794992,POS,37.4275001,-122.1695222,20.020000457763672,15.71776734930956,LAND
145.894952,POS,37.4275001,-122.1695222,19.969999313354492,15.71776734930956,LAND
145.994912,POS,37.4275001,-122.1695222,19.920000076293945,15.71776734930956,LAND
146.094872,POS,37.4275001,-122.1695222,19.869998931884766,15.71776734930956,LAND
146.194832,POS,37.4275001,-122.1695222,19.81999969482422,15.71776734930956,LAND
146.294792,POS,37.4275001,-122.1695222,19.770000457763672,15.71776734930956,LAND
146.394752,POS,37.4275001,-122.1695222,19.719999313354492,15.71776734930956,LAND
146.494712,POS,37.4275001,-122.1695222,19.670000076293945,15.71776734930956,LAND
146.594672,POS,37.4275001,-122.1695222,19.619998931884766,15.71776734930956,LAND
146.69463199999998,POS,37.4275001,-122.1695222,19.56999969482422,15.71776734930956,LAND
146.794592,POS,37.4275001,-122.1695222,19.520000457763672,15.71776734930956,LAND
146.894552,POS,37.4275001,-122.1695222,19.469999313354492,15.71776734930956,LAND
146.994512,POS,37.4275001,-122.1695222,19.420000076293945,15.71776734930956,LAND
147.094472,POS,37.4275001,-122.1695222,19.369998931884766,15.71776734930956,LAND
147.194432,POS,37.4275001,-122.1695222,19.31999969482422,15.71776734930956,LAND
147.294392,POS,37.4275001,-122.1695222,19.270000457763672,15.71776734930956,LAND
147.394352,POS,37.4275001,-122.1695222,19.219999313354492,15.71776734930956,LAND
147.494312,POS,37.4275001,-122.1695222,19.170000076293945,15.71776734930956,LAND
147.594272,POS,37.4275001,-122.1695222,19.119998931884766,15.71776734930956,LAND
147.694232,POS,37.4275001,-122.1695222,19.06999969482422,15.71776734930956,LAND
147.794192,POS,37.4275001,-122.1695222,19.020000457763672,15.71776734930956,LAND
147.894985,POS,37.4275001,-122.1695222,18.969999313354492,15.71776734930956,LAND
147.994945,POS,37.4275001,-122.1695222,18.920000076293945,15.71776734930956,LAND
148.094905,POS,37.4275001,-122.1695222,18.869998931884766,15.71776734930956,LAND
148.194865,POS,37.4275001,-122.1695222,18.81999969482422,15.71776734930956,LAND
148.294825,POS,37.4275001,-122.1695223,18.770000457763672,15.70892721515343,LAND
148.39478499999998,POS,37.4275001,-122.1695223,18.719999313354492,15.70892721515343,LAND
148.494745,POS,37.4275001,-122.1695223,18.670000076293945,15.70892721515343,LAND
148.594705,POS,37.4275001,-122.1695223,18.619998931884766,15.70892721515343,LAND
148.694665,POS,37.4275001,-122.1695223,18.56999969482422,15.70892721515343,LAND
148.794625,POS,37.4275001,-122.1695223,18.520000457763672,15.70892721515343,LAND
148.894585,POS,37.4275001,-122.1695223,18.469999313354492,15.70892721515343,LAND
148.994545,POS,37.4275001,-122.1695223,18.420000076293945,15.70892721515343,LAND
149.094505,POS,37.4275001,-122.1695223,18.369998931884766,15.70892721515343,LAND
149.194465,POS,37.4275001,-122.1695223,18.31999969482422,15.70892721515343,LAND
149.294425,POS,37.4275001,-122.1695223,18.270000457763672,15.70892721515343,LAND
149.394385,POS,37.4275001,-122.1695223,18.219999313354492,15.70892721515343,LAND
149.494345,POS,37.4275001,-122.1695223,18.170000076293945,15.70892721515343,LAND
149.594305,POS,37.4275001,-122.1695223,18.119998931884766,15.70892721515343,LAND
149.694265,POS,37.4275001,-122.1695223,18.06999969482422,15.70892721515343,LAND
149.794225,POS,37.4275001,-122.1695223,18.020000457763672,15.70892721515343,LAND
149.894185,POS,37.4275001,-122.1695223,17.969999313354492,15.70892721515343,LAND
149.994978,POS,37.4275001,-122.1695223,17.920000076293945,15.70892721515343,LAND
150.09493799999998,POS,37.4275001,-122.1695223,17.869998931884766,15.70892721515343,LAND
150.194898,POS,37.4275001,-122.1695223,17.81999969482422,15.70892721515343,LAND
150.294858,POS,37.4275001,-122.1695224,17.770000457763672,15.700087079743543,LAND
150.394818,POS,37.4275001,-122.1695224,17.719999313354492,15.700087079743543,LAND
150.494778,POS,37.4275001,-122.1695224,17.670000076293945,15.700087079743543,LAND
150.594738,POS,37.4275001,-122.1695224,17.619998931884766,15.700087079743543,LAND
150.694698,POS,37.4275001,-122.1695224,17.56999969482422,15.700087079743543,LAND
150.794658,POS,37.4275001,-122.1695224,17.520000457763672,15.700087079743543,LAND
150.894618,POS,37.4275001,-122.1695224,17.469999313354492,15.700087079743543,LAND
150.994578,POS,37.4275001,-122.1695224,17.420000076293945,15.700087079743543,LAND
151.094538,POS,37.4275001,-122.1695224,17.369998931884766,15.700087079743543,LAND
151.194498,POS,37.4275001,-122.1695224,17.31999969482422,15.700087079743543,LAND
151.294458,POS,37.4275001,-122.1695224,17.270000457763672,15.700087079743543,LAND
151.394418,POS,37.4275001,-122.1695224,17.219999313354492,15.700087079743543,LAND
151.494378,POS,37.4275001,-122.1695224,17.170000076293945,15.700087079743543,LAND
151.594338,POS,37.4275001,-122.1695224,17.119998931884766,15.700087079743543,LAND
151.694298,POS,37.4275001,-122.1695224,17.06999969482422,15.700087079743543,LAND
151.79425799999999,POS,37.4275001,-122.1695224,17.020000457763672,15.700087079743543,LAND
151.894218,POS,37.4275001,-122.1695224,16.969999313354492,15.700087079743543,LAND
151.994178,POS,37.4275001,-122.1695224,16.920000076293945,15.700087079743543,LAND
152.094971,POS,37.4275001,-122.1695225,16.869998931884766,15.691246945592416,LAND
152.194931,POS,37.4275001,-122.1695225,16.81999969482422,15.691246945592416,LAND
152.294891,POS,37.4275001,-122.1695225,16.770000457763672,15.691246945592416,LAND
152.394851,POS,37.4275001,-122.1695225,16.719999313354492,15.691246945592416,LAND
152.494811,POS,37.4275001,-122.1695225,16.670000076293945,15.691246945592416,LAND
152.594771,POS,37.4275001,-122.1695225,16.619998931884766,15.691246945592416,LAND
152.694731,POS,37.4275001,-122.1695225,16.56999969482422,15.691246945592416,LAND
152.794691,POS,37.4275001,-122.1695225,16.520000457763672,15.691246945592416,LAND
152.894651,POS,37.4275001,-122.1695225,16.469999313354492,15.691246945592416,LAND
152.994611,POS,37.4275001,-122.1695226,16.420000076293945,15.68240681144379,LAND
153.094571,POS,37.4275001,-122.1695226,16.369998931884766,15.68240681144379,LAND
153.194531,POS,37.4275001,-122.1695226,16.31999969482422,15.68240681144379,LAND
153.294491,POS,37.4275001,-122.1695226,16.270000457763672,15.68240681144379,LAND
153.394451,POS,37.4275001,-122.1695226,16.219999313354492,15.68240681144379,LAND
153.49441099999999,POS,37.4275001,-122.1695227,16.170000076293945,15.673566676041425,LAND
153.594371,POS,37.4275001,-122.1695227,16.139999389648438,15.673566676041425,LAND
153.694331,POS,37.4275001,-122.1695227,16.139999389648438,15.673566676041425,LAND
153.794291,POS,37.4275001,-122.1695227,16.149999618530273,15.673566676041425,LAND
153.894251,POS,37.4275001,-122.1695227,16.149999618530273,15.673566676041425,LAND
153.994211,POS,37.4275001,-122.1695227,16.149999618530273,15.673566676041425,LAND
154.094171,POS,37.4275001,-122.1695227,16.139999389648438,15.673566676041425,LAND
154.194964,POS,37.4275001,-122.1695227,16.1299991607666,15.673566676041425,LAND
154.294924,POS,37.4275001,-122.1695227,16.1299991607666,15.673566676041425,LAND
154.394884,POS,37.4275001,-122.1695227,16.1299991607666,15.673566676041425,LAND
154.494844,POS,37.4275001,-122.1695227,16.1299991607666,15.673566676041425,LAND
154.594804,POS,37.4275001,-122.1695227,16.1299991607666,15.673566676041425,LAND
154.694764,POS,37.4275001,-122.1695227,16.119998931884766,15.673566676041425,LAND
154.794724,POS,37.4275001,-122.1695227,16.119998931884766,15.673566676041425,LAND
154.894684,POS,37.4275001,-122.1695227,16.119998931884766,15.673566676041425,LAND
154.994644,POS,37.4275001,-122.1695227,16.119998931884766,15.673566676041425,LAND
155.094604,POS,37.4275001,-122.1695227,16.119998931884766,15.673566676041425,LAND
155.19456399999999,POS,37.4275001,-122.1695227,16.119998931884766,15.673566676041425,LAND
155.294524,POS,37.4275001,-122.1695227,16.119998931884766,15.673566676041425,LAND
155.394484,POS,37.4275001,-122.1695227,16.10999870300293,15.673566676041425,LAND
155.494444,POS,37.4275001,-122.1695227,16.10999870300293,15.673566676041425,LAND
155.594404,POS,37.4275001,-122.1695227,16.10999870300293,15.673566676041425,LAND
