time_s,source,lat,lon,alt,distance_m,mode
6.294981,POS,37.4274999,-122.1697,16.100000381469727,0.011131949209416398,STABILIZE
6.394940999999999,POS,37.4274999,-122.1697,16.100000381469727,0.011131949209416398,STABILIZE
6.4949010000000005,POS,37.4274999,-122.1697,16.100000381469727,0.011131949209416398,STABILIZE
6.594861,POS,37.4274999,-122.1697,16.100000381469727,0.011131949209416398,STABILIZE
6.694820999999999,POS,37.4274999,-122.1697,16.100000381469727,0.011131949209416398,STABILIZE
6.794781,POS,37.4274999,-122.1697,16.100000381469727,0.011131949209416398,GUIDED
6.894741,POS,37.4274999,-122.1697,16.100000381469727,0.011131949209416398,GUIDED
6.994700999999999,POS,37.4274999,-122.1697,16.100000381469727,0.011131949209416398,GUIDED
7.094661,POS,37.4274999,-122.1697,16.100000381469727,0.011131949209416398,GUIDED
7.194621,POS,37.4274999,-122.1697,16.100000381469727,0.011131949209416398,GUIDED
7.294580999999999,POS,37.4274999,-122.1697,16.100000381469727,0.011131949209416398,GUIDED
7.394541,POS,37.4274999,-122.1697,16.100000381469727,0.011131949209416398,GUIDED
7.494501,POS,37.4274999,-122.1697,16.100000381469727,0.011131949209416398,GUIDED
7.594460999999999,POS,37.4274999,-122.1697,16.100000381469727,0.011131949209416398,GUIDED
7.694421,POS,37.4274999,-122.1697,16.100000381469727,0.011131949209416398,GUIDED
7.794381,POS,37.4274999,-122.1697,16.100000381469727,0.011131949209416398,GUIDED
7.894341000000001,POS,37.4274999,-122.1697,16.100000381469727,0.011131949209416398,GUIDED
7.994301,POS,37.4274999,-122.1697,16.100000381469727,0.011131949209416398,GUIDED
8.094261,POS,37.4274999,-122.1697,16.100000381469727,0.011131949209416398,GUIDED
8.194221,POS,37.4274999,-122.1697,16.100000381469727,0.011131949209416398,GUIDED
8.294181,POS,37.4274999,-122.1697,16.100000381469727,0.011131949209416398,GUIDED
8.394974,POS,37.4274999,-122.1697,16.100000381469727,0.011131949209416398,GUIDED
8.494934,POS,37.4274999,-122.1697,16.100000381469727,0.011131949209416398,GUIDED
8.594894,POS,37.4274999,-122.1697,16.100000381469727,0.011131949209416398,GUIDED
8.694854,POS,37.4274999,-122.1697,16.100000381469727,0.011131949209416398,GUIDED
8.794814,POS,37.4274999,-122.1697,16.100000381469727,0.011131949209416398,GUIDED
8.894774,POS,37.4274999,-122.1697,16.100000381469727,0.011131949209416398,GUIDED
8.994734,POS,37.4274999,-122.1697,16.100000381469727,0.011131949209416398,GUIDED
9.094694,POS,37.4274999,-122.1697,16.100000381469727,0.011131949209416398,GUIDED
9.194654,POS,37.4274999,-122.1697,16.100000381469727,0.011131949209416398,GUIDED
9.294614,POS,37.4274999,-122.1697,16.100000381469727,0.011131949209416398,GUIDED
9.394574,POS,37.4274999,-122.1697,16.100000381469727,0.011131949209416398,GUIDED
9.494534,POS,37.4274999,-122.1697,16.100000381469727,0.011131949209416398,GUIDED
9.594494,POS,37.4274999,-122.1697,16.100000381469727,0.011131949209416398,GUIDED
9.694454,POS,37.4274999,-122.1697,16.100000381469727,0.011131949209416398,GUIDED
9.794414,POS,37.4274999,-122.1697,16.100000381469727,0.011131949209416398,GUIDED
9.894374,POS,37.4274999,-122.1697,16.100000381469727,0.011131949209416398,GUIDED
9.994334,POS,37.4274999,-122.1697,16.100000381469727,0.011131949209416398,GUIDED
10.094294,POS,37.4274999,-122.1697,16.100000381469727,0.011131949209416398,GUIDED
10.194253999999999,POS,37.4274999,-122.1697,16.100000381469727,0.011131949209416398,GUIDED
10.294214,POS,37.4274999,-122.1697,16.100000381469727,0.011131949209416398,GUIDED
10.394174,POS,37.4274999,-122.1697,16.100000381469727,0.011131949209416398,GUIDED
10.494966999999999,POS,37.4274999,-122.1697,16.100000381469727,0.011131949209416398,GUIDED
10.594927,POS,37.4274999,-122.1697,16.100000381469727,0.011131949209416398,GUIDED
10.694887,POS,37.4274999,-122.1697,16.100000381469727,0.011131949209416398,GUIDED
10.794847,POS,37.4274999,-122.1697,16.100000381469727,0.011131949209416398,GUIDED
10.894807,POS,37.4274999,-122.1697,16.100000381469727,0.011131949209416398,GUIDED
10.994767,POS,37.4274999,-122.1697,16.100000381469727,0.011131949209416398,GUIDED
11.094727,POS,37.4274999,-122.1697,16.100000381469727,0.011131949209416398,GUIDED
11.194687,POS,37.4274999,-122.1697,16.100000381469727,0.011131949209416398,GUIDED
11.294647,POS,37.4274999,-122.1697,16.100000381469727,0.011131949209416398,GUIDED
11.394607,POS,37.4274999,-122.1697,16.100000381469727,0.011131949209416398,GUIDED
11.494567,POS,37.4274999,-122.1697,16.100000381469727,0.011131949209416398,GUIDED
11.594527,POS,37.4274999,-122.1697,16.100000381469727,0.011131949209416398,GUIDED
11.694487,POS,37.4274999,-122.1697,16.100000381469727,0.011131949209416398,GUIDED
11.794447,POS,37.4274999,-122.1697,16.100000381469727,0.011131949209416398,GUIDED
11.894407,POS,37.4274999,-122.1697,16.100000381469727,0.011131949209416398,GUIDED
11.994367,POS,37.4274999,-122.1697,16.100000381469727,0.011131949209416398,GUIDED
12.094327,POS,37.4274999,-122.1697,16.100000381469727,0.011131949209416398,GUIDED
12.194287,POS,37.4274999,-122.1697,16.100000381469727,0.011131949209416398,GUIDED
12.294247,POS,37.4274999,-122.1697,16.100000381469727,0.011131949209416398,GUIDED
12.394207,POS,37.4274999,-122.1697,16.100000381469727,0.011131949209416398,GUIDED
12.495,POS,37.4274999,-122.1697,16.100000381469727,0.011131949209416398,GUIDED
12.59496,POS,37.4274999,-122.1697,16.100000381469727,0.011131949209416398,GUIDED
12.69492,POS,37.4274999,-122.1697,16.100000381469727,0.011131949209416398,GUIDED
12.79488,POS,37.4274999,-122.1697,16.100000381469727,0.011131949209416398,GUIDED
12.89484,POS,37.4274999,-122.1697,16.100000381469727,0.011131949209416398,GUIDED
12.9948,POS,37.4274999,-122.1697,16.100000381469727,0.011131949209416398,GUIDED
13.094759999999999,POS,37.4274999,-122.1697,16.100000381469727,0.011131949209416398,GUIDED
13.19472,POS,37.4274999,-122.1697,16.100000381469727,0.011131949209416398,GUIDED
13.29468,POS,37.4274999,-122.1697,16.100000381469727,0.011131949209416398,GUIDED
13.39464,POS,37.4274999,-122.1697,16.100000381469727,0.011131949209416398,GUIDED
13.4946,POS,37.4274999,-122.1697,16.100000381469727,0.011131949209416398,GUIDED
13.59456,POS,37.4274999,-122.1697,16.100000381469727,0.011131949209416398,GUIDED
13.69452,POS,37.4274999,-122.1697,16.100000381469727,0.011131949209416398,GUIDED
13.794479999999998,POS,37.4274999,-122.1697,16.100000381469727,0.011131949209416398,GUIDED
13.894440000000001,POS,37.4274999,-122.1697,16.100000381469727,0.011131949209416398,GUIDED
13.9944,POS,37.4274999,-122.1697,16.100000381469727,0.011131949209416398,GUIDED
14.09436,POS,37.4274999,-122.1697,16.100000381469727,0.011131949209416398,GUIDED
14.19432,POS,37.4274999,-122.1697,16.100000381469727,0.011131949209416398,GUIDED
14.294279999999999,POS,37.4274999,-122.1697,16.100000381469727,0.011131949209416398,GUIDED
14.394239999999998,POS,37.4274999,-122.1697,16.100000381469727,0.011131949209416398,GUIDED
14.494200000000001,POS,37.4274999,-122.1697,16.100000381469727,0.011131949209416398,GUIDED
14.594993,POS,37.4274999,-122.1697,16.100000381469727,0.011131949209416398,GUIDED
14.694953,POS,37.4274999,-122.1697,16.100000381469727,0.011131949209416398,GUIDED
14.794913,POS,37.4274999,-122.1697,16.100000381469727,0.011131949209416398,GUIDED
14.894872999999999,POS,37.4274999,-122.1697,16.100000381469727,0.011131949209416398,GUIDED
14.994833000000002,POS,37.4274999,-122.1697,16.100000381469727,0.011131949209416398,GUIDED
15.094793000000001,POS,37.4274999,-122.1697,16.100000381469727,0.011131949209416398,GUIDED
15.194753,POS,37.4274999,-122.1697,16.100000381469727,0.011131949209416398,GUIDED
15.294713,POS,37.4274999,-122.1697,16.100000381469727,0.011131949209416398,GUIDED
15.394673,POS,37.4274999,-122.1697,16.100000381469727,0.011131949209416398,GUIDED
15.494632999999999,POS,37.4274999,-122.1697,16.100000381469727,0.011131949209416398,GUIDED
15.594593000000001,POS,37.4274999,-122.1697,16.100000381469727,0.011131949209416398,GUIDED
15.694553,POS,37.4274999,-122.1697,16.100000381469727,0.011131949209416398,GUIDED
15.794513,POS,37.4274999,-122.1697,16.100000381469727,0.011131949209416398,GUIDED
15.894473,POS,37.4274999,-122.1697,16.100000381469727,0.011131949209416398,GUIDED
15.994432999999999,POS,37.4274999,-122.1697,16.100000381469727,0.011131949209416398,GUIDED
16.094392999999997,POS,37.4274999,-122.1697,16.100000381469727,0.011131949209416398,GUIDED
16.194353,POS,37.4274999,-122.1697,16.100000381469727,0.011131949209416398,GUIDED
16.294313000000002,POS,37.4274999,-122.1697,16.100000381469727,0.011131949209416398,GUIDED
16.394273,POS,37.4274999,-122.1697,16.100000381469727,0.011131949209416398,GUIDED
16.494233,POS,37.4274999,-122.1697,16.100000381469727,0.011131949209416398,GUIDED
16.594192999999997,POS,37.4274999,-122.1697,16.100000381469727,0.011131949209416398,GUIDED
16.694986,POS,37.4274999,-122.1697,16.100000381469727,0.011131949209416398,GUIDED
16.794946000000003,POS,37.4274999,-122.1697,16.100000381469727,0.011131949209416398,GUIDED
16.894906,POS,37.4274999,-122.1697,16.100000381469727,0.011131949209416398,GUIDED
16.994866000000002,POS,37.4274999,-122.1697,16.100000381469727,0.011131949209416398,GUIDED
17.094825999999998,POS,37.4274999,-122.1697,16.100000381469727,0.011131949209416398,GUIDED
17.194786,POS,37.4274999,-122.1697,16.100000381469727,0.011131949209416398,GUIDED
17.294745999999996,POS,37.4274999,-122.1697,16.100000381469727,0.011131949209416398,GUIDED
17.394706,POS,37.4274999,-122.1697,16.100000381469727,0.011131949209416398,GUIDED
17.494666000000002,POS,37.4274999,-122.1697,16.100000381469727,0.011131949209416398,GUIDED
17.594625999999998,POS,37.4274999,-122.1697,16.100000381469727,0.011131949209416398,GUIDED
17.694586,POS,37.4274999,-122.1697,16.100000381469727,0.011131949209416398,GUIDED
17.794545999999997,POS,37.4274999,-122.1697,16.100000381469727,0.011131949209416398,GUIDED
17.894506,POS,37.4274999,-122.1697,16.100000381469727,0.011131949209416398,GUIDED
17.994466000000003,POS,37.4274999,-122.1697,16.100000381469727,0.011131949209416398,GUIDED
18.094426,POS,37.4274999,-122.1697,16.100000381469727,0.011131949209416398,GUIDED
18.194386,POS,37.4274999,-122.1697,16.100000381469727,0.011131949209416398,GUIDED
18.294345999999997,POS,37.4274999,-122.1697,16.100000381469727,0.011131949209416398,GUIDED
18.394306,POS,37.4274999,-122.1697,16.100000381469727,0.011131949209416398,GUIDED
18.494266000000003,POS,37.4274999,-122.1697,16.100000381469727,0.011131949209416398,GUIDED
18.594226,POS,37.4274999,-122.1697,16.100000381469727,0.011131949209416398,GUIDED
18.694186000000002,POS,37.4274999,-122.1697,16.100000381469727,0.011131949209416398,GUIDED
18.794978999999998,POS,37.4274999,-122.1697,16.100000381469727,0.011131949209416398,GUIDED
18.894939,POS,37.4274999,-122.1697,16.100000381469727,0.011131949209416398,GUIDED
18.994898999999997,POS,37.4274999,-122.1697,16.100000381469727,0.011131949209416398,GUIDED
19.094859,POS,37.4274999,-122.1697,16.100000381469727,0.011131949209416398,GUIDED
19.194819000000003,POS,37.4274999,-122.1697,16.100000381469727,0.011131949209416398,GUIDED
19.294779,POS,37.4274999,-122.1697,16.100000381469727,0.011131949209416398,GUIDED
19.394739,POS,37.4274999,-122.1697,16.100000381469727,0.011131949209416398,GUIDED
19.494698999999997,POS,37.4274999,-122.1697,16.100000381469727,0.011131949209416398,GUIDED
19.594659,POS,37.4274999,-122.1697,16.100000381469727,0.011131949209416398,GUIDED
19.694619000000003,POS,37.4274999,-122.1697,16.100000381469727,0.011131949209416398,GUIDED
19.794579,POS,37.4274999,-122.1697,16.100000381469727,0.011131949209416398,GUIDED
19.894539,POS,37.4274999,-122.1697,16.100000381469727,0.011131949209416398,GUIDED
19.994498999999998,POS,37.4274999,-122.1697,16.100000381469727,0.011131949209416398,GUIDED
20.094459,POS,37.4274999,-122.1697,16.100000381469727,0.011131949209416398,GUIDED
20.194418999999996,POS,37.4274999,-122.1697,16.100000381469727,0.011131949209416398,GUIDED
20.294379,POS,37.4274999,-122.1697,16.100000381469727,0.011131949209416398,GUIDED
20.394339000000002,POS,37.4274999,-122.1697,16.100000381469727,0.011131949209416398,GUIDED
20.494298999999998,POS,37.4274999,-122.1697,16.100000381469727,0.011131949209416398,GUIDED
20.594259,POS,37.4274999,-122.1697,16.100000381469727,0.011131949209416398,GUIDED
20.694218999999997,POS,37.4274999,-122.1697,16.100000381469727,0.011131949209416398,GUIDED
20.794179,POS,37.4274999,-122.1697,16.100000381469727,0.011131949209416398,GUIDED
20.894972000000003,POS,37.4274999,-122.1697,16.100000381469727,0.011131949209416398,GUIDED
20.994932,POS,37.4274999,-122.1697,16.100000381469727,0.011131949209416398,GUIDED
21.094892,POS,37.4274999,-122.1697,16.100000381469727,0.011131949209416398,GUIDED
21.194851999999997,POS,37.4274999,-122.1697,16.100000381469727,0.011131949209416398,GUIDED
21.294812,POS,37.4274999,-122.1697,16.100000381469727,0.011131949209416398,GUIDED
21.394772000000003,POS,37.4274999,-122.1697,16.100000381469727,0.011131949209416398,GUIDED
21.494732,POS,37.4274999,-122.1697,16.100000381469727,0.011131949209416398,GUIDED
21.594692000000002,POS,37.4274999,-122.1697,16.100000381469727,0.011131949209416398,GUIDED
21.694651999999998,POS,37.4274999,-122.1697,16.100000381469727,0.011131949209416398,GUIDED
21.794612,POS,37.4274999,-122.1697,16.100000381469727,0.011131949209416398,GUIDED
21.894571999999997,POS,37.4274999,-122.1697,16.100000381469727,0.011131949209416398,GUIDED
21.994532,POS,37.4274999,-122.1697,16.100000381469727,0.011131949209416398,GUIDED
22.094492000000002,POS,37.4274999,-122.1697,16.100000381469727,0.011131949209416398,GUIDED
22.194452,POS,37.4274999,-122.1697,16.100000381469727,0.011131949209416398,GUIDED
22.294412,POS,37.4274999,-122.1697,16.100000381469727,0.011131949209416398,GUIDED
22.394371999999997,POS,37.4274999,-122.1697,16.100000381469727,0.011131949209416398,GUIDED
22.494332,POS,37.4274999,-122.1697,16.100000381469727,0.011131949209416398,GUIDED
22.594292000000003,POS,37.4274999,-122.1697,16.100000381469727,0.011131949209416398,GUIDED
22.694252,POS,37.4274999,-122.1697,16.100000381469727,0.011131949209416398,GUIDED
22.794212,POS,37.4274999,-122.1697,16.100000381469727,0.011131949209416398,GUIDED
22.894171999999998,POS,37.4274999,-122.1697,16.100000381469727,0.011131949209416398,GUIDED
22.994965,POS,37.4274999,-122.1697,16.100000381469727,0.011131949209416398,GUIDED
23.094924999999996,POS,37.4274999,-122.1697,16.100000381469727,0.011131949209416398,GUIDED
23.194885,POS,37.4274999,-122.1697,16.100000381469727,0.011131949209416398,GUIDED
23.294845000000002,POS,37.4274999,-122.1697,16.100000381469727,0.011131949209416398,GUIDED
23.394804999999998,POS,37.4274999,-122.1697,16.100000381469727,0.011131949209416398,GUIDED
23.494765,POS,37.4274999,-122.1697,16.100000381469727,0.011131949209416398,GUIDED
23.594724999999997,POS,37.4274999,-122.1697,16.100000381469727,0.011131949209416398,GUIDED
23.694685,POS,37.4274999,-122.1697,16.100000381469727,0.011131949209416398,GUIDED
23.794645000000003,POS,37.4274999,-122.1697,16.100000381469727,0.011131949209416398,GUIDED
23.894605,POS,37.4274999,-122.1697,16.100000381469727,0.011131949209416398,GUIDED
23.994565,POS,37.4274999,-122.1697,16.100000381469727,0.011131949209416398,GUIDED
24.094524999999997,POS,37.4274999,-122.1697,16.100000381469727,0.011131949209416398,GUIDED
24.194485,POS,37.4274999,-122.1697,16.100000381469727,0.011131949209416398,GUIDED
24.294445000000003,POS,37.4274999,-122.1697,16.100000381469727,0.011131949209416398,GUIDED
24.394405,POS,37.4274999,-122.1697,16.100000381469727,0.011131949209416398,GUIDED
24.494365000000002,POS,37.4274999,-122.1697,16.100000381469727,0.011131949209416398,GUIDED
24.594324999999998,POS,37.4274999,-122.1697,16.100000381469727,0.011131949209416398,GUIDED
24.694285,POS,37.4274999,-122.1697,16.100000381469727,0.011131949209416398,GUIDED
24.794244999999997,POS,37.4274999,-122.1697,16.100000381469727,0.011131949209416398,GUIDED
24.894205,POS,37.4274999,-122.1697,16.100000381469727,0.011131949209416398,GUIDED
24.994998000000002,POS,37.4274999,-122.1697,16.100000381469727,0.011131949209416398,GUIDED
25.094958,POS,37.4274999,-122.1697,16.100000381469727,0.011131949209416398,GUIDED
25.194918,POS,37.4274999,-122.1697,16.100000381469727,0.011131949209416398,GUIDED
25.294877999999997,POS,37.4274999,-122.1697,16.100000381469727,0.011131949209416398,GUIDED
25.394838,POS,37.4274999,-122.1697,16.100000381469727,0.011131949209416398,GUIDED
25.494798000000003,POS,37.4274999,-122.1697,16.100000381469727,0.011131949209416398,GUIDED
25.594758,POS,37.4274999,-122.1697,16.100000381469727,0.011131949209416398,GUIDED
25.694718,POS,37.4274999,-122.1697,16.100000381469727,0.011131949209416398,GUIDED
25.794677999999998,POS,37.4274999,-122.1697,16.100000381469727,0.011131949209416398,GUIDED
25.894638,POS,37.4274999,-122.1697,16.100000381469727,0.011131949209416398,GUIDED
25.994598000000003,POS,37.4274999,-122.1697,16.100000381469727,0.011131949209416398,GUIDED
26.094558,POS,37.4274999,-122.1697,16.100000381469727,0.011131949209416398,GUIDED
26.194518000000002,POS,37.4274999,-122.1697,16.100000381469727,0.011131949209416398,GUIDED
26.294477999999998,POS,37.4274999,-122.1697,16.100000381469727,0.011131949209416398,GUIDED
26.394438,POS,37.4274999,-122.1697,16.100000381469727,0.011131949209416398,GUIDED
26.494397999999997,POS,37.4274999,-122.1697,16.100000381469727,0.011131949209416398,GUIDED
26.594358,POS,37.4274999,-122.1697,16.100000381469727,0.011131949209416398,GUIDED
26.694318000000003,POS,37.4274999,-122.1697,16.100000381469727,0.011131949209416398,GUIDED
26.794278,POS,37.4274999,-122.1697,16.100000381469727,0.011131949209416398,GUIDED
26.894238,POS,37.4274999,-122.1697,16.100000381469727,0.011131949209416398,GUIDED
26.994197999999997,POS,37.4274999,-122.1697,16.100000381469727,0.011131949209416398,GUIDED
27.094991,POS,37.4274999,-122.1697,16.100000381469727,0.011131949209416398,GUIDED
27.194951000000003,POS,37.4274999,-122.1697,16.100000381469727,0.011131949209416398,GUIDED
27.294911,POS,37.4274999,-122.1697,16.100000381469727,0.011131949209416398,GUIDED
27.394871000000002,POS,37.4274999,-122.1697,16.100000381469727,0.011131949209416398,GUIDED
27.494830999999998,POS,37.4274999,-122.1697,16.100000381469727,0.011131949209416398,GUIDED
27.594791,POS,37.4274999,-122.1697,16.100000381469727,0.011131949209416398,GUIDED
27.694750999999997,POS,37.4274999,-122.1697,16.100000381469727,0.011131949209416398,GUIDED
27.794711,POS,37.4274999,-122.1697,16.100000381469727,0.011131949209416398,GUIDED
27.894671000000002,POS,37.4274999,-122.1697,16.100000381469727,0.011131949209416398,GUIDED
27.994631,POS,37.4274999,-122.1697,16.100000381469727,0.011131949209416398,GUIDED
28.094591,POS,37.4274999,-122.1697,16.100000381469727,0.011131949209416398,GUIDED
28.194550999999997,POS,37.4274999,-122.1697,16.100000381469727,0.011131949209416398,GUIDED
28.294511,POS,37.4274999,-122.1697,16.100000381469727,0.011131949209416398,GUIDED
28.394471000000003,POS,37.4274999,-122.1697,16.100000381469727,0.011131949209416398,GUIDED
28.494431,POS,37.4274999,-122.1697,16.100000381469727,0.011131949209416398,GUIDED
28.594391,POS,37.4274999,-122.1697,16.100000381469727,0.011131949209416398,GUIDED
28.694350999999997,POS,37.4274999,-122.1697,16.100000381469727,0.011131949209416398,GUIDED
28.794311,POS,37.4274999,-122.1697,16.100000381469727,0.011131949209416398,GUIDED
28.894271000000003,POS,37.4274999,-122.1697,16.100000381469727,0.011131949209416398,GUIDED
28.994231,POS,37.4274999,-122.1697,16.100000381469727,0.011131949209416398,GUIDED
29.094191000000002,POS,37.4274999,-122.1697,16.100000381469727,0.011131949209416398,GUIDED
29.194983999999998,POS,37.4274999,-122.1697,16.100000381469727,0.011131949209416398,GUIDED
29.294944,POS,37.4274999,-122.1697,16.100000381469727,0.011131949209416398,GUIDED
29.394903999999997,POS,37.4274999,-122.1697,16.100000381469727,0.011131949209416398,GUIDED
29.494864,POS,37.4274999,-122.1697,16.100000381469727,0.011131949209416398,GUIDED
29.594824000000003,POS,37.4274999,-122.1697,16.100000381469727,0.011131949209416398,GUIDED
29.694784,POS,37.4274999,-122.1697,16.100000381469727,0.011131949209416398,GUIDED
29.794744,POS,37.4274999,-122.1697,16.100000381469727,0.011131949209416398,GUIDED
29.894703999999997,POS,37.4274999,-122.1697,16.100000381469727,0.011131949209416398,GUIDED
29.994664,POS,37.4274999,-122.1697,16.100000381469727,0.011131949209416398,GUIDED
30.094623999999996,POS,37.4274999,-122.1697,16.100000381469727,0.011131949209416398,GUIDED
30.194584,POS,37.4274999,-122.1697,16.100000381469727,0.011131949209416398,GUIDED
30.294543999999995,POS,37.4274999,-122.1697,16.100000381469727,0.011131949209416398,GUIDED
30.394503999999998,POS,37.4274999,-122.1697,16.100000381469727,0.011131949209416398,GUIDED
30.494464,POS,37.4274999,-122.1697,16.100000381469727,0.011131949209416398,GUIDED
30.594423999999997,POS,37.4274999,-122.1697,16.100000381469727,0.011131949209416398,GUIDED
30.694384,POS,37.4274999,-122.1697,16.100000381469727,0.011131949209416398,GUIDED
30.794343999999995,POS,37.4274999,-122.1697,16.100000381469727,0.011131949209416398,GUIDED
30.894303999999998,POS,37.4274999,-122.1697,16.100000381469727,0.011131949209416398,GUIDED
30.994264,POS,37.4274999,-122.1697,16.100000381469727,0.011131949209416398,GUIDED
31.094223999999997,POS,37.4274999,-122.1697,16.100000381469727,0.011131949209416398,GUIDED
31.194184,POS,37.4274999,-122.1697,16.100000381469727,0.011131949209416398,GUIDED
31.294976999999996,POS,37.4274999,-122.1697,16.100000381469727,0.011131949209416398,GUIDED
31.394937,POS,37.4274999,-122.1697,16.100000381469727,0.011131949209416398,GUIDED
31.494896999999995,POS,37.4274999,-122.1697,16.100000381469727,0.011131949209416398,GUIDED
31.594856999999998,POS,37.4274999,-122.1697,16.100000381469727,0.011131949209416398,GUIDED
31.694817,POS,37.4274999,-122.1697,16.100000381469727,0.011131949209416398,GUIDED
31.794776999999996,POS,37.4274999,-122.1697,16.100000381469727,0.011131949209416398,GUIDED
31.894737,POS,37.4274999,-122.1697,16.100000381469727,0.011131949209416398,GUIDED
31.994696999999995,POS,37.4274999,-122.1697,16.100000381469727,0.011131949209416398,GUIDED
32.094657,POS,37.4274999,-122.1697,16.100000381469727,0.011131949209416398,GUIDED
32.194617,POS,37.4274999,-122.1697,16.100000381469727,0.011131949209416398,GUIDED
32.294577,POS,37.4274999,-122.1697,16.100000381469727,0.011131949209416398,GUIDED
32.394537,POS,37.4274999,-122.1697,16.100000381469727,0.011131949209416398,GUIDED
32.494496999999996,POS,37.4274999,-122.1697,16.100000381469727,0.011131949209416398,GUIDED
32.594457,POS,37.4274999,-122.1697,16.100000381469727,0.011131949209416398,GUIDED
32.694417,POS,37.4274999,-122.1697,16.100000381469727,0.011131949209416398,GUIDED
32.794377,POS,37.4274999,-122.1697,16.100000381469727,0.011131949209416398,GUIDED
32.894337,POS,37.4274999,-122.1697,16.100000381469727,0.011131949209416398,GUIDED
32.994296999999996,POS,37.4274999,-122.1697,16.100000381469727,0.011131949209416398,GUIDED
33.094257,POS,37.4274999,-122.1697,16.100000381469727,0.011131949209416398,GUIDED
33.194216999999995,POS,37.4274999,-122.1697,16.100000381469727,0.011131949209416398,GUIDED
33.294177,POS,37.4274999,-122.1697,16.100000381469727,0.011131949209416398,GUIDED
33.39497,POS,37.4274999,-122.1697,16.100000381469727,0.011131949209416398,GUIDED
33.49493,POS,37.4274999,-122.1697,16.100000381469727,0.011131949209416398,GUIDED
33.59489,POS,37.4274999,-122.1697,16.100000381469727,0.011131949209416398,GUIDED
33.694849999999995,POS,37.4274999,-122.1697,16.100000381469727,0.011131949209416398,GUIDED
33.79481,POS,37.4274999,-122.1697,16.100000381469727,0.011131949209416398,GUIDED
33.89477,POS,37.4274999,-122.1697,16.100000381469727,0.011131949209416398,GUIDED
33.99473,POS,37.4274999,-122.1697,16.100000381469727,0.011131949209416398,GUIDED
34.09469,POS,37.4274999,-122.1697,16.100000381469727,0.011131949209416398,GUIDED
34.194649999999996,POS,37.4274999,-122.1697,16.100000381469727,0.011131949209416398,GUIDED
34.29461,POS,37.4274999,-122.1697,16.100000381469727,0.011131949209416398,GUIDED
34.39457,POS,37.4274999,-122.1697,16.100000381469727,0.011131949209416398,GUIDED
34.49453,POS,37.4274999,-122.1697,16.100000381469727,0.011131949209416398,GUIDED
34.59449,POS,37.4274999,-122.1697,16.100000381469727,0.011131949209416398,GUIDED
34.694449999999996,POS,37.4274999,-122.1697,16.100000381469727,0.011131949209416398,GUIDED
34.79441,POS,37.4274999,-122.1697,16.100000381469727,0.011131949209416398,GUIDED
34.894369999999995,POS,37.4274999,-122.1697,16.100000381469727,0.011131949209416398,GUIDED
34.99433,POS,37.4274999,-122.1697,16.100000381469727,0.011131949209416398,GUIDED
35.09429,POS,37.4274999,-122.1697,16.100000381469727,0.011131949209416398,GUIDED
35.19425,POS,37.4274999,-122.1697,16.100000381469727,0.011131949209416398,GUIDED
35.29421,POS,37.4274999,-122.1697,16.100000381469727,0.011131949209416398,GUIDED
35.394169999999995,POS,37.4274999,-122.1697,16.100000381469727,0.011131949209416398,GUIDED
35.494963,POS,37.4274999,-122.1697,16.100000381469727,0.011131949209416398,GUIDED
35.594923,POS,37.4274999,-122.1697,16.100000381469727,0.011131949209416398,GUIDED
35.694883,POS,37.4274999,-122.1697,16.100000381469727,0.011131949209416398,GUIDED
35.794843,POS,37.4274999,-122.1697,16.100000381469727,0.011131949209416398,GUIDED
35.894802999999996,POS,37.4274999,-122.1697,16.100000381469727,0.011131949209416398,GUIDED
35.994763,POS,37.4274999,-122.1697,16.100000381469727,0.011131949209416398,GUIDED
36.094722999999995,POS,37.4274999,-122.1697,16.100000381469727,0.011131949209416398,GUIDED
36.194683,POS,37.4274999,-122.1697,16.100000381469727,0.011131949209416398,GUIDED
36.294643,POS,37.4274999,-122.1697,16.100000381469727,0.011131949209416398,GUIDED
36.394603,POS,37.4274999,-122.1697,16.100000381469727,0.011131949209416398,GUIDED
36.494563,POS,37.4274999,-122.1697,16.100000381469727,0.011131949209416398,GUIDED
36.594522999999995,POS,37.4274999,-122.1697,16.100000381469727,0.011131949209416398,GUIDED
36.694483,POS,37.4274999,-122.1697,16.100000381469727,0.011131949209416398,GUIDED
36.794443,POS,37.4274999,-122.1697,16.100000381469727,0.011131949209416398,GUIDED
36.894403,POS,37.4274999,-122.1697,16.100000381469727,0.011131949209416398,GUIDED
36.994363,POS,37.4274999,-122.1697,16.100000381469727,0.011131949209416398,GUIDED
37.094322999999996,POS,37.4274999,-122.1697,16.100000381469727,0.011131949209416398,GUIDED
37.194283,POS,37.4274999,-122.1697,16.100000381469727,0.011131949209416398,GUIDED
37.294243,POS,37.4274999,-122.1697,16.100000381469727,0.011131949209416398,GUIDED
37.394203,POS,37.4274999,-122.1697,16.100000381469727,0.011131949209416398,GUIDED
37.494996,POS,37.4274999,-122.1697,16.100000381469727,0.011131949209416398,GUIDED
37.594955999999996,POS,37.4274999,-122.1697,16.100000381469727,0.011131949209416398,GUIDED
37.694916,POS,37.4274999,-122.1697,16.100000381469727,0.011131949209416398,GUIDED
37.794875999999995,POS,37.4274999,-122.1697,16.100000381469727,0.011131949209416398,GUIDED
37.894836,POS,37.4274999,-122.1697,16.100000381469727,0.011131949209416398,GUIDED
37.994796,POS,37.4274999,-122.1697,16.100000381469727,0.011131949209416398,GUIDED
38.094756,POS,37.4274999,-122.1697,16.100000381469727,0.011131949209416398,GUIDED
38.194716,POS,37.4274999,-122.1697,16.100000381469727,0.011131949209416398,GUIDED
38.294675999999995,POS,37.4274999,-122.1697,16.100000381469727,0.011131949209416398,GUIDED
38.394636,POS,37.4274999,-122.1697,16.100000381469727,0.011131949209416398,GUIDED
38.494596,POS,37.4274999,-122.1697,16.100000381469727,0.011131949209416398,GUIDED
38.594556,POS,37.4274999,-122.1697,16.100000381469727,0.011131949209416398,GUIDED
38.694516,POS,37.4274999,-122.1697,16.100000381469727,0.011131949209416398,GUIDED
38.794475999999996,POS,37.4274999,-122.1697,16.100000381469727,0.011131949209416398,GUIDED
38.894436,POS,37.4274999,-122.1697,16.100000381469727,0.011131949209416398,GUIDED
38.994395999999995,POS,37.4274999,-122.1697,16.100000381469727,0.011131949209416398,GUIDED
39.094356,POS,37.4274999,-122.1697,16.100000381469727,0.011131949209416398,GUIDED
39.194316,POS,37.4274999,-122.1697,16.06999969482422,0.011131949209416398,GUIDED
39.294275999999996,POS,37.4274999,-122.1697,16.06999969482422,0.011131949209416398,GUIDED
39.394236,POS,37.4274999,-122.1697,16.06999969482422,0.011131949209416398,GUIDED
39.494195999999995,POS,37.4274999,-122.1697,16.06999969482422,0.011131949209416398,GUIDED
39.594989,POS,37.4274999,-122.1697,16.06999969482422,0.011131949209416398,GUIDED
39.694949,POS,37.4274999,-122.1697,16.06999969482422,0.011131949209416398,GUIDED
39.794909,POS,37.4274999,-122.1697,16.06999969482422,0.011131949209416398,GUIDED
39.894869,POS,37.4274999,-122.1697,16.06999969482422,0.011131949209416398,GUIDED
39.994828999999996,POS,37.4274999,-122.1697,16.06999969482422,0.011131949209416398,GUIDED
40.094789,POS,37.4274999,-122.1697,16.06999969482422,0.011131949209416398,GUIDED
40.194749,POS,37.4274999,-122.1697,16.06999969482422,0.011131949209416398,GUIDED
40.294709,POS,37.4274999,-122.1697,16.06999969482422,0.011131949209416398,GUIDED
40.394669,POS,37.4274999,-122.1697,16.06999969482422,0.011131949209416398,GUIDED
40.494628999999996,POS,37.4274999,-122.1697,16.06999969482422,0.011131949209416398,GUIDED
40.594589,POS,37.4274999,-122.1697,16.06999969482422,0.011131949209416398,GUIDED
40.694548999999995,POS,37.4274999,-122.1697,16.06999969482422,0.011131949209416398,GUIDED
40.794509,POS,37.4274999,-122.1697,16.06999969482422,0.011131949209416398,GUIDED
40.894469,POS,37.4274999,-122.1697,16.06999969482422,0.011131949209416398,GUIDED
40.994429,POS,37.4274999,-122.1697,16.06999969482422,0.011131949209416398,GUIDED
41.094389,POS,37.4274999,-122.1697,16.06999969482422,0.011131949209416398,GUIDED
41.194348999999995,POS,37.4274999,-122.1697,16.06999969482422,0.011131949209416398,GUIDED
41.294309,POS,37.4274999,-122.1697,16.06999969482422,0.011131949209416398,GUIDED
41.394269,POS,37.4274999,-122.1697,16.06999969482422,0.011131949209416398,GUIDED
41.494229,POS,37.4274999,-122.1697,16.06999969482422,0.011131949209416398,GUIDED
41.594189,POS,37.4274999,-122.1697,16.06999969482422,0.011131949209416398,GUIDED
41.694981999999996,POS,37.4274999,-122.1697,16.06999969482422,0.011131949209416398,GUIDED
41.794942,POS,37.4274999,-122.1697,16.06999969482422,0.011131949209416398,GUIDED
41.894901999999995,POS,37.4274999,-122.1697001,16.06999969482422,0.01421507314541867,GUIDED
41.994862,POS,37.4274999,-122.1697001,16.06999969482422,0.01421507314541867,GUIDED
42.094822,POS,37.4274999,-122.1697001,16.06999969482422,0.01421507314541867,GUIDED
42.194782,POS,37.4274999,-122.1697001,16.06999969482422,0.01421507314541867,GUIDED
42.294742,POS,37.4274999,-122.1697001,16.06999969482422,0.01421507314541867,GUIDED
42.394701999999995,POS,37.4274999,-122.1697001,16.06999969482422,0.01421507314541867,GUIDED
42.494662,POS,37.4274999,-122.1697001,16.06999969482422,0.01421507314541867,GUIDED
42.594622,POS,37.4274999,-122.1697001,16.06999969482422,0.01421507314541867,GUIDED
42.694582,POS,37.4274998,-122.1697001,16.06999969482422,0.023954731980071642,GUIDED
42.794542,POS,37.4274998,-122.1697001,16.06999969482422,0.023954731980071642,GUIDED
42.894501999999996,POS,37.4274998,-122.1697001,16.06999969482422,0.023954731980071642,GUIDED
42.994462,POS,37.4274998,-122.1697001,16.06999969482422,0.023954731980071642,GUIDED
43.094422,POS,37.4274998,-122.1697001,16.06999969482422,0.023954731980071642,GUIDED
43.194382,POS,37.4274998,-122.1697001,16.06999969482422,0.023954731980071642,GUIDED
43.294342,POS,37.4274998,-122.1697001,16.06999969482422,0.023954731980071642,GUIDED
43.394301999999996,POS,37.4274998,-122.1697001,16.06999969482422,0.023954731980071642,GUIDED
43.494262,POS,37.4274998,-122.1697001,16.06999969482422,0.023954731980071642,GUIDED
43.594221999999995,POS,37.4274998,-122.1697001,16.06999969482422,0.023954731980071642,GUIDED
43.694182,POS,37.4274998,-122.1697001,16.06999969482422,0.023954731980071642,GUIDED
43.794975,POS,37.4274998,-122.1697001,16.06999969482422,0.023954731980071642,GUIDED
43.894935,POS,37.4274998,-122.1697001,16.06999969482422,0.023954731980071642,GUIDED
43.994895,POS,37.4274998,-122.1697001,16.06999969482422,0.023954731980071642,GUIDED
44.094854999999995,POS,37.4274998,-122.1697001,16.06999969482422,0.023954731980071642,GUIDED
44.194815,POS,37.4274998,-122.1697001,16.06999969482422,0.023954731980071642,GUIDED
44.294775,POS,37.4274998,-122.1697001,16.06999969482422,0.023954731980071642,GUIDED
44.394735,POS,37.4274998,-122.1697001,16.06999969482422,0.023954731980071642,GUIDED
44.494695,POS,37.4274998,-122.1697001,16.06999969482422,0.023954731980071642,GUIDED
44.594654999999996,POS,37.4274998,-122.1697001,16.06999969482422,0.023954731980071642,GUIDED
44.694615,POS,37.4274998,-122.1697001,16.06999969482422,0.023954731980071642,GUIDED
44.794574999999995,POS,37.4274999,-122.1697001,16.06999969482422,0.01421507314541867,GUIDED
44.894535,POS,37.4274998,-122.1697001,16.06999969482422,0.023954731980071642,GUIDED
44.994495,POS,37.4274999,-122.1697001,16.06999969482422,0.01421507314541867,GUIDED
45.094454999999996,POS,37.4274999,-122.1697001,16.06999969482422,0.01421507314541867,GUIDED
45.194415,POS,37.4274999,-122.1697001,16.06999969482422,0.01421507314541867,GUIDED
45.294374999999995,POS,37.4274999,-122.1697001,16.06999969482422,0.01421507314541867,GUIDED
45.394335,POS,37.4274999,-122.1697001,16.06999969482422,0.01421507314541867,GUIDED
45.494295,POS,37.4274999,-122.1697001,16.06999969482422,0.01421507314541867,GUIDED
45.594255,POS,37.4274999,-122.1697001,16.06999969482422,0.01421507314541867,GUIDED
45.694215,POS,37.4274999,-122.1697001,16.06999969482422,0.01421507314541867,GUIDED
45.794174999999996,POS,37.4274999,-122.1697001,16.06999969482422,0.01421507314541867,GUIDED
45.894968,POS,37.4274999,-122.1697001,16.06999969482422,0.01421507314541867,GUIDED
45.994928,POS,37.4274999,-122.1697001,16.06999969482422,0.01421507314541867,GUIDED
46.094888,POS,37.4274999,-122.1697001,16.06999969482422,0.01421507314541867,GUIDED
46.194848,POS,37.4274999,-122.1697001,16.06999969482422,0.01421507314541867,GUIDED
46.294807999999996,POS,37.4274999,-122.1697001,16.06999969482422,0.01421507314541867,GUIDED
46.394768,POS,37.4274999,-122.1697001,16.06999969482422,0.01421507314541867,GUIDED
46.494727999999995,POS,37.4274999,-122.1697001,16.06999969482422,0.01421507314541867,GUIDED
46.594688,POS,37.4274999,-122.1697001,16.06999969482422,0.01421507314541867,GUIDED
46.694648,POS,37.4274999,-122.1697001,16.06999969482422,0.01421507314541867,GUIDED
46.794608,POS,37.4274999,-122.1697001,16.06999969482422,0.01421507314541867,GUIDED
46.894568,POS,37.4274999,-122.1697001,16.06999969482422,0.01421507314541867,GUIDED
46.994527999999995,POS,37.4274999,-122.1697001,16.06999969482422,0.01421507314541867,GUIDED
47.094488,POS,37.4274999,-122.1697001,16.06999969482422,0.01421507314541867,GUIDED
47.194448,POS,37.4274999,-122.1697001,16.06999969482422,0.01421507314541867,GUIDED
47.294408,POS,37.4274999,-122.1697001,16.06999969482422,0.01421507314541867,GUIDED
47.394368,POS,37.4274999,-122.1697001,16.06999969482422,0.01421507314541867,GUIDED
47.494327999999996,POS,37.4274999,-122.1697001,16.06999969482422,0.01421507314541867,GUIDED
47.594288,POS,37.4274999,-122.1697001,16.06999969482422,0.01421507314541867,GUIDED
47.694247999999995,POS,37.4274999,-122.1697001,16.06999969482422,0.01421507314541867,GUIDED
47.794208,POS,37.4274999,-122.1697001,16.06999969482422,0.01421507314541867,GUIDED
47.894168,POS,37.4274999,-122.1697001,16.06999969482422,0.01421507314541867,GUIDED
47.994960999999996,POS,37.4274999,-122.1697001,16.06999969482422,0.01421507314541867,GUIDED
48.094921,POS,37.4274999,-122.1697001,16.06999969482422,0.01421507314541867,GUIDED
48.194880999999995,POS,37.4274999,-122.1697001,16.06999969482422,0.01421507314541867,GUIDED
48.294841,POS,37.4274999,-122.1697001,16.06999969482422,0.01421507314541867,GUIDED
48.394801,POS,37.4274999,-122.1697001,16.06999969482422,0.01421507314541867,GUIDED
48.494761,POS,37.4274999,-122.1697001,16.06999969482422,0.01421507314541867,GUIDED
48.594721,POS,37.4274999,-122.1697001,16.06999969482422,0.01421507314541867,GUIDED
48.694680999999996,POS,37.4274999,-122.1697001,16.06999969482422,0.01421507314541867,GUIDED
48.794641,POS,37.4274999,-122.1697001,16.06999969482422,0.01421507314541867,GUIDED
48.894601,POS,37.4274999,-122.1697001,16.06999969482422,0.01421507314541867,GUIDED
48.994561,POS,37.4274999,-122.1697001,16.06999969482422,0.01421507314541867,GUIDED
49.094521,POS,37.4274999,-122.1697001,16.06999969482422,0.01421507314541867,GUIDED
49.194480999999996,POS,37.4274999,-122.1697001,16.09000015258789,0.01421507314541867,GUIDED
49.294441,POS,37.4274999,-122.1697001,16.100000381469727,0.01421507314541867,GUIDED
49.394400999999995,POS,37.4274999,-122.1697001,16.1299991607666,0.01421507314541867,GUIDED
49.494361,POS,37.4274999,-122.1697001,16.149999618530273,0.01421507314541867,GUIDED
49.594321,POS,37.4274999,-122.1697,16.190000534057617,0.011131949209416398,GUIDED
49.694281,POS,37.4274999,-122.1697,16.239999771118164,0.011131949209416398,GUIDED
49.794241,POS,37.4274999,-122.1697,16.350000381469727,0.011131949209416398,GUIDED
49.894200999999995,POS,37.4274999,-122.1697,16.469999313354492,0.011131949209416398,GUIDED
49.994994,POS,37.4274999,-122.1696999,16.579999923706055,0.014215073926666955,GUIDED
50.094954,POS,37.4274999,-122.1696999,16.690000534057617,0.014215073926666955,GUIDED
50.194914,POS,37.4274999,-122.1696998,16.799999237060547,0.020892878761370796,GUIDED
50.294874,POS,37.4274999,-122.1696997,16.920000076293945,0.028761997990825246,GUIDED
50.394833999999996,POS,37.4274999,-122.1696996,17.049999237060547,0.037071399382088026,GUIDED
50.494794,POS,37.4274999,-122.1696995,17.19999885559082,0.045580927037309024,GUIDED
50.594753999999995,POS,37.4274999,-122.1696994,17.350000381469727,0.054196393799106596,GUIDED
50.694714,POS,37.4274999,-122.1696992,17.510000228881836,0.07159185518606168,GUIDED
50.794674,POS,37.4274999,-122.1696991,17.690000534057617,0.08033623099456333,GUIDED
50.894633999999996,POS,37.4274999,-122.169699,17.869998931884766,0.08909950918276059,GUIDED
50.994594,POS,37.4274999,-122.1696988,18.06999969482422,0.10666412357103128,GUIDED
51.094553999999995,POS,37.4274999,-122.1696987,18.270000457763672,0.11545967235441432,GUIDED
51.194514,POS,37.4274999,-122.1696986,18.489999771118164,0.12426154827349566,GUIDED
51.294474,POS,37.4274999,-122.1696984,18.709999084472656,0.14187957457276565,GUIDED
51.394434,POS,37.4274999,-122.1696983,18.94999885559082,0.15069405624594512,GUIDED
51.494394,POS,37.4274999,-122.1696981,19.19999885559082,0.16833108969792132,GUIDED
51.594353999999996,POS,37.4274999,-122.169698,19.44999885559082,0.17715284028942976,GUIDED
51.694314,POS,37.4274999,-122.1696979,19.69999885559082,0.18597633582524112,GUIDED
51.794274,POS,37.4274999,-122.1696977,19.959999084472656,0.20362765871695507,GUIDED
51.894234,POS,37.4274999,-122.1696976,20.209999084472656,0.21245512502432568,GUIDED
51.994194,POS,37.4275,-122.1696975,20.469999313354492,0.22100342332901912,GUIDED
52.094986999999996,POS,37.4275,-122.1696974,20.729999542236328,0.22984355970942594,GUIDED
52.194947,POS,37.4275,-122.1696972,20.989999771118164,0.24752383372649855,GUIDED
52.294906999999995,POS,37.4275,-122.1696971,21.239999771118164,0.2563639713631644,GUIDED
52.394867,POS,37.4275,-122.169697,21.5,0.26520410774357117,GUIDED
52.494827,POS,37.4275,-122.1696969,21.75,0.27404424412397793,GUIDED
52.594787,POS,37.4275,-122.1696968,22.010000228881836,0.2828843817606438,GUIDED
52.694747,POS,37.4275,-122.1696967,22.260000228881836,0.2917245181410506,GUIDED
52.794706999999995,POS,37.4275,-122.1696966,22.510000228881836,0.3005646557777164,GUIDED
52.894667,POS,37.4275,-122.1696965,22.760000228881836,0.30940479215812317,GUIDED
52.994627,POS,37.4275,-122.1696964,23.010000228881836,0.31824492853853,GUIDED
53.094587,POS,37.4275,-122.1696963,23.260000228881836,0.3270850661751958,GUIDED
53.194547,POS,37.4275,-122.1696962,23.510000228881836,0.3359252025556026,GUIDED
53.294506999999996,POS,37.4275,-122.1696962,23.760000228881836,0.3359252025556026,GUIDED
53.394467,POS,37.4275,-122.1696961,24.010000228881836,0.3447653401922684,GUIDED
53.494426999999995,POS,37.4275,-122.1696961,24.25,0.3447653401922684,GUIDED
53.594387,POS,37.4275,-122.169696,24.5,0.35360547657267516,GUIDED
53.694347,POS,37.4275,-122.169696,24.75,0.35360547657267516,GUIDED
53.794306999999996,POS,37.4275,-122.169696,25.0,0.35360547657267516,GUIDED
53.894267,POS,37.4275,-122.169696,25.25,0.35360547657267516,GUIDED
53.994226999999995,POS,37.4275,-122.169696,25.489999771118164,0.35360547657267516,GUIDED
54.094187,POS,37.4275,-122.1696959,25.739999771118164,0.362445614209341,GUIDED
54.19498,POS,37.4275,-122.1696959,25.989999771118164,0.362445614209341,GUIDED
54.29494,POS,37.4275,-122.1696959,26.239999771118164,0.362445614209341,GUIDED
54.3949,POS,37.4275,-122.1696959,26.479999542236328,0.362445614209341,RTL
54.494859999999996,POS,37.4275,-122.1696959,26.729999542236328,0.362445614209341,RTL
54.59482,POS,37.4275,-122.1696959,26.969999313354492,0.362445614209341,RTL
54.69478,POS,37.4275,-122.1696959,27.19999885559082,0.362445614209341,RTL
54.79474,POS,37.4275,-122.1696959,27.43000030517578,0.362445614209341,RTL
54.8947,POS,37.4275,-122.1696959,27.65999984741211,0.362445614209341,RTL
54.994659999999996,POS,37.4275,-122.1696959,27.869998931884766,0.362445614209341,RTL
55.09462,POS,37.4275,-122.1696958,28.09000015258789,0.37128575058974783,RTL
55.194579999999995,POS,37.4275,-122.1696958,28.28999900817871,0.37128575058974783,RTL
55.29454,POS,37.4275,-122.1696957,28.489999771118164,0.3801258869701546,RTL
55.3945,POS,37.4275,-122.1696956,28.689998626708984,0.3889660246068205,RTL
55.49446,POS,37.4275,-122.1696956,28.8799991607666,0.3889660246068205,RTL
55.59442,POS,37.4275,-122.1696955,29.059999465942383,0.39780616098722726,RTL
55.694379999999995,POS,37.4275,-122.1696954,29.239999771118164,0.406646298623893,RTL
55.79434,POS,37.4275,-122.1696953,29.420000076293945,0.4154864350042998,RTL
55.8943,POS,37.4275,-122.1696952,29.59000015258789,0.4243265713847067,RTL
55.99426,POS,37.4275,-122.1696952,29.760000228881836,0.4243265713847067,RTL
56.09422,POS,37.4275,-122.1696951,29.939998626708984,0.43316670902137244,RTL
56.194179999999996,POS,37.4275,-122.169695,30.10999870300293,0.44200684540177926,RTL
56.294973,POS,37.4275,-122.169695,30.279998779296875,0.44200684540177926,RTL
56.394932999999995,POS,37.4275,-122.1696949,30.459999084472656,0.4508469830384451,RTL
56.494893,POS,37.4275,-122.1696949,30.649999618530273,0.4508469830384451,RTL
56.594853,POS,37.4275,-122.1696948,30.84000015258789,0.4596871194188519,RTL
56.694812999999996,POS,37.4275,-122.1696948,31.029998779296875,0.4596871194188519,RTL
56.794773,POS,37.4275,-122.1696948,31.239999771118164,0.4596871194188519,RTL
56.894732999999995,POS,37.4275,-122.1696948,31.44999885559082,0.4596871194188519,RTL
56.994693,POS,37.4275,-122.1696948,31.670000076293945,0.4596871194188519,RTL
57.094653,POS,37.4275,-122.1696948,31.889999389648438,0.4596871194188519,RTL
57.194613,POS,37.4275,-122.1696948,32.130001068115234,0.4596871194188519,RTL
57.294573,POS,37.4275,-122.1696948,32.380001068115234,0.4596871194188519,RTL
57.394532999999996,POS,37.4275,-122.1696948,32.630001068115234,0.4596871194188519,RTL
57.494493,POS,37.4275,-122.1696948,32.880001068115234,0.4596871194188519,RTL
57.594453,POS,37.4275,-122.1696947,33.130001068115234,0.4685272570555177,RTL
57.694413,POS,37.4275,-122.1696947,33.380001068115234,0.4685272570555177,RTL
57.794373,POS,37.4275,-122.1696946,33.619998931884766,0.4773673934359244,RTL
57.894332999999996,POS,37.4275,-122.1696945,33.86000061035156,0.4862075298163312,RTL
57.994293,POS,37.4275001,-122.1696944,34.07999801635742,0.4951728112654239,RTL
58.094252999999995,POS,37.4275001,-122.1696943,34.290000915527344,0.5040107526691324,GUIDED
58.194213,POS,37.4275001,-122.1696942,34.48999786376953,0.5128487709902262,GUIDED
58.294173,POS,37.4275001,-122.169694,34.68000030517578,0.5305250169794162,GUIDED
58.394966,POS,37.4275001,-122.1696937,34.86000061035156,0.5570398677012538,GUIDED
58.494926,POS,37.4275001,-122.1696932,35.029998779296875,0.6012323739714002,GUIDED
58.594885999999995,POS,37.4275002,-122.1696923,35.189998626708984,0.6810545461900822,GUIDED
58.694846,POS,37.4275002,-122.169691,35.34000015258789,0.7959237691664519,GUIDED
58.794806,POS,37.4275002,-122.1696892,35.47999954223633,0.954994341326548,GUIDED
58.894766,POS,37.4275002,-122.169687,35.61000061035156,1.1494334370057644,GUIDED
58.994726,POS,37.4275003,-122.1696843,35.72999954223633,1.3883032210877204,GUIDED
59.094685999999996,POS,37.4275003,-122.1696812,35.82999801635742,1.6622812367657525,GUIDED
59.194646,POS,37.4275003,-122.1696777,35.93000030517578,1.9716333794009393,GUIDED
59.294605999999995,POS,37.4275003,-122.1696738,36.02000045776367,2.3163566184170086,GUIDED
59.394566,POS,37.4275003,-122.1696694,36.099998474121094,2.7052880257400216,GUIDED
59.494526,POS,37.4275003,-122.1696647,36.15999984741211,3.120747015474168,GUIDED
59.594485999999996,POS,37.4275003,-122.1696595,36.21999740600586,3.5804111916784356,GUIDED
59.694446,POS,37.4275003,-122.1696538,36.27000045776367,4.084279777873614,GUIDED
59.794405999999995,POS,37.4275003,-122.1696478,36.30999755859375,4.614672297703462,GUIDED
59.894366,POS,37.4275003,-122.1696412,36.32999801635742,5.198107769158683,GUIDED
59.994326,POS,37.4275003,-122.1696343,36.349998474121094,5.808065948084251,GUIDED
60.094286,POS,37.4275003,-122.169627,36.36000061035156,6.453386339152133,GUIDED
60.194246,POS,37.4275002,-122.1696193,36.36000061035156,7.134025214794481,GUIDED
60.294205999999996,POS,37.4275002,-122.1696113,36.36000061035156,7.841233032429006,GUIDED
60.394999,POS,37.4275001,-122.1696031,36.36000061035156,8.56609988886125,GUIDED
60.494959,POS,37.4275001,-122.1695947,36.349998474121094,9.308670811282779,GUIDED
60.594919,POS,37.4275,-122.1695861,36.34000015258789,10.068915935262025,GUIDED
60.694879,POS,37.4275,-122.1695774,36.34000015258789,10.838007846838845,GUIDED
60.794838999999996,POS,37.4275,-122.1695684,36.32999801635742,11.633620167556861,GUIDED
60.894799,POS,37.4275,-122.1695595,36.31999969482422,12.420392351894446,GUIDED
60.994758999999995,POS,37.4274999,-122.1695505,36.30999755859375,13.216009370960446,GUIDED
61.094719,POS,37.4274999,-122.1695414,36.30999755859375,14.020461560853569,GUIDED
61.194679,POS,37.4274999,-122.1695323,36.29999923706055,14.824913779940303,GUIDED
61.294639,POS,37.4274999,-122.1695232,36.29999923706055,15.629366023712816,GUIDED
61.394599,POS,37.4274999,-122.169514,36.29999923706055,16.442658422905183,GUIDED
61.494558999999995,POS,37.4274999,-122.1695048,36.29999923706055,17.25595084183725,GUIDED
61.594519,POS,37.4274999,-122.1694955,36.290000915527344,18.078083411466466,GUIDED
61.694479,POS,37.4274999,-122.1694863,36.290000915527344,18.89137585919301,GUIDED
61.794439,POS,37.4274999,-122.169477,36.290000915527344,19.713508455332114,GUIDED
61.89439899999999,POS,37.4274999,-122.1694677,36.29999923706055,20.535641062423093,GUIDED
61.994359,POS,37.4274999,-122.1694584,36.29999923706055,21.357773679201223,GUIDED
62.094319,POS,37.4274999,-122.1694491,36.29999923706055,22.17990630458928,GUIDED
62.194278999999995,POS,37.4274999,-122.1694399,36.29999923706055,22.993198801057137,GUIDED
62.294239000000005,POS,37.4274999,-122.1694307,36.29999923706055,23.80649130427615,GUIDED
62.394199,POS,37.4274999,-122.1694214,36.29999923706055,24.62862395031648,GUIDED
62.494991999999996,POS,37.4274999,-122.1694122,36.29999923706055,25.44191646642929,GUIDED
62.59495199999999,POS,37.4275,-122.1694029,36.29999923706055,26.264046746451434,GUIDED
62.694912,POS,37.4275,-122.1693935,36.29999923706055,27.09501961520271,GUIDED
62.794872,POS,37.4275,-122.1693841,36.29999923706055,27.925992483953912,GUIDED
62.894831999999994,POS,37.4275,-122.1693748,36.29999923706055,28.74812521632466,GUIDED
62.994792000000004,POS,37.4275,-122.1693654,36.29999923706055,29.579098085075728,GUIDED
63.094752,POS,37.4275001,-122.1693561,36.30999755859375,30.401232835222505,GUIDED
63.194711999999996,POS,37.4275001,-122.1693467,36.30999755859375,31.23220564919271,GUIDED
63.29467199999999,POS,37.4275001,-122.1693374,36.30999755859375,32.054338330132,GUIDED
63.394632,POS,37.4275001,-122.1693281,36.30999755859375,32.876471013616005,GUIDED
63.494592,POS,37.4275001,-122.1693188,36.30999755859375,33.69860369945845,GUIDED
63.59455199999999,POS,37.4275002,-122.1693095,36.30999755859375,34.520741749037086,GUIDED
63.694512,POS,37.4275002,-122.1693002,36.30999755859375,35.34287431330294,GUIDED
63.794472,POS,37.4275002,-122.1692909,36.30999755859375,36.16500688516176,GUIDED
63.894431999999995,POS,37.4275002,-122.1692817,36.30999755859375,36.97829932808425,GUIDED
63.994392000000005,POS,37.4275002,-122.1692724,36.30999755859375,37.80043191358512,GUIDED
64.094352,POS,37.4275002,-122.1692632,36.30999755859375,38.613724369136,GUIDED
64.194312,POS,37.4275002,-122.1692541,36.30999755859375,39.418176695425196,GUIDED
64.29427199999999,POS,37.4275003,-122.169245,36.30999755859375,40.22263670223983,GUIDED
64.394232,POS,37.4275003,-122.1692359,36.30999755859375,41.027088887140025,GUIDED
64.494192,POS,37.4275003,-122.1692268,36.30999755859375,41.831541082495505,GUIDED
64.594985,POS,37.4275003,-122.1692178,36.30999755859375,42.627153154064196,GUIDED
64.694945,POS,37.4275003,-122.1692087,36.30999755859375,43.43160536849914,GUIDED
64.794905,POS,37.4275003,-122.1691996,36.30999755859375,44.236057591746835,GUIDED
64.894865,POS,37.4275003,-122.1691904,36.30999755859375,45.049349957268234,GUIDED
64.99482499999999,POS,37.4275003,-122.1691812,36.30999755859375,45.862642332117275,GUIDED
65.094785,POS,37.4275003,-122.1691721,36.30999755859375,46.66709457926001,GUIDED
65.194745,POS,37.4275003,-122.1691629,36.30999755859375,47.48038696768187,GUIDED
65.294705,POS,37.4275003,-122.1691538,36.30999755859375,48.28483922874888,GUIDED
65.394665,POS,37.4275003,-122.1691446,36.30999755859375,49.09813163180254,GUIDED
65.494625,POS,37.4275003,-122.1691355,36.30999755859375,49.90258390545092,GUIDED
65.594585,POS,37.4275003,-122.1691263,36.30999755859375,50.71587631935428,GUIDED
65.694545,POS,37.4275003,-122.1691172,36.30999755859375,51.52032860440837,GUIDED
65.794505,POS,37.4275003,-122.1691081,36.30999755859375,52.324780894741416,GUIDED
65.894465,POS,37.4275003,-122.169099,36.31999969482422,53.129233190113574,GUIDED
65.99442499999999,POS,37.4275003,-122.1690899,36.31999969482422,53.933685490299375,GUIDED
66.094385,POS,37.4275003,-122.1690808,36.31999969482422,54.738137795086566,GUIDED
66.194345,POS,37.4275003,-122.1690718,36.31999969482422,55.533749969510794,GUIDED
66.294305,POS,37.4275003,-122.1690627,36.31999969482422,56.33820228286708,GUIDED
66.394265,POS,37.4275003,-122.1690537,36.31999969482422,57.13381446415134,GUIDED
66.494225,POS,37.4275003,-122.1690448,36.31999969482422,57.9205865155844,GUIDED
66.594185,POS,37.4275003,-122.1690358,36.31999969482422,58.71619870424718,GUIDED
66.69497799999999,POS,37.4275003,-122.1690268,36.31999969482422,59.511810897654236,GUIDED
66.794938,POS,37.4275003,-122.1690177,36.31999969482422,60.31626322941865,GUIDED
66.894898,POS,37.4275003,-122.1690086,36.31999969482422,61.12071556447265,GUIDED
66.994858,POS,37.4275003,-122.1689994,36.31999969482422,61.93400803776531,GUIDED
67.094818,POS,37.4275003,-122.1689903,36.31999969482422,62.73846037905319,GUIDED
67.194778,POS,37.4275003,-122.1689812,36.31999969482422,63.542912723264095,GUIDED
67.294738,POS,37.4275003,-122.1689721,36.31999969482422,64.34736507028839,GUIDED
67.39469799999999,POS,37.4275003,-122.168963,36.31999969482422,65.15181742002187,GUIDED
67.494658,POS,37.4275003,-122.1689539,36.31999969482422,65.9562697723654,GUIDED
67.594618,POS,37.4275003,-122.1689448,36.31999969482422,66.76072212722458,GUIDED
67.69457799999999,POS,37.4275003,-122.1689357,36.31999969482422,67.56517448450961,GUIDED
67.794538,POS,37.4275003,-122.1689266,36.32999801635742,68.3696268441348,GUIDED
67.894498,POS,37.4275003,-122.1689175,36.32999801635742,69.17407920601852,GUIDED
67.994458,POS,37.4275003,-122.1689084,36.32999801635742,69.97853157008288,GUIDED
68.094418,POS,37.4275003,-122.1688993,36.32999801635742,70.78298393625352,GUIDED
68.194378,POS,37.4275003,-122.1688902,36.32999801635742,71.5874363044594,GUIDED
68.294338,POS,37.4275002,-122.1688812,36.32999801635742,72.38304430753529,GUIDED
68.39429799999999,POS,37.4275002,-122.1688722,36.32999801635742,73.1786565912129,GUIDED
68.494258,POS,37.4275002,-122.1688632,36.32999801635742,73.97426887443484,GUIDED
68.594218,POS,37.4275002,-122.1688542,36.32999801635742,74.76988115968808,GUIDED
68.694178,POS,37.4275002,-122.1688453,36.32999801635742,75.55665330845083,GUIDED
68.794971,POS,37.4275002,-122.1688363,36.32999801635742,76.35226559517373,GUIDED
68.894931,POS,37.4275002,-122.1688273,36.32999801635742,77.1478778813452,GUIDED
68.994891,POS,37.4275002,-122.1688183,36.32999801635742,77.94349016945617,GUIDED
69.09485099999999,POS,37.4275002,-122.1688092,36.32999801635742,78.74794259424478,GUIDED
69.194811,POS,37.4275002,-122.1688001,36.32999801635742,79.55239501969017,GUIDED
69.294771,POS,37.4275002,-122.168791,36.32999801635742,80.35684744577257,GUIDED
69.394731,POS,37.4275002,-122.1687819,36.32999801635742,81.16129987247307,GUIDED
69.494691,POS,37.4275002,-122.1687728,36.32999801635742,81.96575229977346,GUIDED
69.594651,POS,37.4275002,-122.1687637,36.32999801635742,82.7702047276562,GUIDED
69.694611,POS,37.4275002,-122.1687546,36.32999801635742,83.57465715610452,GUIDED
69.794571,POS,37.4275002,-122.1687455,36.32999801635742,84.37910958510219,GUIDED
69.894531,POS,37.4275002,-122.1687364,36.34000015258789,85.18356201463368,GUIDED
69.994491,POS,37.4275002,-122.1687273,36.34000015258789,85.98801444468397,GUIDED
70.09445099999999,POS,37.4275002,-122.1687182,36.34000015258789,86.79246687523865,GUIDED
70.194411,POS,37.4275002,-122.1687091,36.34000015258789,87.59691930628375,GUIDED
70.294371,POS,37.4275002,-122.1687001,36.34000015258789,88.39253160171789,GUIDED
70.394331,POS,37.4275002,-122.1686911,36.34000015258789,89.18814389634991,GUIDED
70.494291,POS,37.4275002,-122.1686821,36.34000015258789,89.9837561926803,GUIDED
70.594251,POS,37.4275002,-122.1686731,36.34000015258789,90.77936848818487,GUIDED
70.694211,POS,37.4275002,-122.1686641,36.34000015258789,91.57498078536497,GUIDED
70.79417099999999,POS,37.4275002,-122.1686552,36.34000015258789,92.36175294558555,GUIDED
70.894964,POS,37.4275002,-122.1686462,36.34000015258789,93.15736524356758,GUIDED
70.994924,POS,37.4275002,-122.1686373,36.34000015258789,93.94413740456109,GUIDED
71.094884,POS,37.4275002,-122.1686284,36.34000015258789,94.73090956592448,GUIDED
71.194844,POS,37.4275002,-122.1686198,36.34000015258789,95.49116131800758,GUIDED
71.294804,POS,37.4275002,-122.1686115,36.34000015258789,96.22489266076762,GUIDED
71.394764,POS,37.4275002,-122.1686038,36.34000015258789,96.90558318324662,GUIDED
71.494724,POS,37.4275002,-122.1685965,36.34000015258789,97.55091315891217,GUIDED
71.594684,POS,37.4275002,-122.1685897,36.34000015258789,98.15204245283802,GUIDED
71.694644,POS,37.4275002,-122.1685834,36.34000015258789,98.70897106246598,GUIDED
71.79460399999999,POS,37.4275001,-122.1685775,36.34000015258789,99.23053731946821,GUIDED
71.894564,POS,37.4275001,-122.1685721,36.34000015258789,99.70790470833111,GUIDED
71.994524,POS,37.4275001,-122.1685671,36.349998474121094,100.14991155068718,GUIDED
72.094484,POS,37.4275001,-122.1685626,36.349998474121094,100.54771770895378,GUIDED
72.194444,POS,37.4275,-122.1685585,36.349998474121094,100.91016277282644,GUIDED
72.294404,POS,37.4275,-122.1685548,36.349998474121094,101.23724783899561,GUIDED
72.394364,POS,37.4275,-122.1685515,36.349998474121094,101.528972355875,GUIDED
72.49432399999999,POS,37.4274999,-122.1685487,36.349998474121094,101.7764968663564,GUIDED
72.594284,POS,37.4274999,-122.1685463,36.349998474121094,101.98866015092004,GUIDED
72.694244,POS,37.4274999,-122.1685443,36.36000061035156,102.16546288889795,GUIDED
72.794204,POS,37.4274998,-122.1685426,36.36000061035156,102.31574710043212,GUIDED
72.894997,POS,37.4274998,-122.1685412,36.36000061035156,102.43950901327558,GUIDED
72.994957,POS,37.4274997,-122.1685401,36.36000061035156,102.53675360741866,GUIDED
73.094917,POS,37.4274997,-122.1685392,36.36000061035156,102.6163148358087,GUIDED
73.19487699999999,POS,37.4274997,-122.1685383,36.36000061035156,102.69587606420522,GUIDED
73.294837,POS,37.4274996,-122.1685376,36.369998931884766,102.75776130892861,GUIDED
73.394797,POS,37.4274996,-122.168537,36.369998931884766,102.81080212488702,GUIDED
73.49475699999999,POS,37.4274996,-122.1685365,36.369998931884766,102.855002805275,GUIDED
73.594717,POS,37.4274996,-122.168536,36.369998931884766,102.89920348566659,GUIDED
73.694677,POS,37.4274996,-122.1685356,36.36000061035156,102.93456403048489,GUIDED
73.794637,POS,37.4274996,-122.1685352,36.36000061035156,102.9699245753055,GUIDED
73.894597,POS,37.4274996,-122.1685349,36.36000061035156,102.99644498329428,GUIDED
73.994557,POS,37.4274996,-122.1685346,36.36000061035156,103.02296539128434,GUIDED
74.094517,POS,37.4274996,-122.1685344,36.36000061035156,103.0406456636972,GUIDED
74.19447699999999,POS,37.4274996,-122.1685343,36.36000061035156,103.0494857992757,GUIDED
74.294437,POS,37.4274996,-122.1685342,36.36000061035156,103.05832593611063,GUIDED
74.394397,POS,37.4274997,-122.1685341,36.36000061035156,103.0671617947146,GUIDED
74.494357,POS,37.4274997,-122.1685341,36.36000061035156,103.0671617947146,GUIDED
74.594317,POS,37.4274997,-122.1685341,36.36000061035156,103.0671617947146,GUIDED
74.694277,POS,37.4274998,-122.1685342,36.349998474121094,103.05831858387953,GUIDED
74.794237,POS,37.4274998,-122.1685343,36.349998474121094,103.04947844643752,GUIDED
74.89419699999999,POS,37.4274999,-122.1685344,36.349998474121094,103.0406364374817,GUIDED
74.99499,POS,37.4274999,-122.1685345,36.349998474121094,103.03179629989087,GUIDED
75.09495,POS,37.4274999,-122.1685347,36.349998474121094,103.01411602722185,GUIDED
75.19491,POS,37.4275,-122.1685349,36.349998474121094,102.99643508293302,GUIDED
75.29487,POS,37.4275,-122.1685351,36.349998474121094,102.97875480891628,GUIDED
75.39483,POS,37.4275001,-122.1685354,36.349998474121094,102.95223493159489,GUIDED
75.49479,POS,37.4275001,-122.1685357,36.349998474121094,102.92571452011447,GUIDED
75.59475,POS,37.4275002,-122.168536,36.349998474121094,102.89919584759969,GUIDED
75.69471,POS,37.4275002,-122.1685362,36.349998474121094,102.88151557402047,GUIDED
75.79467,POS,37.4275002,-122.1685365,36.349998474121094,102.85499516428006,GUIDED
75.89462999999999,POS,37.4275003,-122.1685368,36.349998474121094,102.82847769865543,GUIDED
75.99459,POS,37.4275003,-122.1685372,36.349998474121094,102.79311715255831,GUIDED
76.09455,POS,37.4275003,-122.1685375,36.349998474121094,102.76659674361444,GUIDED
76.19451,POS,37.4275004,-122.1685378,36.349998474121094,102.74008048759141,GUIDED
76.29447,POS,37.4275005,-122.1685381,36.349998474121094,102.71356543899284,GUIDED
76.39443,POS,37.4275005,-122.1685384,36.349998474121094,102.68704503257923,GUIDED
76.49439,POS,37.4275005,-122.1685387,36.349998474121094,102.66052462616766,GUIDED
76.59434999999999,POS,37.4275005,-122.168539,36.349998474121094,102.63400421975811,GUIDED
76.69431,POS,37.4275005,-122.1685393,36.349998474121094,102.60748381209433,GUIDED
76.79427,POS,37.4275005,-122.1685395,36.349998474121094,102.58980354199458,GUIDED
76.89423,POS,37.4275005,-122.1685398,36.349998474121094,102.56328313433417,GUIDED
76.99419,POS,37.4275005,-122.1685401,36.349998474121094,102.536762727932,GUIDED
77.094983,POS,37.4275006,-122.1685403,36.349998474121094,102.51908903625414,GUIDED
77.194943,POS,37.4275006,-122.1685406,36.349998474121094,102.49256863159334,GUIDED
77.294903,POS,37.4275007,-122.1685408,36.349998474121094,102.47489615324817,GUIDED
77.394863,POS,37.4275007,-122.168541,36.349998474121094,102.45721588442666,GUIDED
77.494823,POS,37.4275007,-122.1685412,36.349998474121094,102.43953561560686,GUIDED
77.59478299999999,POS,37.4275007,-122.1685414,36.349998474121094,102.42185534804513,GUIDED
77.694743,POS,37.4275007,-122.1685416,36.349998474121094,102.4041750792289,GUIDED
77.794703,POS,37.4275007,-122.1685417,36.349998474121094,102.39533494419331,GUIDED
77.894663,POS,37.4275007,-122.1685419,36.349998474121094,102.37765467663598,GUIDED
77.994623,POS,37.4275007,-122.168542,36.349998474121094,102.36881454160174,GUIDED
78.094583,POS,37.4275007,-122.1685422,36.349998474121094,102.35113427279079,GUIDED
78.194543,POS,37.4275007,-122.1685423,36.349998474121094,102.34229413901413,GUIDED
78.29450299999999,POS,37.4275007,-122.1685424,36.349998474121094,102.33345400398164,GUIDED
78.394463,POS,37.4275007,-122.1685425,36.349998474121094,102.32461387020584,GUIDED
78.494423,POS,37.4275007,-122.1685427,36.349998474121094,102.30693360139932,GUIDED
78.594383,POS,37.4275007,-122.1685428,36.349998474121094,102.29809346762487,GUIDED
78.694343,POS,37.4275006,-122.1685428,36.349998474121094,102.29808566207592,GUIDED
78.794303,POS,37.4275006,-122.1685429,36.349998474121094,102.28924552635927,GUIDED
78.894263,POS,37.4275006,-122.168543,36.349998474121094,102.28040539189921,GUIDED
78.994223,POS,37.4275006,-122.1685431,36.349998474121094,102.27156525743943,GUIDED
79.094183,POS,37.4275006,-122.1685431,36.349998474121094,102.27156525743943,GUIDED
79.194976,POS,37.4275006,-122.1685432,36.349998474121094,102.26272512172378,GUIDED
79.29493599999999,POS,37.4275006,-122.1685432,36.349998474121094,102.26272512172378,GUIDED
79.394896,POS,37.4275006,-122.1685433,36.349998474121094,102.25388498726466,GUIDED
79.494856,POS,37.4275006,-122.1685433,36.349998474121094,102.25388498726466,GUIDED
79.594816,POS,37.4275006,-122.1685434,36.349998474121094,102.24504485154962,GUIDED
79.694776,POS,37.4275005,-122.1685434,36.349998474121094,102.24503825387322,GUIDED
79.794736,POS,37.4275005,-122.1685434,36.349998474121094,102.24503825387322,GUIDED
79.894696,POS,37.4275005,-122.1685434,36.349998474121094,102.24503825387322,GUIDED
79.99465599999999,POS,37.4275005,-122.1685435,36.349998474121094,102.2361981188325,GUIDED
80.094616,POS,37.4275005,-122.1685435,36.349998474121094,102.2361981188325,GUIDED
80.194576,POS,37.4275005,-122.1685435,36.349998474121094,102.2361981188325,GUIDED
80.294536,POS,37.4275005,-122.1685436,36.349998474121094,102.22735798253572,GUIDED
80.394496,POS,37.4275004,-122.1685436,36.349998474121094,102.22735259589712,GUIDED
80.494456,POS,37.4275004,-122.1685436,36.349998474121094,102.22735259589712,GUIDED
80.594416,POS,37.4275004,-122.1685436,36.349998474121094,102.22735259589712,GUIDED
80.69437599999999,POS,37.4275004,-122.1685436,36.349998474121094,102.22735259589712,GUIDED
80.794336,POS,37.4275004,-122.1685436,36.349998474121094,102.22735259589712,GUIDED
80.894296,POS,37.4275004,-122.1685437,36.349998474121094,102.21851246037916,GUIDED
80.994256,POS,37.4275004,-122.1685437,36.349998474121094,102.21851246037916,GUIDED
81.094216,POS,37.4275003,-122.1685437,36.349998474121094,102.2185082855704,GUIDED
81.194176,POS,37.4275003,-122.1685437,36.349998474121094,102.2185082855704,GUIDED
81.294969,POS,37.4275003,-122.1685437,36.349998474121094,102.2185082855704,GUIDED
81.394929,POS,37.4275003,-122.1685437,36.349998474121094,102.2185082855704,GUIDED
81.494889,POS,37.4275003,-122.1685437,36.349998474121094,102.2185082855704,GUIDED
81.594849,POS,37.4275003,-122.1685437,36.349998474121094,102.2185082855704,GUIDED
81.69480899999999,POS,37.4275003,-122.1685437,36.349998474121094,102.2185082855704,GUIDED
81.794769,POS,37.4275003,-122.1685437,36.349998474121094,102.2185082855704,GUIDED
81.894729,POS,37.4275003,-122.1685437,36.349998474121094,102.2185082855704,GUIDED
81.994689,POS,37.4275003,-122.1685437,36.349998474121094,102.2185082855704,GUIDED
82.094649,POS,37.4275003,-122.1685437,36.349998474121094,102.2185082855704,GUIDED
82.194609,POS,37.4275003,-122.1685437,36.349998474121094,102.2185082855704,GUIDED
82.294569,POS,37.4275003,-122.1685437,36.349998474121094,102.2185082855704,GUIDED
82.39452899999999,POS,37.4275003,-122.1685437,36.349998474121094,102.2185082855704,GUIDED
82.494489,POS,37.4275003,-122.1685438,36.349998474121094,102.2096681496797,GUIDED
82.594449,POS,37.4275003,-122.1685438,36.349998474121094,102.2096681496797,GUIDED
82.694409,POS,37.4275003,-122.1685438,36.349998474121094,102.2096681496797,GUIDED
82.794369,POS,37.4275003,-122.1685438,36.349998474121094,102.2096681496797,GUIDED
82.894329,POS,37.4275003,-122.1685438,36.349998474121094,102.2096681496797,GUIDED
82.994289,POS,37.4275003,-122.1685438,36.349998474121094,102.2096681496797,GUIDED
83.094249,POS,37.4275003,-122.1685438,36.349998474121094,102.2096681496797,GUIDED
83.194209,POS,37.4275003,-122.1685438,36.349998474121094,102.2096681496797,GUIDED
83.294169,POS,37.4275003,-122.1685438,36.349998474121094,102.2096681496797,GUIDED
83.39496199999999,POS,37.4275003,-122.1685438,36.349998474121094,102.2096681496797,GUIDED
83.494922,POS,37.4275003,-122.1685438,36.349998474121094,102.2096681496797,GUIDED
83.594882,POS,37.4275003,-122.1685438,36.349998474121094,102.2096681496797,GUIDED
83.694842,POS,37.4275003,-122.1685438,36.349998474121094,102.2096681496797,GUIDED
83.794802,POS,37.4275003,-122.1685438,36.349998474121094,102.2096681496797,GUIDED
83.894762,POS,37.4275003,-122.1685438,36.349998474121094,102.2096681496797,GUIDED
83.994722,POS,37.4275003,-122.1685438,36.349998474121094,102.2096681496797,GUIDED
84.09468199999999,POS,37.4275003,-122.1685438,36.349998474121094,102.2096681496797,GUIDED
84.194642,POS,37.4275003,-122.1685438,36.349998474121094,102.2096681496797,GUIDED
84.294602,POS,37.4275003,-122.1685438,36.349998474121094,102.2096681496797,GUIDED
84.394562,POS,37.4275003,-122.1685438,36.349998474121094,102.2096681496797,GUIDED
84.494522,POS,37.4275003,-122.1685438,36.349998474121094,102.2096681496797,GUIDED
84.594482,POS,37.4275003,-122.1685438,36.349998474121094,102.2096681496797,GUIDED
84.694442,POS,37.4275003,-122.1685438,36.349998474121094,102.2096681496797,GUIDED
84.794402,POS,37.4275003,-122.1685438,36.349998474121094,102.2096681496797,GUIDED
84.894362,POS,37.4275003,-122.1685439,36.349998474121094,102.20082801253282,GUIDED
84.994322,POS,37.4275003,-122.1685438,36.349998474121094,102.2096681496797,GUIDED
85.09428199999999,POS,37.4275003,-122.1685439,36.349998474121094,102.20082801253282,GUIDED
85.194242,POS,37.4275003,-122.1685439,36.349998474121094,102.20082801253282,GUIDED
85.294202,POS,37.4275003,-122.1685439,36.349998474121094,102.20082801253282,GUIDED
85.394995,POS,37.4275003,-122.1685439,36.349998474121094,102.20082801253282,GUIDED
85.494955,POS,37.4275003,-122.1685439,36.349998474121094,102.20082801253282,GUIDED
85.594915,POS,37.4275003,-122.1685439,36.349998474121094,102.20082801253282,GUIDED
85.694875,POS,37.4275003,-122.1685439,36.349998474121094,102.20082801253282,GUIDED
85.79483499999999,POS,37.4275003,-122.1685439,36.349998474121094,102.20082801253282,GUIDED
85.894795,POS,37.4275003,-122.1685439,36.349998474121094,102.20082801253282,GUIDED
85.994755,POS,37.4275003,-122.1685439,36.349998474121094,102.20082801253282,GUIDED
86.094715,POS,37.4275003,-122.1685439,36.349998474121094,102.20082801253282,GUIDED
86.194675,POS,37.4275003,-122.1685439,36.349998474121094,102.20082801253282,GUIDED
86.294635,POS,37.4275003,-122.1685439,36.349998474121094,102.20082801253282,GUIDED
86.394595,POS,37.4275003,-122.1685439,36.349998474121094,102.20082801253282,GUIDED
86.49455499999999,POS,37.4275003,-122.1685439,36.349998474121094,102.20082801253282,GUIDED
86.594515,POS,37.4275003,-122.1685439,36.349998474121094,102.20082801253282,GUIDED
86.694475,POS,37.4275003,-122.1685439,36.349998474121094,102.20082801253282,GUIDED
86.794435,POS,37.4275003,-122.1685439,36.349998474121094,102.20082801253282,GUIDED
86.894395,POS,37.4275003,-122.1685439,36.349998474121094,102.20082801253282,GUIDED
86.994355,POS,37.4275003,-122.1685439,36.349998474121094,102.20082801253282,GUIDED
87.094315,POS,37.4275003,-122.1685439,36.349998474121094,102.20082801253282,GUIDED
87.194275,POS,37.4275003,-122.1685439,36.349998474121094,102.20082801253282,GUIDED
87.294235,POS,37.4275003,-122.1685439,36.349998474121094,102.20082801253282,GUIDED
87.394195,POS,37.4275003,-122.1685439,36.349998474121094,102.20082801253282,GUIDED
87.49498799999999,POS,37.4275003,-122.1685439,36.349998474121094,102.20082801253282,GUIDED
87.594948,POS,37.4275003,-122.1685439,36.349998474121094,102.20082801253282,GUIDED
87.694908,POS,37.4275003,-122.1685439,36.349998474121094,102.20082801253282,GUIDED
87.794868,POS,37.4275003,-122.1685439,36.349998474121094,102.20082801253282,GUIDED
87.894828,POS,37.4275003,-122.1685439,36.349998474121094,102.20082801253282,GUIDED
87.994788,POS,37.4275003,-122.1685439,36.349998474121094,102.20082801253282,GUIDED
88.094748,POS,37.4275003,-122.1685439,36.349998474121094,102.20082801253282,GUIDED
88.19470799999999,POS,37.4275003,-122.1685439,36.349998474121094,102.20082801253282,GUIDED
88.294668,POS,37.4275003,-122.1685439,36.349998474121094,102.20082801253282,GUIDED
88.394628,POS,37.4275003,-122.1685439,36.349998474121094,102.20082801253282,GUIDED
88.494588,POS,37.4275003,-122.1685439,36.349998474121094,102.20082801253282,GUIDED
88.594548,POS,37.4275003,-122.1685439,36.349998474121094,102.20082801253282,GUIDED
88.694508,POS,37.4275003,-122.1685439,36.349998474121094,102.20082801253282,GUIDED
88.794468,POS,37.4275003,-122.1685439,36.349998474121094,102.20082801253282,GUIDED
88.894428,POS,37.4275003,-122.1685439,36.349998474121094,102.20082801253282,GUIDED
88.994388,POS,37.4275003,-122.1685439,36.349998474121094,102.20082801253282,GUIDED
89.094348,POS,37.4275003,-122.1685439,36.349998474121094,102.20082801253282,GUIDED
89.19430799999999,POS,37.4275003,-122.1685439,36.349998474121094,102.20082801253282,GUIDED
89.294268,POS,37.4275003,-122.1685439,36.349998474121094,102.20082801253282,GUIDED
89.394228,POS,37.4275003,-122.1685439,36.349998474121094,102.20082801253282,GUIDED
89.494188,POS,37.4275003,-122.1685439,36.349998474121094,102.20082801253282,GUIDED
89.594981,POS,37.4275003,-122.1685439,36.349998474121094,102.20082801253282,GUIDED
89.694941,POS,37.4275003,-122.1685439,36.349998474121094,102.20082801253282,GUIDED
89.794901,POS,37.4275003,-122.1685439,36.349998474121094,102.20082801253282,GUIDED
89.89486099999999,POS,37.4275003,-122.1685439,36.349998474121094,102.20082801253282,GUIDED
89.994821,POS,37.4275003,-122.1685439,36.349998474121094,102.20082801253282,GUIDED
90.094781,POS,37.4275003,-122.1685439,36.349998474121094,102.20082801253282,GUIDED
90.194741,POS,37.4275003,-122.1685439,36.349998474121094,102.20082801253282,GUIDED
90.294701,POS,37.4275003,-122.168544,36.349998474121094,102.1919878766423,GUIDED
90.394661,POS,37.4275003,-122.168544,36.349998474121094,102.1919878766423,GUIDED
90.494621,POS,37.4275003,-122.168544,36.349998474121094,102.1919878766423,GUIDED
90.594581,POS,37.4275003,-122.168544,36.349998474121094,102.1919878766423,GUIDED
90.694541,POS,37.4275003,-122.168544,36.349998474121094,102.1919878766423,GUIDED
90.794501,POS,37.4275003,-122.168544,36.349998474121094,102.1919878766423,GUIDED
90.89446099999999,POS,37.4275003,-122.168544,36.349998474121094,102.1919878766423,GUIDED
90.994421,POS,37.4275003,-122.168544,36.349998474121094,102.1919878766423,GUIDED
91.094381,POS,37.4275003,-122.168544,36.349998474121094,102.1919878766423,GUIDED
91.194341,POS,37.4275003,-122.168544,36.349998474121094,102.1919878766423,GUIDED
91.294301,POS,37.4275003,-122.168544,36.349998474121094,102.1919878766423,GUIDED
91.394261,POS,37.4275003,-122.168544,36.349998474121094,102.1919878766423,GUIDED
91.494221,POS,37.4275003,-122.168544,36.349998474121094,102.1919878766423,GUIDED
91.59418099999999,POS,37.4275003,-122.168544,36.349998474121094,102.1919878766423,GUIDED
91.694974,POS,37.4275003,-122.168544,36.349998474121094,102.1919878766423,GUIDED
91.794934,POS,37.4275003,-122.168544,36.349998474121094,102.1919878766423,GUIDED
91.894894,POS,37.4275003,-122.168544,36.349998474121094,102.1919878766423,GUIDED
91.994854,POS,37.4275003,-122.168544,36.349998474121094,102.1919878766423,GUIDED
92.094814,POS,37.4275003,-122.168544,36.349998474121094,102.1919878766423,GUIDED
92.194774,POS,37.4275003,-122.1685439,36.349998474121094,102.20082801253282,GUIDED
92.29473399999999,POS,37.4275003,-122.168544,36.349998474121094,102.1919878766423,GUIDED
92.394694,POS,37.4275003,-122.1685439,36.349998474121094,102.20082801253282,GUIDED
92.494654,POS,37.4275003,-122.1685439,36.349998474121094,102.20082801253282,GUIDED
92.59461399999999,POS,37.4275003,-122.1685439,36.349998474121094,102.20082801253282,GUIDED
92.694574,POS,37.4275003,-122.1685439,36.349998474121094,102.20082801253282,GUIDED
92.794534,POS,37.4275003,-122.1685439,36.349998474121094,102.20082801253282,GUIDED
92.894494,POS,37.4275002,-122.1685439,36.349998474121094,102.2008250494956,GUIDED
92.994454,POS,37.4275002,-122.1685439,36.349998474121094,102.2008250494956,GUIDED
93.094414,POS,37.4275002,-122.1685439,36.349998474121094,102.2008250494956,GUIDED
93.194374,POS,37.4275002,-122.1685439,36.349998474121094,102.2008250494956,GUIDED
93.29433399999999,POS,37.4275002,-122.1685439,36.349998474121094,102.2008250494956,GUIDED
93.394294,POS,37.4275002,-122.1685439,36.349998474121094,102.2008250494956,GUIDED
93.494254,POS,37.4275002,-122.1685439,36.349998474121094,102.2008250494956,GUIDED
93.594214,POS,37.4275002,-122.1685439,36.349998474121094,102.2008250494956,GUIDED
93.694174,POS,37.4275002,-122.1685439,36.349998474121094,102.2008250494956,GUIDED
93.794967,POS,37.4275002,-122.1685439,36.349998474121094,102.2008250494956,GUIDED
93.894927,POS,37.4275002,-122.1685439,36.349998474121094,102.2008250494956,GUIDED
93.99488699999999,POS,37.4275002,-122.1685439,36.349998474121094,102.2008250494956,GUIDED
94.094847,POS,37.4275002,-122.1685439,36.349998474121094,102.2008250494956,GUIDED
94.194807,POS,37.4275003,-122.1685439,36.349998474121094,102.20082801253282,GUIDED
94.294767,POS,37.4275003,-122.1685439,36.349998474121094,102.20082801253282,GUIDED
94.394727,POS,37.4275003,-122.1685439,36.349998474121094,102.20082801253282,GUIDED
94.494687,POS,37.4275003,-122.1685439,36.349998474121094,102.20082801253282,GUIDED
94.594647,POS,37.4275003,-122.1685439,36.349998474121094,102.20082801253282,GUIDED
94.694607,POS,37.4275003,-122.1685439,36.349998474121094,102.20082801253282,GUIDED
94.794567,POS,37.4275003,-122.1685439,36.349998474121094,102.20082801253282,GUIDED
94.894527,POS,37.4275003,-122.1685439,36.349998474121094,102.20082801253282,GUIDED
94.99448699999999,POS,37.4275003,-122.1685439,36.349998474121094,102.20082801253282,GUIDED
95.094447,POS,37.4275003,-122.1685439,36.349998474121094,102.20082801253282,GUIDED
95.194407,POS,37.4275003,-122.1685439,36.349998474121094,102.20082801253282,GUIDED
95.294367,POS,37.4275003,-122.1685439,36.349998474121094,102.20082801253282,GUIDED
95.394327,POS,37.4275003,-122.1685439,36.349998474121094,102.20082801253282,GUIDED
95.494287,POS,37.4275003,-122.1685439,36.349998474121094,102.20082801253282,GUIDED
95.594247,POS,37.4275003,-122.1685439,36.349998474121094,102.20082801253282,GUIDED
95.69420699999999,POS,37.4275003,-122.1685439,36.349998474121094,102.20082801253282,GUIDED
95.795,POS,37.4275003,-122.1685439,36.349998474121094,102.20082801253282,GUIDED
95.89496,POS,37.4275003,-122.1685439,36.349998474121094,102.20082801253282,GUIDED
95.99492,POS,37.4275003,-122.1685439,36.349998474121094,102.20082801253282,GUIDED
96.09488,POS,37.4275003,-122.1685439,36.349998474121094,102.20082801253282,GUIDED
96.19484,POS,37.4275003,-122.1685439,36.349998474121094,102.20082801253282,GUIDED
96.2948,POS,37.4275003,-122.1685439,36.349998474121094,102.20082801253282,GUIDED
96.39476,POS,37.4275003,-122.1685439,36.349998474121094,102.20082801253282,GUIDED
96.49472,POS,37.4275003,-122.1685439,36.349998474121094,102.20082801253282,GUIDED
96.59468,POS,37.4275003,-122.1685439,36.349998474121094,102.20082801253282,GUIDED
96.69463999999999,POS,37.4275003,-122.1685439,36.349998474121094,102.20082801253282,GUIDED
96.7946,POS,37.4275003,-122.1685439,36.349998474121094,102.20082801253282,GUIDED
96.89456,POS,37.4275003,-122.1685439,36.349998474121094,102.20082801253282,GUIDED
96.99452,POS,37.4275003,-122.1685439,36.349998474121094,102.20082801253282,GUIDED
97.09448,POS,37.4275003,-122.1685439,36.349998474121094,102.20082801253282,GUIDED
97.19444,POS,37.4275003,-122.1685439,36.349998474121094,102.20082801253282,GUIDED
97.2944,POS,37.4275003,-122.1685439,36.349998474121094,102.20082801253282,GUIDED
97.39435999999999,POS,37.4275003,-122.1685439,36.349998474121094,102.20082801253282,GUIDED
97.49432,POS,37.4275003,-122.1685439,36.349998474121094,102.20082801253282,GUIDED
97.59428,POS,37.4275003,-122.1685439,36.349998474121094,102.20082801253282,GUIDED
97.69424,POS,37.4275003,-122.1685439,36.349998474121094,102.20082801253282,GUIDED
97.7942,POS,37.4275003,-122.1685439,36.349998474121094,102.20082801253282,GUIDED
97.894993,POS,37.4275003,-122.1685439,36.349998474121094,102.20082801253282,GUIDED
97.994953,POS,37.4275003,-122.1685439,36.349998474121094,102.20082801253282,GUIDED
98.09491299999999,POS,37.4275003,-122.1685439,36.349998474121094,102.20082801253282,GUIDED
98.194873,POS,37.4275003,-122.1685439,36.349998474121094,102.20082801253282,GUIDED
98.294833,POS,37.4275003,-122.1685439,36.349998474121094,102.20082801253282,GUIDED
98.39479299999999,POS,37.4275003,-122.1685439,36.349998474121094,102.20082801253282,GUIDED
98.494753,POS,37.4275003,-122.1685439,36.349998474121094,102.20082801253282,GUIDED
98.594713,POS,37.4275003,-122.1685439,36.349998474121094,102.20082801253282,GUIDED
98.694673,POS,37.4275003,-122.1685439,36.349998474121094,102.20082801253282,GUIDED
98.794633,POS,37.4275003,-122.1685439,36.349998474121094,102.20082801253282,GUIDED
98.894593,POS,37.4275003,-122.1685439,36.349998474121094,102.20082801253282,GUIDED
98.994553,POS,37.4275003,-122.1685439,36.349998474121094,102.20082801253282,GUIDED
99.09451299999999,POS,37.4275003,-122.1685439,36.349998474121094,102.20082801253282,GUIDED
99.194473,POS,37.4275003,-122.1685439,36.349998474121094,102.20082801253282,GUIDED
99.294433,POS,37.4275003,-122.1685439,36.349998474121094,102.20082801253282,GUIDED
99.394393,POS,37.4275003,-122.1685439,36.349998474121094,102.20082801253282,GUIDED
99.494353,POS,37.4275003,-122.1685439,36.349998474121094,102.20082801253282,GUIDED
99.594313,POS,37.4275003,-122.1685439,36.349998474121094,102.20082801253282,GUIDED
99.694273,POS,37.4275003,-122.1685439,36.349998474121094,102.20082801253282,GUIDED
99.79423299999999,POS,37.4275003,-122.1685439,36.349998474121094,102.20082801253282,GUIDED
99.894193,POS,37.4275003,-122.1685439,36.349998474121094,102.20082801253282,GUIDED
99.994986,POS,37.4275003,-122.1685439,36.349998474121094,102.20082801253282,GUIDED
100.094946,POS,37.4275003,-122.1685439,36.349998474121094,102.20082801253282,GUIDED
100.194906,POS,37.4275003,-122.1685439,36.349998474121094,102.20082801253282,GUIDED
100.294866,POS,37.4275003,-122.1685439,36.349998474121094,102.20082801253282,GUIDED
100.394826,POS,37.4275003,-122.1685439,36.349998474121094,102.20082801253282,GUIDED
100.494786,POS,37.4275003,-122.1685439,36.349998474121094,102.20082801253282,GUIDED
100.594746,POS,37.4275003,-122.1685439,36.349998474121094,102.20082801253282,GUIDED
100.694706,POS,37.4275003,-122.1685439,36.349998474121094,102.20082801253282,GUIDED
100.79466599999999,POS,37.4275003,-122.1685439,36.349998474121094,102.20082801253282,GUIDED
100.894626,POS,37.4275003,-122.1685439,36.349998474121094,102.20082801253282,GUIDED
100.994586,POS,37.4275003,-122.1685439,36.349998474121094,102.20082801253282,GUIDED
101.094546,POS,37.4275003,-122.1685439,36.349998474121094,102.20082801253282,GUIDED
101.194506,POS,37.4275003,-122.1685439,36.349998474121094,102.20082801253282,GUIDED
101.294466,POS,37.4275003,-122.1685439,36.349998474121094,102.20082801253282,GUIDED
101.394426,POS,37.4275003,-122.1685439,36.349998474121094,102.20082801253282,GUIDED
101.49438599999999,POS,37.4275003,-122.1685439,36.349998474121094,102.20082801253282,GUIDED
101.594346,POS,37.4275003,-122.1685439,36.349998474121094,102.20082801253282,GUIDED
101.694306,POS,37.4275003,-122.1685439,36.349998474121094,102.20082801253282,GUIDED
101.794266,POS,37.4275003,-122.1685439,36.349998474121094,102.20082801253282,GUIDED
101.894226,POS,37.4275003,-122.1685439,36.349998474121094,102.20082801253282,GUIDED
101.994186,POS,37.4275003,-122.1685439,36.349998474121094,102.20082801253282,GUIDED
102.094979,POS,37.4275003,-122.1685439,36.349998474121094,102.20082801253282,GUIDED
102.194939,POS,37.4275003,-122.1685439,36.349998474121094,102.20082801253282,GUIDED
102.294899,POS,37.4275003,-122.1685439,36.349998474121094,102.20082801253282,GUIDED
102.394859,POS,37.4275003,-122.1685439,36.349998474121094,102.20082801253282,GUIDED
102.49481899999999,POS,37.4275003,-122.1685439,36.349998474121094,102.20082801253282,GUIDED
102.594779,POS,37.4275003,-122.168544,36.349998474121094,102.1919878766423,GUIDED
102.694739,POS,37.4275003,-122.168544,36.349998474121094,102.1919878766423,GUIDED
102.794699,POS,37.4275003,-122.168544,36.349998474121094,102.1919878766423,GUIDED
102.894659,POS,37.4275003,-122.168544,36.349998474121094,102.1919878766423,GUIDED
102.994619,POS,37.4275003,-122.168544,36.349998474121094,102.1919878766423,GUIDED
103.094579,POS,37.4275003,-122.168544,36.349998474121094,102.1919878766423,GUIDED
103.19453899999999,POS,37.4275003,-122.168544,36.349998474121094,102.1919878766423,GUIDED
103.294499,POS,37.4275003,-122.168544,36.349998474121094,102.1919878766423,GUIDED
103.394459,POS,37.4275003,-122.168544,36.349998474121094,102.1919878766423,GUIDED
103.494419,POS,37.4275003,-122.168544,36.349998474121094,102.1919878766423,GUIDED
103.594379,POS,37.4275003,-122.168544,36.349998474121094,102.1919878766423,GUIDED
103.694339,POS,37.4275003,-122.168544,36.349998474121094,102.1919878766423,GUIDED
103.794299,POS,37.4275003,-122.168544,36.349998474121094,102.1919878766423,GUIDED
103.89425899999999,POS,37.4275003,-122.168544,36.349998474121094,102.1919878766423,GUIDED
103.994219,POS,37.4275003,-122.168544,36.349998474121094,102.1919878766423,GUIDED
104.094179,POS,37.4275003,-122.168544,36.349998474121094,102.1919878766423,GUIDED
104.19497199999999,POS,37.4275003,-122.168544,36.349998474121094,102.1919878766423,GUIDED
104.294932,POS,37.4275003,-122.168544,36.349998474121094,102.1919878766423,GUIDED
104.394892,POS,37.4275003,-122.168544,36.349998474121094,102.1919878766423,GUIDED
104.494852,POS,37.4275003,-122.168544,36.349998474121094,102.1919878766423,GUIDED
104.594812,POS,37.4275003,-122.168544,36.349998474121094,102.1919878766423,GUIDED
104.694772,POS,37.4275003,-122.168544,36.349998474121094,102.1919878766423,GUIDED
104.794732,POS,37.4275003,-122.168544,36.349998474121094,102.1919878766423,GUIDED
104.89469199999999,POS,37.4275003,-122.1685439,36.349998474121094,102.20082801253282,GUIDED
104.994652,POS,37.4275003,-122.1685439,36.349998474121094,102.20082801253282,GUIDED
105.094612,POS,37.4275003,-122.1685439,36.349998474121094,102.20082801253282,GUIDED
105.194572,POS,37.4275003,-122.1685439,36.349998474121094,102.20082801253282,GUIDED
105.294532,POS,37.4275003,-122.1685439,36.349998474121094,102.20082801253282,GUIDED
105.394492,POS,37.4275003,-122.1685439,36.349998474121094,102.20082801253282,GUIDED
105.494452,POS,37.4275003,-122.1685439,36.349998474121094,102.20082801253282,GUIDED
105.59441199999999,POS,37.4275003,-122.1685439,36.349998474121094,102.20082801253282,GUIDED
105.694372,POS,37.4275003,-122.1685439,36.349998474121094,102.20082801253282,GUIDED
105.794332,POS,37.4275003,-122.1685439,36.349998474121094,102.20082801253282,GUIDED
105.894292,POS,37.4275003,-122.1685439,36.349998474121094,102.20082801253282,GUIDED
105.994252,POS,37.4275003,-122.1685439,36.349998474121094,102.20082801253282,GUIDED
106.094212,POS,37.4275003,-122.1685439,36.349998474121094,102.20082801253282,GUIDED
106.194172,POS,37.4275003,-122.1685439,36.349998474121094,102.20082801253282,GUIDED
106.294965,POS,37.4275002,-122.1685439,36.349998474121094,102.2008250494956,GUIDED
106.394925,POS,37.4275002,-122.1685439,36.349998474121094,102.2008250494956,GUIDED
106.494885,POS,37.4275002,-122.1685439,36.349998474121094,102.2008250494956,GUIDED
106.59484499999999,POS,37.4275002,-122.1685439,36.349998474121094,102.2008250494956,GUIDED
106.694805,POS,37.4275002,-122.1685439,36.349998474121094,102.2008250494956,GUIDED
106.794765,POS,37.4275002,-122.1685439,36.349998474121094,102.2008250494956,GUIDED
106.894725,POS,37.4275002,-122.1685439,36.349998474121094,102.2008250494956,GUIDED
106.994685,POS,37.4275002,-122.1685439,36.349998474121094,102.2008250494956,GUIDED
107.094645,POS,37.4275002,-122.1685439,36.349998474121094,102.2008250494956,GUIDED
107.194605,POS,37.4275002,-122.1685439,36.349998474121094,102.2008250494956,GUIDED
107.29456499999999,POS,37.4275002,-122.1685439,36.349998474121094,102.2008250494956,GUIDED
107.394525,POS,37.4275002,-122.1685439,36.349998474121094,102.2008250494956,GUIDED
107.494485,POS,37.4275002,-122.1685439,36.349998474121094,102.2008250494956,GUIDED
107.594445,POS,37.4275002,-122.1685439,36.349998474121094,102.2008250494956,GUIDED
107.694405,POS,37.4275002,-122.1685439,36.349998474121094,102.2008250494956,GUIDED
107.794365,POS,37.4275002,-122.1685439,36.349998474121094,102.2008250494956,GUIDED
107.894325,POS,37.4275002,-122.1685439,36.349998474121094,102.2008250494956,GUIDED
107.994285,POS,37.4275002,-122.1685439,36.349998474121094,102.2008250494956,GUIDED
108.094245,POS,37.4275002,-122.1685439,36.349998474121094,102.2008250494956,GUIDED
108.194205,POS,37.4275003,-122.1685439,36.349998474121094,102.20082801253282,GUIDED
108.29499799999999,POS,37.4275002,-122.1685439,36.349998474121094,102.2008250494956,GUIDED
108.394958,POS,37.4275003,-122.1685439,36.349998474121094,102.20082801253282,GUIDED
108.494918,POS,37.4275003,-122.1685439,36.349998474121094,102.20082801253282,GUIDED
108.594878,POS,37.4275003,-122.1685439,36.349998474121094,102.20082801253282,GUIDED
108.694838,POS,37.4275003,-122.1685439,36.349998474121094,102.20082801253282,GUIDED
108.794798,POS,37.4275003,-122.1685439,36.349998474121094,102.20082801253282,GUIDED
108.894758,POS,37.4275003,-122.1685439,36.349998474121094,102.20082801253282,GUIDED
108.99471799999999,POS,37.4275003,-122.1685439,36.349998474121094,102.20082801253282,GUIDED
109.094678,POS,37.4275003,-122.1685439,36.349998474121094,102.20082801253282,GUIDED
109.194638,POS,37.4275003,-122.1685439,36.349998474121094,102.20082801253282,GUIDED
109.294598,POS,37.4275003,-122.1685439,36.349998474121094,102.20082801253282,GUIDED
109.394558,POS,37.4275003,-122.1685439,36.349998474121094,102.20082801253282,GUIDED
109.494518,POS,37.4275003,-122.1685439,36.349998474121094,102.20082801253282,GUIDED
109.594478,POS,37.4275003,-122.1685439,36.349998474121094,102.20082801253282,GUIDED
109.69443799999999,POS,37.4275003,-122.1685439,36.349998474121094,102.20082801253282,GUIDED
109.794398,POS,37.4275003,-122.1685439,36.349998474121094,102.20082801253282,GUIDED
109.894358,POS,37.4275003,-122.1685439,36.349998474121094,102.20082801253282,GUIDED
109.99431799999999,POS,37.4275003,-122.1685439,36.349998474121094,102.20082801253282,GUIDED
110.094278,POS,37.4275003,-122.1685439,36.349998474121094,102.20082801253282,GUIDED
110.194238,POS,37.4275003,-122.1685439,36.349998474121094,102.20082801253282,GUIDED
110.294198,POS,37.4275003,-122.1685439,36.349998474121094,102.20082801253282,GUIDED
110.394991,POS,37.4275003,-122.1685439,36.349998474121094,102.20082801253282,GUIDED
110.494951,POS,37.4275003,-122.1685439,36.349998474121094,102.20082801253282,GUIDED
110.594911,POS,37.4275003,-122.1685439,36.349998474121094,102.20082801253282,GUIDED
110.69487099999999,POS,37.4275003,-122.1685439,36.349998474121094,102.20082801253282,GUIDED
110.794831,POS,37.4275003,-122.1685439,36.349998474121094,102.20082801253282,GUIDED
110.894791,POS,37.4275003,-122.1685439,36.349998474121094,102.20082801253282,GUIDED
110.994751,POS,37.4275003,-122.1685439,36.349998474121094,102.20082801253282,GUIDED
111.094711,POS,37.4275003,-122.1685439,36.349998474121094,102.20082801253282,GUIDED
111.194671,POS,37.4275003,-122.1685439,36.349998474121094,102.20082801253282,GUIDED
111.294631,POS,37.4275003,-122.1685439,36.349998474121094,102.20082801253282,GUIDED
111.39459099999999,POS,37.4275003,-122.1685439,36.349998474121094,102.20082801253282,GUIDED
111.494551,POS,37.4275003,-122.1685439,36.349998474121094,102.20082801253282,GUIDED
111.594511,POS,37.4275003,-122.1685439,36.349998474121094,102.20082801253282,GUIDED
111.694471,POS,37.4275003,-122.1685439,36.349998474121094,102.20082801253282,GUIDED
111.794431,POS,37.4275003,-122.1685439,36.349998474121094,102.20082801253282,GUIDED
111.894391,POS,37.4275003,-122.1685439,36.349998474121094,102.20082801253282,GUIDED
111.994351,POS,37.4275003,-122.1685439,36.349998474121094,102.20082801253282,GUIDED
112.094311,POS,37.4275003,-122.1685439,36.349998474121094,102.20082801253282,GUIDED
112.194271,POS,37.4275003,-122.1685439,36.349998474121094,102.20082801253282,GUIDED
112.294231,POS,37.4275003,-122.1685439,36.349998474121094,102.20082801253282,GUIDED
112.39419099999999,POS,37.4275003,-122.1685439,36.349998474121094,102.20082801253282,GUIDED
112.494984,POS,37.4275003,-122.1685439,36.349998474121094,102.20082801253282,GUIDED
112.594944,POS,37.4275003,-122.1685439,36.349998474121094,102.20082801253282,GUIDED
112.694904,POS,37.4275003,-122.1685439,36.349998474121094,102.20082801253282,GUIDED
112.794864,POS,37.4275003,-122.1685439,36.349998474121094,102.20082801253282,GUIDED
112.894824,POS,37.4275003,-122.1685439,36.349998474121094,102.20082801253282,GUIDED
112.994784,POS,37.4275003,-122.1685439,36.349998474121094,102.20082801253282,GUIDED
113.09474399999999,POS,37.4275003,-122.1685439,36.349998474121094,102.20082801253282,GUIDED
113.194704,POS,37.4275003,-122.1685439,36.349998474121094,102.20082801253282,GUIDED
113.294664,POS,37.4275003,-122.1685439,36.349998474121094,102.20082801253282,GUIDED
113.394624,POS,37.4275003,-122.1685439,36.349998474121094,102.20082801253282,GUIDED
113.494584,POS,37.4275003,-122.1685439,36.349998474121094,102.20082801253282,GUIDED
113.594544,POS,37.4275003,-122.1685439,36.349998474121094,102.20082801253282,GUIDED
113.694504,POS,37.4275003,-122.1685439,36.349998474121094,102.20082801253282,GUIDED
113.794464,POS,37.4275003,-122.1685439,36.349998474121094,102.20082801253282,GUIDED
113.894424,POS,37.4275003,-122.1685439,36.349998474121094,102.20082801253282,GUIDED
113.994384,POS,37.4275003,-122.1685439,36.349998474121094,102.20082801253282,GUIDED
114.09434399999999,POS,37.4275003,-122.1685439,36.349998474121094,102.20082801253282,GUIDED
114.194304,POS,37.4275003,-122.1685439,36.349998474121094,102.20082801253282,GUIDED
114.294264,POS,37.4275003,-122.1685439,36.349998474121094,102.20082801253282,GUIDED
114.394224,POS,37.4275003,-122.1685439,36.349998474121094,102.20082801253282,GUIDED
114.494184,POS,37.4275003,-122.1685439,36.349998474121094,102.20082801253282,GUIDED
114.594977,POS,37.4275003,-122.1685439,36.349998474121094,102.20082801253282,GUIDED
114.694937,POS,37.4275003,-122.1685439,36.349998474121094,102.20082801253282,GUIDED
114.79489699999999,POS,37.4275003,-122.1685439,36.349998474121094,102.20082801253282,GUIDED
114.894857,POS,37.4275003,-122.1685439,36.349998474121094,102.20082801253282,GUIDED
114.994817,POS,37.4275003,-122.1685439,36.349998474121094,102.20082801253282,GUIDED
115.094777,POS,37.4275003,-122.1685439,36.349998474121094,102.20082801253282,GUIDED
115.194737,POS,37.4275003,-122.1685439,36.349998474121094,102.20082801253282,GUIDED
115.294697,POS,37.4275003,-122.1685439,36.349998474121094,102.20082801253282,GUIDED
115.394657,POS,37.4275003,-122.1685439,36.349998474121094,102.20082801253282,GUIDED
115.494617,POS,37.4275003,-122.168544,36.349998474121094,102.1919878766423,GUIDED
115.594577,POS,37.4275003,-122.168544,36.349998474121094,102.1919878766423,GUIDED
115.694537,POS,37.4275003,-122.168544,36.349998474121094,102.1919878766423,GUIDED
115.79449699999999,POS,37.4275003,-122.168544,36.349998474121094,102.1919878766423,GUIDED
115.894457,POS,37.4275003,-122.168544,36.349998474121094,102.1919878766423,GUIDED
115.994417,POS,37.4275003,-122.1685439,36.349998474121094,102.20082801253282,GUIDED
116.094377,POS,37.4275003,-122.168544,36.349998474121094,102.1919878766423,GUIDED
116.194337,POS,37.4275003,-122.168544,36.349998474121094,102.1919878766423,GUIDED
116.294297,POS,37.4275003,-122.168544,36.349998474121094,102.1919878766423,GUIDED
116.394257,POS,37.4275003,-122.168544,36.349998474121094,102.1919878766423,GUIDED
116.49421699999999,POS,37.4275003,-122.168544,36.349998474121094,102.1919878766423,GUIDED
116.594177,POS,37.4275003,-122.168544,36.349998474121094,102.1919878766423,GUIDED
116.69497,POS,37.4275003,-122.168544,36.349998474121094,102.1919878766423,GUIDED
116.79493,POS,37.4275003,-122.168544,36.349998474121094,102.1919878766423,GUIDED
116.89489,POS,37.4275003,-122.168544,36.349998474121094,102.1919878766423,GUIDED
116.99485,POS,37.4275003,-122.168544,36.349998474121094,102.1919878766423,GUIDED
117.09481,POS,37.4275003,-122.168544,36.349998474121094,102.1919878766423,GUIDED
117.19476999999999,POS,37.4275003,-122.168544,36.349998474121094,102.1919878766423,GUIDED
117.29473,POS,37.4275003,-122.168544,36.349998474121094,102.1919878766423,GUIDED
117.39469,POS,37.4275003,-122.168544,36.349998474121094,102.1919878766423,GUIDED
117.49465,POS,37.4275003,-122.168544,36.349998474121094,102.1919878766423,GUIDED
117.59461,POS,37.4275003,-122.168544,36.349998474121094,102.1919878766423,GUIDED
117.69457,POS,37.4275003,-122.168544,36.349998474121094,102.1919878766423,GUIDED
117.79453,POS,37.4275003,-122.168544,36.349998474121094,102.1919878766423,GUIDED
117.89449,POS,37.4275003,-122.168544,36.349998474121094,102.1919878766423,GUIDED
117.99445,POS,37.4275003,-122.168544,36.349998474121094,102.1919878766423,GUIDED
118.09441,POS,37.4275003,-122.168544,36.349998474121094,102.1919878766423,GUIDED
118.19436999999999,POS,37.4275003,-122.168544,36.349998474121094,102.1919878766423,GUIDED
118.29433,POS,37.4275003,-122.168544,36.349998474121094,102.1919878766423,GUIDED
118.39429,POS,37.4275003,-122.168544,36.349998474121094,102.1919878766423,GUIDED
118.49425,POS,37.4275003,-122.168544,36.349998474121094,102.1919878766423,GUIDED
118.59421,POS,37.4275003,-122.168544,36.349998474121094,102.1919878766423,GUIDED
118.69417,POS,37.4275003,-122.168544,36.349998474121094,102.1919878766423,GUIDED
118.794963,POS,37.4275003,-122.168544,36.349998474121094,102.1919878766423,GUIDED
118.89492299999999,POS,37.4275003,-122.168544,36.349998474121094,102.1919878766423,GUIDED
118.994883,POS,37.4275003,-122.168544,36.349998474121094,102.1919878766423,GUIDED
119.094843,POS,37.4275003,-122.168544,36.349998474121094,102.1919878766423,GUIDED
119.194803,POS,37.4275003,-122.168544,36.349998474121094,102.1919878766423,GUIDED
119.294763,POS,37.4275003,-122.168544,36.349998474121094,102.1919878766423,GUIDED
119.394723,POS,37.4275003,-122.168544,36.349998474121094,102.1919878766423,GUIDED
119.494683,POS,37.4275003,-122.168544,36.349998474121094,102.1919878766423,GUIDED
119.594643,POS,37.4275003,-122.168544,36.349998474121094,102.1919878766423,GUIDED
119.694603,POS,37.4275003,-122.168544,36.349998474121094,102.1919878766423,GUIDED
119.794563,POS,37.4275003,-122.168544,36.349998474121094,102.1919878766423,GUIDED
119.89452299999999,POS,37.4275003,-122.168544,36.349998474121094,102.1919878766423,GUIDED
119.994483,POS,37.4275003,-122.168544,36.349998474121094,102.1919878766423,GUIDED
120.094443,POS,37.4275003,-122.168544,36.349998474121094,102.1919878766423,GUIDED
120.194403,POS,37.4275003,-122.168544,36.349998474121094,102.1919878766423,GUIDED
120.294363,POS,37.4275003,-122.168544,36.349998474121094,102.1919878766423,GUIDED
120.394323,POS,37.4275003,-122.168544,36.349998474121094,102.1919878766423,GUIDED
120.494283,POS,37.4275003,-122.168544,36.349998474121094,102.1919878766423,GUIDED
120.59424299999999,POS,37.4275003,-122.168544,36.349998474121094,102.1919878766423,GUIDED
120.694203,POS,37.4275003,-122.168544,36.349998474121094,102.1919878766423,GUIDED
120.794996,POS,37.4275003,-122.168544,36.349998474121094,102.1919878766423,GUIDED
120.894956,POS,37.4275003,-122.168544,36.349998474121094,102.1919878766423,GUIDED
120.994916,POS,37.4275003,-122.168544,36.349998474121094,102.1919878766423,GUIDED
121.094876,POS,37.4275003,-122.168544,36.349998474121094,102.1919878766423,GUIDED
121.194836,POS,37.4275003,-122.168544,36.349998474121094,102.1919878766423,GUIDED
121.294796,POS,37.4275003,-122.168544,36.349998474121094,102.1919878766423,GUIDED
121.394756,POS,37.4275003,-122.168544,36.349998474121094,102.1919878766423,GUIDED
121.494716,POS,37.4275003,-122.168544,36.349998474121094,102.1919878766423,GUIDED
121.59467599999999,POS,37.4275003,-122.168544,36.349998474121094,102.1919878766423,GUIDED
121.694636,POS,37.4275003,-122.168544,36.349998474121094,102.1919878766423,GUIDED
121.794596,POS,37.4275003,-122.168544,36.349998474121094,102.1919878766423,GUIDED
121.894556,POS,37.4275003,-122.168544,36.349998474121094,102.1919878766423,GUIDED
121.994516,POS,37.4275003,-122.168544,36.349998474121094,102.1919878766423,LAND
122.094476,POS,37.4275003,-122.168544,36.349998474121094,102.1919878766423,LAND
122.194436,POS,37.4275002,-122.168544,36.349998474121094,102.19198491333694,LAND
122.29439599999999,POS,37.4275002,-122.168544,36.349998474121094,102.19198491333694,LAND
122.394356,POS,37.4275002,-122.168544,36.349998474121094,102.19198491333694,LAND
122.494316,POS,37.4275002,-122.168544,36.349998474121094,102.19198491333694,LAND
122.594276,POS,37.4275002,-122.168544,36.349998474121094,102.19198491333694,LAND
122.694236,POS,37.4275002,-122.168544,36.349998474121094,102.19198491333694,LAND
122.794196,POS,37.4275002,-122.168544,36.349998474121094,102.19198491333694,LAND
122.894989,POS,37.4275002,-122.168544,36.349998474121094,102.19198491333694,LAND
122.99494899999999,POS,37.4275002,-122.168544,36.349998474121094,102.19198491333694,LAND
123.094909,POS,37.4275002,-122.168544,36.349998474121094,102.19198491333694,LAND
123.194869,POS,37.4275002,-122.168544,36.349998474121094,102.19198491333694,LAND
123.294829,POS,37.4275002,-122.168544,36.349998474121094,102.19198491333694,LAND
123.394789,POS,37.4275002,-122.168544,36.349998474121094,102.19198491333694,LAND
123.494749,POS,37.4275002,-122.168544,36.349998474121094,102.19198491333694,LAND
123.594709,POS,37.4275002,-122.168544,36.349998474121094,102.19198491333694,LAND
123.694669,POS,37.4275002,-122.168544,36.349998474121094,102.19198491333694,LAND
123.794629,POS,37.4275002,-122.168544,36.349998474121094,102.19198491333694,LAND
123.894589,POS,37.4275002,-122.168544,36.349998474121094,102.19198491333694,LAND
123.99454899999999,POS,37.4275002,-122.168544,36.349998474121094,102.19198491333694,LAND
124.094509,POS,37.4275002,-122.168544,36.349998474121094,102.19198491333694,LAND
124.194469,POS,37.4275002,-122.168544,36.349998474121094,102.19198491333694,LAND
124.294429,POS,37.4275002,-122.168544,36.349998474121094,102.19198491333694,LAND
124.394389,POS,37.4275002,-122.168544,36.349998474121094,102.19198491333694,LAND
124.494349,POS,37.4275002,-122.168544,36.349998474121094,102.19198491333694,LAND
124.594309,POS,37.4275002,-122.168544,36.349998474121094,102.19198491333694,LAND
124.69426899999999,POS,37.4275002,-122.168544,36.349998474121094,102.19198491333694,LAND
124.794229,POS,37.4275002,-122.168544,36.349998474121094,102.19198491333694,LAND
124.894189,POS,37.4275002,-122.168544,36.349998474121094,102.19198491333694,LAND
124.994982,POS,37.4275002,-122.168544,36.349998474121094,102.19198491333694,LAND
125.094942,POS,37.4275002,-122.168544,36.349998474121094,102.19198491333694,LAND
125.194902,POS,37.4275002,-122.168544,36.349998474121094,102.19198491333694,LAND
125.294862,POS,37.4275002,-122.168544,36.349998474121094,102.19198491333694,LAND
125.394822,POS,37.4275002,-122.168544,36.349998474121094,102.19198491333694,LAND
125.494782,POS,37.4275002,-122.168544,36.349998474121094,102.19198491333694,LAND
125.594742,POS,37.4275002,-122.168544,36.349998474121094,102.19198491333694,LAND
125.69470199999999,POS,37.4275002,-122.168544,36.349998474121094,102.19198491333694,LAND
125.79466199999999,POS,37.4275002,-122.168544,36.349998474121094,102.19198491333694,LAND
125.894622,POS,37.4275002,-122.168544,36.349998474121094,102.19198491333694,LAND
125.99458200000001,POS,37.4275002,-122.168544,36.349998474121094,102.19198491333694,LAND
126.09454199999999,POS,37.4275002,-122.168544,36.349998474121094,102.19198491333694,LAND
126.194502,POS,37.4275002,-122.168544,36.349998474121094,102.19198491333694,LAND
126.29446200000001,POS,37.4275002,-122.168544,36.34000015258789,102.19198491333694,LAND
126.39442199999999,POS,37.4275002,-122.1685439,36.31999969482422,102.2008250494956,LAND
126.494382,POS,37.4275002,-122.1685439,36.290000915527344,102.2008250494956,LAND
126.59434200000001,POS,37.4275002,-122.1685438,36.2599983215332,102.20966518691056,LAND
126.694302,POS,37.4275002,-122.1685437,36.209999084472656,102.2185053230693,LAND
126.794262,POS,37.4275002,-122.1685436,36.14999771118164,102.22734545922806,LAND
126.89422199999998,POS,37.4275002,-122.1685435,36.07999801635742,102.23618559664311,LAND
126.994182,POS,37.4275002,-122.1685434,36.0,102.24502573280193,LAND
127.094975,POS,37.4275002,-122.1685433,35.89999771118164,102.25386587021704,LAND
127.19493499999999,POS,37.4275002,-122.1685432,35.79999923706055,102.26270600637598,LAND
127.294895,POS,37.4275002,-122.1685431,35.689998626708984,102.27154614379117,LAND
127.394855,POS,37.4275002,-122.168543,35.55999755859375,102.28038627995018,LAND
127.49481499999999,POS,37.4275002,-122.1685429,35.41999816894531,102.28922641610917,LAND
127.594775,POS,37.4275002,-122.1685428,35.27000045776367,102.29806655352448,LAND
127.69473500000001,POS,37.4275002,-122.1685428,35.119998931884766,102.29806655352448,LAND
127.79469499999999,POS,37.4275002,-122.1685427,34.96999740600586,102.30690668968356,LAND
127.894655,POS,37.4275002,-122.1685427,34.80999755859375,102.30690668968356,LAND
127.99461500000001,POS,37.4275002,-122.1685427,34.64999771118164,102.30690668968356,LAND
128.094575,POS,37.4275002,-122.1685428,34.48999786376953,102.29806655352448,LAND
128.194535,POS,37.4275002,-122.1685428,34.32999801635742,102.29806655352448,LAND
128.294495,POS,37.4275002,-122.1685429,34.16999816894531,102.28922641610917,LAND
128.394455,POS,37.4275002,-122.168543,34.0099983215332,102.28038627995018,LAND
128.494415,POS,37.4275002,-122.168543,33.86000061035156,102.28038627995018,LAND
128.59437499999999,POS,37.4275002,-122.1685431,33.70000076293945,102.27154614379117,LAND
128.694335,POS,37.4275002,-122.1685432,33.54999923706055,102.26270600637598,LAND
128.794295,POS,37.4275002,-122.1685434,33.38999938964844,102.24502573280193,LAND
128.894255,POS,37.4275002,-122.1685435,33.23999786376953,102.23618559664311,LAND
128.994215,POS,37.4275002,-122.1685437,33.09000015258789,102.2185053230693,LAND
129.094175,POS,37.4275002,-122.1685438,32.939998626708984,102.20966518691056,LAND
129.194968,POS,37.4275002,-122.168544,32.790000915527344,102.19198491333694,LAND
129.294928,POS,37.4275002,-122.1685441,32.63999938964844,102.18314477592209,LAND
129.394888,POS,37.4275002,-122.1685442,32.48999786376953,102.17430463976348,LAND
129.494848,POS,37.4275002,-122.1685444,32.34000015258789,102.15662436619017,LAND
129.594808,POS,37.4275002,-122.1685445,32.189998626708984,102.1477842300317,LAND
129.694768,POS,37.4275002,-122.1685447,32.040000915527344,102.1301039564586,LAND
129.794728,POS,37.4275002,-122.1685448,31.889999389648438,102.12126381904397,LAND
129.894688,POS,37.4275002,-122.1685449,31.739999771118164,102.11242368288566,LAND
129.994648,POS,37.4275002,-122.168545,31.59000015258789,102.10358354672736,LAND
130.094608,POS,37.4275002,-122.1685451,31.439998626708984,102.09474340931285,LAND
130.194568,POS,37.4275002,-122.1685452,31.28999900817871,102.08590327315464,LAND
130.29452799999999,POS,37.4275002,-122.1685453,31.139999389648438,102.0770631357402,LAND
130.394488,POS,37.4275002,-122.1685454,30.989999771118164,102.06822299958205,LAND
130.494448,POS,37.4275002,-122.1685455,30.84000015258789,102.05938286342395,LAND
130.594408,POS,37.4275002,-122.1685456,30.689998626708984,102.05054272600961,LAND
130.694368,POS,37.4275002,-122.1685457,30.53999900817871,102.04170258985155,LAND
130.794328,POS,37.4275002,-122.1685458,30.389999389648438,102.0328624524373,LAND
130.894288,POS,37.4275002,-122.1685458,30.239999771118164,102.0328624524373,LAND
130.994248,POS,37.4275002,-122.1685459,30.09000015258789,102.02402231627934,LAND
131.094208,POS,37.4275002,-122.1685459,29.939998626708984,102.02402231627934,LAND
131.194168,POS,37.4275002,-122.168546,29.78999900817871,102.01518217886515,LAND
131.294961,POS,37.4275002,-122.168546,29.639999389648438,102.01518217886515,LAND
131.394921,POS,37.4275002,-122.1685461,29.489999771118164,102.00634204270727,LAND
131.494881,POS,37.4275002,-122.1685461,29.34000015258789,102.00634204270727,LAND
131.594841,POS,37.4275002,-122.1685461,29.189998626708984,102.00634204270727,LAND
131.69480099999998,POS,37.4275002,-122.1685462,29.03999900817871,101.99750190654943,LAND
131.794761,POS,37.4275002,-122.1685462,28.889999389648438,101.99750190654943,LAND
131.894721,POS,37.4275002,-122.1685462,28.739999771118164,101.99750190654943,LAND
131.99468099999999,POS,37.4275002,-122.1685463,28.59000015258789,101.98866176913533,LAND
132.094641,POS,37.4275002,-122.1685463,28.439998626708984,101.98866176913533,LAND
132.194601,POS,37.4275002,-122.1685463,28.28999900817871,101.98866176913533,LAND
132.294561,POS,37.4275002,-122.1685463,28.139999389648438,101.98866176913533,LAND
132.394521,POS,37.4275002,-122.1685463,27.989999771118164,101.98866176913533,LAND
132.494481,POS,37.4275002,-122.1685464,27.84000015258789,101.97982163297755,LAND
132.594441,POS,37.4275002,-122.1685464,27.689998626708984,101.97982163297755,LAND
132.694401,POS,37.4275002,-122.1685464,27.549999237060547,101.97982163297755,LAND
132.794361,POS,37.4275002,-122.1685464,27.399999618530273,101.97982163297755,LAND
132.894321,POS,37.4275002,-122.1685464,27.25,101.97982163297755,LAND
132.994281,POS,37.4275002,-122.1685464,27.119998931884766,101.97982163297755,LAND
133.094241,POS,37.4275002,-122.1685465,26.989999771118164,101.97098149556356,LAND
133.194201,POS,37.4275002,-122.1685465,26.869998931884766,101.97098149556356,LAND
133.294994,POS,37.4275002,-122.1685466,26.76999855041504,101.96214135940585,LAND
133.39495399999998,POS,37.4275002,-122.1685466,26.670000076293945,101.96214135940585,LAND
133.494914,POS,37.4275002,-122.1685467,26.59000015258789,101.95330122324818,LAND
133.594874,POS,37.4275002,-122.1685468,26.51999855041504,101.94446108583428,LAND
133.694834,POS,37.4275002,-122.1685468,26.459999084472656,101.94446108583428,LAND
133.794794,POS,37.4275002,-122.1685469,26.40999984741211,101.93562094967666,LAND
133.894754,POS,37.4275002,-122.1685469,26.35999870300293,101.93562094967666,LAND
133.994714,POS,37.4275002,-122.1685469,26.31999969482422,101.93562094967666,LAND
134.094674,POS,37.4275002,-122.1685469,26.279998779296875,101.93562094967666,LAND
134.194634,POS,37.4275002,-122.1685469,26.239999771118164,101.93562094967666,LAND
134.294594,POS,37.4275002,-122.1685469,26.19999885559082,101.93562094967666,LAND
134.394554,POS,37.4275002,-122.1685469,26.15999984741211,101.93562094967666,LAND
134.494514,POS,37.4275002,-122.1685469,26.119998931884766,101.93562094967666,LAND
134.594474,POS,37.4275002,-122.1685469,26.079999923706055,101.93562094967666,LAND
134.694434,POS,37.4275002,-122.1685468,26.029998779296875,101.94446108583428,LAND
134.794394,POS,37.4275002,-122.1685468,25.989999771118164,101.94446108583428,LAND
134.894354,POS,37.4275002,-122.1685467,25.939998626708984,101.95330122324818,LAND
134.994314,POS,37.4275002,-122.1685466,25.889999389648438,101.96214135940585,LAND
135.09427399999998,POS,37.4275002,-122.1685465,25.84000015258789,101.97098149556356,LAND
135.194234,POS,37.4275002,-122.1685465,25.799999237060547,101.97098149556356,LAND
135.294194,POS,37.4275002,-122.1685464,25.75,101.97982163297755,LAND
135.394987,POS,37.4275002,-122.1685463,25.69999885559082,101.98866176913533,LAND
135.494947,POS,37.4275002,-122.1685462,25.649999618530273,101.99750190654943,LAND
135.594907,POS,37.4275002,-122.1685461,25.599998474121094,102.00634204270727,LAND
135.694867,POS,37.4275002,-122.1685461,25.53999900817871,102.00634204270727,LAND
135.794827,POS,37.4275002,-122.168546,25.489999771118164,102.01518217886515,LAND
135.894787,POS,37.4275002,-122.1685459,25.439998626708984,102.02402231627934,LAND
135.994747,POS,37.4275002,-122.1685458,25.389999389648438,102.0328624524373,LAND
136.094707,POS,37.4275002,-122.1685458,25.34000015258789,102.0328624524373,LAND
136.194667,POS,37.4275002,-122.1685457,25.28999900817871,102.04170258985155,LAND
136.294627,POS,37.4275002,-122.1685456,25.239999771118164,102.05054272600961,LAND
136.394587,POS,37.4275002,-122.1685456,25.189998626708984,102.05054272600961,LAND
136.494547,POS,37.4275002,-122.1685455,25.139999389648438,102.05938286342395,LAND
136.594507,POS,37.4275002,-122.1685454,25.09000015258789,102.06822299958205,LAND
136.694467,POS,37.4275002,-122.1685454,25.03999900817871,102.06822299958205,LAND
136.79442699999998,POS,37.4275002,-122.1685453,24.989999771118164,102.0770631357402,LAND
136.894387,POS,37.4275002,-122.1685453,24.93000030517578,102.0770631357402,LAND
136.994347,POS,37.4275002,-122.1685453,24.8799991607666,102.0770631357402,LAND
137.094307,POS,37.4275002,-122.1685452,24.829999923706055,102.08590327315464,LAND
137.194267,POS,37.4275002,-122.1685452,24.779998779296875,102.08590327315464,LAND
137.294227,POS,37.4275002,-122.1685452,24.729999542236328,102.08590327315464,LAND
137.394187,POS,37.4275002,-122.1685451,24.68000030517578,102.09474340931285,LAND
137.49498,POS,37.4275002,-122.1685451,24.6299991607666,102.09474340931285,LAND
137.59494,POS,37.4275002,-122.1685451,24.579999923706055,102.09474340931285,LAND
137.6949,POS,37.4275002,-122.1685451,24.529998779296875,102.09474340931285,LAND
137.79486,POS,37.4275002,-122.168545,24.479999542236328,102.10358354672736,LAND
137.89482,POS,37.4275002,-122.168545,24.43000030517578,102.10358354672736,LAND
137.99478,POS,37.4275002,-122.168545,24.3799991607666,102.10358354672736,LAND
138.09474,POS,37.4275002,-122.168545,24.329999923706055,102.10358354672736,LAND
138.1947,POS,37.4275002,-122.168545,24.279998779296875,102.10358354672736,LAND
138.29466,POS,37.4275002,-122.168545,24.229999542236328,102.10358354672736,LAND
138.39462,POS,37.4275002,-122.168545,24.18000030517578,102.10358354672736,LAND
138.49457999999998,POS,37.4275002,-122.168545,24.1299991607666,102.10358354672736,LAND
138.59454,POS,37.4275002,-122.1685449,24.079999923706055,102.11242368288566,LAND
138.6945,POS,37.4275002,-122.1685449,24.029998779296875,102.11242368288566,LAND
138.79446,POS,37.4275002,-122.1685449,23.979999542236328,102.11242368288566,LAND
138.89442,POS,37.4275002,-122.1685449,23.93000030517578,102.11242368288566,LAND
138.99438,POS,37.4275002,-122.1685449,23.8799991607666,102.11242368288566,LAND
139.09434,POS,37.4275002,-122.1685449,23.829999923706055,102.11242368288566,LAND
139.1943,POS,37.4275002,-122.1685449,23.779998779296875,102.11242368288566,LAND
139.29426,POS,37.4275002,-122.1685449,23.729999542236328,102.11242368288566,LAND
139.39422,POS,37.4275002,-122.1685449,23.68000030517578,102.11242368288566,LAND
139.49418,POS,37.4275002,-122.1685449,23.6299991607666,102.11242368288566,LAND
139.594973,POS,37.4275002,-122.1685449,23.579999923706055,102.11242368288566,LAND
139.694933,POS,37.4275002,-122.1685449,23.529998779296875,102.11242368288566,LAND
139.794893,POS,37.4275002,-122.1685449,23.479999542236328,102.11242368288566,LAND
139.894853,POS,37.4275002,-122.1685449,23.43000030517578,102.11242368288566,LAND
139.994813,POS,37.4275002,-122.1685449,23.3799991607666,102.11242368288566,LAND
140.094773,POS,37.4275002,-122.1685449,23.329999923706055,102.11242368288566,LAND
140.19473299999999,POS,37.4275002,-122.1685449,23.279998779296875,102.11242368288566,LAND
140.294693,POS,37.4275002,-122.1685449,23.229999542236328,102.11242368288566,LAND
140.394653,POS,37.4275002,-122.1685449,23.18000030517578,102.11242368288566,LAND
140.494613,POS,37.4275002,-122.1685449,23.1299991607666,102.11242368288566,LAND
140.594573,POS,37.4275002,-122.1685449,23.079999923706055,102.11242368288566,LAND
140.694533,POS,37.4275002,-122.1685449,23.029998779296875,102.11242368288566,LAND
140.794493,POS,37.4275002,-122.1685449,22.979999542236328,102.11242368288566,LAND
140.894453,POS,37.4275002,-122.1685449,22.93000030517578,102.11242368288566,LAND
140.994413,POS,37.4275002,-122.1685449,22.8799991607666,102.11242368288566,LAND
141.094373,POS,37.4275002,-122.1685449,22.81999969482422,102.11242368288566,LAND
141.194333,POS,37.4275002,-122.1685449,22.76999855041504,102.11242368288566,LAND
141.294293,POS,37.4275002,-122.1685449,22.719999313354492,102.11242368288566,LAND
141.394253,POS,37.4275002,-122.1685449,22.670000076293945,102.11242368288566,LAND
141.494213,POS,37.4275002,-122.1685449,22.619998931884766,102.11242368288566,LAND
141.594173,POS,37.4275002,-122.1685449,22.56999969482422,102.11242368288566,LAND
141.694966,POS,37.4275002,-122.1685449,22.51999855041504,102.11242368288566,LAND
141.794926,POS,37.4275002,-122.1685449,22.469999313354492,102.11242368288566,LAND
141.89488599999999,POS,37.4275002,-122.1685449,22.420000076293945,102.11242368288566,LAND
141.994846,POS,37.4275002,-122.1685449,22.369998931884766,102.11242368288566,LAND
142.094806,POS,37.4275002,-122.1685449,22.31999969482422,102.11242368288566,LAND
142.194766,POS,37.4275002,-122.1685449,22.26999855041504,102.11242368288566,LAND
142.294726,POS,37.4275002,-122.1685449,22.219999313354492,102.11242368288566,LAND
142.394686,POS,37.4275002,-122.1685449,22.170000076293945,102.11242368288566,LAND
142.494646,POS,37.4275002,-122.1685449,22.119998931884766,102.11242368288566,LAND
142.594606,POS,37.4275002,-122.1685449,22.06999969482422,102.11242368288566,LAND
142.694566,POS,37.4275002,-122.1685449,22.020000457763672,102.11242368288566,LAND
142.794526,POS,37.4275002,-122.1685449,21.969999313354492,102.11242368288566,LAND
142.894486,POS,37.4275002,-122.1685449,21.920000076293945,102.11242368288566,LAND
142.994446,POS,37.4275002,-122.1685449,21.869998931884766,102.11242368288566,LAND
143.094406,POS,37.4275002,-122.1685449,21.81999969482422,102.11242368288566,LAND
143.194366,POS,37.4275002,-122.1685449,21.770000457763672,102.11242368288566,LAND
143.294326,POS,37.4275002,-122.1685449,21.719999313354492,102.11242368288566,LAND
143.394286,POS,37.4275002,-122.1685449,21.670000076293945,102.11242368288566,LAND
143.494246,POS,37.4275002,-122.1685449,21.619998931884766,102.11242368288566,LAND
143.59420599999999,POS,37.4275002,-122.1685449,21.56999969482422,102.11242368288566,LAND
143.694999,POS,37.4275002,-122.1685449,21.520000457763672,102.11242368288566,LAND
143.794959,POS,37.4275002,-122.1685449,21.469999313354492,102.11242368288566,LAND
143.894919,POS,37.4275002,-122.1685449,21.420000076293945,102.11242368288566,LAND
143.994879,POS,37.4275002,-122.1685449,21.369998931884766,102.11242368288566,LAND
144.094839,POS,37.4275002,-122.1685449,21.31999969482422,102.11242368288566,LAND
144.194799,POS,37.4275002,-122.1685449,21.270000457763672,102.11242368288566,LAND
144.294759,POS,37.4275002,-122.1685449,21.219999313354492,102.11242368288566,LAND
144.394719,POS,37.4275002,-122.1685449,21.170000076293945,102.11242368288566,LAND
144.494679,POS,37.4275002,-122.1685449,21.119998931884766,102.11242368288566,LAND
144.594639,POS,37.4275002,-122.1685449,21.06999969482422,102.11242368288566,LAND
144.694599,POS,37.4275002,-122.1685449,21.020000457763672,102.11242368288566,LAND
144.794559,POS,37.4275002,-122.1685449,20.969999313354492,102.11242368288566,LAND
144.894519,POS,37.4275002,-122.1685449,20.920000076293945,102.11242368288566,LAND
144.99447899999998,POS,37.4275002,-122.1685449,20.869998931884766,102.11242368288566,LAND
145.094439,POS,37.4275002,-122.1685449,20.81999969482422,102.11242368288566,LAND
145.194399,POS,37.4275002,-122.1685449,20.770000457763672,102.11242368288566,LAND
145.294359,POS,37.4275002,-122.1685449,20.719999313354492,102.11242368288566,LAND
145.394319,POS,37.4275002,-122.1685449,20.670000076293945,102.11242368288566,LAND
145.494279,POS,37.4275002,-122.1685449,20.619998931884766,102.11242368288566,LAND
145.594239,POS,37.4275002,-122.1685449,20.56999969482422,102.11242368288566,LAND
145.694199,POS,37.4275002,-122.1685449,20.520000457763672,102.11242368288566,LAND
145.794992,POS,37.4275002,-122.1685449,20.469999313354492,102.11242368288566,LAND
145.894952,POS,37.4275002,-122.1685449,20.420000076293945,102.11242368288566,LAND
145.994912,POS,37.4275002,-122.1685449,20.369998931884766,102.11242368288566,LAND
146.094872,POS,37.4275002,-122.1685449,20.31999969482422,102.11242368288566,LAND
146.194832,POS,37.4275002,-122.1685449,20.270000457763672,102.11242368288566,LAND
146.294792,POS,37.4275002,-122.1685449,20.219999313354492,102.11242368288566,LAND
146.394752,POS,37.4275002,-122.1685449,20.170000076293945,102.11242368288566,LAND
146.494712,POS,37.4275002,-122.1685449,20.119998931884766,102.11242368288566,LAND
146.594672,POS,37.4275002,-122.1685449,20.06999969482422,102.11242368288566,LAND
146.69463199999998,POS,37.4275002,-122.1685449,20.020000457763672,102.11242368288566,LAND
146.794592,POS,37.4275002,-122.168545,19.969999313354492,102.10358354672736,LAND
146.894552,POS,37.4275002,-122.168545,19.920000076293945,102.10358354672736,LAND
146.994512,POS,37.4275002,-122.168545,19.869998931884766,102.10358354672736,LAND
147.094472,POS,37.4275002,-122.168545,19.81999969482422,102.10358354672736,LAND
147.194432,POS,37.4275002,-122.168545,19.770000457763672,102.10358354672736,LAND
147.294392,POS,37.4275002,-122.168545,19.719999313354492,102.10358354672736,LAND
147.394352,POS,37.4275002,-122.168545,19.670000076293945,102.10358354672736,LAND
147.494312,POS,37.4275002,-122.168545,19.619998931884766,102.10358354672736,LAND
147.594272,POS,37.4275002,-122.168545,19.56999969482422,102.10358354672736,LAND
147.694232,POS,37.4275002,-122.168545,19.520000457763672,102.10358354672736,LAND
147.794192,POS,37.4275002,-122.168545,19.469999313354492,102.10358354672736,LAND
147.894985,POS,37.4275002,-122.168545,19.420000076293945,102.10358354672736,LAND
147.994945,POS,37.4275002,-122.168545,19.369998931884766,102.10358354672736,LAND
148.094905,POS,37.4275002,-122.168545,19.31999969482422,102.10358354672736,LAND
148.194865,POS,37.4275002,-122.168545,19.270000457763672,102.10358354672736,LAND
148.294825,POS,37.4275002,-122.168545,19.219999313354492,102.10358354672736,LAND
148.39478499999998,POS,37.4275002,-122.168545,19.170000076293945,102.10358354672736,LAND
148.494745,POS,37.4275002,-122.168545,19.119998931884766,102.10358354672736,LAND
148.594705,POS,37.4275002,-122.168545,19.06999969482422,102.10358354672736,LAND
148.694665,POS,37.4275002,-122.168545,19.020000457763672,102.10358354672736,LAND
148.794625,POS,37.4275002,-122.168545,18.969999313354492,102.10358354672736,LAND
148.894585,POS,37.4275002,-122.168545,18.920000076293945,102.10358354672736,LAND
148.994545,POS,37.4275002,-122.168545,18.869998931884766,102.10358354672736,LAND
149.094505,POS,37.4275002,-122.168545,18.81999969482422,102.10358354672736,LAND
149.194465,POS,37.4275002,-122.168545,18.770000457763672,102.10358354672736,LAND
149.294425,POS,37.4275002,-122.168545,18.719999313354492,102.10358354672736,LAND
149.394385,POS,37.4275002,-122.168545,18.670000076293945,102.10358354672736,LAND
149.494345,POS,37.4275002,-122.168545,18.619998931884766,102.10358354672736,LAND
149.594305,POS,37.4275002,-122.168545,18.56999969482422,102.10358354672736,LAND
149.694265,POS,37.4275002,-122.168545,18.520000457763672,102.10358354672736,LAND
149.794225,POS,37.4275002,-122.168545,18.469999313354492,102.10358354672736,LAND
149.894185,POS,37.4275002,-122.168545,18.420000076293945,102.10358354672736,LAND
149.994978,POS,37.4275002,-122.168545,18.369998931884766,102.10358354672736,LAND
150.09493799999998,POS,37.4275002,-122.168545,18.31999969482422,102.10358354672736,LAND
150.194898,POS,37.4275002,-122.168545,18.270000457763672,102.10358354672736,LAND
150.294858,POS,37.4275002,-122.168545,18.219999313354492,102.10358354672736,LAND
150.394818,POS,37.4275002,-122.168545,18.170000076293945,102.10358354672736,LAND
150.494778,POS,37.4275002,-122.168545,18.119998931884766,102.10358354672736,LAND
150.594738,POS,37.4275002,-122.168545,18.06999969482422,102.10358354672736,LAND
150.694698,POS,37.4275002,-122.168545,18.020000457763672,102.10358354672736,LAND
150.794658,POS,37.4275002,-122.1685451,17.969999313354492,102.09474340931285,LAND
150.894618,POS,37.4275002,-122.1685451,17.920000076293945,102.09474340931285,LAND
150.994578,POS,37.4275002,-122.1685451,17.869998931884766,102.09474340931285,LAND
151.094538,POS,37.4275002,-122.1685451,17.81999969482422,102.09474340931285,LAND
151.194498,POS,37.4275002,-122.1685451,17.770000457763672,102.09474340931285,LAND
151.294458,POS,37.4275002,-122.1685451,17.719999313354492,102.09474340931285,LAND
151.394418,POS,37.4275002,-122.1685451,17.670000076293945,102.09474340931285,LAND
151.494378,POS,37.4275002,-122.1685451,17.619998931884766,102.09474340931285,LAND
151.594338,POS,37.4275002,-122.1685451,17.56999969482422,102.09474340931285,LAND
151.694298,POS,37.4275002,-122.1685451,17.520000457763672,102.09474340931285,LAND
151.79425799999999,POS,37.4275002,-122.1685451,17.469999313354492,102.09474340931285,LAND
151.894218,POS,37.4275002,-122.1685451,17.420000076293945,102.09474340931285,LAND
151.994178,POS,37.4275002,-122.1685451,17.369998931884766,102.09474340931285,LAND
152.094971,POS,37.4275002,-122.1685451,17.31999969482422,102.09474340931285,LAND
152.194931,POS,37.4275002,-122.1685451,17.270000457763672,102.09474340931285,LAND
152.294891,POS,37.4275002,-122.1685452,17.219999313354492,102.08590327315464,LAND
152.394851,POS,37.4275002,-122.1685452,17.170000076293945,102.08590327315464,LAND
152.494811,POS,37.4275002,-122.1685452,17.119998931884766,102.08590327315464,LAND
152.594771,POS,37.4275002,-122.1685452,17.06999969482422,102.08590327315464,LAND
152.694731,POS,37.4275002,-122.1685452,17.020000457763672,102.08590327315464,LAND
152.794691,POS,37.4275002,-122.1685452,16.969999313354492,102.08590327315464,LAND
152.894651,POS,37.4275002,-122.1685452,16.920000076293945,102.08590327315464,LAND
152.994611,POS,37.4275002,-122.1685452,16.869998931884766,102.08590327315464,LAND
153.094571,POS,37.4275002,-122.1685452,16.81999969482422,102.08590327315464,LAND
153.194531,POS,37.4275002,-122.1685453,16.770000457763672,102.0770631357402,LAND
153.294491,POS,37.4275002,-122.1685453,16.719999313354492,102.0770631357402,LAND
153.394451,POS,37.4275002,-122.1685453,16.670000076293945,102.0770631357402,LAND
153.49441099999999,POS,37.4275002,-122.1685453,16.619998931884766,102.0770631357402,LAND
153.594371,POS,37.4275002,-122.1685453,16.56999969482422,102.0770631357402,LAND
153.694331,POS,37.4275002,-122.1685453,16.520000457763672,102.0770631357402,LAND
153.794291,POS,37.4275002,-122.1685453,16.469999313354492,102.0770631357402,LAND
153.894251,POS,37.4275002,-122.1685454,16.420000076293945,102.06822299958205,LAND
153.994211,POS,37.4275002,-122.1685454,16.369998931884766,102.06822299958205,LAND
154.094171,POS,37.4275002,-122.1685454,16.31999969482422,102.06822299958205,LAND
154.194964,POS,37.4275002,-122.1685454,16.270000457763672,102.06822299958205,LAND
154.294924,POS,37.4275002,-122.1685455,16.219999313354492,102.05938286342395,LAND
154.394884,POS,37.4275002,-122.1685455,16.170000076293945,102.05938286342395,LAND
154.494844,POS,37.4275002,-122.1685455,16.139999389648438,102.05938286342395,LAND
154.594804,POS,37.4275002,-122.1685455,16.149999618530273,102.05938286342395,LAND
154.694764,POS,37.4275002,-122.1685455,16.170000076293945,102.05938286342395,LAND
154.794724,POS,37.4275002,-122.1685455,16.170000076293945,102.05938286342395,LAND
154.894684,POS,37.4275002,-122.1685455,16.170000076293945,102.05938286342395,LAND
154.994644,POS,37.4275002,-122.1685455,16.170000076293945,102.05938286342395,LAND
155.094604,POS,37.4275002,-122.1685455,16.15999984741211,102.05938286342395,LAND
155.19456399999999,POS,37.4275002,-122.1685455,16.15999984741211,102.05938286342395,LAND
155.294524,POS,37.4275002,-122.1685455,16.15999984741211,102.05938286342395,LAND
155.394484,POS,37.4275002,-122.1685455,16.15999984741211,102.05938286342395,LAND
155.494444,POS,37.4275002,-122.1685455,16.15999984741211,102.05938286342395,LAND
155.594404,POS,37.4275002,-122.1685455,16.149999618530273,102.05938286342395,LAND
155.694364,POS,37.4275002,-122.1685455,16.149999618530273,102.05938286342395,LAND
155.794324,POS,37.4275002,-122.1685455,16.149999618530273,102.05938286342395,LAND
155.894284,POS,37.4275002,-122.1685455,16.149999618530273,102.05938286342395,LAND
155.994244,POS,37.4275002,-122.1685455,16.149999618530273,102.05938286342395,LAND
156.094204,POS,37.4275002,-122.1685455,16.149999618530273,102.05938286342395,LAND
156.194997,POS,37.4275002,-122.1685455,16.139999389648438,102.05938286342395,LAND
156.294957,POS,37.4275002,-122.1685455,16.139999389648438,102.05938286342395,LAND
156.394917,POS,37.4275002,-122.1685455,16.139999389648438,102.05938286342395,LAND
156.494877,POS,37.4275002,-122.1685455,16.139999389648438,102.05938286342395,LAND
156.59483699999998,POS,37.4275002,-122.1685455,16.139999389648438,102.05938286342395,LAND
156.694797,POS,37.4275002,-122.1685455,16.1299991607666,102.05938286342395,LAND
