time_s,source,lat,lon,alt,distance_m,mode
6.292482,POS,37.4274999,-122.1697,16.100000381469727,0.011131949209416398,STABILIZE
6.392441999999999,POS,37.4274999,-122.1697,16.100000381469727,0.011131949209416398,STABILIZE
6.492402,POS,37.4274999,-122.1697,16.100000381469727,0.011131949209416398,STABILIZE
6.592362,POS,37.4274999,-122.1697,16.100000381469727,0.011131949209416398,STABILIZE
6.692321999999999,POS,37.4274999,-122.1697,16.100000381469727,0.011131949209416398,STABILIZE
6.792282,POS,37.4274999,-122.1697,16.100000381469727,0.011131949209416398,GUIDED
6.8922419999999995,POS,37.4274999,-122.1697,16.100000381469727,0.011131949209416398,GUIDED
6.992201999999999,POS,37.4274999,-122.1697,16.100000381469727,0.011131949209416398,GUIDED
7.092162,POS,37.4274999,-122.1697,16.100000381469727,0.011131949209416398,GUIDED
7.1921219999999995,POS,37.4274999,-122.1697,16.100000381469727,0.011131949209416398,GUIDED
7.292081999999999,POS,37.4274999,-122.1697,16.100000381469727,0.011131949209416398,GUIDED
7.392042,POS,37.4274999,-122.1697,16.100000381469727,0.011131949209416398,GUIDED
7.492001999999999,POS,37.4274999,-122.1697,16.100000381469727,0.011131949209416398,GUIDED
7.591961999999999,POS,37.4274999,-122.1697,16.100000381469727,0.011131949209416398,GUIDED
7.691922,POS,37.4274999,-122.1697,16.100000381469727,0.011131949209416398,GUIDED
7.791881999999999,POS,37.4274999,-122.1697,16.100000381469727,0.011131949209416398,GUIDED
7.8918420000000005,POS,37.4274999,-122.1697,16.100000381469727,0.011131949209416398,GUIDED
7.991802,POS,37.4274999,-122.1697,16.100000381469727,0.011131949209416398,GUIDED
8.091762,POS,37.4274999,-122.1697,16.100000381469727,0.011131949209416398,GUIDED
8.191722,POS,37.4274999,-122.1697,16.100000381469727,0.011131949209416398,GUIDED
8.291682,POS,37.4274999,-122.1697,16.100000381469727,0.011131949209416398,GUIDED
8.392475,POS,37.4274999,-122.1697,16.100000381469727,0.011131949209416398,GUIDED
8.492435,POS,37.4274999,-122.1697,16.100000381469727,0.011131949209416398,GUIDED
8.592395,POS,37.4274999,-122.1697,16.100000381469727,0.011131949209416398,GUIDED
8.692355,POS,37.4274999,-122.1697,16.100000381469727,0.011131949209416398,GUIDED
8.792315,POS,37.4274999,-122.1697,16.100000381469727,0.011131949209416398,GUIDED
8.892275,POS,37.4274999,-122.1697,16.100000381469727,0.011131949209416398,GUIDED
8.992234999999999,POS,37.4274999,-122.1697,16.100000381469727,0.011131949209416398,GUIDED
9.092195,POS,37.4274999,-122.1697,16.100000381469727,0.011131949209416398,GUIDED
9.192155,POS,37.4274999,-122.1697,16.100000381469727,0.011131949209416398,GUIDED
9.292114999999999,POS,37.4274999,-122.1697,16.100000381469727,0.011131949209416398,GUIDED
9.392075,POS,37.4274999,-122.1697,16.100000381469727,0.011131949209416398,GUIDED
9.492035,POS,37.4274999,-122.1697,16.100000381469727,0.011131949209416398,GUIDED
9.591994999999999,POS,37.4274999,-122.1697,16.100000381469727,0.011131949209416398,GUIDED
9.691955,POS,37.4274999,-122.1697,16.100000381469727,0.011131949209416398,GUIDED
9.791915,POS,37.4274999,-122.1697,16.100000381469727,0.011131949209416398,GUIDED
9.891874999999999,POS,37.4274999,-122.1697,16.100000381469727,0.011131949209416398,GUIDED
9.991835,POS,37.4274999,-122.1697,16.100000381469727,0.011131949209416398,GUIDED
10.091795,POS,37.4274999,-122.1697,16.100000381469727,0.011131949209416398,GUIDED
10.191754999999999,POS,37.4274999,-122.1697,16.100000381469727,0.011131949209416398,GUIDED
10.291715,POS,37.4274999,-122.1697,16.100000381469727,0.011131949209416398,GUIDED
10.391675,POS,37.4274999,-122.1697,16.100000381469727,0.011131949209416398,GUIDED
10.492467999999999,POS,37.4274999,-122.1697,16.100000381469727,0.011131949209416398,GUIDED
10.592428,POS,37.4274999,-122.1697,16.100000381469727,0.011131949209416398,GUIDED
10.692388,POS,37.4274999,-122.1697,16.100000381469727,0.011131949209416398,GUIDED
10.792348,POS,37.4274999,-122.1697,16.100000381469727,0.011131949209416398,GUIDED
10.892308,POS,37.4274999,-122.1697,16.100000381469727,0.011131949209416398,GUIDED
10.992268,POS,37.4274999,-122.1697,16.100000381469727,0.011131949209416398,GUIDED
11.092228,POS,37.4274999,-122.1697,16.100000381469727,0.011131949209416398,GUIDED
11.192188,POS,37.4274999,-122.1697,16.100000381469727,0.011131949209416398,GUIDED
11.292148,POS,37.4274999,-122.1697,16.100000381469727,0.011131949209416398,GUIDED
11.392108,POS,37.4274999,-122.1697,16.100000381469727,0.011131949209416398,GUIDED
11.492068,POS,37.4274999,-122.1697,16.100000381469727,0.011131949209416398,GUIDED
11.592027999999999,POS,37.4274999,-122.1697,16.100000381469727,0.011131949209416398,GUIDED
11.691988,POS,37.4274999,-122.1697,16.100000381469727,0.011131949209416398,GUIDED
11.791948,POS,37.4274999,-122.1697,16.100000381469727,0.011131949209416398,GUIDED
11.891907999999999,POS,37.4274999,-122.1697,16.100000381469727,0.011131949209416398,GUIDED
11.991868,POS,37.4274999,-122.1697,16.100000381469727,0.011131949209416398,GUIDED
12.091828,POS,37.4274999,-122.1697,16.100000381469727,0.011131949209416398,GUIDED
12.191787999999999,POS,37.4274999,-122.1697,16.100000381469727,0.011131949209416398,GUIDED
12.291748,POS,37.4274999,-122.1697,16.100000381469727,0.011131949209416398,GUIDED
12.391708,POS,37.4274999,-122.1697,16.100000381469727,0.011131949209416398,GUIDED
12.492500999999999,POS,37.4274999,-122.1697,16.100000381469727,0.011131949209416398,GUIDED
12.592461,POS,37.4274999,-122.1697,16.100000381469727,0.011131949209416398,GUIDED
12.692421,POS,37.4274999,-122.1697,16.100000381469727,0.011131949209416398,GUIDED
12.792380999999999,POS,37.4274999,-122.1697,16.100000381469727,0.011131949209416398,GUIDED
12.892341,POS,37.4274999,-122.1697,16.100000381469727,0.011131949209416398,GUIDED
12.992301,POS,37.4274999,-122.1697,16.100000381469727,0.011131949209416398,GUIDED
13.092260999999999,POS,37.4274999,-122.1697,16.100000381469727,0.011131949209416398,GUIDED
13.192221,POS,37.4274999,-122.1697,16.100000381469727,0.011131949209416398,GUIDED
13.292181,POS,37.4274999,-122.1697,16.100000381469727,0.011131949209416398,GUIDED
13.392141,POS,37.4274999,-122.1697,16.100000381469727,0.011131949209416398,GUIDED
13.492101,POS,37.4274999,-122.1697,16.100000381469727,0.011131949209416398,GUIDED
13.592061,POS,37.4274999,-122.1697,16.100000381469727,0.011131949209416398,GUIDED
13.692021,POS,37.4274999,-122.1697,16.100000381469727,0.011131949209416398,GUIDED
13.791980999999998,POS,37.4274999,-122.1697,16.100000381469727,0.011131949209416398,GUIDED
13.891941000000001,POS,37.4274999,-122.1697,16.100000381469727,0.011131949209416398,GUIDED
13.991901,POS,37.4274999,-122.1697,16.100000381469727,0.011131949209416398,GUIDED
14.091861,POS,37.4274999,-122.1697,16.100000381469727,0.011131949209416398,GUIDED
14.191821,POS,37.4274999,-122.1697,16.100000381469727,0.011131949209416398,GUIDED
14.291780999999999,POS,37.4274999,-122.1697,16.100000381469727,0.011131949209416398,GUIDED
14.391740999999998,POS,37.4274999,-122.1697,16.100000381469727,0.011131949209416398,GUIDED
14.491701,POS,37.4274999,-122.1697,16.100000381469727,0.011131949209416398,GUIDED
14.592494,POS,37.4274999,-122.1697,16.100000381469727,0.011131949209416398,GUIDED
14.692454,POS,37.4274999,-122.1697,16.100000381469727,0.011131949209416398,GUIDED
14.792413999999999,POS,37.4274999,-122.1697,16.100000381469727,0.011131949209416398,GUIDED
14.892373999999998,POS,37.4274999,-122.1697,16.100000381469727,0.011131949209416398,GUIDED
14.992334000000001,POS,37.4274999,-122.1697,16.100000381469727,0.011131949209416398,GUIDED
15.092294,POS,37.4274999,-122.1697,16.100000381469727,0.011131949209416398,GUIDED
15.192254,POS,37.4274999,-122.1697,16.100000381469727,0.011131949209416398,GUIDED
15.292214,POS,37.4274999,-122.1697,16.100000381469727,0.011131949209416398,GUIDED
15.392173999999999,POS,37.4274999,-122.1697,16.100000381469727,0.011131949209416398,GUIDED
15.492133999999998,POS,37.4274999,-122.1697,16.100000381469727,0.011131949209416398,GUIDED
15.592094000000001,POS,37.4274999,-122.1697,16.100000381469727,0.011131949209416398,GUIDED
15.692054,POS,37.4274999,-122.1697,16.100000381469727,0.011131949209416398,GUIDED
15.792014,POS,37.4274999,-122.1697,16.100000381469727,0.011131949209416398,GUIDED
15.891974,POS,37.4274999,-122.1697,16.100000381469727,0.011131949209416398,GUIDED
15.991933999999999,POS,37.4274999,-122.1697,16.100000381469727,0.011131949209416398,GUIDED
16.091894,POS,37.4274999,-122.1697,16.100000381469727,0.011131949209416398,GUIDED
16.191854000000003,POS,37.4274999,-122.1697,16.100000381469727,0.011131949209416398,GUIDED
16.291814000000002,POS,37.4274999,-122.1697,16.100000381469727,0.011131949209416398,GUIDED
16.391774,POS,37.4274999,-122.1697,16.100000381469727,0.011131949209416398,GUIDED
16.491734,POS,37.4274999,-122.1697,16.100000381469727,0.011131949209416398,GUIDED
16.591694,POS,37.4274999,-122.1697,16.100000381469727,0.011131949209416398,GUIDED
16.692487,POS,37.4274999,-122.1697,16.100000381469727,0.011131949209416398,GUIDED
16.792447000000003,POS,37.4274999,-122.1697,16.100000381469727,0.011131949209416398,GUIDED
16.892407000000002,POS,37.4274999,-122.1697,16.100000381469727,0.011131949209416398,GUIDED
16.992367,POS,37.4274999,-122.1697,16.100000381469727,0.011131949209416398,GUIDED
17.092327,POS,37.4274999,-122.1697,16.100000381469727,0.011131949209416398,GUIDED
17.192287,POS,37.4274999,-122.1697,16.100000381469727,0.011131949209416398,GUIDED
17.292247,POS,37.4274999,-122.1697,16.100000381469727,0.011131949209416398,GUIDED
17.392207000000003,POS,37.4274999,-122.1697,16.100000381469727,0.011131949209416398,GUIDED
17.492167000000002,POS,37.4274999,-122.1697,16.100000381469727,0.011131949209416398,GUIDED
17.592127,POS,37.4274999,-122.1697,16.100000381469727,0.011131949209416398,GUIDED
17.692087,POS,37.4274999,-122.1697,16.100000381469727,0.011131949209416398,GUIDED
17.792047,POS,37.4274999,-122.1697,16.100000381469727,0.011131949209416398,GUIDED
17.892007000000003,POS,37.4274999,-122.1697,16.100000381469727,0.011131949209416398,GUIDED
17.991967000000002,POS,37.4274999,-122.1697,16.100000381469727,0.011131949209416398,GUIDED
18.091927000000002,POS,37.4274999,-122.1697,16.100000381469727,0.011131949209416398,GUIDED
18.191887,POS,37.4274999,-122.1697,16.100000381469727,0.011131949209416398,GUIDED
18.291847,POS,37.4274999,-122.1697,16.100000381469727,0.011131949209416398,GUIDED
18.391807,POS,37.4274999,-122.1697,16.100000381469727,0.011131949209416398,GUIDED
18.491767000000003,POS,37.4274999,-122.1697,16.100000381469727,0.011131949209416398,GUIDED
18.591727000000002,POS,37.4274999,-122.1697,16.100000381469727,0.011131949209416398,GUIDED
18.691687,POS,37.4274999,-122.1697,16.100000381469727,0.011131949209416398,GUIDED
18.79248,POS,37.4274999,-122.1697,16.100000381469727,0.011131949209416398,GUIDED
18.89244,POS,37.4274999,-122.1697,16.100000381469727,0.011131949209416398,GUIDED
18.9924,POS,37.4274999,-122.1697,16.100000381469727,0.011131949209416398,GUIDED
19.092360000000003,POS,37.4274999,-122.1697,16.100000381469727,0.011131949209416398,GUIDED
19.192320000000002,POS,37.4274999,-122.1697,16.100000381469727,0.011131949209416398,GUIDED
19.29228,POS,37.4274999,-122.1697,16.100000381469727,0.011131949209416398,GUIDED
19.39224,POS,37.4274999,-122.1697,16.100000381469727,0.011131949209416398,GUIDED
19.4922,POS,37.4274999,-122.1697,16.100000381469727,0.011131949209416398,GUIDED
19.59216,POS,37.4274999,-122.1697,16.100000381469727,0.011131949209416398,GUIDED
19.692120000000003,POS,37.4274999,-122.1697,16.100000381469727,0.011131949209416398,GUIDED
19.792080000000002,POS,37.4274999,-122.1697,16.100000381469727,0.011131949209416398,GUIDED
19.89204,POS,37.4274999,-122.1697,16.100000381469727,0.011131949209416398,GUIDED
19.992,POS,37.4274999,-122.1697,16.100000381469727,0.011131949209416398,GUIDED
20.09196,POS,37.4274999,-122.1697,16.100000381469727,0.011131949209416398,GUIDED
20.19192,POS,37.4274999,-122.1697,16.100000381469727,0.011131949209416398,GUIDED
20.291880000000003,POS,37.4274999,-122.1697,16.100000381469727,0.011131949209416398,GUIDED
20.391840000000002,POS,37.4274999,-122.1697,16.100000381469727,0.011131949209416398,GUIDED
20.4918,POS,37.4274999,-122.1697,16.100000381469727,0.011131949209416398,GUIDED
20.59176,POS,37.4274999,-122.1697,16.100000381469727,0.011131949209416398,GUIDED
20.69172,POS,37.4274999,-122.1697,16.100000381469727,0.011131949209416398,GUIDED
20.791680000000003,POS,37.4274999,-122.1697,16.100000381469727,0.011131949209416398,GUIDED
20.892473000000003,POS,37.4274999,-122.1697,16.100000381469727,0.011131949209416398,GUIDED
20.992433000000002,POS,37.4274999,-122.1697,16.100000381469727,0.011131949209416398,GUIDED
21.092393,POS,37.4274999,-122.1697,16.100000381469727,0.011131949209416398,GUIDED
21.192353,POS,37.4274999,-122.1697,16.100000381469727,0.011131949209416398,GUIDED
21.292313,POS,37.4274999,-122.1697,16.100000381469727,0.011131949209416398,GUIDED
21.392273000000003,POS,37.4274999,-122.1697,16.100000381469727,0.011131949209416398,GUIDED
21.492233000000002,POS,37.4274999,-122.1697,16.100000381469727,0.011131949209416398,GUIDED
21.592193,POS,37.4274999,-122.1697,16.100000381469727,0.011131949209416398,GUIDED
21.692153,POS,37.4274999,-122.1697,16.100000381469727,0.011131949209416398,GUIDED
21.792113,POS,37.4274999,-122.1697,16.100000381469727,0.011131949209416398,GUIDED
21.892073,POS,37.4274999,-122.1697,16.100000381469727,0.011131949209416398,GUIDED
21.992033000000003,POS,37.4274999,-122.1697,16.100000381469727,0.011131949209416398,GUIDED
22.091993000000002,POS,37.4274999,-122.1697,16.100000381469727,0.011131949209416398,GUIDED
22.191953,POS,37.4274999,-122.1697,16.100000381469727,0.011131949209416398,GUIDED
22.291913,POS,37.4274999,-122.1697,16.100000381469727,0.011131949209416398,GUIDED
22.391873,POS,37.4274999,-122.1697,16.100000381469727,0.011131949209416398,GUIDED
22.491833,POS,37.4274999,-122.1697,16.100000381469727,0.011131949209416398,GUIDED
22.591793000000003,POS,37.4274999,-122.1697,16.100000381469727,0.011131949209416398,GUIDED
22.691753000000002,POS,37.4274999,-122.1697,16.100000381469727,0.011131949209416398,GUIDED
22.791713,POS,37.4274999,-122.1697,16.100000381469727,0.011131949209416398,GUIDED
22.891673,POS,37.4274999,-122.1697,16.100000381469727,0.011131949209416398,GUIDED
22.992466,POS,37.4274999,-122.1697,16.100000381469727,0.011131949209416398,GUIDED
23.092426,POS,37.4274999,-122.1697,16.100000381469727,0.011131949209416398,GUIDED
23.192386000000003,POS,37.4274999,-122.1697,16.100000381469727,0.011131949209416398,GUIDED
23.292346000000002,POS,37.4274999,-122.1697,16.100000381469727,0.011131949209416398,GUIDED
23.392306,POS,37.4274999,-122.1697,16.100000381469727,0.011131949209416398,GUIDED
23.492266,POS,37.4274999,-122.1697,16.100000381469727,0.011131949209416398,GUIDED
23.592226,POS,37.4274999,-122.1697,16.100000381469727,0.011131949209416398,GUIDED
23.692186000000003,POS,37.4274999,-122.1697,16.100000381469727,0.011131949209416398,GUIDED
23.792146000000002,POS,37.4274999,-122.1697,16.100000381469727,0.011131949209416398,GUIDED
23.892106000000002,POS,37.4274999,-122.1697,16.100000381469727,0.011131949209416398,GUIDED
23.992066,POS,37.4274999,-122.1697,16.100000381469727,0.011131949209416398,GUIDED
24.092026,POS,37.4274999,-122.1697,16.100000381469727,0.011131949209416398,GUIDED
24.191986,POS,37.4274999,-122.1697,16.100000381469727,0.011131949209416398,GUIDED
24.291946000000003,POS,37.4274999,-122.1697,16.100000381469727,0.011131949209416398,GUIDED
24.391906000000002,POS,37.4274999,-122.1697,16.100000381469727,0.011131949209416398,GUIDED
24.491866,POS,37.4274999,-122.1697,16.100000381469727,0.011131949209416398,GUIDED
24.591826,POS,37.4274999,-122.1697,16.100000381469727,0.011131949209416398,GUIDED
24.691786,POS,37.4274999,-122.1697,16.100000381469727,0.011131949209416398,GUIDED
24.791746,POS,37.4274999,-122.1697,16.100000381469727,0.011131949209416398,GUIDED
24.891706000000003,POS,37.4274999,-122.1697,16.100000381469727,0.011131949209416398,GUIDED
24.992499000000002,POS,37.4274999,-122.1697,16.100000381469727,0.011131949209416398,GUIDED
25.092459,POS,37.4274999,-122.1697,16.100000381469727,0.011131949209416398,GUIDED
25.192419,POS,37.4274999,-122.1697,16.100000381469727,0.011131949209416398,GUIDED
25.292379,POS,37.4274999,-122.1697,16.100000381469727,0.011131949209416398,GUIDED
25.392339,POS,37.4274999,-122.1697,16.100000381469727,0.011131949209416398,GUIDED
25.492299000000003,POS,37.4274999,-122.1697,16.100000381469727,0.011131949209416398,GUIDED
25.592259000000002,POS,37.4274999,-122.1697,16.100000381469727,0.011131949209416398,GUIDED
25.692219,POS,37.4274999,-122.1697,16.100000381469727,0.011131949209416398,GUIDED
25.792179,POS,37.4274999,-122.1697,16.100000381469727,0.011131949209416398,GUIDED
25.892139,POS,37.4274999,-122.1697,16.100000381469727,0.011131949209416398,GUIDED
25.992099000000003,POS,37.4274999,-122.1697,16.100000381469727,0.011131949209416398,GUIDED
26.092059000000003,POS,37.4274999,-122.1697,16.100000381469727,0.011131949209416398,GUIDED
26.192019000000002,POS,37.4274999,-122.1697,16.100000381469727,0.011131949209416398,GUIDED
26.291979,POS,37.4274999,-122.1697,16.100000381469727,0.011131949209416398,GUIDED
26.391939,POS,37.4274999,-122.1697,16.100000381469727,0.011131949209416398,GUIDED
26.491899,POS,37.4274999,-122.1697,16.100000381469727,0.011131949209416398,GUIDED
26.591859000000003,POS,37.4274999,-122.1697,16.100000381469727,0.011131949209416398,GUIDED
26.691819000000002,POS,37.4274999,-122.1697,16.100000381469727,0.011131949209416398,GUIDED
26.791779000000002,POS,37.4274999,-122.1697,16.100000381469727,0.011131949209416398,GUIDED
26.891739,POS,37.4274999,-122.1697,16.100000381469727,0.011131949209416398,GUIDED
26.991699,POS,37.4274999,-122.1697,16.100000381469727,0.011131949209416398,GUIDED
27.092492,POS,37.4274999,-122.1697,16.100000381469727,0.011131949209416398,GUIDED
27.192452000000003,POS,37.4274999,-122.1697,16.100000381469727,0.011131949209416398,GUIDED
27.292412000000002,POS,37.4274999,-122.1697,16.100000381469727,0.011131949209416398,GUIDED
27.392372,POS,37.4274999,-122.1697,16.100000381469727,0.011131949209416398,GUIDED
27.492332,POS,37.4274999,-122.1697,16.100000381469727,0.011131949209416398,GUIDED
27.592292,POS,37.4274999,-122.1697,16.100000381469727,0.011131949209416398,GUIDED
27.692252,POS,37.4274999,-122.1697,16.100000381469727,0.011131949209416398,GUIDED
27.792212000000003,POS,37.4274999,-122.1697,16.100000381469727,0.011131949209416398,GUIDED
27.892172000000002,POS,37.4274999,-122.1697,16.100000381469727,0.011131949209416398,GUIDED
27.992132,POS,37.4274999,-122.1697,16.100000381469727,0.011131949209416398,GUIDED
28.092092,POS,37.4274999,-122.1697,16.100000381469727,0.011131949209416398,GUIDED
28.192052,POS,37.4274999,-122.1697,16.100000381469727,0.011131949209416398,GUIDED
28.292012,POS,37.4274999,-122.1697,16.100000381469727,0.011131949209416398,GUIDED
28.391972000000003,POS,37.4274999,-122.1697,16.100000381469727,0.011131949209416398,GUIDED
28.491932000000002,POS,37.4274999,-122.1697,16.100000381469727,0.011131949209416398,GUIDED
28.591892,POS,37.4274999,-122.1697,16.100000381469727,0.011131949209416398,GUIDED
28.691852,POS,37.4274999,-122.1697,16.100000381469727,0.011131949209416398,GUIDED
28.791812,POS,37.4274999,-122.1697,16.100000381469727,0.011131949209416398,GUIDED
28.891772000000003,POS,37.4274999,-122.1697,16.100000381469727,0.011131949209416398,GUIDED
28.991732000000003,POS,37.4274999,-122.1697,16.100000381469727,0.011131949209416398,GUIDED
29.091692000000002,POS,37.4274999,-122.1697,16.100000381469727,0.011131949209416398,GUIDED
29.192485,POS,37.4274999,-122.1697,16.100000381469727,0.011131949209416398,GUIDED
29.292445,POS,37.4274999,-122.1697,16.100000381469727,0.011131949209416398,GUIDED
29.392405,POS,37.4274999,-122.1697,16.100000381469727,0.011131949209416398,GUIDED
29.492365000000003,POS,37.4274999,-122.1697,16.100000381469727,0.011131949209416398,GUIDED
29.592325000000002,POS,37.4274999,-122.1697,16.100000381469727,0.011131949209416398,GUIDED
29.692285000000002,POS,37.4274999,-122.1697,16.100000381469727,0.011131949209416398,GUIDED
29.792245000000005,POS,37.4274999,-122.1697,16.100000381469727,0.011131949209416398,GUIDED
29.892205,POS,37.4274999,-122.1697,16.100000381469727,0.011131949209416398,GUIDED
29.992165000000004,POS,37.4274999,-122.1697,16.100000381469727,0.011131949209416398,GUIDED
30.092125,POS,37.4274999,-122.1697,16.100000381469727,0.011131949209416398,GUIDED
30.192085000000002,POS,37.4274999,-122.1697,16.100000381469727,0.011131949209416398,GUIDED
30.292044999999998,POS,37.4274999,-122.1697,16.100000381469727,0.011131949209416398,GUIDED
30.392005,POS,37.4274999,-122.1697,16.100000381469727,0.011131949209416398,GUIDED
30.491965000000004,POS,37.4274999,-122.1697,16.100000381469727,0.011131949209416398,GUIDED
30.591925,POS,37.4274999,-122.1697,16.100000381469727,0.011131949209416398,GUIDED
30.691885000000003,POS,37.4274999,-122.1697,16.100000381469727,0.011131949209416398,GUIDED
30.791845,POS,37.4274999,-122.1697,16.100000381469727,0.011131949209416398,GUIDED
30.891805,POS,37.4274999,-122.1697,16.100000381469727,0.011131949209416398,GUIDED
30.991765000000004,POS,37.4274999,-122.1697,16.100000381469727,0.011131949209416398,GUIDED
31.091725,POS,37.4274999,-122.1697,16.100000381469727,0.011131949209416398,GUIDED
31.191685000000003,POS,37.4274999,-122.1697,16.100000381469727,0.011131949209416398,GUIDED
31.292478,POS,37.4274999,-122.1697,16.100000381469727,0.011131949209416398,GUIDED
31.392438000000002,POS,37.4274999,-122.1697,16.100000381469727,0.011131949209416398,GUIDED
31.492397999999998,POS,37.4274999,-122.1697,16.100000381469727,0.011131949209416398,GUIDED
31.592358,POS,37.4274999,-122.1697,16.100000381469727,0.011131949209416398,GUIDED
31.692318000000004,POS,37.4274999,-122.1697,16.100000381469727,0.011131949209416398,GUIDED
31.792278,POS,37.4274999,-122.1697,16.100000381469727,0.011131949209416398,GUIDED
31.892238000000003,POS,37.4274999,-122.1697,16.100000381469727,0.011131949209416398,GUIDED
31.992198,POS,37.4274999,-122.1697,16.100000381469727,0.011131949209416398,GUIDED
32.092158,POS,37.4274999,-122.1697,16.100000381469727,0.011131949209416398,GUIDED
32.192118,POS,37.4274999,-122.1697,16.100000381469727,0.011131949209416398,GUIDED
32.292078,POS,37.4274999,-122.1697,16.100000381469727,0.011131949209416398,GUIDED
32.392038,POS,37.4274999,-122.1697,16.100000381469727,0.011131949209416398,GUIDED
32.491997999999995,POS,37.4274999,-122.1697,16.100000381469727,0.011131949209416398,GUIDED
32.591958,POS,37.4274999,-122.1697,16.100000381469727,0.011131949209416398,GUIDED
32.691918,POS,37.4274999,-122.1697,16.100000381469727,0.011131949209416398,GUIDED
32.791878,POS,37.4274999,-122.1697,16.100000381469727,0.011131949209416398,GUIDED
32.891838,POS,37.4274999,-122.1697,16.100000381469727,0.011131949209416398,GUIDED
32.991797999999996,POS,37.4274999,-122.1697,16.100000381469727,0.011131949209416398,GUIDED
33.091758,POS,37.4274999,-122.1697,16.100000381469727,0.011131949209416398,GUIDED
33.191717999999995,POS,37.4274999,-122.1697,16.100000381469727,0.011131949209416398,GUIDED
33.291678,POS,37.4274999,-122.1697,16.100000381469727,0.011131949209416398,GUIDED
33.392471,POS,37.4274999,-122.1697,16.100000381469727,0.011131949209416398,GUIDED
33.492430999999996,POS,37.4274999,-122.1697,16.100000381469727,0.011131949209416398,GUIDED
33.592391,POS,37.4274999,-122.1697,16.100000381469727,0.011131949209416398,GUIDED
33.692350999999995,POS,37.4274999,-122.1697,16.100000381469727,0.011131949209416398,GUIDED
33.792311,POS,37.4274999,-122.1697,16.100000381469727,0.011131949209416398,GUIDED
33.892271,POS,37.4274999,-122.1697,16.100000381469727,0.011131949209416398,GUIDED
33.992231,POS,37.4274999,-122.1697,16.100000381469727,0.011131949209416398,GUIDED
34.092191,POS,37.4274999,-122.1697,16.100000381469727,0.011131949209416398,GUIDED
34.192150999999996,POS,37.4274999,-122.1697,16.100000381469727,0.011131949209416398,GUIDED
34.292111,POS,37.4274999,-122.1697,16.100000381469727,0.011131949209416398,GUIDED
34.392071,POS,37.4274999,-122.1697,16.100000381469727,0.011131949209416398,GUIDED
34.492031,POS,37.4274999,-122.1697,16.100000381469727,0.011131949209416398,GUIDED
34.591991,POS,37.4274999,-122.1697,16.100000381469727,0.011131949209416398,GUIDED
34.691950999999996,POS,37.4274999,-122.1697,16.100000381469727,0.011131949209416398,GUIDED
34.791911,POS,37.4274999,-122.1697,16.100000381469727,0.011131949209416398,GUIDED
34.891870999999995,POS,37.4274999,-122.1697,16.100000381469727,0.011131949209416398,GUIDED
34.991831,POS,37.4274999,-122.1697,16.100000381469727,0.011131949209416398,GUIDED
35.091791,POS,37.4274999,-122.1697,16.100000381469727,0.011131949209416398,GUIDED
35.191751,POS,37.4274999,-122.1697,16.100000381469727,0.011131949209416398,GUIDED
35.291711,POS,37.4274999,-122.1697,16.100000381469727,0.011131949209416398,GUIDED
35.391670999999995,POS,37.4274999,-122.1697,16.100000381469727,0.011131949209416398,GUIDED
35.492464,POS,37.4274999,-122.1697,16.100000381469727,0.011131949209416398,GUIDED
35.592424,POS,37.4274999,-122.1697,16.100000381469727,0.011131949209416398,GUIDED
35.692384,POS,37.4274999,-122.1697,16.100000381469727,0.011131949209416398,GUIDED
35.792344,POS,37.4274999,-122.1697,16.100000381469727,0.011131949209416398,GUIDED
35.892303999999996,POS,37.4274999,-122.1697,16.100000381469727,0.011131949209416398,GUIDED
35.992264,POS,37.4274999,-122.1697,16.100000381469727,0.011131949209416398,GUIDED
36.092223999999995,POS,37.4274999,-122.1697,16.100000381469727,0.011131949209416398,GUIDED
36.192184,POS,37.4274999,-122.1697,16.100000381469727,0.011131949209416398,GUIDED
36.292144,POS,37.4274999,-122.1697,16.100000381469727,0.011131949209416398,GUIDED
36.392103999999996,POS,37.4274999,-122.1697,16.100000381469727,0.011131949209416398,GUIDED
36.492064,POS,37.4274999,-122.1697,16.100000381469727,0.011131949209416398,GUIDED
36.592023999999995,POS,37.4274999,-122.1697,16.100000381469727,0.011131949209416398,GUIDED
36.691984,POS,37.4274999,-122.1697,16.100000381469727,0.011131949209416398,GUIDED
36.791944,POS,37.4274999,-122.1697,16.100000381469727,0.011131949209416398,GUIDED
36.891904,POS,37.4274999,-122.1697,16.100000381469727,0.011131949209416398,GUIDED
36.991864,POS,37.4274999,-122.1697,16.100000381469727,0.011131949209416398,GUIDED
37.091823999999995,POS,37.4274999,-122.1697,16.100000381469727,0.011131949209416398,GUIDED
37.191784,POS,37.4274999,-122.1697,16.100000381469727,0.011131949209416398,GUIDED
37.291744,POS,37.4274999,-122.1697,16.100000381469727,0.011131949209416398,GUIDED
37.391704,POS,37.4274999,-122.1697,16.100000381469727,0.011131949209416398,GUIDED
37.492497,POS,37.4274999,-122.1697,16.100000381469727,0.011131949209416398,GUIDED
37.592456999999996,POS,37.4274999,-122.1697,16.100000381469727,0.011131949209416398,GUIDED
37.692417,POS,37.4274999,-122.1697,16.100000381469727,0.011131949209416398,GUIDED
37.792376999999995,POS,37.4274999,-122.1697,16.100000381469727,0.011131949209416398,GUIDED
37.892337,POS,37.4274999,-122.1697,16.100000381469727,0.011131949209416398,GUIDED
37.992297,POS,37.4274999,-122.1697,16.100000381469727,0.011131949209416398,GUIDED
38.092257,POS,37.4274999,-122.1697,16.100000381469727,0.011131949209416398,GUIDED
38.192217,POS,37.4274999,-122.1697,16.100000381469727,0.011131949209416398,GUIDED
38.292176999999995,POS,37.4274999,-122.1697,16.100000381469727,0.011131949209416398,GUIDED
38.392137,POS,37.4274999,-122.1697,16.100000381469727,0.011131949209416398,GUIDED
38.492097,POS,37.4274999,-122.1697,16.100000381469727,0.011131949209416398,GUIDED
38.592057,POS,37.4274999,-122.1697,16.100000381469727,0.011131949209416398,GUIDED
38.692017,POS,37.4274999,-122.1697,16.100000381469727,0.011131949209416398,GUIDED
38.791976999999996,POS,37.4274999,-122.1697,16.100000381469727,0.011131949209416398,GUIDED
38.891937,POS,37.4274999,-122.1697,16.100000381469727,0.011131949209416398,GUIDED
38.991896999999994,POS,37.4274999,-122.1697,16.100000381469727,0.011131949209416398,GUIDED
39.091857,POS,37.4274999,-122.1697,16.100000381469727,0.011131949209416398,GUIDED
39.191817,POS,37.4274999,-122.1697,16.06999969482422,0.011131949209416398,GUIDED
39.291776999999996,POS,37.4274999,-122.1697,16.06999969482422,0.011131949209416398,GUIDED
39.391737,POS,37.4274999,-122.1697,16.06999969482422,0.011131949209416398,GUIDED
39.491696999999995,POS,37.4274999,-122.1697,16.06999969482422,0.011131949209416398,GUIDED
39.59249,POS,37.4274999,-122.1697,16.06999969482422,0.011131949209416398,GUIDED
39.69245,POS,37.4274999,-122.1697,16.06999969482422,0.011131949209416398,GUIDED
39.79241,POS,37.4274999,-122.1697,16.06999969482422,0.011131949209416398,GUIDED
39.89237,POS,37.4274999,-122.1697,16.06999969482422,0.011131949209416398,GUIDED
39.992329999999995,POS,37.4274999,-122.1697,16.06999969482422,0.011131949209416398,GUIDED
40.09229,POS,37.4274999,-122.1697,16.06999969482422,0.011131949209416398,GUIDED
40.19225,POS,37.4274999,-122.1697,16.06999969482422,0.011131949209416398,GUIDED
40.29221,POS,37.4274999,-122.1697,16.06999969482422,0.011131949209416398,GUIDED
40.39217,POS,37.4274999,-122.1697,16.06999969482422,0.011131949209416398,GUIDED
40.492129999999996,POS,37.4274999,-122.1697,16.06999969482422,0.011131949209416398,GUIDED
40.59209,POS,37.4274999,-122.1697,16.06999969482422,0.011131949209416398,GUIDED
40.692049999999995,POS,37.4274999,-122.1697,16.06999969482422,0.011131949209416398,GUIDED
40.79201,POS,37.4274999,-122.1697,16.06999969482422,0.011131949209416398,GUIDED
40.89197,POS,37.4274999,-122.1697,16.06999969482422,0.011131949209416398,GUIDED
40.991929999999996,POS,37.4274999,-122.1697,16.06999969482422,0.011131949209416398,GUIDED
41.09189,POS,37.4274999,-122.1697,16.06999969482422,0.011131949209416398,GUIDED
41.191849999999995,POS,37.4274999,-122.1697,16.06999969482422,0.011131949209416398,GUIDED
41.29181,POS,37.4274999,-122.1697,16.06999969482422,0.011131949209416398,GUIDED
41.39177,POS,37.4274999,-122.1697,16.06999969482422,0.011131949209416398,GUIDED
41.49173,POS,37.4274999,-122.1697,16.06999969482422,0.011131949209416398,GUIDED
41.59169,POS,37.4274999,-122.1697,16.06999969482422,0.011131949209416398,GUIDED
41.692482999999996,POS,37.4274999,-122.1697,16.06999969482422,0.011131949209416398,GUIDED
41.792443,POS,37.4274999,-122.1697,16.06999969482422,0.011131949209416398,GUIDED
41.892402999999995,POS,37.4274999,-122.1697001,16.06999969482422,0.01421507314541867,GUIDED
41.992363,POS,37.4274999,-122.1697001,16.06999969482422,0.01421507314541867,GUIDED
42.092323,POS,37.4274999,-122.1697001,16.06999969482422,0.01421507314541867,GUIDED
42.192282999999996,POS,37.4274999,-122.1697001,16.06999969482422,0.01421507314541867,GUIDED
42.292243,POS,37.4274999,-122.1697001,16.06999969482422,0.01421507314541867,GUIDED
42.392202999999995,POS,37.4274999,-122.1697001,16.06999969482422,0.01421507314541867,GUIDED
42.492163,POS,37.4274999,-122.1697001,16.06999969482422,0.01421507314541867,GUIDED
42.592123,POS,37.4274999,-122.1697001,16.06999969482422,0.01421507314541867,GUIDED
42.692083,POS,37.4274998,-122.1697001,16.06999969482422,0.023954731980071642,GUIDED
42.792043,POS,37.4274998,-122.1697001,16.06999969482422,0.023954731980071642,GUIDED
42.892002999999995,POS,37.4274998,-122.1697001,16.06999969482422,0.023954731980071642,GUIDED
42.991963,POS,37.4274998,-122.1697001,16.06999969482422,0.023954731980071642,GUIDED
43.091923,POS,37.4274998,-122.1697001,16.06999969482422,0.023954731980071642,GUIDED
43.191883,POS,37.4274998,-122.1697001,16.06999969482422,0.023954731980071642,GUIDED
43.291843,POS,37.4274998,-122.1697001,16.06999969482422,0.023954731980071642,GUIDED
43.391802999999996,POS,37.4274998,-122.1697001,16.06999969482422,0.023954731980071642,GUIDED
43.491763,POS,37.4274998,-122.1697001,16.06999969482422,0.023954731980071642,GUIDED
43.591722999999995,POS,37.4274998,-122.1697001,16.06999969482422,0.023954731980071642,GUIDED
43.691683,POS,37.4274998,-122.1697001,16.06999969482422,0.023954731980071642,GUIDED
43.792476,POS,37.4274998,-122.1697001,16.06999969482422,0.023954731980071642,GUIDED
43.892436,POS,37.4274998,-122.1697001,16.06999969482422,0.023954731980071642,GUIDED
43.992396,POS,37.4274998,-122.1697001,16.06999969482422,0.023954731980071642,GUIDED
44.092355999999995,POS,37.4274998,-122.1697001,16.06999969482422,0.023954731980071642,GUIDED
44.192316,POS,37.4274998,-122.1697001,16.06999969482422,0.023954731980071642,GUIDED
44.292276,POS,37.4274998,-122.1697001,16.06999969482422,0.023954731980071642,GUIDED
44.392236,POS,37.4274998,-122.1697001,16.06999969482422,0.023954731980071642,GUIDED
44.492196,POS,37.4274998,-122.1697001,16.06999969482422,0.023954731980071642,GUIDED
44.592155999999996,POS,37.4274998,-122.1697001,16.06999969482422,0.023954731980071642,GUIDED
44.692116,POS,37.4274998,-122.1697001,16.06999969482422,0.023954731980071642,GUIDED
44.792075999999994,POS,37.4274999,-122.1697001,16.06999969482422,0.01421507314541867,GUIDED
44.892036,POS,37.4274998,-122.1697001,16.06999969482422,0.023954731980071642,GUIDED
44.991996,POS,37.4274999,-122.1697001,16.06999969482422,0.01421507314541867,GUIDED
45.091955999999996,POS,37.4274999,-122.1697001,16.06999969482422,0.01421507314541867,GUIDED
45.191916,POS,37.4274999,-122.1697001,16.06999969482422,0.01421507314541867,GUIDED
45.291875999999995,POS,37.4274999,-122.1697001,16.06999969482422,0.01421507314541867,GUIDED
45.391836,POS,37.4274999,-122.1697001,16.06999969482422,0.01421507314541867,GUIDED
45.491796,POS,37.4274999,-122.1697001,16.06999969482422,0.01421507314541867,GUIDED
45.591756,POS,37.4274999,-122.1697001,16.06999969482422,0.01421507314541867,GUIDED
45.691716,POS,37.4274999,-122.1697001,16.06999969482422,0.01421507314541867,GUIDED
45.791675999999995,POS,37.4274999,-122.1697001,16.06999969482422,0.01421507314541867,GUIDED
45.892469,POS,37.4274999,-122.1697001,16.06999969482422,0.01421507314541867,GUIDED
45.992429,POS,37.4274999,-122.1697001,16.06999969482422,0.01421507314541867,GUIDED
46.092389,POS,37.4274999,-122.1697001,16.06999969482422,0.01421507314541867,GUIDED
46.192349,POS,37.4274999,-122.1697001,16.06999969482422,0.01421507314541867,GUIDED
46.292308999999996,POS,37.4274999,-122.1697001,16.06999969482422,0.01421507314541867,GUIDED
46.392269,POS,37.4274999,-122.1697001,16.06999969482422,0.01421507314541867,GUIDED
46.492228999999995,POS,37.4274999,-122.1697001,16.06999969482422,0.01421507314541867,GUIDED
46.592189,POS,37.4274999,-122.1697001,16.06999969482422,0.01421507314541867,GUIDED
46.692149,POS,37.4274999,-122.1697001,16.06999969482422,0.01421507314541867,GUIDED
46.792108999999996,POS,37.4274999,-122.1697001,16.06999969482422,0.01421507314541867,GUIDED
46.892069,POS,37.4274999,-122.1697001,16.06999969482422,0.01421507314541867,GUIDED
46.992028999999995,POS,37.4274999,-122.1697001,16.06999969482422,0.01421507314541867,GUIDED
47.091989,POS,37.4274999,-122.1697001,16.06999969482422,0.01421507314541867,GUIDED
47.191949,POS,37.4274999,-122.1697001,16.06999969482422,0.01421507314541867,GUIDED
47.291909,POS,37.4274999,-122.1697001,16.06999969482422,0.01421507314541867,GUIDED
47.391869,POS,37.4274999,-122.1697001,16.06999969482422,0.01421507314541867,GUIDED
47.491828999999996,POS,37.4274999,-122.1697001,16.06999969482422,0.01421507314541867,GUIDED
47.591789,POS,37.4274999,-122.1697001,16.06999969482422,0.01421507314541867,GUIDED
47.691748999999994,POS,37.4274999,-122.1697001,16.06999969482422,0.01421507314541867,GUIDED
47.791709,POS,37.4274999,-122.1697001,16.06999969482422,0.01421507314541867,GUIDED
47.891669,POS,37.4274999,-122.1697001,16.06999969482422,0.01421507314541867,GUIDED
47.992461999999996,POS,37.4274999,-122.1697001,16.06999969482422,0.01421507314541867,GUIDED
48.092422,POS,37.4274999,-122.1697001,16.06999969482422,0.01421507314541867,GUIDED
48.192381999999995,POS,37.4274999,-122.1697001,16.06999969482422,0.01421507314541867,GUIDED
48.292342,POS,37.4274999,-122.1697001,16.06999969482422,0.01421507314541867,GUIDED
48.392302,POS,37.4274999,-122.1697001,16.06999969482422,0.01421507314541867,GUIDED
48.492262,POS,37.4274999,-122.1697001,16.06999969482422,0.01421507314541867,GUIDED
48.592222,POS,37.4274999,-122.1697001,16.06999969482422,0.01421507314541867,GUIDED
48.692181999999995,POS,37.4274999,-122.1697001,16.06999969482422,0.01421507314541867,GUIDED
48.792142,POS,37.4274999,-122.1697001,16.06999969482422,0.01421507314541867,GUIDED
48.892102,POS,37.4274999,-122.1697001,16.06999969482422,0.01421507314541867,GUIDED
48.992062,POS,37.4274999,-122.1697001,16.06999969482422,0.01421507314541867,GUIDED
49.092022,POS,37.4274999,-122.1697001,16.06999969482422,0.01421507314541867,GUIDED
49.191981999999996,POS,37.4274999,-122.1697001,16.09000015258789,0.01421507314541867,GUIDED
49.291942,POS,37.4274999,-122.1697001,16.100000381469727,0.01421507314541867,GUIDED
49.391901999999995,POS,37.4274999,-122.1697001,16.1299991607666,0.01421507314541867,GUIDED
49.491862,POS,37.4274999,-122.1697001,16.149999618530273,0.01421507314541867,GUIDED
49.591822,POS,37.4274999,-122.1697,16.190000534057617,0.011131949209416398,GUIDED
49.691781999999996,POS,37.4274999,-122.1697,16.25,0.011131949209416398,GUIDED
49.791742,POS,37.4274999,-122.1697,16.350000381469727,0.011131949209416398,GUIDED
49.891701999999995,POS,37.4274999,-122.1697,16.469999313354492,0.011131949209416398,GUIDED
49.992495,POS,37.4274999,-122.1696999,16.59000015258789,0.014215073926666955,GUIDED
50.092455,POS,37.4274999,-122.1696999,16.69999885559082,0.014215073926666955,GUIDED
50.192415,POS,37.4274999,-122.1696998,16.809999465942383,0.020892878761370796,GUIDED
50.292375,POS,37.4274999,-122.1696997,16.93000030517578,0.028761997990825246,GUIDED
50.392334999999996,POS,37.4274999,-122.1696996,17.059999465942383,0.037071399382088026,GUIDED
50.492295,POS,37.4274999,-122.1696995,17.209999084472656,0.045580927037309024,GUIDED
50.592254999999994,POS,37.4274999,-122.1696994,17.35999870300293,0.054196393799106596,GUIDED
50.692215,POS,37.4274999,-122.1696992,17.520000457763672,0.07159185518606168,GUIDED
50.792175,POS,37.4274999,-122.1696991,17.69999885559082,0.08033623099456333,GUIDED
50.892134999999996,POS,37.4274999,-122.169699,17.8799991607666,0.08909950918276059,GUIDED
50.992095,POS,37.4274999,-122.1696988,18.079999923706055,0.10666412357103128,GUIDED
51.092054999999995,POS,37.4274999,-122.1696987,18.279998779296875,0.11545967235441432,GUIDED
51.192015,POS,37.4274999,-122.1696985,18.5,0.13306849805376955,GUIDED
51.291975,POS,37.4274999,-122.1696984,18.729999542236328,0.14187957457276565,GUIDED
51.391935,POS,37.4274999,-122.1696983,18.959999084472656,0.15069405624594512,GUIDED
51.491895,POS,37.4274999,-122.1696981,19.209999084472656,0.16833108969792132,GUIDED
51.591854999999995,POS,37.4274999,-122.169698,19.459999084472656,0.17715284028942976,GUIDED
51.691815,POS,37.4274999,-122.1696979,19.709999084472656,0.18597633582524112,GUIDED
51.791775,POS,37.4274999,-122.1696977,19.969999313354492,0.20362765871695507,GUIDED
51.891735,POS,37.4274999,-122.1696976,20.229999542236328,0.21245512502432568,GUIDED
51.991695,POS,37.4275,-122.1696975,20.479999542236328,0.22100342332901912,GUIDED
52.092487999999996,POS,37.4275,-122.1696973,20.739999771118164,0.2386836973460917,GUIDED
52.192448,POS,37.4275,-122.1696972,21.0,0.24752383372649855,GUIDED
52.292407999999995,POS,37.4275,-122.1696971,21.25,0.2563639713631644,GUIDED
52.392368,POS,37.4275,-122.169697,21.510000228881836,0.26520410774357117,GUIDED
52.492328,POS,37.4275,-122.1696969,21.770000457763672,0.27404424412397793,GUIDED
52.592287999999996,POS,37.4275,-122.1696967,22.020000457763672,0.2917245181410506,GUIDED
52.692248,POS,37.4275,-122.1696966,22.26999855041504,0.3005646557777164,GUIDED
52.792207999999995,POS,37.4275,-122.1696966,22.51999855041504,0.3005646557777164,GUIDED
52.892168,POS,37.4275,-122.1696965,22.76999855041504,0.30940479215812317,GUIDED
52.992128,POS,37.4275,-122.1696964,23.01999855041504,0.31824492853853,GUIDED
53.092088,POS,37.4275,-122.1696963,23.26999855041504,0.3270850661751958,GUIDED
53.192048,POS,37.4275,-122.1696962,23.51999855041504,0.3359252025556026,GUIDED
53.292007999999996,POS,37.4275,-122.1696962,23.76999855041504,0.3359252025556026,GUIDED
53.391968,POS,37.4275,-122.1696961,24.01999855041504,0.3447653401922684,GUIDED
53.491927999999994,POS,37.4275,-122.1696961,24.26999855041504,0.3447653401922684,GUIDED
53.591888,POS,37.4275,-122.1696961,24.51999855041504,0.3447653401922684,GUIDED
53.691848,POS,37.4275,-122.169696,24.760000228881836,0.35360547657267516,GUIDED
53.791807999999996,POS,37.4275,-122.169696,25.010000228881836,0.35360547657267516,GUIDED
53.891768,POS,37.4275,-122.169696,25.260000228881836,0.35360547657267516,GUIDED
53.991727999999995,POS,37.4275,-122.169696,25.510000228881836,0.35360547657267516,GUIDED
54.091688,POS,37.4275,-122.169696,25.75,0.35360547657267516,GUIDED
54.192481,POS,37.4275,-122.169696,26.0,0.35360547657267516,GUIDED
54.292441,POS,37.4275,-122.1696959,26.25,0.362445614209341,GUIDED
54.392401,POS,37.4275,-122.1696959,26.5,0.362445614209341,GUIDED
54.492360999999995,POS,37.4275,-122.1696959,26.75,0.362445614209341,GUIDED
54.592321,POS,37.4275,-122.1696959,26.989999771118164,0.362445614209341,GUIDED
54.692281,POS,37.4275,-122.1696959,27.239999771118164,0.362445614209341,GUIDED
54.792241,POS,37.4275,-122.1696959,27.489999771118164,0.362445614209341,GUIDED
54.892201,POS,37.4275,-122.1696959,27.739999771118164,0.362445614209341,GUIDED
54.992160999999996,POS,37.4275,-122.1696959,27.989999771118164,0.362445614209341,GUIDED
55.092121,POS,37.4275,-122.169696,28.239999771118164,0.35360547657267516,GUIDED
55.192080999999995,POS,37.4275,-122.169696,28.489999771118164,0.35360547657267516,GUIDED
55.292041,POS,37.4275,-122.169696,28.739999771118164,0.35360547657267516,GUIDED
55.392001,POS,37.4275,-122.169696,28.989999771118164,0.35360547657267516,GUIDED
55.491960999999996,POS,37.4275,-122.169696,29.229999542236328,0.35360547657267516,GUIDED
55.591921,POS,37.4275,-122.1696961,29.479999542236328,0.3447653401922684,GUIDED
55.691880999999995,POS,37.4275,-122.1696961,29.729999542236328,0.3447653401922684,GUIDED
55.791841,POS,37.4275,-122.1696961,29.979999542236328,0.3447653401922684,GUIDED
55.891801,POS,37.4275,-122.1696961,30.229999542236328,0.3447653401922684,GUIDED
55.991761,POS,37.4275,-122.1696961,30.479999542236328,0.3447653401922684,GUIDED
56.091721,POS,37.4275,-122.1696961,30.729999542236328,0.3447653401922684,GUIDED
56.191680999999996,POS,37.4275,-122.1696961,30.969999313354492,0.3447653401922684,GUIDED
56.292474,POS,37.4275,-122.1696961,31.19999885559082,0.3447653401922684,GUIDED
56.392433999999994,POS,37.4275,-122.1696961,31.42999839782715,0.3447653401922684,GUIDED
56.492394,POS,37.4275,-122.1696961,31.65999984741211,0.3447653401922684,GUIDED
56.592354,POS,37.4275,-122.1696961,31.8799991607666,0.3447653401922684,GUIDED
56.692313999999996,POS,37.4275,-122.1696961,32.099998474121094,0.3447653401922684,GUIDED
56.792274,POS,37.4275,-122.1696961,32.30999755859375,0.3447653401922684,GUIDED
56.892233999999995,POS,37.4275,-122.1696961,32.5099983215332,0.3447653401922684,GUIDED
56.992194,POS,37.4275,-122.1696961,32.709999084472656,0.3447653401922684,GUIDED
57.092154,POS,37.4275,-122.1696961,32.89999771118164,0.3447653401922684,GUIDED
57.192114,POS,37.4275,-122.1696961,33.09000015258789,0.3447653401922684,GUIDED
57.292074,POS,37.4275,-122.1696961,33.27000045776367,0.3447653401922684,GUIDED
57.392033999999995,POS,37.4275,-122.1696961,33.439998626708984,0.3447653401922684,GUIDED
57.491994,POS,37.4275,-122.1696961,33.61000061035156,0.3447653401922684,GUIDED
57.591954,POS,37.4275,-122.1696961,33.779998779296875,0.3447653401922684,GUIDED
57.691914,POS,37.4275,-122.1696961,33.93000030517578,0.3447653401922684,GUIDED
57.791874,POS,37.4275,-122.1696961,34.09000015258789,0.3447653401922684,GUIDED
57.891833999999996,POS,37.4275,-122.1696961,34.23999786376953,0.3447653401922684,GUIDED
57.991794,POS,37.4275001,-122.1696961,34.380001068115234,0.3449450100122078,GUIDED
58.091753999999995,POS,37.4275001,-122.1696961,34.52000045776367,0.3449450100122078,GUIDED
58.191714,POS,37.4275001,-122.1696961,34.64999771118164,0.3449450100122078,GUIDED
58.291674,POS,37.4275001,-122.1696961,34.77000045776367,0.3449450100122078,GUIDED
58.392466999999996,POS,37.4275001,-122.1696961,34.89999771118164,0.3449450100122078,GUIDED
58.492427,POS,37.4275001,-122.1696962,35.0099983215332,0.33610959798031936,GUIDED
58.592386999999995,POS,37.4275001,-122.1696962,35.119998931884766,0.33610959798031936,GUIDED
58.692347,POS,37.4275001,-122.1696962,35.22999954223633,0.33610959798031936,GUIDED
58.792307,POS,37.4275001,-122.1696962,35.31999969482422,0.33610959798031936,GUIDED
58.892267,POS,37.4275001,-122.1696962,35.41999816894531,0.33610959798031936,GUIDED
58.992227,POS,37.4275002,-122.1696962,35.5,0.3366621786719485,GUIDED
59.092186999999996,POS,37.4275002,-122.1696961,35.57999801635742,0.3454834592537472,GUIDED
59.192147,POS,37.4275002,-122.1696957,35.63999938964844,0.38077732429389144,GUIDED
59.292106999999994,POS,37.4275002,-122.1696949,35.70000076293945,0.4513963698452189,GUIDED
59.392067,POS,37.4275002,-122.1696936,35.73999786376953,0.566206651883714,GUIDED
59.492027,POS,37.4275002,-122.169692,35.77000045776367,0.7075613132797837,GUIDED
59.591986999999996,POS,37.4275002,-122.1696899,35.790000915527344,0.8931313665795687,GUIDED
59.691947,POS,37.4275002,-122.1696873,35.79999923706055,1.1229181182559946,GUIDED
59.791906999999995,POS,37.4275003,-122.1696844,35.80999755859375,1.3794656591599008,GUIDED
59.891867,POS,37.4275003,-122.169681,35.80999755859375,1.6799579798559403,GUIDED
59.991827,POS,37.4275003,-122.1696772,35.79999923706055,2.0158278616835674,GUIDED
60.091787,POS,37.4275003,-122.1696729,35.79999923706055,2.395909856002546,GUIDED
60.191747,POS,37.4275003,-122.1696683,35.790000915527344,2.8025223794758904,GUIDED
60.291706999999995,POS,37.4275003,-122.1696632,35.779998779296875,3.253341785140948,GUIDED
60.3925,POS,37.4275003,-122.1696576,35.779998779296875,3.748366813485196,GUIDED
60.49246,POS,37.4275003,-122.1696515,35.77000045776367,4.287596452083448,GUIDED
60.59242,POS,37.4275003,-122.169645,35.77000045776367,4.86218997910056,GUIDED
60.69238,POS,37.4275003,-122.169638,35.7599983215332,5.480986612228715,GUIDED
60.792339999999996,POS,37.4275003,-122.1696305,35.7599983215332,6.14398590045194,GUIDED
60.8923,POS,37.4275002,-122.1696226,35.7599983215332,6.84230217822893,GUIDED
60.992259999999995,POS,37.4275002,-122.1696145,35.7599983215332,7.558349835264864,GUIDED
61.09222,POS,37.4275001,-122.1696062,35.7599983215332,8.292055883969896,GUIDED
61.19218,POS,37.4275001,-122.1695977,35.7599983215332,9.043466900168314,GUIDED
61.292139999999996,POS,37.4275001,-122.1695891,35.7599983215332,9.803718142295317,GUIDED
61.3921,POS,37.4275,-122.1695803,35.75,10.581643875475738,GUIDED
61.492059999999995,POS,37.4275,-122.1695715,35.75,11.35957592343295,GUIDED
61.59202,POS,37.4275,-122.1695626,35.75,12.14634810777054,GUIDED
61.69198,POS,37.4274999,-122.1695537,35.75,12.933125092812974,GUIDED
61.79194,POS,37.4274999,-122.1695447,35.75,13.728737136423614,GUIDED
61.89189999999999,POS,37.4274999,-122.1695357,35.75,14.524349211707362,GUIDED
61.99186,POS,37.4274999,-122.1695266,35.75,15.328801446722931,GUIDED
62.09182,POS,37.4274999,-122.1695175,35.75,16.133253704064742,GUIDED
62.191779999999994,POS,37.4274999,-122.1695085,35.75,16.92886584481933,GUIDED
62.291740000000004,POS,37.4274999,-122.1694994,35.75,17.733318137677802,GUIDED
62.3917,POS,37.4274999,-122.1694903,35.75,18.53777044494636,GUIDED
62.492492999999996,POS,37.4274999,-122.1694811,35.75,19.351062901006202,GUIDED
62.59245299999999,POS,37.4274999,-122.1694719,35.75,20.164355367141294,GUIDED
62.692413,POS,37.4274999,-122.1694626,35.75,20.98648797968834,GUIDED
62.792373,POS,37.4274999,-122.1694532,35.75,21.81746073654604,GUIDED
62.892332999999994,POS,37.4274999,-122.1694439,35.75,22.639593366337134,GUIDED
62.992293000000004,POS,37.4274999,-122.1694345,35.75,23.470566140003633,GUIDED
63.092253,POS,37.4274999,-122.1694252,35.75,24.29269878232566,GUIDED
63.192212999999995,POS,37.4274999,-122.1694158,35.75,25.123671568527577,GUIDED
63.29217299999999,POS,37.4274999,-122.1694064,35.75,25.954644358875022,GUIDED
63.392133,POS,37.4275,-122.169397,35.75,26.785614823044984,GUIDED
63.492093,POS,37.4275,-122.1693877,35.75,27.60774755541582,GUIDED
63.59205299999999,POS,37.4275,-122.1693783,35.75,28.438720424167,GUIDED
63.692013,POS,37.4275,-122.169369,35.7599983215332,29.2608531565377,GUIDED
63.791973,POS,37.4275,-122.1693596,35.7599983215332,30.09182602528872,GUIDED
63.891932999999995,POS,37.4275001,-122.1693503,35.7599983215332,30.91396074129014,GUIDED
63.991893000000005,POS,37.4275001,-122.1693409,35.7599983215332,31.744933558277225,GUIDED
64.091853,POS,37.4275001,-122.1693316,35.7599983215332,32.567066239570174,GUIDED
64.191813,POS,37.4275001,-122.1693224,35.7599983215332,33.380358788662676,GUIDED
64.29177299999999,POS,37.4275002,-122.1693132,35.7599983215332,34.19365675197589,GUIDED
64.391733,POS,37.4275002,-122.169304,35.7599983215332,35.006949178488085,GUIDED
64.491693,POS,37.4275002,-122.1692948,35.7599983215332,35.82024161139054,GUIDED
64.592486,POS,37.4275002,-122.1692857,35.7599983215332,36.624693916694625,GUIDED
64.692446,POS,37.4275002,-122.1692765,35.7599983215332,37.437986364592575,GUIDED
64.792406,POS,37.4275002,-122.1692673,35.7599983215332,38.25127881748538,GUIDED
64.892366,POS,37.4275003,-122.169258,35.7599983215332,39.073419315015514,GUIDED
64.99232599999999,POS,37.4275003,-122.1692488,35.7599983215332,39.886711617119545,GUIDED
65.092286,POS,37.4275003,-122.1692395,35.7599983215332,40.70884406549695,GUIDED
65.192246,POS,37.4275003,-122.1692303,35.7599983215332,41.52213639154866,GUIDED
65.292206,POS,37.4275003,-122.1692211,35.7599983215332,42.33542872665276,GUIDED
65.392166,POS,37.4275003,-122.1692118,35.7599983215332,43.15756120645431,GUIDED
65.492126,POS,37.4275003,-122.1692026,35.7599983215332,43.970853560567136,GUIDED
65.592086,POS,37.4275003,-122.1691934,35.7599983215332,44.78414592461636,GUIDED
65.692046,POS,37.4275003,-122.1691842,35.7599983215332,45.597438295625,GUIDED
65.792006,POS,37.4275003,-122.1691751,35.7599983215332,46.40189054034383,GUIDED
65.891966,POS,37.4275003,-122.1691659,35.7599983215332,47.215182927695906,GUIDED
65.99192599999999,POS,37.4275003,-122.1691567,35.7599983215332,48.02847532080233,GUIDED
66.091886,POS,37.4275003,-122.1691476,35.77000045776367,48.83292758627336,GUIDED
66.191846,POS,37.4275003,-122.1691386,35.77000045776367,49.628539723582335,GUIDED
66.291806,POS,37.4275003,-122.1691295,35.77000045776367,50.43299200109244,GUIDED
66.391766,POS,37.4275003,-122.1691205,35.77000045776367,51.22860414848953,GUIDED
66.491726,POS,37.4275003,-122.1691115,35.77000045776367,52.02421630239517,GUIDED
66.591686,POS,37.4275003,-122.1691025,35.77000045776367,52.81982846131568,GUIDED
66.69247899999999,POS,37.4275003,-122.1690934,35.77000045776367,53.6242807596759,GUIDED
66.792439,POS,37.4275003,-122.1690844,35.77000045776367,54.419892926763026,GUIDED
66.892399,POS,37.4275003,-122.1690753,35.77000045776367,55.2243452342336,RTL
66.992359,POS,37.4275003,-122.1690661,35.77000045776367,56.037637682039225,RTL
67.092319,POS,37.4275003,-122.169057,35.77000045776367,56.842089997944335,RTL
67.192279,POS,37.4275003,-122.1690481,35.779998779296875,57.62886204676615,RTL
67.292239,POS,37.4275003,-122.1690395,35.779998779296875,58.38911369318735,RTL
67.39219899999999,POS,37.4275003,-122.1690312,35.79999923706055,59.122844935475655,RTL
67.492159,POS,37.4275003,-122.1690233,35.81999969482422,59.8212156394697,RTL
67.592119,POS,37.4275003,-122.1690158,35.849998474121094,60.48422580468496,RTL
67.69207899999999,POS,37.4275003,-122.1690087,35.88999938964844,61.111875428173526,RTL
67.792039,POS,37.4275003,-122.1690021,35.91999816894531,61.69532437698878,RTL
67.891999,POS,37.4275002,-122.168996,35.959999084472656,62.234567711810264,RTL
67.991959,POS,37.4275002,-122.1689904,36.0,62.72961534717065,RTL
68.091919,POS,37.4275002,-122.1689853,36.040000915527344,63.18046230015409,RTL
68.191879,POS,37.4275002,-122.1689807,36.06999969482422,63.58710857188928,RTL
68.291839,POS,37.4275001,-122.1689766,36.09000015258789,63.94955129955818,RTL
68.39179899999999,POS,37.4275001,-122.1689729,36.099998474121094,64.27663635932582,RTL
68.491759,POS,37.4275001,-122.1689696,36.11000061035156,64.56836087291462,RTL
68.591719,POS,37.4275001,-122.1689667,36.11000061035156,64.8247248390534,RTL
68.691679,POS,37.4275,-122.1689642,36.099998474121094,65.04572734860835,RTL
68.792472,POS,37.4275,-122.1689621,36.09000015258789,65.2313702239018,RTL
68.892432,POS,37.4275,-122.1689604,36.07999801635742,65.38165255116138,RTL
68.992392,POS,37.4274999,-122.168959,36.07999801635742,65.50541545765077,RTL
69.09235199999999,POS,37.4274999,-122.168958,36.06999969482422,65.59381682526347,RTL
69.192312,POS,37.4274999,-122.1689573,36.05999755859375,65.65569778284564,RTL
69.292272,POS,37.4274998,-122.168957,36.05999755859375,65.68222106674285,RTL
69.39223199999999,POS,37.4274998,-122.1689569,36.04999923706055,65.69106120388348,RTL
69.492192,POS,37.4274998,-122.1689571,36.04999923706055,65.67338093085863,RTL
69.592152,POS,37.4274998,-122.1689576,36.04999923706055,65.62918024892703,RTL
69.692112,POS,37.4274998,-122.1689582,36.04999923706055,65.57613942985986,RTL
69.792072,POS,37.4274998,-122.1689591,36.04999923706055,65.49657820315278,RTL
69.892032,POS,37.4274998,-122.1689602,36.04999923706055,65.3993367021843,RTL
69.991992,POS,37.4274998,-122.1689614,36.04999923706055,65.29325506535429,RTL
70.09195199999999,POS,37.4274998,-122.1689629,36.04999923706055,65.16065301965898,RTL
70.191912,POS,37.4274998,-122.1689645,36.04999923706055,65.01921083686499,RTL
70.291872,POS,37.4274998,-122.1689663,36.04999923706055,64.86008838236408,RTL
70.391832,POS,37.4274998,-122.1689682,36.04999923706055,64.69212579078422,RTL
70.491792,POS,37.4274998,-122.1689702,36.04999923706055,64.5153230621339,RTL
70.591752,POS,37.4274998,-122.1689723,36.04999923706055,64.32968019893472,RTL
70.691712,POS,37.4274998,-122.1689745,36.04999923706055,64.13519719742764,RTL
70.79167199999999,POS,37.4274998,-122.1689768,36.04999923706055,63.93187406139168,RTL
70.892465,POS,37.4274998,-122.1689792,36.05999755859375,63.71971078832525,RTL
70.992425,POS,37.4274998,-122.1689817,36.05999755859375,63.498707378239985,RTL
71.092385,POS,37.4274998,-122.1689842,36.05999755859375,63.2777039695055,RTL
71.192345,POS,37.4274998,-122.1689869,36.05999755859375,63.03902028792835,RTL
71.292305,POS,37.4274998,-122.1689896,36.05999755859375,62.80033660520767,RTL
71.392265,POS,37.4274998,-122.1689924,36.05999755859375,62.552812788024944,RTL
71.492225,POS,37.4274999,-122.1689953,36.05999755859375,62.29644580721556,RTL
71.592185,POS,37.4274999,-122.1689982,36.05999755859375,62.04008184104915,RTL
71.692145,POS,37.4274999,-122.1690011,36.05999755859375,61.783717874916825,RTL
71.79210499999999,POS,37.4274999,-122.1690041,36.05999755859375,61.518513772577485,RTL
71.892065,POS,37.4274999,-122.1690071,36.05999755859375,61.253309669019295,RTL
71.992025,POS,37.4274999,-122.1690102,36.05999755859375,60.979265429260046,RTL
72.091985,POS,37.4275,-122.1690133,36.05999755859375,60.705220128326395,RTL
72.191945,POS,37.4275,-122.1690164,36.05999755859375,60.43117588420424,RTL
72.291905,POS,37.4275,-122.1690195,36.05999755859375,60.157131640082056,RTL
72.391865,POS,37.4275,-122.1690227,36.05999755859375,59.874247259579505,RTL
72.49182499999999,POS,37.4275,-122.1690259,36.05999755859375,59.591362879076925,RTL
72.591785,POS,37.4275001,-122.1690291,36.05999755859375,59.30847950241769,RTL
72.691745,POS,37.4275001,-122.1690323,36.05999755859375,59.025595127110854,RTL
72.791705,POS,37.4275001,-122.1690356,36.05999755859375,58.73387061438028,RTL
72.892498,POS,37.4275001,-122.1690388,36.05999755859375,58.45098623917212,RTL
72.992458,POS,37.4275002,-122.1690421,36.05999755859375,58.15926488376091,RTL
73.092418,POS,37.4275002,-122.1690454,36.05999755859375,57.86754038749413,RTL
73.19237799999999,POS,37.4275002,-122.1690487,36.05999755859375,57.57581589144501,RTL
73.292338,POS,37.4275003,-122.1690521,36.05999755859375,57.2752566306443,RTL
73.392298,POS,37.4275003,-122.1690554,36.05999755859375,56.983532162933294,RTL
73.49225799999999,POS,37.4275003,-122.1690588,36.05999755859375,56.68296756090667,RTL
73.592218,POS,37.4275003,-122.1690621,36.05999755859375,56.391243094245446,RTL
73.692178,POS,37.4275004,-122.1690655,36.05999755859375,56.09068618835315,RTL
73.792138,POS,37.4275004,-122.1690689,36.05999755859375,55.79012162985506,RTL
73.892098,POS,37.4275004,-122.1690723,36.05999755859375,55.48955707238846,RTL
73.992058,POS,37.4275004,-122.1690757,36.05999755859375,55.18899251597022,RTL
74.092018,POS,37.4275004,-122.1690791,36.05999755859375,54.888427959361294,RTL
74.19197799999999,POS,37.4275005,-122.1690825,36.05999755859375,54.58787358411503,RTL
74.291938,POS,37.4275005,-122.1690859,36.05999755859375,54.287309087706014,RTL
74.391898,POS,37.4275005,-122.1690893,36.05999755859375,53.986744593046346,RTL
74.491858,POS,37.4275005,-122.1690927,36.05999755859375,53.68618010016537,RTL
74.591818,POS,37.4275005,-122.1690961,36.05999755859375,53.38561560783689,RTL
74.691778,POS,37.4275005,-122.1690996,36.05999755859375,53.07621098711335,RTL
74.791738,POS,37.4275005,-122.169103,36.05999755859375,52.77564649855077,RTL
74.89169799999999,POS,37.4275005,-122.1691064,36.05999755859375,52.47508201314845,RTL
74.992491,POS,37.4275005,-122.1691098,36.05999755859375,52.17451752968304,RTL
75.092451,POS,37.4275005,-122.1691132,36.05999755859375,51.87395304818821,RTL
75.19241099999999,POS,37.4275005,-122.1691166,36.05999755859375,51.57338856869842,RTL
75.292371,POS,37.4275005,-122.1691201,36.05999755859375,51.26398395885151,RTL
75.392331,POS,37.4275005,-122.1691235,36.05999755859375,50.96341948354,RTL
75.492291,POS,37.4275005,-122.169127,36.05999755859375,50.65401487807175,RTL
75.592251,POS,37.4275005,-122.1691304,36.05999755859375,50.353450407090854,RTL
75.692211,POS,37.4275005,-122.1691339,36.05999755859375,50.044045806161854,RTL
75.792171,POS,37.4275005,-122.1691373,36.05999755859375,49.74348133967138,RTL
75.89213099999999,POS,37.4275005,-122.1691407,36.05999755859375,49.44291687545476,RTL
75.992091,POS,37.4275005,-122.1691442,36.05999755859375,49.133512281617854,RTL
76.092051,POS,37.4275005,-122.1691476,36.05999755859375,48.83294782214517,RTL
76.192011,POS,37.4275005,-122.1691511,36.05999755859375,48.52354323453976,RTL
76.291971,POS,37.4275005,-122.1691545,36.05999755859375,48.222978778735325,RTL
76.391931,POS,37.4275005,-122.169158,36.05999755859375,47.91357419629578,RTL
76.491891,POS,37.4275005,-122.1691614,36.05999755859375,47.613009746861984,RTL
76.59185099999999,POS,37.4275005,-122.1691648,36.05999755859375,47.312445298764885,RTL
76.691811,POS,37.4275005,-122.1691682,36.05999755859375,47.01188085456675,RTL
76.791771,POS,37.4275005,-122.1691716,36.05999755859375,46.71131641306231,RTL
76.891731,POS,37.4275005,-122.1691751,36.05999755859375,46.401911843055366,RTL
76.991691,POS,37.4275005,-122.1691785,36.05999755859375,46.10134740717989,RTL
77.092484,POS,37.4275005,-122.1691819,36.05999755859375,45.80078297416092,RTL
77.192444,POS,37.4275005,-122.1691853,36.05999755859375,45.500218544055045,RTL
77.292404,POS,37.4275005,-122.1691887,36.05999755859375,45.19965411566414,RTL
77.392364,POS,37.4275004,-122.1691922,36.05999755859375,44.89023716965648,RTL
77.492324,POS,37.4275004,-122.1691956,36.05999755859375,44.589672664801185,RTL
77.59228399999999,POS,37.4275004,-122.1691991,36.05999755859375,44.280268028822064,RTL
77.692244,POS,37.4275004,-122.1692025,36.05999755859375,43.97970352811041,RTL
77.792204,POS,37.4275004,-122.169206,36.05999755859375,43.67029889648587,RTL
77.892164,POS,37.4275004,-122.1692094,36.05999755859375,43.36973440009331,RTL
77.992124,POS,37.4275004,-122.1692128,36.05999755859375,43.06916990589654,RTL
78.092084,POS,37.4275003,-122.1692163,36.05999755859375,42.75975516647372,RTL
78.192044,POS,37.4275003,-122.1692197,36.05999755859375,42.45919060487338,RTL
78.29200399999999,POS,37.4275003,-122.1692232,36.05999755859375,42.149785909744594,RTL
78.391964,POS,37.4275003,-122.1692266,36.05999755859375,41.84922135084523,RTL
78.491924,POS,37.4275003,-122.1692301,36.05999755859375,41.53981665981416,RTL
78.591884,POS,37.4275003,-122.1692335,36.05999755859375,41.239252102479824,RTL
78.691844,POS,37.4275003,-122.1692369,36.05999755859375,40.9386875478384,RTL
78.791804,POS,37.4275003,-122.1692404,36.05999755859375,40.629282860032205,RTL
78.891764,POS,37.4275003,-122.1692438,36.05999755859375,40.32871830840531,RTL
78.991724,POS,37.4275003,-122.1692472,36.05999755859375,40.028153758314545,RTL
79.091684,POS,37.4275003,-122.1692506,36.05999755859375,39.72758920979484,RTL
79.192477,POS,37.4275003,-122.169254,36.05999755859375,39.42702466288209,RTL
79.29243699999999,POS,37.4275003,-122.1692574,36.05999755859375,39.12646011635707,RTL
79.392397,POS,37.4275003,-122.1692608,36.05999755859375,38.82589557277049,RTL
79.492357,POS,37.4275003,-122.1692643,36.05999755859375,38.51649089786495,RTL
79.592317,POS,37.4275003,-122.1692677,36.05999755859375,38.21592635655827,RTL
79.692277,POS,37.4275003,-122.1692711,36.05999755859375,37.91536181831316,RTL
79.792237,POS,37.4275003,-122.1692746,36.05999755859375,37.60595714903893,RTL
79.892197,POS,37.4275003,-122.169278,36.05999755859375,37.30539261333577,RTL
79.99215699999999,POS,37.4275003,-122.1692815,36.05999755859375,36.99598794806778,RTL
80.092117,POS,37.4275002,-122.1692849,36.05999755859375,36.69541499962653,RTL
80.192077,POS,37.4275002,-122.1692884,36.05999755859375,36.38601026531434,RTL
80.292037,POS,37.4275002,-122.1692918,36.05999755859375,36.085445667929115,RTL
80.391997,POS,37.4275002,-122.1692953,36.05999755859375,35.77604093558345,RTL
80.491957,POS,37.4275002,-122.1692987,36.05999755859375,35.47547634015763,RTL
80.591917,POS,37.4275002,-122.1693021,36.05999755859375,35.17491174573485,RTL
80.69187699999999,POS,37.4275002,-122.1693056,36.05999755859375,34.86550701651811,RTL
80.791837,POS,37.4275002,-122.169309,36.05999755859375,34.5649424242116,RTL
80.891797,POS,37.4275002,-122.1693124,36.06999969482422,34.26437783298951,RTL
80.99175699999999,POS,37.4275002,-122.1693158,36.06999969482422,33.96381324162437,RTL
81.091717,POS,37.4275002,-122.1693192,36.06999969482422,33.663248652658524,RTL
81.191677,POS,37.4275002,-122.1693226,36.06999969482422,33.3626840648666,RTL
81.29247,POS,37.4275002,-122.169326,36.06999969482422,33.06211947828063,RTL
81.39243,POS,37.4275002,-122.1693294,36.06999969482422,32.76155489293379,RTL
81.49239,POS,37.4275002,-122.1693329,36.06999969482422,32.452150173315474,RTL
81.59235,POS,37.4275002,-122.1693363,36.06999969482422,32.151585590590514,RTL
81.69230999999999,POS,37.4275002,-122.1693398,36.06999969482422,31.842180873748397,RTL
81.79227,POS,37.4275002,-122.1693432,36.06999969482422,31.541616293798157,RTL
81.89223,POS,37.4275002,-122.1693467,36.06999969482422,31.232211579895655,RTL
81.99219,POS,37.4275002,-122.1693501,36.06999969482422,30.931647002885107,RTL
82.09215,POS,37.4275002,-122.1693536,36.06999969482422,30.622242293354986,RTL
82.19211,POS,37.4275002,-122.169357,36.06999969482422,30.321677718206175,RTL
82.29207,POS,37.4275002,-122.1693604,36.06999969482422,30.02111314592004,RTL
82.39202999999999,POS,37.4275002,-122.1693639,36.06999969482422,29.71170844140159,RTL
82.49199,POS,37.4275002,-122.1693673,36.06999969482422,29.411143871271193,RTL
82.59195,POS,37.4275002,-122.1693708,36.06999969482422,29.101739170374962,RTL
82.69191,POS,37.4275002,-122.1693742,36.06999969482422,28.80117460513076,RTL
82.79187,POS,37.4275002,-122.1693777,36.06999969482422,28.491769906834346,RTL
82.89183,POS,37.4275002,-122.1693811,36.06999969482422,28.19120534545698,RTL
82.99179,POS,37.4275002,-122.1693845,36.06999969482422,27.89064078482222,RTL
83.09175,POS,37.4275002,-122.1693879,36.06999969482422,27.59007622750792,RTL
83.19171,POS,37.4275002,-122.1693913,36.06999969482422,27.289511672326018,RTL
83.29167,POS,37.4275002,-122.1693947,36.06999969482422,26.988947119347767,RTL
83.39246299999999,POS,37.4275002,-122.1693981,36.06999969482422,26.68838256864762,RTL
83.492423,POS,37.4275002,-122.1694015,36.06999969482422,26.38781801904715,RTL
83.592383,POS,37.4275002,-122.169405,36.06999969482422,26.078413339992213,RTL
83.692343,POS,37.4275002,-122.1694084,36.06999969482422,25.777848796683507,RTL
83.792303,POS,37.4275002,-122.1694119,36.06999969482422,25.468444121741072,RTL
83.892263,POS,37.4275002,-122.1694153,36.06999969482422,25.16787958383621,RTL
83.992223,POS,37.4275002,-122.1694187,36.06999969482422,24.867315048740657,RTL
84.09218299999999,POS,37.4275002,-122.1694222,36.06999969482422,24.557910382564227,RTL
84.192143,POS,37.4275002,-122.1694256,36.06999969482422,24.257345853492268,RTL
84.292103,POS,37.4275002,-122.1694291,36.06999969482422,23.947941193752044,RTL
84.392063,POS,37.4275002,-122.1694325,36.05999755859375,23.647376671172793,RTL
84.492023,POS,37.4275002,-122.169436,36.05999755859375,23.337972018376625,RTL
84.591983,POS,37.4275002,-122.1694394,36.05999755859375,23.037407502809213,RTL
84.691943,POS,37.4275002,-122.1694429,36.05999755859375,22.72800285751982,RTL
84.791903,POS,37.4275002,-122.1694463,36.05999755859375,22.42743834954023,RTL
84.891863,POS,37.4275002,-122.1694498,36.05999755859375,22.11803371363906,RTL
84.991823,POS,37.4275002,-122.1694532,36.05999755859375,21.817469212631885,RTL
85.09178299999999,POS,37.4275002,-122.1694566,36.05999755859375,21.516904717193636,RTL
85.191743,POS,37.4275002,-122.16946,36.05999755859375,21.216340226251354,RTL
85.291703,POS,37.4275002,-122.1694634,36.05999755859375,20.91577573999886,RTL
85.392496,POS,37.4275002,-122.1694668,36.05999755859375,20.615211258641285,RTL
85.492456,POS,37.4275002,-122.1694703,36.05999755859375,20.30580665008236,RTL
85.592416,POS,37.4275002,-122.1694737,36.05999755859375,20.005242179340232,RTL
85.692376,POS,37.4275002,-122.1694771,36.05999755859375,19.704677714192393,RTL
85.79233599999999,POS,37.4275002,-122.1694806,36.05999755859375,19.39527312309553,RTL
85.892296,POS,37.4275002,-122.169484,36.05999755859375,19.094708670117175,RTL
85.992256,POS,37.4275002,-122.1694874,36.05999755859375,18.794144223572292,RTL
86.092216,POS,37.4275002,-122.1694908,36.05999755859375,18.49357978251832,RTL
86.192176,POS,37.4275002,-122.1694943,36.05999755859375,18.184175220056257,RTL
86.292136,POS,37.4275002,-122.1694977,36.05999755859375,17.883610795002987,RTL
86.392096,POS,37.4275002,-122.1695011,36.06999969482422,17.58304637652478,RTL
86.49205599999999,POS,37.4275002,-122.1695046,36.06999969482422,17.273641838513225,RTL
86.592016,POS,37.4275002,-122.169508,36.06999969482422,16.97307743847077,RTL
86.691976,POS,37.4275002,-122.1695114,36.06999969482422,16.672513046332835,RTL
86.79193599999999,POS,37.4275002,-122.1695149,36.06999969482422,16.36310853692622,RTL
86.891896,POS,37.4275002,-122.1695183,36.06999969482422,16.062544166226292,RTL
86.991856,POS,37.4275002,-122.1695217,36.06999969482422,15.761979805079148,RTL
87.091816,POS,37.4275002,-122.1695252,36.06999969482422,15.452575329429335,RTL
87.191776,POS,37.4275002,-122.1695286,36.06999969482422,15.152010992208686,RTL
87.291736,POS,37.4275002,-122.169532,36.06999969482422,14.851446669121987,RTL
87.391696,POS,37.4275002,-122.1695354,36.06999969482422,14.550882359710995,RTL
87.49248899999999,POS,37.4275002,-122.1695388,36.06999969482422,14.250318064841041,RTL
87.592449,POS,37.4275002,-122.1695422,36.06999969482422,13.94975378545204,RTL
87.692409,POS,37.4275002,-122.1695457,36.06999969482422,13.640349396709745,RTL
87.792369,POS,37.4275002,-122.1695492,36.06999969482422,13.330945026674417,RTL
87.892329,POS,37.4275002,-122.1695526,36.06999969482422,13.030380801391846,RTL
87.992289,POS,37.4275002,-122.169556,36.06999969482422,12.729816596359875,RTL
88.092249,POS,37.4275002,-122.1695595,36.06999969482422,12.420412289614983,RTL
88.19220899999999,POS,37.4275002,-122.1695629,36.06999969482422,12.11984813034952,RTL
88.292169,POS,37.4275002,-122.1695664,36.06999969482422,11.81044387557923,RTL
88.392129,POS,37.4275002,-122.1695698,36.06999969482422,11.5098797681944,RTL
88.49208899999999,POS,37.4275002,-122.1695733,36.06999969482422,11.200475572535527,RTL
88.592049,POS,37.4275002,-122.1695767,36.06999969482422,10.899911528586253,RTL
88.692009,POS,37.4275002,-122.1695801,36.06999969482422,10.599347517985779,RTL
88.791969,POS,37.4275002,-122.1695836,36.06999969482422,10.289943430582216,RTL
88.891929,POS,37.4275002,-122.169587,36.06999969482422,9.989379499907812,RTL
88.991889,POS,37.4275002,-122.1695905,36.06999969482422,9.679975502444904,RTL
89.091849,POS,37.4275002,-122.1695939,36.06999969482422,9.379411668791827,RTL
89.19180899999999,POS,37.4275002,-122.1695973,36.05999755859375,9.078847888207223,RTL
89.291769,POS,37.4275002,-122.1696008,36.05999755859375,8.769444060876172,RTL
89.391729,POS,37.4275002,-122.1696042,36.05999755859375,8.468880409784024,RTL
89.491689,POS,37.4275002,-122.1696076,36.05999755859375,8.168316831251119,RTL
89.592482,POS,37.4275002,-122.169611,36.05999755859375,7.867753336249655,RTL
89.692442,POS,37.4275002,-122.1696144,36.05999755859375,7.567189933327122,RTL
89.792402,POS,37.4275002,-122.1696179,36.05999755859375,7.257786537827174,RTL
89.89236199999999,POS,37.4275002,-122.1696213,36.05999755859375,6.957223358976277,RTL
89.992322,POS,37.4275002,-122.1696248,36.05999755859375,6.647820226490997,RTL
90.092282,POS,37.4275002,-122.1696282,36.05999755859375,6.347257336527335,RTL
90.192242,POS,37.4275002,-122.1696316,36.05999755859375,6.046694623327069,RTL
90.292202,POS,37.4275002,-122.1696351,36.05999755859375,5.7372920432645715,RTL
90.392162,POS,37.4275002,-122.1696385,36.05999755859375,5.436729776069855,RTL
90.492122,POS,37.4275002,-122.1696419,36.05999755859375,5.136167789639435,RTL
90.592082,POS,37.4275002,-122.1696452,36.05999755859375,4.844446177677629,RTL
90.692042,POS,37.4275002,-122.1696486,36.05999755859375,4.543884907642956,RTL
90.792002,POS,37.4275002,-122.169652,36.06999969482422,4.243324117011094,RTL
90.89196199999999,POS,37.4275002,-122.1696553,36.06999969482422,3.95160391116231,RTL
90.991922,POS,37.4275002,-122.1696586,36.06999969482422,3.659884392700552,RTL
91.091882,POS,37.4275002,-122.1696619,36.06999969482422,3.36816574148747,RTL
91.191842,POS,37.4275002,-122.1696651,36.06999969482422,3.0852881068980142,RTL
91.291802,POS,37.4275002,-122.1696682,36.06999969482422,2.8112516938995697,RTL
91.391762,POS,37.4275002,-122.1696713,36.06999969482422,2.537216972474717,RTL
91.491722,POS,37.4275002,-122.1696743,36.06999969482422,2.272024268616811,RTL
91.59168199999999,POS,37.4275002,-122.1696772,36.06999969482422,2.01567417305419,RTL
91.692475,POS,37.4275002,-122.16968,36.06999969482422,1.768167552835223,RTL
91.792435,POS,37.4275002,-122.1696827,36.06999969482422,1.5295057317058012,RTL
91.892395,POS,37.4275002,-122.1696853,36.06999969482422,1.2996908300057037,RTL
91.992355,POS,37.4275002,-122.1696878,36.06999969482422,1.0787264784401944,RTL
92.092315,POS,37.4275002,-122.1696901,36.06999969482422,0.875456697645911,RTL
92.192275,POS,37.4275002,-122.1696923,36.06999969482422,0.6810545461900822,RTL
92.29223499999999,POS,37.4275002,-122.1696943,36.06999969482422,0.5043794199918765,RTL
92.392195,POS,37.4275002,-122.1696961,36.06999969482422,0.3454834592537472,RTL
92.492155,POS,37.4275002,-122.1696977,36.06999969482422,0.20453846599911896,RTL
92.59211499999999,POS,37.4275002,-122.1696991,36.06999969482422,0.08261761815393329,RTL
92.692075,POS,37.4275002,-122.1697002,36.06999969482422,0.028430145649390007,RTL
92.792035,POS,37.4275002,-122.1697011,36.06999969482422,0.09975766360402606,RTL
92.891995,POS,37.4275002,-122.1697018,36.06999969482422,0.160672460319642,RTL
92.991955,POS,37.4275002,-122.1697024,36.06999969482422,0.2133282466367443,RTL
93.091915,POS,37.4275002,-122.1697029,36.05999755859375,0.25732890652039603,RTL
93.191875,POS,37.4275002,-122.1697034,36.05999755859375,0.30138810932724114,RTL
93.29183499999999,POS,37.4275002,-122.169704,36.05999755859375,0.3543056773145201,RTL
93.391795,POS,37.4275002,-122.1697046,36.05999755859375,0.40725531532275083,RTL
93.491755,POS,37.4275002,-122.1697053,36.05999755859375,0.46905593480728247,RTL
93.591715,POS,37.4275002,-122.169706,36.05999755859375,0.5308752717066479,RTL
93.691675,POS,37.4275002,-122.1697067,36.05999755859375,0.5927074693756226,RTL
93.792468,POS,37.4275002,-122.1697074,36.05999755859375,0.6545488818770229,RTL
93.892428,POS,37.4275002,-122.169708,36.05999755859375,0.7075613120241467,RTL
93.99238799999999,POS,37.4275002,-122.1697085,36.05999755859375,0.7517413962272804,RTL
94.092348,POS,37.4275002,-122.169709,36.05999755859375,0.7959237679106845,RTL
94.192308,POS,37.4275002,-122.1697095,36.05999755859375,0.8401080661697828,RTL
94.29226799999999,POS,37.4275002,-122.1697099,36.05999755859375,0.8754566963900584,RTL
94.392228,POS,37.4275002,-122.1697102,36.05999755859375,0.9019687815517617,RTL
94.492188,POS,37.4275002,-122.1697104,36.05999755859375,0.9196437721248332,RTL
94.592148,POS,37.4275002,-122.1697106,36.05999755859375,0.9373189619862504,RTL
94.692108,POS,37.4275002,-122.1697107,36.05999755859375,0.9461566275319065,RTL
94.792068,POS,37.4275002,-122.1697108,36.05999755859375,0.9549943400706303,RTL
94.892028,POS,37.4275002,-122.1697108,36.05999755859375,0.9549943400706303,RTL
94.99198799999999,POS,37.4275002,-122.1697107,36.05999755859375,0.9461566275319065,RTL
95.091948,POS,37.4275002,-122.1697106,36.05999755859375,0.9373189619862504,RTL
95.191908,POS,37.4275002,-122.1697105,36.05999755859375,0.9284813422278815,RTL
95.291868,POS,37.4275002,-122.1697103,36.05999755859375,0.9108062518300624,RTL
95.391828,POS,37.4275002,-122.1697102,36.05999755859375,0.9019687815517617,RTL
95.491788,POS,37.4275002,-122.1697099,36.05999755859375,0.8754566963900584,RTL
95.591748,POS,37.4275002,-122.1697097,36.05999755859375,0.8577822584784439,RTL
95.69170799999999,POS,37.4275002,-122.1697094,36.05999755859375,0.8312710676400259,RTL
95.792501,POS,37.4275002,-122.1697091,36.05999755859375,0.8047604843442183,RTL
95.892461,POS,37.4275002,-122.1697087,36.05999755859375,0.7694140927213209,RTL
95.992421,POS,37.4275002,-122.1697084,36.05999755859375,0.7429051838308504,RTL
96.092381,POS,37.4275002,-122.169708,36.05999755859375,0.7075613120241467,RTL
96.192341,POS,37.4275002,-122.1697077,36.05999755859375,0.6810545449344947,RTL
96.292301,POS,37.4275002,-122.1697073,36.05999755859375,0.645713930840015,RTL
96.392261,POS,37.4275002,-122.1697069,36.05999755859375,0.6103756257368617,RTL
96.492221,POS,37.4275002,-122.1697066,36.05999755859375,0.5838736650173297,RTL
96.592181,POS,37.4275002,-122.1697062,36.05999755859375,0.5485404906731319,RTL
96.69214099999999,POS,37.4275002,-122.1697059,36.05999755859375,0.5220430431803952,RTL
96.792101,POS,37.4275002,-122.1697055,36.05999755859375,0.486717004589067,RTL
96.892061,POS,37.4275002,-122.1697052,36.05999755859375,0.4602259523078854,RTL
96.992021,POS,37.4275002,-122.1697048,36.05999755859375,0.4249102491581944,RTL
97.091981,POS,37.4275001,-122.1697045,36.06999969482422,0.39796188360409873,RTL
97.191941,POS,37.4275001,-122.1697042,36.06999969482422,0.371452591547288,RTL
97.291901,POS,37.4275001,-122.1697039,36.06999969482422,0.3449450087566032,RTL
97.39186099999999,POS,37.4275001,-122.1697037,36.06999969482422,0.32727444117028626,RTL
97.491821,POS,37.4275001,-122.1697034,36.06999969482422,0.300770729493638,RTL
97.591781,POS,37.4275001,-122.1697032,36.06999969482422,0.2831033255185471,RTL
97.691741,POS,37.4275001,-122.1697029,36.06999969482422,0.256605544317319,RTL
97.791701,POS,37.4275001,-122.1697027,36.06999969482422,0.2389431459494247,RTL
97.892494,POS,37.4275001,-122.1697025,36.06999969482422,0.22128360263659622,RTL
97.992454,POS,37.4275001,-122.1697023,36.06999969482422,0.2036276571913954,RTL
98.09241399999999,POS,37.4275001,-122.1697021,36.06999969482422,0.18597633432370994,RTL
98.192374,POS,37.4275001,-122.1697019,36.06999969482422,0.16833108947405925,RTL
98.292334,POS,37.4275001,-122.1697018,36.06999969482422,0.15951137481259703,RTL
98.39229399999999,POS,37.4275001,-122.1697016,36.05999755859375,0.14187957313203287,RTL
98.492254,POS,37.4275001,-122.1697015,36.04999923706055,0.13306849662541403,RTL
98.592214,POS,37.4275001,-122.1697013,36.029998779296875,0.11545967095121815,RTL
98.692174,POS,37.4275001,-122.1697011,36.0,0.09787660913610452,RTL
98.792134,POS,37.4275001,-122.1697009,35.959999084472656,0.08033622964517603,RTL
98.892094,POS,37.4275001,-122.1697007,35.90999984741211,0.0628742658366889,RTL
98.992054,POS,37.4275001,-122.1697005,35.849998474121094,0.045580925761838434,RTL
99.09201399999999,POS,37.4275001,-122.1697003,35.77000045776367,0.02876199679981027,RTL
99.191974,POS,37.4275001,-122.1697001,35.689998626708984,0.01421507313807542,RTL
99.291934,POS,37.4275001,-122.1697,35.59000015258789,0.011131949209416398,RTL
99.391894,POS,37.4275001,-122.1696998,35.48999786376953,0.02089287874138602,RTL
99.491854,POS,37.4275001,-122.1696996,35.369998931884766,0.03707139933703555,RTL
99.591814,POS,37.4275001,-122.1696995,35.23999786376953,0.045580926980056516,RTL
99.691774,POS,37.4275001,-122.1696993,35.099998474121094,0.0628742658366889,RTL
99.79173399999999,POS,37.4275001,-122.1696992,34.95000076293945,0.07159185509274613,RTL
99.891694,POS,37.4275001,-122.1696991,34.79999923706055,0.08033623088931598,RTL
99.992487,POS,37.4275001,-122.169699,34.64999771118164,0.08909950906560518,RTL
100.09244699999999,POS,37.4275001,-122.169699,34.48999786376953,0.08909950906560518,RTL
100.192407,POS,37.4275001,-122.169699,34.32999801635742,0.08909950906560518,RTL
100.292367,POS,37.4275001,-122.169699,34.16999816894531,0.08909950906560518,RTL
100.392327,POS,37.4275001,-122.169699,34.0099983215332,0.08909950906560518,RTL
100.492287,POS,37.4275001,-122.169699,33.849998474121094,0.08909950906560518,RTL
100.592247,POS,37.4275001,-122.1696991,33.70000076293945,0.08033623088931598,RTL
100.692207,POS,37.4275001,-122.1696992,33.540000915527344,0.07159185509274613,RTL
100.79216699999999,POS,37.4275001,-122.1696993,33.380001068115234,0.0628742658366889,RTL
100.892127,POS,37.4275001,-122.1696994,33.22999954223633,0.054196393729768845,RTL
100.992087,POS,37.4275001,-122.1696995,33.07999801635742,0.045580926980056516,RTL
101.092047,POS,37.4275001,-122.1696997,32.91999816894531,0.028761997958161867,RTL
101.192007,POS,37.4275001,-122.1696998,32.77000045776367,0.02089287874138602,RTL
101.291967,POS,37.4275001,-122.1697,32.619998931884766,0.011131949209416398,RTL
101.391927,POS,37.4275001,-122.1697001,32.46999740600586,0.01421507313807542,RTL
101.49188699999999,POS,37.4275001,-122.1697002,32.31999969482422,0.020892877678296357,RTL
101.591847,POS,37.4275001,-122.1697004,32.16999816894531,0.037071398138753105,RTL
101.691807,POS,37.4275001,-122.1697005,32.02000045776367,0.045580925761838434,RTL
101.791767,POS,37.4275001,-122.1697006,31.869998931884766,0.05419639250029568,RTL
101.891727,POS,37.4275001,-122.1697008,31.719999313354492,0.07159185385176678,RTL
101.991687,POS,37.4275001,-122.1697009,31.56999969482422,0.08033622964517603,RTL
102.09248,POS,37.4275001,-122.169701,31.420000076293945,0.08909950781918959,RTL
102.19244,POS,37.4275001,-122.1697011,31.26999855041504,0.09787660913610452,RTL
102.2924,POS,37.4275001,-122.1697012,31.119998931884766,0.10666412343010832,RTL
102.39236,POS,37.4275001,-122.1697013,30.969999313354492,0.11545967095121815,RTL
102.49231999999999,POS,37.4275001,-122.1697014,30.81999969482422,0.12426154685763963,RTL
102.59228,POS,37.4275001,-122.1697015,30.670000076293945,0.13306849662541403,RTL
102.69224,POS,37.4275001,-122.1697016,30.51999855041504,0.14187957313203287,RTL
102.7922,POS,37.4275001,-122.1697017,30.369998931884766,0.15069405479292988,RTL
102.89216,POS,37.4275001,-122.1697018,30.219999313354492,0.15951137481259703,RTL
102.99212,POS,37.4275001,-122.1697018,30.06999969482422,0.15951137481259703,RTL
103.09208,POS,37.4275001,-122.1697019,29.920000076293945,0.16833108947405925,RTL
103.19203999999999,POS,37.4275001,-122.169702,29.76999855041504,0.1771528387999589,RTL
103.292,POS,37.4275001,-122.169702,29.619998931884766,0.1771528387999589,RTL
103.39196,POS,37.4275001,-122.1697021,29.469999313354492,0.18597633432370994,RTL
103.49192,POS,37.4275001,-122.1697021,29.31999969482422,0.18597633432370994,RTL
103.59188,POS,37.4275001,-122.1697021,29.170000076293945,0.18597633432370994,RTL
103.69184,POS,37.4275001,-122.1697022,29.01999855041504,0.19480134001840468,RTL
103.7918,POS,37.4275001,-122.1697022,28.869998931884766,0.19480134001840468,RTL
103.89175999999999,POS,37.4275001,-122.1697023,28.719999313354492,0.2036276571913954,RTL
103.99172,POS,37.4275001,-122.1697023,28.56999969482422,0.2036276571913954,RTL
104.09168,POS,37.4275001,-122.1697023,28.420000076293945,0.2036276571913954,RTL
104.19247299999999,POS,37.4275001,-122.1697023,28.26999855041504,0.2036276571913954,RTL
104.292433,POS,37.4275001,-122.1697023,28.119998931884766,0.2036276571913954,RTL
104.392393,POS,37.4275001,-122.1697024,27.969999313354492,0.21245512474132147,RTL
104.492353,POS,37.4275001,-122.1697024,27.81999969482422,0.21245512474132147,RTL
104.592313,POS,37.4275001,-122.1697024,27.670000076293945,0.21245512474132147,RTL
104.692273,POS,37.4275001,-122.1697024,27.51999855041504,0.21245512474132147,RTL
104.792233,POS,37.4275001,-122.1697024,27.369998931884766,0.21245512474132147,RTL
104.89219299999999,POS,37.4275001,-122.1697024,27.229999542236328,0.21245512474132147,RTL
104.992153,POS,37.4275001,-122.1697025,27.099998474121094,0.22128360263659622,RTL
105.092113,POS,37.4275001,-122.1697025,26.969999313354492,0.22128360263659622,RTL
105.192073,POS,37.4275001,-122.1697026,26.85999870300293,0.2301129756990057,RTL
105.292033,POS,37.4275001,-122.1697026,26.760000228881836,0.2301129756990057,RTL
105.391993,POS,37.4275001,-122.1697027,26.65999984741211,0.2389431459494247,RTL
105.491953,POS,37.4275001,-122.1697027,26.579999923706055,0.2389431459494247,RTL
105.59191299999999,POS,37.4275001,-122.1697028,26.51999855041504,0.24777402578179672,RTL
105.691873,POS,37.4275001,-122.1697029,26.459999084472656,0.256605544317319,RTL
105.791833,POS,37.4275001,-122.1697029,26.40999984741211,0.256605544317319,RTL
105.89179299999999,POS,37.4275001,-122.1697029,26.35999870300293,0.256605544317319,RTL
105.991753,POS,37.4275001,-122.1697029,26.31999969482422,0.256605544317319,RTL
106.091713,POS,37.4275001,-122.169703,26.279998779296875,0.2654376354192981,RTL
106.191673,POS,37.4275001,-122.1697029,26.239999771118164,0.256605544317319,RTL
106.292466,POS,37.4275001,-122.1697029,26.19999885559082,0.256605544317319,RTL
106.392426,POS,37.4275001,-122.1697029,26.15999984741211,0.256605544317319,RTL
106.492386,POS,37.4275001,-122.1697029,26.10999870300293,0.256605544317319,RTL
106.59234599999999,POS,37.4275001,-122.1697029,26.06999969482422,0.256605544317319,RTL
106.692306,POS,37.4275001,-122.1697028,26.029998779296875,0.24777402578179672,RTL
106.792266,POS,37.4275001,-122.1697027,25.979999542236328,0.2389431459494247,RTL
106.892226,POS,37.4275001,-122.1697027,25.93000030517578,0.2389431459494247,RTL
106.992186,POS,37.4275001,-122.1697026,25.889999389648438,0.2301129756990057,RTL
107.092146,POS,37.4275001,-122.1697025,25.84000015258789,0.22128360263659622,RTL
107.192106,POS,37.4275001,-122.1697024,25.78999900817871,0.21245512474132147,RTL
107.29206599999999,POS,37.4275001,-122.1697023,25.739999771118164,0.2036276571913954,RTL
107.392026,POS,37.4275001,-122.1697022,25.689998626708984,0.19480134001840468,RTL
107.491986,POS,37.4275001,-122.1697022,25.639999389648438,0.19480134001840468,RTL
107.591946,POS,37.4275001,-122.1697021,25.59000015258789,0.18597633432370994,RTL
107.691906,POS,37.4275001,-122.169702,25.53999900817871,0.1771528387999589,RTL
107.791866,POS,37.4275001,-122.1697019,25.489999771118164,0.16833108947405925,RTL
107.891826,POS,37.4275001,-122.1697018,25.439998626708984,0.15951137481259703,RTL
107.991786,POS,37.4275001,-122.1697018,25.389999389648438,0.15951137481259703,RTL
108.091746,POS,37.4275001,-122.1697017,25.329999923706055,0.15069405479292988,RTL
108.191706,POS,37.4275001,-122.1697016,25.279998779296875,0.14187957313203287,RTL
108.29249899999999,POS,37.4275001,-122.1697016,25.229999542236328,0.14187957313203287,RTL
108.392459,POS,37.4275001,-122.1697015,25.18000030517578,0.13306849662541403,RTL
108.492419,POS,37.4275001,-122.1697014,25.1299991607666,0.12426154685763963,RTL
108.592379,POS,37.4275001,-122.1697014,25.079999923706055,0.12426154685763963,RTL
108.692339,POS,37.4275001,-122.1697013,25.029998779296875,0.11545967095121815,RTL
108.792299,POS,37.4275001,-122.1697013,24.979999542236328,0.11545967095121815,RTL
108.892259,POS,37.4275001,-122.1697012,24.93000030517578,0.10666412343010832,RTL
108.99221899999999,POS,37.4275001,-122.1697012,24.8799991607666,0.10666412343010832,RTL
109.092179,POS,37.4275001,-122.1697012,24.829999923706055,0.10666412343010832,RTL
109.192139,POS,37.4275001,-122.1697011,24.779998779296875,0.09787660913610452,RTL
109.292099,POS,37.4275001,-122.1697011,24.729999542236328,0.09787660913610452,RTL
109.392059,POS,37.4275001,-122.1697011,24.68000030517578,0.09787660913610452,RTL
109.492019,POS,37.4275001,-122.1697011,24.6299991607666,0.09787660913610452,RTL
109.591979,POS,37.4275001,-122.169701,24.579999923706055,0.08909950781918959,RTL
109.69193899999999,POS,37.4275001,-122.169701,24.529998779296875,0.08909950781918959,RTL
109.791899,POS,37.4275001,-122.169701,24.479999542236328,0.08909950781918959,RTL
109.891859,POS,37.4275001,-122.169701,24.43000030517578,0.08909950781918959,RTL
109.99181899999999,POS,37.4275001,-122.169701,24.3799991607666,0.08909950781918959,RTL
110.091779,POS,37.4275001,-122.169701,24.329999923706055,0.08909950781918959,RTL
110.191739,POS,37.4275001,-122.1697009,24.279998779296875,0.08033622964517603,RTL
110.291699,POS,37.4275001,-122.1697009,24.229999542236328,0.08033622964517603,RTL
110.392492,POS,37.4275001,-122.1697009,24.18000030517578,0.08033622964517603,RTL
110.492452,POS,37.4275001,-122.1697009,24.1299991607666,0.08033622964517603,RTL
110.592412,POS,37.4275001,-122.1697009,24.079999923706055,0.08033622964517603,RTL
110.69237199999999,POS,37.4275001,-122.1697009,24.029998779296875,0.08033622964517603,RTL
110.792332,POS,37.4275001,-122.1697009,23.979999542236328,0.08033622964517603,RTL
110.892292,POS,37.4275001,-122.1697009,23.93000030517578,0.08033622964517603,RTL
110.992252,POS,37.4275001,-122.1697009,23.8799991607666,0.08033622964517603,RTL
111.092212,POS,37.4275001,-122.1697009,23.81999969482422,0.08033622964517603,RTL
111.192172,POS,37.4275001,-122.1697009,23.76999855041504,0.08033622964517603,RTL
111.292132,POS,37.4275001,-122.1697009,23.719999313354492,0.08033622964517603,RTL
111.39209199999999,POS,37.4275001,-122.1697009,23.670000076293945,0.08033622964517603,RTL
111.492052,POS,37.4275001,-122.1697009,23.619998931884766,0.08033622964517603,RTL
111.592012,POS,37.4275001,-122.1697009,23.56999969482422,0.08033622964517603,RTL
111.69197199999999,POS,37.4275001,-122.1697009,23.51999855041504,0.08033622964517603,RTL
111.791932,POS,37.4275001,-122.1697009,23.469999313354492,0.08033622964517603,RTL
111.891892,POS,37.4275001,-122.1697009,23.420000076293945,0.08033622964517603,RTL
111.991852,POS,37.4275001,-122.1697009,23.369998931884766,0.08033622964517603,RTL
112.091812,POS,37.4275001,-122.1697009,23.31999969482422,0.08033622964517603,RTL
112.191772,POS,37.4275001,-122.1697009,23.26999855041504,0.08033622964517603,RTL
112.291732,POS,37.4275001,-122.1697009,23.219999313354492,0.08033622964517603,RTL
112.39169199999999,POS,37.4275001,-122.1697009,23.170000076293945,0.08033622964517603,RTL
112.492485,POS,37.4275001,-122.1697009,23.119998931884766,0.08033622964517603,RTL
112.592445,POS,37.4275001,-122.1697009,23.06999969482422,0.08033622964517603,RTL
112.692405,POS,37.4275001,-122.1697009,23.01999855041504,0.08033622964517603,RTL
112.792365,POS,37.4275001,-122.1697009,22.969999313354492,0.08033622964517603,RTL
112.892325,POS,37.4275001,-122.1697009,22.920000076293945,0.08033622964517603,RTL
112.992285,POS,37.4275001,-122.1697009,22.869998931884766,0.08033622964517603,RTL
113.09224499999999,POS,37.4275001,-122.1697009,22.81999969482422,0.08033622964517603,RTL
113.192205,POS,37.4275001,-122.1697009,22.76999855041504,0.08033622964517603,RTL
113.292165,POS,37.4275001,-122.1697009,22.719999313354492,0.08033622964517603,RTL
113.392125,POS,37.4275001,-122.1697009,22.670000076293945,0.08033622964517603,RTL
113.492085,POS,37.4275001,-122.1697009,22.619998931884766,0.08033622964517603,RTL
113.592045,POS,37.4275001,-122.1697009,22.56999969482422,0.08033622964517603,RTL
113.692005,POS,37.4275001,-122.1697009,22.51999855041504,0.08033622964517603,RTL
113.791965,POS,37.4275001,-122.1697009,22.469999313354492,0.08033622964517603,RTL
113.891925,POS,37.4275001,-122.1697009,22.420000076293945,0.08033622964517603,RTL
113.991885,POS,37.4275001,-122.1697009,22.369998931884766,0.08033622964517603,RTL
114.09184499999999,POS,37.4275001,-122.1697009,22.31999969482422,0.08033622964517603,RTL
114.191805,POS,37.4275001,-122.1697009,22.26999855041504,0.08033622964517603,RTL
114.291765,POS,37.4275001,-122.1697009,22.219999313354492,0.08033622964517603,RTL
114.391725,POS,37.4275001,-122.1697009,22.170000076293945,0.08033622964517603,RTL
114.491685,POS,37.4275001,-122.1697009,22.119998931884766,0.08033622964517603,RTL
114.592478,POS,37.4275001,-122.1697009,22.06999969482422,0.08033622964517603,RTL
114.692438,POS,37.4275001,-122.1697009,22.020000457763672,0.08033622964517603,RTL
114.79239799999999,POS,37.4275001,-122.1697009,21.969999313354492,0.08033622964517603,RTL
114.892358,POS,37.4275001,-122.1697009,21.920000076293945,0.08033622964517603,RTL
114.992318,POS,37.4275001,-122.1697009,21.869998931884766,0.08033622964517603,RTL
115.092278,POS,37.4275001,-122.1697009,21.81999969482422,0.08033622964517603,RTL
115.192238,POS,37.4275001,-122.1697009,21.770000457763672,0.08033622964517603,RTL
115.292198,POS,37.4275001,-122.1697009,21.719999313354492,0.08033622964517603,RTL
115.392158,POS,37.4275001,-122.1697009,21.670000076293945,0.08033622964517603,RTL
115.492118,POS,37.4275001,-122.1697009,21.619998931884766,0.08033622964517603,RTL
115.592078,POS,37.4275001,-122.1697009,21.56999969482422,0.08033622964517603,RTL
115.692038,POS,37.4275001,-122.1697009,21.520000457763672,0.08033622964517603,RTL
115.79199799999999,POS,37.4275001,-122.1697009,21.469999313354492,0.08033622964517603,RTL
115.891958,POS,37.4275001,-122.1697009,21.420000076293945,0.08033622964517603,RTL
115.991918,POS,37.4275001,-122.1697009,21.369998931884766,0.08033622964517603,RTL
116.091878,POS,37.4275001,-122.1697009,21.31999969482422,0.08033622964517603,RTL
116.191838,POS,37.4275001,-122.1697009,21.270000457763672,0.08033622964517603,RTL
116.291798,POS,37.4275001,-122.1697009,21.209999084472656,0.08033622964517603,RTL
116.391758,POS,37.4275001,-122.1697009,21.15999984741211,0.08033622964517603,RTL
116.49171799999999,POS,37.4275001,-122.1697009,21.10999870300293,0.08033622964517603,RTL
116.591678,POS,37.4275001,-122.1697009,21.059999465942383,0.08033622964517603,RTL
116.692471,POS,37.4275001,-122.1697009,21.010000228881836,0.08033622964517603,RTL
116.792431,POS,37.4275001,-122.1697009,20.959999084472656,0.08033622964517603,RTL
116.892391,POS,37.4275001,-122.1697009,20.90999984741211,0.08033622964517603,RTL
116.992351,POS,37.4275001,-122.1697009,20.85999870300293,0.08033622964517603,RTL
117.092311,POS,37.4275001,-122.1697009,20.809999465942383,0.08033622964517603,RTL
117.19227099999999,POS,37.4275001,-122.1697009,20.760000228881836,0.08033622964517603,RTL
117.292231,POS,37.4275001,-122.1697009,20.709999084472656,0.08033622964517603,RTL
117.392191,POS,37.4275001,-122.1697009,20.65999984741211,0.08033622964517603,RTL
117.49215099999999,POS,37.4275001,-122.1697009,20.60999870300293,0.08033622964517603,RTL
117.592111,POS,37.4275001,-122.1697009,20.559999465942383,0.08033622964517603,RTL
117.692071,POS,37.4275001,-122.1697009,20.510000228881836,0.08033622964517603,RTL
117.792031,POS,37.4275001,-122.1697009,20.459999084472656,0.08033622964517603,RTL
117.891991,POS,37.4275001,-122.1697009,20.40999984741211,0.08033622964517603,RTL
117.991951,POS,37.4275001,-122.1697009,20.35999870300293,0.08033622964517603,RTL
118.091911,POS,37.4275001,-122.1697009,20.309999465942383,0.08033622964517603,RTL
118.19187099999999,POS,37.4275001,-122.1697009,20.260000228881836,0.08033622964517603,RTL
118.291831,POS,37.4275001,-122.1697009,20.209999084472656,0.08033622964517603,RTL
118.391791,POS,37.4275001,-122.1697009,20.15999984741211,0.08033622964517603,RTL
118.491751,POS,37.4275001,-122.1697009,20.10999870300293,0.08033622964517603,RTL
118.591711,POS,37.4275001,-122.1697009,20.059999465942383,0.08033622964517603,RTL
118.691671,POS,37.4275001,-122.1697009,20.010000228881836,0.08033622964517603,RTL
118.792464,POS,37.4275001,-122.1697009,19.959999084472656,0.08033622964517603,RTL
118.89242399999999,POS,37.4275001,-122.1697009,19.90999984741211,0.08033622964517603,RTL
118.992384,POS,37.4275001,-122.1697009,19.85999870300293,0.08033622964517603,RTL
119.092344,POS,37.4275001,-122.1697009,19.809999465942383,0.08033622964517603,RTL
119.192304,POS,37.4275001,-122.1697009,19.760000228881836,0.08033622964517603,RTL
119.292264,POS,37.4275001,-122.1697009,19.709999084472656,0.08033622964517603,RTL
119.392224,POS,37.4275001,-122.1697009,19.65999984741211,0.08033622964517603,RTL
119.492184,POS,37.4275001,-122.1697009,19.60999870300293,0.08033622964517603,RTL
119.592144,POS,37.4275001,-122.1697009,19.559999465942383,0.08033622964517603,RTL
119.692104,POS,37.4275001,-122.1697009,19.510000228881836,0.08033622964517603,RTL
119.792064,POS,37.4275001,-122.1697009,19.459999084472656,0.08033622964517603,RTL
119.89202399999999,POS,37.4275001,-122.1697009,19.40999984741211,0.08033622964517603,RTL
119.991984,POS,37.4275001,-122.1697009,19.35999870300293,0.08033622964517603,RTL
120.091944,POS,37.4275001,-122.1697009,19.309999465942383,0.08033622964517603,RTL
120.191904,POS,37.4275001,-122.1697009,19.260000228881836,0.08033622964517603,RTL
120.291864,POS,37.4275001,-122.1697009,19.209999084472656,0.08033622964517603,RTL
120.391824,POS,37.4275001,-122.1697009,19.15999984741211,0.08033622964517603,RTL
120.491784,POS,37.4275001,-122.1697009,19.10999870300293,0.08033622964517603,RTL
120.59174399999999,POS,37.4275001,-122.1697009,19.059999465942383,0.08033622964517603,RTL
120.691704,POS,37.4275001,-122.169701,19.010000228881836,0.08909950781918959,RTL
120.792497,POS,37.4275001,-122.169701,18.959999084472656,0.08909950781918959,RTL
120.892457,POS,37.4275001,-122.169701,18.90999984741211,0.08909950781918959,RTL
120.992417,POS,37.4275001,-122.169701,18.85999870300293,0.08909950781918959,RTL
121.092377,POS,37.4275001,-122.169701,18.809999465942383,0.08909950781918959,RTL
121.192337,POS,37.4275001,-122.169701,18.760000228881836,0.08909950781918959,RTL
121.292297,POS,37.4275001,-122.169701,18.709999084472656,0.08909950781918959,LAND
121.392257,POS,37.4275001,-122.169701,18.65999984741211,0.08909950781918959,LAND
121.492217,POS,37.4275001,-122.169701,18.60999870300293,0.08909950781918959,LAND
121.59217699999999,POS,37.4275001,-122.169701,18.56999969482422,0.08909950781918959,LAND
121.692137,POS,37.4275001,-122.169701,18.53999900817871,0.08909950781918959,LAND
121.792097,POS,37.4275001,-122.169701,18.520000457763672,0.08909950781918959,LAND
121.892057,POS,37.4275001,-122.169701,18.5,0.08909950781918959,LAND
121.992017,POS,37.4275001,-122.169701,18.5,0.08909950781918959,LAND
122.091977,POS,37.4275001,-122.169701,18.489999771118164,0.08909950781918959,LAND
122.191937,POS,37.4275001,-122.169701,18.489999771118164,0.08909950781918959,LAND
122.29189699999999,POS,37.4275001,-122.169701,18.5,0.08909950781918959,LAND
122.391857,POS,37.4275001,-122.169701,18.5,0.08909950781918959,LAND
122.491817,POS,37.4275001,-122.169701,18.5,0.08909950781918959,LAND
122.591777,POS,37.4275001,-122.169701,18.510000228881836,0.08909950781918959,LAND
122.691737,POS,37.4275001,-122.169701,18.510000228881836,0.08909950781918959,LAND
122.791697,POS,37.4275001,-122.169701,18.520000457763672,0.08909950781918959,LAND
122.89249,POS,37.4275001,-122.169701,18.520000457763672,0.08909950781918959,LAND
122.99244999999999,POS,37.4275001,-122.169701,18.520000457763672,0.08909950781918959,LAND
123.09241,POS,37.4275001,-122.169701,18.529998779296875,0.08909950781918959,LAND
123.19237,POS,37.4275001,-122.169701,18.529998779296875,0.08909950781918959,LAND
123.29232999999999,POS,37.4275001,-122.1697009,18.529998779296875,0.08033622964517603,LAND
123.39229,POS,37.4275001,-122.1697009,18.529998779296875,0.08033622964517603,LAND
123.49225,POS,37.4275001,-122.1697008,18.529998779296875,0.07159185385176678,LAND
123.59221,POS,37.4275001,-122.1697008,18.529998779296875,0.07159185385176678,LAND
123.69217,POS,37.4275001,-122.1697008,18.529998779296875,0.07159185385176678,LAND
123.79213,POS,37.4275001,-122.1697007,18.529998779296875,0.0628742658366889,LAND
123.89209,POS,37.4275001,-122.1697007,18.529998779296875,0.0628742658366889,LAND
123.99204999999999,POS,37.4275001,-122.1697006,18.529998779296875,0.05419639250029568,LAND
124.09201,POS,37.4275001,-122.1697006,18.529998779296875,0.05419639250029568,LAND
124.19197,POS,37.4275001,-122.1697006,18.529998779296875,0.05419639250029568,LAND
124.29193,POS,37.4275001,-122.1697005,18.529998779296875,0.045580925761838434,LAND
124.39189,POS,37.4275001,-122.1697005,18.529998779296875,0.045580925761838434,LAND
124.49185,POS,37.4275001,-122.1697005,18.529998779296875,0.045580925761838434,LAND
124.59181,POS,37.4275001,-122.1697004,18.529998779296875,0.037071398138753105,LAND
124.69176999999999,POS,37.4275001,-122.1697004,18.529998779296875,0.037071398138753105,LAND
124.79173,POS,37.4275001,-122.1697004,18.529998779296875,0.037071398138753105,LAND
124.89169,POS,37.4275001,-122.1697003,18.529998779296875,0.02876199679981027,LAND
124.992483,POS,37.4275001,-122.1697003,18.529998779296875,0.02876199679981027,LAND
125.092443,POS,37.4275001,-122.1697003,18.529998779296875,0.02876199679981027,LAND
125.192403,POS,37.4275001,-122.1697002,18.529998779296875,0.020892877678296357,LAND
125.292363,POS,37.4275001,-122.1697002,18.529998779296875,0.020892877678296357,LAND
125.392323,POS,37.4275001,-122.1697002,18.529998779296875,0.020892877678296357,LAND
125.492283,POS,37.4275001,-122.1697002,18.520000457763672,0.020892877678296357,LAND
125.592243,POS,37.4275001,-122.1697001,18.510000228881836,0.01421507313807542,LAND
125.69220299999999,POS,37.4275001,-122.1697001,18.5,0.01421507313807542,LAND
125.79216299999999,POS,37.4275001,-122.1697001,18.469999313354492,0.01421507313807542,LAND
125.892123,POS,37.4275001,-122.1697001,18.43000030517578,0.01421507313807542,LAND
125.99208300000001,POS,37.4275001,-122.1697,18.389999389648438,0.011131949209416398,LAND
126.09204299999999,POS,37.4275001,-122.1697,18.34000015258789,0.011131949209416398,LAND
126.192003,POS,37.4275001,-122.1697,18.28999900817871,0.011131949209416398,LAND
126.29196300000001,POS,37.4275001,-122.1697,18.239999771118164,0.011131949209416398,LAND
126.39192299999999,POS,37.4275001,-122.1697,18.190000534057617,0.011131949209416398,LAND
126.491883,POS,37.4275001,-122.1697,18.1299991607666,0.011131949209416398,LAND
126.59184300000001,POS,37.4275001,-122.1697,18.079999923706055,0.011131949209416398,LAND
126.691803,POS,37.4275001,-122.1697,18.020000457763672,0.011131949209416398,LAND
126.791763,POS,37.4275001,-122.1697,17.969999313354492,0.011131949209416398,LAND
126.89172299999998,POS,37.4275001,-122.1697,17.90999984741211,0.011131949209416398,LAND
126.991683,POS,37.4275001,-122.1697,17.85999870300293,0.011131949209416398,LAND
127.092476,POS,37.4275001,-122.1697001,17.809999465942383,0.01421507313807542,LAND
127.19243599999999,POS,37.4275001,-122.1697001,17.760000228881836,0.01421507313807542,LAND
127.292396,POS,37.4275001,-122.1697001,17.709999084472656,0.01421507313807542,LAND
127.392356,POS,37.4275001,-122.1697002,17.65999984741211,0.020892877678296357,LAND
127.49231599999999,POS,37.4275001,-122.1697002,17.60999870300293,0.020892877678296357,LAND
127.592276,POS,37.4275001,-122.1697003,17.559999465942383,0.02876199679981027,LAND
127.69223600000001,POS,37.4275001,-122.1697003,17.510000228881836,0.02876199679981027,LAND
127.79219599999999,POS,37.4275001,-122.1697003,17.459999084472656,0.02876199679981027,LAND
127.892156,POS,37.4275001,-122.1697004,17.40999984741211,0.037071398138753105,LAND
127.99211600000001,POS,37.4275001,-122.1697004,17.35999870300293,0.037071398138753105,LAND
128.092076,POS,37.4275001,-122.1697005,17.309999465942383,0.045580925761838434,LAND
128.192036,POS,37.4275001,-122.1697005,17.260000228881836,0.045580925761838434,LAND
128.291996,POS,37.4275001,-122.1697006,17.209999084472656,0.05419639250029568,LAND
128.391956,POS,37.4275001,-122.1697006,17.15999984741211,0.05419639250029568,LAND
128.491916,POS,37.4275001,-122.1697007,17.10999870300293,0.0628742658366889,LAND
128.59187599999998,POS,37.4275001,-122.1697007,17.059999465942383,0.0628742658366889,LAND
128.691836,POS,37.4275001,-122.1697008,17.010000228881836,0.07159185385176678,LAND
128.791796,POS,37.4275001,-122.1697008,16.959999084472656,0.07159185385176678,LAND
128.891756,POS,37.4275001,-122.1697008,16.90999984741211,0.07159185385176678,LAND
128.991716,POS,37.4275001,-122.1697009,16.85999870300293,0.08033622964517603,LAND
129.091676,POS,37.4275001,-122.1697009,16.809999465942383,0.08033622964517603,LAND
129.192469,POS,37.4275001,-122.1697009,16.760000228881836,0.08033622964517603,LAND
129.292429,POS,37.4275001,-122.169701,16.709999084472656,0.08909950781918959,LAND
129.392389,POS,37.4275001,-122.169701,16.65999984741211,0.08909950781918959,LAND
129.492349,POS,37.4275001,-122.169701,16.60999870300293,0.08909950781918959,LAND
129.592309,POS,37.4275001,-122.1697011,16.559999465942383,0.09787660913610452,LAND
129.692269,POS,37.4275001,-122.1697011,16.510000228881836,0.09787660913610452,LAND
129.792229,POS,37.4275001,-122.1697011,16.459999084472656,0.09787660913610452,LAND
129.892189,POS,37.4275001,-122.1697012,16.40999984741211,0.10666412343010832,LAND
129.992149,POS,37.4275001,-122.1697012,16.35999870300293,0.10666412343010832,LAND
130.092109,POS,37.4275001,-122.1697013,16.309999465942383,0.11545967095121815,LAND
130.192069,POS,37.4275001,-122.1697013,16.260000228881836,0.11545967095121815,LAND
130.29202899999999,POS,37.4275001,-122.1697013,16.209999084472656,0.11545967095121815,LAND
130.391989,POS,37.4275001,-122.1697014,16.15999984741211,0.12426154685763963,LAND
130.491949,POS,37.4275001,-122.1697014,16.1299991607666,0.12426154685763963,LAND
130.591909,POS,37.4275001,-122.1697014,16.1299991607666,0.12426154685763963,LAND
130.691869,POS,37.4275001,-122.1697014,16.149999618530273,0.12426154685763963,LAND
130.791829,POS,37.4275001,-122.1697014,16.149999618530273,0.12426154685763963,LAND
130.891789,POS,37.4275001,-122.1697014,16.149999618530273,0.12426154685763963,LAND
130.991749,POS,37.4275001,-122.1697014,16.149999618530273,0.12426154685763963,LAND
131.091709,POS,37.4275001,-122.1697014,16.139999389648438,0.12426154685763963,LAND
131.191669,POS,37.4275001,-122.1697014,16.139999389648438,0.12426154685763963,LAND
131.292462,POS,37.4275001,-122.1697014,16.139999389648438,0.12426154685763963,LAND
131.392422,POS,37.4275001,-122.1697014,16.139999389648438,0.12426154685763963,LAND
131.492382,POS,37.4275001,-122.1697014,16.139999389648438,0.12426154685763963,LAND
131.592342,POS,37.4275001,-122.1697014,16.139999389648438,0.12426154685763963,LAND
131.69230199999998,POS,37.4275001,-122.1697014,16.1299991607666,0.12426154685763963,LAND
131.792262,POS,37.4275001,-122.1697014,16.1299991607666,0.12426154685763963,LAND
131.892222,POS,37.4275001,-122.1697014,16.1299991607666,0.12426154685763963,LAND
131.99218199999999,POS,37.4275001,-122.1697014,16.1299991607666,0.12426154685763963,LAND
132.092142,POS,37.4275001,-122.1697014,16.1299991607666,0.12426154685763963,LAND
132.192102,POS,37.4275001,-122.1697014,16.1299991607666,0.12426154685763963,LAND
132.292062,POS,37.4275001,-122.1697014,16.1299991607666,0.12426154685763963,LAND
132.392022,POS,37.4275001,-122.1697014,16.1299991607666,0.12426154685763963,LAND
132.491982,POS,37.4275001,-122.1697014,16.119998931884766,0.12426154685763963,LAND
132.591942,POS,37.4275001,-122.1697014,16.119998931884766,0.12426154685763963,LAND
