time_s,source,lat,lon,alt,distance_m,mode
6.294981,POS,37.4274999,-122.1697,16.100000381469727,0.011131949209416398,STABILIZE
6.394940999999999,POS,37.4274999,-122.1697,16.100000381469727,0.011131949209416398,STABILIZE
6.4949010000000005,POS,37.4274999,-122.1697,16.100000381469727,0.011131949209416398,STABILIZE
6.594861,POS,37.4274999,-122.1697,16.100000381469727,0.011131949209416398,STABILIZE
6.694820999999999,POS,37.4274999,-122.1697,16.100000381469727,0.011131949209416398,STABILIZE
6.794781,POS,37.4274999,-122.1697,16.100000381469727,0.011131949209416398,GUIDED
6.894741,POS,37.4274999,-122.1697,16.100000381469727,0.011131949209416398,GUIDED
6.994700999999999,POS,37.4274999,-122.1697,16.100000381469727,0.011131949209416398,GUIDED
7.094661,POS,37.4274999,-122.1697,16.100000381469727,0.011131949209416398,GUIDED
7.194621,POS,37.4274999,-122.1697,16.100000381469727,0.011131949209416398,GUIDED
7.294580999999999,POS,37.4274999,-122.1697,16.100000381469727,0.011131949209416398,GUIDED
7.394541,POS,37.4274999,-122.1697,16.100000381469727,0.011131949209416398,GUIDED
7.494501,POS,37.4274999,-122.1697,16.100000381469727,0.011131949209416398,GUIDED
7.594460999999999,POS,37.4274999,-122.1697,16.100000381469727,0.011131949209416398,GUIDED
7.694421,POS,37.4274999,-122.1697,16.100000381469727,0.011131949209416398,GUIDED
7.794381,POS,37.4274999,-122.1697,16.100000381469727,0.011131949209416398,GUIDED
7.894341000000001,POS,37.4274999,-122.1697,16.100000381469727,0.011131949209416398,GUIDED
7.994301,POS,37.4274999,-122.1697,16.100000381469727,0.011131949209416398,GUIDED
8.094261,POS,37.4274999,-122.1697,16.100000381469727,0.011131949209416398,GUIDED
8.194221,POS,37.4274999,-122.1697,16.100000381469727,0.011131949209416398,GUIDED
8.294181,POS,37.4274999,-122.1697,16.100000381469727,0.011131949209416398,GUIDED
8.394974,POS,37.4274999,-122.1697,16.100000381469727,0.011131949209416398,GUIDED
8.494934,POS,37.4274999,-122.1697,16.100000381469727,0.011131949209416398,GUIDED
8.594894,POS,37.4274999,-122.1697,16.100000381469727,0.011131949209416398,GUIDED
8.694854,POS,37.4274999,-122.1697,16.100000381469727,0.011131949209416398,GUIDED
8.794814,POS,37.4274999,-122.1697,16.100000381469727,0.011131949209416398,GUIDED
8.894774,POS,37.4274999,-122.1697,16.100000381469727,0.011131949209416398,GUIDED
8.994734,POS,37.4274999,-122.1697,16.100000381469727,0.011131949209416398,GUIDED
9.094694,POS,37.4274999,-122.1697,16.100000381469727,0.011131949209416398,GUIDED
9.194654,POS,37.4274999,-122.1697,16.100000381469727,0.011131949209416398,GUIDED
9.294614,POS,37.4274999,-122.1697,16.100000381469727,0.011131949209416398,GUIDED
9.394574,POS,37.4274999,-122.1697,16.100000381469727,0.011131949209416398,GUIDED
9.494534,POS,37.4274999,-122.1697,16.100000381469727,0.011131949209416398,GUIDED
9.594494,POS,37.4274999,-122.1697,16.100000381469727,0.011131949209416398,GUIDED
9.694454,POS,37.4274999,-122.1697,16.100000381469727,0.011131949209416398,GUIDED
9.794414,POS,37.4274999,-122.1697,16.100000381469727,0.011131949209416398,GUIDED
9.894374,POS,37.4274999,-122.1697,16.100000381469727,0.011131949209416398,GUIDED
9.994334,POS,37.4274999,-122.1697,16.100000381469727,0.011131949209416398,GUIDED
10.094294,POS,37.4274999,-122.1697,16.100000381469727,0.011131949209416398,GUIDED
10.194253999999999,POS,37.4274999,-122.1697,16.100000381469727,0.011131949209416398,GUIDED
10.294214,POS,37.4274999,-122.1697,16.100000381469727,0.011131949209416398,GUIDED
10.394174,POS,37.4274999,-122.1697,16.100000381469727,0.011131949209416398,GUIDED
10.494966999999999,POS,37.4274999,-122.1697,16.100000381469727,0.011131949209416398,GUIDED
10.594927,POS,37.4274999,-122.1697,16.100000381469727,0.011131949209416398,GUIDED
10.694887,POS,37.4274999,-122.1697,16.100000381469727,0.011131949209416398,GUIDED
10.794847,POS,37.4274999,-122.1697,16.100000381469727,0.011131949209416398,GUIDED
10.894807,POS,37.4274999,-122.1697,16.100000381469727,0.011131949209416398,GUIDED
10.994767,POS,37.4274999,-122.1697,16.100000381469727,0.011131949209416398,GUIDED
11.094727,POS,37.4274999,-122.1697,16.100000381469727,0.011131949209416398,GUIDED
11.194687,POS,37.4274999,-122.1697,16.100000381469727,0.011131949209416398,GUIDED
11.294647,POS,37.4274999,-122.1697,16.100000381469727,0.011131949209416398,GUIDED
11.394607,POS,37.4274999,-122.1697,16.100000381469727,0.011131949209416398,GUIDED
11.494567,POS,37.4274999,-122.1697,16.100000381469727,0.011131949209416398,GUIDED
11.594527,POS,37.4274999,-122.1697,16.100000381469727,0.011131949209416398,GUIDED
11.694487,POS,37.4274999,-122.1697,16.100000381469727,0.011131949209416398,GUIDED
11.794447,POS,37.4274999,-122.1697,16.100000381469727,0.011131949209416398,GUIDED
11.894407,POS,37.4274999,-122.1697,16.100000381469727,0.011131949209416398,GUIDED
11.994367,POS,37.4274999,-122.1697,16.100000381469727,0.011131949209416398,GUIDED
12.094327,POS,37.4274999,-122.1697,16.100000381469727,0.011131949209416398,GUIDED
12.194287,POS,37.4274999,-122.1697,16.100000381469727,0.011131949209416398,GUIDED
12.294247,POS,37.4274999,-122.1697,16.100000381469727,0.011131949209416398,GUIDED
12.394207,POS,37.4274999,-122.1697,16.100000381469727,0.011131949209416398,GUIDED
12.495,POS,37.4274999,-122.1697,16.100000381469727,0.011131949209416398,GUIDED
12.59496,POS,37.4274999,-122.1697,16.100000381469727,0.011131949209416398,GUIDED
12.69492,POS,37.4274999,-122.1697,16.100000381469727,0.011131949209416398,GUIDED
12.79488,POS,37.4274999,-122.1697,16.100000381469727,0.011131949209416398,GUIDED
12.89484,POS,37.4274999,-122.1697,16.100000381469727,0.011131949209416398,GUIDED
12.9948,POS,37.4274999,-122.1697,16.100000381469727,0.011131949209416398,GUIDED
13.094759999999999,POS,37.4274999,-122.1697,16.100000381469727,0.011131949209416398,GUIDED
13.19472,POS,37.4274999,-122.1697,16.100000381469727,0.011131949209416398,GUIDED
13.29468,POS,37.4274999,-122.1697,16.100000381469727,0.011131949209416398,GUIDED
13.39464,POS,37.4274999,-122.1697,16.100000381469727,0.011131949209416398,GUIDED
13.4946,POS,37.4274999,-122.1697,16.100000381469727,0.011131949209416398,GUIDED
13.59456,POS,37.4274999,-122.1697,16.100000381469727,0.011131949209416398,GUIDED
13.69452,POS,37.4274999,-122.1697,16.100000381469727,0.011131949209416398,GUIDED
13.794479999999998,POS,37.4274999,-122.1697,16.100000381469727,0.011131949209416398,GUIDED
13.894440000000001,POS,37.4274999,-122.1697,16.100000381469727,0.011131949209416398,GUIDED
13.9944,POS,37.4274999,-122.1697,16.100000381469727,0.011131949209416398,GUIDED
14.09436,POS,37.4274999,-122.1697,16.100000381469727,0.011131949209416398,GUIDED
14.19432,POS,37.4274999,-122.1697,16.100000381469727,0.011131949209416398,GUIDED
14.294279999999999,POS,37.4274999,-122.1697,16.100000381469727,0.011131949209416398,GUIDED
14.394239999999998,POS,37.4274999,-122.1697,16.100000381469727,0.011131949209416398,GUIDED
14.494200000000001,POS,37.4274999,-122.1697,16.100000381469727,0.011131949209416398,GUIDED
14.594993,POS,37.4274999,-122.1697,16.100000381469727,0.011131949209416398,GUIDED
14.694953,POS,37.4274999,-122.1697,16.100000381469727,0.011131949209416398,GUIDED
14.794913,POS,37.4274999,-122.1697,16.100000381469727,0.011131949209416398,GUIDED
14.894872999999999,POS,37.4274999,-122.1697,16.100000381469727,0.011131949209416398,GUIDED
14.994833000000002,POS,37.4274999,-122.1697,16.100000381469727,0.011131949209416398,GUIDED
15.094793000000001,POS,37.4274999,-122.1697,16.100000381469727,0.011131949209416398,GUIDED
15.194753,POS,37.4274999,-122.1697,16.100000381469727,0.011131949209416398,GUIDED
15.294713,POS,37.4274999,-122.1697,16.100000381469727,0.011131949209416398,GUIDED
15.394673,POS,37.4274999,-122.1697,16.100000381469727,0.011131949209416398,GUIDED
15.494632999999999,POS,37.4274999,-122.1697,16.100000381469727,0.011131949209416398,GUIDED
15.594593000000001,POS,37.4274999,-122.1697,16.100000381469727,0.011131949209416398,GUIDED
15.694553,POS,37.4274999,-122.1697,16.100000381469727,0.011131949209416398,GUIDED
15.794513,POS,37.4274999,-122.1697,16.100000381469727,0.011131949209416398,GUIDED
15.894473,POS,37.4274999,-122.1697,16.100000381469727,0.011131949209416398,GUIDED
15.994432999999999,POS,37.4274999,-122.1697,16.100000381469727,0.011131949209416398,GUIDED
16.094392999999997,POS,37.4274999,-122.1697,16.100000381469727,0.011131949209416398,GUIDED
16.194353,POS,37.4274999,-122.1697,16.100000381469727,0.011131949209416398,GUIDED
16.294313000000002,POS,37.4274999,-122.1697,16.100000381469727,0.011131949209416398,GUIDED
16.394273,POS,37.4274999,-122.1697,16.100000381469727,0.011131949209416398,GUIDED
16.494233,POS,37.4274999,-122.1697,16.100000381469727,0.011131949209416398,GUIDED
16.594192999999997,POS,37.4274999,-122.1697,16.100000381469727,0.011131949209416398,GUIDED
16.694986,POS,37.4274999,-122.1697,16.100000381469727,0.011131949209416398,GUIDED
16.794946000000003,POS,37.4274999,-122.1697,16.100000381469727,0.011131949209416398,GUIDED
16.894906,POS,37.4274999,-122.1697,16.100000381469727,0.011131949209416398,GUIDED
16.994866000000002,POS,37.4274999,-122.1697,16.100000381469727,0.011131949209416398,GUIDED
17.094825999999998,POS,37.4274999,-122.1697,16.100000381469727,0.011131949209416398,GUIDED
17.194786,POS,37.4274999,-122.1697,16.100000381469727,0.011131949209416398,GUIDED
17.294745999999996,POS,37.4274999,-122.1697,16.100000381469727,0.011131949209416398,GUIDED
17.394706,POS,37.4274999,-122.1697,16.100000381469727,0.011131949209416398,GUIDED
17.494666000000002,POS,37.4274999,-122.1697,16.100000381469727,0.011131949209416398,GUIDED
17.594625999999998,POS,37.4274999,-122.1697,16.100000381469727,0.011131949209416398,GUIDED
17.694586,POS,37.4274999,-122.1697,16.100000381469727,0.011131949209416398,GUIDED
17.794545999999997,POS,37.4274999,-122.1697,16.100000381469727,0.011131949209416398,GUIDED
17.894506,POS,37.4274999,-122.1697,16.100000381469727,0.011131949209416398,GUIDED
17.994466000000003,POS,37.4274999,-122.1697,16.100000381469727,0.011131949209416398,GUIDED
18.094426,POS,37.4274999,-122.1697,16.100000381469727,0.011131949209416398,GUIDED
18.194386,POS,37.4274999,-122.1697,16.100000381469727,0.011131949209416398,GUIDED
18.294345999999997,POS,37.4274999,-122.1697,16.100000381469727,0.011131949209416398,GUIDED
18.394306,POS,37.4274999,-122.1697,16.100000381469727,0.011131949209416398,GUIDED
18.494266000000003,POS,37.4274999,-122.1697,16.100000381469727,0.011131949209416398,GUIDED
18.594226,POS,37.4274999,-122.1697,16.100000381469727,0.011131949209416398,GUIDED
18.694186000000002,POS,37.4274999,-122.1697,16.100000381469727,0.011131949209416398,GUIDED
18.794978999999998,POS,37.4274999,-122.1697,16.100000381469727,0.011131949209416398,GUIDED
18.894939,POS,37.4274999,-122.1697,16.100000381469727,0.011131949209416398,GUIDED
18.994898999999997,POS,37.4274999,-122.1697,16.100000381469727,0.011131949209416398,GUIDED
19.094859,POS,37.4274999,-122.1697,16.100000381469727,0.011131949209416398,GUIDED
19.194819000000003,POS,37.4274999,-122.1697,16.100000381469727,0.011131949209416398,GUIDED
19.294779,POS,37.4274999,-122.1697,16.100000381469727,0.011131949209416398,GUIDED
19.394739,POS,37.4274999,-122.1697,16.100000381469727,0.011131949209416398,GUIDED
19.494698999999997,POS,37.4274999,-122.1697,16.100000381469727,0.011131949209416398,GUIDED
19.594659,POS,37.4274999,-122.1697,16.100000381469727,0.011131949209416398,GUIDED
19.694619000000003,POS,37.4274999,-122.1697,16.100000381469727,0.011131949209416398,GUIDED
19.794579,POS,37.4274999,-122.1697,16.100000381469727,0.011131949209416398,GUIDED
19.894539,POS,37.4274999,-122.1697,16.100000381469727,0.011131949209416398,GUIDED
19.994498999999998,POS,37.4274999,-122.1697,16.100000381469727,0.011131949209416398,GUIDED
20.094459,POS,37.4274999,-122.1697,16.100000381469727,0.011131949209416398,GUIDED
20.194418999999996,POS,37.4274999,-122.1697,16.100000381469727,0.011131949209416398,GUIDED
20.294379,POS,37.4274999,-122.1697,16.100000381469727,0.011131949209416398,GUIDED
20.394339000000002,POS,37.4274999,-122.1697,16.100000381469727,0.011131949209416398,GUIDED
20.494298999999998,POS,37.4274999,-122.1697,16.100000381469727,0.011131949209416398,GUIDED
20.594259,POS,37.4274999,-122.1697,16.100000381469727,0.011131949209416398,GUIDED
20.694218999999997,POS,37.4274999,-122.1697,16.100000381469727,0.011131949209416398,GUIDED
20.794179,POS,37.4274999,-122.1697,16.100000381469727,0.011131949209416398,GUIDED
20.894972000000003,POS,37.4274999,-122.1697,16.100000381469727,0.011131949209416398,GUIDED
20.994932,POS,37.4274999,-122.1697,16.100000381469727,0.011131949209416398,GUIDED
21.094892,POS,37.4274999,-122.1697,16.100000381469727,0.011131949209416398,GUIDED
21.194851999999997,POS,37.4274999,-122.1697,16.100000381469727,0.011131949209416398,GUIDED
21.294812,POS,37.4274999,-122.1697,16.100000381469727,0.011131949209416398,GUIDED
21.394772000000003,POS,37.4274999,-122.1697,16.100000381469727,0.011131949209416398,GUIDED
21.494732,POS,37.4274999,-122.1697,16.100000381469727,0.011131949209416398,GUIDED
21.594692000000002,POS,37.4274999,-122.1697,16.100000381469727,0.011131949209416398,GUIDED
21.694651999999998,POS,37.4274999,-122.1697,16.100000381469727,0.011131949209416398,GUIDED
21.794612,POS,37.4274999,-122.1697,16.100000381469727,0.011131949209416398,GUIDED
21.894571999999997,POS,37.4274999,-122.1697,16.100000381469727,0.011131949209416398,GUIDED
21.994532,POS,37.4274999,-122.1697,16.100000381469727,0.011131949209416398,GUIDED
22.094492000000002,POS,37.4274999,-122.1697,16.100000381469727,0.011131949209416398,GUIDED
22.194452,POS,37.4274999,-122.1697,16.100000381469727,0.011131949209416398,GUIDED
22.294412,POS,37.4274999,-122.1697,16.100000381469727,0.011131949209416398,GUIDED
22.394371999999997,POS,37.4274999,-122.1697,16.100000381469727,0.011131949209416398,GUIDED
22.494332,POS,37.4274999,-122.1697,16.100000381469727,0.011131949209416398,GUIDED
22.594292000000003,POS,37.4274999,-122.1697,16.100000381469727,0.011131949209416398,GUIDED
22.694252,POS,37.4274999,-122.1697,16.100000381469727,0.011131949209416398,GUIDED
22.794212,POS,37.4274999,-122.1697,16.100000381469727,0.011131949209416398,GUIDED
22.894171999999998,POS,37.4274999,-122.1697,16.100000381469727,0.011131949209416398,GUIDED
22.994965,POS,37.4274999,-122.1697,16.100000381469727,0.011131949209416398,GUIDED
23.094924999999996,POS,37.4274999,-122.1697,16.100000381469727,0.011131949209416398,GUIDED
23.194885,POS,37.4274999,-122.1697,16.100000381469727,0.011131949209416398,GUIDED
23.294845000000002,POS,37.4274999,-122.1697,16.100000381469727,0.011131949209416398,GUIDED
23.394804999999998,POS,37.4274999,-122.1697,16.100000381469727,0.011131949209416398,GUIDED
23.494765,POS,37.4274999,-122.1697,16.100000381469727,0.011131949209416398,GUIDED
23.594724999999997,POS,37.4274999,-122.1697,16.100000381469727,0.011131949209416398,GUIDED
23.694685,POS,37.4274999,-122.1697,16.100000381469727,0.011131949209416398,GUIDED
23.794645000000003,POS,37.4274999,-122.1697,16.100000381469727,0.011131949209416398,GUIDED
23.894605,POS,37.4274999,-122.1697,16.100000381469727,0.011131949209416398,GUIDED
23.994565,POS,37.4274999,-122.1697,16.100000381469727,0.011131949209416398,GUIDED
24.094524999999997,POS,37.4274999,-122.1697,16.100000381469727,0.011131949209416398,GUIDED
24.194485,POS,37.4274999,-122.1697,16.100000381469727,0.011131949209416398,GUIDED
24.294445000000003,POS,37.4274999,-122.1697,16.100000381469727,0.011131949209416398,GUIDED
24.394405,POS,37.4274999,-122.1697,16.100000381469727,0.011131949209416398,GUIDED
24.494365000000002,POS,37.4274999,-122.1697,16.100000381469727,0.011131949209416398,GUIDED
24.594324999999998,POS,37.4274999,-122.1697,16.100000381469727,0.011131949209416398,GUIDED
24.694285,POS,37.4274999,-122.1697,16.100000381469727,0.011131949209416398,GUIDED
24.794244999999997,POS,37.4274999,-122.1697,16.100000381469727,0.011131949209416398,GUIDED
24.894205,POS,37.4274999,-122.1697,16.100000381469727,0.011131949209416398,GUIDED
24.994998000000002,POS,37.4274999,-122.1697,16.100000381469727,0.011131949209416398,GUIDED
25.094958,POS,37.4274999,-122.1697,16.100000381469727,0.011131949209416398,GUIDED
25.194918,POS,37.4274999,-122.1697,16.100000381469727,0.011131949209416398,GUIDED
25.294877999999997,POS,37.4274999,-122.1697,16.100000381469727,0.011131949209416398,GUIDED
25.394838,POS,37.4274999,-122.1697,16.100000381469727,0.011131949209416398,GUIDED
25.494798000000003,POS,37.4274999,-122.1697,16.100000381469727,0.011131949209416398,GUIDED
25.594758,POS,37.4274999,-122.1697,16.100000381469727,0.011131949209416398,GUIDED
25.694718,POS,37.4274999,-122.1697,16.100000381469727,0.011131949209416398,GUIDED
25.794677999999998,POS,37.4274999,-122.1697,16.100000381469727,0.011131949209416398,GUIDED
25.894638,POS,37.4274999,-122.1697,16.100000381469727,0.011131949209416398,GUIDED
25.994598000000003,POS,37.4274999,-122.1697,16.100000381469727,0.011131949209416398,GUIDED
26.094558,POS,37.4274999,-122.1697,16.100000381469727,0.011131949209416398,GUIDED
26.194518000000002,POS,37.4274999,-122.1697,16.100000381469727,0.011131949209416398,GUIDED
26.294477999999998,POS,37.4274999,-122.1697,16.100000381469727,0.011131949209416398,GUIDED
26.394438,POS,37.4274999,-122.1697,16.100000381469727,0.011131949209416398,GUIDED
26.494397999999997,POS,37.4274999,-122.1697,16.100000381469727,0.011131949209416398,GUIDED
26.594358,POS,37.4274999,-122.1697,16.100000381469727,0.011131949209416398,GUIDED
26.694318000000003,POS,37.4274999,-122.1697,16.100000381469727,0.011131949209416398,GUIDED
26.794278,POS,37.4274999,-122.1697,16.100000381469727,0.011131949209416398,GUIDED
26.894238,POS,37.4274999,-122.1697,16.100000381469727,0.011131949209416398,GUIDED
26.994197999999997,POS,37.4274999,-122.1697,16.100000381469727,0.011131949209416398,GUIDED
27.094991,POS,37.4274999,-122.1697,16.100000381469727,0.011131949209416398,GUIDED
27.194951000000003,POS,37.4274999,-122.1697,16.100000381469727,0.011131949209416398,GUIDED
27.294911,POS,37.4274999,-122.1697,16.100000381469727,0.011131949209416398,GUIDED
27.394871000000002,POS,37.4274999,-122.1697,16.100000381469727,0.011131949209416398,GUIDED
27.494830999999998,POS,37.4274999,-122.1697,16.100000381469727,0.011131949209416398,GUIDED
27.594791,POS,37.4274999,-122.1697,16.100000381469727,0.011131949209416398,GUIDED
27.694750999999997,POS,37.4274999,-122.1697,16.100000381469727,0.011131949209416398,GUIDED
27.794711,POS,37.4274999,-122.1697,16.100000381469727,0.011131949209416398,GUIDED
27.894671000000002,POS,37.4274999,-122.1697,16.100000381469727,0.011131949209416398,GUIDED
27.994631,POS,37.4274999,-122.1697,16.100000381469727,0.011131949209416398,GUIDED
28.094591,POS,37.4274999,-122.1697,16.100000381469727,0.011131949209416398,GUIDED
28.194550999999997,POS,37.4274999,-122.1697,16.100000381469727,0.011131949209416398,GUIDED
28.294511,POS,37.4274999,-122.1697,16.100000381469727,0.011131949209416398,GUIDED
28.394471000000003,POS,37.4274999,-122.1697,16.100000381469727,0.011131949209416398,GUIDED
28.494431,POS,37.4274999,-122.1697,16.100000381469727,0.011131949209416398,GUIDED
28.594391,POS,37.4274999,-122.1697,16.100000381469727,0.011131949209416398,GUIDED
28.694350999999997,POS,37.4274999,-122.1697,16.100000381469727,0.011131949209416398,GUIDED
28.794311,POS,37.4274999,-122.1697,16.100000381469727,0.011131949209416398,GUIDED
28.894271000000003,POS,37.4274999,-122.1697,16.100000381469727,0.011131949209416398,GUIDED
28.994231,POS,37.4274999,-122.1697,16.100000381469727,0.011131949209416398,GUIDED
29.094191000000002,POS,37.4274999,-122.1697,16.100000381469727,0.011131949209416398,GUIDED
29.194983999999998,POS,37.4274999,-122.1697,16.100000381469727,0.011131949209416398,GUIDED
29.294944,POS,37.4274999,-122.1697,16.100000381469727,0.011131949209416398,GUIDED
29.394903999999997,POS,37.4274999,-122.1697,16.100000381469727,0.011131949209416398,GUIDED
29.494864,POS,37.4274999,-122.1697,16.100000381469727,0.011131949209416398,GUIDED
29.594824000000003,POS,37.4274999,-122.1697,16.100000381469727,0.011131949209416398,GUIDED
29.694784,POS,37.4274999,-122.1697,16.100000381469727,0.011131949209416398,GUIDED
29.794744,POS,37.4274999,-122.1697,16.100000381469727,0.011131949209416398,GUIDED
29.894703999999997,POS,37.4274999,-122.1697,16.100000381469727,0.011131949209416398,GUIDED
29.994664,POS,37.4274999,-122.1697,16.100000381469727,0.011131949209416398,GUIDED
30.094623999999996,POS,37.4274999,-122.1697,16.100000381469727,0.011131949209416398,GUIDED
30.194584,POS,37.4274999,-122.1697,16.100000381469727,0.011131949209416398,GUIDED
30.294543999999995,POS,37.4274999,-122.1697,16.100000381469727,0.011131949209416398,GUIDED
30.394503999999998,POS,37.4274999,-122.1697,16.100000381469727,0.011131949209416398,GUIDED
30.494464,POS,37.4274999,-122.1697,16.100000381469727,0.011131949209416398,GUIDED
30.594423999999997,POS,37.4274999,-122.1697,16.100000381469727,0.011131949209416398,GUIDED
30.694384,POS,37.4274999,-122.1697,16.100000381469727,0.011131949209416398,GUIDED
30.794343999999995,POS,37.4274999,-122.1697,16.100000381469727,0.011131949209416398,GUIDED
30.894303999999998,POS,37.4274999,-122.1697,16.100000381469727,0.011131949209416398,GUIDED
30.994264,POS,37.4274999,-122.1697,16.100000381469727,0.011131949209416398,GUIDED
31.094223999999997,POS,37.4274999,-122.1697,16.100000381469727,0.011131949209416398,GUIDED
31.194184,POS,37.4274999,-122.1697,16.100000381469727,0.011131949209416398,GUIDED
31.294976999999996,POS,37.4274999,-122.1697,16.100000381469727,0.011131949209416398,GUIDED
31.394937,POS,37.4274999,-122.1697,16.100000381469727,0.011131949209416398,GUIDED
31.494896999999995,POS,37.4274999,-122.1697,16.100000381469727,0.011131949209416398,GUIDED
31.594856999999998,POS,37.4274999,-122.1697,16.100000381469727,0.011131949209416398,GUIDED
31.694817,POS,37.4274999,-122.1697,16.100000381469727,0.011131949209416398,GUIDED
31.794776999999996,POS,37.4274999,-122.1697,16.100000381469727,0.011131949209416398,GUIDED
31.894737,POS,37.4274999,-122.1697,16.100000381469727,0.011131949209416398,GUIDED
31.994696999999995,POS,37.4274999,-122.1697,16.100000381469727,0.011131949209416398,GUIDED
32.094657,POS,37.4274999,-122.1697,16.100000381469727,0.011131949209416398,GUIDED
32.194617,POS,37.4274999,-122.1697,16.100000381469727,0.011131949209416398,GUIDED
32.294577,POS,37.4274999,-122.1697,16.100000381469727,0.011131949209416398,GUIDED
32.394537,POS,37.4274999,-122.1697,16.100000381469727,0.011131949209416398,GUIDED
32.494496999999996,POS,37.4274999,-122.1697,16.100000381469727,0.011131949209416398,GUIDED
32.594457,POS,37.4274999,-122.1697,16.100000381469727,0.011131949209416398,GUIDED
32.694417,POS,37.4274999,-122.1697,16.100000381469727,0.011131949209416398,GUIDED
32.794377,POS,37.4274999,-122.1697,16.100000381469727,0.011131949209416398,GUIDED
32.894337,POS,37.4274999,-122.1697,16.100000381469727,0.011131949209416398,GUIDED
32.994296999999996,POS,37.4274999,-122.1697,16.100000381469727,0.011131949209416398,GUIDED
33.094257,POS,37.4274999,-122.1697,16.100000381469727,0.011131949209416398,GUIDED
33.194216999999995,POS,37.4274999,-122.1697,16.100000381469727,0.011131949209416398,GUIDED
33.294177,POS,37.4274999,-122.1697,16.100000381469727,0.011131949209416398,GUIDED
33.39497,POS,37.4274999,-122.1697,16.100000381469727,0.011131949209416398,GUIDED
33.49493,POS,37.4274999,-122.1697,16.100000381469727,0.011131949209416398,GUIDED
33.59489,POS,37.4274999,-122.1697,16.100000381469727,0.011131949209416398,GUIDED
33.694849999999995,POS,37.4274999,-122.1697,16.100000381469727,0.011131949209416398,GUIDED
33.79481,POS,37.4274999,-122.1697,16.100000381469727,0.011131949209416398,GUIDED
33.89477,POS,37.4274999,-122.1697,16.100000381469727,0.011131949209416398,GUIDED
33.99473,POS,37.4274999,-122.1697,16.100000381469727,0.011131949209416398,GUIDED
34.09469,POS,37.4274999,-122.1697,16.100000381469727,0.011131949209416398,GUIDED
34.194649999999996,POS,37.4274999,-122.1697,16.100000381469727,0.011131949209416398,GUIDED
34.29461,POS,37.4274999,-122.1697,16.100000381469727,0.011131949209416398,GUIDED
34.39457,POS,37.4274999,-122.1697,16.100000381469727,0.011131949209416398,GUIDED
34.49453,POS,37.4274999,-122.1697,16.100000381469727,0.011131949209416398,GUIDED
34.59449,POS,37.4274999,-122.1697,16.100000381469727,0.011131949209416398,GUIDED
34.694449999999996,POS,37.4274999,-122.1697,16.100000381469727,0.011131949209416398,GUIDED
34.79441,POS,37.4274999,-122.1697,16.100000381469727,0.011131949209416398,GUIDED
34.894369999999995,POS,37.4274999,-122.1697,16.100000381469727,0.011131949209416398,GUIDED
34.99433,POS,37.4274999,-122.1697,16.100000381469727,0.011131949209416398,GUIDED
35.09429,POS,37.4274999,-122.1697,16.100000381469727,0.011131949209416398,GUIDED
35.19425,POS,37.4274999,-122.1697,16.100000381469727,0.011131949209416398,GUIDED
35.29421,POS,37.4274999,-122.1697,16.100000381469727,0.011131949209416398,GUIDED
35.394169999999995,POS,37.4274999,-122.1697,16.100000381469727,0.011131949209416398,GUIDED
35.494963,POS,37.4274999,-122.1697,16.100000381469727,0.011131949209416398,GUIDED
35.594923,POS,37.4274999,-122.1697,16.100000381469727,0.011131949209416398,GUIDED
35.694883,POS,37.4274999,-122.1697,16.100000381469727,0.011131949209416398,GUIDED
35.794843,POS,37.4274999,-122.1697,16.100000381469727,0.011131949209416398,GUIDED
35.894802999999996,POS,37.4274999,-122.1697,16.100000381469727,0.011131949209416398,GUIDED
35.994763,POS,37.4274999,-122.1697,16.100000381469727,0.011131949209416398,GUIDED
36.094722999999995,POS,37.4274999,-122.1697,16.100000381469727,0.011131949209416398,GUIDED
36.194683,POS,37.4274999,-122.1697,16.100000381469727,0.011131949209416398,GUIDED
36.294643,POS,37.4274999,-122.1697,16.100000381469727,0.011131949209416398,GUIDED
36.394603,POS,37.4274999,-122.1697,16.100000381469727,0.011131949209416398,GUIDED
36.494563,POS,37.4274999,-122.1697,16.100000381469727,0.011131949209416398,GUIDED
36.594522999999995,POS,37.4274999,-122.1697,16.100000381469727,0.011131949209416398,GUIDED
36.694483,POS,37.4274999,-122.1697,16.100000381469727,0.011131949209416398,GUIDED
36.794443,POS,37.4274999,-122.1697,16.100000381469727,0.011131949209416398,GUIDED
36.894403,POS,37.4274999,-122.1697,16.100000381469727,0.011131949209416398,GUIDED
36.994363,POS,37.4274999,-122.1697,16.100000381469727,0.011131949209416398,GUIDED
37.094322999999996,POS,37.4274999,-122.1697,16.100000381469727,0.011131949209416398,GUIDED
37.194283,POS,37.4274999,-122.1697,16.100000381469727,0.011131949209416398,GUIDED
37.294243,POS,37.4274999,-122.1697,16.100000381469727,0.011131949209416398,GUIDED
37.394203,POS,37.4274999,-122.1697,16.100000381469727,0.011131949209416398,GUIDED
37.494996,POS,37.4274999,-122.1697,16.100000381469727,0.011131949209416398,GUIDED
37.594955999999996,POS,37.4274999,-122.1697,16.100000381469727,0.011131949209416398,GUIDED
37.694916,POS,37.4274999,-122.1697,16.100000381469727,0.011131949209416398,GUIDED
37.794875999999995,POS,37.4274999,-122.1697,16.100000381469727,0.011131949209416398,GUIDED
37.894836,POS,37.4274999,-122.1697,16.100000381469727,0.011131949209416398,GUIDED
37.994796,POS,37.4274999,-122.1697,16.100000381469727,0.011131949209416398,GUIDED
38.094756,POS,37.4274999,-122.1697,16.100000381469727,0.011131949209416398,GUIDED
38.194716,POS,37.4274999,-122.1697,16.100000381469727,0.011131949209416398,GUIDED
38.294675999999995,POS,37.4274999,-122.1697,16.100000381469727,0.011131949209416398,GUIDED
38.394636,POS,37.4274999,-122.1697,16.100000381469727,0.011131949209416398,GUIDED
38.494596,POS,37.4274999,-122.1697,16.100000381469727,0.011131949209416398,GUIDED
38.594556,POS,37.4274999,-122.1697,16.100000381469727,0.011131949209416398,GUIDED
38.694516,POS,37.4274999,-122.1697,16.100000381469727,0.011131949209416398,GUIDED
38.794475999999996,POS,37.4274999,-122.1697,16.100000381469727,0.011131949209416398,GUIDED
38.894436,POS,37.4274999,-122.1697,16.100000381469727,0.011131949209416398,GUIDED
38.994395999999995,POS,37.4274999,-122.1697,16.100000381469727,0.011131949209416398,GUIDED
39.094356,POS,37.4274999,-122.1697,16.100000381469727,0.011131949209416398,GUIDED
39.194316,POS,37.4274999,-122.1697,16.06999969482422,0.011131949209416398,GUIDED
39.294275999999996,POS,37.4274999,-122.1697,16.06999969482422,0.011131949209416398,GUIDED
39.394236,POS,37.4274999,-122.1697,16.06999969482422,0.011131949209416398,GUIDED
39.494195999999995,POS,37.4274999,-122.1697,16.06999969482422,0.011131949209416398,GUIDED
39.594989,POS,37.4274999,-122.1697,16.06999969482422,0.011131949209416398,GUIDED
39.694949,POS,37.4274999,-122.1697,16.06999969482422,0.011131949209416398,GUIDED
39.794909,POS,37.4274999,-122.1697,16.06999969482422,0.011131949209416398,GUIDED
39.894869,POS,37.4274999,-122.1697,16.06999969482422,0.011131949209416398,GUIDED
39.994828999999996,POS,37.4274999,-122.1697,16.06999969482422,0.011131949209416398,GUIDED
40.094789,POS,37.4274999,-122.1697,16.06999969482422,0.011131949209416398,GUIDED
40.194749,POS,37.4274999,-122.1697,16.06999969482422,0.011131949209416398,GUIDED
40.294709,POS,37.4274999,-122.1697,16.06999969482422,0.011131949209416398,GUIDED
40.394669,POS,37.4274999,-122.1697,16.06999969482422,0.011131949209416398,GUIDED
40.494628999999996,POS,37.4274999,-122.1697,16.06999969482422,0.011131949209416398,GUIDED
40.594589,POS,37.4274999,-122.1697,16.06999969482422,0.011131949209416398,GUIDED
40.694548999999995,POS,37.4274999,-122.1697,16.06999969482422,0.011131949209416398,GUIDED
40.794509,POS,37.4274999,-122.1697,16.06999969482422,0.011131949209416398,GUIDED
40.894469,POS,37.4274999,-122.1697,16.06999969482422,0.011131949209416398,GUIDED
40.994429,POS,37.4274999,-122.1697,16.06999969482422,0.011131949209416398,GUIDED
41.094389,POS,37.4274999,-122.1697,16.06999969482422,0.011131949209416398,GUIDED
41.194348999999995,POS,37.4274999,-122.1697,16.06999969482422,0.011131949209416398,GUIDED
41.294309,POS,37.4274999,-122.1697,16.06999969482422,0.011131949209416398,GUIDED
41.394269,POS,37.4274999,-122.1697,16.06999969482422,0.011131949209416398,GUIDED
41.494229,POS,37.4274999,-122.1697,16.06999969482422,0.011131949209416398,GUIDED
41.594189,POS,37.4274999,-122.1697,16.06999969482422,0.011131949209416398,GUIDED
41.694981999999996,POS,37.4274999,-122.1697,16.06999969482422,0.011131949209416398,GUIDED
41.794942,POS,37.4274999,-122.1697,16.06999969482422,0.011131949209416398,GUIDED
41.894901999999995,POS,37.4274999,-122.1697001,16.06999969482422,0.01421507314541867,GUIDED
41.994862,POS,37.4274999,-122.1697001,16.06999969482422,0.01421507314541867,GUIDED
42.094822,POS,37.4274999,-122.1697001,16.06999969482422,0.01421507314541867,GUIDED
42.194782,POS,37.4274999,-122.1697001,16.06999969482422,0.01421507314541867,GUIDED
42.294742,POS,37.4274999,-122.1697001,16.06999969482422,0.01421507314541867,GUIDED
42.394701999999995,POS,37.4274999,-122.1697001,16.06999969482422,0.01421507314541867,GUIDED
42.494662,POS,37.4274999,-122.1697001,16.06999969482422,0.01421507314541867,GUIDED
42.594622,POS,37.4274999,-122.1697001,16.06999969482422,0.01421507314541867,GUIDED
42.694582,POS,37.4274998,-122.1697001,16.06999969482422,0.023954731980071642,GUIDED
42.794542,POS,37.4274998,-122.1697001,16.06999969482422,0.023954731980071642,GUIDED
42.894501999999996,POS,37.4274998,-122.1697001,16.06999969482422,0.023954731980071642,GUIDED
42.994462,POS,37.4274998,-122.1697001,16.06999969482422,0.023954731980071642,GUIDED
43.094422,POS,37.4274998,-122.1697001,16.06999969482422,0.023954731980071642,GUIDED
43.194382,POS,37.4274998,-122.1697001,16.06999969482422,0.023954731980071642,GUIDED
43.294342,POS,37.4274998,-122.1697001,16.06999969482422,0.023954731980071642,GUIDED
43.394301999999996,POS,37.4274998,-122.1697001,16.06999969482422,0.023954731980071642,GUIDED
43.494262,POS,37.4274998,-122.1697001,16.06999969482422,0.023954731980071642,GUIDED
43.594221999999995,POS,37.4274998,-122.1697001,16.06999969482422,0.023954731980071642,GUIDED
43.694182,POS,37.4274998,-122.1697001,16.06999969482422,0.023954731980071642,GUIDED
43.794975,POS,37.4274998,-122.1697001,16.06999969482422,0.023954731980071642,GUIDED
43.894935,POS,37.4274998,-122.1697001,16.06999969482422,0.023954731980071642,GUIDED
43.994895,POS,37.4274998,-122.1697001,16.06999969482422,0.023954731980071642,GUIDED
44.094854999999995,POS,37.4274998,-122.1697001,16.06999969482422,0.023954731980071642,GUIDED
44.194815,POS,37.4274998,-122.1697001,16.06999969482422,0.023954731980071642,GUIDED
44.294775,POS,37.4274998,-122.1697001,16.06999969482422,0.023954731980071642,GUIDED
44.394735,POS,37.4274998,-122.1697001,16.06999969482422,0.023954731980071642,GUIDED
44.494695,POS,37.4274998,-122.1697001,16.06999969482422,0.023954731980071642,GUIDED
44.594654999999996,POS,37.4274998,-122.1697001,16.06999969482422,0.023954731980071642,GUIDED
44.694615,POS,37.4274998,-122.1697001,16.06999969482422,0.023954731980071642,GUIDED
44.794574999999995,POS,37.4274999,-122.1697001,16.06999969482422,0.01421507314541867,GUIDED
44.894535,POS,37.4274998,-122.1697001,16.06999969482422,0.023954731980071642,GUIDED
44.994495,POS,37.4274999,-122.1697001,16.06999969482422,0.01421507314541867,GUIDED
45.094454999999996,POS,37.4274999,-122.1697001,16.06999969482422,0.01421507314541867,GUIDED
45.194415,POS,37.4274999,-122.1697001,16.06999969482422,0.01421507314541867,GUIDED
45.294374999999995,POS,37.4274999,-122.1697001,16.06999969482422,0.01421507314541867,GUIDED
45.394335,POS,37.4274999,-122.1697001,16.06999969482422,0.01421507314541867,GUIDED
45.494295,POS,37.4274999,-122.1697001,16.06999969482422,0.01421507314541867,GUIDED
45.594255,POS,37.4274999,-122.1697001,16.06999969482422,0.01421507314541867,GUIDED
45.694215,POS,37.4274999,-122.1697001,16.06999969482422,0.01421507314541867,GUIDED
45.794174999999996,POS,37.4274999,-122.1697001,16.06999969482422,0.01421507314541867,GUIDED
45.894968,POS,37.4274999,-122.1697001,16.06999969482422,0.01421507314541867,GUIDED
45.994928,POS,37.4274999,-122.1697001,16.06999969482422,0.01421507314541867,GUIDED
46.094888,POS,37.4274999,-122.1697001,16.06999969482422,0.01421507314541867,GUIDED
46.194848,POS,37.4274999,-122.1697001,16.06999969482422,0.01421507314541867,GUIDED
46.294807999999996,POS,37.4274999,-122.1697001,16.06999969482422,0.01421507314541867,GUIDED
46.394768,POS,37.4274999,-122.1697001,16.06999969482422,0.01421507314541867,GUIDED
46.494727999999995,POS,37.4274999,-122.1697001,16.06999969482422,0.01421507314541867,GUIDED
46.594688,POS,37.4274999,-122.1697001,16.06999969482422,0.01421507314541867,GUIDED
46.694648,POS,37.4274999,-122.1697001,16.06999969482422,0.01421507314541867,GUIDED
46.794608,POS,37.4274999,-122.1697001,16.06999969482422,0.01421507314541867,GUIDED
46.894568,POS,37.4274999,-122.1697001,16.06999969482422,0.01421507314541867,GUIDED
46.994527999999995,POS,37.4274999,-122.1697001,16.06999969482422,0.01421507314541867,GUIDED
47.094488,POS,37.4274999,-122.1697001,16.06999969482422,0.01421507314541867,GUIDED
47.194448,POS,37.4274999,-122.1697001,16.06999969482422,0.01421507314541867,GUIDED
47.294408,POS,37.4274999,-122.1697001,16.06999969482422,0.01421507314541867,GUIDED
47.394368,POS,37.4274999,-122.1697001,16.06999969482422,0.01421507314541867,GUIDED
47.494327999999996,POS,37.4274999,-122.1697001,16.06999969482422,0.01421507314541867,GUIDED
47.594288,POS,37.4274999,-122.1697001,16.06999969482422,0.01421507314541867,GUIDED
47.694247999999995,POS,37.4274999,-122.1697001,16.06999969482422,0.01421507314541867,GUIDED
47.794208,POS,37.4274999,-122.1697001,16.06999969482422,0.01421507314541867,GUIDED
47.894168,POS,37.4274999,-122.1697001,16.06999969482422,0.01421507314541867,GUIDED
47.994960999999996,POS,37.4274999,-122.1697001,16.06999969482422,0.01421507314541867,GUIDED
48.094921,POS,37.4274999,-122.1697001,16.06999969482422,0.01421507314541867,GUIDED
48.194880999999995,POS,37.4274999,-122.1697001,16.06999969482422,0.01421507314541867,GUIDED
48.294841,POS,37.4274999,-122.1697001,16.06999969482422,0.01421507314541867,GUIDED
48.394801,POS,37.4274999,-122.1697001,16.06999969482422,0.01421507314541867,GUIDED
48.494761,POS,37.4274999,-122.1697001,16.06999969482422,0.01421507314541867,GUIDED
48.594721,POS,37.4274999,-122.1697001,16.06999969482422,0.01421507314541867,GUIDED
48.694680999999996,POS,37.4274999,-122.1697001,16.06999969482422,0.01421507314541867,GUIDED
48.794641,POS,37.4274999,-122.1697001,16.06999969482422,0.01421507314541867,GUIDED
48.894601,POS,37.4274999,-122.1697001,16.06999969482422,0.01421507314541867,GUIDED
48.994561,POS,37.4274999,-122.1697001,16.06999969482422,0.01421507314541867,GUIDED
49.094521,POS,37.4274999,-122.1697001,16.06999969482422,0.01421507314541867,GUIDED
49.194480999999996,POS,37.4274999,-122.1697001,16.09000015258789,0.01421507314541867,GUIDED
49.294441,POS,37.4274999,-122.1697001,16.100000381469727,0.01421507314541867,GUIDED
49.394400999999995,POS,37.4274999,-122.1697001,16.119998931884766,0.01421507314541867,GUIDED
49.494361,POS,37.4274999,-122.1697001,16.149999618530273,0.01421507314541867,GUIDED
49.594321,POS,37.4274999,-122.1697001,16.18000030517578,0.01421507314541867,GUIDED
49.694281,POS,37.4274999,-122.1697001,16.239999771118164,0.01421507314541867,GUIDED
49.794241,POS,37.4274999,-122.1697001,16.34000015258789,0.01421507314541867,GUIDED
49.894200999999995,POS,37.4274999,-122.1697,16.459999084472656,0.011131949209416398,GUIDED
49.994994,POS,37.4274999,-122.1697,16.56999969482422,0.011131949209416398,GUIDED
50.094954,POS,37.4274999,-122.1697,16.68000030517578,0.011131949209416398,GUIDED
50.194914,POS,37.4274999,-122.1697,16.799999237060547,0.011131949209416398,GUIDED
50.294874,POS,37.4274999,-122.1697,16.920000076293945,0.011131949209416398,GUIDED
50.394833999999996,POS,37.4274999,-122.1696999,17.049999237060547,0.014215073926666955,GUIDED
50.494794,POS,37.4274999,-122.1696999,17.190000534057617,0.014215073926666955,GUIDED
50.594753999999995,POS,37.4274999,-122.1696999,17.34000015258789,0.014215073926666955,GUIDED
50.694714,POS,37.4274999,-122.1696998,17.510000228881836,0.020892878761370796,GUIDED
50.794674,POS,37.4274999,-122.1696998,17.68000030517578,0.020892878761370796,GUIDED
50.894633999999996,POS,37.4274999,-122.1696998,17.85999870300293,0.020892878761370796,GUIDED
50.994594,POS,37.4274999,-122.1696997,18.059999465942383,0.028761997990825246,GUIDED
51.094553999999995,POS,37.4274999,-122.1696997,18.260000228881836,0.028761997990825246,GUIDED
51.194514,POS,37.4274999,-122.1696996,18.479999542236328,0.037071399382088026,GUIDED
51.294474,POS,37.4274999,-122.1696996,18.69999885559082,0.037071399382088026,GUIDED
51.394434,POS,37.4274999,-122.1696996,18.939998626708984,0.037071399382088026,GUIDED
51.494394,POS,37.4274999,-122.1696995,19.189998626708984,0.045580927037309024,GUIDED
51.594353999999996,POS,37.4274999,-122.1696995,19.43000030517578,0.045580927037309024,GUIDED
51.694314,POS,37.4274999,-122.1696995,19.689998626708984,0.045580927037309024,GUIDED
51.794274,POS,37.4274999,-122.1696995,19.94999885559082,0.045580927037309024,GUIDED
51.894234,POS,37.4275,-122.1696994,20.19999885559082,0.053040822051217844,GUIDED
51.994194,POS,37.4275,-122.1696994,20.459999084472656,0.053040822051217844,GUIDED
52.094986999999996,POS,37.4275,-122.1696994,20.719999313354492,0.053040822051217844,GUIDED
52.194947,POS,37.4275,-122.1696993,20.979999542236328,0.06188095843162464,GUIDED
52.294906999999995,POS,37.4275,-122.1696993,21.229999542236328,0.06188095843162464,GUIDED
52.394867,POS,37.4275,-122.1696993,21.489999771118164,0.06188095843162464,GUIDED
52.494827,POS,37.4275,-122.1696993,21.739999771118164,0.06188095843162464,GUIDED
52.594787,POS,37.4275,-122.1696993,22.0,0.06188095843162464,GUIDED
52.694747,POS,37.4275,-122.1696992,22.25,0.07072109606829045,GUIDED
52.794706999999995,POS,37.4275,-122.1696992,22.5,0.07072109606829045,GUIDED
52.894667,POS,37.4275,-122.1696992,22.75,0.07072109606829045,GUIDED
52.994627,POS,37.4275,-122.1696992,23.0,0.07072109606829045,GUIDED
53.094587,POS,37.4275,-122.1696992,23.25,0.07072109606829045,GUIDED
53.194547,POS,37.4275001,-122.1696992,23.5,0.07159185509274613,GUIDED
53.294506999999996,POS,37.4275001,-122.1696992,23.75,0.07159185509274613,GUIDED
53.394467,POS,37.4275001,-122.1696992,24.0,0.07159185509274613,GUIDED
53.494426999999995,POS,37.4275001,-122.1696992,24.25,0.07159185509274613,GUIDED
53.594387,POS,37.4275001,-122.1696992,24.489999771118164,0.07159185509274613,GUIDED
53.694347,POS,37.4275001,-122.1696992,24.739999771118164,0.07159185509274613,GUIDED
53.794306999999996,POS,37.4275001,-122.1696992,24.989999771118164,0.07159185509274613,GUIDED
53.894267,POS,37.4275001,-122.1696992,25.239999771118164,0.07159185509274613,GUIDED
53.994226999999995,POS,37.4275001,-122.1696992,25.489999771118164,0.07159185509274613,GUIDED
54.094187,POS,37.4275001,-122.1696992,25.729999542236328,0.07159185509274613,GUIDED
54.19498,POS,37.4275001,-122.1696992,25.979999542236328,0.07159185509274613,GUIDED
54.29494,POS,37.4275001,-122.1696992,26.229999542236328,0.07159185509274613,GUIDED
54.3949,POS,37.4275001,-122.1696992,26.479999542236328,0.07159185509274613,GUIDED
54.494859999999996,POS,37.4275001,-122.1696992,26.729999542236328,0.07159185509274613,GUIDED
54.59482,POS,37.4275001,-122.1696992,26.969999313354492,0.07159185509274613,GUIDED
54.69478,POS,37.4275001,-122.1696992,27.219999313354492,0.07159185509274613,GUIDED
54.79474,POS,37.4275001,-122.1696992,27.469999313354492,0.07159185509274613,GUIDED
54.8947,POS,37.4275001,-122.1696992,27.719999313354492,0.07159185509274613,GUIDED
54.994659999999996,POS,37.4275001,-122.1696992,27.969999313354492,0.07159185509274613,GUIDED
55.09462,POS,37.4275001,-122.1696992,28.219999313354492,0.07159185509274613,GUIDED
55.194579999999995,POS,37.4275,-122.1696992,28.469999313354492,0.07072109606829045,GUIDED
55.29454,POS,37.4275,-122.1696992,28.719999313354492,0.07072109606829045,GUIDED
55.3945,POS,37.4275,-122.1696992,28.969999313354492,0.07072109606829045,GUIDED
55.49446,POS,37.4275,-122.1696992,29.219999313354492,0.07072109606829045,GUIDED
55.59442,POS,37.4275,-122.1696992,29.469999313354492,0.07072109606829045,GUIDED
55.694379999999995,POS,37.4275,-122.1696992,29.719999313354492,0.07072109606829045,GUIDED
55.79434,POS,37.4275,-122.1696992,29.969999313354492,0.07072109606829045,GUIDED
55.8943,POS,37.4275,-122.1696992,30.219999313354492,0.07072109606829045,GUIDED
55.99426,POS,37.4275,-122.1696992,30.459999084472656,0.07072109606829045,GUIDED
56.09422,POS,37.4275,-122.1696992,30.709999084472656,0.07072109606829045,GUIDED
56.194179999999996,POS,37.4275,-122.1696992,30.94999885559082,0.07072109606829045,GUIDED
56.294973,POS,37.4275,-122.1696992,31.189998626708984,0.07072109606829045,GUIDED
56.394932999999995,POS,37.4275,-122.1696992,31.420000076293945,0.07072109606829045,GUIDED
56.494893,POS,37.4275,-122.1696992,31.639999389648438,0.07072109606829045,GUIDED
56.594853,POS,37.4275,-122.1696992,31.869998931884766,0.07072109606829045,GUIDED
56.694812999999996,POS,37.4275,-122.1696992,32.07999801635742,0.07072109606829045,GUIDED
56.794773,POS,37.4275,-122.1696992,32.290000915527344,0.07072109606829045,GUIDED
56.894732999999995,POS,37.4275,-122.1696992,32.5,0.07072109606829045,GUIDED
56.994693,POS,37.4275,-122.1696992,32.689998626708984,0.07072109606829045,GUIDED
57.094653,POS,37.4275,-122.1696992,32.88999938964844,0.07072109606829045,GUIDED
57.194613,POS,37.4275,-122.1696992,33.06999969482422,0.07072109606829045,GUIDED
57.294573,POS,37.4275,-122.1696992,33.25,0.07072109606829045,GUIDED
57.394532999999996,POS,37.4275,-122.1696992,33.43000030517578,0.07072109606829045,GUIDED
57.494493,POS,37.4275,-122.1696992,33.599998474121094,0.07072109606829045,GUIDED
57.594453,POS,37.4275,-122.1696992,33.7599983215332,0.07072109606829045,GUIDED
57.694413,POS,37.4275,-122.1696992,33.91999816894531,0.07072109606829045,GUIDED
57.794373,POS,37.4275,-122.1696992,34.07999801635742,0.07072109606829045,GUIDED
57.894332999999996,POS,37.4275,-122.1696992,34.22999954223633,0.07072109606829045,GUIDED
57.994293,POS,37.4275,-122.1696992,34.369998931884766,0.07072109606829045,GUIDED
58.094252999999995,POS,37.4275,-122.1696993,34.5099983215332,0.06188095843162464,GUIDED
58.194213,POS,37.4275,-122.1696993,34.63999938964844,0.06188095843162464,GUIDED
58.294173,POS,37.4275,-122.1696993,34.77000045776367,0.06188095843162464,GUIDED
58.394966,POS,37.4275,-122.1696993,34.88999938964844,0.06188095843162464,GUIDED
58.494926,POS,37.4275,-122.1696993,35.0,0.06188095843162464,GUIDED
58.594885999999995,POS,37.4275,-122.1696993,35.11000061035156,0.06188095843162464,GUIDED
58.694846,POS,37.4275,-122.1696993,35.21999740600586,0.06188095843162464,GUIDED
58.794806,POS,37.4275,-122.1696993,35.31999969482422,0.06188095843162464,GUIDED
58.894766,POS,37.4275,-122.1696993,35.40999984741211,0.06188095843162464,GUIDED
58.994726,POS,37.4275,-122.1696992,35.5,0.07072109606829045,GUIDED
59.094685999999996,POS,37.4275,-122.1696991,35.56999969482422,0.07956123244869726,GUIDED
59.194646,POS,37.4275,-122.1696987,35.630001068115234,0.1149217804828425,GUIDED
59.294605999999995,POS,37.4275,-122.1696979,35.689998626708984,0.18564287529487392,GUIDED
59.394566,POS,37.4275,-122.1696966,35.72999954223633,0.3005646557777164,GUIDED
59.494526,POS,37.4275,-122.1696948,35.7599983215332,0.4596871194188519,GUIDED
59.594485999999996,POS,37.4275001,-122.1696926,35.779998779296875,0.6542648394475311,GUIDED
59.694446,POS,37.4275001,-122.16969,35.79999923706055,0.8840837770129486,GUIDED
59.794405999999995,POS,37.4275001,-122.1696868,35.79999923706055,1.1669511687420546,GUIDED
59.894366,POS,37.4275001,-122.1696832,35.79999923706055,1.4851847195118413,GUIDED
59.994326,POS,37.4275001,-122.1696791,35.79999923706055,1.847622148200826,GUIDED
60.094286,POS,37.4275001,-122.1696746,35.790000915527344,2.2454223676959453,GUIDED
60.194246,POS,37.4275001,-122.1696696,35.790000915527344,2.687424673077109,GUIDED
60.294205999999996,POS,37.4275001,-122.1696642,35.779998779296875,3.164788588544717,GUIDED
60.394999,POS,37.4275001,-122.1696583,35.779998779296875,3.686353896026941,GUIDED
60.494959,POS,37.4275001,-122.1696519,35.77000045776367,4.252120420256747,GUIDED
60.594919,POS,37.4275001,-122.1696451,35.7599983215332,4.853247925296706,GUIDED
60.694879,POS,37.4275001,-122.1696378,35.7599983215332,5.498576419977343,GUIDED
60.794838999999996,POS,37.4275001,-122.1696301,35.7599983215332,6.179265719718127,GUIDED
60.894799,POS,37.4275001,-122.1696222,35.75,6.877635516584444,GUIDED
60.994758999999995,POS,37.4275,-122.169614,35.75,7.60251773940283,GUIDED
61.094719,POS,37.4275,-122.1696056,35.75,8.345089239325983,GUIDED
61.194679,POS,37.4275,-122.1695972,35.75,9.087660739249117,GUIDED
61.294639,POS,37.4274999,-122.1695886,35.75,9.847918811467979,GUIDED
61.394599,POS,37.4274999,-122.16958,35.75,10.608170135010868,GUIDED
61.494558999999995,POS,37.4274999,-122.1695714,35.75,11.36842151886136,GUIDED
61.594519,POS,37.4274999,-122.1695627,35.75,12.137513084344391,GUIDED
61.694479,POS,37.4274999,-122.1695539,35.75,12.915444825342357,GUIDED
61.794439,POS,37.4274999,-122.1695451,35.75,13.693376601276533,GUIDED
61.89439899999999,POS,37.4274999,-122.1695363,35.75,14.471308405256472,GUIDED
61.994359,POS,37.4274999,-122.1695275,35.75,15.249240235310207,GUIDED
62.094319,POS,37.4274999,-122.1695186,35.75,16.036012220822805,GUIDED
62.194278999999995,POS,37.4274999,-122.1695098,35.75,16.813944090532022,GUIDED
62.294239000000005,POS,37.4274999,-122.1695009,35.75,17.600716110669083,GUIDED
62.394199,POS,37.4274999,-122.169492,35.75,18.387488144902825,GUIDED
62.494991999999996,POS,37.4274999,-122.1694831,35.75,19.174260192754222,GUIDED
62.59495199999999,POS,37.4274999,-122.169474,35.75,19.978712521530984,GUIDED
62.694912,POS,37.4274999,-122.1694649,35.75,20.783164860380385,GUIDED
62.794872,POS,37.4274999,-122.1694557,35.75,21.596457343387815,GUIDED
62.894831999999994,POS,37.4274999,-122.1694466,35.75,22.400909699249013,GUIDED
62.994792000000004,POS,37.4274999,-122.1694373,35.75,23.22304233424965,GUIDED
63.094752,POS,37.4274999,-122.1694281,35.75,24.036334839251353,GUIDED
63.194711999999996,POS,37.4274999,-122.1694189,35.75,24.849627351418455,GUIDED
63.29467199999999,POS,37.4274999,-122.1694096,35.75,25.671760004487794,GUIDED
63.394632,POS,37.4274999,-122.1694003,35.75,26.493892661256513,GUIDED
63.494592,POS,37.4274999,-122.169391,35.75,27.316025323789663,GUIDED
63.59455199999999,POS,37.4274999,-122.1693817,35.75,28.13815799043584,GUIDED
63.694512,POS,37.4274999,-122.1693724,35.75,28.960290660844734,GUIDED
63.794472,POS,37.4274999,-122.1693631,35.75,29.782423334704728,GUIDED
63.894431999999995,POS,37.4274999,-122.1693538,35.75,30.60455601173772,GUIDED
63.994392000000005,POS,37.4274999,-122.1693445,35.75,31.426688691694658,GUIDED
64.094352,POS,37.4274999,-122.1693352,35.75,32.24882137309565,GUIDED
64.194312,POS,37.4274999,-122.169326,35.75,33.0621139223665,GUIDED
64.29427199999999,POS,37.4274999,-122.1693167,35.75,33.88424660981575,GUIDED
64.394232,POS,37.4274999,-122.1693075,35.7599983215332,34.69753916223142,GUIDED
64.494192,POS,37.4274999,-122.1692983,35.7599983215332,35.51083171786653,GUIDED
64.594985,POS,37.4274999,-122.1692892,35.7599983215332,36.31528413810563,GUIDED
64.694945,POS,37.4274999,-122.16928,35.7599983215332,37.12857669600879,GUIDED
64.794905,POS,37.4274999,-122.1692707,35.7599983215332,37.95070939277623,GUIDED
64.894865,POS,37.4274999,-122.1692614,35.7599983215332,38.77284209107667,GUIDED
64.99482499999999,POS,37.4274999,-122.1692521,35.7599983215332,39.594974790814625,GUIDED
65.094785,POS,37.4274999,-122.1692428,35.7599983215332,40.417107490646096,GUIDED
65.194745,POS,37.4274999,-122.1692335,35.7599983215332,41.239240193002864,GUIDED
65.294705,POS,37.4274999,-122.1692243,35.7599983215332,42.052532760477646,GUIDED
65.394665,POS,37.4274999,-122.169215,35.7599983215332,42.87466546514318,GUIDED
65.494625,POS,37.4274999,-122.1692057,35.7599983215332,43.696798169615484,GUIDED
65.594585,POS,37.4274999,-122.1691965,35.7599983215332,44.51009074023831,GUIDED
65.694545,POS,37.4274999,-122.1691872,35.7599983215332,45.33222344791055,GUIDED
65.794505,POS,37.4274999,-122.169178,35.7599983215332,46.14551601909669,GUIDED
65.894465,POS,37.4274999,-122.1691688,35.7599983215332,46.95880859237343,GUIDED
65.99442499999999,POS,37.4274999,-122.1691596,35.7599983215332,47.77210116518556,GUIDED
66.094385,POS,37.4274999,-122.1691504,35.77000045776367,48.58539373874964,GUIDED
66.194345,POS,37.4274999,-122.1691413,35.77000045776367,49.389846176866726,GUIDED
66.294305,POS,37.4274999,-122.1691322,35.77000045776367,50.194298615649494,GUIDED
66.394265,POS,37.4274999,-122.1691232,35.77000045776367,50.98991091889079,GUIDED
66.494225,POS,37.4274999,-122.1691141,35.77000045776367,51.79436335890588,GUIDED
66.594185,POS,37.4274999,-122.1691051,35.77000045776367,52.5899756633099,GUIDED
66.69497799999999,POS,37.4274999,-122.169096,35.77000045776367,53.39442810444731,GUIDED
66.794938,POS,37.4274999,-122.1690869,35.77000045776367,54.19888054611154,GUIDED
66.894898,POS,37.4274999,-122.1690778,35.77000045776367,55.00333298827947,GUIDED
66.994858,POS,37.4274999,-122.1690685,35.77000045776367,55.82546570460644,GUIDED
67.094818,POS,37.4274999,-122.1690594,35.77000045776367,56.62991814772751,GUIDED
67.194778,POS,37.4274999,-122.1690502,35.77000045776367,57.443210727510376,GUIDED
67.294738,POS,37.4274999,-122.1690411,35.77000045776367,58.247663171500754,GUIDED
67.39469799999999,POS,37.4274999,-122.1690319,35.77000045776367,59.06095575338235,GUIDED
67.494658,POS,37.4274999,-122.1690228,35.77000045776367,59.86540819817205,GUIDED
67.594618,POS,37.4274999,-122.1690137,35.77000045776367,60.66986064333545,GUIDED
67.69457799999999,POS,37.4274999,-122.1690046,35.77000045776367,61.474313088857876,GUIDED
67.794538,POS,37.4274999,-122.1689955,35.77000045776367,62.27876553472542,GUIDED
67.894498,POS,37.4274999,-122.1689864,35.779998779296875,63.08321798092486,GUIDED
67.994458,POS,37.4274999,-122.1689773,35.779998779296875,63.88767042744365,GUIDED
68.094418,POS,37.4274999,-122.1689682,35.779998779296875,64.69212287426987,GUIDED
68.194378,POS,37.4274999,-122.1689591,35.779998779296875,65.4965753213922,GUIDED
68.294338,POS,37.4274999,-122.16895,35.779998779296875,66.30102776879984,GUIDED
68.39429799999999,POS,37.4274999,-122.168941,35.779998779296875,67.09664007896167,GUIDED
68.494258,POS,37.4274999,-122.168932,35.779998779296875,67.89225239063933,GUIDED
68.594218,POS,37.4274999,-122.1689231,35.779998779296875,68.67902456504113,GUIDED
68.694178,POS,37.4274999,-122.1689141,35.779998779296875,69.47463687720861,GUIDED
68.794971,POS,37.4274999,-122.1689051,35.779998779296875,70.27024918835365,GUIDED
68.894931,POS,37.4274999,-122.1688962,35.779998779296875,71.05702136344681,GUIDED
68.994891,POS,37.4274999,-122.1688871,35.779998779296875,71.86147381257021,GUIDED
69.09485099999999,POS,37.4274999,-122.168878,35.779998779296875,72.66592626190955,GUIDED
69.194811,POS,37.4274999,-122.1688689,35.779998779296875,73.47037871145777,GUIDED
69.294771,POS,37.4274999,-122.1688599,35.779998779296875,74.2659910249211,GUIDED
69.394731,POS,37.4274999,-122.168851,35.779998779296875,75.05276320103056,GUIDED
69.494691,POS,37.4274999,-122.1688423,35.779998779296875,75.82185510473937,GUIDED
69.594651,POS,37.4274999,-122.1688341,35.779998779296875,76.54674632338346,GUIDED
69.694611,POS,37.4274999,-122.1688262,35.779998779296875,77.245117132033,GUIDED
69.794571,POS,37.4274999,-122.1688189,35.779998779296875,77.89044711926879,GUIDED
69.894531,POS,37.4274999,-122.168812,35.779998779296875,78.50041656016798,GUIDED
69.994491,POS,37.4274999,-122.1688055,35.779998779296875,79.07502545345523,GUIDED
70.09445099999999,POS,37.4274999,-122.1687995,35.77000045776367,79.6054336628135,GUIDED
70.194411,POS,37.4274999,-122.1687939,35.77000045776367,80.10048132578102,GUIDED
70.294371,POS,37.4274999,-122.1687888,35.77000045776367,80.55132830352962,GUIDED
70.394331,POS,37.4274999,-122.1687841,35.779998779296875,80.96681473485931,GUIDED
70.494291,POS,37.4274999,-122.1687798,35.779998779296875,81.3469406185029,GUIDED
70.594251,POS,37.4274999,-122.168776,35.779998779296875,81.68286581814638,GUIDED
70.694211,POS,37.4274999,-122.1687726,35.779998779296875,81.983430470084,GUIDED
70.79417099999999,POS,37.4274998,-122.1687697,35.779998779296875,82.23979675315326,GUIDED
70.894964,POS,37.4274998,-122.1687672,35.779998779296875,82.46080016744169,GUIDED
70.994924,POS,37.4274998,-122.1687652,35.779998779296875,82.63760290015979,GUIDED
71.094884,POS,37.4274997,-122.1687636,35.790000915527344,82.77904888263365,GUIDED
71.194844,POS,37.4274997,-122.1687624,35.790000915527344,82.88513051706924,GUIDED
71.294804,POS,37.4274996,-122.1687614,35.790000915527344,82.97353716279918,GUIDED
71.394764,POS,37.4274996,-122.1687607,35.790000915527344,83.03541811123505,GUIDED
71.494724,POS,37.4274996,-122.1687601,35.790000915527344,83.08845892580584,GUIDED
71.594684,POS,37.4274996,-122.1687596,35.790000915527344,83.13265960399411,GUIDED
71.694644,POS,37.4274996,-122.1687593,35.790000915527344,83.15918001065909,GUIDED
71.79460399999999,POS,37.4274996,-122.168759,35.790000915527344,83.18570041858273,GUIDED
71.894564,POS,37.4274996,-122.1687588,35.790000915527344,83.20338068885816,GUIDED
71.994524,POS,37.4274996,-122.1687586,35.790000915527344,83.2210609603909,GUIDED
72.094484,POS,37.4274996,-122.1687586,35.790000915527344,83.2210609603909,GUIDED
72.194444,POS,37.4274996,-122.1687585,35.790000915527344,83.22990109678584,GUIDED
72.294404,POS,37.4274996,-122.1687585,35.790000915527344,83.22990109678584,GUIDED
72.394364,POS,37.4274996,-122.1687585,35.790000915527344,83.22990109678584,GUIDED
72.49432399999999,POS,37.4274996,-122.1687586,35.790000915527344,83.2210609603909,GUIDED
72.594284,POS,37.4274996,-122.1687586,35.790000915527344,83.2210609603909,GUIDED
72.694244,POS,37.4274996,-122.1687587,35.790000915527344,83.21222082525253,GUIDED
72.794204,POS,37.4274996,-122.1687589,35.790000915527344,83.19454055372033,GUIDED
72.894997,POS,37.4274997,-122.168759,35.779998779296875,83.18569514913642,GUIDED
72.994957,POS,37.4274997,-122.1687592,35.779998779296875,83.16801487650923,GUIDED
73.094917,POS,37.4274997,-122.1687594,35.779998779296875,83.15033460388264,GUIDED
73.19487699999999,POS,37.4274998,-122.1687596,35.779998779296875,83.1326505491521,GUIDED
73.294837,POS,37.4274998,-122.1687599,35.779998779296875,83.1061301396709,GUIDED
73.394797,POS,37.4274998,-122.1687601,35.779998779296875,83.08844986626501,GUIDED
73.49475699999999,POS,37.4274999,-122.1687604,35.779998779296875,83.0619271634569,GUIDED
73.594717,POS,37.4274999,-122.1687606,35.779998779296875,83.04424688958703,GUIDED
73.694677,POS,37.4274999,-122.1687609,35.779998779296875,83.01772647941053,GUIDED
73.794637,POS,37.4275,-122.1687611,35.779998779296875,83.00004540360054,GUIDED
73.894597,POS,37.4275,-122.1687614,35.779998779296875,82.9735249932034,GUIDED
73.994557,POS,37.4275,-122.1687617,35.779998779296875,82.94700458154999,GUIDED
74.094517,POS,37.4275001,-122.1687619,35.779998779296875,82.92932499929138,GUIDED
74.19447699999999,POS,37.4275001,-122.1687622,35.779998779296875,82.90280458915096,GUIDED
74.294437,POS,37.4275002,-122.1687624,35.779998779296875,82.88512650257617,GUIDED
74.394397,POS,37.4275002,-122.1687627,35.779998779296875,82.85860609317152,GUIDED
74.494357,POS,37.4275002,-122.1687629,35.779998779296875,82.84092581981665,GUIDED
74.594317,POS,37.4275002,-122.1687632,35.779998779296875,82.81440541041302,GUIDED
74.694277,POS,37.4275002,-122.1687634,35.779998779296875,82.79672513705884,GUIDED
74.794237,POS,37.4275002,-122.1687636,35.779998779296875,82.77904486370493,GUIDED
74.89419699999999,POS,37.4275003,-122.1687638,35.779998779296875,82.76136827963524,GUIDED
74.99499,POS,37.4275003,-122.168764,35.779998779296875,82.74368800709357,GUIDED
75.09495,POS,37.4275003,-122.1687642,35.779998779296875,82.72600773455245,GUIDED
75.19491,POS,37.4275003,-122.1687644,35.779998779296875,82.70832746201198,GUIDED
75.29487,POS,37.4275004,-122.1687645,35.779998779296875,82.69949251568077,GUIDED
75.39483,POS,37.4275004,-122.1687647,35.779998779296875,82.6818122442745,GUIDED
75.49479,POS,37.4275004,-122.1687648,35.779998779296875,82.67297210794364,GUIDED
75.59475,POS,37.4275004,-122.168765,35.779998779296875,82.65529183779526,GUIDED
75.69471,POS,37.4275004,-122.1687651,35.779998779296875,82.64645170146524,GUIDED
75.79467,POS,37.4275004,-122.1687652,35.779998779296875,82.63761156639175,GUIDED
75.89462999999999,POS,37.4275004,-122.1687653,35.779998779296875,82.62877143006226,GUIDED
75.99459,POS,37.4275004,-122.1687654,35.779998779296875,82.61993129498933,GUIDED
76.09455,POS,37.4275004,-122.1687655,35.779998779296875,82.61109115866037,GUIDED
76.19451,POS,37.4275004,-122.1687656,35.779998779296875,82.60225102358797,GUIDED
76.29447,POS,37.4275005,-122.1687657,35.779998779296875,82.59341758499828,GUIDED
76.39443,POS,37.4275005,-122.1687657,35.779998779296875,82.59341758499828,GUIDED
76.49439,POS,37.4275005,-122.1687658,35.779998779296875,82.58457744939881,GUIDED
76.59434999999999,POS,37.4275005,-122.1687659,35.779998779296875,82.57573731505603,GUIDED
76.69431,POS,37.4275005,-122.1687659,35.779998779296875,82.57573731505603,GUIDED
76.79427,POS,37.4275005,-122.168766,35.779998779296875,82.56689717945738,GUIDED
76.89423,POS,37.4275005,-122.168766,35.779998779296875,82.56689717945738,GUIDED
76.99419,POS,37.4275005,-122.1687661,35.779998779296875,82.55805704511545,GUIDED
77.094983,POS,37.4275005,-122.1687661,35.779998779296875,82.55805704511545,GUIDED
77.194943,POS,37.4275005,-122.1687661,35.779998779296875,82.55805704511545,GUIDED
77.294903,POS,37.4275005,-122.1687662,35.779998779296875,82.54921691077392,GUIDED
77.394863,POS,37.4275005,-122.1687662,35.779998779296875,82.54921691077392,GUIDED
77.494823,POS,37.4275004,-122.1687662,35.779998779296875,82.54921021064685,GUIDED
77.59478299999999,POS,37.4275004,-122.1687662,35.779998779296875,82.54921021064685,GUIDED
77.694743,POS,37.4275004,-122.1687662,35.779998779296875,82.54921021064685,GUIDED
77.794703,POS,37.4275004,-122.1687663,35.779998779296875,82.54037007432012,GUIDED
77.894663,POS,37.4275004,-122.1687663,35.779998779296875,82.54037007432012,GUIDED
77.994623,POS,37.4275004,-122.1687663,35.779998779296875,82.54037007432012,GUIDED
78.094583,POS,37.4275004,-122.1687663,35.779998779296875,82.54037007432012,GUIDED
78.194543,POS,37.4275004,-122.1687663,35.779998779296875,82.54037007432012,GUIDED
78.29450299999999,POS,37.4275003,-122.1687664,35.779998779296875,82.5315247391538,GUIDED
78.394463,POS,37.4275003,-122.1687664,35.779998779296875,82.5315247391538,GUIDED
78.494423,POS,37.4275003,-122.1687664,35.779998779296875,82.5315247391538,GUIDED
78.594383,POS,37.4275003,-122.1687664,35.779998779296875,82.5315247391538,GUIDED
78.694343,POS,37.4275003,-122.1687664,35.779998779296875,82.5315247391538,GUIDED
78.794303,POS,37.4275003,-122.1687664,35.779998779296875,82.5315247391538,GUIDED
78.894263,POS,37.4275003,-122.1687664,35.779998779296875,82.5315247391538,GUIDED
78.994223,POS,37.4275003,-122.1687664,35.779998779296875,82.5315247391538,GUIDED
79.094183,POS,37.4275002,-122.1687665,35.779998779296875,82.52268090324473,GUIDED
79.194976,POS,37.4275002,-122.1687665,35.779998779296875,82.52268090324473,GUIDED
79.29493599999999,POS,37.4275002,-122.1687665,35.779998779296875,82.52268090324473,GUIDED
79.394896,POS,37.4275002,-122.1687665,35.779998779296875,82.52268090324473,GUIDED
79.494856,POS,37.4275002,-122.1687665,35.779998779296875,82.52268090324473,GUIDED
79.594816,POS,37.4275002,-122.1687665,35.779998779296875,82.52268090324473,GUIDED
79.694776,POS,37.4275002,-122.1687665,35.779998779296875,82.52268090324473,GUIDED
79.794736,POS,37.4275002,-122.1687665,35.779998779296875,82.52268090324473,GUIDED
79.894696,POS,37.4275002,-122.1687665,35.779998779296875,82.52268090324473,GUIDED
79.99465599999999,POS,37.4275002,-122.1687666,35.779998779296875,82.513840767198,GUIDED
80.094616,POS,37.4275002,-122.1687666,35.779998779296875,82.513840767198,GUIDED
80.194576,POS,37.4275002,-122.1687666,35.779998779296875,82.513840767198,GUIDED
80.294536,POS,37.4275002,-122.1687666,35.779998779296875,82.513840767198,GUIDED
80.394496,POS,37.4275002,-122.1687666,35.779998779296875,82.513840767198,GUIDED
80.494456,POS,37.4275002,-122.1687666,35.779998779296875,82.513840767198,GUIDED
80.594416,POS,37.4275002,-122.1687666,35.779998779296875,82.513840767198,GUIDED
80.69437599999999,POS,37.4275002,-122.1687666,35.779998779296875,82.513840767198,GUIDED
80.794336,POS,37.4275002,-122.1687666,35.779998779296875,82.513840767198,GUIDED
80.894296,POS,37.4275002,-122.1687666,35.779998779296875,82.513840767198,GUIDED
80.994256,POS,37.4275002,-122.1687666,35.779998779296875,82.513840767198,GUIDED
81.094216,POS,37.4275002,-122.1687667,35.779998779296875,82.5050006298951,GUIDED
81.194176,POS,37.4275002,-122.1687667,35.779998779296875,82.5050006298951,GUIDED
81.294969,POS,37.4275002,-122.1687667,35.779998779296875,82.5050006298951,GUIDED
81.394929,POS,37.4275002,-122.1687667,35.779998779296875,82.5050006298951,GUIDED
81.494889,POS,37.4275002,-122.1687667,35.779998779296875,82.5050006298951,GUIDED
81.594849,POS,37.4275002,-122.1687667,35.779998779296875,82.5050006298951,GUIDED
81.69480899999999,POS,37.4275002,-122.1687667,35.779998779296875,82.5050006298951,GUIDED
81.794769,POS,37.4275002,-122.1687667,35.779998779296875,82.5050006298951,GUIDED
81.894729,POS,37.4275002,-122.1687667,35.779998779296875,82.5050006298951,GUIDED
81.994689,POS,37.4275002,-122.1687667,35.779998779296875,82.5050006298951,GUIDED
82.094649,POS,37.4275002,-122.1687667,35.779998779296875,82.5050006298951,GUIDED
82.194609,POS,37.4275002,-122.1687667,35.779998779296875,82.5050006298951,GUIDED
82.294569,POS,37.4275002,-122.1687667,35.779998779296875,82.5050006298951,GUIDED
82.39452899999999,POS,37.4275002,-122.1687667,35.779998779296875,82.5050006298951,GUIDED
82.494489,POS,37.4275002,-122.1687667,35.779998779296875,82.5050006298951,GUIDED
82.594449,POS,37.4275002,-122.1687667,35.779998779296875,82.5050006298951,GUIDED
82.694409,POS,37.4275002,-122.1687667,35.779998779296875,82.5050006298951,GUIDED
82.794369,POS,37.4275002,-122.1687667,35.779998779296875,82.5050006298951,GUIDED
82.894329,POS,37.4275002,-122.1687667,35.779998779296875,82.5050006298951,GUIDED
82.994289,POS,37.4275002,-122.1687667,35.779998779296875,82.5050006298951,GUIDED
83.094249,POS,37.4275002,-122.1687668,35.779998779296875,82.49616049384849,GUIDED
83.194209,POS,37.4275002,-122.1687668,35.779998779296875,82.49616049384849,GUIDED
83.294169,POS,37.4275002,-122.1687668,35.779998779296875,82.49616049384849,GUIDED
83.39496199999999,POS,37.4275002,-122.1687668,35.779998779296875,82.49616049384849,GUIDED
83.494922,POS,37.4275002,-122.1687668,35.779998779296875,82.49616049384849,GUIDED
83.594882,POS,37.4275002,-122.1687668,35.779998779296875,82.49616049384849,GUIDED
83.694842,POS,37.4275002,-122.1687668,35.779998779296875,82.49616049384849,GUIDED
83.794802,POS,37.4275002,-122.1687668,35.779998779296875,82.49616049384849,GUIDED
83.894762,POS,37.4275002,-122.1687668,35.779998779296875,82.49616049384849,GUIDED
83.994722,POS,37.4275002,-122.1687668,35.779998779296875,82.49616049384849,GUIDED
84.09468199999999,POS,37.4275002,-122.1687668,35.779998779296875,82.49616049384849,GUIDED
84.194642,POS,37.4275002,-122.1687668,35.779998779296875,82.49616049384849,GUIDED
84.294602,POS,37.4275002,-122.1687668,35.779998779296875,82.49616049384849,GUIDED
84.394562,POS,37.4275002,-122.1687668,35.779998779296875,82.49616049384849,GUIDED
84.494522,POS,37.4275002,-122.1687668,35.779998779296875,82.49616049384849,GUIDED
84.594482,POS,37.4275002,-122.1687668,35.779998779296875,82.49616049384849,GUIDED
84.694442,POS,37.4275002,-122.1687668,35.779998779296875,82.49616049384849,GUIDED
84.794402,POS,37.4275002,-122.1687668,35.779998779296875,82.49616049384849,GUIDED
84.894362,POS,37.4275002,-122.1687668,35.779998779296875,82.49616049384849,GUIDED
84.994322,POS,37.4275002,-122.1687668,35.779998779296875,82.49616049384849,GUIDED
85.09428199999999,POS,37.4275002,-122.1687668,35.779998779296875,82.49616049384849,GUIDED
85.194242,POS,37.4275002,-122.1687668,35.779998779296875,82.49616049384849,GUIDED
85.294202,POS,37.4275001,-122.1687668,35.779998779296875,82.49615829574398,GUIDED
85.394995,POS,37.4275001,-122.1687668,35.779998779296875,82.49615829574398,GUIDED
85.494955,POS,37.4275001,-122.1687668,35.779998779296875,82.49615829574398,GUIDED
85.594915,POS,37.4275001,-122.1687668,35.779998779296875,82.49615829574398,GUIDED
85.694875,POS,37.4275001,-122.1687668,35.779998779296875,82.49615829574398,GUIDED
85.79483499999999,POS,37.4275001,-122.1687668,35.779998779296875,82.49615829574398,GUIDED
85.894795,POS,37.4275001,-122.1687668,35.779998779296875,82.49615829574398,GUIDED
85.994755,POS,37.4275001,-122.1687668,35.779998779296875,82.49615829574398,GUIDED
86.094715,POS,37.4275001,-122.1687668,35.779998779296875,82.49615829574398,GUIDED
86.194675,POS,37.4275001,-122.1687668,35.779998779296875,82.49615829574398,GUIDED
86.294635,POS,37.4275001,-122.1687668,35.779998779296875,82.49615829574398,GUIDED
86.394595,POS,37.4275001,-122.1687668,35.779998779296875,82.49615829574398,GUIDED
86.49455499999999,POS,37.4275001,-122.1687668,35.779998779296875,82.49615829574398,GUIDED
86.594515,POS,37.4275001,-122.1687668,35.779998779296875,82.49615829574398,GUIDED
86.694475,POS,37.4275001,-122.1687668,35.779998779296875,82.49615829574398,GUIDED
86.794435,POS,37.4275001,-122.1687668,35.779998779296875,82.49615829574398,GUIDED
86.894395,POS,37.4275001,-122.1687669,35.790000915527344,82.48731815945008,GUIDED
86.994355,POS,37.4275001,-122.1687668,35.790000915527344,82.49615829574398,GUIDED
87.094315,POS,37.4275001,-122.1687669,35.790000915527344,82.48731815945008,GUIDED
87.194275,POS,37.4275001,-122.1687669,35.790000915527344,82.48731815945008,GUIDED
87.294235,POS,37.4275001,-122.1687669,35.790000915527344,82.48731815945008,GUIDED
87.394195,POS,37.4275001,-122.1687669,35.790000915527344,82.48731815945008,GUIDED
87.49498799999999,POS,37.4275001,-122.1687669,35.790000915527344,82.48731815945008,GUIDED
87.594948,POS,37.4275002,-122.1687669,35.790000915527344,82.48732035780198,GUIDED
87.694908,POS,37.4275001,-122.1687669,35.790000915527344,82.48731815945008,GUIDED
87.794868,POS,37.4275002,-122.1687668,35.790000915527344,82.49616049384849,GUIDED
87.894828,POS,37.4275002,-122.1687669,35.779998779296875,82.48732035780198,GUIDED
87.994788,POS,37.4275002,-122.1687668,35.779998779296875,82.49616049384849,GUIDED
88.094748,POS,37.4275002,-122.1687669,35.779998779296875,82.48732035780198,GUIDED
88.19470799999999,POS,37.4275002,-122.1687668,35.779998779296875,82.49616049384849,GUIDED
88.294668,POS,37.4275002,-122.1687668,35.779998779296875,82.49616049384849,GUIDED
88.394628,POS,37.4275002,-122.1687668,35.779998779296875,82.49616049384849,GUIDED
88.494588,POS,37.4275001,-122.1687668,35.779998779296875,82.49615829574398,GUIDED
88.594548,POS,37.4275002,-122.1687668,35.779998779296875,82.49616049384849,GUIDED
88.694508,POS,37.4275001,-122.1687668,35.779998779296875,82.49615829574398,GUIDED
88.794468,POS,37.4275002,-122.1687668,35.779998779296875,82.49616049384849,GUIDED
88.894428,POS,37.4275001,-122.1687668,35.779998779296875,82.49615829574398,GUIDED
88.994388,POS,37.4275002,-122.1687668,35.779998779296875,82.49616049384849,GUIDED
89.094348,POS,37.4275001,-122.1687668,35.779998779296875,82.49615829574398,GUIDED
89.19430799999999,POS,37.4275001,-122.1687668,35.779998779296875,82.49615829574398,GUIDED
89.294268,POS,37.4275001,-122.1687668,35.779998779296875,82.49615829574398,GUIDED
89.394228,POS,37.4275002,-122.1687668,35.779998779296875,82.49616049384849,GUIDED
89.494188,POS,37.4275002,-122.1687668,35.779998779296875,82.49616049384849,GUIDED
89.594981,POS,37.4275002,-122.1687668,35.779998779296875,82.49616049384849,GUIDED
89.694941,POS,37.4275002,-122.1687668,35.779998779296875,82.49616049384849,GUIDED
89.794901,POS,37.4275002,-122.1687668,35.779998779296875,82.49616049384849,GUIDED
89.89486099999999,POS,37.4275002,-122.1687668,35.779998779296875,82.49616049384849,GUIDED
89.994821,POS,37.4275002,-122.1687668,35.779998779296875,82.49616049384849,GUIDED
90.094781,POS,37.4275002,-122.1687668,35.779998779296875,82.49616049384849,GUIDED
90.194741,POS,37.4275002,-122.1687668,35.779998779296875,82.49616049384849,GUIDED
90.294701,POS,37.4275002,-122.1687668,35.779998779296875,82.49616049384849,GUIDED
90.394661,POS,37.4275002,-122.1687668,35.779998779296875,82.49616049384849,GUIDED
90.494621,POS,37.4275002,-122.1687668,35.779998779296875,82.49616049384849,GUIDED
90.594581,POS,37.4275002,-122.1687668,35.779998779296875,82.49616049384849,GUIDED
90.694541,POS,37.4275002,-122.1687668,35.779998779296875,82.49616049384849,GUIDED
90.794501,POS,37.4275002,-122.1687668,35.779998779296875,82.49616049384849,GUIDED
90.89446099999999,POS,37.4275002,-122.1687668,35.779998779296875,82.49616049384849,GUIDED
90.994421,POS,37.4275002,-122.1687668,35.779998779296875,82.49616049384849,GUIDED
91.094381,POS,37.4275002,-122.1687668,35.779998779296875,82.49616049384849,GUIDED
91.194341,POS,37.4275002,-122.1687668,35.790000915527344,82.49616049384849,GUIDED
91.294301,POS,37.4275002,-122.1687668,35.790000915527344,82.49616049384849,GUIDED
91.394261,POS,37.4275002,-122.1687668,35.790000915527344,82.49616049384849,GUIDED
91.494221,POS,37.4275002,-122.1687668,35.790000915527344,82.49616049384849,GUIDED
91.59418099999999,POS,37.4275002,-122.1687668,35.790000915527344,82.49616049384849,GUIDED
91.694974,POS,37.4275002,-122.1687668,35.790000915527344,82.49616049384849,GUIDED
91.794934,POS,37.4275002,-122.1687668,35.790000915527344,82.49616049384849,GUIDED
91.894894,POS,37.4275002,-122.1687668,35.790000915527344,82.49616049384849,GUIDED
91.994854,POS,37.4275002,-122.1687668,35.790000915527344,82.49616049384849,GUIDED
92.094814,POS,37.4275002,-122.1687668,35.790000915527344,82.49616049384849,GUIDED
92.194774,POS,37.4275002,-122.1687668,35.790000915527344,82.49616049384849,GUIDED
92.29473399999999,POS,37.4275002,-122.1687668,35.790000915527344,82.49616049384849,GUIDED
92.394694,POS,37.4275002,-122.1687668,35.790000915527344,82.49616049384849,GUIDED
92.494654,POS,37.4275002,-122.1687668,35.790000915527344,82.49616049384849,GUIDED
92.59461399999999,POS,37.4275002,-122.1687668,35.790000915527344,82.49616049384849,GUIDED
92.694574,POS,37.4275002,-122.1687668,35.790000915527344,82.49616049384849,GUIDED
92.794534,POS,37.4275002,-122.1687668,35.790000915527344,82.49616049384849,GUIDED
92.894494,POS,37.4275002,-122.1687668,35.790000915527344,82.49616049384849,GUIDED
92.994454,POS,37.4275002,-122.1687668,35.790000915527344,82.49616049384849,GUIDED
93.094414,POS,37.4275002,-122.1687668,35.779998779296875,82.49616049384849,GUIDED
93.194374,POS,37.4275002,-122.1687668,35.779998779296875,82.49616049384849,GUIDED
93.29433399999999,POS,37.4275002,-122.1687668,35.779998779296875,82.49616049384849,GUIDED
93.394294,POS,37.4275002,-122.1687668,35.779998779296875,82.49616049384849,GUIDED
93.494254,POS,37.4275002,-122.1687668,35.779998779296875,82.49616049384849,GUIDED
93.594214,POS,37.4275002,-122.1687668,35.779998779296875,82.49616049384849,GUIDED
93.694174,POS,37.4275002,-122.1687668,35.779998779296875,82.49616049384849,GUIDED
93.794967,POS,37.4275002,-122.1687668,35.779998779296875,82.49616049384849,GUIDED
93.894927,POS,37.4275002,-122.1687668,35.779998779296875,82.49616049384849,GUIDED
93.99488699999999,POS,37.4275002,-122.1687668,35.779998779296875,82.49616049384849,GUIDED
94.094847,POS,37.4275002,-122.1687668,35.779998779296875,82.49616049384849,GUIDED
94.194807,POS,37.4275002,-122.1687668,35.779998779296875,82.49616049384849,GUIDED
94.294767,POS,37.4275002,-122.1687668,35.779998779296875,82.49616049384849,GUIDED
94.394727,POS,37.4275002,-122.1687668,35.779998779296875,82.49616049384849,GUIDED
94.494687,POS,37.4275002,-122.1687668,35.779998779296875,82.49616049384849,GUIDED
94.594647,POS,37.4275002,-122.1687668,35.779998779296875,82.49616049384849,GUIDED
94.694607,POS,37.4275002,-122.1687668,35.779998779296875,82.49616049384849,GUIDED
94.794567,POS,37.4275002,-122.1687668,35.779998779296875,82.49616049384849,GUIDED
94.894527,POS,37.4275002,-122.1687668,35.779998779296875,82.49616049384849,GUIDED
94.99448699999999,POS,37.4275002,-122.1687668,35.779998779296875,82.49616049384849,GUIDED
95.094447,POS,37.4275002,-122.1687668,35.779998779296875,82.49616049384849,GUIDED
95.194407,POS,37.4275002,-122.1687668,35.779998779296875,82.49616049384849,GUIDED
95.294367,POS,37.4275002,-122.1687668,35.779998779296875,82.49616049384849,GUIDED
95.394327,POS,37.4275001,-122.1687668,35.779998779296875,82.49615829574398,GUIDED
95.494287,POS,37.4275001,-122.1687668,35.779998779296875,82.49615829574398,GUIDED
95.594247,POS,37.4275001,-122.1687668,35.790000915527344,82.49615829574398,GUIDED
95.69420699999999,POS,37.4275001,-122.1687668,35.790000915527344,82.49615829574398,GUIDED
95.795,POS,37.4275001,-122.1687668,35.790000915527344,82.49615829574398,GUIDED
95.89496,POS,37.4275001,-122.1687668,35.790000915527344,82.49615829574398,GUIDED
95.99492,POS,37.4275001,-122.1687668,35.790000915527344,82.49615829574398,GUIDED
96.09488,POS,37.4275001,-122.1687668,35.790000915527344,82.49615829574398,GUIDED
96.19484,POS,37.4275001,-122.1687668,35.790000915527344,82.49615829574398,GUIDED
96.2948,POS,37.4275001,-122.1687668,35.790000915527344,82.49615829574398,GUIDED
96.39476,POS,37.4275001,-122.1687668,35.790000915527344,82.49615829574398,GUIDED
96.49472,POS,37.4275001,-122.1687668,35.790000915527344,82.49615829574398,GUIDED
96.59468,POS,37.4275001,-122.1687668,35.790000915527344,82.49615829574398,GUIDED
96.69463999999999,POS,37.4275001,-122.1687668,35.790000915527344,82.49615829574398,GUIDED
96.7946,POS,37.4275001,-122.1687668,35.790000915527344,82.49615829574398,GUIDED
96.89456,POS,37.4275001,-122.1687668,35.790000915527344,82.49615829574398,GUIDED
96.99452,POS,37.4275001,-122.1687668,35.790000915527344,82.49615829574398,GUIDED
97.09448,POS,37.4275001,-122.1687668,35.790000915527344,82.49615829574398,GUIDED
97.19444,POS,37.4275001,-122.1687668,35.790000915527344,82.49615829574398,GUIDED
97.2944,POS,37.4275001,-122.1687668,35.790000915527344,82.49615829574398,GUIDED
97.39435999999999,POS,37.4275001,-122.1687668,35.790000915527344,82.49615829574398,GUIDED
97.49432,POS,37.4275001,-122.1687668,35.790000915527344,82.49615829574398,GUIDED
97.59428,POS,37.4275001,-122.1687668,35.790000915527344,82.49615829574398,GUIDED
97.69424,POS,37.4275001,-122.1687668,35.790000915527344,82.49615829574398,GUIDED
97.7942,POS,37.4275001,-122.1687668,35.790000915527344,82.49615829574398,GUIDED
97.894993,POS,37.4275001,-122.1687668,35.790000915527344,82.49615829574398,GUIDED
97.994953,POS,37.4275001,-122.1687668,35.790000915527344,82.49615829574398,GUIDED
98.09491299999999,POS,37.4275001,-122.1687668,35.779998779296875,82.49615829574398,GUIDED
98.194873,POS,37.4275001,-122.1687668,35.779998779296875,82.49615829574398,GUIDED
98.294833,POS,37.4275001,-122.1687668,35.779998779296875,82.49615829574398,GUIDED
98.39479299999999,POS,37.4275001,-122.1687668,35.779998779296875,82.49615829574398,GUIDED
98.494753,POS,37.4275001,-122.1687668,35.779998779296875,82.49615829574398,GUIDED
98.594713,POS,37.4275001,-122.1687668,35.779998779296875,82.49615829574398,GUIDED
98.694673,POS,37.4275001,-122.1687668,35.779998779296875,82.49615829574398,GUIDED
98.794633,POS,37.4275001,-122.1687668,35.779998779296875,82.49615829574398,GUIDED
98.894593,POS,37.4275001,-122.1687668,35.779998779296875,82.49615829574398,GUIDED
98.994553,POS,37.4275001,-122.1687668,35.779998779296875,82.49615829574398,GUIDED
99.09451299999999,POS,37.4275001,-122.1687668,35.779998779296875,82.49615829574398,GUIDED
99.194473,POS,37.4275001,-122.1687668,35.779998779296875,82.49615829574398,GUIDED
99.294433,POS,37.4275001,-122.1687668,35.779998779296875,82.49615829574398,GUIDED
99.394393,POS,37.4275001,-122.1687668,35.779998779296875,82.49615829574398,GUIDED
99.494353,POS,37.4275001,-122.1687668,35.779998779296875,82.49615829574398,GUIDED
99.594313,POS,37.4275001,-122.1687668,35.779998779296875,82.49615829574398,GUIDED
99.694273,POS,37.4275001,-122.1687668,35.790000915527344,82.49615829574398,GUIDED
99.79423299999999,POS,37.4275001,-122.1687668,35.790000915527344,82.49615829574398,GUIDED
99.894193,POS,37.4275001,-122.1687668,35.790000915527344,82.49615829574398,GUIDED
99.994986,POS,37.4275001,-122.1687668,35.790000915527344,82.49615829574398,GUIDED
100.094946,POS,37.4275001,-122.1687669,35.790000915527344,82.48731815945008,GUIDED
100.194906,POS,37.4275001,-122.1687669,35.790000915527344,82.48731815945008,GUIDED
100.294866,POS,37.4275001,-122.1687669,35.790000915527344,82.48731815945008,GUIDED
100.394826,POS,37.4275001,-122.1687669,35.790000915527344,82.48731815945008,GUIDED
100.494786,POS,37.4275001,-122.1687669,35.790000915527344,82.48731815945008,GUIDED
100.594746,POS,37.4275001,-122.1687669,35.790000915527344,82.48731815945008,GUIDED
100.694706,POS,37.4275001,-122.1687669,35.790000915527344,82.48731815945008,GUIDED
100.79466599999999,POS,37.4275001,-122.1687669,35.790000915527344,82.48731815945008,GUIDED
100.894626,POS,37.4275001,-122.1687669,35.790000915527344,82.48731815945008,GUIDED
100.994586,POS,37.4275001,-122.1687669,35.790000915527344,82.48731815945008,GUIDED
101.094546,POS,37.4275001,-122.1687669,35.790000915527344,82.48731815945008,GUIDED
101.194506,POS,37.4275001,-122.1687669,35.790000915527344,82.48731815945008,GUIDED
101.294466,POS,37.4275001,-122.1687669,35.790000915527344,82.48731815945008,GUIDED
101.394426,POS,37.4275001,-122.1687669,35.790000915527344,82.48731815945008,GUIDED
101.49438599999999,POS,37.4275001,-122.1687669,35.790000915527344,82.48731815945008,GUIDED
101.594346,POS,37.4275001,-122.1687669,35.790000915527344,82.48731815945008,GUIDED
101.694306,POS,37.4275001,-122.1687669,35.790000915527344,82.48731815945008,GUIDED
101.794266,POS,37.4275001,-122.1687669,35.790000915527344,82.48731815945008,GUIDED
101.894226,POS,37.4275001,-122.1687669,35.790000915527344,82.48731815945008,GUIDED
101.994186,POS,37.4275001,-122.1687668,35.790000915527344,82.49615829574398,GUIDED
102.094979,POS,37.4275001,-122.1687669,35.790000915527344,82.48731815945008,GUIDED
102.194939,POS,37.4275001,-122.1687668,35.790000915527344,82.49615829574398,GUIDED
102.294899,POS,37.4275001,-122.1687668,35.790000915527344,82.49615829574398,GUIDED
102.394859,POS,37.4275001,-122.1687668,35.790000915527344,82.49615829574398,GUIDED
102.49481899999999,POS,37.4275001,-122.1687668,35.779998779296875,82.49615829574398,GUIDED
102.594779,POS,37.4275001,-122.1687668,35.779998779296875,82.49615829574398,RTL
102.694739,POS,37.4275001,-122.1687668,35.779998779296875,82.49615829574398,RTL
102.794699,POS,37.4275001,-122.1687668,35.779998779296875,82.49615829574398,RTL
102.894659,POS,37.4275001,-122.1687668,35.790000915527344,82.49615829574398,RTL
102.994619,POS,37.4275001,-122.1687669,35.79999923706055,82.48731815945008,RTL
103.094579,POS,37.4275001,-122.1687669,35.80999755859375,82.48731815945008,RTL
103.19453899999999,POS,37.4275001,-122.1687669,35.84000015258789,82.48731815945008,RTL
103.294499,POS,37.4275001,-122.1687669,35.869998931884766,82.48731815945008,RTL
103.394459,POS,37.4275001,-122.1687669,35.89999771118164,82.48731815945008,RTL
103.494419,POS,37.4275001,-122.1687669,35.939998626708984,82.48731815945008,RTL
103.594379,POS,37.4275001,-122.1687669,35.97999954223633,82.48731815945008,RTL
103.694339,POS,37.4275001,-122.1687669,36.02000045776367,82.48731815945008,RTL
103.794299,POS,37.4275001,-122.168767,36.05999755859375,82.47847802189992,RTL
103.89425899999999,POS,37.4275001,-122.1687671,36.09000015258789,82.46963788560606,RTL
103.994219,POS,37.4275001,-122.1687673,36.11000061035156,82.45195761176213,RTL
104.094179,POS,37.4275001,-122.1687678,36.119998931884766,82.40775692778068,RTL
104.19497199999999,POS,37.4275001,-122.1687686,36.119998931884766,82.33703583240629,RTL
104.294932,POS,37.4275001,-122.1687698,36.11000061035156,82.23095419060303,RTL
104.394892,POS,37.4275001,-122.1687715,36.11000061035156,82.08067186482405,RTL
104.494852,POS,37.4275001,-122.1687736,36.11000061035156,81.89502899262285,RTL
104.594812,POS,37.4275001,-122.1687761,36.099998474121094,81.67402557149134,RTL
104.694772,POS,37.4275001,-122.1687789,36.099998474121094,81.42650174023923,RTL
104.794732,POS,37.4275001,-122.1687821,36.09000015258789,81.14361736257992,RTL
104.89469199999999,POS,37.4275001,-122.1687857,36.09000015258789,80.82537243726426,RTL
104.994652,POS,37.4275001,-122.1687896,36.07999801635742,80.4806071018465,RTL
105.094612,POS,37.4275,-122.1687939,36.07999801635742,80.10048049875434,RTL
105.194572,POS,37.4275,-122.1687986,36.07999801635742,79.6849940637548,RTL
105.294532,POS,37.4275,-122.1688035,36.06999969482422,79.25182735599462,RTL
105.394492,POS,37.4274999,-122.1688088,36.06999969482422,78.78330093928028,RTL
105.494452,POS,37.4274999,-122.1688144,36.06999969482422,78.28825327647529,RTL
105.59441199999999,POS,37.4274999,-122.1688202,36.06999969482422,77.77552534114211,RTL
105.694372,POS,37.4274999,-122.1688264,36.06999969482422,77.22743685818794,RTL
105.794332,POS,37.4274998,-122.1688326,36.06999969482422,76.67935085065253,RTL
105.894292,POS,37.4274998,-122.1688391,36.06999969482422,76.10474197564923,RTL
105.994252,POS,37.4274998,-122.1688458,36.06999969482422,75.51245282774495,RTL
106.094212,POS,37.4274998,-122.1688527,36.06999969482422,74.90248340698477,RTL
106.194172,POS,37.4274998,-122.1688597,36.06999969482422,74.28367385066828,RTL
106.294965,POS,37.4274997,-122.1688669,36.06999969482422,73.64718827732061,RTL
106.394925,POS,37.4274997,-122.1688743,36.06999969482422,72.99301821278124,RTL
106.494885,POS,37.4274997,-122.1688819,36.06999969482422,72.32116787730126,RTL
106.59484499999999,POS,37.4274997,-122.1688895,36.06999969482422,71.64931754315215,RTL
106.694805,POS,37.4274997,-122.1688972,36.06999969482422,70.96862707495234,RTL
106.794765,POS,37.4274997,-122.1689049,36.06999969482422,70.28793660819824,RTL
106.894725,POS,37.4274997,-122.1689126,36.06999969482422,69.6072461429323,RTL
106.994685,POS,37.4274997,-122.1689204,36.06999969482422,68.91771554258207,RTL
107.094645,POS,37.4274997,-122.1689282,36.06999969482422,68.22818494510808,RTL
107.194605,POS,37.4274997,-122.1689361,36.06999969482422,67.52981421273026,RTL
107.29456499999999,POS,37.4274997,-122.1689441,36.06999969482422,66.82260334556835,RTL
107.394525,POS,37.4274997,-122.168952,36.06999969482422,66.12423261680273,RTL
107.494485,POS,37.4274997,-122.1689601,36.06999969482422,65.40818161817009,RTL
107.594445,POS,37.4274997,-122.1689681,36.06999969482422,64.70097075805765,RTL
107.694405,POS,37.4274997,-122.1689762,36.05999755859375,63.984919763554394,RTL
107.794365,POS,37.4274997,-122.1689844,36.05999755859375,63.26002863606785,RTL
107.894325,POS,37.4274997,-122.1689926,36.05999755859375,62.53513751089644,RTL
107.994285,POS,37.4274998,-122.1690007,36.05999755859375,61.819081470533376,RTL
108.094245,POS,37.4274998,-122.1690089,36.05999755859375,61.094190291232756,RTL
108.194205,POS,37.4274998,-122.1690171,36.05999755859375,60.36929911181812,RTL
108.29499799999999,POS,37.4274998,-122.1690254,36.05999755859375,59.63556779906746,RTL
108.394958,POS,37.4274999,-122.1690337,36.05999755859375,58.901833291213784,RTL
108.494918,POS,37.4274999,-122.169042,36.05999755859375,58.168101940454356,RTL
108.594878,POS,37.4274999,-122.1690505,36.05999755859375,57.416690317593556,RTL
108.694838,POS,37.4274999,-122.1690591,36.05999755859375,56.6564385576304,RTL
108.794798,POS,37.4275,-122.1690676,36.05999755859375,55.90502578862411,RTL
108.894758,POS,37.4275,-122.1690762,36.05999755859375,55.14477401468801,RTL
108.99471799999999,POS,37.4275,-122.1690849,36.05999755859375,54.37568210437144,RTL
109.094678,POS,37.4275,-122.1690935,36.05999755859375,53.615430330435125,RTL
109.194638,POS,37.4275001,-122.1691022,36.05999755859375,52.84633955728266,RTL
109.294598,POS,37.4275001,-122.169111,36.05999755859375,52.06840752736589,RTL
109.394558,POS,37.4275001,-122.1691197,36.05999755859375,51.29931563540294,RTL
109.494518,POS,37.4275001,-122.1691285,36.05999755859375,50.52138360656679,RTL
109.594478,POS,37.4275001,-122.1691373,36.05999755859375,49.74345157831223,RTL
109.69443799999999,POS,37.4275001,-122.1691461,36.05999755859375,48.965519550667,RTL
109.794398,POS,37.4275002,-122.169155,36.05999755859375,48.17875121348639,RTL
109.894358,POS,37.4275002,-122.1691639,36.05999755859375,47.39197911560338,RTL
109.99431799999999,POS,37.4275002,-122.1691727,36.05999755859375,46.61404715596371,RTL
110.094278,POS,37.4275002,-122.1691816,36.05999755859375,45.82727506396091,RTL
110.194238,POS,37.4275002,-122.1691904,36.05999755859375,45.04934311043579,RTL
110.294198,POS,37.4275002,-122.1691993,36.05999755859375,44.26257102494216,RTL
110.394991,POS,37.4275002,-122.1692082,36.05999755859375,43.47579894298783,RTL
110.494951,POS,37.4275003,-122.1692171,36.05999755859375,42.68903409340854,RTL
110.594911,POS,37.4275003,-122.1692261,36.05999755859375,41.893422021112194,RTL
110.69487099999999,POS,37.4275003,-122.1692352,36.05999755859375,41.08896982497755,RTL
110.794831,POS,37.4275003,-122.1692443,36.05999755859375,40.28451763925104,RTL
110.894791,POS,37.4275003,-122.1692534,36.05999755859375,39.48006546456888,RTL
110.994751,POS,37.4275003,-122.1692625,36.05999755859375,38.675613301620274,RTL
111.094711,POS,37.4275003,-122.1692717,36.05999755859375,37.86232101822819,RTL
111.194671,POS,37.4275003,-122.1692808,36.05999755859375,37.05786888120562,RTL
111.294631,POS,37.4275003,-122.16929,36.05999755859375,36.24457662450461,RTL
111.39459099999999,POS,37.4275003,-122.1692992,36.05999755859375,35.43128438456105,RTL
111.494551,POS,37.4275003,-122.1693083,36.05999755859375,34.6268322934615,RTL
111.594511,POS,37.4275003,-122.1693175,36.05999755859375,33.813540086446636,RTL
111.694471,POS,37.4275003,-122.1693266,36.05999755859375,33.009088031617445,RTL
111.794431,POS,37.4275003,-122.1693358,36.05999755859375,32.19579586525896,RTL
111.894391,POS,37.4275003,-122.169345,36.05999755859375,31.382503719762763,RTL
111.994351,POS,37.4275003,-122.1693541,36.05999755859375,30.57805173049571,RTL
112.094311,POS,37.4275003,-122.1693631,36.05999755859375,29.78243989854956,RTL
112.194271,POS,37.4275003,-122.1693722,36.05999755859375,28.97798796159659,RTL
112.294231,POS,37.4275003,-122.1693813,36.05999755859375,28.173536054327098,RTL
112.39419099999999,POS,37.4275003,-122.1693903,36.05999755859375,27.37792430914231,RTL
112.494984,POS,37.4275003,-122.1693994,36.05999755859375,26.573472469004745,RTL
112.594944,POS,37.4275003,-122.1694085,36.05999755859375,25.769020667365176,RTL
112.694904,POS,37.4275003,-122.1694176,36.05999755859375,24.96456890794528,RTL
112.794864,POS,37.4275003,-122.1694268,36.04999923706055,24.151277067048103,RTL
112.894824,POS,37.4275003,-122.1694359,36.04999923706055,23.34682540589269,RTL
112.994784,POS,37.4275003,-122.169445,36.04999923706055,22.542373801520196,RTL
113.09474399999999,POS,37.4275003,-122.1694542,36.05999755859375,21.729082133052245,RTL
113.194704,POS,37.4275003,-122.1694633,36.05999755859375,20.92463066294456,RTL
113.294664,POS,37.4275003,-122.1694725,36.05999755859375,20.111339147552712,RTL
113.394624,POS,37.4275003,-122.1694816,36.04999923706055,19.306887846130387,RTL
113.494584,POS,37.4275003,-122.1694907,36.04999923706055,18.502436645170402,RTL
113.594544,POS,37.4275003,-122.1694999,36.04999923706055,17.689145436499675,RTL
113.694504,POS,37.4275003,-122.169509,36.04999923706055,16.884694481707665,RTL
113.794464,POS,37.4275003,-122.1695181,36.04999923706055,16.08024367719279,RTL
113.894424,POS,37.4275003,-122.1695272,36.04999923706055,15.275793046696643,RTL
113.994384,POS,37.4275003,-122.1695364,36.04999923706055,14.462502506431106,RTL
114.09434399999999,POS,37.4275003,-122.1695455,36.04999923706055,13.658052320722682,RTL
114.194304,POS,37.4275003,-122.1695546,36.04999923706055,12.853602419282643,RTL
114.294264,POS,37.4275003,-122.1695636,36.04999923706055,12.057992961480451,RTL
114.394224,POS,37.4275003,-122.1695727,36.04999923706055,11.253543810654028,RTL
114.494184,POS,37.4275003,-122.1695817,36.04999923706055,10.457935261363886,RTL
114.594977,POS,37.4275003,-122.1695908,36.04999923706055,9.653487248132782,RTL
114.694937,POS,37.4275003,-122.1695998,36.04999923706055,8.857880116276498,RTL
114.79489699999999,POS,37.4275003,-122.1696089,36.05999755859375,8.053433948019874,RTL
114.894857,POS,37.4275003,-122.1696178,36.05999755859375,7.2666692622931945,RTL
114.994817,POS,37.4275003,-122.1696265,36.05999755859375,6.497586435654444,RTL
115.094777,POS,37.4275003,-122.1696348,36.06999969482422,5.763866000036766,RTL
115.194737,POS,37.4275003,-122.1696427,36.06999969482422,5.065508524467431,RTL
115.294697,POS,37.4275003,-122.1696501,36.06999969482422,4.411354719794406,RTL
115.394657,POS,37.4275003,-122.1696571,36.05999755859375,3.792565763938386,RTL
115.494617,POS,37.4275003,-122.1696637,36.05999755859375,3.2091434617100867,RTL
115.594577,POS,37.4275003,-122.1696699,36.05999755859375,2.6610907653650764,RTL
115.694537,POS,37.4275003,-122.1696756,36.04999923706055,2.15725191226544,RTL
115.79449699999999,POS,37.4275003,-122.169681,36.04999923706055,1.6799579798559403,RTL
115.894457,POS,37.4275003,-122.1696859,36.04999923706055,1.246906601266365,RTL
115.994417,POS,37.4275003,-122.1696904,36.040000915527344,0.8493099779024169,RTL
116.094377,POS,37.4275003,-122.1696945,36.040000915527344,0.4873530995990326,RTL
116.194337,POS,37.4275003,-122.1696982,36.040000915527344,0.16258917958935423,RTL
116.294297,POS,37.4275003,-122.1697015,36.040000915527344,0.13674277692058345,RTL
116.394257,POS,37.4275003,-122.1697043,36.040000915527344,0.38159005745931424,RTL
116.49421699999999,POS,37.4275003,-122.1697066,36.040000915527344,0.5844040192319552,RTL
116.594177,POS,37.4275003,-122.1697085,36.040000915527344,0.7521533935946546,RTL
116.69497,POS,37.4275003,-122.16971,36.040000915527344,0.8846442690491254,RTL
116.79493,POS,37.4275003,-122.169711,36.040000915527344,0.972988348849667,RTL
116.89489,POS,37.4275003,-122.1697117,36.040000915527344,1.0348350248634597,RTL
116.99485,POS,37.4275003,-122.1697121,36.040000915527344,1.0701777631361247,RTL
117.09481,POS,37.4275003,-122.1697124,36.04999923706055,1.0966855697128808,RTL
117.19476999999999,POS,37.4275003,-122.1697127,36.04999923706055,1.1231939725943847,RTL
117.29473,POS,37.4275002,-122.1697129,36.04999923706055,1.1405949694356214,RTL
117.39469,POS,37.4275002,-122.1697131,36.04999923706055,1.1582719263169046,RTL
117.49465,POS,37.4275002,-122.1697133,36.04999923706055,1.175948982933727,RTL
117.59461,POS,37.4275002,-122.1697135,36.04999923706055,1.1936261348549757,RTL
117.69457,POS,37.4275002,-122.1697135,36.04999923706055,1.1936261348549757,RTL
117.79453,POS,37.4275002,-122.1697135,36.04999923706055,1.1936261348549757,RTL
117.89449,POS,37.4275002,-122.1697135,36.04999923706055,1.1936261348549757,RTL
117.99445,POS,37.4275002,-122.1697134,36.04999923706055,1.1847875478759322,RTL
118.09441,POS,37.4275001,-122.1697133,36.04999923706055,1.175790904653097,RTL
118.19436999999999,POS,37.4275001,-122.1697131,36.04999923706055,1.1581114351567547,RTL
118.29433,POS,37.4275001,-122.1697129,36.04999923706055,1.1404319906046707,RTL
118.39429,POS,37.4275001,-122.1697127,36.04999923706055,1.122752573431397,RTL
118.49425,POS,37.4275001,-122.1697124,36.04999923706055,1.096233496903708,RTL
118.59421,POS,37.4275001,-122.1697121,36.04999923706055,1.0697144878306823,RTL
118.69417,POS,37.4275001,-122.1697117,36.04999923706055,1.0343559200049217,RTL
118.794963,POS,37.4275001,-122.1697113,36.04999923706055,0.9989974936127967,RTL
118.89492299999999,POS,37.4275001,-122.1697109,36.04999923706055,0.9636392215723654,RTL
118.994883,POS,37.4275001,-122.1697105,36.04999923706055,0.9282811229211487,RTL
119.094843,POS,37.4275001,-122.16971,36.04999923706055,0.8840837757567893,RTL
119.194803,POS,37.4275,-122.1697096,36.04999923706055,0.8486531427694131,RTL
119.294763,POS,37.4275,-122.1697091,36.04999923706055,0.804452458354861,RTL
119.394723,POS,37.4275,-122.1697086,36.04999923706055,0.7602517739403091,RTL
119.494683,POS,37.4275,-122.1697082,36.04999923706055,0.7248912259061638,RTL
119.594643,POS,37.4275,-122.1697077,36.04999923706055,0.6806905414916118,RTL
119.694603,POS,37.4275,-122.1697073,36.04999923706055,0.6453299934574668,RTL
119.794563,POS,37.4275,-122.1697068,36.04999923706055,0.6011293090429147,RTL
119.89452299999999,POS,37.4275,-122.1697064,36.04999923706055,0.5657687610087695,RTL
119.994483,POS,37.4275,-122.169706,36.04999923706055,0.5304082142308832,RTL
120.094443,POS,37.4275,-122.1697056,36.04999923706055,0.49504766619673807,RTL
120.194403,POS,37.4275,-122.1697052,36.04999923706055,0.4596871181625929,RTL
120.294363,POS,37.4275,-122.1697048,36.05999755859375,0.4243265713847067,RTL
120.394323,POS,37.4275,-122.1697045,36.05999755859375,0.3978061597309683,RTL
120.494283,POS,37.4275,-122.1697042,36.05999755859375,0.37128574933348885,RTL
120.59424299999999,POS,37.4275,-122.1697039,36.05999755859375,0.3447653389360094,RTL
120.694203,POS,37.4275,-122.1697036,36.05999755859375,0.31824492853853,RTL
120.794996,POS,37.4275,-122.1697033,36.05999755859375,0.2917245168847916,RTL
120.894956,POS,37.4275,-122.1697031,36.05999755859375,0.27404424412397793,RTL
120.994916,POS,37.4275,-122.1697028,36.05999755859375,0.24752383247023954,RTL
121.094876,POS,37.4275,-122.1697026,36.05999755859375,0.2298435584531669,RTL
121.194836,POS,37.4275,-122.1697024,36.05999755859375,0.21216328569235335,RTL
121.294796,POS,37.4275,-122.1697022,36.05999755859375,0.19448301167528076,RTL
121.394756,POS,37.4275,-122.1697021,36.05999755859375,0.18564287403861493,RTL
121.494716,POS,37.4275,-122.1697019,36.05999755859375,0.16796260127780133,RTL
121.59467599999999,POS,37.4275,-122.1697018,36.05999755859375,0.1591224636411355,RTL
121.694636,POS,37.4275,-122.1697017,36.05999755859375,0.1502823272607287,RTL
121.794596,POS,37.4275,-122.1697015,36.05999755859375,0.1326020532436561,RTL
121.894556,POS,37.4275,-122.1697014,36.05999755859375,0.12376191560699028,RTL
121.994516,POS,37.4275,-122.1697013,36.05999755859375,0.11492177922658348,RTL
122.094476,POS,37.4275,-122.1697013,36.05999755859375,0.11492177922658348,LAND
122.194436,POS,37.4275,-122.1697012,36.05999755859375,0.10608164284617667,LAND
122.29439599999999,POS,37.4275,-122.1697011,36.05999755859375,0.09724150520951085,LAND
122.394356,POS,37.4275,-122.1697011,36.05999755859375,0.09724150520951085,LAND
122.494316,POS,37.4275,-122.169701,36.05999755859375,0.08840136882910406,LAND
122.594276,POS,37.4275,-122.169701,36.05999755859375,0.08840136882910406,LAND
122.694236,POS,37.4275,-122.1697009,36.05999755859375,0.07956123119243826,LAND
122.794196,POS,37.4275,-122.1697009,36.05999755859375,0.07956123119243826,LAND
122.894989,POS,37.4275,-122.1697008,36.05999755859375,0.07072109481203144,LAND
122.99494899999999,POS,37.4275,-122.1697008,36.05999755859375,0.07072109481203144,LAND
123.094909,POS,37.4275,-122.1697008,36.05999755859375,0.07072109481203144,LAND
123.194869,POS,37.4275,-122.1697008,36.05999755859375,0.07072109481203144,LAND
123.294829,POS,37.4275,-122.1697007,36.05999755859375,0.06188095843162464,LAND
123.394789,POS,37.4275,-122.1697007,36.05999755859375,0.06188095843162464,LAND
123.494749,POS,37.4275,-122.1697007,36.05999755859375,0.06188095843162464,LAND
123.594709,POS,37.4275,-122.1697007,36.05999755859375,0.06188095843162464,LAND
123.694669,POS,37.4275,-122.1697006,36.05999755859375,0.05304082079495882,LAND
123.794629,POS,37.4275,-122.1697006,36.05999755859375,0.05304082079495882,LAND
123.894589,POS,37.4275,-122.1697006,36.05999755859375,0.05304082079495882,LAND
123.99454899999999,POS,37.4275,-122.1697006,36.05999755859375,0.05304082079495882,LAND
124.094509,POS,37.4275,-122.1697006,36.05999755859375,0.05304082079495882,LAND
124.194469,POS,37.4275,-122.1697006,36.05999755859375,0.05304082079495882,LAND
124.294429,POS,37.4275,-122.1697006,36.05999755859375,0.05304082079495882,LAND
124.394389,POS,37.4275,-122.1697005,36.05999755859375,0.04420068441455203,LAND
124.494349,POS,37.4275,-122.1697005,36.05999755859375,0.04420068441455203,LAND
124.594309,POS,37.4275,-122.1697005,36.05999755859375,0.04420068441455203,LAND
124.69426899999999,POS,37.4275,-122.1697005,36.05999755859375,0.04420068441455203,LAND
124.794229,POS,37.4275,-122.1697005,36.05999755859375,0.04420068441455203,LAND
124.894189,POS,37.4275,-122.1697005,36.05999755859375,0.04420068441455203,LAND
124.994982,POS,37.4275,-122.1697005,36.06999969482422,0.04420068441455203,LAND
125.094942,POS,37.4275,-122.1697004,36.06999969482422,0.03536054677788621,LAND
125.194902,POS,37.4275,-122.1697004,36.06999969482422,0.03536054677788621,LAND
125.294862,POS,37.4275,-122.1697004,36.06999969482422,0.03536054677788621,LAND
125.394822,POS,37.4275,-122.1697004,36.06999969482422,0.03536054677788621,LAND
125.494782,POS,37.4275,-122.1697004,36.06999969482422,0.03536054677788621,LAND
125.594742,POS,37.4275,-122.1697004,36.06999969482422,0.03536054677788621,LAND
125.69470199999999,POS,37.4275,-122.1697004,36.06999969482422,0.03536054677788621,LAND
125.79466199999999,POS,37.4275,-122.1697003,36.06999969482422,0.02652041039747941,LAND
125.894622,POS,37.4275,-122.1697003,36.06999969482422,0.02652041039747941,LAND
125.99458200000001,POS,37.4275,-122.1697003,36.06999969482422,0.02652041039747941,LAND
126.09454199999999,POS,37.4275,-122.1697003,36.06999969482422,0.02652041039747941,LAND
126.194502,POS,37.4275,-122.1697003,36.05999755859375,0.02652041039747941,LAND
126.29446200000001,POS,37.4275,-122.1697003,36.05999755859375,0.02652041039747941,LAND
126.39442199999999,POS,37.4275,-122.1697003,36.04999923706055,0.02652041039747941,LAND
126.494382,POS,37.4275,-122.1697002,36.029998779296875,0.0176802727608136,LAND
126.59434200000001,POS,37.4275,-122.1697002,36.0099983215332,0.0176802727608136,LAND
126.694302,POS,37.4275,-122.1697002,35.96999740600586,0.0176802727608136,LAND
126.794262,POS,37.4275,-122.1697002,35.91999816894531,0.0176802727608136,LAND
126.89422199999998,POS,37.4275,-122.1697002,35.86000061035156,0.0176802727608136,LAND
126.994182,POS,37.4275,-122.1697001,35.790000915527344,0.0088401363804068,LAND
127.094975,POS,37.4275,-122.1697001,35.709999084472656,0.0088401363804068,LAND
127.19493499999999,POS,37.4275,-122.1697001,35.61000061035156,0.0088401363804068,LAND
127.294895,POS,37.4275,-122.1697001,35.5099983215332,0.0088401363804068,LAND
127.394855,POS,37.4275,-122.1697001,35.38999938964844,0.0088401363804068,LAND
127.49481499999999,POS,37.4275,-122.1697,35.2599983215332,0.0,LAND
127.594775,POS,37.4275,-122.1697,35.119998931884766,0.0,LAND
127.69473500000001,POS,37.4275,-122.1697,34.97999954223633,0.0,LAND
127.79469499999999,POS,37.4275,-122.1697,34.81999969482422,0.0,LAND
127.894655,POS,37.4275,-122.1697,34.66999816894531,0.0,LAND
127.99461500000001,POS,37.4275,-122.1697,34.5099983215332,0.0,LAND
128.094575,POS,37.4275,-122.1697,34.349998474121094,0.0,LAND
128.194535,POS,37.4275,-122.1697,34.189998626708984,0.0,LAND
128.294495,POS,37.4275,-122.1697,34.029998779296875,0.0,LAND
128.394455,POS,37.4275,-122.1697,33.869998931884766,0.0,LAND
128.494415,POS,37.4275,-122.1697,33.709999084472656,0.0,LAND
128.59437499999999,POS,37.4275,-122.1697,33.55999755859375,0.0,LAND
128.694335,POS,37.4275,-122.1697,33.39999771118164,0.0,LAND
128.794295,POS,37.4275,-122.1697,33.25,0.0,LAND
128.894255,POS,37.4275,-122.1697,33.099998474121094,0.0,LAND
128.994215,POS,37.4275,-122.1697,32.95000076293945,0.0,LAND
129.094175,POS,37.4275,-122.1697,32.790000915527344,0.0,LAND
129.194968,POS,37.4275,-122.1697,32.63999938964844,0.0,LAND
129.294928,POS,37.4275,-122.1697001,32.5,0.0088401363804068,LAND
129.394888,POS,37.4275,-122.1697001,32.349998474121094,0.0088401363804068,LAND
129.494848,POS,37.4275,-122.1697001,32.20000076293945,0.0088401363804068,LAND
129.594808,POS,37.4275,-122.1697001,32.04999923706055,0.0088401363804068,LAND
129.694768,POS,37.4275,-122.1697001,31.899999618530273,0.0088401363804068,LAND
129.794728,POS,37.4275,-122.1697001,31.75,0.0088401363804068,LAND
129.894688,POS,37.4275,-122.1697001,31.599998474121094,0.0088401363804068,LAND
129.994648,POS,37.4275,-122.1697001,31.44999885559082,0.0088401363804068,LAND
130.094608,POS,37.4275,-122.1697001,31.299999237060547,0.0088401363804068,LAND
130.194568,POS,37.4275,-122.1697001,31.149999618530273,0.0088401363804068,LAND
130.29452799999999,POS,37.4275,-122.1697001,31.0,0.0088401363804068,LAND
130.394488,POS,37.4275,-122.1697001,30.85999870300293,0.0088401363804068,LAND
130.494448,POS,37.4275,-122.1697002,30.709999084472656,0.0176802727608136,LAND
130.594408,POS,37.4275,-122.1697002,30.559999465942383,0.0176802727608136,LAND
130.694368,POS,37.4275,-122.1697002,30.40999984741211,0.0176802727608136,LAND
130.794328,POS,37.4275,-122.1697002,30.260000228881836,0.0176802727608136,LAND
130.894288,POS,37.4275,-122.1697002,30.10999870300293,0.0176802727608136,LAND
130.994248,POS,37.4275,-122.1697002,29.959999084472656,0.0176802727608136,LAND
131.094208,POS,37.4275,-122.1697002,29.809999465942383,0.0176802727608136,LAND
131.194168,POS,37.4275,-122.1697002,29.65999984741211,0.0176802727608136,LAND
131.294961,POS,37.4275,-122.1697002,29.510000228881836,0.0176802727608136,LAND
131.394921,POS,37.4275,-122.1697002,29.35999870300293,0.0176802727608136,LAND
131.494881,POS,37.4275,-122.1697002,29.209999084472656,0.0176802727608136,LAND
131.594841,POS,37.4275,-122.1697002,29.059999465942383,0.0176802727608136,LAND
131.69480099999998,POS,37.4275,-122.1697002,28.90999984741211,0.0176802727608136,LAND
131.794761,POS,37.4275,-122.1697002,28.760000228881836,0.0176802727608136,LAND
131.894721,POS,37.4275,-122.1697002,28.60999870300293,0.0176802727608136,LAND
131.99468099999999,POS,37.4275,-122.1697002,28.459999084472656,0.0176802727608136,LAND
132.094641,POS,37.4275,-122.1697002,28.309999465942383,0.0176802727608136,LAND
132.194601,POS,37.4275,-122.1697002,28.15999984741211,0.0176802727608136,LAND
132.294561,POS,37.4275,-122.1697002,28.010000228881836,0.0176802727608136,LAND
132.394521,POS,37.4275,-122.1697002,27.85999870300293,0.0176802727608136,LAND
132.494481,POS,37.4275,-122.1697002,27.709999084472656,0.0176802727608136,LAND
132.594441,POS,37.4275,-122.1697002,27.559999465942383,0.0176802727608136,LAND
132.694401,POS,37.4275,-122.1697002,27.420000076293945,0.0176802727608136,LAND
132.794361,POS,37.4275001,-122.1697002,27.26999855041504,0.020892877678296357,LAND
132.894321,POS,37.4275001,-122.1697002,27.1299991607666,0.020892877678296357,LAND
132.994281,POS,37.4275001,-122.1697002,27.010000228881836,0.020892877678296357,LAND
133.094241,POS,37.4275001,-122.1697002,26.889999389648438,0.020892877678296357,LAND
133.194201,POS,37.4275001,-122.1697002,26.779998779296875,0.020892877678296357,LAND
133.294994,POS,37.4275001,-122.1697003,26.68000030517578,0.02876199679981027,LAND
133.39495399999998,POS,37.4275001,-122.1697003,26.599998474121094,0.02876199679981027,LAND
133.494914,POS,37.4275001,-122.1697003,26.529998779296875,0.02876199679981027,LAND
133.594874,POS,37.4275001,-122.1697003,26.459999084472656,0.02876199679981027,LAND
133.694834,POS,37.4275001,-122.1697003,26.40999984741211,0.02876199679981027,LAND
133.794794,POS,37.4275001,-122.1697003,26.369998931884766,0.02876199679981027,LAND
133.894754,POS,37.4275001,-122.1697003,26.31999969482422,0.02876199679981027,LAND
133.994714,POS,37.4275001,-122.1697003,26.279998779296875,0.02876199679981027,LAND
134.094674,POS,37.4275001,-122.1697003,26.239999771118164,0.02876199679981027,LAND
134.194634,POS,37.4275001,-122.1697003,26.19999885559082,0.02876199679981027,LAND
134.294594,POS,37.4275001,-122.1697003,26.15999984741211,0.02876199679981027,LAND
134.394554,POS,37.4275001,-122.1697003,26.119998931884766,0.02876199679981027,LAND
134.494514,POS,37.4275001,-122.1697002,26.079999923706055,0.020892877678296357,LAND
134.594474,POS,37.4275001,-122.1697002,26.029998779296875,0.020892877678296357,LAND
134.694434,POS,37.4275001,-122.1697002,25.989999771118164,0.020892877678296357,LAND
134.794394,POS,37.4275001,-122.1697002,25.939998626708984,0.020892877678296357,LAND
134.894354,POS,37.4275001,-122.1697002,25.889999389648438,0.020892877678296357,LAND
134.994314,POS,37.4275001,-122.1697002,25.84000015258789,0.020892877678296357,LAND
135.09427399999998,POS,37.4275001,-122.1697002,25.78999900817871,0.020892877678296357,LAND
135.194234,POS,37.4275001,-122.1697002,25.75,0.020892877678296357,LAND
135.294194,POS,37.4275001,-122.1697002,25.69999885559082,0.020892877678296357,LAND
135.394987,POS,37.4275001,-122.1697002,25.649999618530273,0.020892877678296357,LAND
135.494947,POS,37.4275001,-122.1697002,25.59000015258789,0.020892877678296357,LAND
135.594907,POS,37.4275001,-122.1697002,25.53999900817871,0.020892877678296357,LAND
135.694867,POS,37.4275001,-122.1697002,25.489999771118164,0.020892877678296357,LAND
135.794827,POS,37.4275001,-122.1697002,25.439998626708984,0.020892877678296357,LAND
135.894787,POS,37.4275001,-122.1697002,25.389999389648438,0.020892877678296357,LAND
135.994747,POS,37.4275001,-122.1697002,25.34000015258789,0.020892877678296357,LAND
136.094707,POS,37.4275001,-122.1697002,25.28999900817871,0.020892877678296357,LAND
136.194667,POS,37.4275001,-122.1697002,25.239999771118164,0.020892877678296357,LAND
136.294627,POS,37.4275001,-122.1697002,25.189998626708984,0.020892877678296357,LAND
136.394587,POS,37.4275001,-122.1697002,25.139999389648438,0.020892877678296357,LAND
136.494547,POS,37.4275001,-122.1697002,25.09000015258789,0.020892877678296357,LAND
136.594507,POS,37.4275001,-122.1697002,25.03999900817871,0.020892877678296357,LAND
136.694467,POS,37.4275001,-122.1697002,24.979999542236328,0.020892877678296357,LAND
136.79442699999998,POS,37.4275001,-122.1697002,24.93000030517578,0.020892877678296357,LAND
136.894387,POS,37.4275001,-122.1697002,24.8799991607666,0.020892877678296357,LAND
136.994347,POS,37.4275001,-122.1697002,24.829999923706055,0.020892877678296357,LAND
137.094307,POS,37.4275001,-122.1697002,24.779998779296875,0.020892877678296357,LAND
137.194267,POS,37.4275001,-122.1697001,24.729999542236328,0.01421507313807542,LAND
137.294227,POS,37.4275001,-122.1697001,24.68000030517578,0.01421507313807542,LAND
137.394187,POS,37.4275001,-122.1697001,24.6299991607666,0.01421507313807542,LAND
137.49498,POS,37.4275001,-122.1697001,24.579999923706055,0.01421507313807542,LAND
137.59494,POS,37.4275001,-122.1697001,24.529998779296875,0.01421507313807542,LAND
137.6949,POS,37.4275001,-122.1697001,24.479999542236328,0.01421507313807542,LAND
137.79486,POS,37.4275001,-122.1697001,24.43000030517578,0.01421507313807542,LAND
137.89482,POS,37.4275001,-122.1697001,24.3799991607666,0.01421507313807542,LAND
137.99478,POS,37.4275001,-122.1697001,24.329999923706055,0.01421507313807542,LAND
138.09474,POS,37.4275001,-122.1697001,24.279998779296875,0.01421507313807542,LAND
138.1947,POS,37.4275001,-122.1697001,24.229999542236328,0.01421507313807542,LAND
138.29466,POS,37.4275001,-122.1697001,24.18000030517578,0.01421507313807542,LAND
138.39462,POS,37.4275001,-122.1697001,24.1299991607666,0.01421507313807542,LAND
138.49457999999998,POS,37.4275001,-122.1697001,24.079999923706055,0.01421507313807542,LAND
138.59454,POS,37.4275001,-122.1697001,24.029998779296875,0.01421507313807542,LAND
138.6945,POS,37.4275,-122.1697001,23.979999542236328,0.0088401363804068,LAND
138.79446,POS,37.4275,-122.1697001,23.93000030517578,0.0088401363804068,LAND
138.89442,POS,37.4275,-122.1697001,23.8799991607666,0.0088401363804068,LAND
138.99438,POS,37.4275,-122.1697001,23.829999923706055,0.0088401363804068,LAND
139.09434,POS,37.4275,-122.1697001,23.779998779296875,0.0088401363804068,LAND
139.1943,POS,37.4275,-122.1697001,23.729999542236328,0.0088401363804068,LAND
139.29426,POS,37.4275,-122.1697001,23.68000030517578,0.0088401363804068,LAND
139.39422,POS,37.4275,-122.1697001,23.6299991607666,0.0088401363804068,LAND
139.49418,POS,37.4275,-122.1697001,23.579999923706055,0.0088401363804068,LAND
139.594973,POS,37.4275,-122.1697001,23.529998779296875,0.0088401363804068,LAND
139.694933,POS,37.4275,-122.1697001,23.479999542236328,0.0088401363804068,LAND
139.794893,POS,37.4275,-122.1697001,23.43000030517578,0.0088401363804068,LAND
139.894853,POS,37.4275,-122.1697001,23.3799991607666,0.0088401363804068,LAND
139.994813,POS,37.4275,-122.1697001,23.329999923706055,0.0088401363804068,LAND
140.094773,POS,37.4275,-122.1697001,23.279998779296875,0.0088401363804068,LAND
140.19473299999999,POS,37.4275,-122.1697001,23.229999542236328,0.0088401363804068,LAND
140.294693,POS,37.4275,-122.1697001,23.18000030517578,0.0088401363804068,LAND
140.394653,POS,37.4275,-122.1697001,23.119998931884766,0.0088401363804068,LAND
140.494613,POS,37.4275,-122.1697001,23.06999969482422,0.0088401363804068,LAND
140.594573,POS,37.4275,-122.1697001,23.01999855041504,0.0088401363804068,LAND
140.694533,POS,37.4275,-122.1697001,22.969999313354492,0.0088401363804068,LAND
140.794493,POS,37.4275,-122.1697001,22.920000076293945,0.0088401363804068,LAND
140.894453,POS,37.4275,-122.1697001,22.869998931884766,0.0088401363804068,LAND
140.994413,POS,37.4275,-122.1697001,22.81999969482422,0.0088401363804068,LAND
141.094373,POS,37.4275,-122.1697001,22.76999855041504,0.0088401363804068,LAND
141.194333,POS,37.4275,-122.1697001,22.719999313354492,0.0088401363804068,LAND
141.294293,POS,37.4275,-122.1697001,22.670000076293945,0.0088401363804068,LAND
141.394253,POS,37.4275,-122.1697001,22.619998931884766,0.0088401363804068,LAND
141.494213,POS,37.4275,-122.1697001,22.56999969482422,0.0088401363804068,LAND
141.594173,POS,37.4275001,-122.1697001,22.51999855041504,0.01421507313807542,LAND
141.694966,POS,37.4275001,-122.1697001,22.469999313354492,0.01421507313807542,LAND
141.794926,POS,37.4275001,-122.1697001,22.420000076293945,0.01421507313807542,LAND
141.89488599999999,POS,37.4275001,-122.1697001,22.369998931884766,0.01421507313807542,LAND
141.994846,POS,37.4275001,-122.1697001,22.31999969482422,0.01421507313807542,LAND
142.094806,POS,37.4275001,-122.1697001,22.26999855041504,0.01421507313807542,LAND
142.194766,POS,37.4275001,-122.1697001,22.219999313354492,0.01421507313807542,LAND
142.294726,POS,37.4275001,-122.1697001,22.170000076293945,0.01421507313807542,LAND
142.394686,POS,37.4275001,-122.1697001,22.119998931884766,0.01421507313807542,LAND
142.494646,POS,37.4275001,-122.1697001,22.06999969482422,0.01421507313807542,LAND
142.594606,POS,37.4275001,-122.1697001,22.020000457763672,0.01421507313807542,LAND
142.694566,POS,37.4275001,-122.1697001,21.969999313354492,0.01421507313807542,LAND
142.794526,POS,37.4275001,-122.1697001,21.920000076293945,0.01421507313807542,LAND
142.894486,POS,37.4275001,-122.1697001,21.869998931884766,0.01421507313807542,LAND
142.994446,POS,37.4275001,-122.1697001,21.81999969482422,0.01421507313807542,LAND
143.094406,POS,37.4275001,-122.1697001,21.770000457763672,0.01421507313807542,LAND
143.194366,POS,37.4275001,-122.1697001,21.719999313354492,0.01421507313807542,LAND
143.294326,POS,37.4275001,-122.1697001,21.670000076293945,0.01421507313807542,LAND
143.394286,POS,37.4275001,-122.1697001,21.619998931884766,0.01421507313807542,LAND
143.494246,POS,37.4275001,-122.1697001,21.56999969482422,0.01421507313807542,LAND
143.59420599999999,POS,37.4275001,-122.1697001,21.520000457763672,0.01421507313807542,LAND
143.694999,POS,37.4275001,-122.1697001,21.469999313354492,0.01421507313807542,LAND
143.794959,POS,37.4275001,-122.1697001,21.420000076293945,0.01421507313807542,LAND
143.894919,POS,37.4275001,-122.1697001,21.369998931884766,0.01421507313807542,LAND
143.994879,POS,37.4275001,-122.1697001,21.31999969482422,0.01421507313807542,LAND
144.094839,POS,37.4275001,-122.1697001,21.270000457763672,0.01421507313807542,LAND
144.194799,POS,37.4275001,-122.1697001,21.219999313354492,0.01421507313807542,LAND
144.294759,POS,37.4275001,-122.1697001,21.170000076293945,0.01421507313807542,LAND
144.394719,POS,37.4275001,-122.1697001,21.119998931884766,0.01421507313807542,LAND
144.494679,POS,37.4275001,-122.1697001,21.06999969482422,0.01421507313807542,LAND
144.594639,POS,37.4275001,-122.1697001,21.020000457763672,0.01421507313807542,LAND
144.694599,POS,37.4275001,-122.1697001,20.969999313354492,0.01421507313807542,LAND
144.794559,POS,37.4275001,-122.1697001,20.920000076293945,0.01421507313807542,LAND
144.894519,POS,37.4275001,-122.1697001,20.869998931884766,0.01421507313807542,LAND
144.99447899999998,POS,37.4275001,-122.1697001,20.81999969482422,0.01421507313807542,LAND
145.094439,POS,37.4275001,-122.1697001,20.770000457763672,0.01421507313807542,LAND
145.194399,POS,37.4275001,-122.1697001,20.719999313354492,0.01421507313807542,LAND
145.294359,POS,37.4275001,-122.1697001,20.670000076293945,0.01421507313807542,LAND
145.394319,POS,37.4275001,-122.1697001,20.619998931884766,0.01421507313807542,LAND
145.494279,POS,37.4275001,-122.1697001,20.56999969482422,0.01421507313807542,LAND
145.594239,POS,37.4275001,-122.1697001,20.520000457763672,0.01421507313807542,LAND
145.694199,POS,37.4275001,-122.1697001,20.469999313354492,0.01421507313807542,LAND
145.794992,POS,37.4275001,-122.1697001,20.420000076293945,0.01421507313807542,LAND
145.894952,POS,37.4275001,-122.1697001,20.369998931884766,0.01421507313807542,LAND
145.994912,POS,37.4275001,-122.1697001,20.31999969482422,0.01421507313807542,LAND
146.094872,POS,37.4275001,-122.1697001,20.270000457763672,0.01421507313807542,LAND
146.194832,POS,37.4275001,-122.1697001,20.219999313354492,0.01421507313807542,LAND
146.294792,POS,37.4275001,-122.1697001,20.170000076293945,0.01421507313807542,LAND
146.394752,POS,37.4275001,-122.1697001,20.119998931884766,0.01421507313807542,LAND
146.494712,POS,37.4275001,-122.1697001,20.06999969482422,0.01421507313807542,LAND
146.594672,POS,37.4275001,-122.1697001,20.020000457763672,0.01421507313807542,LAND
146.69463199999998,POS,37.4275001,-122.1697001,19.969999313354492,0.01421507313807542,LAND
146.794592,POS,37.4275001,-122.1697001,19.920000076293945,0.01421507313807542,LAND
146.894552,POS,37.4275001,-122.1697001,19.869998931884766,0.01421507313807542,LAND
146.994512,POS,37.4275001,-122.1697001,19.81999969482422,0.01421507313807542,LAND
147.094472,POS,37.4275001,-122.1697001,19.770000457763672,0.01421507313807542,LAND
147.194432,POS,37.4275001,-122.1697001,19.719999313354492,0.01421507313807542,LAND
147.294392,POS,37.4275001,-122.1697001,19.670000076293945,0.01421507313807542,LAND
147.394352,POS,37.4275001,-122.1697001,19.619998931884766,0.01421507313807542,LAND
147.494312,POS,37.4275001,-122.1697001,19.56999969482422,0.01421507313807542,LAND
147.594272,POS,37.4275001,-122.1697001,19.520000457763672,0.01421507313807542,LAND
147.694232,POS,37.4275001,-122.1697001,19.469999313354492,0.01421507313807542,LAND
147.794192,POS,37.4275001,-122.1697001,19.420000076293945,0.01421507313807542,LAND
147.894985,POS,37.4275001,-122.1697001,19.369998931884766,0.01421507313807542,LAND
147.994945,POS,37.4275001,-122.1697001,19.31999969482422,0.01421507313807542,LAND
148.094905,POS,37.4275001,-122.1697001,19.270000457763672,0.01421507313807542,LAND
148.194865,POS,37.4275001,-122.1697001,19.219999313354492,0.01421507313807542,LAND
148.294825,POS,37.4275001,-122.1697001,19.170000076293945,0.01421507313807542,LAND
148.39478499999998,POS,37.4275001,-122.1697001,19.119998931884766,0.01421507313807542,LAND
148.494745,POS,37.4275001,-122.1697001,19.06999969482422,0.01421507313807542,LAND
148.594705,POS,37.4275001,-122.1697001,19.020000457763672,0.01421507313807542,LAND
148.694665,POS,37.4275001,-122.1697001,18.969999313354492,0.01421507313807542,LAND
148.794625,POS,37.4275001,-122.1697001,18.920000076293945,0.01421507313807542,LAND
148.894585,POS,37.4275001,-122.1697001,18.869998931884766,0.01421507313807542,LAND
148.994545,POS,37.4275001,-122.1697001,18.81999969482422,0.01421507313807542,LAND
149.094505,POS,37.4275001,-122.1697001,18.770000457763672,0.01421507313807542,LAND
149.194465,POS,37.4275001,-122.1697001,18.719999313354492,0.01421507313807542,LAND
149.294425,POS,37.4275001,-122.1697001,18.670000076293945,0.01421507313807542,LAND
149.394385,POS,37.4275001,-122.1697001,18.619998931884766,0.01421507313807542,LAND
149.494345,POS,37.4275001,-122.1697001,18.56999969482422,0.01421507313807542,LAND
149.594305,POS,37.4275001,-122.1697001,18.520000457763672,0.01421507313807542,LAND
149.694265,POS,37.4275001,-122.1697001,18.469999313354492,0.01421507313807542,LAND
149.794225,POS,37.4275001,-122.1697001,18.420000076293945,0.01421507313807542,LAND
149.894185,POS,37.4275001,-122.1697001,18.369998931884766,0.01421507313807542,LAND
149.994978,POS,37.4275001,-122.1697001,18.31999969482422,0.01421507313807542,LAND
150.09493799999998,POS,37.4275001,-122.1697001,18.270000457763672,0.01421507313807542,LAND
150.194898,POS,37.4275001,-122.1697001,18.219999313354492,0.01421507313807542,LAND
150.294858,POS,37.4275001,-122.1697001,18.170000076293945,0.01421507313807542,LAND
150.394818,POS,37.4275001,-122.1697001,18.119998931884766,0.01421507313807542,LAND
150.494778,POS,37.4275001,-122.1697001,18.06999969482422,0.01421507313807542,LAND
150.594738,POS,37.4275001,-122.1697001,18.020000457763672,0.01421507313807542,LAND
150.694698,POS,37.4275001,-122.1697001,17.969999313354492,0.01421507313807542,LAND
150.794658,POS,37.4275001,-122.1697001,17.920000076293945,0.01421507313807542,LAND
150.894618,POS,37.4275001,-122.1697001,17.869998931884766,0.01421507313807542,LAND
150.994578,POS,37.4275001,-122.1697001,17.81999969482422,0.01421507313807542,LAND
151.094538,POS,37.4275001,-122.1697001,17.770000457763672,0.01421507313807542,LAND
151.194498,POS,37.4275001,-122.1697001,17.719999313354492,0.01421507313807542,LAND
151.294458,POS,37.4275001,-122.1697001,17.670000076293945,0.01421507313807542,LAND
151.394418,POS,37.4275001,-122.1697001,17.619998931884766,0.01421507313807542,LAND
151.494378,POS,37.4275001,-122.1697001,17.56999969482422,0.01421507313807542,LAND
151.594338,POS,37.4275001,-122.1697001,17.520000457763672,0.01421507313807542,LAND
151.694298,POS,37.4275001,-122.1697001,17.469999313354492,0.01421507313807542,LAND
151.79425799999999,POS,37.4275001,-122.1697001,17.420000076293945,0.01421507313807542,LAND
151.894218,POS,37.4275001,-122.1697001,17.369998931884766,0.01421507313807542,LAND
151.994178,POS,37.4275001,-122.1697001,17.31999969482422,0.01421507313807542,LAND
152.094971,POS,37.4275001,-122.1697001,17.270000457763672,0.01421507313807542,LAND
152.194931,POS,37.4275001,-122.1697001,17.219999313354492,0.01421507313807542,LAND
152.294891,POS,37.4275001,-122.1697001,17.170000076293945,0.01421507313807542,LAND
152.394851,POS,37.4275001,-122.1697001,17.119998931884766,0.01421507313807542,LAND
152.494811,POS,37.4275001,-122.1697001,17.06999969482422,0.01421507313807542,LAND
152.594771,POS,37.4275001,-122.1697001,17.020000457763672,0.01421507313807542,LAND
152.694731,POS,37.4275001,-122.1697001,16.969999313354492,0.01421507313807542,LAND
152.794691,POS,37.4275001,-122.1697001,16.920000076293945,0.01421507313807542,LAND
152.894651,POS,37.4275001,-122.1697001,16.869998931884766,0.01421507313807542,LAND
152.994611,POS,37.4275001,-122.1697001,16.81999969482422,0.01421507313807542,LAND
153.094571,POS,37.4275001,-122.1697001,16.770000457763672,0.01421507313807542,LAND
153.194531,POS,37.4275001,-122.1697001,16.719999313354492,0.01421507313807542,LAND
153.294491,POS,37.4275001,-122.1697001,16.670000076293945,0.01421507313807542,LAND
153.394451,POS,37.4275001,-122.1697001,16.619998931884766,0.01421507313807542,LAND
153.49441099999999,POS,37.4275001,-122.1697001,16.56999969482422,0.01421507313807542,LAND
153.594371,POS,37.4275001,-122.1697001,16.520000457763672,0.01421507313807542,LAND
153.694331,POS,37.4275001,-122.1697001,16.469999313354492,0.01421507313807542,LAND
153.794291,POS,37.4275001,-122.1697001,16.420000076293945,0.01421507313807542,LAND
153.894251,POS,37.4275001,-122.1697002,16.369998931884766,0.020892877678296357,LAND
153.994211,POS,37.4275001,-122.1697002,16.31999969482422,0.020892877678296357,LAND
154.094171,POS,37.4275001,-122.1697002,16.270000457763672,0.020892877678296357,LAND
154.194964,POS,37.4275,-122.1697002,16.219999313354492,0.0176802727608136,LAND
154.294924,POS,37.4275,-122.1697002,16.170000076293945,0.0176802727608136,LAND
154.394884,POS,37.4275,-122.1697002,16.139999389648438,0.0176802727608136,LAND
154.494844,POS,37.4275,-122.1697002,16.139999389648438,0.0176802727608136,LAND
154.594804,POS,37.4275,-122.1697002,16.149999618530273,0.0176802727608136,LAND
154.694764,POS,37.4275,-122.1697002,16.149999618530273,0.0176802727608136,LAND
154.794724,POS,37.4275,-122.1697002,16.149999618530273,0.0176802727608136,LAND
154.894684,POS,37.4275,-122.1697002,16.139999389648438,0.0176802727608136,LAND
154.994644,POS,37.4275,-122.1697002,16.139999389648438,0.0176802727608136,LAND
155.094604,POS,37.4275,-122.1697002,16.1299991607666,0.0176802727608136,LAND
155.19456399999999,POS,37.4275,-122.1697002,16.1299991607666,0.0176802727608136,LAND
155.294524,POS,37.4275,-122.1697002,16.1299991607666,0.0176802727608136,LAND
155.394484,POS,37.4275,-122.1697002,16.1299991607666,0.0176802727608136,LAND
155.494444,POS,37.4275,-122.1697002,16.1299991607666,0.0176802727608136,LAND
155.594404,POS,37.4275,-122.1697002,16.119998931884766,0.0176802727608136,LAND
155.694364,POS,37.4275,-122.1697002,16.119998931884766,0.0176802727608136,LAND
155.794324,POS,37.4275,-122.1697002,16.119998931884766,0.0176802727608136,LAND
155.894284,POS,37.4274999,-122.1697002,16.119998931884766,0.020892877698281135,LAND
155.994244,POS,37.4274999,-122.1697002,16.119998931884766,0.020892877698281135,LAND
156.094204,POS,37.4274999,-122.1697002,16.119998931884766,0.020892877698281135,LAND
156.194997,POS,37.4274999,-122.1697002,16.119998931884766,0.020892877698281135,LAND
156.294957,POS,37.4274999,-122.1697002,16.10999870300293,0.020892877698281135,LAND
156.394917,POS,37.4274999,-122.1697002,16.10999870300293,0.020892877698281135,LAND
156.494877,POS,37.4274999,-122.1697002,16.10999870300293,0.020892877698281135,LAND
156.59483699999998,POS,37.4274999,-122.1697002,16.10999870300293,0.020892877698281135,LAND
156.694797,POS,37.4274999,-122.1697002,16.10999870300293,0.020892877698281135,LAND
