time_s,source,lat,lon,alt,distance_m,mode
6.294981,POS,37.4274999,-122.1697,16.100000381469727,0.011131949209416398,STABILIZE
6.394940999999999,POS,37.4274999,-122.1697,16.100000381469727,0.011131949209416398,STABILIZE
6.4949010000000005,POS,37.4274999,-122.1697,16.100000381469727,0.011131949209416398,STABILIZE
6.594861,POS,37.4274999,-122.1697,16.100000381469727,0.011131949209416398,STABILIZE
6.694820999999999,POS,37.4274999,-122.1697,16.100000381469727,0.011131949209416398,STABILIZE
6.794781,POS,37.4274999,-122.1697,16.100000381469727,0.011131949209416398,GUIDED
6.894741,POS,37.4274999,-122.1697,16.100000381469727,0.011131949209416398,GUIDED
6.994700999999999,POS,37.4274999,-122.1697,16.100000381469727,0.011131949209416398,GUIDED
7.094661,POS,37.4274999,-122.1697,16.100000381469727,0.011131949209416398,GUIDED
7.194621,POS,37.4274999,-122.1697,16.100000381469727,0.011131949209416398,GUIDED
7.294580999999999,POS,37.4274999,-122.1697,16.100000381469727,0.011131949209416398,GUIDED
7.394541,POS,37.4274999,-122.1697,16.100000381469727,0.011131949209416398,GUIDED
7.494501,POS,37.4274999,-122.1697,16.100000381469727,0.011131949209416398,GUIDED
7.594460999999999,POS,37.4274999,-122.1697,16.100000381469727,0.011131949209416398,GUIDED
7.694421,POS,37.4274999,-122.1697,16.100000381469727,0.011131949209416398,GUIDED
7.794381,POS,37.4274999,-122.1697,16.100000381469727,0.011131949209416398,GUIDED
7.894341000000001,POS,37.4274999,-122.1697,16.100000381469727,0.011131949209416398,GUIDED
7.994301,POS,37.4274999,-122.1697,16.100000381469727,0.011131949209416398,GUIDED
8.094261,POS,37.4274999,-122.1697,16.100000381469727,0.011131949209416398,GUIDED
8.194221,POS,37.4274999,-122.1697,16.100000381469727,0.011131949209416398,GUIDED
8.294181,POS,37.4274999,-122.1697,16.100000381469727,0.011131949209416398,GUIDED
8.394974,POS,37.4274999,-122.1697,16.100000381469727,0.011131949209416398,GUIDED
8.494934,POS,37.4274999,-122.1697,16.100000381469727,0.011131949209416398,GUIDED
8.594894,POS,37.4274999,-122.1697,16.100000381469727,0.011131949209416398,GUIDED
8.694854,POS,37.4274999,-122.1697,16.100000381469727,0.011131949209416398,GUIDED
8.794814,POS,37.4274999,-122.1697,16.100000381469727,0.011131949209416398,GUIDED
8.894774,POS,37.4274999,-122.1697,16.100000381469727,0.011131949209416398,GUIDED
8.994734,POS,37.4274999,-122.1697,16.100000381469727,0.011131949209416398,GUIDED
9.094694,POS,37.4274999,-122.1697,16.100000381469727,0.011131949209416398,GUIDED
9.194654,POS,37.4274999,-122.1697,16.100000381469727,0.011131949209416398,GUIDED
9.294614,POS,37.4274999,-122.1697,16.100000381469727,0.011131949209416398,GUIDED
9.394574,POS,37.4274999,-122.1697,16.100000381469727,0.011131949209416398,GUIDED
9.494534,POS,37.4274999,-122.1697,16.100000381469727,0.011131949209416398,GUIDED
9.594494,POS,37.4274999,-122.1697,16.100000381469727,0.011131949209416398,GUIDED
9.694454,POS,37.4274999,-122.1697,16.100000381469727,0.011131949209416398,GUIDED
9.794414,POS,37.4274999,-122.1697,16.100000381469727,0.011131949209416398,GUIDED
9.894374,POS,37.4274999,-122.1697,16.100000381469727,0.011131949209416398,GUIDED
9.994334,POS,37.4274999,-122.1697,16.100000381469727,0.011131949209416398,GUIDED
10.094294,POS,37.4274999,-122.1697,16.100000381469727,0.011131949209416398,GUIDED
10.194253999999999,POS,37.4274999,-122.1697,16.100000381469727,0.011131949209416398,GUIDED
10.294214,POS,37.4274999,-122.1697,16.100000381469727,0.011131949209416398,GUIDED
10.394174,POS,37.4274999,-122.1697,16.100000381469727,0.011131949209416398,GUIDED
10.494966999999999,POS,37.4274999,-122.1697,16.100000381469727,0.011131949209416398,GUIDED
10.594927,POS,37.4274999,-122.1697,16.100000381469727,0.011131949209416398,GUIDED
10.694887,POS,37.4274999,-122.1697,16.100000381469727,0.011131949209416398,GUIDED
10.794847,POS,37.4274999,-122.1697,16.100000381469727,0.011131949209416398,GUIDED
10.894807,POS,37.4274999,-122.1697,16.100000381469727,0.011131949209416398,GUIDED
10.994767,POS,37.4274999,-122.1697,16.100000381469727,0.011131949209416398,GUIDED
11.094727,POS,37.4274999,-122.1697,16.100000381469727,0.011131949209416398,GUIDED
11.194687,POS,37.4274999,-122.1697,16.100000381469727,0.011131949209416398,GUIDED
11.294647,POS,37.4274999,-122.1697,16.100000381469727,0.011131949209416398,GUIDED
11.394607,POS,37.4274999,-122.1697,16.100000381469727,0.011131949209416398,GUIDED
11.494567,POS,37.4274999,-122.1697,16.100000381469727,0.011131949209416398,GUIDED
11.594527,POS,37.4274999,-122.1697,16.100000381469727,0.011131949209416398,GUIDED
11.694487,POS,37.4274999,-122.1697,16.100000381469727,0.011131949209416398,GUIDED
11.794447,POS,37.4274999,-122.1697,16.100000381469727,0.011131949209416398,GUIDED
11.894407,POS,37.4274999,-122.1697,16.100000381469727,0.011131949209416398,GUIDED
11.994367,POS,37.4274999,-122.1697,16.100000381469727,0.011131949209416398,GUIDED
12.094327,POS,37.4274999,-122.1697,16.100000381469727,0.011131949209416398,GUIDED
12.194287,POS,37.4274999,-122.1697,16.100000381469727,0.011131949209416398,GUIDED
12.294247,POS,37.4274999,-122.1697,16.100000381469727,0.011131949209416398,GUIDED
12.394207,POS,37.4274999,-122.1697,16.100000381469727,0.011131949209416398,GUIDED
12.495,POS,37.4274999,-122.1697,16.100000381469727,0.011131949209416398,GUIDED
12.59496,POS,37.4274999,-122.1697,16.100000381469727,0.011131949209416398,GUIDED
12.69492,POS,37.4274999,-122.1697,16.100000381469727,0.011131949209416398,GUIDED
12.79488,POS,37.4274999,-122.1697,16.100000381469727,0.011131949209416398,GUIDED
12.89484,POS,37.4274999,-122.1697,16.100000381469727,0.011131949209416398,GUIDED
12.9948,POS,37.4274999,-122.1697,16.100000381469727,0.011131949209416398,GUIDED
13.094759999999999,POS,37.4274999,-122.1697,16.100000381469727,0.011131949209416398,GUIDED
13.19472,POS,37.4274999,-122.1697,16.100000381469727,0.011131949209416398,GUIDED
13.29468,POS,37.4274999,-122.1697,16.100000381469727,0.011131949209416398,GUIDED
13.39464,POS,37.4274999,-122.1697,16.100000381469727,0.011131949209416398,GUIDED
13.4946,POS,37.4274999,-122.1697,16.100000381469727,0.011131949209416398,GUIDED
13.59456,POS,37.4274999,-122.1697,16.100000381469727,0.011131949209416398,GUIDED
13.69452,POS,37.4274999,-122.1697,16.100000381469727,0.011131949209416398,GUIDED
13.794479999999998,POS,37.4274999,-122.1697,16.100000381469727,0.011131949209416398,GUIDED
13.894440000000001,POS,37.4274999,-122.1697,16.100000381469727,0.011131949209416398,GUIDED
13.9944,POS,37.4274999,-122.1697,16.100000381469727,0.011131949209416398,GUIDED
14.09436,POS,37.4274999,-122.1697,16.100000381469727,0.011131949209416398,GUIDED
14.19432,POS,37.4274999,-122.1697,16.100000381469727,0.011131949209416398,GUIDED
14.294279999999999,POS,37.4274999,-122.1697,16.100000381469727,0.011131949209416398,GUIDED
14.394239999999998,POS,37.4274999,-122.1697,16.100000381469727,0.011131949209416398,GUIDED
14.494200000000001,POS,37.4274999,-122.1697,16.100000381469727,0.011131949209416398,GUIDED
14.594993,POS,37.4274999,-122.1697,16.100000381469727,0.011131949209416398,GUIDED
14.694953,POS,37.4274999,-122.1697,16.100000381469727,0.011131949209416398,GUIDED
14.794913,POS,37.4274999,-122.1697,16.100000381469727,0.011131949209416398,GUIDED
14.894872999999999,POS,37.4274999,-122.1697,16.100000381469727,0.011131949209416398,GUIDED
14.994833000000002,POS,37.4274999,-122.1697,16.100000381469727,0.011131949209416398,GUIDED
15.094793000000001,POS,37.4274999,-122.1697,16.100000381469727,0.011131949209416398,GUIDED
15.194753,POS,37.4274999,-122.1697,16.100000381469727,0.011131949209416398,GUIDED
15.294713,POS,37.4274999,-122.1697,16.100000381469727,0.011131949209416398,GUIDED
15.394673,POS,37.4274999,-122.1697,16.100000381469727,0.011131949209416398,GUIDED
15.494632999999999,POS,37.4274999,-122.1697,16.100000381469727,0.011131949209416398,GUIDED
15.594593000000001,POS,37.4274999,-122.1697,16.100000381469727,0.011131949209416398,GUIDED
15.694553,POS,37.4274999,-122.1697,16.100000381469727,0.011131949209416398,GUIDED
15.794513,POS,37.4274999,-122.1697,16.100000381469727,0.011131949209416398,GUIDED
15.894473,POS,37.4274999,-122.1697,16.100000381469727,0.011131949209416398,GUIDED
15.994432999999999,POS,37.4274999,-122.1697,16.100000381469727,0.011131949209416398,GUIDED
16.094392999999997,POS,37.4274999,-122.1697,16.100000381469727,0.011131949209416398,GUIDED
16.194353,POS,37.4274999,-122.1697,16.100000381469727,0.011131949209416398,GUIDED
16.294313000000002,POS,37.4274999,-122.1697,16.100000381469727,0.011131949209416398,GUIDED
16.394273,POS,37.4274999,-122.1697,16.100000381469727,0.011131949209416398,GUIDED
16.494233,POS,37.4274999,-122.1697,16.100000381469727,0.011131949209416398,GUIDED
16.594192999999997,POS,37.4274999,-122.1697,16.100000381469727,0.011131949209416398,GUIDED
16.694986,POS,37.4274999,-122.1697,16.100000381469727,0.011131949209416398,GUIDED
16.794946000000003,POS,37.4274999,-122.1697,16.100000381469727,0.011131949209416398,GUIDED
16.894906,POS,37.4274999,-122.1697,16.100000381469727,0.011131949209416398,GUIDED
16.994866000000002,POS,37.4274999,-122.1697,16.100000381469727,0.011131949209416398,GUIDED
17.094825999999998,POS,37.4274999,-122.1697,16.100000381469727,0.011131949209416398,GUIDED
17.194786,POS,37.4274999,-122.1697,16.100000381469727,0.011131949209416398,GUIDED
17.294745999999996,POS,37.4274999,-122.1697,16.100000381469727,0.011131949209416398,GUIDED
17.394706,POS,37.4274999,-122.1697,16.100000381469727,0.011131949209416398,GUIDED
17.494666000000002,POS,37.4274999,-122.1697,16.100000381469727,0.011131949209416398,GUIDED
17.594625999999998,POS,37.4274999,-122.1697,16.100000381469727,0.011131949209416398,GUIDED
17.694586,POS,37.4274999,-122.1697,16.100000381469727,0.011131949209416398,GUIDED
17.794545999999997,POS,37.4274999,-122.1697,16.100000381469727,0.011131949209416398,GUIDED
17.894506,POS,37.4274999,-122.1697,16.100000381469727,0.011131949209416398,GUIDED
17.994466000000003,POS,37.4274999,-122.1697,16.100000381469727,0.011131949209416398,GUIDED
18.094426,POS,37.4274999,-122.1697,16.100000381469727,0.011131949209416398,GUIDED
18.194386,POS,37.4274999,-122.1697,16.100000381469727,0.011131949209416398,GUIDED
18.294345999999997,POS,37.4274999,-122.1697,16.100000381469727,0.011131949209416398,GUIDED
18.394306,POS,37.4274999,-122.1697,16.100000381469727,0.011131949209416398,GUIDED
18.494266000000003,POS,37.4274999,-122.1697,16.100000381469727,0.011131949209416398,GUIDED
18.594226,POS,37.4274999,-122.1697,16.100000381469727,0.011131949209416398,GUIDED
18.694186000000002,POS,37.4274999,-122.1697,16.100000381469727,0.011131949209416398,GUIDED
18.794978999999998,POS,37.4274999,-122.1697,16.100000381469727,0.011131949209416398,GUIDED
18.894939,POS,37.4274999,-122.1697,16.100000381469727,0.011131949209416398,GUIDED
18.994898999999997,POS,37.4274999,-122.1697,16.100000381469727,0.011131949209416398,GUIDED
19.094859,POS,37.4274999,-122.1697,16.100000381469727,0.011131949209416398,GUIDED
19.194819000000003,POS,37.4274999,-122.1697,16.100000381469727,0.011131949209416398,GUIDED
19.294779,POS,37.4274999,-122.1697,16.100000381469727,0.011131949209416398,GUIDED
19.394739,POS,37.4274999,-122.1697,16.100000381469727,0.011131949209416398,GUIDED
19.494698999999997,POS,37.4274999,-122.1697,16.100000381469727,0.011131949209416398,GUIDED
19.594659,POS,37.4274999,-122.1697,16.100000381469727,0.011131949209416398,GUIDED
19.694619000000003,POS,37.4274999,-122.1697,16.100000381469727,0.011131949209416398,GUIDED
19.794579,POS,37.4274999,-122.1697,16.100000381469727,0.011131949209416398,GUIDED
19.894539,POS,37.4274999,-122.1697,16.100000381469727,0.011131949209416398,GUIDED
19.994498999999998,POS,37.4274999,-122.1697,16.100000381469727,0.011131949209416398,GUIDED
20.094459,POS,37.4274999,-122.1697,16.100000381469727,0.011131949209416398,GUIDED
20.194418999999996,POS,37.4274999,-122.1697,16.100000381469727,0.011131949209416398,GUIDED
20.294379,POS,37.4274999,-122.1697,16.100000381469727,0.011131949209416398,GUIDED
20.394339000000002,POS,37.4274999,-122.1697,16.100000381469727,0.011131949209416398,GUIDED
20.494298999999998,POS,37.4274999,-122.1697,16.100000381469727,0.011131949209416398,GUIDED
20.594259,POS,37.4274999,-122.1697,16.100000381469727,0.011131949209416398,GUIDED
20.694218999999997,POS,37.4274999,-122.1697,16.100000381469727,0.011131949209416398,GUIDED
20.794179,POS,37.4274999,-122.1697,16.100000381469727,0.011131949209416398,GUIDED
20.894972000000003,POS,37.4274999,-122.1697,16.100000381469727,0.011131949209416398,GUIDED
20.994932,POS,37.4274999,-122.1697,16.100000381469727,0.011131949209416398,GUIDED
21.094892,POS,37.4274999,-122.1697,16.100000381469727,0.011131949209416398,GUIDED
21.194851999999997,POS,37.4274999,-122.1697,16.100000381469727,0.011131949209416398,GUIDED
21.294812,POS,37.4274999,-122.1697,16.100000381469727,0.011131949209416398,GUIDED
21.394772000000003,POS,37.4274999,-122.1697,16.100000381469727,0.011131949209416398,GUIDED
21.494732,POS,37.4274999,-122.1697,16.100000381469727,0.011131949209416398,GUIDED
21.594692000000002,POS,37.4274999,-122.1697,16.100000381469727,0.011131949209416398,GUIDED
21.694651999999998,POS,37.4274999,-122.1697,16.100000381469727,0.011131949209416398,GUIDED
21.794612,POS,37.4274999,-122.1697,16.100000381469727,0.011131949209416398,GUIDED
21.894571999999997,POS,37.4274999,-122.1697,16.100000381469727,0.011131949209416398,GUIDED
21.994532,POS,37.4274999,-122.1697,16.100000381469727,0.011131949209416398,GUIDED
22.094492000000002,POS,37.4274999,-122.1697,16.100000381469727,0.011131949209416398,GUIDED
22.194452,POS,37.4274999,-122.1697,16.100000381469727,0.011131949209416398,GUIDED
22.294412,POS,37.4274999,-122.1697,16.100000381469727,0.011131949209416398,GUIDED
22.394371999999997,POS,37.4274999,-122.1697,16.100000381469727,0.011131949209416398,GUIDED
22.494332,POS,37.4274999,-122.1697,16.100000381469727,0.011131949209416398,GUIDED
22.594292000000003,POS,37.4274999,-122.1697,16.100000381469727,0.011131949209416398,GUIDED
22.694252,POS,37.4274999,-122.1697,16.100000381469727,0.011131949209416398,GUIDED
22.794212,POS,37.4274999,-122.1697,16.100000381469727,0.011131949209416398,GUIDED
22.894171999999998,POS,37.4274999,-122.1697,16.100000381469727,0.011131949209416398,GUIDED
22.994965,POS,37.4274999,-122.1697,16.100000381469727,0.011131949209416398,GUIDED
23.094924999999996,POS,37.4274999,-122.1697,16.100000381469727,0.011131949209416398,GUIDED
23.194885,POS,37.4274999,-122.1697,16.100000381469727,0.011131949209416398,GUIDED
23.294845000000002,POS,37.4274999,-122.1697,16.100000381469727,0.011131949209416398,GUIDED
23.394804999999998,POS,37.4274999,-122.1697,16.100000381469727,0.011131949209416398,GUIDED
23.494765,POS,37.4274999,-122.1697,16.100000381469727,0.011131949209416398,GUIDED
23.594724999999997,POS,37.4274999,-122.1697,16.100000381469727,0.011131949209416398,GUIDED
23.694685,POS,37.4274999,-122.1697,16.100000381469727,0.011131949209416398,GUIDED
23.794645000000003,POS,37.4274999,-122.1697,16.100000381469727,0.011131949209416398,GUIDED
23.894605,POS,37.4274999,-122.1697,16.100000381469727,0.011131949209416398,GUIDED
23.994565,POS,37.4274999,-122.1697,16.100000381469727,0.011131949209416398,GUIDED
24.094524999999997,POS,37.4274999,-122.1697,16.100000381469727,0.011131949209416398,GUIDED
24.194485,POS,37.4274999,-122.1697,16.100000381469727,0.011131949209416398,GUIDED
24.294445000000003,POS,37.4274999,-122.1697,16.100000381469727,0.011131949209416398,GUIDED
24.394405,POS,37.4274999,-122.1697,16.100000381469727,0.011131949209416398,GUIDED
24.494365000000002,POS,37.4274999,-122.1697,16.100000381469727,0.011131949209416398,GUIDED
24.594324999999998,POS,37.4274999,-122.1697,16.100000381469727,0.011131949209416398,GUIDED
24.694285,POS,37.4274999,-122.1697,16.100000381469727,0.011131949209416398,GUIDED
24.794244999999997,POS,37.4274999,-122.1697,16.100000381469727,0.011131949209416398,GUIDED
24.894205,POS,37.4274999,-122.1697,16.100000381469727,0.011131949209416398,GUIDED
24.994998000000002,POS,37.4274999,-122.1697,16.100000381469727,0.011131949209416398,GUIDED
25.094958,POS,37.4274999,-122.1697,16.100000381469727,0.011131949209416398,GUIDED
25.194918,POS,37.4274999,-122.1697,16.100000381469727,0.011131949209416398,GUIDED
25.294877999999997,POS,37.4274999,-122.1697,16.100000381469727,0.011131949209416398,GUIDED
25.394838,POS,37.4274999,-122.1697,16.100000381469727,0.011131949209416398,GUIDED
25.494798000000003,POS,37.4274999,-122.1697,16.100000381469727,0.011131949209416398,GUIDED
25.594758,POS,37.4274999,-122.1697,16.100000381469727,0.011131949209416398,GUIDED
25.694718,POS,37.4274999,-122.1697,16.100000381469727,0.011131949209416398,GUIDED
25.794677999999998,POS,37.4274999,-122.1697,16.100000381469727,0.011131949209416398,GUIDED
25.894638,POS,37.4274999,-122.1697,16.100000381469727,0.011131949209416398,GUIDED
25.994598000000003,POS,37.4274999,-122.1697,16.100000381469727,0.011131949209416398,GUIDED
26.094558,POS,37.4274999,-122.1697,16.100000381469727,0.011131949209416398,GUIDED
26.194518000000002,POS,37.4274999,-122.1697,16.100000381469727,0.011131949209416398,GUIDED
26.294477999999998,POS,37.4274999,-122.1697,16.100000381469727,0.011131949209416398,GUIDED
26.394438,POS,37.4274999,-122.1697,16.100000381469727,0.011131949209416398,GUIDED
26.494397999999997,POS,37.4274999,-122.1697,16.100000381469727,0.011131949209416398,GUIDED
26.594358,POS,37.4274999,-122.1697,16.100000381469727,0.011131949209416398,GUIDED
26.694318000000003,POS,37.4274999,-122.1697,16.100000381469727,0.011131949209416398,GUIDED
26.794278,POS,37.4274999,-122.1697,16.100000381469727,0.011131949209416398,GUIDED
26.894238,POS,37.4274999,-122.1697,16.100000381469727,0.011131949209416398,GUIDED
26.994197999999997,POS,37.4274999,-122.1697,16.100000381469727,0.011131949209416398,GUIDED
27.094991,POS,37.4274999,-122.1697,16.100000381469727,0.011131949209416398,GUIDED
27.194951000000003,POS,37.4274999,-122.1697,16.100000381469727,0.011131949209416398,GUIDED
27.294911,POS,37.4274999,-122.1697,16.100000381469727,0.011131949209416398,GUIDED
27.394871000000002,POS,37.4274999,-122.1697,16.100000381469727,0.011131949209416398,GUIDED
27.494830999999998,POS,37.4274999,-122.1697,16.100000381469727,0.011131949209416398,GUIDED
27.594791,POS,37.4274999,-122.1697,16.100000381469727,0.011131949209416398,GUIDED
27.694750999999997,POS,37.4274999,-122.1697,16.100000381469727,0.011131949209416398,GUIDED
27.794711,POS,37.4274999,-122.1697,16.100000381469727,0.011131949209416398,GUIDED
27.894671000000002,POS,37.4274999,-122.1697,16.100000381469727,0.011131949209416398,GUIDED
27.994631,POS,37.4274999,-122.1697,16.100000381469727,0.011131949209416398,GUIDED
28.094591,POS,37.4274999,-122.1697,16.100000381469727,0.011131949209416398,GUIDED
28.194550999999997,POS,37.4274999,-122.1697,16.100000381469727,0.011131949209416398,GUIDED
28.294511,POS,37.4274999,-122.1697,16.100000381469727,0.011131949209416398,GUIDED
28.394471000000003,POS,37.4274999,-122.1697,16.100000381469727,0.011131949209416398,GUIDED
28.494431,POS,37.4274999,-122.1697,16.100000381469727,0.011131949209416398,GUIDED
28.594391,POS,37.4274999,-122.1697,16.100000381469727,0.011131949209416398,GUIDED
28.694350999999997,POS,37.4274999,-122.1697,16.100000381469727,0.011131949209416398,GUIDED
28.794311,POS,37.4274999,-122.1697,16.100000381469727,0.011131949209416398,GUIDED
28.894271000000003,POS,37.4274999,-122.1697,16.100000381469727,0.011131949209416398,GUIDED
28.994231,POS,37.4274999,-122.1697,16.100000381469727,0.011131949209416398,GUIDED
29.094191000000002,POS,37.4274999,-122.1697,16.100000381469727,0.011131949209416398,GUIDED
29.194983999999998,POS,37.4274999,-122.1697,16.100000381469727,0.011131949209416398,GUIDED
29.294944,POS,37.4274999,-122.1697,16.100000381469727,0.011131949209416398,GUIDED
29.394903999999997,POS,37.4274999,-122.1697,16.100000381469727,0.011131949209416398,GUIDED
29.494864,POS,37.4274999,-122.1697,16.100000381469727,0.011131949209416398,GUIDED
29.594824000000003,POS,37.4274999,-122.1697,16.100000381469727,0.011131949209416398,GUIDED
29.694784,POS,37.4274999,-122.1697,16.100000381469727,0.011131949209416398,GUIDED
29.794744,POS,37.4274999,-122.1697,16.100000381469727,0.011131949209416398,GUIDED
29.894703999999997,POS,37.4274999,-122.1697,16.100000381469727,0.011131949209416398,GUIDED
29.994664,POS,37.4274999,-122.1697,16.100000381469727,0.011131949209416398,GUIDED
30.094623999999996,POS,37.4274999,-122.1697,16.100000381469727,0.011131949209416398,GUIDED
30.194584,POS,37.4274999,-122.1697,16.100000381469727,0.011131949209416398,GUIDED
30.294543999999995,POS,37.4274999,-122.1697,16.100000381469727,0.011131949209416398,GUIDED
30.394503999999998,POS,37.4274999,-122.1697,16.100000381469727,0.011131949209416398,GUIDED
30.494464,POS,37.4274999,-122.1697,16.100000381469727,0.011131949209416398,GUIDED
30.594423999999997,POS,37.4274999,-122.1697,16.100000381469727,0.011131949209416398,GUIDED
30.694384,POS,37.4274999,-122.1697,16.100000381469727,0.011131949209416398,GUIDED
30.794343999999995,POS,37.4274999,-122.1697,16.100000381469727,0.011131949209416398,GUIDED
30.894303999999998,POS,37.4274999,-122.1697,16.100000381469727,0.011131949209416398,GUIDED
30.994264,POS,37.4274999,-122.1697,16.100000381469727,0.011131949209416398,GUIDED
31.094223999999997,POS,37.4274999,-122.1697,16.100000381469727,0.011131949209416398,GUIDED
31.194184,POS,37.4274999,-122.1697,16.100000381469727,0.011131949209416398,GUIDED
31.294976999999996,POS,37.4274999,-122.1697,16.100000381469727,0.011131949209416398,GUIDED
31.394937,POS,37.4274999,-122.1697,16.100000381469727,0.011131949209416398,GUIDED
31.494896999999995,POS,37.4274999,-122.1697,16.100000381469727,0.011131949209416398,GUIDED
31.594856999999998,POS,37.4274999,-122.1697,16.100000381469727,0.011131949209416398,GUIDED
31.694817,POS,37.4274999,-122.1697,16.100000381469727,0.011131949209416398,GUIDED
31.794776999999996,POS,37.4274999,-122.1697,16.100000381469727,0.011131949209416398,GUIDED
31.894737,POS,37.4274999,-122.1697,16.100000381469727,0.011131949209416398,GUIDED
31.994696999999995,POS,37.4274999,-122.1697,16.100000381469727,0.011131949209416398,GUIDED
32.094657,POS,37.4274999,-122.1697,16.100000381469727,0.011131949209416398,GUIDED
32.194617,POS,37.4274999,-122.1697,16.100000381469727,0.011131949209416398,GUIDED
32.294577,POS,37.4274999,-122.1697,16.100000381469727,0.011131949209416398,GUIDED
32.394537,POS,37.4274999,-122.1697,16.100000381469727,0.011131949209416398,GUIDED
32.494496999999996,POS,37.4274999,-122.1697,16.100000381469727,0.011131949209416398,GUIDED
32.594457,POS,37.4274999,-122.1697,16.100000381469727,0.011131949209416398,GUIDED
32.694417,POS,37.4274999,-122.1697,16.100000381469727,0.011131949209416398,GUIDED
32.794377,POS,37.4274999,-122.1697,16.100000381469727,0.011131949209416398,GUIDED
32.894337,POS,37.4274999,-122.1697,16.100000381469727,0.011131949209416398,GUIDED
32.994296999999996,POS,37.4274999,-122.1697,16.100000381469727,0.011131949209416398,GUIDED
33.094257,POS,37.4274999,-122.1697,16.100000381469727,0.011131949209416398,GUIDED
33.194216999999995,POS,37.4274999,-122.1697,16.100000381469727,0.011131949209416398,GUIDED
33.294177,POS,37.4274999,-122.1697,16.100000381469727,0.011131949209416398,GUIDED
33.39497,POS,37.4274999,-122.1697,16.100000381469727,0.011131949209416398,GUIDED
33.49493,POS,37.4274999,-122.1697,16.100000381469727,0.011131949209416398,GUIDED
33.59489,POS,37.4274999,-122.1697,16.100000381469727,0.011131949209416398,GUIDED
33.694849999999995,POS,37.4274999,-122.1697,16.100000381469727,0.011131949209416398,GUIDED
33.79481,POS,37.4274999,-122.1697,16.100000381469727,0.011131949209416398,GUIDED
33.89477,POS,37.4274999,-122.1697,16.100000381469727,0.011131949209416398,GUIDED
33.99473,POS,37.4274999,-122.1697,16.100000381469727,0.011131949209416398,GUIDED
34.09469,POS,37.4274999,-122.1697,16.100000381469727,0.011131949209416398,GUIDED
34.194649999999996,POS,37.4274999,-122.1697,16.100000381469727,0.011131949209416398,GUIDED
34.29461,POS,37.4274999,-122.1697,16.100000381469727,0.011131949209416398,GUIDED
34.39457,POS,37.4274999,-122.1697,16.100000381469727,0.011131949209416398,GUIDED
34.49453,POS,37.4274999,-122.1697,16.100000381469727,0.011131949209416398,GUIDED
34.59449,POS,37.4274999,-122.1697,16.100000381469727,0.011131949209416398,GUIDED
34.694449999999996,POS,37.4274999,-122.1697,16.100000381469727,0.011131949209416398,GUIDED
34.79441,POS,37.4274999,-122.1697,16.100000381469727,0.011131949209416398,GUIDED
34.894369999999995,POS,37.4274999,-122.1697,16.100000381469727,0.011131949209416398,GUIDED
34.99433,POS,37.4274999,-122.1697,16.100000381469727,0.011131949209416398,GUIDED
35.09429,POS,37.4274999,-122.1697,16.100000381469727,0.011131949209416398,GUIDED
35.19425,POS,37.4274999,-122.1697,16.100000381469727,0.011131949209416398,GUIDED
35.29421,POS,37.4274999,-122.1697,16.100000381469727,0.011131949209416398,GUIDED
35.394169999999995,POS,37.4274999,-122.1697,16.100000381469727,0.011131949209416398,GUIDED
35.494963,POS,37.4274999,-122.1697,16.100000381469727,0.011131949209416398,GUIDED
35.594923,POS,37.4274999,-122.1697,16.100000381469727,0.011131949209416398,GUIDED
35.694883,POS,37.4274999,-122.1697,16.100000381469727,0.011131949209416398,GUIDED
35.794843,POS,37.4274999,-122.1697,16.100000381469727,0.011131949209416398,GUIDED
35.894802999999996,POS,37.4274999,-122.1697,16.100000381469727,0.011131949209416398,GUIDED
35.994763,POS,37.4274999,-122.1697,16.100000381469727,0.011131949209416398,GUIDED
36.094722999999995,POS,37.4274999,-122.1697,16.100000381469727,0.011131949209416398,GUIDED
36.194683,POS,37.4274999,-122.1697,16.100000381469727,0.011131949209416398,GUIDED
36.294643,POS,37.4274999,-122.1697,16.100000381469727,0.011131949209416398,GUIDED
36.394603,POS,37.4274999,-122.1697,16.100000381469727,0.011131949209416398,GUIDED
36.494563,POS,37.4274999,-122.1697,16.100000381469727,0.011131949209416398,GUIDED
36.594522999999995,POS,37.4274999,-122.1697,16.100000381469727,0.011131949209416398,GUIDED
36.694483,POS,37.4274999,-122.1697,16.100000381469727,0.011131949209416398,GUIDED
36.794443,POS,37.4274999,-122.1697,16.100000381469727,0.011131949209416398,GUIDED
36.894403,POS,37.4274999,-122.1697,16.100000381469727,0.011131949209416398,GUIDED
36.994363,POS,37.4274999,-122.1697,16.100000381469727,0.011131949209416398,GUIDED
37.094322999999996,POS,37.4274999,-122.1697,16.100000381469727,0.011131949209416398,GUIDED
37.194283,POS,37.4274999,-122.1697,16.100000381469727,0.011131949209416398,GUIDED
37.294243,POS,37.4274999,-122.1697,16.100000381469727,0.011131949209416398,GUIDED
37.394203,POS,37.4274999,-122.1697,16.100000381469727,0.011131949209416398,GUIDED
37.494996,POS,37.4274999,-122.1697,16.100000381469727,0.011131949209416398,GUIDED
37.594955999999996,POS,37.4274999,-122.1697,16.100000381469727,0.011131949209416398,GUIDED
37.694916,POS,37.4274999,-122.1697,16.100000381469727,0.011131949209416398,GUIDED
37.794875999999995,POS,37.4274999,-122.1697,16.100000381469727,0.011131949209416398,GUIDED
37.894836,POS,37.4274999,-122.1697,16.100000381469727,0.011131949209416398,GUIDED
37.994796,POS,37.4274999,-122.1697,16.100000381469727,0.011131949209416398,GUIDED
38.094756,POS,37.4274999,-122.1697,16.100000381469727,0.011131949209416398,GUIDED
38.194716,POS,37.4274999,-122.1697,16.100000381469727,0.011131949209416398,GUIDED
38.294675999999995,POS,37.4274999,-122.1697,16.100000381469727,0.011131949209416398,GUIDED
38.394636,POS,37.4274999,-122.1697,16.100000381469727,0.011131949209416398,GUIDED
38.494596,POS,37.4274999,-122.1697,16.100000381469727,0.011131949209416398,GUIDED
38.594556,POS,37.4274999,-122.1697,16.100000381469727,0.011131949209416398,GUIDED
38.694516,POS,37.4274999,-122.1697,16.100000381469727,0.011131949209416398,GUIDED
38.794475999999996,POS,37.4274999,-122.1697,16.100000381469727,0.011131949209416398,GUIDED
38.894436,POS,37.4274999,-122.1697,16.100000381469727,0.011131949209416398,GUIDED
38.994395999999995,POS,37.4274999,-122.1697,16.100000381469727,0.011131949209416398,GUIDED
39.094356,POS,37.4274999,-122.1697,16.100000381469727,0.011131949209416398,GUIDED
39.194316,POS,37.4274999,-122.1697,16.06999969482422,0.011131949209416398,GUIDED
39.294275999999996,POS,37.4274999,-122.1697,16.06999969482422,0.011131949209416398,GUIDED
39.394236,POS,37.4274999,-122.1697,16.06999969482422,0.011131949209416398,GUIDED
39.494195999999995,POS,37.4274999,-122.1697,16.06999969482422,0.011131949209416398,GUIDED
39.594989,POS,37.4274999,-122.1697,16.06999969482422,0.011131949209416398,GUIDED
39.694949,POS,37.4274999,-122.1697,16.06999969482422,0.011131949209416398,GUIDED
39.794909,POS,37.4274999,-122.1697,16.06999969482422,0.011131949209416398,GUIDED
39.894869,POS,37.4274999,-122.1697,16.06999969482422,0.011131949209416398,GUIDED
39.994828999999996,POS,37.4274999,-122.1697,16.06999969482422,0.011131949209416398,GUIDED
40.094789,POS,37.4274999,-122.1697,16.06999969482422,0.011131949209416398,GUIDED
40.194749,POS,37.4274999,-122.1697,16.06999969482422,0.011131949209416398,GUIDED
40.294709,POS,37.4274999,-122.1697,16.06999969482422,0.011131949209416398,GUIDED
40.394669,POS,37.4274999,-122.1697,16.06999969482422,0.011131949209416398,GUIDED
40.494628999999996,POS,37.4274999,-122.1697,16.06999969482422,0.011131949209416398,GUIDED
40.594589,POS,37.4274999,-122.1697,16.06999969482422,0.011131949209416398,GUIDED
40.694548999999995,POS,37.4274999,-122.1697,16.06999969482422,0.011131949209416398,GUIDED
40.794509,POS,37.4274999,-122.1697,16.06999969482422,0.011131949209416398,GUIDED
40.894469,POS,37.4274999,-122.1697,16.06999969482422,0.011131949209416398,GUIDED
40.994429,POS,37.4274999,-122.1697,16.06999969482422,0.011131949209416398,GUIDED
41.094389,POS,37.4274999,-122.1697,16.06999969482422,0.011131949209416398,GUIDED
41.194348999999995,POS,37.4274999,-122.1697,16.06999969482422,0.011131949209416398,GUIDED
41.294309,POS,37.4274999,-122.1697,16.06999969482422,0.011131949209416398,GUIDED
41.394269,POS,37.4274999,-122.1697,16.06999969482422,0.011131949209416398,GUIDED
41.494229,POS,37.4274999,-122.1697,16.06999969482422,0.011131949209416398,GUIDED
41.594189,POS,37.4274999,-122.1697,16.06999969482422,0.011131949209416398,GUIDED
41.694981999999996,POS,37.4274999,-122.1697,16.06999969482422,0.011131949209416398,GUIDED
41.794942,POS,37.4274999,-122.1697,16.06999969482422,0.011131949209416398,GUIDED
41.894901999999995,POS,37.4274999,-122.1697001,16.06999969482422,0.01421507314541867,GUIDED
41.994862,POS,37.4274999,-122.1697001,16.06999969482422,0.01421507314541867,GUIDED
42.094822,POS,37.4274999,-122.1697001,16.06999969482422,0.01421507314541867,GUIDED
42.194782,POS,37.4274999,-122.1697001,16.06999969482422,0.01421507314541867,GUIDED
42.294742,POS,37.4274999,-122.1697001,16.06999969482422,0.01421507314541867,GUIDED
42.394701999999995,POS,37.4274999,-122.1697001,16.06999969482422,0.01421507314541867,GUIDED
42.494662,POS,37.4274999,-122.1697001,16.06999969482422,0.01421507314541867,GUIDED
42.594622,POS,37.4274999,-122.1697001,16.06999969482422,0.01421507314541867,GUIDED
42.694582,POS,37.4274998,-122.1697001,16.06999969482422,0.023954731980071642,GUIDED
42.794542,POS,37.4274998,-122.1697001,16.06999969482422,0.023954731980071642,GUIDED
42.894501999999996,POS,37.4274998,-122.1697001,16.06999969482422,0.023954731980071642,GUIDED
42.994462,POS,37.4274998,-122.1697001,16.06999969482422,0.023954731980071642,GUIDED
43.094422,POS,37.4274998,-122.1697001,16.06999969482422,0.023954731980071642,GUIDED
43.194382,POS,37.4274998,-122.1697001,16.06999969482422,0.023954731980071642,GUIDED
43.294342,POS,37.4274998,-122.1697001,16.06999969482422,0.023954731980071642,GUIDED
43.394301999999996,POS,37.4274998,-122.1697001,16.06999969482422,0.023954731980071642,GUIDED
43.494262,POS,37.4274998,-122.1697001,16.06999969482422,0.023954731980071642,GUIDED
43.594221999999995,POS,37.4274998,-122.1697001,16.06999969482422,0.023954731980071642,GUIDED
43.694182,POS,37.4274998,-122.1697001,16.06999969482422,0.023954731980071642,GUIDED
43.794975,POS,37.4274998,-122.1697001,16.06999969482422,0.023954731980071642,GUIDED
43.894935,POS,37.4274998,-122.1697001,16.06999969482422,0.023954731980071642,GUIDED
43.994895,POS,37.4274998,-122.1697001,16.06999969482422,0.023954731980071642,GUIDED
44.094854999999995,POS,37.4274998,-122.1697001,16.06999969482422,0.023954731980071642,GUIDED
44.194815,POS,37.4274998,-122.1697001,16.06999969482422,0.023954731980071642,GUIDED
44.294775,POS,37.4274998,-122.1697001,16.06999969482422,0.023954731980071642,GUIDED
44.394735,POS,37.4274998,-122.1697001,16.06999969482422,0.023954731980071642,GUIDED
44.494695,POS,37.4274998,-122.1697001,16.06999969482422,0.023954731980071642,GUIDED
44.594654999999996,POS,37.4274998,-122.1697001,16.06999969482422,0.023954731980071642,GUIDED
44.694615,POS,37.4274998,-122.1697001,16.06999969482422,0.023954731980071642,GUIDED
44.794574999999995,POS,37.4274999,-122.1697001,16.06999969482422,0.01421507314541867,GUIDED
44.894535,POS,37.4274998,-122.1697001,16.06999969482422,0.023954731980071642,GUIDED
44.994495,POS,37.4274999,-122.1697001,16.06999969482422,0.01421507314541867,GUIDED
45.094454999999996,POS,37.4274999,-122.1697001,16.06999969482422,0.01421507314541867,GUIDED
45.194415,POS,37.4274999,-122.1697001,16.06999969482422,0.01421507314541867,GUIDED
45.294374999999995,POS,37.4274999,-122.1697001,16.06999969482422,0.01421507314541867,GUIDED
45.394335,POS,37.4274999,-122.1697001,16.06999969482422,0.01421507314541867,GUIDED
45.494295,POS,37.4274999,-122.1697001,16.06999969482422,0.01421507314541867,GUIDED
45.594255,POS,37.4274999,-122.1697001,16.06999969482422,0.01421507314541867,GUIDED
45.694215,POS,37.4274999,-122.1697001,16.06999969482422,0.01421507314541867,GUIDED
45.794174999999996,POS,37.4274999,-122.1697001,16.06999969482422,0.01421507314541867,GUIDED
45.894968,POS,37.4274999,-122.1697001,16.06999969482422,0.01421507314541867,GUIDED
45.994928,POS,37.4274999,-122.1697001,16.06999969482422,0.01421507314541867,GUIDED
46.094888,POS,37.4274999,-122.1697001,16.06999969482422,0.01421507314541867,GUIDED
46.194848,POS,37.4274999,-122.1697001,16.06999969482422,0.01421507314541867,GUIDED
46.294807999999996,POS,37.4274999,-122.1697001,16.06999969482422,0.01421507314541867,GUIDED
46.394768,POS,37.4274999,-122.1697001,16.06999969482422,0.01421507314541867,GUIDED
46.494727999999995,POS,37.4274999,-122.1697001,16.06999969482422,0.01421507314541867,GUIDED
46.594688,POS,37.4274999,-122.1697001,16.06999969482422,0.01421507314541867,GUIDED
46.694648,POS,37.4274999,-122.1697001,16.06999969482422,0.01421507314541867,GUIDED
46.794608,POS,37.4274999,-122.1697001,16.06999969482422,0.01421507314541867,GUIDED
46.894568,POS,37.4274999,-122.1697001,16.06999969482422,0.01421507314541867,GUIDED
46.994527999999995,POS,37.4274999,-122.1697001,16.06999969482422,0.01421507314541867,GUIDED
47.094488,POS,37.4274999,-122.1697001,16.06999969482422,0.01421507314541867,GUIDED
47.194448,POS,37.4274999,-122.1697001,16.06999969482422,0.01421507314541867,GUIDED
47.294408,POS,37.4274999,-122.1697001,16.06999969482422,0.01421507314541867,GUIDED
47.394368,POS,37.4274999,-122.1697001,16.06999969482422,0.01421507314541867,GUIDED
47.494327999999996,POS,37.4274999,-122.1697001,16.06999969482422,0.01421507314541867,GUIDED
47.594288,POS,37.4274999,-122.1697001,16.06999969482422,0.01421507314541867,GUIDED
47.694247999999995,POS,37.4274999,-122.1697001,16.06999969482422,0.01421507314541867,GUIDED
47.794208,POS,37.4274999,-122.1697001,16.06999969482422,0.01421507314541867,GUIDED
47.894168,POS,37.4274999,-122.1697001,16.06999969482422,0.01421507314541867,GUIDED
47.994960999999996,POS,37.4274999,-122.1697001,16.06999969482422,0.01421507314541867,GUIDED
48.094921,POS,37.4274999,-122.1697001,16.06999969482422,0.01421507314541867,GUIDED
48.194880999999995,POS,37.4274999,-122.1697001,16.06999969482422,0.01421507314541867,GUIDED
48.294841,POS,37.4274999,-122.1697001,16.06999969482422,0.01421507314541867,GUIDED
48.394801,POS,37.4274999,-122.1697001,16.06999969482422,0.01421507314541867,GUIDED
48.494761,POS,37.4274999,-122.1697001,16.06999969482422,0.01421507314541867,GUIDED
48.594721,POS,37.4274999,-122.1697001,16.06999969482422,0.01421507314541867,GUIDED
48.694680999999996,POS,37.4274999,-122.1697001,16.06999969482422,0.01421507314541867,GUIDED
48.794641,POS,37.4274999,-122.1697001,16.06999969482422,0.01421507314541867,GUIDED
48.894601,POS,37.4274999,-122.1697001,16.06999969482422,0.01421507314541867,GUIDED
48.994561,POS,37.4274999,-122.1697001,16.06999969482422,0.01421507314541867,GUIDED
49.094521,POS,37.4274999,-122.1697001,16.06999969482422,0.01421507314541867,GUIDED
49.194480999999996,POS,37.4274999,-122.1697001,16.09000015258789,0.01421507314541867,GUIDED
49.294441,POS,37.4274999,-122.1697001,16.100000381469727,0.01421507314541867,GUIDED
49.394400999999995,POS,37.4274999,-122.1697001,16.119998931884766,0.01421507314541867,GUIDED
49.494361,POS,37.4274999,-122.1697001,16.149999618530273,0.01421507314541867,GUIDED
49.594321,POS,37.4274999,-122.1697,16.18000030517578,0.011131949209416398,GUIDED
49.694281,POS,37.4274999,-122.1697,16.239999771118164,0.011131949209416398,GUIDED
49.794241,POS,37.4274999,-122.1697,16.34000015258789,0.011131949209416398,GUIDED
49.894200999999995,POS,37.4274999,-122.1697,16.459999084472656,0.011131949209416398,GUIDED
49.994994,POS,37.4274999,-122.1696999,16.56999969482422,0.014215073926666955,GUIDED
50.094954,POS,37.4274999,-122.1696999,16.68000030517578,0.014215073926666955,GUIDED
50.194914,POS,37.4274999,-122.1696998,16.78999900817871,0.020892878761370796,GUIDED
50.294874,POS,37.4274999,-122.1696997,16.90999984741211,0.028761997990825246,GUIDED
50.394833999999996,POS,37.4274999,-122.1696996,17.049999237060547,0.037071399382088026,GUIDED
50.494794,POS,37.4274999,-122.1696995,17.190000534057617,0.045580927037309024,GUIDED
50.594753999999995,POS,37.4274999,-122.1696994,17.34000015258789,0.054196393799106596,GUIDED
50.694714,POS,37.4274999,-122.1696992,17.5,0.07159185518606168,GUIDED
50.794674,POS,37.4274999,-122.1696991,17.68000030517578,0.08033623099456333,GUIDED
50.894633999999996,POS,37.4274999,-122.169699,17.85999870300293,0.08909950918276059,GUIDED
50.994594,POS,37.4274999,-122.1696988,18.059999465942383,0.10666412357103128,GUIDED
51.094553999999995,POS,37.4274999,-122.1696987,18.260000228881836,0.11545967235441432,GUIDED
51.194514,POS,37.4274999,-122.1696986,18.479999542236328,0.12426154827349566,GUIDED
51.294474,POS,37.4274999,-122.1696984,18.69999885559082,0.14187957457276565,GUIDED
51.394434,POS,37.4274999,-122.1696983,18.939998626708984,0.15069405624594512,GUIDED
51.494394,POS,37.4274999,-122.1696981,19.18000030517578,0.16833108969792132,GUIDED
51.594353999999996,POS,37.4274999,-122.169698,19.43000030517578,0.17715284028942976,GUIDED
51.694314,POS,37.4274999,-122.1696979,19.689998626708984,0.18597633582524112,GUIDED
51.794274,POS,37.4274999,-122.1696977,19.939998626708984,0.20362765871695507,GUIDED
51.894234,POS,37.4274999,-122.1696976,20.19999885559082,0.21245512502432568,GUIDED
51.994194,POS,37.4275,-122.1696975,20.459999084472656,0.22100342332901912,GUIDED
52.094986999999996,POS,37.4275,-122.1696974,20.719999313354492,0.22984355970942594,GUIDED
52.194947,POS,37.4275,-122.1696972,20.969999313354492,0.24752383372649855,GUIDED
52.294906999999995,POS,37.4275,-122.1696971,21.229999542236328,0.2563639713631644,GUIDED
52.394867,POS,37.4275,-122.169697,21.489999771118164,0.26520410774357117,GUIDED
52.494827,POS,37.4275,-122.1696969,21.739999771118164,0.27404424412397793,GUIDED
52.594787,POS,37.4275,-122.1696968,21.989999771118164,0.2828843817606438,GUIDED
52.694747,POS,37.4275,-122.1696967,22.25,0.2917245181410506,GUIDED
52.794706999999995,POS,37.4275,-122.1696966,22.5,0.3005646557777164,GUIDED
52.894667,POS,37.4275,-122.1696965,22.75,0.30940479215812317,GUIDED
52.994627,POS,37.4275,-122.1696964,23.0,0.31824492853853,GUIDED
53.094587,POS,37.4275,-122.1696963,23.25,0.3270850661751958,GUIDED
53.194547,POS,37.4275,-122.1696962,23.5,0.3359252025556026,GUIDED
53.294506999999996,POS,37.4275,-122.1696962,23.75,0.3359252025556026,GUIDED
53.394467,POS,37.4275,-122.1696961,23.989999771118164,0.3447653401922684,GUIDED
53.494426999999995,POS,37.4275,-122.1696961,24.239999771118164,0.3447653401922684,GUIDED
53.594387,POS,37.4275,-122.169696,24.489999771118164,0.35360547657267516,GUIDED
53.694347,POS,37.4275,-122.169696,24.739999771118164,0.35360547657267516,GUIDED
53.794306999999996,POS,37.4275,-122.169696,24.989999771118164,0.35360547657267516,GUIDED
53.894267,POS,37.4275,-122.169696,25.229999542236328,0.35360547657267516,GUIDED
53.994226999999995,POS,37.4275,-122.169696,25.479999542236328,0.35360547657267516,GUIDED
54.094187,POS,37.4275,-122.169696,25.729999542236328,0.35360547657267516,GUIDED
54.19498,POS,37.4275,-122.1696959,25.979999542236328,0.362445614209341,GUIDED
54.29494,POS,37.4275,-122.1696959,26.219999313354492,0.362445614209341,GUIDED
54.3949,POS,37.4275,-122.1696959,26.469999313354492,0.362445614209341,GUIDED
54.494859999999996,POS,37.4275,-122.1696959,26.719999313354492,0.362445614209341,GUIDED
54.59482,POS,37.4275,-122.1696959,26.969999313354492,0.362445614209341,GUIDED
54.69478,POS,37.4275,-122.1696959,27.219999313354492,0.362445614209341,GUIDED
54.79474,POS,37.4275,-122.1696959,27.469999313354492,0.362445614209341,GUIDED
54.8947,POS,37.4275,-122.1696959,27.709999084472656,0.362445614209341,GUIDED
54.994659999999996,POS,37.4275,-122.1696959,27.959999084472656,0.362445614209341,GUIDED
55.09462,POS,37.4275,-122.1696959,28.209999084472656,0.362445614209341,GUIDED
55.194579999999995,POS,37.4275,-122.169696,28.459999084472656,0.35360547657267516,GUIDED
55.29454,POS,37.4275,-122.169696,28.709999084472656,0.35360547657267516,GUIDED
55.3945,POS,37.4275,-122.169696,28.959999084472656,0.35360547657267516,GUIDED
55.49446,POS,37.4275,-122.169696,29.209999084472656,0.35360547657267516,GUIDED
55.59442,POS,37.4275,-122.169696,29.459999084472656,0.35360547657267516,GUIDED
55.694379999999995,POS,37.4275,-122.1696961,29.709999084472656,0.3447653401922684,GUIDED
55.79434,POS,37.4275,-122.1696961,29.959999084472656,0.3447653401922684,GUIDED
55.8943,POS,37.4275,-122.1696961,30.209999084472656,0.3447653401922684,GUIDED
55.99426,POS,37.4275,-122.1696961,30.459999084472656,0.3447653401922684,GUIDED
56.09422,POS,37.4275,-122.1696961,30.69999885559082,0.3447653401922684,GUIDED
56.194179999999996,POS,37.4275,-122.1696961,30.939998626708984,0.3447653401922684,GUIDED
56.294973,POS,37.4275,-122.1696961,31.17999839782715,0.3447653401922684,GUIDED
56.394932999999995,POS,37.4275,-122.1696961,31.40999984741211,0.3447653401922684,GUIDED
56.494893,POS,37.4275,-122.1696961,31.639999389648438,0.3447653401922684,GUIDED
56.594853,POS,37.4275,-122.1696961,31.85999870300293,0.3447653401922684,GUIDED
56.694812999999996,POS,37.4275,-122.1696961,32.07999801635742,0.3447653401922684,GUIDED
56.794773,POS,37.4275,-122.1696961,32.290000915527344,0.3447653401922684,GUIDED
56.894732999999995,POS,37.4275,-122.1696961,32.48999786376953,0.3447653401922684,GUIDED
56.994693,POS,37.4275,-122.1696961,32.689998626708984,0.3447653401922684,GUIDED
57.094653,POS,37.4275,-122.1696961,32.880001068115234,0.3447653401922684,GUIDED
57.194613,POS,37.4275,-122.1696961,33.06999969482422,0.3447653401922684,GUIDED
57.294573,POS,37.4275,-122.1696961,33.25,0.3447653401922684,GUIDED
57.394532999999996,POS,37.4275,-122.1696961,33.41999816894531,0.3447653401922684,GUIDED
57.494493,POS,37.4275,-122.1696961,33.599998474121094,0.3447653401922684,GUIDED
57.594453,POS,37.4275,-122.1696961,33.7599983215332,0.3447653401922684,GUIDED
57.694413,POS,37.4275,-122.1696961,33.91999816894531,0.3447653401922684,GUIDED
57.794373,POS,37.4275,-122.1696961,34.06999969482422,0.3447653401922684,GUIDED
57.894332999999996,POS,37.4275,-122.1696961,34.21999740600586,0.3447653401922684,GUIDED
57.994293,POS,37.4275001,-122.1696961,34.36000061035156,0.3449450100122078,GUIDED
58.094252999999995,POS,37.4275001,-122.1696961,34.5,0.3449450100122078,GUIDED
58.194213,POS,37.4275001,-122.1696961,34.63999938964844,0.3449450100122078,GUIDED
58.294173,POS,37.4275001,-122.1696961,34.7599983215332,0.3449450100122078,GUIDED
58.394966,POS,37.4275001,-122.1696961,34.880001068115234,0.3449450100122078,GUIDED
58.494926,POS,37.4275001,-122.1696962,35.0,0.33610959798031936,GUIDED
58.594885999999995,POS,37.4275001,-122.1696962,35.11000061035156,0.33610959798031936,GUIDED
58.694846,POS,37.4275001,-122.1696962,35.21999740600586,0.33610959798031936,GUIDED
58.794806,POS,37.4275001,-122.1696962,35.31999969482422,0.33610959798031936,GUIDED
58.894766,POS,37.4275001,-122.1696962,35.40999984741211,0.33610959798031936,GUIDED
58.994726,POS,37.4275001,-122.1696962,35.48999786376953,0.33610959798031936,GUIDED
59.094685999999996,POS,37.4275002,-122.1696961,35.56999969482422,0.3454834592537472,GUIDED
59.194646,POS,37.4275002,-122.1696955,35.630001068115234,0.39842869178087664,GUIDED
59.294605999999995,POS,37.4275002,-122.1696947,35.689998626708984,0.4690559360621255,GUIDED
59.394566,POS,37.4275002,-122.1696933,35.72999954223633,0.5927074693756226,GUIDED
59.494526,POS,37.4275002,-122.1696916,35.7599983215332,0.7429051850865451,GUIDED
59.594485999999996,POS,37.4275002,-122.1696894,35.779998779296875,0.9373189632421549,GUIDED
59.694446,POS,37.4275002,-122.1696868,35.790000915527344,1.1671104443256552,GUIDED
59.794405999999995,POS,37.4275003,-122.1696837,35.790000915527344,1.4413292594991847,GUIDED
59.894366,POS,37.4275003,-122.1696802,35.790000915527344,1.750665664071209,GUIDED
59.994326,POS,37.4275003,-122.1696764,35.790000915527344,2.08653957959703,GUIDED
60.094286,POS,37.4275003,-122.169672,35.779998779296875,2.4754636062046433,GUIDED
60.194246,POS,37.4275003,-122.1696673,35.779998779296875,2.8909176633593185,GUIDED
60.294205999999996,POS,37.4275003,-122.1696621,35.77000045776367,3.3505783166962915,GUIDED
60.394999,POS,37.4275003,-122.1696564,35.7599983215332,3.854444361630055,GUIDED
60.494959,POS,37.4275003,-122.1696503,35.7599983215332,4.393674954499312,GUIDED
60.594919,POS,37.4275003,-122.1696436,35.75,4.985949048848757,GUIDED
60.694879,POS,37.4275003,-122.1696365,35.75,5.613586263151945,GUIDED
60.794838999999996,POS,37.4275003,-122.1696289,35.73999786376953,6.285426047339459,GUIDED
60.894799,POS,37.4275002,-122.169621,35.73999786376953,6.9837436340596035,GUIDED
60.994758999999995,POS,37.4275002,-122.1696128,35.73999786376953,7.7086315230656846,GUIDED
61.094719,POS,37.4275001,-122.1696045,35.73999786376953,8.44233807811678,GUIDED
61.194679,POS,37.4275001,-122.1695959,35.73999786376953,9.202589245235686,GUIDED
61.294639,POS,37.4275,-122.1695873,35.73999786376953,9.962834292415865,GUIDED
61.394599,POS,37.4275,-122.1695785,35.73999786376953,10.7407663403731,GUIDED
61.494558999999995,POS,37.4275,-122.1695697,35.73999786376953,11.518698388330307,GUIDED
61.594519,POS,37.4275,-122.1695608,35.73999786376953,12.305470572667895,GUIDED
61.694479,POS,37.4274999,-122.1695519,35.73999786376953,13.092247498333075,GUIDED
61.794439,POS,37.4274999,-122.1695429,35.73999786376953,13.887859549716802,GUIDED
61.89439899999999,POS,37.4274999,-122.1695338,35.73999786376953,14.692311764328904,GUIDED
61.994359,POS,37.4274999,-122.1695247,35.73999786376953,15.496764004302573,GUIDED
62.094319,POS,37.4274999,-122.1695157,35.73999786376953,16.292376130302895,GUIDED
62.194278999999995,POS,37.4274999,-122.1695066,35.73999786376953,17.09682841025237,GUIDED
62.294239000000005,POS,37.4274999,-122.1694975,35.73999786376953,17.90128070628451,GUIDED
62.394199,POS,37.4274999,-122.1694884,35.73999786376953,18.705733016324377,GUIDED
62.494991999999996,POS,37.4274999,-122.1694792,35.73999786376953,19.5190254748435,GUIDED
62.59495199999999,POS,37.4274999,-122.16947,35.73999786376953,20.33231794314751,GUIDED
62.694912,POS,37.4274999,-122.1694607,35.73999786376953,21.15445055763678,GUIDED
62.794872,POS,37.4274999,-122.1694513,35.73999786376953,21.985423316239554,GUIDED
62.894831999999994,POS,37.4274999,-122.169442,35.73999786376953,22.807555947572194,GUIDED
62.994792000000004,POS,37.4274999,-122.1694326,35.73999786376953,23.63852872263568,GUIDED
63.094752,POS,37.4274999,-122.1694233,35.73999786376953,24.460661366201638,GUIDED
63.194711999999996,POS,37.4274999,-122.1694139,35.73999786376953,25.291634153539203,GUIDED
63.29467199999999,POS,37.4274999,-122.1694045,35.73999786376953,26.122606944915322,GUIDED
63.394632,POS,37.4275,-122.1693951,35.73999786376953,26.953577424322567,GUIDED
63.494592,POS,37.4275,-122.1693858,35.73999786376953,27.775710156693396,GUIDED
63.59455199999999,POS,37.4275,-122.1693764,35.73999786376953,28.606683025444546,GUIDED
63.694512,POS,37.4275,-122.169367,35.73999786376953,29.437655895451886,GUIDED
63.794472,POS,37.4275,-122.1693577,35.73999786376953,30.259788626566245,GUIDED
63.894431999999995,POS,37.4275001,-122.1693484,35.73999786376953,31.081923331624626,GUIDED
63.994392000000005,POS,37.4275001,-122.169339,35.73999786376953,31.912896149169853,GUIDED
64.094352,POS,37.4275001,-122.1693297,35.73999786376953,32.73502883097358,GUIDED
64.194312,POS,37.4275001,-122.1693205,35.73999786376953,33.5483213805348,GUIDED
64.29427199999999,POS,37.4275002,-122.1693113,35.73999786376953,34.361619317599406,GUIDED
64.394232,POS,37.4275002,-122.1693021,35.75,35.17491174573485,GUIDED
64.494192,POS,37.4275002,-122.1692929,35.75,35.988204180151506,GUIDED
64.594985,POS,37.4275002,-122.1692838,35.75,36.79265648685539,GUIDED
64.694945,POS,37.4275002,-122.1692746,35.75,37.60594893607801,GUIDED
64.794905,POS,37.4275002,-122.1692654,35.75,38.41924139021206,GUIDED
64.894865,POS,37.4275002,-122.1692561,35.75,39.24137398633194,GUIDED
64.99482499999999,POS,37.4275003,-122.1692469,35.75,40.054674159434875,GUIDED
65.094785,POS,37.4275003,-122.1692377,35.75,40.86796647673976,GUIDED
65.194745,POS,37.4275003,-122.1692284,35.75,41.69009893838221,GUIDED
65.294705,POS,37.4275003,-122.1692192,35.75,42.50339127554117,GUIDED
65.394665,POS,37.4275003,-122.16921,35.75,43.316683622311,GUIDED
65.494625,POS,37.4275003,-122.1692008,35.75,44.12997597941654,GUIDED
65.594585,POS,37.4275003,-122.1691916,35.75,44.943268343852424,GUIDED
65.694545,POS,37.4275003,-122.1691824,35.75,45.75656071767325,GUIDED
65.794505,POS,37.4275003,-122.1691732,35.75,46.56985309794063,GUIDED
65.894465,POS,37.4275003,-122.169164,35.75,47.383145486770445,GUIDED
65.99442499999999,POS,37.4275003,-122.1691549,35.75,48.18759774704023,GUIDED
66.094385,POS,37.4275003,-122.1691458,35.75,48.99205001376199,GUIDED
66.194345,POS,37.4275003,-122.1691367,35.75,49.79650228662304,GUIDED
66.294305,POS,37.4275003,-122.1691276,35.75,50.60095456533056,GUIDED
66.394265,POS,37.4275003,-122.1691186,35.75,51.396566713856984,GUIDED
66.494225,POS,37.4275003,-122.1691096,35.75,52.19217886884058,GUIDED
66.594185,POS,37.4275003,-122.1691006,35.7599983215332,52.98779102879081,GUIDED
66.69497799999999,POS,37.4275003,-122.1690916,35.7599983215332,53.783403192231,GUIDED
66.794938,POS,37.4275003,-122.1690825,35.7599983215332,54.587855496174136,GUIDED
66.894898,POS,37.4275003,-122.1690734,35.7599983215332,55.392307804555195,GUIDED
66.994858,POS,37.4275003,-122.1690642,35.7599983215332,56.20560025324179,GUIDED
67.094818,POS,37.4275003,-122.1690551,35.7599983215332,57.010052569981404,GUIDED
67.194778,POS,37.4275003,-122.169046,35.7599983215332,57.81450489061688,GUIDED
67.294738,POS,37.4275003,-122.1690368,35.7599983215332,58.62779734991605,GUIDED
67.39469799999999,POS,37.4275003,-122.1690277,35.7599983215332,59.432249677909304,GUIDED
67.494658,POS,37.4275003,-122.1690186,35.7599983215332,60.236702009341144,GUIDED
67.594618,POS,37.4275003,-122.1690095,35.7599983215332,61.041154344075636,GUIDED
67.69457799999999,POS,37.4275003,-122.1690004,35.7599983215332,61.84560668198387,GUIDED
67.794538,POS,37.4275003,-122.1689913,35.7599983215332,62.650059022943594,GUIDED
67.894498,POS,37.4275003,-122.1689822,35.7599983215332,63.45451136683874,GUIDED
67.994458,POS,37.4275003,-122.1689731,35.7599983215332,64.25896371355907,GUIDED
68.094418,POS,37.4275003,-122.168964,35.7599983215332,65.06341606299978,GUIDED
68.194378,POS,37.4275003,-122.1689549,35.7599983215332,65.86786841506118,GUIDED
68.294338,POS,37.4275002,-122.1689459,35.7599983215332,66.66347603168407,GUIDED
68.39429799999999,POS,37.4275002,-122.1689369,35.7599983215332,67.45908830748554,GUIDED
68.494258,POS,37.4275002,-122.1689279,35.77000045776367,68.25470058556535,GUIDED
68.594218,POS,37.4275002,-122.1689189,35.77000045776367,69.05031286463185,GUIDED
68.694178,POS,37.4275002,-122.16891,35.77000045776367,69.83708500747578,GUIDED
68.794971,POS,37.4275002,-122.168901,35.77000045776367,70.63269728714975,GUIDED
68.894931,POS,37.4275002,-122.168892,35.77000045776367,71.42830956897038,GUIDED
68.994891,POS,37.4275002,-122.168883,35.77000045776367,72.22392185165191,GUIDED
69.09485099999999,POS,37.4275002,-122.1688738,35.77000045776367,73.03721440708165,GUIDED
69.194811,POS,37.4275002,-122.1688647,35.77000045776367,73.84166682738606,GUIDED
69.294771,POS,37.4275002,-122.1688557,35.77000045776367,74.63727911251186,GUIDED
69.394731,POS,37.4275002,-122.1688466,35.77000045776367,75.4417315343757,GUIDED
69.494691,POS,37.4275002,-122.1688375,35.77000045776367,76.24618395698656,GUIDED
69.594651,POS,37.4275002,-122.1688283,35.77000045776367,77.05947651632049,GUIDED
69.694611,POS,37.4275002,-122.1688192,35.77000045776367,77.86392894036365,GUIDED
69.794571,POS,37.4275002,-122.1688101,35.77000045776367,78.66838136508622,GUIDED
69.894531,POS,37.4275002,-122.168801,35.77000045776367,79.47283379046753,GUIDED
69.994491,POS,37.4275002,-122.1687919,35.77000045776367,80.27728621648782,GUIDED
70.09445099999999,POS,37.4275002,-122.1687829,35.77000045776367,81.07289850709279,GUIDED
70.194411,POS,37.4275002,-122.1687738,35.77000045776367,81.87735093432813,GUIDED
70.294371,POS,37.4275001,-122.1687647,35.77000045776367,82.68180116922623,GUIDED
70.394331,POS,37.4275001,-122.1687557,35.77000045776367,83.47741348226094,GUIDED
70.494291,POS,37.4275001,-122.1687467,35.77000045776367,84.27302579668657,GUIDED
70.594251,POS,37.4275001,-122.1687377,35.779998779296875,85.06863811124308,GUIDED
70.694211,POS,37.4275001,-122.1687288,35.779998779296875,85.85541028837046,GUIDED
70.79417099999999,POS,37.4275001,-122.1687198,35.779998779296875,86.65102260192032,GUIDED
70.894964,POS,37.4275001,-122.1687108,35.779998779296875,87.44663491684683,GUIDED
70.994924,POS,37.4275001,-122.1687018,35.779998779296875,88.24224723189045,GUIDED
71.094884,POS,37.4275001,-122.1686928,35.779998779296875,89.03785954579176,GUIDED
71.194844,POS,37.4275001,-122.1686837,35.779998779296875,89.84231199736678,GUIDED
71.294804,POS,37.4275001,-122.1686746,35.779998779296875,90.6467644490522,GUIDED
71.394764,POS,37.4275001,-122.1686656,35.779998779296875,91.44237676453618,GUIDED
71.494724,POS,37.4275001,-122.1686565,35.779998779296875,92.24682921643257,GUIDED
71.594684,POS,37.4275001,-122.1686474,35.779998779296875,93.05128166843092,GUIDED
71.694644,POS,37.4275001,-122.1686384,35.779998779296875,93.84689398296013,GUIDED
71.79460399999999,POS,37.4275001,-122.1686293,35.779998779296875,94.65134643515356,GUIDED
71.894564,POS,37.4275001,-122.1686202,35.779998779296875,95.45579888744129,GUIDED
71.994524,POS,37.4275001,-122.1686112,35.779998779296875,96.2514112035058,GUIDED
72.094484,POS,37.4275001,-122.1686021,35.779998779296875,97.05586365597428,GUIDED
72.194444,POS,37.4275001,-122.168593,35.779998779296875,97.86031610853023,GUIDED
72.294404,POS,37.4275001,-122.1685839,35.779998779296875,98.66476856117151,GUIDED
72.394364,POS,37.4275001,-122.1685749,35.779998779296875,99.46038087757712,GUIDED
72.49432399999999,POS,37.4275001,-122.1685659,35.779998779296875,100.25599319280596,GUIDED
72.594284,POS,37.4275001,-122.1685569,35.779998779296875,101.0516055093687,GUIDED
72.694244,POS,37.4275001,-122.1685478,35.779998779296875,101.8560579623287,GUIDED
72.794204,POS,37.4275001,-122.1685388,35.779998779296875,102.6516702790421,GUIDED
72.894997,POS,37.4275001,-122.1685298,35.779998779296875,103.44728259457145,GUIDED
72.994957,POS,37.4275001,-122.1685208,35.779998779296875,104.2428949114277,GUIDED
73.094917,POS,37.4275001,-122.1685117,35.779998779296875,105.04734736467768,GUIDED
73.19487699999999,POS,37.4275001,-122.1685026,35.779998779296875,105.85179981799656,GUIDED
73.294837,POS,37.4275001,-122.1684935,35.779998779296875,106.65625227138281,GUIDED
73.394797,POS,37.4275001,-122.1684844,35.779998779296875,107.46070472483497,GUIDED
73.49475699999999,POS,37.4275001,-122.1684753,35.779998779296875,108.26515717835147,GUIDED
73.594717,POS,37.4275001,-122.1684662,35.779998779296875,109.06960963193092,GUIDED
73.694677,POS,37.4275001,-122.1684571,35.779998779296875,109.87406208557191,GUIDED
73.794637,POS,37.4275001,-122.168448,35.779998779296875,110.67851453927312,GUIDED
73.894597,POS,37.4275001,-122.1684389,35.779998779296875,111.48296699303323,GUIDED
73.994557,POS,37.4275001,-122.1684298,35.779998779296875,112.28741944685096,GUIDED
74.094517,POS,37.4275001,-122.1684208,35.779998779296875,113.08303176313734,GUIDED
74.19447699999999,POS,37.4275001,-122.1684117,35.779998779296875,113.8874842183223,GUIDED
74.294437,POS,37.4275001,-122.1684026,35.779998779296875,114.69193667230503,GUIDED
74.394397,POS,37.4275001,-122.1683935,35.790000915527344,115.49638912634065,GUIDED
74.494357,POS,37.4275001,-122.1683844,35.790000915527344,116.30084158042803,GUIDED
74.594317,POS,37.4275001,-122.1683754,35.790000915527344,117.09645389697555,GUIDED
74.694277,POS,37.4275001,-122.1683664,35.790000915527344,117.89206621482792,GUIDED
74.794237,POS,37.4275001,-122.1683574,35.790000915527344,118.68767853147162,GUIDED
74.89419699999999,POS,37.4275001,-122.1683484,35.790000915527344,119.48329084941821,GUIDED
74.99499,POS,37.4275001,-122.1683393,35.790000915527344,120.28774330374696,GUIDED
75.09495,POS,37.4275001,-122.1683303,35.790000915527344,121.0833556217846,GUIDED
75.19491,POS,37.4275001,-122.1683213,35.790000915527344,121.87896793860989,GUIDED
75.29487,POS,37.4275001,-122.1683121,35.790000915527344,122.69226053066649,GUIDED
75.39483,POS,37.4275001,-122.1683031,35.790000915527344,123.48787284757795,GUIDED
75.49479,POS,37.4275001,-122.168294,35.790000915527344,124.29232530212586,GUIDED
75.59475,POS,37.4275001,-122.1682849,35.790000915527344,125.09677775671527,GUIDED
75.69471,POS,37.4275001,-122.1682759,35.790000915527344,125.89239007500561,GUIDED
75.79467,POS,37.4275001,-122.1682668,35.790000915527344,126.69684252967512,GUIDED
75.89462999999999,POS,37.4275001,-122.1682577,35.790000915527344,127.50129498438378,GUIDED
75.99459,POS,37.4275001,-122.1682487,35.790000915527344,128.29690730153362,GUIDED
76.09455,POS,37.4275001,-122.1682396,35.790000915527344,129.10135975631798,GUIDED
76.19451,POS,37.4275001,-122.1682305,35.790000915527344,129.90581221113922,GUIDED
76.29447,POS,37.4275001,-122.1682215,35.790000915527344,130.70142452965462,GUIDED
76.39443,POS,37.4275001,-122.1682124,35.790000915527344,131.5058769845474,GUIDED
76.49439,POS,37.4275001,-122.1682034,35.790000915527344,132.3014893031322,GUIDED
76.59434999999999,POS,37.4275001,-122.1681944,35.790000915527344,133.0971016204943,GUIDED
76.69431,POS,37.4275001,-122.1681854,35.790000915527344,133.89271393914564,GUIDED
76.79427,POS,37.4275001,-122.1681764,35.790000915527344,134.68832625782937,GUIDED
76.89423,POS,37.4275001,-122.1681675,35.790000915527344,135.47509843894426,GUIDED
76.99419,POS,37.4275001,-122.1681585,35.790000915527344,136.2707107564344,GUIDED
77.094983,POS,37.4275001,-122.1681496,35.790000915527344,137.05748293761022,GUIDED
77.194943,POS,37.4275001,-122.1681405,35.790000915527344,137.8619353927625,GUIDED
77.294903,POS,37.4275001,-122.1681315,35.790000915527344,138.65754771159936,GUIDED
77.394863,POS,37.4275001,-122.1681223,35.790000915527344,139.47084030441366,GUIDED
77.494823,POS,37.4275001,-122.1681133,35.790000915527344,140.2664526220526,GUIDED
77.59478299999999,POS,37.4275001,-122.1681042,35.790000915527344,141.0709050773226,GUIDED
77.694743,POS,37.4275001,-122.1680951,35.790000915527344,141.87535753262082,GUIDED
77.794703,POS,37.4275001,-122.168086,35.790000915527344,142.67980998794678,GUIDED
77.894663,POS,37.4275001,-122.1680769,35.790000915527344,143.48426244330005,GUIDED
77.994623,POS,37.4275001,-122.1680678,35.790000915527344,144.2887148986801,GUIDED
78.094583,POS,37.4275001,-122.1680587,35.790000915527344,145.09316735408655,GUIDED
78.194543,POS,37.4275001,-122.1680497,35.790000915527344,145.88877967317046,GUIDED
78.29450299999999,POS,37.4275002,-122.1680406,35.790000915527344,146.69323329779354,GUIDED
78.394463,POS,37.4275002,-122.1680315,35.790000915527344,147.49768574582794,GUIDED
78.494423,POS,37.4275002,-122.1680224,35.790000915527344,148.30213819396192,GUIDED
78.594383,POS,37.4275002,-122.1680134,35.790000915527344,149.09775050466797,GUIDED
78.694343,POS,37.4275002,-122.1680043,35.790000915527344,149.90220295299537,GUIDED
78.794303,POS,37.4275002,-122.1679953,35.790000915527344,150.69781526514583,GUIDED
78.894263,POS,37.4275002,-122.1679864,35.790000915527344,151.48458743985864,GUIDED
78.994223,POS,37.4275002,-122.1679774,35.790000915527344,152.2801997521894,GUIDED
79.094183,POS,37.4275002,-122.1679685,35.790000915527344,153.06697192707765,GUIDED
79.194976,POS,37.4275002,-122.1679595,35.790000915527344,153.8625842395831,GUIDED
79.29493599999999,POS,37.4275002,-122.1679507,35.790000915527344,154.64051627710862,GUIDED
79.394896,POS,37.4275002,-122.1679421,35.790000915527344,155.40076804215985,GUIDED
79.494856,POS,37.4275002,-122.1679337,35.790000915527344,156.14333953347418,GUIDED
79.594816,POS,37.4275002,-122.1679258,35.790000915527344,156.84171034095158,GUIDED
79.694776,POS,37.4275002,-122.1679185,35.790000915527344,157.4870403282995,GUIDED
79.794736,POS,37.4275002,-122.1679116,35.790000915527344,158.09700976806528,GUIDED
79.894696,POS,37.4275002,-122.1679052,35.790000915527344,158.66277852270278,GUIDED
79.99465599999999,POS,37.4275002,-122.1678992,35.790000915527344,159.1931867322528,GUIDED
80.094616,POS,37.4275001,-122.1678937,35.790000915527344,159.67939319921624,GUIDED
80.194576,POS,37.4275001,-122.1678886,35.790000915527344,160.1302401795841,GUIDED
80.294536,POS,37.4275,-122.167884,35.790000915527344,160.5368861969426,GUIDED
80.394496,POS,37.4275,-122.1678799,35.790000915527344,160.89933180987884,GUIDED
80.494456,POS,37.4275,-122.1678761,35.790000915527344,161.23525701241874,GUIDED
80.594416,POS,37.4274999,-122.1678728,35.790000915527344,161.52698202201464,GUIDED
80.69437599999999,POS,37.4274999,-122.16787,35.79999923706055,161.7745058553079,GUIDED
80.794336,POS,37.4274998,-122.1678675,35.79999923706055,161.99551053262854,GUIDED
80.894296,POS,37.4274998,-122.1678654,35.79999923706055,162.18115340641143,GUIDED
80.994256,POS,37.4274998,-122.1678637,35.79999923706055,162.33143573245098,GUIDED
81.094216,POS,37.4274997,-122.1678624,35.79999923706055,162.4463595263336,GUIDED
81.194176,POS,37.4274997,-122.1678612,35.79999923706055,162.55244116714704,GUIDED
81.294969,POS,37.4274995,-122.1678602,35.79999923706055,162.6408488469371,GUIDED
81.394929,POS,37.4274995,-122.1678594,35.79999923706055,162.71156993909864,GUIDED
81.494889,POS,37.4274995,-122.1678587,35.80999755859375,162.77345089411475,GUIDED
81.594849,POS,37.4274995,-122.1678581,35.80999755859375,162.82649171198437,GUIDED
81.69480899999999,POS,37.4274995,-122.1678575,35.80999755859375,162.8795325311123,GUIDED
81.794769,POS,37.4274995,-122.1678571,35.80999755859375,162.91489307594236,GUIDED
81.894729,POS,37.4274995,-122.1678567,35.79999923706055,162.9502536220296,GUIDED
81.994689,POS,37.4274995,-122.1678563,35.79999923706055,162.9856141681178,GUIDED
82.094649,POS,37.4274995,-122.167856,35.79999923706055,163.01213457705634,GUIDED
82.194609,POS,37.4274995,-122.1678557,35.79999923706055,163.03865498599546,GUIDED
82.294569,POS,37.4274995,-122.1678555,35.79999923706055,163.05633525904054,GUIDED
82.39452899999999,POS,37.4274995,-122.1678554,35.79999923706055,163.06517539619134,GUIDED
82.494489,POS,37.4274996,-122.1678553,35.79999923706055,163.07401200361485,GUIDED
82.594449,POS,37.4274996,-122.1678552,35.79999923706055,163.0828521396889,GUIDED
82.694409,POS,37.4274996,-122.1678552,35.790000915527344,163.0828521396889,GUIDED
82.794369,POS,37.4274997,-122.1678552,35.790000915527344,163.08284937125794,GUIDED
82.894329,POS,37.4274997,-122.1678552,35.790000915527344,163.08284937125794,GUIDED
82.994289,POS,37.4274998,-122.1678553,35.790000915527344,163.07400722637854,GUIDED
83.094249,POS,37.4274998,-122.1678554,35.790000915527344,163.06516709006914,GUIDED
83.194209,POS,37.4274998,-122.1678556,35.790000915527344,163.0474868161941,GUIDED
83.294169,POS,37.4274999,-122.1678558,35.790000915527344,163.02980529327462,GUIDED
83.39496199999999,POS,37.4274999,-122.1678559,35.790000915527344,163.02096515565313,GUIDED
83.494922,POS,37.4275,-122.1678561,35.790000915527344,163.0032843939422,GUIDED
83.594882,POS,37.4275,-122.1678563,35.790000915527344,162.985604119926,GUIDED
83.694842,POS,37.4275,-122.1678566,35.790000915527344,162.95908370952978,GUIDED
83.794802,POS,37.4275001,-122.1678569,35.790000915527344,162.93256356934103,GUIDED
83.894762,POS,37.4275001,-122.1678572,35.790000915527344,162.90604315902445,GUIDED
83.994722,POS,37.4275002,-122.1678575,35.790000915527344,162.87952378114034,GUIDED
84.09468199999999,POS,37.4275002,-122.1678578,35.790000915527344,162.85300337102728,GUIDED
84.194642,POS,37.4275002,-122.1678581,35.790000915527344,162.82648295965816,GUIDED
84.294602,POS,37.4275003,-122.1678584,35.790000915527344,162.79996434376994,GUIDED
84.394562,POS,37.4275004,-122.1678587,35.790000915527344,162.77344648984266,GUIDED
84.494522,POS,37.4275004,-122.167859,35.790000915527344,162.7469260792535,GUIDED
84.594482,POS,37.4275004,-122.1678593,35.790000915527344,162.72040566992098,GUIDED
84.694442,POS,37.4275004,-122.1678596,35.790000915527344,162.69388526058864,GUIDED
84.794402,POS,37.4275004,-122.1678599,35.790000915527344,162.66736485125674,GUIDED
84.894362,POS,37.4275004,-122.1678602,35.790000915527344,162.64084444066893,GUIDED
84.994322,POS,37.4275004,-122.1678605,35.790000915527344,162.6143240313376,GUIDED
85.09428199999999,POS,37.4275004,-122.1678607,35.790000915527344,162.59664375803155,GUIDED
85.194242,POS,37.4275004,-122.167861,35.790000915527344,162.57012334870078,GUIDED
85.294202,POS,37.4275004,-122.1678612,35.790000915527344,162.55244307539502,GUIDED
85.394995,POS,37.4275006,-122.1678615,35.790000915527344,162.52593007362128,GUIDED
85.494955,POS,37.4275006,-122.1678617,35.790000915527344,162.508249801169,GUIDED
85.594915,POS,37.4275006,-122.1678619,35.790000915527344,162.4905695287171,GUIDED
85.694875,POS,37.4275006,-122.1678621,35.790000915527344,162.47288925752184,GUIDED
85.79483499999999,POS,37.4275006,-122.1678623,35.790000915527344,162.45520898507058,GUIDED
85.894795,POS,37.4275006,-122.1678625,35.790000915527344,162.43752871261964,GUIDED
85.994755,POS,37.4275006,-122.1678626,35.790000915527344,162.42868857576616,GUIDED
86.094715,POS,37.4275006,-122.1678628,35.790000915527344,162.41100830457194,GUIDED
86.194675,POS,37.4275006,-122.1678629,35.790000915527344,162.40216816771877,GUIDED
86.294635,POS,37.4275006,-122.1678631,35.790000915527344,162.38448789526882,GUIDED
86.394595,POS,37.4275006,-122.1678632,35.790000915527344,162.3756477596721,GUIDED
86.49455499999999,POS,37.4275006,-122.1678633,35.790000915527344,162.36680762407545,GUIDED
86.594515,POS,37.4275006,-122.1678635,35.790000915527344,162.34912735162612,GUIDED
86.694475,POS,37.4275006,-122.1678636,35.790000915527344,162.34028721477347,GUIDED
86.794435,POS,37.4275006,-122.1678637,35.790000915527344,162.33144707917714,GUIDED
86.894395,POS,37.4275006,-122.1678637,35.790000915527344,162.33144707917714,GUIDED
86.994355,POS,37.4275006,-122.1678638,35.790000915527344,162.32260694232465,GUIDED
87.094315,POS,37.4275006,-122.1678639,35.790000915527344,162.3137668067285,GUIDED
87.194275,POS,37.4275006,-122.167864,35.790000915527344,162.30492667113245,GUIDED
87.294235,POS,37.4275005,-122.167864,35.790000915527344,162.3049225802641,GUIDED
87.394195,POS,37.4275005,-122.1678641,35.790000915527344,162.29608244317723,GUIDED
87.49498799999999,POS,37.4275005,-122.1678641,35.790000915527344,162.29608244317723,GUIDED
87.594948,POS,37.4275005,-122.1678642,35.790000915527344,162.28724230734667,GUIDED
87.694908,POS,37.4275005,-122.1678642,35.790000915527344,162.28724230734667,GUIDED
87.794868,POS,37.4275005,-122.1678643,35.790000915527344,162.27840217025994,GUIDED
87.894828,POS,37.4275005,-122.1678643,35.790000915527344,162.27840217025994,GUIDED
87.994788,POS,37.4275005,-122.1678643,35.790000915527344,162.27840217025994,GUIDED
88.094748,POS,37.4275004,-122.1678644,35.790000915527344,162.26955870629172,GUIDED
88.19470799999999,POS,37.4275004,-122.1678644,35.790000915527344,162.26955870629172,GUIDED
88.294668,POS,37.4275004,-122.1678644,35.790000915527344,162.26955870629172,GUIDED
88.394628,POS,37.4275004,-122.1678644,35.790000915527344,162.26955870629172,GUIDED
88.494588,POS,37.4275004,-122.1678645,35.790000915527344,162.26071857026818,GUIDED
88.594548,POS,37.4275004,-122.1678645,35.790000915527344,162.26071857026818,GUIDED
88.694508,POS,37.4275003,-122.1678645,35.790000915527344,162.26071600564825,GUIDED
88.794468,POS,37.4275003,-122.1678645,35.790000915527344,162.26071600564825,GUIDED
88.894428,POS,37.4275003,-122.1678645,35.790000915527344,162.26071600564825,GUIDED
88.994388,POS,37.4275003,-122.1678645,35.790000915527344,162.26071600564825,GUIDED
89.094348,POS,37.4275003,-122.1678646,35.790000915527344,162.25187586821693,GUIDED
89.19430799999999,POS,37.4275003,-122.1678646,35.790000915527344,162.25187586821693,GUIDED
89.294268,POS,37.4275003,-122.1678646,35.790000915527344,162.25187586821693,GUIDED
89.394228,POS,37.4275003,-122.1678646,35.790000915527344,162.25187586821693,GUIDED
89.494188,POS,37.4275003,-122.1678646,35.790000915527344,162.25187586821693,GUIDED
89.594981,POS,37.4275003,-122.1678646,35.790000915527344,162.25187586821693,GUIDED
89.694941,POS,37.4275003,-122.1678646,35.790000915527344,162.25187586821693,GUIDED
89.794901,POS,37.4275003,-122.1678646,35.790000915527344,162.25187586821693,GUIDED
89.89486099999999,POS,37.4275003,-122.1678646,35.790000915527344,162.25187586821693,GUIDED
89.994821,POS,37.4275003,-122.1678646,35.790000915527344,162.25187586821693,GUIDED
90.094781,POS,37.4275003,-122.1678646,35.790000915527344,162.25187586821693,GUIDED
90.194741,POS,37.4275003,-122.1678646,35.790000915527344,162.25187586821693,GUIDED
90.294701,POS,37.4275003,-122.1678647,35.790000915527344,162.24303573204196,GUIDED
90.394661,POS,37.4275003,-122.1678647,35.790000915527344,162.24303573204196,GUIDED
90.494621,POS,37.4275003,-122.1678647,35.790000915527344,162.24303573204196,GUIDED
90.594581,POS,37.4275003,-122.1678647,35.790000915527344,162.24303573204196,GUIDED
90.694541,POS,37.4275003,-122.1678647,35.790000915527344,162.24303573204196,GUIDED
90.794501,POS,37.4275003,-122.1678647,35.790000915527344,162.24303573204196,GUIDED
90.89446099999999,POS,37.4275003,-122.1678647,35.790000915527344,162.24303573204196,GUIDED
90.994421,POS,37.4275003,-122.1678647,35.790000915527344,162.24303573204196,GUIDED
91.094381,POS,37.4275003,-122.1678647,35.790000915527344,162.24303573204196,GUIDED
91.194341,POS,37.4275003,-122.1678647,35.790000915527344,162.24303573204196,GUIDED
91.294301,POS,37.4275003,-122.1678647,35.790000915527344,162.24303573204196,GUIDED
91.394261,POS,37.4275003,-122.1678647,35.790000915527344,162.24303573204196,GUIDED
91.494221,POS,37.4275003,-122.1678647,35.790000915527344,162.24303573204196,GUIDED
91.59418099999999,POS,37.4275003,-122.1678647,35.790000915527344,162.24303573204196,GUIDED
91.694974,POS,37.4275003,-122.1678647,35.790000915527344,162.24303573204196,GUIDED
91.794934,POS,37.4275003,-122.1678647,35.790000915527344,162.24303573204196,GUIDED
91.894894,POS,37.4275003,-122.1678647,35.790000915527344,162.24303573204196,GUIDED
91.994854,POS,37.4275003,-122.1678647,35.790000915527344,162.24303573204196,GUIDED
92.094814,POS,37.4275003,-122.1678647,35.790000915527344,162.24303573204196,GUIDED
92.194774,POS,37.4275003,-122.1678647,35.790000915527344,162.24303573204196,GUIDED
92.29473399999999,POS,37.4275003,-122.1678647,35.790000915527344,162.24303573204196,GUIDED
92.394694,POS,37.4275003,-122.1678647,35.790000915527344,162.24303573204196,GUIDED
92.494654,POS,37.4275003,-122.1678647,35.790000915527344,162.24303573204196,GUIDED
92.59461399999999,POS,37.4275003,-122.1678647,35.790000915527344,162.24303573204196,GUIDED
92.694574,POS,37.4275003,-122.1678647,35.790000915527344,162.24303573204196,GUIDED
92.794534,POS,37.4275003,-122.1678647,35.790000915527344,162.24303573204196,GUIDED
92.894494,POS,37.4275003,-122.1678647,35.790000915527344,162.24303573204196,GUIDED
92.994454,POS,37.4275003,-122.1678647,35.790000915527344,162.24303573204196,GUIDED
93.094414,POS,37.4275003,-122.1678647,35.790000915527344,162.24303573204196,GUIDED
93.194374,POS,37.4275003,-122.1678647,35.790000915527344,162.24303573204196,GUIDED
93.29433399999999,POS,37.4275003,-122.1678648,35.790000915527344,162.2341955946107,GUIDED
93.394294,POS,37.4275003,-122.1678647,35.790000915527344,162.24303573204196,GUIDED
93.494254,POS,37.4275002,-122.1678648,35.790000915527344,162.2341937933719,GUIDED
93.594214,POS,37.4275002,-122.1678648,35.790000915527344,162.2341937933719,GUIDED
93.694174,POS,37.4275002,-122.1678648,35.790000915527344,162.2341937933719,GUIDED
93.794967,POS,37.4275002,-122.1678648,35.790000915527344,162.2341937933719,GUIDED
93.894927,POS,37.4275002,-122.1678648,35.790000915527344,162.2341937933719,GUIDED
93.99488699999999,POS,37.4275002,-122.1678648,35.790000915527344,162.2341937933719,GUIDED
94.094847,POS,37.4275002,-122.1678648,35.790000915527344,162.2341937933719,GUIDED
94.194807,POS,37.4275002,-122.1678648,35.790000915527344,162.2341937933719,GUIDED
94.294767,POS,37.4275002,-122.1678648,35.790000915527344,162.2341937933719,GUIDED
94.394727,POS,37.4275002,-122.1678648,35.790000915527344,162.2341937933719,GUIDED
94.494687,POS,37.4275002,-122.1678648,35.790000915527344,162.2341937933719,GUIDED
94.594647,POS,37.4275002,-122.1678648,35.790000915527344,162.2341937933719,GUIDED
94.694607,POS,37.4275002,-122.1678648,35.790000915527344,162.2341937933719,GUIDED
94.794567,POS,37.4275002,-122.1678648,35.790000915527344,162.2341937933719,GUIDED
94.894527,POS,37.4275002,-122.1678648,35.790000915527344,162.2341937933719,GUIDED
94.99448699999999,POS,37.4275002,-122.1678648,35.790000915527344,162.2341937933719,GUIDED
95.094447,POS,37.4275002,-122.1678648,35.790000915527344,162.2341937933719,GUIDED
95.194407,POS,37.4275002,-122.1678648,35.790000915527344,162.2341937933719,GUIDED
95.294367,POS,37.4275002,-122.1678648,35.790000915527344,162.2341937933719,GUIDED
95.394327,POS,37.4275002,-122.1678648,35.790000915527344,162.2341937933719,GUIDED
95.494287,POS,37.4275002,-122.1678648,35.790000915527344,162.2341937933719,GUIDED
95.594247,POS,37.4275002,-122.1678648,35.790000915527344,162.2341937933719,GUIDED
95.69420699999999,POS,37.4275002,-122.1678648,35.790000915527344,162.2341937933719,GUIDED
95.795,POS,37.4275002,-122.1678648,35.790000915527344,162.2341937933719,GUIDED
95.89496,POS,37.4275002,-122.1678648,35.790000915527344,162.2341937933719,GUIDED
95.99492,POS,37.4275002,-122.1678648,35.790000915527344,162.2341937933719,GUIDED
96.09488,POS,37.4275002,-122.1678648,35.790000915527344,162.2341937933719,GUIDED
96.19484,POS,37.4275002,-122.1678648,35.790000915527344,162.2341937933719,GUIDED
96.2948,POS,37.4275002,-122.1678648,35.790000915527344,162.2341937933719,GUIDED
96.39476,POS,37.4275002,-122.1678648,35.790000915527344,162.2341937933719,GUIDED
96.49472,POS,37.4275002,-122.1678648,35.790000915527344,162.2341937933719,GUIDED
96.59468,POS,37.4275002,-122.1678648,35.790000915527344,162.2341937933719,GUIDED
96.69463999999999,POS,37.4275002,-122.1678648,35.790000915527344,162.2341937933719,GUIDED
96.7946,POS,37.4275002,-122.1678648,35.790000915527344,162.2341937933719,GUIDED
96.89456,POS,37.4275002,-122.1678648,35.790000915527344,162.2341937933719,GUIDED
96.99452,POS,37.4275002,-122.1678648,35.790000915527344,162.2341937933719,GUIDED
97.09448,POS,37.4275002,-122.1678648,35.790000915527344,162.2341937933719,GUIDED
97.19444,POS,37.4275002,-122.1678648,35.790000915527344,162.2341937933719,GUIDED
97.2944,POS,37.4275002,-122.1678648,35.790000915527344,162.2341937933719,GUIDED
97.39435999999999,POS,37.4275002,-122.1678648,35.790000915527344,162.2341937933719,GUIDED
97.49432,POS,37.4275002,-122.1678648,35.790000915527344,162.2341937933719,GUIDED
97.59428,POS,37.4275002,-122.1678648,35.790000915527344,162.2341937933719,GUIDED
97.69424,POS,37.4275002,-122.1678648,35.790000915527344,162.2341937933719,GUIDED
97.7942,POS,37.4275002,-122.1678648,35.790000915527344,162.2341937933719,GUIDED
97.894993,POS,37.4275002,-122.1678648,35.790000915527344,162.2341937933719,GUIDED
97.994953,POS,37.4275002,-122.1678648,35.790000915527344,162.2341937933719,GUIDED
98.09491299999999,POS,37.4275002,-122.1678648,35.790000915527344,162.2341937933719,GUIDED
98.194873,POS,37.4275002,-122.1678648,35.790000915527344,162.2341937933719,GUIDED
98.294833,POS,37.4275002,-122.1678649,35.790000915527344,162.22535365708697,GUIDED
98.39479299999999,POS,37.4275002,-122.1678649,35.790000915527344,162.22535365708697,GUIDED
98.494753,POS,37.4275002,-122.1678649,35.790000915527344,162.22535365708697,GUIDED
98.594713,POS,37.4275002,-122.1678649,35.790000915527344,162.22535365708697,GUIDED
98.694673,POS,37.4275002,-122.1678649,35.790000915527344,162.22535365708697,GUIDED
98.794633,POS,37.4275002,-122.1678649,35.790000915527344,162.22535365708697,GUIDED
98.894593,POS,37.4275002,-122.1678649,35.790000915527344,162.22535365708697,GUIDED
98.994553,POS,37.4275002,-122.1678649,35.790000915527344,162.22535365708697,GUIDED
99.09451299999999,POS,37.4275002,-122.1678649,35.790000915527344,162.22535365708697,GUIDED
99.194473,POS,37.4275002,-122.1678649,35.790000915527344,162.22535365708697,GUIDED
99.294433,POS,37.4275002,-122.1678649,35.790000915527344,162.22535365708697,GUIDED
99.394393,POS,37.4275002,-122.1678649,35.790000915527344,162.22535365708697,GUIDED
99.494353,POS,37.4275002,-122.1678649,35.790000915527344,162.22535365708697,GUIDED
99.594313,POS,37.4275002,-122.1678649,35.790000915527344,162.22535365708697,GUIDED
99.694273,POS,37.4275002,-122.1678649,35.790000915527344,162.22535365708697,GUIDED
99.79423299999999,POS,37.4275002,-122.1678649,35.790000915527344,162.22535365708697,GUIDED
99.894193,POS,37.4275002,-122.1678649,35.790000915527344,162.22535365708697,GUIDED
99.994986,POS,37.4275002,-122.1678649,35.790000915527344,162.22535365708697,GUIDED
100.094946,POS,37.4275002,-122.1678649,35.790000915527344,162.22535365708697,GUIDED
100.194906,POS,37.4275002,-122.1678649,35.790000915527344,162.22535365708697,GUIDED
100.294866,POS,37.4275002,-122.1678649,35.790000915527344,162.22535365708697,GUIDED
100.394826,POS,37.4275002,-122.1678649,35.790000915527344,162.22535365708697,GUIDED
100.494786,POS,37.4275002,-122.1678649,35.790000915527344,162.22535365708697,GUIDED
100.594746,POS,37.4275002,-122.1678648,35.790000915527344,162.2341937933719,GUIDED
100.694706,POS,37.4275002,-122.1678649,35.790000915527344,162.22535365708697,GUIDED
100.79466599999999,POS,37.4275002,-122.1678648,35.790000915527344,162.2341937933719,GUIDED
100.894626,POS,37.4275002,-122.1678648,35.790000915527344,162.2341937933719,GUIDED
100.994586,POS,37.4275002,-122.1678648,35.790000915527344,162.2341937933719,GUIDED
101.094546,POS,37.4275002,-122.1678648,35.790000915527344,162.2341937933719,GUIDED
101.194506,POS,37.4275002,-122.1678648,35.790000915527344,162.2341937933719,GUIDED
101.294466,POS,37.4275002,-122.1678648,35.790000915527344,162.2341937933719,GUIDED
101.394426,POS,37.4275002,-122.1678648,35.790000915527344,162.2341937933719,GUIDED
101.49438599999999,POS,37.4275002,-122.1678648,35.790000915527344,162.2341937933719,GUIDED
101.594346,POS,37.4275002,-122.1678648,35.790000915527344,162.2341937933719,GUIDED
101.694306,POS,37.4275002,-122.1678648,35.790000915527344,162.2341937933719,GUIDED
101.794266,POS,37.4275002,-122.1678648,35.790000915527344,162.2341937933719,GUIDED
101.894226,POS,37.4275002,-122.1678648,35.790000915527344,162.2341937933719,GUIDED
101.994186,POS,37.4275002,-122.1678648,35.790000915527344,162.2341937933719,GUIDED
102.094979,POS,37.4275002,-122.1678648,35.790000915527344,162.2341937933719,GUIDED
102.194939,POS,37.4275002,-122.1678648,35.790000915527344,162.2341937933719,GUIDED
102.294899,POS,37.4275002,-122.1678648,35.790000915527344,162.2341937933719,GUIDED
102.394859,POS,37.4275002,-122.1678648,35.790000915527344,162.2341937933719,GUIDED
102.49481899999999,POS,37.4275002,-122.1678648,35.790000915527344,162.2341937933719,GUIDED
102.594779,POS,37.4275002,-122.1678648,35.790000915527344,162.2341937933719,GUIDED
102.694739,POS,37.4275002,-122.1678648,35.790000915527344,162.2341937933719,GUIDED
102.794699,POS,37.4275002,-122.1678648,35.790000915527344,162.2341937933719,GUIDED
102.894659,POS,37.4275002,-122.1678648,35.790000915527344,162.2341937933719,GUIDED
102.994619,POS,37.4275002,-122.1678648,35.790000915527344,162.2341937933719,GUIDED
103.094579,POS,37.4275002,-122.1678648,35.790000915527344,162.2341937933719,GUIDED
103.19453899999999,POS,37.4275002,-122.1678648,35.790000915527344,162.2341937933719,GUIDED
103.294499,POS,37.4275002,-122.1678648,35.790000915527344,162.2341937933719,GUIDED
103.394459,POS,37.4275002,-122.1678648,35.790000915527344,162.2341937933719,GUIDED
103.494419,POS,37.4275002,-122.1678648,35.790000915527344,162.2341937933719,GUIDED
103.594379,POS,37.4275002,-122.1678648,35.790000915527344,162.2341937933719,GUIDED
103.694339,POS,37.4275002,-122.1678648,35.790000915527344,162.2341937933719,GUIDED
103.794299,POS,37.4275002,-122.1678648,35.790000915527344,162.2341937933719,GUIDED
103.89425899999999,POS,37.4275002,-122.1678648,35.790000915527344,162.2341937933719,GUIDED
103.994219,POS,37.4275002,-122.1678648,35.790000915527344,162.2341937933719,GUIDED
104.094179,POS,37.4275002,-122.1678648,35.790000915527344,162.2341937933719,GUIDED
104.19497199999999,POS,37.4275002,-122.1678648,35.790000915527344,162.2341937933719,GUIDED
104.294932,POS,37.4275002,-122.1678648,35.790000915527344,162.2341937933719,GUIDED
104.394892,POS,37.4275002,-122.1678648,35.790000915527344,162.2341937933719,GUIDED
104.494852,POS,37.4275002,-122.1678648,35.790000915527344,162.2341937933719,GUIDED
104.594812,POS,37.4275002,-122.1678648,35.790000915527344,162.2341937933719,GUIDED
104.694772,POS,37.4275002,-122.1678648,35.790000915527344,162.2341937933719,GUIDED
104.794732,POS,37.4275002,-122.1678648,35.790000915527344,162.2341937933719,GUIDED
104.89469199999999,POS,37.4275002,-122.1678648,35.790000915527344,162.2341937933719,GUIDED
104.994652,POS,37.4275002,-122.1678648,35.790000915527344,162.2341937933719,GUIDED
105.094612,POS,37.4275002,-122.1678648,35.790000915527344,162.2341937933719,GUIDED
105.194572,POS,37.4275002,-122.1678648,35.790000915527344,162.2341937933719,GUIDED
105.294532,POS,37.4275002,-122.1678648,35.790000915527344,162.2341937933719,GUIDED
105.394492,POS,37.4275002,-122.1678648,35.790000915527344,162.2341937933719,GUIDED
105.494452,POS,37.4275002,-122.1678648,35.790000915527344,162.2341937933719,GUIDED
105.59441199999999,POS,37.4275002,-122.1678648,35.790000915527344,162.2341937933719,GUIDED
105.694372,POS,37.4275002,-122.1678648,35.790000915527344,162.2341937933719,GUIDED
105.794332,POS,37.4275002,-122.1678648,35.790000915527344,162.2341937933719,GUIDED
105.894292,POS,37.4275002,-122.1678648,35.790000915527344,162.2341937933719,GUIDED
105.994252,POS,37.4275002,-122.1678648,35.790000915527344,162.2341937933719,GUIDED
106.094212,POS,37.4275002,-122.1678648,35.790000915527344,162.2341937933719,GUIDED
106.194172,POS,37.4275002,-122.1678648,35.790000915527344,162.2341937933719,GUIDED
106.294965,POS,37.4275002,-122.1678648,35.790000915527344,162.2341937933719,GUIDED
106.394925,POS,37.4275002,-122.1678648,35.790000915527344,162.2341937933719,GUIDED
106.494885,POS,37.4275002,-122.1678648,35.790000915527344,162.2341937933719,GUIDED
106.59484499999999,POS,37.4275002,-122.1678648,35.790000915527344,162.2341937933719,GUIDED
106.694805,POS,37.4275002,-122.1678648,35.790000915527344,162.2341937933719,GUIDED
106.794765,POS,37.4275002,-122.1678648,35.790000915527344,162.2341937933719,GUIDED
106.894725,POS,37.4275002,-122.1678648,35.790000915527344,162.2341937933719,GUIDED
106.994685,POS,37.4275002,-122.1678648,35.790000915527344,162.2341937933719,GUIDED
107.094645,POS,37.4275002,-122.1678648,35.790000915527344,162.2341937933719,GUIDED
107.194605,POS,37.4275002,-122.1678648,35.790000915527344,162.2341937933719,GUIDED
107.29456499999999,POS,37.4275002,-122.1678648,35.790000915527344,162.2341937933719,GUIDED
107.394525,POS,37.4275002,-122.1678648,35.790000915527344,162.2341937933719,GUIDED
107.494485,POS,37.4275002,-122.1678648,35.790000915527344,162.2341937933719,GUIDED
107.594445,POS,37.4275002,-122.1678648,35.790000915527344,162.2341937933719,GUIDED
107.694405,POS,37.4275002,-122.1678648,35.790000915527344,162.2341937933719,GUIDED
107.794365,POS,37.4275002,-122.1678648,35.790000915527344,162.2341937933719,GUIDED
107.894325,POS,37.4275002,-122.1678648,35.790000915527344,162.2341937933719,GUIDED
107.994285,POS,37.4275002,-122.1678648,35.790000915527344,162.2341937933719,GUIDED
108.094245,POS,37.4275002,-122.1678648,35.790000915527344,162.2341937933719,GUIDED
108.194205,POS,37.4275002,-122.1678648,35.790000915527344,162.2341937933719,GUIDED
108.29499799999999,POS,37.4275002,-122.1678648,35.790000915527344,162.2341937933719,GUIDED
108.394958,POS,37.4275002,-122.1678648,35.790000915527344,162.2341937933719,GUIDED
108.494918,POS,37.4275002,-122.1678648,35.790000915527344,162.2341937933719,GUIDED
108.594878,POS,37.4275002,-122.1678648,35.790000915527344,162.2341937933719,GUIDED
108.694838,POS,37.4275002,-122.1678648,35.790000915527344,162.2341937933719,GUIDED
108.794798,POS,37.4275002,-122.1678648,35.790000915527344,162.2341937933719,GUIDED
108.894758,POS,37.4275002,-122.1678648,35.790000915527344,162.2341937933719,GUIDED
108.99471799999999,POS,37.4275002,-122.1678648,35.790000915527344,162.2341937933719,GUIDED
109.094678,POS,37.4275002,-122.1678648,35.790000915527344,162.2341937933719,GUIDED
109.194638,POS,37.4275002,-122.1678648,35.790000915527344,162.2341937933719,GUIDED
109.294598,POS,37.4275002,-122.1678648,35.790000915527344,162.2341937933719,GUIDED
109.394558,POS,37.4275002,-122.1678648,35.790000915527344,162.2341937933719,GUIDED
109.494518,POS,37.4275002,-122.1678648,35.790000915527344,162.2341937933719,GUIDED
109.594478,POS,37.4275002,-122.1678648,35.790000915527344,162.2341937933719,GUIDED
109.69443799999999,POS,37.4275002,-122.1678649,35.790000915527344,162.22535365708697,GUIDED
109.794398,POS,37.4275002,-122.1678649,35.790000915527344,162.22535365708697,GUIDED
109.894358,POS,37.4275002,-122.1678649,35.790000915527344,162.22535365708697,GUIDED
109.99431799999999,POS,37.4275002,-122.1678649,35.790000915527344,162.22535365708697,GUIDED
110.094278,POS,37.4275002,-122.1678649,35.790000915527344,162.22535365708697,GUIDED
110.194238,POS,37.4275002,-122.1678649,35.790000915527344,162.22535365708697,GUIDED
110.294198,POS,37.4275002,-122.1678649,35.790000915527344,162.22535365708697,GUIDED
110.394991,POS,37.4275002,-122.1678649,35.790000915527344,162.22535365708697,GUIDED
110.494951,POS,37.4275002,-122.1678649,35.790000915527344,162.22535365708697,GUIDED
110.594911,POS,37.4275002,-122.1678649,35.790000915527344,162.22535365708697,GUIDED
110.69487099999999,POS,37.4275002,-122.1678649,35.790000915527344,162.22535365708697,GUIDED
110.794831,POS,37.4275002,-122.1678649,35.790000915527344,162.22535365708697,GUIDED
110.894791,POS,37.4275002,-122.1678649,35.790000915527344,162.22535365708697,RTL
110.994751,POS,37.4275002,-122.1678649,35.790000915527344,162.22535365708697,RTL
111.094711,POS,37.4275002,-122.1678649,35.790000915527344,162.22535365708697,RTL
111.194671,POS,37.4275002,-122.1678649,35.790000915527344,162.22535365708697,RTL
111.294631,POS,37.4275002,-122.1678649,35.79999923706055,162.22535365708697,RTL
111.39459099999999,POS,37.4275002,-122.1678649,35.81999969482422,162.22535365708697,RTL
111.494551,POS,37.4275002,-122.167865,35.84000015258789,162.2165135195458,RTL
111.594511,POS,37.4275002,-122.167865,35.880001068115234,162.2165135195458,RTL
111.694471,POS,37.4275002,-122.1678651,35.90999984741211,162.20767338326087,RTL
111.794431,POS,37.4275002,-122.1678651,35.95000076293945,162.20767338326087,RTL
111.894391,POS,37.4275002,-122.1678652,35.98999786376953,162.198833246976,RTL
111.994351,POS,37.4275002,-122.1678652,36.029998779296875,162.198833246976,RTL
112.094311,POS,37.4275002,-122.1678652,36.05999755859375,162.198833246976,RTL
112.194271,POS,37.4275002,-122.1678653,36.09000015258789,162.18999310943485,RTL
112.294231,POS,37.4275002,-122.1678655,36.099998474121094,162.1723128356088,RTL
112.39419099999999,POS,37.4275002,-122.1678659,36.11000061035156,162.1369522892131,RTL
112.494984,POS,37.4275002,-122.1678664,36.11000061035156,162.09275160527653,RTL
112.594944,POS,37.4275002,-122.1678672,36.11000061035156,162.02203050997346,RTL
112.694904,POS,37.4275002,-122.1678681,36.099998474121094,161.94246927838628,RTL
112.794864,POS,37.4275002,-122.1678692,36.099998474121094,161.84522777423078,RTL
112.894824,POS,37.4275002,-122.1678705,36.09000015258789,161.73030599499498,RTL
112.994784,POS,37.4275002,-122.167872,36.09000015258789,161.59770394319216,RTL
113.09474399999999,POS,37.4275002,-122.1678736,36.07999801635742,161.45626175510725,RTL
113.194704,POS,37.4275002,-122.1678753,36.07999801635742,161.30597942822814,RTL
113.294664,POS,37.4275002,-122.1678772,36.07999801635742,161.1380168287841,RTL
113.394624,POS,37.4275002,-122.1678792,36.06999969482422,160.96121409305974,RTL
113.494584,POS,37.4275002,-122.1678813,36.06999969482422,160.77557121979936,RTL
113.594544,POS,37.4275002,-122.1678835,36.06999969482422,160.5810882102599,RTL
113.694504,POS,37.4275002,-122.1678858,36.06999969482422,160.37776506444192,RTL
113.794464,POS,37.4275002,-122.1678883,36.06999969482422,160.15676164355077,RTL
113.894424,POS,37.4275002,-122.1678907,36.06999969482422,159.9445983602043,RTL
113.994384,POS,37.4275002,-122.1678933,36.06999969482422,159.71475480304235,RTL
114.09434399999999,POS,37.4275002,-122.167896,36.06999969482422,159.4760711096048,RTL
114.194304,POS,37.4275002,-122.1678987,36.06999969482422,159.2373874161742,RTL
114.294264,POS,37.4275002,-122.1679014,36.06999969482422,158.9987037214942,RTL
114.394224,POS,37.4275002,-122.1679042,36.06999969482422,158.75117989179626,RTL
114.494184,POS,37.4275002,-122.1679071,36.06999969482422,158.4948159245686,RTL
114.594977,POS,37.4275001,-122.16791,36.06999969482422,158.2384508870894,RTL
114.694937,POS,37.4275001,-122.1679129,36.06999969482422,157.98208691780067,RTL
114.79489699999999,POS,37.4275001,-122.1679159,36.06999969482422,157.71688281216186,RTL
114.894857,POS,37.4275001,-122.167919,36.05999755859375,157.44283856891695,RTL
114.994817,POS,37.4275001,-122.167922,36.05999755859375,157.1776344620263,RTL
115.094777,POS,37.4275001,-122.1679251,36.05999755859375,156.903590218786,RTL
115.194737,POS,37.4275001,-122.1679283,36.05999755859375,156.62070583919632,RTL
115.294697,POS,37.4275001,-122.1679314,36.05999755859375,156.34666159596088,RTL
115.394657,POS,37.4275001,-122.1679346,36.05999755859375,156.0637772163762,RTL
115.494617,POS,37.4275001,-122.1679378,36.05999755859375,155.78089283553783,RTL
115.594577,POS,37.4275001,-122.1679411,36.05999755859375,155.48916831960676,RTL
115.694537,POS,37.4275001,-122.1679443,36.05999755859375,155.20628393877362,RTL
115.79449699999999,POS,37.4275001,-122.1679476,36.05999755859375,154.91455942159183,RTL
115.894457,POS,37.4275001,-122.1679508,36.05999755859375,154.63167504202028,RTL
115.994417,POS,37.4275001,-122.1679541,36.05999755859375,154.33995052484394,RTL
116.094377,POS,37.4275001,-122.1679574,36.05999755859375,154.04822600767042,RTL
116.194337,POS,37.4275001,-122.1679608,36.05999755859375,153.74766135414882,RTL
116.294297,POS,37.4275001,-122.1679641,36.05999755859375,153.45593683698112,RTL
116.394257,POS,37.4275001,-122.1679674,36.05999755859375,153.1642123210725,RTL
116.49421699999999,POS,37.4275001,-122.1679707,36.05999755859375,152.87248780391056,RTL
116.594177,POS,37.4275001,-122.1679741,36.05999755859375,152.57192315040092,RTL
116.69497,POS,37.4275001,-122.1679774,36.06999969482422,152.28019863324485,RTL
116.79493,POS,37.4275001,-122.1679808,36.06999969482422,151.97963397974135,RTL
116.89489,POS,37.4275001,-122.1679841,36.06999969482422,151.6879094625913,RTL
116.99485,POS,37.4275001,-122.1679876,36.06999969482422,151.37850467148746,RTL
117.09481,POS,37.4275001,-122.1679909,36.06999969482422,151.0867801543436,RTL
117.19476999999999,POS,37.4275001,-122.1679943,36.06999969482422,150.78621550085262,RTL
117.29473,POS,37.4275001,-122.1679977,36.06999969482422,150.4856508473649,RTL
117.39469,POS,37.4275001,-122.1680012,36.06999969482422,150.17624605627427,RTL
117.49465,POS,37.4275001,-122.1680046,36.06999969482422,149.87568140279313,RTL
117.59461,POS,37.4275001,-122.168008,36.06999969482422,149.57511674931527,RTL
117.69457,POS,37.4275001,-122.1680114,36.06999969482422,149.27455209584073,RTL
117.79453,POS,37.4275001,-122.1680148,36.06999969482422,148.97398744236943,RTL
117.89449,POS,37.4275001,-122.1680183,36.06999969482422,148.66458265129592,RTL
117.99445,POS,37.4275001,-122.1680217,36.06999969482422,148.36401799783144,RTL
118.09441,POS,37.4275001,-122.1680251,36.06999969482422,148.0634533443704,RTL
118.19436999999999,POS,37.4275001,-122.1680285,36.06999969482422,147.76288868965645,RTL
118.29433,POS,37.4275001,-122.168032,36.06999969482422,147.45348389985324,RTL
118.39429,POS,37.4275001,-122.1680354,36.05999755859375,147.15291924640255,RTL
118.49425,POS,37.4275001,-122.1680388,36.05999755859375,146.85235459169903,RTL
118.59421,POS,37.4275001,-122.1680422,36.05999755859375,146.55178993825527,RTL
118.69417,POS,37.4275001,-122.1680456,36.05999755859375,146.25122528481504,RTL
118.794963,POS,37.4275001,-122.168049,36.05999755859375,145.95066063137833,RTL
118.89492299999999,POS,37.4275001,-122.1680524,36.05999755859375,145.65009597794514,RTL
118.994883,POS,37.4275002,-122.1680558,36.05999755859375,145.34953250503645,RTL
119.094843,POS,37.4275002,-122.1680593,36.05999755859375,145.04012771819706,RTL
119.194803,POS,37.4275002,-122.1680627,36.05999755859375,144.73956306763685,RTL
119.294763,POS,37.4275002,-122.1680662,36.05999755859375,144.43015827957186,RTL
119.394723,POS,37.4275002,-122.1680696,36.05999755859375,144.12959362904164,RTL
119.494683,POS,37.4275002,-122.1680731,36.05999755859375,143.82018884100768,RTL
119.594643,POS,37.4275002,-122.1680765,36.05999755859375,143.5196241905078,RTL
119.694603,POS,37.4275002,-122.16808,36.05999755859375,143.21021940250532,RTL
119.794563,POS,37.4275002,-122.1680834,36.05999755859375,142.90965475203618,RTL
119.89452299999999,POS,37.4275002,-122.1680869,36.05999755859375,142.6002499640655,RTL
119.994483,POS,37.4275002,-122.1680904,36.05999755859375,142.2908451773675,RTL
120.094443,POS,37.4275002,-122.1680938,36.05999755859375,141.9902805269454,RTL
120.194403,POS,37.4275002,-122.1680973,36.05999755859375,141.68087573902358,RTL
120.294363,POS,37.4275002,-122.1681007,36.05999755859375,141.3803110886333,RTL
120.394323,POS,37.4275002,-122.1681041,36.05999755859375,141.0797464382588,RTL
120.494283,POS,37.4275002,-122.1681076,36.05999755859375,140.77034165038626,RTL
120.59424299999999,POS,37.4275002,-122.168111,36.05999755859375,140.46977700004413,RTL
120.694203,POS,37.4275002,-122.1681144,36.05999755859375,140.16921234971812,RTL
120.794996,POS,37.4275002,-122.1681178,36.05999755859375,139.86864769815207,RTL
120.894956,POS,37.4275002,-122.1681212,36.05999755859375,139.56808304785864,RTL
120.994916,POS,37.4275002,-122.1681246,36.05999755859375,139.26751839758157,RTL
121.094876,POS,37.4275002,-122.1681281,36.05999755859375,138.95811360981,RTL
121.194836,POS,37.4275002,-122.1681316,36.05999755859375,138.6487088233123,RTL
121.294796,POS,37.4275002,-122.168135,36.05999755859375,138.34814417182992,RTL
121.394756,POS,37.4275002,-122.1681385,36.05999755859375,138.03873938536734,RTL
121.494716,POS,37.4275002,-122.1681419,36.05999755859375,137.73817473517553,LAND
121.59467599999999,POS,37.4275002,-122.1681454,36.05999755859375,137.4287699474923,LAND
121.694636,POS,37.4275002,-122.1681488,36.05999755859375,137.1282052973353,LAND
121.794596,POS,37.4275002,-122.1681523,36.05999755859375,136.81880050968812,LAND
121.894556,POS,37.4275002,-122.1681557,36.05999755859375,136.51823585956643,LAND
121.994516,POS,37.4275002,-122.1681592,36.05999755859375,136.20883107195579,LAND
122.094476,POS,37.4275002,-122.1681627,36.05999755859375,135.89942628562017,LAND
122.194436,POS,37.4275002,-122.1681661,36.05999755859375,135.5988616355525,LAND
122.29439599999999,POS,37.4275002,-122.1681696,36.05999755859375,135.2894568479979,LAND
122.394356,POS,37.4275002,-122.168173,36.05999755859375,134.98889219796678,LAND
122.494316,POS,37.4275002,-122.1681764,36.05999755859375,134.68832754795375,LAND
122.594276,POS,37.4275002,-122.1681798,36.05999755859375,134.38776289670278,LAND
122.694236,POS,37.4275002,-122.1681832,36.05999755859375,134.0871982467265,LAND
122.794196,POS,37.4275002,-122.1681865,36.05999755859375,133.79547373301463,LAND
122.894989,POS,37.4275002,-122.1681898,36.06999969482422,133.5037492205766,LAND
122.99494899999999,POS,37.4275002,-122.168193,36.06999969482422,133.22086484314488,LAND
123.094909,POS,37.4275002,-122.168196,36.06999969482422,132.9556607407311,LAND
123.194869,POS,37.4275002,-122.1681989,36.06999969482422,132.699296774576,LAND
123.294829,POS,37.4275002,-122.1682016,36.06999969482422,132.46061308092172,LAND
123.394789,POS,37.4275002,-122.168204,36.07999801635742,132.24844979852114,LAND
123.494749,POS,37.4275002,-122.1682062,36.07999801635742,132.05396678987177,LAND
123.594709,POS,37.4275002,-122.1682083,36.07999801635742,131.86832391747285,LAND
123.694669,POS,37.4275002,-122.1682102,36.07999801635742,131.7003613188216,LAND
123.794629,POS,37.4275002,-122.168212,36.06999969482422,131.5412388576744,LAND
123.894589,POS,37.4275002,-122.1682137,36.06999969482422,131.3909565327741,LAND
123.99454899999999,POS,37.4275002,-122.1682154,36.06999969482422,131.24067420787873,LAND
124.094509,POS,37.4275002,-122.1682171,36.06999969482422,131.09039188173207,LAND
124.194469,POS,37.4275002,-122.1682187,36.06999969482422,130.94894969434338,LAND
124.294429,POS,37.4275002,-122.1682202,36.06999969482422,130.81634764319944,LAND
124.394389,POS,37.4275002,-122.1682216,36.05999755859375,130.69258572829938,LAND
124.494349,POS,37.4275002,-122.168223,36.05999755859375,130.56882381340276,LAND
124.594309,POS,37.4275002,-122.1682243,36.05999755859375,130.45390203474912,LAND
124.69426899999999,POS,37.4275002,-122.1682255,36.05999755859375,130.34782039359402,LAND
124.794229,POS,37.4275002,-122.1682266,36.05999755859375,130.25057888993692,LAND
124.894189,POS,37.4275002,-122.1682276,36.05999755859375,130.1621775225209,LAND
124.994982,POS,37.4275002,-122.1682285,36.05999755859375,130.08261629134546,LAND
125.094942,POS,37.4275002,-122.1682294,36.05999755859375,130.00305506017148,LAND
125.194902,POS,37.4275002,-122.1682301,36.05999755859375,129.94117410273228,LAND
125.294862,POS,37.4275002,-122.1682307,36.05999755859375,129.88813328278863,LAND
125.394822,POS,37.4275002,-122.1682313,36.05999755859375,129.83509246158937,LAND
125.494782,POS,37.4275002,-122.1682317,36.05999755859375,129.79973191412356,LAND
125.594742,POS,37.4275002,-122.1682321,36.05999755859375,129.7643713679143,LAND
125.69470199999999,POS,37.4275002,-122.1682323,36.05999755859375,129.74669109418164,LAND
125.79466199999999,POS,37.4275002,-122.1682325,36.04999923706055,129.72901082044905,LAND
125.894622,POS,37.4275002,-122.1682326,36.029998779296875,129.72017068421093,LAND
125.99458200000001,POS,37.4275002,-122.1682327,36.0,129.7113305467165,LAND
126.09454199999999,POS,37.4275002,-122.1682326,35.959999084472656,129.72017068421093,LAND
126.194502,POS,37.4275002,-122.1682325,35.90999984741211,129.72901082044905,LAND
126.29446200000001,POS,37.4275002,-122.1682323,35.849998474121094,129.74669109418164,LAND
126.39442199999999,POS,37.4275002,-122.1682321,35.779998779296875,129.7643713679143,LAND
126.494382,POS,37.4275002,-122.168232,35.70000076293945,129.77321150415253,LAND
126.59434200000001,POS,37.4275002,-122.1682317,35.61000061035156,129.79973191412356,LAND
126.694302,POS,37.4275002,-122.1682314,35.5,129.82625232535102,LAND
126.794262,POS,37.4275002,-122.168231,35.38999938964844,129.8616128715608,LAND
126.89422199999998,POS,37.4275002,-122.1682307,35.2599983215332,129.88813328278863,LAND
126.994182,POS,37.4275002,-122.1682303,35.130001068115234,129.92349382899891,LAND
127.094975,POS,37.4275002,-122.1682299,34.97999954223633,129.9588543764657,LAND
127.19493499999999,POS,37.4275002,-122.1682296,34.82999801635742,129.98537478643786,LAND
127.294895,POS,37.4275002,-122.1682292,34.66999816894531,130.02073533390515,LAND
127.394855,POS,37.4275002,-122.1682289,34.5099983215332,130.04725574387768,LAND
127.49481499999999,POS,37.4275002,-122.1682286,34.36000061035156,130.07377615385036,LAND
127.594775,POS,37.4275002,-122.1682283,34.20000076293945,130.10029656507947,LAND
127.69473500000001,POS,37.4275002,-122.168228,34.040000915527344,130.12681697505246,LAND
127.79469499999999,POS,37.4275002,-122.1682278,33.880001068115234,130.14449724878668,LAND
127.894655,POS,37.4275002,-122.1682276,33.71999740600586,130.1621775225209,LAND
127.99461500000001,POS,37.4275002,-122.1682274,33.56999969482422,130.17985779499892,LAND
128.094575,POS,37.4275002,-122.1682272,33.40999984741211,130.19753806873334,LAND
128.194535,POS,37.4275002,-122.1682271,33.2599983215332,130.2063782062287,LAND
128.294495,POS,37.4275002,-122.1682269,33.099998474121094,130.2240584799632,LAND
128.394455,POS,37.4275002,-122.1682268,32.95000076293945,130.2328986162023,LAND
128.494415,POS,37.4275002,-122.1682267,32.79999923706055,130.24173875244148,LAND
128.59437499999999,POS,37.4275002,-122.1682266,32.64999771118164,130.25057888993692,LAND
128.694335,POS,37.4275002,-122.1682265,32.5,130.2594190261761,LAND
128.794295,POS,37.4275002,-122.1682265,32.349998474121094,130.2594190261761,LAND
128.894255,POS,37.4275002,-122.1682264,32.20000076293945,130.26825916367156,LAND
128.994215,POS,37.4275002,-122.1682264,32.04999923706055,130.26825916367156,LAND
129.094175,POS,37.4275002,-122.1682263,31.899999618530273,130.27709929991082,LAND
129.194968,POS,37.4275002,-122.1682263,31.75,130.27709929991082,LAND
129.294928,POS,37.4275002,-122.1682263,31.599998474121094,130.27709929991082,LAND
129.394888,POS,37.4275002,-122.1682262,31.44999885559082,130.28593943615004,LAND
129.494848,POS,37.4275002,-122.1682262,31.299999237060547,130.28593943615004,LAND
129.594808,POS,37.4275002,-122.1682262,31.149999618530273,130.28593943615004,LAND
129.694768,POS,37.4275002,-122.1682262,31.0,130.28593943615004,LAND
129.794728,POS,37.4275002,-122.1682262,30.849998474121094,130.28593943615004,LAND
129.894688,POS,37.4275002,-122.1682262,30.69999885559082,130.28593943615004,LAND
129.994648,POS,37.4275002,-122.1682262,30.549999237060547,130.28593943615004,LAND
130.094608,POS,37.4275002,-122.1682262,30.399999618530273,130.28593943615004,LAND
130.194568,POS,37.4275002,-122.1682262,30.25,130.28593943615004,LAND
130.29452799999999,POS,37.4275002,-122.1682262,30.099998474121094,130.28593943615004,LAND
130.394488,POS,37.4275002,-122.1682262,29.94999885559082,130.28593943615004,LAND
130.494448,POS,37.4275002,-122.1682262,29.799999237060547,130.28593943615004,LAND
130.594408,POS,37.4275002,-122.1682262,29.649999618530273,130.28593943615004,LAND
130.694368,POS,37.4275002,-122.1682262,29.5,130.28593943615004,LAND
130.794328,POS,37.4275002,-122.1682262,29.349998474121094,130.28593943615004,LAND
130.894288,POS,37.4275002,-122.1682262,29.19999885559082,130.28593943615004,LAND
130.994248,POS,37.4275002,-122.1682262,29.059999465942383,130.28593943615004,LAND
131.094208,POS,37.4275002,-122.1682262,28.90999984741211,130.28593943615004,LAND
131.194168,POS,37.4275002,-122.1682262,28.760000228881836,130.28593943615004,LAND
131.294961,POS,37.4275002,-122.1682262,28.60999870300293,130.28593943615004,LAND
131.394921,POS,37.4275002,-122.1682262,28.459999084472656,130.28593943615004,LAND
131.494881,POS,37.4275002,-122.1682263,28.309999465942383,130.27709929991082,LAND
131.594841,POS,37.4275002,-122.1682263,28.15999984741211,130.27709929991082,LAND
131.69480099999998,POS,37.4275002,-122.1682263,28.010000228881836,130.27709929991082,LAND
131.794761,POS,37.4275002,-122.1682263,27.85999870300293,130.27709929991082,LAND
131.894721,POS,37.4275002,-122.1682263,27.709999084472656,130.27709929991082,LAND
131.99468099999999,POS,37.4275002,-122.1682263,27.559999465942383,130.27709929991082,LAND
132.094641,POS,37.4275002,-122.1682263,27.40999984741211,130.27709929991082,LAND
132.194601,POS,37.4275002,-122.1682263,27.26999855041504,130.27709929991082,LAND
132.294561,POS,37.4275002,-122.1682264,27.1299991607666,130.26825916367156,LAND
132.394521,POS,37.4275002,-122.1682264,27.0,130.26825916367156,LAND
132.494481,POS,37.4275002,-122.1682265,26.889999389648438,130.2594190261761,LAND
132.594441,POS,37.4275002,-122.1682265,26.779998779296875,130.2594190261761,LAND
132.694401,POS,37.4275002,-122.1682266,26.68000030517578,130.25057888993692,LAND
132.794361,POS,37.4275002,-122.1682266,26.599998474121094,130.25057888993692,LAND
132.894321,POS,37.4275002,-122.1682267,26.529998779296875,130.24173875244148,LAND
132.994281,POS,37.4275002,-122.1682268,26.469999313354492,130.2328986162023,LAND
133.094241,POS,37.4275002,-122.1682268,26.420000076293945,130.2328986162023,LAND
133.194201,POS,37.4275002,-122.1682269,26.369998931884766,130.2240584799632,LAND
133.294994,POS,37.4275002,-122.1682269,26.31999969482422,130.2240584799632,LAND
133.39495399999998,POS,37.4275002,-122.1682269,26.279998779296875,130.2240584799632,LAND
133.494914,POS,37.4275002,-122.1682269,26.239999771118164,130.2240584799632,LAND
133.594874,POS,37.4275002,-122.1682269,26.19999885559082,130.2240584799632,LAND
133.694834,POS,37.4275002,-122.1682269,26.15999984741211,130.2240584799632,LAND
133.794794,POS,37.4275002,-122.1682269,26.119998931884766,130.2240584799632,LAND
133.894754,POS,37.4275002,-122.1682269,26.079999923706055,130.2240584799632,LAND
133.994714,POS,37.4275002,-122.1682268,26.029998779296875,130.2328986162023,LAND
134.094674,POS,37.4275002,-122.1682268,25.989999771118164,130.2328986162023,LAND
134.194634,POS,37.4275002,-122.1682267,25.939998626708984,130.24173875244148,LAND
134.294594,POS,37.4275002,-122.1682266,25.889999389648438,130.25057888993692,LAND
134.394554,POS,37.4275002,-122.1682265,25.849998474121094,130.2594190261761,LAND
134.494514,POS,37.4275002,-122.1682265,25.799999237060547,130.2594190261761,LAND
134.594474,POS,37.4275002,-122.1682264,25.75,130.26825916367156,LAND
134.694434,POS,37.4275002,-122.1682263,25.69999885559082,130.27709929991082,LAND
134.794394,POS,37.4275002,-122.1682262,25.649999618530273,130.28593943615004,LAND
134.894354,POS,37.4275002,-122.1682261,25.599998474121094,130.29477957364557,LAND
134.994314,POS,37.4275002,-122.168226,25.549999237060547,130.30361970988486,LAND
135.09427399999998,POS,37.4275002,-122.168226,25.489999771118164,130.30361970988486,LAND
135.194234,POS,37.4275002,-122.1682259,25.439998626708984,130.3124598473804,LAND
135.294194,POS,37.4275002,-122.1682258,25.389999389648438,130.3212999836197,LAND
135.394987,POS,37.4275002,-122.1682257,25.34000015258789,130.33014012111533,LAND
135.494947,POS,37.4275002,-122.1682257,25.28999900817871,130.33014012111533,LAND
135.594907,POS,37.4275002,-122.1682256,25.239999771118164,130.33898025735465,LAND
135.694867,POS,37.4275002,-122.1682255,25.189998626708984,130.34782039359402,LAND
135.794827,POS,37.4275002,-122.1682255,25.139999389648438,130.34782039359402,LAND
135.894787,POS,37.4275002,-122.1682254,25.09000015258789,130.35666053108966,LAND
135.994747,POS,37.4275002,-122.1682254,25.03999900817871,130.35666053108966,LAND
136.094707,POS,37.4275002,-122.1682253,24.989999771118164,130.36550066732906,LAND
136.194667,POS,37.4275002,-122.1682253,24.939998626708984,130.36550066732906,LAND
136.294627,POS,37.4275002,-122.1682252,24.889999389648438,130.37434080482475,LAND
136.394587,POS,37.4275002,-122.1682252,24.84000015258789,130.37434080482475,LAND
136.494547,POS,37.4275002,-122.1682252,24.78999900817871,130.37434080482475,LAND
136.594507,POS,37.4275002,-122.1682251,24.739999771118164,130.3831809410642,LAND
136.694467,POS,37.4275002,-122.1682251,24.689998626708984,130.3831809410642,LAND
136.79442699999998,POS,37.4275002,-122.1682251,24.639999389648438,130.3831809410642,LAND
136.894387,POS,37.4275002,-122.1682251,24.579999923706055,130.3831809410642,LAND
136.994347,POS,37.4275002,-122.168225,24.529998779296875,130.39202107730367,LAND
137.094307,POS,37.4275002,-122.168225,24.479999542236328,130.39202107730367,LAND
137.194267,POS,37.4275002,-122.168225,24.43000030517578,130.39202107730367,LAND
137.294227,POS,37.4275002,-122.168225,24.3799991607666,130.39202107730367,LAND
137.394187,POS,37.4275002,-122.168225,24.329999923706055,130.39202107730367,LAND
137.49498,POS,37.4275002,-122.168225,24.279998779296875,130.39202107730367,LAND
137.59494,POS,37.4275002,-122.1682249,24.229999542236328,130.40086121479936,LAND
137.6949,POS,37.4275002,-122.1682249,24.18000030517578,130.40086121479936,LAND
137.79486,POS,37.4275002,-122.1682249,24.1299991607666,130.40086121479936,LAND
137.89482,POS,37.4275002,-122.1682249,24.079999923706055,130.40086121479936,LAND
137.99478,POS,37.4275002,-122.1682249,24.029998779296875,130.40086121479936,LAND
138.09474,POS,37.4275002,-122.1682249,23.979999542236328,130.40086121479936,LAND
138.1947,POS,37.4275002,-122.1682249,23.93000030517578,130.40086121479936,LAND
138.29466,POS,37.4275002,-122.1682249,23.8799991607666,130.40086121479936,LAND
138.39462,POS,37.4275002,-122.1682249,23.829999923706055,130.40086121479936,LAND
138.49457999999998,POS,37.4275002,-122.1682249,23.779998779296875,130.40086121479936,LAND
138.59454,POS,37.4275002,-122.1682249,23.729999542236328,130.40086121479936,LAND
138.6945,POS,37.4275002,-122.1682249,23.68000030517578,130.40086121479936,LAND
138.79446,POS,37.4275002,-122.1682249,23.6299991607666,130.40086121479936,LAND
138.89442,POS,37.4275002,-122.1682249,23.579999923706055,130.40086121479936,LAND
138.99438,POS,37.4275002,-122.1682249,23.529998779296875,130.40086121479936,LAND
139.09434,POS,37.4275002,-122.1682249,23.479999542236328,130.40086121479936,LAND
139.1943,POS,37.4275002,-122.1682249,23.43000030517578,130.40086121479936,LAND
139.29426,POS,37.4275002,-122.1682249,23.3799991607666,130.40086121479936,LAND
139.39422,POS,37.4275002,-122.1682249,23.329999923706055,130.40086121479936,LAND
139.49418,POS,37.4275002,-122.1682249,23.279998779296875,130.40086121479936,LAND
139.594973,POS,37.4275002,-122.1682248,23.229999542236328,130.40970135103888,LAND
139.694933,POS,37.4275002,-122.1682248,23.18000030517578,130.40970135103888,LAND
139.794893,POS,37.4275002,-122.1682248,23.1299991607666,130.40970135103888,LAND
139.894853,POS,37.4275002,-122.1682248,23.079999923706055,130.40970135103888,LAND
139.994813,POS,37.4275002,-122.1682248,23.029998779296875,130.40970135103888,LAND
140.094773,POS,37.4275002,-122.1682248,22.979999542236328,130.40970135103888,LAND
140.19473299999999,POS,37.4275002,-122.1682248,22.93000030517578,130.40970135103888,LAND
140.294693,POS,37.4275002,-122.1682248,22.8799991607666,130.40970135103888,LAND
140.394653,POS,37.4275002,-122.1682248,22.829999923706055,130.40970135103888,LAND
140.494613,POS,37.4275002,-122.1682248,22.779998779296875,130.40970135103888,LAND
140.594573,POS,37.4275002,-122.1682248,22.729999542236328,130.40970135103888,LAND
140.694533,POS,37.4275002,-122.1682248,22.68000030517578,130.40970135103888,LAND
140.794493,POS,37.4275002,-122.1682248,22.6299991607666,130.40970135103888,LAND
140.894453,POS,37.4275002,-122.1682248,22.579999923706055,130.40970135103888,LAND
140.994413,POS,37.4275002,-122.1682248,22.529998779296875,130.40970135103888,LAND
141.094373,POS,37.4275002,-122.1682248,22.479999542236328,130.40970135103888,LAND
141.194333,POS,37.4275002,-122.1682248,22.43000030517578,130.40970135103888,LAND
141.294293,POS,37.4275002,-122.1682248,22.3799991607666,130.40970135103888,LAND
141.394253,POS,37.4275002,-122.1682248,22.329999923706055,130.40970135103888,LAND
141.494213,POS,37.4275002,-122.1682248,22.26999855041504,130.40970135103888,LAND
141.594173,POS,37.4275002,-122.1682248,22.219999313354492,130.40970135103888,LAND
141.694966,POS,37.4275002,-122.1682248,22.170000076293945,130.40970135103888,LAND
141.794926,POS,37.4275002,-122.1682248,22.119998931884766,130.40970135103888,LAND
141.89488599999999,POS,37.4275002,-122.1682248,22.06999969482422,130.40970135103888,LAND
141.994846,POS,37.4275002,-122.1682248,22.020000457763672,130.40970135103888,LAND
142.094806,POS,37.4275002,-122.1682248,21.969999313354492,130.40970135103888,LAND
142.194766,POS,37.4275002,-122.1682248,21.920000076293945,130.40970135103888,LAND
142.294726,POS,37.4275002,-122.1682248,21.869998931884766,130.40970135103888,LAND
142.394686,POS,37.4275002,-122.1682248,21.81999969482422,130.40970135103888,LAND
142.494646,POS,37.4275002,-122.1682248,21.770000457763672,130.40970135103888,LAND
142.594606,POS,37.4275002,-122.1682248,21.719999313354492,130.40970135103888,LAND
142.694566,POS,37.4275002,-122.1682248,21.670000076293945,130.40970135103888,LAND
142.794526,POS,37.4275002,-122.1682248,21.619998931884766,130.40970135103888,LAND
142.894486,POS,37.4275002,-122.1682248,21.56999969482422,130.40970135103888,LAND
142.994446,POS,37.4275002,-122.1682248,21.520000457763672,130.40970135103888,LAND
143.094406,POS,37.4275002,-122.1682248,21.469999313354492,130.40970135103888,LAND
143.194366,POS,37.4275002,-122.1682248,21.420000076293945,130.40970135103888,LAND
143.294326,POS,37.4275002,-122.1682248,21.369998931884766,130.40970135103888,LAND
143.394286,POS,37.4275002,-122.1682248,21.31999969482422,130.40970135103888,LAND
143.494246,POS,37.4275002,-122.1682248,21.270000457763672,130.40970135103888,LAND
143.59420599999999,POS,37.4275002,-122.1682248,21.219999313354492,130.40970135103888,LAND
143.694999,POS,37.4275002,-122.1682248,21.170000076293945,130.40970135103888,LAND
143.794959,POS,37.4275002,-122.1682248,21.119998931884766,130.40970135103888,LAND
143.894919,POS,37.4275002,-122.1682248,21.06999969482422,130.40970135103888,LAND
143.994879,POS,37.4275002,-122.1682248,21.020000457763672,130.40970135103888,LAND
144.094839,POS,37.4275002,-122.1682248,20.969999313354492,130.40970135103888,LAND
144.194799,POS,37.4275002,-122.1682248,20.920000076293945,130.40970135103888,LAND
144.294759,POS,37.4275002,-122.1682248,20.869998931884766,130.40970135103888,LAND
144.394719,POS,37.4275002,-122.1682248,20.81999969482422,130.40970135103888,LAND
144.494679,POS,37.4275002,-122.1682248,20.770000457763672,130.40970135103888,LAND
144.594639,POS,37.4275002,-122.1682248,20.719999313354492,130.40970135103888,LAND
144.694599,POS,37.4275002,-122.1682248,20.670000076293945,130.40970135103888,LAND
144.794559,POS,37.4275002,-122.1682248,20.619998931884766,130.40970135103888,LAND
144.894519,POS,37.4275002,-122.1682248,20.56999969482422,130.40970135103888,LAND
144.99447899999998,POS,37.4275002,-122.1682248,20.520000457763672,130.40970135103888,LAND
145.094439,POS,37.4275002,-122.1682248,20.469999313354492,130.40970135103888,LAND
145.194399,POS,37.4275002,-122.1682248,20.420000076293945,130.40970135103888,LAND
145.294359,POS,37.4275002,-122.1682248,20.369998931884766,130.40970135103888,LAND
145.394319,POS,37.4275002,-122.1682248,20.31999969482422,130.40970135103888,LAND
145.494279,POS,37.4275002,-122.1682248,20.270000457763672,130.40970135103888,LAND
145.594239,POS,37.4275002,-122.1682248,20.219999313354492,130.40970135103888,LAND
145.694199,POS,37.4275002,-122.1682248,20.170000076293945,130.40970135103888,LAND
145.794992,POS,37.4275002,-122.1682248,20.119998931884766,130.40970135103888,LAND
145.894952,POS,37.4275002,-122.1682248,20.06999969482422,130.40970135103888,LAND
145.994912,POS,37.4275002,-122.1682248,20.020000457763672,130.40970135103888,LAND
146.094872,POS,37.4275002,-122.1682248,19.969999313354492,130.40970135103888,LAND
146.194832,POS,37.4275002,-122.1682248,19.920000076293945,130.40970135103888,LAND
146.294792,POS,37.4275002,-122.1682248,19.869998931884766,130.40970135103888,LAND
146.394752,POS,37.4275002,-122.1682248,19.81999969482422,130.40970135103888,LAND
146.494712,POS,37.4275002,-122.1682248,19.770000457763672,130.40970135103888,LAND
146.594672,POS,37.4275002,-122.1682248,19.719999313354492,130.40970135103888,LAND
146.69463199999998,POS,37.4275002,-122.1682248,19.670000076293945,130.40970135103888,LAND
146.794592,POS,37.4275002,-122.1682248,19.619998931884766,130.40970135103888,LAND
146.894552,POS,37.4275002,-122.1682248,19.56999969482422,130.40970135103888,LAND
146.994512,POS,37.4275002,-122.1682248,19.520000457763672,130.40970135103888,LAND
147.094472,POS,37.4275002,-122.1682248,19.469999313354492,130.40970135103888,LAND
147.194432,POS,37.4275002,-122.1682248,19.420000076293945,130.40970135103888,LAND
147.294392,POS,37.4275002,-122.1682249,19.369998931884766,130.40086121479936,LAND
147.394352,POS,37.4275002,-122.1682249,19.31999969482422,130.40086121479936,LAND
147.494312,POS,37.4275002,-122.1682249,19.270000457763672,130.40086121479936,LAND
147.594272,POS,37.4275002,-122.1682249,19.219999313354492,130.40086121479936,LAND
147.694232,POS,37.4275002,-122.1682249,19.170000076293945,130.40086121479936,LAND
147.794192,POS,37.4275002,-122.1682249,19.119998931884766,130.40086121479936,LAND
147.894985,POS,37.4275002,-122.1682249,19.06999969482422,130.40086121479936,LAND
147.994945,POS,37.4275002,-122.1682249,19.020000457763672,130.40086121479936,LAND
148.094905,POS,37.4275002,-122.1682249,18.969999313354492,130.40086121479936,LAND
148.194865,POS,37.4275002,-122.1682249,18.920000076293945,130.40086121479936,LAND
148.294825,POS,37.4275002,-122.1682249,18.869998931884766,130.40086121479936,LAND
148.39478499999998,POS,37.4275002,-122.1682249,18.81999969482422,130.40086121479936,LAND
148.494745,POS,37.4275002,-122.1682249,18.770000457763672,130.40086121479936,LAND
148.594705,POS,37.4275002,-122.1682249,18.719999313354492,130.40086121479936,LAND
148.694665,POS,37.4275002,-122.1682249,18.670000076293945,130.40086121479936,LAND
148.794625,POS,37.4275002,-122.1682249,18.619998931884766,130.40086121479936,LAND
148.894585,POS,37.4275002,-122.1682249,18.56999969482422,130.40086121479936,LAND
148.994545,POS,37.4275002,-122.1682249,18.520000457763672,130.40086121479936,LAND
149.094505,POS,37.4275002,-122.1682249,18.469999313354492,130.40086121479936,LAND
149.194465,POS,37.4275002,-122.1682249,18.420000076293945,130.40086121479936,LAND
149.294425,POS,37.4275002,-122.1682249,18.369998931884766,130.40086121479936,LAND
149.394385,POS,37.4275002,-122.168225,18.31999969482422,130.39202107730367,LAND
149.494345,POS,37.4275002,-122.168225,18.270000457763672,130.39202107730367,LAND
149.594305,POS,37.4275002,-122.168225,18.219999313354492,130.39202107730367,LAND
149.694265,POS,37.4275002,-122.168225,18.170000076293945,130.39202107730367,LAND
149.794225,POS,37.4275002,-122.168225,18.119998931884766,130.39202107730367,LAND
149.894185,POS,37.4275002,-122.168225,18.06999969482422,130.39202107730367,LAND
149.994978,POS,37.4275002,-122.168225,18.020000457763672,130.39202107730367,LAND
150.09493799999998,POS,37.4275002,-122.168225,17.969999313354492,130.39202107730367,LAND
150.194898,POS,37.4275002,-122.168225,17.920000076293945,130.39202107730367,LAND
150.294858,POS,37.4275002,-122.168225,17.869998931884766,130.39202107730367,LAND
150.394818,POS,37.4275002,-122.168225,17.81999969482422,130.39202107730367,LAND
150.494778,POS,37.4275002,-122.168225,17.770000457763672,130.39202107730367,LAND
150.594738,POS,37.4275002,-122.168225,17.719999313354492,130.39202107730367,LAND
150.694698,POS,37.4275002,-122.168225,17.670000076293945,130.39202107730367,LAND
150.794658,POS,37.4275002,-122.168225,17.619998931884766,130.39202107730367,LAND
150.894618,POS,37.4275002,-122.168225,17.56999969482422,130.39202107730367,LAND
150.994578,POS,37.4275002,-122.1682251,17.520000457763672,130.3831809410642,LAND
151.094538,POS,37.4275002,-122.1682251,17.469999313354492,130.3831809410642,LAND
151.194498,POS,37.4275002,-122.1682251,17.420000076293945,130.3831809410642,LAND
151.294458,POS,37.4275002,-122.1682251,17.369998931884766,130.3831809410642,LAND
151.394418,POS,37.4275002,-122.1682251,17.31999969482422,130.3831809410642,LAND
151.494378,POS,37.4275002,-122.1682251,17.270000457763672,130.3831809410642,LAND
151.594338,POS,37.4275002,-122.1682251,17.219999313354492,130.3831809410642,LAND
151.694298,POS,37.4275002,-122.1682251,17.170000076293945,130.3831809410642,LAND
151.79425799999999,POS,37.4275002,-122.1682251,17.119998931884766,130.3831809410642,LAND
151.894218,POS,37.4275002,-122.1682251,17.06999969482422,130.3831809410642,LAND
151.994178,POS,37.4275002,-122.1682251,17.020000457763672,130.3831809410642,LAND
152.094971,POS,37.4275002,-122.1682251,16.969999313354492,130.3831809410642,LAND
152.194931,POS,37.4275002,-122.1682251,16.920000076293945,130.3831809410642,LAND
152.294891,POS,37.4275002,-122.1682252,16.869998931884766,130.37434080482475,LAND
152.394851,POS,37.4275002,-122.1682252,16.81999969482422,130.37434080482475,LAND
152.494811,POS,37.4275002,-122.1682252,16.770000457763672,130.37434080482475,LAND
152.594771,POS,37.4275002,-122.1682252,16.719999313354492,130.37434080482475,LAND
152.694731,POS,37.4275002,-122.1682252,16.670000076293945,130.37434080482475,LAND
152.794691,POS,37.4275002,-122.1682252,16.619998931884766,130.37434080482475,LAND
152.894651,POS,37.4275002,-122.1682252,16.56999969482422,130.37434080482475,LAND
152.994611,POS,37.4275002,-122.1682252,16.520000457763672,130.37434080482475,LAND
153.094571,POS,37.4275002,-122.1682253,16.469999313354492,130.36550066732906,LAND
153.194531,POS,37.4275002,-122.1682253,16.420000076293945,130.36550066732906,LAND
153.294491,POS,37.4275002,-122.1682253,16.369998931884766,130.36550066732906,LAND
153.394451,POS,37.4275002,-122.1682253,16.31999969482422,130.36550066732906,LAND
153.49441099999999,POS,37.4275002,-122.1682253,16.270000457763672,130.36550066732906,LAND
153.594371,POS,37.4275002,-122.1682254,16.219999313354492,130.35666053108966,LAND
153.694331,POS,37.4275002,-122.1682254,16.170000076293945,130.35666053108966,LAND
153.794291,POS,37.4275002,-122.1682254,16.139999389648438,130.35666053108966,LAND
153.894251,POS,37.4275002,-122.1682254,16.149999618530273,130.35666053108966,LAND
153.994211,POS,37.4275002,-122.1682254,16.149999618530273,130.35666053108966,LAND
154.094171,POS,37.4275002,-122.1682254,16.149999618530273,130.35666053108966,LAND
154.194964,POS,37.4275002,-122.1682254,16.149999618530273,130.35666053108966,LAND
154.294924,POS,37.4275001,-122.1682254,16.139999389648438,130.3566591922132,LAND
154.394884,POS,37.4275001,-122.1682254,16.139999389648438,130.3566591922132,LAND
154.494844,POS,37.4275001,-122.1682254,16.1299991607666,130.3566591922132,LAND
154.594804,POS,37.4275001,-122.1682254,16.1299991607666,130.3566591922132,LAND
154.694764,POS,37.4275001,-122.1682254,16.1299991607666,130.3566591922132,LAND
154.794724,POS,37.4275001,-122.1682254,16.1299991607666,130.3566591922132,LAND
154.894684,POS,37.4275001,-122.1682254,16.1299991607666,130.3566591922132,LAND
154.994644,POS,37.4275001,-122.1682254,16.119998931884766,130.3566591922132,LAND
155.094604,POS,37.4275001,-122.1682254,16.119998931884766,130.3566591922132,LAND
155.19456399999999,POS,37.4275001,-122.1682254,16.119998931884766,130.3566591922132,LAND
155.294524,POS,37.4275001,-122.1682254,16.119998931884766,130.3566591922132,LAND
155.394484,POS,37.4275001,-122.1682254,16.119998931884766,130.3566591922132,LAND
155.494444,POS,37.4275001,-122.1682254,16.119998931884766,130.3566591922132,LAND
155.594404,POS,37.4275001,-122.1682254,16.119998931884766,130.3566591922132,LAND
155.694364,POS,37.4275001,-122.1682254,16.10999870300293,130.3566591922132,LAND
155.794324,POS,37.4275001,-122.1682254,16.10999870300293,130.3566591922132,LAND
155.894284,POS,37.4275001,-122.1682254,16.10999870300293,130.3566591922132,LAND
155.994244,POS,37.4275001,-122.1682254,16.10999870300293,130.3566591922132,LAND
156.094204,POS,37.4275001,-122.1682254,16.10999870300293,130.3566591922132,LAND
156.194997,POS,37.4275001,-122.1682254,16.10999870300293,130.3566591922132,LAND
156.294957,POS,37.4275001,-122.1682254,16.100000381469727,130.3566591922132,LAND
156.394917,POS,37.4275001,-122.1682254,16.100000381469727,130.3566591922132,LAND
156.494877,POS,37.4275001,-122.1682254,16.100000381469727,130.3566591922132,LAND
156.59483699999998,POS,37.4275001,-122.1682254,16.100000381469727,130.3566591922132,LAND
