time_s,source,lat,lon,alt,distance_m,mode
6.294981,POS,37.4274999,-122.1697,16.100000381469727,0.011131949209416398,STABILIZE
6.394940999999999,POS,37.4274999,-122.1697,16.100000381469727,0.011131949209416398,STABILIZE
6.4949010000000005,POS,37.4274999,-122.1697,16.100000381469727,0.011131949209416398,STABILIZE
6.594861,POS,37.4274999,-122.1697,16.100000381469727,0.011131949209416398,STABILIZE
6.694820999999999,POS,37.4274999,-122.1697,16.100000381469727,0.011131949209416398,STABILIZE
6.794781,POS,37.4274999,-122.1697,16.100000381469727,0.011131949209416398,GUIDED
6.894741,POS,37.4274999,-122.1697,16.100000381469727,0.011131949209416398,GUIDED
6.994700999999999,POS,37.4274999,-122.1697,16.100000381469727,0.011131949209416398,GUIDED
7.094661,POS,37.4274999,-122.1697,16.100000381469727,0.011131949209416398,GUIDED
7.194621,POS,37.4274999,-122.1697,16.100000381469727,0.011131949209416398,GUIDED
7.294580999999999,POS,37.4274999,-122.1697,16.100000381469727,0.011131949209416398,GUIDED
7.394541,POS,37.4274999,-122.1697,16.100000381469727,0.011131949209416398,GUIDED
7.494501,POS,37.4274999,-122.1697,16.100000381469727,0.011131949209416398,GUIDED
7.594460999999999,POS,37.4274999,-122.1697,16.100000381469727,0.011131949209416398,GUIDED
7.694421,POS,37.4274999,-122.1697,16.100000381469727,0.011131949209416398,GUIDED
7.794381,POS,37.4274999,-122.1697,16.100000381469727,0.011131949209416398,GUIDED
7.894341000000001,POS,37.4274999,-122.1697,16.100000381469727,0.011131949209416398,GUIDED
7.994301,POS,37.4274999,-122.1697,16.100000381469727,0.011131949209416398,GUIDED
8.094261,POS,37.4274999,-122.1697,16.100000381469727,0.011131949209416398,GUIDED
8.194221,POS,37.4274999,-122.1697,16.100000381469727,0.011131949209416398,GUIDED
8.294181,POS,37.4274999,-122.1697,16.100000381469727,0.011131949209416398,GUIDED
8.394974,POS,37.4274999,-122.1697,16.100000381469727,0.011131949209416398,GUIDED
8.494934,POS,37.4274999,-122.1697,16.100000381469727,0.011131949209416398,GUIDED
8.594894,POS,37.4274999,-122.1697,16.100000381469727,0.011131949209416398,GUIDED
8.694854,POS,37.4274999,-122.1697,16.100000381469727,0.011131949209416398,GUIDED
8.794814,POS,37.4274999,-122.1697,16.100000381469727,0.011131949209416398,GUIDED
8.894774,POS,37.4274999,-122.1697,16.100000381469727,0.011131949209416398,GUIDED
8.994734,POS,37.4274999,-122.1697,16.100000381469727,0.011131949209416398,GUIDED
9.094694,POS,37.4274999,-122.1697,16.100000381469727,0.011131949209416398,GUIDED
9.194654,POS,37.4274999,-122.1697,16.100000381469727,0.011131949209416398,GUIDED
9.294614,POS,37.4274999,-122.1697,16.100000381469727,0.011131949209416398,GUIDED
9.394574,POS,37.4274999,-122.1697,16.100000381469727,0.011131949209416398,GUIDED
9.494534,POS,37.4274999,-122.1697,16.100000381469727,0.011131949209416398,GUIDED
9.594494,POS,37.4274999,-122.1697,16.100000381469727,0.011131949209416398,GUIDED
9.694454,POS,37.4274999,-122.1697,16.100000381469727,0.011131949209416398,GUIDED
9.794414,POS,37.4274999,-122.1697,16.100000381469727,0.011131949209416398,GUIDED
9.894374,POS,37.4274999,-122.1697,16.100000381469727,0.011131949209416398,GUIDED
9.994334,POS,37.4274999,-122.1697,16.100000381469727,0.011131949209416398,GUIDED
10.094294,POS,37.4274999,-122.1697,16.100000381469727,0.011131949209416398,GUIDED
10.194253999999999,POS,37.4274999,-122.1697,16.100000381469727,0.011131949209416398,GUIDED
10.294214,POS,37.4274999,-122.1697,16.100000381469727,0.011131949209416398,GUIDED
10.394174,POS,37.4274999,-122.1697,16.100000381469727,0.011131949209416398,GUIDED
10.494966999999999,POS,37.4274999,-122.1697,16.100000381469727,0.011131949209416398,GUIDED
10.594927,POS,37.4274999,-122.1697,16.100000381469727,0.011131949209416398,GUIDED
10.694887,POS,37.4274999,-122.1697,16.100000381469727,0.011131949209416398,GUIDED
10.794847,POS,37.4274999,-122.1697,16.100000381469727,0.011131949209416398,GUIDED
10.894807,POS,37.4274999,-122.1697,16.100000381469727,0.011131949209416398,GUIDED
10.994767,POS,37.4274999,-122.1697,16.100000381469727,0.011131949209416398,GUIDED
11.094727,POS,37.4274999,-122.1697,16.100000381469727,0.011131949209416398,GUIDED
11.194687,POS,37.4274999,-122.1697,16.100000381469727,0.011131949209416398,GUIDED
11.294647,POS,37.4274999,-122.1697,16.100000381469727,0.011131949209416398,GUIDED
11.394607,POS,37.4274999,-122.1697,16.100000381469727,0.011131949209416398,GUIDED
11.494567,POS,37.4274999,-122.1697,16.100000381469727,0.011131949209416398,GUIDED
11.594527,POS,37.4274999,-122.1697,16.100000381469727,0.011131949209416398,GUIDED
11.694487,POS,37.4274999,-122.1697,16.100000381469727,0.011131949209416398,GUIDED
11.794447,POS,37.4274999,-122.1697,16.100000381469727,0.011131949209416398,GUIDED
11.894407,POS,37.4274999,-122.1697,16.100000381469727,0.011131949209416398,GUIDED
11.994367,POS,37.4274999,-122.1697,16.100000381469727,0.011131949209416398,GUIDED
12.094327,POS,37.4274999,-122.1697,16.100000381469727,0.011131949209416398,GUIDED
12.194287,POS,37.4274999,-122.1697,16.100000381469727,0.011131949209416398,GUIDED
12.294247,POS,37.4274999,-122.1697,16.100000381469727,0.011131949209416398,GUIDED
12.394207,POS,37.4274999,-122.1697,16.100000381469727,0.011131949209416398,GUIDED
12.495,POS,37.4274999,-122.1697,16.100000381469727,0.011131949209416398,GUIDED
12.59496,POS,37.4274999,-122.1697,16.100000381469727,0.011131949209416398,GUIDED
12.69492,POS,37.4274999,-122.1697,16.100000381469727,0.011131949209416398,GUIDED
12.79488,POS,37.4274999,-122.1697,16.100000381469727,0.011131949209416398,GUIDED
12.89484,POS,37.4274999,-122.1697,16.100000381469727,0.011131949209416398,GUIDED
12.9948,POS,37.4274999,-122.1697,16.100000381469727,0.011131949209416398,GUIDED
13.094759999999999,POS,37.4274999,-122.1697,16.100000381469727,0.011131949209416398,GUIDED
13.19472,POS,37.4274999,-122.1697,16.100000381469727,0.011131949209416398,GUIDED
13.29468,POS,37.4274999,-122.1697,16.100000381469727,0.011131949209416398,GUIDED
13.39464,POS,37.4274999,-122.1697,16.100000381469727,0.011131949209416398,GUIDED
13.4946,POS,37.4274999,-122.1697,16.100000381469727,0.011131949209416398,GUIDED
13.59456,POS,37.4274999,-122.1697,16.100000381469727,0.011131949209416398,GUIDED
13.69452,POS,37.4274999,-122.1697,16.100000381469727,0.011131949209416398,GUIDED
13.794479999999998,POS,37.4274999,-122.1697,16.100000381469727,0.011131949209416398,GUIDED
13.894440000000001,POS,37.4274999,-122.1697,16.100000381469727,0.011131949209416398,GUIDED
13.9944,POS,37.4274999,-122.1697,16.100000381469727,0.011131949209416398,GUIDED
14.09436,POS,37.4274999,-122.1697,16.100000381469727,0.011131949209416398,GUIDED
14.19432,POS,37.4274999,-122.1697,16.100000381469727,0.011131949209416398,GUIDED
14.294279999999999,POS,37.4274999,-122.1697,16.100000381469727,0.011131949209416398,GUIDED
14.394239999999998,POS,37.4274999,-122.1697,16.100000381469727,0.011131949209416398,GUIDED
14.494200000000001,POS,37.4274999,-122.1697,16.100000381469727,0.011131949209416398,GUIDED
14.594993,POS,37.4274999,-122.1697,16.100000381469727,0.011131949209416398,GUIDED
14.694953,POS,37.4274999,-122.1697,16.100000381469727,0.011131949209416398,GUIDED
14.794913,POS,37.4274999,-122.1697,16.100000381469727,0.011131949209416398,GUIDED
14.894872999999999,POS,37.4274999,-122.1697,16.100000381469727,0.011131949209416398,GUIDED
14.994833000000002,POS,37.4274999,-122.1697,16.100000381469727,0.011131949209416398,GUIDED
15.094793000000001,POS,37.4274999,-122.1697,16.100000381469727,0.011131949209416398,GUIDED
15.194753,POS,37.4274999,-122.1697,16.100000381469727,0.011131949209416398,GUIDED
15.294713,POS,37.4274999,-122.1697,16.100000381469727,0.011131949209416398,GUIDED
15.394673,POS,37.4274999,-122.1697,16.100000381469727,0.011131949209416398,GUIDED
15.494632999999999,POS,37.4274999,-122.1697,16.100000381469727,0.011131949209416398,GUIDED
15.594593000000001,POS,37.4274999,-122.1697,16.100000381469727,0.011131949209416398,GUIDED
15.694553,POS,37.4274999,-122.1697,16.100000381469727,0.011131949209416398,GUIDED
15.794513,POS,37.4274999,-122.1697,16.100000381469727,0.011131949209416398,GUIDED
15.894473,POS,37.4274999,-122.1697,16.100000381469727,0.011131949209416398,GUIDED
15.994432999999999,POS,37.4274999,-122.1697,16.100000381469727,0.011131949209416398,GUIDED
16.094392999999997,POS,37.4274999,-122.1697,16.100000381469727,0.011131949209416398,GUIDED
16.194353,POS,37.4274999,-122.1697,16.100000381469727,0.011131949209416398,GUIDED
16.294313000000002,POS,37.4274999,-122.1697,16.100000381469727,0.011131949209416398,GUIDED
16.394273,POS,37.4274999,-122.1697,16.100000381469727,0.011131949209416398,GUIDED
16.494233,POS,37.4274999,-122.1697,16.100000381469727,0.011131949209416398,GUIDED
16.594192999999997,POS,37.4274999,-122.1697,16.100000381469727,0.011131949209416398,GUIDED
16.694986,POS,37.4274999,-122.1697,16.100000381469727,0.011131949209416398,GUIDED
16.794946000000003,POS,37.4274999,-122.1697,16.100000381469727,0.011131949209416398,GUIDED
16.894906,POS,37.4274999,-122.1697,16.100000381469727,0.011131949209416398,GUIDED
16.994866000000002,POS,37.4274999,-122.1697,16.100000381469727,0.011131949209416398,GUIDED
17.094825999999998,POS,37.4274999,-122.1697,16.100000381469727,0.011131949209416398,GUIDED
17.194786,POS,37.4274999,-122.1697,16.100000381469727,0.011131949209416398,GUIDED
17.294745999999996,POS,37.4274999,-122.1697,16.100000381469727,0.011131949209416398,GUIDED
17.394706,POS,37.4274999,-122.1697,16.100000381469727,0.011131949209416398,GUIDED
17.494666000000002,POS,37.4274999,-122.1697,16.100000381469727,0.011131949209416398,GUIDED
17.594625999999998,POS,37.4274999,-122.1697,16.100000381469727,0.011131949209416398,GUIDED
17.694586,POS,37.4274999,-122.1697,16.100000381469727,0.011131949209416398,GUIDED
17.794545999999997,POS,37.4274999,-122.1697,16.100000381469727,0.011131949209416398,GUIDED
17.894506,POS,37.4274999,-122.1697,16.100000381469727,0.011131949209416398,GUIDED
17.994466000000003,POS,37.4274999,-122.1697,16.100000381469727,0.011131949209416398,GUIDED
18.094426,POS,37.4274999,-122.1697,16.100000381469727,0.011131949209416398,GUIDED
18.194386,POS,37.4274999,-122.1697,16.100000381469727,0.011131949209416398,GUIDED
18.294345999999997,POS,37.4274999,-122.1697,16.100000381469727,0.011131949209416398,GUIDED
18.394306,POS,37.4274999,-122.1697,16.100000381469727,0.011131949209416398,GUIDED
18.494266000000003,POS,37.4274999,-122.1697,16.100000381469727,0.011131949209416398,GUIDED
18.594226,POS,37.4274999,-122.1697,16.100000381469727,0.011131949209416398,GUIDED
18.694186000000002,POS,37.4274999,-122.1697,16.100000381469727,0.011131949209416398,GUIDED
18.794978999999998,POS,37.4274999,-122.1697,16.100000381469727,0.011131949209416398,GUIDED
18.894939,POS,37.4274999,-122.1697,16.100000381469727,0.011131949209416398,GUIDED
18.994898999999997,POS,37.4274999,-122.1697,16.100000381469727,0.011131949209416398,GUIDED
19.094859,POS,37.4274999,-122.1697,16.100000381469727,0.011131949209416398,GUIDED
19.194819000000003,POS,37.4274999,-122.1697,16.100000381469727,0.011131949209416398,GUIDED
19.294779,POS,37.4274999,-122.1697,16.100000381469727,0.011131949209416398,GUIDED
19.394739,POS,37.4274999,-122.1697,16.100000381469727,0.011131949209416398,GUIDED
19.494698999999997,POS,37.4274999,-122.1697,16.100000381469727,0.011131949209416398,GUIDED
19.594659,POS,37.4274999,-122.1697,16.100000381469727,0.011131949209416398,GUIDED
19.694619000000003,POS,37.4274999,-122.1697,16.100000381469727,0.011131949209416398,GUIDED
19.794579,POS,37.4274999,-122.1697,16.100000381469727,0.011131949209416398,GUIDED
19.894539,POS,37.4274999,-122.1697,16.100000381469727,0.011131949209416398,GUIDED
19.994498999999998,POS,37.4274999,-122.1697,16.100000381469727,0.011131949209416398,GUIDED
20.094459,POS,37.4274999,-122.1697,16.100000381469727,0.011131949209416398,GUIDED
20.194418999999996,POS,37.4274999,-122.1697,16.100000381469727,0.011131949209416398,GUIDED
20.294379,POS,37.4274999,-122.1697,16.100000381469727,0.011131949209416398,GUIDED
20.394339000000002,POS,37.4274999,-122.1697,16.100000381469727,0.011131949209416398,GUIDED
20.494298999999998,POS,37.4274999,-122.1697,16.100000381469727,0.011131949209416398,GUIDED
20.594259,POS,37.4274999,-122.1697,16.100000381469727,0.011131949209416398,GUIDED
20.694218999999997,POS,37.4274999,-122.1697,16.100000381469727,0.011131949209416398,GUIDED
20.794179,POS,37.4274999,-122.1697,16.100000381469727,0.011131949209416398,GUIDED
20.894972000000003,POS,37.4274999,-122.1697,16.100000381469727,0.011131949209416398,GUIDED
20.994932,POS,37.4274999,-122.1697,16.100000381469727,0.011131949209416398,GUIDED
21.094892,POS,37.4274999,-122.1697,16.100000381469727,0.011131949209416398,GUIDED
21.194851999999997,POS,37.4274999,-122.1697,16.100000381469727,0.011131949209416398,GUIDED
21.294812,POS,37.4274999,-122.1697,16.100000381469727,0.011131949209416398,GUIDED
21.394772000000003,POS,37.4274999,-122.1697,16.100000381469727,0.011131949209416398,GUIDED
21.494732,POS,37.4274999,-122.1697,16.100000381469727,0.011131949209416398,GUIDED
21.594692000000002,POS,37.4274999,-122.1697,16.100000381469727,0.011131949209416398,GUIDED
21.694651999999998,POS,37.4274999,-122.1697,16.100000381469727,0.011131949209416398,GUIDED
21.794612,POS,37.4274999,-122.1697,16.100000381469727,0.011131949209416398,GUIDED
21.894571999999997,POS,37.4274999,-122.1697,16.100000381469727,0.011131949209416398,GUIDED
21.994532,POS,37.4274999,-122.1697,16.100000381469727,0.011131949209416398,GUIDED
22.094492000000002,POS,37.4274999,-122.1697,16.100000381469727,0.011131949209416398,GUIDED
22.194452,POS,37.4274999,-122.1697,16.100000381469727,0.011131949209416398,GUIDED
22.294412,POS,37.4274999,-122.1697,16.100000381469727,0.011131949209416398,GUIDED
22.394371999999997,POS,37.4274999,-122.1697,16.100000381469727,0.011131949209416398,GUIDED
22.494332,POS,37.4274999,-122.1697,16.100000381469727,0.011131949209416398,GUIDED
22.594292000000003,POS,37.4274999,-122.1697,16.100000381469727,0.011131949209416398,GUIDED
22.694252,POS,37.4274999,-122.1697,16.100000381469727,0.011131949209416398,GUIDED
22.794212,POS,37.4274999,-122.1697,16.100000381469727,0.011131949209416398,GUIDED
22.894171999999998,POS,37.4274999,-122.1697,16.100000381469727,0.011131949209416398,GUIDED
22.994965,POS,37.4274999,-122.1697,16.100000381469727,0.011131949209416398,GUIDED
23.094924999999996,POS,37.4274999,-122.1697,16.100000381469727,0.011131949209416398,GUIDED
23.194885,POS,37.4274999,-122.1697,16.100000381469727,0.011131949209416398,GUIDED
23.294845000000002,POS,37.4274999,-122.1697,16.100000381469727,0.011131949209416398,GUIDED
23.394804999999998,POS,37.4274999,-122.1697,16.100000381469727,0.011131949209416398,GUIDED
23.494765,POS,37.4274999,-122.1697,16.100000381469727,0.011131949209416398,GUIDED
23.594724999999997,POS,37.4274999,-122.1697,16.100000381469727,0.011131949209416398,GUIDED
23.694685,POS,37.4274999,-122.1697,16.100000381469727,0.011131949209416398,GUIDED
23.794645000000003,POS,37.4274999,-122.1697,16.100000381469727,0.011131949209416398,GUIDED
23.894605,POS,37.4274999,-122.1697,16.100000381469727,0.011131949209416398,GUIDED
23.994565,POS,37.4274999,-122.1697,16.100000381469727,0.011131949209416398,GUIDED
24.094524999999997,POS,37.4274999,-122.1697,16.100000381469727,0.011131949209416398,GUIDED
24.194485,POS,37.4274999,-122.1697,16.100000381469727,0.011131949209416398,GUIDED
24.294445000000003,POS,37.4274999,-122.1697,16.100000381469727,0.011131949209416398,GUIDED
24.394405,POS,37.4274999,-122.1697,16.100000381469727,0.011131949209416398,GUIDED
24.494365000000002,POS,37.4274999,-122.1697,16.100000381469727,0.011131949209416398,GUIDED
24.594324999999998,POS,37.4274999,-122.1697,16.100000381469727,0.011131949209416398,GUIDED
24.694285,POS,37.4274999,-122.1697,16.100000381469727,0.011131949209416398,GUIDED
24.794244999999997,POS,37.4274999,-122.1697,16.100000381469727,0.011131949209416398,GUIDED
24.894205,POS,37.4274999,-122.1697,16.100000381469727,0.011131949209416398,GUIDED
24.994998000000002,POS,37.4274999,-122.1697,16.100000381469727,0.011131949209416398,GUIDED
25.094958,POS,37.4274999,-122.1697,16.100000381469727,0.011131949209416398,GUIDED
25.194918,POS,37.4274999,-122.1697,16.100000381469727,0.011131949209416398,GUIDED
25.294877999999997,POS,37.4274999,-122.1697,16.100000381469727,0.011131949209416398,GUIDED
25.394838,POS,37.4274999,-122.1697,16.100000381469727,0.011131949209416398,GUIDED
25.494798000000003,POS,37.4274999,-122.1697,16.100000381469727,0.011131949209416398,GUIDED
25.594758,POS,37.4274999,-122.1697,16.100000381469727,0.011131949209416398,GUIDED
25.694718,POS,37.4274999,-122.1697,16.100000381469727,0.011131949209416398,GUIDED
25.794677999999998,POS,37.4274999,-122.1697,16.100000381469727,0.011131949209416398,GUIDED
25.894638,POS,37.4274999,-122.1697,16.100000381469727,0.011131949209416398,GUIDED
25.994598000000003,POS,37.4274999,-122.1697,16.100000381469727,0.011131949209416398,GUIDED
26.094558,POS,37.4274999,-122.1697,16.100000381469727,0.011131949209416398,GUIDED
26.194518000000002,POS,37.4274999,-122.1697,16.100000381469727,0.011131949209416398,GUIDED
26.294477999999998,POS,37.4274999,-122.1697,16.100000381469727,0.011131949209416398,GUIDED
26.394438,POS,37.4274999,-122.1697,16.100000381469727,0.011131949209416398,GUIDED
26.494397999999997,POS,37.4274999,-122.1697,16.100000381469727,0.011131949209416398,GUIDED
26.594358,POS,37.4274999,-122.1697,16.100000381469727,0.011131949209416398,GUIDED
26.694318000000003,POS,37.4274999,-122.1697,16.100000381469727,0.011131949209416398,GUIDED
26.794278,POS,37.4274999,-122.1697,16.100000381469727,0.011131949209416398,GUIDED
26.894238,POS,37.4274999,-122.1697,16.100000381469727,0.011131949209416398,GUIDED
26.994197999999997,POS,37.4274999,-122.1697,16.100000381469727,0.011131949209416398,GUIDED
27.094991,POS,37.4274999,-122.1697,16.100000381469727,0.011131949209416398,GUIDED
27.194951000000003,POS,37.4274999,-122.1697,16.100000381469727,0.011131949209416398,GUIDED
27.294911,POS,37.4274999,-122.1697,16.100000381469727,0.011131949209416398,GUIDED
27.394871000000002,POS,37.4274999,-122.1697,16.100000381469727,0.011131949209416398,GUIDED
27.494830999999998,POS,37.4274999,-122.1697,16.100000381469727,0.011131949209416398,GUIDED
27.594791,POS,37.4274999,-122.1697,16.100000381469727,0.011131949209416398,GUIDED
27.694750999999997,POS,37.4274999,-122.1697,16.100000381469727,0.011131949209416398,GUIDED
27.794711,POS,37.4274999,-122.1697,16.100000381469727,0.011131949209416398,GUIDED
27.894671000000002,POS,37.4274999,-122.1697,16.100000381469727,0.011131949209416398,GUIDED
27.994631,POS,37.4274999,-122.1697,16.100000381469727,0.011131949209416398,GUIDED
28.094591,POS,37.4274999,-122.1697,16.100000381469727,0.011131949209416398,GUIDED
28.194550999999997,POS,37.4274999,-122.1697,16.100000381469727,0.011131949209416398,GUIDED
28.294511,POS,37.4274999,-122.1697,16.100000381469727,0.011131949209416398,GUIDED
28.394471000000003,POS,37.4274999,-122.1697,16.100000381469727,0.011131949209416398,GUIDED
28.494431,POS,37.4274999,-122.1697,16.100000381469727,0.011131949209416398,GUIDED
28.594391,POS,37.4274999,-122.1697,16.100000381469727,0.011131949209416398,GUIDED
28.694350999999997,POS,37.4274999,-122.1697,16.100000381469727,0.011131949209416398,GUIDED
28.794311,POS,37.4274999,-122.1697,16.100000381469727,0.011131949209416398,GUIDED
28.894271000000003,POS,37.4274999,-122.1697,16.100000381469727,0.011131949209416398,GUIDED
28.994231,POS,37.4274999,-122.1697,16.100000381469727,0.011131949209416398,GUIDED
29.094191000000002,POS,37.4274999,-122.1697,16.100000381469727,0.011131949209416398,GUIDED
29.194983999999998,POS,37.4274999,-122.1697,16.100000381469727,0.011131949209416398,GUIDED
29.294944,POS,37.4274999,-122.1697,16.100000381469727,0.011131949209416398,GUIDED
29.394903999999997,POS,37.4274999,-122.1697,16.100000381469727,0.011131949209416398,GUIDED
29.494864,POS,37.4274999,-122.1697,16.100000381469727,0.011131949209416398,GUIDED
29.594824000000003,POS,37.4274999,-122.1697,16.100000381469727,0.011131949209416398,GUIDED
29.694784,POS,37.4274999,-122.1697,16.100000381469727,0.011131949209416398,GUIDED
29.794744,POS,37.4274999,-122.1697,16.100000381469727,0.011131949209416398,GUIDED
29.894703999999997,POS,37.4274999,-122.1697,16.100000381469727,0.011131949209416398,GUIDED
29.994664,POS,37.4274999,-122.1697,16.100000381469727,0.011131949209416398,GUIDED
30.094623999999996,POS,37.4274999,-122.1697,16.100000381469727,0.011131949209416398,GUIDED
30.194584,POS,37.4274999,-122.1697,16.100000381469727,0.011131949209416398,GUIDED
30.294543999999995,POS,37.4274999,-122.1697,16.100000381469727,0.011131949209416398,GUIDED
30.394503999999998,POS,37.4274999,-122.1697,16.100000381469727,0.011131949209416398,GUIDED
30.494464,POS,37.4274999,-122.1697,16.100000381469727,0.011131949209416398,GUIDED
30.594423999999997,POS,37.4274999,-122.1697,16.100000381469727,0.011131949209416398,GUIDED
30.694384,POS,37.4274999,-122.1697,16.100000381469727,0.011131949209416398,GUIDED
30.794343999999995,POS,37.4274999,-122.1697,16.100000381469727,0.011131949209416398,GUIDED
30.894303999999998,POS,37.4274999,-122.1697,16.100000381469727,0.011131949209416398,GUIDED
30.994264,POS,37.4274999,-122.1697,16.100000381469727,0.011131949209416398,GUIDED
31.094223999999997,POS,37.4274999,-122.1697,16.100000381469727,0.011131949209416398,GUIDED
31.194184,POS,37.4274999,-122.1697,16.100000381469727,0.011131949209416398,GUIDED
31.294976999999996,POS,37.4274999,-122.1697,16.100000381469727,0.011131949209416398,GUIDED
31.394937,POS,37.4274999,-122.1697,16.100000381469727,0.011131949209416398,GUIDED
31.494896999999995,POS,37.4274999,-122.1697,16.100000381469727,0.011131949209416398,GUIDED
31.594856999999998,POS,37.4274999,-122.1697,16.100000381469727,0.011131949209416398,GUIDED
31.694817,POS,37.4274999,-122.1697,16.100000381469727,0.011131949209416398,GUIDED
31.794776999999996,POS,37.4274999,-122.1697,16.100000381469727,0.011131949209416398,GUIDED
31.894737,POS,37.4274999,-122.1697,16.100000381469727,0.011131949209416398,GUIDED
31.994696999999995,POS,37.4274999,-122.1697,16.100000381469727,0.011131949209416398,GUIDED
32.094657,POS,37.4274999,-122.1697,16.100000381469727,0.011131949209416398,GUIDED
32.194617,POS,37.4274999,-122.1697,16.100000381469727,0.011131949209416398,GUIDED
32.294577,POS,37.4274999,-122.1697,16.100000381469727,0.011131949209416398,GUIDED
32.394537,POS,37.4274999,-122.1697,16.100000381469727,0.011131949209416398,GUIDED
32.494496999999996,POS,37.4274999,-122.1697,16.100000381469727,0.011131949209416398,GUIDED
32.594457,POS,37.4274999,-122.1697,16.100000381469727,0.011131949209416398,GUIDED
32.694417,POS,37.4274999,-122.1697,16.100000381469727,0.011131949209416398,GUIDED
32.794377,POS,37.4274999,-122.1697,16.100000381469727,0.011131949209416398,GUIDED
32.894337,POS,37.4274999,-122.1697,16.100000381469727,0.011131949209416398,GUIDED
32.994296999999996,POS,37.4274999,-122.1697,16.100000381469727,0.011131949209416398,GUIDED
33.094257,POS,37.4274999,-122.1697,16.100000381469727,0.011131949209416398,GUIDED
33.194216999999995,POS,37.4274999,-122.1697,16.100000381469727,0.011131949209416398,GUIDED
33.294177,POS,37.4274999,-122.1697,16.100000381469727,0.011131949209416398,GUIDED
33.39497,POS,37.4274999,-122.1697,16.100000381469727,0.011131949209416398,GUIDED
33.49493,POS,37.4274999,-122.1697,16.100000381469727,0.011131949209416398,GUIDED
33.59489,POS,37.4274999,-122.1697,16.100000381469727,0.011131949209416398,GUIDED
33.694849999999995,POS,37.4274999,-122.1697,16.100000381469727,0.011131949209416398,GUIDED
33.79481,POS,37.4274999,-122.1697,16.100000381469727,0.011131949209416398,GUIDED
33.89477,POS,37.4274999,-122.1697,16.100000381469727,0.011131949209416398,GUIDED
33.99473,POS,37.4274999,-122.1697,16.100000381469727,0.011131949209416398,GUIDED
34.09469,POS,37.4274999,-122.1697,16.100000381469727,0.011131949209416398,GUIDED
34.194649999999996,POS,37.4274999,-122.1697,16.100000381469727,0.011131949209416398,GUIDED
34.29461,POS,37.4274999,-122.1697,16.100000381469727,0.011131949209416398,GUIDED
34.39457,POS,37.4274999,-122.1697,16.100000381469727,0.011131949209416398,GUIDED
34.49453,POS,37.4274999,-122.1697,16.100000381469727,0.011131949209416398,GUIDED
34.59449,POS,37.4274999,-122.1697,16.100000381469727,0.011131949209416398,GUIDED
34.694449999999996,POS,37.4274999,-122.1697,16.100000381469727,0.011131949209416398,GUIDED
34.79441,POS,37.4274999,-122.1697,16.100000381469727,0.011131949209416398,GUIDED
34.894369999999995,POS,37.4274999,-122.1697,16.100000381469727,0.011131949209416398,GUIDED
34.99433,POS,37.4274999,-122.1697,16.100000381469727,0.011131949209416398,GUIDED
35.09429,POS,37.4274999,-122.1697,16.100000381469727,0.011131949209416398,GUIDED
35.19425,POS,37.4274999,-122.1697,16.100000381469727,0.011131949209416398,GUIDED
35.29421,POS,37.4274999,-122.1697,16.100000381469727,0.011131949209416398,GUIDED
35.394169999999995,POS,37.4274999,-122.1697,16.100000381469727,0.011131949209416398,GUIDED
35.494963,POS,37.4274999,-122.1697,16.100000381469727,0.011131949209416398,GUIDED
35.594923,POS,37.4274999,-122.1697,16.100000381469727,0.011131949209416398,GUIDED
35.694883,POS,37.4274999,-122.1697,16.100000381469727,0.011131949209416398,GUIDED
35.794843,POS,37.4274999,-122.1697,16.100000381469727,0.011131949209416398,GUIDED
35.894802999999996,POS,37.4274999,-122.1697,16.100000381469727,0.011131949209416398,GUIDED
35.994763,POS,37.4274999,-122.1697,16.100000381469727,0.011131949209416398,GUIDED
36.094722999999995,POS,37.4274999,-122.1697,16.100000381469727,0.011131949209416398,GUIDED
36.194683,POS,37.4274999,-122.1697,16.100000381469727,0.011131949209416398,GUIDED
36.294643,POS,37.4274999,-122.1697,16.100000381469727,0.011131949209416398,GUIDED
36.394603,POS,37.4274999,-122.1697,16.100000381469727,0.011131949209416398,GUIDED
36.494563,POS,37.4274999,-122.1697,16.100000381469727,0.011131949209416398,GUIDED
36.594522999999995,POS,37.4274999,-122.1697,16.100000381469727,0.011131949209416398,GUIDED
36.694483,POS,37.4274999,-122.1697,16.100000381469727,0.011131949209416398,GUIDED
36.794443,POS,37.4274999,-122.1697,16.100000381469727,0.011131949209416398,GUIDED
36.894403,POS,37.4274999,-122.1697,16.100000381469727,0.011131949209416398,GUIDED
36.994363,POS,37.4274999,-122.1697,16.100000381469727,0.011131949209416398,GUIDED
37.094322999999996,POS,37.4274999,-122.1697,16.100000381469727,0.011131949209416398,GUIDED
37.194283,POS,37.4274999,-122.1697,16.100000381469727,0.011131949209416398,GUIDED
37.294243,POS,37.4274999,-122.1697,16.100000381469727,0.011131949209416398,GUIDED
37.394203,POS,37.4274999,-122.1697,16.100000381469727,0.011131949209416398,GUIDED
37.494996,POS,37.4274999,-122.1697,16.100000381469727,0.011131949209416398,GUIDED
37.594955999999996,POS,37.4274999,-122.1697,16.100000381469727,0.011131949209416398,GUIDED
37.694916,POS,37.4274999,-122.1697,16.100000381469727,0.011131949209416398,GUIDED
37.794875999999995,POS,37.4274999,-122.1697,16.100000381469727,0.011131949209416398,GUIDED
37.894836,POS,37.4274999,-122.1697,16.100000381469727,0.011131949209416398,GUIDED
37.994796,POS,37.4274999,-122.1697,16.100000381469727,0.011131949209416398,GUIDED
38.094756,POS,37.4274999,-122.1697,16.100000381469727,0.011131949209416398,GUIDED
38.194716,POS,37.4274999,-122.1697,16.100000381469727,0.011131949209416398,GUIDED
38.294675999999995,POS,37.4274999,-122.1697,16.100000381469727,0.011131949209416398,GUIDED
38.394636,POS,37.4274999,-122.1697,16.100000381469727,0.011131949209416398,GUIDED
38.494596,POS,37.4274999,-122.1697,16.100000381469727,0.011131949209416398,GUIDED
38.594556,POS,37.4274999,-122.1697,16.100000381469727,0.011131949209416398,GUIDED
38.694516,POS,37.4274999,-122.1697,16.100000381469727,0.011131949209416398,GUIDED
38.794475999999996,POS,37.4274999,-122.1697,16.100000381469727,0.011131949209416398,GUIDED
38.894436,POS,37.4274999,-122.1697,16.100000381469727,0.011131949209416398,GUIDED
38.994395999999995,POS,37.4274999,-122.1697,16.100000381469727,0.011131949209416398,GUIDED
39.094356,POS,37.4274999,-122.1697,16.100000381469727,0.011131949209416398,GUIDED
39.194316,POS,37.4274999,-122.1697,16.06999969482422,0.011131949209416398,GUIDED
39.294275999999996,POS,37.4274999,-122.1697,16.06999969482422,0.011131949209416398,GUIDED
39.394236,POS,37.4274999,-122.1697,16.06999969482422,0.011131949209416398,GUIDED
39.494195999999995,POS,37.4274999,-122.1697,16.06999969482422,0.011131949209416398,GUIDED
39.594989,POS,37.4274999,-122.1697,16.06999969482422,0.011131949209416398,GUIDED
39.694949,POS,37.4274999,-122.1697,16.06999969482422,0.011131949209416398,GUIDED
39.794909,POS,37.4274999,-122.1697,16.06999969482422,0.011131949209416398,GUIDED
39.894869,POS,37.4274999,-122.1697,16.06999969482422,0.011131949209416398,GUIDED
39.994828999999996,POS,37.4274999,-122.1697,16.06999969482422,0.011131949209416398,GUIDED
40.094789,POS,37.4274999,-122.1697,16.06999969482422,0.011131949209416398,GUIDED
40.194749,POS,37.4274999,-122.1697,16.06999969482422,0.011131949209416398,GUIDED
40.294709,POS,37.4274999,-122.1697,16.06999969482422,0.011131949209416398,GUIDED
40.394669,POS,37.4274999,-122.1697,16.06999969482422,0.011131949209416398,GUIDED
40.494628999999996,POS,37.4274999,-122.1697,16.06999969482422,0.011131949209416398,GUIDED
40.594589,POS,37.4274999,-122.1697,16.06999969482422,0.011131949209416398,GUIDED
40.694548999999995,POS,37.4274999,-122.1697,16.06999969482422,0.011131949209416398,GUIDED
40.794509,POS,37.4274999,-122.1697,16.06999969482422,0.011131949209416398,GUIDED
40.894469,POS,37.4274999,-122.1697,16.06999969482422,0.011131949209416398,GUIDED
40.994429,POS,37.4274999,-122.1697,16.06999969482422,0.011131949209416398,GUIDED
41.094389,POS,37.4274999,-122.1697,16.06999969482422,0.011131949209416398,GUIDED
41.194348999999995,POS,37.4274999,-122.1697,16.06999969482422,0.011131949209416398,GUIDED
41.294309,POS,37.4274999,-122.1697,16.06999969482422,0.011131949209416398,GUIDED
41.394269,POS,37.4274999,-122.1697,16.06999969482422,0.011131949209416398,GUIDED
41.494229,POS,37.4274999,-122.1697,16.06999969482422,0.011131949209416398,GUIDED
41.594189,POS,37.4274999,-122.1697,16.06999969482422,0.011131949209416398,GUIDED
41.694981999999996,POS,37.4274999,-122.1697,16.06999969482422,0.011131949209416398,GUIDED
41.794942,POS,37.4274999,-122.1697,16.06999969482422,0.011131949209416398,GUIDED
41.894901999999995,POS,37.4274999,-122.1697001,16.06999969482422,0.01421507314541867,GUIDED
41.994862,POS,37.4274999,-122.1697001,16.06999969482422,0.01421507314541867,GUIDED
42.094822,POS,37.4274999,-122.1697001,16.06999969482422,0.01421507314541867,GUIDED
42.194782,POS,37.4274999,-122.1697001,16.06999969482422,0.01421507314541867,GUIDED
42.294742,POS,37.4274999,-122.1697001,16.06999969482422,0.01421507314541867,GUIDED
42.394701999999995,POS,37.4274999,-122.1697001,16.06999969482422,0.01421507314541867,GUIDED
42.494662,POS,37.4274999,-122.1697001,16.06999969482422,0.01421507314541867,GUIDED
42.594622,POS,37.4274999,-122.1697001,16.06999969482422,0.01421507314541867,GUIDED
42.694582,POS,37.4274998,-122.1697001,16.06999969482422,0.023954731980071642,GUIDED
42.794542,POS,37.4274998,-122.1697001,16.06999969482422,0.023954731980071642,GUIDED
42.894501999999996,POS,37.4274998,-122.1697001,16.06999969482422,0.023954731980071642,GUIDED
42.994462,POS,37.4274998,-122.1697001,16.06999969482422,0.023954731980071642,GUIDED
43.094422,POS,37.4274998,-122.1697001,16.06999969482422,0.023954731980071642,GUIDED
43.194382,POS,37.4274998,-122.1697001,16.06999969482422,0.023954731980071642,GUIDED
43.294342,POS,37.4274998,-122.1697001,16.06999969482422,0.023954731980071642,GUIDED
43.394301999999996,POS,37.4274998,-122.1697001,16.06999969482422,0.023954731980071642,GUIDED
43.494262,POS,37.4274998,-122.1697001,16.06999969482422,0.023954731980071642,GUIDED
43.594221999999995,POS,37.4274998,-122.1697001,16.06999969482422,0.023954731980071642,GUIDED
43.694182,POS,37.4274998,-122.1697001,16.06999969482422,0.023954731980071642,GUIDED
43.794975,POS,37.4274998,-122.1697001,16.06999969482422,0.023954731980071642,GUIDED
43.894935,POS,37.4274998,-122.1697001,16.06999969482422,0.023954731980071642,GUIDED
43.994895,POS,37.4274998,-122.1697001,16.06999969482422,0.023954731980071642,GUIDED
44.094854999999995,POS,37.4274998,-122.1697001,16.06999969482422,0.023954731980071642,GUIDED
44.194815,POS,37.4274998,-122.1697001,16.06999969482422,0.023954731980071642,GUIDED
44.294775,POS,37.4274998,-122.1697001,16.06999969482422,0.023954731980071642,GUIDED
44.394735,POS,37.4274998,-122.1697001,16.06999969482422,0.023954731980071642,GUIDED
44.494695,POS,37.4274998,-122.1697001,16.06999969482422,0.023954731980071642,GUIDED
44.594654999999996,POS,37.4274998,-122.1697001,16.06999969482422,0.023954731980071642,GUIDED
44.694615,POS,37.4274998,-122.1697001,16.06999969482422,0.023954731980071642,GUIDED
44.794574999999995,POS,37.4274999,-122.1697001,16.06999969482422,0.01421507314541867,GUIDED
44.894535,POS,37.4274998,-122.1697001,16.06999969482422,0.023954731980071642,GUIDED
44.994495,POS,37.4274999,-122.1697001,16.06999969482422,0.01421507314541867,GUIDED
45.094454999999996,POS,37.4274999,-122.1697001,16.06999969482422,0.01421507314541867,GUIDED
45.194415,POS,37.4274999,-122.1697001,16.06999969482422,0.01421507314541867,GUIDED
45.294374999999995,POS,37.4274999,-122.1697001,16.06999969482422,0.01421507314541867,GUIDED
45.394335,POS,37.4274999,-122.1697001,16.06999969482422,0.01421507314541867,GUIDED
45.494295,POS,37.4274999,-122.1697001,16.06999969482422,0.01421507314541867,GUIDED
45.594255,POS,37.4274999,-122.1697001,16.06999969482422,0.01421507314541867,GUIDED
45.694215,POS,37.4274999,-122.1697001,16.06999969482422,0.01421507314541867,GUIDED
45.794174999999996,POS,37.4274999,-122.1697001,16.06999969482422,0.01421507314541867,GUIDED
45.894968,POS,37.4274999,-122.1697001,16.06999969482422,0.01421507314541867,GUIDED
45.994928,POS,37.4274999,-122.1697001,16.06999969482422,0.01421507314541867,GUIDED
46.094888,POS,37.4274999,-122.1697001,16.06999969482422,0.01421507314541867,GUIDED
46.194848,POS,37.4274999,-122.1697001,16.06999969482422,0.01421507314541867,GUIDED
46.294807999999996,POS,37.4274999,-122.1697001,16.06999969482422,0.01421507314541867,GUIDED
46.394768,POS,37.4274999,-122.1697001,16.06999969482422,0.01421507314541867,GUIDED
46.494727999999995,POS,37.4274999,-122.1697001,16.06999969482422,0.01421507314541867,GUIDED
46.594688,POS,37.4274999,-122.1697001,16.06999969482422,0.01421507314541867,GUIDED
46.694648,POS,37.4274999,-122.1697001,16.06999969482422,0.01421507314541867,GUIDED
46.794608,POS,37.4274999,-122.1697001,16.06999969482422,0.01421507314541867,GUIDED
46.894568,POS,37.4274999,-122.1697001,16.06999969482422,0.01421507314541867,GUIDED
46.994527999999995,POS,37.4274999,-122.1697001,16.06999969482422,0.01421507314541867,GUIDED
47.094488,POS,37.4274999,-122.1697001,16.06999969482422,0.01421507314541867,GUIDED
47.194448,POS,37.4274999,-122.1697001,16.06999969482422,0.01421507314541867,GUIDED
47.294408,POS,37.4274999,-122.1697001,16.06999969482422,0.01421507314541867,GUIDED
47.394368,POS,37.4274999,-122.1697001,16.06999969482422,0.01421507314541867,GUIDED
47.494327999999996,POS,37.4274999,-122.1697001,16.06999969482422,0.01421507314541867,GUIDED
47.594288,POS,37.4274999,-122.1697001,16.06999969482422,0.01421507314541867,GUIDED
47.694247999999995,POS,37.4274999,-122.1697001,16.06999969482422,0.01421507314541867,GUIDED
47.794208,POS,37.4274999,-122.1697001,16.06999969482422,0.01421507314541867,GUIDED
47.894168,POS,37.4274999,-122.1697001,16.06999969482422,0.01421507314541867,GUIDED
47.994960999999996,POS,37.4274999,-122.1697001,16.06999969482422,0.01421507314541867,GUIDED
48.094921,POS,37.4274999,-122.1697001,16.06999969482422,0.01421507314541867,GUIDED
48.194880999999995,POS,37.4274999,-122.1697001,16.06999969482422,0.01421507314541867,GUIDED
48.294841,POS,37.4274999,-122.1697001,16.06999969482422,0.01421507314541867,GUIDED
48.394801,POS,37.4274999,-122.1697001,16.06999969482422,0.01421507314541867,GUIDED
48.494761,POS,37.4274999,-122.1697001,16.06999969482422,0.01421507314541867,GUIDED
48.594721,POS,37.4274999,-122.1697001,16.06999969482422,0.01421507314541867,GUIDED
48.694680999999996,POS,37.4274999,-122.1697001,16.06999969482422,0.01421507314541867,GUIDED
48.794641,POS,37.4274999,-122.1697001,16.06999969482422,0.01421507314541867,GUIDED
48.894601,POS,37.4274999,-122.1697001,16.06999969482422,0.01421507314541867,GUIDED
48.994561,POS,37.4274999,-122.1697001,16.06999969482422,0.01421507314541867,GUIDED
49.094521,POS,37.4274999,-122.1697001,16.06999969482422,0.01421507314541867,GUIDED
49.194480999999996,POS,37.4274999,-122.1697001,16.09000015258789,0.01421507314541867,GUIDED
49.294441,POS,37.4274999,-122.1697001,16.100000381469727,0.01421507314541867,GUIDED
49.394400999999995,POS,37.4274999,-122.1697001,16.1299991607666,0.01421507314541867,GUIDED
49.494361,POS,37.4274999,-122.1697001,16.149999618530273,0.01421507314541867,GUIDED
49.594321,POS,37.4274999,-122.1697001,16.190000534057617,0.01421507314541867,GUIDED
49.694281,POS,37.4274999,-122.1697001,16.239999771118164,0.01421507314541867,GUIDED
49.794241,POS,37.4274999,-122.1697001,16.350000381469727,0.01421507314541867,GUIDED
49.894200999999995,POS,37.4274999,-122.1697001,16.469999313354492,0.01421507314541867,GUIDED
49.994994,POS,37.4274999,-122.1697001,16.579999923706055,0.01421507314541867,GUIDED
50.094954,POS,37.4274999,-122.1697001,16.690000534057617,0.01421507314541867,GUIDED
50.194914,POS,37.4274999,-122.1697,16.799999237060547,0.011131949209416398,GUIDED
50.294874,POS,37.4274999,-122.1697,16.920000076293945,0.011131949209416398,GUIDED
50.394833999999996,POS,37.4274999,-122.1697,17.049999237060547,0.011131949209416398,GUIDED
50.494794,POS,37.4274999,-122.1697,17.19999885559082,0.011131949209416398,GUIDED
50.594753999999995,POS,37.4274999,-122.1697,17.350000381469727,0.011131949209416398,GUIDED
50.694714,POS,37.4274999,-122.1697,17.520000457763672,0.011131949209416398,GUIDED
50.794674,POS,37.4274999,-122.1697,17.690000534057617,0.011131949209416398,GUIDED
50.894633999999996,POS,37.4274999,-122.1697,17.869998931884766,0.011131949209416398,GUIDED
50.994594,POS,37.4274999,-122.1697,18.06999969482422,0.011131949209416398,GUIDED
51.094553999999995,POS,37.4274999,-122.1697,18.270000457763672,0.011131949209416398,GUIDED
51.194514,POS,37.4274999,-122.1697,18.489999771118164,0.011131949209416398,GUIDED
51.294474,POS,37.4274999,-122.1697,18.719999313354492,0.011131949209416398,GUIDED
51.394434,POS,37.4274999,-122.1696999,18.94999885559082,0.014215073926666955,GUIDED
51.494394,POS,37.4274999,-122.1696999,19.19999885559082,0.014215073926666955,GUIDED
51.594353999999996,POS,37.4274999,-122.1696999,19.44999885559082,0.014215073926666955,GUIDED
51.694314,POS,37.4275,-122.1696999,19.69999885559082,0.008840137636665813,GUIDED
51.794274,POS,37.4275,-122.1696999,19.959999084472656,0.008840137636665813,GUIDED
51.894234,POS,37.4275,-122.1696999,20.219999313354492,0.008840137636665813,GUIDED
51.994194,POS,37.4275,-122.1696999,20.469999313354492,0.008840137636665813,GUIDED
52.094986999999996,POS,37.4275,-122.1696999,20.729999542236328,0.008840137636665813,GUIDED
52.194947,POS,37.4275,-122.1696999,20.989999771118164,0.008840137636665813,GUIDED
52.294906999999995,POS,37.4275,-122.1696999,21.239999771118164,0.008840137636665813,GUIDED
52.394867,POS,37.4275,-122.1696999,21.5,0.008840137636665813,GUIDED
52.494827,POS,37.4275,-122.1696999,21.760000228881836,0.008840137636665813,GUIDED
52.594787,POS,37.4275,-122.1696999,22.010000228881836,0.008840137636665813,GUIDED
52.694747,POS,37.4275,-122.1696999,22.260000228881836,0.008840137636665813,GUIDED
52.794706999999995,POS,37.4275,-122.1696999,22.510000228881836,0.008840137636665813,GUIDED
52.894667,POS,37.4275,-122.1696999,22.760000228881836,0.008840137636665813,GUIDED
52.994627,POS,37.4275,-122.1696999,23.010000228881836,0.008840137636665813,GUIDED
53.094587,POS,37.4275,-122.1696999,23.260000228881836,0.008840137636665813,GUIDED
53.194547,POS,37.4275001,-122.1696999,23.510000228881836,0.0142150739193237,GUIDED
53.294506999999996,POS,37.4275001,-122.1696999,23.760000228881836,0.0142150739193237,GUIDED
53.394467,POS,37.4275001,-122.1696999,24.010000228881836,0.0142150739193237,GUIDED
53.494426999999995,POS,37.4275001,-122.1696999,24.260000228881836,0.0142150739193237,GUIDED
53.594387,POS,37.4275001,-122.1696999,24.510000228881836,0.0142150739193237,GUIDED
53.694347,POS,37.4275001,-122.1696999,24.760000228881836,0.0142150739193237,GUIDED
53.794306999999996,POS,37.4275001,-122.1696999,25.0,0.0142150739193237,GUIDED
53.894267,POS,37.4275001,-122.1696999,25.25,0.0142150739193237,GUIDED
53.994226999999995,POS,37.4275001,-122.1696999,25.5,0.0142150739193237,GUIDED
54.094187,POS,37.4275001,-122.1696999,25.75,0.0142150739193237,GUIDED
54.19498,POS,37.4275001,-122.1696999,25.989999771118164,0.0142150739193237,GUIDED
54.29494,POS,37.4275001,-122.1696998,26.239999771118164,0.02089287874138602,GUIDED
54.3949,POS,37.4275001,-122.1696998,26.489999771118164,0.02089287874138602,GUIDED
54.494859999999996,POS,37.4275001,-122.1696998,26.739999771118164,0.02089287874138602,GUIDED
54.59482,POS,37.4275001,-122.1696998,26.989999771118164,0.02089287874138602,GUIDED
54.69478,POS,37.4275001,-122.1696998,27.239999771118164,0.02089287874138602,GUIDED
54.79474,POS,37.4275001,-122.1696998,27.479999542236328,0.02089287874138602,GUIDED
54.8947,POS,37.4275001,-122.1696998,27.729999542236328,0.02089287874138602,GUIDED
54.994659999999996,POS,37.4275001,-122.1696998,27.979999542236328,0.02089287874138602,GUIDED
55.09462,POS,37.4275001,-122.1696998,28.229999542236328,0.02089287874138602,GUIDED
55.194579999999995,POS,37.4275001,-122.1696998,28.479999542236328,0.02089287874138602,GUIDED
55.29454,POS,37.4275001,-122.1696998,28.729999542236328,0.02089287874138602,GUIDED
55.3945,POS,37.4275001,-122.1696998,28.979999542236328,0.02089287874138602,GUIDED
55.49446,POS,37.4275001,-122.1696998,29.229999542236328,0.02089287874138602,GUIDED
55.59442,POS,37.4275001,-122.1696998,29.479999542236328,0.02089287874138602,GUIDED
55.694379999999995,POS,37.4275001,-122.1696998,29.729999542236328,0.02089287874138602,GUIDED
55.79434,POS,37.4275001,-122.1696998,29.979999542236328,0.02089287874138602,GUIDED
55.8943,POS,37.4275,-122.1696998,30.229999542236328,0.017680274017072613,GUIDED
55.99426,POS,37.4275,-122.1696998,30.479999542236328,0.017680274017072613,GUIDED
56.09422,POS,37.4275,-122.1696998,30.719999313354492,0.017680274017072613,GUIDED
56.194179999999996,POS,37.4275,-122.1696998,30.959999084472656,0.017680274017072613,GUIDED
56.294973,POS,37.4275,-122.1696998,31.19999885559082,0.017680274017072613,GUIDED
56.394932999999995,POS,37.4275,-122.1696998,31.42999839782715,0.017680274017072613,GUIDED
56.494893,POS,37.4275,-122.1696998,31.65999984741211,0.017680274017072613,GUIDED
56.594853,POS,37.4275,-122.1696998,31.8799991607666,0.017680274017072613,GUIDED
56.694812999999996,POS,37.4275,-122.1696998,32.09000015258789,0.017680274017072613,GUIDED
56.794773,POS,37.4275,-122.1696998,32.29999923706055,0.017680274017072613,GUIDED
56.894732999999995,POS,37.4275,-122.1696998,32.5099983215332,0.017680274017072613,GUIDED
56.994693,POS,37.4275,-122.1696998,32.709999084472656,0.017680274017072613,GUIDED
57.094653,POS,37.4275,-122.1696998,32.89999771118164,0.017680274017072613,GUIDED
57.194613,POS,37.4275,-122.1696998,33.07999801635742,0.017680274017072613,GUIDED
57.294573,POS,37.4275,-122.1696998,33.27000045776367,0.017680274017072613,GUIDED
57.394532999999996,POS,37.4275,-122.1696998,33.439998626708984,0.017680274017072613,GUIDED
57.494493,POS,37.4275,-122.1696998,33.61000061035156,0.017680274017072613,GUIDED
57.594453,POS,37.4275,-122.1696998,33.77000045776367,0.017680274017072613,GUIDED
57.694413,POS,37.4275,-122.1696998,33.93000030517578,0.017680274017072613,GUIDED
57.794373,POS,37.4275,-122.1696998,34.09000015258789,0.017680274017072613,GUIDED
57.894332999999996,POS,37.4275,-122.1696998,34.22999954223633,0.017680274017072613,GUIDED
57.994293,POS,37.4275,-122.1696998,34.380001068115234,0.017680274017072613,GUIDED
58.094252999999995,POS,37.4275,-122.1696998,34.52000045776367,0.017680274017072613,GUIDED
58.194213,POS,37.4275,-122.1696998,34.64999771118164,0.017680274017072613,GUIDED
58.294173,POS,37.4275,-122.1696998,34.77000045776367,0.017680274017072613,GUIDED
58.394966,POS,37.4275,-122.1696998,34.88999938964844,0.017680274017072613,GUIDED
58.494926,POS,37.4275,-122.1696998,35.0099983215332,0.017680274017072613,GUIDED
58.594885999999995,POS,37.4275,-122.1696998,35.119998931884766,0.017680274017072613,GUIDED
58.694846,POS,37.4275,-122.1696998,35.22999954223633,0.017680274017072613,GUIDED
58.794806,POS,37.4275,-122.1696998,35.31999969482422,0.017680274017072613,GUIDED
58.894766,POS,37.4275,-122.1696998,35.41999816894531,0.017680274017072613,GUIDED
58.994726,POS,37.4275,-122.1696998,35.5,0.017680274017072613,GUIDED
59.094685999999996,POS,37.4275,-122.1696997,35.57999801635742,0.02652041165373843,GUIDED
59.194646,POS,37.4275,-122.1696992,35.63999938964844,0.07072109606829045,GUIDED
59.294605999999995,POS,37.4275,-122.1696984,35.689998626708984,0.1414421908803219,GUIDED
59.394566,POS,37.4275,-122.1696971,35.73999786376953,0.2563639713631644,GUIDED
59.494526,POS,37.4275,-122.1696954,35.77000045776367,0.406646298623893,GUIDED
59.594485999999996,POS,37.4275,-122.1696932,35.790000915527344,0.6011293102991738,GUIDED
59.694446,POS,37.4275001,-122.1696906,35.79999923706055,0.8310474294895475,GUIDED
59.794405999999995,POS,37.4275001,-122.1696875,35.80999755859375,1.1050731836344938,GUIDED
59.894366,POS,37.4275001,-122.1696839,35.80999755859375,1.4233055749542223,GUIDED
59.994326,POS,37.4275001,-122.1696799,35.79999923706055,1.7769023868955431,GUIDED
60.094286,POS,37.4275001,-122.1696754,35.79999923706055,2.174702169034141,GUIDED
60.194246,POS,37.4275002,-122.1696705,35.790000915527344,2.607935419490504,GUIDED
60.294205999999996,POS,37.4275002,-122.1696652,35.790000915527344,3.076448201359122,GUIDED
60.394999,POS,37.4275002,-122.1696595,35.779998779296875,3.5803246664470993,GUIDED
60.494959,POS,37.4275002,-122.1696534,35.779998779296875,4.119563955021945,GUIDED
60.594919,POS,37.4275002,-122.1696469,35.77000045776367,4.694165488490349,GUIDED
60.694879,POS,37.4275002,-122.16964,35.77000045776367,5.304128862656486,GUIDED
60.794838999999996,POS,37.4275002,-122.1696328,35.7599983215332,5.9406137125445655,GUIDED
60.894799,POS,37.4275001,-122.1696253,35.7599983215332,6.60359164650786,GUIDED
60.994758999999995,POS,37.4275001,-122.1696176,35.7599983215332,7.284281312011206,GUIDED
61.094719,POS,37.4275001,-122.1696097,35.7599983215332,7.982651382895873,GUIDED
61.194679,POS,37.4275001,-122.1696017,35.7599983215332,8.689861702626073,GUIDED
61.294639,POS,37.4275,-122.1695935,35.7599983215332,9.414745804168001,GUIDED
61.394599,POS,37.4275,-122.1695853,35.7599983215332,10.139637031330302,GUIDED
61.494558999999995,POS,37.4275,-122.1695771,35.7599983215332,10.864528257236321,GUIDED
61.594519,POS,37.4275,-122.1695687,35.7599983215332,11.607099757159387,GUIDED
61.694479,POS,37.4274999,-122.1695603,35.7599983215332,12.34967628247881,GUIDED
61.794439,POS,37.4274999,-122.1695519,35.7599983215332,13.092247498333075,GUIDED
61.89439899999999,POS,37.4274999,-122.1695434,35.7599983215332,13.84365887951751,GUIDED
61.994359,POS,37.4274999,-122.1695348,35.7599983215332,14.603910420968523,GUIDED
62.094319,POS,37.4274999,-122.1695262,35.7599983215332,15.364161984221603,GUIDED
62.194278999999995,POS,37.4274999,-122.1695176,35.7599983215332,16.12441356852773,GUIDED
62.294239000000005,POS,37.4274999,-122.169509,35.7599983215332,16.88466516995651,GUIDED
62.394199,POS,37.4274999,-122.1695003,35.7599983215332,17.65375692217887,GUIDED
62.494991999999996,POS,37.4274999,-122.1694915,35.75,18.431688821266075,GUIDED
62.59495199999999,POS,37.4274999,-122.1694826,35.75,19.21846086976629,GUIDED
62.694912,POS,37.4274999,-122.1694737,35.75,20.005232927834832,GUIDED
62.794872,POS,37.4274999,-122.1694645,35.75,20.818525402118137,GUIDED
62.894831999999994,POS,37.4274999,-122.1694554,35.75,21.622977750284182,GUIDED
62.994792000000004,POS,37.4274999,-122.1694463,35.75,22.42743010639342,GUIDED
63.094752,POS,37.4274999,-122.1694371,35.75,23.240722606248806,GUIDED
63.194711999999996,POS,37.4274999,-122.1694279,35.7599983215332,24.05401511138549,GUIDED
63.29467199999999,POS,37.4274999,-122.1694186,35.7599983215332,24.876147759175403,GUIDED
63.394632,POS,37.4274999,-122.1694093,35.7599983215332,25.69828041241219,GUIDED
63.494592,POS,37.4274999,-122.1694,35.7599983215332,26.52041307058927,GUIDED
63.59455199999999,POS,37.4274999,-122.1693907,35.7599983215332,27.342545733261005,GUIDED
63.694512,POS,37.4274999,-122.1693814,35.7599983215332,28.164678398777546,GUIDED
63.794472,POS,37.4274999,-122.169372,35.7599983215332,28.995651206293314,GUIDED
63.894431999999995,POS,37.4274999,-122.1693627,35.7599983215332,29.817783880295288,GUIDED
63.994392000000005,POS,37.4274999,-122.1693533,35.7599983215332,30.648756693261987,GUIDED
64.094352,POS,37.4274999,-122.169344,35.7599983215332,31.470889373369577,GUIDED
64.194312,POS,37.4274999,-122.1693347,35.7599983215332,32.29302205616613,GUIDED
64.29427199999999,POS,37.4274999,-122.1693254,35.7599983215332,33.115154740195095,GUIDED
64.394232,POS,37.4274999,-122.1693161,35.7599983215332,33.937287427788114,GUIDED
64.494192,POS,37.4274999,-122.1693068,35.7599983215332,34.75942011752518,GUIDED
64.594985,POS,37.4274999,-122.1692976,35.7599983215332,35.57271267330412,GUIDED
64.694945,POS,37.4274999,-122.1692883,35.7599983215332,36.39484536562123,GUIDED
64.794905,POS,37.4274999,-122.169279,35.7599983215332,37.216978060932824,GUIDED
64.894865,POS,37.4274999,-122.1692696,35.7599983215332,38.04795089387776,GUIDED
64.99482499999999,POS,37.4274999,-122.1692602,35.77000045776367,38.878923729633165,GUIDED
65.094785,POS,37.4274999,-122.1692509,35.77000045776367,39.70105642955006,GUIDED
65.194745,POS,37.4274999,-122.1692415,35.77000045776367,40.53202926685873,GUIDED
65.294705,POS,37.4274999,-122.1692322,35.77000045776367,41.35416196938682,GUIDED
65.394665,POS,37.4274999,-122.1692228,35.77000045776367,42.18513480917805,GUIDED
65.494625,POS,37.4274999,-122.1692135,35.77000045776367,43.00726751401921,GUIDED
65.594585,POS,37.4274999,-122.1692042,35.77000045776367,43.8294002199136,GUIDED
65.694545,POS,37.4274999,-122.1691949,35.77000045776367,44.651532926803014,GUIDED
65.794505,POS,37.4274999,-122.1691856,35.77000045776367,45.47366563337721,GUIDED
65.894465,POS,37.4274999,-122.1691763,35.77000045776367,46.29579834209859,GUIDED
65.99442499999999,POS,37.4274999,-122.1691671,35.77000045776367,47.10909091552474,GUIDED
66.094385,POS,37.4274999,-122.1691578,35.77000045776367,47.931223625882815,GUIDED
66.194345,POS,37.4274999,-122.1691487,35.77000045776367,48.735676063433864,GUIDED
66.294305,POS,37.4274999,-122.1691395,35.77000045776367,49.54896863784093,GUIDED
66.394265,POS,37.4274999,-122.1691304,35.77000045776367,50.35342107675156,GUIDED
66.494225,POS,37.4274999,-122.1691213,35.77000045776367,51.1578735162904,GUIDED
66.594185,POS,37.4274999,-122.1691123,35.77000045776367,51.95348582024486,GUIDED
66.69497799999999,POS,37.4274999,-122.1691032,35.77000045776367,52.75793826094812,GUIDED
66.794938,POS,37.4274999,-122.169094,35.77000045776367,53.57123083839291,GUIDED
66.894898,POS,37.4274999,-122.1690849,35.779998779296875,54.375683280169774,GUIDED
66.994858,POS,37.4274999,-122.1690756,35.779998779296875,55.19781599611454,GUIDED
67.094818,POS,37.4274999,-122.1690664,35.779998779296875,56.011108575089374,GUIDED
67.194778,POS,37.4274999,-122.1690573,35.779998779296875,56.81556101831403,GUIDED
67.294738,POS,37.4274999,-122.1690481,35.779998779296875,57.62885359945346,GUIDED
67.39469799999999,POS,37.4274999,-122.1690389,35.779998779296875,58.44214617976483,GUIDED
67.494658,POS,37.4274999,-122.1690298,35.779998779296875,59.24659862425659,GUIDED
67.594618,POS,37.4274999,-122.1690206,35.779998779296875,60.059891206624506,GUIDED
67.69457799999999,POS,37.4274999,-122.1690115,35.779998779296875,60.86434365187602,GUIDED
67.794538,POS,37.4274999,-122.1690024,35.779998779296875,61.66879609748313,GUIDED
67.894498,POS,37.4274999,-122.1689933,35.779998779296875,62.473248543432085,GUIDED
67.994458,POS,37.4274999,-122.1689842,35.779998779296875,63.27770098970987,GUIDED
68.094418,POS,37.4274999,-122.1689751,35.779998779296875,64.08215343630405,GUIDED
68.194378,POS,37.4274999,-122.168966,35.779998779296875,64.88660588320288,GUIDED
68.294338,POS,37.4274999,-122.1689569,35.790000915527344,65.69105833039514,GUIDED
68.39429799999999,POS,37.4274999,-122.1689479,35.790000915527344,66.48667064035159,GUIDED
68.494258,POS,37.4274999,-122.1689389,35.790000915527344,67.28228295183108,GUIDED
68.594218,POS,37.4274999,-122.1689299,35.790000915527344,68.07789526356798,GUIDED
68.694178,POS,37.4274999,-122.168921,35.790000915527344,68.86466743802639,GUIDED
68.794971,POS,37.4274999,-122.168912,35.790000915527344,69.66027974899286,GUIDED
68.894931,POS,37.4274999,-122.168903,35.790000915527344,70.45589206144754,GUIDED
68.994891,POS,37.4274999,-122.168894,35.790000915527344,71.25150437412638,GUIDED
69.09485099999999,POS,37.4274999,-122.1688848,35.790000915527344,72.0647969595834,GUIDED
69.194811,POS,37.4274999,-122.1688757,35.790000915527344,72.86924940897619,GUIDED
69.294771,POS,37.4274999,-122.1688667,35.790000915527344,73.66486172229081,GUIDED
69.394731,POS,37.4274999,-122.1688576,35.790000915527344,74.46931417208894,GUIDED
69.494691,POS,37.4274999,-122.1688485,35.790000915527344,75.2737666220811,GUIDED
69.594651,POS,37.4274999,-122.1688394,35.790000915527344,76.07821907226115,GUIDED
69.694611,POS,37.4274999,-122.1688303,35.790000915527344,76.88267152262316,GUIDED
69.794571,POS,37.4274999,-122.1688212,35.790000915527344,77.68712397316146,GUIDED
69.894531,POS,37.4274999,-122.1688121,35.790000915527344,78.49157642387064,GUIDED
69.994491,POS,37.4274999,-122.168803,35.790000915527344,79.29602887474549,GUIDED
70.09445099999999,POS,37.4274999,-122.1687939,35.790000915527344,80.10048132578102,GUIDED
70.194411,POS,37.4274999,-122.1687848,35.790000915527344,80.90493377697241,GUIDED
70.294371,POS,37.4274999,-122.1687758,35.790000915527344,81.70054609075463,GUIDED
70.394331,POS,37.4274999,-122.1687668,35.790000915527344,82.49615840593681,GUIDED
70.494291,POS,37.4274999,-122.1687578,35.790000915527344,83.2917707212585,GUIDED
70.594251,POS,37.4274999,-122.1687488,35.790000915527344,84.08738303545952,GUIDED
70.694211,POS,37.4274999,-122.1687399,35.790000915527344,84.87415521348214,GUIDED
70.79417099999999,POS,37.4274999,-122.1687309,35.790000915527344,85.66976752919783,GUIDED
70.894964,POS,37.4274999,-122.1687219,35.790000915527344,86.46537984503809,GUIDED
70.994924,POS,37.4274999,-122.1687129,35.790000915527344,87.26099215974325,GUIDED
71.094884,POS,37.4274999,-122.1687039,35.790000915527344,88.05660447582258,GUIDED
71.194844,POS,37.4274999,-122.1686948,35.790000915527344,88.86105692833334,GUIDED
71.294804,POS,37.4274999,-122.1686858,35.790000915527344,89.65666924338394,GUIDED
71.394764,POS,37.4274999,-122.1686767,35.790000915527344,90.46112169611868,GUIDED
71.494724,POS,37.4274999,-122.1686676,35.79999923706055,91.26557414896153,GUIDED
71.594684,POS,37.4274999,-122.1686586,35.79999923706055,92.06118646558812,GUIDED
71.694644,POS,37.4274999,-122.1686495,35.79999923706055,92.86563891863771,GUIDED
71.79460399999999,POS,37.4274999,-122.1686405,35.79999923706055,93.6612512354635,GUIDED
71.894564,POS,37.4274999,-122.1686315,35.79999923706055,94.45686355112822,GUIDED
71.994524,POS,37.4274999,-122.1686228,35.79999923706055,95.22595545790854,GUIDED
72.094484,POS,37.4274999,-122.1686144,35.79999923706055,95.96852695328087,GUIDED
72.194444,POS,37.4274999,-122.1686064,35.79999923706055,96.6757379009075,GUIDED
72.294404,POS,37.4274999,-122.1685989,35.79999923706055,97.33874816444818,GUIDED
72.394364,POS,37.4274999,-122.1685918,35.790000915527344,97.96639788147505,GUIDED
72.49432399999999,POS,37.4274999,-122.1685852,35.790000915527344,98.54984691439229,GUIDED
72.594284,POS,37.4274999,-122.1685789,35.790000915527344,99.10677553584976,GUIDED
72.694244,POS,37.4274999,-122.1685731,35.779998779296875,99.61950347317912,GUIDED
72.794204,POS,37.4274999,-122.1685677,35.779998779296875,100.0968708639591,GUIDED
72.894997,POS,37.4274999,-122.1685628,35.779998779296875,100.53003756933849,GUIDED
72.994957,POS,37.4274999,-122.1685582,35.779998779296875,100.93668386448726,GUIDED
73.094917,POS,37.4274999,-122.1685541,35.779998779296875,101.29912947673566,GUIDED
73.19487699999999,POS,37.4274998,-122.1685504,35.779998779296875,101.62621643683102,GUIDED
73.294837,POS,37.4274998,-122.1685471,35.779998779296875,101.91794094837574,GUIDED
73.394797,POS,37.4274998,-122.1685443,35.790000915527344,102.16546477653664,GUIDED
73.49475699999999,POS,37.4274997,-122.168542,35.790000915527344,102.36879101473069,GUIDED
73.594717,POS,37.4274997,-122.1685401,35.790000915527344,102.53675360741866,GUIDED
73.694677,POS,37.4274997,-122.1685386,35.790000915527344,102.66935565390145,GUIDED
73.794637,POS,37.4274996,-122.1685374,35.790000915527344,102.77544158007667,GUIDED
73.894597,POS,37.4274996,-122.1685364,35.79999923706055,102.86384294210679,GUIDED
73.994557,POS,37.4274996,-122.1685356,35.79999923706055,102.93456403048489,GUIDED
74.094517,POS,37.4274995,-122.1685349,35.79999923706055,102.9964504662618,GUIDED
74.19447699999999,POS,37.4274995,-122.1685344,35.79999923706055,103.04065114437176,GUIDED
74.294437,POS,37.4274995,-122.168534,35.79999923706055,103.0760116873662,GUIDED
74.394397,POS,37.4274995,-122.1685337,35.79999923706055,103.10253209398626,GUIDED
74.494357,POS,37.4274995,-122.1685335,35.79999923706055,103.12021236548613,GUIDED
74.594317,POS,37.4274995,-122.1685333,35.79999923706055,103.13789263573064,GUIDED
74.694277,POS,37.4274995,-122.1685332,35.79999923706055,103.14673277210949,GUIDED
74.794237,POS,37.4274995,-122.1685332,35.79999923706055,103.14673277210949,GUIDED
74.89419699999999,POS,37.4274995,-122.1685332,35.79999923706055,103.14673277210949,GUIDED
74.99499,POS,37.4274995,-122.1685333,35.790000915527344,103.13789263573064,GUIDED
75.09495,POS,37.4274995,-122.1685334,35.790000915527344,103.12905250060827,GUIDED
75.19491,POS,37.4274995,-122.1685336,35.790000915527344,103.11137222910797,GUIDED
75.29487,POS,37.4274996,-122.1685337,35.790000915527344,103.10252661651849,GUIDED
75.39483,POS,37.4274996,-122.1685339,35.790000915527344,103.08484634410367,GUIDED
75.49479,POS,37.4274996,-122.1685342,35.790000915527344,103.05832593611063,GUIDED
75.59475,POS,37.4274997,-122.1685345,35.790000915527344,103.03180124846716,GUIDED
75.69471,POS,37.4274997,-122.1685348,35.790000915527344,103.0052808394105,GUIDED
75.79467,POS,37.4274997,-122.1685351,35.790000915527344,102.97876043035461,GUIDED
75.89462999999999,POS,37.4274998,-122.1685355,35.790000915527344,102.94339680593005,GUIDED
75.99459,POS,37.4274998,-122.1685358,35.790000915527344,102.91687639611804,GUIDED
76.09455,POS,37.4274999,-122.1685362,35.790000915527344,102.88151397341113,GUIDED
76.19451,POS,37.4274999,-122.1685366,35.779998779296875,102.84615342681735,GUIDED
76.29447,POS,37.4275,-122.1685369,35.779998779296875,102.81963234402197,GUIDED
76.39443,POS,37.4275,-122.1685373,35.779998779296875,102.78427179724476,GUIDED
76.49439,POS,37.4275,-122.1685377,35.779998779296875,102.74891124921128,GUIDED
76.59434999999999,POS,37.4275,-122.168538,35.779998779296875,102.72239083881428,GUIDED
76.69431,POS,37.4275001,-122.1685384,35.779998779296875,102.68703082558781,GUIDED
76.79427,POS,37.4275001,-122.1685387,35.779998779296875,102.66051041536443,GUIDED
76.89423,POS,37.4275001,-122.1685391,35.779998779296875,102.62514986756251,GUIDED
76.99419,POS,37.4275002,-122.1685394,35.779998779296875,102.59863120054135,GUIDED
77.094983,POS,37.4275002,-122.1685397,35.779998779296875,102.57211079080439,GUIDED
77.194943,POS,37.4275002,-122.16854,35.779998779296875,102.54559038106773,GUIDED
77.294903,POS,37.4275003,-122.1685403,35.779998779296875,102.5190729234899,GUIDED
77.394863,POS,37.4275003,-122.1685405,35.779998779296875,102.50139265044683,GUIDED
77.494823,POS,37.4275003,-122.1685408,35.779998779296875,102.47487224151091,GUIDED
77.59478299999999,POS,37.4275003,-122.168541,35.779998779296875,102.45719196846865,GUIDED
77.694743,POS,37.4275003,-122.1685412,35.779998779296875,102.4395116954267,GUIDED
77.794703,POS,37.4275003,-122.1685414,35.779998779296875,102.42183142364131,GUIDED
77.894663,POS,37.4275003,-122.1685416,35.779998779296875,102.40415115060004,GUIDED
77.994623,POS,37.4275003,-122.1685418,35.779998779296875,102.38647087755905,GUIDED
78.094583,POS,37.4275004,-122.1685419,35.779998779296875,102.37763490977443,GUIDED
78.194543,POS,37.4275004,-122.1685421,35.779998779296875,102.35995463747751,GUIDED
78.29450299999999,POS,37.4275005,-122.1685422,35.779998779296875,102.35111988066105,GUIDED
78.394463,POS,37.4275005,-122.1685423,35.779998779296875,102.34227974561762,GUIDED
78.494423,POS,37.4275005,-122.1685425,35.779998779296875,102.3245994742751,GUIDED
78.594383,POS,37.4275005,-122.1685426,35.779998779296875,102.31575933923233,GUIDED
78.694343,POS,37.4275005,-122.1685426,35.779998779296875,102.31575933923233,GUIDED
78.794303,POS,37.4275005,-122.1685427,35.779998779296875,102.30691920293353,GUIDED
78.894263,POS,37.4275005,-122.1685428,35.779998779296875,102.2980790678912,GUIDED
78.994223,POS,37.4275005,-122.1685429,35.779998779296875,102.28923893159286,GUIDED
79.094183,POS,37.4275005,-122.1685429,35.790000915527344,102.28923893159286,GUIDED
79.194976,POS,37.4275005,-122.168543,35.790000915527344,102.280398796551,GUIDED
79.29493599999999,POS,37.4275005,-122.168543,35.790000915527344,102.280398796551,GUIDED
79.394896,POS,37.4275005,-122.1685431,35.790000915527344,102.27155866150933,GUIDED
79.494856,POS,37.4275005,-122.1685431,35.790000915527344,102.27155866150933,GUIDED
79.594816,POS,37.4275005,-122.1685431,35.790000915527344,102.27155866150933,GUIDED
79.694776,POS,37.4275005,-122.1685432,35.790000915527344,102.26271852521164,GUIDED
79.794736,POS,37.4275005,-122.1685432,35.790000915527344,102.26271852521164,GUIDED
79.894696,POS,37.4275005,-122.1685432,35.790000915527344,102.26271852521164,GUIDED
79.99465599999999,POS,37.4275005,-122.1685432,35.790000915527344,102.26271852521164,GUIDED
80.094616,POS,37.4275004,-122.1685433,35.790000915527344,102.25387300496432,GUIDED
80.194576,POS,37.4275004,-122.1685433,35.790000915527344,102.25387300496432,GUIDED
80.294536,POS,37.4275004,-122.1685433,35.790000915527344,102.25387300496432,GUIDED
80.394496,POS,37.4275004,-122.1685433,35.790000915527344,102.25387300496432,GUIDED
80.494456,POS,37.4275004,-122.1685434,35.790000915527344,102.24503286818971,GUIDED
80.594416,POS,37.4275004,-122.1685434,35.790000915527344,102.24503286818971,GUIDED
80.69437599999999,POS,37.4275004,-122.1685434,35.790000915527344,102.24503286818971,GUIDED
80.794336,POS,37.4275003,-122.1685434,35.790000915527344,102.24502869449921,GUIDED
80.894296,POS,37.4275003,-122.1685434,35.790000915527344,102.24502869449921,GUIDED
80.994256,POS,37.4275003,-122.1685434,35.790000915527344,102.24502869449921,GUIDED
81.094216,POS,37.4275003,-122.1685435,35.779998779296875,102.23618855860828,GUIDED
81.194176,POS,37.4275003,-122.1685435,35.779998779296875,102.23618855860828,GUIDED
81.294969,POS,37.4275003,-122.1685435,35.779998779296875,102.23618855860828,GUIDED
81.394929,POS,37.4275003,-122.1685435,35.779998779296875,102.23618855860828,GUIDED
81.494889,POS,37.4275003,-122.1685435,35.779998779296875,102.23618855860828,GUIDED
81.594849,POS,37.4275003,-122.1685435,35.779998779296875,102.23618855860828,GUIDED
81.69480899999999,POS,37.4275002,-122.1685436,35.779998779296875,102.22734545922806,GUIDED
81.794769,POS,37.4275002,-122.1685436,35.779998779296875,102.22734545922806,GUIDED
81.894729,POS,37.4275002,-122.1685436,35.779998779296875,102.22734545922806,GUIDED
81.994689,POS,37.4275002,-122.1685436,35.779998779296875,102.22734545922806,GUIDED
82.094649,POS,37.4275002,-122.1685436,35.779998779296875,102.22734545922806,GUIDED
82.194609,POS,37.4275002,-122.1685436,35.779998779296875,102.22734545922806,GUIDED
82.294569,POS,37.4275002,-122.1685437,35.779998779296875,102.2185053230693,GUIDED
82.39452899999999,POS,37.4275002,-122.1685437,35.779998779296875,102.2185053230693,GUIDED
82.494489,POS,37.4275002,-122.1685437,35.779998779296875,102.2185053230693,GUIDED
82.594449,POS,37.4275002,-122.1685437,35.779998779296875,102.2185053230693,GUIDED
82.694409,POS,37.4275002,-122.1685437,35.779998779296875,102.2185053230693,GUIDED
82.794369,POS,37.4275002,-122.1685437,35.779998779296875,102.2185053230693,GUIDED
82.894329,POS,37.4275002,-122.1685437,35.779998779296875,102.2185053230693,GUIDED
82.994289,POS,37.4275002,-122.1685438,35.779998779296875,102.20966518691056,GUIDED
83.094249,POS,37.4275002,-122.1685438,35.779998779296875,102.20966518691056,GUIDED
83.194209,POS,37.4275002,-122.1685438,35.779998779296875,102.20966518691056,GUIDED
83.294169,POS,37.4275002,-122.1685438,35.779998779296875,102.20966518691056,GUIDED
83.39496199999999,POS,37.4275002,-122.1685438,35.779998779296875,102.20966518691056,GUIDED
83.494922,POS,37.4275002,-122.1685438,35.779998779296875,102.20966518691056,GUIDED
83.594882,POS,37.4275002,-122.1685438,35.779998779296875,102.20966518691056,GUIDED
83.694842,POS,37.4275002,-122.1685438,35.779998779296875,102.20966518691056,GUIDED
83.794802,POS,37.4275002,-122.1685438,35.779998779296875,102.20966518691056,GUIDED
83.894762,POS,37.4275002,-122.1685438,35.779998779296875,102.20966518691056,GUIDED
83.994722,POS,37.4275002,-122.1685438,35.779998779296875,102.20966518691056,GUIDED
84.09468199999999,POS,37.4275002,-122.1685439,35.779998779296875,102.2008250494956,GUIDED
84.194642,POS,37.4275002,-122.1685439,35.779998779296875,102.2008250494956,GUIDED
84.294602,POS,37.4275002,-122.1685439,35.779998779296875,102.2008250494956,GUIDED
84.394562,POS,37.4275002,-122.1685439,35.779998779296875,102.2008250494956,GUIDED
84.494522,POS,37.4275002,-122.1685439,35.779998779296875,102.2008250494956,GUIDED
84.594482,POS,37.4275002,-122.1685439,35.779998779296875,102.2008250494956,GUIDED
84.694442,POS,37.4275002,-122.1685439,35.779998779296875,102.2008250494956,GUIDED
84.794402,POS,37.4275002,-122.1685439,35.779998779296875,102.2008250494956,GUIDED
84.894362,POS,37.4275002,-122.1685439,35.779998779296875,102.2008250494956,GUIDED
84.994322,POS,37.4275002,-122.1685439,35.779998779296875,102.2008250494956,GUIDED
85.09428199999999,POS,37.4275002,-122.1685439,35.779998779296875,102.2008250494956,GUIDED
85.194242,POS,37.4275002,-122.1685439,35.779998779296875,102.2008250494956,GUIDED
85.294202,POS,37.4275002,-122.1685439,35.779998779296875,102.2008250494956,GUIDED
85.394995,POS,37.4275002,-122.1685439,35.779998779296875,102.2008250494956,GUIDED
85.494955,POS,37.4275002,-122.1685439,35.779998779296875,102.2008250494956,GUIDED
85.594915,POS,37.4275002,-122.1685439,35.779998779296875,102.2008250494956,GUIDED
85.694875,POS,37.4275002,-122.1685439,35.779998779296875,102.2008250494956,GUIDED
85.79483499999999,POS,37.4275002,-122.1685439,35.779998779296875,102.2008250494956,GUIDED
85.894795,POS,37.4275002,-122.168544,35.779998779296875,102.19198491333694,GUIDED
85.994755,POS,37.4275002,-122.168544,35.790000915527344,102.19198491333694,GUIDED
86.094715,POS,37.4275002,-122.168544,35.790000915527344,102.19198491333694,GUIDED
86.194675,POS,37.4275002,-122.168544,35.790000915527344,102.19198491333694,GUIDED
86.294635,POS,37.4275002,-122.168544,35.790000915527344,102.19198491333694,GUIDED
86.394595,POS,37.4275002,-122.168544,35.790000915527344,102.19198491333694,GUIDED
86.49455499999999,POS,37.4275002,-122.168544,35.790000915527344,102.19198491333694,GUIDED
86.594515,POS,37.4275002,-122.168544,35.790000915527344,102.19198491333694,GUIDED
86.694475,POS,37.4275002,-122.168544,35.790000915527344,102.19198491333694,GUIDED
86.794435,POS,37.4275002,-122.168544,35.790000915527344,102.19198491333694,GUIDED
86.894395,POS,37.4275001,-122.168544,35.790000915527344,102.19198316265403,GUIDED
86.994355,POS,37.4275001,-122.168544,35.790000915527344,102.19198316265403,GUIDED
87.094315,POS,37.4275001,-122.168544,35.790000915527344,102.19198316265403,GUIDED
87.194275,POS,37.4275001,-122.168544,35.790000915527344,102.19198316265403,GUIDED
87.294235,POS,37.4275001,-122.168544,35.790000915527344,102.19198316265403,GUIDED
87.394195,POS,37.4275001,-122.168544,35.790000915527344,102.19198316265403,GUIDED
87.49498799999999,POS,37.4275001,-122.168544,35.790000915527344,102.19198316265403,GUIDED
87.594948,POS,37.4275001,-122.168544,35.790000915527344,102.19198316265403,GUIDED
87.694908,POS,37.4275001,-122.168544,35.790000915527344,102.19198316265403,GUIDED
87.794868,POS,37.4275001,-122.168544,35.790000915527344,102.19198316265403,GUIDED
87.894828,POS,37.4275001,-122.168544,35.790000915527344,102.19198316265403,GUIDED
87.994788,POS,37.4275001,-122.168544,35.779998779296875,102.19198316265403,GUIDED
88.094748,POS,37.4275001,-122.168544,35.779998779296875,102.19198316265403,GUIDED
88.19470799999999,POS,37.4275001,-122.168544,35.779998779296875,102.19198316265403,GUIDED
88.294668,POS,37.4275001,-122.168544,35.779998779296875,102.19198316265403,GUIDED
88.394628,POS,37.4275002,-122.168544,35.779998779296875,102.19198491333694,GUIDED
88.494588,POS,37.4275001,-122.168544,35.779998779296875,102.19198316265403,GUIDED
88.594548,POS,37.4275002,-122.168544,35.779998779296875,102.19198491333694,GUIDED
88.694508,POS,37.4275002,-122.168544,35.779998779296875,102.19198491333694,GUIDED
88.794468,POS,37.4275002,-122.168544,35.779998779296875,102.19198491333694,GUIDED
88.894428,POS,37.4275002,-122.168544,35.779998779296875,102.19198491333694,GUIDED
88.994388,POS,37.4275002,-122.168544,35.779998779296875,102.19198491333694,GUIDED
89.094348,POS,37.4275002,-122.168544,35.779998779296875,102.19198491333694,GUIDED
89.19430799999999,POS,37.4275002,-122.168544,35.779998779296875,102.19198491333694,GUIDED
89.294268,POS,37.4275002,-122.1685441,35.779998779296875,102.18314477592209,GUIDED
89.394228,POS,37.4275002,-122.1685441,35.779998779296875,102.18314477592209,GUIDED
89.494188,POS,37.4275002,-122.1685441,35.779998779296875,102.18314477592209,GUIDED
89.594981,POS,37.4275002,-122.1685441,35.779998779296875,102.18314477592209,GUIDED
89.694941,POS,37.4275002,-122.1685441,35.779998779296875,102.18314477592209,GUIDED
89.794901,POS,37.4275002,-122.1685441,35.779998779296875,102.18314477592209,GUIDED
89.89486099999999,POS,37.4275002,-122.1685441,35.779998779296875,102.18314477592209,GUIDED
89.994821,POS,37.4275002,-122.1685441,35.779998779296875,102.18314477592209,GUIDED
90.094781,POS,37.4275002,-122.1685441,35.790000915527344,102.18314477592209,GUIDED
90.194741,POS,37.4275002,-122.1685441,35.790000915527344,102.18314477592209,GUIDED
90.294701,POS,37.4275002,-122.1685441,35.790000915527344,102.18314477592209,GUIDED
90.394661,POS,37.4275002,-122.1685441,35.790000915527344,102.18314477592209,GUIDED
90.494621,POS,37.4275002,-122.1685441,35.790000915527344,102.18314477592209,GUIDED
90.594581,POS,37.4275002,-122.1685441,35.790000915527344,102.18314477592209,GUIDED
90.694541,POS,37.4275002,-122.1685441,35.790000915527344,102.18314477592209,GUIDED
90.794501,POS,37.4275002,-122.1685441,35.790000915527344,102.18314477592209,GUIDED
90.89446099999999,POS,37.4275002,-122.1685441,35.790000915527344,102.18314477592209,GUIDED
90.994421,POS,37.4275002,-122.1685441,35.790000915527344,102.18314477592209,GUIDED
91.094381,POS,37.4275002,-122.1685441,35.790000915527344,102.18314477592209,GUIDED
91.194341,POS,37.4275002,-122.1685441,35.790000915527344,102.18314477592209,GUIDED
91.294301,POS,37.4275002,-122.1685441,35.790000915527344,102.18314477592209,GUIDED
91.394261,POS,37.4275002,-122.1685441,35.790000915527344,102.18314477592209,GUIDED
91.494221,POS,37.4275002,-122.1685441,35.790000915527344,102.18314477592209,GUIDED
91.59418099999999,POS,37.4275002,-122.1685441,35.790000915527344,102.18314477592209,GUIDED
91.694974,POS,37.4275002,-122.1685441,35.790000915527344,102.18314477592209,GUIDED
91.794934,POS,37.4275002,-122.1685441,35.790000915527344,102.18314477592209,GUIDED
91.894894,POS,37.4275002,-122.1685441,35.790000915527344,102.18314477592209,GUIDED
91.994854,POS,37.4275002,-122.1685441,35.790000915527344,102.18314477592209,GUIDED
92.094814,POS,37.4275002,-122.1685441,35.790000915527344,102.18314477592209,GUIDED
92.194774,POS,37.4275002,-122.168544,35.790000915527344,102.19198491333694,GUIDED
92.29473399999999,POS,37.4275002,-122.168544,35.790000915527344,102.19198491333694,GUIDED
92.394694,POS,37.4275002,-122.168544,35.790000915527344,102.19198491333694,GUIDED
92.494654,POS,37.4275002,-122.168544,35.790000915527344,102.19198491333694,GUIDED
92.59461399999999,POS,37.4275002,-122.168544,35.790000915527344,102.19198491333694,GUIDED
92.694574,POS,37.4275002,-122.168544,35.790000915527344,102.19198491333694,GUIDED
92.794534,POS,37.4275002,-122.168544,35.790000915527344,102.19198491333694,GUIDED
92.894494,POS,37.4275002,-122.168544,35.790000915527344,102.19198491333694,GUIDED
92.994454,POS,37.4275002,-122.168544,35.790000915527344,102.19198491333694,GUIDED
93.094414,POS,37.4275002,-122.168544,35.790000915527344,102.19198491333694,GUIDED
93.194374,POS,37.4275002,-122.168544,35.790000915527344,102.19198491333694,GUIDED
93.29433399999999,POS,37.4275002,-122.1685441,35.790000915527344,102.18314477592209,GUIDED
93.394294,POS,37.4275002,-122.168544,35.790000915527344,102.19198491333694,GUIDED
93.494254,POS,37.4275002,-122.1685441,35.790000915527344,102.18314477592209,GUIDED
93.594214,POS,37.4275002,-122.168544,35.790000915527344,102.19198491333694,GUIDED
93.694174,POS,37.4275002,-122.1685441,35.790000915527344,102.18314477592209,GUIDED
93.794967,POS,37.4275002,-122.168544,35.790000915527344,102.19198491333694,GUIDED
93.894927,POS,37.4275002,-122.168544,35.790000915527344,102.19198491333694,GUIDED
93.99488699999999,POS,37.4275002,-122.168544,35.790000915527344,102.19198491333694,GUIDED
94.094847,POS,37.4275002,-122.168544,35.790000915527344,102.19198491333694,GUIDED
94.194807,POS,37.4275002,-122.168544,35.790000915527344,102.19198491333694,GUIDED
94.294767,POS,37.4275002,-122.168544,35.790000915527344,102.19198491333694,GUIDED
94.394727,POS,37.4275002,-122.168544,35.790000915527344,102.19198491333694,GUIDED
94.494687,POS,37.4275002,-122.168544,35.790000915527344,102.19198491333694,GUIDED
94.594647,POS,37.4275002,-122.168544,35.790000915527344,102.19198491333694,GUIDED
94.694607,POS,37.4275002,-122.1685441,35.790000915527344,102.18314477592209,GUIDED
94.794567,POS,37.4275002,-122.1685441,35.790000915527344,102.18314477592209,GUIDED
94.894527,POS,37.4275002,-122.1685441,35.790000915527344,102.18314477592209,GUIDED
94.99448699999999,POS,37.4275002,-122.1685441,35.790000915527344,102.18314477592209,GUIDED
95.094447,POS,37.4275002,-122.1685441,35.790000915527344,102.18314477592209,GUIDED
95.194407,POS,37.4275002,-122.1685441,35.790000915527344,102.18314477592209,GUIDED
95.294367,POS,37.4275002,-122.1685441,35.790000915527344,102.18314477592209,GUIDED
95.394327,POS,37.4275002,-122.1685441,35.790000915527344,102.18314477592209,GUIDED
95.494287,POS,37.4275002,-122.1685441,35.790000915527344,102.18314477592209,GUIDED
95.594247,POS,37.4275002,-122.1685441,35.790000915527344,102.18314477592209,GUIDED
95.69420699999999,POS,37.4275002,-122.1685441,35.790000915527344,102.18314477592209,GUIDED
95.795,POS,37.4275002,-122.1685441,35.790000915527344,102.18314477592209,GUIDED
95.89496,POS,37.4275002,-122.1685441,35.790000915527344,102.18314477592209,GUIDED
95.99492,POS,37.4275002,-122.168544,35.790000915527344,102.19198491333694,GUIDED
96.09488,POS,37.4275002,-122.168544,35.790000915527344,102.19198491333694,GUIDED
96.19484,POS,37.4275002,-122.168544,35.790000915527344,102.19198491333694,GUIDED
96.2948,POS,37.4275002,-122.168544,35.790000915527344,102.19198491333694,GUIDED
96.39476,POS,37.4275002,-122.168544,35.790000915527344,102.19198491333694,GUIDED
96.49472,POS,37.4275002,-122.168544,35.790000915527344,102.19198491333694,GUIDED
96.59468,POS,37.4275002,-122.168544,35.790000915527344,102.19198491333694,GUIDED
96.69463999999999,POS,37.4275002,-122.168544,35.790000915527344,102.19198491333694,GUIDED
96.7946,POS,37.4275002,-122.168544,35.790000915527344,102.19198491333694,GUIDED
96.89456,POS,37.4275002,-122.168544,35.790000915527344,102.19198491333694,GUIDED
96.99452,POS,37.4275002,-122.168544,35.790000915527344,102.19198491333694,GUIDED
97.09448,POS,37.4275001,-122.168544,35.790000915527344,102.19198316265403,GUIDED
97.19444,POS,37.4275001,-122.168544,35.790000915527344,102.19198316265403,GUIDED
97.2944,POS,37.4275001,-122.1685441,35.790000915527344,102.18314302507589,GUIDED
97.39435999999999,POS,37.4275001,-122.1685441,35.790000915527344,102.18314302507589,GUIDED
97.49432,POS,37.4275001,-122.1685441,35.790000915527344,102.18314302507589,GUIDED
97.59428,POS,37.4275001,-122.1685441,35.790000915527344,102.18314302507589,GUIDED
97.69424,POS,37.4275001,-122.1685441,35.790000915527344,102.18314302507589,GUIDED
97.7942,POS,37.4275001,-122.1685441,35.790000915527344,102.18314302507589,GUIDED
97.894993,POS,37.4275001,-122.1685441,35.790000915527344,102.18314302507589,GUIDED
97.994953,POS,37.4275001,-122.1685441,35.790000915527344,102.18314302507589,GUIDED
98.09491299999999,POS,37.4275001,-122.1685441,35.790000915527344,102.18314302507589,GUIDED
98.194873,POS,37.4275001,-122.1685441,35.790000915527344,102.18314302507589,GUIDED
98.294833,POS,37.4275001,-122.1685441,35.790000915527344,102.18314302507589,GUIDED
98.39479299999999,POS,37.4275001,-122.168544,35.790000915527344,102.19198316265403,GUIDED
98.494753,POS,37.4275001,-122.1685441,35.790000915527344,102.18314302507589,GUIDED
98.594713,POS,37.4275001,-122.168544,35.790000915527344,102.19198316265403,GUIDED
98.694673,POS,37.4275001,-122.168544,35.790000915527344,102.19198316265403,GUIDED
98.794633,POS,37.4275001,-122.168544,35.790000915527344,102.19198316265403,GUIDED
98.894593,POS,37.4275001,-122.1685441,35.790000915527344,102.18314302507589,GUIDED
98.994553,POS,37.4275001,-122.168544,35.790000915527344,102.19198316265403,GUIDED
99.09451299999999,POS,37.4275001,-122.1685441,35.790000915527344,102.18314302507589,GUIDED
99.194473,POS,37.4275001,-122.1685441,35.790000915527344,102.18314302507589,GUIDED
99.294433,POS,37.4275001,-122.1685441,35.790000915527344,102.18314302507589,GUIDED
99.394393,POS,37.4275001,-122.1685441,35.790000915527344,102.18314302507589,GUIDED
99.494353,POS,37.4275001,-122.1685441,35.790000915527344,102.18314302507589,GUIDED
99.594313,POS,37.4275001,-122.1685441,35.790000915527344,102.18314302507589,GUIDED
99.694273,POS,37.4275001,-122.1685441,35.790000915527344,102.18314302507589,GUIDED
99.79423299999999,POS,37.4275001,-122.1685441,35.790000915527344,102.18314302507589,GUIDED
99.894193,POS,37.4275001,-122.1685441,35.790000915527344,102.18314302507589,GUIDED
99.994986,POS,37.4275001,-122.1685441,35.790000915527344,102.18314302507589,GUIDED
100.094946,POS,37.4275001,-122.1685441,35.790000915527344,102.18314302507589,GUIDED
100.194906,POS,37.4275001,-122.1685441,35.790000915527344,102.18314302507589,GUIDED
100.294866,POS,37.4275001,-122.1685441,35.790000915527344,102.18314302507589,GUIDED
100.394826,POS,37.4275001,-122.1685441,35.790000915527344,102.18314302507589,GUIDED
100.494786,POS,37.4275001,-122.1685441,35.790000915527344,102.18314302507589,GUIDED
100.594746,POS,37.4275001,-122.168544,35.790000915527344,102.19198316265403,GUIDED
100.694706,POS,37.4275001,-122.168544,35.790000915527344,102.19198316265403,GUIDED
100.79466599999999,POS,37.4275001,-122.168544,35.790000915527344,102.19198316265403,GUIDED
100.894626,POS,37.4275001,-122.168544,35.790000915527344,102.19198316265403,GUIDED
100.994586,POS,37.4275001,-122.168544,35.790000915527344,102.19198316265403,GUIDED
101.094546,POS,37.4275001,-122.168544,35.790000915527344,102.19198316265403,GUIDED
101.194506,POS,37.4275001,-122.168544,35.790000915527344,102.19198316265403,GUIDED
101.294466,POS,37.4275001,-122.168544,35.790000915527344,102.19198316265403,GUIDED
101.394426,POS,37.4275001,-122.168544,35.790000915527344,102.19198316265403,GUIDED
101.49438599999999,POS,37.4275001,-122.168544,35.790000915527344,102.19198316265403,GUIDED
101.594346,POS,37.4275001,-122.168544,35.790000915527344,102.19198316265403,GUIDED
101.694306,POS,37.4275001,-122.168544,35.790000915527344,102.19198316265403,GUIDED
101.794266,POS,37.4275001,-122.168544,35.790000915527344,102.19198316265403,GUIDED
101.894226,POS,37.4275001,-122.168544,35.790000915527344,102.19198316265403,GUIDED
101.994186,POS,37.4275001,-122.168544,35.790000915527344,102.19198316265403,GUIDED
102.094979,POS,37.4275001,-122.168544,35.790000915527344,102.19198316265403,GUIDED
102.194939,POS,37.4275001,-122.168544,35.790000915527344,102.19198316265403,GUIDED
102.294899,POS,37.4275001,-122.168544,35.790000915527344,102.19198316265403,GUIDED
102.394859,POS,37.4275001,-122.168544,35.790000915527344,102.19198316265403,GUIDED
102.49481899999999,POS,37.4275001,-122.168544,35.790000915527344,102.19198316265403,GUIDED
102.594779,POS,37.4275001,-122.168544,35.790000915527344,102.19198316265403,GUIDED
102.694739,POS,37.4275001,-122.168544,35.790000915527344,102.19198316265403,GUIDED
102.794699,POS,37.4275001,-122.168544,35.790000915527344,102.19198316265403,GUIDED
102.894659,POS,37.4275001,-122.168544,35.790000915527344,102.19198316265403,GUIDED
102.994619,POS,37.4275001,-122.168544,35.790000915527344,102.19198316265403,GUIDED
103.094579,POS,37.4275001,-122.168544,35.790000915527344,102.19198316265403,GUIDED
103.19453899999999,POS,37.4275001,-122.168544,35.790000915527344,102.19198316265403,GUIDED
103.294499,POS,37.4275001,-122.168544,35.790000915527344,102.19198316265403,GUIDED
103.394459,POS,37.4275001,-122.168544,35.790000915527344,102.19198316265403,GUIDED
103.494419,POS,37.4275001,-122.168544,35.790000915527344,102.19198316265403,GUIDED
103.594379,POS,37.4275001,-122.168544,35.790000915527344,102.19198316265403,GUIDED
103.694339,POS,37.4275001,-122.168544,35.790000915527344,102.19198316265403,GUIDED
103.794299,POS,37.4275001,-122.168544,35.790000915527344,102.19198316265403,GUIDED
103.89425899999999,POS,37.4275001,-122.168544,35.790000915527344,102.19198316265403,GUIDED
103.994219,POS,37.4275001,-122.168544,35.790000915527344,102.19198316265403,GUIDED
104.094179,POS,37.4275001,-122.168544,35.790000915527344,102.19198316265403,GUIDED
104.19497199999999,POS,37.4275001,-122.168544,35.790000915527344,102.19198316265403,GUIDED
104.294932,POS,37.4275001,-122.168544,35.790000915527344,102.19198316265403,GUIDED
104.394892,POS,37.4275001,-122.168544,35.790000915527344,102.19198316265403,GUIDED
104.494852,POS,37.4275001,-122.168544,35.790000915527344,102.19198316265403,GUIDED
104.594812,POS,37.4275001,-122.168544,35.790000915527344,102.19198316265403,GUIDED
104.694772,POS,37.4275001,-122.168544,35.790000915527344,102.19198316265403,GUIDED
104.794732,POS,37.4275001,-122.168544,35.790000915527344,102.19198316265403,GUIDED
104.89469199999999,POS,37.4275001,-122.1685441,35.790000915527344,102.18314302507589,GUIDED
104.994652,POS,37.4275001,-122.1685441,35.790000915527344,102.18314302507589,GUIDED
105.094612,POS,37.4275001,-122.1685441,35.790000915527344,102.18314302507589,GUIDED
105.194572,POS,37.4275001,-122.1685441,35.790000915527344,102.18314302507589,GUIDED
105.294532,POS,37.4275001,-122.1685441,35.790000915527344,102.18314302507589,GUIDED
105.394492,POS,37.4275001,-122.1685441,35.790000915527344,102.18314302507589,GUIDED
105.494452,POS,37.4275001,-122.1685441,35.790000915527344,102.18314302507589,GUIDED
105.59441199999999,POS,37.4275001,-122.1685441,35.790000915527344,102.18314302507589,GUIDED
105.694372,POS,37.4275001,-122.1685441,35.790000915527344,102.18314302507589,GUIDED
105.794332,POS,37.4275001,-122.1685441,35.790000915527344,102.18314302507589,GUIDED
105.894292,POS,37.4275001,-122.1685441,35.790000915527344,102.18314302507589,GUIDED
105.994252,POS,37.4275001,-122.1685441,35.790000915527344,102.18314302507589,GUIDED
106.094212,POS,37.4275001,-122.1685441,35.790000915527344,102.18314302507589,GUIDED
106.194172,POS,37.4275001,-122.1685441,35.790000915527344,102.18314302507589,GUIDED
106.294965,POS,37.4275001,-122.1685441,35.790000915527344,102.18314302507589,GUIDED
106.394925,POS,37.4275001,-122.1685441,35.790000915527344,102.18314302507589,GUIDED
106.494885,POS,37.4275001,-122.1685441,35.790000915527344,102.18314302507589,GUIDED
106.59484499999999,POS,37.4275001,-122.1685441,35.790000915527344,102.18314302507589,GUIDED
106.694805,POS,37.4275001,-122.1685441,35.790000915527344,102.18314302507589,GUIDED
106.794765,POS,37.4275001,-122.1685441,35.790000915527344,102.18314302507589,GUIDED
106.894725,POS,37.4275001,-122.1685441,35.790000915527344,102.18314302507589,GUIDED
106.994685,POS,37.4275001,-122.1685441,35.790000915527344,102.18314302507589,GUIDED
107.094645,POS,37.4275001,-122.1685441,35.790000915527344,102.18314302507589,GUIDED
107.194605,POS,37.4275001,-122.1685441,35.790000915527344,102.18314302507589,GUIDED
107.29456499999999,POS,37.4275001,-122.1685441,35.790000915527344,102.18314302507589,GUIDED
107.394525,POS,37.4275001,-122.1685441,35.790000915527344,102.18314302507589,GUIDED
107.494485,POS,37.4275001,-122.1685441,35.790000915527344,102.18314302507589,GUIDED
107.594445,POS,37.4275001,-122.1685441,35.790000915527344,102.18314302507589,GUIDED
107.694405,POS,37.4275001,-122.1685441,35.790000915527344,102.18314302507589,GUIDED
107.794365,POS,37.4275001,-122.1685441,35.790000915527344,102.18314302507589,GUIDED
107.894325,POS,37.4275001,-122.1685441,35.790000915527344,102.18314302507589,GUIDED
107.994285,POS,37.4275001,-122.1685441,35.790000915527344,102.18314302507589,GUIDED
108.094245,POS,37.4275001,-122.1685441,35.790000915527344,102.18314302507589,GUIDED
108.194205,POS,37.4275001,-122.1685441,35.790000915527344,102.18314302507589,GUIDED
108.29499799999999,POS,37.4275001,-122.1685441,35.790000915527344,102.18314302507589,GUIDED
108.394958,POS,37.4275001,-122.1685441,35.790000915527344,102.18314302507589,GUIDED
108.494918,POS,37.4275001,-122.1685441,35.790000915527344,102.18314302507589,GUIDED
108.594878,POS,37.4275001,-122.1685441,35.790000915527344,102.18314302507589,GUIDED
108.694838,POS,37.4275001,-122.1685441,35.790000915527344,102.18314302507589,GUIDED
108.794798,POS,37.4275001,-122.1685441,35.790000915527344,102.18314302507589,GUIDED
108.894758,POS,37.4275001,-122.1685441,35.790000915527344,102.18314302507589,GUIDED
108.99471799999999,POS,37.4275001,-122.1685441,35.790000915527344,102.18314302507589,GUIDED
109.094678,POS,37.4275001,-122.1685441,35.790000915527344,102.18314302507589,GUIDED
109.194638,POS,37.4275001,-122.1685441,35.790000915527344,102.18314302507589,GUIDED
109.294598,POS,37.4275001,-122.1685441,35.790000915527344,102.18314302507589,GUIDED
109.394558,POS,37.4275001,-122.1685441,35.790000915527344,102.18314302507589,GUIDED
109.494518,POS,37.4275001,-122.1685441,35.790000915527344,102.18314302507589,GUIDED
109.594478,POS,37.4275001,-122.1685441,35.790000915527344,102.18314302507589,GUIDED
109.69443799999999,POS,37.4275001,-122.1685441,35.790000915527344,102.18314302507589,GUIDED
109.794398,POS,37.4275001,-122.1685441,35.790000915527344,102.18314302507589,GUIDED
109.894358,POS,37.4275001,-122.1685441,35.790000915527344,102.18314302507589,GUIDED
109.99431799999999,POS,37.4275001,-122.1685441,35.790000915527344,102.18314302507589,GUIDED
110.094278,POS,37.4275001,-122.1685441,35.790000915527344,102.18314302507589,GUIDED
110.194238,POS,37.4275001,-122.1685441,35.790000915527344,102.18314302507589,GUIDED
110.294198,POS,37.4275001,-122.1685441,35.790000915527344,102.18314302507589,GUIDED
110.394991,POS,37.4275001,-122.1685441,35.790000915527344,102.18314302507589,GUIDED
110.494951,POS,37.4275001,-122.1685441,35.790000915527344,102.18314302507589,GUIDED
110.594911,POS,37.4275001,-122.1685441,35.790000915527344,102.18314302507589,GUIDED
110.69487099999999,POS,37.4275001,-122.1685441,35.790000915527344,102.18314302507589,GUIDED
110.794831,POS,37.4275001,-122.1685441,35.790000915527344,102.18314302507589,GUIDED
110.894791,POS,37.4275001,-122.1685441,35.790000915527344,102.18314302507589,GUIDED
110.994751,POS,37.4275001,-122.1685441,35.790000915527344,102.18314302507589,GUIDED
111.094711,POS,37.4275001,-122.1685441,35.790000915527344,102.18314302507589,GUIDED
111.194671,POS,37.4275001,-122.1685441,35.790000915527344,102.18314302507589,GUIDED
111.294631,POS,37.4275001,-122.1685441,35.790000915527344,102.18314302507589,RTL
111.39459099999999,POS,37.4275001,-122.1685441,35.790000915527344,102.18314302507589,RTL
111.494551,POS,37.4275001,-122.1685441,35.790000915527344,102.18314302507589,RTL
111.594511,POS,37.4275001,-122.1685441,35.790000915527344,102.18314302507589,RTL
111.694471,POS,37.4275001,-122.1685441,35.79999923706055,102.18314302507589,RTL
111.794431,POS,37.4275001,-122.1685441,35.81999969482422,102.18314302507589,RTL
111.894391,POS,37.4275001,-122.1685441,35.84000015258789,102.18314302507589,RTL
111.994351,POS,37.4275001,-122.1685441,35.869998931884766,102.18314302507589,RTL
112.094311,POS,37.4275001,-122.1685441,35.90999984741211,102.18314302507589,RTL
112.194271,POS,37.4275001,-122.1685441,35.95000076293945,102.18314302507589,RTL
112.294231,POS,37.4275001,-122.1685441,35.98999786376953,102.18314302507589,RTL
112.39419099999999,POS,37.4275001,-122.1685441,36.029998779296875,102.18314302507589,RTL
112.494984,POS,37.4275001,-122.1685441,36.05999755859375,102.18314302507589,RTL
112.594944,POS,37.4275001,-122.1685442,36.09000015258789,102.17430288875403,RTL
112.694904,POS,37.4275001,-122.1685445,36.099998474121094,102.14778247853219,RTL
112.794864,POS,37.4275001,-122.168545,36.11000061035156,102.10358179441059,RTL
112.894824,POS,37.4275001,-122.1685459,36.11000061035156,102.02402056248972,RTL
112.994784,POS,37.4275001,-122.1685473,36.11000061035156,101.90025864644905,RTL
113.09474399999999,POS,37.4275001,-122.168549,36.11000061035156,101.74997632018959,RTL
113.194704,POS,37.4275001,-122.1685512,36.099998474121094,101.555493309814,RTL
113.294664,POS,37.4275001,-122.1685537,36.099998474121094,101.33448988796725,RTL
113.394624,POS,37.4275001,-122.1685567,36.09000015258789,101.06928578326634,RTL
113.494584,POS,37.4275,-122.16856,36.09000015258789,100.77756071958518,RTL
113.594544,POS,37.4275,-122.1685637,36.07999801635742,100.45047565341594,RTL
113.694504,POS,37.4275,-122.1685678,36.07999801635742,100.08803004046945,RTL
113.794464,POS,37.4275,-122.1685722,36.07999801635742,99.69906401712586,RTL
113.894424,POS,37.4275,-122.1685771,36.06999969482422,99.26589730936846,RTL
113.994384,POS,37.4274999,-122.1685823,36.06999969482422,98.80621088303464,RTL
114.09434399999999,POS,37.4274999,-122.1685879,36.06999969482422,98.3111632184174,RTL
114.194304,POS,37.4274999,-122.1685938,36.06999969482422,97.78959514484534,RTL
114.294264,POS,37.4274999,-122.1686001,36.06999969482422,97.23266652222743,RTL
114.394224,POS,37.4274998,-122.1686068,36.06999969482422,96.64037934105188,RTL
114.494184,POS,37.4274998,-122.1686137,36.06999969482422,96.03040991111371,RTL
114.594977,POS,37.4274998,-122.168621,36.06999969482422,95.38507993300948,RTL
114.694937,POS,37.4274998,-122.1686285,36.06999969482422,94.7220696828471,RTL
114.79489699999999,POS,37.4274997,-122.1686364,36.06999969482422,94.0237022435681,RTL
114.894857,POS,37.4274997,-122.1686445,36.06999969482422,93.3076511981329,RTL
114.994817,POS,37.4274997,-122.1686527,36.06999969482422,92.58276001757856,RTL
115.094777,POS,37.4274997,-122.1686609,36.07999801635742,91.85786883650634,RTL
115.194737,POS,37.4274997,-122.1686691,36.07999801635742,91.13297765744632,RTL
115.294697,POS,37.4274997,-122.1686773,36.07999801635742,90.40808647916047,RTL
115.394657,POS,37.4274997,-122.1686854,36.07999801635742,89.69203543745276,RTL
115.494617,POS,37.4274996,-122.1686936,36.07999801635742,88.96714919524983,RTL
115.594577,POS,37.4274996,-122.1687018,36.07999801635742,88.2422580589549,RTL
115.694537,POS,37.4274996,-122.16871,36.06999969482422,87.5173669229199,RTL
115.79449699999999,POS,37.4274996,-122.1687182,36.06999969482422,86.79247578969537,RTL
115.894457,POS,37.4274996,-122.1687265,36.06999969482422,86.05874452158734,RTL
115.994417,POS,37.4274996,-122.1687348,36.06999969482422,85.32501325641029,RTL
116.094377,POS,37.4274997,-122.1687431,36.06999969482422,84.59127680794501,RTL
116.194337,POS,37.4274997,-122.1687515,36.06999969482422,83.84870536492441,RTL
116.294297,POS,37.4274997,-122.1687598,36.06999969482422,83.11497405863128,RTL
116.394257,POS,37.4274997,-122.1687682,36.05999755859375,82.37240261771221,RTL
116.49421699999999,POS,37.4274998,-122.1687766,36.05999755859375,81.62982732818533,RTL
116.594177,POS,37.4274998,-122.1687851,36.05999755859375,80.8784157190947,RTL
116.69497,POS,37.4274998,-122.1687936,36.05999755859375,80.12700410927671,RTL
116.79493,POS,37.4274998,-122.1688021,36.05999755859375,79.37559250125888,RTL
116.89489,POS,37.4274998,-122.1688107,36.05999755859375,78.61534075650665,RTL
116.99485,POS,37.4274999,-122.1688194,36.05999755859375,77.8462464352769,RTL
117.09481,POS,37.4274999,-122.1688281,36.05999755859375,77.07715453239275,RTL
117.19476999999999,POS,37.4274999,-122.1688368,36.05999755859375,76.30806262966858,RTL
117.29473,POS,37.4275,-122.1688455,36.05999755859375,75.53896985516221,RTL
117.39469,POS,37.4275,-122.1688543,36.05999755859375,74.76103780721273,RTL
117.49465,POS,37.4275,-122.168863,36.05999755859375,73.99194589689967,RTL
117.59461,POS,37.4275,-122.1688718,36.05999755859375,73.21401384894986,RTL
117.69457,POS,37.4275001,-122.1688806,36.05999755859375,72.43608260925537,RTL
117.79453,POS,37.4275001,-122.1688895,36.05999755859375,71.6493104335869,RTL
117.89449,POS,37.4275001,-122.1688984,36.05999755859375,70.86253825938314,RTL
117.99445,POS,37.4275001,-122.1689072,36.05999755859375,70.0846062216577,RTL
118.09441,POS,37.4275001,-122.1689161,36.05999755859375,69.2978340478896,RTL
118.19436999999999,POS,37.4275002,-122.1689251,36.05999755859375,68.50222440583858,RTL
118.29433,POS,37.4275002,-122.168934,36.05999755859375,67.715452264595,RTL
118.39429,POS,37.4275002,-122.1689429,36.05999755859375,66.92868012308334,RTL
118.49425,POS,37.4275003,-122.1689518,36.05999755859375,66.1419126235567,RTL
118.59421,POS,37.4275003,-122.1689607,36.05999755859375,65.35514054229708,RTL
118.69417,POS,37.4275003,-122.1689697,36.05999755859375,64.55952832707446,RTL
118.794963,POS,37.4275003,-122.1689786,36.05999755859375,63.77275625088236,RTL
118.89492299999999,POS,37.4275003,-122.1689876,36.05999755859375,62.97714404223247,RTL
118.994883,POS,37.4275003,-122.1689966,36.05999755859375,62.181531835153066,RTL
119.094843,POS,37.4275003,-122.1690058,36.05999755859375,61.368239360902194,RTL
119.194803,POS,37.4275003,-122.1690149,36.05999755859375,60.56378702486212,RTL
119.294763,POS,37.4275003,-122.1690241,36.05999755859375,59.75049455583317,RTL
119.394723,POS,37.4275003,-122.1690333,36.05999755859375,58.937202091519175,RTL
119.494683,POS,37.4275003,-122.1690424,36.05999755859375,58.13274976571284,RTL
119.594643,POS,37.4275003,-122.1690516,36.05999755859375,57.31945730746219,RTL
119.694603,POS,37.4275003,-122.1690608,36.05999755859375,56.50616485438563,RTL
119.794563,POS,37.4275003,-122.16907,36.05999755859375,55.69287240414228,RTL
119.89452299999999,POS,37.4275003,-122.1690792,36.05999755859375,54.879579959426465,RTL
119.994483,POS,37.4275003,-122.1690884,36.05999755859375,54.06628751791844,RTL
120.094443,POS,37.4275003,-122.1690976,36.05999755859375,53.25299508233527,RTL
120.194403,POS,37.4275003,-122.1691068,36.05999755859375,52.43970265163791,RTL
120.294363,POS,37.4275003,-122.169116,36.05999755859375,51.62641022480099,RTL
120.394323,POS,37.4275003,-122.1691251,36.05999755859375,50.82195793903651,RTL
120.494283,POS,37.4275003,-122.1691342,36.05999755859375,50.017505658771626,RTL
120.59424299999999,POS,37.4275003,-122.1691432,36.05999755859375,49.2218935198599,RTL
120.694203,POS,37.4275003,-122.1691523,36.05999755859375,48.41744125135304,RTL
120.794996,POS,37.4275003,-122.1691613,36.05999755859375,47.62182912339525,RTL
120.894956,POS,37.4275003,-122.1691704,36.05999755859375,46.81737686786201,RTL
120.994916,POS,37.4275003,-122.1691796,36.05999755859375,46.00408448407403,RTL
121.094876,POS,37.4275003,-122.1691888,36.05999755859375,45.190792109121446,RTL
121.194836,POS,37.4275003,-122.169198,36.05999755859375,44.37749974216468,RTL
121.294796,POS,37.4275003,-122.1692071,36.05999755859375,43.573047517417265,RTL
121.394756,POS,37.4275003,-122.1692163,36.05999755859375,42.75975516647372,RTL
121.494716,POS,37.4275003,-122.1692255,36.05999755859375,41.94646282622543,RTL
121.59467599999999,POS,37.4275003,-122.1692347,36.05999755859375,41.13317049471975,RTL
121.694636,POS,37.4275003,-122.1692438,36.05999755859375,40.32871830840531,RTL
121.794596,POS,37.4275003,-122.169253,36.05999755859375,39.51542599989259,RTL
121.894556,POS,37.4275003,-122.1692621,36.05999755859375,38.710973836412954,RTL
121.994516,POS,37.4275003,-122.1692712,36.05999755859375,37.906521685380405,RTL
122.094476,POS,37.4275003,-122.1692804,36.05999755859375,37.093229413567634,RTL
122.194436,POS,37.4275003,-122.1692895,36.05999755859375,36.288777290090536,RTL
122.29439599999999,POS,37.4275003,-122.1692986,36.05999755859375,35.48432518172397,LAND
122.394356,POS,37.4275003,-122.1693076,36.05999755859375,34.68871322304063,LAND
122.494316,POS,37.4275003,-122.1693166,36.05999755859375,33.893101280022954,LAND
122.594276,POS,37.4275003,-122.1693254,36.05999755859375,33.115169620133734,LAND
122.694236,POS,37.4275003,-122.169334,36.05999755859375,32.354918243399126,LAND
122.794196,POS,37.4275003,-122.1693422,36.05999755859375,31.63002741393842,LAND
122.894989,POS,37.4275003,-122.16935,36.05999755859375,30.940497130348948,LAND
122.99494899999999,POS,37.4275003,-122.1693574,36.04999923706055,30.28632738985537,LAND
123.094909,POS,37.4275003,-122.1693644,36.04999923706055,29.667518190826872,LAND
123.194869,POS,37.4275003,-122.169371,36.04999923706055,29.084069534040594,LAND
123.294829,POS,37.4275003,-122.1693772,36.040000915527344,28.535981415154332,LAND
123.394789,POS,37.4275003,-122.1693829,36.040000915527344,28.032093963600854,LAND
123.494749,POS,37.4275003,-122.1693882,36.040000915527344,27.563567046882874,LAND
123.594709,POS,37.4275003,-122.1693931,36.040000915527344,27.130400662998145,LAND
123.694669,POS,37.4275003,-122.1693976,36.040000915527344,26.732594808673124,LAND
123.794629,POS,37.4275003,-122.1694016,36.040000915527344,26.378989612433614,LAND
123.894589,POS,37.4275003,-122.1694052,36.040000915527344,26.06074494268281,LAND
123.99454899999999,POS,37.4275003,-122.1694083,36.040000915527344,25.786700926509663,LAND
124.094509,POS,37.4275003,-122.169411,36.040000915527344,25.54801743293252,LAND
124.194469,POS,37.4275003,-122.1694133,36.040000915527344,25.34469445913285,LAND
124.294429,POS,37.4275003,-122.1694151,36.040000915527344,25.18557213482125,LAND
124.394389,POS,37.4275003,-122.1694166,36.040000915527344,25.05297019777818,LAND
124.494349,POS,37.4275003,-122.1694177,36.04999923706055,24.955728779495203,LAND
124.594309,POS,37.4275003,-122.1694187,36.04999923706055,24.86732749027884,LAND
124.69426899999999,POS,37.4275003,-122.1694195,36.04999923706055,24.796606458308542,LAND
124.794229,POS,37.4275003,-122.1694201,36.04999923706055,24.74356568582699,LAND
124.894189,POS,37.4275003,-122.1694206,36.04999923706055,24.69936504183178,LAND
124.994982,POS,37.4275003,-122.1694211,36.04999923706055,24.65516439798116,LAND
125.094942,POS,37.4275003,-122.1694214,36.04999923706055,24.628644010735524,LAND
125.194902,POS,37.4275003,-122.1694216,36.04999923706055,24.610963753019675,LAND
125.294862,POS,37.4275003,-122.1694218,36.04999923706055,24.593283496583478,LAND
125.394822,POS,37.4275003,-122.1694219,36.04999923706055,24.584443367117906,LAND
125.494782,POS,37.4275003,-122.1694219,36.04999923706055,24.584443367117906,LAND
125.594742,POS,37.4275002,-122.1694218,36.04999923706055,24.593270916040556,LAND
125.69470199999999,POS,37.4275002,-122.1694218,36.04999923706055,24.593270916040556,LAND
125.79466199999999,POS,37.4275002,-122.1694217,36.04999923706055,24.602111048788025,LAND
125.894622,POS,37.4275002,-122.1694216,36.04999923706055,24.610951181538095,LAND
125.99458200000001,POS,37.4275002,-122.1694213,36.04999923706055,24.637471582316408,LAND
126.09454199999999,POS,37.4275002,-122.1694211,36.04999923706055,24.655151849096146,LAND
126.194502,POS,37.4275001,-122.1694208,36.04999923706055,24.68166473402857,LAND
126.29446200000001,POS,37.4275001,-122.1694205,36.04999923706055,24.70818514171381,LAND
126.39442199999999,POS,37.4275001,-122.1694202,36.04999923706055,24.734705549404826,LAND
126.494382,POS,37.4275001,-122.1694199,36.04999923706055,24.761225958357866,LAND
126.59434200000001,POS,37.4275001,-122.1694195,36.040000915527344,24.796586501543754,LAND
126.694302,POS,37.4275001,-122.1694192,36.02000045776367,24.823106910510155,LAND
126.794262,POS,37.4275001,-122.1694188,35.98999786376953,24.85846745371379,LAND
126.89422199999998,POS,37.4275001,-122.1694185,35.959999084472656,24.884987861437203,LAND
126.994182,POS,37.4275001,-122.1694181,35.90999984741211,24.92034840591472,LAND
127.094975,POS,37.4275,-122.1694177,35.849998474121094,24.955706484264713,LAND
127.19493499999999,POS,37.4275,-122.1694174,35.779998779296875,24.982226894662155,LAND
127.294895,POS,37.4275,-122.169417,35.70000076293945,25.017587442696268,LAND
127.394855,POS,37.4275,-122.1694167,35.599998474121094,25.044107853093717,LAND
127.49481499999999,POS,37.4275,-122.1694163,35.5,25.07946840112782,LAND
127.594775,POS,37.4275,-122.169416,35.380001068115234,25.10598881152527,LAND
127.69473500000001,POS,37.4275,-122.1694157,35.25,25.132509221922717,LAND
127.79469499999999,POS,37.4275,-122.1694154,35.11000061035156,25.159029632320166,LAND
127.894655,POS,37.4275,-122.1694151,34.96999740600586,25.185550043973876,LAND
127.99461500000001,POS,37.4275,-122.1694148,34.81999969482422,25.212070454371318,LAND
128.094575,POS,37.4275,-122.1694145,34.65999984741211,25.238590864768774,LAND
128.194535,POS,37.4275,-122.1694143,34.5,25.256271138785827,LAND
128.294495,POS,37.4275,-122.169414,34.34000015258789,25.282791549183276,LAND
128.394455,POS,37.4275,-122.1694138,34.18000030517578,25.300471823200326,LAND
128.494415,POS,37.4275,-122.1694136,34.02000045776367,25.318152097217382,LAND
128.59437499999999,POS,37.4275,-122.1694134,33.869998931884766,25.33583237123443,LAND
128.694335,POS,37.4275,-122.1694132,33.709999084472656,25.35351264525148,LAND
128.794295,POS,37.4275,-122.1694131,33.54999923706055,25.36235278163188,LAND
128.894255,POS,37.4275,-122.1694129,33.39999771118164,25.380033055648926,LAND
128.994215,POS,37.4275,-122.1694128,33.25,25.388873192029333,LAND
129.094175,POS,37.4275,-122.1694127,33.09000015258789,25.397713329665983,LAND
129.194968,POS,37.4275,-122.1694125,32.939998626708984,25.41539360242678,LAND
129.294928,POS,37.4275,-122.1694124,32.790000915527344,25.424233740063436,LAND
129.394888,POS,37.4275,-122.1694124,32.63999938964844,25.424233740063436,LAND
129.494848,POS,37.4275,-122.1694123,32.48999786376953,25.433073876443824,LAND
129.594808,POS,37.4275,-122.1694122,32.34000015258789,25.441914014080485,LAND
129.694768,POS,37.4275,-122.1694121,32.189998626708984,25.450754150460877,LAND
129.794728,POS,37.4275,-122.1694121,32.040000915527344,25.450754150460877,LAND
129.894688,POS,37.4275,-122.169412,31.889999389648438,25.45959428809754,LAND
129.994648,POS,37.4275,-122.169412,31.75,25.45959428809754,LAND
130.094608,POS,37.4275,-122.1694119,31.599998474121094,25.468434424477934,LAND
130.194568,POS,37.4275,-122.1694119,31.44999885559082,25.468434424477934,LAND
130.29452799999999,POS,37.4275,-122.1694119,31.299999237060547,25.468434424477934,LAND
130.394488,POS,37.4275,-122.1694118,31.149999618530273,25.477274560858326,LAND
130.494448,POS,37.4275,-122.1694118,31.0,25.477274560858326,LAND
130.594408,POS,37.4275,-122.1694118,30.849998474121094,25.477274560858326,LAND
130.694368,POS,37.4275,-122.1694117,30.69999885559082,25.486114698494987,LAND
130.794328,POS,37.4275,-122.1694117,30.549999237060547,25.486114698494987,LAND
130.894288,POS,37.4275,-122.1694117,30.399999618530273,25.486114698494987,LAND
130.994248,POS,37.4275,-122.1694117,30.260000228881836,25.486114698494987,LAND
131.094208,POS,37.4275,-122.1694117,30.10999870300293,25.486114698494987,LAND
131.194168,POS,37.4275,-122.1694116,29.959999084472656,25.494954834875383,LAND
131.294961,POS,37.4275,-122.1694116,29.809999465942383,25.494954834875383,LAND
131.394921,POS,37.4275,-122.1694116,29.65999984741211,25.494954834875383,LAND
131.494881,POS,37.4275,-122.1694116,29.510000228881836,25.494954834875383,LAND
131.594841,POS,37.4275,-122.1694116,29.35999870300293,25.494954834875383,LAND
131.69480099999998,POS,37.4275,-122.1694116,29.209999084472656,25.494954834875383,LAND
131.794761,POS,37.4275,-122.1694115,29.059999465942383,25.50379497251204,LAND
131.894721,POS,37.4275,-122.1694115,28.90999984741211,25.50379497251204,LAND
131.99468099999999,POS,37.4275,-122.1694115,28.760000228881836,25.50379497251204,LAND
132.094641,POS,37.4275,-122.1694115,28.60999870300293,25.50379497251204,LAND
132.194601,POS,37.4275,-122.1694115,28.459999084472656,25.50379497251204,LAND
132.294561,POS,37.4275,-122.1694115,28.309999465942383,25.50379497251204,LAND
132.394521,POS,37.4275,-122.1694114,28.15999984741211,25.51263510889243,LAND
132.494481,POS,37.4275,-122.1694114,28.010000228881836,25.51263510889243,LAND
132.594441,POS,37.4275,-122.1694114,27.85999870300293,25.51263510889243,LAND
132.694401,POS,37.4275,-122.1694114,27.709999084472656,25.51263510889243,LAND
132.794361,POS,37.4275,-122.1694114,27.559999465942383,25.51263510889243,LAND
132.894321,POS,37.4275,-122.1694114,27.40999984741211,25.51263510889243,LAND
132.994281,POS,37.4275,-122.1694113,27.26999855041504,25.521475246529093,LAND
133.094241,POS,37.4275,-122.1694113,27.1299991607666,25.521475246529093,LAND
133.194201,POS,37.4275,-122.1694113,27.0,25.521475246529093,LAND
133.294994,POS,37.4275,-122.1694113,26.889999389648438,25.521475246529093,LAND
133.39495399999998,POS,37.4275,-122.1694113,26.779998779296875,25.521475246529093,LAND
133.494914,POS,37.4275,-122.1694113,26.68000030517578,25.521475246529093,LAND
133.594874,POS,37.4275,-122.1694113,26.599998474121094,25.521475246529093,LAND
133.694834,POS,37.4275,-122.1694112,26.529998779296875,25.53031538290948,LAND
133.794794,POS,37.4275,-122.1694112,26.469999313354492,25.53031538290948,LAND
133.894754,POS,37.4275,-122.1694112,26.40999984741211,25.53031538290948,LAND
133.994714,POS,37.4275,-122.1694112,26.369998931884766,25.53031538290948,LAND
134.094674,POS,37.4275,-122.1694112,26.329999923706055,25.53031538290948,LAND
134.194634,POS,37.4275,-122.1694112,26.28999900817871,25.53031538290948,LAND
134.294594,POS,37.4275,-122.1694112,26.239999771118164,25.53031538290948,LAND
134.394554,POS,37.4275,-122.1694112,26.209999084472656,25.53031538290948,LAND
134.494514,POS,37.4275,-122.1694112,26.15999984741211,25.53031538290948,LAND
134.594474,POS,37.4275,-122.1694111,26.119998931884766,25.539155519289885,LAND
134.694434,POS,37.4275,-122.1694111,26.079999923706055,25.539155519289885,LAND
134.794394,POS,37.4275,-122.1694111,26.03999900817871,25.539155519289885,LAND
134.894354,POS,37.4275,-122.1694111,25.989999771118164,25.539155519289885,LAND
134.994314,POS,37.4275,-122.1694111,25.939998626708984,25.539155519289885,LAND
135.09427399999998,POS,37.4275,-122.1694111,25.899999618530273,25.539155519289885,LAND
135.194234,POS,37.4275,-122.1694111,25.849998474121094,25.539155519289885,LAND
135.294194,POS,37.4275,-122.1694111,25.799999237060547,25.539155519289885,LAND
135.394987,POS,37.4275,-122.1694111,25.75,25.539155519289885,LAND
135.494947,POS,37.4275,-122.1694111,25.69999885559082,25.539155519289885,LAND
135.594907,POS,37.4275,-122.1694111,25.649999618530273,25.539155519289885,LAND
135.694867,POS,37.4275,-122.1694111,25.599998474121094,25.539155519289885,LAND
135.794827,POS,37.4275,-122.1694111,25.549999237060547,25.539155519289885,LAND
135.894787,POS,37.4275,-122.1694111,25.5,25.539155519289885,LAND
135.994747,POS,37.4275,-122.1694111,25.439998626708984,25.539155519289885,LAND
136.094707,POS,37.4275,-122.1694111,25.389999389648438,25.539155519289885,LAND
136.194667,POS,37.4275,-122.1694111,25.34000015258789,25.539155519289885,LAND
136.294627,POS,37.4275,-122.1694111,25.28999900817871,25.539155519289885,LAND
136.394587,POS,37.4275,-122.169411,25.239999771118164,25.547995656926535,LAND
136.494547,POS,37.4275,-122.169411,25.189998626708984,25.547995656926535,LAND
136.594507,POS,37.4275,-122.169411,25.139999389648438,25.547995656926535,LAND
136.694467,POS,37.4275,-122.169411,25.09000015258789,25.547995656926535,LAND
136.79442699999998,POS,37.4275,-122.169411,25.03999900817871,25.547995656926535,LAND
136.894387,POS,37.4275,-122.169411,24.989999771118164,25.547995656926535,LAND
136.994347,POS,37.4275,-122.169411,24.939998626708984,25.547995656926535,LAND
137.094307,POS,37.4275,-122.169411,24.889999389648438,25.547995656926535,LAND
137.194267,POS,37.4275,-122.169411,24.84000015258789,25.547995656926535,LAND
137.294227,POS,37.4275,-122.169411,24.78999900817871,25.547995656926535,LAND
137.394187,POS,37.4275,-122.169411,24.739999771118164,25.547995656926535,LAND
137.49498,POS,37.4275,-122.169411,24.689998626708984,25.547995656926535,LAND
137.59494,POS,37.4275,-122.169411,24.639999389648438,25.547995656926535,LAND
137.6949,POS,37.4275,-122.169411,24.59000015258789,25.547995656926535,LAND
137.79486,POS,37.4275,-122.169411,24.529998779296875,25.547995656926535,LAND
137.89482,POS,37.4275,-122.169411,24.479999542236328,25.547995656926535,LAND
137.99478,POS,37.4275,-122.169411,24.43000030517578,25.547995656926535,LAND
138.09474,POS,37.4275,-122.169411,24.3799991607666,25.547995656926535,LAND
138.1947,POS,37.4275,-122.169411,24.329999923706055,25.547995656926535,LAND
138.29466,POS,37.4275,-122.169411,24.279998779296875,25.547995656926535,LAND
138.39462,POS,37.4275,-122.169411,24.229999542236328,25.547995656926535,LAND
138.49457999999998,POS,37.4275,-122.169411,24.18000030517578,25.547995656926535,LAND
138.59454,POS,37.4275,-122.169411,24.1299991607666,25.547995656926535,LAND
138.6945,POS,37.4275,-122.169411,24.079999923706055,25.547995656926535,LAND
138.79446,POS,37.4275,-122.169411,24.029998779296875,25.547995656926535,LAND
138.89442,POS,37.4275,-122.169411,23.979999542236328,25.547995656926535,LAND
138.99438,POS,37.4275,-122.169411,23.93000030517578,25.547995656926535,LAND
139.09434,POS,37.4275,-122.169411,23.8799991607666,25.547995656926535,LAND
139.1943,POS,37.4275,-122.169411,23.829999923706055,25.547995656926535,LAND
139.29426,POS,37.4275,-122.169411,23.779998779296875,25.547995656926535,LAND
139.39422,POS,37.4275,-122.169411,23.729999542236328,25.547995656926535,LAND
139.49418,POS,37.4275,-122.169411,23.68000030517578,25.547995656926535,LAND
139.594973,POS,37.4275,-122.1694109,23.6299991607666,25.556835793306938,LAND
139.694933,POS,37.4275,-122.1694109,23.579999923706055,25.556835793306938,LAND
139.794893,POS,37.4275,-122.1694109,23.529998779296875,25.556835793306938,LAND
139.894853,POS,37.4275,-122.1694109,23.479999542236328,25.556835793306938,LAND
139.994813,POS,37.4275,-122.1694109,23.43000030517578,25.556835793306938,LAND
140.094773,POS,37.4275,-122.1694109,23.3799991607666,25.556835793306938,LAND
140.19473299999999,POS,37.4275,-122.1694109,23.329999923706055,25.556835793306938,LAND
140.294693,POS,37.4275,-122.1694109,23.279998779296875,25.556835793306938,LAND
140.394653,POS,37.4275,-122.1694109,23.229999542236328,25.556835793306938,LAND
140.494613,POS,37.4275,-122.1694109,23.18000030517578,25.556835793306938,LAND
140.594573,POS,37.4275,-122.1694109,23.1299991607666,25.556835793306938,LAND
140.694533,POS,37.4275,-122.1694109,23.079999923706055,25.556835793306938,LAND
140.794493,POS,37.4275,-122.1694109,23.029998779296875,25.556835793306938,LAND
140.894453,POS,37.4275,-122.1694109,22.979999542236328,25.556835793306938,LAND
140.994413,POS,37.4275,-122.1694109,22.93000030517578,25.556835793306938,LAND
141.094373,POS,37.4275,-122.1694109,22.8799991607666,25.556835793306938,LAND
141.194333,POS,37.4275,-122.1694109,22.829999923706055,25.556835793306938,LAND
141.294293,POS,37.4275,-122.1694109,22.779998779296875,25.556835793306938,LAND
141.394253,POS,37.4275,-122.1694109,22.729999542236328,25.556835793306938,LAND
141.494213,POS,37.4275,-122.1694109,22.68000030517578,25.556835793306938,LAND
141.594173,POS,37.4275,-122.1694109,22.6299991607666,25.556835793306938,LAND
141.694966,POS,37.4275,-122.1694109,22.579999923706055,25.556835793306938,LAND
141.794926,POS,37.4275,-122.1694109,22.529998779296875,25.556835793306938,LAND
141.89488599999999,POS,37.4275,-122.1694109,22.479999542236328,25.556835793306938,LAND
141.994846,POS,37.4275,-122.1694109,22.43000030517578,25.556835793306938,LAND
142.094806,POS,37.4275,-122.1694109,22.369998931884766,25.556835793306938,LAND
142.194766,POS,37.4275,-122.1694109,22.31999969482422,25.556835793306938,LAND
142.294726,POS,37.4275,-122.1694109,22.26999855041504,25.556835793306938,LAND
142.394686,POS,37.4275,-122.1694109,22.219999313354492,25.556835793306938,LAND
142.494646,POS,37.4275,-122.1694109,22.170000076293945,25.556835793306938,LAND
142.594606,POS,37.4275001,-122.1694109,22.119998931884766,25.556838200644293,LAND
142.694566,POS,37.4275001,-122.1694109,22.06999969482422,25.556838200644293,LAND
142.794526,POS,37.4275001,-122.1694109,22.020000457763672,25.556838200644293,LAND
142.894486,POS,37.4275001,-122.1694109,21.969999313354492,25.556838200644293,LAND
142.994446,POS,37.4275001,-122.1694109,21.920000076293945,25.556838200644293,LAND
143.094406,POS,37.4275001,-122.1694109,21.869998931884766,25.556838200644293,LAND
143.194366,POS,37.4275001,-122.1694109,21.81999969482422,25.556838200644293,LAND
143.294326,POS,37.4275001,-122.1694109,21.770000457763672,25.556838200644293,LAND
143.394286,POS,37.4275001,-122.1694109,21.719999313354492,25.556838200644293,LAND
143.494246,POS,37.4275001,-122.1694109,21.670000076293945,25.556838200644293,LAND
143.59420599999999,POS,37.4275001,-122.1694109,21.619998931884766,25.556838200644293,LAND
143.694999,POS,37.4275001,-122.1694109,21.56999969482422,25.556838200644293,LAND
143.794959,POS,37.4275001,-122.1694109,21.520000457763672,25.556838200644293,LAND
143.894919,POS,37.4275001,-122.1694109,21.469999313354492,25.556838200644293,LAND
143.994879,POS,37.4275001,-122.1694109,21.420000076293945,25.556838200644293,LAND
144.094839,POS,37.4275001,-122.1694109,21.369998931884766,25.556838200644293,LAND
144.194799,POS,37.4275001,-122.1694109,21.31999969482422,25.556838200644293,LAND
144.294759,POS,37.4275001,-122.1694109,21.270000457763672,25.556838200644293,LAND
144.394719,POS,37.4275001,-122.1694109,21.219999313354492,25.556838200644293,LAND
144.494679,POS,37.4275001,-122.1694109,21.170000076293945,25.556838200644293,LAND
144.594639,POS,37.4275001,-122.1694109,21.119998931884766,25.556838200644293,LAND
144.694599,POS,37.4275001,-122.1694109,21.06999969482422,25.556838200644293,LAND
144.794559,POS,37.4275001,-122.1694109,21.020000457763672,25.556838200644293,LAND
144.894519,POS,37.4275001,-122.1694109,20.969999313354492,25.556838200644293,LAND
144.99447899999998,POS,37.4275001,-122.1694109,20.920000076293945,25.556838200644293,LAND
145.094439,POS,37.4275001,-122.1694109,20.869998931884766,25.556838200644293,LAND
145.194399,POS,37.4275001,-122.1694109,20.81999969482422,25.556838200644293,LAND
145.294359,POS,37.4275001,-122.1694109,20.770000457763672,25.556838200644293,LAND
145.394319,POS,37.4275001,-122.1694109,20.719999313354492,25.556838200644293,LAND
145.494279,POS,37.4275001,-122.1694109,20.670000076293945,25.556838200644293,LAND
145.594239,POS,37.4275001,-122.1694109,20.619998931884766,25.556838200644293,LAND
145.694199,POS,37.4275001,-122.1694109,20.56999969482422,25.556838200644293,LAND
145.794992,POS,37.4275001,-122.1694109,20.520000457763672,25.556838200644293,LAND
145.894952,POS,37.4275001,-122.1694109,20.469999313354492,25.556838200644293,LAND
145.994912,POS,37.4275001,-122.1694109,20.420000076293945,25.556838200644293,LAND
146.094872,POS,37.4275001,-122.1694109,20.369998931884766,25.556838200644293,LAND
146.194832,POS,37.4275001,-122.1694109,20.31999969482422,25.556838200644293,LAND
146.294792,POS,37.4275001,-122.1694109,20.270000457763672,25.556838200644293,LAND
146.394752,POS,37.4275001,-122.1694109,20.219999313354492,25.556838200644293,LAND
146.494712,POS,37.4275001,-122.1694109,20.170000076293945,25.556838200644293,LAND
146.594672,POS,37.4275001,-122.1694109,20.119998931884766,25.556838200644293,LAND
146.69463199999998,POS,37.4275001,-122.1694109,20.06999969482422,25.556838200644293,LAND
146.794592,POS,37.4275001,-122.1694109,20.020000457763672,25.556838200644293,LAND
146.894552,POS,37.4275001,-122.1694109,19.969999313354492,25.556838200644293,LAND
146.994512,POS,37.4275001,-122.1694109,19.920000076293945,25.556838200644293,LAND
147.094472,POS,37.4275001,-122.1694109,19.869998931884766,25.556838200644293,LAND
147.194432,POS,37.4275001,-122.1694109,19.81999969482422,25.556838200644293,LAND
147.294392,POS,37.4275001,-122.1694109,19.770000457763672,25.556838200644293,LAND
147.394352,POS,37.4275001,-122.1694109,19.719999313354492,25.556838200644293,LAND
147.494312,POS,37.4275001,-122.1694109,19.670000076293945,25.556838200644293,LAND
147.594272,POS,37.4275001,-122.1694109,19.619998931884766,25.556838200644293,LAND
147.694232,POS,37.4275001,-122.1694109,19.56999969482422,25.556838200644293,LAND
147.794192,POS,37.4275001,-122.1694109,19.520000457763672,25.556838200644293,LAND
147.894985,POS,37.4275001,-122.1694109,19.469999313354492,25.556838200644293,LAND
147.994945,POS,37.4275001,-122.1694109,19.420000076293945,25.556838200644293,LAND
148.094905,POS,37.4275001,-122.1694109,19.369998931884766,25.556838200644293,LAND
148.194865,POS,37.4275001,-122.1694109,19.31999969482422,25.556838200644293,LAND
148.294825,POS,37.4275001,-122.1694109,19.270000457763672,25.556838200644293,LAND
148.39478499999998,POS,37.4275,-122.1694109,19.219999313354492,25.556835793306938,LAND
148.494745,POS,37.4275,-122.1694109,19.170000076293945,25.556835793306938,LAND
148.594705,POS,37.4275,-122.1694109,19.119998931884766,25.556835793306938,LAND
148.694665,POS,37.4275,-122.1694109,19.06999969482422,25.556835793306938,LAND
148.794625,POS,37.4275,-122.1694109,19.020000457763672,25.556835793306938,LAND
148.894585,POS,37.4275,-122.1694109,18.969999313354492,25.556835793306938,LAND
148.994545,POS,37.4275,-122.1694109,18.920000076293945,25.556835793306938,LAND
149.094505,POS,37.4275,-122.1694109,18.869998931884766,25.556835793306938,LAND
149.194465,POS,37.4275,-122.1694109,18.81999969482422,25.556835793306938,LAND
149.294425,POS,37.4275,-122.1694109,18.770000457763672,25.556835793306938,LAND
149.394385,POS,37.4275,-122.1694109,18.719999313354492,25.556835793306938,LAND
149.494345,POS,37.4275,-122.1694109,18.670000076293945,25.556835793306938,LAND
149.594305,POS,37.4275,-122.1694109,18.619998931884766,25.556835793306938,LAND
149.694265,POS,37.4275,-122.1694109,18.56999969482422,25.556835793306938,LAND
149.794225,POS,37.4275,-122.1694109,18.520000457763672,25.556835793306938,LAND
149.894185,POS,37.4275,-122.1694109,18.469999313354492,25.556835793306938,LAND
149.994978,POS,37.4275,-122.1694109,18.420000076293945,25.556835793306938,LAND
150.09493799999998,POS,37.4275,-122.1694109,18.369998931884766,25.556835793306938,LAND
150.194898,POS,37.4275,-122.1694109,18.31999969482422,25.556835793306938,LAND
150.294858,POS,37.4275,-122.1694109,18.270000457763672,25.556835793306938,LAND
150.394818,POS,37.4275,-122.1694109,18.219999313354492,25.556835793306938,LAND
150.494778,POS,37.4275,-122.1694109,18.170000076293945,25.556835793306938,LAND
150.594738,POS,37.4275,-122.1694109,18.119998931884766,25.556835793306938,LAND
150.694698,POS,37.4275,-122.1694109,18.06999969482422,25.556835793306938,LAND
150.794658,POS,37.4275,-122.1694109,18.020000457763672,25.556835793306938,LAND
150.894618,POS,37.4275,-122.1694109,17.969999313354492,25.556835793306938,LAND
150.994578,POS,37.4275,-122.1694109,17.920000076293945,25.556835793306938,LAND
151.094538,POS,37.4275,-122.1694109,17.869998931884766,25.556835793306938,LAND
151.194498,POS,37.4275,-122.1694109,17.81999969482422,25.556835793306938,LAND
151.294458,POS,37.4275,-122.1694109,17.770000457763672,25.556835793306938,LAND
151.394418,POS,37.4275,-122.1694109,17.719999313354492,25.556835793306938,LAND
151.494378,POS,37.4275,-122.1694109,17.670000076293945,25.556835793306938,LAND
151.594338,POS,37.4275001,-122.1694109,17.619998931884766,25.556838200644293,LAND
151.694298,POS,37.4275001,-122.1694109,17.56999969482422,25.556838200644293,LAND
151.79425799999999,POS,37.4275001,-122.1694109,17.520000457763672,25.556838200644293,LAND
151.894218,POS,37.4275001,-122.1694109,17.469999313354492,25.556838200644293,LAND
151.994178,POS,37.4275001,-122.1694109,17.420000076293945,25.556838200644293,LAND
152.094971,POS,37.4275001,-122.1694109,17.369998931884766,25.556838200644293,LAND
152.194931,POS,37.4275001,-122.1694109,17.31999969482422,25.556838200644293,LAND
152.294891,POS,37.4275001,-122.1694109,17.270000457763672,25.556838200644293,LAND
152.394851,POS,37.4275001,-122.1694109,17.219999313354492,25.556838200644293,LAND
152.494811,POS,37.4275001,-122.1694109,17.170000076293945,25.556838200644293,LAND
152.594771,POS,37.4275001,-122.1694109,17.119998931884766,25.556838200644293,LAND
152.694731,POS,37.4275001,-122.1694109,17.06999969482422,25.556838200644293,LAND
152.794691,POS,37.4275001,-122.1694109,17.020000457763672,25.556838200644293,LAND
152.894651,POS,37.4275001,-122.1694109,16.969999313354492,25.556838200644293,LAND
152.994611,POS,37.4275001,-122.1694109,16.920000076293945,25.556838200644293,LAND
153.094571,POS,37.4275001,-122.1694109,16.869998931884766,25.556838200644293,LAND
153.194531,POS,37.4275001,-122.1694109,16.81999969482422,25.556838200644293,LAND
153.294491,POS,37.4275001,-122.1694109,16.770000457763672,25.556838200644293,LAND
153.394451,POS,37.4275001,-122.1694109,16.719999313354492,25.556838200644293,LAND
153.49441099999999,POS,37.4275001,-122.1694109,16.670000076293945,25.556838200644293,LAND
153.594371,POS,37.4275001,-122.1694109,16.619998931884766,25.556838200644293,LAND
153.694331,POS,37.4275001,-122.1694109,16.56999969482422,25.556838200644293,LAND
153.794291,POS,37.4275001,-122.1694109,16.520000457763672,25.556838200644293,LAND
153.894251,POS,37.4275001,-122.1694109,16.469999313354492,25.556838200644293,LAND
153.994211,POS,37.4275001,-122.1694109,16.420000076293945,25.556838200644293,LAND
154.094171,POS,37.4275001,-122.1694109,16.369998931884766,25.556838200644293,LAND
154.194964,POS,37.4275001,-122.1694109,16.31999969482422,25.556838200644293,LAND
154.294924,POS,37.4275001,-122.1694109,16.270000457763672,25.556838200644293,LAND
154.394884,POS,37.4275001,-122.1694109,16.219999313354492,25.556838200644293,LAND
154.494844,POS,37.4275001,-122.1694109,16.170000076293945,25.556838200644293,LAND
154.594804,POS,37.4275001,-122.1694109,16.139999389648438,25.556838200644293,LAND
154.694764,POS,37.4275001,-122.1694109,16.139999389648438,25.556838200644293,LAND
154.794724,POS,37.4275001,-122.1694109,16.149999618530273,25.556838200644293,LAND
154.894684,POS,37.4275001,-122.1694109,16.149999618530273,25.556838200644293,LAND
154.994644,POS,37.4275001,-122.1694109,16.149999618530273,25.556838200644293,LAND
155.094604,POS,37.4275001,-122.1694109,16.139999389648438,25.556838200644293,LAND
155.19456399999999,POS,37.4275001,-122.1694109,16.139999389648438,25.556838200644293,LAND
155.294524,POS,37.4275001,-122.1694109,16.1299991607666,25.556838200644293,LAND
155.394484,POS,37.4275001,-122.1694109,16.1299991607666,25.556838200644293,LAND
155.494444,POS,37.4275001,-122.1694109,16.1299991607666,25.556838200644293,LAND
155.594404,POS,37.4275001,-122.1694109,16.1299991607666,25.556838200644293,LAND
155.694364,POS,37.4275001,-122.1694109,16.1299991607666,25.556838200644293,LAND
155.794324,POS,37.4275001,-122.1694109,16.1299991607666,25.556838200644293,LAND
155.894284,POS,37.4275001,-122.1694109,16.119998931884766,25.556838200644293,LAND
155.994244,POS,37.4275001,-122.1694109,16.119998931884766,25.556838200644293,LAND
156.094204,POS,37.4275001,-122.1694109,16.119998931884766,25.556838200644293,LAND
156.194997,POS,37.4275001,-122.1694109,16.119998931884766,25.556838200644293,LAND
156.294957,POS,37.4275001,-122.1694109,16.119998931884766,25.556838200644293,LAND
156.394917,POS,37.4275001,-122.1694109,16.119998931884766,25.556838200644293,LAND
156.494877,POS,37.4275001,-122.1694109,16.119998931884766,25.556838200644293,LAND
156.59483699999998,POS,37.4275001,-122.1694109,16.10999870300293,25.556838200644293,LAND
