time_s,source,lat,lon,alt,distance_m,mode
6.294981,POS,37.4274999,-122.1697,16.100000381469727,0.011131949209416398,STABILIZE
6.394940999999999,POS,37.4274999,-122.1697,16.100000381469727,0.011131949209416398,STABILIZE
6.4949010000000005,POS,37.4274999,-122.1697,16.100000381469727,0.011131949209416398,STABILIZE
6.594861,POS,37.4274999,-122.1697,16.100000381469727,0.011131949209416398,STABILIZE
6.694820999999999,POS,37.4274999,-122.1697,16.100000381469727,0.011131949209416398,STABILIZE
6.794781,POS,37.4274999,-122.1697,16.100000381469727,0.011131949209416398,GUIDED
6.894741,POS,37.4274999,-122.1697,16.100000381469727,0.011131949209416398,GUIDED
6.994700999999999,POS,37.4274999,-122.1697,16.100000381469727,0.011131949209416398,GUIDED
7.094661,POS,37.4274999,-122.1697,16.100000381469727,0.011131949209416398,GUIDED
7.194621,POS,37.4274999,-122.1697,16.100000381469727,0.011131949209416398,GUIDED
7.294580999999999,POS,37.4274999,-122.1697,16.100000381469727,0.011131949209416398,GUIDED
7.394541,POS,37.4274999,-122.1697,16.100000381469727,0.011131949209416398,GUIDED
7.494501,POS,37.4274999,-122.1697,16.100000381469727,0.011131949209416398,GUIDED
7.594460999999999,POS,37.4274999,-122.1697,16.100000381469727,0.011131949209416398,GUIDED
7.694421,POS,37.4274999,-122.1697,16.100000381469727,0.011131949209416398,GUIDED
7.794381,POS,37.4274999,-122.1697,16.100000381469727,0.011131949209416398,GUIDED
7.894341000000001,POS,37.4274999,-122.1697,16.100000381469727,0.011131949209416398,GUIDED
7.994301,POS,37.4274999,-122.1697,16.100000381469727,0.011131949209416398,GUIDED
8.094261,POS,37.4274999,-122.1697,16.100000381469727,0.011131949209416398,GUIDED
8.194221,POS,37.4274999,-122.1697,16.100000381469727,0.011131949209416398,GUIDED
8.294181,POS,37.4274999,-122.1697,16.100000381469727,0.011131949209416398,GUIDED
8.394974,POS,37.4274999,-122.1697,16.100000381469727,0.011131949209416398,GUIDED
8.494934,POS,37.4274999,-122.1697,16.100000381469727,0.011131949209416398,GUIDED
8.594894,POS,37.4274999,-122.1697,16.100000381469727,0.011131949209416398,GUIDED
8.694854,POS,37.4274999,-122.1697,16.100000381469727,0.011131949209416398,GUIDED
8.794814,POS,37.4274999,-122.1697,16.100000381469727,0.011131949209416398,GUIDED
8.894774,POS,37.4274999,-122.1697,16.100000381469727,0.011131949209416398,GUIDED
8.994734,POS,37.4274999,-122.1697,16.100000381469727,0.011131949209416398,GUIDED
9.094694,POS,37.4274999,-122.1697,16.100000381469727,0.011131949209416398,GUIDED
9.194654,POS,37.4274999,-122.1697,16.100000381469727,0.011131949209416398,GUIDED
9.294614,POS,37.4274999,-122.1697,16.100000381469727,0.011131949209416398,GUIDED
9.394574,POS,37.4274999,-122.1697,16.100000381469727,0.011131949209416398,GUIDED
9.494534,POS,37.4274999,-122.1697,16.100000381469727,0.011131949209416398,GUIDED
9.594494,POS,37.4274999,-122.1697,16.100000381469727,0.011131949209416398,GUIDED
9.694454,POS,37.4274999,-122.1697,16.100000381469727,0.011131949209416398,GUIDED
9.794414,POS,37.4274999,-122.1697,16.100000381469727,0.011131949209416398,GUIDED
9.894374,POS,37.4274999,-122.1697,16.100000381469727,0.011131949209416398,GUIDED
9.994334,POS,37.4274999,-122.1697,16.100000381469727,0.011131949209416398,GUIDED
10.094294,POS,37.4274999,-122.1697,16.100000381469727,0.011131949209416398,GUIDED
10.194253999999999,POS,37.4274999,-122.1697,16.100000381469727,0.011131949209416398,GUIDED
10.294214,POS,37.4274999,-122.1697,16.100000381469727,0.011131949209416398,GUIDED
10.394174,POS,37.4274999,-122.1697,16.100000381469727,0.011131949209416398,GUIDED
10.494966999999999,POS,37.4274999,-122.1697,16.100000381469727,0.011131949209416398,GUIDED
10.594927,POS,37.4274999,-122.1697,16.100000381469727,0.011131949209416398,GUIDED
10.694887,POS,37.4274999,-122.1697,16.100000381469727,0.011131949209416398,GUIDED
10.794847,POS,37.4274999,-122.1697,16.100000381469727,0.011131949209416398,GUIDED
10.894807,POS,37.4274999,-122.1697,16.100000381469727,0.011131949209416398,GUIDED
10.994767,POS,37.4274999,-122.1697,16.100000381469727,0.011131949209416398,GUIDED
11.094727,POS,37.4274999,-122.1697,16.100000381469727,0.011131949209416398,GUIDED
11.194687,POS,37.4274999,-122.1697,16.100000381469727,0.011131949209416398,GUIDED
11.294647,POS,37.4274999,-122.1697,16.100000381469727,0.011131949209416398,GUIDED
11.394607,POS,37.4274999,-122.1697,16.100000381469727,0.011131949209416398,GUIDED
11.494567,POS,37.4274999,-122.1697,16.100000381469727,0.011131949209416398,GUIDED
11.594527,POS,37.4274999,-122.1697,16.100000381469727,0.011131949209416398,GUIDED
11.694487,POS,37.4274999,-122.1697,16.100000381469727,0.011131949209416398,GUIDED
11.794447,POS,37.4274999,-122.1697,16.100000381469727,0.011131949209416398,GUIDED
11.894407,POS,37.4274999,-122.1697,16.100000381469727,0.011131949209416398,GUIDED
11.994367,POS,37.4274999,-122.1697,16.100000381469727,0.011131949209416398,GUIDED
12.094327,POS,37.4274999,-122.1697,16.100000381469727,0.011131949209416398,GUIDED
12.194287,POS,37.4274999,-122.1697,16.100000381469727,0.011131949209416398,GUIDED
12.294247,POS,37.4274999,-122.1697,16.100000381469727,0.011131949209416398,GUIDED
12.394207,POS,37.4274999,-122.1697,16.100000381469727,0.011131949209416398,GUIDED
12.495,POS,37.4274999,-122.1697,16.100000381469727,0.011131949209416398,GUIDED
12.59496,POS,37.4274999,-122.1697,16.100000381469727,0.011131949209416398,GUIDED
12.69492,POS,37.4274999,-122.1697,16.100000381469727,0.011131949209416398,GUIDED
12.79488,POS,37.4274999,-122.1697,16.100000381469727,0.011131949209416398,GUIDED
12.89484,POS,37.4274999,-122.1697,16.100000381469727,0.011131949209416398,GUIDED
12.9948,POS,37.4274999,-122.1697,16.100000381469727,0.011131949209416398,GUIDED
13.094759999999999,POS,37.4274999,-122.1697,16.100000381469727,0.011131949209416398,GUIDED
13.19472,POS,37.4274999,-122.1697,16.100000381469727,0.011131949209416398,GUIDED
13.29468,POS,37.4274999,-122.1697,16.100000381469727,0.011131949209416398,GUIDED
13.39464,POS,37.4274999,-122.1697,16.100000381469727,0.011131949209416398,GUIDED
13.4946,POS,37.4274999,-122.1697,16.100000381469727,0.011131949209416398,GUIDED
13.59456,POS,37.4274999,-122.1697,16.100000381469727,0.011131949209416398,GUIDED
13.69452,POS,37.4274999,-122.1697,16.100000381469727,0.011131949209416398,GUIDED
13.794479999999998,POS,37.4274999,-122.1697,16.100000381469727,0.011131949209416398,GUIDED
13.894440000000001,POS,37.4274999,-122.1697,16.100000381469727,0.011131949209416398,GUIDED
13.9944,POS,37.4274999,-122.1697,16.100000381469727,0.011131949209416398,GUIDED
14.09436,POS,37.4274999,-122.1697,16.100000381469727,0.011131949209416398,GUIDED
14.19432,POS,37.4274999,-122.1697,16.100000381469727,0.011131949209416398,GUIDED
14.294279999999999,POS,37.4274999,-122.1697,16.100000381469727,0.011131949209416398,GUIDED
14.394239999999998,POS,37.4274999,-122.1697,16.100000381469727,0.011131949209416398,GUIDED
14.494200000000001,POS,37.4274999,-122.1697,16.100000381469727,0.011131949209416398,GUIDED
14.594993,POS,37.4274999,-122.1697,16.100000381469727,0.011131949209416398,GUIDED
14.694953,POS,37.4274999,-122.1697,16.100000381469727,0.011131949209416398,GUIDED
14.794913,POS,37.4274999,-122.1697,16.100000381469727,0.011131949209416398,GUIDED
14.894872999999999,POS,37.4274999,-122.1697,16.100000381469727,0.011131949209416398,GUIDED
14.994833000000002,POS,37.4274999,-122.1697,16.100000381469727,0.011131949209416398,GUIDED
15.094793000000001,POS,37.4274999,-122.1697,16.100000381469727,0.011131949209416398,GUIDED
15.194753,POS,37.4274999,-122.1697,16.100000381469727,0.011131949209416398,GUIDED
15.294713,POS,37.4274999,-122.1697,16.100000381469727,0.011131949209416398,GUIDED
15.394673,POS,37.4274999,-122.1697,16.100000381469727,0.011131949209416398,GUIDED
15.494632999999999,POS,37.4274999,-122.1697,16.100000381469727,0.011131949209416398,GUIDED
15.594593000000001,POS,37.4274999,-122.1697,16.100000381469727,0.011131949209416398,GUIDED
15.694553,POS,37.4274999,-122.1697,16.100000381469727,0.011131949209416398,GUIDED
15.794513,POS,37.4274999,-122.1697,16.100000381469727,0.011131949209416398,GUIDED
15.894473,POS,37.4274999,-122.1697,16.100000381469727,0.011131949209416398,GUIDED
15.994432999999999,POS,37.4274999,-122.1697,16.100000381469727,0.011131949209416398,GUIDED
16.094392999999997,POS,37.4274999,-122.1697,16.100000381469727,0.011131949209416398,GUIDED
16.194353,POS,37.4274999,-122.1697,16.100000381469727,0.011131949209416398,GUIDED
16.294313000000002,POS,37.4274999,-122.1697,16.100000381469727,0.011131949209416398,GUIDED
16.394273,POS,37.4274999,-122.1697,16.100000381469727,0.011131949209416398,GUIDED
16.494233,POS,37.4274999,-122.1697,16.100000381469727,0.011131949209416398,GUIDED
16.594192999999997,POS,37.4274999,-122.1697,16.100000381469727,0.011131949209416398,GUIDED
16.694986,POS,37.4274999,-122.1697,16.100000381469727,0.011131949209416398,GUIDED
16.794946000000003,POS,37.4274999,-122.1697,16.100000381469727,0.011131949209416398,GUIDED
16.894906,POS,37.4274999,-122.1697,16.100000381469727,0.011131949209416398,GUIDED
16.994866000000002,POS,37.4274999,-122.1697,16.100000381469727,0.011131949209416398,GUIDED
17.094825999999998,POS,37.4274999,-122.1697,16.100000381469727,0.011131949209416398,GUIDED
17.194786,POS,37.4274999,-122.1697,16.100000381469727,0.011131949209416398,GUIDED
17.294745999999996,POS,37.4274999,-122.1697,16.100000381469727,0.011131949209416398,GUIDED
17.394706,POS,37.4274999,-122.1697,16.100000381469727,0.011131949209416398,GUIDED
17.494666000000002,POS,37.4274999,-122.1697,16.100000381469727,0.011131949209416398,GUIDED
17.594625999999998,POS,37.4274999,-122.1697,16.100000381469727,0.011131949209416398,GUIDED
17.694586,POS,37.4274999,-122.1697,16.100000381469727,0.011131949209416398,GUIDED
17.794545999999997,POS,37.4274999,-122.1697,16.100000381469727,0.011131949209416398,GUIDED
17.894506,POS,37.4274999,-122.1697,16.100000381469727,0.011131949209416398,GUIDED
17.994466000000003,POS,37.4274999,-122.1697,16.100000381469727,0.011131949209416398,GUIDED
18.094426,POS,37.4274999,-122.1697,16.100000381469727,0.011131949209416398,GUIDED
18.194386,POS,37.4274999,-122.1697,16.100000381469727,0.011131949209416398,GUIDED
18.294345999999997,POS,37.4274999,-122.1697,16.100000381469727,0.011131949209416398,GUIDED
18.394306,POS,37.4274999,-122.1697,16.100000381469727,0.011131949209416398,GUIDED
18.494266000000003,POS,37.4274999,-122.1697,16.100000381469727,0.011131949209416398,GUIDED
18.594226,POS,37.4274999,-122.1697,16.100000381469727,0.011131949209416398,GUIDED
18.694186000000002,POS,37.4274999,-122.1697,16.100000381469727,0.011131949209416398,GUIDED
18.794978999999998,POS,37.4274999,-122.1697,16.100000381469727,0.011131949209416398,GUIDED
18.894939,POS,37.4274999,-122.1697,16.100000381469727,0.011131949209416398,GUIDED
18.994898999999997,POS,37.4274999,-122.1697,16.100000381469727,0.011131949209416398,GUIDED
19.094859,POS,37.4274999,-122.1697,16.100000381469727,0.011131949209416398,GUIDED
19.194819000000003,POS,37.4274999,-122.1697,16.100000381469727,0.011131949209416398,GUIDED
19.294779,POS,37.4274999,-122.1697,16.100000381469727,0.011131949209416398,GUIDED
19.394739,POS,37.4274999,-122.1697,16.100000381469727,0.011131949209416398,GUIDED
19.494698999999997,POS,37.4274999,-122.1697,16.100000381469727,0.011131949209416398,GUIDED
19.594659,POS,37.4274999,-122.1697,16.100000381469727,0.011131949209416398,GUIDED
19.694619000000003,POS,37.4274999,-122.1697,16.100000381469727,0.011131949209416398,GUIDED
19.794579,POS,37.4274999,-122.1697,16.100000381469727,0.011131949209416398,GUIDED
19.894539,POS,37.4274999,-122.1697,16.100000381469727,0.011131949209416398,GUIDED
19.994498999999998,POS,37.4274999,-122.1697,16.100000381469727,0.011131949209416398,GUIDED
20.094459,POS,37.4274999,-122.1697,16.100000381469727,0.011131949209416398,GUIDED
20.194418999999996,POS,37.4274999,-122.1697,16.100000381469727,0.011131949209416398,GUIDED
20.294379,POS,37.4274999,-122.1697,16.100000381469727,0.011131949209416398,GUIDED
20.394339000000002,POS,37.4274999,-122.1697,16.100000381469727,0.011131949209416398,GUIDED
20.494298999999998,POS,37.4274999,-122.1697,16.100000381469727,0.011131949209416398,GUIDED
20.594259,POS,37.4274999,-122.1697,16.100000381469727,0.011131949209416398,GUIDED
20.694218999999997,POS,37.4274999,-122.1697,16.100000381469727,0.011131949209416398,GUIDED
20.794179,POS,37.4274999,-122.1697,16.100000381469727,0.011131949209416398,GUIDED
20.894972000000003,POS,37.4274999,-122.1697,16.100000381469727,0.011131949209416398,GUIDED
20.994932,POS,37.4274999,-122.1697,16.100000381469727,0.011131949209416398,GUIDED
21.094892,POS,37.4274999,-122.1697,16.100000381469727,0.011131949209416398,GUIDED
21.194851999999997,POS,37.4274999,-122.1697,16.100000381469727,0.011131949209416398,GUIDED
21.294812,POS,37.4274999,-122.1697,16.100000381469727,0.011131949209416398,GUIDED
21.394772000000003,POS,37.4274999,-122.1697,16.100000381469727,0.011131949209416398,GUIDED
21.494732,POS,37.4274999,-122.1697,16.100000381469727,0.011131949209416398,GUIDED
21.594692000000002,POS,37.4274999,-122.1697,16.100000381469727,0.011131949209416398,GUIDED
21.694651999999998,POS,37.4274999,-122.1697,16.100000381469727,0.011131949209416398,GUIDED
21.794612,POS,37.4274999,-122.1697,16.100000381469727,0.011131949209416398,GUIDED
21.894571999999997,POS,37.4274999,-122.1697,16.100000381469727,0.011131949209416398,GUIDED
21.994532,POS,37.4274999,-122.1697,16.100000381469727,0.011131949209416398,GUIDED
22.094492000000002,POS,37.4274999,-122.1697,16.100000381469727,0.011131949209416398,GUIDED
22.194452,POS,37.4274999,-122.1697,16.100000381469727,0.011131949209416398,GUIDED
22.294412,POS,37.4274999,-122.1697,16.100000381469727,0.011131949209416398,GUIDED
22.394371999999997,POS,37.4274999,-122.1697,16.100000381469727,0.011131949209416398,GUIDED
22.494332,POS,37.4274999,-122.1697,16.100000381469727,0.011131949209416398,GUIDED
22.594292000000003,POS,37.4274999,-122.1697,16.100000381469727,0.011131949209416398,GUIDED
22.694252,POS,37.4274999,-122.1697,16.100000381469727,0.011131949209416398,GUIDED
22.794212,POS,37.4274999,-122.1697,16.100000381469727,0.011131949209416398,GUIDED
22.894171999999998,POS,37.4274999,-122.1697,16.100000381469727,0.011131949209416398,GUIDED
22.994965,POS,37.4274999,-122.1697,16.100000381469727,0.011131949209416398,GUIDED
23.094924999999996,POS,37.4274999,-122.1697,16.100000381469727,0.011131949209416398,GUIDED
23.194885,POS,37.4274999,-122.1697,16.100000381469727,0.011131949209416398,GUIDED
23.294845000000002,POS,37.4274999,-122.1697,16.100000381469727,0.011131949209416398,GUIDED
23.394804999999998,POS,37.4274999,-122.1697,16.100000381469727,0.011131949209416398,GUIDED
23.494765,POS,37.4274999,-122.1697,16.100000381469727,0.011131949209416398,GUIDED
23.594724999999997,POS,37.4274999,-122.1697,16.100000381469727,0.011131949209416398,GUIDED
23.694685,POS,37.4274999,-122.1697,16.100000381469727,0.011131949209416398,GUIDED
23.794645000000003,POS,37.4274999,-122.1697,16.100000381469727,0.011131949209416398,GUIDED
23.894605,POS,37.4274999,-122.1697,16.100000381469727,0.011131949209416398,GUIDED
23.994565,POS,37.4274999,-122.1697,16.100000381469727,0.011131949209416398,GUIDED
24.094524999999997,POS,37.4274999,-122.1697,16.100000381469727,0.011131949209416398,GUIDED
24.194485,POS,37.4274999,-122.1697,16.100000381469727,0.011131949209416398,GUIDED
24.294445000000003,POS,37.4274999,-122.1697,16.100000381469727,0.011131949209416398,GUIDED
24.394405,POS,37.4274999,-122.1697,16.100000381469727,0.011131949209416398,GUIDED
24.494365000000002,POS,37.4274999,-122.1697,16.100000381469727,0.011131949209416398,GUIDED
24.594324999999998,POS,37.4274999,-122.1697,16.100000381469727,0.011131949209416398,GUIDED
24.694285,POS,37.4274999,-122.1697,16.100000381469727,0.011131949209416398,GUIDED
24.794244999999997,POS,37.4274999,-122.1697,16.100000381469727,0.011131949209416398,GUIDED
24.894205,POS,37.4274999,-122.1697,16.100000381469727,0.011131949209416398,GUIDED
24.994998000000002,POS,37.4274999,-122.1697,16.100000381469727,0.011131949209416398,GUIDED
25.094958,POS,37.4274999,-122.1697,16.100000381469727,0.011131949209416398,GUIDED
25.194918,POS,37.4274999,-122.1697,16.100000381469727,0.011131949209416398,GUIDED
25.294877999999997,POS,37.4274999,-122.1697,16.100000381469727,0.011131949209416398,GUIDED
25.394838,POS,37.4274999,-122.1697,16.100000381469727,0.011131949209416398,GUIDED
25.494798000000003,POS,37.4274999,-122.1697,16.100000381469727,0.011131949209416398,GUIDED
25.594758,POS,37.4274999,-122.1697,16.100000381469727,0.011131949209416398,GUIDED
25.694718,POS,37.4274999,-122.1697,16.100000381469727,0.011131949209416398,GUIDED
25.794677999999998,POS,37.4274999,-122.1697,16.100000381469727,0.011131949209416398,GUIDED
25.894638,POS,37.4274999,-122.1697,16.100000381469727,0.011131949209416398,GUIDED
25.994598000000003,POS,37.4274999,-122.1697,16.100000381469727,0.011131949209416398,GUIDED
26.094558,POS,37.4274999,-122.1697,16.100000381469727,0.011131949209416398,GUIDED
26.194518000000002,POS,37.4274999,-122.1697,16.100000381469727,0.011131949209416398,GUIDED
26.294477999999998,POS,37.4274999,-122.1697,16.100000381469727,0.011131949209416398,GUIDED
26.394438,POS,37.4274999,-122.1697,16.100000381469727,0.011131949209416398,GUIDED
26.494397999999997,POS,37.4274999,-122.1697,16.100000381469727,0.011131949209416398,GUIDED
26.594358,POS,37.4274999,-122.1697,16.100000381469727,0.011131949209416398,GUIDED
26.694318000000003,POS,37.4274999,-122.1697,16.100000381469727,0.011131949209416398,GUIDED
26.794278,POS,37.4274999,-122.1697,16.100000381469727,0.011131949209416398,GUIDED
26.894238,POS,37.4274999,-122.1697,16.100000381469727,0.011131949209416398,GUIDED
26.994197999999997,POS,37.4274999,-122.1697,16.100000381469727,0.011131949209416398,GUIDED
27.094991,POS,37.4274999,-122.1697,16.100000381469727,0.011131949209416398,GUIDED
27.194951000000003,POS,37.4274999,-122.1697,16.100000381469727,0.011131949209416398,GUIDED
27.294911,POS,37.4274999,-122.1697,16.100000381469727,0.011131949209416398,GUIDED
27.394871000000002,POS,37.4274999,-122.1697,16.100000381469727,0.011131949209416398,GUIDED
27.494830999999998,POS,37.4274999,-122.1697,16.100000381469727,0.011131949209416398,GUIDED
27.594791,POS,37.4274999,-122.1697,16.100000381469727,0.011131949209416398,GUIDED
27.694750999999997,POS,37.4274999,-122.1697,16.100000381469727,0.011131949209416398,GUIDED
27.794711,POS,37.4274999,-122.1697,16.100000381469727,0.011131949209416398,GUIDED
27.894671000000002,POS,37.4274999,-122.1697,16.100000381469727,0.011131949209416398,GUIDED
27.994631,POS,37.4274999,-122.1697,16.100000381469727,0.011131949209416398,GUIDED
28.094591,POS,37.4274999,-122.1697,16.100000381469727,0.011131949209416398,GUIDED
28.194550999999997,POS,37.4274999,-122.1697,16.100000381469727,0.011131949209416398,GUIDED
28.294511,POS,37.4274999,-122.1697,16.100000381469727,0.011131949209416398,GUIDED
28.394471000000003,POS,37.4274999,-122.1697,16.100000381469727,0.011131949209416398,GUIDED
28.494431,POS,37.4274999,-122.1697,16.100000381469727,0.011131949209416398,GUIDED
28.594391,POS,37.4274999,-122.1697,16.100000381469727,0.011131949209416398,GUIDED
28.694350999999997,POS,37.4274999,-122.1697,16.100000381469727,0.011131949209416398,GUIDED
28.794311,POS,37.4274999,-122.1697,16.100000381469727,0.011131949209416398,GUIDED
28.894271000000003,POS,37.4274999,-122.1697,16.100000381469727,0.011131949209416398,GUIDED
28.994231,POS,37.4274999,-122.1697,16.100000381469727,0.011131949209416398,GUIDED
29.094191000000002,POS,37.4274999,-122.1697,16.100000381469727,0.011131949209416398,GUIDED
29.194983999999998,POS,37.4274999,-122.1697,16.100000381469727,0.011131949209416398,GUIDED
29.294944,POS,37.4274999,-122.1697,16.100000381469727,0.011131949209416398,GUIDED
29.394903999999997,POS,37.4274999,-122.1697,16.100000381469727,0.011131949209416398,GUIDED
29.494864,POS,37.4274999,-122.1697,16.100000381469727,0.011131949209416398,GUIDED
29.594824000000003,POS,37.4274999,-122.1697,16.100000381469727,0.011131949209416398,GUIDED
29.694784,POS,37.4274999,-122.1697,16.100000381469727,0.011131949209416398,GUIDED
29.794744,POS,37.4274999,-122.1697,16.100000381469727,0.011131949209416398,GUIDED
29.894703999999997,POS,37.4274999,-122.1697,16.100000381469727,0.011131949209416398,GUIDED
29.994664,POS,37.4274999,-122.1697,16.100000381469727,0.011131949209416398,GUIDED
30.094623999999996,POS,37.4274999,-122.1697,16.100000381469727,0.011131949209416398,GUIDED
30.194584,POS,37.4274999,-122.1697,16.100000381469727,0.011131949209416398,GUIDED
30.294543999999995,POS,37.4274999,-122.1697,16.100000381469727,0.011131949209416398,GUIDED
30.394503999999998,POS,37.4274999,-122.1697,16.100000381469727,0.011131949209416398,GUIDED
30.494464,POS,37.4274999,-122.1697,16.100000381469727,0.011131949209416398,GUIDED
30.594423999999997,POS,37.4274999,-122.1697,16.100000381469727,0.011131949209416398,GUIDED
30.694384,POS,37.4274999,-122.1697,16.100000381469727,0.011131949209416398,GUIDED
30.794343999999995,POS,37.4274999,-122.1697,16.100000381469727,0.011131949209416398,GUIDED
30.894303999999998,POS,37.4274999,-122.1697,16.100000381469727,0.011131949209416398,GUIDED
30.994264,POS,37.4274999,-122.1697,16.100000381469727,0.011131949209416398,GUIDED
31.094223999999997,POS,37.4274999,-122.1697,16.100000381469727,0.011131949209416398,GUIDED
31.194184,POS,37.4274999,-122.1697,16.100000381469727,0.011131949209416398,GUIDED
31.294976999999996,POS,37.4274999,-122.1697,16.100000381469727,0.011131949209416398,GUIDED
31.394937,POS,37.4274999,-122.1697,16.100000381469727,0.011131949209416398,GUIDED
31.494896999999995,POS,37.4274999,-122.1697,16.100000381469727,0.011131949209416398,GUIDED
31.594856999999998,POS,37.4274999,-122.1697,16.100000381469727,0.011131949209416398,GUIDED
31.694817,POS,37.4274999,-122.1697,16.100000381469727,0.011131949209416398,GUIDED
31.794776999999996,POS,37.4274999,-122.1697,16.100000381469727,0.011131949209416398,GUIDED
31.894737,POS,37.4274999,-122.1697,16.100000381469727,0.011131949209416398,GUIDED
31.994696999999995,POS,37.4274999,-122.1697,16.100000381469727,0.011131949209416398,GUIDED
32.094657,POS,37.4274999,-122.1697,16.100000381469727,0.011131949209416398,GUIDED
32.194617,POS,37.4274999,-122.1697,16.100000381469727,0.011131949209416398,GUIDED
32.294577,POS,37.4274999,-122.1697,16.100000381469727,0.011131949209416398,GUIDED
32.394537,POS,37.4274999,-122.1697,16.100000381469727,0.011131949209416398,GUIDED
32.494496999999996,POS,37.4274999,-122.1697,16.100000381469727,0.011131949209416398,GUIDED
32.594457,POS,37.4274999,-122.1697,16.100000381469727,0.011131949209416398,GUIDED
32.694417,POS,37.4274999,-122.1697,16.100000381469727,0.011131949209416398,GUIDED
32.794377,POS,37.4274999,-122.1697,16.100000381469727,0.011131949209416398,GUIDED
32.894337,POS,37.4274999,-122.1697,16.100000381469727,0.011131949209416398,GUIDED
32.994296999999996,POS,37.4274999,-122.1697,16.100000381469727,0.011131949209416398,GUIDED
33.094257,POS,37.4274999,-122.1697,16.100000381469727,0.011131949209416398,GUIDED
33.194216999999995,POS,37.4274999,-122.1697,16.100000381469727,0.011131949209416398,GUIDED
33.294177,POS,37.4274999,-122.1697,16.100000381469727,0.011131949209416398,GUIDED
33.39497,POS,37.4274999,-122.1697,16.100000381469727,0.011131949209416398,GUIDED
33.49493,POS,37.4274999,-122.1697,16.100000381469727,0.011131949209416398,GUIDED
33.59489,POS,37.4274999,-122.1697,16.100000381469727,0.011131949209416398,GUIDED
33.694849999999995,POS,37.4274999,-122.1697,16.100000381469727,0.011131949209416398,GUIDED
33.79481,POS,37.4274999,-122.1697,16.100000381469727,0.011131949209416398,GUIDED
33.89477,POS,37.4274999,-122.1697,16.100000381469727,0.011131949209416398,GUIDED
33.99473,POS,37.4274999,-122.1697,16.100000381469727,0.011131949209416398,GUIDED
34.09469,POS,37.4274999,-122.1697,16.100000381469727,0.011131949209416398,GUIDED
34.194649999999996,POS,37.4274999,-122.1697,16.100000381469727,0.011131949209416398,GUIDED
34.29461,POS,37.4274999,-122.1697,16.100000381469727,0.011131949209416398,GUIDED
34.39457,POS,37.4274999,-122.1697,16.100000381469727,0.011131949209416398,GUIDED
34.49453,POS,37.4274999,-122.1697,16.100000381469727,0.011131949209416398,GUIDED
34.59449,POS,37.4274999,-122.1697,16.100000381469727,0.011131949209416398,GUIDED
34.694449999999996,POS,37.4274999,-122.1697,16.100000381469727,0.011131949209416398,GUIDED
34.79441,POS,37.4274999,-122.1697,16.100000381469727,0.011131949209416398,GUIDED
34.894369999999995,POS,37.4274999,-122.1697,16.100000381469727,0.011131949209416398,GUIDED
34.99433,POS,37.4274999,-122.1697,16.100000381469727,0.011131949209416398,GUIDED
35.09429,POS,37.4274999,-122.1697,16.100000381469727,0.011131949209416398,GUIDED
35.19425,POS,37.4274999,-122.1697,16.100000381469727,0.011131949209416398,GUIDED
35.29421,POS,37.4274999,-122.1697,16.100000381469727,0.011131949209416398,GUIDED
35.394169999999995,POS,37.4274999,-122.1697,16.100000381469727,0.011131949209416398,GUIDED
35.494963,POS,37.4274999,-122.1697,16.100000381469727,0.011131949209416398,GUIDED
35.594923,POS,37.4274999,-122.1697,16.100000381469727,0.011131949209416398,GUIDED
35.694883,POS,37.4274999,-122.1697,16.100000381469727,0.011131949209416398,GUIDED
35.794843,POS,37.4274999,-122.1697,16.100000381469727,0.011131949209416398,GUIDED
35.894802999999996,POS,37.4274999,-122.1697,16.100000381469727,0.011131949209416398,GUIDED
35.994763,POS,37.4274999,-122.1697,16.100000381469727,0.011131949209416398,GUIDED
36.094722999999995,POS,37.4274999,-122.1697,16.100000381469727,0.011131949209416398,GUIDED
36.194683,POS,37.4274999,-122.1697,16.100000381469727,0.011131949209416398,GUIDED
36.294643,POS,37.4274999,-122.1697,16.100000381469727,0.011131949209416398,GUIDED
36.394603,POS,37.4274999,-122.1697,16.100000381469727,0.011131949209416398,GUIDED
36.494563,POS,37.4274999,-122.1697,16.100000381469727,0.011131949209416398,GUIDED
36.594522999999995,POS,37.4274999,-122.1697,16.100000381469727,0.011131949209416398,GUIDED
36.694483,POS,37.4274999,-122.1697,16.100000381469727,0.011131949209416398,GUIDED
36.794443,POS,37.4274999,-122.1697,16.100000381469727,0.011131949209416398,GUIDED
36.894403,POS,37.4274999,-122.1697,16.100000381469727,0.011131949209416398,GUIDED
36.994363,POS,37.4274999,-122.1697,16.100000381469727,0.011131949209416398,GUIDED
37.094322999999996,POS,37.4274999,-122.1697,16.100000381469727,0.011131949209416398,GUIDED
37.194283,POS,37.4274999,-122.1697,16.100000381469727,0.011131949209416398,GUIDED
37.294243,POS,37.4274999,-122.1697,16.100000381469727,0.011131949209416398,GUIDED
37.394203,POS,37.4274999,-122.1697,16.100000381469727,0.011131949209416398,GUIDED
37.494996,POS,37.4274999,-122.1697,16.100000381469727,0.011131949209416398,GUIDED
37.594955999999996,POS,37.4274999,-122.1697,16.100000381469727,0.011131949209416398,GUIDED
37.694916,POS,37.4274999,-122.1697,16.100000381469727,0.011131949209416398,GUIDED
37.794875999999995,POS,37.4274999,-122.1697,16.100000381469727,0.011131949209416398,GUIDED
37.894836,POS,37.4274999,-122.1697,16.100000381469727,0.011131949209416398,GUIDED
37.994796,POS,37.4274999,-122.1697,16.100000381469727,0.011131949209416398,GUIDED
38.094756,POS,37.4274999,-122.1697,16.100000381469727,0.011131949209416398,GUIDED
38.194716,POS,37.4274999,-122.1697,16.100000381469727,0.011131949209416398,GUIDED
38.294675999999995,POS,37.4274999,-122.1697,16.100000381469727,0.011131949209416398,GUIDED
38.394636,POS,37.4274999,-122.1697,16.100000381469727,0.011131949209416398,GUIDED
38.494596,POS,37.4274999,-122.1697,16.100000381469727,0.011131949209416398,GUIDED
38.594556,POS,37.4274999,-122.1697,16.100000381469727,0.011131949209416398,GUIDED
38.694516,POS,37.4274999,-122.1697,16.100000381469727,0.011131949209416398,GUIDED
38.794475999999996,POS,37.4274999,-122.1697,16.100000381469727,0.011131949209416398,GUIDED
38.894436,POS,37.4274999,-122.1697,16.100000381469727,0.011131949209416398,GUIDED
38.994395999999995,POS,37.4274999,-122.1697,16.100000381469727,0.011131949209416398,GUIDED
39.094356,POS,37.4274999,-122.1697,16.100000381469727,0.011131949209416398,GUIDED
39.194316,POS,37.4274999,-122.1697,16.06999969482422,0.011131949209416398,GUIDED
39.294275999999996,POS,37.4274999,-122.1697,16.06999969482422,0.011131949209416398,GUIDED
39.394236,POS,37.4274999,-122.1697,16.06999969482422,0.011131949209416398,GUIDED
39.494195999999995,POS,37.4274999,-122.1697,16.06999969482422,0.011131949209416398,GUIDED
39.594989,POS,37.4274999,-122.1697,16.06999969482422,0.011131949209416398,GUIDED
39.694949,POS,37.4274999,-122.1697,16.06999969482422,0.011131949209416398,GUIDED
39.794909,POS,37.4274999,-122.1697,16.06999969482422,0.011131949209416398,GUIDED
39.894869,POS,37.4274999,-122.1697,16.06999969482422,0.011131949209416398,GUIDED
39.994828999999996,POS,37.4274999,-122.1697,16.06999969482422,0.011131949209416398,GUIDED
40.094789,POS,37.4274999,-122.1697,16.06999969482422,0.011131949209416398,GUIDED
40.194749,POS,37.4274999,-122.1697,16.06999969482422,0.011131949209416398,GUIDED
40.294709,POS,37.4274999,-122.1697,16.06999969482422,0.011131949209416398,GUIDED
40.394669,POS,37.4274999,-122.1697,16.06999969482422,0.011131949209416398,GUIDED
40.494628999999996,POS,37.4274999,-122.1697,16.06999969482422,0.011131949209416398,GUIDED
40.594589,POS,37.4274999,-122.1697,16.06999969482422,0.011131949209416398,GUIDED
40.694548999999995,POS,37.4274999,-122.1697,16.06999969482422,0.011131949209416398,GUIDED
40.794509,POS,37.4274999,-122.1697,16.06999969482422,0.011131949209416398,GUIDED
40.894469,POS,37.4274999,-122.1697,16.06999969482422,0.011131949209416398,GUIDED
40.994429,POS,37.4274999,-122.1697,16.06999969482422,0.011131949209416398,GUIDED
41.094389,POS,37.4274999,-122.1697,16.06999969482422,0.011131949209416398,GUIDED
41.194348999999995,POS,37.4274999,-122.1697,16.06999969482422,0.011131949209416398,GUIDED
41.294309,POS,37.4274999,-122.1697,16.06999969482422,0.011131949209416398,GUIDED
41.394269,POS,37.4274999,-122.1697,16.06999969482422,0.011131949209416398,GUIDED
41.494229,POS,37.4274999,-122.1697,16.06999969482422,0.011131949209416398,GUIDED
41.594189,POS,37.4274999,-122.1697,16.06999969482422,0.011131949209416398,GUIDED
41.694981999999996,POS,37.4274999,-122.1697,16.06999969482422,0.011131949209416398,GUIDED
41.794942,POS,37.4274999,-122.1697,16.06999969482422,0.011131949209416398,GUIDED
41.894901999999995,POS,37.4274999,-122.1697001,16.06999969482422,0.01421507314541867,GUIDED
41.994862,POS,37.4274999,-122.1697001,16.06999969482422,0.01421507314541867,GUIDED
42.094822,POS,37.4274999,-122.1697001,16.06999969482422,0.01421507314541867,GUIDED
42.194782,POS,37.4274999,-122.1697001,16.06999969482422,0.01421507314541867,GUIDED
42.294742,POS,37.4274999,-122.1697001,16.06999969482422,0.01421507314541867,GUIDED
42.394701999999995,POS,37.4274999,-122.1697001,16.06999969482422,0.01421507314541867,GUIDED
42.494662,POS,37.4274999,-122.1697001,16.06999969482422,0.01421507314541867,GUIDED
42.594622,POS,37.4274999,-122.1697001,16.06999969482422,0.01421507314541867,GUIDED
42.694582,POS,37.4274998,-122.1697001,16.06999969482422,0.023954731980071642,GUIDED
42.794542,POS,37.4274998,-122.1697001,16.06999969482422,0.023954731980071642,GUIDED
42.894501999999996,POS,37.4274998,-122.1697001,16.06999969482422,0.023954731980071642,GUIDED
42.994462,POS,37.4274998,-122.1697001,16.06999969482422,0.023954731980071642,GUIDED
43.094422,POS,37.4274998,-122.1697001,16.06999969482422,0.023954731980071642,GUIDED
43.194382,POS,37.4274998,-122.1697001,16.06999969482422,0.023954731980071642,GUIDED
43.294342,POS,37.4274998,-122.1697001,16.06999969482422,0.023954731980071642,GUIDED
43.394301999999996,POS,37.4274998,-122.1697001,16.06999969482422,0.023954731980071642,GUIDED
43.494262,POS,37.4274998,-122.1697001,16.06999969482422,0.023954731980071642,GUIDED
43.594221999999995,POS,37.4274998,-122.1697001,16.06999969482422,0.023954731980071642,GUIDED
43.694182,POS,37.4274998,-122.1697001,16.06999969482422,0.023954731980071642,GUIDED
43.794975,POS,37.4274998,-122.1697001,16.06999969482422,0.023954731980071642,GUIDED
43.894935,POS,37.4274998,-122.1697001,16.06999969482422,0.023954731980071642,GUIDED
43.994895,POS,37.4274998,-122.1697001,16.06999969482422,0.023954731980071642,GUIDED
44.094854999999995,POS,37.4274998,-122.1697001,16.06999969482422,0.023954731980071642,GUIDED
44.194815,POS,37.4274998,-122.1697001,16.06999969482422,0.023954731980071642,GUIDED
44.294775,POS,37.4274998,-122.1697001,16.06999969482422,0.023954731980071642,GUIDED
44.394735,POS,37.4274998,-122.1697001,16.06999969482422,0.023954731980071642,GUIDED
44.494695,POS,37.4274998,-122.1697001,16.06999969482422,0.023954731980071642,GUIDED
44.594654999999996,POS,37.4274998,-122.1697001,16.06999969482422,0.023954731980071642,GUIDED
44.694615,POS,37.4274998,-122.1697001,16.06999969482422,0.023954731980071642,GUIDED
44.794574999999995,POS,37.4274999,-122.1697001,16.06999969482422,0.01421507314541867,GUIDED
44.894535,POS,37.4274998,-122.1697001,16.06999969482422,0.023954731980071642,GUIDED
44.994495,POS,37.4274999,-122.1697001,16.06999969482422,0.01421507314541867,GUIDED
45.094454999999996,POS,37.4274999,-122.1697001,16.06999969482422,0.01421507314541867,GUIDED
45.194415,POS,37.4274999,-122.1697001,16.06999969482422,0.01421507314541867,GUIDED
45.294374999999995,POS,37.4274999,-122.1697001,16.06999969482422,0.01421507314541867,GUIDED
45.394335,POS,37.4274999,-122.1697001,16.06999969482422,0.01421507314541867,GUIDED
45.494295,POS,37.4274999,-122.1697001,16.06999969482422,0.01421507314541867,GUIDED
45.594255,POS,37.4274999,-122.1697001,16.06999969482422,0.01421507314541867,GUIDED
45.694215,POS,37.4274999,-122.1697001,16.06999969482422,0.01421507314541867,GUIDED
45.794174999999996,POS,37.4274999,-122.1697001,16.06999969482422,0.01421507314541867,GUIDED
45.894968,POS,37.4274999,-122.1697001,16.06999969482422,0.01421507314541867,GUIDED
45.994928,POS,37.4274999,-122.1697001,16.06999969482422,0.01421507314541867,GUIDED
46.094888,POS,37.4274999,-122.1697001,16.06999969482422,0.01421507314541867,GUIDED
46.194848,POS,37.4274999,-122.1697001,16.06999969482422,0.01421507314541867,GUIDED
46.294807999999996,POS,37.4274999,-122.1697001,16.06999969482422,0.01421507314541867,GUIDED
46.394768,POS,37.4274999,-122.1697001,16.06999969482422,0.01421507314541867,GUIDED
46.494727999999995,POS,37.4274999,-122.1697001,16.06999969482422,0.01421507314541867,GUIDED
46.594688,POS,37.4274999,-122.1697001,16.06999969482422,0.01421507314541867,GUIDED
46.694648,POS,37.4274999,-122.1697001,16.06999969482422,0.01421507314541867,GUIDED
46.794608,POS,37.4274999,-122.1697001,16.06999969482422,0.01421507314541867,GUIDED
46.894568,POS,37.4274999,-122.1697001,16.06999969482422,0.01421507314541867,GUIDED
46.994527999999995,POS,37.4274999,-122.1697001,16.06999969482422,0.01421507314541867,GUIDED
47.094488,POS,37.4274999,-122.1697001,16.06999969482422,0.01421507314541867,GUIDED
47.194448,POS,37.4274999,-122.1697001,16.06999969482422,0.01421507314541867,GUIDED
47.294408,POS,37.4274999,-122.1697001,16.06999969482422,0.01421507314541867,GUIDED
47.394368,POS,37.4274999,-122.1697001,16.06999969482422,0.01421507314541867,GUIDED
47.494327999999996,POS,37.4274999,-122.1697001,16.06999969482422,0.01421507314541867,GUIDED
47.594288,POS,37.4274999,-122.1697001,16.06999969482422,0.01421507314541867,GUIDED
47.694247999999995,POS,37.4274999,-122.1697001,16.06999969482422,0.01421507314541867,GUIDED
47.794208,POS,37.4274999,-122.1697001,16.06999969482422,0.01421507314541867,GUIDED
47.894168,POS,37.4274999,-122.1697001,16.06999969482422,0.01421507314541867,GUIDED
47.994960999999996,POS,37.4274999,-122.1697001,16.06999969482422,0.01421507314541867,GUIDED
48.094921,POS,37.4274999,-122.1697001,16.06999969482422,0.01421507314541867,GUIDED
48.194880999999995,POS,37.4274999,-122.1697001,16.079999923706055,0.01421507314541867,GUIDED
48.294841,POS,37.4274999,-122.1697001,16.100000381469727,0.01421507314541867,GUIDED
48.394801,POS,37.4274999,-122.1697001,16.119998931884766,0.01421507314541867,GUIDED
48.494761,POS,37.4274999,-122.1697001,16.149999618530273,0.01421507314541867,GUIDED
48.594721,POS,37.4274999,-122.1697001,16.18000030517578,0.01421507314541867,GUIDED
48.694680999999996,POS,37.4274999,-122.1697001,16.229999542236328,0.01421507314541867,GUIDED
48.794641,POS,37.4274999,-122.1697001,16.329999923706055,0.01421507314541867,GUIDED
48.894601,POS,37.4274999,-122.1697001,16.44999885559082,0.01421507314541867,GUIDED
48.994561,POS,37.4274999,-122.1697001,16.559999465942383,0.01421507314541867,GUIDED
49.094521,POS,37.4274999,-122.1697001,16.670000076293945,0.01421507314541867,GUIDED
49.194480999999996,POS,37.4274999,-122.1697,16.78999900817871,0.011131949209416398,GUIDED
49.294441,POS,37.4274999,-122.1697,16.899999618530273,0.011131949209416398,GUIDED
49.394400999999995,POS,37.4274999,-122.1697,17.029998779296875,0.011131949209416398,GUIDED
49.494361,POS,37.4274999,-122.1697,17.18000030517578,0.011131949209416398,GUIDED
49.594321,POS,37.4274999,-122.1697,17.329999923706055,0.011131949209416398,GUIDED
49.694281,POS,37.4274999,-122.1697,17.489999771118164,0.011131949209416398,GUIDED
49.794241,POS,37.4274999,-122.1697,17.65999984741211,0.011131949209416398,GUIDED
49.894200999999995,POS,37.4274999,-122.1697,17.84000015258789,0.011131949209416398,GUIDED
49.994994,POS,37.4274999,-122.1697,18.029998779296875,0.011131949209416398,GUIDED
50.094954,POS,37.4274999,-122.1697,18.229999542236328,0.011131949209416398,GUIDED
50.194914,POS,37.4274999,-122.1697,18.44999885559082,0.011131949209416398,GUIDED
50.294874,POS,37.4274999,-122.1697,18.670000076293945,0.011131949209416398,GUIDED
50.394833999999996,POS,37.4274999,-122.1696999,18.90999984741211,0.014215073926666955,GUIDED
50.494794,POS,37.4274999,-122.1696999,19.149999618530273,0.014215073926666955,GUIDED
50.594753999999995,POS,37.4274999,-122.1696999,19.399999618530273,0.014215073926666955,GUIDED
50.694714,POS,37.4275,-122.1696999,19.65999984741211,0.008840137636665813,GUIDED
50.794674,POS,37.4275,-122.1696999,19.920000076293945,0.008840137636665813,GUIDED
50.894633999999996,POS,37.4275,-122.1696999,20.170000076293945,0.008840137636665813,GUIDED
50.994594,POS,37.4275,-122.1696999,20.43000030517578,0.008840137636665813,GUIDED
51.094553999999995,POS,37.4275,-122.1696999,20.689998626708984,0.008840137636665813,GUIDED
51.194514,POS,37.4275,-122.1696999,20.94999885559082,0.008840137636665813,GUIDED
51.294474,POS,37.4275,-122.1696999,21.209999084472656,0.008840137636665813,GUIDED
51.394434,POS,37.4275,-122.1696999,21.459999084472656,0.008840137636665813,GUIDED
51.494394,POS,37.4275,-122.1696999,21.719999313354492,0.008840137636665813,GUIDED
51.594353999999996,POS,37.4275,-122.1696999,21.969999313354492,0.008840137636665813,GUIDED
51.694314,POS,37.4275,-122.1696999,22.219999313354492,0.008840137636665813,GUIDED
51.794274,POS,37.4275,-122.1696999,22.479999542236328,0.008840137636665813,GUIDED
51.894234,POS,37.4275,-122.1696999,22.729999542236328,0.008840137636665813,GUIDED
51.994194,POS,37.4275,-122.1696999,22.979999542236328,0.008840137636665813,GUIDED
52.094986999999996,POS,37.4275,-122.1696999,23.229999542236328,0.008840137636665813,GUIDED
52.194947,POS,37.4275001,-122.1696999,23.479999542236328,0.0142150739193237,GUIDED
52.294906999999995,POS,37.4275001,-122.1696999,23.719999313354492,0.0142150739193237,GUIDED
52.394867,POS,37.4275001,-122.1696999,23.969999313354492,0.0142150739193237,GUIDED
52.494827,POS,37.4275001,-122.1696999,24.219999313354492,0.0142150739193237,GUIDED
52.594787,POS,37.4275001,-122.1696999,24.469999313354492,0.0142150739193237,GUIDED
52.694747,POS,37.4275001,-122.1696999,24.719999313354492,0.0142150739193237,GUIDED
52.794706999999995,POS,37.4275001,-122.1696999,24.969999313354492,0.0142150739193237,GUIDED
52.894667,POS,37.4275001,-122.1696999,25.219999313354492,0.0142150739193237,GUIDED
52.994627,POS,37.4275001,-122.1696999,25.469999313354492,0.0142150739193237,GUIDED
53.094587,POS,37.4275001,-122.1696999,25.719999313354492,0.0142150739193237,GUIDED
53.194547,POS,37.4275001,-122.1696999,25.959999084472656,0.0142150739193237,GUIDED
53.294506999999996,POS,37.4275001,-122.1696999,26.209999084472656,0.0142150739193237,GUIDED
53.394467,POS,37.4275001,-122.1696999,26.459999084472656,0.0142150739193237,GUIDED
53.494426999999995,POS,37.4275001,-122.1696999,26.709999084472656,0.0142150739193237,GUIDED
53.594387,POS,37.4275001,-122.1696999,26.959999084472656,0.0142150739193237,GUIDED
53.694347,POS,37.4275001,-122.1696999,27.209999084472656,0.0142150739193237,GUIDED
53.794306999999996,POS,37.4275001,-122.1696999,27.459999084472656,0.0142150739193237,GUIDED
53.894267,POS,37.4275001,-122.1696999,27.709999084472656,0.0142150739193237,GUIDED
53.994226999999995,POS,37.4275001,-122.1696999,27.94999885559082,0.0142150739193237,GUIDED
54.094187,POS,37.4275001,-122.1696999,28.19999885559082,0.0142150739193237,GUIDED
54.19498,POS,37.4275001,-122.1696999,28.44999885559082,0.0142150739193237,GUIDED
54.29494,POS,37.4275001,-122.1696999,28.69999885559082,0.0142150739193237,GUIDED
54.3949,POS,37.4275001,-122.1696999,28.939998626708984,0.0142150739193237,GUIDED
54.494859999999996,POS,37.4275001,-122.1696999,29.19999885559082,0.0142150739193237,GUIDED
54.59482,POS,37.4275001,-122.1696999,29.439998626708984,0.0142150739193237,GUIDED
54.69478,POS,37.4275001,-122.1696999,29.689998626708984,0.0142150739193237,GUIDED
54.79474,POS,37.4275001,-122.1696999,29.939998626708984,0.0142150739193237,GUIDED
54.8947,POS,37.4275,-122.1696999,30.189998626708984,0.008840137636665813,GUIDED
54.994659999999996,POS,37.4275,-122.1696999,30.439998626708984,0.008840137636665813,GUIDED
55.09462,POS,37.4275,-122.1696999,30.67999839782715,0.008840137636665813,GUIDED
55.194579999999995,POS,37.4275,-122.1696999,30.920000076293945,0.008840137636665813,GUIDED
55.29454,POS,37.4275,-122.1696999,31.15999984741211,0.008840137636665813,GUIDED
55.3945,POS,37.4275,-122.1696999,31.389999389648438,0.008840137636665813,GUIDED
55.49446,POS,37.4275,-122.1696999,31.619998931884766,0.008840137636665813,GUIDED
55.59442,POS,37.4275,-122.1696999,31.84000015258789,0.008840137636665813,GUIDED
55.694379999999995,POS,37.4275,-122.1696999,32.05999755859375,0.008840137636665813,GUIDED
55.79434,POS,37.4275,-122.1696999,32.27000045776367,0.008840137636665813,GUIDED
55.8943,POS,37.4275,-122.1696999,32.47999954223633,0.008840137636665813,GUIDED
55.99426,POS,37.4275,-122.1696999,32.66999816894531,0.008840137636665813,GUIDED
56.09422,POS,37.4275,-122.1696999,32.869998931884766,0.008840137636665813,GUIDED
56.194179999999996,POS,37.4275,-122.1696999,33.05999755859375,0.008840137636665813,GUIDED
56.294973,POS,37.4275,-122.1696999,33.23999786376953,0.008840137636665813,GUIDED
56.394932999999995,POS,37.4275,-122.1696999,33.40999984741211,0.008840137636665813,GUIDED
56.494893,POS,37.4275,-122.1696999,33.57999801635742,0.008840137636665813,GUIDED
56.594853,POS,37.4275,-122.1696999,33.75,0.008840137636665813,GUIDED
56.694812999999996,POS,37.4275,-122.1696999,33.90999984741211,0.008840137636665813,GUIDED
56.794773,POS,37.4275,-122.1696999,34.05999755859375,0.008840137636665813,GUIDED
56.894732999999995,POS,37.4275,-122.1696999,34.209999084472656,0.008840137636665813,GUIDED
56.994693,POS,37.4275,-122.1696999,34.349998474121094,0.008840137636665813,GUIDED
57.094653,POS,37.4275,-122.1696999,34.48999786376953,0.008840137636665813,GUIDED
57.194613,POS,37.4275,-122.1696999,34.619998931884766,0.008840137636665813,GUIDED
57.294573,POS,37.4275,-122.1696999,34.75,0.008840137636665813,GUIDED
57.394532999999996,POS,37.4275,-122.1696999,34.869998931884766,0.008840137636665813,GUIDED
57.494493,POS,37.4275,-122.1696999,34.98999786376953,0.008840137636665813,GUIDED
57.594453,POS,37.4275,-122.1696999,35.099998474121094,0.008840137636665813,GUIDED
57.694413,POS,37.4275,-122.1696999,35.20000076293945,0.008840137636665813,GUIDED
57.794373,POS,37.4275,-122.1696999,35.29999923706055,0.008840137636665813,GUIDED
57.894332999999996,POS,37.4275,-122.1696999,35.39999771118164,0.008840137636665813,GUIDED
57.994293,POS,37.4275,-122.1696998,35.47999954223633,0.017680274017072613,GUIDED
58.094252999999995,POS,37.4275,-122.1696996,35.55999755859375,0.03536054803414523,GUIDED
58.194213,POS,37.4275,-122.1696992,35.619998931884766,0.07072109606829045,GUIDED
58.294173,POS,37.4275,-122.1696983,35.68000030517578,0.1502823285169877,GUIDED
58.394966,POS,37.4275,-122.169697,35.71999740600586,0.26520410774357117,GUIDED
58.494926,POS,37.4275,-122.1696953,35.75,0.4154864350042998,GUIDED
58.594885999999995,POS,37.4275,-122.169693,35.779998779296875,0.6188095843162463,GUIDED
58.694846,POS,37.4275001,-122.1696903,35.790000915527344,0.857565534086242,GUIDED
58.794806,POS,37.4275001,-122.1696872,35.79999923706055,1.131592279932382,GUIDED
58.894766,POS,37.4275001,-122.1696835,35.79999923706055,1.458665066388513,GUIDED
58.994726,POS,37.4275001,-122.1696794,35.790000915527344,1.8211022249350635,GUIDED
59.094685999999996,POS,37.4275001,-122.1696749,35.790000915527344,2.218902285866393,GUIDED
59.194646,POS,37.4275001,-122.1696699,35.779998779296875,2.660904492486203,GUIDED
59.294605999999995,POS,37.4275001,-122.1696645,35.779998779296875,3.1382683436120855,GUIDED
59.394566,POS,37.4275001,-122.1696587,35.77000045776367,3.6509935108051446,GUIDED
59.494526,POS,37.4275001,-122.1696525,35.77000045776367,4.199079783559047,GUIDED
59.594485999999996,POS,37.4275001,-122.169646,35.7599983215332,4.773686905679828,GUIDED
59.694446,POS,37.4275001,-122.1696391,35.7599983215332,5.383654881367766,GUIDED
59.794405999999995,POS,37.4275001,-122.1696319,35.75,6.020143521216656,GUIDED
59.894366,POS,37.4275001,-122.1696244,35.75,6.683152767203551,GUIDED
59.994326,POS,37.4275001,-122.1696167,35.75,7.363842451248919,GUIDED
60.094286,POS,37.4275001,-122.1696088,35.75,8.062212537437993,GUIDED
60.194246,POS,37.4275001,-122.1696008,35.75,8.769422870332653,GUIDED
60.294205999999996,POS,37.4275,-122.1695928,35.75,9.476626762599617,GUIDED
60.394999,POS,37.4275,-122.1695846,35.75,10.201517989761912,GUIDED
60.494959,POS,37.4275,-122.1695763,35.75,10.935249352048338,GUIDED
60.594919,POS,37.4275,-122.169568,35.75,11.668980715590997,GUIDED
60.694879,POS,37.4274999,-122.1695595,35.75,12.420397348770674,GUIDED
60.794838999999996,POS,37.4274999,-122.169551,35.75,13.17180870224882,GUIDED
60.894799,POS,37.4274999,-122.1695424,35.75,13.932060220006477,GUIDED
60.994758999999995,POS,37.4274999,-122.1695338,35.75,14.692311764328904,GUIDED
61.094719,POS,37.4274999,-122.1695251,35.75,15.461403465388937,GUIDED
61.194679,POS,37.4274999,-122.1695164,35.75,16.230495186329478,GUIDED
61.294639,POS,37.4274999,-122.1695076,35.73999786376953,17.008427060200408,GUIDED
61.394599,POS,37.4274999,-122.1694987,35.73999786376953,17.795199084000707,GUIDED
61.494558999999995,POS,37.4274999,-122.1694898,35.73999786376953,18.581971122696203,GUIDED
61.594519,POS,37.4274999,-122.1694809,35.73999786376953,19.368743172112296,GUIDED
61.694479,POS,37.4274999,-122.1694719,35.73999786376953,20.164355367141294,GUIDED
61.794439,POS,37.4274999,-122.1694628,35.73999786376953,20.96880770814883,GUIDED
61.89439899999999,POS,37.4274999,-122.1694538,35.73999786376953,21.76441992263674,GUIDED
61.994359,POS,37.4274999,-122.1694447,35.73999786376953,22.5688722800539,GUIDED
62.094319,POS,37.4274999,-122.1694355,35.73999786376953,23.382164779840068,GUIDED
62.194278999999995,POS,37.4274999,-122.1694264,35.75,24.186617150595445,GUIDED
62.294239000000005,POS,37.4274999,-122.1694173,35.75,24.991069527024884,GUIDED
62.394199,POS,37.4274999,-122.1694081,35.75,25.804362045417218,GUIDED
62.494991999999996,POS,37.4274999,-122.1693989,35.75,26.617654567328394,GUIDED
62.59495199999999,POS,37.4274999,-122.1693896,35.75,27.439787230504802,GUIDED
62.694912,POS,37.4274999,-122.1693803,35.75,28.261919897738785,GUIDED
62.794872,POS,37.4274999,-122.1693709,35.75,29.09289270442521,GUIDED
62.894831999999994,POS,37.4274999,-122.1693615,35.75,29.923865515845666,GUIDED
62.994792000000004,POS,37.4274999,-122.1693521,35.75,30.75483832920573,GUIDED
63.094752,POS,37.4274999,-122.1693427,35.75,31.585811145509403,GUIDED
63.194711999999996,POS,37.4274999,-122.1693333,35.75,32.416783964530325,GUIDED
63.29467199999999,POS,37.4274999,-122.1693239,35.75,33.247756787320995,GUIDED
63.394632,POS,37.4274999,-122.1693145,35.75,34.078729611185025,GUIDED
63.494592,POS,37.4274999,-122.1693051,35.75,34.9097024372123,GUIDED
63.59455199999999,POS,37.4274999,-122.1692957,35.75,35.74067526525195,GUIDED
63.694512,POS,37.4274999,-122.1692863,35.75,36.571648096423026,GUIDED
63.794472,POS,37.4274999,-122.169277,35.75,37.39378079209337,GUIDED
63.894431999999995,POS,37.4274999,-122.1692676,35.7599983215332,38.224753625377595,GUIDED
63.994392000000005,POS,37.4274999,-122.1692583,35.7599983215332,39.04688632416742,GUIDED
64.094352,POS,37.4274999,-122.169249,35.7599983215332,39.869019024364675,GUIDED
64.194312,POS,37.4274999,-122.1692397,35.7599983215332,40.6911517246278,GUIDED
64.29427199999999,POS,37.4274999,-122.1692305,35.7599983215332,41.50444429132238,GUIDED
64.394232,POS,37.4274999,-122.1692213,35.7599983215332,42.31773685790748,GUIDED
64.494192,POS,37.4274999,-122.1692121,35.7599983215332,43.131029426830736,GUIDED
64.594985,POS,37.4274999,-122.169203,35.7599983215332,43.93548185941698,GUIDED
64.694945,POS,37.4274999,-122.1691938,35.7599983215332,44.748774429061704,GUIDED
64.794905,POS,37.4274999,-122.1691846,35.7599983215332,45.56206700087762,GUIDED
64.894865,POS,37.4274999,-122.1691753,35.7599983215332,46.384199708435695,GUIDED
64.99482499999999,POS,37.4274999,-122.169166,35.7599983215332,47.206332418089474,GUIDED
65.094785,POS,37.4274999,-122.1691568,35.7599983215332,48.01962499239082,GUIDED
65.194745,POS,37.4274999,-122.1691475,35.7599983215332,48.84175770358914,GUIDED
65.294705,POS,37.4274999,-122.1691383,35.7599983215332,49.65505027808599,GUIDED
65.394665,POS,37.4274999,-122.169129,35.7599983215332,50.477182990679914,GUIDED
65.494625,POS,37.4274999,-122.1691198,35.7599983215332,51.29047556649077,GUIDED
65.594585,POS,37.4274999,-122.1691106,35.77000045776367,52.10376814416539,GUIDED
65.694545,POS,37.4274999,-122.1691014,35.77000045776367,52.917060721163224,GUIDED
65.794505,POS,37.4274999,-122.1690922,35.77000045776367,53.730353299970496,GUIDED
65.894465,POS,37.4274999,-122.1690831,35.77000045776367,54.534805741847784,GUIDED
65.99442499999999,POS,37.4274999,-122.1690739,35.77000045776367,55.34809832042696,GUIDED
66.094385,POS,37.4274999,-122.1690648,35.77000045776367,56.15255076327694,GUIDED
66.194345,POS,37.4274999,-122.1690557,35.77000045776367,56.957003206579806,GUIDED
66.294305,POS,37.4274999,-122.1690466,35.77000045776367,57.761455650316655,GUIDED
66.394265,POS,37.4274999,-122.1690376,35.77000045776367,58.55706795824304,GUIDED
66.494225,POS,37.4274999,-122.1690286,35.77000045776367,59.35268026530377,GUIDED
66.594185,POS,37.4274999,-122.1690196,35.77000045776367,60.14829257399585,GUIDED
66.69497799999999,POS,37.4274999,-122.1690105,35.77000045776367,60.952745019287136,GUIDED
66.794938,POS,37.4274999,-122.1690015,35.77000045776367,61.74835732868984,GUIDED
66.894898,POS,37.4274999,-122.1689924,35.77000045776367,62.55280977467191,GUIDED
66.994858,POS,37.4274999,-122.1689832,35.77000045776367,63.36610235723132,GUIDED
67.094818,POS,37.4274999,-122.168974,35.77000045776367,64.17939494011281,GUIDED
67.194778,POS,37.4274999,-122.1689649,35.77000045776367,64.98384738704769,GUIDED
67.294738,POS,37.4274999,-122.1689558,35.77000045776367,65.7882998342747,GUIDED
67.39469799999999,POS,37.4274999,-122.1689467,35.77000045776367,66.59275228178323,GUIDED
67.494658,POS,37.4274999,-122.1689376,35.779998779296875,67.39720472956321,GUIDED
67.594618,POS,37.4274999,-122.1689284,35.779998779296875,68.21049731512979,GUIDED
67.69457799999999,POS,37.4274999,-122.1689193,35.779998779296875,69.01494976342698,GUIDED
67.794538,POS,37.4274999,-122.1689103,35.779998779296875,69.81056207569415,GUIDED
67.894498,POS,37.4274999,-122.1689012,35.779998779296875,70.61501452446814,GUIDED
67.994458,POS,37.4274999,-122.1688921,35.779998779296875,71.41946697346972,GUIDED
68.094418,POS,37.4274999,-122.168883,35.779998779296875,72.2239194226913,GUIDED
68.194378,POS,37.4274999,-122.1688739,35.779998779296875,73.02837187212562,GUIDED
68.294338,POS,37.4274999,-122.1688649,35.779998779296875,73.8239841842237,GUIDED
68.39429799999999,POS,37.4274999,-122.1688559,35.779998779296875,74.61959649777285,GUIDED
68.494258,POS,37.4274999,-122.1688469,35.779998779296875,75.4152088102544,GUIDED
68.594218,POS,37.4274999,-122.1688379,35.779998779296875,76.21082112417493,GUIDED
68.694178,POS,37.4274999,-122.168829,35.779998779296875,76.99759330072241,GUIDED
68.794971,POS,37.4274999,-122.16882,35.779998779296875,77.79320561498974,GUIDED
68.894931,POS,37.4274999,-122.168811,35.779998779296875,78.58881792816727,GUIDED
68.994891,POS,37.4274999,-122.168802,35.779998779296875,79.3844302427625,GUIDED
69.09485099999999,POS,37.4274999,-122.1687929,35.779998779296875,80.18888269381539,GUIDED
69.194811,POS,37.4274999,-122.1687838,35.779998779296875,80.99333514502362,GUIDED
69.294771,POS,37.4274999,-122.1687747,35.779998779296875,81.79778759638263,GUIDED
69.394731,POS,37.4274999,-122.1687656,35.779998779296875,82.60224004788797,GUIDED
69.494691,POS,37.4274999,-122.1687565,35.779998779296875,83.40669249953544,GUIDED
69.594651,POS,37.4274999,-122.1687474,35.779998779296875,84.21114495132092,GUIDED
69.694611,POS,37.4274999,-122.1687383,35.779998779296875,85.01559740324052,GUIDED
69.794571,POS,37.4274999,-122.1687292,35.779998779296875,85.82004985529045,GUIDED
69.894531,POS,37.4274999,-122.1687201,35.779998779296875,86.62450230746704,GUIDED
69.994491,POS,37.4274999,-122.1687111,35.779998779296875,87.4201146234523,GUIDED
70.09445099999999,POS,37.4274999,-122.168702,35.779998779296875,88.2245670758706,GUIDED
70.194411,POS,37.4274999,-122.1686929,35.779998779296875,89.02901952840547,GUIDED
70.294371,POS,37.4274999,-122.1686838,35.779998779296875,89.83347198105378,GUIDED
70.394331,POS,37.4274999,-122.1686748,35.779998779296875,90.62908429623677,GUIDED
70.494291,POS,37.4274999,-122.1686658,35.790000915527344,91.42469661278119,GUIDED
70.594251,POS,37.4274999,-122.1686569,35.790000915527344,92.21146879185004,GUIDED
70.694211,POS,37.4274999,-122.1686479,35.790000915527344,93.00708110859566,GUIDED
70.79417099999999,POS,37.4274999,-122.168639,35.790000915527344,93.79385328785833,GUIDED
70.894964,POS,37.4274999,-122.16863,35.790000915527344,94.58946560479501,GUIDED
70.994924,POS,37.4274999,-122.168621,35.790000915527344,95.38507792056791,GUIDED
71.094884,POS,37.4274999,-122.168612,35.790000915527344,96.18069023768722,GUIDED
71.194844,POS,37.4274999,-122.1686029,35.790000915527344,96.98514269122242,GUIDED
71.294804,POS,37.4274999,-122.1685938,35.790000915527344,97.78959514484534,GUIDED
71.394764,POS,37.4274999,-122.1685848,35.790000915527344,98.58520746096765,GUIDED
71.494724,POS,37.4274999,-122.1685757,35.790000915527344,99.38965991475864,GUIDED
71.594684,POS,37.4274999,-122.1685667,35.790000915527344,100.18527223229945,GUIDED
71.694644,POS,37.4274999,-122.1685576,35.790000915527344,100.98972468625053,GUIDED
71.79460399999999,POS,37.4274999,-122.1685485,35.790000915527344,101.79417714027922,GUIDED
71.894564,POS,37.4274999,-122.1685395,35.790000915527344,102.58978945804958,GUIDED
71.994524,POS,37.4274999,-122.1685304,35.790000915527344,103.3942419122273,GUIDED
72.094484,POS,37.4274999,-122.1685213,35.790000915527344,104.19869436647728,GUIDED
72.194444,POS,37.4274999,-122.1685123,35.790000915527344,104.99430668320524,GUIDED
72.294404,POS,37.4274999,-122.1685032,35.790000915527344,105.79875913759417,GUIDED
72.394364,POS,37.4274999,-122.1684941,35.790000915527344,106.60321159205057,GUIDED
72.49432399999999,POS,37.4274999,-122.1684851,35.790000915527344,107.39882391023431,GUIDED
72.594284,POS,37.4274999,-122.1684761,35.790000915527344,108.19443622722484,GUIDED
72.694244,POS,37.4274999,-122.1684671,35.790000915527344,108.99004854553336,GUIDED
72.794204,POS,37.4274999,-122.1684581,35.790000915527344,109.78566086390218,GUIDED
72.894997,POS,37.4274999,-122.168449,35.790000915527344,110.59011331867138,GUIDED
72.994957,POS,37.4274999,-122.16844,35.790000915527344,111.3857256359014,GUIDED
73.094917,POS,37.4274999,-122.168431,35.790000915527344,112.18133795444416,GUIDED
73.19487699999999,POS,37.4274999,-122.1684218,35.790000915527344,112.99463054572864,GUIDED
73.294837,POS,37.4274999,-122.1684128,35.790000915527344,113.79024286438205,GUIDED
73.394797,POS,37.4274999,-122.1684039,35.790000915527344,114.57701504548778,GUIDED
73.49475699999999,POS,37.4274999,-122.1683952,35.790000915527344,115.34610695269818,GUIDED
73.594717,POS,37.4274999,-122.1683869,35.790000915527344,116.07983831331798,GUIDED
73.694677,POS,37.4274999,-122.168379,35.790000915527344,116.7782091260839,GUIDED
73.794637,POS,37.4274999,-122.1683716,35.790000915527344,117.43237925464315,GUIDED
73.894597,POS,37.4274999,-122.1683646,35.779998779296875,118.05118883533521,GUIDED
73.994557,POS,37.4274999,-122.168358,35.779998779296875,118.634637869411,GUIDED
74.094517,POS,37.4274999,-122.1683519,35.779998779296875,119.17388621800548,GUIDED
74.19447699999999,POS,37.4274999,-122.1683462,35.779998779296875,119.67777401997346,GUIDED
74.294437,POS,37.4274998,-122.1683409,35.77000045776367,120.14630290141366,GUIDED
74.394397,POS,37.4274998,-122.168336,35.77000045776367,120.57946960359189,GUIDED
74.494357,POS,37.4274998,-122.1683316,35.77000045776367,120.96843562084275,GUIDED
74.594317,POS,37.4274998,-122.1683276,35.77000045776367,121.32204109190698,GUIDED
74.694277,POS,37.4274997,-122.168324,35.77000045776367,121.64028864361659,GUIDED
74.794237,POS,37.4274997,-122.1683209,35.779998779296875,121.91433287797742,GUIDED
74.89419699999999,POS,37.4274996,-122.1683182,35.779998779296875,122.15302019782042,GUIDED
74.99499,POS,37.4274996,-122.168316,35.779998779296875,122.3475031971093,GUIDED
75.09495,POS,37.4274996,-122.1683142,35.779998779296875,122.50662565190278,GUIDED
75.19491,POS,37.4274995,-122.1683128,35.779998779296875,122.6303921901605,GUIDED
75.29487,POS,37.4274994,-122.1683116,35.790000915527344,122.73647945746062,GUIDED
75.39483,POS,37.4274994,-122.1683107,35.790000915527344,122.8160406771967,GUIDED
75.49479,POS,37.4274994,-122.16831,35.790000915527344,122.87792162672837,GUIDED
75.59475,POS,37.4274994,-122.1683094,35.790000915527344,122.93096244115834,GUIDED
75.69471,POS,37.4274994,-122.1683089,35.790000915527344,122.97516311922708,GUIDED
75.79467,POS,37.4274994,-122.1683086,35.790000915527344,123.00168352581929,GUIDED
75.89462999999999,POS,37.4274994,-122.1683083,35.790000915527344,123.02820393241319,GUIDED
75.99459,POS,37.4274994,-122.1683081,35.790000915527344,123.04588420389547,GUIDED
76.09455,POS,37.4274994,-122.168308,35.790000915527344,123.05472434026503,GUIDED
76.19451,POS,37.4274994,-122.1683079,35.790000915527344,123.06356447537854,GUIDED
76.29447,POS,37.4274994,-122.168308,35.790000915527344,123.05472434026503,GUIDED
76.39443,POS,37.4274994,-122.168308,35.779998779296875,123.05472434026503,GUIDED
76.49439,POS,37.4274994,-122.1683081,35.779998779296875,123.04588420389547,GUIDED
76.59434999999999,POS,37.4274994,-122.1683082,35.779998779296875,123.03704406878235,GUIDED
76.69431,POS,37.4274994,-122.1683083,35.779998779296875,123.02820393241319,GUIDED
76.79427,POS,37.4274995,-122.1683086,35.779998779296875,123.0016779025951,GUIDED
76.89423,POS,37.4274995,-122.1683088,35.779998779296875,122.98399763032988,GUIDED
76.99419,POS,37.4274996,-122.1683091,35.779998779296875,122.95747260520515,GUIDED
77.094983,POS,37.4274996,-122.1683094,35.779998779296875,122.93095219647694,GUIDED
77.194943,POS,37.4274997,-122.1683097,35.779998779296875,122.90442817673659,GUIDED
77.294903,POS,37.4274997,-122.1683101,35.779998779296875,122.86906762993831,GUIDED
77.394863,POS,37.4274997,-122.1683104,35.779998779296875,122.8425472204682,GUIDED
77.494823,POS,37.4274998,-122.1683108,35.779998779296875,122.80718406899283,GUIDED
77.59478299999999,POS,37.4274998,-122.1683111,35.779998779296875,122.78066365899654,GUIDED
77.694743,POS,37.4274999,-122.1683115,35.77000045776367,122.74530151516132,GUIDED
77.794703,POS,37.4274999,-122.1683119,35.77000045776367,122.70994096724995,GUIDED
77.894663,POS,37.4275,-122.1683123,35.77000045776367,122.67457983358742,GUIDED
77.994623,POS,37.4275,-122.1683126,35.77000045776367,122.64805942319065,GUIDED
78.094583,POS,37.4275,-122.168313,35.77000045776367,122.61269887515746,GUIDED
78.194543,POS,37.4275001,-122.1683133,35.77000045776367,122.58617888833105,GUIDED
78.29450299999999,POS,37.4275002,-122.1683137,35.77000045776367,122.5508197753817,GUIDED
78.394463,POS,37.4275002,-122.168314,35.77000045776367,122.52429936545809,GUIDED
78.494423,POS,37.4275002,-122.1683143,35.77000045776367,122.49777895427843,GUIDED
78.594383,POS,37.4275002,-122.1683146,35.77000045776367,122.4712585443552,GUIDED
78.694343,POS,37.4275002,-122.1683149,35.77000045776367,122.44473813443219,GUIDED
78.794303,POS,37.4275003,-122.1683152,35.77000045776367,122.4182201734253,GUIDED
78.894263,POS,37.4275003,-122.1683154,35.77000045776367,122.4005399001021,GUIDED
78.994223,POS,37.4275003,-122.1683157,35.77000045776367,122.3740194907458,GUIDED
79.094183,POS,37.4275003,-122.1683159,35.77000045776367,122.35633921742311,GUIDED
79.194976,POS,37.4275003,-122.1683161,35.77000045776367,122.33865894410062,GUIDED
79.29493599999999,POS,37.4275004,-122.1683163,35.77000045776367,122.32098213484564,GUIDED
79.394896,POS,37.4275005,-122.1683165,35.77000045776367,122.30330633986068,GUIDED
79.494856,POS,37.4275005,-122.1683166,35.77000045776367,122.29446620442556,GUIDED
79.594816,POS,37.4275005,-122.1683168,35.77000045776367,122.27678593229942,GUIDED
79.694776,POS,37.4275005,-122.1683169,35.77000045776367,122.26794579686468,GUIDED
79.794736,POS,37.4275005,-122.1683171,35.77000045776367,122.25026552473938,GUIDED
79.894696,POS,37.4275005,-122.1683172,35.77000045776367,122.24142538804875,GUIDED
79.99465599999999,POS,37.4275005,-122.1683173,35.77000045776367,122.23258525261454,GUIDED
80.094616,POS,37.4275005,-122.1683174,35.77000045776367,122.22374511592422,GUIDED
80.194576,POS,37.4275005,-122.1683175,35.77000045776367,122.2149049804903,GUIDED
80.294536,POS,37.4275005,-122.1683176,35.77000045776367,122.20606484505647,GUIDED
80.394496,POS,37.4275005,-122.1683176,35.77000045776367,122.20606484505647,GUIDED
80.494456,POS,37.4275005,-122.1683177,35.77000045776367,122.19722470836655,GUIDED
80.594416,POS,37.4275005,-122.1683178,35.77000045776367,122.18838457293299,GUIDED
80.69437599999999,POS,37.4275005,-122.1683178,35.77000045776367,122.18838457293299,GUIDED
80.794336,POS,37.4275005,-122.1683179,35.77000045776367,122.17954443624336,GUIDED
80.894296,POS,37.4275005,-122.1683179,35.77000045776367,122.17954443624336,GUIDED
80.994256,POS,37.4275005,-122.1683179,35.77000045776367,122.17954443624336,GUIDED
81.094216,POS,37.4275005,-122.168318,35.77000045776367,122.17070430081007,GUIDED
81.194176,POS,37.4275005,-122.168318,35.77000045776367,122.17070430081007,GUIDED
81.294969,POS,37.4275004,-122.168318,35.77000045776367,122.17069981795991,GUIDED
81.394929,POS,37.4275004,-122.1683181,35.77000045776367,122.16185968219058,GUIDED
81.494889,POS,37.4275004,-122.1683181,35.77000045776367,122.16185968219058,GUIDED
81.594849,POS,37.4275004,-122.1683181,35.77000045776367,122.16185968219058,GUIDED
81.69480899999999,POS,37.4275004,-122.1683181,35.77000045776367,122.16185968219058,GUIDED
81.794769,POS,37.4275004,-122.1683182,35.77000045776367,122.15301954516502,GUIDED
81.894729,POS,37.4275004,-122.1683182,35.77000045776367,122.15301954516502,GUIDED
81.994689,POS,37.4275004,-122.1683182,35.77000045776367,122.15301954516502,GUIDED
82.094649,POS,37.4275003,-122.1683182,35.77000045776367,122.15301607610996,GUIDED
82.194609,POS,37.4275003,-122.1683182,35.77000045776367,122.15301607610996,GUIDED
82.294569,POS,37.4275003,-122.1683182,35.77000045776367,122.15301607610996,GUIDED
82.39452899999999,POS,37.4275003,-122.1683183,35.77000045776367,122.1441759400779,GUIDED
82.494489,POS,37.4275003,-122.1683183,35.77000045776367,122.1441759400779,GUIDED
82.594449,POS,37.4275003,-122.1683183,35.77000045776367,122.1441759400779,GUIDED
82.694409,POS,37.4275003,-122.1683183,35.77000045776367,122.1441759400779,GUIDED
82.794369,POS,37.4275003,-122.1683183,35.77000045776367,122.1441759400779,GUIDED
82.894329,POS,37.4275002,-122.1683183,35.77000045776367,122.14417348530105,GUIDED
82.994289,POS,37.4275002,-122.1683184,35.77000045776367,122.13533334782333,GUIDED
83.094249,POS,37.4275002,-122.1683184,35.77000045776367,122.13533334782333,GUIDED
83.194209,POS,37.4275002,-122.1683184,35.77000045776367,122.13533334782333,GUIDED
83.294169,POS,37.4275002,-122.1683184,35.77000045776367,122.13533334782333,GUIDED
83.39496199999999,POS,37.4275002,-122.1683184,35.77000045776367,122.13533334782333,GUIDED
83.494922,POS,37.4275002,-122.1683184,35.77000045776367,122.13533334782333,GUIDED
83.594882,POS,37.4275002,-122.1683185,35.77000045776367,122.12649321160187,GUIDED
83.694842,POS,37.4275002,-122.1683185,35.77000045776367,122.12649321160187,GUIDED
83.794802,POS,37.4275002,-122.1683185,35.77000045776367,122.12649321160187,GUIDED
83.894762,POS,37.4275002,-122.1683185,35.77000045776367,122.12649321160187,GUIDED
83.994722,POS,37.4275002,-122.1683185,35.77000045776367,122.12649321160187,GUIDED
84.09468199999999,POS,37.4275002,-122.1683185,35.77000045776367,122.12649321160187,GUIDED
84.194642,POS,37.4275002,-122.1683185,35.77000045776367,122.12649321160187,GUIDED
84.294602,POS,37.4275002,-122.1683186,35.77000045776367,122.11765307412414,GUIDED
84.394562,POS,37.4275002,-122.1683186,35.77000045776367,122.11765307412414,GUIDED
84.494522,POS,37.4275002,-122.1683186,35.77000045776367,122.11765307412414,GUIDED
84.594482,POS,37.4275002,-122.1683186,35.77000045776367,122.11765307412414,GUIDED
84.694442,POS,37.4275002,-122.1683186,35.77000045776367,122.11765307412414,GUIDED
84.794402,POS,37.4275002,-122.1683186,35.77000045776367,122.11765307412414,GUIDED
84.894362,POS,37.4275002,-122.1683186,35.77000045776367,122.11765307412414,GUIDED
84.994322,POS,37.4275002,-122.1683186,35.77000045776367,122.11765307412414,GUIDED
85.09428199999999,POS,37.4275002,-122.1683187,35.77000045776367,122.10881293790267,GUIDED
85.194242,POS,37.4275002,-122.1683187,35.77000045776367,122.10881293790267,GUIDED
85.294202,POS,37.4275002,-122.1683187,35.77000045776367,122.10881293790267,GUIDED
85.394995,POS,37.4275002,-122.1683187,35.77000045776367,122.10881293790267,GUIDED
85.494955,POS,37.4275002,-122.1683187,35.77000045776367,122.10881293790267,GUIDED
85.594915,POS,37.4275002,-122.1683187,35.77000045776367,122.10881293790267,GUIDED
85.694875,POS,37.4275002,-122.1683187,35.77000045776367,122.10881293790267,GUIDED
85.79483499999999,POS,37.4275002,-122.1683187,35.77000045776367,122.10881293790267,GUIDED
85.894795,POS,37.4275002,-122.1683187,35.77000045776367,122.10881293790267,GUIDED
85.994755,POS,37.4275002,-122.1683187,35.77000045776367,122.10881293790267,GUIDED
86.094715,POS,37.4275002,-122.1683187,35.77000045776367,122.10881293790267,GUIDED
86.194675,POS,37.4275002,-122.1683187,35.77000045776367,122.10881293790267,GUIDED
86.294635,POS,37.4275002,-122.1683187,35.77000045776367,122.10881293790267,GUIDED
86.394595,POS,37.4275002,-122.1683187,35.77000045776367,122.10881293790267,GUIDED
86.49455499999999,POS,37.4275002,-122.1683187,35.77000045776367,122.10881293790267,GUIDED
86.594515,POS,37.4275002,-122.1683187,35.77000045776367,122.10881293790267,GUIDED
86.694475,POS,37.4275001,-122.1683187,35.77000045776367,122.10881149720272,GUIDED
86.794435,POS,37.4275001,-122.1683187,35.77000045776367,122.10881149720272,GUIDED
86.894395,POS,37.4275001,-122.1683187,35.77000045776367,122.10881149720272,GUIDED
86.994355,POS,37.4275001,-122.1683187,35.77000045776367,122.10881149720272,GUIDED
87.094315,POS,37.4275001,-122.1683188,35.77000045776367,122.09997136086521,GUIDED
87.194275,POS,37.4275001,-122.1683188,35.77000045776367,122.09997136086521,GUIDED
87.294235,POS,37.4275001,-122.1683188,35.77000045776367,122.09997136086521,GUIDED
87.394195,POS,37.4275001,-122.1683188,35.77000045776367,122.09997136086521,GUIDED
87.49498799999999,POS,37.4275001,-122.1683188,35.77000045776367,122.09997136086521,GUIDED
87.594948,POS,37.4275001,-122.1683188,35.77000045776367,122.09997136086521,GUIDED
87.694908,POS,37.4275001,-122.1683188,35.77000045776367,122.09997136086521,GUIDED
87.794868,POS,37.4275001,-122.1683188,35.77000045776367,122.09997136086521,GUIDED
87.894828,POS,37.4275001,-122.1683188,35.77000045776367,122.09997136086521,GUIDED
87.994788,POS,37.4275001,-122.1683188,35.77000045776367,122.09997136086521,GUIDED
88.094748,POS,37.4275001,-122.1683188,35.77000045776367,122.09997136086521,GUIDED
88.19470799999999,POS,37.4275001,-122.1683188,35.77000045776367,122.09997136086521,GUIDED
88.294668,POS,37.4275001,-122.1683188,35.77000045776367,122.09997136086521,GUIDED
88.394628,POS,37.4275001,-122.1683188,35.77000045776367,122.09997136086521,GUIDED
88.494588,POS,37.4275001,-122.1683188,35.77000045776367,122.09997136086521,GUIDED
88.594548,POS,37.4275001,-122.1683188,35.77000045776367,122.09997136086521,GUIDED
88.694508,POS,37.4275001,-122.1683188,35.77000045776367,122.09997136086521,GUIDED
88.794468,POS,37.4275001,-122.1683188,35.77000045776367,122.09997136086521,GUIDED
88.894428,POS,37.4275001,-122.1683188,35.77000045776367,122.09997136086521,GUIDED
88.994388,POS,37.4275001,-122.1683188,35.77000045776367,122.09997136086521,GUIDED
89.094348,POS,37.4275001,-122.1683188,35.77000045776367,122.09997136086521,GUIDED
89.19430799999999,POS,37.4275001,-122.1683188,35.77000045776367,122.09997136086521,GUIDED
89.294268,POS,37.4275001,-122.1683188,35.77000045776367,122.09997136086521,GUIDED
89.394228,POS,37.4275001,-122.1683188,35.77000045776367,122.09997136086521,GUIDED
89.494188,POS,37.4275001,-122.1683188,35.77000045776367,122.09997136086521,GUIDED
89.594981,POS,37.4275001,-122.1683188,35.77000045776367,122.09997136086521,GUIDED
89.694941,POS,37.4275001,-122.1683188,35.77000045776367,122.09997136086521,GUIDED
89.794901,POS,37.4275001,-122.1683188,35.77000045776367,122.09997136086521,GUIDED
89.89486099999999,POS,37.4275001,-122.1683189,35.77000045776367,122.09113122327143,GUIDED
89.994821,POS,37.4275001,-122.1683189,35.77000045776367,122.09113122327143,GUIDED
90.094781,POS,37.4275001,-122.1683189,35.77000045776367,122.09113122327143,GUIDED
90.194741,POS,37.4275001,-122.1683189,35.779998779296875,122.09113122327143,GUIDED
90.294701,POS,37.4275001,-122.1683189,35.779998779296875,122.09113122327143,GUIDED
90.394661,POS,37.4275001,-122.1683189,35.779998779296875,122.09113122327143,GUIDED
90.494621,POS,37.4275001,-122.1683189,35.779998779296875,122.09113122327143,GUIDED
90.594581,POS,37.4275001,-122.1683189,35.779998779296875,122.09113122327143,GUIDED
90.694541,POS,37.4275001,-122.1683189,35.779998779296875,122.09113122327143,GUIDED
90.794501,POS,37.4275001,-122.1683189,35.779998779296875,122.09113122327143,GUIDED
90.89446099999999,POS,37.4275001,-122.1683189,35.779998779296875,122.09113122327143,GUIDED
90.994421,POS,37.4275001,-122.1683189,35.779998779296875,122.09113122327143,GUIDED
91.094381,POS,37.4275001,-122.1683189,35.779998779296875,122.09113122327143,GUIDED
91.194341,POS,37.4275001,-122.1683189,35.779998779296875,122.09113122327143,GUIDED
91.294301,POS,37.4275001,-122.1683189,35.779998779296875,122.09113122327143,GUIDED
91.394261,POS,37.4275001,-122.1683189,35.779998779296875,122.09113122327143,GUIDED
91.494221,POS,37.4275001,-122.1683189,35.779998779296875,122.09113122327143,GUIDED
91.59418099999999,POS,37.4275001,-122.1683189,35.779998779296875,122.09113122327143,GUIDED
91.694974,POS,37.4275001,-122.1683189,35.779998779296875,122.09113122327143,GUIDED
91.794934,POS,37.4275001,-122.1683189,35.779998779296875,122.09113122327143,GUIDED
91.894894,POS,37.4275001,-122.1683189,35.779998779296875,122.09113122327143,GUIDED
91.994854,POS,37.4275001,-122.1683189,35.779998779296875,122.09113122327143,GUIDED
92.094814,POS,37.4275001,-122.1683189,35.779998779296875,122.09113122327143,GUIDED
92.194774,POS,37.4275001,-122.1683189,35.779998779296875,122.09113122327143,GUIDED
92.29473399999999,POS,37.4275001,-122.1683189,35.779998779296875,122.09113122327143,GUIDED
92.394694,POS,37.4275001,-122.1683189,35.779998779296875,122.09113122327143,GUIDED
92.494654,POS,37.4275001,-122.1683189,35.779998779296875,122.09113122327143,GUIDED
92.59461399999999,POS,37.4275001,-122.1683189,35.779998779296875,122.09113122327143,GUIDED
92.694574,POS,37.4275001,-122.1683189,35.779998779296875,122.09113122327143,GUIDED
92.794534,POS,37.4275001,-122.1683189,35.779998779296875,122.09113122327143,GUIDED
92.894494,POS,37.4275001,-122.1683189,35.779998779296875,122.09113122327143,GUIDED
92.994454,POS,37.4275001,-122.1683189,35.779998779296875,122.09113122327143,GUIDED
93.094414,POS,37.4275001,-122.1683189,35.779998779296875,122.09113122327143,GUIDED
93.194374,POS,37.4275001,-122.1683189,35.779998779296875,122.09113122327143,GUIDED
93.29433399999999,POS,37.4275001,-122.1683189,35.779998779296875,122.09113122327143,GUIDED
93.394294,POS,37.4275001,-122.1683189,35.779998779296875,122.09113122327143,GUIDED
93.494254,POS,37.4275001,-122.1683189,35.779998779296875,122.09113122327143,GUIDED
93.594214,POS,37.4275001,-122.1683189,35.779998779296875,122.09113122327143,GUIDED
93.694174,POS,37.4275001,-122.1683189,35.779998779296875,122.09113122327143,GUIDED
93.794967,POS,37.4275001,-122.1683189,35.779998779296875,122.09113122327143,GUIDED
93.894927,POS,37.4275001,-122.1683189,35.779998779296875,122.09113122327143,GUIDED
93.99488699999999,POS,37.4275001,-122.1683189,35.779998779296875,122.09113122327143,GUIDED
94.094847,POS,37.4275001,-122.1683189,35.779998779296875,122.09113122327143,GUIDED
94.194807,POS,37.4275001,-122.1683189,35.779998779296875,122.09113122327143,GUIDED
94.294767,POS,37.4275001,-122.1683189,35.779998779296875,122.09113122327143,GUIDED
94.394727,POS,37.4275001,-122.1683189,35.779998779296875,122.09113122327143,GUIDED
94.494687,POS,37.4275001,-122.1683189,35.779998779296875,122.09113122327143,GUIDED
94.594647,POS,37.4275001,-122.1683189,35.779998779296875,122.09113122327143,GUIDED
94.694607,POS,37.4275001,-122.1683189,35.779998779296875,122.09113122327143,GUIDED
94.794567,POS,37.4275001,-122.1683189,35.779998779296875,122.09113122327143,GUIDED
94.894527,POS,37.4275001,-122.1683189,35.779998779296875,122.09113122327143,GUIDED
94.99448699999999,POS,37.4275001,-122.1683189,35.779998779296875,122.09113122327143,GUIDED
95.094447,POS,37.4275001,-122.1683189,35.779998779296875,122.09113122327143,GUIDED
95.194407,POS,37.4275001,-122.1683189,35.779998779296875,122.09113122327143,GUIDED
95.294367,POS,37.4275001,-122.1683189,35.779998779296875,122.09113122327143,GUIDED
95.394327,POS,37.4275001,-122.1683189,35.779998779296875,122.09113122327143,GUIDED
95.494287,POS,37.4275001,-122.1683189,35.779998779296875,122.09113122327143,GUIDED
95.594247,POS,37.4275001,-122.1683189,35.779998779296875,122.09113122327143,GUIDED
95.69420699999999,POS,37.4275001,-122.1683189,35.779998779296875,122.09113122327143,GUIDED
95.795,POS,37.4275001,-122.1683189,35.779998779296875,122.09113122327143,GUIDED
95.89496,POS,37.4275001,-122.1683189,35.779998779296875,122.09113122327143,GUIDED
95.99492,POS,37.4275001,-122.1683189,35.779998779296875,122.09113122327143,GUIDED
96.09488,POS,37.4275001,-122.1683189,35.779998779296875,122.09113122327143,GUIDED
96.19484,POS,37.4275001,-122.1683189,35.779998779296875,122.09113122327143,GUIDED
96.2948,POS,37.4275001,-122.1683189,35.779998779296875,122.09113122327143,GUIDED
96.39476,POS,37.4275001,-122.1683189,35.779998779296875,122.09113122327143,GUIDED
96.49472,POS,37.4275001,-122.1683189,35.779998779296875,122.09113122327143,GUIDED
96.59468,POS,37.4275001,-122.1683189,35.779998779296875,122.09113122327143,GUIDED
96.69463999999999,POS,37.4275001,-122.1683189,35.779998779296875,122.09113122327143,GUIDED
96.7946,POS,37.4275001,-122.1683189,35.779998779296875,122.09113122327143,GUIDED
96.89456,POS,37.4275001,-122.1683189,35.779998779296875,122.09113122327143,GUIDED
96.99452,POS,37.4275001,-122.1683189,35.779998779296875,122.09113122327143,GUIDED
97.09448,POS,37.4275001,-122.1683189,35.779998779296875,122.09113122327143,GUIDED
97.19444,POS,37.4275001,-122.1683189,35.779998779296875,122.09113122327143,GUIDED
97.2944,POS,37.4275001,-122.1683189,35.779998779296875,122.09113122327143,GUIDED
97.39435999999999,POS,37.4275001,-122.1683189,35.779998779296875,122.09113122327143,GUIDED
97.49432,POS,37.4275001,-122.1683189,35.779998779296875,122.09113122327143,GUIDED
97.59428,POS,37.4275001,-122.1683189,35.779998779296875,122.09113122327143,GUIDED
97.69424,POS,37.4275001,-122.1683189,35.779998779296875,122.09113122327143,GUIDED
97.7942,POS,37.4275001,-122.1683189,35.779998779296875,122.09113122327143,GUIDED
97.894993,POS,37.4275001,-122.1683189,35.779998779296875,122.09113122327143,GUIDED
97.994953,POS,37.4275001,-122.1683189,35.779998779296875,122.09113122327143,GUIDED
98.09491299999999,POS,37.4275001,-122.1683189,35.779998779296875,122.09113122327143,GUIDED
98.194873,POS,37.4275001,-122.1683189,35.779998779296875,122.09113122327143,GUIDED
98.294833,POS,37.4275001,-122.1683189,35.779998779296875,122.09113122327143,GUIDED
98.39479299999999,POS,37.4275001,-122.1683189,35.779998779296875,122.09113122327143,GUIDED
98.494753,POS,37.4275001,-122.1683189,35.779998779296875,122.09113122327143,GUIDED
98.594713,POS,37.4275001,-122.1683189,35.779998779296875,122.09113122327143,GUIDED
98.694673,POS,37.4275001,-122.1683189,35.779998779296875,122.09113122327143,GUIDED
98.794633,POS,37.4275001,-122.1683189,35.779998779296875,122.09113122327143,GUIDED
98.894593,POS,37.4275001,-122.1683189,35.779998779296875,122.09113122327143,GUIDED
98.994553,POS,37.4275001,-122.1683189,35.779998779296875,122.09113122327143,GUIDED
99.09451299999999,POS,37.4275001,-122.1683189,35.779998779296875,122.09113122327143,GUIDED
99.194473,POS,37.4275001,-122.1683189,35.779998779296875,122.09113122327143,GUIDED
99.294433,POS,37.4275001,-122.1683189,35.779998779296875,122.09113122327143,GUIDED
99.394393,POS,37.4275001,-122.1683189,35.779998779296875,122.09113122327143,GUIDED
99.494353,POS,37.4275001,-122.1683189,35.779998779296875,122.09113122327143,GUIDED
99.594313,POS,37.4275001,-122.1683189,35.779998779296875,122.09113122327143,GUIDED
99.694273,POS,37.4275001,-122.1683189,35.779998779296875,122.09113122327143,GUIDED
99.79423299999999,POS,37.4275001,-122.1683189,35.779998779296875,122.09113122327143,GUIDED
99.894193,POS,37.4275001,-122.1683189,35.779998779296875,122.09113122327143,GUIDED
99.994986,POS,37.4275001,-122.1683189,35.779998779296875,122.09113122327143,GUIDED
100.094946,POS,37.4275001,-122.1683189,35.779998779296875,122.09113122327143,GUIDED
100.194906,POS,37.4275001,-122.1683189,35.779998779296875,122.09113122327143,GUIDED
100.294866,POS,37.4275001,-122.1683189,35.779998779296875,122.09113122327143,GUIDED
100.394826,POS,37.4275001,-122.1683189,35.779998779296875,122.09113122327143,GUIDED
100.494786,POS,37.4275001,-122.1683189,35.779998779296875,122.09113122327143,GUIDED
100.594746,POS,37.4275001,-122.1683189,35.779998779296875,122.09113122327143,GUIDED
100.694706,POS,37.4275001,-122.1683189,35.779998779296875,122.09113122327143,GUIDED
100.79466599999999,POS,37.4275001,-122.1683189,35.779998779296875,122.09113122327143,GUIDED
100.894626,POS,37.4275001,-122.1683189,35.779998779296875,122.09113122327143,GUIDED
100.994586,POS,37.4275001,-122.1683189,35.779998779296875,122.09113122327143,GUIDED
101.094546,POS,37.4275001,-122.1683189,35.779998779296875,122.09113122327143,GUIDED
101.194506,POS,37.4275001,-122.1683189,35.779998779296875,122.09113122327143,GUIDED
101.294466,POS,37.4275001,-122.1683189,35.779998779296875,122.09113122327143,RTL
101.394426,POS,37.4275001,-122.1683189,35.779998779296875,122.09113122327143,RTL
101.49438599999999,POS,37.4275001,-122.1683189,35.779998779296875,122.09113122327143,RTL
101.594346,POS,37.4275001,-122.1683189,35.779998779296875,122.09113122327143,RTL
101.694306,POS,37.4275001,-122.1683189,35.790000915527344,122.09113122327143,RTL
101.794266,POS,37.4275001,-122.1683189,35.79999923706055,122.09113122327143,RTL
101.894226,POS,37.4275001,-122.1683189,35.82999801635742,122.09113122327143,RTL
101.994186,POS,37.4275001,-122.1683189,35.86000061035156,122.09113122327143,RTL
102.094979,POS,37.4275001,-122.1683189,35.89999771118164,122.09113122327143,RTL
102.194939,POS,37.4275001,-122.1683189,35.939998626708984,122.09113122327143,RTL
102.294899,POS,37.4275001,-122.1683189,35.97999954223633,122.09113122327143,RTL
102.394859,POS,37.4275001,-122.1683189,36.02000045776367,122.09113122327143,RTL
102.49481899999999,POS,37.4275001,-122.1683189,36.04999923706055,122.09113122327143,RTL
102.594779,POS,37.4275001,-122.168319,36.07999801635742,122.08229108693392,RTL
102.694739,POS,37.4275001,-122.1683193,36.099998474121094,122.05577067666513,RTL
102.794699,POS,37.4275001,-122.1683198,36.11000061035156,122.01156999120893,RTL
102.894659,POS,37.4275001,-122.1683207,36.11000061035156,121.93200876040311,RTL
102.994619,POS,37.4275001,-122.1683219,36.11000061035156,121.82592711807308,RTL
103.094579,POS,37.4275001,-122.1683237,36.11000061035156,121.6668046539514,RTL
103.19453899999999,POS,37.4275001,-122.1683258,36.099998474121094,121.4811617795637,RTL
103.294499,POS,37.4275001,-122.1683284,36.099998474121094,121.25131822223693,RTL
103.394459,POS,37.4275001,-122.1683313,36.09000015258789,120.99495425213448,RTL
103.494419,POS,37.4275001,-122.1683346,36.09000015258789,120.70322973668985,RTL
103.594379,POS,37.4275001,-122.1683382,36.09000015258789,120.38498480972919,RTL
103.694339,POS,37.4275,-122.1683423,36.07999801635742,120.02253876124702,RTL
103.794299,POS,37.4275,-122.1683467,36.07999801635742,119.63357273790652,RTL
103.89425899999999,POS,37.4275,-122.1683514,36.07999801635742,119.21808630291288,RTL
103.994219,POS,37.4275,-122.1683565,36.06999969482422,118.76723932114218,RTL
104.094179,POS,37.4274999,-122.168362,36.06999969482422,118.28103239417247,RTL
104.19497199999999,POS,37.4274999,-122.1683679,36.06999969482422,117.75946431830685,RTL
104.294932,POS,37.4274999,-122.1683741,36.06999969482422,117.21137583342308,RTL
104.394892,POS,37.4274998,-122.1683807,36.06999969482422,116.62792847109216,RTL
104.494852,POS,37.4274998,-122.1683878,36.06999969482422,116.00027876107059,RTL
104.594812,POS,37.4274998,-122.1683951,36.06999969482422,115.35494877871918,RTL
104.694772,POS,37.4274998,-122.1684027,36.06999969482422,114.68309838531316,RTL
104.794732,POS,37.4274998,-122.1684106,36.06999969482422,113.98472758212884,RTL
104.89469199999999,POS,37.4274997,-122.1684187,36.06999969482422,113.26867931615328,RTL
104.994652,POS,37.4274997,-122.1684269,36.06999969482422,112.54378812052138,RTL
105.094612,POS,37.4274997,-122.1684351,36.07999801635742,111.8188969253004,RTL
105.194572,POS,37.4274997,-122.1684433,36.07999801635742,111.09400572924214,RTL
105.294532,POS,37.4274997,-122.1684515,36.07999801635742,110.36911453486732,RTL
105.394492,POS,37.4274996,-122.1684597,36.07999801635742,109.6442273698684,RTL
105.494452,POS,37.4274996,-122.1684679,36.07999801635742,108.91933620221607,RTL
105.59441199999999,POS,37.4274996,-122.168476,36.07999801635742,108.20328517102513,RTL
105.694372,POS,37.4274996,-122.1684842,36.07999801635742,107.47839400499123,RTL
105.794332,POS,37.4274996,-122.1684924,36.06999969482422,106.75350283854006,RTL
105.894292,POS,37.4274996,-122.1685006,36.06999969482422,106.0286116742014,RTL
105.994252,POS,37.4274996,-122.1685088,36.06999969482422,105.30372051073661,RTL
106.094212,POS,37.4274997,-122.168517,36.06999969482422,104.57882513100719,RTL
106.194172,POS,37.4274997,-122.1685253,36.06999969482422,103.84509380368438,RTL
106.294965,POS,37.4274997,-122.1685336,36.06999969482422,103.11136247689755,RTL
106.394925,POS,37.4274997,-122.168542,36.06999969482422,102.36879101473069,RTL
106.494885,POS,37.4274998,-122.1685504,36.06999969482422,101.62621643683102,RTL
106.59484499999999,POS,37.4274998,-122.168559,36.05999755859375,100.86596468027068,RTL
106.694805,POS,37.4274998,-122.1685675,36.05999755859375,100.11455306141903,RTL
106.794765,POS,37.4274998,-122.1685761,36.05999755859375,99.3543013054197,RTL
106.894725,POS,37.4274999,-122.1685847,36.05999755859375,98.59404759855373,RTL
106.994685,POS,37.4274999,-122.1685934,36.05999755859375,97.82495569141717,RTL
107.094645,POS,37.4274999,-122.168602,36.05999755859375,97.06470392194299,RTL
107.194605,POS,37.4274999,-122.1686107,36.05999755859375,96.29561201621982,RTL
107.29456499999999,POS,37.4275,-122.1686195,36.05999755859375,95.51767926052588,RTL
107.394525,POS,37.4275,-122.1686282,36.05999755859375,94.74858735021768,RTL
107.494485,POS,37.4275,-122.168637,36.05999755859375,93.97065530227276,RTL
107.594445,POS,37.4275,-122.1686458,36.05999755859375,93.1927232555839,RTL
107.694405,POS,37.4275,-122.1686546,36.05999755859375,92.41479120763857,RTL
107.794365,POS,37.4275001,-122.1686634,36.05999755859375,91.63685977464058,RTL
107.894325,POS,37.4275001,-122.1686723,36.05999755859375,90.85008759669556,RTL
107.994285,POS,37.4275001,-122.1686811,36.05999755859375,90.07215555515953,RTL
108.094245,POS,37.4275001,-122.1686899,36.05999755859375,89.29422351372588,RTL
108.194205,POS,37.4275001,-122.1686987,36.05999755859375,88.51629147365367,RTL
108.29499799999999,POS,37.4275002,-122.1687076,36.05999755859375,87.72952135507198,RTL
108.394958,POS,37.4275003,-122.1687165,36.05999755859375,86.94275270256718,RTL
108.494918,POS,37.4275003,-122.1687254,36.05999755859375,86.1559805783877,RTL
108.594878,POS,37.4275003,-122.1687344,36.05999755859375,85.3603683183453,RTL
108.694838,POS,37.4275003,-122.1687435,36.05999755859375,84.55591592376467,RTL
108.794798,POS,37.4275003,-122.1687525,36.05999755859375,83.76030366729395,RTL
108.894758,POS,37.4275003,-122.1687616,36.05999755859375,82.95585127512192,RTL
108.99471799999999,POS,37.4275003,-122.1687708,36.05999755859375,82.14255874732578,RTL
109.094678,POS,37.4275003,-122.1687799,36.05999755859375,81.33810635773419,RTL
109.194638,POS,37.4275003,-122.168789,36.05999755859375,80.5336539694838,RTL
109.294598,POS,37.4275003,-122.1687982,36.05999755859375,79.72036144702817,RTL
109.394558,POS,37.4275003,-122.1688074,36.05999755859375,78.90706892477225,RTL
109.494518,POS,37.4275003,-122.1688165,36.05999755859375,78.10261654082845,RTL
109.594478,POS,37.4275003,-122.1688257,36.05999755859375,77.28932402286212,RTL
109.69443799999999,POS,37.4275003,-122.1688349,36.05999755859375,76.47603150649354,RTL
109.794398,POS,37.4275003,-122.168844,36.05999755859375,75.67157912601964,RTL
109.894358,POS,37.4275003,-122.1688532,36.05999755859375,74.85828661298467,RTL
109.99431799999999,POS,37.4275003,-122.1688623,36.05999755859375,74.05383423717186,RTL
110.094278,POS,37.4275003,-122.1688714,36.05999755859375,73.24938186313634,RTL
110.194238,POS,37.4275003,-122.1688804,36.05999755859375,72.45376962636072,RTL
110.294198,POS,37.4275003,-122.1688895,36.05999755859375,71.64931725603881,RTL
110.394991,POS,37.4275003,-122.1688986,36.05999755859375,70.84486488767924,RTL
110.494951,POS,37.4275003,-122.1689077,36.05999755859375,70.04041252134955,RTL
110.594911,POS,37.4275003,-122.1689168,36.05999755859375,69.23596015712059,RTL
110.69487099999999,POS,37.4275003,-122.168926,36.05999755859375,68.42266765975661,RTL
110.794831,POS,37.4275003,-122.1689352,36.05999755859375,67.60937516343945,RTL
110.894791,POS,37.4275003,-122.1689444,36.05999755859375,66.79608267076578,RTL
110.994751,POS,37.4275003,-122.1689536,36.05999755859375,65.98279018056758,RTL
111.094711,POS,37.4275003,-122.1689628,36.05999755859375,65.16949769168133,RTL
111.194671,POS,37.4275003,-122.1689719,36.05999755859375,64.36504534188943,RTL
111.294631,POS,37.4275003,-122.1689811,36.05999755859375,63.551752859662265,RTL
111.39459099999999,POS,37.4275003,-122.1689903,36.05999755859375,62.73846037905319,RTL
111.494551,POS,37.4275003,-122.1689994,36.05999755859375,61.93400803776531,RTL
111.594511,POS,37.4275003,-122.1690086,36.05999755859375,61.12071556447265,RTL
111.694471,POS,37.4275003,-122.1690177,36.05999755859375,60.31626322941865,RTL
111.794431,POS,37.4275003,-122.1690269,36.05999755859375,59.502970761427434,RTL
111.894391,POS,37.4275003,-122.169036,36.05999755859375,58.69851843312626,RTL
111.994351,POS,37.4275003,-122.169045,36.05999755859375,57.90290624454261,RTL
112.094311,POS,37.4275003,-122.1690541,36.05999755859375,57.09845392348895,RTL
112.194271,POS,37.4275003,-122.1690631,36.05999755859375,56.302841741120425,RTL
112.294231,POS,37.4275003,-122.1690721,36.05999755859375,55.50722956396425,RTL
112.39419099999999,POS,37.4275003,-122.1690811,36.05999755859375,54.711617389680534,RTL
112.494984,POS,37.4275003,-122.1690901,36.05999755859375,53.916005219708325,RTL
112.594944,POS,37.4275003,-122.1690991,36.05999755859375,53.12039305549763,RTL
112.694904,POS,37.4275003,-122.1691082,36.05999755859375,52.315940760179586,RTL
112.794864,POS,37.4275003,-122.1691173,36.05999755859375,51.511488469903234,RTL
112.894824,POS,37.4275003,-122.1691264,36.05999755859375,50.70703618490854,RTL
112.994784,POS,37.4275003,-122.1691355,36.05999755859375,49.90258390545092,RTL
113.09474399999999,POS,37.4275003,-122.1691445,36.05999755859375,49.10697176612063,RTL
113.194704,POS,37.4275003,-122.1691536,36.05999755859375,48.30251949850316,RTL
113.294664,POS,37.4275003,-122.1691627,36.05999755859375,47.49806723729173,RTL
113.394624,POS,37.4275003,-122.1691718,36.05999755859375,46.69361498281742,RTL
113.494584,POS,37.4275002,-122.1691808,36.05999755859375,45.897996150345165,RTL
113.594544,POS,37.4275002,-122.1691899,36.05999755859375,45.09354378939854,RTL
113.694504,POS,37.4275002,-122.169199,36.05999755859375,44.28909143195123,RTL
113.794464,POS,37.4275002,-122.1692081,36.05999755859375,43.48463907819749,RTL
113.894424,POS,37.4275002,-122.1692171,36.05999755859375,42.68902686476847,RTL
113.994384,POS,37.4275002,-122.1692262,36.05999755859375,41.88457451899781,RTL
114.09434399999999,POS,37.4275002,-122.1692353,36.05999755859375,41.080122177594234,RTL
114.194304,POS,37.4275002,-122.1692443,36.05999755859375,40.28450997583764,RTL
114.294264,POS,37.4275002,-122.1692534,36.05999755859375,39.48005764391902,RTL
114.394224,POS,37.4275002,-122.1692624,36.05999755859375,38.68444545337571,RTL
114.494184,POS,37.4275002,-122.1692714,36.05999755859375,37.888833266998304,RTL
114.594977,POS,37.4275002,-122.1692804,36.05999755859375,37.09322108639198,RTL
114.694937,POS,37.4275002,-122.1692895,36.05999755859375,36.288768777230985,RTL
114.79489699999999,POS,37.4275002,-122.1692985,36.05999755859375,35.49315661067098,RTL
114.894857,POS,37.4275002,-122.1693076,36.05999755859375,34.68870431532721,RTL
114.994817,POS,37.4275002,-122.1693167,36.05999755859375,33.8842520276724,RTL
115.094777,POS,37.4275002,-122.1693258,36.05999755859375,33.079799748267526,RTL
115.194737,POS,37.4275002,-122.1693349,36.05999755859375,32.27534747772946,RTL
115.294697,POS,37.4275002,-122.169344,36.05999755859375,31.470895216738178,RTL
115.394657,POS,37.4275002,-122.1693531,36.05999755859375,30.66644296604499,RTL
115.494617,POS,37.4275002,-122.1693621,36.05999755859375,29.87083086039453,RTL
115.594577,POS,37.4275002,-122.1693712,36.05999755859375,29.066378632748627,RTL
115.694537,POS,37.4275002,-122.1693803,36.05999755859375,28.261926418175285,RTL
115.79449699999999,POS,37.4275002,-122.1693894,36.05999755859375,27.457474217823535,RTL
115.894457,POS,37.4275001,-122.1693984,36.05999755859375,26.661855212300235,RTL
115.994417,POS,37.4275001,-122.1694075,36.05999755859375,25.857402826783524,RTL
116.094377,POS,37.4275001,-122.1694166,36.05999755859375,25.05295044590986,RTL
116.194337,POS,37.4275001,-122.1694256,36.05999755859375,24.257338206840906,RTL
116.294297,POS,37.4275001,-122.1694347,36.05999755859375,23.452885836638114,RTL
116.394257,POS,37.4275001,-122.1694437,36.05999755859375,22.657273607966314,RTL
116.49421699999999,POS,37.4275001,-122.1694527,36.05999755859375,21.86166138730312,RTL
116.594177,POS,37.4275001,-122.1694617,36.05999755859375,21.066049172901085,RTL
116.69497,POS,37.4275001,-122.1694707,36.05999755859375,20.270436966901645,RTL
116.79493,POS,37.4275001,-122.1694798,36.05999755859375,19.465984635404986,RTL
116.89489,POS,37.4275001,-122.1694888,36.05999755859375,18.670372450857684,RTL
116.99485,POS,37.4275001,-122.169498,36.05999755859375,17.85708000655554,RTL
117.09481,POS,37.4275001,-122.1695071,36.05999755859375,17.05262771242423,RTL
117.19476999999999,POS,37.4275001,-122.1695161,36.05999755859375,16.257015570058304,RTL
117.29473,POS,37.4275001,-122.1695252,36.05999755859375,15.452563310654712,RTL
117.39469,POS,37.4275001,-122.1695343,36.05999755859375,14.648111073044241,RTL
117.49465,POS,37.4275001,-122.1695434,36.05999755859375,13.843658861026093,RTL
117.59461,POS,37.4275001,-122.1695524,36.05999755859375,13.048046812492105,RTL
117.69457,POS,37.4275001,-122.1695615,36.05999755859375,12.243594666677515,RTL
117.79453,POS,37.4275001,-122.1695705,36.05999755859375,11.44798269693767,RTL
117.89449,POS,37.4275001,-122.1695796,36.05999755859375,10.643530648190834,RTL
117.99445,POS,37.4275001,-122.1695887,36.05999755859375,9.839078666335961,RTL
118.09441,POS,37.4275001,-122.1695977,36.05999755859375,9.043466900168314,RTL
118.19436999999999,POS,37.4275001,-122.1696067,36.05999755859375,8.247855239628954,RTL
118.29433,POS,37.4275001,-122.1696157,36.05999755859375,7.452243721463835,RTL
118.39429,POS,37.4275001,-122.1696243,36.05999755859375,6.691992892587165,RTL
118.49425,POS,37.4275001,-122.1696326,36.05999755859375,5.958262669717907,RTL
118.59421,POS,37.4275001,-122.1696405,36.05999755859375,5.2598932353853955,RTL
118.69417,POS,37.4275001,-122.169648,36.05999755859375,4.59688466735111,RTL
118.794963,POS,37.4275001,-122.1696551,36.04999923706055,3.969237078448737,RTL
118.89492299999999,POS,37.4275001,-122.1696617,36.04999923706055,3.3857907325374743,RTL
118.994883,POS,37.4275001,-122.1696679,36.04999923706055,2.8377057804858756,RTL
119.094843,POS,37.4275001,-122.1696738,36.040000915527344,2.316142619901092,RTL
119.194803,POS,37.4275001,-122.1696792,36.040000915527344,1.8387821717949135,RTL
119.294763,POS,37.4275001,-122.1696842,36.040000915527344,1.396785989872605,RTL
119.394723,POS,37.4275001,-122.1696888,36.040000915527344,0.9901579109913612,RTL
119.494683,POS,37.4275001,-122.1696929,36.040000915527344,0.6277484302310785,RTL
119.594643,POS,37.4275001,-122.1696966,36.040000915527344,0.3007707307490362,RTL
119.694603,POS,37.4275001,-122.1696999,36.040000915527344,0.0142150739193237,RTL
119.794563,POS,37.4275001,-122.1697027,36.040000915527344,0.2389431459494247,RTL
119.89452299999999,POS,37.4275001,-122.1697051,36.040000915527344,0.4509843910866569,RTL
119.994483,POS,37.4275001,-122.169707,36.040000915527344,0.6189097025161185,RTL
120.094443,POS,37.4275001,-122.1697085,36.04999923706055,0.7514940896051937,RTL
120.194403,POS,37.4275002,-122.1697095,36.04999923706055,0.8401080661697828,RTL
120.294363,POS,37.4275002,-122.1697101,36.04999923706055,0.8931313653237002,RTL
120.394323,POS,37.4275002,-122.1697105,36.04999923706055,0.9284813422278815,RTL
120.494283,POS,37.4275002,-122.1697107,36.05999755859375,0.9461566275319065,RTL
120.59424299999999,POS,37.4275002,-122.1697108,36.05999755859375,0.9549943400706303,RTL
120.694203,POS,37.4275002,-122.1697109,36.05999755859375,0.9638320958324539,RTL
120.794996,POS,37.4275002,-122.169711,36.05999755859375,0.9726698961167985,RTL
120.894956,POS,37.4275002,-122.1697111,36.05999755859375,0.9815077372430531,RTL
120.994916,POS,37.4275002,-122.1697112,36.05999755859375,0.9903456193400985,LAND
121.094876,POS,37.4275002,-122.1697112,36.05999755859375,0.9903456193400985,LAND
121.194836,POS,37.4275002,-122.1697111,36.04999923706055,0.9815077372430531,LAND
121.294796,POS,37.4275002,-122.1697111,36.04999923706055,0.9815077372430531,LAND
121.394756,POS,37.4275002,-122.169711,36.04999923706055,0.9726698961167985,LAND
121.494716,POS,37.4275002,-122.1697109,36.04999923706055,0.9638320958324539,LAND
121.59467599999999,POS,37.4275002,-122.1697107,36.04999923706055,0.9461566275319065,LAND
121.694636,POS,37.4275002,-122.1697105,36.04999923706055,0.9284813422278815,LAND
121.794596,POS,37.4275002,-122.1697102,36.04999923706055,0.9019687815517617,LAND
121.894556,POS,37.4275002,-122.16971,36.04999923706055,0.8842940022169749,LAND
121.994516,POS,37.4275002,-122.1697096,36.04999923706055,0.8489451312929261,LAND
122.094476,POS,37.4275002,-122.1697093,36.04999923706055,0.8224341352981721,LAND
122.194436,POS,37.4275002,-122.169709,36.04999923706055,0.7959237679106845,LAND
122.29439599999999,POS,37.4275002,-122.1697086,36.04999923706055,0.7605777010752482,LAND
122.394356,POS,37.4275002,-122.1697083,36.04999923706055,0.7340690646678115,LAND
122.494316,POS,37.4275001,-122.1697079,36.04999923706055,0.69845953039242,LAND
122.594276,POS,37.4275001,-122.1697075,36.04999923706055,0.6631037132173941,LAND
122.694236,POS,37.4275001,-122.1697072,36.04999923706055,0.6365871958451929,LAND
122.794196,POS,37.4275001,-122.1697068,36.04999923706055,0.6012323727153566,LAND
122.894989,POS,37.4275001,-122.1697064,36.04999923706055,0.5658782649996716,LAND
122.99494899999999,POS,37.4275001,-122.1697061,36.04999923706055,0.5393632389603333,LAND
123.094909,POS,37.4275001,-122.1697057,36.04999923706055,0.50401075141318,LAND
123.194869,POS,37.4275001,-122.1697053,36.04999923706055,0.46865948131534463,LAND
123.294829,POS,37.4275001,-122.169705,36.04999923706055,0.44214700078562225,LAND
123.394789,POS,37.4275001,-122.1697047,36.04999923706055,0.41563553348009113,LAND
123.494749,POS,37.4275001,-122.1697044,36.05999755859375,0.3891252849819213,LAND
123.594709,POS,37.4275001,-122.1697041,36.05999755859375,0.36261652260572097,LAND
123.694669,POS,37.4275001,-122.1697038,36.05999755859375,0.33610959672474955,LAND
123.794629,POS,37.4275001,-122.1697035,36.05999755859375,0.309604981869407,LAND
123.894589,POS,37.4275001,-122.1697033,36.05999755859375,0.291936832090764,LAND
123.99454899999999,POS,37.4275001,-122.169703,36.05999755859375,0.2654376354192981,LAND
124.094509,POS,37.4275001,-122.1697028,36.05999755859375,0.24777402578179672,LAND
124.194469,POS,37.4275001,-122.1697026,36.05999755859375,0.2301129756990057,LAND
124.294429,POS,37.4275001,-122.1697024,36.05999755859375,0.21245512474132147,LAND
124.394389,POS,37.4275001,-122.1697022,36.05999755859375,0.19480134001840468,LAND
124.494349,POS,37.4275001,-122.1697021,36.05999755859375,0.18597633432370994,LAND
124.594309,POS,37.4275001,-122.1697019,36.05999755859375,0.16833108947405925,LAND
124.69426899999999,POS,37.4275001,-122.1697018,36.05999755859375,0.15951137481259703,LAND
124.794229,POS,37.4275001,-122.1697017,36.05999755859375,0.15069405479292988,LAND
124.894189,POS,37.4275001,-122.1697016,36.05999755859375,0.14187957313203287,LAND
124.994982,POS,37.4275001,-122.1697015,36.05999755859375,0.13306849662541403,LAND
125.094942,POS,37.4275001,-122.1697014,36.05999755859375,0.12426154685763963,LAND
125.194902,POS,37.4275001,-122.1697013,36.05999755859375,0.11545967095121815,LAND
125.294862,POS,37.4275,-122.1697012,36.04999923706055,0.10608164284617667,LAND
125.394822,POS,37.4275,-122.1697012,36.029998779296875,0.10608164284617667,LAND
125.494782,POS,37.4275,-122.1697011,36.0,0.09724150520951085,LAND
125.594742,POS,37.4275,-122.169701,35.96999740600586,0.08840136882910406,LAND
125.69470199999999,POS,37.4275,-122.169701,35.91999816894531,0.08840136882910406,LAND
125.79466199999999,POS,37.4275,-122.169701,35.86000061035156,0.08840136882910406,LAND
125.894622,POS,37.4275,-122.1697009,35.779998779296875,0.07956123119243826,LAND
125.99458200000001,POS,37.4275,-122.1697009,35.70000076293945,0.07956123119243826,LAND
126.09454199999999,POS,37.4275,-122.1697009,35.61000061035156,0.07956123119243826,LAND
126.194502,POS,37.4275,-122.1697008,35.5,0.07072109481203144,LAND
126.29446200000001,POS,37.4275,-122.1697008,35.38999938964844,0.07072109481203144,LAND
126.39442199999999,POS,37.4275,-122.1697008,35.2599983215332,0.07072109481203144,LAND
126.494382,POS,37.4275,-122.1697007,35.119998931884766,0.06188095843162464,LAND
126.59434200000001,POS,37.4275,-122.1697007,34.97999954223633,0.06188095843162464,LAND
126.694302,POS,37.4275,-122.1697007,34.81999969482422,0.06188095843162464,LAND
126.794262,POS,37.4275,-122.1697007,34.66999816894531,0.06188095843162464,LAND
126.89422199999998,POS,37.4275,-122.1697007,34.5099983215332,0.06188095843162464,LAND
126.994182,POS,37.4275,-122.1697007,34.349998474121094,0.06188095843162464,LAND
127.094975,POS,37.4275,-122.1697006,34.20000076293945,0.05304082079495882,LAND
127.19493499999999,POS,37.4275,-122.1697006,34.040000915527344,0.05304082079495882,LAND
127.294895,POS,37.4275,-122.1697006,33.880001068115234,0.05304082079495882,LAND
127.394855,POS,37.4275,-122.1697006,33.71999740600586,0.05304082079495882,LAND
127.49481499999999,POS,37.4275,-122.1697006,33.56999969482422,0.05304082079495882,LAND
127.594775,POS,37.4275,-122.1697006,33.40999984741211,0.05304082079495882,LAND
127.69473500000001,POS,37.4275,-122.1697006,33.2599983215332,0.05304082079495882,LAND
127.79469499999999,POS,37.4275,-122.1697005,33.11000061035156,0.04420068441455203,LAND
127.894655,POS,37.4275,-122.1697005,32.959999084472656,0.04420068441455203,LAND
127.99461500000001,POS,37.4275,-122.1697005,32.79999923706055,0.04420068441455203,LAND
128.094575,POS,37.4275,-122.1697005,32.64999771118164,0.04420068441455203,LAND
128.194535,POS,37.4275,-122.1697005,32.5,0.04420068441455203,LAND
128.294495,POS,37.4275,-122.1697005,32.349998474121094,0.04420068441455203,LAND
128.394455,POS,37.4275,-122.1697004,32.209999084472656,0.03536054677788621,LAND
128.494415,POS,37.4275,-122.1697004,32.05999755859375,0.03536054677788621,LAND
128.59437499999999,POS,37.4275,-122.1697004,31.90999984741211,0.03536054677788621,LAND
128.694335,POS,37.4275,-122.1697004,31.760000228881836,0.03536054677788621,LAND
128.794295,POS,37.4275,-122.1697004,31.60999870300293,0.03536054677788621,LAND
128.894255,POS,37.4275,-122.1697004,31.459999084472656,0.03536054677788621,LAND
128.994215,POS,37.4275,-122.1697004,31.309999465942383,0.03536054677788621,LAND
129.094175,POS,37.4275,-122.1697003,31.15999984741211,0.02652041039747941,LAND
129.194968,POS,37.4275,-122.1697003,31.010000228881836,0.02652041039747941,LAND
129.294928,POS,37.4275,-122.1697003,30.85999870300293,0.02652041039747941,LAND
129.394888,POS,37.4275,-122.1697003,30.709999084472656,0.02652041039747941,LAND
129.494848,POS,37.4275,-122.1697003,30.559999465942383,0.02652041039747941,LAND
129.594808,POS,37.4275,-122.1697003,30.40999984741211,0.02652041039747941,LAND
129.694768,POS,37.4275,-122.1697003,30.260000228881836,0.02652041039747941,LAND
129.794728,POS,37.4275,-122.1697002,30.10999870300293,0.0176802727608136,LAND
129.894688,POS,37.4275,-122.1697002,29.959999084472656,0.0176802727608136,LAND
129.994648,POS,37.4275,-122.1697002,29.809999465942383,0.0176802727608136,LAND
130.094608,POS,37.4275,-122.1697002,29.65999984741211,0.0176802727608136,LAND
130.194568,POS,37.4275,-122.1697002,29.510000228881836,0.0176802727608136,LAND
130.29452799999999,POS,37.4275,-122.1697002,29.35999870300293,0.0176802727608136,LAND
130.394488,POS,37.4275,-122.1697002,29.209999084472656,0.0176802727608136,LAND
130.494448,POS,37.4275,-122.1697002,29.059999465942383,0.0176802727608136,LAND
130.594408,POS,37.4275,-122.1697002,28.90999984741211,0.0176802727608136,LAND
130.694368,POS,37.4275,-122.1697002,28.760000228881836,0.0176802727608136,LAND
130.794328,POS,37.4275,-122.1697002,28.60999870300293,0.0176802727608136,LAND
130.894288,POS,37.4275,-122.1697001,28.459999084472656,0.0088401363804068,LAND
130.994248,POS,37.4275,-122.1697001,28.309999465942383,0.0088401363804068,LAND
131.094208,POS,37.4275,-122.1697001,28.15999984741211,0.0088401363804068,LAND
131.194168,POS,37.4275,-122.1697001,28.010000228881836,0.0088401363804068,LAND
131.294961,POS,37.4275,-122.1697001,27.85999870300293,0.0088401363804068,LAND
131.394921,POS,37.4275,-122.1697001,27.719999313354492,0.0088401363804068,LAND
131.494881,POS,37.4275,-122.1697001,27.56999969482422,0.0088401363804068,LAND
131.594841,POS,37.4275,-122.1697001,27.420000076293945,0.0088401363804068,LAND
131.69480099999998,POS,37.4275,-122.1697001,27.26999855041504,0.0088401363804068,LAND
131.794761,POS,37.4275,-122.1697001,27.139999389648438,0.0088401363804068,LAND
131.894721,POS,37.4275,-122.1697001,27.010000228881836,0.0088401363804068,LAND
131.99468099999999,POS,37.4275,-122.1697001,26.889999389648438,0.0088401363804068,LAND
132.094641,POS,37.4275,-122.1697001,26.779998779296875,0.0088401363804068,LAND
132.194601,POS,37.4275,-122.1697001,26.689998626708984,0.0088401363804068,LAND
132.294561,POS,37.4275,-122.1697001,26.599998474121094,0.0088401363804068,LAND
132.394521,POS,37.4275,-122.1697001,26.529998779296875,0.0088401363804068,LAND
132.494481,POS,37.4275,-122.1697001,26.469999313354492,0.0088401363804068,LAND
132.594441,POS,37.4275,-122.1697001,26.420000076293945,0.0088401363804068,LAND
132.694401,POS,37.4275,-122.1697001,26.369998931884766,0.0088401363804068,LAND
132.794361,POS,37.4275,-122.1697001,26.329999923706055,0.0088401363804068,LAND
132.894321,POS,37.4275,-122.1697001,26.28999900817871,0.0088401363804068,LAND
132.994281,POS,37.4275,-122.1697,26.25,0.0,LAND
133.094241,POS,37.4275,-122.1697,26.19999885559082,0.0,LAND
133.194201,POS,37.4275,-122.1697,26.15999984741211,0.0,LAND
133.294994,POS,37.4275,-122.1697,26.119998931884766,0.0,LAND
133.39495399999998,POS,37.4275,-122.1697,26.079999923706055,0.0,LAND
133.494914,POS,37.4275,-122.1697,26.029998779296875,0.0,LAND
133.594874,POS,37.4275,-122.1697,25.989999771118164,0.0,LAND
133.694834,POS,37.4275,-122.1697,25.939998626708984,0.0,LAND
133.794794,POS,37.4275,-122.1697,25.889999389648438,0.0,LAND
133.894754,POS,37.4275,-122.1697,25.849998474121094,0.0,LAND
133.994714,POS,37.4275,-122.1697,25.799999237060547,0.0,LAND
134.094674,POS,37.4275,-122.1697,25.75,0.0,LAND
134.194634,POS,37.4275,-122.1697,25.69999885559082,0.0,LAND
134.294594,POS,37.4275,-122.1697,25.649999618530273,0.0,LAND
134.394554,POS,37.4275,-122.1697,25.599998474121094,0.0,LAND
134.494514,POS,37.4275,-122.1697,25.53999900817871,0.0,LAND
134.594474,POS,37.4275,-122.1697,25.489999771118164,0.0,LAND
134.694434,POS,37.4275,-122.1697,25.439998626708984,0.0,LAND
134.794394,POS,37.4275,-122.1697,25.389999389648438,0.0,LAND
134.894354,POS,37.4275,-122.1697,25.34000015258789,0.0,LAND
134.994314,POS,37.4275,-122.1697,25.28999900817871,0.0,LAND
135.09427399999998,POS,37.4275,-122.1697,25.239999771118164,0.0,LAND
135.194234,POS,37.4275,-122.1697,25.189998626708984,0.0,LAND
135.294194,POS,37.4275,-122.1697,25.139999389648438,0.0,LAND
135.394987,POS,37.4275,-122.1697,25.09000015258789,0.0,LAND
135.494947,POS,37.4275,-122.1697,25.03999900817871,0.0,LAND
135.594907,POS,37.4275,-122.1697,24.989999771118164,0.0,LAND
135.694867,POS,37.4275,-122.1697,24.93000030517578,0.0,LAND
135.794827,POS,37.4275,-122.1697,24.8799991607666,0.0,LAND
135.894787,POS,37.4275,-122.1697,24.829999923706055,0.0,LAND
135.994747,POS,37.4275,-122.1697,24.779998779296875,0.0,LAND
136.094707,POS,37.4275,-122.1697,24.729999542236328,0.0,LAND
136.194667,POS,37.4275,-122.1697,24.68000030517578,0.0,LAND
136.294627,POS,37.4275,-122.1697,24.6299991607666,0.0,LAND
136.394587,POS,37.4275,-122.1697,24.579999923706055,0.0,LAND
136.494547,POS,37.4275,-122.1697,24.529998779296875,0.0,LAND
136.594507,POS,37.4275,-122.1697,24.479999542236328,0.0,LAND
136.694467,POS,37.4275,-122.1697,24.43000030517578,0.0,LAND
136.79442699999998,POS,37.4275,-122.1697,24.3799991607666,0.0,LAND
136.894387,POS,37.4275,-122.1697,24.329999923706055,0.0,LAND
136.994347,POS,37.4275,-122.1697,24.279998779296875,0.0,LAND
137.094307,POS,37.4275,-122.1697,24.229999542236328,0.0,LAND
137.194267,POS,37.4275,-122.1697,24.18000030517578,0.0,LAND
137.294227,POS,37.4275,-122.1697,24.1299991607666,0.0,LAND
137.394187,POS,37.4275,-122.1697,24.079999923706055,0.0,LAND
137.49498,POS,37.4275,-122.1697,24.029998779296875,0.0,LAND
137.59494,POS,37.4275,-122.1697,23.979999542236328,0.0,LAND
137.6949,POS,37.4275,-122.1697,23.93000030517578,0.0,LAND
137.79486,POS,37.4275,-122.1697,23.8799991607666,0.0,LAND
137.89482,POS,37.4275,-122.1697,23.829999923706055,0.0,LAND
137.99478,POS,37.4275,-122.1697,23.779998779296875,0.0,LAND
138.09474,POS,37.4275,-122.1697,23.729999542236328,0.0,LAND
138.1947,POS,37.4275,-122.1697,23.68000030517578,0.0,LAND
138.29466,POS,37.4275,-122.1697,23.6299991607666,0.0,LAND
138.39462,POS,37.4275,-122.1697,23.579999923706055,0.0,LAND
138.49457999999998,POS,37.4275,-122.1697,23.529998779296875,0.0,LAND
138.59454,POS,37.4275,-122.1697,23.479999542236328,0.0,LAND
138.6945,POS,37.4275,-122.1697,23.43000030517578,0.0,LAND
138.79446,POS,37.4275,-122.1697,23.3799991607666,0.0,LAND
138.89442,POS,37.4275,-122.1697,23.329999923706055,0.0,LAND
138.99438,POS,37.4275,-122.1697,23.279998779296875,0.0,LAND
139.09434,POS,37.4275,-122.1697,23.229999542236328,0.0,LAND
139.1943,POS,37.4275,-122.1697,23.18000030517578,0.0,LAND
139.29426,POS,37.4275,-122.1697,23.1299991607666,0.0,LAND
139.39422,POS,37.4275,-122.1697,23.079999923706055,0.0,LAND
139.49418,POS,37.4275,-122.1697,23.029998779296875,0.0,LAND
139.594973,POS,37.4275,-122.1697,22.979999542236328,0.0,LAND
139.694933,POS,37.4275,-122.1697,22.93000030517578,0.0,LAND
139.794893,POS,37.4275,-122.1697,22.8799991607666,0.0,LAND
139.894853,POS,37.4275,-122.1697,22.81999969482422,0.0,LAND
139.994813,POS,37.4275,-122.1697,22.76999855041504,0.0,LAND
140.094773,POS,37.4275,-122.1697,22.719999313354492,0.0,LAND
140.19473299999999,POS,37.4275,-122.1697,22.670000076293945,0.0,LAND
140.294693,POS,37.4275,-122.1697,22.619998931884766,0.0,LAND
140.394653,POS,37.4275,-122.1697,22.56999969482422,0.0,LAND
140.494613,POS,37.4275,-122.1697,22.51999855041504,0.0,LAND
140.594573,POS,37.4275,-122.1697,22.469999313354492,0.0,LAND
140.694533,POS,37.4275,-122.1697,22.420000076293945,0.0,LAND
140.794493,POS,37.4275,-122.1697,22.369998931884766,0.0,LAND
140.894453,POS,37.4275,-122.1697,22.31999969482422,0.0,LAND
140.994413,POS,37.4275,-122.1697,22.26999855041504,0.0,LAND
141.094373,POS,37.4275,-122.1697,22.219999313354492,0.0,LAND
141.194333,POS,37.4275,-122.1697,22.170000076293945,0.0,LAND
141.294293,POS,37.4275,-122.1697,22.119998931884766,0.0,LAND
141.394253,POS,37.4275,-122.1697,22.06999969482422,0.0,LAND
141.494213,POS,37.4275,-122.1697,22.020000457763672,0.0,LAND
141.594173,POS,37.4275,-122.1697,21.969999313354492,0.0,LAND
141.694966,POS,37.4275,-122.1697,21.920000076293945,0.0,LAND
141.794926,POS,37.4275,-122.1697,21.869998931884766,0.0,LAND
141.89488599999999,POS,37.4275,-122.1697,21.81999969482422,0.0,LAND
141.994846,POS,37.4275,-122.1697,21.770000457763672,0.0,LAND
142.094806,POS,37.4275,-122.1697,21.719999313354492,0.0,LAND
142.194766,POS,37.4275,-122.1697,21.670000076293945,0.0,LAND
142.294726,POS,37.4275,-122.1697,21.619998931884766,0.0,LAND
142.394686,POS,37.4275,-122.1697,21.56999969482422,0.0,LAND
142.494646,POS,37.4275,-122.1697,21.520000457763672,0.0,LAND
142.594606,POS,37.4275001,-122.1697,21.469999313354492,0.011131949209416398,LAND
142.694566,POS,37.4275001,-122.1697,21.420000076293945,0.011131949209416398,LAND
142.794526,POS,37.4275001,-122.1697,21.369998931884766,0.011131949209416398,LAND
142.894486,POS,37.4275001,-122.1697,21.31999969482422,0.011131949209416398,LAND
142.994446,POS,37.4275001,-122.1697,21.270000457763672,0.011131949209416398,LAND
143.094406,POS,37.4275001,-122.1697,21.219999313354492,0.011131949209416398,LAND
143.194366,POS,37.4275001,-122.1697,21.170000076293945,0.011131949209416398,LAND
143.294326,POS,37.4275001,-122.1697,21.119998931884766,0.011131949209416398,LAND
143.394286,POS,37.4275001,-122.1697,21.06999969482422,0.011131949209416398,LAND
143.494246,POS,37.4275001,-122.1697,21.020000457763672,0.011131949209416398,LAND
143.59420599999999,POS,37.4275001,-122.1697,20.969999313354492,0.011131949209416398,LAND
143.694999,POS,37.4275001,-122.1697,20.920000076293945,0.011131949209416398,LAND
143.794959,POS,37.4275001,-122.1697,20.869998931884766,0.011131949209416398,LAND
143.894919,POS,37.4275001,-122.1697,20.81999969482422,0.011131949209416398,LAND
143.994879,POS,37.4275001,-122.1697,20.770000457763672,0.011131949209416398,LAND
144.094839,POS,37.4275001,-122.1697,20.719999313354492,0.011131949209416398,LAND
144.194799,POS,37.4275001,-122.1697,20.670000076293945,0.011131949209416398,LAND
144.294759,POS,37.4275001,-122.1697,20.619998931884766,0.011131949209416398,LAND
144.394719,POS,37.4275001,-122.1697,20.56999969482422,0.011131949209416398,LAND
144.494679,POS,37.4275001,-122.1697,20.520000457763672,0.011131949209416398,LAND
144.594639,POS,37.4275001,-122.1697,20.469999313354492,0.011131949209416398,LAND
144.694599,POS,37.4275001,-122.1697,20.420000076293945,0.011131949209416398,LAND
144.794559,POS,37.4275001,-122.1697,20.369998931884766,0.011131949209416398,LAND
144.894519,POS,37.4275001,-122.1697,20.31999969482422,0.011131949209416398,LAND
144.99447899999998,POS,37.4275001,-122.1697,20.270000457763672,0.011131949209416398,LAND
145.094439,POS,37.4275001,-122.1697,20.219999313354492,0.011131949209416398,LAND
145.194399,POS,37.4275001,-122.1697,20.170000076293945,0.011131949209416398,LAND
145.294359,POS,37.4275001,-122.1697,20.119998931884766,0.011131949209416398,LAND
145.394319,POS,37.4275001,-122.1697,20.06999969482422,0.011131949209416398,LAND
145.494279,POS,37.4275001,-122.1697,20.020000457763672,0.011131949209416398,LAND
145.594239,POS,37.4275001,-122.1697,19.969999313354492,0.011131949209416398,LAND
145.694199,POS,37.4275001,-122.1697,19.920000076293945,0.011131949209416398,LAND
145.794992,POS,37.4275001,-122.1697,19.869998931884766,0.011131949209416398,LAND
145.894952,POS,37.4275001,-122.1697,19.81999969482422,0.011131949209416398,LAND
145.994912,POS,37.4275001,-122.1697,19.770000457763672,0.011131949209416398,LAND
146.094872,POS,37.4275001,-122.1697,19.719999313354492,0.011131949209416398,LAND
146.194832,POS,37.4275001,-122.1697,19.670000076293945,0.011131949209416398,LAND
146.294792,POS,37.4275001,-122.1697,19.619998931884766,0.011131949209416398,LAND
146.394752,POS,37.4275001,-122.1697,19.56999969482422,0.011131949209416398,LAND
146.494712,POS,37.4275001,-122.1697,19.520000457763672,0.011131949209416398,LAND
146.594672,POS,37.4275001,-122.1697,19.469999313354492,0.011131949209416398,LAND
146.69463199999998,POS,37.4275001,-122.1697,19.420000076293945,0.011131949209416398,LAND
146.794592,POS,37.4275001,-122.1697,19.369998931884766,0.011131949209416398,LAND
146.894552,POS,37.4275001,-122.1697,19.31999969482422,0.011131949209416398,LAND
146.994512,POS,37.4275001,-122.1697,19.270000457763672,0.011131949209416398,LAND
147.094472,POS,37.4275001,-122.1697,19.219999313354492,0.011131949209416398,LAND
147.194432,POS,37.4275001,-122.1697,19.170000076293945,0.011131949209416398,LAND
147.294392,POS,37.4275001,-122.1697,19.119998931884766,0.011131949209416398,LAND
147.394352,POS,37.4275001,-122.1697,19.06999969482422,0.011131949209416398,LAND
147.494312,POS,37.4275001,-122.1697,19.020000457763672,0.011131949209416398,LAND
147.594272,POS,37.4275001,-122.1696999,18.969999313354492,0.0142150739193237,LAND
147.694232,POS,37.4275001,-122.1696999,18.920000076293945,0.0142150739193237,LAND
147.794192,POS,37.4275001,-122.1696999,18.869998931884766,0.0142150739193237,LAND
147.894985,POS,37.4275,-122.1696999,18.81999969482422,0.008840137636665813,LAND
147.994945,POS,37.4275,-122.1696999,18.770000457763672,0.008840137636665813,LAND
148.094905,POS,37.4275,-122.1696999,18.719999313354492,0.008840137636665813,LAND
148.194865,POS,37.4275,-122.1696999,18.670000076293945,0.008840137636665813,LAND
148.294825,POS,37.4275,-122.1696999,18.619998931884766,0.008840137636665813,LAND
148.39478499999998,POS,37.4275,-122.1696999,18.56999969482422,0.008840137636665813,LAND
148.494745,POS,37.4275,-122.1696999,18.520000457763672,0.008840137636665813,LAND
148.594705,POS,37.4275,-122.1696999,18.469999313354492,0.008840137636665813,LAND
148.694665,POS,37.4275,-122.1696999,18.420000076293945,0.008840137636665813,LAND
148.794625,POS,37.4275,-122.1696999,18.369998931884766,0.008840137636665813,LAND
148.894585,POS,37.4275,-122.1696999,18.31999969482422,0.008840137636665813,LAND
148.994545,POS,37.4275,-122.1696999,18.270000457763672,0.008840137636665813,LAND
149.094505,POS,37.4275,-122.1696999,18.219999313354492,0.008840137636665813,LAND
149.194465,POS,37.4275,-122.1696999,18.170000076293945,0.008840137636665813,LAND
149.294425,POS,37.4275,-122.1696999,18.119998931884766,0.008840137636665813,LAND
149.394385,POS,37.4275,-122.1696999,18.06999969482422,0.008840137636665813,LAND
149.494345,POS,37.4275,-122.1696999,18.020000457763672,0.008840137636665813,LAND
149.594305,POS,37.4275,-122.1696999,17.969999313354492,0.008840137636665813,LAND
149.694265,POS,37.4275,-122.1696999,17.920000076293945,0.008840137636665813,LAND
149.794225,POS,37.4275,-122.1696999,17.869998931884766,0.008840137636665813,LAND
149.894185,POS,37.4275,-122.1696999,17.81999969482422,0.008840137636665813,LAND
149.994978,POS,37.4275,-122.1696999,17.770000457763672,0.008840137636665813,LAND
150.09493799999998,POS,37.4275,-122.1696999,17.719999313354492,0.008840137636665813,LAND
150.194898,POS,37.4275,-122.1696999,17.670000076293945,0.008840137636665813,LAND
150.294858,POS,37.4275,-122.1696999,17.619998931884766,0.008840137636665813,LAND
150.394818,POS,37.4275,-122.1696999,17.56999969482422,0.008840137636665813,LAND
150.494778,POS,37.4275,-122.1696999,17.520000457763672,0.008840137636665813,LAND
150.594738,POS,37.4275,-122.1696999,17.469999313354492,0.008840137636665813,LAND
150.694698,POS,37.4275,-122.1696999,17.420000076293945,0.008840137636665813,LAND
150.794658,POS,37.4275,-122.1696999,17.369998931884766,0.008840137636665813,LAND
150.894618,POS,37.4275,-122.1696999,17.31999969482422,0.008840137636665813,LAND
150.994578,POS,37.4275,-122.1696999,17.270000457763672,0.008840137636665813,LAND
151.094538,POS,37.4275,-122.1696999,17.219999313354492,0.008840137636665813,LAND
151.194498,POS,37.4275001,-122.1696999,17.170000076293945,0.0142150739193237,LAND
151.294458,POS,37.4275001,-122.1696999,17.119998931884766,0.0142150739193237,LAND
151.394418,POS,37.4275001,-122.1696999,17.06999969482422,0.0142150739193237,LAND
151.494378,POS,37.4275001,-122.1696999,17.020000457763672,0.0142150739193237,LAND
151.594338,POS,37.4275001,-122.1696999,16.969999313354492,0.0142150739193237,LAND
151.694298,POS,37.4275001,-122.1696999,16.920000076293945,0.0142150739193237,LAND
151.79425799999999,POS,37.4275001,-122.1696999,16.869998931884766,0.0142150739193237,LAND
151.894218,POS,37.4275001,-122.1696999,16.81999969482422,0.0142150739193237,LAND
151.994178,POS,37.4275001,-122.1696999,16.770000457763672,0.0142150739193237,LAND
152.094971,POS,37.4275001,-122.1696999,16.719999313354492,0.0142150739193237,LAND
152.194931,POS,37.4275001,-122.1696999,16.670000076293945,0.0142150739193237,LAND
152.294891,POS,37.4275001,-122.1696999,16.619998931884766,0.0142150739193237,LAND
152.394851,POS,37.4275001,-122.1696999,16.56999969482422,0.0142150739193237,LAND
152.494811,POS,37.4275001,-122.1696999,16.520000457763672,0.0142150739193237,LAND
152.594771,POS,37.4275001,-122.1696999,16.469999313354492,0.0142150739193237,LAND
152.694731,POS,37.4275001,-122.1696999,16.420000076293945,0.0142150739193237,LAND
152.794691,POS,37.4275001,-122.1696999,16.369998931884766,0.0142150739193237,LAND
152.894651,POS,37.4275001,-122.1696999,16.31999969482422,0.0142150739193237,LAND
152.994611,POS,37.4275001,-122.1696999,16.270000457763672,0.0142150739193237,LAND
153.094571,POS,37.4275001,-122.1696999,16.219999313354492,0.0142150739193237,LAND
153.194531,POS,37.4275001,-122.1696999,16.170000076293945,0.0142150739193237,LAND
153.294491,POS,37.4275001,-122.1696999,16.139999389648438,0.0142150739193237,LAND
153.394451,POS,37.4275001,-122.1696999,16.149999618530273,0.0142150739193237,LAND
153.49441099999999,POS,37.4275001,-122.1696999,16.15999984741211,0.0142150739193237,LAND
153.594371,POS,37.4275001,-122.1696999,16.170000076293945,0.0142150739193237,LAND
153.694331,POS,37.4275001,-122.1696999,16.170000076293945,0.0142150739193237,LAND
153.794291,POS,37.4275001,-122.1696999,16.15999984741211,0.0142150739193237,LAND
153.894251,POS,37.4275001,-122.1696999,16.15999984741211,0.0142150739193237,LAND
153.994211,POS,37.4275001,-122.1696999,16.15999984741211,0.0142150739193237,LAND
154.094171,POS,37.4275001,-122.1696999,16.15999984741211,0.0142150739193237,LAND
154.194964,POS,37.4275001,-122.1696999,16.149999618530273,0.0142150739193237,LAND
154.294924,POS,37.4275001,-122.1696999,16.149999618530273,0.0142150739193237,LAND
154.394884,POS,37.4275001,-122.1696999,16.149999618530273,0.0142150739193237,LAND
154.494844,POS,37.4275001,-122.1696999,16.149999618530273,0.0142150739193237,LAND
154.594804,POS,37.4275001,-122.1696999,16.149999618530273,0.0142150739193237,LAND
154.694764,POS,37.4275001,-122.1696999,16.149999618530273,0.0142150739193237,LAND
154.794724,POS,37.4275001,-122.1696999,16.139999389648438,0.0142150739193237,LAND
154.894684,POS,37.4275001,-122.1696999,16.139999389648438,0.0142150739193237,LAND
154.994644,POS,37.4275001,-122.1696999,16.139999389648438,0.0142150739193237,LAND
155.094604,POS,37.4275001,-122.1696999,16.139999389648438,0.0142150739193237,LAND
155.19456399999999,POS,37.4275001,-122.1696999,16.139999389648438,0.0142150739193237,LAND
155.294524,POS,37.4275001,-122.1696999,16.139999389648438,0.0142150739193237,LAND
155.394484,POS,37.4275001,-122.1696999,16.1299991607666,0.0142150739193237,LAND
155.494444,POS,37.4275001,-122.1696999,16.1299991607666,0.0142150739193237,LAND
155.594404,POS,37.4275001,-122.1696999,16.1299991607666,0.0142150739193237,LAND
