time_s,type,AEKF,ClimbRt,DesPitch,DesRoll,DesYaw,ErrRP,ErrYaw,Pitch,PitchRt,Roll,RollRt,Thrust,Type,Yaw,YawRt,distance_m,east_m,ecode,ecode_name,ground_speed_m_s,id,lat,lon,mode,name,north_m,radial_speed_m_s,reason,reason_name,rel_alt_m,subsys,subsys_name,target_bearing_speed_m_s,text,ve_m_s,vn_m_s
0.0,MSG,,,,,,,,,,,,,,,,,,,,,,,,,,,,,,,,,,ArduCopter V4.4.1 (e010f979),,
0.0,MSG,,,,,,,,,,,,,,,,,,,,,,,,,,,,,,,,,,5dbfb12414a3456d9014d88183e338b1,,
0.0,MSG,,,,,,,,,,,,,,,,,,,,,,,,,,,,,,,,,,Param space used: 293/4096,,
0.0,MSG,,,,,,,,,,,,,,,,,,,,,,,,,,,,,,,,,,RC Protocol: SITL,,
0.0,MSG,,,,,,,,,,,,,,,,,,,,,,,,,,,,,,,,,,New mission,,
0.0,MSG,,,,,,,,,,,,,,,,,,,,,,,,,,,,,,,,,,New rally,,
0.0,MSG,,,,,,,,,,,,,,,,,,,,,,,,,,,,,,,,,,New fence,,
0.0,MSG,,,,,,,,,,,,,,,,,,,,,,,,,,,,,,,,,,Frame: QUAD/PLUS,,
0.0,MODE,,,,,,,,,,,,,,,,,,,,,,,,STABILIZE,,,,26,INITIALISED,,,,,,,
0.09496199999999977,ERR,,,,,,,,,,,,,,,,,,0,0,,,,,,,,,,,,3,COMPASS,,,,
0.09496199999999977,ATT,0,,0.0,0.0,0.0,1.0,1.0,0.0,,0.0,,,,0.0,,,,,,,,,,,,,,,,,,,,,,
0.19492200000000004,ATT,0,,0.0,0.0,77.08,1.0,0.8,0.0,,0.0,,,,77.08,,,,,,,,,,,,,,,,,,,,,,
0.29488199999999987,MSG,,,,,,,,,,,,,,,,,,,,,,,,,,,,,,,,,,RC7: SaveWaypoint LOW,,
0.29488199999999987,ATT,0,,0.0,0.0,77.08,0.8,0.64,0.0,,0.0,,,,77.08,,,,,,,,,,,,,,,,,,,,,,
0.3948419999999997,ATT,0,,0.0,0.0,77.08,0.8,0.51,0.0,,0.0,,,,77.08,,,,,,,,,,,,,,,,,,,,,,
0.49480199999999996,ATT,0,,0.0,0.0,77.08,0.64,0.4,0.0,,0.0,,,,77.08,,,,,,,,,,,,,,,,,,,,,,
0.5947619999999998,ATT,0,,0.0,0.0,77.08,0.64,0.32,0.0,,0.0,,,,77.08,,,,,,,,,,,,,,,,,,,,,,
0.6947220000000001,ATT,0,,0.0,0.0,77.08,0.51,0.26,0.0,,0.0,,,,77.08,,,,,,,,,,,,,,,,,,,,,,
0.7946819999999999,ATT,0,,0.0,0.0,77.08,0.51,0.2,0.0,,0.0,,,,77.08,,,,,,,,,,,,,,,,,,,,,,
0.8946419999999997,ATT,0,,0.0,0.0,77.08,0.4,0.16,0.0,,0.0,,,,77.08,,,,,,,,,,,,,,,,,,,,,,
0.994602,ATT,0,,0.0,0.0,77.08,0.4,0.13,0.0,,0.0,,,,77.08,,,,,,,,,,,,,,,,,,,,,,
1.0945619999999998,ATT,0,,0.0,0.0,77.08,0.32,0.1,0.0,,0.0,,,,77.08,,,,,,,,,,,,,,,,,,,,,,
1.0945619999999998,XKF1,,,,,,,,,,,,,,,,0.0,0.0,,,0.0,,,,,,0.0,,,,,,,0.0,,0.0,0.0
1.194522,ATT,0,,0.0,0.0,77.08,0.32,0.08,0.0,,0.0,,,,77.08,,,,,,,,,,,,,,,,,,,,,,
1.194522,XKF1,,,,,,,,,,,,,,,,0.0,0.0,,,0.0,,,,,,0.0,,,,,,,0.0,,0.0,0.0
1.294482,ATT,0,,0.0,0.0,77.08,0.26,0.06,0.0,,0.0,,,,77.08,,,,,,,,,,,,,,,,,,,,,,
1.294482,XKF1,,,,,,,,,,,,,,,,0.0,0.0,,,0.0,,,,,,0.0,,,,,,,0.0,,0.0,0.0
1.3944419999999997,ATT,0,,0.0,0.0,77.08,0.26,0.05,0.0,,0.0,,,,77.08,,,,,,,,,,,,,,,,,,,,,,
1.3944419999999997,XKF1,,,,,,,,,,,,,,,,0.0,0.0,,,0.0,,,,,,0.0,,,,,,,0.0,,0.0,0.0
1.494402,ATT,0,,0.0,0.0,77.08,0.2,0.04,0.0,,0.0,,,,77.08,,,,,,,,,,,,,,,,,,,,,,
1.494402,XKF1,,,,,,,,,,,,,,,,0.0,0.0,,,0.0,,,,,,0.0,,,,,,,0.0,,0.0,0.0
1.5943619999999998,ATT,0,,0.0,0.0,77.08,0.2,0.03,0.0,,0.0,,,,77.08,,,,,,,,,,,,,,,,,,,,,,
1.5943619999999998,XKF1,,,,,,,,,,,,,,,,0.0,0.0,,,0.0,,,,,,0.0,,,,,,,0.0,,0.0,0.0
1.694322,ATT,0,,0.0,0.0,77.08,0.16,0.02,0.0,,0.0,,,,77.08,,,,,,,,,,,,,,,,,,,,,,
1.694322,XKF1,,,,,,,,,,,,,,,,0.0,0.0,,,0.0,,,,,,0.0,,,,,,,0.0,,0.0,0.0
1.794282,ATT,0,,0.0,0.0,77.08,0.16,0.02,0.0,,0.0,,,,77.08,,,,,,,,,,,,,,,,,,,,,,
1.794282,XKF1,,,,,,,,,,,,,,,,0.0,0.0,,,0.0,,,,,,0.0,,,,,,,0.0,,0.0,0.0
1.8942420000000002,ATT,0,,0.0,0.0,77.08,0.13,0.01,0.0,,0.0,,,,77.08,,,,,,,,,,,,,,,,,,,,,,
1.8942420000000002,XKF1,,,,,,,,,,,,,,,,0.0,0.0,,,0.0,,,,,,0.0,,,,,,,0.0,,0.0,0.0
1.9942019999999996,ATT,0,,0.0,0.0,77.08,0.13,0.01,0.0,,0.0,,,,77.08,,,,,,,,,,,,,,,,,,,,,,
1.9942019999999996,XKF1,,,,,,,,,,,,,,,,0.0,0.0,,,0.0,,,,,,0.0,,,,,,,0.0,,0.0,0.0
2.0016989999999995,MSG,,,,,,,,,,,,,,,,,,,,,,,,,,,,,,,,,,EKF3 IMU0 initialised,,
2.0016989999999995,MSG,,,,,,,,,,,,,,,,,,,,,,,,,,,,,,,,,,EKF3 IMU1 initialised,,
2.0041979999999997,MSG,,,,,,,,,,,,,,,,,,,,,,,,,,,,,,,,,,AHRS: EKF3 active,,
2.094995,ATT,3,,0.0,0.0,0.0,0.1,0.01,0.0,,0.0,,,,0.0,,,,,,,,,,,,,,,,,,,,,,
2.094995,XKF1,,,,,,,,,,,,,,,,0.0,0.0,,,7.803341444357705e-05,,,,,,0.0,,,,,,,-5.871184839634225e-05,,-5.871184839634225e-05,5.140167922945693e-05
2.194955,ATT,3,,0.0,0.0,0.0,0.1,0.0,0.0,,0.0,,,,0.0,,,,,,,,,,,,,,,,,,,,,,
2.194955,XKF1,,,,,,,,,,,,,,,,0.0,0.0,,,9.229844427604841e-05,,,,,,0.0,,,,,,,-7.745997572783381e-05,,-7.745997572783381e-05,5.018919182475656e-05
2.2949149999999996,ATT,3,,0.0,0.0,0.0,0.08,0.0,0.0,,0.0,,,,0.0,,,,,,,,,,,,,,,,,,,,,,
2.2949149999999996,XKF1,,,,,,,,,,,,,,,,0.0,0.0,,,0.00010359111817109924,,,,,,0.0,,,,,,,-0.0001017536997096613,,-0.0001017536997096613,1.9424323909333907e-05
2.394875,ATT,3,,0.0,0.0,0.0,0.08,0.0,0.0,,0.0,,,,0.0,,,,,,,,,,,,,,,,,,,,,,
2.394875,XKF1,,,,,,,,,,,,,,,,0.0,0.0,,,0.0001443900038931119,,,,,,0.0,,,,,,,-0.00013812283577863127,,-0.00013812283577863127,-4.207796882838011e-05
2.494835,ATT,3,,0.0,0.0,0.0,0.06,0.0,0.0,,0.0,,,,0.0,,,,,,,,,,,,,,,,,,,,,,
2.494835,XKF1,,,,,,,,,,,,,,,,0.0,0.0,,,0.00017163558372817878,,,,,,0.0,,,,,,,-0.0001577213261043653,,-0.0001577213261043653,-6.769606261514127e-05
2.5947949999999995,ATT,3,,0.0,0.0,0.0,0.06,0.0,0.0,,0.0,,,,0.0,,,,,,,,,,,,,,,,,,,,,,
2.5947949999999995,XKF1,,,,,,,,,,,,,,,,0.0,0.0,,,0.0001930018433188232,,,,,,0.0,,,,,,,-0.00016953008889686316,,-0.00016953008889686316,-9.224565292242914e-05
2.694755,ATT,3,,0.0,0.0,0.0,0.05,0.0,0.0,,0.0,,,,0.0,,,,,,,,,,,,,,,,,,,,,,
2.694755,XKF1,,,,,,,,,,,,,,,,0.0,0.0,,,0.0002669866981359791,,,,,,0.0,,,,,,,-0.0002269250835524872,,-0.0002269250835524872,-0.00014066592848394066
2.794715,ATT,3,,0.0,0.0,0.0,0.05,0.0,0.0,,0.0,,,,0.0,,,,,,,,,,,,,,,,,,,,,,
2.794715,XKF1,,,,,,,,,,,,,,,,0.0,0.0,,,0.0002905381692743594,,,,,,0.0,,,,,,,-0.00023964641150087118,,-0.00023964641150087118,-0.0001642620627535507
2.8946749999999994,ATT,3,,0.0,0.0,0.0,0.04,0.0,0.0,,0.0,,,,0.0,,,,,,,,,,,,,,,,,,,,,,
2.8946749999999994,XKF1,,,,,,,,,,,,,,,,0.0,0.0,,,0.0003828271273056083,,,,,,0.0,,,,,,,-0.00032119135721586645,,-0.00032119135721586645,-0.00020830919675063342
2.9946349999999997,ATT,3,,0.0,0.0,0.0,0.04,0.0,0.0,,0.0,,,,0.0,,,,,,,,,,,,,,,,,,,,,,
2.9946349999999997,XKF1,,,,,,,,,,,,,,,,0.0,0.0,,,0.0004329106620257365,,,,,,0.0,,,,,,,-0.00036829482996836305,,-0.00036829482996836305,-0.000227531447308138
3.094595,ATT,3,,0.0,0.0,0.0,0.03,0.0,0.0,,0.0,,,,0.0,,,,,,,,,,,,,,,,,,,,,,
3.094595,XKF1,,,,,,,,,,,,,,,,0.0,0.0,,,0.0004559304076910646,,,,,,0.0,,,,,,,-0.0003810269117821008,,-0.0003810269117821008,-0.0002503817668184638
3.1945550000000003,ATT,3,,0.0,0.0,0.0,0.03,0.0,0.0,,0.0,,,,0.0,,,,,,,,,,,,,,,,,,,,,,
3.1945550000000003,XKF1,,,,,,,,,,,,,,,,0.0,0.0,,,0.0004517120883349466,,,,,,0.0,,,,,,,-0.00037649497971870005,,-0.00037649497971870005,-0.00024959034635685384
3.2945149999999996,ATT,3,,0.0,0.0,0.0,0.02,0.0,0.0,,0.0,,,,0.0,,,,,,,,,,,,,,,,,,,,,,
3.2945149999999996,XKF1,,,,,,,,,,,,,,,,0.0,0.0,,,0.000449382126231936,,,,,,0.0,,,,,,,-0.00033523188903927803,,-0.00033523188903927803,-0.0002992722438648343
3.3469939999999996,MSG,,,,,,,,,,,,,,,,,,,,,,,,,,,,,,,,,,EKF3 IMU1 tilt alignment complete,,
3.351992,MSG,,,,,,,,,,,,,,,,,,,,,,,,,,,,,,,,,,EKF3 IMU0 tilt alignment complete,,
3.394475,ATT,3,,0.0,0.0,0.0,0.02,0.0,0.0,,0.0,,,,0.0,,,,,,,,,,,,,,,,,,,,,,
3.394475,XKF1,,,,,,,,,,,,,,,,0.0,0.0,,,0.000413323176311576,,,,,,0.0,,,,,,,-0.00027968815993517637,,-0.00027968815993517637,-0.0003043198667000979
3.4369579999999997,MSG,,,,,,,,,,,,,,,,,,,,,,,,,,,,,,,,,,EKF3 IMU0 MAG0 initial yaw alignment complete,,
3.4369579999999997,EV,,,,,,,,,,,,,,,,,,,,,62,,,,EKF_YAW_RESET,,,,,,,,,,,
3.4444549999999996,MSG,,,,,,,,,,,,,,,,,,,,,,,,,,,,,,,,,,EKF3 IMU1 MAG0 initial yaw alignment complete,,
3.494435,ATT,3,,0.0,0.0,77.08,0.02,0.0,0.0,,0.0,,,,77.08,,,,,,,,,,,,,,,,,,,,,,
3.494435,XKF1,,,,,,,,,,,,,,,,0.0,0.0,,,0.0004057707758220518,,,,,,0.0,,,,,,,-0.0002821593079715967,,-0.0002821593079715967,-0.0002916094090323895
3.5943949999999996,ATT,3,,0.0,0.0,77.08,0.02,0.0,0.0,,0.0,,,,77.08,,,,,,,,,,,,,,,,,,,,,,
3.5943949999999996,XKF1,,,,,,,,,,,,,,,,0.0,0.0,,,0.0004100923692878912,,,,,,0.0,,,,,,,-0.0003307018196210265,,-0.0003307018196210265,-0.00024251197464764118
3.694355,ATT,3,,0.0,0.0,77.08,0.01,0.0,0.0,,0.0,,,,77.08,,,,,,,,,,,,,,,,,,,,,,
3.694355,XKF1,,,,,,,,,,,,,,,,0.0,0.0,,,0.00042197181307759965,,,,,,0.0,,,,,,,-0.00035293641849420965,,-0.00035293641849420965,-0.00023129222972784191
3.794315,ATT,3,,0.0,0.0,77.08,0.01,0.0,0.0,,0.0,,,,77.08,,,,,,,,,,,,,,,,,,,,,,
3.794315,XKF1,,,,,,,,,,,,,,,,0.0,0.0,,,0.0005032301999877249,,,,,,0.0,,,,,,,-0.0004211375489830971,,-0.0004211375489830971,-0.00027547014178708196
3.8942749999999995,ATT,3,,0.0,0.0,77.08,0.01,0.0,0.0,,0.0,,,,77.08,,,,,,,,,,,,,,,,,,,,,,
3.8942749999999995,XKF1,,,,,,,,,,,,,,,,0.0,0.0,,,0.000615274828150278,,,,,,0.0,,,,,,,-0.0005510152550414205,,-0.0005510152550414205,-0.0002737613976933062
3.9317599999999997,MSG,,,,,,,,,,,,,,,,,,,,,,,,,,,,,,,,,,No ap_message for mavlink id (253),,
3.9942349999999998,ATT,3,,0.0,0.0,77.08,0.01,0.0,0.0,,0.0,,,,77.08,,,,,,,,,,,,,,,,,,,,,,
3.9942349999999998,XKF1,,,,,,,,,,,,,,,,0.0,0.0,,,0.0007253158640446731,,,,,,0.0,,,,,,,-0.0006878795684315264,,-0.0006878795684315264,-0.00023001043882686645
4.094195,ATT,3,,0.0,0.0,77.08,0.01,0.0,0.0,,0.0,,,,77.08,,,,,,,,,,,,,,,,,,,,,,
4.094195,XKF1,,,,,,,,,,,,,,,,0.0,0.0,,,0.0008504853627393141,,,,,,0.0,,,,,,,-0.0008175887633115053,,-0.0008175887633115053,-0.00023425192921422422
4.1949879999999995,ATT,3,,0.0,0.0,77.08,0.01,0.0,0.0,,0.0,,,,77.08,,,,,,,,,,,,,,,,,,,,,,
4.1949879999999995,XKF1,,,,,,,,,,,,,,,,0.0,0.0,,,0.0009643917267217234,,,,,,0.0,,,,,,,-0.0009297651122324169,,-0.0009297651122324169,-0.000256102008279413
4.294948,ATT,3,,0.0,0.0,77.08,0.0,0.0,0.0,,0.0,,,,77.08,,,,,,,,,,,,,,,,,,,,,,
4.294948,XKF1,,,,,,,,,,,,,,,,0.0,0.0,,,0.001077998361875938,,,,,,0.0,,,,,,,-0.001034154323861003,,-0.001034154323861003,-0.0003043111937586218
4.394908,ATT,3,,0.0,0.0,77.08,0.0,0.0,0.0,,0.0,,,,77.08,,,,,,,,,,,,,,,,,,,,,,
4.394908,XKF1,,,,,,,,,,,,,,,,0.0,0.0,,,0.0011870409440702257,,,,,,0.0,,,,,,,-0.001140436390414834,,-0.001140436390414834,-0.000329349422827363
4.494868,ATT,3,,0.0,0.0,77.08,0.0,0.0,0.0,,0.0,,,,77.08,,,,,,,,,,,,,,,,,,,,,,
4.494868,XKF1,,,,,,,,,,,,,,,,0.0,0.0,,,0.0013257127989142472,,,,,,0.0,,,,,,,-0.0012644199887290597,,-0.0012644199887290597,-0.0003984426148235798
4.594828,ATT,3,,0.0,0.0,77.08,0.0,0.0,0.0,,0.0,,,,77.08,,,,,,,,,,,,,,,,,,,,,,
4.594828,XKF1,,,,,,,,,,,,,,,,0.0,0.0,,,0.001449466384196693,,,,,,0.0,,,,,,,-0.0013843716587871313,,-0.0013843716587871313,-0.00042949727503582835
4.694788,ATT,3,,0.0,0.0,77.08,0.0,0.0,0.0,,0.0,,,,77.08,,,,,,,,,,,,,,,,,,,,,,
4.694788,XKF1,,,,,,,,,,,,,,,,0.0,0.0,,,0.0015054369913118683,,,,,,0.0,,,,,,,-0.0014201131416484714,,-0.0014201131416484714,-0.000499619054608047
4.794748,ATT,3,,0.0,0.0,77.08,0.0,0.0,0.0,,0.0,,,,77.08,,,,,,,,,,,,,,,,,,,,,,
4.794748,XKF1,,,,,,,,,,,,,,,,0.0,0.0,,,0.00158963613797953,,,,,,0.0,,,,,,,-0.001479832106269896,,-0.001479832106269896,-0.0005805514520034194
4.894708,ATT,3,,0.0,0.0,77.08,0.0,0.0,0.0,,0.0,,,,77.08,,,,,,,,,,,,,,,,,,,,,,
4.894708,XKF1,,,,,,,,,,,,,,,,0.0,0.0,,,0.0016796016479425574,,,,,,0.0,,,,,,,-0.0015542911132797599,,-0.0015542911132797599,-0.0006365852896124125
4.994668,ATT,3,,0.0,0.0,77.08,0.0,0.0,0.0,,0.0,,,,77.08,,,,,,,,,,,,,,,,,,,,,,
4.994668,XKF1,,,,,,,,,,,,,,,,0.0,0.0,,,0.001746065513116129,,,,,,0.0,,,,,,,-0.0016152637545019388,,-0.0016152637545019388,-0.0006630744901485741
5.094628,ATT,3,,0.0,0.0,77.08,0.0,0.0,0.0,,0.01,,,,77.08,,,,,,,,,,,,,,,,,,,,,,
5.094628,XKF1,,,,,,,,,,,,,,,,0.0,0.0,,,0.0017932916070378798,,,,,,0.0,,,,,,,-0.001639230060391128,,-0.001639230060391128,-0.0007271998329088092
5.1945879999999995,ATT,3,,0.0,0.0,77.08,0.0,0.0,0.0,,0.01,,,,77.08,,,,,,,,,,,,,,,,,,,,,,
5.1945879999999995,XKF1,,,,,,,,,,,,,,,,0.0,0.0,,,0.0018298132119881226,,,,,,0.0,,,,,,,-0.001657547545619309,,-0.001657547545619309,-0.0007750822696834803
5.294548,ATT,3,,0.0,0.0,77.08,0.0,0.0,0.0,,0.01,,,,77.08,,,,,,,,,,,,,,,,,,,,,,
5.294548,XKF1,,,,,,,,,,,,,,,,0.0,0.0,,,0.0018452871976999145,,,,,,0.0,,,,,,,-0.001668799901381135,,-0.001668799901381135,-0.0007875225273892283
5.394508,ATT,3,,0.0,0.0,77.08,0.0,0.0,0.0,,0.01,,,,77.08,,,,,,,,,,,,,,,,,,,,,,
5.394508,XKF1,,,,,,,,,,,,,,,,0.0,0.0,,,0.0018286763396535477,,,,,,0.0,,,,,,,-0.0016474227886646986,,-0.0016474227886646986,-0.0007937602349556983
5.4944679999999995,ATT,3,,0.0,0.0,77.08,0.0,0.0,0.0,,0.01,,,,77.08,,,,,,,,,,,,,,,,,,,,,,
5.4944679999999995,XKF1,,,,,,,,,,,,,,,,0.0,0.0,,,0.0018233471321616854,,,,,,0.0,,,,,,,-0.0016315255779772997,,-0.0016315255779772997,-0.0008140755817294121
5.594428,ATT,3,,0.0,0.0,77.08,0.0,0.0,0.0,,0.01,,,,77.08,,,,,,,,,,,,,,,,,,,,,,
5.594428,XKF1,,,,,,,,,,,,,,,,0.0,0.0,,,0.00178574437523157,,,,,,0.0,,,,,,,-0.0015737962676212192,,-0.0015737962676212192,-0.0008438295335508883
5.694388,ATT,3,,0.0,0.0,77.08,0.0,0.0,0.0,,0.01,,,,77.08,,,,,,,,,,,,,,,,,,,,,,
5.694388,XKF1,,,,,,,,,,,,,,,,0.0,0.0,,,0.0017223759847509895,,,,,,0.0,,,,,,,-0.0015246685361489654,,-0.0015246685361489654,-0.0008012271136976779
5.794347999999999,ATT,3,,0.0,0.0,77.08,0.0,0.0,0.0,,0.01,,,,77.08,,,,,,,,,,,,,,,,,,,,,,
5.794347999999999,XKF1,,,,,,,,,,,,,,,,0.0,0.0,,,0.001671649596011258,,,,,,0.0,,,,,,,-0.00143499206751585,,-0.00143499206751585,-0.0008574439561925828
5.8943080000000005,ATT,3,,0.0,0.0,77.08,0.0,0.0,0.0,,0.01,,,,77.08,,,,,,,,,,,,,,,,,,,,,,
5.8943080000000005,XKF1,,,,,,,,,,,,,,,,0.0,0.0,,,0.001610716847680002,,,,,,0.0,,,,,,,-0.0013649269239977002,,-0.0013649269239977002,-0.0008552094805054367
5.994268,ATT,3,,0.0,0.0,77.08,0.0,0.0,0.0,,0.01,,,,77.08,,,,,,,,,,,,,,,,,,,,,,
5.994268,XKF1,,,,,,,,,,,,,,,,0.0,0.0,,,0.0015490669489313371,,,,,,0.0,,,,,,,-0.0012922525638714433,,-0.0012922525638714433,-0.0008542199502699077
6.094227999999999,MSG,,,,,,,,,,,,,,,,,,,,,,,,,,,,,,,,,,GPS 1: detected as u-blox at 230400 baud,,
6.094227999999999,ATT,3,,0.0,0.0,77.08,0.0,0.0,0.0,,0.01,,,,77.08,,,,,,,,,,,,,,,,,,,,,,
6.094227999999999,XKF1,,,,,,,,,,,,,,,,0.0,0.0,,,0.0015321052449371625,,,,,,0.0,,,,,,,-0.0012596226297318935,,-0.0012596226297318935,-0.0008721796330064535
6.1941880000000005,ATT,3,,0.0,0.0,77.08,0.0,0.0,0.0,,0.01,,,,77.08,,,,,,,,,,,,,,,,,,,,,,
6.1941880000000005,XKF1,,,,,,,,,,,,,,,,0.0,0.0,,,0.0015014783281603976,,,,,,0.0,,,,,,,-0.001220565871335566,,-0.001220565871335566,-0.000874446181114763
6.294981,ATT,3,,0.0,0.0,77.08,0.0,0.0,0.0,,0.01,,,,77.08,,,,,,,,,,,,,,,,,,,,,,
6.294981,XKF1,,,,,,,,,,,,,,,,0.0,0.0,,,0.0014175597266339927,,,,,,0.0,,,,,,,-0.0011096663074567914,,-0.0011096663074567914,-0.0008821089868433774
6.294981,POS,,,,,,,,,,,,,,,,0.011132000130089637,0.0,,,,,37.4274999,-122.1697,,,-0.011132000130089637,,,,-0.027388732880353928,,,,,,
6.394940999999999,MODE,,,,,,,,,,,,,,,,,,,,,,,,GUIDED,,,,2,GCS_COMMAND,,,,,,,
6.394940999999999,ATT,3,,0.0,0.0,77.27,0.0,0.04,0.0,,0.01,,,,77.27,,,,,,,,,,,,,,,,,,,,,,
6.394940999999999,XKF1,,,,,,,,,,,,,,,,0.0,0.0,,,0.0014209923755558326,,,,,,0.0,,,,,,,-0.001083971350453794,,-0.001083971350453794,-0.0009188174153678119
6.394940999999999,POS,,,,,,,,,,,,,,,,0.011132000130089637,0.0,,,,,37.4274999,-122.1697,,,-0.011132000130089637,,,,-0.027388732880353928,,,,,,
6.424929000000001,MSG,,,,,,,,,,,,,,,,,,,,,,,,,,,,,,,,,,Arm: Accels inconsistent,,
6.424929000000001,MSG,,,,,,,,,,,,,,,,,,,,,,,,,,,,,,,,,,Arm: AHRS: waiting for home,,
6.424929000000001,MSG,,,,,,,,,,,,,,,,,,,,,,,,,,,,,,,,,,Arm: Fence requires position,,
6.4949010000000005,ATT,3,,0.0,0.0,77.74,0.0,0.07,0.0,,0.01,,,,77.74,,,,,,,,,,,,,,,,,,,,,,
6.4949010000000005,XKF1,,,,,,,,,,,,,,,,0.0,0.0,,,0.001455547256272119,,,,,,0.0,,,,,,,-0.001103013171814382,,-0.001103013171814382,-0.0009497261489741504
6.4949010000000005,POS,,,,,,,,,,,,,,,,0.011132000130089637,0.0,,,,,37.4274999,-122.1697,,,-0.011132000130089637,,,,-0.027388732880353928,,,,,,
6.594861,ATT,3,,0.0,0.0,78.36,0.0,0.09,0.0,,0.01,,,,78.36,,,,,,,,,,,,,,,,,,,,,,
6.594861,XKF1,,,,,,,,,,,,,,,,0.0,0.0,,,0.0015428527318130283,,,,,,0.0,,,,,,,-0.0011528927134349942,,-0.0011528927134349942,-0.001025296514853835
6.594861,POS,,,,,,,,,,,,,,,,0.011132000130089637,0.0,,,,,37.4274999,-122.1697,,,-0.011132000130089637,,,,-0.027388732880353928,,,,,,
6.694820999999999,ATT,3,,0.0,0.0,78.99,0.0,0.11,0.0,,0.01,,,,78.99,,,,,,,,,,,,,,,,,,,,,,
6.694820999999999,XKF1,,,,,,,,,,,,,,,,0.0,0.0,,,0.001560370314314555,,,,,,0.0,,,,,,,-0.0011093895882368088,,-0.0011093895882368088,-0.001097274012863636
6.694820999999999,POS,,,,,,,,,,,,,,,,0.011132000130089637,0.0,,,,,37.4274999,-122.1697,,,-0.011132000130089637,,,,-0.027388732880353928,,,,,,
6.794781,ATT,3,,0.0,0.0,79.58,0.0,0.12,0.0,,0.01,,,,79.58,,,,,,,,,,,,,,,,,,,,,,
6.794781,XKF1,,,,,,,,,,,,,,,,0.0,0.0,,,0.0016969246445212242,,,,,,0.0,,,,,,,-0.0011962017742916942,,-0.0011962017742916942,-0.0012036006664857268
6.794781,POS,,,,,,,,,,,,,,,,0.011132000130089637,0.0,,,,,37.4274999,-122.1697,,,-0.011132000130089637,,,,-0.027388732880353928,,,,,,
6.894741,ATT,3,,0.0,0.0,80.15,0.0,0.12,0.0,,0.01,,,,80.15,,,,,,,,,,,,,,,,,,,,,,
6.894741,XKF1,,,,,,,,,,,,,,,,0.0,0.0,,,0.0017433072933815802,,,,,,0.0,,,,,,,-0.0012113724369555712,,-0.0012113724369555712,-0.0012536734575405717
6.894741,POS,,,,,,,,,,,,,,,,0.011132000130089637,0.0,,,,,37.4274999,-122.1697,,,-0.011132000130089637,,,,-0.027388732880353928,,,,,,
6.994700999999999,ATT,3,,0.0,0.0,80.68,0.0,0.12,0.0,,0.01,,,,80.68,,,,,,,,,,,,,,,,,,,,,,
6.994700999999999,XKF1,,,,,,,,,,,,,,,,0.0,0.0,,,0.0017640243416442833,,,,,,0.0,,,,,,,-0.0011728281388059258,,-0.0011728281388059258,-0.0013176706852391362
6.994700999999999,POS,,,,,,,,,,,,,,,,0.011132000130089637,0.0,,,,,37.4274999,-122.1697,,,-0.011132000130089637,,,,-0.027388732880353928,,,,,,
7.094661,ATT,3,,0.0,0.0,81.2,0.0,0.12,0.0,,0.01,,,,81.2,,,,,,,,,,,,,,,,,,,,,,
7.094661,XKF1,,,,,,,,,,,,,,,,0.0,0.0,,,0.001727154787069574,,,,,,0.0,,,,,,,-0.001116173341870308,,-0.001116173341870308,-0.00131803669501096
7.094661,POS,,,,,,,,,,,,,,,,0.011132000130089637,0.0,,,,,37.4274999,-122.1697,,,-0.011132000130089637,,,,-0.027388732880353928,,,,,,
7.194621,ATT,3,,0.0,0.0,81.71,0.0,0.12,0.0,,0.01,,,,81.71,,,,,,,,,,,,,,,,,,,,,,
7.194621,XKF1,,,,,,,,,,,,,,,,0.0,0.0,,,0.0017303458403585094,,,,,,0.0,,,,,,,-0.0011108480393886566,,-0.0011108480393886566,-0.00132669263985008
7.194621,POS,,,,,,,,,,,,,,,,0.011132000130089637,0.0,,,,,37.4274999,-122.1697,,,-0.011132000130089637,,,,-0.027388732880353928,,,,,,
7.294580999999999,ATT,3,,0.0,0.0,82.2,0.0,0.11,0.0,,0.01,,,,82.2,,,,,,,,,,,,,,,,,,,,,,
7.294580999999999,XKF1,,,,,,,,,,,,,,,,0.0,0.0,,,0.0017057093182071344,,,,,,0.0,,,,,,,-0.0010780610609799623,,-0.0010780610609799623,-0.0013218277599662542
7.294580999999999,POS,,,,,,,,,,,,,,,,0.011132000130089637,0.0,,,,,37.4274999,-122.1697,,,-0.011132000130089637,,,,-0.027388732880353928,,,,,,
7.394541,ATT,3,,0.0,0.0,82.68,0.0,0.11,0.0,,0.01,,,,82.68,,,,,,,,,,,,,,,,,,,,,,
7.394541,XKF1,,,,,,,,,,,,,,,,0.0,0.0,,,0.0017845202048611202,,,,,,0.0,,,,,,,-0.0010730305220931768,,-0.0010730305220931768,-0.0014258744195103645
7.394541,POS,,,,,,,,,,,,,,,,0.011132000130089637,0.0,,,,,37.4274999,-122.1697,,,-0.011132000130089637,,,,-0.027388732880353928,,,,,,
7.494501,ATT,3,,0.0,0.0,83.15,0.0,0.1,0.0,,0.01,,,,83.15,,,,,,,,,,,,,,,,,,,,,,
7.494501,XKF1,,,,,,,,,,,,,,,,0.0,0.0,,,0.0017907594886282909,,,,,,0.0,,,,,,,-0.00101414043456316,,-0.00101414043456316,-0.0014759196201339364
7.494501,POS,,,,,,,,,,,,,,,,0.011132000130089637,0.0,,,,,37.4274999,-122.1697,,,-0.011132000130089637,,,,-0.027388732880353928,,,,,,
7.594460999999999,ATT,3,,0.0,0.0,83.6,0.0,0.1,0.0,,0.01,,,,83.6,,,,,,,,,,,,,,,,,,,,,,
7.594460999999999,XKF1,,,,,,,,,,,,,,,,0.0,0.0,,,0.0017693975699958414,,,,,,0.0,,,,,,,-0.000970614142715931,,-0.0009706141427159309,-0.0014794174348935485
7.594460999999999,POS,,,,,,,,,,,,,,,,0.011132000130089637,0.0,,,,,37.4274999,-122.1697,,,-0.011132000130089637,,,,-0.027388732880353928,,,,,,
7.694421,ATT,3,,0.0,0.0,84.03,0.0,0.09,0.0,,0.01,,,,84.03,,,,,,,,,,,,,,,,,,,,,,
7.694421,XKF1,,,,,,,,,,,,,,,,0.0,0.0,,,0.0017432508099182436,,,,,,0.0,,,,,,,-0.0009283090475946666,,-0.0009283090475946665,-0.0014755221782252192
7.694421,POS,,,,,,,,,,,,,,,,0.011132000130089637,0.0,,,,,37.4274999,-122.1697,,,-0.011132000130089637,,,,-0.027388732880353928,,,,,,
7.794381,ATT,3,,0.0,0.0,84.46,0.0,0.09,0.0,,0.01,,,,84.46,,,,,,,,,,,,,,,,,,,,,,
7.794381,XKF1,,,,,,,,,,,,,,,,0.0,0.0,,,0.0017802255584159013,,,,,,0.0,,,,,,,-0.0008834918844513596,,-0.0008834918844513595,-0.001545524224638939
7.794381,POS,,,,,,,,,,,,,,,,0.011132000130089637,0.0,,,,,37.4274999,-122.1697,,,-0.011132000130089637,,,,-0.027388732880353928,,,,,,
7.894341000000001,ATT,3,,0.0,0.0,84.87,0.0,0.08,0.0,,0.01,,,,84.87,,,,,,,,,,,,,,,,,,,,,,
7.894341000000001,XKF1,,,,,,,,,,,,,,,,0.0,0.0,,,0.0017626848174507534,,,,,,0.0,,,,,,,-0.0008726115920580925,,-0.0008726115920580924,-0.00153153738938272
7.894341000000001,POS,,,,,,,,,,,,,,,,0.011132000130089637,0.0,,,,,37.4274999,-122.1697,,,-0.011132000130089637,,,,-0.027388732880353928,,,,,,
7.994301,ATT,3,,0.0,0.0,85.26,0.0,0.07,0.0,,0.01,,,,85.26,,,,,,,,,,,,,,,,,,,,,,
7.994301,XKF1,,,,,,,,,,,,,,,,0.0,0.0,,,0.0017450582275798825,,,,,,0.0,,,,,,,-0.0008256968576461078,,-0.0008256968576461077,-0.001537352567538619
7.994301,POS,,,,,,,,,,,,,,,,0.011132000130089637,0.0,,,,,37.4274999,-122.1697,,,-0.011132000130089637,,,,-0.027388732880353928,,,,,,
8.094261,ATT,3,,0.0,0.0,85.63,0.0,0.07,0.0,,0.01,,,,85.63,,,,,,,,,,,,,,,,,,,,,,
8.094261,XKF1,,,,,,,,,,,,,,,,0.0,0.0,,,0.00174996641393027,,,,,,0.0,,,,,,,-0.0007582029793411494,,-0.0007582029793411493,-0.0015771844191476703
8.094261,POS,,,,,,,,,,,,,,,,0.011132000130089637,0.0,,,,,37.4274999,-122.1697,,,-0.011132000130089637,,,,-0.027388732880353928,,,,,,
8.194221,ATT,3,,0.0,0.0,86.0,0.0,0.06,0.0,,0.01,,,,86.0,,,,,,,,,,,,,,,,,,,,,,
8.194221,XKF1,,,,,,,,,,,,,,,,0.0,0.0,,,0.001703031015088965,,,,,,0.0,,,,,,,-0.0007364650955423714,,-0.0007364650955423713,-0.001535556511953473
8.194221,POS,,,,,,,,,,,,,,,,0.011132000130089637,0.0,,,,,37.4274999,-122.1697,,,-0.011132000130089637,,,,-0.027388732880353928,,,,,,
8.294181,ATT,3,,0.0,0.0,86.36,0.0,0.06,0.0,,0.01,,,,86.36,,,,,,,,,,,,,,,,,,,,,,
8.294181,XKF1,,,,,,,,,,,,,,,,0.0,0.0,,,0.0016782189533587335,,,,,,0.0,,,,,,,-0.0006933734402991832,,-0.0006933734402991831,-0.0015282840467989445
8.294181,POS,,,,,,,,,,,,,,,,0.011132000130089637,0.0,,,,,37.4274999,-122.1697,,,-0.011132000130089637,,,,-0.027388732880353928,,,,,,
8.394974,ATT,3,,0.0,0.0,86.7,0.0,0.05,0.0,,0.01,,,,86.7,,,,,,,,,,,,,,,,,,,,,,
8.394974,XKF1,,,,,,,,,,,,,,,,0.0,0.0,,,0.0016935335460160211,,,,,,0.0,,,,,,,-0.000717967690434307,,-0.0007179676904343069,-0.001533811679109931
8.394974,POS,,,,,,,,,,,,,,,,0.011132000130089637,0.0,,,,,37.4274999,-122.1697,,,-0.011132000130089637,,,,-0.027388732880353928,,,,,,
8.494934,ATT,3,,0.0,0.0,87.04,0.0,0.05,0.0,,0.01,,,,87.04,,,,,,,,,,,,,,,,,,,,,,
8.494934,XKF1,,,,,,,,,,,,,,,,0.0,0.0,,,0.0017074989333407938,,,,,,0.0,,,,,,,-0.0007070319843478502,,-0.0007070319843478501,-0.0015542388428002596
8.494934,POS,,,,,,,,,,,,,,,,0.011132000130089637,0.0,,,,,37.4274999,-122.1697,,,-0.011132000130089637,,,,-0.027388732880353928,,,,,,
8.594894,ATT,3,,0.0,0.0,87.36,0.0,0.04,0.0,,0.01,,,,87.36,,,,,,,,,,,,,,,,,,,,,,
8.594894,XKF1,,,,,,,,,,,,,,,,0.0,0.0,,,0.001726583152637053,,,,,,0.0,,,,,,,-0.0006680726073682309,,-0.0006680726073682308,-0.001592095592059195
8.594894,POS,,,,,,,,,,,,,,,,0.011132000130089637,0.0,,,,,37.4274999,-122.1697,,,-0.011132000130089637,,,,-0.027388732880353928,,,,,,
8.694854,ATT,3,,0.0,0.0,87.67,0.0,0.04,0.0,,0.01,,,,87.67,,,,,,,,,,,,,,,,,,,,,,
8.694854,XKF1,,,,,,,,,,,,,,,,0.0,0.0,,,0.0017016797559002133,,,,,,0.0,,,,,,,-0.0006796758389100433,,-0.0006796758389100432,-0.0015600495971739292
8.694854,POS,,,,,,,,,,,,,,,,0.011132000130089637,0.0,,,,,37.4274999,-122.1697,,,-0.011132000130089637,,,,-0.027388732880353928,,,,,,
8.794814,ATT,3,,0.0,0.0,87.97,0.0,0.04,0.0,,0.01,,,,87.97,,,,,,,,,,,,,,,,,,,,,,
8.794814,XKF1,,,,,,,,,,,,,,,,0.0,0.0,,,0.0017342827882454019,,,,,,0.0,,,,,,,-0.0007222396670840682,,-0.0007222396670840681,-0.001576739246957004
8.794814,POS,,,,,,,,,,,,,,,,0.011132000130089637,0.0,,,,,37.4274999,-122.1697,,,-0.011132000130089637,,,,-0.027388732880353928,,,,,,
8.894774,ATT,3,,0.0,0.0,88.26,0.0,0.03,0.0,,0.01,,,,88.26,,,,,,,,,,,,,,,,,,,,,,
8.894774,XKF1,,,,,,,,,,,,,,,,0.0,0.0,,,0.001740829624006027,,,,,,0.0,,,,,,,-0.0007182567496784032,,-0.0007182567496784031,-0.0015857474645599723
8.894774,POS,,,,,,,,,,,,,,,,0.011132000130089637,0.0,,,,,37.4274999,-122.1697,,,-0.011132000130089637,,,,-0.027388732880353928,,,,,,
8.994734,ATT,3,,0.0,0.0,88.53,0.0,0.03,0.0,,0.01,,,,88.53,,,,,,,,,,,,,,,,,,,,,,
8.994734,XKF1,,,,,,,,,,,,,,,,0.0,0.0,,,0.0017415440774896694,,,,,,0.0,,,,,,,-0.0007360961171798409,,-0.0007360961171798408,-0.0015783340204507113
8.994734,POS,,,,,,,,,,,,,,,,0.011132000130089637,0.0,,,,,37.4274999,-122.1697,,,-0.011132000130089637,,,,-0.027388732880353928,,,,,,
9.094694,ATT,3,,0.0,0.0,88.8,0.0,0.03,0.0,,0.01,,,,88.8,,,,,,,,,,,,,,,,,,,,,,
9.094694,XKF1,,,,,,,,,,,,,,,,0.0,0.0,,,0.0017558438419906924,,,,,,0.0,,,,,,,-0.0007154231425374747,,-0.0007154231425374746,-0.0016034828731790185
9.094694,POS,,,,,,,,,,,,,,,,0.011132000130089637,0.0,,,,,37.4274999,-122.1697,,,-0.011132000130089637,,,,-0.027388732880353928,,,,,,
9.194654,ATT,3,,0.0,0.0,89.05,0.0,0.02,0.0,,0.01,,,,89.05,,,,,,,,,,,,,,,,,,,,,,
9.194654,XKF1,,,,,,,,,,,,,,,,0.0,0.0,,,0.0017951277755065326,,,,,,0.0,,,,,,,-0.000718256225809455,,-0.0007182562258094549,-0.0016451722476631403
9.194654,POS,,,,,,,,,,,,,,,,0.011132000130089637,0.0,,,,,37.4274999,-122.1697,,,-0.011132000130089637,,,,-0.027388732880353928,,,,,,
9.294614,ATT,3,,0.0,0.0,89.29,0.0,0.02,0.0,,0.01,,,,89.29,,,,,,,,,,,,,,,,,,,,,,
9.294614,XKF1,,,,,,,,,,,,,,,,0.0,0.0,,,0.0017330642850602296,,,,,,0.0,,,,,,,-0.0006784825236536564,,-0.0006784825236536562,-0.0015947329811751842
9.294614,POS,,,,,,,,,,,,,,,,0.011132000130089637,0.0,,,,,37.4274999,-122.1697,,,-0.011132000130089637,,,,-0.027388732880353928,,,,,,
9.394574,ATT,3,,0.0,0.0,89.52,0.0,0.02,0.0,,0.01,,,,89.52,,,,,,,,,,,,,,,,,,,,,,
9.394574,XKF1,,,,,,,,,,,,,,,,0.0,0.0,,,0.0017540231435002162,,,,,,0.0,,,,,,,-0.000668331515043974,,-0.0006683315150439739,-0.0016217059455811977
9.394574,POS,,,,,,,,,,,,,,,,0.011132000130089637,0.0,,,,,37.4274999,-122.1697,,,-0.011132000130089637,,,,-0.027388732880353928,,,,,,
9.494534,ATT,3,,0.0,0.0,89.74,0.0,0.02,0.0,,0.01,,,,89.74,,,,,,,,,,,,,,,,,,,,,,
9.494534,XKF1,,,,,,,,,,,,,,,,0.0,0.0,,,0.0017484702737235044,,,,,,0.0,,,,,,,-0.0006400655256584288,,-0.0006400655256584287,-0.0016271030763164163
9.494534,POS,,,,,,,,,,,,,,,,0.011132000130089637,0.0,,,,,37.4274999,-122.1697,,,-0.011132000130089637,,,,-0.027388732880353928,,,,,,
9.594494,ATT,3,,0.0,0.0,89.96,0.0,0.02,0.0,,0.01,,,,89.96,,,,,,,,,,,,,,,,,,,,,,
9.594494,XKF1,,,,,,,,,,,,,,,,0.0,0.0,,,0.0017867716651256255,,,,,,0.0,,,,,,,-0.0006472368841059507,,-0.0006472368841059506,-0.0016654240898787975
9.594494,POS,,,,,,,,,,,,,,,,0.011132000130089637,0.0,,,,,37.4274999,-122.1697,,,-0.011132000130089637,,,,-0.027388732880353928,,,,,,
9.694454,ATT,3,,0.0,0.0,90.16,0.0,0.01,0.0,,0.01,,,,90.16,,,,,,,,,,,,,,,,,,,,,,
9.694454,XKF1,,,,,,,,,,,,,,,,0.0,0.0,,,0.001778219682326071,,,,,,0.0,,,,,,,-0.0006172827561385931,,-0.000617282756138593,-0.0016676412196829915
9.694454,POS,,,,,,,,,,,,,,,,0.011132000130089637,0.0,,,,,37.4274999,-122.1697,,,-0.011132000130089637,,,,-0.027388732880353928,,,,,,
9.794414,ATT,3,,0.0,0.0,90.35,0.0,0.01,0.0,,0.01,,,,90.35,,,,,,,,,,,,,,,,,,,,,,
9.794414,XKF1,,,,,,,,,,,,,,,,0.0,0.0,,,0.0018344211907911135,,,,,,0.0,,,,,,,-0.0006288604927249254,,-0.0006288604927249253,-0.001723263063468039
9.794414,POS,,,,,,,,,,,,,,,,0.011132000130089637,0.0,,,,,37.4274999,-122.1697,,,-0.011132000130089637,,,,-0.027388732880353928,,,,,,
9.894374,ATT,3,,0.0,0.0,90.54,0.0,0.01,0.0,,0.01,,,,90.54,,,,,,,,,,,,,,,,,,,,,,
9.894374,XKF1,,,,,,,,,,,,,,,,0.0,0.0,,,0.0018667701088835994,,,,,,0.0,,,,,,,-0.000628011825028807,,-0.0006280118250288069,-0.0017579623963683844
9.894374,POS,,,,,,,,,,,,,,,,0.011132000130089637,0.0,,,,,37.4274999,-122.1697,,,-0.011132000130089637,,,,-0.027388732880353928,,,,,,
9.994334,ATT,3,,0.0,0.0,90.71,0.0,0.01,0.0,,0.01,,,,90.71,,,,,,,,,,,,,,,,,,,,,,
9.994334,XKF1,,,,,,,,,,,,,,,,0.0,0.0,,,0.0018749298353703259,,,,,,0.0,,,,,,,-0.0006373045034706594,,-0.0006373045034706593,-0.0017632937524467707
9.994334,POS,,,,,,,,,,,,,,,,0.011132000130089637,0.0,,,,,37.4274999,-122.1697,,,-0.011132000130089637,,,,-0.027388732880353928,,,,,,
10.094294,ATT,3,,0.0,0.0,90.88,0.0,0.01,0.0,,0.01,,,,90.88,,,,,,,,,,,,,,,,,,,,,,
10.094294,XKF1,,,,,,,,,,,,,,,,0.0,0.0,,,0.0018932797578509707,,,,,,0.0,,,,,,,-0.0006495415582321585,,-0.0006495415582321584,-0.0017783711664378643
10.094294,POS,,,,,,,,,,,,,,,,0.011132000130089637,0.0,,,,,37.4274999,-122.1697,,,-0.011132000130089637,,,,-0.027388732880353928,,,,,,
10.194253999999999,ATT,3,,0.0,0.0,91.04,0.0,0.01,0.0,,0.01,,,,91.04,,,,,,,,,,,,,,,,,,,,,,
10.194253999999999,XKF1,,,,,,,,,,,,,,,,0.0,0.0,,,0.0019146009214398138,,,,,,0.0,,,,,,,-0.0006734798662364484,,-0.0006734798662364483,-0.0017922392580658197
10.194253999999999,POS,,,,,,,,,,,,,,,,0.011132000130089637,0.0,,,,,37.4274999,-122.1697,,,-0.011132000130089637,,,,-0.027388732880353928,,,,,,
10.294214,ATT,3,,0.0,0.0,91.2,0.0,0.01,0.0,,0.01,,,,91.2,,,,,,,,,,,,,,,,,,,,,,
10.294214,XKF1,,,,,,,,,,,,,,,,0.0,0.0,,,0.0018817134670597775,,,,,,0.0,,,,,,,-0.0006324131973087789,,-0.0006324131973087788,-0.001772258197888732
10.294214,POS,,,,,,,,,,,,,,,,0.011132000130089637,0.0,,,,,37.4274999,-122.1697,,,-0.011132000130089637,,,,-0.027388732880353928,,,,,,
10.394174,ATT,3,,0.0,0.0,91.34,0.0,0.01,0.0,,0.01,,,,91.34,,,,,,,,,,,,,,,,,,,,,,
10.394174,XKF1,,,,,,,,,,,,,,,,0.0,0.0,,,0.001968384736916526,,,,,,0.0,,,,,,,-0.0006129860994406046,,-0.0006129860994406044,-0.0018705043476074934
10.394174,POS,,,,,,,,,,,,,,,,0.011132000130089637,0.0,,,,,37.4274999,-122.1697,,,-0.011132000130089637,,,,-0.027388732880353928,,,,,,
10.494966999999999,ATT,3,,0.0,0.0,91.48,0.0,0.0,0.0,,0.01,,,,91.48,,,,,,,,,,,,,,,,,,,,,,
10.494966999999999,XKF1,,,,,,,,,,,,,,,,0.0,0.0,,,0.0019708464148146085,,,,,,0.0,,,,,,,-0.0006191449356265367,,-0.0006191449356265366,-0.0018710679141804576
10.494966999999999,POS,,,,,,,,,,,,,,,,0.011132000130089637,0.0,,,,,37.4274999,-122.1697,,,-0.011132000130089637,,,,-0.027388732880353928,,,,,,
10.594927,ATT,3,,0.0,0.0,91.61,0.0,0.0,0.0,,0.01,,,,91.61,,,,,,,,,,,,,,,,,,,,,,
10.594927,XKF1,,,,,,,,,,,,,,,,0.0,0.0,,,0.0019615909076211974,,,,,,0.0,,,,,,,-0.0006495033740065993,,-0.0006495033740065992,-0.001850941451266408
10.594927,POS,,,,,,,,,,,,,,,,0.011132000130089637,0.0,,,,,37.4274999,-122.1697,,,-0.011132000130089637,,,,-0.027388732880353928,,,,,,
10.694887,ATT,3,,0.0,0.0,91.74,0.0,0.0,0.0,,0.01,,,,91.74,,,,,,,,,,,,,,,,,,,,,,
10.694887,XKF1,,,,,,,,,,,,,,,,0.0,0.0,,,0.0020279390013048107,,,,,,0.0,,,,,,,-0.0006792754284106196,,-0.0006792754284106195,-0.0019107908010482788
10.694887,POS,,,,,,,,,,,,,,,,0.011132000130089637,0.0,,,,,37.4274999,-122.1697,,,-0.011132000130089637,,,,-0.027388732880353928,,,,,,
10.794847,ATT,3,,0.0,0.0,91.86,0.0,0.0,0.0,,0.01,,,,91.86,,,,,,,,,,,,,,,,,,,,,,
10.794847,XKF1,,,,,,,,,,,,,,,,0.0,0.0,,,0.0020562569376198396,,,,,,0.0,,,,,,,-0.0007651742198504509,,-0.0007651742198504508,-0.0019085861276835203
10.794847,POS,,,,,,,,,,,,,,,,0.011132000130089637,0.0,,,,,37.4274999,-122.1697,,,-0.011132000130089637,,,,-0.027388732880353928,,,,,,
10.894807,ATT,3,,0.0,0.0,91.97,0.0,0.0,0.0,,0.01,,,,91.97,,,,,,,,,,,,,,,,,,,,,,
10.894807,XKF1,,,,,,,,,,,,,,,,0.0,0.0,,,0.0021098535883610856,,,,,,0.0,,,,,,,-0.0008491199696436525,,-0.0008491199696436524,-0.0019314443925395608
10.894807,POS,,,,,,,,,,,,,,,,0.011132000130089637,0.0,,,,,37.4274999,-122.1697,,,-0.011132000130089637,,,,-0.027388732880353928,,,,,,
10.994767,ATT,3,,0.0,0.0,92.07,0.0,0.0,0.0,,0.01,,,,92.07,,,,,,,,,,,,,,,,,,,,,,
10.994767,XKF1,,,,,,,,,,,,,,,,0.0,0.0,,,0.0021608341421652097,,,,,,0.0,,,,,,,-0.0008841601666063071,,-0.000884160166606307,-0.0019716655369848013
10.994767,POS,,,,,,,,,,,,,,,,0.011132000130089637,0.0,,,,,37.4274999,-122.1697,,,-0.011132000130089637,,,,-0.027388732880353928,,,,,,
11.094727,ATT,3,,0.0,0.0,92.18,0.0,0.0,0.0,,0.01,,,,92.18,,,,,,,,,,,,,,,,,,,,,,
11.094727,XKF1,,,,,,,,,,,,,,,,0.0,0.0,,,0.002206458575950025,,,,,,0.0,,,,,,,-0.000935515738092363,,-0.0009355157380923629,-0.001998316729441285
11.094727,POS,,,,,,,,,,,,,,,,0.011132000130089637,0.0,,,,,37.4274999,-122.1697,,,-0.011132000130089637,,,,-0.027388732880353928,,,,,,
11.194687,ATT,3,,0.0,0.0,92.27,0.0,0.0,0.0,,0.01,,,,92.27,,,,,,,,,,,,,,,,,,,,,,
11.194687,XKF1,,,,,,,,,,,,,,,,0.0,0.0,,,0.0022270553464352892,,,,,,0.0,,,,,,,-0.0009673031745478512,,-0.0009673031745478511,-0.0020060159731656313
11.194687,POS,,,,,,,,,,,,,,,,0.011132000130089637,0.0,,,,,37.4274999,-122.1697,,,-0.011132000130089637,,,,-0.027388732880353928,,,,,,
11.294647,ATT,3,,0.0,0.0,92.36,0.0,0.0,0.0,,0.01,,,,92.36,,,,,,,,,,,,,,,,,,,,,,
11.294647,XKF1,,,,,,,,,,,,,,,,0.0,0.0,,,0.0022961831851318337,,,,,,0.0,,,,,,,-0.0010338962310925128,,-0.0010338962310925126,-0.0020502477418631315
11.294647,POS,,,,,,,,,,,,,,,,0.011132000130089637,0.0,,,,,37.4274999,-122.1697,,,-0.011132000130089637,,,,-0.027388732880353928,,,,,,
11.394607,ATT,3,,0.0,0.0,92.45,0.0,0.0,0.0,,0.01,,,,92.45,,,,,,,,,,,,,,,,,,,,,,
11.394607,XKF1,,,,,,,,,,,,,,,,0.0,0.0,,,0.0023031329542848793,,,,,,0.0,,,,,,,-0.0011219397420063617,,-0.0011219397420063615,-0.0020113857463002205
11.394607,POS,,,,,,,,,,,,,,,,0.011132000130089637,0.0,,,,,37.4274999,-122.1697,,,-0.011132000130089637,,,,-0.027388732880353928,,,,,,
11.494567,ATT,3,,0.0,0.0,92.53,0.0,0.0,0.0,,0.01,,,,92.53,,,,,,,,,,,,,,,,,,,,,,
11.494567,XKF1,,,,,,,,,,,,,,,,0.0,0.0,,,0.0023675706084512636,,,,,,0.0,,,,,,,-0.0012188472319394352,,-0.001218847231939435,-0.0020297295413911343
11.494567,POS,,,,,,,,,,,,,,,,0.011132000130089637,0.0,,,,,37.4274999,-122.1697,,,-0.011132000130089637,,,,-0.027388732880353928,,,,,,
11.594527,ATT,3,,0.0,0.0,92.61,0.0,0.0,0.0,,0.01,,,,92.61,,,,,,,,,,,,,,,,,,,,,,
11.594527,XKF1,,,,,,,,,,,,,,,,0.0,0.0,,,0.0024414537378236387,,,,,,0.0,,,,,,,-0.001258831471204758,,-0.0012588314712047577,-0.0020918985828757286
11.594527,POS,,,,,,,,,,,,,,,,0.011132000130089637,0.0,,,,,37.4274999,-122.1697,,,-0.011132000130089637,,,,-0.027388732880353928,,,,,,
11.694487,ATT,3,,0.0,0.0,92.68,0.0,0.0,0.0,,0.01,,,,92.68,,,,,,,,,,,,,,,,,,,,,,
11.694487,XKF1,,,,,,,,,,,,,,,,0.0,0.0,,,0.002472096167415335,,,,,,0.0,,,,,,,-0.0013281059218570592,,-0.001328105921857059,-0.002085040556266904
11.694487,POS,,,,,,,,,,,,,,,,0.011132000130089637,0.0,,,,,37.4274999,-122.1697,,,-0.011132000130089637,,,,-0.027388732880353928,,,,,,
11.794447,ATT,3,,0.0,0.0,92.75,0.0,0.0,0.0,,0.01,,,,92.75,,,,,,,,,,,,,,,,,,,,,,
11.794447,XKF1,,,,,,,,,,,,,,,,0.0,0.0,,,0.002546902386292004,,,,,,0.0,,,,,,,-0.0014012590982019903,,-0.0014012590982019901,-0.00212677801027894
11.794447,POS,,,,,,,,,,,,,,,,0.011132000130089637,0.0,,,,,37.4274999,-122.1697,,,-0.011132000130089637,,,,-0.027388732880353928,,,,,,
11.894407,ATT,3,,0.0,0.0,92.82,0.0,0.0,0.0,,0.01,,,,92.82,,,,,,,,,,,,,,,,,,,,,,
11.894407,XKF1,,,,,,,,,,,,,,,,0.0,0.0,,,0.002619608795928696,,,,,,0.0,,,,,,,-0.0014622536255046727,,-0.0014622536255046725,-0.002173514338210225
11.894407,POS,,,,,,,,,,,,,,,,0.011132000130089637,0.0,,,,,37.4274999,-122.1697,,,-0.011132000130089637,,,,-0.027388732880353928,,,,,,
11.994367,ATT,3,,0.0,0.0,92.88,0.0,0.0,0.0,,0.01,,,,92.88,,,,,,,,,,,,,,,,,,,,,,
11.994367,XKF1,,,,,,,,,,,,,,,,0.0,0.0,,,0.0026719351767403926,,,,,,0.0,,,,,,,-0.0015295579796656968,,-0.0015295579796656966,-0.002190819475799799
11.994367,POS,,,,,,,,,,,,,,,,0.011132000130089637,0.0,,,,,37.4274999,-122.1697,,,-0.011132000130089637,,,,-0.027388732880353928,,,,,,
12.094327,ATT,3,,0.0,0.0,92.93,0.0,0.0,0.0,,0.01,,,,92.93,,,,,,,,,,,,,,,,,,,,,,
12.094327,XKF1,,,,,,,,,,,,,,,,0.0,0.0,,,0.002808278261759325,,,,,,0.0,,,,,,,-0.0016388846561312678,,-0.0016388846561312675,-0.0022804569453001022
12.094327,POS,,,,,,,,,,,,,,,,0.011132000130089637,0.0,,,,,37.4274999,-122.1697,,,-0.011132000130089637,,,,-0.027388732880353928,,,,,,
12.194287,ATT,3,,0.0,0.0,92.99,0.0,0.0,0.0,,0.01,,,,92.99,,,,,,,,,,,,,,,,,,,,,,
12.194287,XKF1,,,,,,,,,,,,,,,,0.0,0.0,,,0.0028748523024733135,,,,,,0.0,,,,,,,-0.0016851382097229364,,-0.0016851382097229362,-0.002329181181266904
12.194287,POS,,,,,,,,,,,,,,,,0.011132000130089637,0.0,,,,,37.4274999,-122.1697,,,-0.011132000130089637,,,,-0.027388732880353928,,,,,,
12.294247,ATT,3,,0.0,0.0,93.04,0.0,0.0,0.0,,0.01,,,,93.04,,,,,,,,,,,,,,,,,,,,,,
12.294247,XKF1,,,,,,,,,,,,,,,,0.0,0.0,,,0.0030073802900803274,,,,,,0.0,,,,,,,-0.0018244876991957428,,-0.0018244876991957426,-0.002390728099271655
12.294247,POS,,,,,,,,,,,,,,,,0.011132000130089637,0.0,,,,,37.4274999,-122.1697,,,-0.011132000130089637,,,,-0.027388732880353928,,,,,,
12.394207,ATT,3,,0.0,0.0,93.09,0.0,0.0,0.0,,0.01,,,,93.09,,,,,,,,,,,,,,,,,,,,,,
12.394207,XKF1,,,,,,,,,,,,,,,,0.0,0.0,,,0.003129185259783976,,,,,,0.0,,,,,,,-0.001887055113911629,,-0.0018870551139116287,-0.0024961617309600115
12.394207,POS,,,,,,,,,,,,,,,,0.011132000130089637,0.0,,,,,37.4274999,-122.1697,,,-0.011132000130089637,,,,-0.027388732880353928,,,,,,
12.495,ATT,3,,0.0,0.0,93.14,0.0,0.0,0.0,,0.01,,,,93.14,,,,,,,,,,,,,,,,,,,,,,
12.495,XKF1,,,,,,,,,,,,,,,,0.0,0.0,,,0.003278331661493322,,,,,,0.0,,,,,,,-0.001990213058888912,,-0.001990213058888912,-0.00260509317740798
12.495,POS,,,,,,,,,,,,,,,,0.011132000130089637,0.0,,,,,37.4274999,-122.1697,,,-0.011132000130089637,,,,-0.027388732880353928,,,,,,
12.59496,ATT,3,,0.0,0.0,93.18,0.0,0.0,0.0,,0.01,,,,93.18,,,,,,,,,,,,,,,,,,,,,,
12.59496,XKF1,,,,,,,,,,,,,,,,0.0,0.0,,,0.0033704629910106545,,,,,,0.0,,,,,,,-0.002104301704093814,,-0.002104301704093814,-0.002632856834679842
12.59496,POS,,,,,,,,,,,,,,,,0.011132000130089637,0.0,,,,,37.4274999,-122.1697,,,-0.011132000130089637,,,,-0.027388732880353928,,,,,,
12.69492,ATT,3,,0.0,0.0,93.22,0.0,0.0,0.0,,0.01,,,,93.22,,,,,,,,,,,,,,,,,,,,,,
12.69492,XKF1,,,,,,,,,,,,,,,,0.0,0.0,,,0.0034647740431455808,,,,,,0.0,,,,,,,-0.0021857095416635275,,-0.0021857095416635275,-0.002688369946554303
12.69492,POS,,,,,,,,,,,,,,,,0.011132000130089637,0.0,,,,,37.4274999,-122.1697,,,-0.011132000130089637,,,,-0.027388732880353928,,,,,,
12.79488,ATT,3,,0.0,0.0,93.26,0.0,0.0,0.0,,0.01,,,,93.26,,,,,,,,,,,,,,,,,,,,,,
12.79488,XKF1,,,,,,,,,,,,,,,,0.0,0.0,,,0.0035881768356693907,,,,,,0.0,,,,,,,-0.002266191178932786,,-0.002266191178932786,-0.0027819760143756866
12.79488,POS,,,,,,,,,,,,,,,,0.011132000130089637,0.0,,,,,37.4274999,-122.1697,,,-0.011132000130089637,,,,-0.027388732880353928,,,,,,
12.89484,ATT,3,,0.0,0.0,93.29,0.0,0.0,0.0,,0.01,,,,93.29,,,,,,,,,,,,,,,,,,,,,,
12.89484,XKF1,,,,,,,,,,,,,,,,0.0,0.0,,,0.0037414664567155245,,,,,,0.0,,,,,,,-0.0023670534137636423,,-0.0023670534137636423,-0.002897521248087287
12.89484,POS,,,,,,,,,,,,,,,,0.011132000130089637,0.0,,,,,37.4274999,-122.1697,,,-0.011132000130089637,,,,-0.027388732880353928,,,,,,
12.9948,ATT,3,,0.0,0.0,93.32,0.0,0.0,0.0,,0.01,,,,93.32,,,,,,,,,,,,,,,,,,,,,,
12.9948,XKF1,,,,,,,,,,,,,,,,0.0,0.0,,,0.0038777791934272903,,,,,,0.0,,,,,,,-0.002484747674316168,,-0.002484747674316168,-0.0029771127738058567
12.9948,POS,,,,,,,,,,,,,,,,0.011132000130089637,0.0,,,,,37.4274999,-122.1697,,,-0.011132000130089637,,,,-0.027388732880353928,,,,,,
13.094759999999999,ATT,3,,0.0,0.0,93.36,0.0,0.0,0.0,,0.02,,,,93.36,,,,,,,,,,,,,,,,,,,,,,
13.094759999999999,XKF1,,,,,,,,,,,,,,,,0.0,0.0,,,0.003947651591359798,,,,,,0.0,,,,,,,-0.0025492901913821697,,-0.0025492901913821697,-0.0030141454190015793
13.094759999999999,POS,,,,,,,,,,,,,,,,0.011132000130089637,0.0,,,,,37.4274999,-122.1697,,,-0.011132000130089637,,,,-0.027388732880353928,,,,,,
13.19472,ATT,3,,0.0,0.0,93.38,0.0,0.0,0.0,,0.02,,,,93.38,,,,,,,,,,,,,,,,,,,,,,
13.19472,XKF1,,,,,,,,,,,,,,,,0.0,0.0,,,0.004146601278060283,,,,,,0.0,,,,,,,-0.00269046938046813,,-0.00269046938046813,-0.003155261743813753
13.19472,POS,,,,,,,,,,,,,,,,0.011132000130089637,0.0,,,,,37.4274999,-122.1697,,,-0.011132000130089637,,,,-0.027388732880353928,,,,,,
13.29468,ATT,3,,0.0,0.0,93.41,0.0,0.0,0.0,,0.02,,,,93.41,,,,,,,,,,,,,,,,,,,,,,
13.29468,XKF1,,,,,,,,,,,,,,,,0.0,0.0,,,0.004268481034451829,,,,,,0.0,,,,,,,-0.0027783336117863655,,-0.0027783336117863655,-0.0032404926605522633
13.29468,POS,,,,,,,,,,,,,,,,0.011132000130089637,0.0,,,,,37.4274999,-122.1697,,,-0.011132000130089637,,,,-0.027388732880353928,,,,,,
13.39464,ATT,3,,0.0,0.0,93.44,0.0,0.0,0.0,,0.02,,,,93.44,,,,,,,,,,,,,,,,,,,,,,
13.39464,XKF1,,,,,,,,,,,,,,,,0.0,0.0,,,0.004351704520276333,,,,,,0.0,,,,,,,-0.0028099326882511377,,-0.0028099326882511377,-0.003322891891002655
13.39464,POS,,,,,,,,,,,,,,,,0.011132000130089637,0.0,,,,,37.4274999,-122.1697,,,-0.011132000130089637,,,,-0.027388732880353928,,,,,,
13.4946,ATT,3,,0.0,0.0,93.46,0.0,0.0,0.0,,0.02,,,,93.46,,,,,,,,,,,,,,,,,,,,,,
13.4946,XKF1,,,,,,,,,,,,,,,,0.0,0.0,,,0.004470910253343085,,,,,,0.0,,,,,,,-0.0029066468123346567,,-0.0029066468123346567,-0.003397122723981738
13.4946,POS,,,,,,,,,,,,,,,,0.011132000130089637,0.0,,,,,37.4274999,-122.1697,,,-0.011132000130089637,,,,-0.027388732880353928,,,,,,
13.59456,ATT,3,,0.0,0.0,93.48,0.0,0.0,0.0,,0.02,,,,93.48,,,,,,,,,,,,,,,,,,,,,,
13.59456,XKF1,,,,,,,,,,,,,,,,0.0,0.0,,,0.004533405118636238,,,,,,0.0,,,,,,,-0.002985129365697503,,-0.002985129365697503,-0.0034118564799427986
13.59456,POS,,,,,,,,,,,,,,,,0.011132000130089637,0.0,,,,,37.4274999,-122.1697,,,-0.011132000130089637,,,,-0.027388732880353928,,,,,,
13.69452,ATT,3,,0.0,0.0,93.5,0.0,0.0,0.0,,0.02,,,,93.5,,,,,,,,,,,,,,,,,,,,,,
13.69452,XKF1,,,,,,,,,,,,,,,,0.0,0.0,,,0.004652784447247253,,,,,,0.0,,,,,,,-0.003061596304178238,,-0.003061596304178238,-0.0035035740584135056
13.69452,POS,,,,,,,,,,,,,,,,0.011132000130089637,0.0,,,,,37.4274999,-122.1697,,,-0.011132000130089637,,,,-0.027388732880353928,,,,,,
13.794479999999998,ATT,3,,0.0,0.0,93.52,0.0,0.0,0.0,,0.02,,,,93.52,,,,,,,,,,,,,,,,,,,,,,
13.794479999999998,XKF1,,,,,,,,,,,,,,,,0.0,0.0,,,0.0047958064223903455,,,,,,0.0,,,,,,,-0.0031621668022125964,,-0.003162166802212596,-0.0036056151147931814
13.794479999999998,POS,,,,,,,,,,,,,,,,0.011132000130089637,0.0,,,,,37.4274999,-122.1697,,,-0.011132000130089637,,,,-0.027388732880353928,,,,,,
13.894440000000001,ATT,3,,0.0,0.0,93.53,0.0,0.0,0.0,,0.02,,,,93.53,,,,,,,,,,,,,,,,,,,,,,
13.894440000000001,XKF1,,,,,,,,,,,,,,,,0.0,0.0,,,0.004975528868673183,,,,,,0.0,,,,,,,-0.0032775721047073607,,-0.0032775721047073603,-0.0037434487603604794
13.894440000000001,POS,,,,,,,,,,,,,,,,0.011132000130089637,0.0,,,,,37.4274999,-122.1697,,,-0.011132000130089637,,,,-0.027388732880353928,,,,,,
13.9944,ATT,3,,0.0,0.0,93.55,0.0,0.0,0.0,,0.02,,,,93.55,,,,,,,,,,,,,,,,,,,,,,
13.9944,XKF1,,,,,,,,,,,,,,,,0.0,0.0,,,0.005070605096544989,,,,,,0.0,,,,,,,-0.003354467917233706,,-0.0033544679172337055,-0.003802444087341428
13.9944,POS,,,,,,,,,,,,,,,,0.011132000130089637,0.0,,,,,37.4274999,-122.1697,,,-0.011132000130089637,,,,-0.027388732880353928,,,,,,
14.09436,ATT,3,,0.0,0.0,93.56,0.0,0.0,0.0,,0.02,,,,93.56,,,,,,,,,,,,,,,,,,,,,,
14.09436,XKF1,,,,,,,,,,,,,,,,0.0,0.0,,,0.005236383250095063,,,,,,0.0,,,,,,,-0.0034746646415442233,,-0.003474664641544223,-0.003917450085282326
14.09436,POS,,,,,,,,,,,,,,,,0.011132000130089637,0.0,,,,,37.4274999,-122.1697,,,-0.011132000130089637,,,,-0.027388732880353928,,,,,,
14.19432,ATT,3,,0.0,0.0,93.58,0.0,0.0,0.0,,0.02,,,,93.58,,,,,,,,,,,,,,,,,,,,,,
14.19432,XKF1,,,,,,,,,,,,,,,,0.0,0.0,,,0.005398274427639604,,,,,,0.0,,,,,,,-0.0035821660421788697,,-0.0035821660421788692,-0.004038496408611536
14.19432,POS,,,,,,,,,,,,,,,,0.011132000130089637,0.0,,,,,37.4274999,-122.1697,,,-0.011132000130089637,,,,-0.027388732880353928,,,,,,
14.294279999999999,ATT,3,,0.0,0.0,93.59,0.0,0.0,0.0,,0.02,,,,93.59,,,,,,,,,,,,,,,,,,,,,,
14.294279999999999,XKF1,,,,,,,,,,,,,,,,0.0,0.0,,,0.00556080796049943,,,,,,0.0,,,,,,,-0.0036507209297269587,,-0.0036507209297269583,-0.0041946182027459145
14.294279999999999,POS,,,,,,,,,,,,,,,,0.011132000130089637,0.0,,,,,37.4274999,-122.1697,,,-0.011132000130089637,,,,-0.027388732880353928,,,,,,
14.394239999999998,ATT,3,,0.0,0.0,93.6,0.0,0.0,0.0,,0.02,,,,93.6,,,,,,,,,,,,,,,,,,,,,,
14.394239999999998,XKF1,,,,,,,,,,,,,,,,0.0,0.0,,,0.005715676520130958,,,,,,0.0,,,,,,,-0.003736515995115042,,-0.0037365159951150417,-0.00432520592585206
14.394239999999998,POS,,,,,,,,,,,,,,,,0.011132000130089637,0.0,,,,,37.4274999,-122.1697,,,-0.011132000130089637,,,,-0.027388732880353928,,,,,,
14.494200000000001,ATT,3,,0.0,0.0,93.61,0.0,0.0,0.0,,0.02,,,,93.61,,,,,,,,,,,,,,,,,,,,,,
14.494200000000001,XKF1,,,,,,,,,,,,,,,,0.0,0.0,,,0.00580914487753863,,,,,,0.0,,,,,,,-0.0038086136337369685,,-0.003808613633736968,-0.0043864138424396515
14.494200000000001,POS,,,,,,,,,,,,,,,,0.011132000130089637,0.0,,,,,37.4274999,-122.1697,,,-0.011132000130089637,,,,-0.027388732880353928,,,,,,
14.594993,ATT,3,,0.0,0.0,93.62,0.0,0.0,0.0,,0.02,,,,93.62,,,,,,,,,,,,,,,,,,,,,,
14.594993,XKF1,,,,,,,,,,,,,,,,0.0,0.0,,,0.0059692219370223384,,,,,,0.0,,,,,,,-0.0039020639378577475,,-0.003902063937857747,-0.004517245572060347
14.594993,POS,,,,,,,,,,,,,,,,0.011132000130089637,0.0,,,,,37.4274999,-122.1697,,,-0.011132000130089637,,,,-0.027388732880353928,,,,,,
14.694953,ATT,3,,0.0,0.0,93.62,0.0,0.0,0.0,,0.02,,,,93.62,,,,,,,,,,,,,,,,,,,,,,
14.694953,XKF1,,,,,,,,,,,,,,,,0.0,0.0,,,0.006147962744518056,,,,,,0.0,,,,,,,-0.004017690662294626,,-0.004017690662294626,-0.004653558600693941
14.694953,POS,,,,,,,,,,,,,,,,0.011132000130089637,0.0,,,,,37.4274999,-122.1697,,,-0.011132000130089637,,,,-0.027388732880353928,,,,,,
14.794913,ATT,3,,0.0,0.0,93.63,0.0,0.0,0.0,,0.02,,,,93.63,,,,,,,,,,,,,,,,,,,,,,
14.794913,XKF1,,,,,,,,,,,,,,,,0.0,0.0,,,0.006289060017783527,,,,,,0.0,,,,,,,-0.004098518285900354,,-0.004098518285900354,-0.004770159721374512
14.794913,POS,,,,,,,,,,,,,,,,0.011132000130089637,0.0,,,,,37.4274999,-122.1697,,,-0.011132000130089637,,,,-0.027388732880353928,,,,,,
14.894872999999999,ATT,3,,0.0,0.0,93.64,0.0,0.0,0.0,,0.02,,,,93.64,,,,,,,,,,,,,,,,,,,,,,
14.894872999999999,XKF1,,,,,,,,,,,,,,,,0.0,0.0,,,0.006450596296793755,,,,,,0.0,,,,,,,-0.0042483387514948845,,-0.0042483387514948845,-0.0048540509305894375
14.894872999999999,POS,,,,,,,,,,,,,,,,0.011132000130089637,0.0,,,,,37.4274999,-122.1697,,,-0.011132000130089637,,,,-0.027388732880353928,,,,,,
14.994833000000002,ATT,3,,0.0,0.0,93.64,0.0,0.0,0.0,,0.02,,,,93.64,,,,,,,,,,,,,,,,,,,,,,
14.994833000000002,XKF1,,,,,,,,,,,,,,,,0.0,0.0,,,0.0065505474405352666,,,,,,0.0,,,,,,,-0.004306573420763016,,-0.004306573420763016,-0.004935898818075657
14.994833000000002,POS,,,,,,,,,,,,,,,,0.011132000130089637,0.0,,,,,37.4274999,-122.1697,,,-0.011132000130089637,,,,-0.027388732880353928,,,,,,
15.094793000000001,ATT,3,,0.0,0.0,93.64,0.0,0.0,0.0,,0.02,,,,93.64,,,,,,,,,,,,,,,,,,,,,,
15.094793000000001,XKF1,,,,,,,,,,,,,,,,0.0,0.0,,,0.006694312027110433,,,,,,0.0,,,,,,,-0.004410185851156712,,-0.004410185851156712,-0.0050362758338451385
15.094793000000001,POS,,,,,,,,,,,,,,,,0.011132000130089637,0.0,,,,,37.4274999,-122.1697,,,-0.011132000130089637,,,,-0.027388732880353928,,,,,,
15.194753,ATT,3,,0.0,0.0,93.65,0.0,0.0,0.0,,0.02,,,,93.65,,,,,,,,,,,,,,,,,,,,,,
15.194753,XKF1,,,,,,,,,,,,,,,,0.0,0.0,,,0.006773348451184268,,,,,,0.0,,,,,,,-0.004465165082365274,,-0.004465165082365274,-0.005093186628073454
15.194753,POS,,,,,,,,,,,,,,,,0.011132000130089637,0.0,,,,,37.4274999,-122.1697,,,-0.011132000130089637,,,,-0.027388732880353928,,,,,,
15.294713,ATT,3,,0.0,0.0,93.65,0.0,0.0,0.0,,0.02,,,,93.65,,,,,,,,,,,,,,,,,,,,,,
15.294713,XKF1,,,,,,,,,,,,,,,,0.0,0.0,,,0.0069074362049691106,,,,,,0.0,,,,,,,-0.0045267753303050995,,-0.0045267753303050995,-0.00521737290546298
15.294713,POS,,,,,,,,,,,,,,,,0.011132000130089637,0.0,,,,,37.4274999,-122.1697,,,-0.011132000130089637,,,,-0.027388732880353928,,,,,,
15.394673,ATT,3,,0.0,0.0,93.65,0.0,0.0,0.0,,0.02,,,,93.65,,,,,,,,,,,,,,,,,,,,,,
15.394673,XKF1,,,,,,,,,,,,,,,,0.0,0.0,,,0.007053373019913692,,,,,,0.0,,,,,,,-0.004601058084517717,,-0.004601058084517717,-0.005346057936549187
15.394673,POS,,,,,,,,,,,,,,,,0.011132000130089637,0.0,,,,,37.4274999,-122.1697,,,-0.011132000130089637,,,,-0.027388732880353928,,,,,,
15.494632999999999,ATT,3,,0.0,0.0,93.65,0.0,0.0,0.0,,0.02,,,,93.65,,,,,,,,,,,,,,,,,,,,,,
15.494632999999999,XKF1,,,,,,,,,,,,,,,,0.0,0.0,,,0.00717347427755626,,,,,,0.0,,,,,,,-0.004667818080633879,,-0.004667818080633879,-0.00544703658670187
15.494632999999999,POS,,,,,,,,,,,,,,,,0.011132000130089637,0.0,,,,,37.4274999,-122.1697,,,-0.011132000130089637,,,,-0.027388732880353928,,,,,,
15.594593000000001,ATT,3,,0.0,0.0,93.65,0.0,0.0,0.0,,0.02,,,,93.65,,,,,,,,,,,,,,,,,,,,,,
15.594593000000001,XKF1,,,,,,,,,,,,,,,,0.0,0.0,,,0.007287803054583901,,,,,,0.0,,,,,,,-0.004716517869383097,,-0.004716517869383097,-0.005555765703320503
15.594593000000001,POS,,,,,,,,,,,,,,,,0.011132000130089637,0.0,,,,,37.4274999,-122.1697,,,-0.011132000130089637,,,,-0.027388732880353928,,,,,,
15.694553,ATT,3,,0.0,0.0,93.65,0.0,0.0,0.0,,0.02,,,,93.65,,,,,,,,,,,,,,,,,,,,,,
15.694553,XKF1,,,,,,,,,,,,,,,,0.0,0.0,,,0.007415383444592694,,,,,,0.0,,,,,,,-0.00477657001465559,,-0.00477657001465559,-0.005672062281519175
15.694553,POS,,,,,,,,,,,,,,,,0.011132000130089637,0.0,,,,,37.4274999,-122.1697,,,-0.011132000130089637,,,,-0.027388732880353928,,,,,,
15.794513,ATT,3,,0.0,0.0,93.65,0.0,0.0,0.0,,0.02,,,,93.65,,,,,,,,,,,,,,,,,,,,,,
15.794513,XKF1,,,,,,,,,,,,,,,,0.0,0.0,,,0.00751947251006953,,,,,,0.0,,,,,,,-0.004839472938328981,,-0.004839472938328981,-0.005755168851464987
15.794513,POS,,,,,,,,,,,,,,,,0.011132000130089637,0.0,,,,,37.4274999,-122.1697,,,-0.011132000130089637,,,,-0.027388732880353928,,,,,,
15.894473,ATT,3,,0.0,0.0,93.65,0.0,0.0,0.0,,0.02,,,,93.65,,,,,,,,,,,,,,,,,,,,,,
15.894473,XKF1,,,,,,,,,,,,,,,,0.0,0.0,,,0.007657854429198354,,,,,,0.0,,,,,,,-0.0049377018585801125,,-0.0049377018585801125,-0.0058533609844744205
15.894473,POS,,,,,,,,,,,,,,,,0.011132000130089637,0.0,,,,,37.4274999,-122.1697,,,-0.011132000130089637,,,,-0.027388732880353928,,,,,,
15.994432999999999,ATT,3,,0.0,0.0,93.65,0.0,0.0,0.01,,0.02,,,,93.65,,,,,,,,,,,,,,,,,,,,,,
15.994432999999999,XKF1,,,,,,,,,,,,,,,,0.0,0.0,,,0.0077405040358935725,,,,,,0.0,,,,,,,-0.004997678566724062,,-0.004997678566724062,-0.005910889245569706
15.994432999999999,POS,,,,,,,,,,,,,,,,0.011132000130089637,0.0,,,,,37.4274999,-122.1697,,,-0.011132000130089637,,,,-0.027388732880353928,,,,,,
16.094392999999997,ATT,3,,0.0,0.0,93.65,0.0,0.0,0.01,,0.02,,,,93.65,,,,,,,,,,,,,,,,,,,,,,
16.094392999999997,XKF1,,,,,,,,,,,,,,,,0.0,0.0,,,0.007897712900818412,,,,,,0.0,,,,,,,-0.005074773449450731,,-0.005074773449450731,-0.006051491014659405
16.094392999999997,POS,,,,,,,,,,,,,,,,0.011132000130089637,0.0,,,,,37.4274999,-122.1697,,,-0.011132000130089637,,,,-0.027388732880353928,,,,,,
16.194353,ATT,3,,0.0,0.0,93.64,0.0,0.0,0.01,,0.02,,,,93.64,,,,,,,,,,,,,,,,,,,,,,
16.194353,XKF1,,,,,,,,,,,,,,,,0.0,0.0,,,0.008023918550057574,,,,,,0.0,,,,,,,-0.005126399919390678,,-0.005126399919390678,-0.006172786466777325
16.194353,POS,,,,,,,,,,,,,,,,0.011132000130089637,0.0,,,,,37.4274999,-122.1697,,,-0.011132000130089637,,,,-0.027388732880353928,,,,,,
16.294313000000002,ATT,3,,0.0,0.0,93.64,0.0,0.0,0.01,,0.02,,,,93.64,,,,,,,,,,,,,,,,,,,,,,
16.294313000000002,XKF1,,,,,,,,,,,,,,,,0.0,0.0,,,0.008172168340530635,,,,,,0.0,,,,,,,-0.0052190818823874,,-0.0052190818823874,-0.006288522854447365
16.294313000000002,POS,,,,,,,,,,,,,,,,0.011132000130089637,0.0,,,,,37.4274999,-122.1697,,,-0.011132000130089637,,,,-0.027388732880353928,,,,,,
16.299311000000003,MSG,,,,,,,,,,,,,,,,,,,,,,,,,,,,,,,,,,EKF3 IMU0 origin set,,
16.299311000000003,EV,,,,,,,,,,,,,,,,,,,,,25,,,,SET_HOME,,,,,,,,,,,
16.301810000000003,MSG,,,,,,,,,,,,,,,,,,,,,,,,,,,,,,,,,,EKF3 IMU1 origin set,,
16.394273,MSG,,,,,,,,,,,,,,,,,,,,,,,,,,,,,,,,,,Field Elevation Set: 16m,,
16.394273,ATT,3,,0.0,0.0,93.63,0.0,0.0,0.01,,0.02,,,,93.63,,,,,,,,,,,,,,,,,,,,,,
16.394273,XKF1,,,,,,,,,,,,,,,,0.0,0.0,,,0.008328752949142043,,,,,,0.0,,,,,,,-0.005330787971615791,,-0.005330787971615791,-0.0063992831856012344
16.394273,POS,,,,,,,,,,,,,,,,0.011132000130089637,0.0,,,,,37.4274999,-122.1697,,,-0.011132000130089637,,,,-0.016604425385594368,,,,,,
16.494233,ATT,3,,0.0,0.0,93.63,0.0,0.0,0.01,,0.02,,,,93.63,,,,,,,,,,,,,,,,,,,,,,
16.494233,XKF1,,,,,,,,,,,,,,,,0.0,0.0,,,0.008456776366278384,,,,,,0.0,,,,,,,-0.0054052285850048065,,-0.0054052285850048065,-0.006503888871520758
16.494233,POS,,,,,,,,,,,,,,,,0.011132000130089637,0.0,,,,,37.4274999,-122.1697,,,-0.011132000130089637,,,,-0.011562185361981392,,,,,,
16.594192999999997,ATT,3,,0.0,0.0,93.63,0.0,0.0,0.01,,0.02,,,,93.63,,,,,,,,,,,,,,,,,,,,,,
16.594192999999997,XKF1,,,,,,,,,,,,,,,,0.0,0.0,,,0.008596155252882903,,,,,,0.0,,,,,,,-0.005476438906043768,,-0.005476438906043768,-0.006625896319746971
16.594192999999997,POS,,,,,,,,,,,,,,,,0.011132000130089637,0.0,,,,,37.4274999,-122.1697,,,-0.011132000130089637,,,,-0.00844862125813961,,,,,,
16.694986,ATT,3,,0.0,0.0,93.62,0.0,0.0,0.01,,0.02,,,,93.62,,,,,,,,,,,,,,,,,,,,,,
16.694986,XKF1,,,,,,,,,,,,,,,,0.0,0.0,,,0.008720225624733638,,,,,,0.0,,,,,,,-0.0055413516238331795,,-0.0055413516238331795,-0.006733183283358812
16.694986,POS,,,,,,,,,,,,,,,,0.011132000130089637,0.0,,,,,37.4274999,-122.1697,,,-0.011132000130089637,,,,-0.00666023651137948,,,,,,
16.794946000000003,ATT,3,,0.0,0.0,93.62,0.0,0.0,0.01,,0.02,,,,93.62,,,,,,,,,,,,,,,,,,,,,,
16.794946000000003,XKF1,,,,,,,,,,,,,,,,0.0,0.0,,,0.008815573352078221,,,,,,0.0,,,,,,,-0.005656637251377106,,-0.005656637251377106,-0.006761419121176004
16.794946000000003,POS,,,,,,,,,,,,,,,,0.011132000130089637,0.0,,,,,37.4274999,-122.1697,,,-0.011132000130089637,,,,-0.005780290812253952,,,,,,
16.894906,ATT,3,,0.0,0.0,93.61,0.0,0.0,0.01,,0.02,,,,93.61,,,,,,,,,,,,,,,,,,,,,,
16.894906,XKF1,,,,,,,,,,,,,,,,0.0,0.0,,,0.008976876336371542,,,,,,0.0,,,,,,,-0.00580737367272377,,-0.00580737367272377,-0.006845342926681042
16.894906,POS,,,,,,,,,,,,,,,,0.011132000130089637,0.0,,,,,37.4274999,-122.1697,,,-0.011132000130089637,,,,-0.0055180201306939125,,,,,,
16.994866000000002,ATT,3,,0.0,0.0,93.61,0.0,0.0,0.01,,0.02,,,,93.61,,,,,,,,,,,,,,,,,,,,,,
16.994866000000002,XKF1,,,,,,,,,,,,,,,,0.0,0.0,,,0.009113235700435266,,,,,,0.0,,,,,,,-0.005902372766286135,,-0.005902372766286135,-0.006943562533706427
16.994866000000002,POS,,,,,,,,,,,,,,,,0.011132000130089637,0.0,,,,,37.4274999,-122.1697,,,-0.011132000130089637,,,,-0.005670621059834957,,,,,,
17.094825999999998,ATT,3,,0.0,0.0,93.6,0.0,0.0,0.01,,0.02,,,,93.6,,,,,,,,,,,,,,,,,,,,,,
17.094825999999998,XKF1,,,,,,,,,,,,,,,,0.0,0.0,,,0.009275598176673621,,,,,,0.0,,,,,,,-0.00597997521981597,,-0.0059799752198159695,-0.007090600673109293
17.094825999999998,POS,,,,,,,,,,,,,,,,0.011132000130089637,0.0,,,,,37.4274999,-122.1697,,,-0.011132000130089637,,,,-0.006101434584707022,,,,,,
17.194786,ATT,3,,0.0,0.0,93.6,0.0,0.0,0.01,,0.02,,,,93.6,,,,,,,,,,,,,,,,,,,,,,
17.194786,XKF1,,,,,,,,,,,,,,,,0.0,0.0,,,0.00939883585978424,,,,,,0.0,,,,,,,-0.00605647498741746,,-0.0060564749874174595,-0.00718729617074132
17.194786,POS,,,,,,,,,,,,,,,,0.011132000130089637,0.0,,,,,37.4274999,-122.1697,,,-0.011132000130089637,,,,-0.006705232430249453,,,,,,
17.294745999999996,ATT,3,,0.0,0.0,93.59,0.0,0.0,0.01,,0.03,,,,93.59,,,,,,,,,,,,,,,,,,,,,,
17.294745999999996,XKF1,,,,,,,,,,,,,,,,0.0,0.0,,,0.009539519087402137,,,,,,0.0,,,,,,,-0.006183520425111056,,-0.006183520425111055,-0.00726405531167984
17.294745999999996,POS,,,,,,,,,,,,,,,,0.011132000130089637,0.0,,,,,37.4274999,-122.1697,,,-0.011132000130089637,,,,-0.007418282795697451,,,,,,
17.394706,ATT,3,,0.0,0.0,93.58,0.0,0.0,0.01,,0.03,,,,93.58,,,,,,,,,,,,,,,,,,,,,,
17.394706,XKF1,,,,,,,,,,,,,,,,0.0,0.0,,,0.009662822089841218,,,,,,0.0,,,,,,,-0.006318129133433104,,-0.0063181291334331036,-0.007311044726520777
17.394706,POS,,,,,,,,,,,,,,,,0.011132000130089637,0.0,,,,,37.4274999,-122.1697,,,-0.011132000130089637,,,,-0.00819661095738411,,,,,,
17.494666000000002,ATT,3,,0.0,0.0,93.58,0.0,0.0,0.01,,0.03,,,,93.58,,,,,,,,,,,,,,,,,,,,,,
17.494666000000002,XKF1,,,,,,,,,,,,,,,,0.0,0.0,,,0.009763619955286918,,,,,,0.0,,,,,,,-0.006384695414453746,,-0.006384695414453745,-0.007386740762740374
17.494666000000002,POS,,,,,,,,,,,,,,,,0.011132000130089637,0.0,,,,,37.4274999,-122.1697,,,-0.011132000130089637,,,,-0.009006659500300884,,,,,,
17.594625999999998,ATT,3,,0.0,0.0,93.57,0.0,0.0,0.01,,0.03,,,,93.57,,,,,,,,,,,,,,,,,,,,,,
17.594625999999998,XKF1,,,,,,,,,,,,,,,,0.0,0.0,,,0.009865233207385391,,,,,,0.0,,,,,,,-0.006512134801596404,,-0.006512134801596403,-0.007410460617393255
17.594625999999998,POS,,,,,,,,,,,,,,,,0.011132000130089637,0.0,,,,,37.4274999,-122.1697,,,-0.011132000130089637,,,,-0.009824707172811031,,,,,,
17.694586,ATT,3,,0.0,0.0,93.56,0.0,0.0,0.01,,0.03,,,,93.56,,,,,,,,,,,,,,,,,,,,,,
17.694586,XKF1,,,,,,,,,,,,,,,,0.0,0.0,,,0.010005753354288001,,,,,,0.0,,,,,,,-0.006625732872635127,,-0.006625732872635126,-0.007497650571167469
17.694586,POS,,,,,,,,,,,,,,,,0.011132000130089637,0.0,,,,,37.4274999,-122.1697,,,-0.011132000130089637,,,,-0.01063945796340704,,,,,,
17.794545999999997,ATT,3,,0.0,0.0,93.55,0.0,0.0,0.01,,0.03,,,,93.55,,,,,,,,,,,,,,,,,,,,,,
17.794545999999997,XKF1,,,,,,,,,,,,,,,,0.0,0.0,,,0.010131315207502238,,,,,,0.0,,,,,,,-0.0067042564041912564,,-0.006704256404191256,-0.007595820818096399
17.794545999999997,POS,,,,,,,,,,,,,,,,0.011132000130089637,0.0,,,,,37.4274999,-122.1697,,,-0.011132000130089637,,,,-0.01144149899482727,,,,,,
17.894506,ATT,3,,0.0,0.0,93.55,0.0,0.0,0.01,,0.03,,,,93.55,,,,,,,,,,,,,,,,,,,,,,
17.894506,XKF1,,,,,,,,,,,,,,,,0.0,0.0,,,0.010239205581285528,,,,,,0.0,,,,,,,-0.006781902164220811,,-0.00678190216422081,-0.007671188563108444
17.894506,POS,,,,,,,,,,,,,,,,0.011132000130089637,0.0,,,,,37.4274999,-122.1697,,,-0.011132000130089637,,,,-0.012220802716910839,,,,,,
17.994466000000003,ATT,3,,0.0,0.0,93.54,0.0,0.0,0.01,,0.03,,,,93.54,,,,,,,,,,,,,,,,,,,,,,
17.994466000000003,XKF1,,,,,,,,,,,,,,,,0.0,0.0,,,0.0103511072384868,,,,,,0.0,,,,,,,-0.006868193857371808,,-0.006868193857371807,-0.007744245231151581
17.994466000000003,POS,,,,,,,,,,,,,,,,0.011132000130089637,0.0,,,,,37.4274999,-122.1697,,,-0.011132000130089637,,,,-0.012975608929991722,,,,,,
18.094426,ATT,3,,0.0,0.0,93.53,0.0,0.0,0.01,,0.03,,,,93.53,,,,,,,,,,,,,,,,,,,,,,
18.094426,XKF1,,,,,,,,,,,,,,,,0.0,0.0,,,0.010504591134352306,,,,,,0.0,,,,,,,-0.006941482890397311,,-0.00694148289039731,-0.007884304039180279
18.094426,POS,,,,,,,,,,,,,,,,0.011132000130089637,0.0,,,,,37.4274999,-122.1697,,,-0.011132000130089637,,,,-0.013704843819141388,,,,,,
18.194386,ATT,3,,0.0,0.0,93.52,0.0,0.0,0.01,,0.03,,,,93.52,,,,,,,,,,,,,,,,,,,,,,
18.194386,XKF1,,,,,,,,,,,,,,,,0.0,0.0,,,0.010588489805845888,,,,,,0.0,,,,,,,-0.006999806500971318,,-0.006999806500971317,-0.007944735698401928
18.194386,POS,,,,,,,,,,,,,,,,0.011132000130089637,0.0,,,,,37.4274999,-122.1697,,,-0.011132000130089637,,,,-0.014404228888452053,,,,,,
18.294345999999997,ATT,3,,0.0,0.0,93.51,0.0,0.0,0.01,,0.03,,,,93.51,,,,,,,,,,,,,,,,,,,,,,
18.294345999999997,XKF1,,,,,,,,,,,,,,,,0.0,0.0,,,0.010744217737357894,,,,,,0.0,,,,,,,-0.0071206577122211465,,-0.007120657712221146,-0.008045772090554237
18.294345999999997,POS,,,,,,,,,,,,,,,,0.011132000130089637,0.0,,,,,37.4274999,-122.1697,,,-0.011132000130089637,,,,-0.015069723129272461,,,,,,
18.394306,ATT,3,,0.0,0.0,93.5,0.0,0.0,0.01,,0.03,,,,93.5,,,,,,,,,,,,,,,,,,,,,,
18.394306,XKF1,,,,,,,,,,,,,,,,0.0,0.0,,,0.010921807852561877,,,,,,0.0,,,,,,,-0.007252738811075688,,-0.007252738811075687,-0.00816600676625967
18.394306,POS,,,,,,,,,,,,,,,,0.011132000130089637,0.0,,,,,37.4274999,-122.1697,,,-0.011132000130089637,,,,-0.01570805534720421,,,,,,
18.494266000000003,ATT,3,,0.0,0.0,93.5,0.0,0.0,0.01,,0.03,,,,93.5,,,,,,,,,,,,,,,,,,,,,,
18.494266000000003,XKF1,,,,,,,,,,,,,,,,0.0,0.0,,,0.010999388526416643,,,,,,0.0,,,,,,,-0.0072910389862954625,,-0.007291038986295462,-0.008235733024775982
18.494266000000003,POS,,,,,,,,,,,,,,,,0.011132000130089637,0.0,,,,,37.4274999,-122.1697,,,-0.011132000130089637,,,,-0.016324171796441078,,,,,,
18.594226,ATT,3,,0.0,0.0,93.49,0.0,0.0,0.01,,0.03,,,,93.49,,,,,,,,,,,,,,,,,,,,,,
18.594226,XKF1,,,,,,,,,,,,,,,,0.0,0.0,,,0.011150608438599423,,,,,,0.0,,,,,,,-0.007388057652860881,,-0.00738805765286088,-0.008351806551218033
18.594226,POS,,,,,,,,,,,,,,,,0.011132000130089637,0.0,,,,,37.4274999,-122.1697,,,-0.011132000130089637,,,,-0.016916150227189064,,,,,,
18.694186000000002,ATT,3,,0.0,0.0,93.48,0.0,0.0,0.01,,0.03,,,,93.48,,,,,,,,,,,,,,,,,,,,,,
18.694186000000002,XKF1,,,,,,,,,,,,,,,,0.0,0.0,,,0.0112714201068516,,,,,,0.0,,,,,,,-0.007459009997546674,,-0.007459009997546673,-0.00845033023506403
18.694186000000002,POS,,,,,,,,,,,,,,,,0.011132000130089637,0.0,,,,,37.4274999,-122.1697,,,-0.011132000130089637,,,,-0.01748460903763771,,,,,,
18.794978999999998,ATT,3,,0.0,0.0,93.47,0.0,0.0,0.01,,0.03,,,,93.47,,,,,,,,,,,,,,,,,,,,,,
18.794978999999998,XKF1,,,,,,,,,,,,,,,,0.0,0.0,,,0.011426336259245176,,,,,,0.0,,,,,,,-0.007546041626483203,,-0.007546041626483202,-0.008580117486417294
18.794978999999998,POS,,,,,,,,,,,,,,,,0.011132000130089637,0.0,,,,,37.4274999,-122.1697,,,-0.011132000130089637,,,,-0.018025321885943413,,,,,,
18.894939,ATT,3,,0.0,0.0,93.46,0.0,0.0,0.01,,0.03,,,,93.46,,,,,,,,,,,,,,,,,,,,,,
18.894939,XKF1,,,,,,,,,,,,,,,,0.0,0.0,,,0.011582128254205836,,,,,,0.0,,,,,,,-0.0076834065839648255,,-0.007683406583964825,-0.008666657842695713
18.894939,POS,,,,,,,,,,,,,,,,0.011132000130089637,0.0,,,,,37.4274999,-122.1697,,,-0.011132000130089637,,,,-0.018539659678936005,,,,,,
18.994898999999997,ATT,3,,0.0,0.0,93.45,0.0,0.0,0.01,,0.03,,,,93.45,,,,,,,,,,,,,,,,,,,,,,
18.994898999999997,XKF1,,,,,,,,,,,,,,,,0.0,0.0,,,0.011751375297207883,,,,,,0.0,,,,,,,-0.007820387370884418,,-0.007820387370884418,-0.008771337568759918
18.994898999999997,POS,,,,,,,,,,,,,,,,0.011132000130089637,0.0,,,,,37.4274999,-122.1697,,,-0.011132000130089637,,,,-0.019031384959816933,,,,,,
19.094859,ATT,3,,0.0,0.0,93.44,0.0,0.0,0.01,,0.03,,,,93.44,,,,,,,,,,,,,,,,,,,,,,
19.094859,XKF1,,,,,,,,,,,,,,,,0.0,0.0,,,0.011892362313675959,,,,,,0.0,,,,,,,-0.007898097857832909,,-0.007898097857832909,-0.008890912868082523
19.094859,POS,,,,,,,,,,,,,,,,0.011132000130089637,0.0,,,,,37.4274999,-122.1697,,,-0.011132000130089637,,,,-0.01950405351817608,,,,,,
19.194819000000003,ATT,3,,0.0,0.0,93.43,0.0,0.0,0.01,,0.03,,,,93.43,,,,,,,,,,,,,,,,,,,,,,
19.194819000000003,XKF1,,,,,,,,,,,,,,,,0.0,0.0,,,0.012065657038494625,,,,,,0.0,,,,,,,-0.008054707199335098,,-0.008054707199335098,-0.008983416482806206
19.194819000000003,POS,,,,,,,,,,,,,,,,0.011132000130089637,0.0,,,,,37.4274999,-122.1697,,,-0.011132000130089637,,,,-0.019956255331635475,,,,,,
19.294779,ATT,3,,0.0,0.0,93.42,0.0,0.0,0.01,,0.03,,,,93.42,,,,,,,,,,,,,,,,,,,,,,
19.294779,XKF1,,,,,,,,,,,,,,,,0.0,0.0,,,0.012246443166955934,,,,,,0.0,,,,,,,-0.008178350515663624,,-0.008178350515663624,-0.00911536905914545
19.294779,POS,,,,,,,,,,,,,,,,0.011132000130089637,0.0,,,,,37.4274999,-122.1697,,,-0.011132000130089637,,,,-0.020387684926390648,,,,,,
19.394739,ATT,3,,0.0,0.0,93.41,0.0,0.0,0.01,,0.03,,,,93.41,,,,,,,,,,,,,,,,,,,,,,
19.394739,XKF1,,,,,,,,,,,,,,,,0.0,0.0,,,0.012352406234552462,,,,,,0.0,,,,,,,-0.008291810750961304,,-0.008291810750961304,-0.009155753068625927
19.394739,POS,,,,,,,,,,,,,,,,0.011132000130089637,0.0,,,,,37.4274999,-122.1697,,,-0.011132000130089637,,,,-0.020801236853003502,,,,,,
19.494698999999997,ATT,3,,0.0,0.0,93.41,0.0,0.0,0.01,,0.03,,,,93.41,,,,,,,,,,,,,,,,,,,,,,
19.494698999999997,XKF1,,,,,,,,,,,,,,,,0.0,0.0,,,0.012504501183365796,,,,,,0.0,,,,,,,-0.008410309441387653,,-0.008410309441387653,-0.009253607131540775
19.494698999999997,POS,,,,,,,,,,,,,,,,0.011132000130089637,0.0,,,,,37.4274999,-122.1697,,,-0.011132000130089637,,,,-0.021193137392401695,,,,,,
19.594659,ATT,3,,0.0,0.0,93.4,0.0,0.0,0.01,,0.03,,,,93.4,,,,,,,,,,,,,,,,,,,,,,
19.594659,XKF1,,,,,,,,,,,,,,,,0.0,0.0,,,0.012639742314643468,,,,,,0.0,,,,,,,-0.008508904837071896,,-0.008508904837071896,-0.009346744045615196
19.594659,POS,,,,,,,,,,,,,,,,0.011132000130089637,0.0,,,,,37.4274999,-122.1697,,,-0.011132000130089637,,,,-0.02156316488981247,,,,,,
19.694619000000003,ATT,3,,0.0,0.0,93.39,0.0,0.0,0.01,,0.03,,,,93.39,,,,,,,,,,,,,,,,,,,,,,
19.694619000000003,XKF1,,,,,,,,,,,,,,,,0.0,0.0,,,0.012872569231313734,,,,,,0.0,,,,,,,-0.008669331669807434,,-0.008669331669807434,-0.0095155518501997
19.694619000000003,POS,,,,,,,,,,,,,,,,0.011132000130089637,0.0,,,,,37.4274999,-122.1697,,,-0.011132000130089637,,,,-0.02191733568906784,,,,,,
19.794579,ATT,3,,0.0,0.0,93.38,0.0,0.0,0.01,,0.03,,,,93.38,,,,,,,,,,,,,,,,,,,,,,
19.794579,XKF1,,,,,,,,,,,,,,,,0.0,0.0,,,0.013050514539159765,,,,,,0.0,,,,,,,-0.008810050785541534,,-0.008810050785541534,-0.009628028608858585
19.794579,POS,,,,,,,,,,,,,,,,0.011132000130089637,0.0,,,,,37.4274999,-122.1697,,,-0.011132000130089637,,,,-0.02225465141236782,,,,,,
19.894539,ATT,3,,0.0,0.0,93.37,0.0,0.0,0.01,,0.03,,,,93.37,,,,,,,,,,,,,,,,,,,,,,
19.894539,XKF1,,,,,,,,,,,,,,,,0.0,0.0,,,0.013166985281208982,,,,,,0.0,,,,,,,-0.00891178846359253,,-0.00891178846359253,-0.009692756459116936
19.894539,POS,,,,,,,,,,,,,,,,0.011132000130089637,0.0,,,,,37.4274999,-122.1697,,,-0.011132000130089637,,,,-0.022575004026293755,,,,,,
19.994498999999998,ATT,3,,0.0,0.0,93.36,0.0,0.0,0.01,,0.03,,,,93.36,,,,,,,,,,,,,,,,,,,,,,
19.994498999999998,XKF1,,,,,,,,,,,,,,,,0.0,0.0,,,0.013322669741660688,,,,,,0.0,,,,,,,-0.009042044170200825,,-0.009042044170200825,-0.009784424677491188
19.994498999999998,POS,,,,,,,,,,,,,,,,0.011132000130089637,0.0,,,,,37.4274999,-122.1697,,,-0.011132000130089637,,,,-0.022877687588334084,,,,,,
20.094459,ATT,3,,0.0,0.0,93.35,0.0,0.0,0.01,,0.03,,,,93.35,,,,,,,,,,,,,,,,,,,,,,
20.094459,XKF1,,,,,,,,,,,,,,,,0.0,0.0,,,0.013416533994138755,,,,,,0.0,,,,,,,-0.009107013233006,,-0.009107013233006,-0.009852192364633083
20.094459,POS,,,,,,,,,,,,,,,,0.011132000130089637,0.0,,,,,37.4274999,-122.1697,,,-0.011132000130089637,,,,-0.023167891427874565,,,,,,
20.194418999999996,ATT,3,,0.0,0.0,93.34,0.0,0.0,0.01,,0.03,,,,93.34,,,,,,,,,,,,,,,,,,,,,,
20.194418999999996,XKF1,,,,,,,,,,,,,,,,0.0,0.0,,,0.013547089312498773,,,,,,0.0,,,,,,,-0.009207703173160553,,-0.009207703173160553,-0.009936892427504063
20.194418999999996,POS,,,,,,,,,,,,,,,,0.011132000130089637,0.0,,,,,37.4274999,-122.1697,,,-0.011132000130089637,,,,-0.023441284894943237,,,,,,
20.294379,ATT,3,,0.0,0.0,93.33,0.0,0.0,0.01,,0.03,,,,93.33,,,,,,,,,,,,,,,,,,,,,,
20.294379,XKF1,,,,,,,,,,,,,,,,0.0,0.0,,,0.013693559836120512,,,,,,0.0,,,,,,,-0.009323380887508392,,-0.009323380887508392,-0.010029364377260208
20.294379,POS,,,,,,,,,,,,,,,,0.011132000130089637,0.0,,,,,37.4274999,-122.1697,,,-0.011132000130089637,,,,-0.023699281737208366,,,,,,
20.394339000000002,ATT,3,,0.0,0.0,93.32,0.0,0.0,0.01,,0.03,,,,93.32,,,,,,,,,,,,,,,,,,,,,,
20.394339000000002,XKF1,,,,,,,,,,,,,,,,0.0,0.0,,,0.013767084854630497,,,,,,0.0,,,,,,,-0.009377999231219292,,-0.009377999231219292,-0.010078975930809975
20.394339000000002,POS,,,,,,,,,,,,,,,,0.011132000130089637,0.0,,,,,37.4274999,-122.1697,,,-0.011132000130089637,,,,-0.02396278642117977,,,,,,
20.494298999999998,ATT,3,,0.0,0.0,93.31,0.0,0.0,0.01,,0.03,,,,93.31,,,,,,,,,,,,,,,,,,,,,,
20.494298999999998,XKF1,,,,,,,,,,,,,,,,0.0,0.0,,,0.013916385772527448,,,,,,0.0,,,,,,,-0.009499085135757923,,-0.009499085135757923,-0.010170210152864456
20.494298999999998,POS,,,,,,,,,,,,,,,,0.011132000130089637,0.0,,,,,37.4274999,-122.1697,,,-0.011132000130089637,,,,-0.02419867366552353,,,,,,
20.594259,ATT,3,,0.0,0.0,93.3,0.0,0.0,0.01,,0.03,,,,93.3,,,,,,,,,,,,,,,,,,,,,,
20.594259,XKF1,,,,,,,,,,,,,,,,0.0,0.0,,,0.01406243514933741,,,,,,0.0,,,,,,,-0.009603620506823063,,-0.009603620506823063,-0.010272417217493057
20.594259,POS,,,,,,,,,,,,,,,,0.011132000130089637,0.0,,,,,37.4274999,-122.1697,,,-0.011132000130089637,,,,-0.024424759671092033,,,,,,
20.694218999999997,ATT,3,,0.0,0.0,93.29,0.0,0.0,0.01,,0.03,,,,93.29,,,,,,,,,,,,,,,,,,,,,,
20.694218999999997,XKF1,,,,,,,,,,,,,,,,0.0,0.0,,,0.014262947894251575,,,,,,0.0,,,,,,,-0.009752313606441021,,-0.009752313606441021,-0.010407884605228901
20.694218999999997,POS,,,,,,,,,,,,,,,,0.011132000130089637,0.0,,,,,37.4274999,-122.1697,,,-0.011132000130089637,,,,-0.024639207869768143,,,,,,
20.794179,ATT,3,,0.0,0.0,93.28,0.0,0.0,0.02,,0.03,,,,93.28,,,,,,,,,,,,,,,,,,,,,,
20.794179,XKF1,,,,,,,,,,,,,,,,0.0,0.0,,,0.014427614871428693,,,,,,0.0,,,,,,,-0.009880512952804565,,-0.009880512952804565,-0.010513397864997387
20.794179,POS,,,,,,,,,,,,,,,,0.011132000130089637,0.0,,,,,37.4274999,-122.1697,,,-0.011132000130089637,,,,-0.024838311597704887,,,,,,
20.894972000000003,ATT,3,,0.0,0.0,93.27,0.0,0.0,0.02,,0.03,,,,93.27,,,,,,,,,,,,,,,,,,,,,,
20.894972000000003,XKF1,,,,,,,,,,,,,,,,0.0,0.0,,,0.014614342502570736,,,,,,0.0,,,,,,,-0.010010010562837124,,-0.010010010562837124,-0.010647943243384361
20.894972000000003,POS,,,,,,,,,,,,,,,,0.011132000130089637,0.0,,,,,37.4274999,-122.1697,,,-0.011132000130089637,,,,-0.025028521195054054,,,,,,
20.994932,ATT,3,,0.0,0.0,93.26,0.0,0.0,0.02,,0.03,,,,93.26,,,,,,,,,,,,,,,,,,,,,,
20.994932,XKF1,,,,,,,,,,,,,,,,0.0,0.0,,,0.014802232622365937,,,,,,0.0,,,,,,,-0.010139183141291142,,-0.010139183141291142,-0.010784389451146126
20.994932,POS,,,,,,,,,,,,,,,,0.011132000130089637,0.0,,,,,37.4274999,-122.1697,,,-0.011132000130089637,,,,-0.02520880289375782,,,,,,
21.094892,ATT,3,,0.0,0.0,93.25,0.0,0.0,0.02,,0.03,,,,93.25,,,,,,,,,,,,,,,,,,,,,,
21.094892,XKF1,,,,,,,,,,,,,,,,0.0,0.0,,,0.014894595525026718,,,,,,0.0,,,,,,,-0.01019242312759161,,-0.01019242312759161,-0.010861099697649479
21.094892,POS,,,,,,,,,,,,,,,,0.011132000130089637,0.0,,,,,37.4274999,-122.1697,,,-0.011132000130089637,,,,-0.025378279387950897,,,,,,
21.194851999999997,ATT,3,,0.0,0.0,93.24,0.0,0.0,0.02,,0.03,,,,93.24,,,,,,,,,,,,,,,,,,,,,,
21.194851999999997,XKF1,,,,,,,,,,,,,,,,0.0,0.0,,,0.015062553077235329,,,,,,0.0,,,,,,,-0.010293043218553066,,-0.010293043218553066,-0.010996988974511623
21.194851999999997,POS,,,,,,,,,,,,,,,,0.011132000130089637,0.0,,,,,37.4274999,-122.1697,,,-0.011132000130089637,,,,-0.025537295266985893,,,,,,
21.294812,ATT,3,,0.0,0.0,93.23,0.0,0.0,0.02,,0.03,,,,93.23,,,,,,,,,,,,,,,,,,,,,,
21.294812,XKF1,,,,,,,,,,,,,,,,0.0,0.0,,,0.015217759233822785,,,,,,0.0,,,,,,,-0.010412842035293579,,-0.010412842035293579,-0.011097428388893604
21.294812,POS,,,,,,,,,,,,,,,,0.011132000130089637,0.0,,,,,37.4274999,-122.1697,,,-0.011132000130089637,,,,-0.02568591758608818,,,,,,
21.394772000000003,ATT,3,,0.0,0.0,93.22,0.0,0.0,0.02,,0.03,,,,93.22,,,,,,,,,,,,,,,,,,,,,,
21.394772000000003,XKF1,,,,,,,,,,,,,,,,0.0,0.0,,,0.01534614612019443,,,,,,0.0,,,,,,,-0.010514778085052967,,-0.010514778085052967,-0.011177819222211838
21.394772000000003,POS,,,,,,,,,,,,,,,,0.011132000130089637,0.0,,,,,37.4274999,-122.1697,,,-0.011132000130089637,,,,-0.025826433673501015,,,,,,
21.494732,ATT,3,,0.0,0.0,93.21,0.0,0.0,0.02,,0.03,,,,93.21,,,,,,,,,,,,,,,,,,,,,,
21.494732,XKF1,,,,,,,,,,,,,,,,0.0,0.0,,,0.015472076026485095,,,,,,0.0,,,,,,,-0.010599412024021149,,-0.010599412024021149,-0.011271095834672451
21.494732,POS,,,,,,,,,,,,,,,,0.011132000130089637,0.0,,,,,37.4274999,-122.1697,,,-0.011132000130089637,,,,-0.025962624698877335,,,,,,
21.594692000000002,ATT,3,,0.0,0.0,93.2,0.0,0.0,0.02,,0.03,,,,93.2,,,,,,,,,,,,,,,,,,,,,,
21.594692000000002,XKF1,,,,,,,,,,,,,,,,0.0,0.0,,,0.015601779398557846,,,,,,0.0,,,,,,,-0.010709147900342941,,-0.010709147900342941,-0.011345909908413887
21.594692000000002,POS,,,,,,,,,,,,,,,,0.011132000130089637,0.0,,,,,37.4274999,-122.1697,,,-0.011132000130089637,,,,-0.0260928925126791,,,,,,
21.694651999999998,ATT,3,,0.0,0.0,93.19,0.0,0.0,0.02,,0.04,,,,93.19,,,,,,,,,,,,,,,,,,,,,,
21.694651999999998,XKF1,,,,,,,,,,,,,,,,0.0,0.0,,,0.01577839061611529,,,,,,0.0,,,,,,,-0.010816430673003197,,-0.010816430673003197,-0.011487490497529507
21.694651999999998,POS,,,,,,,,,,,,,,,,0.011132000130089637,0.0,,,,,37.4274999,-122.1697,,,-0.011132000130089637,,,,-0.02621467038989067,,,,,,
21.794612,ATT,3,,0.0,0.0,93.18,0.0,0.0,0.02,,0.04,,,,93.18,,,,,,,,,,,,,,,,,,,,,,
21.794612,XKF1,,,,,,,,,,,,,,,,0.0,0.0,,,0.015917744612415064,,,,,,0.0,,,,,,,-0.010891101323068142,,-0.010891101323068142,-0.011608553119003773
21.794612,POS,,,,,,,,,,,,,,,,0.011132000130089637,0.0,,,,,37.4274999,-122.1697,,,-0.011132000130089637,,,,-0.026324858888983727,,,,,,
21.894571999999997,ATT,3,,0.0,0.0,93.17,0.0,0.0,0.02,,0.04,,,,93.17,,,,,,,,,,,,,,,,,,,,,,
21.894571999999997,XKF1,,,,,,,,,,,,,,,,0.0,0.0,,,0.01604843144950295,,,,,,0.0,,,,,,,-0.01099096518009901,,-0.01099096518009901,-0.011694051325321198
21.894571999999997,POS,,,,,,,,,,,,,,,,0.011132000130089637,0.0,,,,,37.4274999,-122.1697,,,-0.011132000130089637,,,,-0.02642539143562317,,,,,,
21.994532,ATT,3,,0.0,0.0,93.16,0.0,0.0,0.02,,0.04,,,,93.16,,,,,,,,,,,,,,,,,,,,,,
21.994532,XKF1,,,,,,,,,,,,,,,,0.0,0.0,,,0.01613349988998135,,,,,,0.0,,,,,,,-0.011071620509028435,,-0.011071620509028435,-0.011734949424862862
21.994532,POS,,,,,,,,,,,,,,,,0.011132000130089637,0.0,,,,,37.4274999,-122.1697,,,-0.011132000130089637,,,,-0.026519253849983215,,,,,,
22.094492000000002,ATT,3,,0.0,0.0,93.15,0.0,0.0,0.02,,0.04,,,,93.15,,,,,,,,,,,,,,,,,,,,,,
22.094492000000002,XKF1,,,,,,,,,,,,,,,,0.0,0.0,,,0.016273459324780113,,,,,,0.0,,,,,,,-0.011170436628162861,,-0.011170436628162861,-0.011834138073027134
22.094492000000002,POS,,,,,,,,,,,,,,,,0.011132000130089637,0.0,,,,,37.4274999,-122.1697,,,-0.011132000130089637,,,,-0.02660478837788105,,,,,,
22.194452,ATT,3,,0.0,0.0,93.14,0.0,0.0,0.02,,0.04,,,,93.14,,,,,,,,,,,,,,,,,,,,,,
22.194452,XKF1,,,,,,,,,,,,,,,,0.0,0.0,,,0.016435122604502566,,,,,,0.0,,,,,,,-0.011318236589431763,,-0.011318236589431763,-0.011916827410459518
22.194452,POS,,,,,,,,,,,,,,,,0.011132000130089637,0.0,,,,,37.4274999,-122.1697,,,-0.011132000130089637,,,,-0.026685617864131927,,,,,,
22.294412,ATT,3,,0.0,0.0,93.13,0.0,0.0,0.02,,0.04,,,,93.13,,,,,,,,,,,,,,,,,,,,,,
22.294412,XKF1,,,,,,,,,,,,,,,,0.0,0.0,,,0.0165368685755966,,,,,,0.0,,,,,,,-0.011392992921173573,,-0.011392992921173573,-0.011986147612333298
22.294412,POS,,,,,,,,,,,,,,,,0.011132000130089637,0.0,,,,,37.4274999,-122.1697,,,-0.011132000130089637,,,,-0.026761891320347786,,,,,,
22.394371999999997,ATT,3,,0.0,0.0,93.12,0.0,0.0,0.02,,0.04,,,,93.12,,,,,,,,,,,,,,,,,,,,,,
22.394371999999997,XKF1,,,,,,,,,,,,,,,,0.0,0.0,,,0.016661378455737893,,,,,,0.0,,,,,,,-0.011479593813419342,,-0.011479593813419342,-0.012075614184141159
22.394371999999997,POS,,,,,,,,,,,,,,,,0.011132000130089637,0.0,,,,,37.4274999,-122.1697,,,-0.011132000130089637,,,,-0.02683223970234394,,,,,,
22.494332,ATT,3,,0.0,0.0,93.11,0.0,0.0,0.02,,0.04,,,,93.11,,,,,,,,,,,,,,,,,,,,,,
22.494332,XKF1,,,,,,,,,,,,,,,,0.0,0.0,,,0.016785935712587446,,,,,,0.0,,,,,,,-0.011602921411395073,,-0.011602921411395073,-0.01213012170046568
22.494332,POS,,,,,,,,,,,,,,,,0.011132000130089637,0.0,,,,,37.4274999,-122.1697,,,-0.011132000130089637,,,,-0.026894960552453995,,,,,,
22.594292000000003,ATT,3,,0.0,0.0,93.1,0.0,0.0,0.02,,0.04,,,,93.1,,,,,,,,,,,,,,,,,,,,,,
22.594292000000003,XKF1,,,,,,,,,,,,,,,,0.0,0.0,,,0.01686368682566619,,,,,,0.0,,,,,,,-0.011626699939370155,,-0.011626699939370155,-0.012214899994432926
22.594292000000003,POS,,,,,,,,,,,,,,,,0.011132000130089637,0.0,,,,,37.4274999,-122.1697,,,-0.011132000130089637,,,,-0.026951216161251068,,,,,,
22.694252,ATT,3,,0.0,0.0,93.09,0.0,0.0,0.02,,0.04,,,,93.09,,,,,,,,,,,,,,,,,,,,,,
22.694252,XKF1,,,,,,,,,,,,,,,,0.0,0.0,,,0.017003023668459696,,,,,,0.0,,,,,,,-0.011743314564228058,,-0.011743314564228058,-0.012296234257519245
22.694252,POS,,,,,,,,,,,,,,,,0.011132000130089637,0.0,,,,,37.4274999,-122.1697,,,-0.011132000130089637,,,,-0.027006221935153008,,,,,,
22.759225999999998,MSG,,,,,,,,,,,,,,,,,,,,,,,,,,,,,,,,,,Arm: Need Position Estimate,,
22.759225999999998,MSG,,,,,,,,,,,,,,,,,,,,,,,,,,,,,,,,,,Arm: Fence requires position,,
22.794212,ATT,3,,0.0,0.0,93.08,0.0,0.0,0.02,,0.04,,,,93.08,,,,,,,,,,,,,,,,,,,,,,
22.794212,XKF1,,,,,,,,,,,,,,,,0.0,0.0,,,0.017117195435143458,,,,,,0.0,,,,,,,-0.011788617819547653,,-0.011788617819547653,-0.012410756200551987
22.794212,POS,,,,,,,,,,,,,,,,0.011132000130089637,0.0,,,,,37.4274999,-122.1697,,,-0.011132000130089637,,,,-0.027055000886321068,,,,,,
22.894171999999998,ATT,3,,0.0,0.0,93.07,0.0,0.0,0.02,,0.04,,,,93.07,,,,,,,,,,,,,,,,,,,,,,
22.894171999999998,XKF1,,,,,,,,,,,,,,,,0.0,0.0,,,0.01727100733991554,,,,,,0.0,,,,,,,-0.011877553537487984,,-0.011877553537487984,-0.012538397684693336
22.894171999999998,POS,,,,,,,,,,,,,,,,0.011132000130089637,0.0,,,,,37.4274999,-122.1697,,,-0.011132000130089637,,,,-0.0270980317145586,,,,,,
22.994965,ATT,3,,0.0,0.0,93.06,0.0,0.0,0.02,,0.04,,,,93.06,,,,,,,,,,,,,,,,,,,,,,
22.994965,XKF1,,,,,,,,,,,,,,,,0.0,0.0,,,0.017419549484548186,,,,,,0.0,,,,,,,-0.011994238942861557,,-0.011994238942861557,-0.012632455676794052
22.994965,POS,,,,,,,,,,,,,,,,0.011132000130089637,0.0,,,,,37.4274999,-122.1697,,,-0.011132000130089637,,,,-0.027138972654938698,,,,,,
23.094924999999996,ATT,3,,0.0,0.0,93.05,0.0,0.0,0.02,,0.04,,,,93.05,,,,,,,,,,,,,,,,,,,,,,
23.094924999999996,XKF1,,,,,,,,,,,,,,,,0.0,0.0,,,0.01754310514412497,,,,,,0.0,,,,,,,-0.01206391490995884,,-0.01206391490995884,-0.012736659497022629
23.094924999999996,POS,,,,,,,,,,,,,,,,0.011132000130089637,0.0,,,,,37.4274999,-122.1697,,,-0.011132000130089637,,,,-0.0271800197660923,,,,,,
23.194885,ATT,3,,0.0,0.0,93.04,0.0,0.0,0.02,,0.04,,,,93.04,,,,,,,,,,,,,,,,,,,,,,
23.194885,XKF1,,,,,,,,,,,,,,,,0.0,0.0,,,0.017629601616478495,,,,,,0.0,,,,,,,-0.01208858285099268,,-0.01208858285099268,-0.012832342647016048
23.194885,POS,,,,,,,,,,,,,,,,0.011132000130089637,0.0,,,,,37.4274999,-122.1697,,,-0.011132000130089637,,,,-0.027219563722610474,,,,,,
23.294845000000002,ATT,3,,0.0,0.0,93.03,0.0,0.0,0.02,,0.04,,,,93.03,,,,,,,,,,,,,,,,,,,,,,
23.294845000000002,XKF1,,,,,,,,,,,,,,,,0.0,0.0,,,0.017784852610583147,,,,,,0.0,,,,,,,-0.012216155417263508,,-0.012216155417263508,-0.012925421819090843
23.294845000000002,POS,,,,,,,,,,,,,,,,0.011132000130089637,0.0,,,,,37.4274999,-122.1697,,,-0.011132000130089637,,,,-0.027250124141573906,,,,,,
23.394804999999998,ATT,3,,0.0,0.0,93.02,0.0,0.0,0.02,,0.04,,,,93.02,,,,,,,,,,,,,,,,,,,,,,
23.394804999999998,XKF1,,,,,,,,,,,,,,,,0.0,0.0,,,0.017924810444940376,,,,,,0.0,,,,,,,-0.012315263971686363,,-0.012315263971686363,-0.013024327345192432
23.394804999999998,POS,,,,,,,,,,,,,,,,0.011132000130089637,0.0,,,,,37.4274999,-122.1697,,,-0.011132000130089637,,,,-0.027267687022686005,,,,,,
23.494765,ATT,3,,0.0,0.0,93.01,0.0,0.0,0.02,,0.04,,,,93.01,,,,,,,,,,,,,,,,,,,,,,
23.494765,XKF1,,,,,,,,,,,,,,,,0.0,0.0,,,0.018093885914814332,,,,,,0.0,,,,,,,-0.012471967376768589,,-0.012471967376768589,-0.013108727522194386
23.494765,POS,,,,,,,,,,,,,,,,0.011132000130089637,0.0,,,,,37.4274999,-122.1697,,,-0.011132000130089637,,,,-0.027280941605567932,,,,,,
23.594724999999997,ATT,3,,0.0,0.0,93.0,0.0,0.0,0.02,,0.04,,,,93.0,,,,,,,,,,,,,,,,,,,,,,
23.594724999999997,XKF1,,,,,,,,,,,,,,,,0.0,0.0,,,0.01823672441566507,,,,,,0.0,,,,,,,-0.012574919499456882,,-0.012574919499456882,-0.013207933865487576
23.594724999999997,POS,,,,,,,,,,,,,,,,0.011132000130089637,0.0,,,,,37.4274999,-122.1697,,,-0.011132000130089637,,,,-0.027287594974040985,,,,,,
23.694685,ATT,3,,0.0,0.0,92.99,0.0,0.0,0.02,,0.04,,,,92.99,,,,,,,,,,,,,,,,,,,,,,
23.694685,XKF1,,,,,,,,,,,,,,,,0.0,0.0,,,0.018423928637983172,,,,,,0.0,,,,,,,-0.012693292461335659,,-0.012693292461335659,-0.01335370633751154
23.694685,POS,,,,,,,,,,,,,,,,0.011132000130089637,0.0,,,,,37.4274999,-122.1697,,,-0.011132000130089637,,,,-0.027287153527140617,,,,,,
23.794645000000003,ATT,3,,0.0,0.0,92.98,0.0,0.0,0.02,,0.04,,,,92.98,,,,,,,,,,,,,,,,,,,,,,
23.794645000000003,XKF1,,,,,,,,,,,,,,,,0.0,0.0,,,0.01857717240161361,,,,,,0.0,,,,,,,-0.01284721214324236,,-0.01284721214324236,-0.013418661430478096
23.794645000000003,POS,,,,,,,,,,,,,,,,0.011132000130089637,0.0,,,,,37.4274999,-122.1697,,,-0.011132000130089637,,,,-0.027283554896712303,,,,,,
23.894605,ATT,3,,0.0,0.0,92.97,0.0,0.0,0.02,,0.04,,,,92.97,,,,,,,,,,,,,,,,,,,,,,
23.894605,XKF1,,,,,,,,,,,,,,,,0.0,0.0,,,0.018754722663924226,,,,,,0.0,,,,,,,-0.012986472807824612,,-0.012986472807824612,-0.01353111770004034
23.894605,POS,,,,,,,,,,,,,,,,0.011132000130089637,0.0,,,,,37.4274999,-122.1697,,,-0.011132000130089637,,,,-0.027275724336504936,,,,,,
23.994565,ATT,3,,0.0,0.0,92.96,0.0,0.0,0.02,,0.04,,,,92.96,,,,,,,,,,,,,,,,,,,,,,
23.994565,XKF1,,,,,,,,,,,,,,,,0.0,0.0,,,0.01885886150628557,,,,,,0.0,,,,,,,-0.01306659635156393,,-0.01306659635156393,-0.013598555698990822
23.994565,POS,,,,,,,,,,,,,,,,0.011132000130089637,0.0,,,,,37.4274999,-122.1697,,,-0.011132000130089637,,,,-0.027267826721072197,,,,,,
24.094524999999997,ATT,3,,0.0,0.0,92.95,0.0,0.0,0.02,,0.04,,,,92.95,,,,,,,,,,,,,,,,,,,,,,
24.094524999999997,XKF1,,,,,,,,,,,,,,,,0.0,0.0,,,0.019005782510786103,,,,,,0.0,,,,,,,-0.01315681915730238,,-0.01315681915730238,-0.013715607114136219
24.094524999999997,POS,,,,,,,,,,,,,,,,0.011132000130089637,0.0,,,,,37.4274999,-122.1697,,,-0.011132000130089637,,,,-0.027260173112154007,,,,,,
24.194485,ATT,3,,0.0,0.0,92.94,0.0,0.0,0.02,,0.04,,,,92.94,,,,,,,,,,,,,,,,,,,,,,
24.194485,XKF1,,,,,,,,,,,,,,,,0.0,0.0,,,0.019147136728340976,,,,,,0.0,,,,,,,-0.0132718151435256,,-0.0132718151435256,-0.0138011509552598
24.194485,POS,,,,,,,,,,,,,,,,0.011132000130089637,0.0,,,,,37.4274999,-122.1697,,,-0.011132000130089637,,,,-0.027252530679106712,,,,,,
24.294445000000003,ATT,3,,0.0,0.0,92.93,0.0,0.0,0.02,,0.04,,,,92.93,,,,,,,,,,,,,,,,,,,,,,
24.294445000000003,XKF1,,,,,,,,,,,,,,,,0.0,0.0,,,0.019296597138843657,,,,,,0.0,,,,,,,-0.013384892605245113,,-0.013384892605245113,-0.013899759389460087
24.294445000000003,POS,,,,,,,,,,,,,,,,0.011132000130089637,0.0,,,,,37.4274999,-122.1697,,,-0.011132000130089637,,,,-0.027243949472904205,,,,,,
24.394405,ATT,3,,0.0,0.0,92.92,0.0,0.0,0.02,,0.04,,,,92.92,,,,,,,,,,,,,,,,,,,,,,
24.394405,XKF1,,,,,,,,,,,,,,,,0.0,0.0,,,0.01945709744301889,,,,,,0.0,,,,,,,-0.013513836078345776,,-0.013513836078345776,-0.013998388312757015
24.394405,POS,,,,,,,,,,,,,,,,0.011132000130089637,0.0,,,,,37.4274999,-122.1697,,,-0.011132000130089637,,,,-0.02723492868244648,,,,,,
24.494365000000002,ATT,3,,0.0,0.0,92.91,0.0,0.0,0.02,,0.04,,,,92.91,,,,,,,,,,,,,,,,,,,,,,
24.494365000000002,XKF1,,,,,,,,,,,,,,,,0.0,0.0,,,0.019626855462845445,,,,,,0.0,,,,,,,-0.013642977923154831,,-0.013642977923154831,-0.014109663665294647
24.494365000000002,POS,,,,,,,,,,,,,,,,0.011132000130089637,0.0,,,,,37.4274999,-122.1697,,,-0.011132000130089637,,,,-0.027224434539675713,,,,,,
24.594324999999998,ATT,3,,0.0,0.0,92.9,0.0,0.0,0.02,,0.04,,,,92.9,,,,,,,,,,,,,,,,,,,,,,
24.594324999999998,XKF1,,,,,,,,,,,,,,,,0.0,0.0,,,0.01978907842877327,,,,,,0.0,,,,,,,-0.013759464956820013,,-0.013759464956820011,-0.014222684316337109
24.594324999999998,POS,,,,,,,,,,,,,,,,0.011132000130089637,0.0,,,,,37.4274999,-122.1697,,,-0.011132000130089637,,,,-0.027212101966142654,,,,,,
24.694285,ATT,3,,0.0,0.0,92.89,0.0,0.0,0.03,,0.04,,,,92.89,,,,,,,,,,,,,,,,,,,,,,
24.694285,XKF1,,,,,,,,,,,,,,,,0.0,0.0,,,0.019894418915884133,,,,,,0.0,,,,,,,-0.013836465775966646,,-0.013836465775966644,-0.014294758439064026
24.694285,POS,,,,,,,,,,,,,,,,0.011132000130089637,0.0,,,,,37.4274999,-122.1697,,,-0.011132000130089637,,,,-0.027198350057005882,,,,,,
24.794244999999997,ATT,3,,0.0,0.0,92.88,0.0,0.0,0.03,,0.04,,,,92.88,,,,,,,,,,,,,,,,,,,,,,
24.794244999999997,XKF1,,,,,,,,,,,,,,,,0.0,0.0,,,0.02005835349808176,,,,,,0.0,,,,,,,-0.013986473903059961,,-0.01398647390305996,-0.014377624727785587
24.794244999999997,POS,,,,,,,,,,,,,,,,0.011132000130089637,0.0,,,,,37.4274999,-122.1697,,,-0.011132000130089637,,,,-0.027180524542927742,,,,,,
24.894205,ATT,3,,0.0,0.0,92.88,0.0,0.0,0.03,,0.04,,,,92.88,,,,,,,,,,,,,,,,,,,,,,
24.894205,XKF1,,,,,,,,,,,,,,,,0.0,0.0,,,0.02014226975299886,,,,,,0.0,,,,,,,-0.014050234109163286,,-0.014050234109163284,-0.01443266961723566
24.894205,POS,,,,,,,,,,,,,,,,0.011132000130089637,0.0,,,,,37.4274999,-122.1697,,,-0.011132000130089637,,,,-0.02715912088751793,,,,,,
24.994998000000002,ATT,3,,0.0,0.0,92.87,0.0,0.0,0.03,,0.04,,,,92.87,,,,,,,,,,,,,,,,,,,,,,
24.994998000000002,XKF1,,,,,,,,,,,,,,,,0.0,0.0,,,0.020297660412291568,,,,,,0.0,,,,,,,-0.014188867062330248,,-0.014188867062330246,-0.01451451238244772
24.994998000000002,POS,,,,,,,,,,,,,,,,0.011132000130089637,0.0,,,,,37.4274999,-122.1697,,,-0.011132000130089637,,,,-0.027136677876114845,,,,,,
25.094958,ATT,3,,0.0,0.0,92.86,0.0,0.0,0.03,,0.04,,,,92.86,,,,,,,,,,,,,,,,,,,,,,
25.094958,XKF1,,,,,,,,,,,,,,,,0.0,0.0,,,0.020417141396382545,,,,,,0.0,,,,,,,-0.014259855262935163,,-0.014259855262935162,-0.01461219321936369
25.094958,POS,,,,,,,,,,,,,,,,0.011132000130089637,0.0,,,,,37.4274999,-122.1697,,,-0.011132000130089637,,,,-0.027114616706967354,,,,,,
25.194918,ATT,3,,0.0,0.0,92.85,0.0,0.0,0.03,,0.04,,,,92.85,,,,,,,,,,,,,,,,,,,,,,
25.194918,XKF1,,,,,,,,,,,,,,,,0.0,0.0,,,0.020572604189239226,,,,,,0.0,,,,,,,-0.01441337261348963,,-0.014413372613489628,-0.014679466374218464
25.194918,POS,,,,,,,,,,,,,,,,0.011132000130089637,0.0,,,,,37.4274999,-122.1697,,,-0.011132000130089637,,,,-0.027091113850474358,,,,,,
25.294877999999997,ATT,3,,0.0,0.0,92.84,0.0,0.0,0.03,,0.04,,,,92.84,,,,,,,,,,,,,,,,,,,,,,
25.294877999999997,XKF1,,,,,,,,,,,,,,,,0.0,0.0,,,0.02071775992287709,,,,,,0.0,,,,,,,-0.014548938721418382,,-0.01454893872141838,-0.014749710448086262
25.294877999999997,POS,,,,,,,,,,,,,,,,0.011132000130089637,0.0,,,,,37.4274999,-122.1697,,,-0.011132000130089637,,,,-0.027065329253673553,,,,,,
25.394838,ATT,3,,0.0,0.0,92.83,0.0,0.0,0.03,,0.04,,,,92.83,,,,,,,,,,,,,,,,,,,,,,
25.394838,XKF1,,,,,,,,,,,,,,,,0.0,0.0,,,0.0208327201227548,,,,,,0.0,,,,,,,-0.014642284251749517,,-0.014642284251749516,-0.014819100499153137
25.394838,POS,,,,,,,,,,,,,,,,0.011132000130089637,0.0,,,,,37.4274999,-122.1697,,,-0.011132000130089637,,,,-0.02704119309782982,,,,,,
25.494798000000003,ATT,3,,0.0,0.0,92.82,0.0,0.0,0.03,,0.04,,,,92.82,,,,,,,,,,,,,,,,,,,,,,
25.494798000000003,XKF1,,,,,,,,,,,,,,,,0.0,0.0,,,0.020937193756162726,,,,,,0.0,,,,,,,-0.014724634587764742,,-0.01472463458776474,-0.014884596690535545
25.494798000000003,POS,,,,,,,,,,,,,,,,0.011132000130089637,0.0,,,,,37.4274999,-122.1697,,,-0.011132000130089637,,,,-0.02701684646308422,,,,,,
25.594758,ATT,3,,0.0,0.0,92.81,0.0,0.0,0.03,,0.04,,,,92.81,,,,,,,,,,,,,,,,,,,,,,
25.594758,XKF1,,,,,,,,,,,,,,,,0.0,0.0,,,0.02104153827749014,,,,,,0.0,,,,,,,-0.014834325760602953,,-0.014834325760602951,-0.014922771602869034
25.594758,POS,,,,,,,,,,,,,,,,0.011132000130089637,0.0,,,,,37.4274999,-122.1697,,,-0.011132000130089637,,,,-0.02699088491499424,,,,,,
25.694718,ATT,3,,0.0,0.0,92.8,0.0,0.0,0.03,,0.04,,,,92.8,,,,,,,,,,,,,,,,,,,,,,
25.694718,XKF1,,,,,,,,,,,,,,,,0.0,0.0,,,0.021236065062315936,,,,,,0.0,,,,,,,-0.014975469559431078,,-0.014975469559431076,-0.015056751668453217
25.694718,POS,,,,,,,,,,,,,,,,0.011132000130089637,0.0,,,,,37.4274999,-122.1697,,,-0.011132000130089637,,,,-0.026962244883179665,,,,,,
25.794677999999998,ATT,3,,0.0,0.0,92.79,0.0,0.0,0.03,,0.04,,,,92.79,,,,,,,,,,,,,,,,,,,,,,
25.794677999999998,XKF1,,,,,,,,,,,,,,,,0.0,0.0,,,0.02136714610014443,,,,,,0.0,,,,,,,-0.015116979368031027,,-0.015116979368031025,-0.015100724063813686
25.794677999999998,POS,,,,,,,,,,,,,,,,0.011132000130089637,0.0,,,,,37.4274999,-122.1697,,,-0.011132000130089637,,,,-0.02692963369190693,,,,,,
25.894638,ATT,3,,0.0,0.0,92.79,0.0,0.0,0.03,,0.04,,,,92.79,,,,,,,,,,,,,,,,,,,,,,
25.894638,XKF1,,,,,,,,,,,,,,,,0.0,0.0,,,0.02151635248090499,,,,,,0.0,,,,,,,-0.015251505188643934,,-0.015251505188643932,-0.015177121385931969
25.894638,POS,,,,,,,,,,,,,,,,0.011132000130089637,0.0,,,,,37.4274999,-122.1697,,,-0.011132000130089637,,,,-0.02689325250685215,,,,,,
25.994598000000003,ATT,3,,0.0,0.0,92.78,0.0,0.0,0.03,,0.04,,,,92.78,,,,,,,,,,,,,,,,,,,,,,
25.994598000000003,XKF1,,,,,,,,,,,,,,,,0.0,0.0,,,0.021662375444991118,,,,,,0.0,,,,,,,-0.015379837714135649,,-0.015379837714135647,-0.015255133621394634
25.994598000000003,POS,,,,,,,,,,,,,,,,0.011132000130089637,0.0,,,,,37.4274999,-122.1697,,,-0.011132000130089637,,,,-0.02685662917792797,,,,,,
26.094558,ATT,3,,0.0,0.0,92.77,0.0,0.0,0.03,,0.04,,,,92.77,,,,,,,,,,,,,,,,,,,,,,
26.094558,XKF1,,,,,,,,,,,,,,,,0.0,0.0,,,0.021775453368122113,,,,,,0.0,,,,,,,-0.0154840424656868,,-0.015484042465686798,-0.015310610644519329
26.094558,POS,,,,,,,,,,,,,,,,0.011132000130089637,0.0,,,,,37.4274999,-122.1697,,,-0.011132000130089637,,,,-0.0268196202814579,,,,,,
26.194518000000002,ATT,3,,0.0,0.0,92.76,0.0,0.0,0.03,,0.04,,,,92.76,,,,,,,,,,,,,,,,,,,,,,
26.194518000000002,XKF1,,,,,,,,,,,,,,,,0.0,0.0,,,0.02189455136008813,,,,,,0.0,,,,,,,-0.015596201643347742,,-0.01559620164334774,-0.015366517938673496
26.194518000000002,POS,,,,,,,,,,,,,,,,0.011132000130089637,0.0,,,,,37.4274999,-122.1697,,,-0.011132000130089637,,,,-0.02677873522043228,,,,,,
26.294477999999998,ATT,3,,0.0,0.0,92.75,0.0,0.0,0.03,,0.04,,,,92.75,,,,,,,,,,,,,,,,,,,,,,
26.294477999999998,XKF1,,,,,,,,,,,,,,,,0.0,0.0,,,0.022035071029140294,,,,,,0.0,,,,,,,-0.01569625362753868,,-0.01569625362753868,-0.015465185977518559
26.294477999999998,POS,,,,,,,,,,,,,,,,0.011132000130089637,0.0,,,,,37.4274999,-122.1697,,,-0.011132000130089637,,,,-0.026736345142126083,,,,,,
26.394438,ATT,3,,0.0,0.0,92.74,0.0,0.0,0.03,,0.04,,,,92.74,,,,,,,,,,,,,,,,,,,,,,
26.394438,XKF1,,,,,,,,,,,,,,,,0.0,0.0,,,0.022156410050212516,,,,,,0.0,,,,,,,-0.015823520720005035,,-0.015823520720005035,-0.015508794225752354
26.394438,POS,,,,,,,,,,,,,,,,0.011132000130089637,0.0,,,,,37.4274999,-122.1697,,,-0.011132000130089637,,,,-0.0266899224370718,,,,,,
26.494397999999997,ATT,3,,0.0,0.0,92.73,0.0,0.0,0.03,,0.04,,,,92.73,,,,,,,,,,,,,,,,,,,,,,
26.494397999999997,XKF1,,,,,,,,,,,,,,,,0.0,0.0,,,0.02229415976240657,,,,,,0.0,,,,,,,-0.01595025323331356,,-0.01595025323331356,-0.01557623129338026
26.494397999999997,POS,,,,,,,,,,,,,,,,0.011132000130089637,0.0,,,,,37.4274999,-122.1697,,,-0.011132000130089637,,,,-0.02664361149072647,,,,,,
26.594358,ATT,3,,0.0,0.0,92.72,0.0,0.0,0.03,,0.04,,,,92.72,,,,,,,,,,,,,,,,,,,,,,
26.594358,XKF1,,,,,,,,,,,,,,,,0.0,0.0,,,0.022421145090933646,,,,,,0.0,,,,,,,-0.01606232114136219,,-0.01606232114136219,-0.015643196180462837
26.594358,POS,,,,,,,,,,,,,,,,0.011132000130089637,0.0,,,,,37.4274999,-122.1697,,,-0.011132000130089637,,,,-0.02659803442656994,,,,,,
26.694318000000003,ATT,3,,0.0,0.0,92.71,0.0,0.0,0.03,,0.04,,,,92.71,,,,,,,,,,,,,,,,,,,,,,
26.694318000000003,XKF1,,,,,,,,,,,,,,,,0.0,0.0,,,0.022515176697093124,,,,,,0.0,,,,,,,-0.01615719124674797,,-0.01615719124674797,-0.015680508688092232
26.694318000000003,POS,,,,,,,,,,,,,,,,0.011132000130089637,0.0,,,,,37.4274999,-122.1697,,,-0.011132000130089637,,,,-0.02655445970594883,,,,,,
26.794278,ATT,3,,0.0,0.0,92.71,0.0,0.0,0.03,,0.05,,,,92.71,,,,,,,,,,,,,,,,,,,,,,
26.794278,XKF1,,,,,,,,,,,,,,,,0.0,0.0,,,0.022704621923857485,,,,,,0.0,,,,,,,-0.016321124508976936,,-0.016321124508976936,-0.015783559530973434
26.794278,POS,,,,,,,,,,,,,,,,0.011132000130089637,0.0,,,,,37.4274999,-122.1697,,,-0.011132000130089637,,,,-0.026511067524552345,,,,,,
26.894238,ATT,3,,0.0,0.0,92.7,0.0,0.0,0.03,,0.05,,,,92.7,,,,,,,,,,,,,,,,,,,,,,
26.894238,XKF1,,,,,,,,,,,,,,,,0.0,0.0,,,0.022797864047573845,,,,,,0.0,,,,,,,-0.01641756296157837,,-0.01641756296157837,-0.015817908570170403
26.894238,POS,,,,,,,,,,,,,,,,0.011132000130089637,0.0,,,,,37.4274999,-122.1697,,,-0.011132000130089637,,,,-0.026469675824046135,,,,,,
26.994197999999997,ATT,3,,0.0,0.0,92.69,0.0,0.0,0.03,,0.05,,,,92.69,,,,,,,,,,,,,,,,,,,,,,
26.994197999999997,XKF1,,,,,,,,,,,,,,,,0.0,0.0,,,0.022887279714575205,,,,,,0.0,,,,,,,-0.016494276002049446,,-0.016494276002049446,-0.015867149457335472
26.994197999999997,POS,,,,,,,,,,,,,,,,0.011132000130089637,0.0,,,,,37.4274999,-122.1697,,,-0.011132000130089637,,,,-0.026424285024404526,,,,,,
27.094991,ATT,3,,0.0,0.0,92.68,0.0,0.0,0.03,,0.05,,,,92.68,,,,,,,,,,,,,,,,,,,,,,
27.094991,XKF1,,,,,,,,,,,,,,,,0.0,0.0,,,0.02301065833929426,,,,,,0.0,,,,,,,-0.016593098640441895,,-0.016593098640441895,-0.01594237983226776
27.094991,POS,,,,,,,,,,,,,,,,0.011132000130089637,0.0,,,,,37.4274999,-122.1697,,,-0.011132000130089637,,,,-0.026380354538559914,,,,,,
27.194951000000003,ATT,3,,0.0,0.0,92.67,0.0,0.0,0.03,,0.05,,,,92.67,,,,,,,,,,,,,,,,,,,,,,
27.194951000000003,XKF1,,,,,,,,,,,,,,,,0.0,0.0,,,0.023155576632631375,,,,,,0.0,,,,,,,-0.016695458441972733,,-0.016695458441972733,-0.016045011579990387
27.194951000000003,POS,,,,,,,,,,,,,,,,0.011132000130089637,0.0,,,,,37.4274999,-122.1697,,,-0.011132000130089637,,,,-0.026338333263993263,,,,,,
27.294911,ATT,3,,0.0,0.0,92.66,0.0,0.0,0.03,,0.05,,,,92.66,,,,,,,,,,,,,,,,,,,,,,
27.294911,XKF1,,,,,,,,,,,,,,,,0.0,0.0,,,0.023279773291271712,,,,,,0.0,,,,,,,-0.016803601756691933,,-0.016803601756691933,-0.016111698001623154
27.294911,POS,,,,,,,,,,,,,,,,0.011132000130089637,0.0,,,,,37.4274999,-122.1697,,,-0.011132000130089637,,,,-0.026301218196749687,,,,,,
27.394871000000002,ATT,3,,0.0,0.0,92.66,0.0,0.0,0.03,,0.05,,,,92.66,,,,,,,,,,,,,,,,,,,,,,
27.394871000000002,XKF1,,,,,,,,,,,,,,,,0.0,0.0,,,0.02346202418619444,,,,,,0.0,,,,,,,-0.016963424161076546,,-0.016963424161076546,-0.01620829477906227
27.394871000000002,POS,,,,,,,,,,,,,,,,0.011132000130089637,0.0,,,,,37.4274999,-122.1697,,,-0.011132000130089637,,,,-0.026264145970344543,,,,,,
27.494830999999998,ATT,3,,0.0,0.0,92.65,0.0,0.0,0.03,,0.05,,,,92.65,,,,,,,,,,,,,,,,,,,,,,
27.494830999999998,XKF1,,,,,,,,,,,,,,,,0.0,0.0,,,0.02363280952893325,,,,,,0.0,,,,,,,-0.017101146280765533,,-0.017101146280765533,-0.016311360523104668
27.494830999999998,POS,,,,,,,,,,,,,,,,0.011132000130089637,0.0,,,,,37.4274999,-122.1697,,,-0.011132000130089637,,,,-0.026228763163089752,,,,,,
27.594791,ATT,3,,0.0,0.0,92.64,0.0,0.0,0.03,,0.05,,,,92.64,,,,,,,,,,,,,,,,,,,,,,
27.594791,XKF1,,,,,,,,,,,,,,,,0.0,0.0,,,0.02375742135445767,,,,,,0.0,,,,,,,-0.017197920009493828,,-0.017197920009493828,-0.016390442848205566
27.594791,POS,,,,,,,,,,,,,,,,0.011132000130089637,0.0,,,,,37.4274999,-122.1697,,,-0.011132000130089637,,,,-0.02619452215731144,,,,,,
27.694750999999997,ATT,3,,0.0,0.0,92.63,0.0,0.0,0.03,,0.05,,,,92.63,,,,,,,,,,,,,,,,,,,,,,
27.694750999999997,XKF1,,,,,,,,,,,,,,,,0.0,0.0,,,0.02390042239787328,,,,,,0.0,,,,,,,-0.01729642227292061,,-0.01729642227292061,-0.01649436168372631
27.694750999999997,POS,,,,,,,,,,,,,,,,0.011132000130089637,0.0,,,,,37.4274999,-122.1697,,,-0.011132000130089637,,,,-0.026157569140195847,,,,,,
27.794711,ATT,3,,0.0,0.0,92.62,0.0,0.0,0.03,,0.05,,,,92.62,,,,,,,,,,,,,,,,,,,,,,
27.794711,XKF1,,,,,,,,,,,,,,,,0.0,0.0,,,0.02397196189973849,,,,,,0.0,,,,,,,-0.017372766509652138,,-0.017372766509652138,-0.01651792787015438
27.794711,POS,,,,,,,,,,,,,,,,0.011132000130089637,0.0,,,,,37.4274999,-122.1697,,,-0.011132000130089637,,,,-0.02611507847905159,,,,,,
27.894671000000002,ATT,3,,0.0,0.0,92.62,0.0,0.0,0.03,,0.05,,,,92.62,,,,,,,,,,,,,,,,,,,,,,
27.894671000000002,XKF1,,,,,,,,,,,,,,,,0.0,0.0,,,0.024103923785084642,,,,,,0.0,,,,,,,-0.017476286739110947,,-0.017476286739110947,-0.016600558534264565
27.894671000000002,POS,,,,,,,,,,,,,,,,0.011132000130089637,0.0,,,,,37.4274999,-122.1697,,,-0.011132000130089637,,,,-0.02607443742454052,,,,,,
27.994631,ATT,3,,0.0,0.0,92.61,0.0,0.0,0.03,,0.05,,,,92.61,,,,,,,,,,,,,,,,,,,,,,
27.994631,XKF1,,,,,,,,,,,,,,,,0.0,0.0,,,0.024219306004863318,,,,,,0.0,,,,,,,-0.017599549144506454,,-0.017599549144506454,-0.01663822866976261
27.994631,POS,,,,,,,,,,,,,,,,0.011132000130089637,0.0,,,,,37.4274999,-122.1697,,,-0.011132000130089637,,,,-0.026036255061626434,,,,,,
27.994631,MSG,,,,,,,,,,,,,,,,,,,,,,,,,,,,,,,,,,PreArm: Need Position Estimate,,
27.994631,MSG,,,,,,,,,,,,,,,,,,,,,,,,,,,,,,,,,,PreArm: Fence requires position,,
28.094591,ATT,3,,0.0,0.0,92.6,0.0,0.0,0.03,,0.05,,,,92.6,,,,,,,,,,,,,,,,,,,,,,
28.094591,XKF1,,,,,,,,,,,,,,,,0.0,0.0,,,0.024333589628022605,,,,,,0.0,,,,,,,-0.017695805057883263,,-0.017695805057883263,-0.01670275628566742
28.094591,POS,,,,,,,,,,,,,,,,0.011132000130089637,0.0,,,,,37.4274999,-122.1697,,,-0.011132000130089637,,,,-0.02599548175930977,,,,,,
28.194550999999997,ATT,3,,0.0,0.0,92.59,0.0,0.0,0.03,,0.05,,,,92.59,,,,,,,,,,,,,,,,,,,,,,
28.194550999999997,XKF1,,,,,,,,,,,,,,,,0.0,0.0,,,0.02444824960218006,,,,,,0.0,,,,,,,-0.017789548262953758,,-0.017789548262953758,-0.01677047647535801
28.194550999999997,POS,,,,,,,,,,,,,,,,0.011132000130089637,0.0,,,,,37.4274999,-122.1697,,,-0.011132000130089637,,,,-0.025953060016036034,,,,,,
28.294511,ATT,3,,0.0,0.0,92.58,0.0,0.0,0.03,,0.05,,,,92.58,,,,,,,,,,,,,,,,,,,,,,
28.294511,XKF1,,,,,,,,,,,,,,,,0.0,0.0,,,0.024606297156156188,,,,,,0.0,,,,,,,-0.017922913655638695,,-0.017922913655638695,-0.01685938984155655
28.294511,POS,,,,,,,,,,,,,,,,0.011132000130089637,0.0,,,,,37.4274999,-122.1697,,,-0.011132000130089637,,,,-0.02591095305979252,,,,,,
28.394471000000003,ATT,3,,0.0,0.0,92.58,0.0,0.0,0.03,,0.05,,,,92.58,,,,,,,,,,,,,,,,,,,,,,
28.394471000000003,XKF1,,,,,,,,,,,,,,,,0.0,0.0,,,0.024690606380400586,,,,,,0.0,,,,,,,-0.018001990392804146,,-0.018001990392804146,-0.01689835451543331
28.394471000000003,POS,,,,,,,,,,,,,,,,0.011132000130089637,0.0,,,,,37.4274999,-122.1697,,,-0.011132000130089637,,,,-0.025874990969896317,,,,,,
28.494431,ATT,3,,0.0,0.0,92.57,0.0,0.0,0.03,,0.05,,,,92.57,,,,,,,,,,,,,,,,,,,,,,
28.494431,XKF1,,,,,,,,,,,,,,,,0.0,0.0,,,0.024876490026377204,,,,,,0.0,,,,,,,-0.01811954565346241,,-0.01811954565346241,-0.01704470068216324
28.494431,POS,,,,,,,,,,,,,,,,0.011132000130089637,0.0,,,,,37.4274999,-122.1697,,,-0.011132000130089637,,,,-0.02584115043282509,,,,,,
28.594391,ATT,3,,0.0,0.0,92.56,0.0,0.0,0.04,,0.05,,,,92.56,,,,,,,,,,,,,,,,,,,,,,
28.594391,XKF1,,,,,,,,,,,,,,,,0.0,0.0,,,0.02500787371994942,,,,,,0.0,,,,,,,-0.018224971368908882,,-0.018224971368908882,-0.017124373465776443
28.594391,POS,,,,,,,,,,,,,,,,0.011132000130089637,0.0,,,,,37.4274999,-122.1697,,,-0.011132000130089637,,,,-0.025811104103922844,,,,,,
28.694350999999997,ATT,3,,0.0,0.0,92.55,0.0,0.0,0.04,,0.05,,,,92.55,,,,,,,,,,,,,,,,,,,,,,
28.694350999999997,XKF1,,,,,,,,,,,,,,,,0.0,0.0,,,0.025082885995574067,,,,,,0.0,,,,,,,-0.018281128257513046,,-0.018281128257513046,-0.01717415265738964
28.694350999999997,POS,,,,,,,,,,,,,,,,0.011132000130089637,0.0,,,,,37.4274999,-122.1697,,,-0.011132000130089637,,,,-0.02578389272093773,,,,,,
28.794311,ATT,3,,0.0,0.0,92.54,0.0,0.0,0.04,,0.05,,,,92.54,,,,,,,,,,,,,,,,,,,,,,
28.794311,XKF1,,,,,,,,,,,,,,,,0.0,0.0,,,0.02526367448236995,,,,,,0.0,,,,,,,-0.018393993377685547,,-0.018393993377685547,-0.017318032681941986
28.794311,POS,,,,,,,,,,,,,,,,0.011132000130089637,0.0,,,,,37.4274999,-122.1697,,,-0.011132000130089637,,,,-0.025756625458598137,,,,,,
28.894271000000003,ATT,3,,0.0,0.0,92.54,0.0,0.0,0.04,,0.05,,,,92.54,,,,,,,,,,,,,,,,,,,,,,
28.894271000000003,XKF1,,,,,,,,,,,,,,,,0.0,0.0,,,0.02544212520602987,,,,,,0.0,,,,,,,-0.01851077750325203,,-0.01851077750325203,-0.01745430752635002
28.894271000000003,POS,,,,,,,,,,,,,,,,0.011132000130089637,0.0,,,,,37.4274999,-122.1697,,,-0.011132000130089637,,,,-0.02573276311159134,,,,,,
28.994231,ATT,3,,0.0,0.0,92.53,0.0,0.0,0.04,,0.05,,,,92.53,,,,,,,,,,,,,,,,,,,,,,
28.994231,XKF1,,,,,,,,,,,,,,,,0.0,0.0,,,0.02566263203600881,,,,,,0.0,,,,,,,-0.018679622560739517,,-0.018679622560739517,-0.017596658319234848
28.994231,POS,,,,,,,,,,,,,,,,0.011132000130089637,0.0,,,,,37.4274999,-122.1697,,,-0.011132000130089637,,,,-0.025708546862006187,,,,,,
29.094191000000002,ATT,3,,0.0,0.0,92.52,0.0,0.0,0.04,,0.05,,,,92.52,,,,,,,,,,,,,,,,,,,,,,
29.094191000000002,XKF1,,,,,,,,,,,,,,,,0.0,0.0,,,0.025819625150531732,,,,,,0.0,,,,,,,-0.018810249865055084,,-0.018810249865055084,-0.017686931416392326
29.094191000000002,POS,,,,,,,,,,,,,,,,0.011132000130089637,0.0,,,,,37.4274999,-122.1697,,,-0.011132000130089637,,,,-0.0256865993142128,,,,,,
29.194983999999998,ATT,3,,0.0,0.0,92.51,0.0,0.0,0.04,,0.05,,,,92.51,,,,,,,,,,,,,,,,,,,,,,
29.194983999999998,XKF1,,,,,,,,,,,,,,,,0.0,0.0,,,0.025940871503440165,,,,,,0.0,,,,,,,-0.01893744058907032,,-0.01893744058907032,-0.017728568986058235
29.194983999999998,POS,,,,,,,,,,,,,,,,0.011132000130089637,0.0,,,,,37.4274999,-122.1697,,,-0.011132000130089637,,,,-0.025666875764727592,,,,,,
29.294944,ATT,3,,0.0,0.0,92.51,0.0,0.0,0.04,,0.05,,,,92.51,,,,,,,,,,,,,,,,,,,,,,
29.294944,XKF1,,,,,,,,,,,,,,,,0.0,0.0,,,0.026022916068388767,,,,,,0.0,,,,,,,-0.01897120662033558,,-0.01897120662033558,-0.017812509089708328
29.294944,POS,,,,,,,,,,,,,,,,0.011132000130089637,0.0,,,,,37.4274999,-122.1697,,,-0.011132000130089637,,,,-0.025652773678302765,,,,,,
29.394903999999997,ATT,3,,0.0,0.0,92.5,0.0,0.0,0.04,,0.05,,,,92.5,,,,,,,,,,,,,,,,,,,,,,
29.394903999999997,XKF1,,,,,,,,,,,,,,,,0.0,0.0,,,0.026175772596296307,,,,,,0.0,,,,,,,-0.01909858174622059,,-0.01909858174622059,-0.017900146543979645
29.394903999999997,POS,,,,,,,,,,,,,,,,0.011132000130089637,0.0,,,,,37.4274999,-122.1697,,,-0.011132000130089637,,,,-0.025638019666075706,,,,,,
29.494864,ATT,3,,0.0,0.0,92.49,0.0,0.0,0.04,,0.05,,,,92.49,,,,,,,,,,,,,,,,,,,,,,
29.494864,XKF1,,,,,,,,,,,,,,,,0.0,0.0,,,0.02635176992694758,,,,,,0.0,,,,,,,-0.019227104261517525,,-0.019227104261517525,-0.0180203840136528
29.494864,POS,,,,,,,,,,,,,,,,0.011132000130089637,0.0,,,,,37.4274999,-122.1697,,,-0.011132000130089637,,,,-0.025621792301535606,,,,,,
29.594824000000003,ATT,3,,0.0,0.0,92.48,0.0,0.0,0.04,,0.05,,,,92.48,,,,,,,,,,,,,,,,,,,,,,
29.594824000000003,XKF1,,,,,,,,,,,,,,,,0.0,0.0,,,0.026494930398417185,,,,,,0.0,,,,,,,-0.019312825053930283,,-0.019312825053930283,-0.018138250336050987
29.594824000000003,POS,,,,,,,,,,,,,,,,0.011132000130089637,0.0,,,,,37.4274999,-122.1697,,,-0.011132000130089637,,,,-0.025606049224734306,,,,,,
29.694784,ATT,3,,0.0,0.0,92.48,0.0,0.0,0.04,,0.05,,,,92.48,,,,,,,,,,,,,,,,,,,,,,
29.694784,XKF1,,,,,,,,,,,,,,,,0.0,0.0,,,0.026624337580390848,,,,,,0.0,,,,,,,-0.019377727061510086,,-0.019377727061510086,-0.018258122727274895
29.694784,POS,,,,,,,,,,,,,,,,0.011132000130089637,0.0,,,,,37.4274999,-122.1697,,,-0.011132000130089637,,,,-0.0255900826305151,,,,,,
29.794744,ATT,3,,0.0,0.0,92.47,0.0,0.0,0.04,,0.05,,,,92.47,,,,,,,,,,,,,,,,,,,,,,
29.794744,XKF1,,,,,,,,,,,,,,,,0.0,0.0,,,0.02676025801038072,,,,,,0.0,,,,,,,-0.019476378336548805,,-0.019476378336548805,-0.01835162378847599
29.794744,POS,,,,,,,,,,,,,,,,0.011132000130089637,0.0,,,,,37.4274999,-122.1697,,,-0.011132000130089637,,,,-0.025575991719961166,,,,,,
29.894703999999997,ATT,3,,0.0,0.0,92.46,0.0,0.0,0.04,,0.05,,,,92.46,,,,,,,,,,,,,,,,,,,,,,
29.894703999999997,XKF1,,,,,,,,,,,,,,,,0.0,0.0,,,0.026879391711335392,,,,,,0.0,,,,,,,-0.019585272297263145,,-0.019585272297263145,-0.018409747630357742
29.894703999999997,POS,,,,,,,,,,,,,,,,0.011132000130089637,0.0,,,,,37.4274999,-122.1697,,,-0.011132000130089637,,,,-0.025565573945641518,,,,,,
29.994664,ATT,3,,0.0,0.0,92.46,0.0,0.0,0.04,,0.05,,,,92.46,,,,,,,,,,,,,,,,,,,,,,
29.994664,XKF1,,,,,,,,,,,,,,,,0.0,0.0,,,0.02703285088680536,,,,,,0.0,,,,,,,-0.019686579704284668,,-0.019686579704284668,-0.018526025116443634
29.994664,POS,,,,,,,,,,,,,,,,0.011132000130089637,0.0,,,,,37.4274999,-122.1697,,,-0.011132000130089637,,,,-0.02555244043469429,,,,,,
30.094623999999996,ATT,3,,0.0,0.0,92.45,0.0,0.0,0.04,,0.05,,,,92.45,,,,,,,,,,,,,,,,,,,,,,
30.094623999999996,XKF1,,,,,,,,,,,,,,,,0.0,0.0,,,0.02716053101200933,,,,,,0.0,,,,,,,-0.0197722427546978,,-0.0197722427546978,-0.018621301278471947
30.094623999999996,POS,,,,,,,,,,,,,,,,0.011132000130089637,0.0,,,,,37.4274999,-122.1697,,,-0.011132000130089637,,,,-0.02553674206137657,,,,,,
30.194584,ATT,3,,0.0,0.0,92.44,0.0,0.0,0.04,,0.05,,,,92.44,,,,,,,,,,,,,,,,,,,,,,
30.194584,XKF1,,,,,,,,,,,,,,,,0.0,0.0,,,0.027287272684322742,,,,,,0.0,,,,,,,-0.01990588568150997,,-0.01990588568150997,-0.0186641626060009
30.194584,POS,,,,,,,,,,,,,,,,0.011132000130089637,0.0,,,,,37.4274999,-122.1697,,,-0.011132000130089637,,,,-0.025521274656057358,,,,,,
30.294543999999995,ATT,3,,0.0,0.0,92.43,0.0,0.0,0.04,,0.05,,,,92.43,,,,,,,,,,,,,,,,,,,,,,
30.294543999999995,XKF1,,,,,,,,,,,,,,,,0.0,0.0,,,0.027418649785299766,,,,,,0.0,,,,,,,-0.020032424479722977,,-0.020032424479722977,-0.01872122660279274
30.294543999999995,POS,,,,,,,,,,,,,,,,0.011132000130089637,0.0,,,,,37.4274999,-122.1697,,,-0.011132000130089637,,,,-0.02550562098622322,,,,,,
30.394503999999998,ATT,3,,0.0,0.0,92.43,0.0,0.0,0.04,,0.05,,,,92.43,,,,,,,,,,,,,,,,,,,,,,
30.394503999999998,XKF1,,,,,,,,,,,,,,,,0.0,0.0,,,0.027582820548641588,,,,,,0.0,,,,,,,-0.02018643356859684,,-0.02018643356859684,-0.018796805292367935
30.394503999999998,POS,,,,,,,,,,,,,,,,0.011132000130089637,0.0,,,,,37.4274999,-122.1697,,,-0.011132000130089637,,,,-0.025490233674645424,,,,,,
30.494464,ATT,3,,0.0,0.0,92.42,0.0,0.0,0.04,,0.05,,,,92.42,,,,,,,,,,,,,,,,,,,,,,
30.494464,XKF1,,,,,,,,,,,,,,,,0.0,0.0,,,0.027737344458423137,,,,,,0.0,,,,,,,-0.020301027223467827,,-0.020301027223467827,-0.018900491297245026
30.494464,POS,,,,,,,,,,,,,,,,0.011132000130089637,0.0,,,,,37.4274999,-122.1697,,,-0.011132000130089637,,,,-0.025477474555373192,,,,,,
30.594423999999997,ATT,3,,0.0,0.0,92.41,0.0,0.0,0.04,,0.05,,,,92.41,,,,,,,,,,,,,,,,,,,,,,
30.594423999999997,XKF1,,,,,,,,,,,,,,,,0.0,0.0,,,0.027906792701806907,,,,,,0.0,,,,,,,-0.020437609404325485,,-0.020437609404325485,-0.019002452492713928
30.594423999999997,POS,,,,,,,,,,,,,,,,0.011132000130089637,0.0,,,,,37.4274999,-122.1697,,,-0.011132000130089637,,,,-0.025460761040449142,,,,,,
30.694384,ATT,3,,0.0,0.0,92.41,0.0,0.0,0.04,,0.05,,,,92.41,,,,,,,,,,,,,,,,,,,,,,
30.694384,XKF1,,,,,,,,,,,,,,,,0.0,0.0,,,0.028016286573570453,,,,,,0.0,,,,,,,-0.020520314574241638,,-0.020520314574241638,-0.019074302166700363
30.694384,POS,,,,,,,,,,,,,,,,0.011132000130089637,0.0,,,,,37.4274999,-122.1697,,,-0.011132000130089637,,,,-0.025442950427532196,,,,,,
30.794343999999995,ATT,3,,0.0,0.0,92.4,0.0,0.0,0.04,,0.05,,,,92.4,,,,,,,,,,,,,,,,,,,,,,
30.794343999999995,XKF1,,,,,,,,,,,,,,,,0.0,0.0,,,0.028114659584616116,,,,,,0.0,,,,,,,-0.02056148648262024,,-0.02056148648262024,-0.019174445420503616
30.794343999999995,POS,,,,,,,,,,,,,,,,0.011132000130089637,0.0,,,,,37.4274999,-122.1697,,,-0.011132000130089637,,,,-0.025427239015698433,,,,,,
30.894303999999998,ATT,3,,0.0,0.0,92.39,0.0,0.0,0.04,,0.05,,,,92.39,,,,,,,,,,,,,,,,,,,,,,
30.894303999999998,XKF1,,,,,,,,,,,,,,,,0.0,0.0,,,0.02830896586535873,,,,,,0.0,,,,,,,-0.020721128210425377,,-0.020721128210425377,-0.019288141280412674
30.894303999999998,POS,,,,,,,,,,,,,,,,0.011132000130089637,0.0,,,,,37.4274999,-122.1697,,,-0.011132000130089637,,,,-0.025416608899831772,,,,,,
30.994264,ATT,3,,0.0,0.0,92.38,0.0,0.0,0.04,,0.05,,,,92.38,,,,,,,,,,,,,,,,,,,,,,
30.994264,XKF1,,,,,,,,,,,,,,,,0.0,0.0,,,0.028457286853062588,,,,,,0.0,,,,,,,-0.020834479480981827,,-0.020834479480981827,-0.019384056329727173
30.994264,POS,,,,,,,,,,,,,,,,0.011132000130089637,0.0,,,,,37.4274999,-122.1697,,,-0.011132000130089637,,,,-0.02540714479982853,,,,,,
31.094223999999997,ATT,3,,0.0,0.0,92.38,0.0,0.0,0.04,,0.05,,,,92.38,,,,,,,,,,,,,,,,,,,,,,
31.094223999999997,XKF1,,,,,,,,,,,,,,,,0.0,0.0,,,0.0285516587892129,,,,,,0.0,,,,,,,-0.0208834670484066,,-0.0208834670484066,-0.01946992613375187
31.094223999999997,POS,,,,,,,,,,,,,,,,0.011132000130089637,0.0,,,,,37.4274999,-122.1697,,,-0.011132000130089637,,,,-0.025400735437870026,,,,,,
31.194184,ATT,3,,0.0,0.0,92.37,0.0,0.0,0.04,,0.05,,,,92.37,,,,,,,,,,,,,,,,,,,,,,
31.194184,XKF1,,,,,,,,,,,,,,,,0.0,0.0,,,0.02866923812678374,,,,,,0.0,,,,,,,-0.020958613604307175,,-0.020958613604307175,-0.01956174150109291
31.194184,POS,,,,,,,,,,,,,,,,0.011132000130089637,0.0,,,,,37.4274999,-122.1697,,,-0.011132000130089637,,,,-0.025397831574082375,,,,,,
31.294976999999996,ATT,3,,0.0,0.0,92.36,0.0,0.0,0.04,,0.05,,,,92.36,,,,,,,,,,,,,,,,,,,,,,
31.294976999999996,XKF1,,,,,,,,,,,,,,,,0.0,0.0,,,0.028831004401899157,,,,,,0.0,,,,,,,-0.021065589040517807,,-0.021065589040517807,-0.0196842011064291
31.294976999999996,POS,,,,,,,,,,,,,,,,0.011132000130089637,0.0,,,,,37.4274999,-122.1697,,,-0.011132000130089637,,,,-0.02539697475731373,,,,,,
31.394937,ATT,3,,0.0,0.0,92.36,0.0,0.0,0.04,,0.05,,,,92.36,,,,,,,,,,,,,,,,,,,,,,
31.394937,XKF1,,,,,,,,,,,,,,,,0.0,0.0,,,0.02894283056153652,,,,,,0.0,,,,,,,-0.021146586164832115,,-0.021146586164832115,-0.019761309027671814
31.394937,POS,,,,,,,,,,,,,,,,0.011132000130089637,0.0,,,,,37.4274999,-122.1697,,,-0.011132000130089637,,,,-0.025398369878530502,,,,,,
31.494896999999995,ATT,3,,0.0,0.0,92.35,0.0,0.0,0.04,,0.06,,,,92.35,,,,,,,,,,,,,,,,,,,,,,
31.494896999999995,XKF1,,,,,,,,,,,,,,,,0.0,0.0,,,0.029065134634942574,,,,,,0.0,,,,,,,-0.021263757720589638,,-0.021263757720589638,-0.01981501094996929
31.494896999999995,POS,,,,,,,,,,,,,,,,0.011132000130089637,0.0,,,,,37.4274999,-122.1697,,,-0.011132000130089637,,,,-0.025394784286618233,,,,,,
31.594856999999998,ATT,3,,0.0,0.0,92.34,0.0,0.0,0.04,,0.06,,,,92.34,,,,,,,,,,,,,,,,,,,,,,
31.594856999999998,XKF1,,,,,,,,,,,,,,,,0.0,0.0,,,0.029219548499179245,,,,,,0.0,,,,,,,-0.021381191909313202,,-0.021381191909313202,-0.019915487617254257
31.594856999999998,POS,,,,,,,,,,,,,,,,0.011132000130089637,0.0,,,,,37.4274999,-122.1697,,,-0.011132000130089637,,,,-0.025390544906258583,,,,,,
31.694817,ATT,3,,0.0,0.0,92.34,0.0,0.0,0.04,,0.06,,,,92.34,,,,,,,,,,,,,,,,,,,,,,
31.694817,XKF1,,,,,,,,,,,,,,,,0.0,0.0,,,0.029343356704310514,,,,,,0.0,,,,,,,-0.021493174135684967,,-0.021493174135684967,-0.019976887851953506
31.694817,POS,,,,,,,,,,,,,,,,0.011132000130089637,0.0,,,,,37.4274999,-122.1697,,,-0.011132000130089637,,,,-0.025390246883034706,,,,,,
31.794776999999996,ATT,3,,0.0,0.0,92.33,0.0,0.0,0.04,,0.06,,,,92.33,,,,,,,,,,,,,,,,,,,,,,
31.794776999999996,XKF1,,,,,,,,,,,,,,,,0.0,0.0,,,0.029418597377612894,,,,,,0.0,,,,,,,-0.021556079387664795,,-0.021556079387664795,-0.02001972310245037
31.794776999999996,POS,,,,,,,,,,,,,,,,0.011132000130089637,0.0,,,,,37.4274999,-122.1697,,,-0.011132000130089637,,,,-0.025387713685631752,,,,,,
31.894737,ATT,3,,0.0,0.0,92.32,0.0,0.0,0.04,,0.06,,,,92.32,,,,,,,,,,,,,,,,,,,,,,
31.894737,XKF1,,,,,,,,,,,,,,,,0.0,0.0,,,0.029542385086478776,,,,,,0.0,,,,,,,-0.021665723994374275,,-0.021665723994374275,-0.02008354850113392
31.894737,POS,,,,,,,,,,,,,,,,0.011132000130089637,0.0,,,,,37.4274999,-122.1697,,,-0.011132000130089637,,,,-0.02538306638598442,,,,,,
31.994696999999995,ATT,3,,0.0,0.0,92.32,0.0,0.0,0.04,,0.06,,,,92.32,,,,,,,,,,,,,,,,,,,,,,
31.994696999999995,XKF1,,,,,,,,,,,,,,,,0.0,0.0,,,0.029616795897186955,,,,,,0.0,,,,,,,-0.021727140992879868,,-0.021727140992879868,-0.020126746967434883
31.994696999999995,POS,,,,,,,,,,,,,,,,0.011132000130089637,0.0,,,,,37.4274999,-122.1697,,,-0.011132000130089637,,,,-0.025379585102200508,,,,,,
32.094657,ATT,3,,0.0,0.0,92.31,0.0,0.0,0.04,,0.06,,,,92.31,,,,,,,,,,,,,,,,,,,,,,
32.094657,XKF1,,,,,,,,,,,,,,,,0.0,0.0,,,0.02975264761016291,,,,,,0.0,,,,,,,-0.021824482828378677,,-0.021824482828378677,-0.020221572369337082
32.094657,POS,,,,,,,,,,,,,,,,0.011132000130089637,0.0,,,,,37.4274999,-122.1697,,,-0.011132000130089637,,,,-0.02537720650434494,,,,,,
32.194617,ATT,3,,0.0,0.0,92.3,0.0,0.0,0.04,,0.06,,,,92.3,,,,,,,,,,,,,,,,,,,,,,
32.194617,XKF1,,,,,,,,,,,,,,,,0.0,0.0,,,0.02984195089776381,,,,,,0.0,,,,,,,-0.02188262902200222,,-0.02188262902200222,-0.020290208980441093
32.194617,POS,,,,,,,,,,,,,,,,0.011132000130089637,0.0,,,,,37.4274999,-122.1697,,,-0.011132000130089637,,,,-0.02537238597869873,,,,,,
32.294577,ATT,3,,0.0,0.0,92.3,0.0,0.0,0.04,,0.06,,,,92.3,,,,,,,,,,,,,,,,,,,,,,
32.294577,XKF1,,,,,,,,,,,,,,,,0.0,0.0,,,0.02996495238161224,,,,,,0.0,,,,,,,-0.021993938833475113,,-0.021993938833475113,-0.020351044833660126
32.294577,POS,,,,,,,,,,,,,,,,0.011132000130089637,0.0,,,,,37.4274999,-122.1697,,,-0.011132000130089637,,,,-0.02536873146891594,,,,,,
32.394537,ATT,3,,0.0,0.0,92.29,0.0,0.0,0.04,,0.06,,,,92.29,,,,,,,,,,,,,,,,,,,,,,
32.394537,XKF1,,,,,,,,,,,,,,,,0.0,0.0,,,0.03010835466223379,,,,,,0.0,,,,,,,-0.022120365872979164,,-0.022120365872979164,-0.02042553387582302
32.394537,POS,,,,,,,,,,,,,,,,0.011132000130089637,0.0,,,,,37.4274999,-122.1697,,,-0.011132000130089637,,,,-0.025363769382238388,,,,,,
32.494496999999996,ATT,3,,0.0,0.0,92.28,0.0,0.0,0.04,,0.06,,,,92.28,,,,,,,,,,,,,,,,,,,,,,
32.494496999999996,XKF1,,,,,,,,,,,,,,,,0.0,0.0,,,0.030262795092535662,,,,,,0.0,,,,,,,-0.02224455587565899,,-0.02224455587565899,-0.02051868662238121
32.494496999999996,POS,,,,,,,,,,,,,,,,0.011132000130089637,0.0,,,,,37.4274999,-122.1697,,,-0.011132000130089637,,,,-0.025360874831676483,,,,,,
32.594457,ATT,3,,0.0,0.0,92.28,0.0,0.0,0.04,,0.06,,,,92.28,,,,,,,,,,,,,,,,,,,,,,
32.594457,XKF1,,,,,,,,,,,,,,,,0.0,0.0,,,0.03036114073294002,,,,,,0.0,,,,,,,-0.022341232746839523,,-0.022341232746839523,-0.02055889554321766
32.594457,POS,,,,,,,,,,,,,,,,0.011132000130089637,0.0,,,,,37.4274999,-122.1697,,,-0.011132000130089637,,,,-0.02536136843264103,,,,,,
32.694417,ATT,3,,0.0,0.0,92.27,0.0,0.0,0.04,,0.06,,,,92.27,,,,,,,,,,,,,,,,,,,,,,
32.694417,XKF1,,,,,,,,,,,,,,,,0.0,0.0,,,0.030451300120013996,,,,,,0.0,,,,,,,-0.022416498512029648,,-0.022416498512029648,-0.020610246807336807
32.694417,POS,,,,,,,,,,,,,,,,0.011132000130089637,0.0,,,,,37.4274999,-122.1697,,,-0.011132000130089637,,,,-0.02536490559577942,,,,,,
32.794377,ATT,3,,0.0,0.0,92.27,0.0,0.0,0.04,,0.06,,,,92.27,,,,,,,,,,,,,,,,,,,,,,
32.794377,XKF1,,,,,,,,,,,,,,,,0.0,0.0,,,0.03057596881958846,,,,,,0.0,,,,,,,-0.022503400221467018,,-0.022503400221467018,-0.02069992385804653
32.794377,POS,,,,,,,,,,,,,,,,0.011132000130089637,0.0,,,,,37.4274999,-122.1697,,,-0.011132000130089637,,,,-0.02537175640463829,,,,,,
32.894337,ATT,3,,0.0,0.0,92.26,0.0,0.0,0.05,,0.06,,,,92.26,,,,,,,,,,,,,,,,,,,,,,
32.894337,XKF1,,,,,,,,,,,,,,,,0.0,0.0,,,0.030673925346267967,,,,,,0.0,,,,,,,-0.02254331111907959,,-0.02254331111907959,-0.020801173523068428
32.894337,POS,,,,,,,,,,,,,,,,0.011132000130089637,0.0,,,,,37.4274999,-122.1697,,,-0.011132000130089637,,,,-0.025379842147231102,,,,,,
32.994296999999996,ATT,3,,0.0,0.0,92.25,0.0,0.0,0.05,,0.06,,,,92.25,,,,,,,,,,,,,,,,,,,,,,
32.994296999999996,XKF1,,,,,,,,,,,,,,,,0.0,0.0,,,0.03084292661403972,,,,,,0.0,,,,,,,-0.022692950442433357,,-0.022692950442433357,-0.020888181403279305
32.994296999999996,POS,,,,,,,,,,,,,,,,0.011132000130089637,0.0,,,,,37.4274999,-122.1697,,,-0.011132000130089637,,,,-0.02539253793656826,,,,,,
33.094257,ATT,3,,0.0,0.0,92.25,0.0,0.0,0.05,,0.06,,,,92.25,,,,,,,,,,,,,,,,,,,,,,
33.094257,XKF1,,,,,,,,,,,,,,,,0.0,0.0,,,0.031007676778655208,,,,,,0.0,,,,,,,-0.022824354469776154,,-0.022824354469776154,-0.02098868414759636
33.094257,POS,,,,,,,,,,,,,,,,0.011132000130089637,0.0,,,,,37.4274999,-122.1697,,,-0.011132000130089637,,,,-0.02540571428835392,,,,,,
33.194216999999995,ATT,3,,0.0,0.0,92.24,0.0,0.0,0.05,,0.06,,,,92.24,,,,,,,,,,,,,,,,,,,,,,
33.194216999999995,XKF1,,,,,,,,,,,,,,,,0.0,0.0,,,0.03108819440359758,,,,,,0.0,,,,,,,-0.022902023047208786,,-0.022902023047208786,-0.021023157984018326
33.194216999999995,POS,,,,,,,,,,,,,,,,0.011132000130089637,0.0,,,,,37.4274999,-122.1697,,,-0.011132000130089637,,,,-0.025419846177101135,,,,,,
33.294177,ATT,3,,0.0,0.0,92.23,0.0,0.0,0.05,,0.06,,,,92.23,,,,,,,,,,,,,,,,,,,,,,
33.294177,XKF1,,,,,,,,,,,,,,,,0.0,0.0,,,0.03122648712376196,,,,,,0.0,,,,,,,-0.022985612973570824,,-0.022985612973570824,-0.021136581897735596
33.294177,POS,,,,,,,,,,,,,,,,0.011132000130089637,0.0,,,,,37.4274999,-122.1697,,,-0.011132000130089637,,,,-0.02543516643345356,,,,,,
33.39497,ATT,3,,0.0,0.0,92.23,0.0,0.0,0.05,,0.06,,,,92.23,,,,,,,,,,,,,,,,,,,,,,
33.39497,XKF1,,,,,,,,,,,,,,,,0.0,0.0,,,0.031304352895900216,,,,,,0.0,,,,,,,-0.02304687537252903,,-0.02304687537252903,-0.021184995770454407
33.39497,POS,,,,,,,,,,,,,,,,0.011132000130089637,0.0,,,,,37.4274999,-122.1697,,,-0.011132000130089637,,,,-0.02545325458049774,,,,,,
33.49493,ATT,3,,0.0,0.0,92.22,0.0,0.0,0.05,,0.06,,,,92.22,,,,,,,,,,,,,,,,,,,,,,
33.49493,XKF1,,,,,,,,,,,,,,,,0.0,0.0,,,0.03141473792155435,,,,,,0.0,,,,,,,-0.023131541907787323,,-0.023131541907787323,-0.02125599980354309
33.49493,POS,,,,,,,,,,,,,,,,0.011132000130089637,0.0,,,,,37.4274999,-122.1697,,,-0.011132000130089637,,,,-0.0254733357578516,,,,,,
33.59489,ATT,3,,0.0,0.0,92.22,0.0,0.0,0.05,,0.06,,,,92.22,,,,,,,,,,,,,,,,,,,,,,
33.59489,XKF1,,,,,,,,,,,,,,,,0.0,0.0,,,0.031531608814733984,,,,,,0.0,,,,,,,-0.023214999586343765,,-0.023214999586343765,-0.021337904036045074
33.59489,POS,,,,,,,,,,,,,,,,0.011132000130089637,0.0,,,,,37.4274999,-122.1697,,,-0.011132000130089637,,,,-0.025495903566479683,,,,,,
33.694849999999995,ATT,3,,0.0,0.0,92.21,0.0,0.0,0.05,,0.06,,,,92.21,,,,,,,,,,,,,,,,,,,,,,
33.694849999999995,XKF1,,,,,,,,,,,,,,,,0.0,0.0,,,0.031632988167905385,,,,,,0.0,,,,,,,-0.023298509418964386,,-0.023298509418964386,-0.021396854892373085
33.694849999999995,POS,,,,,,,,,,,,,,,,0.011132000130089637,0.0,,,,,37.4274999,-122.1697,,,-0.011132000130089637,,,,-0.025519879534840584,,,,,,
33.79481,ATT,3,,0.0,0.0,92.2,0.0,0.0,0.05,,0.06,,,,92.2,,,,,,,,,,,,,,,,,,,,,,
33.79481,XKF1,,,,,,,,,,,,,,,,0.0,0.0,,,0.03170860786596882,,,,,,0.0,,,,,,,-0.023357121273875237,,-0.023357121273875237,-0.021444829180836678
33.79481,POS,,,,,,,,,,,,,,,,0.011132000130089637,0.0,,,,,37.4274999,-122.1697,,,-0.011132000130089637,,,,-0.025540761649608612,,,,,,
33.89477,ATT,3,,0.0,0.0,92.2,0.0,0.0,0.05,,0.06,,,,92.2,,,,,,,,,,,,,,,,,,,,,,
33.89477,XKF1,,,,,,,,,,,,,,,,0.0,0.0,,,0.03179027123776234,,,,,,0.0,,,,,,,-0.023417077958583832,,-0.023417077958583832,-0.021500274538993835
33.89477,POS,,,,,,,,,,,,,,,,0.011132000130089637,0.0,,,,,37.4274999,-122.1697,,,-0.011132000130089637,,,,-0.02555932104587555,,,,,,
33.99473,ATT,3,,0.0,0.0,92.19,0.0,0.0,0.05,,0.06,,,,92.19,,,,,,,,,,,,,,,,,,,,,,
33.99473,XKF1,,,,,,,,,,,,,,,,0.0,0.0,,,0.0318609988783802,,,,,,0.0,,,,,,,-0.023506494238972664,,-0.023506494238972664,-0.021507393568754196
33.99473,POS,,,,,,,,,,,,,,,,0.011132000130089637,0.0,,,,,37.4274999,-122.1697,,,-0.011132000130089637,,,,-0.025576433166861534,,,,,,
34.09469,ATT,3,,0.0,0.0,92.19,0.0,0.0,0.05,,0.06,,,,92.19,,,,,,,,,,,,,,,,,,,,,,
34.09469,XKF1,,,,,,,,,,,,,,,,0.0,0.0,,,0.032016069360613617,,,,,,0.0,,,,,,,-0.02363739348948002,,-0.02363739348948002,-0.021594034507870674
34.09469,POS,,,,,,,,,,,,,,,,0.011132000130089637,0.0,,,,,37.4274999,-122.1697,,,-0.011132000130089637,,,,-0.025592051446437836,,,,,,
34.194649999999996,ATT,3,,0.0,0.0,92.18,0.0,0.0,0.05,,0.06,,,,92.18,,,,,,,,,,,,,,,,,,,,,,
34.194649999999996,XKF1,,,,,,,,,,,,,,,,0.0,0.0,,,0.032079950710580125,,,,,,0.0,,,,,,,-0.023717524483799934,,-0.023717524483799934,-0.021600978448987007
34.194649999999996,POS,,,,,,,,,,,,,,,,0.011132000130089637,0.0,,,,,37.4274999,-122.1697,,,-0.011132000130089637,,,,-0.02560373954474926,,,,,,
34.29461,ATT,3,,0.0,0.0,92.17,0.0,0.0,0.05,,0.06,,,,92.17,,,,,,,,,,,,,,,,,,,,,,
34.29461,XKF1,,,,,,,,,,,,,,,,0.0,0.0,,,0.03214073286776273,,,,,,0.0,,,,,,,-0.023767687380313873,,-0.023767687380313873,-0.02163616754114628
34.29461,POS,,,,,,,,,,,,,,,,0.011132000130089637,0.0,,,,,37.4274999,-122.1697,,,-0.011132000130089637,,,,-0.025612233206629753,,,,,,
34.39457,ATT,3,,0.0,0.0,92.17,0.0,0.0,0.05,,0.06,,,,92.17,,,,,,,,,,,,,,,,,,,,,,
34.39457,XKF1,,,,,,,,,,,,,,,,0.0,0.0,,,0.032234155551027405,,,,,,0.0,,,,,,,-0.02385038696229458,,-0.02385038696229458,-0.02168409153819084
34.39457,POS,,,,,,,,,,,,,,,,0.011132000130089637,0.0,,,,,37.4274999,-122.1697,,,-0.011132000130089637,,,,-0.02562098763883114,,,,,,
34.49453,ATT,3,,0.0,0.0,92.16,0.0,0.0,0.05,,0.06,,,,92.16,,,,,,,,,,,,,,,,,,,,,,
34.49453,XKF1,,,,,,,,,,,,,,,,0.0,0.0,,,0.032370998322729584,,,,,,0.0,,,,,,,-0.02395477518439293,,-0.02395477518439293,-0.02177269570529461
34.49453,POS,,,,,,,,,,,,,,,,0.011132000130089637,0.0,,,,,37.4274999,-122.1697,,,-0.011132000130089637,,,,-0.025629689916968346,,,,,,
34.59449,ATT,3,,0.0,0.0,92.16,0.0,0.0,0.05,,0.06,,,,92.16,,,,,,,,,,,,,,,,,,,,,,
34.59449,XKF1,,,,,,,,,,,,,,,,0.0,0.0,,,0.0325161396479411,,,,,,0.0,,,,,,,-0.024043424054980278,,-0.024043424054980278,-0.02189093641936779
34.59449,POS,,,,,,,,,,,,,,,,0.011132000130089637,0.0,,,,,37.4274999,-122.1697,,,-0.011132000130089637,,,,-0.025636378675699234,,,,,,
34.694449999999996,ATT,3,,0.0,0.0,92.15,0.0,0.0,0.05,,0.06,,,,92.15,,,,,,,,,,,,,,,,,,,,,,
34.694449999999996,XKF1,,,,,,,,,,,,,,,,0.0,0.0,,,0.03260756647095867,,,,,,0.0,,,,,,,-0.02415565587580204,,-0.02415565587580204,-0.021903371438384056
34.694449999999996,POS,,,,,,,,,,,,,,,,0.011132000130089637,0.0,,,,,37.4274999,-122.1697,,,-0.011132000130089637,,,,-0.02564118802547455,,,,,,
34.79441,ATT,3,,0.0,0.0,92.15,0.0,0.0,0.05,,0.06,,,,92.15,,,,,,,,,,,,,,,,,,,,,,
34.79441,XKF1,,,,,,,,,,,,,,,,0.0,0.0,,,0.03269603311850536,,,,,,0.0,,,,,,,-0.024224774911999702,,-0.024224774911999702,-0.021958844736218452
34.79441,POS,,,,,,,,,,,,,,,,0.011132000130089637,0.0,,,,,37.4274999,-122.1697,,,-0.011132000130089637,,,,-0.025649813935160637,,,,,,
34.894369999999995,ATT,3,,0.0,0.0,92.14,0.0,0.0,0.05,,0.06,,,,92.14,,,,,,,,,,,,,,,,,,,,,,
34.894369999999995,XKF1,,,,,,,,,,,,,,,,0.0,0.0,,,0.032627518653117714,,,,,,0.0,,,,,,,-0.024208568036556244,,-0.024208568036556244,-0.021874647587537766
34.894369999999995,POS,,,,,,,,,,,,,,,,0.011132000130089637,0.0,,,,,37.4274999,-122.1697,,,-0.011132000130089637,,,,-0.02566555142402649,,,,,,
34.99433,ATT,3,,0.0,0.0,92.14,0.0,0.0,0.05,,0.06,,,,92.14,,,,,,,,,,,,,,,,,,,,,,
34.99433,XKF1,,,,,,,,,,,,,,,,0.0,0.0,,,0.03269995800853771,,,,,,0.0,,,,,,,-0.024272188544273376,,-0.024272188544273376,-0.021912282332777977
34.99433,POS,,,,,,,,,,,,,,,,0.011132000130089637,0.0,,,,,37.4274999,-122.1697,,,-0.011132000130089637,,,,-0.025675088167190552,,,,,,
35.09429,ATT,3,,0.0,0.0,92.13,0.0,0.0,0.05,,0.06,,,,92.13,,,,,,,,,,,,,,,,,,,,,,
35.09429,XKF1,,,,,,,,,,,,,,,,0.0,0.0,,,0.03286375229938271,,,,,,0.0,,,,,,,-0.02436346560716629,,-0.02436346560716629,-0.02205556072294712
35.09429,POS,,,,,,,,,,,,,,,,0.011132000130089637,0.0,,,,,37.4274999,-122.1697,,,-0.011132000130089637,,,,-0.025682950392365456,,,,,,
35.19425,ATT,3,,0.0,0.0,92.13,0.0,0.0,0.05,,0.06,,,,92.13,,,,,,,,,,,,,,,,,,,,,,
35.19425,XKF1,,,,,,,,,,,,,,,,0.0,0.0,,,0.032966896259762006,,,,,,0.0,,,,,,,-0.02442449890077114,,-0.02442449890077114,-0.022141817957162857
35.19425,POS,,,,,,,,,,,,,,,,0.011132000130089637,0.0,,,,,37.4274999,-122.1697,,,-0.011132000130089637,,,,-0.025693196803331375,,,,,,
35.29421,ATT,3,,0.0,0.0,92.12,0.0,0.0,0.05,,0.06,,,,92.12,,,,,,,,,,,,,,,,,,,,,,
35.29421,XKF1,,,,,,,,,,,,,,,,0.0,0.0,,,0.03307138765202819,,,,,,0.0,,,,,,,-0.02448863908648491,,-0.02448863908648491,-0.02222663350403309
35.29421,POS,,,,,,,,,,,,,,,,0.011132000130089637,0.0,,,,,37.4274999,-122.1697,,,-0.011132000130089637,,,,-0.025704098865389824,,,,,,
35.394169999999995,ATT,3,,0.0,0.0,92.12,0.0,0.0,0.05,,0.06,,,,92.12,,,,,,,,,,,,,,,,,,,,,,
35.394169999999995,XKF1,,,,,,,,,,,,,,,,0.0,0.0,,,0.03316888228879815,,,,,,0.0,,,,,,,-0.024552639573812485,,-0.024552639573812485,-0.02230118028819561
35.394169999999995,POS,,,,,,,,,,,,,,,,0.011132000130089637,0.0,,,,,37.4274999,-122.1697,,,-0.011132000130089637,,,,-0.025716403499245644,,,,,,
35.494963,ATT,3,,0.0,0.0,92.11,0.0,0.0,0.05,,0.06,,,,92.11,,,,,,,,,,,,,,,,,,,,,,
35.494963,XKF1,,,,,,,,,,,,,,,,0.0,0.0,,,0.03322755600159458,,,,,,0.0,,,,,,,-0.024579379707574844,,-0.024579379707574844,-0.02235899306833744
35.494963,POS,,,,,,,,,,,,,,,,0.011132000130089637,0.0,,,,,37.4274999,-122.1697,,,-0.011132000130089637,,,,-0.02572828158736229,,,,,,
35.594923,ATT,3,,0.0,0.0,92.1,0.0,0.0,0.05,,0.06,,,,92.1,,,,,,,,,,,,,,,,,,,,,,
35.594923,XKF1,,,,,,,,,,,,,,,,0.0,0.0,,,0.033327189049058625,,,,,,0.0,,,,,,,-0.024641230702400208,,-0.024641230702400208,-0.022439057007431984
35.594923,POS,,,,,,,,,,,,,,,,0.011132000130089637,0.0,,,,,37.4274999,-122.1697,,,-0.011132000130089637,,,,-0.025736093521118164,,,,,,
35.694883,ATT,3,,0.0,0.0,92.1,0.0,0.0,0.05,,0.06,,,,92.1,,,,,,,,,,,,,,,,,,,,,,
35.694883,XKF1,,,,,,,,,,,,,,,,0.0,0.0,,,0.03347472414180355,,,,,,0.0,,,,,,,-0.02475212886929512,,-0.02475212886929512,-0.022536398842930794
35.694883,POS,,,,,,,,,,,,,,,,0.011132000130089637,0.0,,,,,37.4274999,-122.1697,,,-0.011132000130089637,,,,-0.025744227692484856,,,,,,
35.794843,ATT,3,,0.0,0.0,92.09,0.0,0.0,0.05,,0.06,,,,92.09,,,,,,,,,,,,,,,,,,,,,,
35.794843,XKF1,,,,,,,,,,,,,,,,0.0,0.0,,,0.03363632044713224,,,,,,0.0,,,,,,,-0.024877559393644333,,-0.024877559393644333,-0.02263866364955902
35.794843,POS,,,,,,,,,,,,,,,,0.011132000130089637,0.0,,,,,37.4274999,-122.1697,,,-0.011132000130089637,,,,-0.025751182809472084,,,,,,
35.894802999999996,ATT,3,,0.0,0.0,92.09,0.0,0.0,0.05,,0.06,,,,92.09,,,,,,,,,,,,,,,,,,,,,,
35.894802999999996,XKF1,,,,,,,,,,,,,,,,0.0,0.0,,,0.03376313610529859,,,,,,0.0,,,,,,,-0.024965574964880943,,-0.024965574964880943,-0.02273036353290081
35.894802999999996,POS,,,,,,,,,,,,,,,,0.011132000130089637,0.0,,,,,37.4274999,-122.1697,,,-0.011132000130089637,,,,-0.025758419185876846,,,,,,
35.994763,ATT,3,,0.0,0.0,92.08,0.0,0.0,0.05,,0.06,,,,92.08,,,,,,,,,,,,,,,,,,,,,,
35.994763,XKF1,,,,,,,,,,,,,,,,0.0,0.0,,,0.0338280650497399,,,,,,0.0,,,,,,,-0.025035033002495766,,-0.025035033002495766,-0.022750496864318848
35.994763,POS,,,,,,,,,,,,,,,,0.011132000130089637,0.0,,,,,37.4274999,-122.1697,,,-0.011132000130089637,,,,-0.025767933577299118,,,,,,
36.094722999999995,ATT,3,,0.0,0.0,92.08,0.0,0.0,0.05,,0.06,,,,92.08,,,,,,,,,,,,,,,,,,,,,,
36.094722999999995,XKF1,,,,,,,,,,,,,,,,0.0,0.0,,,0.03391228826045706,,,,,,0.0,,,,,,,-0.025095628574490547,,-0.025095628574490547,-0.022809049114584923
36.094722999999995,POS,,,,,,,,,,,,,,,,0.011132000130089637,0.0,,,,,37.4274999,-122.1697,,,-0.011132000130089637,,,,-0.025781096890568733,,,,,,
36.194683,ATT,3,,0.0,0.0,92.07,0.0,0.0,0.05,,0.06,,,,92.07,,,,,,,,,,,,,,,,,,,,,,
36.194683,XKF1,,,,,,,,,,,,,,,,0.0,0.0,,,0.033984624041208944,,,,,,0.0,,,,,,,-0.025135984644293785,,-0.025135984644293785,-0.022872187197208405
36.194683,POS,,,,,,,,,,,,,,,,0.011132000130089637,0.0,,,,,37.4274999,-122.1697,,,-0.011132000130089637,,,,-0.025796206668019295,,,,,,
36.294643,ATT,3,,0.0,0.0,92.07,0.0,0.0,0.05,,0.06,,,,92.07,,,,,,,,,,,,,,,,,,,,,,
36.294643,XKF1,,,,,,,,,,,,,,,,0.0,0.0,,,0.034064207841608934,,,,,,0.0,,,,,,,-0.025203336030244827,,-0.025203336030244827,-0.022916415706276894
36.294643,POS,,,,,,,,,,,,,,,,0.011132000130089637,0.0,,,,,37.4274999,-122.1697,,,-0.011132000130089637,,,,-0.025811968371272087,,,,,,
36.394603,ATT,3,,0.0,0.0,92.06,0.0,0.0,0.05,,0.06,,,,92.06,,,,,,,,,,,,,,,,,,,,,,
36.394603,XKF1,,,,,,,,,,,,,,,,0.0,0.0,,,0.03418938599023087,,,,,,0.0,,,,,,,-0.025316767394542694,,-0.025316767394542694,-0.022977715358138084
36.394603,POS,,,,,,,,,,,,,,,,0.011132000130089637,0.0,,,,,37.4274999,-122.1697,,,-0.011132000130089637,,,,-0.02582644857466221,,,,,,
36.494563,ATT,3,,0.0,0.0,92.06,0.0,0.0,0.05,,0.06,,,,92.06,,,,,,,,,,,,,,,,,,,,,,
36.494563,XKF1,,,,,,,,,,,,,,,,0.0,0.0,,,0.034310801523738776,,,,,,0.0,,,,,,,-0.02540428936481476,,-0.02540428936481476,-0.02306194230914116
36.494563,POS,,,,,,,,,,,,,,,,0.011132000130089637,0.0,,,,,37.4274999,-122.1697,,,-0.011132000130089637,,,,-0.025835761800408363,,,,,,
36.594522999999995,ATT,3,,0.0,0.0,92.05,0.0,0.0,0.05,,0.06,,,,92.05,,,,,,,,,,,,,,,,,,,,,,
36.594522999999995,XKF1,,,,,,,,,,,,,,,,0.0,0.0,,,0.034370327593981995,,,,,,0.0,,,,,,,-0.025435326620936394,,-0.025435326620936394,-0.023116305470466614
36.594522999999995,POS,,,,,,,,,,,,,,,,0.011132000130089637,0.0,,,,,37.4274999,-122.1697,,,-0.011132000130089637,,,,-0.02584032528102398,,,,,,
36.694483,ATT,3,,0.0,0.0,92.05,0.0,0.0,0.05,,0.06,,,,92.05,,,,,,,,,,,,,,,,,,,,,,
36.694483,XKF1,,,,,,,,,,,,,,,,0.0,0.0,,,0.034438236235611916,,,,,,0.0,,,,,,,-0.025487305596470833,,-0.025487305596470833,-0.02316008135676384
36.694483,POS,,,,,,,,,,,,,,,,0.011132000130089637,0.0,,,,,37.4274999,-122.1697,,,-0.011132000130089637,,,,-0.02584504894912243,,,,,,
36.794443,ATT,3,,0.0,0.0,92.04,0.0,0.0,0.05,,0.06,,,,92.04,,,,,,,,,,,,,,,,,,,,,,
36.794443,XKF1,,,,,,,,,,,,,,,,0.0,0.0,,,0.03453740200288585,,,,,,0.0,,,,,,,-0.025577133521437645,,-0.025577133521437645,-0.02320867031812668
36.794443,POS,,,,,,,,,,,,,,,,0.011132000130089637,0.0,,,,,37.4274999,-122.1697,,,-0.011132000130089637,,,,-0.0258502010256052,,,,,,
36.894403,ATT,3,,0.0,0.0,92.04,0.0,0.0,0.05,,0.06,,,,92.04,,,,,,,,,,,,,,,,,,,,,,
36.894403,XKF1,,,,,,,,,,,,,,,,0.0,0.0,,,0.034660449598271956,,,,,,0.0,,,,,,,-0.02565259300172329,,-0.02565259300172329,-0.023308608680963516
36.894403,POS,,,,,,,,,,,,,,,,0.011132000130089637,0.0,,,,,37.4274999,-122.1697,,,-0.011132000130089637,,,,-0.025859970599412918,,,,,,
36.994363,ATT,3,,0.0,0.0,92.03,0.0,0.0,0.05,,0.06,,,,92.03,,,,,,,,,,,,,,,,,,,,,,
36.994363,XKF1,,,,,,,,,,,,,,,,0.0,0.0,,,0.0347927869167952,,,,,,0.0,,,,,,,-0.025732778012752533,,-0.025732778012752533,-0.02341713383793831
36.994363,POS,,,,,,,,,,,,,,,,0.011132000130089637,0.0,,,,,37.4274999,-122.1697,,,-0.011132000130089637,,,,-0.025876842439174652,,,,,,
37.094322999999996,ATT,3,,0.0,0.0,92.02,0.0,0.0,0.05,,0.06,,,,92.02,,,,,,,,,,,,,,,,,,,,,,
37.094322999999996,XKF1,,,,,,,,,,,,,,,,0.0,0.0,,,0.034877958075987106,,,,,,0.0,,,,,,,-0.025763044133782387,,-0.025763044133782387,-0.023510370403528214
37.094322999999996,POS,,,,,,,,,,,,,,,,0.011132000130089637,0.0,,,,,37.4274999,-122.1697,,,-0.011132000130089637,,,,-0.025895481929183006,,,,,,
37.194283,ATT,3,,0.0,0.0,92.02,0.0,0.0,0.05,,0.06,,,,92.02,,,,,,,,,,,,,,,,,,,,,,
37.194283,XKF1,,,,,,,,,,,,,,,,0.0,0.0,,,0.03493051977490748,,,,,,0.0,,,,,,,-0.025761695578694344,,-0.025761695578694344,-0.02358974888920784
37.194283,POS,,,,,,,,,,,,,,,,0.011132000130089637,0.0,,,,,37.4274999,-122.1697,,,-0.011132000130089637,,,,-0.02591049298644066,,,,,,
37.294243,ATT,3,,0.0,0.0,92.01,0.0,0.0,0.05,,0.06,,,,92.01,,,,,,,,,,,,,,,,,,,,,,
37.294243,XKF1,,,,,,,,,,,,,,,,0.0,0.0,,,0.03505000645219304,,,,,,0.0,,,,,,,-0.025855176150798798,,-0.025855176150798798,-0.02366458997130394
37.294243,POS,,,,,,,,,,,,,,,,0.011132000130089637,0.0,,,,,37.4274999,-122.1697,,,-0.011132000130089637,,,,-0.025921139866113663,,,,,,
37.394203,ATT,3,,0.0,0.0,92.01,0.0,0.0,0.05,,0.06,,,,92.01,,,,,,,,,,,,,,,,,,,,,,
37.394203,XKF1,,,,,,,,,,,,,,,,0.0,0.0,,,0.03510336728321685,,,,,,0.0,,,,,,,-0.02591601200401783,,-0.02591601200401783,-0.02367713488638401
37.394203,POS,,,,,,,,,,,,,,,,0.011132000130089637,0.0,,,,,37.4274999,-122.1697,,,-0.011132000130089637,,,,-0.025931691750884056,,,,,,
37.494996,ATT,3,,0.0,0.0,92.0,0.0,0.0,0.05,,0.06,,,,92.0,,,,,,,,,,,,,,,,,,,,,,
37.494996,XKF1,,,,,,,,,,,,,,,,0.0,0.0,,,0.035169589715331344,,,,,,0.0,,,,,,,-0.025951582938432693,,-0.025951582938432693,-0.023736372590065002
37.494996,POS,,,,,,,,,,,,,,,,0.011132000130089637,0.0,,,,,37.4274999,-122.1697,,,-0.011132000130089637,,,,-0.025941837579011917,,,,,,
37.594955999999996,ATT,3,,0.0,0.0,92.0,0.0,0.0,0.05,,0.06,,,,92.0,,,,,,,,,,,,,,,,,,,,,,
37.594955999999996,XKF1,,,,,,,,,,,,,,,,0.0,0.0,,,0.03533067645643262,,,,,,0.0,,,,,,,-0.026046428829431534,,-0.026046428829431534,-0.023871326819062233
37.594955999999996,POS,,,,,,,,,,,,,,,,0.011132000130089637,0.0,,,,,37.4274999,-122.1697,,,-0.011132000130089637,,,,-0.02595357783138752,,,,,,
37.694916,ATT,3,,0.0,0.0,91.99,0.0,0.0,0.05,,0.06,,,,91.99,,,,,,,,,,,,,,,,,,,,,,
37.694916,XKF1,,,,,,,,,,,,,,,,0.0,0.0,,,0.03545446595223522,,,,,,0.0,,,,,,,-0.026129892095923424,,-0.026129892095923424,-0.02396347001194954
37.694916,POS,,,,,,,,,,,,,,,,0.011132000130089637,0.0,,,,,37.4274999,-122.1697,,,-0.011132000130089637,,,,-0.025964198634028435,,,,,,
37.794875999999995,ATT,3,,0.0,0.0,91.99,0.0,0.0,0.05,,0.07,,,,91.99,,,,,,,,,,,,,,,,,,,,,,
37.794875999999995,XKF1,,,,,,,,,,,,,,,,0.0,0.0,,,0.03552464403263623,,,,,,0.0,,,,,,,-0.02618824504315853,,-0.02618824504315853,-0.02400366961956024
37.794875999999995,POS,,,,,,,,,,,,,,,,0.011132000130089637,0.0,,,,,37.4274999,-122.1697,,,-0.011132000130089637,,,,-0.02597324550151825,,,,,,
37.894836,ATT,3,,0.0,0.0,91.99,0.0,0.0,0.05,,0.07,,,,91.99,,,,,,,,,,,,,,,,,,,,,,
37.894836,XKF1,,,,,,,,,,,,,,,,0.0,0.0,,,0.03558050212129316,,,,,,0.0,,,,,,,-0.026259388774633408,,-0.026259388774633408,-0.024008678272366524
37.894836,POS,,,,,,,,,,,,,,,,0.011132000130089637,0.0,,,,,37.4274999,-122.1697,,,-0.011132000130089637,,,,-0.025980057194828987,,,,,,
37.994796,ATT,3,,0.0,0.0,91.98,0.0,0.0,0.05,,0.07,,,,91.98,,,,,,,,,,,,,,,,,,,,,,
37.994796,XKF1,,,,,,,,,,,,,,,,0.0,0.0,,,0.03571561658364662,,,,,,0.0,,,,,,,-0.02635849080979824,,-0.02635849080979824,-0.024100523442029953
37.994796,POS,,,,,,,,,,,,,,,,0.011132000130089637,0.0,,,,,37.4274999,-122.1697,,,-0.011132000130089637,,,,-0.025986934080719948,,,,,,
38.094756,ATT,3,,0.0,0.0,91.98,0.0,0.0,0.05,,0.07,,,,91.98,,,,,,,,,,,,,,,,,,,,,,
38.094756,XKF1,,,,,,,,,,,,,,,,0.0,0.0,,,0.03579625083838979,,,,,,0.0,,,,,,,-0.026434123516082764,,-0.026434123516082764,-0.024137288331985474
38.094756,POS,,,,,,,,,,,,,,,,0.011132000130089637,0.0,,,,,37.4274999,-122.1697,,,-0.011132000130089637,,,,-0.0259940717369318,,,,,,
38.194716,ATT,3,,0.0,0.0,91.97,0.0,0.0,0.05,,0.07,,,,91.97,,,,,,,,,,,,,,,,,,,,,,
38.194716,XKF1,,,,,,,,,,,,,,,,0.0,0.0,,,0.03586242655912155,,,,,,0.0,,,,,,,-0.026445424184203148,,-0.026445424184203148,-0.02422298863530159
38.194716,POS,,,,,,,,,,,,,,,,0.011132000130089637,0.0,,,,,37.4274999,-122.1697,,,-0.011132000130089637,,,,-0.02599722519516945,,,,,,
38.294675999999995,ATT,3,,0.0,0.0,91.97,0.0,0.0,0.05,,0.07,,,,91.97,,,,,,,,,,,,,,,,,,,,,,
38.294675999999995,XKF1,,,,,,,,,,,,,,,,0.0,0.0,,,0.035960275230237565,,,,,,0.0,,,,,,,-0.026515185832977295,,-0.026515185832977295,-0.024291692301630974
38.294675999999995,POS,,,,,,,,,,,,,,,,0.011132000130089637,0.0,,,,,37.4274999,-122.1697,,,-0.011132000130089637,,,,-0.025998184457421303,,,,,,
38.394636,ATT,3,,0.0,0.0,91.96,0.0,0.0,0.05,,0.07,,,,91.96,,,,,,,,,,,,,,,,,,,,,,
38.394636,XKF1,,,,,,,,,,,,,,,,0.0,0.0,,,0.036045820270947555,,,,,,0.0,,,,,,,-0.02659737318754196,,-0.02659737318754196,-0.024328602477908134
38.394636,POS,,,,,,,,,,,,,,,,0.011132000130089637,0.0,,,,,37.4274999,-122.1697,,,-0.011132000130089637,,,,-0.02599739097058773,,,,,,
38.494596,ATT,3,,0.0,0.0,91.96,0.0,0.0,0.05,,0.07,,,,91.96,,,,,,,,,,,,,,,,,,,,,,
38.494596,XKF1,,,,,,,,,,,,,,,,0.0,0.0,,,0.0361721169789416,,,,,,0.0,,,,,,,-0.02670600451529026,,-0.02670600451529026,-0.024396954104304314
38.494596,POS,,,,,,,,,,,,,,,,0.011132000130089637,0.0,,,,,37.4274999,-122.1697,,,-0.011132000130089637,,,,-0.02599342353641987,,,,,,
38.594556,ATT,3,,0.0,0.0,91.95,0.0,0.0,0.05,,0.07,,,,91.95,,,,,,,,,,,,,,,,,,,,,,
38.594556,XKF1,,,,,,,,,,,,,,,,0.0,0.0,,,0.036287312520452024,,,,,,0.0,,,,,,,-0.02674999088048935,,-0.02674999088048935,-0.024519523605704308
38.594556,POS,,,,,,,,,,,,,,,,0.011132000130089637,0.0,,,,,37.4274999,-122.1697,,,-0.011132000130089637,,,,-0.02599010057747364,,,,,,
38.694516,ATT,3,,0.0,0.0,91.95,0.0,0.0,0.06,,0.07,,,,91.95,,,,,,,,,,,,,,,,,,,,,,
38.694516,XKF1,,,,,,,,,,,,,,,,0.0,0.0,,,0.036457432591740516,,,,,,0.0,,,,,,,-0.026863569393754005,,-0.026863569393754005,-0.02464737370610237
38.694516,POS,,,,,,,,,,,,,,,,0.011132000130089637,0.0,,,,,37.4274999,-122.1697,,,-0.011132000130089637,,,,-0.025986826047301292,,,,,,
38.776983,MSG,,,,,,,,,,,,,,,,,,,,,,,,,,,,,,,,,,Arm: Need Position Estimate,,
38.776983,MSG,,,,,,,,,,,,,,,,,,,,,,,,,,,,,,,,,,Arm: Fence requires position,,
38.794475999999996,ATT,3,,0.0,0.0,91.94,0.0,0.0,0.06,,0.07,,,,91.94,,,,,,,,,,,,,,,,,,,,,,
38.794475999999996,XKF1,,,,,,,,,,,,,,,,0.0,0.0,,,0.03653631231364003,,,,,,0.0,,,,,,,-0.02692415565252304,,-0.02692415565252304,-0.024698015302419662
38.794475999999996,POS,,,,,,,,,,,,,,,,0.011132000130089637,0.0,,,,,37.4274999,-122.1697,,,-0.011132000130089637,,,,-0.025981180369853973,,,,,,
38.894436,ATT,3,,0.0,0.0,91.94,0.0,0.0,0.06,,0.07,,,,91.94,,,,,,,,,,,,,,,,,,,,,,
38.894436,XKF1,,,,,,,,,,,,,,,,0.0,0.0,,,0.036645998579405495,,,,,,0.0,,,,,,,-0.026988232508301735,,-0.026988232508301735,-0.024790411815047264
38.894436,POS,,,,,,,,,,,,,,,,0.011132000130089637,0.0,,,,,37.4274999,-122.1697,,,-0.011132000130089637,,,,-0.025974556803703308,,,,,,
38.994395999999995,ATT,3,,0.0,0.0,91.93,0.0,0.0,0.06,,0.07,,,,91.93,,,,,,,,,,,,,,,,,,,,,,
38.994395999999995,XKF1,,,,,,,,,,,,,,,,0.0,0.0,,,0.03673907254789197,,,,,,0.0,,,,,,,-0.027021557092666626,,-0.027021557092666626,-0.02489166334271431
38.994395999999995,POS,,,,,,,,,,,,,,,,0.011132000130089637,0.0,,,,,37.4274999,-122.1697,,,-0.011132000130089637,,,,-0.025963030755519867,,,,,,
39.094356,ATT,3,,0.0,0.0,91.93,0.0,0.0,0.06,,0.07,,,,91.93,,,,,,,,,,,,,,,,,,,,,,
39.094356,XKF1,,,,,,,,,,,,,,,,0.0,0.0,,,0.03682291458279428,,,,,,0.0,,,,,,,-0.02710171602666378,,-0.02710171602666378,-0.0249283779412508
39.094356,POS,,,,,,,,,,,,,,,,0.011132000130089637,0.0,,,,,37.4274999,-122.1697,,,-0.011132000130089637,,,,-0.025944426655769348,,,,,,
39.101853,MSG,,,,,,,,,,,,,,,,,,,,,,,,,,,,,,,,,,EKF3 IMU1 is using GPS,,
39.106851,MSG,,,,,,,,,,,,,,,,,,,,,,,,,,,,,,,,,,EKF3 IMU0 is using GPS,,
39.194316,ATT,3,,0.0,0.0,91.92,0.0,0.0,0.06,,0.07,,,,91.92,,,,,,,,,,,,,,,,,,,,,,
39.194316,XKF1,,,,,,,,,,,,,,,,0.002457003034601627,0.0018133214907720685,,,0.0006206401972326487,,,,,,0.0016579291550442576,-0.0006200894969506182,,,,,,-0.000440001196693629,,-0.000440001196693629,-0.0004377136065158993
39.194316,POS,,,,,,,,,,,,,,,,0.011132000130089637,0.0,,,,,37.4274999,-122.1697,,,-0.011132000130089637,,,,-0.025924017652869225,,,,,,
39.294275999999996,ATT,3,,0.0,0.0,91.92,0.0,0.0,0.06,,0.07,,,,91.92,,,,,,,,,,,,,,,,,,,,,,
39.294275999999996,XKF1,,,,,,,,,,,,,,,,0.004184075013651637,0.0030853382777422667,,,0.0018898482089555384,,,,,,0.0028261584229767323,-0.0018889395818554588,,,,,,-0.001432483782991767,,-0.001432483782991767,-0.001232686685398221
39.294275999999996,POS,,,,,,,,,,,,,,,,0.011132000130089637,0.0,,,,,37.4274999,-122.1697,,,-0.011132000130089637,,,,-0.025905149057507515,,,,,,
39.394236,ATT,3,,0.0,0.0,91.92,0.0,0.0,0.06,,0.07,,,,91.92,,,,,,,,,,,,,,,,,,,,,,
39.394236,XKF1,,,,,,,,,,,,,,,,0.005173327929400231,0.0038111484609544277,,,0.0028064969659107038,,,,,,0.0034983523655682802,-0.0028057174706923147,,,,,,-0.0021116759162396193,,-0.0021116759162396193,-0.0018485805485397577
39.394236,POS,,,,,,,,,,,,,,,,0.011132000130089637,0.0,,,,,37.4274999,-122.1697,,,-0.011132000130089637,,,,-0.025915078818798065,,,,,,
39.494195999999995,ATT,3,,0.0,0.0,91.91,0.0,0.0,0.06,,0.07,,,,91.91,,,,,,,,,,,,,,,,,,,,,,
39.494195999999995,XKF1,,,,,,,,,,,,,,,,0.005524194355045073,0.004067045636475086,,,0.004065100889646264,,,,,,0.0037384305614978075,-0.004064903693548416,,,,,,-0.003019777126610279,,-0.003019777126610279,-0.0027213951107114553
39.494195999999995,POS,,,,,,,,,,,,,,,,0.011132000130089637,0.0,,,,,37.4274999,-122.1697,,,-0.011132000130089637,,,,-0.02591896615922451,,,,,,
39.594989,ATT,3,,0.0,0.0,91.91,0.0,0.0,0.06,,0.07,,,,91.91,,,,,,,,,,,,,,,,,,,,,,
39.594989,XKF1,,,,,,,,,,,,,,,,0.005592962098223337,0.0041188946925103664,,,0.004991709101395149,,,,,,0.0037836399860680103,-0.004991709092983631,,,,,,-0.0036763024982064962,,-0.0036763024982064962,-0.0033766787964850664
39.594989,POS,,,,,,,,,,,,,,,,0.011132000130089637,0.0,,,,,37.4274999,-122.1697,,,-0.011132000130089637,,,,-0.025940511375665665,,,,,,
39.694949,ATT,3,,0.0,0.0,91.9,0.0,0.0,0.06,,0.07,,,,91.9,,,,,,,,,,,,,,,,,,,,,,
39.694949,XKF1,,,,,,,,,,,,,,,,0.005332031105505208,0.003929581493139267,,,0.006057395806576592,,,,,,0.003604017896577716,-0.006057281765973253,,,,,,-0.004438950680196285,,-0.004438950680196285,-0.004121621139347553
39.694949,POS,,,,,,,,,,,,,,,,0.011132000130089637,0.0,,,,,37.4274999,-122.1697,,,-0.011132000130089637,,,,-0.025959689170122147,,,,,,
39.794909,ATT,3,,0.0,0.0,91.9,0.0,0.0,0.06,,0.08,,,,91.9,,,,,,,,,,,,,,,,,,,,,,
39.794909,XKF1,,,,,,,,,,,,,,,,0.0049361250510176966,0.003643960691988468,,,0.007052016785538006,,,,,,0.0033296968322247267,-0.007051287658970295,,,,,,-0.005137018393725157,,-0.005137018393725157,-0.004831354133784771
39.794909,POS,,,,,,,,,,,,,,,,0.011132000130089637,0.0,,,,,37.4274999,-122.1697,,,-0.011132000130089637,,,,-0.025986870750784874,,,,,,
39.894869,ATT,3,,0.0,0.0,91.89,0.0,0.0,0.07,,0.08,,,,91.89,,,,,,,,,,,,,,,,,,,,,,
39.894869,XKF1,,,,,,,,,,,,,,,,0.004316204281991303,0.0031948050018399954,,,0.008195489192176103,,,,,,0.002902213018387556,-0.00819437697877543,,,,,,-0.005974600091576576,,-0.005974600091576576,-0.005609830375760794
39.894869,POS,,,,,,,,,,,,,,,,0.011132000130089637,0.0,,,,,37.4274999,-122.1697,,,-0.011132000130089637,,,,-0.02600552886724472,,,,,,
39.994828999999996,ATT,3,,0.0,0.0,91.89,0.0,0.0,0.07,,0.08,,,,91.89,,,,,,,,,,,,,,,,,,,,,,
39.994828999999996,XKF1,,,,,,,,,,,,,,,,0.0036880566926493124,0.0027380934916436672,,,0.0092081140577329,,,,,,0.002470750128850341,-0.00920620738457933,,,,,,-0.0067093586549162865,,-0.0067093586549162865,-0.006306652911007404
39.994828999999996,POS,,,,,,,,,,,,,,,,0.011132000130089637,0.0,,,,,37.4274999,-122.1697,,,-0.011132000130089637,,,,-0.026026006788015366,,,,,,
40.094789,ATT,3,,0.0,0.0,91.88,0.0,0.0,0.07,,0.08,,,,91.88,,,,,,,,,,,,,,,,,,,,,,
40.094789,XKF1,,,,,,,,,,,,,,,,0.0028870806017717923,0.0021539656445384026,,,0.010345090892861706,,,,,,0.001922411611303687,-0.010341878895153584,,,,,,-0.007544128689914942,,-0.007544128689914942,-0.007078631781041622
40.094789,POS,,,,,,,,,,,,,,,,0.011132000130089637,0.0,,,,,37.4274999,-122.1697,,,-0.011132000130089637,,,,-0.02604079805314541,,,,,,
40.194749,ATT,3,,0.0,0.0,91.88,0.0,0.0,0.07,,0.08,,,,91.88,,,,,,,,,,,,,,,,,,,,,,
40.194749,XKF1,,,,,,,,,,,,,,,,0.0021455936898113004,0.001614040113054216,,,0.011349895722397852,,,,,,0.0014136643148958683,-0.011341875508948855,,,,,,-0.008250939659774303,,-0.008250939659774303,-0.007793723605573177
40.194749,POS,,,,,,,,,,,,,,,,0.011132000130089637,0.0,,,,,37.4274999,-122.1697,,,-0.011132000130089637,,,,-0.026056623086333275,,,,,,
40.294709,ATT,3,,0.0,0.0,91.87,0.0,0.0,0.07,,0.08,,,,91.87,,,,,,,,,,,,,,,,,,,,,,
40.294709,XKF1,,,,,,,,,,,,,,,,0.0012416762243646067,0.0009558521560393274,,,0.012476247597644275,,,,,,0.0007925317040644586,-0.012448560616234342,,,,,,-0.009052773006260395,,-0.009052773006260395,-0.008585106581449509
40.294709,POS,,,,,,,,,,,,,,,,0.011132000130089637,0.0,,,,,37.4274999,-122.1697,,,-0.011132000130089637,,,,-0.026065193116664886,,,,,,
40.394669,ATT,3,,0.0,0.0,91.87,0.0,0.0,0.07,,0.08,,,,91.87,,,,,,,,,,,,,,,,,,,,,,
40.394669,XKF1,,,,,,,,,,,,,,,,0.0004508356669112104,0.0003781955747399479,,,0.013468783798313089,,,,,,0.00024539948208257556,-0.013235701267308459,,,,,,-0.009745114482939243,,-0.009745114482939243,-0.009297358803451061
40.394669,POS,,,,,,,,,,,,,,,,0.011132000130089637,0.0,,,,,37.4274999,-122.1697,,,-0.011132000130089637,,,,-0.02607867866754532,,,,,,
40.494628999999996,ATT,3,,0.0,0.0,91.87,0.0,0.0,0.07,,0.08,,,,91.87,,,,,,,,,,,,,,,,,,,,,,
40.494628999999996,XKF1,,,,,,,,,,,,,,,,0.0005293518708853739,-0.0003222400264348835,,,0.014603947993539569,,,,,,-0.00041996996151283383,0.01442792087260547,,,,,,-0.010576415807008743,,-0.010576415807008743,-0.01007048785686493
40.494628999999996,POS,,,,,,,,,,,,,,,,0.011132000130089637,0.0,,,,,37.4274999,-122.1697,,,-0.011132000130089637,,,,-0.02608783170580864,,,,,,
40.594589,ATT,3,,0.0,0.0,91.86,0.0,0.0,0.07,,0.08,,,,91.86,,,,,,,,,,,,,,,,,,,,,,
40.594589,XKF1,,,,,,,,,,,,,,,,0.0013430001401535652,-0.0009149708785116673,,,0.015514754915399328,,,,,,-0.0009830959606915712,0.01548793786651443,,,,,,-0.01121921744197607,,-0.01121921744197607,-0.010716192424297333
40.594589,POS,,,,,,,,,,,,,,,,0.011132000130089637,0.0,,,,,37.4274999,-122.1697,,,-0.011132000130089637,,,,-0.026103662326931953,,,,,,
40.694548999999995,ATT,3,,0.0,0.0,91.86,0.0,0.0,0.07,,0.09,,,,91.86,,,,,,,,,,,,,,,,,,,,,,
40.694548999999995,XKF1,,,,,,,,,,,,,,,,0.002339050998066678,-0.0016367334173992276,,,0.016595152604134827,,,,,,-0.0016710066702216864,0.01658521062594667,,,,,,-0.012015690095722675,,-0.012015690095722675,-0.011446496471762657
40.694548999999995,POS,,,,,,,,,,,,,,,,0.011132000130089637,0.0,,,,,37.4274999,-122.1697,,,-0.011132000130089637,,,,-0.02611377090215683,,,,,,
40.794509,ATT,3,,0.0,0.0,91.85,0.0,0.0,0.07,,0.09,,,,91.85,,,,,,,,,,,,,,,,,,,,,,
40.794509,XKF1,,,,,,,,,,,,,,,,0.0031515984914250728,-0.002228067722171545,,,0.017479990137857594,,,,,,-0.0022289655171334743,0.017475288221615582,,,,,,-0.012641130946576595,,-0.012641130946576595,-0.012072773650288582
40.794509,POS,,,,,,,,,,,,,,,,0.011132000130089637,0.0,,,,,37.4274999,-122.1697,,,-0.011132000130089637,,,,-0.026126183569431305,,,,,,
40.894469,ATT,3,,0.0,0.0,91.85,0.0,0.0,0.07,,0.09,,,,91.85,,,,,,,,,,,,,,,,,,,,,,
40.894469,XKF1,,,,,,,,,,,,,,,,0.004164729845743629,-0.0029677555430680513,,,0.01855326378864343,,,,,,-0.002921883249655366,0.018549244495276215,,,,,,-0.013488980941474438,,-0.013488980941474438,-0.012738563120365143
40.894469,POS,,,,,,,,,,,,,,,,0.011132000130089637,0.0,,,,,37.4274999,-122.1697,,,-0.011132000130089637,,,,-0.026136156171560287,,,,,,
40.994429,ATT,3,,0.0,0.0,91.84,0.0,0.0,0.07,,0.09,,,,91.84,,,,,,,,,,,,,,,,,,,,,,
40.994429,XKF1,,,,,,,,,,,,,,,,0.0049626089090913945,-0.0035534899216145277,,,0.019352550998042627,,,,,,-0.00346412998624146,0.01935048003297337,,,,,,-0.014053590595722198,,-0.014053590595722198,-0.01330480445176363
40.994429,POS,,,,,,,,,,,,,,,,0.011132000130089637,0.0,,,,,37.4274999,-122.1697,,,-0.011132000130089637,,,,-0.026150088757276535,,,,,,
41.094389,ATT,3,,0.0,0.0,91.84,0.0,0.0,0.08,,0.09,,,,91.84,,,,,,,,,,,,,,,,,,,,,,
41.094389,XKF1,,,,,,,,,,,,,,,,0.006235667485446364,-0.004484120756387711,,,0.020557300944602952,,,,,,-0.004333152435719967,0.020555816744876765,,,,,,-0.014953515492379665,,-0.014953515492379665,-0.01410655863583088
41.094389,POS,,,,,,,,,,,,,,,,0.011132000130089637,0.0,,,,,37.4274999,-122.1697,,,-0.011132000130089637,,,,-0.026156054809689522,,,,,,
41.194348999999995,ATT,3,,0.0,0.0,91.83,0.0,0.0,0.08,,0.09,,,,91.83,,,,,,,,,,,,,,,,,,,,,,
41.194348999999995,XKF1,,,,,,,,,,,,,,,,0.006905978526316452,-0.004977269563823938,,,0.021208793341068524,,,,,,-0.004787413403391838,0.021207560658472964,,,,,,-0.015443204902112486,,-0.015443204902112484,-0.014536861330270767
41.194348999999995,POS,,,,,,,,,,,,,,,,0.011132000130089637,0.0,,,,,37.4274999,-122.1697,,,-0.011132000130089637,,,,-0.026165122166275978,,,,,,
41.294309,ATT,3,,0.0,0.0,91.83,0.0,0.0,0.08,,0.09,,,,91.83,,,,,,,,,,,,,,,,,,,,,,
41.294309,XKF1,,,,,,,,,,,,,,,,0.008115513787569782,-0.005864528473466635,,,0.022298360923275994,,,,,,-0.0056097120977938175,0.022297546575079683,,,,,,-0.016244644299149513,,-0.016244644299149513,-0.015275091864168644
41.294309,POS,,,,,,,,,,,,,,,,0.011132000130089637,0.0,,,,,37.4274999,-122.1697,,,-0.011132000130089637,,,,-0.026163427159190178,,,,,,
41.394269,ATT,3,,0.0,0.0,91.83,0.0,0.0,0.08,,0.09,,,,91.83,,,,,,,,,,,,,,,,,,,,,,
41.394269,XKF1,,,,,,,,,,,,,,,,0.008676270209441945,-0.006276617757976055,,,0.022765444918100883,,,,,,-0.005990136414766312,0.022764758586807342,,,,,,-0.016590606421232224,,-0.016590606421232224,-0.015589010901749134
41.394269,POS,,,,,,,,,,,,,,,,0.011132000130089637,0.0,,,,,37.4274999,-122.1697,,,-0.011132000130089637,,,,-0.02616925910115242,,,,,,
41.494229,ATT,3,,0.0,0.0,91.82,0.0,0.0,0.08,,0.09,,,,91.82,,,,,,,,,,,,,,,,,,,,,,
41.494229,XKF1,,,,,,,,,,,,,,,,0.0098272576310008,-0.007119289133697748,,,0.023742801367304864,,,,,,-0.006774268578737974,0.02374240938393867,,,,,,-0.01729407161474228,,-0.01729407161474228,-0.016267627477645874
41.494229,POS,,,,,,,,,,,,,,,,0.011132000130089637,0.0,,,,,37.4274999,-122.1697,,,-0.011132000130089637,,,,-0.02617071568965912,,,,,,
41.594189,ATT,3,,0.0,0.0,91.82,0.0,0.0,0.08,,0.09,,,,91.82,,,,,,,,,,,,,,,,,,,,,,
41.594189,XKF1,,,,,,,,,,,,,,,,0.010282848605278921,-0.007453651167452335,,,0.024016599996852128,,,,,,-0.007083788514137268,0.024016202791695203,,,,,,-0.01750359870493412,,-0.01750359870493412,-0.016444485634565353
41.594189,POS,,,,,,,,,,,,,,,,0.011132000130089637,0.0,,,,,37.4274999,-122.1697,,,-0.011132000130089637,,,,-0.026181822642683983,,,,,,
41.694981999999996,ATT,3,,0.0,0.0,91.81,0.0,0.0,0.07,,0.09,,,,91.81,,,,,,,,,,,,,,,,,,,,,,
41.694981999999996,XKF1,,,,,,,,,,,,,,,,0.01104771117454748,-0.008012405596673489,,,0.024566068748196446,,,,,,-0.007606134284287691,0.024565853848983236,,,,,,-0.01788724772632122,,-0.01788724772632122,-0.016838589683175087
41.694981999999996,POS,,,,,,,,,,,,,,,,0.011132000130089637,0.0,,,,,37.4274999,-122.1697,,,-0.011132000130089637,,,,-0.026190275326371193,,,,,,
41.794942,ATT,3,,0.0,0.0,91.81,0.0,0.0,0.07,,0.09,,,,91.81,,,,,,,,,,,,,,,,,,,,,,
41.794942,XKF1,,,,,,,,,,,,,,,,0.011515827342857683,-0.008354398421943188,,,0.024835559441672834,,,,,,-0.007925800047814846,0.0248353588861627,,,,,,-0.01808602549135685,,-0.01808602549135685,-0.01702059619128704
41.794942,POS,,,,,,,,,,,,,,,,0.011132000130089637,0.0,,,,,37.4274999,-122.1697,,,-0.011132000130089637,,,,-0.02619882859289646,,,,,,
41.894901999999995,ATT,3,,0.0,0.0,91.81,0.0,0.0,0.07,,0.09,,,,91.81,,,,,,,,,,,,,,,,,,,,,,
41.894901999999995,XKF1,,,,,,,,,,,,,,,,0.012291261746317705,-0.008920498192310333,,,0.02536542678766552,,,,,,-0.008455757051706314,0.0253651257779339,,,,,,-0.01849398948252201,,-0.01849398948252201,-0.017360219731926918
41.894901999999995,POS,,,,,,,,,,,,,,,,0.014215138165498133,-0.008840176817682208,,,,,37.4274999,-122.1697001,,,-0.011132000130089637,,,,-0.02620500884950161,,,,,,
41.994862,ATT,3,,0.0,0.0,91.8,0.0,0.0,0.07,,0.08,,,,91.8,,,,,,,,,,,,,,,,,,,,,,
41.994862,XKF1,,,,,,,,,,,,,,,,0.012750384512697418,-0.009256386198103428,,,0.02562058856970239,,,,,,-0.008768786676228046,0.025620532906138967,,,,,,-0.018636446446180344,,-0.018636446446180344,-0.017581166699528694
41.994862,POS,,,,,,,,,,,,,,,,0.014215138165498133,-0.008840176817682208,,,,,37.4274999,-122.1697001,,,-0.011132000130089637,,,,-0.026212353259325027,,,,,,
42.094822,ATT,3,,0.0,0.0,91.8,0.0,0.0,0.07,,0.08,,,,91.8,,,,,,,,,,,,,,,,,,,,,,
42.094822,XKF1,,,,,,,,,,,,,,,,0.013500712364858792,-0.009801208041608334,,,0.026095425396829474,,,,,,-0.00928469467908144,0.026095378681508272,,,,,,-0.018978605046868324,,-0.018978605046868324,-0.017910437658429146
42.094822,POS,,,,,,,,,,,,,,,,0.014215138165498133,-0.008840176817682208,,,,,37.4274999,-122.1697001,,,-0.011132000130089637,,,,-0.026220865547657013,,,,,,
42.194782,ATT,3,,0.0,0.0,91.79,0.0,0.0,0.07,,0.08,,,,91.79,,,,,,,,,,,,,,,,,,,,,,
42.194782,XKF1,,,,,,,,,,,,,,,,0.013878997240771677,-0.01007486879825592,,,0.026234402236497624,,,,,,-0.009545867331326008,0.026234332822785277,,,,,,-0.01908520795404911,,-0.01908520795404911,-0.017999963834881783
42.194782,POS,,,,,,,,,,,,,,,,0.014215138165498133,-0.008840176817682208,,,,,37.4274999,-122.1697001,,,-0.011132000130089637,,,,-0.02623259648680687,,,,,,
42.294742,ATT,3,,0.0,0.0,91.79,0.0,0.0,0.07,,0.08,,,,91.79,,,,,,,,,,,,,,,,,,,,,,
42.294742,XKF1,,,,,,,,,,,,,,,,0.014577854417785509,-0.010583403520286083,,,0.026592022303702147,,,,,,-0.010025238618254662,0.026591931525217254,,,,,,-0.019353309646248817,,-0.019353309646248817,-0.01823691464960575
42.294742,POS,,,,,,,,,,,,,,,,0.014215138165498133,-0.008840176817682208,,,,,37.4274999,-122.1697001,,,-0.011132000130089637,,,,-0.026244930922985077,,,,,,
42.394701999999995,ATT,3,,0.0,0.0,91.79,0.0,0.0,0.07,,0.08,,,,91.79,,,,,,,,,,,,,,,,,,,,,,
42.394701999999995,XKF1,,,,,,,,,,,,,,,,0.014874648618150535,-0.01080047246068716,,,0.026603104743364678,,,,,,-0.010227656923234463,0.026602978433500145,,,,,,-0.01937277242541313,,-0.01937277242541313,-0.01823241263628006
42.394701999999995,POS,,,,,,,,,,,,,,,,0.014215138165498133,-0.008840176817682208,,,,,37.4274999,-122.1697001,,,-0.011132000130089637,,,,-0.026259174570441246,,,,,,
42.494662,ATT,3,,0.0,0.0,91.78,0.0,0.0,0.07,,0.08,,,,91.78,,,,,,,,,,,,,,,,,,,,,,
42.494662,XKF1,,,,,,,,,,,,,,,,0.015499988404354745,-0.011258075945079327,,,0.02685844923607415,,,,,,-0.010653889738023281,0.02685824802924598,,,,,,-0.019579356536269188,,-0.019579356536269188,-0.01838545873761177
42.494662,POS,,,,,,,,,,,,,,,,0.014215138165498133,-0.008840176817682208,,,,,37.4274999,-122.1697001,,,-0.011132000130089637,,,,-0.02626708522439003,,,,,,
42.594622,ATT,3,,0.0,0.0,91.78,0.0,0.0,0.07,,0.08,,,,91.78,,,,,,,,,,,,,,,,,,,,,,
42.594622,XKF1,,,,,,,,,,,,,,,,0.015699620145368357,-0.011406724341213703,,,0.026680250964247948,,,,,,-0.01078724768012762,0.026680131933218058,,,,,,-0.019439490512013435,,-0.019439490512013435,-0.018274080008268356
42.594622,POS,,,,,,,,,,,,,,,,0.014215138165498133,-0.008840176817682208,,,,,37.4274999,-122.1697001,,,-0.011132000130089637,,,,-0.026276161894202232,,,,,,
42.694582,ATT,3,,0.0,0.0,91.77,0.0,0.0,0.07,,0.08,,,,91.77,,,,,,,,,,,,,,,,,,,,,,
42.694582,XKF1,,,,,,,,,,,,,,,,0.01623326636175096,-0.011796590872108936,,,0.02683102626830051,,,,,,-0.011151653714478016,0.02683090281313319,,,,,,-0.01955372653901577,,-0.01955372653901577,-0.018372690305113792
42.694582,POS,,,,,,,,,,,,,,,,0.023954841551409783,-0.008840176817682208,,,,,37.4274998,-122.1697001,,,-0.022264000260179273,,,,-0.026282841339707375,,,,,,
42.794542,ATT,3,,0.0,0.0,91.77,0.0,0.0,0.07,,0.08,,,,91.77,,,,,,,,,,,,,,,,,,,,,,
42.794542,XKF1,,,,,,,,,,,,,,,,0.016332266803730604,-0.011872674338519573,,,0.02663914567732829,,,,,,-0.011215281672775745,0.026638842639501958,,,,,,-0.019452251493930817,,-0.019452251493930817,-0.018200384452939034
42.794542,POS,,,,,,,,,,,,,,,,0.023954841551409783,-0.008840176817682208,,,,,37.4274998,-122.1697001,,,-0.022264000260179273,,,,-0.026287471875548363,,,,,,
42.894501999999996,ATT,3,,0.0,0.0,91.77,0.0,0.0,0.07,,0.08,,,,91.77,,,,,,,,,,,,,,,,,,,,,,
42.894501999999996,XKF1,,,,,,,,,,,,,,,,0.016785112080787236,-0.012208972126245499,,,0.026674886939840017,,,,,,-0.011518723331391811,0.02667452387906745,,,,,,-0.01949773170053959,,-0.01949773170053959,-0.018204066902399063
42.894501999999996,POS,,,,,,,,,,,,,,,,0.023954841551409783,-0.008840176817682208,,,,,37.4274998,-122.1697001,,,-0.022264000260179273,,,,-0.026291437447071075,,,,,,
42.994462,ATT,3,,0.0,0.0,91.76,0.0,0.0,0.06,,0.08,,,,91.76,,,,,,,,,,,,,,,,,,,,,,
42.994462,XKF1,,,,,,,,,,,,,,,,0.01678942740985495,-0.012217292562127113,,,0.026346348199483054,,,,,,-0.011516190133988857,0.026346125936637658,,,,,,-0.01924571953713894,,-0.01924571953713894,-0.017992563545703888
42.994462,POS,,,,,,,,,,,,,,,,0.023954841551409783,-0.008840176817682208,,,,,37.4274998,-122.1697001,,,-0.022264000260179273,,,,-0.02629833295941353,,,,,,
43.094422,ATT,3,,0.0,0.0,91.76,0.0,0.0,0.06,,0.08,,,,91.76,,,,,,,,,,,,,,,,,,,,,,
43.094422,XKF1,,,,,,,,,,,,,,,,0.017156176218037347,-0.012488202191889286,,,0.026362797579476346,,,,,,-0.011763468384742737,0.026362697348619814,,,,,,-0.01923959329724312,,-0.01923959329724312,-0.018023183569312096
43.094422,POS,,,,,,,,,,,,,,,,0.023954841551409783,-0.008840176817682208,,,,,37.4274998,-122.1697001,,,-0.022264000260179273,,,,-0.026306092739105225,,,,,,
43.194382,ATT,3,,0.0,0.0,91.76,0.0,0.0,0.06,,0.07,,,,91.76,,,,,,,,,,,,,,,,,,,,,,
43.194382,XKF1,,,,,,,,,,,,,,,,0.0170830052536288,-0.012434296309947968,,,0.0260520194291349,,,,,,-0.011713980697095394,0.026051940045251645,,,,,,-0.01900666207075119,,-0.01900666207075119,-0.01781725324690342
43.194382,POS,,,,,,,,,,,,,,,,0.023954841551409783,-0.008840176817682208,,,,,37.4274998,-122.1697001,,,-0.022264000260179273,,,,-0.0263099055737257,,,,,,
43.294342,ATT,3,,0.0,0.0,91.75,0.0,0.0,0.06,,0.07,,,,91.75,,,,,,,,,,,,,,,,,,,,,,
43.294342,XKF1,,,,,,,,,,,,,,,,0.017828935949774947,-0.01297689788043499,,,0.02634091954483676,,,,,,-0.012225836515426636,0.026340892766081307,,,,,,-0.019198132678866386,,-0.019198132678866386,-0.01803540252149105
43.294342,POS,,,,,,,,,,,,,,,,0.023954841551409783,-0.008840176817682208,,,,,37.4274998,-122.1697001,,,-0.022264000260179273,,,,-0.026309555396437645,,,,,,
43.394301999999996,ATT,3,,0.0,0.0,91.75,0.0,0.0,0.06,,0.07,,,,91.75,,,,,,,,,,,,,,,,,,,,,,
43.394301999999996,XKF1,,,,,,,,,,,,,,,,0.017540718379472863,-0.012765989638864994,,,0.02582300549893067,,,,,,-0.012029393576085567,0.02582298377618394,,,,,,-0.01881672441959381,,-0.01881672441959381,-0.017684979364275932
43.394301999999996,POS,,,,,,,,,,,,,,,,0.023954841551409783,-0.008840176817682208,,,,,37.4274998,-122.1697001,,,-0.022264000260179273,,,,-0.026311928406357765,,,,,,
43.494262,ATT,3,,0.0,0.0,91.74,0.0,0.0,0.06,,0.07,,,,91.74,,,,,,,,,,,,,,,,,,,,,,
43.494262,XKF1,,,,,,,,,,,,,,,,0.018096154776783932,-0.01316564530134201,,,0.025944350080543306,,,,,,-0.012415176257491112,0.02594430448714823,,,,,,-0.018842104822397232,,-0.018842104822397232,-0.017834920436143875
43.494262,POS,,,,,,,,,,,,,,,,0.023954841551409783,-0.008840176817682208,,,,,37.4274998,-122.1697001,,,-0.022264000260179273,,,,-0.026316789910197258,,,,,,
43.594221999999995,ATT,3,,0.0,0.0,91.74,0.0,0.0,0.06,,0.07,,,,91.74,,,,,,,,,,,,,,,,,,,,,,
43.594221999999995,XKF1,,,,,,,,,,,,,,,,0.017661609655739634,-0.012842192314565182,,,0.02532725027690873,,,,,,-0.01212479081004858,0.02532725026680608,,,,,,-0.018415577709674835,,-0.018415577709674835,-0.017387814819812775
43.594221999999995,POS,,,,,,,,,,,,,,,,0.023954841551409783,-0.008840176817682208,,,,,37.4274998,-122.1697001,,,-0.022264000260179273,,,,-0.02632148377597332,,,,,,
43.694182,ATT,3,,0.0,0.0,91.74,0.0,0.0,0.06,,0.07,,,,91.74,,,,,,,,,,,,,,,,,,,,,,
43.694182,XKF1,,,,,,,,,,,,,,,,0.018100455743518422,-0.013157106935977936,,,0.025416245146720078,,,,,,-0.012430488131940365,0.025416236317882868,,,,,,-0.018489450216293335,,-0.018489450216293335,-0.01743920147418976
43.694182,POS,,,,,,,,,,,,,,,,0.023954841551409783,-0.008840176817682208,,,,,37.4274998,-122.1697001,,,-0.022264000260179273,,,,-0.026321623474359512,,,,,,
43.794975,ATT,3,,0.0,0.0,91.73,0.0,0.0,0.06,,0.07,,,,91.73,,,,,,,,,,,,,,,,,,,,,,
43.794975,XKF1,,,,,,,,,,,,,,,,0.017578940564695486,-0.012774338945746422,,,0.024740847214761743,,,,,,-0.012076233513653278,0.02474084451078567,,,,,,-0.017986727878451347,,-0.017986727878451347,-0.01698785275220871
43.794975,POS,,,,,,,,,,,,,,,,0.023954841551409783,-0.008840176817682208,,,,,37.4274998,-122.1697001,,,-0.022264000260179273,,,,-0.026324467733502388,,,,,,
43.894935,ATT,3,,0.0,0.0,91.73,0.0,0.0,0.06,,0.07,,,,91.73,,,,,,,,,,,,,,,,,,,,,,
43.894935,XKF1,,,,,,,,,,,,,,,,0.017717952150398685,-0.01287180744111538,,,0.024622787698110542,,,,,,-0.012175483629107475,0.024622787670626808,,,,,,-0.017888858914375305,,-0.017888858914375305,-0.01691952720284462
43.894935,POS,,,,,,,,,,,,,,,,0.023954841551409783,-0.008840176817682208,,,,,37.4274998,-122.1697001,,,-0.022264000260179273,,,,-0.0263298898935318,,,,,,
43.994895,ATT,3,,0.0,0.0,91.73,0.0,0.0,0.05,,0.07,,,,91.73,,,,,,,,,,,,,,,,,,,,,,
43.994895,XKF1,,,,,,,,,,,,,,,,0.017224530643709827,-0.012509324587881565,,,0.02405804821344878,,,,,,-0.01184066105633974,0.024058048213404914,,,,,,-0.017472201958298683,,-0.017472201958298683,-0.016538193449378014
43.994895,POS,,,,,,,,,,,,,,,,0.023954841551409783,-0.008840176817682208,,,,,37.4274998,-122.1697001,,,-0.022264000260179273,,,,-0.02633298933506012,,,,,,
44.094854999999995,ATT,3,,0.0,0.0,91.72,0.0,0.0,0.05,,0.07,,,,91.72,,,,,,,,,,,,,,,,,,,,,,
44.094854999999995,XKF1,,,,,,,,,,,,,,,,0.017397416949770067,-0.012630799785256386,,,0.023944480809154126,,,,,,-0.01196382101625204,0.02394445328979455,,,,,,-0.017359087243676186,,-0.017359087243676186,-0.016492430120706558
44.094854999999995,POS,,,,,,,,,,,,,,,,0.023954841551409783,-0.008840176817682208,,,,,37.4274998,-122.1697001,,,-0.022264000260179273,,,,-0.02633414790034294,,,,,,
44.194815,ATT,3,,0.0,0.0,91.72,0.0,0.0,0.05,,0.07,,,,91.72,,,,,,,,,,,,,,,,,,,,,,
44.194815,XKF1,,,,,,,,,,,,,,,,0.01691329997683864,-0.012271564453840256,,,0.023375729644311904,,,,,,-0.01163909025490284,0.023375619320091832,,,,,,-0.016910923644900322,,-0.016910923644900322,-0.016138320788741112
44.194815,POS,,,,,,,,,,,,,,,,0.023954841551409783,-0.008840176817682208,,,,,37.4274998,-122.1697001,,,-0.022264000260179273,,,,-0.026333283632993698,,,,,,
44.294775,ATT,3,,0.0,0.0,91.72,0.0,0.0,0.05,,0.07,,,,91.72,,,,,,,,,,,,,,,,,,,,,,
44.294775,XKF1,,,,,,,,,,,,,,,,0.017068884418199554,-0.012375338934361935,,,0.02330232883588096,,,,,,-0.011755756102502346,0.023302139772508022,,,,,,-0.016829945147037506,,-0.016829945147037506,-0.016116807237267494
44.294775,POS,,,,,,,,,,,,,,,,0.023954841551409783,-0.008840176817682208,,,,,37.4274998,-122.1697001,,,-0.022264000260179273,,,,-0.02633226104080677,,,,,,
44.394735,ATT,3,,0.0,0.0,91.71,0.0,0.0,0.05,,0.06,,,,91.71,,,,,,,,,,,,,,,,,,,,,,
44.394735,XKF1,,,,,,,,,,,,,,,,0.016595510230774768,-0.012023738585412502,,,0.022777307845625133,,,,,,-0.011438560672104359,0.022777246721695146,,,,,,-0.01646614447236061,,-0.01646614447236061,-0.015737593173980713
44.394735,POS,,,,,,,,,,,,,,,,0.023954841551409783,-0.008840176817682208,,,,,37.4274998,-122.1697001,,,-0.022264000260179273,,,,-0.02633560076355934,,,,,,
44.494695,ATT,3,,0.0,0.0,91.71,0.0,0.0,0.05,,0.06,,,,91.71,,,,,,,,,,,,,,,,,,,,,,
44.494695,XKF1,,,,,,,,,,,,,,,,0.016756556263440085,-0.012134874239563942,,,0.022734679320964953,,,,,,-0.011555388569831848,0.02273455724298385,,,,,,-0.016412684693932533,,-0.016412684693932533,-0.015731796622276306
44.494695,POS,,,,,,,,,,,,,,,,0.023954841551409783,-0.008840176817682208,,,,,37.4274998,-122.1697001,,,-0.022264000260179273,,,,-0.026339543983340263,,,,,,
44.594654999999996,ATT,3,,0.0,0.0,91.71,0.0,0.0,0.05,,0.06,,,,91.71,,,,,,,,,,,,,,,,,,,,,,
44.594654999999996,XKF1,,,,,,,,,,,,,,,,0.01629538676245035,-0.011794042773544788,,,0.022250428092252774,,,,,,-0.011244562454521656,0.022250220315757546,,,,,,-0.01603759452700615,,-0.01603759452700615,-0.015423265285789967
44.594654999999996,POS,,,,,,,,,,,,,,,,0.023954841551409783,-0.008840176817682208,,,,,37.4274998,-122.1697001,,,-0.022264000260179273,,,,-0.026340818032622337,,,,,,
44.694615,ATT,3,,0.0,0.0,91.7,0.0,0.0,0.05,,0.06,,,,91.7,,,,,,,,,,,,,,,,,,,,,,
44.694615,XKF1,,,,,,,,,,,,,,,,0.016462644287381294,-0.011909090913832188,,,0.022259411173719764,,,,,,-0.011366275139153004,0.022259384998440865,,,,,,-0.0160788893699646,,-0.0160788893699646,-0.015393203124403954
44.694615,POS,,,,,,,,,,,,,,,,0.023954841551409783,-0.008840176817682208,,,,,37.4274998,-122.1697001,,,-0.022264000260179273,,,,-0.026343120262026787,,,,,,
44.794574999999995,ATT,3,,0.0,0.0,91.7,0.0,0.0,0.05,,0.06,,,,91.7,,,,,,,,,,,,,,,,,,,,,,
44.794574999999995,XKF1,,,,,,,,,,,,,,,,0.01601304450291157,-0.0115806944668293,,,0.021797362562298073,,,,,,-0.011059164069592953,0.021797275327843764,,,,,,-0.015721281990408897,,-0.015721281990408897,-0.015098553150892258
44.794574999999995,POS,,,,,,,,,,,,,,,,0.014215138165498133,-0.008840176817682208,,,,,37.4274999,-122.1697001,,,-0.011132000130089637,,,,-0.02634274773299694,,,,,,
44.894535,ATT,3,,0.0,0.0,91.7,0.0,0.0,0.05,,0.06,,,,91.7,,,,,,,,,,,,,,,,,,,,,,
44.894535,XKF1,,,,,,,,,,,,,,,,0.01618457735648452,-0.011699410155415535,,,0.021816952495475963,,,,,,-0.011183217167854309,0.02181683937396567,,,,,,-0.015722280368208885,,-0.015722280368208885,-0.015125783160328865
44.894535,POS,,,,,,,,,,,,,,,,0.023954841551409783,-0.008840176817682208,,,,,37.4274998,-122.1697001,,,-0.022264000260179273,,,,-0.026344679296016693,,,,,,
44.994495,ATT,3,,0.0,0.0,91.69,0.0,0.0,0.05,,0.06,,,,91.69,,,,,,,,,,,,,,,,,,,,,,
44.994495,XKF1,,,,,,,,,,,,,,,,0.01574937678036262,-0.011380455456674099,,,0.021396100251622408,,,,,,-0.01088706124573946,0.021396069087181595,,,,,,-0.015435495413839819,,-0.015435495413839817,-0.014816834591329098
44.994495,POS,,,,,,,,,,,,,,,,0.014215138165498133,-0.008840176817682208,,,,,37.4274999,-122.1697001,,,-0.011132000130089637,,,,-0.026347849518060684,,,,,,
45.094454999999996,ATT,3,,0.0,0.0,91.69,0.0,0.0,0.05,,0.06,,,,91.69,,,,,,,,,,,,,,,,,,,,,,
45.094454999999996,XKF1,,,,,,,,,,,,,,,,0.01592582752048272,-0.011505951173603535,,,0.021407915122797563,,,,,,-0.011011133901774883,0.021407915122703118,,,,,,-0.015466645359992983,,-0.015466645359992981,-0.014801409095525742
45.094454999999996,POS,,,,,,,,,,,,,,,,0.014215138165498133,-0.008840176817682208,,,,,37.4274999,-122.1697001,,,-0.011132000130089637,,,,-0.02635064162313938,,,,,,
45.194415,ATT,3,,0.0,0.0,91.69,0.0,0.0,0.05,,0.06,,,,91.69,,,,,,,,,,,,,,,,,,,,,,
45.194415,XKF1,,,,,,,,,,,,,,,,0.015501767012913462,-0.011197862215340137,,,0.02096729064740724,,,,,,-0.010719732381403446,0.020967270765358918,,,,,,-0.015125958248972894,,-0.015125958248972893,-0.014520077966153622
45.194415,POS,,,,,,,,,,,,,,,,0.014215138165498133,-0.008840176817682208,,,,,37.4274999,-122.1697001,,,-0.011132000130089637,,,,-0.026353102177381516,,,,,,
45.294374999999995,ATT,3,,0.0,0.0,91.69,0.0,0.0,0.05,,0.06,,,,91.69,,,,,,,,,,,,,,,,,,,,,,
45.294374999999995,XKF1,,,,,,,,,,,,,,,,0.01588142135006302,-0.011472340673208237,,,0.021145820808875497,,,,,,-0.010982028208673,0.021145811229648294,,,,,,-0.015289122238755228,,-0.015289122238755226,-0.014607822522521019
45.294374999999995,POS,,,,,,,,,,,,,,,,0.014215138165498133,-0.008840176817682208,,,,,37.4274999,-122.1697001,,,-0.011132000130089637,,,,-0.02635425329208374,,,,,,
45.394335,ATT,3,,0.0,0.0,91.68,0.0,0.0,0.05,,0.06,,,,91.68,,,,,,,,,,,,,,,,,,,,,,
45.394335,XKF1,,,,,,,,,,,,,,,,0.015405242395532287,-0.011128704063594341,,,0.02073693013433871,,,,,,-0.010652391240000725,0.020736924943465025,,,,,,-0.01499044243246317,,-0.014990442432463169,-0.014328534714877605
45.394335,POS,,,,,,,,,,,,,,,,0.014215138165498133,-0.008840176817682208,,,,,37.4274999,-122.1697001,,,-0.011132000130089637,,,,-0.026356935501098633,,,,,,
45.494295,ATT,3,,0.0,0.0,91.68,0.0,0.0,0.05,,0.06,,,,91.68,,,,,,,,,,,,,,,,,,,,,,
45.494295,XKF1,,,,,,,,,,,,,,,,0.015744447329407014,-0.011376326903700829,,,0.020944952291534744,,,,,,-0.010884245857596397,0.020944938146988373,,,,,,-0.015150827355682852,,-0.01515082735568285,-0.014461793005466461
45.494295,POS,,,,,,,,,,,,,,,,0.014215138165498133,-0.008840176817682208,,,,,37.4274999,-122.1697001,,,-0.011132000130089637,,,,-0.026359720155596733,,,,,,
45.594255,ATT,3,,0.0,0.0,91.68,0.0,0.0,0.05,,0.06,,,,91.68,,,,,,,,,,,,,,,,,,,,,,
45.594255,XKF1,,,,,,,,,,,,,,,,0.015247339377637944,-0.011018098331987858,,,0.02048168770417681,,,,,,-0.010539585724473,0.02048165490895952,,,,,,-0.014825877733528614,,-0.014825877733528614,-0.01413127314299345
45.594255,POS,,,,,,,,,,,,,,,,0.014215138165498133,-0.008840176817682208,,,,,37.4274999,-122.1697001,,,-0.011132000130089637,,,,-0.026367051526904106,,,,,,
45.694215,ATT,3,,0.0,0.0,91.67,0.0,0.0,0.05,,0.06,,,,91.67,,,,,,,,,,,,,,,,,,,,,,
45.694215,XKF1,,,,,,,,,,,,,,,,0.015557533893111356,-0.011244974099099636,,,0.020590588386323216,,,,,,-0.010751158930361271,0.020590536496984026,,,,,,-0.01491476967930794,,-0.014914769679307938,-0.01419584359973669
45.694215,POS,,,,,,,,,,,,,,,,0.014215138165498133,-0.008840176817682208,,,,,37.4274999,-122.1697001,,,-0.011132000130089637,,,,-0.026373470202088356,,,,,,
45.794174999999996,ATT,3,,0.0,0.0,91.67,0.0,0.0,0.05,,0.06,,,,91.67,,,,,,,,,,,,,,,,,,,,,,
45.794174999999996,XKF1,,,,,,,,,,,,,,,,0.015045891305186205,-0.010876922868192196,,,0.020083100708872415,,,,,,-0.01039573922753334,0.02008305928153233,,,,,,-0.014546559192240238,,-0.014546559192240238,-0.013846607878804207
45.794174999999996,POS,,,,,,,,,,,,,,,,0.014215138165498133,-0.008840176817682208,,,,,37.4274999,-122.1697001,,,-0.011132000130089637,,,,-0.026379557326436043,,,,,,
45.894968,ATT,3,,0.0,0.0,91.67,0.0,0.0,0.05,,0.06,,,,91.67,,,,,,,,,,,,,,,,,,,,,,
45.894968,XKF1,,,,,,,,,,,,,,,,0.015143709678472648,-0.010949306190013885,,,0.020149120887550293,,,,,,-0.010461579076945782,0.020149071488219053,,,,,,-0.014599138870835304,,-0.014599138870835304,-0.013887124136090279
45.894968,POS,,,,,,,,,,,,,,,,0.014215138165498133,-0.008840176817682208,,,,,37.4274999,-122.1697001,,,-0.011132000130089637,,,,-0.02638581208884716,,,,,,
45.994928,ATT,3,,0.0,0.0,91.66,0.0,0.0,0.05,,0.06,,,,91.66,,,,,,,,,,,,,,,,,,,,,,
45.994928,XKF1,,,,,,,,,,,,,,,,0.014709489749643541,-0.010637914761900902,,,0.019808502509340475,,,,,,-0.010158929973840714,0.019808410445391236,,,,,,-0.014367167837917805,,-0.014367167837917805,-0.013636761344969273
45.994928,POS,,,,,,,,,,,,,,,,0.014215138165498133,-0.008840176817682208,,,,,37.4274999,-122.1697001,,,-0.011132000130089637,,,,-0.026391563937067986,,,,,,
46.094888,ATT,3,,0.0,0.0,91.66,0.0,0.0,0.05,,0.06,,,,91.66,,,,,,,,,,,,,,,,,,,,,,
46.094888,XKF1,,,,,,,,,,,,,,,,0.014874184415773154,-0.010761610232293606,,,0.019935060721911955,,,,,,-0.01026786770671606,0.01993489995074379,,,,,,-0.014478352852165699,,-0.014478352852165699,-0.013703428208827972
46.094888,POS,,,,,,,,,,,,,,,,0.014215138165498133,-0.008840176817682208,,,,,37.4274999,-122.1697001,,,-0.011132000130089637,,,,-0.026395365595817566,,,,,,
46.194848,ATT,3,,0.0,0.0,91.66,0.0,0.0,0.04,,0.06,,,,91.66,,,,,,,,,,,,,,,,,,,,,,
46.194848,XKF1,,,,,,,,,,,,,,,,0.014517120225830748,-0.0105058578774333,,,0.019708958746868555,,,,,,-0.010018669068813324,0.01970888112880533,,,,,,-0.014301243238151073,,-0.014301243238151073,-0.013561618514358997
46.194848,POS,,,,,,,,,,,,,,,,0.014215138165498133,-0.008840176817682208,,,,,37.4274999,-122.1697001,,,-0.011132000130089637,,,,-0.02640126273036003,,,,,,
46.294807999999996,ATT,3,,0.0,0.0,91.66,0.0,0.0,0.05,,0.06,,,,91.66,,,,,,,,,,,,,,,,,,,,,,
46.294807999999996,XKF1,,,,,,,,,,,,,,,,0.014731618271965006,-0.010661233216524124,,,0.019908576837634643,,,,,,-0.010166547261178493,0.0199085768158749,,,,,,-0.01440714206546545,,-0.01440714206546545,-0.013739930465817451
46.294807999999996,POS,,,,,,,,,,,,,,,,0.014215138165498133,-0.008840176817682208,,,,,37.4274999,-122.1697001,,,-0.011132000130089637,,,,-0.026408275589346886,,,,,,
46.394768,ATT,3,,0.0,0.0,91.65,0.0,0.0,0.04,,0.06,,,,91.65,,,,,,,,,,,,,,,,,,,,,,
46.394768,XKF1,,,,,,,,,,,,,,,,0.014397462174931562,-0.010415563359856606,,,0.01960057033408562,,,,,,-0.009939967654645443,0.01960056525824278,,,,,,-0.014169908128678799,,-0.014169908128678799,-0.013542380183935165
46.394768,POS,,,,,,,,,,,,,,,,0.014215138165498133,-0.008840176817682208,,,,,37.4274999,-122.1697001,,,-0.011132000130089637,,,,-0.026415249332785606,,,,,,
46.494727999999995,ATT,3,,0.0,0.0,91.65,0.0,0.0,0.04,,0.06,,,,91.65,,,,,,,,,,,,,,,,,,,,,,
46.494727999999995,XKF1,,,,,,,,,,,,,,,,0.01463292959939486,-0.010581402108073235,,,0.019710891600427372,,,,,,-0.01010725274682045,0.019710863112674837,,,,,,-0.014230223372578621,,-0.014230223372578621,-0.013638914562761784
46.494727999999995,POS,,,,,,,,,,,,,,,,0.014215138165498133,-0.008840176817682208,,,,,37.4274999,-122.1697001,,,-0.011132000130089637,,,,-0.026417933404445648,,,,,,
46.594688,ATT,3,,0.0,0.0,91.65,0.0,0.0,0.04,,0.06,,,,91.65,,,,,,,,,,,,,,,,,,,,,,
46.594688,XKF1,,,,,,,,,,,,,,,,0.014313955598471387,-0.010344156064093113,,,0.01946118412655377,,,,,,-0.009893824346363544,0.019461087659173426,,,,,,-0.014021440409123898,,-0.014021440409123898,-0.013495810329914093
46.594688,POS,,,,,,,,,,,,,,,,0.014215138165498133,-0.008840176817682208,,,,,37.4274999,-122.1697001,,,-0.011132000130089637,,,,-0.026419831439852715,,,,,,
46.694648,ATT,3,,0.0,0.0,91.64,0.0,0.0,0.04,,0.06,,,,91.64,,,,,,,,,,,,,,,,,,,,,,
46.694648,XKF1,,,,,,,,,,,,,,,,0.014560584847484499,-0.010517332702875137,,,0.01960529186412374,,,,,,-0.010069575160741806,0.01960528193773341,,,,,,-0.01414755079895258,,-0.01414755079895258,-0.013572555966675282
46.694648,POS,,,,,,,,,,,,,,,,0.014215138165498133,-0.008840176817682208,,,,,37.4274999,-122.1697001,,,-0.011132000130089637,,,,-0.02642166242003441,,,,,,
46.794608,ATT,3,,0.0,0.0,91.64,0.0,0.0,0.04,,0.06,,,,91.64,,,,,,,,,,,,,,,,,,,,,,
46.794608,XKF1,,,,,,,,,,,,,,,,0.014257593124727224,-0.010295710526406765,,,0.019434609984515225,,,,,,-0.009862925857305527,0.019434606979710743,,,,,,-0.014026666060090065,,-0.014026666060090065,-0.0134520148858428
46.794608,POS,,,,,,,,,,,,,,,,0.014215138165498133,-0.008840176817682208,,,,,37.4274999,-122.1697001,,,-0.011132000130089637,,,,-0.02642286941409111,,,,,,
46.894568,ATT,3,,0.0,0.0,91.64,0.0,0.0,0.04,,0.06,,,,91.64,,,,,,,,,,,,,,,,,,,,,,
46.894568,XKF1,,,,,,,,,,,,,,,,0.01451989676220073,-0.010483385995030403,,,0.01962071270297894,,,,,,-0.010046194307506084,0.019620668202816396,,,,,,-0.014137237332761288,,-0.014137237332761288,-0.013605546206235886
46.894568,POS,,,,,,,,,,,,,,,,0.014215138165498133,-0.008840176817682208,,,,,37.4274999,-122.1697001,,,-0.011132000130089637,,,,-0.026425033807754517,,,,,,
46.994527999999995,ATT,3,,0.0,0.0,91.64,0.0,0.0,0.04,,0.06,,,,91.64,,,,,,,,,,,,,,,,,,,,,,
46.994527999999995,XKF1,,,,,,,,,,,,,,,,0.014233217995068733,-0.010273903608322144,,,0.01935138375265819,,,,,,-0.009850451722741127,0.019351383752249363,,,,,,-0.01396841462701559,,-0.01396841462701559,-0.013392514549195766
46.994527999999995,POS,,,,,,,,,,,,,,,,0.014215138165498133,-0.008840176817682208,,,,,37.4274999,-122.1697001,,,-0.011132000130089637,,,,-0.026424946263432503,,,,,,
47.094488,ATT,3,,0.0,0.0,91.63,0.0,0.0,0.04,,0.06,,,,91.63,,,,,,,,,,,,,,,,,,,,,,
47.094488,XKF1,,,,,,,,,,,,,,,,0.014500051721221183,-0.010467060841619968,,,0.019496637836538402,,,,,,-0.010034547187387943,0.01949659108867181,,,,,,-0.014103427529335022,,-0.014103427529335022,-0.01346150878816843
47.094488,POS,,,,,,,,,,,,,,,,0.014215138165498133,-0.008840176817682208,,,,,37.4274999,-122.1697001,,,-0.011132000130089637,,,,-0.026426222175359726,,,,,,
47.194448,ATT,3,,0.0,0.0,91.63,0.0,0.0,0.04,,0.06,,,,91.63,,,,,,,,,,,,,,,,,,,,,,
47.194448,XKF1,,,,,,,,,,,,,,,,0.014215541952177875,-0.010262588039040565,,,0.019268339834882613,,,,,,-0.0098367128521204,0.01926832291506499,,,,,,-0.013927998021245003,,-0.013927998021245003,-0.013314645737409592
47.194448,POS,,,,,,,,,,,,,,,,0.014215138165498133,-0.008840176817682208,,,,,37.4274999,-122.1697001,,,-0.011132000130089637,,,,-0.026430336758494377,,,,,,
47.294408,ATT,3,,0.0,0.0,91.63,0.0,0.0,0.04,,0.06,,,,91.63,,,,,,,,,,,,,,,,,,,,,,
47.294408,XKF1,,,,,,,,,,,,,,,,0.014486786008084273,-0.010458121076226234,,,0.019464991577772768,,,,,,-0.010024703107774258,0.019464991000698522,,,,,,-0.01404864527285099,,-0.01404864527285099,-0.01347299013286829
47.294408,POS,,,,,,,,,,,,,,,,0.014215138165498133,-0.008840176817682208,,,,,37.4274999,-122.1697001,,,-0.011132000130089637,,,,-0.026435228064656258,,,,,,
47.394368,ATT,3,,0.0,0.0,91.62,0.0,0.0,0.04,,0.06,,,,91.62,,,,,,,,,,,,,,,,,,,,,,
47.394368,XKF1,,,,,,,,,,,,,,,,0.01421543626893776,-0.010260491631925106,,,0.019268267975249352,,,,,,-0.00983874686062336,0.019268266746409867,,,,,,-0.013902787119150162,,-0.013902787119150162,-0.013340864330530167
47.394368,POS,,,,,,,,,,,,,,,,0.014215138165498133,-0.008840176817682208,,,,,37.4274999,-122.1697001,,,-0.011132000130089637,,,,-0.026441244408488274,,,,,,
47.494327999999996,ATT,3,,0.0,0.0,91.62,0.0,0.0,0.04,,0.06,,,,91.62,,,,,,,,,,,,,,,,,,,,,,
47.494327999999996,XKF1,,,,,,,,,,,,,,,,0.014680280517376106,-0.010593116283416748,,,0.01957042907836413,,,,,,-0.010163489729166031,0.01957035958773077,,,,,,-0.014085632748901844,,-0.014085632748901844,-0.013586634770035744
47.494327999999996,POS,,,,,,,,,,,,,,,,0.014215138165498133,-0.008840176817682208,,,,,37.4274999,-122.1697001,,,-0.011132000130089637,,,,-0.02644718997180462,,,,,,
47.594288,ATT,3,,0.0,0.0,91.62,0.0,0.0,0.04,,0.06,,,,91.62,,,,,,,,,,,,,,,,,,,,,,
47.594288,XKF1,,,,,,,,,,,,,,,,0.01434962410462076,-0.010351313278079033,,,0.01934553453538717,,,,,,-0.009937908500432968,0.01934553321555108,,,,,,-0.013950237073004246,,-0.013950237073004246,-0.013403006829321384
47.594288,POS,,,,,,,,,,,,,,,,0.014215138165498133,-0.008840176817682208,,,,,37.4274999,-122.1697001,,,-0.011132000130089637,,,,-0.026456259191036224,,,,,,
47.694247999999995,ATT,3,,0.0,0.0,91.62,0.0,0.0,0.05,,0.06,,,,91.62,,,,,,,,,,,,,,,,,,,,,,
47.694247999999995,XKF1,,,,,,,,,,,,,,,,0.014772592583144438,-0.010655450634658337,,,0.01963569716166551,,,,,,-0.01023185532540083,0.019635681265122683,,,,,,-0.014180495403707027,,-0.014180495403707027,-0.01358212623745203
47.694247999999995,POS,,,,,,,,,,,,,,,,0.014215138165498133,-0.008840176817682208,,,,,37.4274999,-122.1697001,,,-0.011132000130089637,,,,-0.026464449241757393,,,,,,
47.794208,ATT,3,,0.0,0.0,91.61,0.0,0.0,0.05,,0.06,,,,91.61,,,,,,,,,,,,,,,,,,,,,,
47.794208,XKF1,,,,,,,,,,,,,,,,0.014415957384483773,-0.010399257764220238,,,0.019394174178727144,,,,,,-0.009983750060200691,0.01939413963533958,,,,,,-0.014015725813806057,,-0.014015725813806057,-0.01340497750788927
47.794208,POS,,,,,,,,,,,,,,,,0.014215138165498133,-0.008840176817682208,,,,,37.4274999,-122.1697001,,,-0.011132000130089637,,,,-0.02647186629474163,,,,,,
47.894168,ATT,3,,0.0,0.0,91.61,0.0,0.0,0.05,,0.06,,,,91.61,,,,,,,,,,,,,,,,,,,,,,
47.894168,XKF1,,,,,,,,,,,,,,,,0.014818828274528774,-0.010694818571209908,,,0.01966417412997817,,,,,,-0.010257608257234097,0.01966399993197796,,,,,,-0.014248895458877087,,-0.014248895458877087,-0.01355170551687479
47.894168,POS,,,,,,,,,,,,,,,,0.014215138165498133,-0.008840176817682208,,,,,37.4274999,-122.1697001,,,-0.011132000130089637,,,,-0.02648242749273777,,,,,,
47.994960999999996,ATT,3,,0.0,0.0,91.61,0.0,0.0,0.05,,0.06,,,,91.61,,,,,,,,,,,,,,,,,,,,,,
47.994960999999996,XKF1,,,,,,,,,,,,,,,,0.014449865784581592,-0.010432888753712177,,,0.019411860109423654,,,,,,-0.009997672401368618,0.019411730521494037,,,,,,-0.014064460061490536,,-0.014064460061490536,-0.013379509560763836
47.994960999999996,POS,,,,,,,,,,,,,,,,0.014215138165498133,-0.008840176817682208,,,,,37.4274999,-122.1697001,,,-0.011132000130089637,,,,-0.026490990072488785,,,,,,
48.094921,ATT,3,,0.0,0.0,91.61,0.0,0.0,0.05,,0.06,,,,91.61,,,,,,,,,,,,,,,,,,,,,,
48.094921,XKF1,,,,,,,,,,,,,,,,0.014656295335984578,-0.010584509931504726,,,0.01954240269818428,,,,,,-0.010137807577848434,0.019542394427007108,,,,,,-0.014125598594546318,,-0.014125598594546318,-0.013504553586244583
48.094921,POS,,,,,,,,,,,,,,,,0.014215138165498133,-0.008840176817682208,,,,,37.4274999,-122.1697001,,,-0.011132000130089637,,,,-0.026499757543206215,,,,,,
48.194880999999995,ATT,3,,0.0,0.0,91.6,0.0,0.0,0.05,,0.06,,,,91.6,,,,,,,,,,,,,,,,,,,,,,
48.194880999999995,XKF1,,,,,,,,,,,,,,,,0.014354917677453458,-0.010367203503847122,,,0.01941052928522466,,,,,,-0.009928985498845577,0.01941039623883347,,,,,,-0.01406800840049982,,-0.01406800840049982,-0.013373847119510174
48.194880999999995,POS,,,,,,,,,,,,,,,,0.014215138165498133,-0.008840176817682208,,,,,37.4274999,-122.1697001,,,-0.011132000130089637,,,,-0.026510033756494522,,,,,,
48.294841,ATT,3,,0.0,0.0,91.6,0.0,0.0,0.05,,0.06,,,,91.6,,,,,,,,,,,,,,,,,,,,,,
48.294841,XKF1,,,,,,,,,,,,,,,,0.014631909803627146,-0.010570507496595383,,,0.019625400284182193,,,,,,-0.010117171332240105,0.019625272443507553,,,,,,-0.014226834289729595,,-0.014226834289729595,-0.013518636114895344
48.294841,POS,,,,,,,,,,,,,,,,0.014215138165498133,-0.008840176817682208,,,,,37.4274999,-122.1697001,,,-0.011132000130089637,,,,-0.026517335325479507,,,,,,
48.394801,ATT,3,,0.0,0.0,91.6,0.0,0.0,0.05,,0.06,,,,91.6,,,,,,,,,,,,,,,,,,,,,,
48.394801,XKF1,,,,,,,,,,,,,,,,0.01437296549008031,-0.01038656197488308,,,0.019494088295887266,,,,,,-0.009934861212968826,0.019493904892381897,,,,,,-0.014145636931061745,,-0.014145636931061745,-0.01341344229876995
48.394801,POS,,,,,,,,,,,,,,,,0.014215138165498133,-0.008840176817682208,,,,,37.4274999,-122.1697001,,,-0.011132000130089637,,,,-0.02651747316122055,,,,,,
48.494761,ATT,3,,0.0,0.0,91.6,0.0,0.0,0.05,,0.06,,,,91.6,,,,,,,,,,,,,,,,,,,,,,
48.494761,XKF1,,,,,,,,,,,,,,,,0.014667021826275762,-0.010603809729218483,,,0.019659770703087675,,,,,,-0.010133150964975357,0.019659543519651844,,,,,,-0.014278547838330269,,-0.014278547838330269,-0.013514054007828236
48.494761,POS,,,,,,,,,,,,,,,,0.014215138165498133,-0.008840176817682208,,,,,37.4274999,-122.1697001,,,-0.011132000130089637,,,,-0.026519261300563812,,,,,,
48.594721,ATT,3,,0.0,0.0,91.59,0.0,0.0,0.05,,0.06,,,,91.59,,,,,,,,,,,,,,,,,,,,,,
48.594721,XKF1,,,,,,,,,,,,,,,,0.014425112140486165,-0.01043171901255846,,,0.01951736178837597,,,,,,-0.009963086806237698,0.01951722415001821,,,,,,-0.014164775609970093,,-0.014164775609970093,-0.01342708244919777
48.594721,POS,,,,,,,,,,,,,,,,0.014215138165498133,-0.008840176817682208,,,,,37.4274999,-122.1697001,,,-0.011132000130089637,,,,-0.026521824300289154,,,,,,
48.694680999999996,ATT,3,,0.0,0.0,91.59,0.0,0.0,0.05,,0.06,,,,91.59,,,,,,,,,,,,,,,,,,,,,,
48.694680999999996,XKF1,,,,,,,,,,,,,,,,0.014731120972239626,-0.010659819468855858,,,0.01971258433174378,,,,,,-0.010167309083044529,0.019712091784781453,,,,,,-0.014360357075929642,,-0.014360357075929642,-0.013504300266504288
48.694680999999996,POS,,,,,,,,,,,,,,,,0.014215138165498133,-0.008840176817682208,,,,,37.4274999,-122.1697001,,,-0.011132000130089637,,,,-0.02652674727141857,,,,,,
48.794641,ATT,3,,0.0,0.0,91.59,0.0,0.0,0.05,,0.06,,,,91.59,,,,,,,,,,,,,,,,,,,,,,
48.794641,XKF1,,,,,,,,,,,,,,,,0.014499924794196687,-0.010499651543796062,,,0.019592796600516243,,,,,,-0.010000256821513176,0.019592379580783803,,,,,,-0.014275350607931614,,-0.014275350607931614,-0.013419837690889835
48.794641,POS,,,,,,,,,,,,,,,,0.014215138165498133,-0.008840176817682208,,,,,37.4274999,-122.1697001,,,-0.011132000130089637,,,,-0.02653435617685318,,,,,,
48.894601,ATT,3,,0.0,0.0,91.58,0.0,0.0,0.05,,0.06,,,,91.58,,,,,,,,,,,,,,,,,,,,,,
48.894601,XKF1,,,,,,,,,,,,,,,,0.014819658826101601,-0.010737803764641285,,,0.019842503417396445,,,,,,-0.010213807225227356,0.019842276258883226,,,,,,-0.014442453160881996,,-0.014442453160881996,-0.013606633991003036
48.894601,POS,,,,,,,,,,,,,,,,0.014215138165498133,-0.008840176817682208,,,,,37.4274999,-122.1697001,,,-0.011132000130089637,,,,-0.0265443604439497,,,,,,
48.994561,ATT,3,,0.0,0.0,91.58,0.0,0.0,0.05,,0.06,,,,91.58,,,,,,,,,,,,,,,,,,,,,,
48.994561,XKF1,,,,,,,,,,,,,,,,0.014597597827519574,-0.010579806752502918,,,0.01971391607390763,,,,,,-0.01005771104246378,0.019713638762986797,,,,,,-0.014359771274030209,,-0.014359771274030209,-0.013506866991519928
48.994561,POS,,,,,,,,,,,,,,,,0.014215138165498133,-0.008840176817682208,,,,,37.4274999,-122.1697001,,,-0.011132000130089637,,,,-0.026552585884928703,,,,,,
49.094521,ATT,3,,0.0,0.0,91.58,0.0,0.0,0.05,,0.06,,,,91.58,,,,,,,,,,,,,,,,,,,,,,
49.094521,XKF1,,,,,,,,,,,,,,,,0.014925114919701667,-0.01082172617316246,,,0.019949364404109077,,,,,,-0.010278584435582161,0.0199490709236269,,,,,,-0.014538958668708801,,-0.014538958668708801,-0.01366000808775425
49.094521,POS,,,,,,,,,,,,,,,,0.014215138165498133,-0.008840176817682208,,,,,37.4274999,-122.1697001,,,-0.011132000130089637,,,,-0.026557238772511482,,,,,,
49.194480999999996,ATT,3,,0.0,0.0,91.58,0.0,0.0,0.05,,0.06,,,,91.58,,,,,,,,,,,,,,,,,,,,,,
49.194480999999996,XKF1,,,,,,,,,,,,,,,,0.014707560673527614,-0.01066821813583374,,,0.01981504457081674,,,,,,-0.010124300606548786,0.019814764981905948,,,,,,-0.014445219188928604,,-0.014445219188928604,-0.013563614338636398
49.194480999999996,POS,,,,,,,,,,,,,,,,0.014215138165498133,-0.008840176817682208,,,,,37.4274999,-122.1697001,,,-0.011132000130089637,,,,-0.026555627584457397,,,,,,
49.294441,ATT,3,,0.0,0.0,91.58,0.0,0.0,0.05,,0.06,,,,91.58,,,,,,,,,,,,,,,,,,,,,,
49.294441,XKF1,,,,,,,,,,,,,,,,0.015034301703971133,-0.01091212872415781,,,0.020007205635039303,,,,,,-0.010341937653720379,0.020006531137980683,,,,,,-0.014634058810770512,,-0.014634058810770512,-0.01364304218441248
49.294441,POS,,,,,,,,,,,,,,,,0.014215138165498133,-0.008840176817682208,,,,,37.4274999,-122.1697001,,,-0.011132000130089637,,,,-0.02655635215342045,,,,,,
49.394400999999995,ATT,3,,0.0,0.0,91.57,0.0,0.0,0.05,,0.06,,,,91.57,,,,,,,,,,,,,,,,,,,,,,
49.394400999999995,XKF1,,,,,,,,,,,,,,,,0.014812491271223032,-0.010760186240077019,,,0.019867274354563508,,,,,,-0.010179798118770123,0.019866515594578908,,,,,,-0.01455089170485735,,-0.01455089170485735,-0.01352701522409916
49.394400999999995,POS,,,,,,,,,,,,,,,,0.014215138165498133,-0.008840176817682208,,,,,37.4274999,-122.1697001,,,-0.011132000130089637,,,,-0.026555463671684265,,,,,,
49.494361,ATT,3,,0.0,0.0,91.57,0.0,0.0,0.05,,0.06,,,,91.57,,,,,,,,,,,,,,,,,,,,,,
49.494361,XKF1,,,,,,,,,,,,,,,,0.015188522987237585,-0.011043692007660866,,,0.020172017712721313,,,,,,-0.010427276603877544,0.02017139526677311,,,,,,-0.014775567688047886,,-0.014775567688047886,-0.013732912950217724
49.494361,POS,,,,,,,,,,,,,,,,0.014215138165498133,-0.008840176817682208,,,,,37.4274999,-122.1697001,,,-0.011132000130089637,,,,-0.026556165888905525,,,,,,
49.594321,ATT,3,,0.0,0.0,91.57,0.0,0.0,0.05,,0.06,,,,91.57,,,,,,,,,,,,,,,,,,,,,,
49.594321,XKF1,,,,,,,,,,,,,,,,0.01494972950759883,-0.01087665744125843,,,0.020001219696587896,,,,,,-0.010256350971758366,0.020000655317823576,,,,,,-0.014654534868896008,,-0.014654534868896008,-0.013612251728773117
49.594321,POS,,,,,,,,,,,,,,,,0.014215138165498133,-0.008840176817682208,,,,,37.4274999,-122.1697001,,,-0.011132000130089637,,,,-0.02655806578695774,,,,,,
49.694281,ATT,3,,0.0,0.0,91.57,0.0,0.0,0.05,,0.06,,,,91.57,,,,,,,,,,,,,,,,,,,,,,
49.694281,XKF1,,,,,,,,,,,,,,,,0.015451650369962516,-0.011248452588915825,,,0.020387333086337535,,,,,,-0.010593668557703495,0.020387070191890726,,,,,,-0.014912310056388378,,-0.014912310056388378,-0.013902027159929276
49.694281,POS,,,,,,,,,,,,,,,,0.014215138165498133,-0.008840176817682208,,,,,37.4274999,-122.1697001,,,-0.011132000130089637,,,,-0.026559535413980484,,,,,,
49.794241,ATT,3,,0.0,0.0,91.56,0.0,0.0,0.05,,0.06,,,,91.56,,,,,,,,,,,,,,,,,,,,,,
49.794241,XKF1,,,,,,,,,,,,,,,,0.015144474569880755,-0.011025616899132729,,,0.020157151589450802,,,,,,-0.010382238775491714,0.020157042010452497,,,,,,-0.014720476232469082,,-0.014720476232469082,-0.01377019751816988
49.794241,POS,,,,,,,,,,,,,,,,0.014215138165498133,-0.008840176817682208,,,,,37.4274999,-122.1697001,,,-0.011132000130089637,,,,-0.026556098833680153,,,,,,
49.894200999999995,ATT,3,,0.0,0.0,91.56,0.0,0.0,0.05,,0.06,,,,91.56,,,,,,,,,,,,,,,,,,,,,,
49.894200999999995,XKF1,,,,,,,,,,,,,,,,0.015590424548668456,-0.01135192345827818,,,0.020461053894556852,,,,,,-0.010686214081943035,0.020460836199026746,,,,,,-0.014962932094931602,,-0.014962932094931602,-0.013955837115645409
49.894200999999995,POS,,,,,,,,,,,,,,,,0.014215138165498133,-0.008840176817682208,,,,,37.4274999,-122.1697001,,,-0.011132000130089637,,,,-0.02655336819589138,,,,,,
49.994994,ATT,3,,0.0,0.0,91.56,0.0,0.0,0.05,,0.06,,,,91.56,,,,,,,,,,,,,,,,,,,,,,
49.994994,XKF1,,,,,,,,,,,,,,,,0.015242247670146428,-0.011100227944552898,,,0.020206291364333256,,,,,,-0.01044562365859747,0.02020622611381198,,,,,,-0.014750456437468529,,-0.014750456437468529,-0.01381007768213749
49.994994,POS,,,,,,,,,,,,,,,,0.014215138165498133,-0.008840176817682208,,,,,37.4274999,-122.1697001,,,-0.011132000130089637,,,,-0.026555610820651054,,,,,,
50.094954,ATT,3,,0.0,0.0,91.56,0.0,0.0,0.05,,0.06,,,,91.56,,,,,,,,,,,,,,,,,,,,,,
50.094954,XKF1,,,,,,,,,,,,,,,,0.015290274785313527,-0.011135182343423367,,,0.02017170232531359,,,,,,-0.010478559881448746,0.020171663545994128,,,,,,-0.01471717283129692,,-0.01471717283129692,-0.013795013539493084
50.094954,POS,,,,,,,,,,,,,,,,0.014215138165498133,-0.008840176817682208,,,,,37.4274999,-122.1697001,,,-0.011132000130089637,,,,-0.026558583602309227,,,,,,
50.194914,ATT,3,,0.0,0.0,91.55,0.0,0.0,0.05,,0.06,,,,91.55,,,,,,,,,,,,,,,,,,,,,,
50.194914,XKF1,,,,,,,,,,,,,,,,0.01504145367339951,-0.010954012162983418,,,0.02000960551468677,,,,,,-0.01030800398439169,0.020009546187505934,,,,,,-0.014605442062020302,,-0.014605442062020302,-0.013677184469997883
50.194914,POS,,,,,,,,,,,,,,,,0.014215138165498133,-0.008840176817682208,,,,,37.4274999,-122.1697001,,,-0.011132000130089637,,,,-0.026561634615063667,,,,,,
50.294874,ATT,3,,0.0,0.0,91.55,0.0,0.0,0.05,,0.06,,,,91.55,,,,,,,,,,,,,,,,,,,,,,
50.294874,XKF1,,,,,,,,,,,,,,,,0.015188486435367798,-0.011061850935220718,,,0.02018183993740067,,,,,,-0.010407957248389721,0.020181685415161944,,,,,,-0.014752540737390518,,-0.014752540737390518,-0.013772044330835342
50.294874,POS,,,,,,,,,,,,,,,,0.014215138165498133,-0.008840176817682208,,,,,37.4274999,-122.1697001,,,-0.011132000130089637,,,,-0.026564352214336395,,,,,,
50.394833999999996,ATT,3,,0.0,0.0,91.55,0.0,0.0,0.05,,0.06,,,,91.55,,,,,,,,,,,,,,,,,,,,,,
50.394833999999996,XKF1,,,,,,,,,,,,,,,,0.01501285777128789,-0.010937321931123734,,,0.020106462500501732,,,,,,-0.010284011252224445,0.020106261877277067,,,,,,-0.014709549024701118,,-0.014709549024701118,-0.013707625679671764
50.394833999999996,POS,,,,,,,,,,,,,,,,0.014215138165498133,-0.008840176817682208,,,,,37.4274999,-122.1697001,,,-0.011132000130089637,,,,-0.026564905419945717,,,,,,
50.494794,ATT,3,,0.0,0.0,91.55,0.0,0.0,0.05,,0.06,,,,91.55,,,,,,,,,,,,,,,,,,,,,,
50.494794,XKF1,,,,,,,,,,,,,,,,0.015198107662451426,-0.011076169088482857,,,0.02021254689005816,,,,,,-0.01040677446871996,0.020212353627605872,,,,,,-0.014791005291044712,,-0.014791005291044712,-0.013775819912552834
50.494794,POS,,,,,,,,,,,,,,,,0.014215138165498133,-0.008840176817682208,,,,,37.4274999,-122.1697001,,,-0.011132000130089637,,,,-0.026565300300717354,,,,,,
50.594753999999995,ATT,3,,0.0,0.0,91.54,0.0,0.0,0.05,,0.06,,,,91.54,,,,,,,,,,,,,,,,,,,,,,
50.594753999999995,XKF1,,,,,,,,,,,,,,,,0.015057464442976728,-0.01097889430820942,,,0.020176077499684877,,,,,,-0.010304907336831093,0.020175648792444677,,,,,,-0.014800744131207466,,-0.014800744131207466,-0.013711749576032162
50.594753999999995,POS,,,,,,,,,,,,,,,,0.014215138165498133,-0.008840176817682208,,,,,37.4274999,-122.1697001,,,-0.011132000130089637,,,,-0.026563679799437523,,,,,,
50.694714,ATT,3,,0.0,0.0,91.54,0.0,0.0,0.05,,0.06,,,,91.54,,,,,,,,,,,,,,,,,,,,,,
50.694714,XKF1,,,,,,,,,,,,,,,,0.015272023783973599,-0.0111412787809968,,,0.020333218994055224,,,,,,-0.010445411317050457,0.020332742093938472,,,,,,-0.014928433112800121,,-0.014928433112800121,-0.013805132359266281
50.694714,POS,,,,,,,,,,,,,,,,0.014215138165498133,-0.008840176817682208,,,,,37.4274999,-122.1697001,,,-0.011132000130089637,,,,-0.026562262326478958,,,,,,
50.794674,ATT,3,,0.0,0.0,91.54,0.0,0.0,0.05,,0.06,,,,91.54,,,,,,,,,,,,,,,,,,,,,,
50.794674,XKF1,,,,,,,,,,,,,,,,0.015151792941933319,-0.011061088182032108,,,0.020287628702247887,,,,,,-0.010355151258409023,0.020287026541233776,,,,,,-0.014916729182004929,,-0.014916729182004929,-0.01375060249119997
50.794674,POS,,,,,,,,,,,,,,,,0.014215138165498133,-0.008840176817682208,,,,,37.4274999,-122.1697001,,,-0.011132000130089637,,,,-0.026557018980383873,,,,,,
50.894633999999996,ATT,3,,0.0,0.0,91.54,0.0,0.0,0.05,,0.06,,,,91.54,,,,,,,,,,,,,,,,,,,,,,
50.894633999999996,XKF1,,,,,,,,,,,,,,,,0.015381302894044272,-0.011236022226512432,,,0.020447719546465303,,,,,,-0.010504107922315598,0.02044733125853199,,,,,,-0.015022804960608482,,-0.015022804960608482,-0.01387171819806099
50.894633999999996,POS,,,,,,,,,,,,,,,,0.014215138165498133,-0.008840176817682208,,,,,37.4274999,-122.1697001,,,-0.011132000130089637,,,,-0.026548203080892563,,,,,,
50.994594,ATT,3,,0.0,0.0,91.53,0.0,0.0,0.05,,0.06,,,,91.53,,,,,,,,,,,,,,,,,,,,,,
50.994594,XKF1,,,,,,,,,,,,,,,,0.015265916630735597,-0.011154025793075562,,,0.02036853438218683,,,,,,-0.010422855615615845,0.02036847561692356,,,,,,-0.014915610663592815,,-0.014915610663592815,-0.013870895840227604
50.994594,POS,,,,,,,,,,,,,,,,0.014215138165498133,-0.008840176817682208,,,,,37.4274999,-122.1697001,,,-0.011132000130089637,,,,-0.02653992362320423,,,,,,
51.094553999999995,ATT,3,,0.0,0.0,91.53,0.0,0.0,0.05,,0.06,,,,91.53,,,,,,,,,,,,,,,,,,,,,,
51.094553999999995,XKF1,,,,,,,,,,,,,,,,0.015496548068189984,-0.01132072601467371,,,0.020516090172579892,,,,,,-0.010582257062196732,0.020516088372785863,,,,,,-0.01499352976679802,,-0.01499352976679802,-0.014003714546561241
51.094553999999995,POS,,,,,,,,,,,,,,,,0.014215138165498133,-0.008840176817682208,,,,,37.4274999,-122.1697001,,,-0.011132000130089637,,,,-0.026531994342803955,,,,,,
51.194514,ATT,3,,0.0,0.0,91.53,0.0,0.0,0.05,,0.06,,,,91.53,,,,,,,,,,,,,,,,,,,,,,
51.194514,XKF1,,,,,,,,,,,,,,,,0.015381291775190696,-0.011233493685722351,,,0.020449029858565688,,,,,,-0.010506795719265938,0.020449028598692385,,,,,,-0.014939541928470135,,-0.014939541928470135,-0.013963270001113415
51.194514,POS,,,,,,,,,,,,,,,,0.014215138165498133,-0.008840176817682208,,,,,37.4274999,-122.1697001,,,-0.011132000130089637,,,,-0.026522306725382805,,,,,,
51.294474,ATT,3,,0.0,0.0,91.53,0.0,0.0,0.05,,0.06,,,,91.53,,,,,,,,,,,,,,,,,,,,,,
51.294474,XKF1,,,,,,,,,,,,,,,,0.015611569727065398,-0.011399674229323864,,,0.02061248667247475,,,,,,-0.010666233487427235,0.020612463131586482,,,,,,-0.01507264468818903,,-0.01507264468818903,-0.014060227200388908
51.294474,POS,,,,,,,,,,,,,,,,0.014215138165498133,-0.008840176817682208,,,,,37.4274999,-122.1697001,,,-0.011132000130089637,,,,-0.026512732729315758,,,,,,
51.394434,ATT,3,,0.0,0.0,91.53,0.0,0.0,0.05,,0.06,,,,91.53,,,,,,,,,,,,,,,,,,,,,,
51.394434,XKF1,,,,,,,,,,,,,,,,0.015495593605595733,-0.011314057745039463,,,0.020596169236082495,,,,,,-0.01058798935264349,0.020596169232240683,,,,,,-0.015037954784929752,,-0.015037954784929752,-0.014073453843593597
51.394434,POS,,,,,,,,,,,,,,,,0.014215138165498133,-0.008840176817682208,,,,,37.4274999,-122.1697001,,,-0.011132000130089637,,,,-0.026504889130592346,,,,,,
51.494394,ATT,3,,0.0,0.0,91.52,0.0,0.0,0.05,,0.06,,,,91.52,,,,,,,,,,,,,,,,,,,,,,
51.494394,XKF1,,,,,,,,,,,,,,,,0.01610885098522156,-0.011760876514017582,,,0.02096200120318051,,,,,,-0.011008036322891712,0.020961992070798404,,,,,,-0.01531746704131365,,-0.015317467041313648,-0.014310160651803017
51.494394,POS,,,,,,,,,,,,,,,,0.014215138165498133,-0.008840176817682208,,,,,37.4274999,-122.1697001,,,-0.011132000130089637,,,,-0.026493806391954422,,,,,,
51.594353999999996,ATT,3,,0.0,0.0,91.52,0.0,0.0,0.05,,0.06,,,,91.52,,,,,,,,,,,,,,,,,,,,,,
51.594353999999996,XKF1,,,,,,,,,,,,,,,,0.015854219387201142,-0.011573991738259792,,,0.020735778749613482,,,,,,-0.010835081338882446,0.020735748166689542,,,,,,-0.015161973424255848,,-0.015161973424255848,-0.01414521411061287
51.594353999999996,POS,,,,,,,,,,,,,,,,0.014215138165498133,-0.008840176817682208,,,,,37.4274999,-122.1697001,,,-0.011132000130089637,,,,-0.02648777887225151,,,,,,
51.694314,ATT,3,,0.0,0.0,91.52,0.0,0.0,0.05,,0.06,,,,91.52,,,,,,,,,,,,,,,,,,,,,,
51.694314,XKF1,,,,,,,,,,,,,,,,0.01635695832717808,-0.011944057419896126,,,0.021090120802986792,,,,,,-0.011175400577485561,0.021089957934214237,,,,,,-0.01545678172260523,,-0.015456781722605228,-0.014348557218909264
51.694314,POS,,,,,,,,,,,,,,,,0.023954841551409783,-0.008840176817682208,,,,,37.4274998,-122.1697001,,,-0.022264000260179273,,,,-0.02648293972015381,,,,,,
51.794274,ATT,3,,0.0,0.0,91.52,0.0,0.0,0.05,,0.06,,,,91.52,,,,,,,,,,,,,,,,,,,,,,
51.794274,XKF1,,,,,,,,,,,,,,,,0.01603140783405981,-0.011707775294780731,,,0.02091260144462361,,,,,,-0.01095143985003233,0.020912563305642288,,,,,,-0.015299778431653978,,-0.015299778431653976,-0.014256706461310387
51.794274,POS,,,,,,,,,,,,,,,,0.014215138165498133,-0.008840176817682208,,,,,37.4274999,-122.1697001,,,-0.011132000130089637,,,,-0.026480600237846375,,,,,,
51.894234,ATT,3,,0.0,0.0,91.51,0.0,0.0,0.05,,0.06,,,,91.51,,,,,,,,,,,,,,,,,,,,,,
51.894234,XKF1,,,,,,,,,,,,,,,,0.01647891921297334,-0.012035185471177101,,,0.02116766938077354,,,,,,-0.011256513185799122,0.0211676440525016,,,,,,-0.015481908805668356,,-0.015481908805668354,-0.014435398392379284
51.894234,POS,,,,,,,,,,,,,,,,0.023954841551409783,-0.008840176817682208,,,,,37.4274998,-122.1697001,,,-0.022264000260179273,,,,-0.02647983469069004,,,,,,
51.994194,ATT,3,,0.0,0.0,91.51,0.0,0.0,0.05,,0.06,,,,91.51,,,,,,,,,,,,,,,,,,,,,,
51.994194,XKF1,,,,,,,,,,,,,,,,0.016111723772839665,-0.011766752228140831,,,0.02097015653936952,,,,,,-0.011005961336195469,0.020970099009589255,,,,,,-0.015348486602306368,,-0.015348486602306366,-0.014288856647908688
51.994194,POS,,,,,,,,,,,,,,,,0.014215138165498133,-0.008840176817682208,,,,,37.4274999,-122.1697001,,,-0.011132000130089637,,,,-0.026479337364435196,,,,,,
52.094986999999996,ATT,3,,0.0,0.0,91.51,0.0,0.0,0.05,,0.06,,,,91.51,,,,,,,,,,,,,,,,,,,,,,
52.094986999999996,XKF1,,,,,,,,,,,,,,,,0.016157883353779774,-0.011802147142589092,,,0.021010256939480308,,,,,,-0.011035692878067493,0.021010105059171242,,,,,,-0.015400901436805727,,-0.015400901436805725,-0.014291365630924702
52.094986999999996,POS,,,,,,,,,,,,,,,,0.014215138165498133,-0.008840176817682208,,,,,37.4274999,-122.1697001,,,-0.011132000130089637,,,,-0.026479845866560936,,,,,,
52.194947,ATT,3,,0.0,0.0,91.51,0.0,0.0,0.05,,0.06,,,,91.51,,,,,,,,,,,,,,,,,,,,,,
52.194947,XKF1,,,,,,,,,,,,,,,,0.015906176089457748,-0.011619986034929752,,,0.02084677918217057,,,,,,-0.010861968621611595,0.02084677240713671,,,,,,-0.015240731649100782,,-0.01524073164910078,-0.014223512262105942
52.194947,POS,,,,,,,,,,,,,,,,0.014215138165498133,-0.008840176817682208,,,,,37.4274999,-122.1697001,,,-0.011132000130089637,,,,-0.026480333879590034,,,,,,
52.294906999999995,ATT,3,,0.0,0.0,91.51,0.0,0.0,0.05,,0.06,,,,91.51,,,,,,,,,,,,,,,,,,,,,,
52.294906999999995,XKF1,,,,,,,,,,,,,,,,0.01603701057749954,-0.01171631645411253,,,0.020924977910014075,,,,,,-0.010950508527457714,0.020924931964383935,,,,,,-0.01531727518886328,,-0.015317275188863277,-0.014256078749895096
52.294906999999995,POS,,,,,,,,,,,,,,,,0.014215138165498133,-0.008840176817682208,,,,,37.4274999,-122.1697001,,,-0.011132000130089637,,,,-0.026476925238966942,,,,,,
52.394867,ATT,3,,0.0,0.0,91.5,0.0,0.0,0.05,,0.06,,,,91.5,,,,,,,,,,,,,,,,,,,,,,
52.394867,XKF1,,,,,,,,,,,,,,,,0.015861148257927817,-0.011589936912059784,,,0.02084432064106675,,,,,,-0.010828175581991673,0.020844295839944522,,,,,,-0.015253135934472086,,-0.015253135934472084,-0.014206602238118649
52.394867,POS,,,,,,,,,,,,,,,,0.014215138165498133,-0.008840176817682208,,,,,37.4274999,-122.1697001,,,-0.011132000130089637,,,,-0.026474738493561745,,,,,,
52.494827,ATT,3,,0.0,0.0,91.5,0.0,0.0,0.05,,0.06,,,,91.5,,,,,,,,,,,,,,,,,,,,,,
52.494827,XKF1,,,,,,,,,,,,,,,,0.016037247107951735,-0.011718480847775936,,,0.020894717796358514,,,,,,-0.010948538780212402,0.020894717060856032,,,,,,-0.015271638520061971,,-0.01527163852006197,-0.014260655269026756
52.494827,POS,,,,,,,,,,,,,,,,0.014215138165498133,-0.008840176817682208,,,,,37.4274999,-122.1697001,,,-0.011132000130089637,,,,-0.026472054421901703,,,,,,
52.594787,ATT,3,,0.0,0.0,91.5,0.0,0.0,0.05,,0.06,,,,91.5,,,,,,,,,,,,,,,,,,,,,,
52.594787,XKF1,,,,,,,,,,,,,,,,0.01587054450269642,-0.011595848016440868,,,0.020804166171668883,,,,,,-0.010835612192749977,0.020804097070868836,,,,,,-0.015237168408930302,,-0.015237168408930302,-0.014164816588163376
52.594787,POS,,,,,,,,,,,,,,,,0.014215138165498133,-0.008840176817682208,,,,,37.4274999,-122.1697001,,,-0.011132000130089637,,,,-0.026465585455298424,,,,,,
52.694747,ATT,3,,0.0,0.0,91.5,0.0,0.0,0.05,,0.06,,,,91.5,,,,,,,,,,,,,,,,,,,,,,
52.694747,XKF1,,,,,,,,,,,,,,,,0.016072527111611893,-0.01174550037831068,,,0.02097417154708619,,,,,,-0.010971296578645706,0.020974104782826807,,,,,,-0.015363605692982675,,-0.015363605692982674,-0.01427849754691124
52.694747,POS,,,,,,,,,,,,,,,,0.014215138165498133,-0.008840176817682208,,,,,37.4274999,-122.1697001,,,-0.011132000130089637,,,,-0.026457950472831726,,,,,,
52.794706999999995,ATT,3,,0.0,0.0,91.5,0.0,0.0,0.05,,0.06,,,,91.5,,,,,,,,,,,,,,,,,,,,,,
52.794706999999995,XKF1,,,,,,,,,,,,,,,,0.015927636474445565,-0.011641436256468296,,,0.02086514775575705,,,,,,-0.01087044458836317,0.020865061925444402,,,,,,-0.015291023068130018,,-0.015291023068130016,-0.014196443371474743
52.794706999999995,POS,,,,,,,,,,,,,,,,0.014215138165498133,-0.008840176817682208,,,,,37.4274999,-122.1697001,,,-0.011132000130089637,,,,-0.026456201449036598,,,,,,
52.894667,ATT,3,,0.0,0.0,91.49,0.0,0.0,0.05,,0.06,,,,91.49,,,,,,,,,,,,,,,,,,,,,,
52.894667,XKF1,,,,,,,,,,,,,,,,0.016141150820270272,-0.011798955500125885,,,0.021004656780418667,,,,,,-0.011014599353075027,0.021004619584403444,,,,,,-0.015381057746708395,,-0.015381057746708393,-0.014304498210549355
52.894667,POS,,,,,,,,,,,,,,,,0.014215138165498133,-0.008840176817682208,,,,,37.4274999,-122.1697001,,,-0.011132000130089637,,,,-0.026458369567990303,,,,,,
52.994627,ATT,3,,0.0,0.0,91.49,0.0,0.0,0.05,,0.06,,,,91.49,,,,,,,,,,,,,,,,,,,,,,
52.994627,XKF1,,,,,,,,,,,,,,,,0.01600128684768266,-0.01169697754085064,,,0.020944585679491128,,,,,,-0.010918878018856049,0.02094456683036196,,,,,,-0.015329700894653799,,-0.015329700894653797,-0.01427150797098875
52.994627,POS,,,,,,,,,,,,,,,,0.014215138165498133,-0.008840176817682208,,,,,37.4274999,-122.1697001,,,-0.011132000130089637,,,,-0.026463817805051804,,,,,,
53.094587,ATT,3,,0.0,0.0,91.49,0.0,0.0,0.05,,0.06,,,,91.49,,,,,,,,,,,,,,,,,,,,,,
53.094587,XKF1,,,,,,,,,,,,,,,,0.016220882705160505,-0.011856313794851303,,,0.021102882580354847,,,,,,-0.011069998145103455,0.021102882010755178,,,,,,-0.015421362593770029,,-0.015421362593770027,-0.014405319467186928
53.094587,POS,,,,,,,,,,,,,,,,0.014215138165498133,-0.008840176817682208,,,,,37.4274999,-122.1697001,,,-0.011132000130089637,,,,-0.02646888792514801,,,,,,
53.194547,ATT,3,,0.0,0.0,91.49,0.0,0.0,0.05,,0.06,,,,91.49,,,,,,,,,,,,,,,,,,,,,,
53.194547,XKF1,,,,,,,,,,,,,,,,0.016081345039729376,-0.01175131369382143,,,0.02099872301248765,,,,,,-0.010977990925312042,0.02099872301231462,,,,,,-0.015344589948654177,,-0.015344589948654175,-0.01433491986244917
53.194547,POS,,,,,,,,,,,,,,,,0.014215138165498133,-0.008840176817682208,,,,,37.4274999,-122.1697001,,,-0.011132000130089637,,,,-0.026472577825188637,,,,,,
53.294506999999996,ATT,3,,0.0,0.0,91.48,0.0,0.0,0.05,,0.06,,,,91.48,,,,,,,,,,,,,,,,,,,,,,
53.294506999999996,XKF1,,,,,,,,,,,,,,,,0.016303104455167135,-0.011910442262887955,,,0.02116145597582073,,,,,,-0.011132501065731049,0.02116143279374735,,,,,,-0.015438367612659933,,-0.015438367612659931,-0.014472872018814087
53.294506999999996,POS,,,,,,,,,,,,,,,,0.023954841551409783,-0.008840176817682208,,,,,37.4274998,-122.1697001,,,-0.022264000260179273,,,,-0.026478243991732597,,,,,,
53.394467,ATT,3,,0.0,0.0,91.48,0.0,0.0,0.05,,0.06,,,,91.48,,,,,,,,,,,,,,,,,,,,,,
53.394467,XKF1,,,,,,,,,,,,,,,,0.01616140801272367,-0.011802099645137787,,,0.021024696615534536,,,,,,-0.011040903627872467,0.021024564429944315,,,,,,-0.015302556566894056,,-0.015302556566894054,-0.014417684637010098
53.394467,POS,,,,,,,,,,,,,,,,0.014215138165498133,-0.008840176817682208,,,,,37.4274999,-122.1697001,,,-0.011132000130089637,,,,-0.02648095414042473,,,,,,
53.494426999999995,ATT,3,,0.0,0.0,91.48,0.0,0.0,0.05,,0.06,,,,91.48,,,,,,,,,,,,,,,,,,,,,,
53.494426999999995,XKF1,,,,,,,,,,,,,,,,0.016376174816983075,-0.01195261999964714,,,0.021173914411673645,,,,,,-0.011194372549653053,0.021173810519185262,,,,,,-0.015408970415592195,,-0.015408970415592194,-0.014522337354719639
53.494426999999995,POS,,,,,,,,,,,,,,,,0.023954841551409783,-0.008840176817682208,,,,,37.4274998,-122.1697001,,,-0.022264000260179273,,,,-0.02648235484957695,,,,,,
53.594387,ATT,3,,0.0,0.0,91.48,0.0,0.0,0.05,,0.06,,,,91.48,,,,,,,,,,,,,,,,,,,,,,
53.594387,XKF1,,,,,,,,,,,,,,,,0.016228640713816935,-0.01183860469609499,,,0.021087302793997016,,,,,,-0.011100280098617077,0.02108719852970924,,,,,,-0.015337509103119375,,-0.015337509103119373,-0.014471874572336674
53.594387,POS,,,,,,,,,,,,,,,,0.014215138165498133,-0.008840176817682208,,,,,37.4274999,-122.1697001,,,-0.011132000130089637,,,,-0.026485683396458626,,,,,,
53.694347,ATT,3,,0.0,0.0,91.48,0.0,0.0,0.05,,0.06,,,,91.48,,,,,,,,,,,,,,,,,,,,,,
53.694347,XKF1,,,,,,,,,,,,,,,,0.01683766071830417,-0.012277308851480484,,,0.021470431726048712,,,,,,-0.011522782035171986,0.0214704070559622,,,,,,-0.01563303731381893,,-0.01563303731381893,-0.014716914854943752
53.694347,POS,,,,,,,,,,,,,,,,0.023954841551409783,-0.008840176817682208,,,,,37.4274998,-122.1697001,,,-0.022264000260179273,,,,-0.02648913860321045,,,,,,
53.794306999999996,ATT,3,,0.0,0.0,91.47,0.0,0.0,0.05,,0.06,,,,91.47,,,,,,,,,,,,,,,,,,,,,,
53.794306999999996,XKF1,,,,,,,,,,,,,,,,0.016554526255810966,-0.01206816267222166,,,0.021319586327806582,,,,,,-0.01133189257234335,0.02131956461286565,,,,,,-0.015521021559834482,,-0.01552102155983448,-0.01461583562195301
53.794306999999996,POS,,,,,,,,,,,,,,,,0.023954841551409783,-0.008840176817682208,,,,,37.4274998,-122.1697001,,,-0.022264000260179273,,,,-0.0264971274882555,,,,,,
53.894267,ATT,3,,0.0,0.0,91.47,0.0,0.0,0.05,,0.06,,,,91.47,,,,,,,,,,,,,,,,,,,,,,
53.894267,XKF1,,,,,,,,,,,,,,,,0.017052940249498192,-0.012429050169885159,,,0.021652479908730007,,,,,,-0.011675679124891758,0.021652462899010256,,,,,,-0.01576283387839794,,-0.01576283387839794,-0.014844627119600773
53.894267,POS,,,,,,,,,,,,,,,,0.023954841551409783,-0.008840176817682208,,,,,37.4274998,-122.1697001,,,-0.022264000260179273,,,,-0.026511158794164658,,,,,,
53.994226999999995,ATT,3,,0.0,0.0,91.47,0.0,0.0,0.05,,0.06,,,,91.47,,,,,,,,,,,,,,,,,,,,,,
53.994226999999995,XKF1,,,,,,,,,,,,,,,,0.016700562955975558,-0.01216857973486185,,,0.02148528429339623,,,,,,-0.011438289657235146,0.021485226637123853,,,,,,-0.01562075223773718,,-0.015620752237737179,-0.014751594513654709
53.994226999999995,POS,,,,,,,,,,,,,,,,0.023954841551409783,-0.008840176817682208,,,,,37.4274998,-122.1697001,,,-0.022264000260179273,,,,-0.02652372419834137,,,,,,
54.094187,ATT,3,,0.0,0.0,91.47,0.0,0.0,0.05,,0.06,,,,91.47,,,,,,,,,,,,,,,,,,,,,,
54.094187,XKF1,,,,,,,,,,,,,,,,0.01715285702893086,-0.01249395776540041,,,0.021815822857068908,,,,,,-0.011752511374652386,0.02181577561412507,,,,,,-0.015859270468354225,,-0.015859270468354225,-0.014980442821979523
54.094187,POS,,,,,,,,,,,,,,,,0.023954841551409783,-0.008840176817682208,,,,,37.4274998,-122.1697001,,,-0.022264000260179273,,,,-0.02653634548187256,,,,,,
54.19498,ATT,3,,0.0,0.0,91.47,0.0,0.0,0.05,,0.06,,,,91.47,,,,,,,,,,,,,,,,,,,,,,
54.19498,XKF1,,,,,,,,,,,,,,,,0.016763151647408114,-0.012207712046802044,,,0.021535524605126623,,,,,,-0.01148803811520338,0.02153551847911951,,,,,,-0.015672041103243828,,-0.015672041103243828,-0.014770441688597202
54.19498,POS,,,,,,,,,,,,,,,,0.023954841551409783,-0.008840176817682208,,,,,37.4274998,-122.1697001,,,-0.022264000260179273,,,,-0.02654607594013214,,,,,,
54.29494,ATT,3,,0.0,0.0,91.47,0.0,0.0,0.05,,0.06,,,,91.47,,,,,,,,,,,,,,,,,,,,,,
54.29494,XKF1,,,,,,,,,,,,,,,,0.016796111990926867,-0.012230198830366135,,,0.021588943458224548,,,,,,-0.01151223760098219,0.0215889097637922,,,,,,-0.015693962574005127,,-0.015693962574005127,-0.014825046993792057
54.29494,POS,,,,,,,,,,,,,,,,0.023954841551409783,-0.008840176817682208,,,,,37.4274998,-122.1697001,,,-0.022264000260179273,,,,-0.02655508741736412,,,,,,
54.3949,ATT,3,,0.0,0.0,91.46,0.0,0.0,0.05,,0.06,,,,91.46,,,,,,,,,,,,,,,,,,,,,,
54.3949,XKF1,,,,,,,,,,,,,,,,0.016524371748475188,-0.012028981000185013,,,0.021421373425592628,,,,,,-0.01132954005151987,0.021421330438872958,,,,,,-0.015564317815005781,,-0.01556431781500578,-0.014718262478709221
54.3949,POS,,,,,,,,,,,,,,,,0.023954841551409783,-0.008840176817682208,,,,,37.4274998,-122.1697001,,,-0.022264000260179273,,,,-0.02656053937971592,,,,,,
54.494859999999996,ATT,3,,0.0,0.0,91.46,0.0,0.0,0.05,,0.06,,,,91.46,,,,,,,,,,,,,,,,,,,,,,
54.494859999999996,XKF1,,,,,,,,,,,,,,,,0.016665944358052305,-0.012127034366130829,,,0.021546844220806674,,,,,,-0.011431917548179626,0.02154672688912328,,,,,,-0.015629777684807777,,-0.015629777684807777,-0.014831606298685074
54.494859999999996,POS,,,,,,,,,,,,,,,,0.023954841551409783,-0.008840176817682208,,,,,37.4274998,-122.1697001,,,-0.022264000260179273,,,,-0.026565376669168472,,,,,,
54.59482,ATT,3,,0.0,0.0,91.46,0.0,0.0,0.05,,0.06,,,,91.46,,,,,,,,,,,,,,,,,,,,,,
54.59482,XKF1,,,,,,,,,,,,,,,,0.016460774030846826,-0.011971529573202133,,,0.021464153487417207,,,,,,-0.011297767981886864,0.021464065904072217,,,,,,-0.01556822005659342,,-0.015568220056593418,-0.014776346273720264
54.59482,POS,,,,,,,,,,,,,,,,0.023954841551409783,-0.008840176817682208,,,,,37.4274998,-122.1697001,,,-0.022264000260179273,,,,-0.0265665240585804,,,,,,
54.69478,ATT,3,,0.0,0.0,91.46,0.0,0.0,0.05,,0.06,,,,91.46,,,,,,,,,,,,,,,,,,,,,,
54.69478,XKF1,,,,,,,,,,,,,,,,0.016640201414336208,-0.012097404338419437,,,0.021601856877371543,,,,,,-0.011425809003412724,0.02160184181200487,,,,,,-0.015686992555856705,,-0.015686992555856705,-0.014851211570203304
54.69478,POS,,,,,,,,,,,,,,,,0.023954841551409783,-0.008840176817682208,,,,,37.4274998,-122.1697001,,,-0.022264000260179273,,,,-0.026566918939352036,,,,,,
54.777246999999996,EV,,,,,,,,,,,,,,,,,,,,,10,,,,ARMED,,,,,,,,,,,
54.777246999999996,MSG,,,,,,,,,,,,,,,,,,,,,,,,,,,,,,,,,,Arming motors,,
54.777246999999996,MODE,,,,,,,,,,,,,,,,,,,,,,,,GUIDED,,,,2,GCS_COMMAND,,,,,,,
54.79474,ATT,3,,0.0,0.0,91.46,0.0,0.0,0.05,,0.06,,,,91.46,,,,,,,,,,,,,,,,,,,,,,
54.79474,XKF1,,,,,,,,,,,,,,,,0.016471452976629813,-0.011971408501267433,,,0.0215405093860841,,,,,,-0.01131344959139824,0.021540487256680414,,,,,,-0.015634361654520035,,-0.015634361654520035,-0.014817566610872746
54.79474,POS,,,,,,,,,,,,,,,,0.023954841551409783,-0.008840176817682208,,,,,37.4274998,-122.1697001,,,-0.022264000260179273,,,,0.003430016338825226,,,,,,
54.8947,ATT,3,,0.0,0.0,91.45,0.0,0.0,0.05,,0.06,,,,91.45,,,,,,,,,,,,,,,,,,,,,,
54.8947,XKF1,,,,,,,,,,,,,,,,0.016682198450896392,-0.012123283930122852,,,0.02169229881641902,,,,,,-0.011459569446742535,0.021692297989835484,,,,,,-0.015760108828544617,,-0.015760108828544617,-0.014905529096722603
54.8947,POS,,,,,,,,,,,,,,,,0.023954841551409783,-0.008840176817682208,,,,,37.4274998,-122.1697001,,,-0.022264000260179273,,,,0.0034276116639375687,,,,,,
54.994659999999996,ATT,3,,0.0,0.0,91.45,0.0,0.0,0.05,,0.06,,,,91.45,,,,,,,,,,,,,,,,,,,,,,
54.994659999999996,XKF1,,,,,,,,,,,,,,,,0.016528641761396266,-0.012011665850877762,,,0.021543205706157222,,,,,,-0.0113541129976511,0.021543190427649593,,,,,,-0.015673454850912094,,-0.015673454850912094,-0.014780139550566673
54.994659999999996,POS,,,,,,,,,,,,,,,,0.023954841551409783,-0.008840176817682208,,,,,37.4274998,-122.1697001,,,-0.022264000260179273,,,,0.0034283623099327087,,,,,,
55.09462,ATT,3,,0.0,0.0,91.45,0.0,0.0,0.05,,0.06,,,,91.45,,,,,,,,,,,,,,,,,,,,,,
55.09462,XKF1,,,,,,,,,,,,,,,,0.01673432032513271,-0.01216368842869997,,,0.021494470580007953,,,,,,-0.011492700316011906,0.02149445852294557,,,,,,-0.015639329329133034,,-0.015639329329133034,-0.014745292253792286
55.09462,POS,,,,,,,,,,,,,,,,0.023954841551409783,-0.008840176817682208,,,,,37.4274998,-122.1697001,,,-0.022264000260179273,,,,0.003424406051635742,,,,,,
55.194579999999995,ATT,3,,0.0,0.0,91.45,0.0,0.0,0.05,,0.06,,,,91.45,,,,,,,,,,,,,,,,,,,,,,
55.194579999999995,XKF1,,,,,,,,,,,,,,,,0.01651871013259701,-0.01200796291232109,,,0.02080658165587569,,,,,,-0.011343571357429028,0.020806579385738988,,,,,,-0.015131622552871706,,-0.015131622552871704,-0.014281030744314194
55.194579999999995,POS,,,,,,,,,,,,,,,,0.023954841551409783,-0.008840176817682208,,,,,37.4274998,-122.1697001,,,-0.022264000260179273,,,,0.003419879823923111,,,,,,
55.29454,ATT,3,,0.0,0.0,91.45,0.0,0.0,0.05,,0.06,,,,91.45,,,,,,,,,,,,,,,,,,,,,,
55.29454,XKF1,,,,,,,,,,,,,,,,0.016602343710539515,-0.012069746851921082,,,0.020243568185502034,,,,,,-0.011399957351386547,0.020243550875682796,,,,,,-0.014735047705471516,,-0.014735047705471516,-0.013880937360227108
55.29454,POS,,,,,,,,,,,,,,,,0.023954841551409783,-0.008840176817682208,,,,,37.4274998,-122.1697001,,,-0.022264000260179273,,,,0.0034137703478336334,,,,,,
55.3945,ATT,3,,0.0,0.0,91.44,0.0,0.0,0.05,,0.06,,,,91.44,,,,,,,,,,,,,,,,,,,,,,
55.3945,XKF1,,,,,,,,,,,,,,,,0.016202166000793834,-0.01177827175706625,,,0.018943609807806138,,,,,,-0.011125758290290833,0.018943609641543353,,,,,,-0.013772905804216862,,-0.013772905804216862,-0.013006437569856644
55.3945,POS,,,,,,,,,,,,,,,,0.014215138165498133,-0.008840176817682208,,,,,37.4274999,-122.1697001,,,-0.011132000130089637,,,,0.003407120704650879,,,,,,
55.49446,ATT,3,,0.0,0.0,91.44,0.0,0.0,0.05,,0.06,,,,91.44,,,,,,,,,,,,,,,,,,,,,,
55.49446,XKF1,,,,,,,,,,,,,,,,0.016040499074223263,-0.011661401949822903,,,0.017783481748143405,,,,,,-0.011014050804078579,0.01778346537025734,,,,,,-0.012945106253027916,,-0.012945106253027916,-0.012193295173346996
55.49446,POS,,,,,,,,,,,,,,,,0.014215138165498133,-0.008840176817682208,,,,,37.4274999,-122.1697001,,,-0.011132000130089637,,,,0.0033995062112808228,,,,,,
55.59442,ATT,3,,0.0,0.0,91.44,0.0,0.0,0.05,,0.06,,,,91.44,,,,,,,,,,,,,,,,,,,,,,
55.59442,XKF1,,,,,,,,,,,,,,,,0.015364558595920319,-0.011172428727149963,,,0.015815261578198615,,,,,,-0.010547345504164696,0.01581522875594081,,,,,,-0.011522254906594753,,-0.011522254906594753,-0.010833288542926311
55.59442,POS,,,,,,,,,,,,,,,,0.014215138165498133,-0.008840176817682208,,,,,37.4274999,-122.1697001,,,-0.011132000130089637,,,,0.0033989250659942627,,,,,,
55.694379999999995,ATT,3,,0.0,0.0,91.44,0.0,0.0,0.05,,0.06,,,,91.44,,,,,,,,,,,,,,,,,,,,,,
55.694379999999995,XKF1,,,,,,,,,,,,,,,,0.015218275165750488,-0.011069409549236298,,,0.01465612174762982,,,,,,-0.010443374514579773,0.014656017409935268,,,,,,-0.010698387399315834,,-0.010698387399315834,-0.010017305612564087
55.694379999999995,POS,,,,,,,,,,,,,,,,0.014215138165498133,-0.008840176817682208,,,,,37.4274999,-122.1697001,,,-0.011132000130089637,,,,0.003399249166250229,,,,,,
55.781845,EV,,,,,,,,,,,,,,,,,,,,,15,,,,AUTO_ARMED,,,,,,,,,,,
55.79434,ATT,3,,0.0,0.0,91.44,0.0,0.0,0.05,,0.06,,,,91.44,,,,,,,,,,,,,,,,,,,,,,
55.79434,XKF1,,,,,,,,,,,,,,,,0.014184132797833848,-0.010319843888282776,,,0.0123002560547114,,,,,,-0.009730901569128036,0.012300186692304555,,,,,,-0.008977494202554226,,-0.008977494202554226,-0.008408382534980774
55.79434,POS,,,,,,,,,,,,,,,,0.014215138165498133,-0.008840176817682208,,,,,37.4274999,-122.1697001,,,-0.011132000130089637,,,,0.00340147502720356,,,,,,
55.8943,ATT,3,,0.0,0.0,91.44,0.0,0.0,0.05,,0.06,,,,91.44,,,,,,,,,,,,,,,,,,,,,,
55.8943,XKF1,,,,,,,,,,,,,,,,0.013637612131256088,-0.009925062768161297,,,0.010732324198687892,,,,,,-0.00935294572263956,0.010732198687300742,,,,,,-0.007846183143556118,,-0.007846183143556118,-0.007322581019252539
55.8943,POS,,,,,,,,,,,,,,,,0.014215138165498133,-0.008840176817682208,,,,,37.4274999,-122.1697001,,,-0.011132000130089637,,,,0.0034034866839647293,,,,,,
55.99426,ATT,3,,0.0,0.0,91.43,0.0,0.0,0.05,,0.07,,,,91.43,,,,,,,,,,,,,,,,,,,,,,
55.99426,XKF1,,,,,,,,,,,,,,,,0.012389214028652508,-0.009020837023854256,,,0.008447130655924142,,,,,,-0.00849218014627695,0.008446605725971612,,,,,,-0.006214693188667297,,-0.006214693188667297,-0.005721154157072306
55.99426,POS,,,,,,,,,,,,,,,,0.014215138165498133,-0.008840176817682208,,,,,37.4274999,-122.1697001,,,-0.011132000130089637,,,,0.003408694639801979,,,,,,
56.09422,ATT,3,,0.0,0.0,91.43,0.0,0.0,0.06,,0.07,,,,91.43,,,,,,,,,,,,,,,,,,,,,,
56.09422,XKF1,,,,,,,,,,,,,,,,0.011603571375922366,-0.008455833420157433,,,0.00690017368705169,,,,,,-0.007946178317070007,0.006899175080855057,,,,,,-0.005108002107590437,,-0.005108002107590437,-0.00463904207572341
56.09422,POS,,,,,,,,,,,,,,,,0.014215138165498133,-0.008840176817682208,,,,,37.4274999,-122.1697001,,,-0.011132000130089637,,,,0.003416122868657112,,,,,,
56.194179999999996,ATT,3,,0.0,0.0,91.43,0.0,0.0,0.06,,0.07,,,,91.43,,,,,,,,,,,,,,,,,,,,,,
56.194179999999996,XKF1,,,,,,,,,,,,,,,,0.010304469759090662,-0.0075133489444851875,,,0.0049281893129812645,,,,,,-0.007052069529891014,0.004927491155339719,,,,,,-0.003649574937298894,,-0.003649574937298894,-0.0033117446582764387
56.194179999999996,POS,,,,,,,,,,,,,,,,0.014215138165498133,-0.008840176817682208,,,,,37.4274999,-122.1697001,,,-0.011132000130089637,,,,0.003423541784286499,,,,,,
56.294973,ATT,3,,0.0,0.0,91.43,0.0,0.0,0.06,,0.07,,,,91.43,,,,,,,,,,,,,,,,,,,,,,
56.294973,XKF1,,,,,,,,,,,,,,,,0.009252831522975968,-0.0067489794455468655,,,0.0034284289554134466,,,,,,-0.006329784169793129,0.0034275361442144933,,,,,,-0.0025535530876368284,,-0.0025535530876368284,-0.0022876826114952564
56.294973,POS,,,,,,,,,,,,,,,,0.014215138165498133,-0.008840176817682208,,,,,37.4274999,-122.1697001,,,-0.011132000130089637,,,,0.003427889198064804,,,,,,
56.394932999999995,ATT,3,,0.0,0.0,91.43,0.0,0.0,0.06,,0.07,,,,91.43,,,,,,,,,,,,,,,,,,,,,,
56.394932999999995,XKF1,,,,,,,,,,,,,,,,0.008080336164521989,-0.005895943380892277,,,0.0019776545833436574,,,,,,-0.005525367334485054,0.001976192126457008,,,,,,-0.0014939570100978017,,-0.0014939570100978017,-0.001295843394473195
56.394932999999995,POS,,,,,,,,,,,,,,,,0.014215138165498133,-0.008840176817682208,,,,,37.4274999,-122.1697001,,,-0.011132000130089637,,,,0.003432387486100197,,,,,,
56.494893,ATT,3,,0.0,0.0,91.42,0.0,0.0,0.06,,0.07,,,,91.42,,,,,,,,,,,,,,,,,,,,,,
56.494893,XKF1,,,,,,,,,,,,,,,,0.0071465355258745235,-0.005216640420258045,,,0.0008684307361601849,,,,,,-0.004884632304310799,0.0008674957168494143,,,,,,-0.0006607684772461653,,-0.0006607684772461653,-0.0005635219276882708
56.494893,POS,,,,,,,,,,,,,,,,0.014215138165498133,-0.008840176817682208,,,,,37.4274999,-122.1697001,,,-0.011132000130089637,,,,0.003436001017689705,,,,,,
56.594853,ATT,3,,0.0,0.0,91.42,0.0,0.0,0.06,,0.07,,,,91.42,,,,,,,,,,,,,,,,,,,,,,
56.594853,XKF1,,,,,,,,,,,,,,,,0.006139840143202411,-0.00448010116815567,,,0.00022017114898810792,,,,,,-0.0041983723640441895,-0.00021934011908092,,,,,,0.00014697923325002193,,0.00014697923325002193,0.0001639281545067206
56.594853,POS,,,,,,,,,,,,,,,,0.014215138165498133,-0.008840176817682208,,,,,37.4274999,-122.1697001,,,-0.011132000130089637,,,,0.0034340769052505493,,,,,,
56.694812999999996,ATT,3,,0.0,0.0,91.42,0.0,0.0,0.06,,0.08,,,,91.42,,,,,,,,,,,,,,,,,,,,,,
56.694812999999996,XKF1,,,,,,,,,,,,,,,,0.005350293194946534,-0.0039019070100039244,,,0.0009934254987284358,,,,,,-0.003660704707726836,-0.0009931345514004987,,,,,,0.0007078323396854103,,0.0007078323396854103,0.0006970420363359153
56.694812999999996,POS,,,,,,,,,,,,,,,,0.014215138165498133,-0.008840176817682208,,,,,37.4274999,-122.1697001,,,-0.011132000130089637,,,,0.0034285616129636765,,,,,,
56.779779,EV,,,,,,,,,,,,,,,,,,,,,57,,,,MOTORS_INTERLOCK_ENABLED,,,,,,,,,,,
56.794773,ATT,3,,0.0,0.0,91.42,0.0,0.0,0.07,,0.08,,,,91.42,,,,,,,,,,,,,,,,,,,,,,
56.794773,XKF1,,,,,,,,,,,,,,,,0.004529764092748139,-0.0033032901119440794,,,0.0016614665623235572,,,,,,-0.0030995220877230167,-0.0016609164710087428,,,,,,0.001181956147775054,,0.001181956147775054,0.0011676689609885216
56.794773,POS,,,,,,,,,,,,,,,,0.014215138165498133,-0.008840176817682208,,,,,37.4274999,-122.1697001,,,-0.011132000130089637,,,,0.0034251976758241653,,,,,,
56.894732999999995,ATT,3,,0.0,0.0,91.42,0.0,0.0,0.07,,0.08,,,,91.42,,,,,,,,,,,,,,,,,,,,,,
56.894732999999995,XKF1,,,,,,,,,,,,,,,,0.003899804942825676,-0.0028457704465836287,,,0.0021244787744811055,,,,,,-0.002666471293196082,-0.0021230850972062108,,,,,,0.0014966530725359917,,0.0014966530725359917,0.0015077929710969329
56.894732999999995,POS,,,,,,,,,,,,,,,,0.014215138165498133,-0.008840176817682208,,,,,37.4274999,-122.1697001,,,-0.011132000130089637,,,,0.0034239403903484344,,,,,,
56.994693,ATT,3,,0.0,0.0,91.42,0.0,0.0,0.07,,0.08,,,,91.42,,,,,,,,,,,,,,,,,,,,,,
56.994693,XKF1,,,,,,,,,,,,,,,,0.0032584758259027857,-0.002378067234531045,,,0.0024916214171983244,,,,,,-0.002227658173069358,-0.002491605027726633,,,,,,0.0018122191540896893,,0.0018122191540896893,0.0017099821707233787
56.994693,POS,,,,,,,,,,,,,,,,0.014215138165498133,-0.008840176817682208,,,,,37.4274999,-122.1697001,,,-0.011132000130089637,,,,0.0034252572804689407,,,,,,
57.094653,ATT,3,,0.0,0.0,91.41,0.0,0.0,0.07,,0.08,,,,91.41,,,,,,,,,,,,,,,,,,,,,,
57.094653,XKF1,,,,,,,,,,,,,,,,0.0027792776079553416,-0.0020260189194232225,,,0.002680025127299565,,,,,,-0.0019025328801944852,-0.0026799019961435203,,,,,,0.001971162622794509,,0.001971162622794509,0.0018157787853851914
57.094653,POS,,,,,,,,,,,,,,,,0.014215138165498133,-0.008840176817682208,,,,,37.4274999,-122.1697001,,,-0.011132000130089637,,,,0.003423677757382393,,,,,,
57.194613,ATT,3,,0.0,0.0,91.41,0.0,0.0,0.07,,0.08,,,,91.41,,,,,,,,,,,,,,,,,,,,,,
57.194613,XKF1,,,,,,,,,,,,,,,,0.0022946041077068565,-0.0016675227088853717,,,0.002844786921934418,,,,,,-0.0015762537950649858,-0.002843955760743745,,,,,,0.0021139802411198616,,0.0021139802411198616,0.0019036544254049659
57.194613,POS,,,,,,,,,,,,,,,,0.014215138165498133,-0.008840176817682208,,,,,37.4274999,-122.1697001,,,-0.011132000130089637,,,,0.0034226123243570328,,,,,,
57.294573,ATT,3,,0.0,0.0,91.41,0.0,0.0,0.07,,0.09,,,,91.41,,,,,,,,,,,,,,,,,,,,,,
57.294573,XKF1,,,,,,,,,,,,,,,,0.001946771669671353,-0.001407361589372158,,,0.002882060752859329,,,,,,-0.0013450848637148738,-0.0028780450567819004,,,,,,0.002185680903494358,,0.002185680903494358,0.0018785827560350299
57.294573,POS,,,,,,,,,,,,,,,,0.014215138165498133,-0.008840176817682208,,,,,37.4274999,-122.1697001,,,-0.011132000130089637,,,,0.003420686349272728,,,,,,
57.394532999999996,ATT,3,,0.0,0.0,91.41,0.0,0.0,0.07,,0.09,,,,91.41,,,,,,,,,,,,,,,,,,,,,,
57.394532999999996,XKF1,,,,,,,,,,,,,,,,0.0015897833511995972,-0.0011393403401598334,,,0.0029339055178821526,,,,,,-0.0011087446473538876,-0.002928537853289394,,,,,,0.002222493290901184,,0.002222493290901184,0.0019152872264385223
57.394532999999996,POS,,,,,,,,,,,,,,,,0.014215138165498133,-0.008840176817682208,,,,,37.4274999,-122.1697001,,,-0.011132000130089637,,,,0.0034211520105600357,,,,,,
57.494493,ATT,3,,0.0,0.0,91.41,0.0,0.0,0.08,,0.09,,,,91.41,,,,,,,,,,,,,,,,,,,,,,
57.494493,XKF1,,,,,,,,,,,,,,,,0.0013459940992390413,-0.0009533569100312889,,,0.002804831867753668,,,,,,-0.0009501635213382542,-0.002795597691483783,,,,,,0.0021406328305602074,,0.0021406328305602074,0.001812394242733717
57.494493,POS,,,,,,,,,,,,,,,,0.014215138165498133,-0.008840176817682208,,,,,37.4274999,-122.1697001,,,-0.011132000130089637,,,,0.0034190453588962555,,,,,,
57.594453,ATT,3,,0.0,0.0,91.41,0.0,0.0,0.08,,0.09,,,,91.4,,,,,,,,,,,,,,,,,,,,,,
57.594453,XKF1,,,,,,,,,,,,,,,,0.0010994333990113872,-0.0007680960115976632,,,0.0026261313704431873,,,,,,-0.0007866271771490574,-0.0026118385731709434,,,,,,0.0020204733591526747,,0.0020204733591526747,0.0016775736585259438
57.594453,POS,,,,,,,,,,,,,,,,0.014215138165498133,-0.008840176817682208,,,,,37.4274999,-122.1697001,,,-0.011132000130089637,,,,0.003418145701289177,,,,,,
57.694413,ATT,3,,0.0,0.0,91.41,0.0,0.0,0.08,,0.09,,,,91.4,,,,,,,,,,,,,,,,,,,,,,
57.694413,XKF1,,,,,,,,,,,,,,,,0.0009492368955631034,-0.0006530407117679715,,,0.0024539767407807524,,,,,,-0.0006889038486406207,-0.0024367562861307562,,,,,,0.001887017278932035,,0.001887017278932035,0.0015688108978793025
57.694413,POS,,,,,,,,,,,,,,,,0.014215138165498133,-0.008840176817682208,,,,,37.4274999,-122.1697001,,,-0.011132000130089637,,,,0.0034155361354351044,,,,,,
57.794373,ATT,3,,0.0,0.0,91.41,0.0,0.0,0.08,,0.09,,,,91.4,,,,,,,,,,,,,,,,,,,,,,
57.794373,XKF1,,,,,,,,,,,,,,,,0.0007857880245308166,-0.000530001416336745,,,0.0022143957181734943,,,,,,-0.0005801390507258475,-0.002189344831829742,,,,,,0.0017218941356986761,,0.0017218941356986761,0.0013923465739935637
57.794373,POS,,,,,,,,,,,,,,,,0.014215138165498133,-0.008840176817682208,,,,,37.4274999,-122.1697001,,,-0.011132000130089637,,,,0.0034100357443094254,,,,,,
57.894332999999996,ATT,3,,0.0,0.0,91.41,0.0,0.0,0.08,,0.1,,,,91.4,,,,,,,,,,,,,,,,,,,,,,
57.894332999999996,XKF1,,,,,,,,,,,,,,,,0.0007620239425434161,-0.0005044566350989044,,,0.001883112784095537,,,,,,-0.0005711427074857056,-0.0018368717730815097,,,,,,0.0015268580755218863,,0.0015268580755218863,0.001102187903597951
57.894332999999996,POS,,,,,,,,,,,,,,,,0.014215138165498133,-0.008840176817682208,,,,,37.4274999,-122.1697001,,,-0.011132000130089637,,,,0.0034049339592456818,,,,,,
57.994293,ATT,3,,0.0,0.0,91.41,0.0,0.0,0.08,,0.1,,,,91.4,,,,,,,,,,,,,,,,,,,,,,
57.994293,XKF1,,,,,,,,,,,,,,,,0.0006530557126037349,-0.0004184289718978107,,,0.0015471159026749102,,,,,,-0.0005013970076106489,-0.00149501530493597,,,,,,0.0012635556049644947,,0.0012635556049644947,0.0008927456801757216
57.994293,POS,,,,,,,,,,,,,,,,0.014215138165498133,-0.008840176817682208,,,,,37.4274999,-122.1697001,,,-0.011132000130089637,,,,0.0034957975149154663,,,,,,
58.009287,EV,,,,,,,,,,,,,,,,,,,,,28,,,,NOT_LANDED,,,,,,,,,,,
58.094252999999995,ATT,3,,0.0,0.0,91.41,0.0,0.0,0.09,,0.1,,,,91.39,,,,,,,,,,,,,,,,,,,,,,
58.094252999999995,XKF1,,,,,,,,,,,,,,,,0.0006866582510545563,-0.0004354605916887522,,,0.001016406326287142,,,,,,-0.0005309177213348448,-0.0009543976024327691,,,,,,0.0008755467715673149,,0.0008755467715673149,0.0005162360612303019
58.094252999999995,POS,,,,,,,,,,,,,,,,0.014215138165498133,-0.008840176817682208,,,,,37.4274999,-122.1697001,,,-0.011132000130089637,,,,0.0074727535247802734,,,,,,
58.194213,ATT,3,,0.0,0.0,91.41,0.0,0.0,0.09,,0.1,,,,91.39,,,,,,,,,,,,,,,,,,,,,,
58.194213,XKF1,,,,,,,,,,,,,,,,0.0006415044067982377,-0.0004018861218355596,,,0.0005527115415820822,,,,,,-0.0005000154487788677,-0.0004752931738019485,,,,,,0.0005176479462534189,,0.0005176479462534189,0.00019372829410713166
58.194213,POS,,,,,,,,,,,,,,,,0.014215138165498133,-0.008840176817682208,,,,,37.4274999,-122.1697001,,,-0.011132000130089637,,,,0.018285665661096573,,,,,,
58.294173,ATT,3,,0.0,0.0,91.41,0.0,0.0,0.09,,0.1,,,,91.39,,,,,,,,,,,,,,,,,,,,,,
58.294173,XKF1,,,,,,,,,,,,,,,,0.0007469479900989706,-0.000475206965347752,,,0.00025116493635946355,,,,,,-0.0005762895452789962,0.00010508301085303938,,,,,,0.00010915129678323864,,0.00010915129678323865,-0.0002262074704049155
58.294173,POS,,,,,,,,,,,,,,,,0.014215138165498133,-0.008840176817682208,,,,,37.4274999,-122.1697001,,,-0.011132000130089637,,,,0.03458395227789879,,,,,,
58.394966,ATT,3,,0.0,0.0,91.41,0.0,0.0,0.09,,0.1,,,,91.39,,,,,,,,,,,,,,,,,,,,,,
58.394966,XKF1,,,,,,,,,,,,,,,,0.0007534090728177346,-0.0004774677800014615,,,0.0006639991736820211,,,,,,-0.0005827947752550244,0.0006360427979158933,,,,,,-0.0002556176332291216,,-0.00025561763322912157,-0.0006128250388428569
58.394966,POS,,,,,,,,,,,,,,,,0.014215138165498133,-0.008840176817682208,,,,,37.4274999,-122.1697001,,,-0.011132000130089637,,,,0.05524937063455582,,,,,,
58.494926,ATT,3,,-0.01,-0.01,91.41,0.0,0.0,0.09,,0.11,,,,91.39,,,,,,,,,,,,,,,,,,,,,,
58.494926,XKF1,,,,,,,,,,,,,,,,0.0008862540804778579,-0.0005661280592903495,,,0.0012294158536423677,,,,,,-0.0006818689871579409,0.0012144025632530198,,,,,,-0.0006283731781877578,,-0.0006283731781877577,-0.0010566979181021452
58.494926,POS,,,,,,,,,,,,,,,,0.014215138165498133,-0.008840176817682208,,,,,37.4274999,-122.1697001,,,-0.011132000130089637,,,,0.08159306645393372,,,,,,
58.594885999999995,ATT,3,,-0.01,-0.02,91.41,0.0,0.0,0.09,,0.11,,,,91.38,,,,,,,,,,,,,,,,,,,,,,
58.594885999999995,XKF1,,,,,,,,,,,,,,,,0.0009444026639462552,-0.0006045993068255484,,,0.0017358721633986668,,,,,,-0.0007255040109157562,0.0017346326780677476,,,,,,-0.0010601136600598693,,-0.0010601136600598693,-0.0013745585456490517
58.594885999999995,POS,,,,,,,,,,,,,,,,0.014215138165498133,-0.008840176817682208,,,,,37.4274999,-122.1697001,,,-0.011132000130089637,,,,0.11379197984933853,,,,,,
58.694846,ATT,3,,-0.02,-0.03,91.41,0.0,0.0,0.04,,0.05,,,,91.38,,,,,,,,,,,,,,,,,,,,,,
58.694846,XKF1,,,,,,,,,,,,,,,,0.0011403822011296538,-0.0007421057089231908,,,0.00249867707879031,,,,,,-0.0008658814476802945,0.002498482001514269,,,,,,-0.0016021847259253266,,-0.0016021847259253263,-0.0019173917826265097
58.694846,POS,,,,,,,,,,,,,,,,0.014215138165498133,-0.008840176817682208,,,,,37.4274999,-122.1697001,,,-0.011132000130089637,,,,0.16418275237083435,,,,,,
58.794806,ATT,3,,-0.03,-0.03,91.41,0.0,0.0,0.0,,0.0,,,,91.38,,,,,,,,,,,,,,,,,,,,,,
58.794806,XKF1,,,,,,,,,,,,,,,,0.0012010456292059957,-0.000788624573033303,,,0.0019774404169869393,,,,,,-0.000905859749764204,0.0019774358663980965,,,,,,-0.0012952144024893641,,-0.0012952144024893641,-0.0014942189445719123
58.794806,POS,,,,,,,,,,,,,,,,0.014215138165498133,-0.008840176817682208,,,,,37.4274999,-122.1697001,,,-0.011132000130089637,,,,0.262033611536026,,,,,,
58.894766,ATT,3,,-0.02,-0.02,91.41,0.0,0.0,-0.02,,-0.03,,,,91.38,,,,,,,,,,,,,,,,,,,,,,
58.894766,XKF1,,,,,,,,,,,,,,,,0.0012350208423377903,-0.0008215094567276537,,,0.0003772928862475627,,,,,,-0.000922170642297715,0.0003772744563471967,,,,,,-0.00024817039957270026,,-0.00024817039957270026,-0.0002841854584403336
58.894766,POS,,,,,,,,,,,,,,,,0.014215138165498133,-0.008840176817682208,,,,,37.4274999,-122.1697001,,,-0.011132000130089637,,,,0.3812797963619232,,,,,,
58.994726,ATT,3,,0.0,0.0,91.41,0.0,0.0,-0.02,,-0.02,,,,91.38,,,,,,,,,,,,,,,,,,,,,,
58.994726,XKF1,,,,,,,,,,,,,,,,0.0008560618724111017,-0.0005714676808565855,,,0.0022938319167959058,,,,,,-0.0006373904761858284,-0.0022935367629788135,,,,,,0.0015584572684019804,,0.0015584572684019804,0.001683114911429584
58.994726,POS,,,,,,,,,,,,,,,,0.014215138165498133,-0.008840176817682208,,,,,37.4274999,-122.1697001,,,-0.011132000130089637,,,,0.4947703182697296,,,,,,
59.094685999999996,ATT,3,,0.03,0.04,91.41,0.0,0.0,0.0,,0.0,,,,91.38,,,,,,,,,,,,,,,,,,,,,,
59.094685999999996,XKF1,,,,,,,,,,,,,,,,0.0003110415378985785,-0.000208978439331986,,,0.004784252967679482,,,,,,-0.00023037979553919286,-0.004783164630408468,,,,,,0.0032892285380512476,,0.0032892285380512476,0.0034741980489343405
59.094685999999996,POS,,,,,,,,,,,,,,,,0.014215138165498133,-0.008840176817682208,,,,,37.4274999,-122.1697001,,,-0.011132000130089637,,,,0.6061108708381653,,,,,,
59.194646,ATT,3,,0.06,0.07,91.41,0.0,0.0,0.02,,0.03,,,,91.38,,,,,,,,,,,,,,,,,,,,,,
59.194646,XKF1,,,,,,,,,,,,,,,,0.000631042436439744,0.0004165465070400387,,,0.006702883463298974,,,,,,0.00047402907512150705,0.0066984031473531274,,,,,,0.004605633206665516,,0.004605633206665516,0.004869988653808832
59.194646,POS,,,,,,,,,,,,,,,,0.011132000130089637,0.0,,,,,37.4274999,-122.1697,,,-0.011132000130089637,,,,0.718261182308197,,,,,,
59.294605999999995,ATT,3,,0.08,0.09,91.41,0.0,0.0,0.04,,0.04,,,,91.38,,,,,,,,,,,,,,,,,,,,,,
59.294605999999995,XKF1,,,,,,,,,,,,,,,,0.0016016067827894873,0.0010615527862682939,,,0.007720348302817735,,,,,,0.001199270598590374,0.007717709888033071,,,,,,0.005266458261758089,,0.005266458261758089,0.005645192228257656
59.294605999999995,POS,,,,,,,,,,,,,,,,0.011132000130089637,0.0,,,,,37.4274999,-122.1697,,,-0.011132000130089637,,,,0.836976945400238,,,,,,
59.394566,ATT,3,,0.09,0.11,91.41,0.0,0.0,0.06,,0.07,,,,91.38,,,,,,,,,,,,,,,,,,,,,,
59.394566,XKF1,,,,,,,,,,,,,,,,0.0027918785276734494,0.0018537421710789204,,,0.008259055507704702,,,,,,0.002087636385113001,0.008257816435491828,,,,,,0.005589969456195831,,0.005589969456195831,0.006079822313040495
59.394566,POS,,,,,,,,,,,,,,,,0.011132000130089637,0.0,,,,,37.4274999,-122.1697,,,-0.011132000130089637,,,,0.9665505290031433,,,,,,
59.494526,ATT,3,,0.1,0.12,91.41,0.0,0.0,0.06,,0.09,,,,91.38,,,,,,,,,,,,,,,,,,,,,,
59.494526,XKF1,,,,,,,,,,,,,,,,0.0038757720634633617,0.0025768533814698458,,,0.008152313679649584,,,,,,0.0028950709383934736,0.00814745074684719,,,,,,0.005627230741083622,,0.005627230741083622,0.005898685660213232
59.494526,POS,,,,,,,,,,,,,,,,0.011132000130089637,0.0,,,,,37.4274999,-122.1697,,,-0.011132000130089637,,,,1.106885552406311,,,,,,
59.594485999999996,ATT,3,,0.11,0.13,91.41,0.0,0.0,0.08,,0.1,,,,91.38,,,,,,,,,,,,,,,,,,,,,,
59.594485999999996,XKF1,,,,,,,,,,,,,,,,0.00504607156842695,0.00337577098980546,,,0.007924715423467264,,,,,,0.0037506010849028826,0.007918852438774195,,,,,,0.005524166394025087,,0.005524166394025087,0.005681962706148624
59.594485999999996,POS,,,,,,,,,,,,,,,,0.011132000130089637,0.0,,,,,37.4274999,-122.1697,,,-0.011132000130089637,,,,1.257643222808838,,,,,,
59.694446,ATT,3,,0.11,0.13,91.41,0.0,0.0,0.09,,0.1,,,,91.38,,,,,,,,,,,,,,,,,,,,,,
59.694446,XKF1,,,,,,,,,,,,,,,,0.006051950884925028,0.004060789011418819,,,0.007264542627538709,,,,,,0.004487326834350824,0.007260865116532287,,,,,,0.005043325945734978,,0.005043325945734978,0.0052286176942288876
59.694446,POS,,,,,,,,,,,,,,,,0.011132000130089637,0.0,,,,,37.4274999,-122.1697,,,-0.011132000130089637,,,,1.4190199375152588,,,,,,
59.794405999999995,ATT,3,,0.12,0.14,91.41,0.0,0.0,0.09,,0.1,,,,91.38,,,,,,,,,,,,,,,,,,,,,,
59.794405999999995,XKF1,,,,,,,,,,,,,,,,0.00709608625453441,0.004768412094563246,,,0.006689598248404838,,,,,,0.005255158059298992,0.006687563130153565,,,,,,0.004616085905581713,,0.004616085905581713,0.004841743037104607
59.794405999999995,POS,,,,,,,,,,,,,,,,0.011132000130089637,0.0,,,,,37.4274999,-122.1697,,,-0.011132000130089637,,,,1.5902894735336304,,,,,,
59.894366,ATT,3,,0.12,0.14,91.41,0.0,0.0,0.09,,0.1,,,,91.38,,,,,,,,,,,,,,,,,,,,,,
59.894366,XKF1,,,,,,,,,,,,,,,,0.007931732104218112,0.005328934174031019,,,0.005918880099755685,,,,,,0.005874932743608952,0.005918306304832462,,,,,,0.00403725728392601,,0.00403725728392601,0.004328243900090456
59.894366,POS,,,,,,,,,,,,,,,,0.011132000130089637,0.0,,,,,37.4274999,-122.1697,,,-0.011132000130089637,,,,1.7722936868667603,,,,,,
59.994326,ATT,3,,0.13,0.15,91.41,0.0,0.0,0.1,,0.11,,,,91.38,,,,,,,,,,,,,,,,,,,,,,
59.994326,XKF1,,,,,,,,,,,,,,,,0.009100656205066027,0.006296094506978989,,,0.005374626298832257,,,,,,0.006571235600858927,0.005374505138580461,,,,,,0.003692178521305323,,0.0036921785213053226,0.0039056914392858744
59.994326,POS,,,,,,,,,,,,,,,,0.011132000130089637,0.0,,,,,37.4274999,-122.1697,,,-0.011132000130089637,,,,1.9639314413070679,,,,,,
60.094286,ATT,3,,0.14,0.15,91.41,0.0,0.0,0.11,,0.12,,,,91.39,,,,,,,,,,,,,,,,,,,,,,
60.094286,XKF1,,,,,,,,,,,,,,,,0.009997400680022306,0.0070298342034220695,,,0.00431303024306851,,,,,,0.007108407095074654,0.004312181997589051,,,,,,0.0029713627882301807,,0.0029713627882301807,0.0031262170523405075
60.094286,POS,,,,,,,,,,,,,,,,0.011132000130089637,0.0,,,,,37.4274999,-122.1697,,,-0.011132000130089637,,,,2.16677188873291,,,,,,
60.194246,ATT,3,,0.14,0.16,91.41,0.0,0.0,0.12,,0.13,,,,91.39,,,,,,,,,,,,,,,,,,,,,,
60.194246,XKF1,,,,,,,,,,,,,,,,0.01137968030492895,0.008005354553461075,,,0.0034426314867971033,,,,,,0.008087732829153538,0.0034413701941638525,,,,,,0.002354702679440379,,0.002354702679440379,0.0025113914161920547
60.194246,POS,,,,,,,,,,,,,,,,0.011132000130089637,0.0,,,,,37.4274999,-122.1697,,,-0.011132000130089637,,,,2.379626750946045,,,,,,
60.294205999999996,ATT,3,,0.15,0.17,91.41,0.0,0.0,0.13,,0.15,,,,91.39,,,,,,,,,,,,,,,,,,,,,,
60.294205999999996,XKF1,,,,,,,,,,,,,,,,0.012341615284902744,0.008682295680046082,,,0.0018832230050419107,,,,,,0.008771157823503017,0.001883175341439628,,,,,,0.001334331464022398,,0.001334331464022398,0.0013289425987750292
60.294205999999996,POS,,,,,,,,,,,,,,,,0.011132000130089637,0.0,,,,,37.4274999,-122.1697,,,-0.011132000130089637,,,,2.6036694049835205,,,,,,
60.394999,ATT,3,,0.15,0.17,91.41,0.0,0.0,0.13,,0.15,,,,91.39,,,,,,,,,,,,,,,,,,,,,,
60.394999,XKF1,,,,,,,,,,,,,,,,0.013605291776477763,0.00952291488647461,,,0.0005555314723171393,,,,,,0.009716895408928394,0.0005469437499710258,,,,,,0.00045232221600599587,,0.00045232221600599587,0.0003225210530217737
60.394999,POS,,,,,,,,,,,,,,,,0.01421513894674999,0.008840178073946967,,,,,37.4274999,-122.1696999,,,-0.011132000130089637,,,,2.8374698162078857,,,,,,
60.434982999999995,MSG,,,,,,,,,,,,,,,,,,,,,,,,,,,,,,,,,,EKF3 IMU0 MAG0 in-flight yaw alignment complete,,
60.434982999999995,MSG,,,,,,,,,,,,,,,,,,,,,,,,,,,,,,,,,,EKF3 IMU1 MAG0 in-flight yaw alignment complete,,
60.434982999999995,EV,,,,,,,,,,,,,,,,,,,,,62,,,,EKF_YAW_RESET,,,,,,,,,,,
60.494959,ATT,3,,0.15,0.17,89.91,0.0,0.0,0.13,,0.15,,,,89.89,,,,,,,,,,,,,,,,,,,,,,
60.494959,XKF1,,,,,,,,,,,,,,,,0.01447447468345194,0.01009608805179596,,,0.0009498367921335339,,,,,,0.010372050106525421,-0.0009344298006145694,,,,,,-0.0005296806339174509,,-0.0005296806339174509,-0.0007884341175667942
60.494959,POS,,,,,,,,,,,,,,,,0.01421513894674999,0.008840178073946967,,,,,37.4274999,-122.1696999,,,-0.011132000130089637,,,,3.0808022022247314,,,,,,
60.594919,ATT,3,,0.15,0.17,89.91,0.0,0.0,0.14,,0.15,,,,89.9,,,,,,,,,,,,,,,,,,,,,,
60.594919,XKF1,,,,,,,,,,,,,,,,0.0154700843985384,0.010729924775660038,,,0.002046031020819015,,,,,,0.011144156567752361,-0.0020403790895041703,,,,,,-0.0013057130854576826,,-0.0013057130854576826,-0.0015752321342006326
60.594919,POS,,,,,,,,,,,,,,,,0.008840178073946967,0.008840178073946967,,,,,37.4275,-122.1696999,,,0.0,,,,3.32970929145813,,,,,,
60.694879,ATT,3,,0.15,0.17,89.91,0.0,0.0,0.14,,0.15,,,,89.9,,,,,,,,,,,,,,,,,,,,,,
60.694879,XKF1,,,,,,,,,,,,,,,,0.01611335655638671,0.01115291565656662,,,0.003349571420296614,,,,,,0.011629820801317692,-0.0033468066231788153,,,,,,-0.0022182976827025414,,-0.0022182976827025414,-0.002509737852960825
60.694879,POS,,,,,,,,,,,,,,,,0.008840178073946967,0.008840178073946967,,,,,37.4275,-122.1696999,,,0.0,,,,3.58324933052063,,,,,,
60.794838999999996,ATT,3,,0.16,0.17,89.91,0.0,0.0,0.15,,0.15,,,,89.91,,,,,,,,,,,,,,,,,,,,,,
60.794838999999996,XKF1,,,,,,,,,,,,,,,,0.017055494490203816,0.011897743679583073,,,0.004333772140939822,,,,,,0.012220212258398533,-0.004331538114222715,,,,,,-0.0029219482094049454,,-0.0029219482094049454,-0.003200593637302518
60.794838999999996,POS,,,,,,,,,,,,,,,,0.008840178073946967,0.008840178073946967,,,,,37.4275,-122.1696999,,,0.0,,,,3.8412415981292725,,,,,,
60.894799,ATT,3,,0.16,0.17,89.91,0.0,0.0,0.15,,0.16,,,,89.91,,,,,,,,,,,,,,,,,,,,,,
60.894799,XKF1,,,,,,,,,,,,,,,,0.01765044348471426,0.012362943030893803,,,0.005531554479968766,,,,,,0.01259745191782713,-0.005530414878837683,,,,,,-0.0037935473956167702,,-0.00379354739561677,-0.004025803413242102
60.894799,POS,,,,,,,,,,,,,,,,0.008840178073946967,0.008840178073946967,,,,,37.4275,-122.1696999,,,0.0,,,,4.098884105682373,,,,,,
60.994758999999995,ATT,3,,0.17,0.18,89.91,0.0,0.0,0.16,,0.16,,,,89.92,,,,,,,,,,,,,,,,,,,,,,
60.994758999999995,XKF1,,,,,,,,,,,,,,,,0.01874217707926444,0.013086779974400997,,,0.006315560590573666,,,,,,0.013416608795523643,-0.006315238430403548,,,,,,-0.0044552977196872234,,-0.0044552977196872234,-0.004476229194551706
60.994758999999995,POS,,,,,,,,,,,,,,,,0.008840178073946967,0.008840178073946967,,,,,37.4275,-122.1696999,,,0.0,,,,4.356690406799316,,,,,,
61.094719,ATT,3,,0.17,0.18,89.91,0.0,0.0,0.17,,0.17,,,,89.92,,,,,,,,,,,,,,,,,,,,,,
61.094719,XKF1,,,,,,,,,,,,,,,,0.019420361436779263,0.013477935455739498,,,0.0075922554064550216,,,,,,0.013981977477669716,-0.0075853881795166795,,,,,,-0.005496775731444359,,-0.005496775731444359,-0.005237155593931675
61.094719,POS,,,,,,,,,,,,,,,,0.008840178073946967,0.008840178073946967,,,,,37.4275,-122.1696999,,,0.0,,,,4.614597797393799,,,,,,
61.194679,ATT,3,,0.17,0.2,89.91,0.0,0.0,0.16,,0.19,,,,89.92,,,,,,,,,,,,,,,,,,,,,,
61.194679,XKF1,,,,,,,,,,,,,,,,0.020667149458377942,0.014020150527358055,,,0.008527292442947604,,,,,,0.015184414573013783,-0.008499380872660443,,,,,,-0.006272291764616966,,-0.006272291764616966,-0.005776943173259497
61.194679,POS,,,,,,,,,,,,,,,,0.008840178073946967,0.008840178073946967,,,,,37.4275,-122.1696999,,,0.0,,,,4.871712684631348,,,,,,
61.294639,ATT,3,,0.17,0.2,89.91,0.0,0.0,0.16,,0.19,,,,89.92,,,,,,,,,,,,,,,,,,,,,,
61.294639,XKF1,,,,,,,,,,,,,,,,0.02138176070887742,0.014232490211725235,,,0.009825432636914412,,,,,,0.015956688672304153,-0.009792414275175115,,,,,,-0.007118816953152418,,-0.007118816953152418,-0.006772117223590612
61.294639,POS,,,,,,,,,,,,,,,,0.008840178073946967,0.008840178073946967,,,,,37.4275,-122.1696999,,,0.0,,,,5.128178596496582,,,,,,
61.394599,ATT,3,,0.17,0.21,89.91,0.0,0.0,0.16,,0.2,,,,89.92,,,,,,,,,,,,,,,,,,,,,,
61.394599,XKF1,,,,,,,,,,,,,,,,0.02252343134877318,0.014627113938331604,,,0.010616074972457373,,,,,,0.017127536237239838,-0.01057387490011783,,,,,,-0.007585948798805476,,-0.007585948798805475,-0.007426602765917778
61.394599,POS,,,,,,,,,,,,,,,,0.008840178073946967,0.008840178073946967,,,,,37.4275,-122.1696999,,,0.0,,,,5.383424282073975,,,,,,
61.494558999999995,ATT,3,,0.17,0.22,89.91,0.0,0.0,0.16,,0.21,,,,89.91,,,,,,,,,,,,,,,,,,,,,,
61.494558999999995,XKF1,,,,,,,,,,,,,,,,0.023101910143829688,0.0147171001881361,,,0.011867830273121653,,,,,,0.017807448282837868,-0.011827602901337714,,,,,,-0.008287359029054642,,-0.008287359029054642,-0.00849500298500061
61.494558999999995,POS,,,,,,,,,,,,,,,,0.008840178073946967,0.008840178073946967,,,,,37.4275,-122.1696999,,,0.0,,,,5.637822151184082,,,,,,
61.594519,ATT,3,,0.17,0.22,89.91,0.0,0.0,0.16,,0.21,,,,89.91,,,,,,,,,,,,,,,,,,,,,,
61.594519,XKF1,,,,,,,,,,,,,,,,0.024031215190267567,0.01499631442129612,,,0.012700393560407731,,,,,,0.018777908757328987,-0.012659645024106905,,,,,,-0.008694391697645187,,-0.008694391697645187,-0.009257837198674679
61.594519,POS,,,,,,,,,,,,,,,,0.008840178073946967,0.008840178073946967,,,,,37.4275,-122.1696999,,,0.0,,,,5.8909592628479,,,,,,
61.694479,ATT,3,,0.17,0.22,89.91,0.0,0.0,0.16,,0.21,,,,89.9,,,,,,,,,,,,,,,,,,,,,,
61.694479,XKF1,,,,,,,,,,,,,,,,0.024418550950212867,0.015029403381049633,,,0.013884145530892627,,,,,,0.0192453283816576,-0.013852198514688207,,,,,,-0.009267806075513363,,-0.009267806075513363,-0.01033814623951912
61.694479,POS,,,,,,,,,,,,,,,,0.008840178073946967,0.008840178073946967,,,,,37.4275,-122.1696999,,,0.0,,,,6.1434221267700195,,,,,,
61.794439,ATT,3,,0.18,0.23,89.91,0.0,0.0,0.17,,0.21,,,,89.9,,,,,,,,,,,,,,,,,,,,,,
61.794439,XKF1,,,,,,,,,,,,,,,,0.02529320852495165,0.01552755106240511,,,0.01455636409231545,,,,,,0.019966010004281998,-0.014538909280764662,,,,,,-0.009488008916378021,,-0.009488008916378021,-0.011039267294108868
61.794439,POS,,,,,,,,,,,,,,,,0.008840178073946967,0.008840178073946967,,,,,37.4275,-122.1696999,,,0.0,,,,6.3949174880981445,,,,,,
61.89439899999999,ATT,3,,0.18,0.23,89.91,0.0,0.0,0.17,,0.22,,,,89.89,,,,,,,,,,,,,,,,,,,,,,
61.89439899999999,XKF1,,,,,,,,,,,,,,,,0.02541603117835062,0.015580138191580772,,,0.015836648916923317,,,,,,0.02008068561553955,-0.015826058571810096,,,,,,-0.010158952325582504,,-0.010158952325582504,-0.012148873880505562
61.89439899999999,POS,,,,,,,,,,,,,,,,0.008840178073946967,0.008840178073946967,,,,,37.4275,-122.1696999,,,0.0,,,,6.646088123321533,,,,,,
61.994359,ATT,3,,0.18,0.23,89.91,0.0,0.0,0.17,,0.21,,,,89.89,,,,,,,,,,,,,,,,,,,,,,
61.994359,XKF1,,,,,,,,,,,,,,,,0.026397812232087287,0.016266869381070137,,,0.01623712339358724,,,,,,0.02079022489488125,-0.016234441620524905,,,,,,-0.010236402973532677,,-0.010236402973532677,-0.012603976763784885
61.994359,POS,,,,,,,,,,,,,,,,0.008840178073946967,0.008840178073946967,,,,,37.4275,-122.1696999,,,0.0,,,,6.8972249031066895,,,,,,
62.094319,ATT,3,,0.18,0.23,89.91,0.0,0.0,0.18,,0.21,,,,89.88,,,,,,,,,,,,,,,,,,,,,,
62.094319,XKF1,,,,,,,,,,,,,,,,0.026311251129281486,0.016269875690340996,,,0.017439338604076125,,,,,,0.02067784033715725,-0.01743861274946974,,,,,,-0.010908418335020542,,-0.010908418335020542,-0.01360650360584259
62.094319,POS,,,,,,,,,,,,,,,,0.008840178073946967,0.008840178073946967,,,,,37.4275,-122.1696999,,,0.0,,,,7.1480488777160645,,,,,,
62.194278999999995,ATT,3,,0.18,0.22,89.91,0.0,0.0,0.18,,0.2,,,,89.88,,,,,,,,,,,,,,,,,,,,,,
62.194278999999995,XKF1,,,,,,,,,,,,,,,,0.026877075896232085,0.01672317460179329,,,0.017862365838629175,,,,,,0.021040737628936768,-0.01786236409245464,,,,,,-0.011120317503809929,,-0.011120317503809929,-0.013978649862110615
62.194278999999995,POS,,,,,,,,,,,,,,,,0.008840178073946967,0.008840178073946967,,,,,37.4275,-122.1696999,,,0.0,,,,7.398299217224121,,,,,,
62.294239000000005,ATT,3,,0.18,0.22,89.91,0.0,0.0,0.17,,0.2,,,,89.89,,,,,,,,,,,,,,,,,,,,,,
62.294239000000005,XKF1,,,,,,,,,,,,,,,,0.026726231243515683,0.016705740243196487,,,0.018573658506727892,,,,,,0.020861679688096046,-0.018573630290683107,,,,,,-0.011584530584514143,,-0.011584530584514141,-0.014518245123326778
62.294239000000005,POS,,,,,,,,,,,,,,,,0.0208929743212945,0.017680354891629176,,,,,37.4275001,-122.1696998,,,0.011132000130089637,,,,7.648849010467529,,,,,,
62.394199,ATT,3,,0.18,0.23,89.91,0.0,0.0,0.16,,0.19,,,,89.89,,,,,,,,,,,,,,,,,,,,,,
62.394199,XKF1,,,,,,,,,,,,,,,,0.027215951016774296,0.017122268676757812,,,0.018502195380501265,,,,,,0.021155044436454773,-0.01850175582255893,,,,,,-0.01154080592095852,,-0.011540805920958519,-0.014461709186434746
62.394199,POS,,,,,,,,,,,,,,,,0.0208929743212945,0.017680354891629176,,,,,37.4275001,-122.1696998,,,0.011132000130089637,,,,7.8987507820129395,,,,,,
62.494991999999996,ATT,3,,0.19,0.23,89.91,0.0,0.0,0.16,,0.2,,,,89.89,,,,,,,,,,,,,,,,,,,,,,
62.494991999999996,XKF1,,,,,,,,,,,,,,,,0.02731691463652747,0.01728897914290428,,,0.018709749103112808,,,,,,0.021149586886167526,-0.018706989614215814,,,,,,-0.011590943671762945,,-0.011590943671762943,-0.014686889946460724
62.494991999999996,POS,,,,,,,,,,,,,,,,0.0208929743212945,0.017680354891629176,,,,,37.4275001,-122.1696998,,,0.011132000130089637,,,,8.148752212524414,,,,,,
62.59495199999999,ATT,3,,0.2,0.23,89.91,0.0,0.0,0.18,,0.21,,,,89.89,,,,,,,,,,,,,,,,,,,,,,
62.59495199999999,XKF1,,,,,,,,,,,,,,,,0.027589222096588175,0.0175886619836092,,,0.019005260539406484,,,,,,0.02125568501651287,-0.018998849412966947,,,,,,-0.011731840670108797,,-0.011731840670108795,-0.01495205145329237
62.59495199999999,POS,,,,,,,,,,,,,,,,0.0208929743212945,0.017680354891629176,,,,,37.4275001,-122.1696998,,,0.011132000130089637,,,,8.398355484008789,,,,,,
62.694912,ATT,3,,0.2,0.23,89.91,0.0,0.0,0.19,,0.22,,,,89.9,,,,,,,,,,,,,,,,,,,,,,
62.694912,XKF1,,,,,,,,,,,,,,,,0.027461790874866516,0.017627978697419167,,,0.019888366064035996,,,,,,0.021057168021798134,-0.019877972573007958,,,,,,-0.01226689759641886,,-0.012266897596418858,-0.01565472222864628
62.694912,POS,,,,,,,,,,,,,,,,0.0208929743212945,0.017680354891629176,,,,,37.4275001,-122.1696998,,,0.011132000130089637,,,,8.64809513092041,,,,,,
62.794872,ATT,3,,0.2,0.23,89.91,0.0,0.0,0.19,,0.22,,,,89.9,,,,,,,,,,,,,,,,,,,,,,
62.794872,XKF1,,,,,,,,,,,,,,,,0.027477495071264443,0.01778356544673443,,,0.020573644541093544,,,,,,0.02094653993844986,-0.0205557926268125,,,,,,-0.01265059504657984,,-0.012650595046579838,-0.016224589198827744
62.794872,POS,,,,,,,,,,,,,,,,0.0208929743212945,0.017680354891629176,,,,,37.4275001,-122.1696998,,,0.011132000130089637,,,,8.899513244628906,,,,,,
62.894831999999994,ATT,3,,0.19,0.21,89.91,0.0,0.0,0.19,,0.21,,,,89.91,,,,,,,,,,,,,,,,,,,,,,
62.894831999999994,XKF1,,,,,,,,,,,,,,,,0.027108625628201974,0.017680741846561432,,,0.02139314232132082,,,,,,0.02054918371140957,-0.021368788699369007,,,,,,-0.013163548894226553,,-0.013163548894226551,-0.01686379313468933
62.894831999999994,POS,,,,,,,,,,,,,,,,0.0208929743212945,0.017680354891629176,,,,,37.4275001,-122.1696998,,,0.011132000130089637,,,,9.14912223815918,,,,,,
62.994792000000004,ATT,3,,0.19,0.21,89.91,0.0,0.0,0.18,,0.2,,,,89.91,,,,,,,,,,,,,,,,,,,,,,
62.994792000000004,XKF1,,,,,,,,,,,,,,,,0.026919682585099292,0.01769080013036728,,,0.021798323244474845,,,,,,0.020290512591600418,-0.021771285388652674,,,,,,-0.013489339500665666,,-0.013489339500665665,-0.01712321862578392
62.994792000000004,POS,,,,,,,,,,,,,,,,0.0208929743212945,0.017680354891629176,,,,,37.4275001,-122.1696998,,,0.011132000130089637,,,,9.398391723632812,,,,,,
63.094752,ATT,3,,0.18,0.2,89.91,0.0,0.0,0.18,,0.2,,,,89.91,,,,,,,,,,,,,,,,,,,,,,
63.094752,XKF1,,,,,,,,,,,,,,,,0.026381606088376773,0.017452815547585487,,,0.022327019555441727,,,,,,0.019783537834882736,-0.022301584922289192,,,,,,-0.01395471300929785,,-0.013954713009297848,-0.017428763210773468
63.094752,POS,,,,,,,,,,,,,,,,0.0208929743212945,0.017680354891629176,,,,,37.4275001,-122.1696998,,,0.011132000130089637,,,,9.647905349731445,,,,,,
63.194711999999996,ATT,3,,0.18,0.2,89.91,0.0,0.0,0.18,,0.19,,,,89.91,,,,,,,,,,,,,,,,,,,,,,
63.194711999999996,XKF1,,,,,,,,,,,,,,,,0.026087885944550443,0.01736108958721161,,,0.022512761695119142,,,,,,0.01947229728102684,-0.02248390665502525,,,,,,-0.014112186618149282,,-0.01411218661814928,-0.017540542408823967
63.194711999999996,POS,,,,,,,,,,,,,,,,0.0208929743212945,0.017680354891629176,,,,,37.4275001,-122.1696998,,,0.011132000130089637,,,,9.897135734558105,,,,,,
63.29467199999999,ATT,3,,0.18,0.19,89.91,0.0,0.0,0.17,,0.19,,,,89.91,,,,,,,,,,,,,,,,,,,,,,
63.29467199999999,XKF1,,,,,,,,,,,,,,,,0.025465625482303248,0.017038844525814056,,,0.022923752199650187,,,,,,0.018925534561276436,-0.022897210825947152,,,,,,-0.014500766061246397,,-0.014500766061246395,-0.017754610627889633
63.29467199999999,POS,,,,,,,,,,,,,,,,0.0208929743212945,0.017680354891629176,,,,,37.4275001,-122.1696998,,,0.011132000130089637,,,,10.146567344665527,,,,,,
63.394632,ATT,3,,0.18,0.19,89.91,0.0,0.0,0.17,,0.19,,,,89.91,,,,,,,,,,,,,,,,,,,,,,
63.394632,XKF1,,,,,,,,,,,,,,,,0.025115209522684374,0.016879605129361153,,,0.02288621356848421,,,,,,0.018597114831209183,-0.02286056991750407,,,,,,-0.014562282711267473,,-0.014562282711267471,-0.01765555702149868
63.394632,POS,,,,,,,,,,,,,,,,0.0208929743212945,0.017680354891629176,,,,,37.4275001,-122.1696998,,,0.011132000130089637,,,,10.395650863647461,,,,,,
63.494592,ATT,3,,0.17,0.18,89.91,0.0,0.0,0.17,,0.18,,,,89.9,,,,,,,,,,,,,,,,,,,,,,
63.494592,XKF1,,,,,,,,,,,,,,,,0.024466236911525125,0.016507502645254135,,,0.02311099126439527,,,,,,0.018058214336633682,-0.023087126445815308,,,,,,-0.014802014455199243,,-0.014802014455199242,-0.01774875447154045
63.494592,POS,,,,,,,,,,,,,,,,0.0208929743212945,0.017680354891629176,,,,,37.4275001,-122.1696998,,,0.011132000130089637,,,,10.645004272460938,,,,,,
63.59455199999999,ATT,3,,0.17,0.18,89.91,0.0,0.0,0.17,,0.19,,,,89.89,,,,,,,,,,,,,,,,,,,,,,
63.59455199999999,XKF1,,,,,,,,,,,,,,,,0.02411868525964953,0.01631143130362034,,,0.022998551396837767,,,,,,0.017766490578651428,-0.02297429515327744,,,,,,-0.014759605750441553,,-0.014759605750441551,-0.017637670040130615
63.59455199999999,POS,,,,,,,,,,,,,,,,0.0208929743212945,0.017680354891629176,,,,,37.4275001,-122.1696998,,,0.011132000130089637,,,,10.894088745117188,,,,,,
63.694512,ATT,3,,0.17,0.18,89.91,0.0,0.0,0.16,,0.18,,,,89.89,,,,,,,,,,,,,,,,,,,,,,
63.694512,XKF1,,,,,,,,,,,,,,,,0.023485955747883057,0.015923654660582542,,,0.02308886912812063,,,,,,0.017263468354940414,-0.02306302518088499,,,,,,-0.014834129251539709,,-0.014834129251539707,-0.017693063244223595
63.694512,POS,,,,,,,,,,,,,,,,0.0208929743212945,0.017680354891629176,,,,,37.4275001,-122.1696998,,,0.011132000130089637,,,,11.143518447875977,,,,,,
63.794472,ATT,3,,0.17,0.18,89.91,0.0,0.0,0.16,,0.19,,,,89.89,,,,,,,,,,,,,,,,,,,,,,
63.794472,XKF1,,,,,,,,,,,,,,,,0.02318959996873419,0.015748459845781326,,,0.02291234995234108,,,,,,0.01702185533940792,-0.02288485553047408,,,,,,-0.014717828482389452,,-0.01471782848238945,-0.017560219392180443
63.794472,POS,,,,,,,,,,,,,,,,0.0208929743212945,0.017680354891629176,,,,,37.4275001,-122.1696998,,,0.011132000130089637,,,,11.392610549926758,,,,,,
63.894431999999995,ATT,3,,0.16,0.17,89.91,0.0,0.0,0.16,,0.18,,,,89.9,,,,,,,,,,,,,,,,,,,,,,
63.894431999999995,XKF1,,,,,,,,,,,,,,,,0.022606420469722194,0.015388802625238895,,,0.02297729802655539,,,,,,0.016560042276978493,-0.02294181199632799,,,,,,-0.014682019129395487,,-0.014682019129395485,-0.017674686387181282
63.894431999999995,POS,,,,,,,,,,,,,,,,0.0208929743212945,0.017680354891629176,,,,,37.4275001,-122.1696998,,,0.011132000130089637,,,,11.642107009887695,,,,,,
63.994392000000005,ATT,3,,0.16,0.17,89.91,0.0,0.0,0.16,,0.18,,,,89.9,,,,,,,,,,,,,,,,,,,,,,
63.994392000000005,XKF1,,,,,,,,,,,,,,,,0.022371832404712938,0.015255754813551903,,,0.022739501309414222,,,,,,0.016363399103283882,-0.02270342467561177,,,,,,-0.014545351266860964,,-0.014545351266860962,-0.01747906394302845
63.994392000000005,POS,,,,,,,,,,,,,,,,0.0208929743212945,0.017680354891629176,,,,,37.4275001,-122.1696998,,,0.011132000130089637,,,,11.891321182250977,,,,,,
64.094352,ATT,3,,0.16,0.17,89.91,0.0,0.0,0.16,,0.18,,,,89.9,,,,,,,,,,,,,,,,,,,,,,
64.094352,XKF1,,,,,,,,,,,,,,,,0.02149579063599726,0.014704249799251556,,,0.022909230825532156,,,,,,0.01567973382771015,-0.022873953189241854,,,,,,-0.014719967730343344,,-0.014719967730343342,-0.017554355785250664
64.094352,POS,,,,,,,,,,,,,,,,0.0208929743212945,0.017680354891629176,,,,,37.4275001,-122.1696998,,,0.011132000130089637,,,,12.141300201416016,,,,,,
64.194312,ATT,3,,0.16,0.16,89.91,0.0,0.0,0.16,,0.17,,,,89.9,,,,,,,,,,,,,,,,,,,,,,
64.194312,XKF1,,,,,,,,,,,,,,,,0.021470196454631642,0.014687067829072475,,,0.022345042878835267,,,,,,0.015660759061574936,-0.022318205492645203,,,,,,-0.014468576759099962,,-0.01446857675909996,-0.01702824793756008
64.194312,POS,,,,,,,,,,,,,,,,0.0208929743212945,0.017680354891629176,,,,,37.4275001,-122.1696998,,,0.011132000130089637,,,,12.39029312133789,,,,,,
64.29427199999999,ATT,3,,0.16,0.16,89.91,0.0,0.0,0.16,,0.17,,,,89.9,,,,,,,,,,,,,,,,,,,,,,
64.29427199999999,XKF1,,,,,,,,,,,,,,,,0.02078234495366969,0.014233125373721123,,,0.02215828842131916,,,,,,0.015143447555601597,-0.02213542813821244,,,,,,-0.01442657317966223,,-0.014426573179662228,-0.01681855320930481
64.29427199999999,POS,,,,,,,,,,,,,,,,0.0208929743212945,0.017680354891629176,,,,,37.4275001,-122.1696998,,,0.011132000130089637,,,,12.640045166015625,,,,,,
64.394232,ATT,3,,0.16,0.16,89.91,0.0,0.0,0.16,,0.17,,,,89.9,,,,,,,,,,,,,,,,,,,,,,
64.394232,XKF1,,,,,,,,,,,,,,,,0.02061461293883665,0.014308396726846695,,,0.021611638169928164,,,,,,0.014840217307209969,-0.021573943682591717,,,,,,-0.014055770821869375,,-0.014055770821869373,-0.01641640067100525
64.394232,POS,,,,,,,,,,,,,,,,0.0208929743212945,0.017680354891629176,,,,,37.4275001,-122.1696998,,,0.011132000130089637,,,,12.888866424560547,,,,,,
64.494192,ATT,3,,0.16,0.16,89.91,0.0,0.0,0.16,,0.17,,,,89.9,,,,,,,,,,,,,,,,,,,,,,
64.494192,XKF1,,,,,,,,,,,,,,,,0.01984214488070434,0.013938413001596928,,,0.021453391573916483,,,,,,0.014122016727924347,-0.021402169808946235,,,,,,-0.013979794457554819,,-0.013979794457554817,-0.01627308689057827
64.494192,POS,,,,,,,,,,,,,,,,0.0208929743212945,0.017680354891629176,,,,,37.4275001,-122.1696998,,,0.011132000130089637,,,,13.138450622558594,,,,,,
64.594985,ATT,3,,0.16,0.15,89.91,0.0,0.0,0.16,,0.15,,,,89.9,,,,,,,,,,,,,,,,,,,,,,
64.594985,XKF1,,,,,,,,,,,,,,,,0.019433709932391317,0.014120395295321941,,,0.020924015413612954,,,,,,0.013352285139262676,-0.020801921951782366,,,,,,-0.013563752174377443,,-0.013563752174377441,-0.015932327136397362
64.594985,POS,,,,,,,,,,,,,,,,0.0208929743212945,0.017680354891629176,,,,,37.4275001,-122.1696998,,,0.011132000130089637,,,,13.38707447052002,,,,,,
64.694945,ATT,3,,0.16,0.14,89.91,0.0,0.0,0.17,,0.15,,,,89.9,,,,,,,,,,,,,,,,,,,,,,
64.694945,XKF1,,,,,,,,,,,,,,,,0.01875592976171018,0.014064574614167213,,,0.020640337660082622,,,,,,0.012408571317791939,-0.020453077441392867,,,,,,-0.01350198406726122,,-0.013501984067261219,-0.01561153307557106
64.694945,POS,,,,,,,,,,,,,,,,0.0208929743212945,0.017680354891629176,,,,,37.4275001,-122.1696998,,,0.011132000130089637,,,,13.636198997497559,,,,,,
64.794905,ATT,3,,0.16,0.14,89.91,0.0,0.0,0.17,,0.14,,,,89.89,,,,,,,,,,,,,,,,,,,,,,
64.794905,XKF1,,,,,,,,,,,,,,,,0.0182769571098248,0.014187514781951904,,,0.02021943650568189,,,,,,0.011522221378982067,-0.019954130587545815,,,,,,-0.013431278057396414,,-0.013431278057396412,-0.015113781206309795
64.794905,POS,,,,,,,,,,,,,,,,0.0208929743212945,0.017680354891629176,,,,,37.4275001,-122.1696998,,,0.011132000130089637,,,,13.884930610656738,,,,,,
64.894865,ATT,3,,0.16,0.13,89.91,0.0,0.0,0.17,,0.13,,,,89.89,,,,,,,,,,,,,,,,,,,,,,
64.894865,XKF1,,,,,,,,,,,,,,,,0.017580034234100116,0.01405532006174326,,,0.019875565711763722,,,,,,0.010559620335698128,-0.01956759033193889,,,,,,-0.013550883159041406,,-0.013550883159041405,-0.014540002681314945
64.894865,POS,,,,,,,,,,,,,,,,0.017680354891629176,0.017680354891629176,,,,,37.4275,-122.1696998,,,0.0,,,,14.136175155639648,,,,,,
64.99482499999999,ATT,3,,0.16,0.13,89.91,0.0,0.0,0.17,,0.12,,,,89.89,,,,,,,,,,,,,,,,,,,,,,
64.99482499999999,XKF1,,,,,,,,,,,,,,,,0.017203983273121948,0.014126128517091274,,,0.01919967468433229,,,,,,0.00981985405087471,-0.018868595078179014,,,,,,-0.013466541655361652,,-0.013466541655361652,-0.013685019686818123
64.99482499999999,POS,,,,,,,,,,,,,,,,0.017680354891629176,0.017680354891629176,,,,,37.4275,-122.1696998,,,0.0,,,,14.385050773620605,,,,,,
65.094785,ATT,3,,0.16,0.13,89.91,0.0,0.0,0.17,,0.11,,,,89.9,,,,,,,,,,,,,,,,,,,,,,
65.094785,XKF1,,,,,,,,,,,,,,,,0.016662903303352773,0.013977705501019955,,,0.018630496392200893,,,,,,0.009070617146790028,-0.018324298505653182,,,,,,-0.013540225103497505,,-0.013540225103497505,-0.01279678475111723
65.094785,POS,,,,,,,,,,,,,,,,0.017680354891629176,0.017680354891629176,,,,,37.4275,-122.1696998,,,0.0,,,,14.634411811828613,,,,,,
65.194745,ATT,3,,0.16,0.13,89.91,0.0,0.0,0.16,,0.11,,,,89.91,,,,,,,,,,,,,,,,,,,,,,
65.194745,XKF1,,,,,,,,,,,,,,,,0.016488057227248783,0.01406596228480339,,,0.017837998634563725,,,,,,0.008602600544691086,-0.01758033278609008,,,,,,-0.013421613723039627,,-0.013421613723039627,-0.011749658733606339
65.194745,POS,,,,,,,,,,,,,,,,0.017680354891629176,0.017680354891629176,,,,,37.4275,-122.1696998,,,0.0,,,,14.88331413269043,,,,,,
65.294705,ATT,3,,0.16,0.13,89.91,0.0,0.0,0.17,,0.12,,,,89.91,,,,,,,,,,,,,,,,,,,,,,
65.294705,XKF1,,,,,,,,,,,,,,,,0.016137772212128868,0.013936460949480534,,,0.017291112197555424,,,,,,0.008136507123708725,-0.01709536889261231,,,,,,-0.013455362059175968,,-0.013455362059175968,-0.01085982471704483
65.294705,POS,,,,,,,,,,,,,,,,0.017680354891629176,0.017680354891629176,,,,,37.4275,-122.1696998,,,0.0,,,,15.132670402526855,,,,,,
65.394665,ATT,3,,0.17,0.14,89.91,0.0,0.0,0.17,,0.13,,,,89.91,,,,,,,,,,,,,,,,,,,,,,
65.394665,XKF1,,,,,,,,,,,,,,,,0.01613964871206791,0.014033216051757336,,,0.016773956678946125,,,,,,0.00797227118164301,-0.01664254809234688,,,,,,-0.013435385189950466,,-0.013435385189950466,-0.010042711161077023
65.394665,POS,,,,,,,,,,,,,,,,0.017680354891629176,0.017680354891629176,,,,,37.4275,-122.1696998,,,0.0,,,,15.381669998168945,,,,,,
65.494625,ATT,3,,0.16,0.14,89.91,0.0,0.0,0.18,,0.13,,,,89.91,,,,,,,,,,,,,,,,,,,,,,
65.494625,XKF1,,,,,,,,,,,,,,,,0.01582662263246128,0.013805508613586426,,,0.01666056795035116,,,,,,0.00773885753005743,-0.01658296922001961,,,,,,-0.01367990579456091,,-0.01367990579456091,-0.009509716182947159
65.494625,POS,,,,,,,,,,,,,,,,0.017680354891629176,0.017680354891629176,,,,,37.4275,-122.1696998,,,0.0,,,,15.631156921386719,,,,,,
65.594585,ATT,3,,0.16,0.14,89.91,0.0,0.0,0.16,,0.14,,,,89.91,,,,,,,,,,,,,,,,,,,,,,
65.594585,XKF1,,,,,,,,,,,,,,,,0.0156252555916343,0.013577143661677837,,,0.016372620276774986,,,,,,0.007733678445219994,-0.016343636160045496,,,,,,-0.013719390146434307,,-0.013719390146434307,-0.008935380727052689
65.594585,POS,,,,,,,,,,,,,,,,0.017680354891629176,0.017680354891629176,,,,,37.4275,-122.1696998,,,0.0,,,,15.88012981414795,,,,,,
65.694545,ATT,3,,0.15,0.15,89.91,0.0,0.0,0.15,,0.14,,,,89.9,,,,,,,,,,,,,,,,,,,,,,
65.694545,XKF1,,,,,,,,,,,,,,,,0.015201584923686683,0.013139726594090462,,,0.01618179205510712,,,,,,0.007644329220056534,-0.01617673954996081,,,,,,-0.013779288157820702,,-0.013779288157820702,-0.008484197780489922
65.694545,POS,,,,,,,,,,,,,,,,0.017680354891629176,0.017680354891629176,,,,,37.4275,-122.1696998,,,0.0,,,,16.12961196899414,,,,,,
65.794505,ATT,3,,0.15,0.15,89.91,0.0,0.0,0.15,,0.15,,,,89.9,,,,,,,,,,,,,,,,,,,,,,
65.794505,XKF1,,,,,,,,,,,,,,,,0.015027179287248248,0.01285164337605238,,,0.01576146034893053,,,,,,0.0077878995798528194,-0.015761209786281954,,,,,,-0.013525464572012424,,-0.013525464572012424,-0.008092307485640049
65.794505,POS,,,,,,,,,,,,,,,,0.017680354891629176,0.017680354891629176,,,,,37.4275,-122.1696998,,,0.0,,,,16.378650665283203,,,,,,
65.894465,ATT,3,,0.15,0.15,89.91,0.0,0.0,0.14,,0.15,,,,89.9,,,,,,,,,,,,,,,,,,,,,,
65.894465,XKF1,,,,,,,,,,,,,,,,0.014676085111542607,0.012419188395142555,,,0.015447197165441993,,,,,,0.00781992543488741,-0.015441605279624097,,,,,,-0.013288434594869614,,-0.013288434594869614,-0.007876128889620304
65.894465,POS,,,,,,,,,,,,,,,,0.017680354891629176,0.017680354891629176,,,,,37.4275,-122.1696998,,,0.0,,,,16.62820053100586,,,,,,
65.99442499999999,ATT,3,,0.15,0.16,89.91,0.0,0.0,0.14,,0.15,,,,89.9,,,,,,,,,,,,,,,,,,,,,,
65.99442499999999,XKF1,,,,,,,,,,,,,,,,0.0146461990844923,0.012219461612403393,,,0.014878267427516538,,,,,,0.008074398152530193,-0.014862987781810973,,,,,,-0.0127719696611166,,-0.0127719696611166,-0.0076314895413815975
65.99442499999999,POS,,,,,,,,,,,,,,,,0.017680354891629176,0.017680354891629176,,,,,37.4275,-122.1696998,,,0.0,,,,16.877288818359375,,,,,,
66.094385,ATT,3,,0.15,0.16,89.91,0.0,0.0,0.14,,0.15,,,,89.89,,,,,,,,,,,,,,,,,,,,,,
66.094385,XKF1,,,,,,,,,,,,,,,,0.014169924456673309,0.011690118350088596,,,0.014784942847837972,,,,,,0.008007989265024662,-0.014761104169990878,,,,,,-0.012652131728827953,,-0.012652131728827953,-0.007649712264537811
66.094385,POS,,,,,,,,,,,,,,,,0.017680354891629176,0.017680354891629176,,,,,37.4275,-122.1696998,,,0.0,,,,17.12753677368164,,,,,,
66.194345,ATT,3,,0.15,0.16,89.91,0.0,0.0,0.15,,0.16,,,,89.89,,,,,,,,,,,,,,,,,,,,,,
66.194345,XKF1,,,,,,,,,,,,,,,,0.014386356027122387,0.01166066899895668,,,0.014359633735862114,,,,,,0.00842591468244791,-0.014306634988023162,,,,,,-0.012317964807152748,,-0.012317964807152748,-0.007380164228379726
66.194345,POS,,,,,,,,,,,,,,,,0.017680354891629176,0.017680354891629176,,,,,37.4275,-122.1696998,,,0.0,,,,17.376537322998047,,,,,,
66.294305,ATT,3,,0.15,0.17,89.91,0.0,0.0,0.14,,0.16,,,,89.89,,,,,,,,,,,,,,,,,,,,,,
66.294305,XKF1,,,,,,,,,,,,,,,,0.014099804869313438,0.011262372136116028,,,0.01432776679423117,,,,,,0.008483128622174263,-0.01426255412860134,,,,,,-0.012213890440762043,,-0.012213890440762043,-0.007490379270166159
66.294305,POS,,,,,,,,,,,,,,,,0.017680354891629176,0.017680354891629176,,,,,37.4275,-122.1696998,,,0.0,,,,17.626630783081055,,,,,,
66.394265,ATT,3,,0.15,0.17,89.91,0.0,0.0,0.15,,0.16,,,,89.9,,,,,,,,,,,,,,,,,,,,,,
66.394265,XKF1,,,,,,,,,,,,,,,,0.014491835156463658,0.011366600170731544,,,0.01386311150039136,,,,,,0.008989643305540085,-0.013764888413786461,,,,,,-0.011818304657936096,,-0.011818304657936096,-0.0072466223500669
66.394265,POS,,,,,,,,,,,,,,,,0.017680354891629176,0.017680354891629176,,,,,37.4275,-122.1696998,,,0.0,,,,17.875574111938477,,,,,,
66.494225,ATT,3,,0.15,0.18,89.91,0.0,0.0,0.14,,0.17,,,,89.9,,,,,,,,,,,,,,,,,,,,,,
66.494225,XKF1,,,,,,,,,,,,,,,,0.014346090598008138,0.011077811941504478,,,0.013985631803998044,,,,,,0.009115503169596195,-0.013873726370327844,,,,,,-0.01183497067540884,,-0.01183497067540884,-0.007451937068253756
66.494225,POS,,,,,,,,,,,,,,,,0.017680354891629176,0.017680354891629176,,,,,37.4275,-122.1696998,,,0.0,,,,18.125680923461914,,,,,,
66.594185,ATT,3,,0.16,0.18,89.91,0.0,0.0,0.14,,0.18,,,,89.9,,,,,,,,,,,,,,,,,,,,,,
66.594185,XKF1,,,,,,,,,,,,,,,,0.014848341270381808,0.011285895481705666,,,0.013651537298050215,,,,,,0.009648927487432957,-0.013542199318038036,,,,,,-0.011413649655878544,,-0.011413649655878544,-0.007489530835300684
66.594185,POS,,,,,,,,,,,,,,,,0.017680354891629176,0.017680354891629176,,,,,37.4275,-122.1696998,,,0.0,,,,18.374553680419922,,,,,,
66.69497799999999,ATT,3,,0.16,0.18,89.91,0.0,0.0,0.14,,0.18,,,,89.9,,,,,,,,,,,,,,,,,,,,,,
66.69497799999999,XKF1,,,,,,,,,,,,,,,,0.015076444704023119,0.011315504088997841,,,0.013619182325582822,,,,,,0.009962858632206917,-0.013528626363217552,,,,,,-0.011189923621714115,,-0.011189923621714115,-0.00776322977617383
66.69497799999999,POS,,,,,,,,,,,,,,,,0.017680354891629176,0.017680354891629176,,,,,37.4275,-122.1696998,,,0.0,,,,18.62400245666504,,,,,,
66.794938,ATT,3,,0.16,0.19,89.91,0.0,0.0,0.15,,0.18,,,,89.9,,,,,,,,,,,,,,,,,,,,,,
66.794938,XKF1,,,,,,,,,,,,,,,,0.015582092182515425,0.011582662351429462,,,0.013444404383274848,,,,,,0.010423220694065094,-0.013373748970933925,,,,,,-0.010861926712095737,,-0.010861926712095737,-0.007922787219285965
66.794938,POS,,,,,,,,,,,,,,,,0.017680354891629176,0.017680354891629176,,,,,37.4275,-122.1696998,,,0.0,,,,18.873001098632812,,,,,,
66.894898,ATT,3,,0.16,0.19,89.91,0.0,0.0,0.15,,0.19,,,,89.9,,,,,,,,,,,,,,,,,,,,,,
66.894898,XKF1,,,,,,,,,,,,,,,,0.01580258136071724,0.011664909310638905,,,0.013645805295487532,,,,,,0.010660744272172451,-0.013608891250315822,,,,,,-0.010722273029386997,,-0.010722273029386997,-0.008440430276095867
66.894898,POS,,,,,,,,,,,,,,,,0.017680354891629176,0.017680354891629176,,,,,37.4275,-122.1696998,,,0.0,,,,19.122560501098633,,,,,,
66.994858,ATT,3,,0.17,0.19,89.91,0.0,0.0,0.15,,0.2,,,,89.89,,,,,,,,,,,,,,,,,,,,,,
66.994858,XKF1,,,,,,,,,,,,,,,,0.016281250216642982,0.011971235275268555,,,0.013763815357958575,,,,,,0.011034882627427578,-0.01375266049189586,,,,,,-0.010487519204616547,,-0.010487519204616547,-0.008913728408515453
66.994858,POS,,,,,,,,,,,,,,,,0.017680354891629176,0.017680354891629176,,,,,37.4275,-122.1696998,,,0.0,,,,19.37364387512207,,,,,,
67.094818,ATT,3,,0.17,0.18,89.91,0.0,0.0,0.16,,0.2,,,,89.89,,,,,,,,,,,,,,,,,,,,,,
67.094818,XKF1,,,,,,,,,,,,,,,,0.01645961290979664,0.012092947028577328,,,0.01425209841171295,,,,,,0.011165997013449669,-0.014251997334149063,,,,,,-0.010434589348733425,,-0.010434589348733425,-0.009707814082503319
67.094818,POS,,,,,,,,,,,,,,,,0.017680354891629176,0.017680354891629176,,,,,37.4275,-122.1696998,,,0.0,,,,19.623289108276367,,,,,,
67.194778,ATT,3,,0.18,0.18,89.91,0.0,0.0,0.17,,0.19,,,,89.89,,,,,,,,,,,,,,,,,,,,,,
67.194778,XKF1,,,,,,,,,,,,,,,,0.01689531154349393,0.012436531484127045,,,0.014505479152076733,,,,,,0.011436093598604202,-0.014500539223582864,,,,,,-0.010417533107101917,,-0.010417533107101917,-0.010093756951391697
67.194778,POS,,,,,,,,,,,,,,,,0.017680354891629176,0.017680354891629176,,,,,37.4275,-122.1696998,,,0.0,,,,19.872314453125,,,,,,
67.294738,ATT,3,,0.18,0.18,89.91,0.0,0.0,0.17,,0.18,,,,89.88,,,,,,,,,,,,,,,,,,,,,,
67.294738,XKF1,,,,,,,,,,,,,,,,0.017015036434094997,0.012556725181639194,,,0.015075630623304841,,,,,,0.011482165195047855,-0.015065177566220394,,,,,,-0.01073898933827877,,-0.01073898933827877,-0.010580583475530148
67.294738,POS,,,,,,,,,,,,,,,,0.017680354891629176,0.017680354891629176,,,,,37.4275,-122.1696998,,,0.0,,,,20.121870040893555,,,,,,
67.39469799999999,ATT,3,,0.18,0.18,89.91,0.0,0.0,0.18,,0.19,,,,89.88,,,,,,,,,,,,,,,,,,,,,,
67.39469799999999,XKF1,,,,,,,,,,,,,,,,0.017406081150988177,0.012876591645181179,,,0.015377109938127197,,,,,,0.01171174831688404,-0.015365491986960729,,,,,,-0.010964893735945225,,-0.010964893735945225,-0.01078084483742714
67.39469799999999,POS,,,,,,,,,,,,,,,,0.017680354891629176,0.017680354891629176,,,,,37.4275,-122.1696998,,,0.0,,,,20.370929718017578,,,,,,
67.494658,ATT,3,,0.17,0.18,89.91,0.0,0.0,0.18,,0.19,,,,89.87,,,,,,,,,,,,,,,,,,,,,,
67.494658,XKF1,,,,,,,,,,,,,,,,0.017544731202312137,0.012956655584275723,,,0.016009449872319705,,,,,,0.011829736642539501,-0.01599946331689145,,,,,,-0.011434270069003105,,-0.011434270069003105,-0.011205353774130344
67.494658,POS,,,,,,,,,,,,,,,,0.017680354891629176,0.017680354891629176,,,,,37.4275,-122.1696998,,,0.0,,,,20.62053680419922,,,,,,
67.594618,ATT,3,,0.18,0.18,89.91,0.0,0.0,0.18,,0.17,,,,89.87,,,,,,,,,,,,,,,,,,,,,,
67.594618,XKF1,,,,,,,,,,,,,,,,0.01814794151127797,0.013252553530037403,,,0.01611585715908881,,,,,,0.012398290447890759,-0.016115117671061188,,,,,,-0.011662609875202179,,-0.011662609875202179,-0.011122247204184532
67.594618,POS,,,,,,,,,,,,,,,,0.017680354891629176,0.017680354891629176,,,,,37.4275,-122.1696998,,,0.0,,,,20.869529724121094,,,,,,
67.69457799999999,ATT,3,,0.17,0.19,89.91,0.0,0.0,0.18,,0.15,,,,89.86,,,,,,,,,,,,,,,,,,,,,,
67.69457799999999,XKF1,,,,,,,,,,,,,,,,0.01854038517095452,0.01330782100558281,,,0.01621086814539419,,,,,,0.012909213081002235,-0.01619732214178008,,,,,,-0.012087361887097359,,-0.012087361887097359,-0.010802218690514565
67.69457799999999,POS,,,,,,,,,,,,,,,,0.017680354891629176,0.017680354891629176,,,,,37.4275,-122.1696998,,,0.0,,,,21.119138717651367,,,,,,
67.794538,ATT,3,,0.17,0.22,89.91,0.0,0.0,0.19,,0.16,,,,89.86,,,,,,,,,,,,,,,,,,,,,,
67.794538,XKF1,,,,,,,,,,,,,,,,0.01957697143588726,0.013566438108682632,,,0.01600580133140332,,,,,,0.01411416195333004,-0.015887886852628774,,,,,,-0.012408101931214333,,-0.012408101931214333,-0.010110622271895409
67.794538,POS,,,,,,,,,,,,,,,,0.017680354891629176,0.017680354891629176,,,,,37.4275,-122.1696998,,,0.0,,,,21.368148803710938,,,,,,
67.894498,ATT,3,,0.17,0.24,89.91,0.0,0.0,0.19,,0.2,,,,89.85,,,,,,,,,,,,,,,,,,,,,,
67.894498,XKF1,,,,,,,,,,,,,,,,0.02028966313607829,0.01356133259832859,,,0.016504820118692393,,,,,,0.015091742388904095,-0.01623558080876122,,,,,,-0.013060029596090317,,-0.013060029596090317,-0.010091814212501049
67.894498,POS,,,,,,,,,,,,,,,,0.017680354891629176,0.017680354891629176,,,,,37.4275,-122.1696998,,,0.0,,,,21.61775016784668,,,,,,
67.994458,ATT,3,,0.16,0.26,89.91,0.0,0.0,0.19,,0.23,,,,89.85,,,,,,,,,,,,,,,,,,,,,,
67.994458,XKF1,,,,,,,,,,,,,,,,0.021478915133408452,0.013746025040745735,,,0.017072215192568838,,,,,,0.016504259780049324,-0.01666087505804822,,,,,,-0.01352486852556467,,-0.01352486852556467,-0.0104181794449687
67.994458,POS,,,,,,,,,,,,,,,,0.017680354891629176,0.017680354891629176,,,,,37.4275,-122.1696998,,,0.0,,,,21.866792678833008,,,,,,
68.094418,ATT,3,,0.15,0.26,89.91,0.0,0.0,0.19,,0.24,,,,89.85,,,,,,,,,,,,,,,,,,,,,,
68.094418,XKF1,,,,,,,,,,,,,,,,0.02225606195766551,0.013749946840107441,,,0.018152215311331616,,,,,,0.017500607296824455,-0.01769324596085261,,,,,,-0.014120442792773247,,-0.014120442792773247,-0.01140684075653553
68.094418,POS,,,,,,,,,,,,,,,,0.017680354891629176,0.017680354891629176,,,,,37.4275,-122.1696998,,,0.0,,,,22.116411209106445,,,,,,
68.194378,ATT,3,,0.16,0.26,89.91,0.0,0.0,0.16,,0.25,,,,89.85,,,,,,,,,,,,,,,,,,,,,,
68.194378,XKF1,,,,,,,,,,,,,,,,0.023513755082623364,0.014187308959662914,,,0.018706275191334797,,,,,,0.01875145174562931,-0.018327689225200446,,,,,,-0.014044270850718021,,-0.014044270850718021,-0.012356503866612911
68.194378,POS,,,,,,,,,,,,,,,,0.017680354891629176,0.017680354891629176,,,,,37.4275,-122.1696998,,,0.0,,,,22.365497589111328,,,,,,
68.294338,ATT,3,,0.16,0.26,89.91,0.0,0.0,0.14,,0.25,,,,89.85,,,,,,,,,,,,,,,,,,,,,,
68.294338,XKF1,,,,,,,,,,,,,,,,0.023768889258853718,0.014076540246605873,,,0.01968306892017233,,,,,,0.019152313470840454,-0.01943920955135231,,,,,,-0.014001217670738697,,-0.014001217670738697,-0.013834345154464245
68.294338,POS,,,,,,,,,,,,,,,,0.017680354891629176,0.017680354891629176,,,,,37.4275,-122.1696998,,,0.0,,,,22.61583709716797,,,,,,
68.39429799999999,ATT,3,,0.18,0.25,89.91,0.0,0.0,0.14,,0.24,,,,89.86,,,,,,,,,,,,,,,,,,,,,,
68.39429799999999,XKF1,,,,,,,,,,,,,,,,0.02509748636534069,0.014849764294922352,,,0.01958520644790568,,,,,,0.020232852548360825,-0.01949338780774996,,,,,,-0.013060992583632471,,-0.01306099258363247,-0.014594203792512417
68.39429799999999,POS,,,,,,,,,,,,,,,,0.017680354891629176,0.017680354891629176,,,,,37.4275,-122.1696998,,,0.0,,,,22.863704681396484,,,,,,
68.494258,ATT,3,,0.2,0.25,89.91,0.0,0.0,0.15,,0.25,,,,89.86,,,,,,,,,,,,,,,,,,,,,,
68.494258,XKF1,,,,,,,,,,,,,,,,0.025419888760196425,0.015060706995427608,,,0.02038048828769585,,,,,,0.020477935671806335,-0.020358230836305922,,,,,,-0.012828893028199674,,-0.012828893028199673,-0.01583615504205227
68.494258,POS,,,,,,,,,,,,,,,,0.017680354891629176,0.017680354891629176,,,,,37.4275,-122.1696998,,,0.0,,,,23.112621307373047,,,,,,
68.594218,ATT,3,,0.21,0.25,89.91,0.0,0.0,0.17,,0.25,,,,89.87,,,,,,,,,,,,,,,,,,,,,,
68.594218,XKF1,,,,,,,,,,,,,,,,0.027047372109118086,0.016021616756916046,,,0.020578352946089867,,,,,,0.021791469305753708,-0.020575623458213812,,,,,,-0.01245807856321335,,-0.012458078563213348,-0.016378793865442276
68.594218,POS,,,,,,,,,,,,,,,,0.017680354891629176,0.017680354891629176,,,,,37.4275,-122.1696998,,,0.0,,,,23.360027313232422,,,,,,
68.694178,ATT,3,,0.21,0.26,89.91,0.0,0.0,0.19,,0.25,,,,89.88,,,,,,,,,,,,,,,,,,,,,,
68.694178,XKF1,,,,,,,,,,,,,,,,0.027522823875440104,0.0163207296282053,,,0.021914323339979648,,,,,,0.02216167002916336,-0.02191426145425407,,,,,,-0.013036849908530714,,-0.013036849908530712,-0.017614712938666344
68.694178,POS,,,,,,,,,,,,,,,,0.017680354891629176,0.017680354891629176,,,,,37.4275,-122.1696998,,,0.0,,,,23.60875129699707,,,,,,
68.794971,ATT,3,,0.22,0.26,89.91,0.0,0.0,0.2,,0.26,,,,89.89,,,,,,,,,,,,,,,,,,,,,,
68.794971,XKF1,,,,,,,,,,,,,,,,0.029073369457361595,0.017241450026631355,,,0.022564489641887942,,,,,,0.023409254848957062,-0.022564037775789324,,,,,,-0.01326622534543276,,-0.013266225345432758,-0.018252765759825706
68.794971,POS,,,,,,,,,,,,,,,,0.0208929743212945,0.017680354891629176,,,,,37.4275001,-122.1696998,,,0.011132000130089637,,,,23.856149673461914,,,,,,
68.894931,ATT,3,,0.22,0.26,89.91,0.0,0.0,0.2,,0.26,,,,89.9,,,,,,,,,,,,,,,,,,,,,,
68.894931,XKF1,,,,,,,,,,,,,,,,0.029979264711599316,0.01785403862595558,,,0.023671465454863073,,,,,,0.0240829735994339,-0.023667283071755765,,,,,,-0.01373751647770405,,-0.013737516477704048,-0.0192774198949337
68.894931,POS,,,,,,,,,,,,,,,,0.0208929743212945,0.017680354891629176,,,,,37.4275001,-122.1696998,,,0.011132000130089637,,,,24.10408592224121,,,,,,
68.994891,ATT,3,,0.23,0.27,89.91,0.0,0.0,0.21,,0.26,,,,89.91,,,,,,,,,,,,,,,,,,,,,,
68.994891,XKF1,,,,,,,,,,,,,,,,0.031292880529931025,0.018859416246414185,,,0.024448976943247904,,,,,,0.02497131936252117,-0.024431757137451368,,,,,,-0.01399227883666754,,-0.013992278836667538,-0.02004915475845337
68.994891,POS,,,,,,,,,,,,,,,,0.0208929743212945,0.017680354891629176,,,,,37.4275001,-122.1696998,,,0.011132000130089637,,,,24.35010528564453,,,,,,
69.09485099999999,ATT,3,,0.23,0.26,89.91,0.0,0.0,0.22,,0.26,,,,89.92,,,,,,,,,,,,,,,,,,,,,,
69.09485099999999,XKF1,,,,,,,,,,,,,,,,0.031919199937167575,0.01946454495191574,,,0.025699826355570082,,,,,,0.025297565385699272,-0.025671613419340877,,,,,,-0.014700585044920446,,-0.014700585044920444,-0.021080177277326584
69.09485099999999,POS,,,,,,,,,,,,,,,,0.0208929743212945,0.017680354891629176,,,,,37.4275001,-122.1696998,,,0.011132000130089637,,,,24.596282958984375,,,,,,
69.194811,ATT,3,,0.24,0.26,89.91,0.0,0.0,0.22,,0.25,,,,89.92,,,,,,,,,,,,,,,,,,,,,,
69.194811,XKF1,,,,,,,,,,,,,,,,0.03293229277263853,0.020370986312627792,,,0.026487049394292934,,,,,,0.025875834748148918,-0.026445602842473416,,,,,,-0.015194702893495561,,-0.01519470289349556,-0.021695271134376526
69.194811,POS,,,,,,,,,,,,,,,,0.0208929743212945,0.017680354891629176,,,,,37.4275001,-122.1696998,,,0.011132000130089637,,,,24.836410522460938,,,,,,
69.294771,ATT,3,,0.23,0.26,89.91,0.0,0.0,0.22,,0.25,,,,89.92,,,,,,,,,,,,,,,,,,,,,,
69.294771,XKF1,,,,,,,,,,,,,,,,0.03329153566564092,0.02085229940712452,,,0.02754432652009757,,,,,,0.025952031835913658,-0.027497733880490396,,,,,,-0.01597495563328266,,-0.01597495563328266,-0.022438598796725273
69.294771,POS,,,,,,,,,,,,,,,,0.0208929743212945,0.017680354891629176,,,,,37.4275001,-122.1696998,,,0.011132000130089637,,,,25.073087692260742,,,,,,
69.394731,ATT,3,,0.24,0.26,89.91,0.0,0.0,0.22,,0.24,,,,89.93,,,,,,,,,,,,,,,,,,,,,,
69.394731,XKF1,,,,,,,,,,,,,,,,0.03403073975846255,0.021590720862150192,,,0.028093718938929712,,,,,,0.02630460076034069,-0.02803773696944231,,,,,,-0.01641826331615448,,-0.01641826331615448,-0.022796878591179848
69.394731,POS,,,,,,,,,,,,,,,,0.0208929743212945,0.017680354891629176,,,,,37.4275001,-122.1696998,,,0.011132000130089637,,,,25.30461883544922,,,,,,
69.494691,ATT,3,,0.24,0.25,89.91,0.0,0.0,0.22,,0.24,,,,89.93,,,,,,,,,,,,,,,,,,,,,,
69.494691,XKF1,,,,,,,,,,,,,,,,0.03415055991662524,0.021903950721025467,,,0.028962935718918812,,,,,,0.02620071917772293,-0.028899730657178054,,,,,,-0.017068898305296898,,-0.017068898305296898,-0.023398810997605324
69.494691,POS,,,,,,,,,,,,,,,,0.0208929743212945,0.017680354891629176,,,,,37.4275001,-122.1696998,,,0.011132000130089637,,,,25.53186798095703,,,,,,
69.594651,ATT,3,,0.24,0.25,89.91,0.0,0.0,0.22,,0.25,,,,89.92,,,,,,,,,,,,,,,,,,,,,,
69.594651,XKF1,,,,,,,,,,,,,,,,0.03465797720913431,0.022450678050518036,,,0.029504617139226565,,,,,,0.026403455063700676,-0.02942995721874839,,,,,,-0.017466045916080475,,-0.017466045916080475,-0.02377939596772194
69.594651,POS,,,,,,,,,,,,,,,,0.0208929743212945,0.017680354891629176,,,,,37.4275001,-122.1696998,,,0.011132000130089637,,,,25.75324249267578,,,,,,
69.694611,ATT,3,,0.24,0.24,89.91,0.0,0.0,0.22,,0.25,,,,89.92,,,,,,,,,,,,,,,,,,,,,,
69.694611,XKF1,,,,,,,,,,,,,,,,0.03456502281480213,0.02259475737810135,,,0.03043133414435378,,,,,,0.026157556101679802,-0.03034453222136095,,,,,,-0.018097708001732826,,-0.018097708001732826,-0.024465057998895645
69.694611,POS,,,,,,,,,,,,,,,,0.0208929743212945,0.017680354891629176,,,,,37.4275001,-122.1696998,,,0.011132000130089637,,,,25.969745635986328,,,,,,
69.794571,ATT,3,,0.24,0.24,89.91,0.0,0.0,0.22,,0.24,,,,89.92,,,,,,,,,,,,,,,,,,,,,,
69.794571,XKF1,,,,,,,,,,,,,,,,0.03487194700055629,0.022982152178883553,,,0.030936298562295076,,,,,,0.02622734010219574,-0.03084142158459935,,,,,,-0.018505007028579712,,-0.018505007028579712,-0.024791516363620758
69.794571,POS,,,,,,,,,,,,,,,,0.0208929743212945,0.017680354891629176,,,,,37.4275001,-122.1696998,,,0.011132000130089637,,,,26.179973602294922,,,,,,
69.894531,ATT,3,,0.23,0.23,89.91,0.0,0.0,0.22,,0.22,,,,89.91,,,,,,,,,,,,,,,,,,,,,,
69.894531,XKF1,,,,,,,,,,,,,,,,0.03460991063802227,0.02296879142522812,,,0.03161076275270356,,,,,,0.025889776647090912,-0.031529855004509104,,,,,,-0.019233977422118187,,-0.019233977422118187,-0.02508574165403843
69.894531,POS,,,,,,,,,,,,,,,,0.0208929743212945,0.017680354891629176,,,,,37.4275001,-122.1696998,,,0.011132000130089637,,,,26.38503646850586,,,,,,
69.994491,ATT,3,,0.23,0.23,89.91,0.0,0.0,0.23,,0.22,,,,89.91,,,,,,,,,,,,,,,,,,,,,,
69.994491,XKF1,,,,,,,,,,,,,,,,0.034796046863920765,0.02319045178592205,,,0.03198138245193311,,,,,,0.025941623374819756,-0.03192113214276042,,,,,,-0.019811542704701424,,-0.019811542704701424,-0.025106007233262062
69.994491,POS,,,,,,,,,,,,,,,,0.0208929743212945,0.017680354891629176,,,,,37.4275001,-122.1696998,,,0.011132000130089637,,,,26.583723068237305,,,,,,
70.09445099999999,ATT,3,,0.22,0.23,89.91,0.0,0.0,0.22,,0.22,,,,89.9,,,,,,,,,,,,,,,,,,,,,,
70.09445099999999,XKF1,,,,,,,,,,,,,,,,0.034416319501081115,0.022999202832579613,,,0.0325261431575205,,,,,,0.025603119283914566,-0.03249421648289477,,,,,,-0.02064288966357708,,-0.02064288966357708,-0.025136051699519157
70.09445099999999,POS,,,,,,,,,,,,,,,,0.0208929743212945,0.017680354891629176,,,,,37.4275001,-122.1696998,,,0.011132000130089637,,,,26.77735137939453,,,,,,
70.194411,ATT,3,,0.22,0.23,89.91,0.0,0.0,0.21,,0.21,,,,89.9,,,,,,,,,,,,,,,,,,,,,,
70.194411,XKF1,,,,,,,,,,,,,,,,0.03448577404822434,0.0230376198887825,,,0.032578772198785994,,,,,,0.025661969557404518,-0.032562479345616936,,,,,,-0.020986182615160942,,-0.020986182615160942,-0.024918999522924423
70.194411,POS,,,,,,,,,,,,,,,,0.0208929743212945,0.017680354891629176,,,,,37.4275001,-122.1696998,,,0.011132000130089637,,,,26.964693069458008,,,,,,
70.294371,ATT,3,,0.21,0.23,89.91,0.0,0.0,0.2,,0.22,,,,89.89,,,,,,,,,,,,,,,,,,,,,,
70.294371,XKF1,,,,,,,,,,,,,,,,0.03348996897654894,0.022375447675585747,,,0.0332549765791932,,,,,,0.024918213486671448,-0.03324591369547499,,,,,,-0.02163475938141346,,-0.02163475938141346,-0.02525530941784382
70.294371,POS,,,,,,,,,,,,,,,,0.0208929743212945,0.017680354891629176,,,,,37.4275001,-122.1696998,,,0.011132000130089637,,,,27.147682189941406,,,,,,
70.394331,ATT,3,,0.21,0.22,89.91,0.0,0.0,0.19,,0.22,,,,89.89,,,,,,,,,,,,,,,,,,,,,,
70.394331,XKF1,,,,,,,,,,,,,,,,0.03370380738557695,0.02246064692735672,,,0.03314576681922964,,,,,,0.025128986686468124,-0.03313977195362709,,,,,,-0.021614769473671913,,-0.021614769473671913,-0.025128541514277458
70.394331,POS,,,,,,,,,,,,,,,,0.0208929743212945,0.017680354891629176,,,,,37.4275001,-122.1696998,,,0.011132000130089637,,,,27.323984146118164,,,,,,
70.494291,ATT,3,,0.2,0.22,89.91,0.0,0.0,0.19,,0.22,,,,89.89,,,,,,,,,,,,,,,,,,,,,,
70.494291,XKF1,,,,,,,,,,,,,,,,0.032813886261839086,0.021849222481250763,,,0.03372670153734992,,,,,,0.02448188327252865,-0.03372079044918508,,,,,,-0.021981997415423393,,-0.021981997415423393,-0.0255789402872324
70.494291,POS,,,,,,,,,,,,,,,,0.0208929743212945,0.017680354891629176,,,,,37.4275001,-122.1696998,,,0.011132000130089637,,,,27.495859146118164,,,,,,
70.594251,ATT,3,,0.2,0.22,89.91,0.0,0.0,0.19,,0.21,,,,89.88,,,,,,,,,,,,,,,,,,,,,,
70.594251,XKF1,,,,,,,,,,,,,,,,0.0330831769807198,0.021973155438899994,,,0.033349163810183845,,,,,,0.024732105433940887,-0.033345789996792524,,,,,,-0.021792959421873093,,-0.021792959421873093,-0.02524348720908165
70.594251,POS,,,,,,,,,,,,,,,,0.0208929743212945,0.017680354891629176,,,,,37.4275001,-122.1696998,,,0.011132000130089637,,,,27.66102409362793,,,,,,
70.694211,ATT,3,,0.2,0.22,89.91,0.0,0.0,0.19,,0.2,,,,89.88,,,,,,,,,,,,,,,,,,,,,,
70.694211,XKF1,,,,,,,,,,,,,,,,0.032247835179914544,0.021389981731772423,,,0.03367198829466781,,,,,,0.02413279004395008,-0.0336707248407419,,,,,,-0.022115495055913925,,-0.022115495055913925,-0.025391094386577606
70.694211,POS,,,,,,,,,,,,,,,,0.0208929743212945,0.017680354891629176,,,,,37.4275001,-122.1696998,,,0.011132000130089637,,,,27.821868896484375,,,,,,
70.754187,GUIA,,0.0,,,,,,0.0,0.0,0.0,0.0,0.0,6,89.99999237060547,0.0,,,,,,,,,,,,,,,,,,,,,
70.79417099999999,ATT,3,,0.15,0.17,89.93,0.0,0.0,0.15,,0.16,,,,89.89,,,,,,,,,,,,,,,,,,,,,,
70.79417099999999,XKF1,,,,,,,,,,,,,,,,0.0326002598120847,0.021557170897722244,,,0.03291378646897923,,,,,,0.024455374106764793,-0.032913690155362496,,,,,,-0.021704697981476784,,-0.021704697981476784,-0.024743149057030678
70.79417099999999,POS,,,,,,,,,,,,,,,,0.0208929743212945,0.017680354891629176,,,,,37.4275001,-122.1696998,,,0.011132000130089637,,,,27.976106643676758,,,,,,
70.822493,GUIA,,0.0,,,,,,0.0,0.0,0.0,0.0,0.0,6,89.99999237060547,0.0,,,,,,,,,,,,,,,,,,,,,
70.849982,GUIA,,0.0,,,,,,0.0,0.0,0.0,0.0,0.0,6,89.99999237060547,0.0,,,,,,,,,,,,,,,,,,,,,
70.857479,GUIA,,0.0,,,,,,0.0,0.0,0.0,0.0,0.0,6,89.99999237060547,0.0,,,,,,,,,,,,,,,,,,,,,
70.894964,ATT,3,,0.07,0.08,89.96,0.0,0.0,0.07,,0.08,,,,89.89,,,,,,,,,,,,,,,,,,,,,,
70.894964,XKF1,,,,,,,,,,,,,,,,0.032221022843409705,0.0212579183280468,,,0.03099169428889005,,,,,,0.024213533848524094,-0.030991570115284243,,,,,,-0.020512711256742477,,-0.020512711256742477,-0.023231741040945053
70.894964,POS,,,,,,,,,,,,,,,,0.0208929743212945,0.017680354891629176,,,,,37.4275001,-122.1696998,,,0.011132000130089637,,,,28.124942779541016,,,,,,
70.917455,GUIA,,0.0,,,,,,0.0,0.0,0.0,0.0,0.0,6,89.99999237060547,0.0,,,,,,,,,,,,,,,,,,,,,
70.917455,GUIA,,0.0,,,,,,0.0,0.0,0.0,0.0,0.0,6,89.99999237060547,0.0,,,,,,,,,,,,,,,,,,,,,
70.964936,GUIA,,0.0,,,,,,0.0,0.0,0.0,0.0,0.0,6,89.99999237060547,0.0,,,,,,,,,,,,,,,,,,,,,
70.982429,GUIA,,0.0,,,,,,0.0,0.0,0.0,0.0,0.0,6,89.99999237060547,0.0,,,,,,,,,,,,,,,,,,,,,
70.994924,ATT,3,,0.04,0.04,89.98,0.0,0.0,0.03,,0.03,,,,89.9,,,,,,,,,,,,,,,,,,,,,,
70.994924,XKF1,,,,,,,,,,,,,,,,0.032910667082718684,0.021650411188602448,,,0.02714802118311547,,,,,,0.02478652261197567,-0.027147392922071283,,,,,,-0.017998119816184044,,-0.017998119816184044,-0.02032443694770336
70.994924,POS,,,,,,,,,,,,,,,,0.0208929743212945,0.017680354891629176,,,,,37.4275001,-122.1696998,,,0.011132000130089637,,,,28.264144897460938,,,,,,
71.034908,GUIA,,0.0,,,,,,0.0,0.0,0.0,0.0,0.0,6,89.99999237060547,0.0,,,,,,,,,,,,,,,,,,,,,
71.08738699999999,GUIA,,0.0,,,,,,0.0,0.0,0.0,0.0,0.0,6,89.99999237060547,0.0,,,,,,,,,,,,,,,,,,,,,
71.094884,ATT,3,,0.02,0.02,89.99,0.0,0.0,0.01,,0.01,,,,89.92,,,,,,,,,,,,,,,,,,,,,,
71.094884,XKF1,,,,,,,,,,,,,,,,0.03317675185694147,0.021810257807374,,,0.023222638903823384,,,,,,0.02500019036233425,-0.02322183101880323,,,,,,-0.015411900356411936,,-0.015411900356411934,-0.017371363937854767
71.094884,POS,,,,,,,,,,,,,,,,0.0208929743212945,0.017680354891629176,,,,,37.4275001,-122.1696998,,,0.011132000130089637,,,,28.394826889038086,,,,,,
71.109878,GUIA,,0.0,,,,,,0.0,0.0,0.0,0.0,0.0,6,89.99999237060547,0.0,,,,,,,,,,,,,,,,,,,,,
71.117375,GUIA,,0.0,,,,,,0.0,0.0,0.0,0.0,0.0,6,89.99999237060547,0.0,,,,,,,,,,,,,,,,,,,,,
71.172353,GUIA,,0.0,,,,,,0.0,0.0,0.0,0.0,0.0,6,89.99999237060547,0.0,,,,,,,,,,,,,,,,,,,,,
71.194844,ATT,3,,0.01,0.01,89.99,0.0,0.0,0.0,,0.0,,,,89.93,,,,,,,,,,,,,,,,,,,,,,
71.194844,XKF1,,,,,,,,,,,,,,,,0.03478210213103317,0.02300187014043331,,,0.018486831740373535,,,,,,0.026090392842888832,-0.018486831105146696,,,,,,-0.012221953831613064,,-0.012221953831613064,-0.013870356604456902
71.194844,POS,,,,,,,,,,,,,,,,0.0208929743212945,0.017680354891629176,,,,,37.4275001,-122.1696998,,,0.011132000130089637,,,,28.51567268371582,,,,,,
71.197343,GUIA,,0.0,,,,,,0.0,0.0,0.0,0.0,0.0,6,89.99999237060547,0.0,,,,,,,,,,,,,,,,,,,,,
71.197343,GUIA,,0.0,,,,,,0.0,0.0,0.0,0.0,0.0,6,89.99999237060547,0.0,,,,,,,,,,,,,,,,,,,,,
71.259818,GUIA,,0.0,,,,,,0.0,0.0,0.0,0.0,0.0,6,89.99999237060547,0.0,,,,,,,,,,,,,,,,,,,,,
71.259818,GUIA,,0.0,,,,,,0.0,0.0,0.0,0.0,0.0,6,89.99999237060547,0.0,,,,,,,,,,,,,,,,,,,,,
71.294804,ATT,3,,0.0,0.0,89.99,0.0,0.0,0.01,,0.0,,,,89.95,,,,,,,,,,,,,,,,,,,,,,
71.294804,XKF1,,,,,,,,,,,,,,,,0.035976950964577474,0.023916127160191536,,,0.014385949641443158,,,,,,0.026876753196120262,-0.014385947407231528,,,,,,-0.009569227695465088,,-0.009569227695465088,-0.010741760954260826
71.294804,POS,,,,,,,,,,,,,,,,0.0208929743212945,0.017680354891629176,,,,,37.4275001,-122.1696998,,,0.011132000130089637,,,,28.6261043548584,,,,,,
71.299802,GUIA,,0.0,,,,,,0.0,0.0,0.0,0.0,0.0,6,89.99999237060547,0.0,,,,,,,,,,,,,,,,,,,,,
71.332289,GUIA,,0.0,,,,,,0.0,0.0,0.0,0.0,0.0,6,89.99999237060547,0.0,,,,,,,,,,,,,,,,,,,,,
71.339786,GUIA,,0.0,,,,,,0.0,0.0,0.0,0.0,0.0,6,89.99999237060547,0.0,,,,,,,,,,,,,,,,,,,,,
71.394764,ATT,3,,0.0,0.0,89.99,0.0,0.0,0.0,,-0.01,,,,89.98,,,,,,,,,,,,,,,,,,,,,,
71.394764,XKF1,,,,,,,,,,,,,,,,0.03839994786792786,0.025730084627866745,,,0.009867022048435857,,,,,,0.028504714369773865,-0.009867020520036992,,,,,,-0.006615525111556054,,-0.006615525111556053,-0.007320720702409744
71.394764,POS,,,,,,,,,,,,,,,,0.0208929743212945,0.017680354891629176,,,,,37.4275001,-122.1696998,,,0.011132000130089637,,,,28.72527313232422,,,,,,
71.402261,GUIA,,0.0,,,,,,0.0,0.0,0.0,0.0,0.0,6,89.99999237060547,0.0,,,,,,,,,,,,,,,,,,,,,
71.402261,GUIA,,0.0,,,,,,0.0,0.0,0.0,0.0,0.0,6,89.99999237060547,0.0,,,,,,,,,,,,,,,,,,,,,
71.444744,GUIA,,0.0,,,,,,0.0,0.0,0.0,0.0,0.0,6,89.99999237060547,0.0,,,,,,,,,,,,,,,,,,,,,
71.472233,GUIA,,0.0,,,,,,0.0,0.0,0.0,0.0,0.0,6,89.99999237060547,0.0,,,,,,,,,,,,,,,,,,,,,
71.477231,GUIA,,0.0,,,,,,0.0,0.0,0.0,0.0,0.0,6,89.99999237060547,0.0,,,,,,,,,,,,,,,,,,,,,
71.494724,ATT,3,,0.0,0.0,89.99,0.0,0.0,0.0,,-0.01,,,,90.0,,,,,,,,,,,,,,,,,,,,,,
71.494724,XKF1,,,,,,,,,,,,,,,,0.04036609519219226,0.02720186486840248,,,0.005930547214830017,,,,,,0.02982415445148945,-0.005928658201432262,,,,,,-0.00410578353330493,,-0.00410578353330493,-0.00427947798743844
71.494724,POS,,,,,,,,,,,,,,,,0.028762129539978896,0.026520532965576143,,,,,37.4275001,-122.1696997,,,0.011132000130089637,,,,28.81473731994629,,,,,,
71.534708,GUIA,,0.0,,,,,,0.0,0.0,0.0,0.0,0.0,6,89.99999237060547,0.0,,,,,,,,,,,,,,,,,,,,,
71.552201,GUIA,,0.0,,,,,,0.0,0.0,0.0,0.0,0.0,6,89.99999237060547,0.0,,,,,,,,,,,,,,,,,,,,,
71.589686,GUIA,,0.0,,,,,,0.0,0.0,0.0,0.0,0.0,6,89.99999237060547,0.0,,,,,,,,,,,,,,,,,,,,,
71.594684,ATT,3,,0.0,0.0,89.99,0.0,0.0,0.0,,-0.02,,,,90.01,,,,,,,,,,,,,,,,,,,,,,
71.594684,XKF1,,,,,,,,,,,,,,,,0.04344529129734567,0.02945670112967491,,,0.0014831629611219814,,,,,,0.03193424642086029,-0.001452185554273055,,,,,,-0.001206257613375783,,-0.001206257613375783,-0.0008629686781205237
71.594684,POS,,,,,,,,,,,,,,,,0.028762129539978896,0.026520532965576143,,,,,37.4275001,-122.1696997,,,0.011132000130089637,,,,28.892793655395508,,,,,,
71.64216499999999,GUIA,,0.0,,,,,,0.0,0.0,0.0,0.0,0.0,6,89.99999237060547,0.0,,,,,,,,,,,,,,,,,,,,,
71.64216499999999,GUIA,,0.0,,,,,,0.0,0.0,0.0,0.0,0.0,6,89.99999237060547,0.0,,,,,,,,,,,,,,,,,,,,,
71.674652,GUIA,,0.0,,,,,,0.0,0.0,0.0,0.0,0.0,6,89.99999237060547,0.0,,,,,,,,,,,,,,,,,,,,,
71.694644,ATT,3,,0.0,0.0,89.99,0.0,0.0,0.0,,-0.01,,,,90.03,,,,,,,,,,,,,,,,,,,,,,
71.694644,XKF1,,,,,,,,,,,,,,,,0.0460884547481377,0.031373169273138046,,,0.0024448246019928817,,,,,,0.03376195952296257,0.002398215924812871,,,,,,0.0012844660086557271,,0.001284466008655727,0.0020802197977900505
71.694644,POS,,,,,,,,,,,,,,,,0.03462693086519345,0.026520532965576143,,,,,37.4275002,-122.1696997,,,0.0222639994692031,,,,28.961061477661133,,,,,,
71.717135,GUIA,,0.0,,,,,,0.0,0.0,0.0,0.0,0.0,6,89.99999237060547,0.0,,,,,,,,,,,,,,,,,,,,,
71.717135,GUIA,,0.0,,,,,,0.0,0.0,0.0,0.0,0.0,6,89.99999237060547,0.0,,,,,,,,,,,,,,,,,,,,,
71.762117,GUIA,,0.0,,,,,,0.0,0.0,0.0,0.0,0.0,6,89.99999237060547,0.0,,,,,,,,,,,,,,,,,,,,,
71.79460399999999,GUIA,,0.0,,,,,,0.0,0.0,0.0,0.0,0.0,6,89.99999237060547,0.0,,,,,,,,,,,,,,,,,,,,,
71.79460399999999,GUIA,,0.0,,,,,,0.0,0.0,0.0,0.0,0.0,6,89.99999237060547,0.0,,,,,,,,,,,,,,,,,,,,,
71.79460399999999,ATT,3,,0.0,0.0,89.99,0.0,0.0,0.0,,-0.02,,,,90.04,,,,,,,,,,,,,,,,,,,,,,
71.79460399999999,XKF1,,,,,,,,,,,,,,,,0.04973876299556002,0.033976927399635315,,,0.006573513055026033,,,,,,0.03632510080933571,0.006545081463548972,,,,,,0.004024973139166832,,0.004024973139166832,0.0051971785724163055
71.79460399999999,POS,,,,,,,,,,,,,,,,0.03462693086519345,0.026520532965576143,,,,,37.4275002,-122.1696997,,,0.0222639994692031,,,,29.017953872680664,,,,,,
71.857079,GUIA,,0.0,,,,,,0.0,0.0,0.0,0.0,0.0,6,89.99999237060547,0.0,,,,,,,,,,,,,,,,,,,,,
71.857079,GUIA,,0.0,,,,,,0.0,0.0,0.0,0.0,0.0,6,89.99999237060547,0.0,,,,,,,,,,,,,,,,,,,,,
71.892065,GUIA,,0.0,,,,,,0.0,0.0,0.0,0.0,0.0,6,89.99999237060547,0.0,,,,,,,,,,,,,,,,,,,,,
71.894564,ATT,3,,0.0,0.0,89.99,0.0,0.0,0.0,,-0.01,,,,90.05,,,,,,,,,,,,,,,,,,,,,,
71.894564,XKF1,,,,,,,,,,,,,,,,0.05302132756547853,0.03628386929631233,,,0.01000805137051903,,,,,,0.0386618934571743,0.009967342766331828,,,,,,0.006163369398564101,,0.0061633693985641,0.007885047234594822
71.894564,POS,,,,,,,,,,,,,,,,0.04178594822114844,0.03536070978325835,,,,,37.4275002,-122.1696996,,,0.0222639994692031,,,,29.065134048461914,,,,,,
71.942045,GUIA,,0.0,,,,,,0.0,0.0,0.0,0.0,0.0,6,89.99999237060547,0.0,,,,,,,,,,,,,,,,,,,,,
71.947043,GUIA,,0.0,,,,,,0.0,0.0,0.0,0.0,0.0,6,89.99999237060547,0.0,,,,,,,,,,,,,,,,,,,,,
71.962037,GUIA,,0.0,,,,,,0.0,0.0,0.0,0.0,0.0,6,89.99999237060547,0.0,,,,,,,,,,,,,,,,,,,,,
71.994524,ATT,3,,0.0,0.0,89.99,0.0,0.0,0.0,,0.0,,,,90.05,,,,,,,,,,,,,,,,,,,,,,
71.994524,XKF1,,,,,,,,,,,,,,,,0.05753987125630656,0.039382364600896835,,,0.013803304334001266,,,,,,0.041950758546590805,0.013760142741389824,,,,,,0.008622719906270504,,0.008622719906270504,0.010778678581118584
71.994524,POS,,,,,,,,,,,,,,,,0.04178594822114844,0.03536070978325835,,,,,37.4275002,-122.1696996,,,0.0222639994692031,,,,29.101062774658203,,,,,,
72.014516,GUIA,,0.0,,,,,,0.0,0.0,0.0,0.0,0.0,6,89.99999237060547,0.0,,,,,,,,,,,,,,,,,,,,,
72.024512,GUIA,,0.0,,,,,,0.0,0.0,0.0,0.0,0.0,6,89.99999237060547,0.0,,,,,,,,,,,,,,,,,,,,,
72.081989,GUIA,,0.0,,,,,,0.0,0.0,0.0,0.0,0.0,6,89.99999237060547,0.0,,,,,,,,,,,,,,,,,,,,,
72.081989,GUIA,,0.0,,,,,,0.0,0.0,0.0,0.0,0.0,6,89.99999237060547,0.0,,,,,,,,,,,,,,,,,,,,,
72.081989,GUIA,,0.0,,,,,,0.0,0.0,0.0,0.0,0.0,6,89.99999237060547,0.0,,,,,,,,,,,,,,,,,,,,,
72.094484,ATT,3,,0.0,0.0,89.99,0.0,0.0,0.0,,0.0,,,,90.05,,,,,,,,,,,,,,,,,,,,,,
72.094484,XKF1,,,,,,,,,,,,,,,,0.061609422976731956,0.04217888414859772,,,0.017049448307997525,,,,,,0.04490726813673973,0.017014752740056982,,,,,,0.010856175795197487,,0.010856175795197487,0.013146373443305492
72.094484,POS,,,,,,,,,,,,,,,,0.048638180327925336,0.03536070978325835,,,,,37.4275003,-122.1696996,,,0.033395999599292736,,,,29.1273193359375,,,,,,
72.121973,GUIA,,0.0,,,,,,0.0,0.0,0.0,0.0,0.0,6,89.99999237060547,0.0,,,,,,,,,,,,,,,,,,,,,
72.184448,GUIA,,0.0,,,,,,0.0,0.0,0.0,0.0,0.0,6,89.99999237060547,0.0,,,,,,,,,,,,,,,,,,,,,
72.194444,ATT,3,,0.0,0.0,89.99,0.0,0.0,-0.01,,0.0,,,,90.05,,,,,,,,,,,,,,,,,,,,,,
72.194444,XKF1,,,,,,,,,,,,,,,,0.0667865994411846,0.04585525393486023,,,0.020583510511536996,,,,,,0.0485566221177578,0.020558810685766468,,,,,,0.013382638804614546,,0.013382638804614544,0.01563924178481102
72.194444,POS,,,,,,,,,,,,,,,,0.05539865771479667,0.044200887857205315,,,,,37.4275003,-122.1696995,,,0.033395999599292736,,,,29.142398834228516,,,,,,
72.199442,GUIA,,0.0,,,,,,0.0,0.0,0.0,0.0,0.0,6,89.99999237060547,0.0,,,,,,,,,,,,,,,,,,,,,
72.20443999999999,GUIA,,0.0,,,,,,0.0,0.0,0.0,0.0,0.0,6,89.99999237060547,0.0,,,,,,,,,,,,,,,,,,,,,
72.266915,GUIA,,0.0,,,,,,0.0,0.0,0.0,0.0,0.0,6,89.99999237060547,0.0,,,,,,,,,,,,,,,,,,,,,
72.27941,GUIA,,0.0,,,,,,0.0,0.0,0.0,0.0,0.0,6,89.99999237060547,0.0,,,,,,,,,,,,,,,,,,,,,
72.294404,GUIA,,0.0,,,,,,0.0,0.0,0.0,0.0,0.0,6,89.99999237060547,0.0,,,,,,,,,,,,,,,,,,,,,
72.294404,ATT,3,,0.0,0.0,89.99,0.0,0.0,-0.01,,0.0,,,,90.04,,,,,,,,,,,,,,,,,,,,,,
72.294404,XKF1,,,,,,,,,,,,,,,,0.07122793444755737,0.04899175837635994,,,0.023368098882106152,,,,,,0.05170325189828873,0.023351211486321403,,,,,,0.015416593290865423,,0.015416593290865421,0.017561227083206177
72.294404,POS,,,,,,,,,,,,,,,,0.05539865771479667,0.044200887857205315,,,,,37.4275003,-122.1696995,,,0.033395999599292736,,,,29.14923858642578,,,,,,
72.34688299999999,GUIA,,0.0,,,,,,0.0,0.0,0.0,0.0,0.0,6,89.99999237060547,0.0,,,,,,,,,,,,,,,,,,,,,
72.34688299999999,GUIA,,0.0,,,,,,0.0,0.0,0.0,0.0,0.0,6,89.99999237060547,0.0,,,,,,,,,,,,,,,,,,,,,
72.394364,ATT,3,,0.0,0.0,89.99,0.0,0.0,-0.01,,0.0,,,,90.04,,,,,,,,,,,,,,,,,,,,,,
72.394364,XKF1,,,,,,,,,,,,,,,,0.0770563074281498,0.053000062704086304,,,0.026679719697683,,,,,,0.055934496223926544,0.026670615806709274,,,,,,0.01783841662108898,,0.01783841662108898,0.019839312881231308
72.394364,POS,,,,,,,,,,,,,,,,0.06274122446418397,0.044200887857205315,,,,,37.4275004,-122.1696995,,,0.04452799972938237,,,,29.148828506469727,,,,,,
72.411857,GUIA,,0.0,,,,,,0.0,0.0,0.0,0.0,0.0,6,89.99999237060547,0.0,,,,,,,,,,,,,,,,,,,,,
72.411857,GUIA,,0.0,,,,,,0.0,0.0,0.0,0.0,0.0,6,89.99999237060547,0.0,,,,,,,,,,,,,,,,,,,,,
72.45434,GUIA,,0.0,,,,,,0.0,0.0,0.0,0.0,0.0,6,89.99999237060547,0.0,,,,,,,,,,,,,,,,,,,,,
72.47933,GUIA,,0.0,,,,,,0.0,0.0,0.0,0.0,0.0,6,89.99999237060547,0.0,,,,,,,,,,,,,,,,,,,,,
72.48682699999999,GUIA,,0.0,,,,,,0.0,0.0,0.0,0.0,0.0,6,89.99999237060547,0.0,,,,,,,,,,,,,,,,,,,,,
72.49432399999999,ATT,3,,0.0,0.0,89.99,0.0,0.0,-0.01,,0.0,,,,90.02,,,,,,,,,,,,,,,,,,,,,,
72.49432399999999,XKF1,,,,,,,,,,,,,,,,0.08211916510503169,0.05648862570524216,,,0.029304125294514267,,,,,,0.059603627771139145,0.0292989078392622,,,,,,0.01975296437740326,,0.01975296437740326,0.02164606563746929
72.49432399999999,POS,,,,,,,,,,,,,,,,0.06925386127679437,0.05304106467488753,,,,,37.4275004,-122.1696994,,,0.04452799972938237,,,,29.1449031829834,,,,,,
72.546803,GUIA,,0.0,,,,,,0.0,0.0,0.0,0.0,0.0,6,89.99999237060547,0.0,,,,,,,,,,,,,,,,,,,,,
72.546803,GUIA,,0.0,,,,,,0.0,0.0,0.0,0.0,0.0,6,89.99999237060547,0.0,,,,,,,,,,,,,,,,,,,,,
72.594284,ATT,3,,0.0,0.0,89.99,0.0,0.0,-0.01,,0.0,,,,90.01,,,,,,,,,,,,,,,,,,,,,,
72.594284,XKF1,,,,,,,,,,,,,,,,0.08837182281613401,0.06091443449258804,,,0.032439487547280516,,,,,,0.06402351707220078,0.03243688865742509,,,,,,0.022061167284846306,,0.022061167284846306,0.023782877251505852
72.594284,POS,,,,,,,,,,,,,,,,0.06925386127679437,0.05304106467488753,,,,,37.4275004,-122.1696994,,,0.04452799972938237,,,,29.137413024902344,,,,,,
72.599282,GUIA,,0.0,,,,,,0.0,0.0,0.0,0.0,0.0,6,89.99999237060547,0.0,,,,,,,,,,,,,,,,,,,,,
72.611777,GUIA,,0.0,,,,,,0.0,0.0,0.0,0.0,0.0,6,89.99999237060547,0.0,,,,,,,,,,,,,,,,,,,,,
72.63676699999999,GUIA,,0.0,,,,,,0.0,0.0,0.0,0.0,0.0,6,89.99999237060547,0.0,,,,,,,,,,,,,,,,,,,,,
72.67925,GUIA,,0.0,,,,,,0.0,0.0,0.0,0.0,0.0,6,89.99999237060547,0.0,,,,,,,,,,,,,,,,,,,,,
72.67925,GUIA,,0.0,,,,,,0.0,0.0,0.0,0.0,0.0,6,89.99999237060547,0.0,,,,,,,,,,,,,,,,,,,,,
72.694244,ATT,3,,0.0,0.0,89.99,0.0,0.0,-0.01,,0.0,,,,90.0,,,,,,,,,,,,,,,,,,,,,,
72.694244,XKF1,,,,,,,,,,,,,,,,0.09388968999044953,0.06481476873159409,,,0.03489455291042709,,,,,,0.06792878359556198,0.034893377282135665,,,,,,0.023880673572421074,,0.023880673572421074,0.02544294111430645
72.694244,POS,,,,,,,,,,,,,,,,0.08323054507221588,0.06188124149256973,,,,,37.4275005,-122.1696993,,,0.05565999985947201,,,,29.1295223236084,,,,,,
72.716735,GUIA,,0.0,,,,,,0.0,0.0,0.0,0.0,0.0,6,89.99999237060547,0.0,,,,,,,,,,,,,,,,,,,,,
72.761717,GUIA,,0.0,,,,,,0.0,0.0,0.0,0.0,0.0,6,89.99999237060547,0.0,,,,,,,,,,,,,,,,,,,,,
72.78170899999999,GUIA,,0.0,,,,,,0.0,0.0,0.0,0.0,0.0,6,89.99999237060547,0.0,,,,,,,,,,,,,,,,,,,,,
72.78170899999999,GUIA,,0.0,,,,,,-0.0006103515625,0.0,7.226878600760656e-13,0.0,0.0,6,89.99999237060547,0.0,,,,,,,,,,,,,,,,,,,,,
72.794204,ATT,3,,0.0,0.0,89.99,0.0,0.0,0.0,,0.0,,,,89.99,,,,,,,,,,,,,,,,,,,,,,
72.794204,XKF1,,,,,,,,,,,,,,,,0.10075790567196259,0.06966760009527206,,,0.03800972178221193,,,,,,0.07279135286808014,0.038008251820986605,,,,,,0.02603876031935215,,0.02603876031935215,0.027689743787050247
72.794204,POS,,,,,,,,,,,,,,,,0.08323054507221588,0.06188124149256973,,,,,37.4275005,-122.1696993,,,0.05565999985947201,,,,29.120105743408203,,,,,,
72.834188,GUIA,,0.0,,,,,,-1.0794830322265625,0.0,1.4010241855544336e-08,0.0,0.0,6,90.0,0.0,,,,,,,,,,,,,,,,,,,,,
72.866675,GUIA,,0.0,,,,,,-2.129516839981079,0.0,-3.065799347723441e-08,0.0,0.0,6,90.0,0.0,,,,,,,,,,,,,,,,,,,,,
72.894997,ATT,3,,-0.49,0.0,89.99,0.0,0.0,-0.35,,0.0,,,,89.98,,,,,,,,,,,,,,,,,,,,,,
72.894997,XKF1,,,,,,,,,,,,,,,,0.10688919262919674,0.07399309426546097,,,0.041348017702093724,,,,,,0.07713832706212997,0.0413445097828918,,,,,,0.02900905162096024,,0.029009051620960236,0.029464105144143105
72.894997,POS,,,,,,,,,,,,,,,,0.08999752646522967,0.0707214195665167,,,,,37.4275005,-122.1696992,,,0.05565999985947201,,,,29.11202049255371,,,,,,
72.934981,GUIA,,0.0,,,,,,-5.173415660858154,0.0,4.2849919168475026e-08,0.0,0.0,6,89.99999237060547,0.0,,,,,,,,,,,,,,,,,,,,,
72.982462,GUIA,,0.0,,,,,,-6.277770519256592,0.0,1.2191144982409696e-08,0.0,0.0,6,90.0,0.0,,,,,,,,,,,,,,,,,,,,,
72.982462,GUIA,,0.0,,,,,,-7.3349761962890625,0.0,1.335008619207656e-07,0.0,0.0,6,90.0,0.0,,,,,,,,,,,,,,,,,,,,,
72.994957,ATT,3,,-2.24,0.0,89.99,0.0,0.0,-1.9,,0.0,,,,89.97,,,,,,,,,,,,,,,,,,,,,,
72.994957,XKF1,,,,,,,,,,,,,,,,0.11499543202060779,0.0800468847155571,,,0.05776317211328782,,,,,,0.08256176859140396,0.05639584546673931,,,,,,0.048226386308670044,,0.048226386308670044,0.031793076545000076
72.994957,POS,,,,,,,,,,,,,,,,0.10388079168839529,0.07956159638419891,,,,,37.4275006,-122.1696991,,,0.06679199998956165,,,,29.10341453552246,,,,,,
73.009951,GUIA,,0.0,,,,,,-8.3782958984375,0.0,-1.580877153628535e-07,0.0,0.0,6,89.99999237060547,0.0,,,,,,,,,,,,,,,,,,,,,
73.047436,GUIA,,0.0,,,,,,-9.4366455078125,0.0,-1.7131849006091215e-07,0.0,0.0,6,90.0,0.0,,,,,,,,,,,,,,,,,,,,,
73.047436,GUIA,,0.0,,,,,,-10.493392944335938,0.0,-1.061532870494375e-07,0.0,0.0,6,89.99999237060547,0.0,,,,,,,,,,,,,,,,,,,,,
73.094917,ATT,3,,-5.67,0.0,89.99,0.0,0.0,-5.34,,0.0,,,,89.95,,,,,,,,,,,,,,,,,,,,,,
73.094917,XKF1,,,,,,,,,,,,,,,,0.1252634973762013,0.08949693292379379,,,0.1162519538964988,,,,,,0.08764269948005676,0.10302706280557107,,,,,,0.11128750443458557,,0.11128750443458557,0.03360964357852936
73.094917,POS,,,,,,,,,,,,,,,,0.11079731490408283,0.08840177445814587,,,,,37.4275006,-122.169699,,,0.06679199998956165,,,,29.09664535522461,,,,,,
73.11241,GUIA,,0.0,,,,,,-11.545105934143066,0.0,3.9577572330529165e-09,0.0,0.0,6,90.0,0.0,,,,,,,,,,,,,,,,,,,,,
73.11241,GUIA,,0.0,,,,,,-12.840728759765625,0.0,1.516561951575568e-07,0.0,0.0,6,90.0,0.0,,,,,,,,,,,,,,,,,,,,,
73.114909,GUIA,,0.0,,,,,,-13.910903930664062,0.0,1.5473241887775657e-07,0.0,0.0,6,90.0,0.0,,,,,,,,,,,,,,,,,,,,,
73.182382,GUIA,,0.0,,,,,,-14.986116409301758,0.0,-4.2063075511578063e-07,0.0,0.0,6,90.0,0.0,,,,,,,,,,,,,,,,,,,,,
73.19487699999999,ATT,3,,-9.41,0.0,89.99,0.0,0.01,-9.18,,0.0,,,,89.94,,,,,,,,,,,,,,,,,,,,,,
73.19487699999999,XKF1,,,,,,,,,,,,,,,,0.14423561771463086,0.10974437743425369,,,0.2409037024842696,,,,,,0.09359532594680786,0.20445314493695552,,,,,,0.2382396012544632,,0.2382396012544632,0.03572794795036316
73.19487699999999,POS,,,,,,,,,,,,,,,,0.13162662229007982,0.1060821280935103,,,,,37.4275007,-122.1696988,,,0.07792400011965128,,,,29.089984893798828,,,,,,
73.217368,GUIA,,0.0,,,,,,-16.06475830078125,0.0,-3.0970021214216104e-08,0.0,0.0,6,90.0,0.0,,,,,,,,,,,,,,,,,,,,,
73.217368,GUIA,,0.0,,,,,,-17.140045166015625,0.0,2.0195547278945014e-07,0.0,0.0,6,90.0,0.0,,,,,,,,,,,,,,,,,,,,,
73.274845,GUIA,,0.0,,,,,,-18.192750930786133,0.0,-3.5955693533651356e-07,0.0,0.0,6,89.99999237060547,0.0,,,,,,,,,,,,,,,,,,,,,
73.282342,GUIA,,0.0,,,,,,-19.2462158203125,0.0,-3.8185905282261956e-07,0.0,0.0,6,89.99999237060547,0.0,,,,,,,,,,,,,,,,,,,,,
73.284841,GUIA,,0.0,,,,,,-20.0,0.0,2.90813716219418e-07,0.0,0.0,6,89.99999237060547,0.0,,,,,,,,,,,,,,,,,,,,,
73.294837,ATT,3,,-13.14,0.0,90.0,0.01,0.02,-12.99,,0.01,,,,89.91,,,,,,,,,,,,,,,,,,,,,,
73.294837,XKF1,,,,,,,,,,,,,,,,0.1757395984626106,0.14509601891040802,,,0.4304278370220396,,,,,,0.09915418177843094,0.37519724094784,,,,,,0.42878830432891846,,0.42878830432891846,0.03753282502293587
73.294837,POS,,,,,,,,,,,,,,,,0.1614875418763976,0.14144283787676865,,,,,37.4275007,-122.1696984,,,0.07792400011965128,,,,29.085124969482422,,,,,,
73.317328,GUIA,,0.0,,,,,,-20.0,0.0,2.90813716219418e-07,0.0,0.0,6,89.99999237060547,0.0,,,,,,,,,,,,,,,,,,,,,
73.382302,GUIA,,0.0,,,,,,-20.0,0.0,2.90813716219418e-07,0.0,0.0,6,89.99999237060547,0.0,,,,,,,,,,,,,,,,,,,,,
73.382302,GUIA,,0.0,,,,,,-20.0,0.0,2.90813716219418e-07,0.0,0.0,6,89.99999237060547,0.0,,,,,,,,,,,,,,,,,,,,,
73.394797,ATT,3,,-16.49,0.0,90.0,0.01,0.03,-16.65,,0.02,,,,89.84,,,,,,,,,,,,,,,,,,,,,,
73.394797,XKF1,,,,,,,,,,,,,,,,0.22938204015746289,0.20361383259296417,,,0.6853589481991514,,,,,,0.10562919825315475,0.6257692706999417,,,,,,0.6841879487037659,,0.6841879487037659,0.040046706795692444
73.394797,POS,,,,,,,,,,,,,,,,0.22197218810244793,0.20332407936933838,,,,,37.4275008,-122.1696977,,,0.08905599945876475,,,,29.080257415771484,,,,,,
73.422286,GUIA,,0.0,,,,,,-20.0,0.0,2.90813716219418e-07,0.0,0.0,6,89.99999237060547,0.0,,,,,,,,,,,,,,,,,,,,,
73.454773,GUIA,,0.0,,,,,,-20.0,0.0,2.90813716219418e-07,0.0,0.0,6,89.99999237060547,0.0,,,,,,,,,,,,,,,,,,,,,
73.459771,GUIA,,0.0,,,,,,-20.0,0.0,2.90813716219418e-07,0.0,0.0,6,89.99999237060547,0.0,,,,,,,,,,,,,,,,,,,,,
73.49475699999999,ATT,3,,-18.21,0.0,90.0,0.02,0.03,-18.57,,0.04,,,,89.76,,,,,,,,,,,,,,,,,,,,,,
73.49475699999999,XKF1,,,,,,,,,,,,,,,,0.3100129381403166,0.289154052734375,,,0.9824227272882229,,,,,,0.11179425567388535,0.9308345395806759,,,,,,0.9814969301223755,,0.9814969301223755,0.04264025390148163
73.49475699999999,POS,,,,,,,,,,,,,,,,0.3001032169240305,0.2828856757535373,,,,,37.4275009,-122.1696968,,,0.10018799958885438,,,,29.0771484375,,,,,,
73.527244,GUIA,,0.0,,,,,,-20.0,0.0,2.90813716219418e-07,0.0,0.0,6,89.99999237060547,0.0,,,,,,,,,,,,,,,,,,,,,
73.527244,GUIA,,0.0,,,,,,-20.0,0.0,2.90813716219418e-07,0.0,0.0,6,89.99999237060547,0.0,,,,,,,,,,,,,,,,,,,,,
73.559731,GUIA,,0.0,,,,,,-20.0,0.0,2.90813716219418e-07,0.0,0.0,6,89.99999237060547,0.0,,,,,,,,,,,,,,,,,,,,,
73.594717,ATT,3,,-19.08,0.0,90.0,0.02,0.03,-19.45,,0.06,,,,89.6,,,,,,,,,,,,,,,,,,,,,,
73.594717,XKF1,,,,,,,,,,,,,,,,0.42236350112353227,0.4052301049232483,,,1.2949696223744183,,,,,,0.1190776601433754,1.2549034192514459,,,,,,1.2941116094589233,,1.2941116094589233,0.04713242128491402
73.594717,POS,,,,,,,,,,,,,,,,0.4102302094460698,0.3978079806647298,,,,,37.4275009,-122.1696955,,,0.10018799958885438,,,,29.07438087463379,,,,,,
73.602214,GUIA,,0.0,,,,,,-20.0,0.0,2.90813716219418e-07,0.0,0.0,6,89.99999237060547,0.0,,,,,,,,,,,,,,,,,,,,,
73.602214,GUIA,,0.0,,,,,,-20.0,0.0,2.90813716219418e-07,0.0,0.0,6,89.99999237060547,0.0,,,,,,,,,,,,,,,,,,,,,
73.667188,GUIA,,0.0,,,,,,-20.0,0.0,2.90813716219418e-07,0.0,0.0,6,89.99999237060547,0.0,,,,,,,,,,,,,,,,,,,,,
73.667188,GUIA,,0.0,,,,,,-20.0,0.0,2.90813716219418e-07,0.0,0.0,6,89.99999237060547,0.0,,,,,,,,,,,,,,,,,,,,,
73.694677,ATT,3,,-19.53,0.0,90.0,0.02,0.03,-19.82,,0.08,,,,89.5,,,,,,,,,,,,,,,,,,,,,,
73.694677,XKF1,,,,,,,,,,,,,,,,0.5660634433595426,0.5517842173576355,,,1.6074267094936592,,,,,,0.1263408064842224,1.5776482860987173,,,,,,1.6065881252288818,,1.6065881252288818,0.05191553011536598
73.694677,POS,,,,,,,,,,,,,,,,0.5592815762487112,0.5480909953591806,,,,,37.427501,-122.1696938,,,0.11131999971894402,,,,29.0734920501709,,,,,,
73.697176,GUIA,,0.0,,,,,,-20.0,0.0,2.90813716219418e-07,0.0,0.0,6,89.99999237060547,0.0,,,,,,,,,,,,,,,,,,,,,
73.744657,GUIA,,0.0,,,,,,-20.0,0.0,2.90813716219418e-07,0.0,0.0,6,89.99999237060547,0.0,,,,,,,,,,,,,,,,,,,,,
73.744657,GUIA,,0.0,,,,,,-20.0,0.0,2.90813716219418e-07,0.0,0.0,6,89.99999237060547,0.0,,,,,,,,,,,,,,,,,,,,,
73.794637,ATT,3,,-19.76,0.0,90.0,0.02,0.02,-19.95,,0.09,,,,89.37,,,,,,,,,,,,,,,,,,,,,,
73.794637,XKF1,,,,,,,,,,,,,,,,0.7405243170456034,0.7281235456466675,,,1.9116055547225508,,,,,,0.13495320081710815,1.8894442325948573,,,,,,1.9106961488723755,,1.9106961488723755,0.05895781144499779
73.794637,POS,,,,,,,,,,,,,,,,0.7351643290897986,0.7248945430192076,,,,,37.4275011,-122.1696918,,,0.12245199984903365,,,,29.072725296020508,,,,,,
73.809631,GUIA,,0.0,,,,,,-20.0,0.0,2.90813716219418e-07,0.0,0.0,6,89.99999237060547,0.0,,,,,,,,,,,,,,,,,,,,,
73.809631,GUIA,,0.0,,,,,,-20.0,0.0,2.90813716219418e-07,0.0,0.0,6,89.99999237060547,0.0,,,,,,,,,,,,,,,,,,,,,
73.859611,GUIA,,0.0,,,,,,-20.0,0.0,2.90813716219418e-07,0.0,0.0,6,89.99999237060547,0.0,,,,,,,,,,,,,,,,,,,,,
73.872106,GUIA,,0.0,,,,,,-20.0,0.0,2.90813716219418e-07,0.0,0.0,6,89.99999237060547,0.0,,,,,,,,,,,,,,,,,,,,,
73.894597,ATT,3,,-19.87,0.0,90.0,0.01,0.02,-19.99,,0.11,,,,89.34,,,,,,,,,,,,,,,,,,,,,,
73.894597,XKF1,,,,,,,,,,,,,,,,0.944938746634628,0.9339314699172974,,,2.2051771220221763,,,,,,0.1438097506761551,2.188447291097966,,,,,,2.2042160034179688,,2.2042160034179688,0.06509953737258911
73.894597,POS,,,,,,,,,,,,,,,,0.936260808153231,0.9282186211322813,,,,,37.4275011,-122.1696895,,,0.12245199984903365,,,,29.073484420776367,,,,,,
73.899595,GUIA,,0.0,,,,,,-20.0,0.0,2.90813716219418e-07,0.0,0.0,6,89.99999237060547,0.0,,,,,,,,,,,,,,,,,,,,,
73.939579,GUIA,,0.0,,,,,,-20.0,0.0,2.90813716219418e-07,0.0,0.0,6,89.99999237060547,0.0,,,,,,,,,,,,,,,,,,,,,
73.942078,GUIA,,0.0,,,,,,-20.0,0.0,2.90813716219418e-07,0.0,0.0,6,89.99999237060547,0.0,,,,,,,,,,,,,,,,,,,,,
73.994557,ATT,3,,-19.93,0.0,90.0,0.01,0.02,-20.0,,0.13,,,,89.33,,,,,,,,,,,,,,,,,,,,,,
73.994557,XKF1,,,,,,,,,,,,,,,,1.1777263179367854,1.1676234006881714,,,2.4861902990273395,,,,,,0.1539313942193985,2.4731875704876325,,,,,,2.4851622581481934,,2.4851622581481934,0.07148953527212143
73.994557,POS,,,,,,,,,,,,,,,,1.1745246927948771,1.1669034102848779,,,,,37.4275012,-122.1696868,,,0.1335839999791233,,,,29.073923110961914,,,,,,
74.004553,GUIA,,0.0,,,,,,-20.0,0.0,2.90813716219418e-07,0.0,0.0,6,89.99999237060547,0.0,,,,,,,,,,,,,,,,,,,,,
74.017048,GUIA,,0.0,,,,,,-20.0,0.0,2.90813716219418e-07,0.0,0.0,6,89.99999237060547,0.0,,,,,,,,,,,,,,,,,,,,,
74.06203,GUIA,,0.0,,,,,,-20.0,0.0,2.90813716219418e-07,0.0,0.0,6,89.99999237060547,0.0,,,,,,,,,,,,,,,,,,,,,
74.082022,GUIA,,0.0,,,,,,-20.0,0.0,2.90813716219418e-07,0.0,0.0,6,89.99999237060547,0.0,,,,,,,,,,,,,,,,,,,,,
74.094517,ATT,3,,-19.96,0.0,90.0,0.01,0.01,-19.99,,0.12,,,,89.42,,,,,,,,,,,,,,,,,,,,,,
74.094517,XKF1,,,,,,,,,,,,,,,,1.4381352431693917,1.4287554025650024,,,2.7553903876329837,,,,,,0.16398468613624573,2.7450442846021352,,,,,,2.7543418407440186,,2.7543418407440186,0.07600797712802887
74.094517,POS,,,,,,,,,,,,,,,,1.4306068973878403,1.423268553072839,,,,,37.4275013,-122.1696839,,,0.14471600010921293,,,,29.075407028198242,,,,,,
74.099515,GUIA,,0.0,,,,,,-20.0,0.0,2.90813716219418e-07,0.0,0.0,6,89.99999237060547,0.0,,,,,,,,,,,,,,,,,,,,,
74.154493,GUIA,,0.0,,,,,,-20.0,0.0,2.90813716219418e-07,0.0,0.0,6,89.99999237060547,0.0,,,,,,,,,,,,,,,,,,,,,
74.154493,GUIA,,0.0,,,,,,-20.0,0.0,2.90813716219418e-07,0.0,0.0,6,89.99999237060547,0.0,,,,,,,,,,,,,,,,,,,,,
74.19447699999999,ATT,3,,-19.98,0.0,90.0,0.01,0.01,-19.98,,0.1,,,,89.53,,,,,,,,,,,,,,,,,,,,,,
74.19447699999999,XKF1,,,,,,,,,,,,,,,,1.7246706871462207,1.7158256769180298,,,3.012025806639001,,,,,,0.1744454801082611,3.0035950811487555,,,,,,3.010969638824463,,3.010969638824463,0.07975772023200989
74.19447699999999,POS,,,,,,,,,,,,,,,,1.7220610924161457,1.7149944043877938,,,,,37.4275014,-122.1696806,,,0.1558479994483264,,,,29.07626724243164,,,,,,
74.21197,GUIA,,0.0,,,,,,-20.0,0.0,2.90813716219418e-07,0.0,0.0,6,89.99999237060547,0.0,,,,,,,,,,,,,,,,,,,,,
74.219467,GUIA,,0.0,,,,,,-20.0,0.0,2.90813716219418e-07,0.0,0.0,6,89.99999237060547,0.0,,,,,,,,,,,,,,,,,,,,,
74.249455,GUIA,,0.0,,,,,,-20.0,0.0,2.90813716219418e-07,0.0,0.0,6,89.99999237060547,0.0,,,,,,,,,,,,,,,,,,,,,
74.294437,ATT,3,,-19.99,0.0,90.0,0.01,0.01,-19.97,,0.06,,,,89.69,,,,,,,,,,,,,,,,,,,,,,
74.294437,XKF1,,,,,,,,,,,,,,,,2.0364576459392545,2.02807354927063,,,3.2568881493173496,,,,,,0.18460071086883545,3.2498954161515203,,,,,,3.2558515071868896,,3.2558515071868896,0.08216678351163864
74.294437,POS,,,,,,,,,,,,,,,,2.031275500152666,2.0244006118506426,,,,,37.4275015,-122.1696771,,,0.16697999957841603,,,,29.077911376953125,,,,,,
74.296936,GUIA,,0.0,,,,,,-20.0,0.0,2.90813716219418e-07,0.0,0.0,6,89.99999237060547,0.0,,,,,,,,,,,,,,,,,,,,,
74.309431,GUIA,,0.0,,,,,,-20.0,0.0,2.90813716219418e-07,0.0,0.0,6,89.99999237060547,0.0,,,,,,,,,,,,,,,,,,,,,
74.34191799999999,GUIA,,0.0,,,,,,-20.0,0.0,2.90813716219418e-07,0.0,0.0,6,89.99999237060547,0.0,,,,,,,,,,,,,,,,,,,,,
74.384401,GUIA,,0.0,,,,,,-20.0,0.0,2.90813716219418e-07,0.0,0.0,6,89.99999237060547,0.0,,,,,,,,,,,,,,,,,,,,,
74.3869,GUIA,,0.0,,,,,,-20.0,0.0,2.90813716219418e-07,0.0,0.0,6,89.99999237060547,0.0,,,,,,,,,,,,,,,,,,,,,
74.394397,ATT,3,,-19.99,0.0,90.0,0.01,0.01,-19.97,,0.01,,,,89.86,,,,,,,,,,,,,,,,,,,,,,
74.394397,XKF1,,,,,,,,,,,,,,,,2.3722667223228937,2.364243507385254,,,3.490038599697757,,,,,,0.19494111835956573,3.4841285361665824,,,,,,3.489028215408325,,3.489028215408325,0.08397344499826431
74.394397,POS,,,,,,,,,,,,,,,,2.3670380411870195,2.3603273510228027,,,,,37.4275016,-122.1696733,,,0.17811199970850566,,,,29.078811645507812,,,,,,
74.449375,GUIA,,0.0,,,,,,-20.0,0.0,2.90813716219418e-07,0.0,0.0,6,89.99999237060547,0.0,,,,,,,,,,,,,,,,,,,,,
74.449375,GUIA,,0.0,,,,,,-20.0,0.0,2.90813716219418e-07,0.0,0.0,6,89.99999237060547,0.0,,,,,,,,,,,,,,,,,,,,,
74.494357,ATT,3,,-19.99,0.0,90.0,0.01,0.0,-19.97,,-0.03,,,,90.02,,,,,,,,,,,,,,,,,,,,,,
74.494357,XKF1,,,,,,,,,,,,,,,,2.7309850637678825,2.723299026489258,,,3.712074106457947,,,,,,0.2047482132911682,3.7070235278710344,,,,,,3.7111032009124756,,3.7111032009124756,0.08489525318145752
74.494357,POS,,,,,,,,,,,,,,,,2.7293433153710938,2.722774621904274,,,,,37.4275017,-122.1696692,,,0.1892439998385953,,,,29.080604553222656,,,,,,
74.509351,GUIA,,0.0,,,,,,-20.0,0.0,2.90813716219418e-07,0.0,0.0,6,89.99999237060547,0.0,,,,,,,,,,,,,,,,,,,,,
74.584321,GUIA,,0.0,,,,,,-20.0,0.0,2.90813716219418e-07,0.0,0.0,6,89.99999237060547,0.0,,,,,,,,,,,,,,,,,,,,,
74.594317,GUIA,,0.0,,,,,,-20.0,0.0,2.90813716219418e-07,0.0,0.0,6,89.99999237060547,0.0,,,,,,,,,,,,,,,,,,,,,
74.594317,ATT,3,,-19.99,0.0,90.0,0.02,0.0,-19.96,,-0.07,,,,90.17,,,,,,,,,,,,,,,,,,,,,,
74.594317,XKF1,,,,,,,,,,,,,,,,3.109120917900544,3.101724624633789,,,3.921729360997748,,,,,,0.21432973444461823,3.9173576012604525,,,,,,3.92080020904541,,3.92080020904541,0.08536335080862045
74.594317,POS,,,,,,,,,,,,,,,,3.1005436039017447,3.0940620708596924,,,,,37.4275018,-122.169665,,,0.20037599996868494,,,,29.081287384033203,,,,,,
74.62180599999999,GUIA,,0.0,,,,,,-20.0,0.0,2.90813716219418e-07,0.0,0.0,6,89.99999237060547,0.0,,,,,,,,,,,,,,,,,,,,,
74.66179,GUIA,,0.0,,,,,,-20.0,0.0,2.90813716219418e-07,0.0,0.0,6,89.99999237060547,0.0,,,,,,,,,,,,,,,,,,,,,
74.669287,GUIA,,0.0,,,,,,-20.0,0.0,2.90813716219418e-07,0.0,0.0,6,89.99999237060547,0.0,,,,,,,,,,,,,,,,,,,,,
74.694277,ATT,3,,-19.99,0.0,90.0,0.02,0.0,-19.96,,-0.11,,,,90.3,,,,,,,,,,,,,,,,,,,,,,
74.694277,XKF1,,,,,,,,,,,,,,,,3.508399819560832,3.5012760162353516,,,4.121071127151471,,,,,,0.22346264123916626,4.117262206041245,,,,,,4.120184898376465,,4.120184898376465,0.08546132594347
74.694277,POS,,,,,,,,,,,,,,,,3.5070939161825727,3.5007102283421045,,,,,37.4275019,-122.1696604,,,0.21150800009877457,,,,29.082782745361328,,,,,,
74.729263,GUIA,,0.0,,,,,,-20.0,0.0,2.90813716219418e-07,0.0,0.0,6,89.99999237060547,0.0,,,,,,,,,,,,,,,,,,,,,
74.729263,GUIA,,0.0,,,,,,-20.0,0.0,2.90813716219418e-07,0.0,0.0,6,89.99999237060547,0.0,,,,,,,,,,,,,,,,,,,,,
74.794237,GUIA,,0.0,,,,,,-20.0,0.0,2.90813716219418e-07,0.0,0.0,6,89.99999237060547,0.0,,,,,,,,,,,,,,,,,,,,,
74.794237,ATT,3,,-19.99,0.0,90.0,0.01,0.0,-19.96,,-0.13,,,,90.4,,,,,,,,,,,,,,,,,,,,,,
74.794237,XKF1,,,,,,,,,,,,,,,,3.9263396098081675,3.9194693565368652,,,4.309746679647983,,,,,,0.23216953873634338,4.306397572040785,,,,,,4.3089070320129395,,4.3089070320129395,0.08506839722394943
74.794237,POS,,,,,,,,,,,,,,,,3.9219060182705303,3.9161985626421987,,,,,37.4275019,-122.1696557,,,0.21150800009877457,,,,29.083209991455078,,,,,,
74.871706,GUIA,,0.0,,,,,,-20.0,0.0,2.90813716219418e-07,0.0,0.0,6,89.99999237060547,0.0,,,,,,,,,,,,,,,,,,,,,
74.871706,GUIA,,0.0,,,,,,-20.0,0.0,2.90813716219418e-07,0.0,0.0,6,89.99999237060547,0.0,,,,,,,,,,,,,,,,,,,,,
74.89419699999999,ATT,3,,-19.99,0.0,90.0,0.01,0.0,-19.97,,-0.16,,,,90.47,,,,,,,,,,,,,,,,,,,,,,
74.89419699999999,XKF1,,,,,,,,,,,,,,,,4.3634257507352086,4.356789588928223,,,4.488777205087996,,,,,,0.24055926501750946,4.485817496887219,,,,,,4.487980365753174,,4.487980365753174,0.0845756083726883
74.89419699999999,POS,,,,,,,,,,,,,,,,4.355061890674228,4.349367253090187,,,,,37.427502,-122.1696508,,,0.22263999943788804,,,,29.084436416625977,,,,,,
74.921686,GUIA,,0.0,,,,,,-20.0,0.0,2.90813716219418e-07,0.0,0.0,6,89.99999237060547,0.0,,,,,,,,,,,,,,,,,,,,,
74.939179,GUIA,,0.0,,,,,,-20.0,0.0,2.90813716219418e-07,0.0,0.0,6,89.99999237060547,0.0,,,,,,,,,,,,,,,,,,,,,
74.96167,GUIA,,0.0,,,,,,-20.0,0.0,2.90813716219418e-07,0.0,0.0,6,89.99999237060547,0.0,,,,,,,,,,,,,,,,,,,,,
74.99499,ATT,3,,-19.99,0.0,90.0,0.01,0.0,-19.97,,-0.18,,,,90.5,,,,,,,,,,,,,,,,,,,,,,
74.99499,XKF1,,,,,,,,,,,,,,,,4.818106744674353,4.811671733856201,,,4.6581688690614245,,,,,,0.24893318116664886,4.65553960302175,,,,,,4.657406806945801,,4.657406806945801,0.08425584435462952
74.99499,POS,,,,,,,,,,,,,,,,4.814735042544063,4.809056475247486,,,,,37.4275021,-122.1696456,,,0.23377199956797767,,,,29.084529876708984,,,,,,
75.004986,GUIA,,0.0,,,,,,-20.0,0.0,2.90813716219418e-07,0.0,0.0,6,89.99999237060547,0.0,,,,,,,,,,,,,,,,,,,,,
75.009984,GUIA,,0.0,,,,,,-20.0,0.0,2.90813716219418e-07,0.0,0.0,6,89.99999237060547,0.0,,,,,,,,,,,,,,,,,,,,,
75.062463,GUIA,,0.0,,,,,,-20.0,0.0,2.90813716219418e-07,0.0,0.0,6,89.99999237060547,0.0,,,,,,,,,,,,,,,,,,,,,
75.09495,ATT,3,,-19.99,0.0,90.0,0.01,0.0,-19.97,,-0.18,,,,90.5,,,,,,,,,,,,,,,,,,,,,,
75.09495,XKF1,,,,,,,,,,,,,,,,5.2902307347639175,5.283977508544922,,,4.818818206080069,,,,,,0.2571437656879425,4.816477931696324,,,,,,4.818083763122559,,4.818083763122559,0.08412939310073853
75.09495,POS,,,,,,,,,,,,,,,,5.283265148453241,5.277585874222468,,,,,37.4275022,-122.1696403,,,0.2449039996980673,,,,29.085081100463867,,,,,,
75.107445,GUIA,,0.0,,,,,,-20.0,0.0,2.90813716219418e-07,0.0,0.0,6,89.99999237060547,0.0,,,,,,,,,,,,,,,,,,,,,
75.109944,GUIA,,0.0,,,,,,-20.0,0.0,2.90813716219418e-07,0.0,0.0,6,89.99999237060547,0.0,,,,,,,,,,,,,,,,,,,,,
75.147429,GUIA,,0.0,,,,,,-20.0,0.0,2.90813716219418e-07,0.0,0.0,6,89.99999237060547,0.0,,,,,,,,,,,,,,,,,,,,,
75.17741699999999,GUIA,,0.0,,,,,,-20.0,0.0,2.90813716219418e-07,0.0,0.0,6,89.99999237060547,0.0,,,,,,,,,,,,,,,,,,,,,
75.18991199999999,GUIA,,0.0,,,,,,-20.0,0.0,2.90813716219418e-07,0.0,0.0,6,89.99999237060547,0.0,,,,,,,,,,,,,,,,,,,,,
75.19491,ATT,3,,-19.99,0.0,90.0,0.01,0.0,-19.97,,-0.18,,,,90.46,,,,,,,,,,,,,,,,,,,,,,
75.19491,XKF1,,,,,,,,,,,,,,,,5.780712709149071,5.774610996246338,,,4.972014127941654,,,,,,0.2655320465564728,4.969919043589973,,,,,,4.971302509307861,,4.971302509307861,0.0841180682182312
75.19491,POS,,,,,,,,,,,,,,,,5.7778284939205005,5.772635804906761,,,,,37.4275022,-122.1696347,,,0.2449039996980673,,,,29.084863662719727,,,,,,
75.247389,GUIA,,0.0,,,,,,-20.0,0.0,2.90813716219418e-07,0.0,0.0,6,89.99999237060547,0.0,,,,,,,,,,,,,,,,,,,,,
75.247389,GUIA,,0.0,,,,,,-20.0,0.0,2.90813716219418e-07,0.0,0.0,6,89.99999237060547,0.0,,,,,,,,,,,,,,,,,,,,,
75.29487,ATT,3,,-19.99,0.0,90.0,0.01,0.0,-19.98,,-0.16,,,,90.4,,,,,,,,,,,,,,,,,,,,,,
75.29487,XKF1,,,,,,,,,,,,,,,,6.290356584354973,6.284394264221191,,,5.117524795556153,,,,,,0.2738150656223297,5.115644572122031,,,,,,5.116833686828613,,5.116833686828613,0.08410145342350006
75.29487,POS,,,,,,,,,,,,,,,,6.281745933903749,6.276525913665001,,,,,37.4275023,-122.169629,,,0.25603599982815695,,,,29.085203170776367,,,,,,
75.302367,GUIA,,0.0,,,,,,-20.0,0.0,2.90813716219418e-07,0.0,0.0,6,89.99999237060547,0.0,,,,,,,,,,,,,,,,,,,,,
75.32235899999999,GUIA,,0.0,,,,,,-20.0,0.0,2.90813716219418e-07,0.0,0.0,6,89.99999237060547,0.0,,,,,,,,,,,,,,,,,,,,,
75.342351,GUIA,,0.0,,,,,,-20.0,0.0,2.90813716219418e-07,0.0,0.0,6,89.99999237060547,0.0,,,,,,,,,,,,,,,,,,,,,
75.387333,GUIA,,0.0,,,,,,-20.0,0.0,2.90813716219418e-07,0.0,0.0,6,89.99999237060547,0.0,,,,,,,,,,,,,,,,,,,,,
75.387333,GUIA,,0.0,,,,,,-20.0,0.0,2.90813716219418e-07,0.0,0.0,6,89.99999237060547,0.0,,,,,,,,,,,,,,,,,,,,,
75.39483,ATT,3,,-19.99,0.0,90.0,0.01,0.0,-19.98,,-0.12,,,,90.31,,,,,,,,,,,,,,,,,,,,,,
75.39483,XKF1,,,,,,,,,,,,,,,,6.811808531459367,6.805967807769775,,,5.254663810781852,,,,,,0.28202423453330994,5.252963340117336,,,,,,5.253993511199951,,5.253993511199951,0.08392823487520218
75.39483,POS,,,,,,,,,,,,,,,,6.803344258191206,6.79809637731487,,,,,37.4275024,-122.1696231,,,0.2671679999582466,,,,29.084814071655273,,,,,,
75.452307,GUIA,,0.0,,,,,,-20.0,0.0,2.90813716219418e-07,0.0,0.0,6,89.99999237060547,0.0,,,,,,,,,,,,,,,,,,,,,
75.454806,GUIA,,0.0,,,,,,-20.0,0.0,2.90813716219418e-07,0.0,0.0,6,89.99999237060547,0.0,,,,,,,,,,,,,,,,,,,,,
75.49479,ATT,3,,-19.99,0.0,90.0,0.01,0.0,-19.98,,-0.07,,,,90.21,,,,,,,,,,,,,,,,,,,,,,
75.49479,XKF1,,,,,,,,,,,,,,,,7.346057209099825,7.340326309204102,,,5.383406869119824,,,,,,0.2901141047477722,5.3818556626638285,,,,,,5.382760524749756,,5.382760524749756,0.08341853320598602
75.49479,POS,,,,,,,,,,,,,,,,7.3426231514463,7.337347194600104,,,,,37.4275025,-122.169617,,,0.2783000000883362,,,,29.08503532409668,,,,,,
75.507285,GUIA,,0.0,,,,,,-20.0,0.0,2.90813716219418e-07,0.0,0.0,6,89.99999237060547,0.0,,,,,,,,,,,,,,,,,,,,,
75.522279,GUIA,,0.0,,,,,,-20.0,0.0,2.90813716219418e-07,0.0,0.0,6,89.99999237060547,0.0,,,,,,,,,,,,,,,,,,,,,
75.584754,GUIA,,0.0,,,,,,-20.0,0.0,2.90813716219418e-07,0.0,0.0,6,89.99999237060547,0.0,,,,,,,,,,,,,,,,,,,,,
75.59475,ATT,3,,-19.99,0.0,90.0,0.01,0.0,-20.0,,-0.04,,,,90.11,,,,,,,,,,,,,,,,,,,,,,
75.59475,XKF1,,,,,,,,,,,,,,,,7.894184811835673,7.888544082641602,,,5.505599036984619,,,,,,0.29837241768836975,5.504170379205737,,,,,,5.504977703094482,,5.504977703094482,0.08271181583404541
75.59475,POS,,,,,,,,,,,,,,,,7.890347669001508,7.8854381899592845,,,,,37.4275025,-122.1696108,,,0.2783000000883362,,,,29.08469009399414,,,,,,
75.622239,GUIA,,0.0,,,,,,-20.0,0.0,2.90813716219418e-07,0.0,0.0,6,89.99999237060547,0.0,,,,,,,,,,,,,,,,,,,,,
75.639732,GUIA,,0.0,,,,,,-20.0,0.0,2.90813716219418e-07,0.0,0.0,6,89.99999237060547,0.0,,,,,,,,,,,,,,,,,,,,,
75.659724,GUIA,,0.0,,,,,,-20.0,0.0,2.90813716219418e-07,0.0,0.0,6,89.99999237060547,0.0,,,,,,,,,,,,,,,,,,,,,
75.69471,ATT,3,,-19.99,0.0,90.0,0.01,0.0,-20.0,,-0.01,,,,90.01,,,,,,,,,,,,,,,,,,,,,,
75.69471,XKF1,,,,,,,,,,,,,,,,8.453461727349177,8.447906494140625,,,5.620069718637126,,,,,,0.30641645193099976,5.618747952472314,,,,,,5.619473457336426,,5.619473457336426,0.08186393976211548
75.69471,POS,,,,,,,,,,,,,,,,8.447329242371678,8.442369362136148,,,,,37.4275026,-122.1696045,,,0.2894319994274497,,,,29.084980010986328,,,,,,
75.712203,GUIA,,0.0,,,,,,-20.0,0.0,2.90813716219418e-07,0.0,0.0,6,89.99999237060547,0.0,,,,,,,,,,,,,,,,,,,,,
75.712203,GUIA,,0.0,,,,,,-20.0,0.0,2.90813716219418e-07,0.0,0.0,6,89.99999237060547,0.0,,,,,,,,,,,,,,,,,,,,,
75.764682,GUIA,,0.0,,,,,,-20.0,0.0,2.90813716219418e-07,0.0,0.0,6,89.99999237060547,0.0,,,,,,,,,,,,,,,,,,,,,
75.777177,GUIA,,0.0,,,,,,-20.0,0.0,2.90813716219418e-07,0.0,0.0,6,89.99999237060547,0.0,,,,,,,,,,,,,,,,,,,,,
75.787173,GUIA,,0.0,,,,,,-20.0,0.0,2.90813716219418e-07,0.0,0.0,6,89.99999237060547,0.0,,,,,,,,,,,,,,,,,,,,,
75.79467,ATT,3,,-19.99,0.0,90.0,0.01,0.0,-20.0,,0.01,,,,89.92,,,,,,,,,,,,,,,,,,,,,,
75.79467,XKF1,,,,,,,,,,,,,,,,9.025264990872218,9.01978588104248,,,5.728354431070536,,,,,,0.31443729996681213,5.727126413983275,,,,,,5.727781772613525,,5.727781772613525,0.08099662512540817
75.79467,POS,,,,,,,,,,,,,,,,9.02198886591904,9.016980890460903,,,,,37.4275027,-122.169598,,,0.3005639995575393,,,,29.084720611572266,,,,,,
75.84465,GUIA,,0.0,,,,,,-20.0,0.0,2.90813716219418e-07,0.0,0.0,6,89.99999237060547,0.0,,,,,,,,,,,,,,,,,,,,,
75.859644,GUIA,,0.0,,,,,,-20.0,0.0,2.90813716219418e-07,0.0,0.0,6,89.99999237060547,0.0,,,,,,,,,,,,,,,,,,,,,
75.88213499999999,GUIA,,0.0,,,,,,-20.0,0.0,2.90813716219418e-07,0.0,0.0,6,89.99999237060547,0.0,,,,,,,,,,,,,,,,,,,,,
75.89462999999999,ATT,3,,-19.99,0.0,90.0,0.01,0.0,-20.0,,0.04,,,,89.84,,,,,,,,,,,,,,,,,,,,,,
75.89462999999999,XKF1,,,,,,,,,,,,,,,,9.606609925514753,9.601203918457031,,,5.82948380590028,,,,,,0.32223838567733765,5.82833703104926,,,,,,5.828935623168945,,5.828935623168945,0.07994338124990463
75.89462999999999,POS,,,,,,,,,,,,,,,,9.605136371568692,9.600432594347078,,,,,37.4275027,-122.1695914,,,0.3005639995575393,,,,29.085067749023438,,,,,,
75.929616,GUIA,,0.0,,,,,,-20.0,0.0,2.90813716219418e-07,0.0,0.0,6,89.99999237060547,0.0,,,,,,,,,,,,,,,,,,,,,
75.964602,GUIA,,0.0,,,,,,-20.0,0.0,2.90813716219418e-07,0.0,0.0,6,89.99999237060547,0.0,,,,,,,,,,,,,,,,,,,,,
75.964602,GUIA,,0.0,,,,,,-20.0,0.0,2.90813716219418e-07,0.0,0.0,6,89.99999237060547,0.0,,,,,,,,,,,,,,,,,,,,,
75.99459,ATT,3,,-19.99,0.0,90.0,0.01,0.0,-20.0,,0.06,,,,89.78,,,,,,,,,,,,,,,,,,,,,,
75.99459,XKF1,,,,,,,,,,,,,,,,10.19881892557257,10.193482398986816,,,5.924810015691802,,,,,,0.32988491654396057,5.9237370767591715,,,,,,5.9242844581604,,5.9242844581604,0.07891375571489334
75.99459,POS,,,,,,,,,,,,,,,,10.19748923245978,10.1927244763072,,,,,37.4275028,-122.1695847,,,0.31169599968762896,,,,29.084930419921875,,,,,,
75.999588,GUIA,,0.0,,,,,,-20.0,0.0,2.90813716219418e-07,0.0,0.0,6,89.99999237060547,0.0,,,,,,,,,,,,,,,,,,,,,
76.052067,GUIA,,0.0,,,,,,-20.0,0.0,2.90813716219418e-07,0.0,0.0,6,89.99999237060547,0.0,,,,,,,,,,,,,,,,,,,,,
76.052067,GUIA,,0.0,,,,,,-20.0,0.0,2.90813716219418e-07,0.0,0.0,6,89.99999237060547,0.0,,,,,,,,,,,,,,,,,,,,,
76.087053,GUIA,,0.0,,,,,,-20.0,0.0,2.90813716219418e-07,0.0,0.0,6,89.99999237060547,0.0,,,,,,,,,,,,,,,,,,,,,
76.09455,ATT,3,,-19.99,0.0,90.0,0.01,0.0,-20.0,,0.07,,,,89.74,,,,,,,,,,,,,,,,,,,,,,
76.09455,XKF1,,,,,,,,,,,,,,,,10.799288043697874,10.794015884399414,,,6.013624790977042,,,,,,0.33740678429603577,6.012617211264248,,,,,,6.013121128082275,,6.013121128082275,0.07782946527004242
76.09455,POS,,,,,,,,,,,,,,,,10.798683106961859,10.793856536341268,,,,,37.4275029,-122.1695779,,,0.3228279998177186,,,,29.085336685180664,,,,,,
76.134534,GUIA,,0.0,,,,,,-20.0,0.0,2.90813716219418e-07,0.0,0.0,6,89.99999237060547,0.0,,,,,,,,,,,,,,,,,,,,,
76.137033,GUIA,,0.0,,,,,,-20.0,0.0,2.90813716219418e-07,0.0,0.0,6,89.99999237060547,0.0,,,,,,,,,,,,,,,,,,,,,
76.19451,ATT,3,,-19.99,0.0,90.0,0.01,0.0,-20.0,,0.08,,,,89.72,,,,,,,,,,,,,,,,,,,,,,
76.19451,XKF1,,,,,,,,,,,,,,,,11.409594148590047,11.404375076293945,,,6.097826624109563,,,,,,0.3450619578361511,6.096875880401224,,,,,,6.097343444824219,,6.097343444824219,0.07676231861114502
76.19451,POS,,,,,,,,,,,,,,,,11.408397283453922,11.403828771936753,,,,,37.4275029,-122.169571,,,0.3228279998177186,,,,29.08528709411621,,,,,,
76.197009,GUIA,,0.0,,,,,,-20.0,0.0,2.90813716219418e-07,0.0,0.0,6,89.99999237060547,0.0,,,,,,,,,,,,,,,,,,,,,
76.209504,GUIA,,0.0,,,,,,-20.0,0.0,2.90813716219418e-07,0.0,0.0,6,89.99999237060547,0.0,,,,,,,,,,,,,,,,,,,,,
76.236993,GUIA,,0.0,,,,,,-20.0,0.0,2.90813716219418e-07,0.0,0.0,6,89.99999237060547,0.0,,,,,,,,,,,,,,,,,,,,,
76.279476,GUIA,,0.0,,,,,,-20.0,0.0,2.90813716219418e-07,0.0,0.0,6,89.99999237060547,0.0,,,,,,,,,,,,,,,,,,,,,
76.29447,GUIA,,0.0,,,,,,-20.0,0.0,2.90813716219418e-07,0.0,0.0,6,89.99999237060547,0.0,,,,,,,,,,,,,,,,,,,,,
76.29447,ATT,3,,-19.99,0.0,90.0,0.0,0.0,-20.01,,0.09,,,,89.72,,,,,,,,,,,,,,,,,,,,,,
76.29447,XKF1,,,,,,,,,,,,,,,,12.026954149035914,12.0217866897583,,,6.176001572202773,,,,,,0.35252076387405396,6.175100489383452,,,,,,6.175539493560791,,6.175539493560791,0.0755472257733345
76.29447,POS,,,,,,,,,,,,,,,,12.018441827472179,12.013801008788503,,,,,37.427503,-122.1695641,,,0.33395999994780823,,,,29.08578109741211,,,,,,
76.346949,GUIA,,0.0,,,,,,-20.0,0.0,2.90813716219418e-07,0.0,0.0,6,89.99999237060547,0.0,,,,,,,,,,,,,,,,,,,,,
76.346949,GUIA,,0.0,,,,,,-20.0,0.0,2.90813716219418e-07,0.0,0.0,6,89.99999237060547,0.0,,,,,,,,,,,,,,,,,,,,,
76.39443,ATT,3,,-19.99,0.0,90.0,0.0,0.0,-20.01,,0.09,,,,89.73,,,,,,,,,,,,,,,,,,,,,,
76.39443,XKF1,,,,,,,,,,,,,,,,12.652839906397418,12.647719383239746,,,6.249828931395013,,,,,,0.359933465719223,6.248971779016041,,,,,,6.249387264251709,,6.249387264251709,0.07430002093315125
76.39443,POS,,,,,,,,,,,,,,,,12.646162960476126,12.641453600531884,,,,,37.4275031,-122.169557,,,0.34509200007789786,,,,29.0858097076416,,,,,,
76.414422,GUIA,,0.0,,,,,,-20.0,0.0,2.90813716219418e-07,0.0,0.0,6,89.99999237060547,0.0,,,,,,,,,,,,,,,,,,,,,
76.41942,GUIA,,0.0,,,,,,-20.0,0.0,2.90813716219418e-07,0.0,0.0,6,89.99999237060547,0.0,,,,,,,,,,,,,,,,,,,,,
76.45690499999999,GUIA,,0.0,,,,,,-20.0,0.0,2.90813716219418e-07,0.0,0.0,6,89.99999237060547,0.0,,,,,,,,,,,,,,,,,,,,,
76.489392,GUIA,,0.0,,,,,,-20.0,0.0,2.90813716219418e-07,0.0,0.0,6,89.99999237060547,0.0,,,,,,,,,,,,,,,,,,,,,
76.491891,GUIA,,0.0,,,,,,-20.0,0.0,2.90813716219418e-07,0.0,0.0,6,89.99999237060547,0.0,,,,,,,,,,,,,,,,,,,,,
76.49439,ATT,3,,-19.99,0.0,90.0,0.0,0.0,-20.01,,0.1,,,,89.76,,,,,,,,,,,,,,,,,,,,,,
76.49439,XKF1,,,,,,,,,,,,,,,,13.284458061527138,13.27938461303711,,,6.318116056075783,,,,,,0.3671107292175293,6.317295718990098,,,,,,6.317696571350098,,6.317696571350098,0.07280474156141281
76.49439,POS,,,,,,,,,,,,,,,,13.282430058879523,13.277946369092945,,,,,37.4275031,-122.1695498,,,0.34509200007789786,,,,29.08647918701172,,,,,,
76.554366,GUIA,,0.0,,,,,,-20.0,0.0,2.90813716219418e-07,0.0,0.0,6,89.99999237060547,0.0,,,,,,,,,,,,,,,,,,,,,
76.559364,GUIA,,0.0,,,,,,-20.0,0.0,2.90813716219418e-07,0.0,0.0,6,89.99999237060547,0.0,,,,,,,,,,,,,,,,,,,,,
76.59434999999999,ATT,3,,-19.99,0.0,90.0,0.0,0.0,-20.01,,0.09,,,,89.8,,,,,,,,,,,,,,,,,,,,,,
76.59434999999999,XKF1,,,,,,,,,,,,,,,,13.921581631739167,13.916555404663086,,,6.382027618870288,,,,,,0.37405988574028015,6.381239533200883,,,,,,6.3816304206848145,,6.3816304206848145,0.07120183855295181
76.59434999999999,POS,,,,,,,,,,,,,,,,13.918998241728398,13.914439137654007,,,,,37.4275032,-122.1695426,,,0.3562239994170113,,,,29.086185455322266,,,,,,
76.60684499999999,GUIA,,0.0,,,,,,-20.0,0.0,2.90813716219418e-07,0.0,0.0,6,89.99999237060547,0.0,,,,,,,,,,,,,,,,,,,,,
76.624338,GUIA,,0.0,,,,,,-20.0,0.0,2.90813716219418e-07,0.0,0.0,6,89.99999237060547,0.0,,,,,,,,,,,,,,,,,,,,,
76.64433,GUIA,,0.0,,,,,,-20.0,0.0,2.90813716219418e-07,0.0,0.0,6,89.99999237060547,0.0,,,,,,,,,,,,,,,,,,,,,
76.69431,GUIA,,0.0,,,,,,-20.0,0.0,2.90813716219418e-07,0.0,0.0,6,89.99999237060547,0.0,,,,,,,,,,,,,,,,,,,,,
76.69431,ATT,3,,-19.99,0.0,90.0,0.0,0.0,-20.01,,0.07,,,,89.84,,,,,,,,,,,,,,,,,,,,,,
76.69431,XKF1,,,,,,,,,,,,,,,,14.563885708393801,14.558905601501465,,,6.440874025341712,,,,,,0.38083410263061523,6.44011845999649,,,,,,6.44049596786499,,6.44049596786499,0.06978465616703033
76.69431,POS,,,,,,,,,,,,,,,,14.555568342380552,14.550931906215068,,,,,37.4275033,-122.1695354,,,0.36735599954710096,,,,29.086917877197266,,,,,,
76.716801,GUIA,,0.0,,,,,,-20.0,0.0,2.90813716219418e-07,0.0,0.0,6,89.99999237060547,0.0,,,,,,,,,,,,,,,,,,,,,
76.729296,GUIA,,0.0,,,,,,-20.0,0.0,2.90813716219418e-07,0.0,0.0,6,89.99999237060547,0.0,,,,,,,,,,,,,,,,,,,,,
76.784274,GUIA,,0.0,,,,,,-20.0,0.0,2.90813716219418e-07,0.0,0.0,6,89.99999237060547,0.0,,,,,,,,,,,,,,,,,,,,,
76.79427,ATT,3,,-19.99,0.0,90.0,0.0,0.0,-20.01,,0.04,,,,89.89,,,,,,,,,,,,,,,,,,,,,,
76.79427,XKF1,,,,,,,,,,,,,,,,15.208876182413787,15.203929901123047,,,6.494883270229435,,,,,,0.3878534436225891,6.494160693061276,,,,,,6.494519233703613,,6.494519233703613,0.06876493990421295
76.79427,POS,,,,,,,,,,,,,,,,15.200704454345853,15.196264852850078,,,,,37.4275033,-122.1695281,,,0.36735599954710096,,,,29.08711814880371,,,,,,
76.799268,GUIA,,0.0,,,,,,-20.0,0.0,2.90813716219418e-07,0.0,0.0,6,89.99999237060547,0.0,,,,,,,,,,,,,,,,,,,,,
76.836753,GUIA,,0.0,,,,,,-20.0,0.0,2.90813716219418e-07,0.0,0.0,6,89.99999237060547,0.0,,,,,,,,,,,,,,,,,,,,,
76.864242,GUIA,,0.0,,,,,,-20.0,0.0,2.90813716219418e-07,0.0,0.0,6,89.99999237060547,0.0,,,,,,,,,,,,,,,,,,,,,
76.88423399999999,GUIA,,0.0,,,,,,-20.0,0.0,2.90813716219418e-07,0.0,0.0,6,89.99999237060547,0.0,,,,,,,,,,,,,,,,,,,,,
76.89423,ATT,3,,-19.99,0.0,90.0,0.0,0.0,-20.01,,0.02,,,,89.94,,,,,,,,,,,,,,,,,,,,,,
76.89423,XKF1,,,,,,,,,,,,,,,,15.859428145872156,15.854516983032227,,,6.545162360064691,,,,,,0.3946547210216522,6.544472221527134,,,,,,6.544810771942139,,6.544810771942139,0.0678400993347168
76.89423,POS,,,,,,,,,,,,,,,,15.854956233515624,15.850437975046503,,,,,37.4275034,-122.1695207,,,0.3784879996771906,,,,29.087839126586914,,,,,,
76.929216,GUIA,,0.0,,,,,,-20.0,0.0,2.90813716219418e-07,0.0,0.0,6,89.99999237060547,0.0,,,,,,,,,,,,,,,,,,,,,
76.934214,GUIA,,0.0,,,,,,-20.0,0.0,2.90813716219418e-07,0.0,0.0,6,89.99999237060547,0.0,,,,,,,,,,,,,,,,,,,,,
76.984194,GUIA,,0.0,,,,,,-20.0,0.0,2.90813716219418e-07,0.0,0.0,6,89.99999237060547,0.0,,,,,,,,,,,,,,,,,,,,,
76.99419,ATT,3,,-19.99,0.0,90.0,0.0,0.0,-20.01,,0.01,,,,89.99,,,,,,,,,,,,,,,,,,,,,,
76.99419,XKF1,,,,,,,,,,,,,,,,16.513225586936393,16.508342742919922,,,6.5918595398962285,,,,,,0.4015459716320038,6.5912027106686715,,,,,,6.591516494750977,,6.591516494750977,0.06724948436021805
76.99419,POS,,,,,,,,,,,,,,,,16.50920928624241,16.504611098499193,,,,,37.4275035,-122.1695133,,,0.38961999980728024,,,,29.088075637817383,,,,,,
77.02167899999999,GUIA,,0.0,,,,,,-20.0,0.0,2.90813716219418e-07,0.0,0.0,6,89.99999237060547,0.0,,,,,,,,,,,,,,,,,,,,,
77.02167899999999,GUIA,,0.0,,,,,,-20.0,0.0,2.90813716219418e-07,0.0,0.0,6,89.99999237060547,0.0,,,,,,,,,,,,,,,,,,,,,
77.074991,GUIA,,0.0,,,,,,-20.0,0.0,2.90813716219418e-07,0.0,0.0,6,89.99999237060547,0.0,,,,,,,,,,,,,,,,,,,,,
77.094983,ATT,3,,-19.99,0.0,90.0,0.0,0.0,-20.01,,0.0,,,,90.03,,,,,,,,,,,,,,,,,,,,,,
77.094983,XKF1,,,,,,,,,,,,,,,,17.17368771185271,17.168832778930664,,,6.635989343593512,,,,,,0.4083266258239746,6.635366290166527,,,,,,6.635652542114258,,6.635652542114258,0.06685737520456314
77.094983,POS,,,,,,,,,,,,,,,,17.172045052486094,17.167624400025833,,,,,37.4275035,-122.1695058,,,0.38961999980728024,,,,29.088531494140625,,,,,,
77.112476,GUIA,,0.0,,,,,,-20.0,0.0,2.90813716219418e-07,0.0,0.0,6,89.99999237060547,0.0,,,,,,,,,,,,,,,,,,,,,
77.12747,GUIA,,0.0,,,,,,-20.0,0.0,2.90813716219418e-07,0.0,0.0,6,89.99999237060547,0.0,,,,,,,,,,,,,,,,,,,,,
77.15745799999999,GUIA,,0.0,,,,,,-20.0,0.0,2.90813716219418e-07,0.0,0.0,6,89.99999237060547,0.0,,,,,,,,,,,,,,,,,,,,,
77.194943,ATT,3,,-19.99,0.0,90.0,0.0,0.0,-20.02,,-0.02,,,,90.07,,,,,,,,,,,,,,,,,,,,,,
77.194943,XKF1,,,,,,,,,,,,,,,,17.84236232316411,17.83753204345703,,,6.678882524214317,,,,,,0.4151431918144226,6.678292327969754,,,,,,6.6785502433776855,,6.6785502433776855,0.06662146002054214
77.194943,POS,,,,,,,,,,,,,,,,17.83514067689622,17.830637700296204,,,,,37.4275036,-122.1694983,,,0.4007519999373699,,,,29.088682174682617,,,,,,
77.207438,GUIA,,0.0,,,,,,-20.0,0.0,2.90813716219418e-07,0.0,0.0,6,89.99999237060547,0.0,,,,,,,,,,,,,,,,,,,,,
77.219933,GUIA,,0.0,,,,,,-20.0,0.0,2.90813716219418e-07,0.0,0.0,6,89.99999237060547,0.0,,,,,,,,,,,,,,,,,,,,,
77.25242,GUIA,,0.0,,,,,,-20.0,0.0,2.90813716219418e-07,0.0,0.0,6,89.99999237060547,0.0,,,,,,,,,,,,,,,,,,,,,
77.287406,GUIA,,0.0,,,,,,-20.0,0.0,2.90813716219418e-07,0.0,0.0,6,89.99999237060547,0.0,,,,,,,,,,,,,,,,,,,,,
77.292404,GUIA,,0.0,,,,,,-20.0,0.0,2.90813716219418e-07,0.0,0.0,6,89.99999237060547,0.0,,,,,,,,,,,,,,,,,,,,,
77.294903,ATT,3,,-19.99,0.0,90.0,0.0,0.0,-20.02,,-0.03,,,,90.11,,,,,,,,,,,,,,,,,,,,,,
77.294903,XKF1,,,,,,,,,,,,,,,,18.515562674774582,18.510753631591797,,,6.719041750159546,,,,,,0.42197293043136597,6.7184823408747665,,,,,,6.718713283538818,,6.718713283538818,0.06643684208393097
77.294903,POS,,,,,,,,,,,,,,,,18.506830684402022,18.502491178640526,,,,,37.4275036,-122.1694907,,,0.4007519999373699,,,,29.089033126831055,,,,,,
77.357378,GUIA,,0.0,,,,,,-20.0,0.0,2.90813716219418e-07,0.0,0.0,6,89.99999237060547,0.0,,,,,,,,,,,,,,,,,,,,,
77.357378,GUIA,,0.0,,,,,,-20.0,0.0,2.90813716219418e-07,0.0,0.0,6,89.99999237060547,0.0,,,,,,,,,,,,,,,,,,,,,
77.394863,ATT,3,,-19.99,0.0,90.0,0.0,0.0,-20.03,,-0.03,,,,90.13,,,,,,,,,,,,,,,,,,,,,,
77.394863,XKF1,,,,,,,,,,,,,,,,19.200636936706765,19.19584083557129,,,6.757941162224095,,,,,,0.4291309714317322,6.7574120366649835,,,,,,6.7576141357421875,,6.7576141357421875,0.06648266315460205
77.394863,POS,,,,,,,,,,,,,,,,19.19644426548269,19.19202501062021,,,,,37.4275037,-122.1694829,,,0.4118840000674595,,,,29.089149475097656,,,,,,
77.417354,GUIA,,0.0,,,,,,-20.0,0.0,2.90813716219418e-07,0.0,0.0,6,89.99999237060547,0.0,,,,,,,,,,,,,,,,,,,,,
77.419853,GUIA,,0.0,,,,,,-20.0,0.0,2.90813716219418e-07,0.0,0.0,6,89.99999237060547,0.0,,,,,,,,,,,,,,,,,,,,,
77.484827,GUIA,,0.0,,,,,,-20.0,0.0,2.90813716219418e-07,0.0,0.0,6,89.99999237060547,0.0,,,,,,,,,,,,,,,,,,,,,
77.494823,ATT,3,,-19.99,0.0,90.0,0.0,0.0,-20.02,,-0.04,,,,90.14,,,,,,,,,,,,,,,,,,,,,,
77.494823,XKF1,,,,,,,,,,,,,,,,19.883387054528455,19.878602981567383,,,6.793688234775872,,,,,,0.4361470639705658,6.793186510238674,,,,,,6.793363094329834,,6.793363094329834,0.06646578013896942
77.494823,POS,,,,,,,,,,,,,,,,19.877220372954902,19.872718667038477,,,,,37.4275038,-122.1694752,,,0.423015999406573,,,,29.089433670043945,,,,,,
77.519813,GUIA,,0.0,,,,,,-20.0,0.0,2.90813716219418e-07,0.0,0.0,6,89.99999237060547,0.0,,,,,,,,,,,,,,,,,,,,,
77.519813,GUIA,,0.0,,,,,,-20.0,0.0,2.90813716219418e-07,0.0,0.0,6,89.99999237060547,0.0,,,,,,,,,,,,,,,,,,,,,
77.58728599999999,GUIA,,0.0,,,,,,-20.0,0.0,2.90813716219418e-07,0.0,0.0,6,89.99999237060547,0.0,,,,,,,,,,,,,,,,,,,,,
77.58728599999999,GUIA,,0.0,,,,,,-20.0,0.0,2.90813716219418e-07,0.0,0.0,6,89.99999237060547,0.0,,,,,,,,,,,,,,,,,,,,,
77.59478299999999,ATT,3,,-19.99,0.0,90.0,0.0,0.0,-20.02,,-0.04,,,,90.14,,,,,,,,,,,,,,,,,,,,,,
77.59478299999999,XKF1,,,,,,,,,,,,,,,,20.57120991132344,20.56643295288086,,,6.827821733096907,,,,,,0.4432976543903351,6.827346534262592,,,,,,6.8274970054626465,,6.8274970054626465,0.06659023463726044
77.59478299999999,POS,,,,,,,,,,,,,,,,20.566603277379873,20.56225249901816,,,,,37.4275038,-122.1694674,,,0.423015999406573,,,,29.08963966369629,,,,,,
77.634767,GUIA,,0.0,,,,,,-20.0,0.0,2.90813716219418e-07,0.0,0.0,6,89.99999237060547,0.0,,,,,,,,,,,,,,,,,,,,,
77.664755,GUIA,,0.0,,,,,,-20.0,0.0,2.90813716219418e-07,0.0,0.0,6,89.99999237060547,0.0,,,,,,,,,,,,,,,,,,,,,
77.672252,GUIA,,0.0,,,,,,-20.0,0.0,2.90813716219418e-07,0.0,0.0,6,89.99999237060547,0.0,,,,,,,,,,,,,,,,,,,,,
77.694743,ATT,3,,-19.99,0.0,90.0,0.0,0.0,-20.01,,-0.03,,,,90.14,,,,,,,,,,,,,,,,,,,,,,
77.694743,XKF1,,,,,,,,,,,,,,,,21.261464428203087,21.256694793701172,,,6.8590780375568725,,,,,,0.45032885670661926,6.858625054565546,,,,,,6.858756065368652,,6.858756065368652,0.06645871698856354
77.694743,POS,,,,,,,,,,,,,,,,21.256220425966706,21.25178633225411,,,,,37.4275039,-122.1694596,,,0.4341479995366626,,,,29.09014892578125,,,,,,
77.73222799999999,GUIA,,0.0,,,,,,-20.0,0.0,2.90813716219418e-07,0.0,0.0,6,89.99999237060547,0.0,,,,,,,,,,,,,,,,,,,,,
77.73222799999999,GUIA,,0.0,,,,,,-20.0,0.0,2.90813716219418e-07,0.0,0.0,6,89.99999237060547,0.0,,,,,,,,,,,,,,,,,,,,,
77.789705,GUIA,,0.0,,,,,,-20.0,0.0,2.90813716219418e-07,0.0,0.0,6,89.99999237060547,0.0,,,,,,,,,,,,,,,,,,,,,
77.794703,ATT,3,,-19.99,0.0,90.0,0.0,0.0,-20.01,,-0.02,,,,90.12,,,,,,,,,,,,,,,,,,,,,,
77.794703,XKF1,,,,,,,,,,,,,,,,21.95597523469452,21.951210021972656,,,6.888856690698052,,,,,,0.4574134647846222,6.88842465447697,,,,,,6.8885369300842285,,6.8885369300842285,0.06637369841337204
77.794703,POS,,,,,,,,,,,,,,,,21.954676343119313,21.950160342307743,,,,,37.427504,-122.1694517,,,0.44527999966675225,,,,29.090574264526367,,,,,,
77.8022,GUIA,,0.0,,,,,,-20.0,0.0,2.90813716219418e-07,0.0,0.0,6,89.99999237060547,0.0,,,,,,,,,,,,,,,,,,,,,
77.837186,GUIA,,0.0,,,,,,-20.0,0.0,2.90813716219418e-07,0.0,0.0,6,89.99999237060547,0.0,,,,,,,,,,,,,,,,,,,,,
77.86717399999999,GUIA,,0.0,,,,,,-20.0,0.0,2.90813716219418e-07,0.0,0.0,6,89.99999237060547,0.0,,,,,,,,,,,,,,,,,,,,,
77.887166,GUIA,,0.0,,,,,,-20.0,0.0,2.90813716219418e-07,0.0,0.0,6,89.99999237060547,0.0,,,,,,,,,,,,,,,,,,,,,
77.894663,ATT,3,,-19.99,0.0,90.0,0.0,0.0,-20.0,,0.0,,,,90.09,,,,,,,,,,,,,,,,,,,,,,
77.894663,XKF1,,,,,,,,,,,,,,,,22.652285668341985,22.647525787353516,,,6.91608619436613,,,,,,0.4643508493900299,6.915672403278305,,,,,,6.915770053863525,,6.915770053863525,0.0661272257566452
77.894663,POS,,,,,,,,,,,,,,,,22.644072658940292,22.639694174287428,,,,,37.427504,-122.1694439,,,0.44527999966675225,,,,29.091266632080078,,,,,,
77.932148,GUIA,,0.0,,,,,,-20.0,0.0,2.90813716219418e-07,0.0,0.0,6,89.99999237060547,0.0,,,,,,,,,,,,,,,,,,,,,
77.934647,GUIA,,0.0,,,,,,-20.0,0.0,2.90813716219418e-07,0.0,0.0,6,89.99999237060547,0.0,,,,,,,,,,,,,,,,,,,,,
77.994623,ATT,3,,-19.99,0.0,90.0,0.0,0.0,-20.0,,0.01,,,,90.06,,,,,,,,,,,,,,,,,,,,,,
77.994623,XKF1,,,,,,,,,,,,,,,,23.352154587730634,23.34739875793457,,,6.941744457206567,,,,,,0.4712696969509125,6.941346428474198,,,,,,6.941432952880859,,6.941432952880859,0.0657622218132019
77.994623,POS,,,,,,,,,,,,,,,,23.351369167493417,23.346908362415004,,,,,37.4275041,-122.1694359,,,0.4564119997968419,,,,29.091825485229492,,,,,,
77.999621,GUIA,,0.0,,,,,,-20.0,0.0,2.90813716219418e-07,0.0,0.0,6,89.99999237060547,0.0,,,,,,,,,,,,,,,,,,,,,
78.00961699999999,GUIA,,0.0,,,,,,-20.0,0.0,2.90813716219418e-07,0.0,0.0,6,89.99999237060547,0.0,,,,,,,,,,,,,,,,,,,,,
78.049601,GUIA,,0.0,,,,,,-20.0,0.0,2.90813716219418e-07,0.0,0.0,6,89.99999237060547,0.0,,,,,,,,,,,,,,,,,,,,,
78.074591,GUIA,,0.0,,,,,,-20.0,0.0,2.90813716219418e-07,0.0,0.0,6,89.99999237060547,0.0,,,,,,,,,,,,,,,,,,,,,
78.094583,ATT,3,,-19.99,0.0,90.0,0.0,0.0,-20.0,,0.02,,,,90.02,,,,,,,,,,,,,,,,,,,,,,
78.094583,XKF1,,,,,,,,,,,,,,,,24.053332939963003,24.048580169677734,,,6.965151929468532,,,,,,0.4781394600868225,6.964766783256221,,,,,,6.964846611022949,,6.964846611022949,0.06521568447351456
78.094583,POS,,,,,,,,,,,,,,,,24.049613641081837,24.045282372468638,,,,,37.4275041,-122.169428,,,0.4564119997968419,,,,29.092544555664062,,,,,,
78.104579,GUIA,,0.0,,,,,,-20.0,0.0,2.90813716219418e-07,0.0,0.0,6,89.99999237060547,0.0,,,,,,,,,,,,,,,,,,,,,
78.142064,GUIA,,0.0,,,,,,-20.0,0.0,2.90813716219418e-07,0.0,0.0,6,89.99999237060547,0.0,,,,,,,,,,,,,,,,,,,,,
78.144563,GUIA,,0.0,,,,,,-20.0,0.0,2.90813716219418e-07,0.0,0.0,6,89.99999237060547,0.0,,,,,,,,,,,,,,,,,,,,,
78.194543,ATT,3,,-19.99,0.0,90.0,0.0,0.0,-20.01,,0.02,,,,89.99,,,,,,,,,,,,,,,,,,,,,,
78.194543,XKF1,,,,,,,,,,,,,,,,24.757513273249344,24.752758026123047,,,6.987503057360675,,,,,,0.4852149784564972,6.987131518600147,,,,,,6.987201690673828,,6.987201690673828,0.06489615142345428
78.194543,POS,,,,,,,,,,,,,,,,24.756911829063085,24.75249655933995,,,,,37.4275042,-122.16942,,,0.4675439999269315,,,,29.093088150024414,,,,,,
78.207038,GUIA,,0.0,,,,,,-20.0,0.0,2.90813716219418e-07,0.0,0.0,6,89.99999237060547,0.0,,,,,,,,,,,,,,,,,,,,,
78.207038,GUIA,,0.0,,,,,,-20.0,0.0,2.90813716219418e-07,0.0,0.0,6,89.99999237060547,0.0,,,,,,,,,,,,,,,,,,,,,
78.257018,GUIA,,0.0,,,,,,-20.0,0.0,2.90813716219418e-07,0.0,0.0,6,89.99999237060547,0.0,,,,,,,,,,,,,,,,,,,,,
78.282008,GUIA,,0.0,,,,,,-20.0,0.0,2.90813716219418e-07,0.0,0.0,6,89.99999237060547,0.0,,,,,,,,,,,,,,,,,,,,,
78.29200399999999,GUIA,,0.0,,,,,,-20.0,0.0,2.90813716219418e-07,0.0,0.0,6,89.99999237060547,0.0,,,,,,,,,,,,,,,,,,,,,
78.29450299999999,ATT,3,,-19.99,0.0,90.0,0.0,0.0,-20.01,,0.01,,,,89.96,,,,,,,,,,,,,,,,,,,,,,
78.29450299999999,XKF1,,,,,,,,,,,,,,,,25.462776261877735,25.458019256591797,,,7.008186016786925,,,,,,0.49216917157173157,7.007828699188866,,,,,,7.007887363433838,,7.007887363433838,0.06469889730215073
78.29450299999999,POS,,,,,,,,,,,,,,,,25.455371603122494,25.450870569393583,,,,,37.4275043,-122.1694121,,,0.47867600005702116,,,,29.0938663482666,,,,,,
78.359477,GUIA,,0.0,,,,,,-20.0,0.0,2.90813716219418e-07,0.0,0.0,6,89.99999237060547,0.0,,,,,,,,,,,,,,,,,,,,,
78.359477,GUIA,,0.0,,,,,,-20.0,0.0,2.90813716219418e-07,0.0,0.0,6,89.99999237060547,0.0,,,,,,,,,,,,,,,,,,,,,
78.394463,ATT,3,,-19.99,0.0,90.0,0.0,0.0,-20.02,,0.02,,,,89.93,,,,,,,,,,,,,,,,,,,,,,
78.394463,XKF1,,,,,,,,,,,,,,,,26.170816220101017,26.166053771972656,,,7.027914477088761,,,,,,0.4992510676383972,7.027572217923097,,,,,,7.027616500854492,,7.027616500854492,0.0647164136171341
78.394463,POS,,,,,,,,,,,,,,,,26.162464121230848,26.15808475752116,,,,,37.4275043,-122.1694041,,,0.47867600005702116,,,,29.094629287719727,,,,,,
78.396962,GUIA,,0.0,,,,,,-20.0,0.0,2.90813716219418e-07,0.0,0.0,6,89.99999237060547,0.0,,,,,,,,,,,,,,,,,,,,,
78.424451,GUIA,,0.0,,,,,,-20.0,0.0,2.90813716219418e-07,0.0,0.0,6,89.99999237060547,0.0,,,,,,,,,,,,,,,,,,,,,
78.459437,GUIA,,0.0,,,,,,-20.0,0.0,2.90813716219418e-07,0.0,0.0,6,89.99999237060547,0.0,,,,,,,,,,,,,,,,,,,,,
78.489425,GUIA,,0.0,,,,,,-20.0,0.0,2.90813716219418e-07,0.0,0.0,6,89.99999237060547,0.0,,,,,,,,,,,,,,,,,,,,,
78.494423,GUIA,,0.0,,,,,,-20.0,0.0,2.90813716219418e-07,0.0,0.0,6,89.99999237060547,0.0,,,,,,,,,,,,,,,,,,,,,
78.494423,ATT,3,,-19.99,0.0,90.0,0.0,0.0,-20.02,,0.02,,,,89.9,,,,,,,,,,,,,,,,,,,,,,
78.494423,XKF1,,,,,,,,,,,,,,,,26.879713565198035,26.87494659423828,,,7.04588907418648,,,,,,0.5062083601951599,7.045562151770535,,,,,,7.045590877532959,,7.045590877532959,0.06482308357954025
78.494423,POS,,,,,,,,,,,,,,,,26.878602370332253,26.874139121210156,,,,,37.4275044,-122.169396,,,0.4898079993961346,,,,29.095537185668945,,,,,,
78.559397,GUIA,,0.0,,,,,,-20.0,0.0,2.90813716219418e-07,0.0,0.0,6,89.99999237060547,0.0,,,,,,,,,,,,,,,,,,,,,
78.564395,GUIA,,0.0,,,,,,-20.0,0.0,2.90813716219418e-07,0.0,0.0,6,89.99999237060547,0.0,,,,,,,,,,,,,,,,,,,,,
78.594383,ATT,3,,-19.99,0.0,90.0,0.0,0.0,-20.01,,0.02,,,,89.88,,,,,,,,,,,,,,,,,,,,,,
78.594383,XKF1,,,,,,,,,,,,,,,,27.591112147920924,27.58633804321289,,,7.062858177165696,,,,,,0.5132474303245544,7.062546585546705,,,,,,7.062558650970459,,7.062558650970459,0.06504561752080917
78.594383,POS,,,,,,,,,,,,,,,,27.58590203813609,27.581353309337736,,,,,37.4275045,-122.169388,,,0.5009399995262243,,,,29.0963191986084,,,,,,
78.609377,GUIA,,0.0,,,,,,-20.0,0.0,2.90813716219418e-07,0.0,0.0,6,89.99999237060547,0.0,,,,,,,,,,,,,,,,,,,,,
78.62687,GUIA,,0.0,,,,,,-20.0,0.0,2.90813716219418e-07,0.0,0.0,6,89.99999237060547,0.0,,,,,,,,,,,,,,,,,,,,,
78.654359,GUIA,,0.0,,,,,,-20.0,0.0,2.90813716219418e-07,0.0,0.0,6,89.99999237060547,0.0,,,,,,,,,,,,,,,,,,,,,
78.694343,GUIA,,0.0,,,,,,-20.0,0.0,2.90813716219418e-07,0.0,0.0,6,89.99999237060547,0.0,,,,,,,,,,,,,,,,,,,,,
78.694343,GUIA,,0.0,,,,,,-20.0,0.0,2.90813716219418e-07,0.0,0.0,6,89.99999237060547,0.0,,,,,,,,,,,,,,,,,,,,,
78.694343,ATT,3,,-19.99,0.0,90.0,0.0,0.0,-20.0,,0.02,,,,89.86,,,,,,,,,,,,,,,,,,,,,,
78.694343,XKF1,,,,,,,,,,,,,,,,28.302188198255912,28.297409057617188,,,7.077755061889597,,,,,,0.5200936794281006,7.077457010602962,,,,,,7.077455520629883,,7.077455520629883,0.06511581689119339
78.694343,POS,,,,,,,,,,,,,,,,28.301841317619168,28.297407674282994,,,,,37.4275045,-122.1693799,,,0.5009399995262243,,,,29.0972843170166,,,,,,
78.794303,ATT,3,,-19.99,0.0,90.0,0.0,0.0,-19.99,,0.02,,,,89.86,,,,,,,,,,,,,,,,,,,,,,
78.794303,XKF1,,,,,,,,,,,,,,,,29.010245734706125,29.005451202392578,,,7.089989819852925,,,,,,0.5274069905281067,7.08970624539584,,,,,,7.089687347412109,,7.089687347412109,0.06549016386270523
78.794303,POS,,,,,,,,,,,,,,,,29.009141783951183,29.00462186115431,,,,,37.4275046,-122.1693719,,,0.5120719996563139,,,,29.098159790039062,,,,,,
78.8018,GUIA,,0.0,,,,,,-20.0,0.0,2.90813716219418e-07,0.0,0.0,6,89.99999237060547,0.0,,,,,,,,,,,,,,,,,,,,,
78.829289,GUIA,,0.0,,,,,,-20.0,0.0,2.90813716219418e-07,0.0,0.0,6,89.99999237060547,0.0,,,,,,,,,,,,,,,,,,,,,
78.846782,GUIA,,0.0,,,,,,-20.0,0.0,2.90813716219418e-07,0.0,0.0,6,89.99999237060547,0.0,,,,,,,,,,,,,,,,,,,,,
78.891764,GUIA,,0.0,,,,,,-20.0,0.0,2.90813716219418e-07,0.0,0.0,6,89.99999237060547,0.0,,,,,,,,,,,,,,,,,,,,,
78.894263,GUIA,,0.0,,,,,,-20.0,0.0,2.90813716219418e-07,0.0,0.0,6,89.99999237060547,0.0,,,,,,,,,,,,,,,,,,,,,
78.894263,ATT,3,,-19.99,0.0,90.0,0.0,0.0,-19.99,,0.02,,,,89.86,,,,,,,,,,,,,,,,,,,,,,
78.894263,XKF1,,,,,,,,,,,,,,,,29.719263052366852,29.71445655822754,,,7.1008767555182075,,,,,,0.534479022026062,7.1006062090618185,,,,,,7.10057258605957,,7.10057258605957,0.06572402268648148
78.894263,POS,,,,,,,,,,,,,,,,29.71644231473208,29.71183604928189,,,,,37.4275047,-122.1693639,,,0.5232039997864035,,,,29.099201202392578,,,,,,
78.95174,GUIA,,0.0,,,,,,-20.0,0.0,2.90813716219418e-07,0.0,0.0,6,89.99999237060547,0.0,,,,,,,,,,,,,,,,,,,,,
78.971732,GUIA,,0.0,,,,,,-20.0,0.0,2.90813716219418e-07,0.0,0.0,6,89.99999237060547,0.0,,,,,,,,,,,,,,,,,,,,,
78.991724,GUIA,,0.0,,,,,,-20.0,0.0,2.90813716219418e-07,0.0,0.0,6,89.99999237060547,0.0,,,,,,,,,,,,,,,,,,,,,
78.994223,ATT,3,,-19.99,0.0,90.0,0.0,0.0,-19.98,,0.02,,,,89.87,,,,,,,,,,,,,,,,,,,,,,
78.994223,XKF1,,,,,,,,,,,,,,,,30.42742645576505,30.4226016998291,,,7.110473668201381,,,,,,0.5418362617492676,7.110216825640374,,,,,,7.110165596008301,,7.110165596008301,0.0661889985203743
78.994223,POS,,,,,,,,,,,,,,,,30.42354942630798,30.4190502361532,,,,,37.4275047,-122.1693559,,,0.5232039997864035,,,,29.100086212158203,,,,,,
79.031708,GUIA,,0.0,,,,,,-20.0,0.0,2.90813716219418e-07,0.0,0.0,6,89.99999237060547,0.0,,,,,,,,,,,,,,,,,,,,,
79.084187,GUIA,,0.0,,,,,,-20.0,0.0,2.90813716219418e-07,0.0,0.0,6,89.99999237060547,0.0,,,,,,,,,,,,,,,,,,,,,
79.094183,ATT,3,,-19.99,0.0,90.0,0.0,0.0,-19.98,,0.01,,,,89.89,,,,,,,,,,,,,,,,,,,,,,
79.094183,XKF1,,,,,,,,,,,,,,,,31.13690840076583,31.132068634033203,,,7.119241832739627,,,,,,0.5489693284034729,7.118997536902436,,,,,,7.118930816650391,,7.118930816650391,0.06654547899961472
79.094183,POS,,,,,,,,,,,,,,,,31.130850484573152,31.126264423024516,,,,,37.4275048,-122.1693479,,,0.5343359999164932,,,,29.10103988647461,,,,,,
79.14499599999999,GUIA,,0.0,,,,,,-20.0,0.0,2.90813716219418e-07,0.0,0.0,6,89.99999237060547,0.0,,,,,,,,,,,,,,,,,,,,,
79.14499599999999,GUIA,,0.0,,,,,,-20.0,0.0,2.90813716219418e-07,0.0,0.0,6,89.99999237060547,0.0,,,,,,,,,,,,,,,,,,,,,
79.194976,ATT,3,,-19.99,0.0,90.0,0.0,0.0,-19.98,,0.0,,,,89.91,,,,,,,,,,,,,,,,,,,,,,
79.194976,XKF1,,,,,,,,,,,,,,,,31.846230685285427,31.841371536254883,,,7.127368247882539,,,,,,0.5562980771064758,7.1271371186364,,,,,,7.127052307128906,,7.127052307128906,0.06710851192474365
79.194976,POS,,,,,,,,,,,,,,,,31.837962803035694,31.833478611152092,,,,,37.4275048,-122.1693399,,,0.5343359999164932,,,,29.101858139038086,,,,,,
79.202473,GUIA,,0.0,,,,,,-20.0,0.0,2.90813716219418e-07,0.0,0.0,6,89.99999237060547,0.0,,,,,,,,,,,,,,,,,,,,,
79.20997,GUIA,,0.0,,,,,,-20.0,0.0,2.90813716219418e-07,0.0,0.0,6,89.99999237060547,0.0,,,,,,,,,,,,,,,,,,,,,
79.249954,GUIA,,0.0,,,,,,-20.0,0.0,2.90813716219418e-07,0.0,0.0,6,89.99999237060547,0.0,,,,,,,,,,,,,,,,,,,,,
79.274944,GUIA,,0.0,,,,,,-20.0,0.0,2.90813716219418e-07,0.0,0.0,6,89.99999237060547,0.0,,,,,,,,,,,,,,,,,,,,,
79.29493599999999,ATT,3,,-19.99,0.0,90.0,0.0,0.0,-19.98,,0.0,,,,89.94,,,,,,,,,,,,,,,,,,,,,,
79.29493599999999,XKF1,,,,,,,,,,,,,,,,32.55843535042128,32.553558349609375,,,7.135400804742033,,,,,,0.5635168552398682,7.135182012288195,,,,,,7.135080337524414,,7.135080337524414,0.06762559711933136
79.29493599999999,POS,,,,,,,,,,,,,,,,32.55410315614798,32.54953297609735,,,,,37.4275049,-122.1693318,,,0.5454680000465828,,,,29.102703094482422,,,,,,
79.317427,GUIA,,0.0,,,,,,-20.0,0.0,2.90813716219418e-07,0.0,0.0,6,89.99999237060547,0.0,,,,,,,,,,,,,,,,,,,,,
79.342417,GUIA,,0.0,,,,,,-20.0,0.0,2.90813716219418e-07,0.0,0.0,6,89.99999237060547,0.0,,,,,,,,,,,,,,,,,,,,,
79.357411,GUIA,,0.0,,,,,,-20.0,0.0,2.90813716219418e-07,0.0,0.0,6,89.99999237060547,0.0,,,,,,,,,,,,,,,,,,,,,
79.394896,ATT,3,,-19.99,0.0,90.0,0.0,0.0,-19.99,,0.0,,,,89.98,,,,,,,,,,,,,,,,,,,,,,
79.394896,XKF1,,,,,,,,,,,,,,,,33.27540370390316,33.2705078125,,,7.1446426711390725,,,,,,0.5707902908325195,7.144435874018011,,,,,,7.144317150115967,,7.144317150115967,0.06820085644721985
79.394896,POS,,,,,,,,,,,,,,,,33.270243531123576,33.26558733978635,,,,,37.427505,-122.1693237,,,0.5565999993856963,,,,29.103424072265625,,,,,,
79.414888,GUIA,,0.0,,,,,,-20.0,0.0,2.90813716219418e-07,0.0,0.0,6,89.99999237060547,0.0,,,,,,,,,,,,,,,,,,,,,
79.417387,GUIA,,0.0,,,,,,-20.0,0.0,2.90813716219418e-07,0.0,0.0,6,89.99999237060547,0.0,,,,,,,,,,,,,,,,,,,,,
79.444876,GUIA,,0.0,,,,,,-20.0,0.0,2.90813716219418e-07,0.0,0.0,6,89.99999237060547,0.0,,,,,,,,,,,,,,,,,,,,,
79.494856,ATT,3,,-19.99,0.0,90.0,0.0,0.0,-19.99,,-0.01,,,,90.01,,,,,,,,,,,,,,,,,,,,,,
79.494856,XKF1,,,,,,,,,,,,,,,,33.99954474051432,33.99462890625,,,7.153282670830359,,,,,,0.5781419277191162,7.153087929819855,,,,,,7.152951240539551,,7.152951240539551,0.06885869055986404
79.494856,POS,,,,,,,,,,,,,,,,33.99503878780915,33.990481882805554,,,,,37.427505,-122.1693155,,,0.5565999993856963,,,,29.104167938232422,,,,,,
79.507351,GUIA,,0.0,,,,,,-20.0,0.0,2.90813716219418e-07,0.0,0.0,6,89.99999237060547,0.0,,,,,,,,,,,,,,,,,,,,,
79.507351,GUIA,,0.0,,,,,,-20.0,0.0,2.90813716219418e-07,0.0,0.0,6,89.99999237060547,0.0,,,,,,,,,,,,,,,,,,,,,
79.522345,GUIA,,0.0,,,,,,-20.0,0.0,2.90813716219418e-07,0.0,0.0,6,89.99999237060547,0.0,,,,,,,,,,,,,,,,,,,,,
79.58482,GUIA,,0.0,,,,,,-20.0,0.0,2.90813716219418e-07,0.0,0.0,6,89.99999237060547,0.0,,,,,,,,,,,,,,,,,,,,,
79.594816,ATT,3,,-19.99,0.0,90.0,0.0,0.0,-20.0,,-0.02,,,,90.04,,,,,,,,,,,,,,,,,,,,,,
79.594816,XKF1,,,,,,,,,,,,,,,,34.720978684048085,34.71603775024414,,,7.162353034811649,,,,,,0.5857334733009338,7.162170783607376,,,,,,7.162013530731201,,7.162013530731201,0.06973651051521301
79.594816,POS,,,,,,,,,,,,,,,,34.72001843206251,34.7153764245685,,,,,37.4275051,-122.1693073,,,0.5677319995157859,,,,29.10480308532715,,,,,,
79.644796,GUIA,,0.0,,,,,,-20.0,0.0,2.90813716219418e-07,0.0,0.0,6,89.99999237060547,0.0,,,,,,,,,,,,,,,,,,,,,
79.679782,GUIA,,0.0,,,,,,-20.0,0.0,2.90813716219418e-07,0.0,0.0,6,89.99999237060547,0.0,,,,,,,,,,,,,,,,,,,,,
79.694776,ATT,3,,-19.99,0.0,90.0,0.0,0.0,-20.0,,-0.03,,,,90.06,,,,,,,,,,,,,,,,,,,,,,
79.694776,XKF1,,,,,,,,,,,,,,,,35.442709861508675,35.437744140625,,,7.170599846453277,,,,,,0.5932727456092834,7.170429095855108,,,,,,7.170252799987793,,7.170252799987793,0.0705474466085434
79.694776,POS,,,,,,,,,,,,,,,,35.43615909381531,35.43143078951376,,,,,37.4275052,-122.1692992,,,0.5788639996458755,,,,29.10541534423828,,,,,,
79.70227299999999,GUIA,,0.0,,,,,,-20.0,0.0,2.90813716219418e-07,0.0,0.0,6,89.99999237060547,0.0,,,,,,,,,,,,,,,,,,,,,
79.744756,GUIA,,0.0,,,,,,-20.0,0.0,2.90813716219418e-07,0.0,0.0,6,89.99999237060547,0.0,,,,,,,,,,,,,,,,,,,,,
79.75975,GUIA,,0.0,,,,,,-20.0,0.0,2.90813716219418e-07,0.0,0.0,6,89.99999237060547,0.0,,,,,,,,,,,,,,,,,,,,,
79.794736,ATT,3,,-19.99,0.0,90.0,0.0,0.0,-20.01,,-0.04,,,,90.07,,,,,,,,,,,,,,,,,,,,,,
79.794736,XKF1,,,,,,,,,,,,,,,,36.16676727179812,36.161773681640625,,,7.179105002900165,,,,,,0.6009817719459534,7.178946419912278,,,,,,7.17874813079834,,7.17874813079834,0.07158154249191284
79.794736,POS,,,,,,,,,,,,,,,,36.160958850550514,36.156325331276705,,,,,37.4275052,-122.169291,,,0.5788639996458755,,,,29.10594940185547,,,,,,
79.867207,GUIA,,0.0,,,,,,-20.0,0.0,2.90813716219418e-07,0.0,0.0,6,89.99999237060547,0.0,,,,,,,,,,,,,,,,,,,,,
79.894696,ATT,3,,-19.99,0.0,90.0,0.0,0.0,-20.02,,-0.04,,,,90.07,,,,,,,,,,,,,,,,,,,,,,
79.894696,XKF1,,,,,,,,,,,,,,,,36.89067174982051,36.885650634765625,,,7.186828892339184,,,,,,0.6086373329162598,7.186681700352573,,,,,,7.18646240234375,,7.18646240234375,0.07257869839668274
79.894696,POS,,,,,,,,,,,,,,,,36.885938711157216,36.88121987303965,,,,,37.4275053,-122.1692828,,,0.5899959997759652,,,,29.106584548950195,,,,,,
79.904692,GUIA,,0.0,,,,,,-20.0,0.0,2.90813716219418e-07,0.0,0.0,6,89.99999237060547,0.0,,,,,,,,,,,,,,,,,,,,,
79.904692,GUIA,,0.0,,,,,,-20.0,0.0,2.90813716219418e-07,0.0,0.0,6,89.99999237060547,0.0,,,,,,,,,,,,,,,,,,,,,
79.944676,GUIA,,0.0,,,,,,-20.0,0.0,2.90813716219418e-07,0.0,0.0,6,89.99999237060547,0.0,,,,,,,,,,,,,,,,,,,,,
79.969666,GUIA,,0.0,,,,,,-20.0,0.0,2.90813716219418e-07,0.0,0.0,6,89.99999237060547,0.0,,,,,,,,,,,,,,,,,,,,,
79.98715899999999,GUIA,,0.0,,,,,,-20.0,0.0,2.90813716219418e-07,0.0,0.0,6,89.99999237060547,0.0,,,,,,,,,,,,,,,,,,,,,
79.99465599999999,ATT,3,,-19.99,0.0,90.0,0.0,0.0,-20.02,,-0.03,,,,90.06,,,,,,,,,,,,,,,,,,,,,,
79.99465599999999,XKF1,,,,,,,,,,,,,,,,37.61637869392564,37.611328125,,,7.194639949449918,,,,,,0.6163949370384216,7.194503304434353,,,,,,7.194263935089111,,7.194263935089111,0.07355565577745438
79.99465599999999,POS,,,,,,,,,,,,,,,,37.61091857886458,37.60611441605885,,,,,37.4275054,-122.1692746,,,0.6011279999060548,,,,29.107288360595703,,,,,,
80.037139,GUIA,,0.0,,,,,,-20.0,0.0,2.90813716219418e-07,0.0,0.0,6,89.99999237060547,0.0,,,,,,,,,,,,,,,,,,,,,
80.037139,GUIA,,0.0,,,,,,-20.0,0.0,2.90813716219418e-07,0.0,0.0,6,89.99999237060547,0.0,,,,,,,,,,,,,,,,,,,,,
80.042137,GUIA,,0.0,,,,,,-20.0,0.0,2.90813716219418e-07,0.0,0.0,6,89.99999237060547,0.0,,,,,,,,,,,,,,,,,,,,,
80.094616,ATT,3,,-19.99,0.0,90.0,0.0,0.0,-20.02,,-0.02,,,,90.04,,,,,,,,,,,,,,,,,,,,,,
80.094616,XKF1,,,,,,,,,,,,,,,,38.3417110706492,38.336631774902344,,,7.201624808031353,,,,,,0.6240769028663635,7.201496909955437,,,,,,7.201241493225098,,7.201241493225098,0.0743023008108139
80.094616,POS,,,,,,,,,,,,,,,,38.335898450828815,38.331008957821794,,,,,37.4275055,-122.1692664,,,0.6122600000361444,,,,29.108055114746094,,,,,,
80.102113,GUIA,,0.0,,,,,,-20.0,0.0,2.90813716219418e-07,0.0,0.0,6,89.99999237060547,0.0,,,,,,,,,,,,,,,,,,,,,
80.18458,GUIA,,0.0,,,,,,-20.0,0.0,2.90813716219418e-07,0.0,0.0,6,89.99999237060547,0.0,,,,,,,,,,,,,,,,,,,,,
80.194576,ATT,3,,-19.99,0.0,90.0,0.0,0.0,-20.01,,0.0,,,,90.02,,,,,,,,,,,,,,,,,,,,,,
80.194576,XKF1,,,,,,,,,,,,,,,,39.06846262270845,39.0633544921875,,,7.208294789085673,,,,,,0.6317495703697205,7.20817457407293,,,,,,7.207905292510986,,7.207905292510986,0.07493370771408081
80.194576,POS,,,,,,,,,,,,,,,,39.06070225273119,39.05590349958474,,,,,37.4275055,-122.1692582,,,0.6122600000361444,,,,29.108837127685547,,,,,,
80.217067,GUIA,,0.0,,,,,,-20.0,0.0,2.90813716219418e-07,0.0,0.0,6,89.99999237060547,0.0,,,,,,,,,,,,,,,,,,,,,
80.217067,GUIA,,0.0,,,,,,-20.0,0.0,2.90813716219418e-07,0.0,0.0,6,89.99999237060547,0.0,,,,,,,,,,,,,,,,,,,,,
80.28453999999999,GUIA,,0.0,,,,,,-20.0,0.0,2.90813716219418e-07,0.0,0.0,6,89.99999237060547,0.0,,,,,,,,,,,,,,,,,,,,,
80.28453999999999,GUIA,,0.0,,,,,,-20.0,0.0,2.90813716219418e-07,0.0,0.0,6,89.99999237060547,0.0,,,,,,,,,,,,,,,,,,,,,
80.294536,ATT,3,,-19.99,0.0,90.0,0.0,0.0,-20.0,,0.0,,,,90.0,,,,,,,,,,,,,,,,,,,,,,
80.294536,XKF1,,,,,,,,,,,,,,,,39.79465817046819,39.789520263671875,,,7.2139069891273895,,,,,,0.6394498348236084,7.213793200401883,,,,,,7.213512897491455,,7.213512897491455,0.07540374994277954
80.294536,POS,,,,,,,,,,,,,,,,39.794521321638356,39.78963821942163,,,,,37.4275056,-122.1692499,,,0.6233920001662341,,,,29.10960578918457,,,,,,
80.3845,GUIA,,0.0,,,,,,-20.0,0.0,2.90813716219418e-07,0.0,0.0,6,89.99999237060547,0.0,,,,,,,,,,,,,,,,,,,,,
80.394496,ATT,3,,-19.99,0.0,90.0,0.0,0.0,-20.01,,0.01,,,,89.98,,,,,,,,,,,,,,,,,,,,,,
80.394496,XKF1,,,,,,,,,,,,,,,,40.52188679682453,40.51671600341797,,,7.2193557571497955,,,,,,0.64732825756073,7.219247729513395,,,,,,7.218957424163818,,7.218957424163818,0.07583703845739365
80.394496,POS,,,,,,,,,,,,,,,,40.51950129953534,40.514532761184576,,,,,37.4275057,-122.1692417,,,0.6345239995053475,,,,29.110401153564453,,,,,,
80.406991,GUIA,,0.0,,,,,,-20.0,0.0,2.90813716219418e-07,0.0,0.0,6,89.99999237060547,0.0,,,,,,,,,,,,,,,,,,,,,
80.43448,GUIA,,0.0,,,,,,-20.0,0.0,2.90813716219418e-07,0.0,0.0,6,89.99999237060547,0.0,,,,,,,,,,,,,,,,,,,,,
80.469466,GUIA,,0.0,,,,,,-20.0,0.0,2.90813716219418e-07,0.0,0.0,6,89.99999237060547,0.0,,,,,,,,,,,,,,,,,,,,,
80.481961,GUIA,,0.0,,,,,,-20.0,0.0,2.90813716219418e-07,0.0,0.0,6,89.99999237060547,0.0,,,,,,,,,,,,,,,,,,,,,
80.494456,ATT,3,,-19.99,0.0,90.0,0.0,0.0,-20.02,,0.01,,,,89.96,,,,,,,,,,,,,,,,,,,,,,
80.494456,XKF1,,,,,,,,,,,,,,,,41.24858254220394,41.243377685546875,,,7.224115026479087,,,,,,0.6552547812461853,7.224011972240128,,,,,,7.223713397979736,,7.223713397979736,0.07617519050836563
80.494456,POS,,,,,,,,,,,,,,,,41.24430851621884,41.23942730294752,,,,,37.4275057,-122.1692335,,,0.6345239995053475,,,,29.111167907714844,,,,,,
80.53444,GUIA,,0.0,,,,,,-20.0,0.0,2.90813716219418e-07,0.0,0.0,6,89.99999237060547,0.0,,,,,,,,,,,,,,,,,,,,,
80.55942999999999,GUIA,,0.0,,,,,,-20.0,0.0,2.90813716219418e-07,0.0,0.0,6,89.99999237060547,0.0,,,,,,,,,,,,,,,,,,,,,
80.579422,GUIA,,0.0,,,,,,-20.0,0.0,2.90813716219418e-07,0.0,0.0,6,89.99999237060547,0.0,,,,,,,,,,,,,,,,,,,,,
80.594416,ATT,3,,-19.99,0.0,90.0,0.0,0.0,-20.02,,0.01,,,,89.96,,,,,,,,,,,,,,,,,,,,,,
80.594416,XKF1,,,,,,,,,,,,,,,,41.97629030092545,41.971046447753906,,,7.229006911689183,,,,,,0.6634813547134399,7.228909062931638,,,,,,7.22860050201416,,7.22860050201416,0.07665318995714188
80.594416,POS,,,,,,,,,,,,,,,,41.969288529372825,41.96432184596672,,,,,37.4275058,-122.1692253,,,0.6456559996354372,,,,29.11190414428711,,,,,,
80.624404,GUIA,,0.0,,,,,,-20.0,0.0,2.90813716219418e-07,0.0,0.0,6,89.99999237060547,0.0,,,,,,,,,,,,,,,,,,,,,
80.631901,GUIA,,0.0,,,,,,-20.0,0.0,2.90813716219418e-07,0.0,0.0,6,89.99999237060547,0.0,,,,,,,,,,,,,,,,,,,,,
80.68438,GUIA,,0.0,,,,,,-20.0,0.0,2.90813716219418e-07,0.0,0.0,6,89.99999237060547,0.0,,,,,,,,,,,,,,,,,,,,,
80.69437599999999,ATT,3,,-19.99,0.0,90.0,0.0,0.0,-20.02,,0.01,,,,89.96,,,,,,,,,,,,,,,,,,,,,,
80.69437599999999,XKF1,,,,,,,,,,,,,,,,42.70272159867117,42.69744110107422,,,7.232878375931486,,,,,,0.6715320944786072,7.232785212816115,,,,,,7.232468128204346,,7.232468128204346,0.07703489810228348
80.69437599999999,POS,,,,,,,,,,,,,,,,42.69426854128131,42.689216387729665,,,,,37.4275059,-122.1692171,,,0.6567879997655268,,,,29.112552642822266,,,,,,
80.719366,GUIA,,0.0,,,,,,-20.0,0.0,2.90813716219418e-07,0.0,0.0,6,89.99999237060547,0.0,,,,,,,,,,,,,,,,,,,,,
80.719366,GUIA,,0.0,,,,,,-20.0,0.0,2.90813716219418e-07,0.0,0.0,6,89.99999237060547,0.0,,,,,,,,,,,,,,,,,,,,,
80.781841,GUIA,,0.0,,,,,,-20.0,0.0,2.90813716219418e-07,0.0,0.0,6,89.99999237060547,0.0,,,,,,,,,,,,,,,,,,,,,
80.781841,GUIA,,0.0,,,,,,-20.0,0.0,2.90813716219418e-07,0.0,0.0,6,89.99999237060547,0.0,,,,,,,,,,,,,,,,,,,,,
80.794336,ATT,3,,-19.99,0.0,90.0,0.0,0.0,-20.01,,0.01,,,,89.96,,,,,,,,,,,,,,,,,,,,,,
80.794336,XKF1,,,,,,,,,,,,,,,,43.424093902685236,43.41877365112305,,,7.234507577664156,,,,,,0.6797248721122742,7.234419586425417,,,,,,7.234091758728027,,7.234091758728027,0.07756492495536804
80.794336,POS,,,,,,,,,,,,,,,,43.419248553199886,43.41411092949261,,,,,37.427506,-122.1692089,,,0.6679199998956165,,,,29.113204956054688,,,,,,
80.829322,GUIA,,0.0,,,,,,-20.0,0.0,2.90813716219418e-07,0.0,0.0,6,89.99999237060547,0.0,,,,,,,,,,,,,,,,,,,,,
80.84681499999999,GUIA,,0.0,,,,,,-20.0,0.0,2.90813716219418e-07,0.0,0.0,6,89.99999237060547,0.0,,,,,,,,,,,,,,,,,,,,,
80.876803,GUIA,,0.0,,,,,,-20.0,0.0,2.90813716219418e-07,0.0,0.0,6,89.99999237060547,0.0,,,,,,,,,,,,,,,,,,,,,
80.894296,ATT,3,,-19.99,0.0,90.0,0.0,0.0,-20.0,,0.01,,,,89.98,,,,,,,,,,,,,,,,,,,,,,
80.894296,XKF1,,,,,,,,,,,,,,,,44.14583421970071,44.14047622680664,,,7.235871215685606,,,,,,0.6877771615982056,7.235787866553561,,,,,,7.235450744628906,,7.235450744628906,0.07800494879484177
80.894296,POS,,,,,,,,,,,,,,,,44.14405872954806,44.13900547125555,,,,,37.427506,-122.1692007,,,0.6679199998956165,,,,29.113725662231445,,,,,,
80.914288,GUIA,,0.0,,,,,,-20.0,0.0,2.90813716219418e-07,0.0,0.0,6,89.99999237060547,0.0,,,,,,,,,,,,,,,,,,,,,
80.924284,GUIA,,0.0,,,,,,-20.0,0.0,2.90813716219418e-07,0.0,0.0,6,89.99999237060547,0.0,,,,,,,,,,,,,,,,,,,,,
80.98425999999999,GUIA,,0.0,,,,,,-20.0,0.0,2.90813716219418e-07,0.0,0.0,6,89.99999237060547,0.0,,,,,,,,,,,,,,,,,,,,,
80.994256,ATT,3,,-19.99,0.0,90.0,0.0,0.0,-19.99,,0.0,,,,89.99,,,,,,,,,,,,,,,,,,,,,,
80.994256,XKF1,,,,,,,,,,,,,,,,44.86456719683835,44.85916519165039,,,7.236102189437026,,,,,,0.6961954236030579,7.2360237406991095,,,,,,7.23567533493042,,7.23567533493042,0.0785960778594017
80.994256,POS,,,,,,,,,,,,,,,,44.86019955960845,44.855059836200816,,,,,37.4275061,-122.1691926,,,0.6790520000257061,,,,29.114381790161133,,,,,,
81.001753,GUIA,,0.0,,,,,,-20.0,0.0,2.90813716219418e-07,0.0,0.0,6,89.99999237060547,0.0,,,,,,,,,,,,,,,,,,,,,
81.011749,GUIA,,0.0,,,,,,-20.0,0.0,2.90813716219418e-07,0.0,0.0,6,89.99999237060547,0.0,,,,,,,,,,,,,,,,,,,,,
81.071725,GUIA,,0.0,,,,,,-20.0,0.0,2.90813716219418e-07,0.0,0.0,6,89.99999237060547,0.0,,,,,,,,,,,,,,,,,,,,,
81.071725,GUIA,,0.0,,,,,,-20.0,0.0,2.90813716219418e-07,0.0,0.0,6,89.99999237060547,0.0,,,,,,,,,,,,,,,,,,,,,
81.094216,ATT,3,,-19.99,0.0,90.0,0.0,0.0,-19.99,,0.0,,,,90.01,,,,,,,,,,,,,,,,,,,,,,
81.094216,XKF1,,,,,,,,,,,,,,,,45.58436195130839,45.57891845703125,,,7.23611958019194,,,,,,0.704447865486145,7.236045954340544,,,,,,7.235686302185059,,7.235686302185059,0.07918532192707062
81.094216,POS,,,,,,,,,,,,,,,,45.57634039156685,45.571114201146074,,,,,37.4275062,-122.1691845,,,0.6901840001557957,,,,29.115028381347656,,,,,,
81.11670699999999,GUIA,,0.0,,,,,,-20.0,0.0,2.90813716219418e-07,0.0,0.0,6,89.99999237060547,0.0,,,,,,,,,,,,,,,,,,,,,
81.18418,GUIA,,0.0,,,,,,-20.0,0.0,2.90813716219418e-07,0.0,0.0,6,89.99999237060547,0.0,,,,,,,,,,,,,,,,,,,,,
81.194176,ATT,3,,-19.99,0.0,90.0,0.0,0.0,-19.98,,0.0,,,,90.02,,,,,,,,,,,,,,,,,,,,,,
81.194176,XKF1,,,,,,,,,,,,,,,,46.30230154948215,46.29681396484375,,,7.23559043076829,,,,,,0.7128432393074036,7.235521826385257,,,,,,7.235149383544922,,7.235149383544922,0.07988917082548141
81.194176,POS,,,,,,,,,,,,,,,,46.30132038781028,46.29600874290902,,,,,37.4275063,-122.1691763,,,0.7013159994949092,,,,29.115760803222656,,,,,,
81.239991,GUIA,,0.0,,,,,,-20.0,0.0,2.90813716219418e-07,0.0,0.0,6,89.99999237060547,0.0,,,,,,,,,,,,,,,,,,,,,
81.244989,GUIA,,0.0,,,,,,-20.0,0.0,2.90813716219418e-07,0.0,0.0,6,89.99999237060547,0.0,,,,,,,,,,,,,,,,,,,,,
81.277476,GUIA,,0.0,,,,,,-20.0,0.0,2.90813716219418e-07,0.0,0.0,6,89.99999237060547,0.0,,,,,,,,,,,,,,,,,,,,,
81.294969,ATT,3,,-19.99,0.0,90.0,0.0,0.0,-19.98,,-0.01,,,,90.02,,,,,,,,,,,,,,,,,,,,,,
81.294969,XKF1,,,,,,,,,,,,,,,,47.02283739660182,47.01730728149414,,,7.235866950442903,,,,,,0.7211468815803528,7.235803278693475,,,,,,7.23541784286499,,7.23541784286499,0.08061739057302475
81.294969,POS,,,,,,,,,,,,,,,,47.01729385862207,47.012063107854274,,,,,37.4275063,-122.1691682,,,0.7013159994949092,,,,29.116436004638672,,,,,,
81.324957,GUIA,,0.0,,,,,,-20.0,0.0,2.90813716219418e-07,0.0,0.0,6,89.99999237060547,0.0,,,,,,,,,,,,,,,,,,,,,
81.324957,GUIA,,0.0,,,,,,-20.0,0.0,2.90813716219418e-07,0.0,0.0,6,89.99999237060547,0.0,,,,,,,,,,,,,,,,,,,,,
81.387432,GUIA,,0.0,,,,,,-20.0,0.0,2.90813716219418e-07,0.0,0.0,6,89.99999237060547,0.0,,,,,,,,,,,,,,,,,,,,,
81.387432,GUIA,,0.0,,,,,,-20.0,0.0,2.90813716219418e-07,0.0,0.0,6,89.99999237060547,0.0,,,,,,,,,,,,,,,,,,,,,
81.394929,ATT,3,,-19.99,0.0,90.0,0.0,0.0,-19.98,,-0.01,,,,90.02,,,,,,,,,,,,,,,,,,,,,,
81.394929,XKF1,,,,,,,,,,,,,,,,47.74749277092478,47.741920471191406,,,7.237693730645789,,,,,,0.7294488549232483,7.237634914507267,,,,,,7.237236022949219,,7.237236022949219,0.08139586448669434
81.394929,POS,,,,,,,,,,,,,,,,47.74227380208778,47.73695764961722,,,,,37.4275064,-122.16916,,,0.7124479996249988,,,,29.11715316772461,,,,,,
81.452406,GUIA,,0.0,,,,,,-20.0,0.0,2.90813716219418e-07,0.0,0.0,6,89.99999237060547,0.0,,,,,,,,,,,,,,,,,,,,,
81.452406,GUIA,,0.0,,,,,,-20.0,0.0,2.90813716219418e-07,0.0,0.0,6,89.99999237060547,0.0,,,,,,,,,,,,,,,,,,,,,
81.494889,ATT,3,,-19.99,0.0,90.0,0.0,0.0,-19.98,,-0.01,,,,90.02,,,,,,,,,,,,,,,,,,,,,,
81.494889,XKF1,,,,,,,,,,,,,,,,48.47293844642191,48.467323303222656,,,7.23950329632092,,,,,,0.7377895712852478,7.239449035086582,,,,,,7.239037036895752,,7.239037036895752,0.08216298371553421
81.494889,POS,,,,,,,,,,,,,,,,48.46725374886621,48.46185219263643,,,,,37.4275065,-122.1691518,,,0.7235799997550885,,,,29.11777114868164,,,,,,
81.497388,GUIA,,0.0,,,,,,-20.0,0.0,2.90813716219418e-07,0.0,0.0,6,89.99999237060547,0.0,,,,,,,,,,,,,,,,,,,,,
81.527376,GUIA,,0.0,,,,,,-20.0,0.0,2.90813716219418e-07,0.0,0.0,6,89.99999237060547,0.0,,,,,,,,,,,,,,,,,,,,,
81.539871,GUIA,,0.0,,,,,,-20.0,0.0,2.90813716219418e-07,0.0,0.0,6,89.99999237060547,0.0,,,,,,,,,,,,,,,,,,,,,
81.594849,ATT,3,,-19.99,0.0,90.0,0.0,0.0,-19.99,,-0.01,,,,90.01,,,,,,,,,,,,,,,,,,,,,,
81.594849,XKF1,,,,,,,,,,,,,,,,49.206794698697095,49.201133728027344,,,7.242044819853188,,,,,,0.7463808655738831,7.241995085047586,,,,,,7.2415690422058105,,7.2415690422058105,0.0830119252204895
81.594849,POS,,,,,,,,,,,,,,,,49.20107288730486,49.19558691121705,,,,,37.4275066,-122.1691435,,,0.7347119998851781,,,,29.118446350097656,,,,,,
81.597348,GUIA,,0.0,,,,,,-20.0,0.0,2.90813716219418e-07,0.0,0.0,6,89.99999237060547,0.0,,,,,,,,,,,,,,,,,,,,,
81.597348,GUIA,,0.0,,,,,,-20.0,0.0,2.90813716219418e-07,0.0,0.0,6,89.99999237060547,0.0,,,,,,,,,,,,,,,,,,,,,
81.654825,GUIA,,0.0,,,,,,-20.0,0.0,2.90813716219418e-07,0.0,0.0,6,89.99999237060547,0.0,,,,,,,,,,,,,,,,,,,,,
81.664821,GUIA,,0.0,,,,,,-20.0,0.0,2.90813716219418e-07,0.0,0.0,6,89.99999237060547,0.0,,,,,,,,,,,,,,,,,,,,,
81.69480899999999,ATT,3,,-19.99,0.0,90.0,0.0,0.0,-19.99,,0.0,,,,90.0,,,,,,,,,,,,,,,,,,,,,,
81.69480899999999,XKF1,,,,,,,,,,,,,,,,49.9346114872241,49.92890548706055,,,7.244296369133378,,,,,,0.7548650503158569,7.244250747420926,,,,,,7.24381160736084,,7.24381160736084,0.08380501717329025
81.69480899999999,POS,,,,,,,,,,,,,,,,49.93472699695079,49.929321631053945,,,,,37.4275066,-122.1691352,,,0.7347119998851781,,,,29.11904525756836,,,,,,
81.737292,GUIA,,0.0,,,,,,-20.0,0.0,2.90813716219418e-07,0.0,0.0,6,89.99999237060547,0.0,,,,,,,,,,,,,,,,,,,,,
81.789771,GUIA,,0.0,,,,,,-20.0,0.0,2.90813716219418e-07,0.0,0.0,6,89.99999237060547,0.0,,,,,,,,,,,,,,,,,,,,,
81.789771,GUIA,,0.0,,,,,,-20.0,0.0,2.90813716219418e-07,0.0,0.0,6,89.99999237060547,0.0,,,,,,,,,,,,,,,,,,,,,
81.794769,ATT,3,,-19.99,0.0,90.0,0.0,0.0,-19.99,,0.0,,,,89.98,,,,,,,,,,,,,,,,,,,,,,
81.794769,XKF1,,,,,,,,,,,,,,,,50.66404960700228,50.65829849243164,,,7.246974067395277,,,,,,0.7633586525917053,7.246931997667589,,,,,,7.246481418609619,,7.246481418609619,0.08449960500001907
81.794769,POS,,,,,,,,,,,,,,,,50.65970686210909,50.65421617281689,,,,,37.4275067,-122.169127,,,0.7458440000152677,,,,29.119678497314453,,,,,,
81.847248,GUIA,,0.0,,,,,,-20.0,0.0,2.90813716219418e-07,0.0,0.0,6,89.99999237060547,0.0,,,,,,,,,,,,,,,,,,,,,
81.857244,GUIA,,0.0,,,,,,-20.0,0.0,2.90813716219418e-07,0.0,0.0,6,89.99999237060547,0.0,,,,,,,,,,,,,,,,,,,,,
81.89223,GUIA,,0.0,,,,,,-20.0,0.0,2.90813716219418e-07,0.0,0.0,6,89.99999237060547,0.0,,,,,,,,,,,,,,,,,,,,,
81.894729,ATT,3,,-19.99,0.0,90.0,0.0,0.0,-20.0,,0.0,,,,89.97,,,,,,,,,,,,,,,,,,,,,,
81.894729,XKF1,,,,,,,,,,,,,,,,51.39312445795208,51.3873291015625,,,7.249413123169855,,,,,,0.7717832326889038,7.249374117549353,,,,,,7.248913764953613,,7.248913764953613,0.0850873589515686
81.894729,POS,,,,,,,,,,,,,,,,51.38468673141686,51.37911071457983,,,,,37.4275068,-122.1691188,,,0.7569760001453574,,,,29.120220184326172,,,,,,
81.924717,GUIA,,0.0,,,,,,-20.0,0.0,2.90813716219418e-07,0.0,0.0,6,89.99999237060547,0.0,,,,,,,,,,,,,,,,,,,,,
81.937212,GUIA,,0.0,,,,,,-20.0,0.0,2.90813716219418e-07,0.0,0.0,6,89.99999237060547,0.0,,,,,,,,,,,,,,,,,,,,,
81.989691,GUIA,,0.0,,,,,,-20.0,0.0,2.90813716219418e-07,0.0,0.0,6,89.99999237060547,0.0,,,,,,,,,,,,,,,,,,,,,
81.994689,ATT,3,,-19.99,0.0,90.0,0.0,0.0,-20.01,,0.0,,,,89.96,,,,,,,,,,,,,,,,,,,,,,
81.994689,XKF1,,,,,,,,,,,,,,,,52.12350228152405,52.1176643371582,,,7.252266985117647,,,,,,0.7800987958908081,7.252230664339125,,,,,,7.2517619132995605,,7.2517619132995605,0.08558958023786545
81.994689,POS,,,,,,,,,,,,,,,,52.118505822503,52.11284543441672,,,,,37.4275069,-122.1691105,,,0.7681079994844708,,,,29.120792388916016,,,,,,
82.012182,GUIA,,0.0,,,,,,-20.0,0.0,2.90813716219418e-07,0.0,0.0,6,89.99999237060547,0.0,,,,,,,,,,,,,,,,,,,,,
82.037172,GUIA,,0.0,,,,,,-20.0,0.0,2.90813716219418e-07,0.0,0.0,6,89.99999237060547,0.0,,,,,,,,,,,,,,,,,,,,,
82.087152,GUIA,,0.0,,,,,,-20.0,0.0,2.90813716219418e-07,0.0,0.0,6,89.99999237060547,0.0,,,,,,,,,,,,,,,,,,,,,
82.087152,GUIA,,0.0,,,,,,-20.0,0.0,2.90813716219418e-07,0.0,0.0,6,89.99999237060547,0.0,,,,,,,,,,,,,,,,,,,,,
82.094649,ATT,3,,-19.99,0.0,90.0,0.0,0.0,-20.02,,0.01,,,,89.96,,,,,,,,,,,,,,,,,,,,,,
82.094649,XKF1,,,,,,,,,,,,,,,,52.853179287797644,52.84729766845703,,,7.254705921885945,,,,,,0.7884731888771057,7.254671865900732,,,,,,7.2541961669921875,,7.2541961669921875,0.08599990606307983
82.094649,POS,,,,,,,,,,,,,,,,52.85216196049905,52.84658015425361,,,,,37.4275069,-122.1691022,,,0.7681079994844708,,,,29.121244430541992,,,,,,
82.149627,GUIA,,0.0,,,,,,-20.0,0.0,2.90813716219418e-07,0.0,0.0,6,89.99999237060547,0.0,,,,,,,,,,,,,,,,,,,,,
82.154625,GUIA,,0.0,,,,,,-20.0,0.0,2.90813716219418e-07,0.0,0.0,6,89.99999237060547,0.0,,,,,,,,,,,,,,,,,,,,,
82.194609,ATT,3,,-19.99,0.0,90.0,0.0,0.0,-20.03,,0.01,,,,89.97,,,,,,,,,,,,,,,,,,,,,,
82.194609,XKF1,,,,,,,,,,,,,,,,53.583551840146285,53.5776252746582,,,7.2574063425503335,,,,,,0.796930193901062,7.257374573083552,,,,,,7.256891250610352,,7.256891250610352,0.0864650085568428
82.194609,POS,,,,,,,,,,,,,,,,53.57714173117992,53.57147469601655,,,,,37.427507,-122.169094,,,0.7792399996145605,,,,29.12171745300293,,,,,,
82.207104,GUIA,,0.0,,,,,,-20.0,0.0,2.90813716219418e-07,0.0,0.0,6,89.99999237060547,0.0,,,,,,,,,,,,,,,,,,,,,
82.284573,GUIA,,0.0,,,,,,-20.0,0.0,2.90813716219418e-07,0.0,0.0,6,89.99999237060547,0.0,,,,,,,,,,,,,,,,,,,,,
82.294569,ATT,3,,-19.99,0.0,90.0,0.0,0.0,-20.03,,0.01,,,,89.97,,,,,,,,,,,,,,,,,,,,,,
82.294569,XKF1,,,,,,,,,,,,,,,,54.31322033083662,54.307247161865234,,,7.259698761865012,,,,,,0.8054864406585693,7.259669061628682,,,,,,7.259178638458252,,7.259178638458252,0.08689998835325241
82.294569,POS,,,,,,,,,,,,,,,,54.31096075008872,54.30520941585344,,,,,37.4275071,-122.1690857,,,0.7903719997446501,,,,29.122159957885742,,,,,,
82.314561,GUIA,,0.0,,,,,,-20.0,0.0,2.90813716219418e-07,0.0,0.0,6,89.99999237060547,0.0,,,,,,,,,,,,,,,,,,,,,
82.314561,GUIA,,0.0,,,,,,-20.0,0.0,2.90813716219418e-07,0.0,0.0,6,89.99999237060547,0.0,,,,,,,,,,,,,,,,,,,,,
82.359543,GUIA,,0.0,,,,,,-20.0,0.0,2.90813716219418e-07,0.0,0.0,6,89.99999237060547,0.0,,,,,,,,,,,,,,,,,,,,,
82.387032,GUIA,,0.0,,,,,,-20.0,0.0,2.90813716219418e-07,0.0,0.0,6,89.99999237060547,0.0,,,,,,,,,,,,,,,,,,,,,
82.39202999999999,GUIA,,0.0,,,,,,-20.0,0.0,2.90813716219418e-07,0.0,0.0,6,89.99999237060547,0.0,,,,,,,,,,,,,,,,,,,,,
82.39452899999999,ATT,3,,-19.99,0.0,90.0,0.0,0.0,-20.02,,0.0,,,,89.98,,,,,,,,,,,,,,,,,,,,,,
82.39452899999999,XKF1,,,,,,,,,,,,,,,,55.04340301203408,55.03738021850586,,,7.261890337011371,,,,,,0.8142443299293518,7.26186292368536,,,,,,7.261363506317139,,7.261363506317139,0.08747168630361557
82.39452899999999,POS,,,,,,,,,,,,,,,,55.03594053205488,55.03010395761638,,,,,37.4275072,-122.1690775,,,0.8015039998747397,,,,29.122716903686523,,,,,,
82.452006,GUIA,,0.0,,,,,,-20.0,0.0,2.90813716219418e-07,0.0,0.0,6,89.99999237060547,0.0,,,,,,,,,,,,,,,,,,,,,
82.452006,GUIA,,0.0,,,,,,-20.0,0.0,2.90813716219418e-07,0.0,0.0,6,89.99999237060547,0.0,,,,,,,,,,,,,,,,,,,,,
82.452006,GUIA,,0.0,,,,,,-20.0,0.0,2.90813716219418e-07,0.0,0.0,6,89.99999237060547,0.0,,,,,,,,,,,,,,,,,,,,,
82.454505,GUIA,,0.0,,,,,,-20.0,0.0,2.90813716219418e-07,0.0,0.0,6,89.99999237060547,0.0,,,,,,,,,,,,,,,,,,,,,
82.494489,ATT,3,,-19.99,0.0,90.0,0.0,0.0,-20.02,,0.0,,,,90.0,,,,,,,,,,,,,,,,,,,,,,
82.494489,XKF1,,,,,,,,,,,,,,,,55.7729808639914,55.76690673828125,,,7.263546776453063,,,,,,0.8231083154678345,7.2635216814491335,,,,,,7.263012409210205,,7.263012409210205,0.08810514956712723
82.494489,POS,,,,,,,,,,,,,,,,55.76959846284397,55.76383867745327,,,,,37.4275072,-122.1690692,,,0.8015039998747397,,,,29.123207092285156,,,,,,
82.524477,GUIA,,0.0,,,,,,-20.0,0.0,2.90813716219418e-07,0.0,0.0,6,89.99999237060547,0.0,,,,,,,,,,,,,,,,,,,,,
82.584453,GUIA,,0.0,,,,,,-20.0,0.0,2.90813716219418e-07,0.0,0.0,6,89.99999237060547,0.0,,,,,,,,,,,,,,,,,,,,,
82.594449,ATT,3,,-19.99,0.0,90.0,0.0,0.0,-20.01,,0.0,,,,90.01,,,,,,,,,,,,,,,,,,,,,,
82.594449,XKF1,,,,,,,,,,,,,,,,56.50311222922776,56.49698257446289,,,7.2651546518305,,,,,,0.8322569131851196,7.2651322568274805,,,,,,7.2646098136901855,,7.2646098136901855,0.0889739841222763
82.594449,POS,,,,,,,,,,,,,,,,56.49457812905842,56.488733219216215,,,,,37.4275073,-122.169061,,,0.8126360000048294,,,,29.123743057250977,,,,,,
82.611942,GUIA,,0.0,,,,,,-20.0,0.0,2.90813716219418e-07,0.0,0.0,6,89.99999237060547,0.0,,,,,,,,,,,,,,,,,,,,,
82.619439,GUIA,,0.0,,,,,,-20.0,0.0,2.90813716219418e-07,0.0,0.0,6,89.99999237060547,0.0,,,,,,,,,,,,,,,,,,,,,
82.68441299999999,GUIA,,0.0,,,,,,-20.0,0.0,2.90813716219418e-07,0.0,0.0,6,89.99999237060547,0.0,,,,,,,,,,,,,,,,,,,,,
82.694409,ATT,3,,-19.99,0.0,90.0,0.0,0.0,-20.0,,-0.01,,,,90.03,,,,,,,,,,,,,,,,,,,,,,
82.694409,XKF1,,,,,,,,,,,,,,,,57.23259096713701,57.22640609741211,,,7.266299403649818,,,,,,0.8413762450218201,7.266279605667039,,,,,,7.265743732452393,,7.265743732452393,0.08986121416091919
82.694409,POS,,,,,,,,,,,,,,,,57.22839706608955,57.222467939053104,,,,,37.4275074,-122.1690527,,,0.823768000134919,,,,29.12419319152832,,,,,,
82.701906,GUIA,,0.0,,,,,,-20.0,0.0,2.90813716219418e-07,0.0,0.0,6,89.99999237060547,0.0,,,,,,,,,,,,,,,,,,,,,
82.709403,GUIA,,0.0,,,,,,-20.0,0.0,2.90813716219418e-07,0.0,0.0,6,89.99999237060547,0.0,,,,,,,,,,,,,,,,,,,,,
82.744389,GUIA,,0.0,,,,,,-20.0,0.0,2.90813716219418e-07,0.0,0.0,6,89.99999237060547,0.0,,,,,,,,,,,,,,,,,,,,,
82.759383,GUIA,,0.0,,,,,,-20.0,0.0,2.90813716219418e-07,0.0,0.0,6,89.99999237060547,0.0,,,,,,,,,,,,,,,,,,,,,
82.794369,ATT,3,,-19.99,0.0,90.0,0.0,0.0,-19.99,,-0.02,,,,90.03,,,,,,,,,,,,,,,,,,,,,,
82.794369,XKF1,,,,,,,,,,,,,,,,57.962413534378186,57.956172943115234,,,7.267176712729372,,,,,,0.8505295515060425,7.2671594957599455,,,,,,7.266609191894531,,7.266609191894531,0.09081974625587463
82.794369,POS,,,,,,,,,,,,,,,,57.96221600751504,57.95620265763373,,,,,37.4275075,-122.1690444,,,0.8348999994740325,,,,29.124710083007812,,,,,,
82.82935499999999,GUIA,,0.0,,,,,,-20.0,0.0,2.90813716219418e-07,0.0,0.0,6,89.99999237060547,0.0,,,,,,,,,,,,,,,,,,,,,
82.82935499999999,GUIA,,0.0,,,,,,-20.0,0.0,2.90813716219418e-07,0.0,0.0,6,89.99999237060547,0.0,,,,,,,,,,,,,,,,,,,,,
82.86684,GUIA,,0.0,,,,,,-20.0,0.0,2.90813716219418e-07,0.0,0.0,6,89.99999237060547,0.0,,,,,,,,,,,,,,,,,,,,,
82.894329,ATT,3,,-19.99,0.0,90.0,0.0,0.0,-19.98,,-0.02,,,,90.04,,,,,,,,,,,,,,,,,,,,,,
82.894329,XKF1,,,,,,,,,,,,,,,,58.691137760285855,58.68484115600586,,,7.267421935563051,,,,,,0.859691858291626,7.267407276580446,,,,,,7.266841411590576,,7.266841411590576,0.09185580164194107
82.894329,POS,,,,,,,,,,,,,,,,58.68719569733105,58.681097200652935,,,,,37.4275076,-122.1690362,,,0.8460319996041221,,,,29.124982833862305,,,,,,
82.901826,GUIA,,0.0,,,,,,-20.0,0.0,2.90813716219418e-07,0.0,0.0,6,89.99999237060547,0.0,,,,,,,,,,,,,,,,,,,,,
82.901826,GUIA,,0.0,,,,,,-20.0,0.0,2.90813716219418e-07,0.0,0.0,6,89.99999237060547,0.0,,,,,,,,,,,,,,,,,,,,,
82.96679999999999,GUIA,,0.0,,,,,,-20.0,0.0,2.90813716219418e-07,0.0,0.0,6,89.99999237060547,0.0,,,,,,,,,,,,,,,,,,,,,
82.96929899999999,GUIA,,0.0,,,,,,-20.0,0.0,2.90813716219418e-07,0.0,0.0,6,89.99999237060547,0.0,,,,,,,,,,,,,,,,,,,,,
82.994289,ATT,3,,-19.99,0.0,90.0,0.0,0.0,-19.98,,-0.03,,,,90.05,,,,,,,,,,,,,,,,,,,,,,
82.994289,XKF1,,,,,,,,,,,,,,,,59.41494825317542,59.408592224121094,,,7.265918494753591,,,,,,0.8690488338470459,7.265906312846804,,,,,,7.265323638916016,,7.265323638916016,0.09297308325767517
82.994289,POS,,,,,,,,,,,,,,,,59.412175393789646,59.40599174241588,,,,,37.4275077,-122.169028,,,0.8571639997342118,,,,29.125375747680664,,,,,,
83.006784,GUIA,,0.0,,,,,,-20.0,0.0,2.90813716219418e-07,0.0,0.0,6,89.99999237060547,0.0,,,,,,,,,,,,,,,,,,,,,
83.046768,GUIA,,0.0,,,,,,-20.0,0.0,2.90813716219418e-07,0.0,0.0,6,89.99999237060547,0.0,,,,,,,,,,,,,,,,,,,,,
83.046768,GUIA,,0.0,,,,,,-20.0,0.0,2.90813716219418e-07,0.0,0.0,6,89.99999237060547,0.0,,,,,,,,,,,,,,,,,,,,,
83.094249,GUIA,,0.0,,,,,,-20.0,0.0,2.90813716219418e-07,0.0,0.0,6,89.99999237060547,0.0,,,,,,,,,,,,,,,,,,,,,
83.094249,ATT,3,,-19.99,0.0,90.0,0.0,0.0,-19.98,,-0.03,,,,90.05,,,,,,,,,,,,,,,,,,,,,,
83.094249,XKF1,,,,,,,,,,,,,,,,60.13912150957717,60.13270568847656,,,7.264568941137112,,,,,,0.8784318566322327,7.264559138183538,,,,,,7.26395845413208,,7.26395845413208,0.09417790174484253
83.094249,POS,,,,,,,,,,,,,,,,60.13699539753616,60.13088628417882,,,,,37.4275077,-122.1690198,,,0.8571639997342118,,,,29.125587463378906,,,,,,
83.131734,GUIA,,0.0,,,,,,-20.0,0.0,2.90813716219418e-07,0.0,0.0,6,89.99999237060547,0.0,,,,,,,,,,,,,,,,,,,,,
83.131734,GUIA,,0.0,,,,,,-20.0,0.0,2.90813716219418e-07,0.0,0.0,6,89.99999237060547,0.0,,,,,,,,,,,,,,,,,,,,,
83.189211,GUIA,,0.0,,,,,,-20.0,0.0,2.90813716219418e-07,0.0,0.0,6,89.99999237060547,0.0,,,,,,,,,,,,,,,,,,,,,
83.194209,ATT,3,,-19.99,0.0,90.0,0.0,0.0,-19.98,,-0.04,,,,90.05,,,,,,,,,,,,,,,,,,,,,,
83.194209,XKF1,,,,,,,,,,,,,,,,60.86034850049415,60.85387420654297,,,7.2622376162267575,,,,,,0.8877013325691223,7.262229773826857,,,,,,7.261612892150879,,7.261612892150879,0.09525439143180847
83.194209,POS,,,,,,,,,,,,,,,,60.85313569818247,60.846940649124086,,,,,37.4275078,-122.1690117,,,0.8682959998643014,,,,29.12601661682129,,,,,,
83.211702,GUIA,,0.0,,,,,,-20.0,0.0,2.90813716219418e-07,0.0,0.0,6,89.99999237060547,0.0,,,,,,,,,,,,,,,,,,,,,
83.234193,GUIA,,0.0,,,,,,-20.0,0.0,2.90813716219418e-07,0.0,0.0,6,89.99999237060547,0.0,,,,,,,,,,,,,,,,,,,,,
83.274177,GUIA,,0.0,,,,,,-20.0,0.0,2.90813716219418e-07,0.0,0.0,6,89.99999237060547,0.0,,,,,,,,,,,,,,,,,,,,,
83.284173,GUIA,,0.0,,,,,,-20.0,0.0,2.90813716219418e-07,0.0,0.0,6,89.99999237060547,0.0,,,,,,,,,,,,,,,,,,,,,
83.294169,ATT,3,,-19.99,0.0,90.0,0.0,0.0,-19.97,,-0.04,,,,90.05,,,,,,,,,,,,,,,,,,,,,,
83.294169,XKF1,,,,,,,,,,,,,,,,61.58251925357414,61.575984954833984,,,7.260245411362555,,,,,,0.8970810770988464,7.26023937403455,,,,,,7.259605407714844,,7.259605407714844,0.09639894962310791
83.294169,POS,,,,,,,,,,,,,,,,61.57811528766473,61.57183519088703,,,,,37.4275079,-122.1690035,,,0.879427999994391,,,,29.126209259033203,,,,,,
83.334986,GUIA,,0.0,,,,,,-20.0,0.0,2.90813716219418e-07,0.0,0.0,6,89.99999237060547,0.0,,,,,,,,,,,,,,,,,,,,,
83.362475,GUIA,,0.0,,,,,,-20.0,0.0,2.90813716219418e-07,0.0,0.0,6,89.99999237060547,0.0,,,,,,,,,,,,,,,,,,,,,
83.37497,GUIA,,0.0,,,,,,-20.0,0.0,2.90813716219418e-07,0.0,0.0,6,89.99999237060547,0.0,,,,,,,,,,,,,,,,,,,,,
83.39496199999999,ATT,3,,-19.99,0.0,90.0,0.0,0.0,-19.98,,-0.04,,,,90.05,,,,,,,,,,,,,,,,,,,,,,
83.39496199999999,XKF1,,,,,,,,,,,,,,,,62.30265628458314,62.29606628417969,,,7.2579669551950925,,,,,,0.9061487913131714,7.257962336035216,,,,,,7.2573137283325195,,7.2573137283325195,0.09737438708543777
83.39496199999999,POS,,,,,,,,,,,,,,,,62.294255613446275,62.28788955583229,,,,,37.427508,-122.1689954,,,0.8905600001244807,,,,29.126577377319336,,,,,,
83.427449,GUIA,,0.0,,,,,,-20.0,0.0,2.90813716219418e-07,0.0,0.0,6,89.99999237060547,0.0,,,,,,,,,,,,,,,,,,,,,
83.434946,GUIA,,0.0,,,,,,-20.0,0.0,2.90813716219418e-07,0.0,0.0,6,89.99999237060547,0.0,,,,,,,,,,,,,,,,,,,,,
83.484926,GUIA,,0.0,,,,,,-20.0,0.0,2.90813716219418e-07,0.0,0.0,6,89.99999237060547,0.0,,,,,,,,,,,,,,,,,,,,,
83.494922,ATT,3,,-19.99,0.0,90.0,0.0,0.0,-19.98,,-0.04,,,,90.04,,,,,,,,,,,,,,,,,,,,,,
83.494922,XKF1,,,,,,,,,,,,,,,,63.02509756580258,63.01844787597656,,,7.256685406724519,,,,,,0.915505588054657,7.256682057891972,,,,,,7.256017684936523,,7.256017684936523,0.09844007343053818
83.494922,POS,,,,,,,,,,,,,,,,63.019235223795334,63.01278409759523,,,,,37.4275081,-122.1689872,,,0.9016919994635941,,,,29.126859664916992,,,,,,
83.509916,GUIA,,0.0,,,,,,-20.0,0.0,2.90813716219418e-07,0.0,0.0,6,89.99999237060547,0.0,,,,,,,,,,,,,,,,,,,,,
83.53490599999999,GUIA,,0.0,,,,,,-20.0,0.0,2.90813716219418e-07,0.0,0.0,6,89.99999237060547,0.0,,,,,,,,,,,,,,,,,,,,,
83.5499,GUIA,,0.0,,,,,,-20.0,0.0,2.90813716219418e-07,0.0,0.0,6,89.99999237060547,0.0,,,,,,,,,,,,,,,,,,,,,
83.594882,ATT,3,,-19.99,0.0,90.0,0.0,0.0,-19.98,,-0.04,,,,90.04,,,,,,,,,,,,,,,,,,,,,,
83.594882,XKF1,,,,,,,,,,,,,,,,63.75104944395323,63.74433517456055,,,7.2567819854914974,,,,,,0.9252234101295471,7.256779687100803,,,,,,7.256099224090576,,7.256099224090576,0.09954313188791275
83.594882,POS,,,,,,,,,,,,,,,,63.74421484455254,63.73767864061444,,,,,37.4275082,-122.168979,,,0.9128239995936838,,,,29.127233505249023,,,,,,
83.627369,GUIA,,0.0,,,,,,-20.0,0.0,2.90813716219418e-07,0.0,0.0,6,89.99999237060547,0.0,,,,,,,,,,,,,,,,,,,,,
83.627369,GUIA,,0.0,,,,,,-20.0,0.0,2.90813716219418e-07,0.0,0.0,6,89.99999237060547,0.0,,,,,,,,,,,,,,,,,,,,,
83.66485399999999,GUIA,,0.0,,,,,,-20.0,0.0,2.90813716219418e-07,0.0,0.0,6,89.99999237060547,0.0,,,,,,,,,,,,,,,,,,,,,
83.694842,ATT,3,,-19.99,0.0,90.0,0.0,0.0,-19.98,,-0.03,,,,90.03,,,,,,,,,,,,,,,,,,,,,,
83.694842,XKF1,,,,,,,,,,,,,,,,64.48385447497427,64.4770736694336,,,7.257048762911424,,,,,,0.9351251125335693,7.257047365314784,,,,,,7.256349563598633,,7.256349563598633,0.10073608160018921
83.694842,POS,,,,,,,,,,,,,,,,64.4780337419002,64.47141335919507,,,,,37.4275083,-122.1689707,,,0.9239559997237734,,,,29.127452850341797,,,,,,
83.697341,GUIA,,0.0,,,,,,-20.0,0.0,2.90813716219418e-07,0.0,0.0,6,89.99999237060547,0.0,,,,,,,,,,,,,,,,,,,,,
83.702339,GUIA,,0.0,,,,,,-20.0,0.0,2.90813716219418e-07,0.0,0.0,6,89.99999237060547,0.0,,,,,,,,,,,,,,,,,,,,,
83.762315,GUIA,,0.0,,,,,,-20.0,0.0,2.90813716219418e-07,0.0,0.0,6,89.99999237060547,0.0,,,,,,,,,,,,,,,,,,,,,
83.77481,GUIA,,0.0,,,,,,-20.0,0.0,2.90813716219418e-07,0.0,0.0,6,89.99999237060547,0.0,,,,,,,,,,,,,,,,,,,,,
83.794802,ATT,3,,-19.99,0.0,90.0,0.0,0.0,-19.99,,-0.02,,,,90.02,,,,,,,,,,,,,,,,,,,,,,
83.794802,XKF1,,,,,,,,,,,,,,,,65.21289477651244,65.20604705810547,,,7.258116827452049,,,,,,0.9450249671936035,7.2581159915790145,,,,,,7.257404327392578,,7.257404327392578,0.10169714689254761
83.794802,POS,,,,,,,,,,,,,,,,65.21169397200099,65.20514807903196,,,,,37.4275083,-122.1689624,,,0.9239559997237734,,,,29.12773895263672,,,,,,
83.837285,GUIA,,0.0,,,,,,-20.0,0.0,2.90813716219418e-07,0.0,0.0,6,89.99999237060547,0.0,,,,,,,,,,,,,,,,,,,,,
83.894762,ATT,3,,-19.99,0.0,90.0,0.0,0.0,-19.99,,0.0,,,,90.01,,,,,,,,,,,,,,,,,,,,,,
83.894762,XKF1,,,,,,,,,,,,,,,,65.94185285440884,65.9349365234375,,,7.259304997277923,,,,,,0.9550411105155945,7.259304522285533,,,,,,7.258581161499023,,7.258581161499023,0.10251129418611526
83.894762,POS,,,,,,,,,,,,,,,,65.9366734795387,65.9300426207949,,,,,37.4275084,-122.1689542,,,0.935087999853863,,,,29.12789535522461,,,,,,
83.904758,GUIA,,0.0,,,,,,-20.0,0.0,2.90813716219418e-07,0.0,0.0,6,89.99999237060547,0.0,,,,,,,,,,,,,,,,,,,,,
83.904758,GUIA,,0.0,,,,,,-20.0,0.0,2.90813716219418e-07,0.0,0.0,6,89.99999237060547,0.0,,,,,,,,,,,,,,,,,,,,,
83.937245,GUIA,,0.0,,,,,,-20.0,0.0,2.90813716219418e-07,0.0,0.0,6,89.99999237060547,0.0,,,,,,,,,,,,,,,,,,,,,
83.977229,GUIA,,0.0,,,,,,-20.0,0.0,2.90813716219418e-07,0.0,0.0,6,89.99999237060547,0.0,,,,,,,,,,,,,,,,,,,,,
83.984726,GUIA,,0.0,,,,,,-20.0,0.0,2.90813716219418e-07,0.0,0.0,6,89.99999237060547,0.0,,,,,,,,,,,,,,,,,,,,,
83.994722,ATT,3,,-19.99,0.0,90.0,0.0,0.0,-20.0,,0.0,,,,90.01,,,,,,,,,,,,,,,,,,,,,,
83.994722,XKF1,,,,,,,,,,,,,,,,66.67219326467519,66.66520690917969,,,7.260780444598315,,,,,,0.9651644825935364,7.260780185440524,,,,,,7.260047435760498,,7.260047435760498,0.10316925495862961
83.994722,POS,,,,,,,,,,,,,,,,66.67049228564089,66.66377734063178,,,,,37.4275085,-122.1689459,,,0.9462199999839527,,,,29.12816047668457,,,,,,
84.039704,GUIA,,0.0,,,,,,-20.0,0.0,2.90813716219418e-07,0.0,0.0,6,89.99999237060547,0.0,,,,,,,,,,,,,,,,,,,,,
84.054698,GUIA,,0.0,,,,,,-20.0,0.0,2.90813716219418e-07,0.0,0.0,6,89.99999237060547,0.0,,,,,,,,,,,,,,,,,,,,,
84.084686,GUIA,,0.0,,,,,,-20.0,0.0,2.90813716219418e-07,0.0,0.0,6,89.99999237060547,0.0,,,,,,,,,,,,,,,,,,,,,
84.09468199999999,ATT,3,,-19.99,0.0,90.0,0.0,0.0,-20.0,,0.0,,,,90.0,,,,,,,,,,,,,,,,,,,,,,
84.09468199999999,XKF1,,,,,,,,,,,,,,,,67.40213666066906,67.39508056640625,,,7.262231827165749,,,,,,0.9752650260925293,7.262231709784519,,,,,,7.261490345001221,,7.261490345001221,0.10377418249845505
84.09468199999999,POS,,,,,,,,,,,,,,,,67.39547181320998,67.38867188239473,,,,,37.4275086,-122.1689377,,,0.9573520001140423,,,,29.12833595275879,,,,,,
84.139664,GUIA,,0.0,,,,,,-20.0,0.0,2.90813716219418e-07,0.0,0.0,6,89.99999237060547,0.0,,,,,,,,,,,,,,,,,,,,,
84.139664,GUIA,,0.0,,,,,,-20.0,0.0,2.90813716219418e-07,0.0,0.0,6,89.99999237060547,0.0,,,,,,,,,,,,,,,,,,,,,
84.177149,GUIA,,0.0,,,,,,-20.0,0.0,2.90813716219418e-07,0.0,0.0,6,89.99999237060547,0.0,,,,,,,,,,,,,,,,,,,,,
84.194642,ATT,3,,-19.99,0.0,90.0,0.0,0.0,-20.01,,0.01,,,,89.99,,,,,,,,,,,,,,,,,,,,,,
84.194642,XKF1,,,,,,,,,,,,,,,,68.13315345085643,68.12602996826172,,,7.2639443674630755,,,,,,0.9852105975151062,7.263944307190144,,,,,,7.263198375701904,,7.263198375701904,0.10410153120756149
84.194642,POS,,,,,,,,,,,,,,,,68.12929063579752,68.12240660223162,,,,,37.4275087,-122.1689294,,,0.9684839994531558,,,,29.128721237182617,,,,,,
84.222131,GUIA,,0.0,,,,,,-20.0,0.0,2.90813716219418e-07,0.0,0.0,6,89.99999237060547,0.0,,,,,,,,,,,,,,,,,,,,,
84.222131,GUIA,,0.0,,,,,,-20.0,0.0,2.90813716219418e-07,0.0,0.0,6,89.99999237060547,0.0,,,,,,,,,,,,,,,,,,,,,
84.267113,GUIA,,0.0,,,,,,-20.0,0.0,2.90813716219418e-07,0.0,0.0,6,89.99999237060547,0.0,,,,,,,,,,,,,,,,,,,,,
84.294602,ATT,3,,-19.99,0.0,90.0,0.0,0.0,-20.02,,0.01,,,,89.99,,,,,,,,,,,,,,,,,,,,,,
84.294602,XKF1,,,,,,,,,,,,,,,,68.86353178246581,68.85633850097656,,,7.265499113793654,,,,,,0.9953179359436035,7.265499084841643,,,,,,7.264749526977539,,7.264749526977539,0.10436322540044785
84.294602,POS,,,,,,,,,,,,,,,,68.8631094643446,68.85614132081224,,,,,37.4275088,-122.1689211,,,0.9796159995832454,,,,29.129030227661133,,,,,,
84.314594,GUIA,,0.0,,,,,,-20.0,0.0,2.90813716219418e-07,0.0,0.0,6,89.99999237060547,0.0,,,,,,,,,,,,,,,,,,,,,
84.314594,GUIA,,0.0,,,,,,-20.0,0.0,2.90813716219418e-07,0.0,0.0,6,89.99999237060547,0.0,,,,,,,,,,,,,,,,,,,,,
84.37207099999999,GUIA,,0.0,,,,,,-20.0,0.0,2.90813716219418e-07,0.0,0.0,6,89.99999237060547,0.0,,,,,,,,,,,,,,,,,,,,,
84.38456599999999,GUIA,,0.0,,,,,,-20.0,0.0,2.90813716219418e-07,0.0,0.0,6,89.99999237060547,0.0,,,,,,,,,,,,,,,,,,,,,
84.394562,ATT,3,,-19.99,0.0,90.0,0.0,0.0,-20.03,,0.01,,,,89.99,,,,,,,,,,,,,,,,,,,,,,
84.394562,XKF1,,,,,,,,,,,,,,,,69.59458449691871,69.58731842041016,,,7.26723703252128,,,,,,1.005637288093567,7.267237025712043,,,,,,7.266482830047607,,7.266482830047607,0.10469654947519302
84.394562,POS,,,,,,,,,,,,,,,,69.58808902019608,69.58103586383145,,,,,37.4275089,-122.1689129,,,0.990747999713335,,,,29.129465103149414,,,,,,
84.412055,GUIA,,0.0,,,,,,-20.0,0.0,2.90813716219418e-07,0.0,0.0,6,89.99999237060547,0.0,,,,,,,,,,,,,,,,,,,,,
84.459536,GUIA,,0.0,,,,,,-20.0,0.0,2.90813716219418e-07,0.0,0.0,6,89.99999237060547,0.0,,,,,,,,,,,,,,,,,,,,,
84.459536,GUIA,,0.0,,,,,,-20.0,0.0,2.90813716219418e-07,0.0,0.0,6,89.99999237060547,0.0,,,,,,,,,,,,,,,,,,,,,
84.494522,ATT,3,,-19.99,0.0,90.0,0.0,0.0,-20.02,,0.02,,,,89.99,,,,,,,,,,,,,,,,,,,,,,
84.494522,XKF1,,,,,,,,,,,,,,,,70.32501292956776,70.31767272949219,,,7.268578755794974,,,,,,1.016044020652771,7.268578755346248,,,,,,7.267818927764893,,7.267818927764893,0.10509596765041351
84.494522,POS,,,,,,,,,,,,,,,,70.3219078637044,70.31477058241208,,,,,37.427509,-122.1689046,,,1.0018799998434247,,,,29.12977409362793,,,,,,
84.51951199999999,GUIA,,0.0,,,,,,-20.0,0.0,2.90813716219418e-07,0.0,0.0,6,89.99999237060547,0.0,,,,,,,,,,,,,,,,,,,,,
84.52700899999999,GUIA,,0.0,,,,,,-20.0,0.0,2.90813716219418e-07,0.0,0.0,6,89.99999237060547,0.0,,,,,,,,,,,,,,,,,,,,,
84.584486,GUIA,,0.0,,,,,,-20.0,0.0,2.90813716219418e-07,0.0,0.0,6,89.99999237060547,0.0,,,,,,,,,,,,,,,,,,,,,
84.594482,ATT,3,,-19.99,0.0,90.0,0.0,0.0,-20.01,,0.02,,,,89.99,,,,,,,,,,,,,,,,,,,,,,
84.594482,XKF1,,,,,,,,,,,,,,,,71.05605397363193,71.04863739013672,,,7.269885540085382,,,,,,1.026611566543579,7.269885528106842,,,,,,7.269120693206787,,7.269120693206787,0.10545194894075394
84.594482,POS,,,,,,,,,,,,,,,,71.05572671499314,71.04850530224897,,,,,37.4275091,-122.1688963,,,1.0130119999735143,,,,29.13014793395996,,,,,,
84.611975,GUIA,,0.0,,,,,,-20.0,0.0,2.90813716219418e-07,0.0,0.0,6,89.99999237060547,0.0,,,,,,,,,,,,,,,,,,,,,
84.611975,GUIA,,0.0,,,,,,-20.0,0.0,2.90813716219418e-07,0.0,0.0,6,89.99999237060547,0.0,,,,,,,,,,,,,,,,,,,,,
84.67445,GUIA,,0.0,,,,,,-20.0,0.0,2.90813716219418e-07,0.0,0.0,6,89.99999237060547,0.0,,,,,,,,,,,,,,,,,,,,,
84.694442,GUIA,,0.0,,,,,,-20.0,0.0,2.90813716219418e-07,0.0,0.0,6,89.99999237060547,0.0,,,,,,,,,,,,,,,,,,,,,
84.694442,ATT,3,,-19.99,0.0,90.0,0.0,0.0,-20.01,,0.02,,,,89.99,,,,,,,,,,,,,,,,,,,,,,
84.694442,XKF1,,,,,,,,,,,,,,,,71.78643811776924,71.77894592285156,,,7.270720965732901,,,,,,1.0371209383010864,7.270720924196165,,,,,,7.269950866699219,,7.269950866699219,0.1058194562792778
84.694442,POS,,,,,,,,,,,,,,,,71.78070629424982,71.7733998440119,,,,,37.4275092,-122.1688881,,,1.024144000103604,,,,29.130359649658203,,,,,,
84.69944,GUIA,,0.0,,,,,,-20.0,0.0,2.90813716219418e-07,0.0,0.0,6,89.99999237060547,0.0,,,,,,,,,,,,,,,,,,,,,
84.761915,GUIA,,0.0,,,,,,-20.0,0.0,2.90813716219418e-07,0.0,0.0,6,89.99999237060547,0.0,,,,,,,,,,,,,,,,,,,,,
84.77441,GUIA,,0.0,,,,,,-20.0,0.0,2.90813716219418e-07,0.0,0.0,6,89.99999237060547,0.0,,,,,,,,,,,,,,,,,,,,,
84.786905,GUIA,,0.0,,,,,,-20.0,0.0,2.90813716219418e-07,0.0,0.0,6,89.99999237060547,0.0,,,,,,,,,,,,,,,,,,,,,
84.794402,ATT,3,,-19.99,0.0,90.0,0.0,0.0,-20.0,,0.01,,,,90.0,,,,,,,,,,,,,,,,,,,,,,
84.794402,XKF1,,,,,,,,,,,,,,,,72.51730131891783,72.50973510742188,,,7.271625200845359,,,,,,1.0475233793258667,7.271625113984406,,,,,,7.27085018157959,,7.27085018157959,0.10616354644298553
84.794402,POS,,,,,,,,,,,,,,,,72.5145251591369,72.5071345638488,,,,,37.4275093,-122.1688798,,,1.0352759994427174,,,,29.130647659301758,,,,,,
84.84938,GUIA,,0.0,,,,,,-20.0,0.0,2.90813716219418e-07,0.0,0.0,6,89.99999237060547,0.0,,,,,,,,,,,,,,,,,,,,,
84.84938,GUIA,,0.0,,,,,,-20.0,0.0,2.90813716219418e-07,0.0,0.0,6,89.99999237060547,0.0,,,,,,,,,,,,,,,,,,,,,
84.866873,GUIA,,0.0,,,,,,-20.0,0.0,2.90813716219418e-07,0.0,0.0,6,89.99999237060547,0.0,,,,,,,,,,,,,,,,,,,,,
84.894362,ATT,3,,-19.99,0.0,90.0,0.0,0.0,-19.99,,0.01,,,,89.99,,,,,,,,,,,,,,,,,,,,,,
84.894362,XKF1,,,,,,,,,,,,,,,,73.24695233079905,73.23931121826172,,,7.271783135167547,,,,,,1.0579782724380493,7.271782967426352,,,,,,7.271001815795898,,7.271001815795898,0.10659530758857727
84.894362,POS,,,,,,,,,,,,,,,,73.23950475410614,73.23202910561174,,,,,37.4275094,-122.1688716,,,1.046407999572807,,,,29.13070297241211,,,,,,
84.934346,GUIA,,0.0,,,,,,-20.0,0.0,2.90813716219418e-07,0.0,0.0,6,89.99999237060547,0.0,,,,,,,,,,,,,,,,,,,,,
84.94184299999999,GUIA,,0.0,,,,,,-20.0,0.0,2.90813716219418e-07,0.0,0.0,6,89.99999237060547,0.0,,,,,,,,,,,,,,,,,,,,,
84.989324,GUIA,,0.0,,,,,,-20.0,0.0,2.90813716219418e-07,0.0,0.0,6,89.99999237060547,0.0,,,,,,,,,,,,,,,,,,,,,
84.994322,ATT,3,,-19.99,0.0,90.0,0.0,0.0,-19.98,,0.01,,,,89.99,,,,,,,,,,,,,,,,,,,,,,
84.994322,XKF1,,,,,,,,,,,,,,,,73.97116395152109,73.96345520019531,,,7.269826844911031,,,,,,1.067891001701355,7.2698266129715545,,,,,,7.269042491912842,,7.269042491912842,0.10678766667842865
84.994322,POS,,,,,,,,,,,,,,,,73.96432603008817,73.95692364737468,,,,,37.4275094,-122.1688634,,,1.046407999572807,,,,29.130931854248047,,,,,,
85.006817,GUIA,,0.0,,,,,,-20.0,0.0,2.90813716219418e-07,0.0,0.0,6,89.99999237060547,0.0,,,,,,,,,,,,,,,,,,,,,
85.039304,GUIA,,0.0,,,,,,-20.0,0.0,2.90813716219418e-07,0.0,0.0,6,89.99999237060547,0.0,,,,,,,,,,,,,,,,,,,,,
85.069292,GUIA,,0.0,,,,,,-20.0,0.0,2.90813716219418e-07,0.0,0.0,6,89.99999237060547,0.0,,,,,,,,,,,,,,,,,,,,,
85.08928399999999,GUIA,,0.0,,,,,,-20.0,0.0,2.90813716219418e-07,0.0,0.0,6,89.99999237060547,0.0,,,,,,,,,,,,,,,,,,,,,
85.09428199999999,ATT,3,,-19.99,0.0,90.0,0.0,0.0,-19.97,,0.01,,,,89.99,,,,,,,,,,,,,,,,,,,,,,
85.09428199999999,XKF1,,,,,,,,,,,,,,,,74.69572167413288,74.68794250488281,,,7.267870954038414,,,,,,1.0779985189437866,7.2678706065435,,,,,,7.267081260681152,,7.267081260681152,0.10713615268468857
85.09428199999999,POS,,,,,,,,,,,,,,,,74.6893055200945,74.6818181903939,,,,,37.4275095,-122.1688552,,,1.0575399997028967,,,,29.13089942932129,,,,,,
85.139264,GUIA,,0.0,,,,,,-20.0,0.0,2.90813716219418e-07,0.0,0.0,6,89.99999237060547,0.0,,,,,,,,,,,,,,,,,,,,,
85.139264,GUIA,,0.0,,,,,,-20.0,0.0,2.90813716219418e-07,0.0,0.0,6,89.99999237060547,0.0,,,,,,,,,,,,,,,,,,,,,
85.194242,ATT,3,,-19.99,0.0,90.0,0.0,0.0,-19.96,,0.01,,,,89.98,,,,,,,,,,,,,,,,,,,,,,
85.194242,XKF1,,,,,,,,,,,,,,,,75.41736647356106,75.40951538085938,,,7.264951091089967,,,,,,1.0881892442703247,7.264950614304995,,,,,,7.264156341552734,,7.264156341552734,0.10745697468519211
85.194242,POS,,,,,,,,,,,,,,,,75.41428501890906,75.40671273215683,,,,,37.4275096,-122.168847,,,1.0686719998329863,,,,29.131080627441406,,,,,,
85.209236,GUIA,,0.0,,,,,,-20.0,0.0,2.90813716219418e-07,0.0,0.0,6,89.99999237060547,0.0,,,,,,,,,,,,,,,,,,,,,
85.211735,GUIA,,0.0,,,,,,-20.0,0.0,2.90813716219418e-07,0.0,0.0,6,89.99999237060547,0.0,,,,,,,,,,,,,,,,,,,,,
85.256717,GUIA,,0.0,,,,,,-20.0,0.0,2.90813716219418e-07,0.0,0.0,6,89.99999237060547,0.0,,,,,,,,,,,,,,,,,,,,,
85.27421,GUIA,,0.0,,,,,,-20.0,0.0,2.90813716219418e-07,0.0,0.0,6,89.99999237060547,0.0,,,,,,,,,,,,,,,,,,,,,
85.294202,ATT,3,,-19.99,0.0,90.0,0.0,0.0,-19.96,,0.01,,,,89.98,,,,,,,,,,,,,,,,,,,,,,
85.294202,XKF1,,,,,,,,,,,,,,,,76.13989832215489,76.13197326660156,,,7.2623476593867595,,,,,,1.0985276699066162,7.262347004769017,,,,,,7.261546611785889,,7.261546611785889,0.10786255449056625
85.294202,POS,,,,,,,,,,,,,,,,76.13926452750047,76.13160727391978,,,,,37.4275097,-122.1688388,,,1.079803999963076,,,,29.131078720092773,,,,,,
85.2992,GUIA,,0.0,,,,,,-20.0,0.0,2.90813716219418e-07,0.0,0.0,6,89.99999237060547,0.0,,,,,,,,,,,,,,,,,,,,,
85.346681,GUIA,,0.0,,,,,,-20.0,0.0,2.90813716219418e-07,0.0,0.0,6,89.99999237060547,0.0,,,,,,,,,,,,,,,,,,,,,
85.346681,GUIA,,0.0,,,,,,-20.0,0.0,2.90813716219418e-07,0.0,0.0,6,89.99999237060547,0.0,,,,,,,,,,,,,,,,,,,,,
85.394995,ATT,3,,-19.99,0.0,90.0,0.0,0.0,-19.96,,0.02,,,,89.98,,,,,,,,,,,,,,,,,,,,,,
85.394995,XKF1,,,,,,,,,,,,,,,,76.86068478472511,76.8526840209961,,,7.259526033550915,,,,,,1.1089744567871094,7.259525157159734,,,,,,7.258718013763428,,7.258718013763428,0.10830987244844437
85.394995,POS,,,,,,,,,,,,,,,,76.85540475931272,76.84766163886503,,,,,37.4275098,-122.1688307,,,1.0909360000931656,,,,29.13143539428711,,,,,,
85.409989,GUIA,,0.0,,,,,,-20.0,0.0,2.90813716219418e-07,0.0,0.0,6,89.99999237060547,0.0,,,,,,,,,,,,,,,,,,,,,
85.409989,GUIA,,0.0,,,,,,-20.0,0.0,2.90813716219418e-07,0.0,0.0,6,89.99999237060547,0.0,,,,,,,,,,,,,,,,,,,,,
85.444975,GUIA,,0.0,,,,,,-20.0,0.0,2.90813716219418e-07,0.0,0.0,6,89.99999237060547,0.0,,,,,,,,,,,,,,,,,,,,,
85.489957,GUIA,,0.0,,,,,,-20.0,0.0,2.90813716219418e-07,0.0,0.0,6,89.99999237060547,0.0,,,,,,,,,,,,,,,,,,,,,
85.494955,ATT,3,,-19.99,0.0,90.0,0.0,0.0,-19.97,,0.02,,,,89.97,,,,,,,,,,,,,,,,,,,,,,
85.494955,XKF1,,,,,,,,,,,,,,,,77.58262413266213,77.57454681396484,,,7.257360233788611,,,,,,1.11948823928833,7.257359085332136,,,,,,7.256544589996338,,7.256544589996338,0.10880338400602341
85.494955,POS,,,,,,,,,,,,,,,,77.58038428798905,77.57255618062798,,,,,37.4275099,-122.1688225,,,1.102067999432279,,,,29.131671905517578,,,,,,
85.50994899999999,GUIA,,0.0,,,,,,-20.0,0.0,2.90813716219418e-07,0.0,0.0,6,89.99999237060547,0.0,,,,,,,,,,,,,,,,,,,,,
85.539937,GUIA,,0.0,,,,,,-20.0,0.0,2.90813716219418e-07,0.0,0.0,6,89.99999237060547,0.0,,,,,,,,,,,,,,,,,,,,,
85.574923,GUIA,,0.0,,,,,,-20.0,0.0,2.90813716219418e-07,0.0,0.0,6,89.99999237060547,0.0,,,,,,,,,,,,,,,,,,,,,
85.577422,GUIA,,0.0,,,,,,-20.0,0.0,2.90813716219418e-07,0.0,0.0,6,89.99999237060547,0.0,,,,,,,,,,,,,,,,,,,,,
85.594915,ATT,3,,-19.99,0.0,90.0,0.0,0.0,-19.98,,0.01,,,,89.97,,,,,,,,,,,,,,,,,,,,,,
85.594915,XKF1,,,,,,,,,,,,,,,,78.3059263631871,78.29777526855469,,,7.2561027214282,,,,,,1.1298192739486694,7.256101379625429,,,,,,7.255282402038574,,7.255282402038574,0.10910531878471375
85.594915,POS,,,,,,,,,,,,,,,,78.305363826886,78.29745072364719,,,,,37.42751,-122.1688143,,,1.1131999995623687,,,,29.132112503051758,,,,,,
85.614907,GUIA,,0.0,,,,,,-20.0,0.0,2.90813716219418e-07,0.0,0.0,6,89.99999237060547,0.0,,,,,,,,,,,,,,,,,,,,,
85.672384,GUIA,,0.0,,,,,,-20.0,0.0,2.90813716219418e-07,0.0,0.0,6,89.99999237060547,0.0,,,,,,,,,,,,,,,,,,,,,
85.672384,GUIA,,0.0,,,,,,-20.0,0.0,2.90813716219418e-07,0.0,0.0,6,89.99999237060547,0.0,,,,,,,,,,,,,,,,,,,,,
85.694875,ATT,3,,-19.99,0.0,90.0,0.0,0.0,-19.99,,0.01,,,,89.97,,,,,,,,,,,,,,,,,,,,,,
85.694875,XKF1,,,,,,,,,,,,,,,,79.03583899166159,79.0276107788086,,,7.255179212717413,,,,,,1.1404296159744263,7.255177497066538,,,,,,7.254350185394287,,7.254350185394287,0.10967586934566498
85.694875,POS,,,,,,,,,,,,,,,,79.03034337323368,79.02234526541014,,,,,37.4275101,-122.1688061,,,1.1243319996924583,,,,29.132375717163086,,,,,,
85.697374,GUIA,,0.0,,,,,,-20.0,0.0,2.90813716219418e-07,0.0,0.0,6,89.99999237060547,0.0,,,,,,,,,,,,,,,,,,,,,
85.744855,GUIA,,0.0,,,,,,-20.0,0.0,2.90813716219418e-07,0.0,0.0,6,89.99999237060547,0.0,,,,,,,,,,,,,,,,,,,,,
85.777342,GUIA,,0.0,,,,,,-20.0,0.0,2.90813716219418e-07,0.0,0.0,6,89.99999237060547,0.0,,,,,,,,,,,,,,,,,,,,,
85.777342,GUIA,,0.0,,,,,,-20.0,0.0,2.90813716219418e-07,0.0,0.0,6,89.99999237060547,0.0,,,,,,,,,,,,,,,,,,,,,
85.79483499999999,ATT,3,,-19.99,0.0,90.0,0.0,0.0,-20.0,,0.01,,,,89.97,,,,,,,,,,,,,,,,,,,,,,
85.79483499999999,XKF1,,,,,,,,,,,,,,,,79.7607955179293,79.75248718261719,,,7.254991486746281,,,,,,1.1512123346328735,7.254989349444359,,,,,,7.254153251647949,,7.254153251647949,0.1102817952632904
85.79483499999999,POS,,,,,,,,,,,,,,,,79.75532292805079,79.74723980717307,,,,,37.4275102,-122.1687979,,,1.135463999822548,,,,29.132856369018555,,,,,,
85.834819,GUIA,,0.0,,,,,,-20.0,0.0,2.90813716219418e-07,0.0,0.0,6,89.99999237060547,0.0,,,,,,,,,,,,,,,,,,,,,
85.862308,GUIA,,0.0,,,,,,-20.0,0.0,2.90813716219418e-07,0.0,0.0,6,89.99999237060547,0.0,,,,,,,,,,,,,,,,,,,,,
85.864807,GUIA,,0.0,,,,,,-20.0,0.0,2.90813716219418e-07,0.0,0.0,6,89.99999237060547,0.0,,,,,,,,,,,,,,,,,,,,,
85.894795,ATT,3,,-19.99,0.0,90.0,0.0,0.0,-20.0,,0.0,,,,89.97,,,,,,,,,,,,,,,,,,,,,,
85.894795,XKF1,,,,,,,,,,,,,,,,80.48594375353633,80.47755432128906,,,7.254769904027438,,,,,,1.1620638370513916,7.254767090801049,,,,,,7.253918647766113,,7.253918647766113,0.11113330721855164
85.894795,POS,,,,,,,,,,,,,,,,80.48030249110845,80.47213434893602,,,,,37.4275103,-122.1687897,,,1.1465959999526376,,,,29.13313865661621,,,,,,
85.92978099999999,GUIA,,0.0,,,,,,-20.0,0.0,2.90813716219418e-07,0.0,0.0,6,89.99999237060547,0.0,,,,,,,,,,,,,,,,,,,,,
85.92978099999999,GUIA,,0.0,,,,,,-20.0,0.0,2.90813716219418e-07,0.0,0.0,6,89.99999237060547,0.0,,,,,,,,,,,,,,,,,,,,,
85.95727,GUIA,,0.0,,,,,,-20.0,0.0,2.90813716219418e-07,0.0,0.0,6,89.99999237060547,0.0,,,,,,,,,,,,,,,,,,,,,
85.994755,ATT,3,,-19.99,0.0,90.0,0.0,0.0,-20.01,,0.0,,,,89.97,,,,,,,,,,,,,,,,,,,,,,
85.994755,XKF1,,,,,,,,,,,,,,,,81.21204393543424,81.20357513427734,,,7.255146231447115,,,,,,1.172802448272705,7.255142681905317,,,,,,7.254282474517822,,7.254282474517822,0.11194918304681778
85.994755,POS,,,,,,,,,,,,,,,,81.20528206344208,81.19702889195523,,,,,37.4275104,-122.1687815,,,1.1577280000827272,,,,29.133569717407227,,,,,,
86.017246,GUIA,,0.0,,,,,,-20.0,0.0,2.90813716219418e-07,0.0,0.0,6,89.99999237060547,0.0,,,,,,,,,,,,,,,,,,,,,
86.017246,GUIA,,0.0,,,,,,-20.0,0.0,2.90813716219418e-07,0.0,0.0,6,89.99999237060547,0.0,,,,,,,,,,,,,,,,,,,,,
86.067226,GUIA,,0.0,,,,,,-20.0,0.0,2.90813716219418e-07,0.0,0.0,6,89.99999237060547,0.0,,,,,,,,,,,,,,,,,,,,,
86.08471899999999,GUIA,,0.0,,,,,,-20.0,0.0,2.90813716219418e-07,0.0,0.0,6,89.99999237060547,0.0,,,,,,,,,,,,,,,,,,,,,
86.094715,ATT,3,,-19.99,0.0,90.0,0.0,0.0,-20.02,,-0.01,,,,89.97,,,,,,,,,,,,,,,,,,,,,,
86.094715,XKF1,,,,,,,,,,,,,,,,81.93804714362278,81.92949676513672,,,7.255476605267352,,,,,,1.1836931705474854,7.255471960042781,,,,,,7.25459623336792,,7.25459623336792,0.11302327364683151
86.094715,POS,,,,,,,,,,,,,,,,81.93026164231523,81.92192343371816,,,,,37.4275105,-122.1687733,,,1.1688599994218407,,,,29.13377571105957,,,,,,
86.112208,GUIA,,0.0,,,,,,-20.0,0.0,2.90813716219418e-07,0.0,0.0,6,89.99999237060547,0.0,,,,,,,,,,,,,,,,,,,,,
86.152192,GUIA,,0.0,,,,,,-20.0,0.0,2.90813716219418e-07,0.0,0.0,6,89.99999237060547,0.0,,,,,,,,,,,,,,,,,,,,,
86.154691,GUIA,,0.0,,,,,,-20.0,0.0,2.90813716219418e-07,0.0,0.0,6,89.99999237060547,0.0,,,,,,,,,,,,,,,,,,,,,
86.194675,ATT,3,,-19.99,0.0,90.0,0.0,0.0,-20.02,,0.0,,,,89.98,,,,,,,,,,,,,,,,,,,,,,
86.194675,XKF1,,,,,,,,,,,,,,,,82.66469869158456,82.65606689453125,,,7.25609392376382,,,,,,1.1945774555206299,7.256088248955413,,,,,,7.255199432373047,,7.255199432373047,0.11393079906702042
86.194675,POS,,,,,,,,,,,,,,,,82.66408050608413,82.65565815355505,,,,,37.4275106,-122.168765,,,1.1799919995519303,,,,29.134119033813477,,,,,,
86.21466699999999,GUIA,,0.0,,,,,,-20.0,0.0,2.90813716219418e-07,0.0,0.0,6,89.99999237060547,0.0,,,,,,,,,,,,,,,,,,,,,
86.21466699999999,GUIA,,0.0,,,,,,-20.0,0.0,2.90813716219418e-07,0.0,0.0,6,89.99999237060547,0.0,,,,,,,,,,,,,,,,,,,,,
86.28214,GUIA,,0.0,,,,,,-20.0,0.0,2.90813716219418e-07,0.0,0.0,6,89.99999237060547,0.0,,,,,,,,,,,,,,,,,,,,,
86.28214,GUIA,,0.0,,,,,,-20.0,0.0,2.90813716219418e-07,0.0,0.0,6,89.99999237060547,0.0,,,,,,,,,,,,,,,,,,,,,
86.294635,ATT,3,,-19.99,0.0,90.0,0.0,0.0,-20.03,,0.0,,,,89.98,,,,,,,,,,,,,,,,,,,,,,
86.294635,XKF1,,,,,,,,,,,,,,,,83.39113221923195,83.38241577148438,,,7.2566182430638,,,,,,1.2056835889816284,7.256611512953767,,,,,,7.255710124969482,,7.255710124969482,0.11479942500591278
86.294635,POS,,,,,,,,,,,,,,,,83.38906009878826,83.380552695318,,,,,37.4275107,-122.1687568,,,1.19112399968202,,,,29.134231567382812,,,,,,
86.317126,GUIA,,0.0,,,,,,-20.0,0.0,2.90813716219418e-07,0.0,0.0,6,89.99999237060547,0.0,,,,,,,,,,,,,,,,,,,,,
86.35211199999999,GUIA,,0.0,,,,,,-20.0,0.0,2.90813716219418e-07,0.0,0.0,6,89.99999237060547,0.0,,,,,,,,,,,,,,,,,,,,,
86.35960899999999,GUIA,,0.0,,,,,,-20.0,0.0,2.90813716219418e-07,0.0,0.0,6,89.99999237060547,0.0,,,,,,,,,,,,,,,,,,,,,
86.394595,ATT,3,,-19.99,0.0,90.0,0.0,0.0,-20.02,,0.01,,,,89.98,,,,,,,,,,,,,,,,,,,,,,
86.394595,XKF1,,,,,,,,,,,,,,,,84.11802814592444,84.10922241210938,,,7.2572908458797665,,,,,,1.2171131372451782,7.257283152950472,,,,,,7.256370544433594,,7.256370544433594,0.1155722439289093
86.394595,POS,,,,,,,,,,,,,,,,84.11403969872384,84.10544723708094,,,,,37.4275108,-122.1687486,,,1.2022559998121096,,,,29.134462356567383,,,,,,
86.397094,GUIA,,0.0,,,,,,-20.0,0.0,2.90813716219418e-07,0.0,0.0,6,89.99999237060547,0.0,,,,,,,,,,,,,,,,,,,,,
86.442076,GUIA,,0.0,,,,,,-20.0,0.0,2.90813716219418e-07,0.0,0.0,6,89.99999237060547,0.0,,,,,,,,,,,,,,,,,,,,,
86.444575,GUIA,,0.0,,,,,,-20.0,0.0,2.90813716219418e-07,0.0,0.0,6,89.99999237060547,0.0,,,,,,,,,,,,,,,,,,,,,
86.49455499999999,ATT,3,,-19.99,0.0,90.0,0.0,0.0,-20.01,,0.01,,,,89.98,,,,,,,,,,,,,,,,,,,,,,
86.49455499999999,XKF1,,,,,,,,,,,,,,,,84.84467376818408,84.83577728271484,,,7.257494960209,,,,,,1.228641390800476,7.257486414379189,,,,,,7.256564140319824,,7.256564140319824,0.11623241752386093
86.49455499999999,POS,,,,,,,,,,,,,,,,84.8390193057055,84.83034177884389,,,,,37.4275109,-122.1687404,,,1.2133879999421993,,,,29.134479522705078,,,,,,
86.50455099999999,GUIA,,0.0,,,,,,-20.0,0.0,2.90813716219418e-07,0.0,0.0,6,89.99999237060547,0.0,,,,,,,,,,,,,,,,,,,,,
86.514547,GUIA,,0.0,,,,,,-20.0,0.0,2.90813716219418e-07,0.0,0.0,6,89.99999237060547,0.0,,,,,,,,,,,,,,,,,,,,,
86.547034,GUIA,,0.0,,,,,,-20.0,0.0,2.90813716219418e-07,0.0,0.0,6,89.99999237060547,0.0,,,,,,,,,,,,,,,,,,,,,
86.584519,GUIA,,0.0,,,,,,-20.0,0.0,2.90813716219418e-07,0.0,0.0,6,89.99999237060547,0.0,,,,,,,,,,,,,,,,,,,,,
86.589517,GUIA,,0.0,,,,,,-20.0,0.0,2.90813716219418e-07,0.0,0.0,6,89.99999237060547,0.0,,,,,,,,,,,,,,,,,,,,,
86.594515,ATT,3,,-19.99,0.0,90.0,0.0,0.0,-20.0,,0.02,,,,89.98,,,,,,,,,,,,,,,,,,,,,,
86.594515,XKF1,,,,,,,,,,,,,,,,85.57186395075513,85.56287384033203,,,7.2578314810396485,,,,,,1.2403709888458252,7.257822179579036,,,,,,7.256891250610352,,7.256891250610352,0.11682116240262985
86.594515,POS,,,,,,,,,,,,,,,,85.56399892081025,85.55523632186309,,,,,37.427511,-122.1687322,,,1.224520000072289,,,,29.134658813476562,,,,,,
86.64699399999999,GUIA,,0.0,,,,,,-20.0,0.0,2.90813716219418e-07,0.0,0.0,6,89.99999237060547,0.0,,,,,,,,,,,,,,,,,,,,,
86.64699399999999,GUIA,,0.0,,,,,,-20.0,0.0,2.90813716219418e-07,0.0,0.0,6,89.99999237060547,0.0,,,,,,,,,,,,,,,,,,,,,
86.694475,ATT,3,,-19.99,0.0,90.0,0.0,0.0,-19.99,,0.02,,,,89.98,,,,,,,,,,,,,,,,,,,,,,
86.694475,XKF1,,,,,,,,,,,,,,,,86.29871815282706,86.28963470458984,,,7.257703571314573,,,,,,1.2520772218704224,7.2576934751210835,,,,,,7.256753921508789,,7.256753921508789,0.1174037978053093
86.694475,POS,,,,,,,,,,,,,,,,86.29781781182061,86.28897104044371,,,,,37.4275111,-122.1687239,,,1.2356519994114024,,,,29.13463592529297,,,,,,
86.696974,GUIA,,0.0,,,,,,-20.0,0.0,2.90813716219418e-07,0.0,0.0,6,89.99999237060547,0.0,,,,,,,,,,,,,,,,,,,,,
86.721964,GUIA,,0.0,,,,,,-20.0,0.0,2.90813716219418e-07,0.0,0.0,6,89.99999237060547,0.0,,,,,,,,,,,,,,,,,,,,,
86.736958,GUIA,,0.0,,,,,,-20.0,0.0,2.90813716219418e-07,0.0,0.0,6,89.99999237060547,0.0,,,,,,,,,,,,,,,,,,,,,
86.78943699999999,GUIA,,0.0,,,,,,-20.0,0.0,2.90813716219418e-07,0.0,0.0,6,89.99999237060547,0.0,,,,,,,,,,,,,,,,,,,,,
86.78943699999999,GUIA,,0.0,,,,,,-20.0,0.0,2.90813716219418e-07,0.0,0.0,6,89.99999237060547,0.0,,,,,,,,,,,,,,,,,,,,,
86.794435,ATT,3,,-19.99,0.0,90.0,0.0,0.0,-19.98,,0.02,,,,89.99,,,,,,,,,,,,,,,,,,,,,,
86.794435,XKF1,,,,,,,,,,,,,,,,87.02605741178013,87.01688385009766,,,7.2576525701354795,,,,,,1.263563871383667,7.25764190625116,,,,,,7.2566962242126465,,7.2566962242126465,0.11781654506921768
86.794435,POS,,,,,,,,,,,,,,,,87.02279743779697,87.01386558220666,,,,,37.4275112,-122.1687157,,,1.246783999541492,,,,29.13477325439453,,,,,,
86.841916,GUIA,,0.0,,,,,,-20.0,0.0,2.90813716219418e-07,0.0,0.0,6,89.99999237060547,0.0,,,,,,,,,,,,,,,,,,,,,
86.866906,GUIA,,0.0,,,,,,-20.0,0.0,2.90813716219418e-07,0.0,0.0,6,89.99999237060547,0.0,,,,,,,,,,,,,,,,,,,,,
86.879401,GUIA,,0.0,,,,,,-20.0,0.0,2.90813716219418e-07,0.0,0.0,6,89.99999237060547,0.0,,,,,,,,,,,,,,,,,,,,,
86.894395,ATT,3,,-19.99,0.0,90.0,0.0,0.0,-19.97,,0.02,,,,89.99,,,,,,,,,,,,,,,,,,,,,,
86.894395,XKF1,,,,,,,,,,,,,,,,87.75283349357515,87.74356842041016,,,7.257164453583784,,,,,,1.275141954421997,7.2571533029453725,,,,,,7.256202220916748,,7.256202220916748,0.11817459762096405
86.894395,POS,,,,,,,,,,,,,,,,87.74777707141163,87.73876012522587,,,,,37.4275113,-122.1687075,,,1.2579159996715816,,,,29.134658813476562,,,,,,
86.93437899999999,GUIA,,0.0,,,,,,-20.0,0.0,2.90813716219418e-07,0.0,0.0,6,89.99999237060547,0.0,,,,,,,,,,,,,,,,,,,,,
86.966866,GUIA,,0.0,,,,,,-20.0,0.0,2.90813716219418e-07,0.0,0.0,6,89.99999237060547,0.0,,,,,,,,,,,,,,,,,,,,,
86.966866,GUIA,,0.0,,,,,,-20.0,0.0,2.90813716219418e-07,0.0,0.0,6,89.99999237060547,0.0,,,,,,,,,,,,,,,,,,,,,
86.994355,ATT,3,,-19.99,0.0,90.0,0.0,0.0,-19.97,,0.03,,,,89.99,,,,,,,,,,,,,,,,,,,,,,
86.994355,XKF1,,,,,,,,,,,,,,,,88.47688810581714,88.467529296875,,,7.2557577593091365,,,,,,1.2868523597717285,7.255745934791242,,,,,,7.254787921905518,,7.254787921905518,0.11862912774085999
86.994355,POS,,,,,,,,,,,,,,,,88.4727567099955,88.46365466698882,,,,,37.4275114,-122.1686993,,,1.2690479998016713,,,,29.134784698486328,,,,,,
87.034339,GUIA,,0.0,,,,,,-20.0,0.0,2.90813716219418e-07,0.0,0.0,6,89.99999237060547,0.0,,,,,,,,,,,,,,,,,,,,,
87.051832,GUIA,,0.0,,,,,,-20.0,0.0,2.90813716219418e-07,0.0,0.0,6,89.99999237060547,0.0,,,,,,,,,,,,,,,,,,,,,
87.07182399999999,GUIA,,0.0,,,,,,-20.0,0.0,2.90813716219418e-07,0.0,0.0,6,89.99999237060547,0.0,,,,,,,,,,,,,,,,,,,,,
87.094315,ATT,3,,-19.99,0.0,90.0,0.0,0.0,-19.96,,0.03,,,,89.99,,,,,,,,,,,,,,,,,,,,,,
87.094315,XKF1,,,,,,,,,,,,,,,,89.20111900866088,89.19166564941406,,,7.254184215513574,,,,,,1.2986189126968384,7.254171752583552,,,,,,7.253207206726074,,7.253207206726074,0.11905397474765778
87.094315,POS,,,,,,,,,,,,,,,,89.19773635465285,89.18854920875175,,,,,37.4275115,-122.1686911,,,1.280179999931761,,,,29.134742736816406,,,,,,
87.1318,GUIA,,0.0,,,,,,-20.0,0.0,2.90813716219418e-07,0.0,0.0,6,89.99999237060547,0.0,,,,,,,,,,,,,,,,,,,,,
87.134299,GUIA,,0.0,,,,,,-20.0,0.0,2.90813716219418e-07,0.0,0.0,6,89.99999237060547,0.0,,,,,,,,,,,,,,,,,,,,,
87.154291,GUIA,,0.0,,,,,,-20.0,0.0,2.90813716219418e-07,0.0,0.0,6,89.99999237060547,0.0,,,,,,,,,,,,,,,,,,,,,
87.186778,GUIA,,0.0,,,,,,-20.0,0.0,2.90813716219418e-07,0.0,0.0,6,89.99999237060547,0.0,,,,,,,,,,,,,,,,,,,,,
87.194275,ATT,3,,-19.99,0.0,90.0,0.0,0.0,-19.95,,0.03,,,,89.99,,,,,,,,,,,,,,,,,,,,,,
87.194275,XKF1,,,,,,,,,,,,,,,,89.92417789324196,89.91463470458984,,,7.252370126561682,,,,,,1.3100517988204956,7.252357365066261,,,,,,7.251389503479004,,7.251389503479004,0.1192590519785881
87.194275,POS,,,,,,,,,,,,,,,,89.92271600649296,89.91344375177097,,,,,37.4275116,-122.1686829,,,1.2913120000618505,,,,29.13504981994629,,,,,,
87.241756,GUIA,,0.0,,,,,,-20.0,0.0,2.90813716219418e-07,0.0,0.0,6,89.99999237060547,0.0,,,,,,,,,,,,,,,,,,,,,
87.251752,GUIA,,0.0,,,,,,-20.0,0.0,2.90813716219418e-07,0.0,0.0,6,89.99999237060547,0.0,,,,,,,,,,,,,,,,,,,,,
87.284239,GUIA,,0.0,,,,,,-20.0,0.0,2.90813716219418e-07,0.0,0.0,6,89.99999237060547,0.0,,,,,,,,,,,,,,,,,,,,,
87.294235,ATT,3,,-19.99,0.0,90.0,0.0,0.0,-19.95,,0.03,,,,89.99,,,,,,,,,,,,,,,,,,,,,,
87.294235,XKF1,,,,,,,,,,,,,,,,90.64758202306699,90.63794708251953,,,7.250542919668986,,,,,,1.3216184377670288,7.25052973695129,,,,,,7.2495574951171875,,7.2495574951171875,0.11953558027744293
87.294235,POS,,,,,,,,,,,,,,,,90.64769566284997,90.6383382935339,,,,,37.4275117,-122.1686747,,,1.302443999400964,,,,29.135196685791016,,,,,,
87.324223,GUIA,,0.0,,,,,,-20.0,0.0,2.90813716219418e-07,0.0,0.0,6,89.99999237060547,0.0,,,,,,,,,,,,,,,,,,,,,
87.329221,GUIA,,0.0,,,,,,-20.0,0.0,2.90813716219418e-07,0.0,0.0,6,89.99999237060547,0.0,,,,,,,,,,,,,,,,,,,,,
87.384199,GUIA,,0.0,,,,,,-20.0,0.0,2.90813716219418e-07,0.0,0.0,6,89.99999237060547,0.0,,,,,,,,,,,,,,,,,,,,,
87.394195,ATT,3,,-19.99,0.0,90.0,0.0,0.0,-19.96,,0.02,,,,89.99,,,,,,,,,,,,,,,,,,,,,,
87.394195,XKF1,,,,,,,,,,,,,,,,91.37049420447958,91.36077117919922,,,7.248973003088525,,,,,,1.3329293727874756,7.248959491866687,,,,,,7.247983932495117,,7.247983932495117,0.11974353343248367
87.394195,POS,,,,,,,,,,,,,,,,91.36383606168327,91.35439265847917,,,,,37.4275118,-122.1686666,,,1.3135759995310536,,,,29.13562774658203,,,,,,
87.414187,GUIA,,0.0,,,,,,-20.0,0.0,2.90813716219418e-07,0.0,0.0,6,89.99999237060547,0.0,,,,,,,,,,,,,,,,,,,,,
87.414187,GUIA,,0.0,,,,,,-20.0,0.0,2.90813716219418e-07,0.0,0.0,6,89.99999237060547,0.0,,,,,,,,,,,,,,,,,,,,,
87.472497,GUIA,,0.0,,,,,,-20.0,0.0,2.90813716219418e-07,0.0,0.0,6,89.99999237060547,0.0,,,,,,,,,,,,,,,,,,,,,
87.49498799999999,ATT,3,,-19.99,0.0,90.0,0.0,0.0,-19.98,,0.01,,,,89.99,,,,,,,,,,,,,,,,,,,,,,
87.49498799999999,XKF1,,,,,,,,,,,,,,,,92.09413415806186,92.08432006835938,,,7.247890814175934,,,,,,1.3444492816925049,7.247876448539154,,,,,,7.246893405914307,,7.246893405914307,0.12023817002773285
87.49498799999999,POS,,,,,,,,,,,,,,,,92.0888157301908,92.0792872002421,,,,,37.4275119,-122.1686584,,,1.3247079996611433,,,,29.13591194152832,,,,,,
87.49748699999999,GUIA,,0.0,,,,,,-20.0,0.0,2.90813716219418e-07,0.0,0.0,6,89.99999237060547,0.0,,,,,,,,,,,,,,,,,,,,,
87.49748699999999,GUIA,,0.0,,,,,,-20.0,0.0,2.90813716219418e-07,0.0,0.0,6,89.99999237060547,0.0,,,,,,,,,,,,,,,,,,,,,
87.552465,GUIA,,0.0,,,,,,-20.0,0.0,2.90813716219418e-07,0.0,0.0,6,89.99999237060547,0.0,,,,,,,,,,,,,,,,,,,,,
87.567459,GUIA,,0.0,,,,,,-20.0,0.0,2.90813716219418e-07,0.0,0.0,6,89.99999237060547,0.0,,,,,,,,,,,,,,,,,,,,,
87.594948,ATT,3,,-19.99,0.0,90.0,0.0,0.0,-20.0,,0.0,,,,89.99,,,,,,,,,,,,,,,,,,,,,,
87.594948,XKF1,,,,,,,,,,,,,,,,92.8202725355397,92.81036376953125,,,7.2481167420863635,,,,,,1.3562339544296265,7.248100884136496,,,,,,7.247105598449707,,7.247105598449707,0.12106507271528244
87.594948,POS,,,,,,,,,,,,,,,,92.81379540406775,92.80418174200506,,,,,37.427512,-122.1686502,,,1.335839999791233,,,,29.136343002319336,,,,,,
87.597447,GUIA,,0.0,,,,,,-20.0,0.0,2.90813716219418e-07,0.0,0.0,6,89.99999237060547,0.0,,,,,,,,,,,,,,,,,,,,,
87.63493199999999,GUIA,,0.0,,,,,,-20.0,0.0,2.90813716219418e-07,0.0,0.0,6,89.99999237060547,0.0,,,,,,,,,,,,,,,,,,,,,
87.63743099999999,GUIA,,0.0,,,,,,-20.0,0.0,2.90813716219418e-07,0.0,0.0,6,89.99999237060547,0.0,,,,,,,,,,,,,,,,,,,,,
87.694908,ATT,3,,-19.99,0.0,90.0,0.0,0.0,-20.01,,-0.01,,,,89.99,,,,,,,,,,,,,,,,,,,,,,
87.694908,XKF1,,,,,,,,,,,,,,,,93.54639042017278,93.53638458251953,,,7.248568778222974,,,,,,1.3681812286376953,7.248550946020246,,,,,,7.247540473937988,,7.247540473937988,0.12209181487560272
87.694908,POS,,,,,,,,,,,,,,,,93.53877508318924,93.52907628376799,,,,,37.4275121,-122.168642,,,1.3469719999213225,,,,29.13654136657715,,,,,,
87.699906,GUIA,,0.0,,,,,,-20.0,0.0,2.90813716219418e-07,0.0,0.0,6,89.99999237060547,0.0,,,,,,,,,,,,,,,,,,,,,
87.699906,GUIA,,0.0,,,,,,-20.0,0.0,2.90813716219418e-07,0.0,0.0,6,89.99999237060547,0.0,,,,,,,,,,,,,,,,,,,,,
87.752385,GUIA,,0.0,,,,,,-20.0,0.0,2.90813716219418e-07,0.0,0.0,6,89.99999237060547,0.0,,,,,,,,,,,,,,,,,,,,,
87.76987799999999,GUIA,,0.0,,,,,,-20.0,0.0,2.90813716219418e-07,0.0,0.0,6,89.99999237060547,0.0,,,,,,,,,,,,,,,,,,,,,
87.77987399999999,GUIA,,0.0,,,,,,-20.0,0.0,2.90813716219418e-07,0.0,0.0,6,89.99999237060547,0.0,,,,,,,,,,,,,,,,,,,,,
87.77987399999999,GUIA,,0.0,,,,,,-20.0,0.0,2.90813716219418e-07,0.0,0.0,6,89.99999237060547,0.0,,,,,,,,,,,,,,,,,,,,,
87.77987399999999,GUIA,,0.0,,,,,,-20.0,0.0,2.90813716219418e-07,0.0,0.0,6,89.99999237060547,0.0,,,,,,,,,,,,,,,,,,,,,
87.794868,ATT,3,,-19.99,0.0,90.0,0.0,0.0,-20.02,,-0.02,,,,89.99,,,,,,,,,,,,,,,,,,,,,,
87.794868,XKF1,,,,,,,,,,,,,,,,94.28045414882834,94.27034759521484,,,7.2499978486975865,,,,,,1.380434274673462,7.249977198902805,,,,,,7.248946666717529,,7.248946666717529,0.12345456331968307
87.794868,POS,,,,,,,,,,,,,,,,94.27275505427515,94.26281100360488,,,,,37.4275123,-122.1686337,,,1.3692359993905256,,,,29.13683319091797,,,,,,
87.834852,GUIA,,0.0,,,,,,-20.0,0.0,2.90813716219418e-07,0.0,0.0,6,89.99999237060547,0.0,,,,,,,,,,,,,,,,,,,,,
87.884832,GUIA,,0.0,,,,,,-20.0,0.0,2.90813716219418e-07,0.0,0.0,6,89.99999237060547,0.0,,,,,,,,,,,,,,,,,,,,,
87.894828,ATT,3,,-19.99,0.0,90.0,0.0,0.0,-20.03,,-0.02,,,,89.99,,,,,,,,,,,,,,,,,,,,,,
87.894828,XKF1,,,,,,,,,,,,,,,,95.00798028975034,94.99777221679688,,,7.251127958800119,,,,,,1.3926925659179688,7.2511039032979125,,,,,,7.250051021575928,,7.250051021575928,0.12496743351221085
87.894828,POS,,,,,,,,,,,,,,,,95.00657406306189,94.99654572344177,,,,,37.4275124,-122.1686254,,,1.3803679995206153,,,,29.136938095092773,,,,,,
87.934812,GUIA,,0.0,,,,,,-20.0,0.0,2.90813716219418e-07,0.0,0.0,6,89.99999237060547,0.0,,,,,,,,,,,,,,,,,,,,,
87.979794,GUIA,,0.0,,,,,,-20.0,0.0,2.90813716219418e-07,0.0,0.0,6,89.99999237060547,0.0,,,,,,,,,,,,,,,,,,,,,
87.994788,ATT,3,,-19.99,0.0,90.0,0.0,0.0,-20.03,,-0.02,,,,89.99,,,,,,,,,,,,,,,,,,,,,,
87.994788,XKF1,,,,,,,,,,,,,,,,95.73665530368116,95.72634887695312,,,7.252714638568181,,,,,,1.4047417640686035,7.252687638342871,,,,,,7.251616477966309,,7.251616477966309,0.12620651721954346
87.994788,POS,,,,,,,,,,,,,,,,95.7315538299373,95.72144026520472,,,,,37.4275125,-122.1686172,,,1.391499999650705,,,,29.137176513671875,,,,,,
88.012281,GUIA,,0.0,,,,,,-20.0,0.0,2.90813716219418e-07,0.0,0.0,6,89.99999237060547,0.0,,,,,,,,,,,,,,,,,,,,,
88.022277,GUIA,,0.0,,,,,,-20.0,0.0,2.90813716219418e-07,0.0,0.0,6,89.99999237060547,0.0,,,,,,,,,,,,,,,,,,,,,
88.04976599999999,GUIA,,0.0,,,,,,-20.0,0.0,2.90813716219418e-07,0.0,0.0,6,89.99999237060547,0.0,,,,,,,,,,,,,,,,,,,,,
88.05726299999999,GUIA,,0.0,,,,,,-20.0,0.0,2.90813716219418e-07,0.0,0.0,6,89.99999237060547,0.0,,,,,,,,,,,,,,,,,,,,,
88.094748,ATT,3,,-19.99,0.0,90.0,0.0,0.0,-20.02,,-0.02,,,,89.99,,,,,,,,,,,,,,,,,,,,,,
88.094748,XKF1,,,,,,,,,,,,,,,,96.46464730592659,96.45423889160156,,,7.2536311475173845,,,,,,1.41703200340271,7.253600902799153,,,,,,7.2525105476379395,,7.2525105476379395,0.1274973750114441
88.094748,POS,,,,,,,,,,,,,,,,96.4653728439475,96.45517498504161,,,,,37.4275126,-122.1686089,,,1.4026319997807946,,,,29.137189865112305,,,,,,
88.134732,GUIA,,0.0,,,,,,-20.0,0.0,2.90813716219418e-07,0.0,0.0,6,89.99999237060547,0.0,,,,,,,,,,,,,,,,,,,,,
88.19470799999999,ATT,3,,-19.99,0.0,90.0,0.0,0.0,-20.02,,-0.02,,,,90.0,,,,,,,,,,,,,,,,,,,,,,
88.19470799999999,XKF1,,,,,,,,,,,,,,,,97.1934045057461,97.18289184570312,,,7.25484494328813,,,,,,1.4294795989990234,7.25481163262144,,,,,,7.253703594207764,,7.253703594207764,0.12868301570415497
88.19470799999999,POS,,,,,,,,,,,,,,,,97.19035261733548,97.18006952680454,,,,,37.4275127,-122.1686007,,,1.4137639999108842,,,,29.137298583984375,,,,,,
88.19720699999999,GUIA,,0.0,,,,,,-20.0,0.0,2.90813716219418e-07,0.0,0.0,6,89.99999237060547,0.0,,,,,,,,,,,,,,,,,,,,,
88.19970599999999,GUIA,,0.0,,,,,,-20.0,0.0,2.90813716219418e-07,0.0,0.0,6,89.99999237060547,0.0,,,,,,,,,,,,,,,,,,,,,
88.249686,GUIA,,0.0,,,,,,-20.0,0.0,2.90813716219418e-07,0.0,0.0,6,89.99999237060547,0.0,,,,,,,,,,,,,,,,,,,,,
88.267179,GUIA,,0.0,,,,,,-20.0,0.0,2.90813716219418e-07,0.0,0.0,6,89.99999237060547,0.0,,,,,,,,,,,,,,,,,,,,,
88.287171,GUIA,,0.0,,,,,,-20.0,0.0,2.90813716219418e-07,0.0,0.0,6,89.99999237060547,0.0,,,,,,,,,,,,,,,,,,,,,
88.294668,ATT,3,,-19.99,0.0,90.0,0.0,0.0,-20.02,,-0.01,,,,90.0,,,,,,,,,,,,,,,,,,,,,,
88.294668,XKF1,,,,,,,,,,,,,,,,97.92149315750382,97.91087341308594,,,7.255712332029317,,,,,,1.442112922668457,7.255675828023662,,,,,,7.254549980163574,,7.254549980163574,0.129869282245636
88.294668,POS,,,,,,,,,,,,,,,,97.91533239426002,97.9049640685675,,,,,37.4275128,-122.1685925,,,1.4248960000409738,,,,29.137237548828125,,,,,,
88.33715099999999,GUIA,,0.0,,,,,,-20.0,0.0,2.90813716219418e-07,0.0,0.0,6,89.99999237060547,0.0,,,,,,,,,,,,,,,,,,,,,
88.33964999999999,GUIA,,0.0,,,,,,-20.0,0.0,2.90813716219418e-07,0.0,0.0,6,89.99999237060547,0.0,,,,,,,,,,,,,,,,,,,,,
88.394628,ATT,3,,-19.99,0.0,90.0,0.0,0.0,-20.02,,-0.01,,,,90.01,,,,,,,,,,,,,,,,,,,,,,
88.394628,XKF1,,,,,,,,,,,,,,,,98.65042168659795,98.63969421386719,,,7.256780260887757,,,,,,1.4547935724258423,7.256740759128581,,,,,,7.255598545074463,,7.255598545074463,0.13095612823963165
88.394628,POS,,,,,,,,,,,,,,,,98.64915141594905,98.63869878840438,,,,,37.4275129,-122.1685842,,,1.4360280001710635,,,,29.137327194213867,,,,,,
88.407123,GUIA,,0.0,,,,,,-20.0,0.0,2.90813716219418e-07,0.0,0.0,6,89.99999237060547,0.0,,,,,,,,,,,,,,,,,,,,,
88.409622,GUIA,,0.0,,,,,,-20.0,0.0,2.90813716219418e-07,0.0,0.0,6,89.99999237060547,0.0,,,,,,,,,,,,,,,,,,,,,
88.447107,GUIA,,0.0,,,,,,-20.0,0.0,2.90813716219418e-07,0.0,0.0,6,89.99999237060547,0.0,,,,,,,,,,,,,,,,,,,,,
88.48209299999999,GUIA,,0.0,,,,,,-20.0,0.0,2.90813716219418e-07,0.0,0.0,6,89.99999237060547,0.0,,,,,,,,,,,,,,,,,,,,,
88.48459199999999,GUIA,,0.0,,,,,,-20.0,0.0,2.90813716219418e-07,0.0,0.0,6,89.99999237060547,0.0,,,,,,,,,,,,,,,,,,,,,
88.494588,ATT,3,,-19.99,0.0,90.0,0.0,0.0,-20.02,,-0.01,,,,90.01,,,,,,,,,,,,,,,,,,,,,,
88.494588,XKF1,,,,,,,,,,,,,,,,99.37860591469062,99.36776733398438,,,7.257345278973056,,,,,,1.4676949977874756,7.257302610930134,,,,,,7.256143569946289,,7.256143569946289,0.1320643424987793
88.494588,POS,,,,,,,,,,,,,,,,99.37413119895466,99.36359333016732,,,,,37.427513,-122.168576,,,1.447159999510177,,,,29.137203216552734,,,,,,
88.512081,GUIA,,0.0,,,,,,-20.0,0.0,2.90813716219418e-07,0.0,0.0,6,89.99999237060547,0.0,,,,,,,,,,,,,,,,,,,,,
88.567059,GUIA,,0.0,,,,,,-20.0,0.0,2.90813716219418e-07,0.0,0.0,6,89.99999237060547,0.0,,,,,,,,,,,,,,,,,,,,,
88.594548,ATT,3,,-19.99,0.0,90.0,0.0,0.0,-20.01,,-0.01,,,,90.01,,,,,,,,,,,,,,,,,,,,,,
88.594548,XKF1,,,,,,,,,,,,,,,,100.10736681701084,100.0964126586914,,,7.258200280372274,,,,,,1.480899691581726,7.258154326730405,,,,,,7.2569780349731445,,7.2569780349731445,0.13319575786590576
88.594548,POS,,,,,,,,,,,,,,,,100.10811300609588,100.09732805000422,,,,,37.4275132,-122.1685677,,,1.4694239997703562,,,,29.137245178222656,,,,,,
88.607043,GUIA,,0.0,,,,,,-20.0,0.0,2.90813716219418e-07,0.0,0.0,6,89.99999237060547,0.0,,,,,,,,,,,,,,,,,,,,,
88.607043,GUIA,,0.0,,,,,,-20.0,0.0,2.90813716219418e-07,0.0,0.0,6,89.99999237060547,0.0,,,,,,,,,,,,,,,,,,,,,
88.657023,GUIA,,0.0,,,,,,-20.0,0.0,2.90813716219418e-07,0.0,0.0,6,89.99999237060547,0.0,,,,,,,,,,,,,,,,,,,,,
88.674516,GUIA,,0.0,,,,,,-20.0,0.0,2.90813716219418e-07,0.0,0.0,6,89.99999237060547,0.0,,,,,,,,,,,,,,,,,,,,,
88.694508,ATT,3,,-19.99,0.0,90.0,0.0,0.0,-20.01,,-0.01,,,,90.01,,,,,,,,,,,,,,,,,,,,,,
88.694508,XKF1,,,,,,,,,,,,,,,,100.83545821555691,100.82438659667969,,,7.258666992462208,,,,,,1.4942225217819214,7.258617613707763,,,,,,7.2574238777160645,,7.2574238777160645,0.1343322992324829
88.694508,POS,,,,,,,,,,,,,,,,100.83309285355024,100.82222259176716,,,,,37.4275133,-122.1685595,,,1.4805559999004458,,,,29.137134552001953,,,,,,
88.697007,GUIA,,0.0,,,,,,-20.0,0.0,2.90813716219418e-07,0.0,0.0,6,89.99999237060547,0.0,,,,,,,,,,,,,,,,,,,,,
88.744488,GUIA,,0.0,,,,,,-20.0,0.0,2.90813716219418e-07,0.0,0.0,6,89.99999237060547,0.0,,,,,,,,,,,,,,,,,,,,,
88.744488,GUIA,,0.0,,,,,,-20.0,0.0,2.90813716219418e-07,0.0,0.0,6,89.99999237060547,0.0,,,,,,,,,,,,,,,,,,,,,
88.77197699999999,MSG,,,,,,,,,,,,,,,,,,,,,,,,,,,,,,,,,,Fence Breached,,
88.77197699999999,MODE,,,,,,,,,,,,,,,,,,,,,,,,RTL,,,,10,FENCE_BREACHED,,,,,,,
88.77197699999999,ERR,,,,,,,,,,,,,,,,,,2,2,,,,,,,,,,,,9,FAILSAFE_FENCE,,,,
88.794468,ATT,3,,-19.94,0.0,89.99,0.0,0.0,-19.99,,-0.01,,,,90.01,,,,,,,,,,,,,,,,,,,,,,
88.794468,XKF1,,,,,,,,,,,,,,,,101.56421485899205,101.55302429199219,,,7.259233243843097,,,,,,1.5076462030410767,7.259180297580401,,,,,,7.257968902587891,,7.257968902587891,0.13547950983047485
88.794468,POS,,,,,,,,,,,,,,,,101.55807270335687,101.54711713353011,,,,,37.4275134,-122.1685513,,,1.4916880000305355,,,,29.13719367980957,,,,,,
88.894428,ATT,3,,-17.32,0.07,90.0,0.0,0.0,-17.8,,0.05,,,,90.01,,,,,,,,,,,,,,,,,,,,,,
88.894428,XKF1,,,,,,,,,,,,,,,,102.29179804700506,102.28048706054688,,,7.243464472563716,,,,,,1.521155595779419,7.243408811838681,,,,,,7.242185592651367,,7.242185592651367,0.13610807061195374
88.894428,POS,,,,,,,,,,,,,,,,102.29189177937462,102.280851853367,,,,,37.4275135,-122.168543,,,1.5028200001606251,,,,29.137161254882812,,,,,,
88.994388,ATT,3,,-14.08,0.23,90.01,0.0,0.01,-14.37,,0.2,,,,90.01,,,,,,,,,,,,,,,,,,,,,,
88.994388,XKF1,,,,,,,,,,,,,,,,103.01535126417822,103.00392150878906,,,7.169715021280692,,,,,,1.5345194339752197,7.169660783973682,,,,,,7.168449878692627,,7.168449878692627,0.13468416035175323
88.994388,POS,,,,,,,,,,,,,,,,103.00803241107266,102.99690621831225,,,,,37.4275136,-122.1685349,,,1.5139519994997386,,,,29.137880325317383,,,,,,
89.094348,ATT,3,,-11.98,0.39,90.02,0.0,0.02,-11.97,,0.37,,,,90.02,,,,,,,,,,,,,,,,,,,,,,
89.094348,XKF1,,,,,,,,,,,,,,,,103.7280075775084,103.71646118164062,,,7.046684996330835,,,,,,1.5476549863815308,7.046639053949854,,,,,,7.045475006103516,,7.045475006103516,0.13058091700077057
89.094348,POS,,,,,,,,,,,,,,,,103.72433732033309,103.71296058325751,,,,,37.4275138,-122.1685268,,,1.5362159997599178,,,,29.13874053955078,,,,,,
89.104344,ERR,,,,,,,,,,,,,,,,,,0,0,,,,,,,,,,,,9,FAILSAFE_FENCE,,,,
89.19430799999999,ATT,3,,-10.46,0.48,90.03,0.0,0.02,-10.36,,0.48,,,,90.03,,,,,,,,,,,,,,,,,,,,,,
89.19430799999999,XKF1,,,,,,,,,,,,,,,,104.42446029329228,104.41280364990234,,,6.896911831179868,,,,,,1.5602376461029053,6.8968793080823625,,,,,,6.8957929611206055,,6.8957929611206055,0.12422658503055573
89.19430799999999,POS,,,,,,,,,,,,,,,,104.42279960520659,104.41133459331114,,,,,37.4275139,-122.1685189,,,1.5473479998900075,,,,29.139638900756836,,,,,,
89.294268,ATT,3,,-9.0,0.51,90.04,0.0,0.02,-8.92,,0.52,,,,90.04,,,,,,,,,,,,,,,,,,,,,,
89.294268,XKF1,,,,,,,,,,,,,,,,105.10521108261283,105.09345245361328,,,6.731790531558301,,,,,,1.5721476078033447,6.7317712022968275,,,,,,6.730776786804199,,6.730776786804199,0.1168229728937149
89.294268,POS,,,,,,,,,,,,,,,,105.10358348452417,105.09202824847314,,,,,37.427514,-122.1685112,,,1.5584800000200971,,,,29.14012908935547,,,,,,
89.394228,ATT,3,,-7.38,0.45,90.06,0.01,0.02,-7.34,,0.48,,,,90.05,,,,,,,,,,,,,,,,,,,,,,
89.394228,XKF1,,,,,,,,,,,,,,,,105.76865381134827,105.75680541992188,,,6.5527702837764865,,,,,,1.583109736442566,6.552760155231449,,,,,,6.551853656768799,,6.551853656768799,0.1095995083451271
89.394228,POS,,,,,,,,,,,,,,,,105.76668896589078,105.75504154874352,,,,,37.4275141,-122.1685037,,,1.5696120001501868,,,,29.140592575073242,,,,,,
89.436711,ERR,,,,,,,,,,,,,,,,,,0,0,,,,,,,,,,,,9,FAILSAFE_FENCE,,,,
89.494188,ATT,3,,-5.69,0.37,90.07,0.01,0.02,-5.66,,0.39,,,,90.06,,,,,,,,,,,,,,,,,,,,,,
89.494188,XKF1,,,,,,,,,,,,,,,,106.4135732562405,106.40164184570312,,,6.35771908285657,,,,,,1.593482255935669,6.357713302827635,,,,,,6.356872081756592,,6.356872081756592,0.10377510637044907
89.494188,POS,,,,,,,,,,,,,,,,106.41211605991452,106.40037449537853,,,,,37.4275142,-122.1684964,,,1.5807439994893002,,,,29.140560150146484,,,,,,
89.594981,ATT,3,,-4.02,0.33,90.08,0.01,0.02,-3.99,,0.33,,,,90.06,,,,,,,,,,,,,,,,,,,,,,
89.594981,XKF1,,,,,,,,,,,,,,,,107.03876124323494,107.0267562866211,,,6.148104640064908,,,,,,1.603074312210083,6.148100599181357,,,,,,6.147305488586426,,6.147305488586426,0.09912565350532532
89.594981,POS,,,,,,,,,,,,,,,,107.03102557610063,107.01918690904796,,,,,37.4275143,-122.1684894,,,1.5918759996193899,,,,29.140464782714844,,,,,,
89.694941,ATT,3,,-2.34,0.32,90.09,0.01,0.02,-2.32,,0.31,,,,90.07,,,,,,,,,,,,,,,,,,,,,,
89.694941,XKF1,,,,,,,,,,,,,,,,107.6426906528619,107.630615234375,,,5.924280264277878,,,,,,1.612301230430603,5.9242766394082205,,,,,,5.923513889312744,,5.923513889312744,0.09528826177120209
89.694941,POS,,,,,,,,,,,,,,,,107.64093072642753,107.6291591458997,,,,,37.4275143,-122.1684825,,,1.5918759996193899,,,,29.139892578125,,,,,,
89.769911,ERR,,,,,,,,,,,,,,,,,,0,0,,,,,,,,,,,,9,FAILSAFE_FENCE,,,,
89.794901,ATT,3,,-0.45,0.28,90.1,0.01,0.02,-0.46,,0.28,,,,90.07,,,,,,,,,,,,,,,,,,,,,,
89.794901,XKF1,,,,,,,,,,,,,,,,108.22578434955335,108.2136459350586,,,5.686633314620661,,,,,,1.6208736896514893,5.686629703430191,,,,,,5.685895919799805,,5.685895919799805,0.09157534688711166
89.794901,POS,,,,,,,,,,,,,,,,108.22448328162376,108.21261084978589,,,,,37.4275144,-122.1684759,,,1.6030079997494795,,,,29.139204025268555,,,,,,
89.89486099999999,ATT,3,,1.68,0.21,90.11,0.01,0.03,1.66,,0.21,,,,90.08,,,,,,,,,,,,,,,,,,,,,,
89.89486099999999,XKF1,,,,,,,,,,,,,,,,108.78840760764159,108.77620697021484,,,5.428297172987592,,,,,,1.6292412281036377,5.4282917418489856,,,,,,5.427567958831787,,5.427567958831787,0.08897331357002258
89.89486099999999,POS,,,,,,,,,,,,,,,,108.7815182826569,108.76954202321902,,,,,37.4275145,-122.1684696,,,1.6141399998795691,,,,29.138046264648438,,,,,,
89.994821,ATT,3,,3.95,0.16,90.12,0.01,0.03,3.94,,0.16,,,,90.08,,,,,,,,,,,,,,,,,,,,,,
89.994821,XKF1,,,,,,,,,,,,,,,,109.32121340925492,109.3089599609375,,,5.151803194279473,,,,,,1.6367570161819458,5.151793812740128,,,,,,5.151069164276123,,5.151069164276123,0.08696331083774567
89.994821,POS,,,,,,,,,,,,,,,,109.32087495680909,109.30879284050425,,,,,37.4275146,-122.1684635,,,1.6252720000096588,,,,29.13677215576172,,,,,,
90.094781,ATT,3,,6.25,0.17,90.12,0.01,0.03,6.26,,0.16,,,,90.08,,,,,,,,,,,,,,,,,,,,,,
90.094781,XKF1,,,,,,,,,,,,,,,,109.82449587922063,109.81218719482422,,,4.852831498399228,,,,,,1.6442136764526367,4.852814589536927,,,,,,4.852078914642334,,4.852078914642334,0.08546202629804611
90.094781,POS,,,,,,,,,,,,,,,,109.82470963125401,109.81268294926248,,,,,37.4275146,-122.1684578,,,1.6252720000096588,,,,29.1351318359375,,,,,,
90.102278,ERR,,,,,,,,,,,,,,,,,,0,0,,,,,,,,,,,,9,FAILSAFE_FENCE,,,,
90.194741,ATT,3,,8.55,0.23,90.13,0.01,0.03,8.58,,0.22,,,,90.08,,,,,,,,,,,,,,,,,,,,,,
90.194741,XKF1,,,,,,,,,,,,,,,,110.29769236868417,110.28533935546875,,,4.532473092195962,,,,,,1.6507165431976318,4.532448304985362,,,,,,4.531716346740723,,4.531716346740723,0.08282079547643661
90.194741,POS,,,,,,,,,,,,,,,,110.29335254242986,110.28121234823747,,,,,37.4275147,-122.1684525,,,1.6364040001397484,,,,29.133586883544922,,,,,,
90.294701,ATT,3,,10.9,0.33,90.14,0.01,0.03,10.92,,0.33,,,,90.09,,,,,,,,,,,,,,,,,,,,,,
90.294701,XKF1,,,,,,,,,,,,,,,,110.73698602745715,110.7245864868164,,,4.1896025183991155,,,,,,1.6571124792099,4.189571353834837,,,,,,4.1888604164123535,,4.1888604164123535,0.07885222882032394
90.294701,POS,,,,,,,,,,,,,,,,110.73531295114906,110.72322121550314,,,,,37.4275147,-122.1684475,,,1.6364040001397484,,,,29.131914138793945,,,,,,
90.394661,ATT,3,,13.24,0.42,90.16,0.01,0.04,13.29,,0.41,,,,90.1,,,,,,,,,,,,,,,,,,,,,,
90.394661,XKF1,,,,,,,,,,,,,,,,111.14201429733936,111.12958526611328,,,3.8241155405095384,,,,,,1.6621133089065552,3.8240856670409715,,,,,,3.823431968688965,,3.823431968688965,0.07230247557163239
90.394661,POS,,,,,,,,,,,,,,,,111.14208132713014,111.12986937298555,,,,,37.4275148,-122.1684429,,,1.6475359994788619,,,,29.13060188293457,,,,,,
90.434645,ERR,,,,,,,,,,,,,,,,,,0,0,,,,,,,,,,,,9,FAILSAFE_FENCE,,,,
90.494621,ATT,3,,14.89,0.45,90.17,0.01,0.04,15.05,,0.45,,,,90.11,,,,,,,,,,,,,,,,,,,,,,
90.494621,XKF1,,,,,,,,,,,,,,,,111.50857413420377,111.4961166381836,,,3.4391365800421796,,,,,,1.666757345199585,3.4391093695073547,,,,,,3.438520669937134,,3.438520669937134,0.06508470326662064
90.494621,POS,,,,,,,,,,,,,,,,111.5044889028504,111.49231664386703,,,,,37.4275148,-122.1684388,,,1.6475359994788619,,,,29.129480361938477,,,,,,
90.594581,ATT,3,,15.92,0.43,90.18,0.01,0.04,16.12,,0.43,,,,90.11,,,,,,,,,,,,,,,,,,,,,,
90.594581,XKF1,,,,,,,,,,,,,,,,111.83728691428226,111.82482147216797,,,3.04824293224806,,,,,,1.669744610786438,3.0482216060805714,,,,,,3.0477116107940674,,3.0477116107940674,0.05691143497824669
90.594581,POS,,,,,,,,,,,,,,,,111.83153986360519,111.8194032062215,,,,,37.4275148,-122.1684351,,,1.6475359994788619,,,,29.12904167175293,,,,,,
90.694541,ATT,3,,16.52,0.4,90.18,0.01,0.03,16.69,,0.38,,,,90.11,,,,,,,,,,,,,,,,,,,,,,
90.694541,XKF1,,,,,,,,,,,,,,,,112.12615885019807,112.11368560791016,,,2.660090334158145,,,,,,1.6724227666854858,2.6600710100470963,,,,,,2.659623861312866,,2.659623861312866,0.049814678728580475
90.694541,POS,,,,,,,,,,,,,,,,112.12339826445773,112.11112905879271,,,,,37.4275149,-122.1684318,,,1.6586679996089515,,,,29.1290340423584,,,,,,
90.767012,ERR,,,,,,,,,,,,,,,,,,0,0,,,,,,,,,,,,9,FAILSAFE_FENCE,,,,
90.794501,ATT,3,,16.87,0.36,90.19,0.01,0.03,17.0,,0.34,,,,90.1,,,,,,,,,,,,,,,,,,,,,,
90.794501,XKF1,,,,,,,,,,,,,,,,112.37811740133266,112.36565399169922,,,2.282081880586966,,,,,,1.6736408472061157,2.2820655103976724,,,,,,2.2816836833953857,,2.2816836833953857,0.04262955114245415
90.794501,POS,,,,,,,,,,,,,,,,112.37089620318515,112.35865402350673,,,,,37.4275149,-122.168429,,,1.6586679996089515,,,,29.129722595214844,,,,,,
90.89446099999999,ATT,3,,16.98,0.32,90.19,0.01,0.03,17.08,,0.31,,,,90.1,,,,,,,,,,,,,,,,,,,,,,
90.89446099999999,XKF1,,,,,,,,,,,,,,,,112.59181619844378,112.57936096191406,,,1.9154187724592033,,,,,,1.6746821403503418,1.9154013416232465,,,,,,1.9150679111480713,,1.9150679111480713,0.03666019067168236
90.89446099999999,POS,,,,,,,,,,,,,,,,112.59187660750909,112.5796584577677,,,,,37.4275149,-122.1684265,,,1.6586679996089515,,,,29.130739212036133,,,,,,
90.994421,ATT,3,,16.9,0.26,90.19,0.01,0.02,16.97,,0.26,,,,90.09,,,,,,,,,,,,,,,,,,,,,,
90.994421,XKF1,,,,,,,,,,,,,,,,112.77082069733822,112.75839233398438,,,1.5642678053406838,,,,,,1.6742039918899536,1.5642513872315182,,,,,,1.5639725923538208,,1.5639725923538208,0.030389096587896347
90.994421,POS,,,,,,,,,,,,,,,,112.76866099777496,112.75646200417147,,,,,37.4275149,-122.1684245,,,1.6586679996089515,,,,29.132192611694336,,,,,,
91.094381,ATT,3,,16.63,0.22,90.19,0.01,0.02,16.68,,0.22,,,,90.09,,,,,,,,,,,,,,,,,,,,,,
91.094381,XKF1,,,,,,,,,,,,,,,,112.91403644503862,112.90162658691406,,,1.2287559146884077,,,,,,1.67401921749115,1.2287315451115643,,,,,,1.2284817695617676,,1.2284817695617676,0.02595457062125206
91.094381,POS,,,,,,,,,,,,,,,,112.9100885539335,112.89790484204823,,,,,37.4275149,-122.1684229,,,1.6586679996089515,,,,29.133676528930664,,,,,,
91.099379,ERR,,,,,,,,,,,,,,,,,,0,0,,,,,,,,,,,,9,FAILSAFE_FENCE,,,,
91.194341,ATT,3,,16.22,0.16,90.18,0.01,0.01,16.24,,0.17,,,,90.09,,,,,,,,,,,,,,,,,,,,,,
91.194341,XKF1,,,,,,,,,,,,,,,,113.02744874428315,113.01508331298828,,,0.9137894453666895,,,,,,1.6718592643737793,0.9137612024496425,,,,,,0.9135549664497375,,0.9135549664497375,0.020699607208371162
91.194341,POS,,,,,,,,,,,,,,,,113.02499847061029,113.01282714695942,,,,,37.4275149,-122.1684216,,,1.6586679996089515,,,,29.135501861572266,,,,,,
91.294301,ATT,3,,15.67,0.12,90.18,0.01,0.01,15.68,,0.12,,,,90.1,,,,,,,,,,,,,,,,,,,,,,
91.294301,XKF1,,,,,,,,,,,,,,,,113.1078532421817,113.09551239013672,,,0.6164646006031282,,,,,,1.6707909107208252,0.6163993524177813,,,,,,0.6161996126174927,,0.6161996126174927,0.018073217943310738
91.294301,POS,,,,,,,,,,,,,,,,113.10455150527092,113.09238874334362,,,,,37.4275149,-122.1684207,,,1.6586679996089515,,,,29.137100219726562,,,,,,
91.394261,ATT,3,,15.02,0.09,90.18,0.02,0.01,15.01,,0.08,,,,90.11,,,,,,,,,,,,,,,,,,,,,,
91.394261,XKF1,,,,,,,,,,,,,,,,113.16206680562904,113.14976501464844,,,0.34153715673379437,,,,,,1.6685445308685303,0.34138794484550505,,,,,,0.3412019908428192,,0.3412019908428192,0.015127156861126423
91.394261,POS,,,,,,,,,,,,,,,,113.15742424174626,113.14542980676225,,,,,37.4275148,-122.1684201,,,1.6475359994788619,,,,29.138837814331055,,,,,,
91.431746,ERR,,,,,,,,,,,,,,,,,,0,0,,,,,,,,,,,,9,FAILSAFE_FENCE,,,,
91.494221,ATT,3,,14.27,0.06,90.18,0.02,0.01,14.25,,0.05,,,,90.13,,,,,,,,,,,,,,,,,,,,,,
91.494221,XKF1,,,,,,,,,,,,,,,,113.18800433022521,113.17572784423828,,,0.08627721323596878,,,,,,1.6670186519622803,0.08535139403421182,,,,,,0.08515648543834686,,0.08515648543834686,0.013861115090548992
91.494221,POS,,,,,,,,,,,,,,,,113.18394196425304,113.17195033972783,,,,,37.4275148,-122.1684198,,,1.6475359994788619,,,,29.14029312133789,,,,,,
91.59418099999999,ATT,3,,13.43,0.03,90.18,0.02,0.01,13.4,,0.03,,,,90.14,,,,,,,,,,,,,,,,,,,,,,
91.59418099999999,XKF1,,,,,,,,,,,,,,,,113.19099034242207,113.17874908447266,,,0.14894703719695868,,,,,,1.6646472215652466,-0.148251965254802,,,,,,-0.14844730496406555,,-0.14844730496406555,0.012190879322588444
91.59418099999999,POS,,,,,,,,,,,,,,,,113.18394196425304,113.17195033972783,,,,,37.4275148,-122.1684198,,,1.6475359994788619,,,,29.141687393188477,,,,,,
91.694974,ATT,3,,12.52,0.01,90.18,0.01,0.0,12.5,,0.0,,,,90.16,,,,,,,,,,,,,,,,,,,,,,
91.694974,XKF1,,,,,,,,,,,,,,,,113.16991562485065,113.15769958496094,,,0.36184152961433314,,,,,,1.6627769470214844,-0.3614509272782715,,,,,,-0.36165887117385864,,-0.36165887117385864,0.011495801620185375
91.694974,POS,,,,,,,,,,,,,,,,113.16626348285419,113.15426998483619,,,,,37.4275148,-122.16842,,,1.6475359994788619,,,,29.14270782470703,,,,,,
91.764946,ERR,,,,,,,,,,,,,,,,,,0,0,,,,,,,,,,,,9,FAILSAFE_FENCE,,,,
91.794934,ATT,3,,11.54,0.0,90.18,0.01,0.0,11.52,,0.0,,,,90.17,,,,,,,,,,,,,,,,,,,,,,
91.794934,XKF1,,,,,,,,,,,,,,,,113.12723547823406,113.11504364013672,,,0.5536822027739116,,,,,,1.6608158349990845,-0.5533535883469707,,,,,,-0.5535739660263062,,-0.5535739660263062,0.010947410948574543
91.794934,POS,,,,,,,,,,,,,,,,113.12206728254719,113.11006909823526,,,,,37.4275148,-122.1684205,,,1.6475359994788619,,,,29.143369674682617,,,,,,
91.894894,ATT,3,,10.55,-0.01,90.18,0.01,0.0,10.52,,-0.01,,,,90.19,,,,,,,,,,,,,,,,,,,,,,
91.894894,XKF1,,,,,,,,,,,,,,,,113.06538527580395,113.05320739746094,,,0.7233610223277747,,,,,,1.6594109535217285,-0.7230363011461258,,,,,,-0.7232764959335327,,-0.7232764959335327,0.011057985946536064
91.894894,POS,,,,,,,,,,,,,,,,113.06903184626123,113.05702803356037,,,,,37.4275148,-122.1684211,,,1.6475359994788619,,,,29.1436710357666,,,,,,
91.994854,ATT,3,,9.61,-0.02,90.18,0.01,0.01,9.56,,-0.01,,,,90.2,,,,,,,,,,,,,,,,,,,,,,
91.994854,XKF1,,,,,,,,,,,,,,,,112.98593689668756,112.97377014160156,,,0.8728903935330704,,,,,,1.6580700874328613,-0.8725613231906401,,,,,,-0.8728190660476685,,-0.8728190660476685,0.011158721521496773
91.994854,POS,,,,,,,,,,,,,,,,112.98947870236788,112.97746643717616,,,,,37.4275148,-122.168422,,,1.6475359994788619,,,,29.14368438720703,,,,,,
92.094814,ATT,3,,8.78,-0.01,90.18,0.02,0.01,8.71,,0.0,,,,90.21,,,,,,,,,,,,,,,,,,,,,,
92.094814,XKF1,,,,,,,,,,,,,,,,112.89262781200289,112.88046264648438,,,1.001275118412556,,,,,,1.65727698802948,-1.000933599383412,,,,,,-1.0012096166610718,,-1.0012096166610718,0.011452783830463886
92.094814,POS,,,,,,,,,,,,,,,,112.90108633479372,112.88906466397428,,,,,37.4275148,-122.168423,,,1.6475359994788619,,,,29.143423080444336,,,,,,
92.097313,ERR,,,,,,,,,,,,,,,,,,0,0,,,,,,,,,,,,9,FAILSAFE_FENCE,,,,
92.194774,ATT,3,,8.07,-0.01,90.18,0.02,0.01,8.0,,0.01,,,,90.22,,,,,,,,,,,,,,,,,,,,,,
92.194774,XKF1,,,,,,,,,,,,,,,,112.78661183043639,112.77444458007812,,,1.112932822349474,,,,,,1.6566405296325684,-1.1125850841890104,,,,,,-1.1128736734390259,,-1.1128736734390259,0.011474058963358402
92.194774,POS,,,,,,,,,,,,,,,,112.79501551291337,112.78298253588078,,,,,37.4275148,-122.1684242,,,1.6475359994788619,,,,29.142953872680664,,,,,,
92.29473399999999,ATT,3,,7.49,0.0,90.18,0.02,0.0,7.42,,0.02,,,,90.22,,,,,,,,,,,,,,,,,,,,,,
92.29473399999999,XKF1,,,,,,,,,,,,,,,,112.66986131284531,112.65768432617188,,,1.2101182750547372,,,,,,1.6564451456069946,-1.209762734082836,,,,,,-1.2100632190704346,,-1.2100632190704346,0.011543200351297855
92.29473399999999,POS,,,,,,,,,,,,,,,,112.67126624741705,112.65922005289563,,,,,37.4275148,-122.1684256,,,1.6475359994788619,,,,29.142330169677734,,,,,,
92.394694,ATT,3,,7.03,0.01,90.18,0.02,0.0,6.95,,0.03,,,,90.23,,,,,,,,,,,,,,,,,,,,,,
92.394694,XKF1,,,,,,,,,,,,,,,,112.54349290160913,112.53130340576172,,,1.295737897319471,,,,,,1.656365990638733,-1.2953788037748413,,,,,,-1.2956874370574951,,-1.2956874370574951,0.011435208842158318
92.394694,POS,,,,,,,,,,,,,,,,112.54751701224444,112.53545757116676,,,,,37.4275148,-122.168427,,,1.6475359994788619,,,,29.14159393310547,,,,,,
92.42968,ERR,,,,,,,,,,,,,,,,,,0,0,,,,,,,,,,,,9,FAILSAFE_FENCE,,,,
92.494654,ATT,3,,6.69,0.03,90.18,0.01,0.0,6.62,,0.04,,,,90.23,,,,,,,,,,,,,,,,,,,,,,
92.494654,XKF1,,,,,,,,,,,,,,,,112.40896712067953,112.39675903320312,,,1.3717688717435923,,,,,,1.6566375494003296,-1.3714068519434846,,,,,,-1.3717223405838013,,-1.3717223405838013,0.01129857636988163
92.494654,POS,,,,,,,,,,,,,,,,112.41492857628963,112.40285491010768,,,,,37.4275148,-122.1684285,,,1.6475359994788619,,,,29.140792846679688,,,,,,
92.59461399999999,ATT,3,,6.46,0.06,90.18,0.01,0.0,6.41,,0.05,,,,90.23,,,,,,,,,,,,,,,,,,,,,,
92.59461399999999,XKF1,,,,,,,,,,,,,,,,112.26686044364001,112.25463104248047,,,1.4409882901052282,,,,,,1.6570345163345337,-1.440628139172329,,,,,,-1.4409466981887817,,-1.4409466981887817,0.010948296636343002
92.59461399999999,POS,,,,,,,,,,,,,,,,112.27350095014793,112.26141207348716,,,,,37.4275148,-122.1684301,,,1.6475359994788619,,,,29.139896392822266,,,,,,
92.694574,ATT,3,,6.33,0.09,90.18,0.01,0.0,6.29,,0.08,,,,90.22,,,,,,,,,,,,,,,,,,,,,,
92.694574,XKF1,,,,,,,,,,,,,,,,112.11795276743695,112.10569763183594,,,1.5049825861756003,,,,,,1.6576764583587646,-1.5046285659988266,,,,,,-1.5049467086791992,,-1.5049467086791992,0.010391762480139732
92.694574,POS,,,,,,,,,,,,,,,,112.12323413863362,112.11112905879271,,,,,37.4275148,-122.1684318,,,1.6475359994788619,,,,29.138935089111328,,,,,,
92.762047,ERR,,,,,,,,,,,,,,,,,,0,0,,,,,,,,,,,,9,FAILSAFE_FENCE,,,,
92.794534,ATT,3,,6.3,0.12,90.18,0.01,0.0,6.27,,0.11,,,,90.2,,,,,,,,,,,,,,,,,,,,,,
92.794534,XKF1,,,,,,,,,,,,,,,,111.962119849099,111.94983673095703,,,1.5661865297197948,,,,,,1.6584140062332153,-1.565847174979293,,,,,,-1.5661582946777344,,-1.5661582946777344,0.009404354728758335
92.794534,POS,,,,,,,,,,,,,,,,111.96412814958157,111.95200586602432,,,,,37.4275148,-122.1684336,,,1.6475359994788619,,,,29.137969970703125,,,,,,
92.894494,ATT,3,,6.38,0.15,90.18,0.01,0.0,6.35,,0.14,,,,90.19,,,,,,,,,,,,,,,,,,,,,,
92.894494,XKF1,,,,,,,,,,,,,,,,111.80036861943663,111.78805541992188,,,1.625718990938522,,,,,,1.6592434644699097,-1.6254014283621125,,,,,,-1.6256992816925049,,-1.6256992816925049,0.00800518598407507
92.894494,POS,,,,,,,,,,,,,,,,111.80502220949622,111.79288267325592,,,,,37.4275148,-122.1684354,,,1.6475359994788619,,,,29.137075424194336,,,,,,
92.994454,ATT,3,,6.55,0.18,90.18,0.01,0.0,6.52,,0.17,,,,90.17,,,,,,,,,,,,,,,,,,,,,,
92.994454,XKF1,,,,,,,,,,,,,,,,111.63217130970948,111.61982727050781,,,1.6857670534293254,,,,,,1.6600697040557861,-1.6854774374001908,,,,,,-1.685755729675293,,-1.685755729675293,0.006178858689963818
92.994454,POS,,,,,,,,,,,,,,,,111.63707710568583,111.62491930492611,,,,,37.4275148,-122.1684373,,,1.6475359994788619,,,,29.13627052307129,,,,,,
93.094414,ERR,,,,,,,,,,,,,,,,,,0,0,,,,,,,,,,,,9,FAILSAFE_FENCE,,,,
93.094414,ATT,3,,6.81,0.2,90.18,0.01,0.0,6.79,,0.2,,,,90.16,,,,,,,,,,,,,,,,,,,,,,
93.094414,XKF1,,,,,,,,,,,,,,,,111.45807634204576,111.4457015991211,,,1.7471470452400772,,,,,,1.6608362197875977,-1.7468904478271512,,,,,,-1.7471426725387573,,-1.7471426725387573,0.003908898215740919
93.094414,POS,,,,,,,,,,,,,,,,111.46029284330164,111.44811575726608,,,,,37.4275148,-122.1684393,,,1.6475359994788619,,,,29.13558578491211,,,,,,
93.194374,ATT,3,,7.16,0.23,90.18,0.01,0.0,7.14,,0.23,,,,90.15,,,,,,,,,,,,,,,,,,,,,,
93.194374,XKF1,,,,,,,,,,,,,,,,111.27712972248314,111.26472473144531,,,1.812132436253225,,,,,,1.6615142822265625,-1.8119112324182414,,,,,,-1.8121320009231567,,-1.8121320009231567,0.0012560856994241476
93.194374,POS,,,,,,,,,,,,,,,,111.28350864344985,111.27131221086232,,,,,37.4275148,-122.1684413,,,1.6475359994788619,,,,29.135019302368164,,,,,,
93.29433399999999,ATT,3,,7.58,0.25,90.18,0.01,0.0,7.56,,0.26,,,,90.15,,,,,,,,,,,,,,,,,,,,,,
93.29433399999999,XKF1,,,,,,,,,,,,,,,,111.09019869867778,111.07776641845703,,,1.8806846389274547,,,,,,1.661942958831787,-1.8805018898292176,,,,,,-1.8806836605072021,,-1.8806836605072021,-0.001918384456075728
93.29433399999999,POS,,,,,,,,,,,,,,,,111.09788529912043,111.0856684863846,,,,,37.4275148,-122.1684434,,,1.6475359994788619,,,,29.134563446044922,,,,,,
93.394294,ATT,3,,8.13,0.27,90.19,0.01,0.0,8.1,,0.28,,,,90.14,,,,,,,,,,,,,,,,,,,,,,
93.394294,XKF1,,,,,,,,,,,,,,,,110.8973241158125,110.8848648071289,,,1.9545953998054206,,,,,,1.6623034477233887,-1.954447151836122,,,,,,-1.9545884132385254,,-1.9545884132385254,-0.005226066801697016
93.394294,POS,,,,,,,,,,,,,,,,110.903422821633,110.89118458508922,,,,,37.4275148,-122.1684456,,,1.6475359994788619,,,,29.134248733520508,,,,,,
93.42678099999999,ERR,,,,,,,,,,,,,,,,,,0,0,,,,,,,,,,,,9,FAILSAFE_FENCE,,,,
93.494254,ATT,3,,8.76,0.29,90.19,0.01,0.0,8.75,,0.29,,,,90.15,,,,,,,,,,,,,,,,,,,,,,
93.494254,XKF1,,,,,,,,,,,,,,,,110.69693748455329,110.68445587158203,,,2.0357532412485617,,,,,,1.662286639213562,-2.035636346638369,,,,,,-2.0357344150543213,,-2.0357344150543213,-0.0087550338357687
93.494254,POS,,,,,,,,,,,,,,,,110.700121220364,110.68786050571988,,,,,37.4275148,-122.1684479,,,1.6475359994788619,,,,29.13402557373047,,,,,,
93.594214,ATT,3,,9.46,0.32,90.19,0.0,0.0,9.44,,0.31,,,,90.15,,,,,,,,,,,,,,,,,,,,,,
93.594214,XKF1,,,,,,,,,,,,,,,,110.4887617358415,110.47625732421875,,,2.125182841402155,,,,,,1.6622387170791626,-2.1250908597235765,,,,,,-2.125147819519043,,-2.125147819519043,-0.012200597673654556
93.594214,POS,,,,,,,,,,,,,,,,110.49681970306999,110.48453642760681,,,,,37.4275148,-122.1684502,,,1.6475359994788619,,,,29.13395881652832,,,,,,
93.694174,ATT,3,,10.22,0.34,90.2,0.0,0.0,10.2,,0.33,,,,90.16,,,,,,,,,,,,,,,,,,,,,,
93.694174,XKF1,,,,,,,,,,,,,,,,110.27119577403256,110.25867462158203,,,2.2234528433427836,,,,,,1.661712408065796,-2.2233848764819304,,,,,,-2.2233943939208984,,-2.2233943939208984,-0.01612189970910549
93.694174,POS,,,,,,,,,,,,,,,,110.27583988579357,110.26353199334584,,,,,37.4275148,-122.1684527,,,1.6475359994788619,,,,29.133922576904297,,,,,,
93.759981,ERR,,,,,,,,,,,,,,,,,,0,0,,,,,,,,,,,,9,FAILSAFE_FENCE,,,,
93.794967,ATT,3,,11.04,0.37,90.2,0.0,0.0,11.02,,0.36,,,,90.16,,,,,,,,,,,,,,,,,,,,,,
93.794967,XKF1,,,,,,,,,,,,,,,,110.04377190297184,110.0312271118164,,,2.331429209545678,,,,,,1.6615639925003052,-2.331378547831723,,,,,,-2.3313448429107666,,-2.3313448429107666,-0.019833873957395554
93.794967,POS,,,,,,,,,,,,,,,,110.04602098126077,110.03368738226719,,,,,37.4275148,-122.1684553,,,1.6475359994788619,,,,29.134002685546875,,,,,,
93.894927,ATT,3,,11.86,0.4,90.21,0.01,0.0,11.85,,0.38,,,,90.18,,,,,,,,,,,,,,,,,,,,,,
93.894927,XKF1,,,,,,,,,,,,,,,,109.8041889937851,109.7916259765625,,,2.4499633105943985,,,,,,1.6609593629837036,-2.449928478854366,,,,,,-2.449845790863037,,-2.449845790863037,-0.02399633824825287
93.894927,POS,,,,,,,,,,,,,,,,109.8073630025213,109.79500259437086,,,,,37.4275148,-122.168458,,,1.6475359994788619,,,,29.134057998657227,,,,,,
93.99488699999999,ATT,3,,12.55,0.43,90.21,0.01,0.0,12.58,,0.42,,,,90.19,,,,,,,,,,,,,,,,,,,,,,
93.99488699999999,XKF1,,,,,,,,,,,,,,,,109.55043101472238,109.53784942626953,,,2.5782885009770067,,,,,,1.6602646112442017,-2.578265921696586,,,,,,-2.5781333446502686,,-2.5781333446502686,-0.028285181149840355
93.99488699999999,POS,,,,,,,,,,,,,,,,109.55986596201414,109.54747762840059,,,,,37.4275148,-122.1684608,,,1.6475359994788619,,,,29.134078979492188,,,,,,
94.092348,ERR,,,,,,,,,,,,,,,,,,0,0,,,,,,,,,,,,9,FAILSAFE_FENCE,,,,
94.094847,ATT,3,,13.14,0.45,90.22,0.0,0.0,13.18,,0.44,,,,90.2,,,,,,,,,,,,,,,,,,,,,,
94.094847,XKF1,,,,,,,,,,,,,,,,109.28119340287422,109.26860046386719,,,2.7138488676203107,,,,,,1.658970832824707,-2.713837042492353,,,,,,-2.7136459350585938,,-2.7136459350585938,-0.03318757936358452
94.094847,POS,,,,,,,,,,,,,,,,109.28585152935793,109.27343213072099,,,,,37.4275148,-122.1684639,,,1.6475359994788619,,,,29.134132385253906,,,,,,
94.194807,ATT,3,,13.68,0.47,90.22,0.0,0.0,13.72,,0.46,,,,90.21,,,,,,,,,,,,,,,,,,,,,,
94.194807,XKF1,,,,,,,,,,,,,,,,108.99931378598018,108.98670959472656,,,2.8531151787661235,,,,,,1.6575697660446167,-2.853110156754068,,,,,,-2.8528616428375244,,-2.8528616428375244,-0.03803511708974838
94.194807,POS,,,,,,,,,,,,,,,,109.00299808581339,108.99054645622371,,,,,37.4275148,-122.1684671,,,1.6475359994788619,,,,29.13409423828125,,,,,,
94.294767,ATT,3,,14.25,0.48,90.23,0.0,0.0,14.26,,0.48,,,,90.22,,,,,,,,,,,,,,,,,,,,,,
94.294767,XKF1,,,,,,,,,,,,,,,,108.70379997697411,108.69119262695312,,,2.995414703884191,,,,,,1.6555285453796387,-2.995413769056256,,,,,,-2.9951024055480957,,-2.9951024055480957,-0.04325307533144951
94.294767,POS,,,,,,,,,,,,,,,,108.71130564708808,108.69882060365249,,,,,37.4275148,-122.1684704,,,1.6475359994788619,,,,29.134021759033203,,,,,,
94.394727,ATT,3,,14.85,0.49,90.23,0.0,0.0,14.85,,0.49,,,,90.23,,,,,,,,,,,,,,,,,,,,,,
94.394727,XKF1,,,,,,,,,,,,,,,,108.39343213500358,108.38082122802734,,,3.141828713288649,,,,,,1.653396487236023,-3.141828691825701,,,,,,-3.1414575576782227,,-3.1414575576782227,-0.048291582614183426
94.394727,POS,,,,,,,,,,,,,,,,108.40193507632064,108.38941439744592,,,,,37.4275148,-122.1684739,,,1.6475359994788619,,,,29.1339054107666,,,,,,
94.42471499999999,ERR,,,,,,,,,,,,,,,,,,0,0,,,,,,,,,,,,9,FAILSAFE_FENCE,,,,
94.494687,ATT,3,,15.5,0.5,90.24,0.0,0.0,15.49,,0.5,,,,90.24,,,,,,,,,,,,,,,,,,,,,,
94.494687,XKF1,,,,,,,,,,,,,,,,108.06874267593648,108.05613708496094,,,3.2921443293339574,,,,,,1.6505701541900635,-3.292142658634267,,,,,,-3.291707992553711,,-3.291707992553711,-0.05359829217195511
94.494687,POS,,,,,,,,,,,,,,,,108.07488640756628,108.06232783509144,,,,,37.4275148,-122.1684776,,,1.6475359994788619,,,,29.13378143310547,,,,,,
94.594647,ATT,3,,16.17,0.51,90.25,0.0,0.01,16.16,,0.5,,,,90.25,,,,,,,,,,,,,,,,,,,,,,
94.594647,XKF1,,,,,,,,,,,,,,,,107.72843724461076,107.71583557128906,,,3.4475998758876414,,,,,,1.6477130651474,-3.4475951868804584,,,,,,-3.4471049308776855,,-3.4471049308776855,-0.05841660499572754
94.594647,POS,,,,,,,,,,,,,,,,107.7301596825603,107.71756091910159,,,,,37.4275148,-122.1684815,,,1.6475359994788619,,,,29.13364601135254,,,,,,
94.694607,ATT,3,,16.87,0.52,90.25,0.0,0.01,16.86,,0.51,,,,90.26,,,,,,,,,,,,,,,,,,,,,,
94.694607,XKF1,,,,,,,,,,,,,,,,107.37292508502257,107.36033630371094,,,3.6079855174959463,,,,,,1.6441502571105957,-3.607976133963109,,,,,,-3.6074271202087402,,-3.6074271202087402,-0.06347493082284927
94.694607,POS,,,,,,,,,,,,,,,,107.37642385084597,107.3639538250378,,,,,37.4275147,-122.1684855,,,1.6364040001397484,,,,29.133512496948242,,,,,,
94.757082,ERR,,,,,,,,,,,,,,,,,,0,0,,,,,,,,,,,,9,FAILSAFE_FENCE,,,,
94.794567,ATT,3,,17.59,0.55,90.26,0.0,0.01,17.58,,0.53,,,,90.27,,,,,,,,,,,,,,,,,,,,,,
94.794567,XKF1,,,,,,,,,,,,,,,,107.00093611955346,106.98835754394531,,,3.7738654350493026,,,,,,1.6406341791152954,-3.77385109762919,,,,,,-3.7732479572296143,,-3.7732479572296143,-0.06826547533273697
94.794567,POS,,,,,,,,,,,,,,,,107.00517967175311,106.99266637733865,,,,,37.4275147,-122.1684897,,,1.6364040001397484,,,,29.13338851928711,,,,,,
94.894527,ATT,3,,18.36,0.56,90.27,0.0,0.01,18.35,,0.54,,,,90.27,,,,,,,,,,,,,,,,,,,,,,
94.894527,XKF1,,,,,,,,,,,,,,,,106.61269458095896,106.60013580322266,,,3.9447665963809526,,,,,,1.6363656520843506,-3.9447454469862664,,,,,,-3.944082498550415,,-3.944082498550415,-0.07346253842115402
94.894527,POS,,,,,,,,,,,,,,,,106.61608724119391,106.6036985734916,,,,,37.4275146,-122.1684941,,,1.6252720000096588,,,,29.133291244506836,,,,,,
94.99448699999999,ATT,3,,19.12,0.58,90.28,0.0,0.01,19.12,,0.56,,,,90.28,,,,,,,,,,,,,,,,,,,,,,
94.99448699999999,XKF1,,,,,,,,,,,,,,,,106.20704649511407,106.19450378417969,,,4.1215916724692985,,,,,,1.6322044134140015,-4.121564032777022,,,,,,-4.120845317840576,,-4.120845317840576,-0.07843329012393951
94.99448699999999,POS,,,,,,,,,,,,,,,,106.20948651666862,106.19705041600919,,,,,37.4275146,-122.1684987,,,1.6252720000096588,,,,29.133329391479492,,,,,,
95.089449,ERR,,,,,,,,,,,,,,,,,,0,0,,,,,,,,,,,,9,FAILSAFE_FENCE,,,,
95.094447,ATT,3,,19.87,0.58,90.28,0.0,0.01,19.87,,0.57,,,,90.28,,,,,,,,,,,,,,,,,,,,,,
95.094447,XKF1,,,,,,,,,,,,,,,,105.78394567689267,105.77143096923828,,,4.303547298286338,,,,,,1.6271305084228516,-4.303511218680086,,,,,,-4.302731037139893,,-4.302731037139893,-0.08381509780883789
95.094447,POS,,,,,,,,,,,,,,,,105.78520788833264,105.77272190363514,,,,,37.4275146,-122.1685035,,,1.6252720000096588,,,,29.133502960205078,,,,,,
95.194407,ATT,3,,20.61,0.6,90.29,0.0,0.01,20.61,,0.58,,,,90.29,,,,,,,,,,,,,,,,,,,,,,
95.194407,XKF1,,,,,,,,,,,,,,,,105.34240591609084,105.32991790771484,,,4.49003525762013,,,,,,1.6219980716705322,-4.489991680308017,,,,,,-4.489154815673828,,-4.489154815673828,-0.08891375362873077
95.194407,POS,,,,,,,,,,,,,,,,105.35191939095257,105.33955321444343,,,,,37.4275145,-122.1685084,,,1.6141399998795691,,,,29.13378143310547,,,,,,
95.294367,ATT,3,,21.36,0.6,90.3,0.0,0.01,21.36,,0.58,,,,90.3,,,,,,,,,,,,,,,,,,,,,,
95.294367,XKF1,,,,,,,,,,,,,,,,104.8826576983093,104.8702163696289,,,4.680524771374718,,,,,,1.615427017211914,-4.680470423328812,,,,,,-4.679567813873291,,-4.679567813873291,-0.09464254230260849
95.294367,POS,,,,,,,,,,,,,,,,104.8922843634347,104.87986399228613,,,,,37.4275145,-122.1685136,,,1.6141399998795691,,,,29.134105682373047,,,,,,
95.394327,ATT,3,,22.15,0.6,90.31,0.0,0.01,22.14,,0.59,,,,90.3,,,,,,,,,,,,,,,,,,,,,,
95.394327,XKF1,,,,,,,,,,,,,,,,104.40896679169715,104.39656066894531,,,4.872153517233408,,,,,,1.6094927787780762,-4.872092829386091,,,,,,-4.871139049530029,,-4.871139049530029,-0.09941959381103516
95.394327,POS,,,,,,,,,,,,,,,,104.41480007532886,104.4024944152372,,,,,37.4275144,-122.168519,,,1.6030079997494795,,,,29.134716033935547,,,,,,
95.42181599999999,ERR,,,,,,,,,,,,,,,,,,0,0,,,,,,,,,,,,9,FAILSAFE_FENCE,,,,
95.494287,ATT,3,,23.0,0.61,90.32,0.0,0.01,22.99,,0.59,,,,90.31,,,,,,,,,,,,,,,,,,,,,,
95.494287,XKF1,,,,,,,,,,,,,,,,103.91494585736605,103.90259552001953,,,5.069758049778087,,,,,,1.6020663976669312,-5.069687508535282,,,,,,-5.0686726570129395,,-5.0686726570129395,-0.10490080714225769
95.494287,POS,,,,,,,,,,,,,,,,103.91963764615717,103.9074444845529,,,,,37.4275143,-122.1685246,,,1.5918759996193899,,,,29.135221481323242,,,,,,
95.594247,ATT,3,,23.84,0.61,90.33,0.0,0.01,23.83,,0.6,,,,90.31,,,,,,,,,,,,,,,,,,,,,,
95.594247,XKF1,,,,,,,,,,,,,,,,103.4040976848254,103.39179229736328,,,5.271020031677965,,,,,,1.595212697982788,-5.270944694218618,,,,,,-5.269882678985596,,-5.269882678985596,-0.10949303209781647
95.594247,POS,,,,,,,,,,,,,,,,103.40696781883848,103.39471419897698,,,,,37.4275143,-122.1685304,,,1.5918759996193899,,,,29.13582992553711,,,,,,
95.69420699999999,ATT,3,,24.64,0.61,90.34,0.0,0.01,24.64,,0.61,,,,90.32,,,,,,,,,,,,,,,,,,,,,,
95.69420699999999,XKF1,,,,,,,,,,,,,,,,102.87134763449056,102.8591079711914,,,5.477882260600725,,,,,,1.5868432521820068,-5.477798210483272,,,,,,-5.476678371429443,,-5.476678371429443,-0.1148393526673317
95.69420699999999,POS,,,,,,,,,,,,,,,,102.87644870508069,102.86430355850943,,,,,37.4275142,-122.1685364,,,1.5807439994893002,,,,29.136301040649414,,,,,,
95.754183,ERR,,,,,,,,,,,,,,,,,,0,0,,,,,,,,,,,,9,FAILSAFE_FENCE,,,,
95.795,ATT,3,,25.34,0.61,90.35,0.0,0.01,25.34,,0.61,,,,90.33,,,,,,,,,,,,,,,,,,,,,,
95.795,XKF1,,,,,,,,,,,,,,,,102.32024581377621,102.30805969238281,,,5.686452576321278,,,,,,1.579121708869934,-5.686364743349805,,,,,,-5.685199737548828,,-5.685199737548828,-0.11936015635728836
95.795,POS,,,,,,,,,,,,,,,,102.32825140252696,102.31621256315024,,,,,37.4275141,-122.1685426,,,1.5696120001501868,,,,29.136810302734375,,,,,,
95.89496,ATT,3,,25.92,0.61,90.35,0.0,0.01,25.95,,0.6,,,,90.34,,,,,,,,,,,,,,,,,,,,,,
95.89496,XKF1,,,,,,,,,,,,,,,,101.745310331918,101.73319244384766,,,5.89759686347381,,,,,,1.570264220237732,-5.897503477621498,,,,,,-5.896288871765137,,-5.896288871765137,-0.1242026761174202
95.89496,POS,,,,,,,,,,,,,,,,101.75370785853761,101.74160103482549,,,,,37.4275141,-122.1685491,,,1.5696120001501868,,,,29.137155532836914,,,,,,
95.99492,ATT,3,,26.21,0.61,90.36,0.0,0.01,26.27,,0.59,,,,90.34,,,,,,,,,,,,,,,,,,,,,,
95.99492,XKF1,,,,,,,,,,,,,,,,101.1454328076076,101.13338470458984,,,6.107472897786375,,,,,,1.561113715171814,-6.107376438017459,,,,,,-6.106119155883789,,-6.106119155883789,-0.12858480215072632
95.99492,POS,,,,,,,,,,,,,,,,101.1524756227218,101.14046897604769,,,,,37.427514,-122.1685559,,,1.5584800000200971,,,,29.137346267700195,,,,,,
96.087383,ERR,,,,,,,,,,,,,,,,,,0,0,,,,,,,,,,,,9,FAILSAFE_FENCE,,,,
96.09488,ATT,3,,26.41,0.59,90.36,0.0,0.01,26.45,,0.58,,,,90.34,,,,,,,,,,,,,,,,,,,,,,
96.09488,XKF1,,,,,,,,,,,,,,,,100.52413394365271,100.51216888427734,,,6.3094448814988,,,,,,1.5509388446807861,-6.309343611612636,,,,,,-6.308041095733643,,-6.308041095733643,-0.1330873668193817
96.09488,POS,,,,,,,,,,,,,,,,100.53356516048501,100.52165656237825,,,,,37.4275139,-122.1685629,,,1.5473479998900075,,,,29.13754653930664,,,,,,
96.19484,ATT,3,,26.55,0.57,90.36,0.0,0.0,26.58,,0.55,,,,90.35,,,,,,,,,,,,,,,,,,,,,,
96.19484,XKF1,,,,,,,,,,,,,,,,99.87585559934466,99.86397552490234,,,6.5040634239358255,,,,,,1.5404298305511475,-6.5039597572933845,,,,,,-6.502619743347168,,-6.502619743347168,-0.13703100383281708
96.19484,POS,,,,,,,,,,,,,,,,99.87929819548188,99.86748343892556,,,,,37.4275138,-122.1685703,,,1.5362159997599178,,,,29.137725830078125,,,,,,
96.2948,ATT,3,,26.76,0.55,90.36,0.0,0.0,26.76,,0.53,,,,90.36,,,,,,,,,,,,,,,,,,,,,,
96.2948,XKF1,,,,,,,,,,,,,,,,99.21405710354209,99.2022705078125,,,6.687459149069685,,,,,,1.5292655229568481,-6.6873531733702904,,,,,,-6.685978412628174,,-6.685978412628174,-0.14072148501873016
96.2948,POS,,,,,,,,,,,,,,,,99.21619210943976,99.2044701386552,,,,,37.4275137,-122.1685778,,,1.5250839996298282,,,,29.13788414001465,,,,,,
96.39476,ATT,3,,26.99,0.54,90.37,0.0,0.0,26.98,,0.52,,,,90.36,,,,,,,,,,,,,,,,,,,,,,
96.39476,XKF1,,,,,,,,,,,,,,,,98.53332745669458,98.5216293334961,,,6.863443602454301,,,,,,1.5182796716690063,-6.863339025627642,,,,,,-6.861940383911133,,-6.861940383911133,-0.14363931119441986
96.39476,POS,,,,,,,,,,,,,,,,98.53540776278632,98.52377648223693,,,,,37.4275136,-122.1685855,,,1.5139519994997386,,,,29.1379451751709,,,,,,
96.41975,ERR,,,,,,,,,,,,,,,,,,0,0,,,,,,,,,,,,9,FAILSAFE_FENCE,,,,
96.49472,ATT,3,,27.22,0.52,90.37,0.0,0.0,27.21,,0.51,,,,90.37,,,,,,,,,,,,,,,,,,,,,,
96.49472,XKF1,,,,,,,,,,,,,,,,97.83568177888333,97.82408142089844,,,7.032804324748428,,,,,,1.5065600872039795,-7.032699492692528,,,,,,-7.031274318695068,,-7.031274318695068,-0.14669057726860046
96.49472,POS,,,,,,,,,,,,,,,,97.83694515262385,97.8254024721833,,,,,37.4275135,-122.1685934,,,1.5028200001606251,,,,29.137962341308594,,,,,,
96.59468,ATT,3,,27.43,0.52,90.37,0.0,0.0,27.43,,0.5,,,,90.38,,,,,,,,,,,,,,,,,,,,,,
96.59468,XKF1,,,,,,,,,,,,,,,,97.120760643204,97.1092529296875,,,7.1955326640811155,,,,,,1.4950395822525024,-7.195430666763002,,,,,,-7.19398832321167,,-7.19398832321167,-0.14907154440879822
96.59468,POS,,,,,,,,,,,,,,,,97.1296434097786,97.11818828531199,,,,,37.4275134,-122.1686014,,,1.4916880000305355,,,,29.137916564941406,,,,,,
96.69463999999999,ATT,3,,27.63,0.51,90.37,0.0,0.0,27.63,,0.49,,,,90.38,,,,,,,,,,,,,,,,,,,,,,
96.69463999999999,XKF1,,,,,,,,,,,,,,,,96.39038729449858,96.37898254394531,,,7.351813993029629,,,,,,1.482729434967041,-7.351712841774396,,,,,,-7.350249767303467,,-7.350249767303467,-0.15164875984191895
96.69463999999999,POS,,,,,,,,,,,,,,,,96.39582426217467,96.38445356547508,,,,,37.4275133,-122.1686097,,,1.4805559999004458,,,,29.137767791748047,,,,,,
96.752117,ERR,,,,,,,,,,,,,,,,,,0,0,,,,,,,,,,,,9,FAILSAFE_FENCE,,,,
96.7946,ATT,3,,27.82,0.5,90.37,0.0,0.0,27.82,,0.48,,,,90.38,,,,,,,,,,,,,,,,,,,,,,
96.7946,XKF1,,,,,,,,,,,,,,,,95.64423082568952,95.63292694091797,,,7.5013727771145104,,,,,,1.4704335927963257,-7.501274551261755,,,,,,-7.499797821044922,,-7.499797821044922,-0.15370811522006989
96.7946,POS,,,,,,,,,,,,,,,,95.65316598101961,95.64187866882052,,,,,37.4275132,-122.1686181,,,1.4694239997703562,,,,29.137468338012695,,,,,,
96.89456,ATT,3,,28.01,0.48,90.38,0.0,0.0,28.0,,0.46,,,,90.38,,,,,,,,,,,,,,,,,,,,,,
96.89456,XKF1,,,,,,,,,,,,,,,,94.88411963102902,94.8729248046875,,,7.644659613838076,,,,,,1.4574968814849854,-7.644562766782601,,,,,,-7.643069744110107,,-7.643069744110107,-0.1559022068977356
96.89456,POS,,,,,,,,,,,,,,,,94.89265901196804,94.88162341727431,,,,,37.427513,-122.1686267,,,1.447159999510177,,,,29.137069702148438,,,,,,
96.99452,ATT,3,,28.21,0.47,90.38,0.0,0.0,28.2,,0.45,,,,90.38,,,,,,,,,,,,,,,,,,,,,,
96.99452,XKF1,,,,,,,,,,,,,,,,94.1098608067984,94.09877014160156,,,7.781886393930751,,,,,,1.4447695016860962,-7.781793224190033,,,,,,-7.780291557312012,,-7.780291557312012,-0.15754088759422302
96.99452,POS,,,,,,,,,,,,,,,,94.11464411159982,94.10368781209276,,,,,37.4275129,-122.1686355,,,1.4360280001710635,,,,29.136629104614258,,,,,,
97.084484,ERR,,,,,,,,,,,,,,,,,,0,0,,,,,,,,,,,,9,FAILSAFE_FENCE,,,,
97.09448,ATT,3,,28.38,0.46,90.38,0.0,0.0,28.39,,0.44,,,,90.38,,,,,,,,,,,,,,,,,,,,,,
97.09448,XKF1,,,,,,,,,,,,,,,,93.32271680685486,93.31173706054688,,,7.913750376445059,,,,,,1.431502342224121,-7.913659699979709,,,,,,-7.912147521972656,,-7.912147521972656,-0.15926899015903473
97.09448,POS,,,,,,,,,,,,,,,,93.32779006798681,93.31691202758097,,,,,37.4275128,-122.1686444,,,1.4248960000409738,,,,29.136137008666992,,,,,,
97.19444,ATT,3,,28.49,0.46,90.38,0.0,0.0,28.52,,0.43,,,,90.37,,,,,,,,,,,,,,,,,,,,,,
97.19444,XKF1,,,,,,,,,,,,,,,,92.52248069596006,92.51160430908203,,,8.039652284774633,,,,,,1.4186269044876099,-8.039566637916494,,,,,,-8.038052558898926,,-8.038052558898926,-0.16037431359291077
97.19444,POS,,,,,,,,,,,,,,,,92.53209688891133,92.52129606750778,,,,,37.4275127,-122.1686534,,,1.4137639999108842,,,,29.13563346862793,,,,,,
97.2944,ATT,3,,28.6,0.44,90.38,0.0,0.0,28.62,,0.42,,,,90.37,,,,,,,,,,,,,,,,,,,,,,
97.2944,XKF1,,,,,,,,,,,,,,,,91.71083921652881,91.70008087158203,,,8.159029444040018,,,,,,1.4047056436538696,-8.158944534242666,,,,,,-8.157417297363281,,-8.157417297363281,-0.1621866375207901
97.2944,POS,,,,,,,,,,,,,,,,91.71872543220827,91.70799975128669,,,,,37.4275126,-122.1686626,,,1.4026319997807946,,,,29.1351375579834,,,,,,
97.39435999999999,ATT,3,,28.75,0.43,90.38,0.01,0.0,28.75,,0.41,,,,90.37,,,,,,,,,,,,,,,,,,,,,,
97.39435999999999,XKF1,,,,,,,,,,,,,,,,90.89542078877035,90.884765625,,,8.268472789629813,,,,,,1.391724705696106,-8.268392376748421,,,,,,-8.266864776611328,,-8.266864776611328,-0.1630614548921585
97.39435999999999,POS,,,,,,,,,,,,,,,,90.89651485313377,90.88586325824792,,,,,37.4275125,-122.1686719,,,1.391499999650705,,,,29.134950637817383,,,,,,
97.416851,ERR,,,,,,,,,,,,,,,,,,0,0,,,,,,,,,,,,9,FAILSAFE_FENCE,,,,
97.49432,ATT,3,,28.92,0.42,90.38,0.01,0.0,28.89,,0.41,,,,90.37,,,,,,,,,,,,,,,,,,,,,,
97.49432,XKF1,,,,,,,,,,,,,,,,90.06785667605398,90.05731964111328,,,8.373524840349555,,,,,,1.377673864364624,-8.373445256912028,,,,,,-8.371907234191895,,-8.371907234191895,-0.16458284854888916
97.49432,POS,,,,,,,,,,,,,,,,90.07413439099243,90.06372676646541,,,,,37.4275123,-122.1686812,,,1.3692359993905256,,,,29.134742736816406,,,,,,
97.59428,ATT,3,,29.1,0.41,90.39,0.01,0.0,29.07,,0.4,,,,90.37,,,,,,,,,,,,,,,,,,,,,,
97.59428,XKF1,,,,,,,,,,,,,,,,89.23531416867398,89.2248764038086,,,8.472039837645838,,,,,,1.3648170232772827,-8.471965208273994,,,,,,-8.470430374145508,,-8.470430374145508,-0.1651311218738556
97.59428,POS,,,,,,,,,,,,,,,,89.24308452790403,89.2327500953527,,,,,37.4275122,-122.1686906,,,1.3581040000514122,,,,29.13466453552246,,,,,,
97.69424,ATT,3,,29.24,0.41,90.39,0.01,0.0,29.23,,0.41,,,,90.37,,,,,,,,,,,,,,,,,,,,,,
97.69424,XKF1,,,,,,,,,,,,,,,,88.39055639022328,88.38023376464844,,,8.568131734538708,,,,,,1.3508288860321045,-8.568058174432446,,,,,,-8.56651496887207,,-8.56651496887207,-0.16644130647182465
97.69424,POS,,,,,,,,,,,,,,,,88.39435638931862,88.38409307060462,,,,,37.4275121,-122.1687002,,,1.3469719999213225,,,,29.134519577026367,,,,,,
97.749218,ERR,,,,,,,,,,,,,,,,,,0,0,,,,,,,,,,,,9,FAILSAFE_FENCE,,,,
97.7942,ATT,3,,29.32,0.4,90.39,0.0,0.0,29.32,,0.4,,,,90.36,,,,,,,,,,,,,,,,,,,,,,
97.7942,XKF1,,,,,,,,,,,,,,,,87.53991487683652,87.5296859741211,,,8.658124044269693,,,,,,1.3381965160369873,-8.658055668620863,,,,,,-8.65651798248291,,-8.65651798248291,-0.1667584627866745
97.7942,POS,,,,,,,,,,,,,,,,87.5456282874438,87.53543604585653,,,,,37.427512,-122.1687098,,,1.335839999791233,,,,29.13443946838379,,,,,,
97.894993,ATT,3,,29.36,0.4,90.39,0.0,0.0,29.36,,0.4,,,,90.36,,,,,,,,,,,,,,,,,,,,,,
97.894993,XKF1,,,,,,,,,,,,,,,,86.67767457129403,86.66755676269531,,,8.74392896344567,,,,,,1.3243390321731567,-8.74386154275655,,,,,,-8.742316246032715,,-8.742316246032715,-0.16792966425418854
97.894993,POS,,,,,,,,,,,,,,,,86.67905251859281,86.66909866621683,,,,,37.4275118,-122.1687196,,,1.3135759995310536,,,,29.13432502746582,,,,,,
97.994953,ATT,3,,29.39,0.4,90.39,0.0,0.0,29.39,,0.39,,,,90.36,,,,,,,,,,,,,,,,,,,,,,
97.994953,XKF1,,,,,,,,,,,,,,,,85.80976746502965,85.79974365234375,,,8.822826597850105,,,,,,1.3115569353103638,-8.822763766508686,,,,,,-8.821224212646484,,-8.821224212646484,-0.16814447939395905
97.994953,POS,,,,,,,,,,,,,,,,85.81264594902613,85.80276128657711,,,,,37.4275117,-122.1687294,,,1.302443999400964,,,,29.134260177612305,,,,,,
98.082418,ERR,,,,,,,,,,,,,,,,,,0,0,,,,,,,,,,,,9,FAILSAFE_FENCE,,,,
98.09491299999999,ATT,3,,29.33,0.39,90.39,0.0,0.0,29.34,,0.39,,,,90.36,,,,,,,,,,,,,,,,,,,,,,
98.09491299999999,XKF1,,,,,,,,,,,,,,,,84.93014072108798,84.92021942138672,,,8.896962032142865,,,,,,1.2981280088424683,-8.896901575416859,,,,,,-8.895360946655273,,-8.895360946655273,-0.16878101229667664
98.09491299999999,POS,,,,,,,,,,,,,,,,84.93740027171776,84.92758373011972,,,,,37.4275116,-122.1687393,,,1.2913120000618505,,,,29.134145736694336,,,,,,
98.194873,ATT,3,,29.13,0.4,90.39,0.0,0.0,29.17,,0.4,,,,90.36,,,,,,,,,,,,,,,,,,,,,,
98.194873,XKF1,,,,,,,,,,,,,,,,84.03091315534026,84.02108764648438,,,8.965645058923053,,,,,,1.2849888801574707,-8.965588132731934,,,,,,-8.964051246643066,,-8.964051246643066,-0.1690460592508316
98.194873,POS,,,,,,,,,,,,,,,,84.03563719360777,84.02588564069674,,,,,37.4275115,-122.1687495,,,1.280179999931761,,,,29.1339111328125,,,,,,
98.294833,ATT,3,,28.85,0.38,90.38,0.0,0.0,28.88,,0.39,,,,90.36,,,,,,,,,,,,,,,,,,,,,,
98.294833,XKF1,,,,,,,,,,,,,,,,83.1313190586797,83.12159729003906,,,9.0238174264537,,,,,,1.271327018737793,-9.023761368689712,,,,,,-9.02221965789795,,-9.02221965789795,-0.16980397701263428
98.294833,POS,,,,,,,,,,,,,,,,83.13387419754953,83.12418755253005,,,,,37.4275114,-122.1687597,,,1.2690479998016713,,,,29.133766174316406,,,,,,
98.39479299999999,ATT,3,,28.59,0.38,90.38,0.0,0.0,28.61,,0.37,,,,90.36,,,,,,,,,,,,,,,,,,,,,,
98.39479299999999,XKF1,,,,,,,,,,,,,,,,82.22365953074292,82.21403503417969,,,9.072152686680715,,,,,,1.2580262422561646,-9.072099163840583,,,,,,-9.070560455322266,,-9.070560455322266,-0.16996292769908905
98.39479299999999,POS,,,,,,,,,,,,,,,,82.23211128368882,82.22248946310707,,,,,37.4275113,-122.1687699,,,1.2579159996715816,,,,29.133663177490234,,,,,,
98.414785,ERR,,,,,,,,,,,,,,,,,,0,0,,,,,,,,,,,,9,FAILSAFE_FENCE,,,,
98.494753,ATT,3,,28.35,0.36,90.38,0.0,0.0,28.36,,0.36,,,,90.36,,,,,,,,,,,,,,,,,,,,,,
98.494753,XKF1,,,,,,,,,,,,,,,,81.31151434856343,81.30199432373047,,,9.110666127711411,,,,,,1.244220495223999,-9.110613274701782,,,,,,-9.109071731567383,,-9.109071731567383,-0.17043907940387726
98.494753,POS,,,,,,,,,,,,,,,,81.31250025304854,81.30311102004873,,,,,37.4275111,-122.1687803,,,1.2356519994114024,,,,29.133663177490234,,,,,,
98.594713,ATT,3,,28.13,0.36,90.38,0.0,0.0,28.14,,0.36,,,,90.35,,,,,,,,,,,,,,,,,,,,,,
98.594713,XKF1,,,,,,,,,,,,,,,,80.39435170960628,80.38492584228516,,,9.141472605414057,,,,,,1.2310500144958496,-9.141422090638558,,,,,,-9.139884948730469,,-9.139884948730469,-0.1703658401966095
98.594713,POS,,,,,,,,,,,,,,,,80.40189800749049,80.39257275380808,,,,,37.427511,-122.1687906,,,1.224520000072289,,,,29.133636474609375,,,,,,
98.694673,ATT,3,,28.05,0.36,90.38,0.0,0.0,28.03,,0.36,,,,90.35,,,,,,,,,,,,,,,,,,,,,,
98.694673,XKF1,,,,,,,,,,,,,,,,79.47494692567297,79.46562194824219,,,9.16577478863335,,,,,,1.217422366142273,-9.165725114586678,,,,,,-9.16418743133545,,-9.16418743133545,-0.1705760806798935
98.694673,POS,,,,,,,,,,,,,,,,79.4824567070804,79.47319430949348,,,,,37.4275109,-122.168801,,,1.2133879999421993,,,,29.133651733398438,,,,,,
98.747152,ERR,,,,,,,,,,,,,,,,,,0,0,,,,,,,,,,,,9,FAILSAFE_FENCE,,,,
98.794633,ATT,3,,28.09,0.37,90.38,0.0,0.0,28.06,,0.37,,,,90.35,,,,,,,,,,,,,,,,,,,,,,
98.794633,XKF1,,,,,,,,,,,,,,,,78.55238077201865,78.54314422607422,,,9.187624414084015,,,,,,1.204582929611206,-9.187577276405964,,,,,,-9.18604564666748,,-9.18604564666748,-0.17031662166118622
98.794633,POS,,,,,,,,,,,,,,,,78.55417637130655,78.5449756883612,,,,,37.4275108,-122.1688115,,,1.2022559998121096,,,,29.133567810058594,,,,,,
98.829619,MODE,,,,,,,,,,,,,,,,,,,,,,,,LAND,,,,2,GCS_COMMAND,,,,,,,
98.894593,ATT,3,,28.14,0.37,90.38,0.0,0.0,28.13,,0.36,,,,90.34,,,,,,,,,,,,,,,,,,,,,,
98.894593,XKF1,,,,,,,,,,,,,,,,77.62834086841876,77.61920166015625,,,9.208077594291545,,,,,,1.1911505460739136,-9.208031118715033,,,,,,-9.206498146057129,,-9.206498146057129,-0.1705428659915924
98.894593,POS,,,,,,,,,,,,,,,,77.6347352933762,77.62559724530287,,,,,37.4275107,-122.1688219,,,1.19112399968202,,,,29.133384704589844,,,,,,
98.994553,ATT,3,,27.68,0.38,90.38,0.0,0.0,27.79,,0.36,,,,90.34,,,,,,,,,,,,,,,,,,,,,,
98.994553,XKF1,,,,,,,,,,,,,,,,76.70204473059637,76.6929931640625,,,9.215161087270017,,,,,,1.1783316135406494,-9.215116992427228,,,,,,-9.213591575622559,,-9.213591575622559,-0.17007099092006683
98.994553,POS,,,,,,,,,,,,,,,,76.7062847589272,76.69737862417058,,,,,37.4275105,-122.1688324,,,1.1688599994218407,,,,29.131710052490234,,,,,,
99.079519,ERR,,,,,,,,,,,,,,,,,,0,0,,,,,,,,,,,,9,FAILSAFE_FENCE,,,,
99.09451299999999,ATT,3,,26.32,0.35,90.37,0.0,0.0,26.54,,0.33,,,,90.33,,,,,,,,,,,,,,,,,,,,,,
99.09451299999999,XKF1,,,,,,,,,,,,,,,,75.77764211132059,75.76868438720703,,,9.189180594834239,,,,,,1.165122389793396,-9.189136337931062,,,,,,-9.18761157989502,,-9.18761157989502,-0.169804185628891
99.09451299999999,POS,,,,,,,,,,,,,,,,75.78684348599579,75.77800018111225,,,,,37.4275104,-122.1688428,,,1.1577280000827272,,,,29.125240325927734,,,,,,
99.194473,ATT,3,,24.28,0.32,90.35,0.0,0.01,24.53,,0.3,,,,90.31,,,,,,,,,,,,,,,,,,,,,,
99.194473,XKF1,,,,,,,,,,,,,,,,74.85803171872348,74.84915161132812,,,9.12314731947225,,,,,,1.1530029773712158,-9.12310478807244,,,,,,-9.121593475341797,,-9.121593475341797,-0.16837304830551147
99.194473,POS,,,,,,,,,,,,,,,,74.86740232384227,74.85862173679766,,,,,37.4275103,-122.1688532,,,1.1465959999526376,,,,29.11093521118164,,,,,,
99.294433,ATT,3,,21.79,0.27,90.34,0.01,0.01,22.02,,0.25,,,,90.3,,,,,,,,,,,,,,,,,,,,,,
99.294433,XKF1,,,,,,,,,,,,,,,,73.94801171424982,73.93921661376953,,,9.012981708319879,,,,,,1.1404749155044556,-9.012938078766375,,,,,,-9.011433601379395,,-9.011433601379395,-0.16704407334327698
99.294433,POS,,,,,,,,,,,,,,,,73.95680041391299,73.94808347055701,,,,,37.4275102,-122.1688635,,,1.135463999822548,,,,29.088043212890625,,,,,,
99.394393,ATT,3,,19.32,0.24,90.33,0.01,0.02,19.4,,0.21,,,,90.28,,,,,,,,,,,,,,,,,,,,,,
99.394393,XKF1,,,,,,,,,,,,,,,,73.05132134132681,73.04259490966797,,,8.858717549135527,,,,,,1.1291052103042603,-8.858674300256913,,,,,,-8.85718822479248,,-8.85718822479248,-0.16460062563419342
99.394393,POS,,,,,,,,,,,,,,,,73.05503774343481,73.04638538113403,,,,,37.4275101,-122.1688737,,,1.1243319996924583,,,,29.055374145507812,,,,,,
99.411886,ERR,,,,,,,,,,,,,,,,,,0,0,,,,,,,,,,,,9,FAILSAFE_FENCE,,,,
99.494353,ATT,3,,18.0,0.21,90.32,0.01,0.02,17.85,,0.19,,,,90.28,,,,,,,,,,,,,,,,,,,,,,
99.494353,XKF1,,,,,,,,,,,,,,,,72.17265253665752,72.16401672363281,,,8.676006892769617,,,,,,1.1164517402648926,-8.675958791853331,,,,,,-8.674473762512207,,-8.674473762512207,-0.16309674084186554
99.494353,POS,,,,,,,,,,,,,,,,72.17979255381448,72.17120782467664,,,,,37.42751,-122.1688836,,,1.1131999995623687,,,,29.012117385864258,,,,,,
99.594313,ATT,3,,17.51,0.22,90.32,0.01,0.02,17.27,,0.19,,,,90.27,,,,,,,,,,,,,,,,,,,,,,
99.594313,XKF1,,,,,,,,,,,,,,,,71.31875416643355,71.31017303466797,,,8.486193973665925,,,,,,1.106308102607727,-8.486147814814785,,,,,,-8.484692573547363,,-8.484692573547363,-0.159624844789505
99.594313,POS,,,,,,,,,,,,,,,,71.3222256853512,71.31371062311088,,,,,37.4275099,-122.1688933,,,1.102067999432279,,,,28.958072662353516,,,,,,
99.694273,ATT,3,,17.22,0.23,90.32,0.01,0.02,17.05,,0.22,,,,90.27,,,,,,,,,,,,,,,,,,,,,,
99.694273,XKF1,,,,,,,,,,,,,,,,70.48250931284524,70.47400665283203,,,8.303508298709136,,,,,,1.0947626829147339,-8.303458572985363,,,,,,-8.302010536193848,,-8.302010536193848,-0.15770581364631653
99.694273,POS,,,,,,,,,,,,,,,,70.49117623294744,70.48273395199816,,,,,37.4275098,-122.1689027,,,1.0909360000931656,,,,28.891881942749023,,,,,,
99.744253,ERR,,,,,,,,,,,,,,,,,,0,0,,,,,,,,,,,,9,FAILSAFE_FENCE,,,,
99.79423299999999,ATT,3,,16.83,0.25,90.32,0.01,0.02,16.74,,0.23,,,,90.26,,,,,,,,,,,,,,,,,,,,,,
99.79423299999999,XKF1,,,,,,,,,,,,,,,,69.66606721113519,69.65760803222656,,,8.12877813969623,,,,,,1.0856168270111084,-8.128731185998106,,,,,,-8.127313613891602,,-8.127313613891602,-0.15429668128490448
99.79423299999999,POS,,,,,,,,,,,,,,,,69.66896593905722,69.66059745895939,,,,,37.4275097,-122.168912,,,1.079803999963076,,,,28.81426429748535,,,,,,
99.894193,ATT,3,,16.28,0.27,90.31,0.01,0.02,16.24,,0.25,,,,90.26,,,,,,,,,,,,,,,,,,,,,,
99.894193,XKF1,,,,,,,,,,,,,,,,68.86543034046605,68.85704040527344,,,7.9592882310148685,,,,,,1.0749337673187256,-7.959237142110968,,,,,,-7.957822322845459,,-7.957822322845459,-0.15275150537490845
99.894193,POS,,,,,,,,,,,,,,,,68.87327302143528,68.8649814988862,,,,,37.4275096,-122.168921,,,1.0686719998329863,,,,28.72447967529297,,,,,,
99.994986,ATT,3,,15.59,0.29,90.31,0.01,0.02,15.59,,0.26,,,,90.25,,,,,,,,,,,,,,,,,,,,,,
99.994986,XKF1,,,,,,,,,,,,,,,,68.0827635106611,68.07440948486328,,,7.7918132762277805,,,,,,1.066517949104309,-7.791764874677937,,,,,,-7.790378570556641,,-7.790378570556641,-0.14951875805854797
99.994986,POS,,,,,,,,,,,,,,,,68.08641923548852,68.07820571563067,,,,,37.4275095,-122.1689299,,,1.0575399997028967,,,,28.623523712158203,,,,,,
100.07745299999999,ERR,,,,,,,,,,,,,,,,,,0,0,,,,,,,,,,,,9,FAILSAFE_FENCE,,,,
100.094946,ATT,3,,14.8,0.3,90.31,0.01,0.02,14.82,,0.27,,,,90.25,,,,,,,,,,,,,,,,,,,,,,
100.094946,XKF1,,,,,,,,,,,,,,,,67.3153967006662,67.30709838867188,,,7.624726342962123,,,,,,1.056948184967041,-7.624675552559583,,,,,,-7.623298645019531,,-7.623298645019531,-0.14754515886306763
100.094946,POS,,,,,,,,,,,,,,,,67.31724368388755,67.30911028601054,,,,,37.4275094,-122.1689386,,,1.046407999572807,,,,28.51072883605957,,,,,,
100.194906,ATT,3,,13.85,0.32,90.3,0.01,0.02,13.88,,0.29,,,,90.23,,,,,,,,,,,,,,,,,,,,,,
100.194906,XKF1,,,,,,,,,,,,,,,,66.56343239669525,66.55516815185547,,,7.456143335131656,,,,,,1.0488682985305786,-7.456094201159476,,,,,,-7.454741954803467,,-7.454741954803467,-0.14455386996269226
100.194906,POS,,,,,,,,,,,,,,,,66.56592042259095,66.55769521253828,,,,,37.4275094,-122.1689471,,,1.046407999572807,,,,28.386520385742188,,,,,,
100.294866,ATT,3,,12.78,0.32,90.29,0.01,0.02,12.81,,0.3,,,,90.23,,,,,,,,,,,,,,,,,,,,,,
100.294866,XKF1,,,,,,,,,,,,,,,,65.82180056648409,65.81359100341797,,,7.282707207796875,,,,,,1.0395523309707642,-7.282653117935808,,,,,,-7.281301498413086,,-7.281301498413086,-0.14308306574821472
100.294866,POS,,,,,,,,,,,,,,,,65.82326229069226,65.8151203158837,,,,,37.4275093,-122.1689555,,,1.0352759994427174,,,,28.24974250793457,,,,,,
100.394826,ATT,3,,11.6,0.34,90.29,0.01,0.02,11.62,,0.31,,,,90.21,,,,,,,,,,,,,,,,,,,,,,
100.394826,XKF1,,,,,,,,,,,,,,,,65.10298375291062,65.09480285644531,,,7.108498698686295,,,,,,1.0320535898208618,-7.108444361636293,,,,,,-7.107110500335693,,-7.107110500335693,-0.14047805964946747
100.394826,POS,,,,,,,,,,,,,,,,65.10712141246594,65.09906595093844,,,,,37.4275092,-122.1689636,,,1.024144000103604,,,,28.10418128967285,,,,,,
100.40982,ERR,,,,,,,,,,,,,,,,,,0,0,,,,,,,,,,,,9,FAILSAFE_FENCE,,,,
100.494786,ATT,3,,10.33,0.33,90.28,0.01,0.02,10.34,,0.31,,,,90.21,,,,,,,,,,,,,,,,,,,,,,
100.494786,XKF1,,,,,,,,,,,,,,,,64.40150210619797,64.39337158203125,,,6.930500228476199,,,,,,1.0233131647109985,-6.93043836642843,,,,,,-6.929098129272461,,-6.929098129272461,-0.13940061628818512
100.494786,POS,,,,,,,,,,,,,,,,64.40865870189222,64.40069194088481,,,,,37.4275091,-122.1689715,,,1.0130119999735143,,,,27.95136070251465,,,,,,
100.594746,ATT,3,,8.97,0.34,90.27,0.01,0.02,8.99,,0.31,,,,90.19,,,,,,,,,,,,,,,,,,,,,,
100.594746,XKF1,,,,,,,,,,,,,,,,63.717478430872355,63.70937728881836,,,6.747198327966883,,,,,,1.0160231590270996,-6.747133560738977,,,,,,-6.745804309844971,,-6.745804309844971,-0.1371476948261261
100.594746,POS,,,,,,,,,,,,,,,,63.71921108056755,63.71115810764886,,,,,37.4275091,-122.1689793,,,1.0130119999735143,,,,27.794004440307617,,,,,,
100.694706,ATT,3,,7.57,0.32,90.26,0.0,0.02,7.57,,0.3,,,,90.19,,,,,,,,,,,,,,,,,,,,,,
100.694706,XKF1,,,,,,,,,,,,,,,,63.05215192280897,63.04410171508789,,,6.556695662314775,,,,,,1.0075222253799438,-6.5566205914720985,,,,,,-6.555282115936279,,-6.555282115936279,-0.13614106178283691
100.694706,POS,,,,,,,,,,,,,,,,63.05610459889077,63.04814480737849,,,,,37.427509,-122.1689868,,,1.0018799998434247,,,,27.6335506439209,,,,,,
100.742187,ERR,,,,,,,,,,,,,,,,,,0,0,,,,,,,,,,,,9,FAILSAFE_FENCE,,,,
100.79466599999999,ATT,3,,6.12,0.32,90.25,0.0,0.02,6.12,,0.29,,,,90.18,,,,,,,,,,,,,,,,,,,,,,
100.79466599999999,XKF1,,,,,,,,,,,,,,,,62.40602568717031,62.39800262451172,,,6.3585052385031515,,,,,,1.0006550550460815,-6.358425996740228,,,,,,-6.357099533081055,,-6.357099533081055,-0.13369515538215637
100.79466599999999,POS,,,,,,,,,,,,,,,,62.41067624794882,62.40281186074348,,,,,37.4275089,-122.1689941,,,0.990747999713335,,,,27.471662521362305,,,,,,
100.894626,ATT,3,,4.66,0.3,90.25,0.0,0.03,4.65,,0.28,,,,90.18,,,,,,,,,,,,,,,,,,,,,,
100.894626,XKF1,,,,,,,,,,,,,,,,61.78026249579655,61.77228927612305,,,6.151979275804383,,,,,,0.9925279021263123,-6.151887622944237,,,,,,-6.150554180145264,,-6.150554180145264,-0.13240954279899597
100.894626,POS,,,,,,,,,,,,,,,,61.78310355157369,61.77515927025637,,,,,37.4275089,-122.1690012,,,0.990747999713335,,,,27.309350967407227,,,,,,
100.994586,ATT,3,,3.2,0.3,90.24,0.0,0.03,3.18,,0.28,,,,90.18,,,,,,,,,,,,,,,,,,,,,,
100.994586,XKF1,,,,,,,,,,,,,,,,61.17560707907669,61.16766357421875,,,5.937062773409718,,,,,,0.9858165979385376,-5.9369645179314325,,,,,,-5.935643196105957,,-5.935643196105957,-0.12982381880283356
100.994586,POS,,,,,,,,,,,,,,,,61.18187029360624,61.1740272102223,,,,,37.4275088,-122.169008,,,0.9796159995832454,,,,27.147415161132812,,,,,,
101.07455399999999,ERR,,,,,,,,,,,,,,,,,,0,0,,,,,,,,,,,,9,FAILSAFE_FENCE,,,,
101.094546,ATT,3,,1.75,0.28,90.23,0.0,0.03,1.73,,0.27,,,,90.18,,,,,,,,,,,,,,,,,,,,,,
101.094546,XKF1,,,,,,,,,,,,,,,,60.5929357900291,60.585044860839844,,,5.713874067077904,,,,,,0.977858304977417,-5.713758949858029,,,,,,-5.712429523468018,,-5.712429523468018,-0.1284748762845993
101.094546,POS,,,,,,,,,,,,,,,,60.5983151700294,60.59057550633612,,,,,37.4275087,-122.1690146,,,0.9684839994531558,,,,26.986486434936523,,,,,,
101.194506,ATT,3,,0.33,0.27,90.22,0.0,0.03,0.29,,0.25,,,,90.18,,,,,,,,,,,,,,,,,,,,,,
101.194506,XKF1,,,,,,,,,,,,,,,,60.032894324737796,60.02503967285156,,,5.482825928190942,,,,,,0.971088707447052,-5.482699678915772,,,,,,-5.481380462646484,,-5.481380462646484,-0.1258903592824936
101.194506,POS,,,,,,,,,,,,,,,,60.04145578803609,60.033644332902995,,,,,37.4275087,-122.1690209,,,0.9684839994531558,,,,26.826780319213867,,,,,,
101.294466,ATT,3,,-1.08,0.24,90.22,0.0,0.03,-1.13,,0.24,,,,90.18,,,,,,,,,,,,,,,,,,,,,,
101.294466,XKF1,,,,,,,,,,,,,,,,59.49640315405012,59.48860549926758,,,5.244241884155103,,,,,,0.9632258415222168,-5.244094044988943,,,,,,-5.242769241333008,,-5.242769241333008,-0.12427236884832382
101.294466,POS,,,,,,,,,,,,,,,,59.50209561556049,59.49439351561776,,,,,37.4275086,-122.169027,,,0.9573520001140423,,,,26.66869354248047,,,,,,
101.394426,ATT,3,,-2.49,0.22,90.21,0.0,0.03,-2.53,,0.22,,,,90.18,,,,,,,,,,,,,,,,,,,,,,
101.394426,XKF1,,,,,,,,,,,,,,,,58.983915596258036,58.97615432739258,,,4.99822469043137,,,,,,0.9568279981613159,-4.998063805078183,,,,,,-4.996755599975586,,-4.996755599975586,-0.121175616979599
101.394426,POS,,,,,,,,,,,,,,,,58.98925266241673,58.98166323004184,,,,,37.4275085,-122.1690328,,,0.9462199999839527,,,,26.512046813964844,,,,,,
101.406921,ERR,,,,,,,,,,,,,,,,,,0,0,,,,,,,,,,,,9,FAILSAFE_FENCE,,,,
101.49438599999999,ATT,3,,-3.85,0.2,90.21,0.0,0.03,-3.89,,0.19,,,,90.19,,,,,,,,,,,,,,,,,,,,,,
101.49438599999999,XKF1,,,,,,,,,,,,,,,,58.49655891820749,58.488861083984375,,,4.745189116457285,,,,,,0.9489648938179016,-4.745000092770551,,,,,,-4.743688583374023,,-4.743688583374023,-0.11932466179132462
101.49438599999999,POS,,,,,,,,,,,,,,,,58.503105983116406,58.49545347617523,,,,,37.4275085,-122.1690383,,,0.9462199999839527,,,,26.35706329345703,,,,,,
101.594346,ATT,3,,-5.17,0.18,90.2,0.0,0.03,-5.21,,0.17,,,,90.19,,,,,,,,,,,,,,,,,,,,,,
101.594346,XKF1,,,,,,,,,,,,,,,,58.03616593544946,58.028499603271484,,,4.485709543042327,,,,,,0.9432869553565979,-4.4855086868685285,,,,,,-4.484226226806641,,-4.484226226806641,-0.11534839123487473
101.594346,POS,,,,,,,,,,,,,,,,58.0432969611084,58.03576425401793,,,,,37.4275084,-122.1690435,,,0.935087999853863,,,,26.203290939331055,,,,,,
101.694306,ATT,3,,-6.42,0.17,90.2,0.0,0.03,-6.47,,0.16,,,,90.19,,,,,,,,,,,,,,,,,,,,,,
101.694306,XKF1,,,,,,,,,,,,,,,,57.60173951262293,57.59413146972656,,,4.220204984762948,,,,,,0.9361704587936401,-4.219973610802706,,,,,,-4.218698024749756,,-4.218698024749756,-0.11277007311582565
101.694306,POS,,,,,,,,,,,,,,,,57.610184910069556,57.6025955648262,,,,,37.4275084,-122.1690484,,,0.935087999853863,,,,26.050962448120117,,,,,,
101.739288,ERR,,,,,,,,,,,,,,,,,,0,0,,,,,,,,,,,,9,FAILSAFE_FENCE,,,,
101.794266,ATT,3,,-7.62,0.15,90.19,0.0,0.03,-7.67,,0.14,,,,90.19,,,,,,,,,,,,,,,,,,,,,,
101.794266,XKF1,,,,,,,,,,,,,,,,57.19423970197317,57.18666458129883,,,3.9496413892505924,,,,,,0.9308325052261353,-3.9493922948232285,,,,,,-3.9481472969055176,,-3.9481472969055176,-0.10862792283296585
101.794266,POS,,,,,,,,,,,,,,,,57.2034098141829,57.19594740608753,,,,,37.4275083,-122.169053,,,0.9239559997237734,,,,25.899539947509766,,,,,,
101.894226,ATT,3,,-8.77,0.13,90.19,0.0,0.03,-8.81,,0.11,,,,90.2,,,,,,,,,,,,,,,,,,,,,,
101.894226,XKF1,,,,,,,,,,,,,,,,56.81378005710067,56.8062629699707,,,3.6742942899810864,,,,,,0.9241708517074585,-3.6740089113015593,,,,,,-3.6727778911590576,,-3.6727778911590576,-0.10555136948823929
101.894226,POS,,,,,,,,,,,,,,,,56.81449310133394,56.80697960349675,,,,,37.4275083,-122.1690574,,,0.9239559997237734,,,,25.7491512298584,,,,,,
101.994186,ATT,3,,-9.87,0.12,90.19,0.0,0.02,-9.9,,0.1,,,,90.19,,,,,,,,,,,,,,,,,,,,,,
101.994186,XKF1,,,,,,,,,,,,,,,,56.461018972703705,56.45353317260742,,,3.3947591375268646,,,,,,0.9193779230117798,-3.394451006532209,,,,,,-3.393256187438965,,-3.393256187438965,-0.1010051891207695
101.994186,POS,,,,,,,,,,,,,,,,56.469591013425095,56.462212687506906,,,,,37.4275082,-122.1690613,,,0.9128239995936838,,,,25.599374771118164,,,,,,
102.07248799999999,ERR,,,,,,,,,,,,,,,,,,0,0,,,,,,,,,,,,9,FAILSAFE_FENCE,,,,
102.094979,ATT,3,,-10.92,0.1,90.19,0.01,0.02,-10.94,,0.09,,,,90.19,,,,,,,,,,,,,,,,,,,,,,
102.094979,XKF1,,,,,,,,,,,,,,,,56.136239522253746,56.12880325317383,,,3.1108140633503267,,,,,,0.9136919975280762,-3.1104618820402705,,,,,,-3.109287977218628,,-3.109287977218628,-0.09742900729179382
102.094979,POS,,,,,,,,,,,,,,,,56.14254743722451,56.135126125152425,,,,,37.4275082,-122.169065,,,0.9128239995936838,,,,25.45029067993164,,,,,,
102.194939,ATT,3,,-11.89,0.1,90.18,0.01,0.02,-11.92,,0.08,,,,90.18,,,,,,,,,,,,,,,,,,,,,,
102.194939,XKF1,,,,,,,,,,,,,,,,55.83993503868404,55.8325309753418,,,2.8227822576000494,,,,,,0.9093019366264343,-2.822391204846009,,,,,,-2.82125186920166,,-2.82125186920166,-0.09293849766254425
102.194939,POS,,,,,,,,,,,,,,,,55.84184049213748,55.83456009576352,,,,,37.4275081,-122.1690684,,,0.9016919994635941,,,,25.301645278930664,,,,,,
102.294899,ATT,3,,-12.79,0.07,90.18,0.0,0.02,-12.82,,0.06,,,,90.18,,,,,,,,,,,,,,,,,,,,,,
102.294899,XKF1,,,,,,,,,,,,,,,,55.572578183234334,55.565223693847656,,,2.5314165343816635,,,,,,0.9040806293487549,-2.530956345744607,,,,,,-2.5298361778259277,,-2.5298361778259277,-0.08943480253219604
102.294899,POS,,,,,,,,,,,,,,,,55.57666991248016,55.56935477490162,,,,,37.4275081,-122.1690714,,,0.9016919994635941,,,,25.15327262878418,,,,,,
102.394859,ATT,3,,-13.61,0.06,90.18,0.0,0.02,-13.65,,0.04,,,,90.17,,,,,,,,,,,,,,,,,,,,,,
102.394859,XKF1,,,,,,,,,,,,,,,,55.33268433918971,55.32536315917969,,,2.234419203797925,,,,,,0.9000819325447083,-2.233893776743437,,,,,,-2.2328100204467773,,-2.2328100204467773,-0.08478555828332901
102.394859,POS,,,,,,,,,,,,,,,,55.337836408055466,55.33066998700529,,,,,37.427508,-122.1690741,,,0.8905600001244807,,,,25.003854751586914,,,,,,
102.404855,ERR,,,,,,,,,,,,,,,,,,0,0,,,,,,,,,,,,9,FAILSAFE_FENCE,,,,
102.49481899999999,ATT,3,,-14.36,0.03,90.18,0.0,0.02,-14.39,,0.02,,,,90.17,,,,,,,,,,,,,,,,,,,,,,
102.49481899999999,XKF1,,,,,,,,,,,,,,,,55.12451361755834,55.11724090576172,,,1.9377356938125654,,,,,,0.895408570766449,-1.9371031315392668,,,,,,-1.936043381690979,,-1.936043381690979,-0.08096692711114883
102.49481899999999,POS,,,,,,,,,,,,,,,,55.12569973353688,55.11850573081826,,,,,37.427508,-122.1690765,,,0.8905600001244807,,,,24.855619430541992,,,,,,
102.594779,ATT,3,,-15.03,0.02,90.18,0.0,0.02,-15.07,,0.0,,,,90.16,,,,,,,,,,,,,,,,,,,,,,
102.594779,XKF1,,,,,,,,,,,,,,,,54.94643126128952,54.93918991088867,,,1.639098675166971,,,,,,0.8920315504074097,-1.6383539781847285,,,,,,-1.637336015701294,,-1.637336015701294,-0.07599499076604843
102.594779,POS,,,,,,,,,,,,,,,,54.948919334548506,54.9417021844145,,,,,37.427508,-122.1690785,,,0.8905600001244807,,,,24.70733642578125,,,,,,
102.694739,ATT,3,,-14.64,0.02,90.18,0.0,0.02,-14.86,,0.0,,,,90.16,,,,,,,,,,,,,,,,,,,,,,
102.694739,XKF1,,,,,,,,,,,,,,,,54.79811544681387,54.79092025756836,,,1.3444238894125424,,,,,,0.8879830241203308,-1.3434899513643976,,,,,,-1.3425016403198242,,-1.3425016403198242,-0.07186751812696457
102.694739,POS,,,,,,,,,,,,,,,,54.80731536989356,54.800259346537736,,,,,37.4275079,-122.1690801,,,0.879427999994391,,,,24.55897331237793,,,,,,
102.737222,ERR,,,,,,,,,,,,,,,,,,0,0,,,,,,,,,,,,9,FAILSAFE_FENCE,,,,
102.794699,ATT,3,,-13.11,0.04,90.18,0.0,0.01,-13.38,,0.02,,,,90.16,,,,,,,,,,,,,,,,,,,,,,
102.794699,XKF1,,,,,,,,,,,,,,,,54.678524638555494,54.67136001586914,,,1.0744773996903332,,,,,,0.8851274847984314,-1.073316770005091,,,,,,-1.0723679065704346,,-1.0723679065704346,-0.06729602813720703
102.794699,POS,,,,,,,,,,,,,,,,54.68356885644216,54.67649686355259,,,,,37.4275079,-122.1690815,,,0.879427999994391,,,,24.410598754882812,,,,,,
102.894659,ATT,3,,-11.28,0.06,90.18,0.0,0.01,-11.45,,0.05,,,,90.16,,,,,,,,,,,,,,,,,,,,,,
102.894659,XKF1,,,,,,,,,,,,,,,,54.58389405801895,54.57677459716797,,,0.8433186619777925,,,,,,0.8815696835517883,-0.841802966723798,,,,,,-0.8408769369125366,,-0.8408769369125366,-0.06412754952907562
102.894659,POS,,,,,,,,,,,,,,,,54.58633950471119,54.57925491353303,,,,,37.4275079,-122.1690826,,,0.879427999994391,,,,24.262100219726562,,,,,,
102.994619,ATT,3,,-9.63,0.08,90.19,0.0,0.01,-9.65,,0.07,,,,90.16,,,,,,,,,,,,,,,,,,,,,,
102.994619,XKF1,,,,,,,,,,,,,,,,54.51033339729225,54.50324630737305,,,0.650927427089252,,,,,,0.8789704442024231,-0.6489831747422157,,,,,,-0.6480881571769714,,-0.6480881571769714,-0.060731012374162674
102.994619,POS,,,,,,,,,,,,,,,,54.515448834309794,54.50853349396651,,,,,37.4275078,-122.1690834,,,0.8682959998643014,,,,24.113468170166016,,,,,,
103.069589,ERR,,,,,,,,,,,,,,,,,,0,0,,,,,,,,,,,,9,FAILSAFE_FENCE,,,,
103.094579,ATT,3,,-8.25,0.08,90.19,0.01,0.01,-8.18,,0.07,,,,90.16,,,,,,,,,,,,,,,,,,,,,,
103.094579,XKF1,,,,,,,,,,,,,,,,54.45434448986553,54.447303771972656,,,0.4912216538354416,,,,,,0.8756402134895325,-0.4886168716412441,,,,,,-0.4877413213253021,,-0.4877413213253021,-0.05837051197886467
103.094579,POS,,,,,,,,,,,,,,,,54.46241450575653,54.45549243054789,,,,,37.4275078,-122.169084,,,0.8682959998643014,,,,23.964611053466797,,,,,,
103.19453899999999,ATT,3,,-7.1,0.09,90.19,0.01,0.01,-7.0,,0.09,,,,90.17,,,,,,,,,,,,,,,,,,,,,,
103.19453899999999,XKF1,,,,,,,,,,,,,,,,54.41363245862883,54.4066276550293,,,0.3571333543443418,,,,,,0.8730776309967041,-0.3536226270471726,,,,,,-0.35277560353279114,,-0.35277560353279114,-0.05562019720673561
103.19453899999999,POS,,,,,,,,,,,,,,,,54.418219241571784,54.41129154394695,,,,,37.4275078,-122.1690845,,,0.8682959998643014,,,,23.815526962280273,,,,,,
103.294499,ATT,3,,-6.15,0.09,90.19,0.01,0.01,-6.03,,0.09,,,,90.17,,,,,,,,,,,,,,,,,,,,,,
103.294499,XKF1,,,,,,,,,,,,,,,,54.38529404835196,54.37833786010742,,,0.2447710767278319,,,,,,0.869816243648529,-0.2396104793856024,,,,,,-0.2387802004814148,,-0.2387802004814148,-0.05382281914353371
103.294499,POS,,,,,,,,,,,,,,,,54.391702087698114,54.384771012237636,,,,,37.4275078,-122.1690848,,,0.8682959998643014,,,,23.66606903076172,,,,,,
103.394459,ATT,3,,-5.32,0.08,90.19,0.01,0.01,-5.21,,0.08,,,,90.17,,,,,,,,,,,,,,,,,,,,,,
103.394459,XKF1,,,,,,,,,,,,,,,,54.368728462600004,54.361812591552734,,,0.15022839920885794,,,,,,0.8671599626541138,-0.14191202756476046,,,,,,-0.14110781252384186,,-0.14110781252384186,-0.05154762044548988
103.394459,POS,,,,,,,,,,,,,,,,54.373847359429334,54.36709065734601,,,,,37.4275077,-122.169085,,,0.8571639997342118,,,,23.51642417907715,,,,,,
103.401956,ERR,,,,,,,,,,,,,,,,,,0,0,,,,,,,,,,,,9,FAILSAFE_FENCE,,,,
103.494419,ATT,3,,-4.61,0.06,90.19,0.01,0.01,-4.52,,0.07,,,,90.18,,,,,,,,,,,,,,,,,,,,,,
103.494419,XKF1,,,,,,,,,,,,,,,,54.36086970332727,54.35400390625,,,0.07678321929678657,,,,,,0.8639526963233948,-0.05928529328696798,,,,,,-0.05850231647491455,,-0.05850231647491455,-0.04973069205880165
103.494419,POS,,,,,,,,,,,,,,,,54.365008280048315,54.358250479272066,,,,,37.4275077,-122.1690851,,,0.8571639997342118,,,,23.3664493560791,,,,,,
103.594379,ATT,3,,-3.99,0.06,90.2,0.01,0.01,-3.92,,0.06,,,,90.18,,,,,,,,,,,,,,,,,,,,,,
103.594379,XKF1,,,,,,,,,,,,,,,,54.36194667935663,54.35511779785156,,,0.04886395404905061,,,,,,0.8616356253623962,0.011783174398181624,,,,,,0.012533331289887425,,0.012533331289887428,-0.04722924530506134
103.594379,POS,,,,,,,,,,,,,,,,54.365008280048315,54.358250479272066,,,,,37.4275077,-122.1690851,,,0.8571639997342118,,,,23.216367721557617,,,,,,
103.694339,ATT,3,,-3.45,0.06,90.2,0.01,0.01,-3.39,,0.05,,,,90.19,,,,,,,,,,,,,,,,,,,,,,
103.694339,XKF1,,,,,,,,,,,,,,,,54.36897167366451,54.36219024658203,,,0.08507956243569353,,,,,,0.8586922883987427,0.07127398640767377,,,,,,0.07199887931346893,,0.07199887931346893,-0.04532872512936592
103.694339,POS,,,,,,,,,,,,,,,,54.373847359429334,54.36709065734601,,,,,37.4275077,-122.169085,,,0.8571639997342118,,,,23.06536865234375,,,,,,
103.734323,ERR,,,,,,,,,,,,,,,,,,0,0,,,,,,,,,,,,9,FAILSAFE_FENCE,,,,
103.794299,ATT,3,,-3.0,0.05,90.2,0.01,0.01,-2.95,,0.04,,,,90.19,,,,,,,,,,,,,,,,,,,,,,
103.794299,XKF1,,,,,,,,,,,,,,,,54.382099255825764,54.37534713745117,,,0.1298583383156347,,,,,,0.8569382429122925,0.12198465396020937,,,,,,0.1226712018251419,,0.1226712018251419,-0.04260239750146866
103.794299,POS,,,,,,,,,,,,,,,,54.38251211764778,54.37593083416369,,,,,37.4275076,-122.1690849,,,0.8460319996041221,,,,22.91492462158203,,,,,,
103.89425899999999,ATT,3,,-2.6,0.05,90.2,0.01,0.0,-2.56,,0.05,,,,90.2,,,,,,,,,,,,,,,,,,,,,,
103.89425899999999,XKF1,,,,,,,,,,,,,,,,54.39900263930923,54.39229202270508,,,0.16950905274574016,,,,,,0.854433536529541,0.16390723038131805,,,,,,0.1645658165216446,,0.1645658165216446,-0.040637556463479996
103.89425899999999,POS,,,,,,,,,,,,,,,,54.40019033358687,54.39361118905532,,,,,37.4275076,-122.1690847,,,0.8460319996041221,,,,22.764251708984375,,,,,,
103.994219,ATT,3,,-2.24,0.05,90.2,0.01,0.0,-2.21,,0.04,,,,90.2,,,,,,,,,,,,,,,,,,,,,,
103.994219,XKF1,,,,,,,,,,,,,,,,54.421269391383994,54.41458511352539,,,0.20416089300048484,,,,,,0.8529297113418579,0.19994426708684968,,,,,,0.20056666433811188,,0.20056666433811188,-0.03814031183719635
103.994219,POS,,,,,,,,,,,,,,,,54.41786855091576,54.41129154394695,,,,,37.4275076,-122.1690845,,,0.8460319996041221,,,,22.613807678222656,,,,,,
104.06669,ERR,,,,,,,,,,,,,,,,,,0,0,,,,,,,,,,,,9,FAILSAFE_FENCE,,,,
104.094179,ATT,3,,-1.91,0.05,90.2,0.01,0.0,-1.89,,0.05,,,,90.21,,,,,,,,,,,,,,,,,,,,,,
104.094179,XKF1,,,,,,,,,,,,,,,,54.445752540541946,54.43910598754883,,,0.2321974826564083,,,,,,0.8507108688354492,0.22873332874690236,,,,,,0.22932976484298706,,0.22932976484298706,-0.0363803505897522
104.094179,POS,,,,,,,,,,,,,,,,54.44438587888398,54.43781207565626,,,,,37.4275076,-122.1690842,,,0.8460319996041221,,,,22.463211059570312,,,,,,
104.19497199999999,ATT,3,,-1.62,0.05,90.2,0.01,0.0,-1.61,,0.04,,,,90.21,,,,,,,,,,,,,,,,,,,,,,
104.19497199999999,XKF1,,,,,,,,,,,,,,,,54.474224262028564,54.46759796142578,,,0.2558855583414172,,,,,,0.8496359586715698,0.2530476264192803,,,,,,0.2536095976829529,,0.2536095976829529,-0.0340527668595314
104.19497199999999,POS,,,,,,,,,,,,,,,,54.47090320997164,54.46433260736557,,,,,37.4275076,-122.1690839,,,0.8460319996041221,,,,22.312959671020508,,,,,,
104.294932,ATT,3,,-1.35,0.05,90.2,0.01,0.0,-1.34,,0.04,,,,90.21,,,,,,,,,,,,,,,,,,,,,,
104.294932,XKF1,,,,,,,,,,,,,,,,54.504522717790984,54.497920989990234,,,0.2742832783637483,,,,,,0.8482950329780579,0.2718718245256668,,,,,,0.2724037170410156,,0.2724037170410156,-0.03205513581633568
104.294932,POS,,,,,,,,,,,,,,,,54.49742054543032,54.49085314033115,,,,,37.4275076,-122.1690836,,,0.8460319996041221,,,,22.1627254486084,,,,,,
104.394892,ATT,3,,-1.08,0.06,90.2,0.01,0.0,-1.08,,0.06,,,,90.2,,,,,,,,,,,,,,,,,,,,,,
104.394892,XKF1,,,,,,,,,,,,,,,,54.53756526179506,54.53097915649414,,,0.28878506412642607,,,,,,0.8475475907325745,0.2867177202570112,,,,,,0.2872191369533539,,0.2872191369533539,-0.030032992362976074
104.394892,POS,,,,,,,,,,,,,,,,54.53277699545259,54.52621384885814,,,,,37.4275076,-122.1690832,,,0.8460319996041221,,,,22.012657165527344,,,,,,
104.39989,ERR,,,,,,,,,,,,,,,,,,0,0,,,,,,,,,,,,9,FAILSAFE_FENCE,,,,
104.494852,ATT,3,,-0.85,0.06,90.2,0.01,0.0,-0.84,,0.06,,,,90.2,,,,,,,,,,,,,,,,,,,,,,
104.494852,XKF1,,,,,,,,,,,,,,,,54.5715188003564,54.5649528503418,,,0.2984968024313254,,,,,,0.8465132117271423,0.29666888429396343,,,,,,0.2971448302268982,,0.2971448302268982,-0.028377648442983627
104.494852,POS,,,,,,,,,,,,,,,,54.56813345224976,54.561574558641404,,,,,37.4275076,-122.1690828,,,0.8460319996041221,,,,21.861364364624023,,,,,,
104.594812,ATT,3,,-0.63,0.07,90.2,0.01,0.0,-0.63,,0.06,,,,90.19,,,,,,,,,,,,,,,,,,,,,,
104.594812,XKF1,,,,,,,,,,,,,,,,54.606900862718305,54.600345611572266,,,0.3049738208149534,,,,,,0.846097469329834,0.30336517093176224,,,,,,0.30381345748901367,,0.30381345748901367,-0.02657845802605152
104.594812,POS,,,,,,,,,,,,,,,,54.60348991455497,54.59693526842466,,,,,37.4275076,-122.1690824,,,0.8460319996041221,,,,21.711589813232422,,,,,,
104.694772,ATT,3,,-0.45,0.07,90.2,0.0,0.0,-0.44,,0.07,,,,90.19,,,,,,,,,,,,,,,,,,,,,,
104.694772,XKF1,,,,,,,,,,,,,,,,54.64209747885543,54.63555908203125,,,0.30754023465187247,,,,,,0.8452814221382141,0.3060744331955783,,,,,,0.30650174617767334,,0.30650174617767334,-0.025252237915992737
104.694772,POS,,,,,,,,,,,,,,,,54.638675146112114,54.63229597695165,,,,,37.4275075,-122.169082,,,0.8348999994740325,,,,21.561847686767578,,,,,,
104.732257,ERR,,,,,,,,,,,,,,,,,,0,0,,,,,,,,,,,,9,FAILSAFE_FENCE,,,,
104.794732,ATT,3,,-0.26,0.08,90.2,0.0,0.0,-0.28,,0.07,,,,90.18,,,,,,,,,,,,,,,,,,,,,,
104.794732,XKF1,,,,,,,,,,,,,,,,54.678248416146246,54.671722412109375,,,0.30787190266409975,,,,,,0.8447593450546265,0.3065449046883606,,,,,,0.3069494664669037,,0.3069494664669037,-0.02381456457078457
104.794732,POS,,,,,,,,,,,,,,,,54.674031730135226,54.66765668673491,,,,,37.4275075,-122.1690816,,,0.8348999994740325,,,,21.412378311157227,,,,,,
104.89469199999999,ATT,3,,-0.11,0.07,90.2,0.0,0.0,-0.12,,0.07,,,,90.18,,,,,,,,,,,,,,,,,,,,,,
104.89469199999999,XKF1,,,,,,,,,,,,,,,,54.71365109160913,54.7071418762207,,,0.30513687491231284,,,,,,0.8439452052116394,0.30390456144618244,,,,,,0.3042909801006317,,0.3042909801006317,-0.02270488627254963
104.89469199999999,POS,,,,,,,,,,,,,,,,54.7093883194913,54.70301739651817,,,,,37.4275075,-122.1690812,,,0.8348999994740325,,,,21.262781143188477,,,,,,
104.994652,ATT,3,,0.03,0.08,90.2,0.0,0.0,0.01,,0.07,,,,90.18,,,,,,,,,,,,,,,,,,,,,,
104.994652,XKF1,,,,,,,,,,,,,,,,54.74960928250843,54.74311065673828,,,0.3006982415310443,,,,,,0.8435355424880981,0.2995645703822109,,,,,,0.2999309301376343,,0.2999309301376343,-0.021467873826622963
104.994652,POS,,,,,,,,,,,,,,,,54.74474491291387,54.738378105045165,,,,,37.4275075,-122.1690808,,,0.8348999994740325,,,,21.113359451293945,,,,,,
105.064624,ERR,,,,,,,,,,,,,,,,,,0,0,,,,,,,,,,,,9,FAILSAFE_FENCE,,,,
105.094612,ATT,3,,0.15,0.07,90.2,0.0,0.0,0.15,,0.07,,,,90.17,,,,,,,,,,,,,,,,,,,,,,
105.094612,XKF1,,,,,,,,,,,,,,,,54.78431629376463,54.77783203125,,,0.2935778870143917,,,,,,0.8428699374198914,0.292516787352218,,,,,,0.2928658425807953,,0.2928658425807953,-0.020434627309441566
105.094612,POS,,,,,,,,,,,,,,,,54.78010151290488,54.77373881482842,,,,,37.4275075,-122.1690804,,,0.8348999994740325,,,,20.9638729095459,,,,,,
105.194572,ATT,3,,0.28,0.08,90.2,0.0,0.0,0.26,,0.07,,,,90.17,,,,,,,,,,,,,,,,,,,,,,
105.194572,XKF1,,,,,,,,,,,,,,,,54.8192285354805,54.81275177001953,,,0.285271470454651,,,,,,0.8426509499549866,0.2842961374184574,,,,,,0.284624844789505,,0.284624844789505,-0.019196603447198868
105.194572,POS,,,,,,,,,,,,,,,,54.81545811819792,54.80909952461168,,,,,37.4275075,-122.16908,,,0.8348999994740325,,,,20.81466293334961,,,,,,
105.294532,ATT,3,,0.37,0.08,90.2,0.0,0.0,0.37,,0.07,,,,90.17,,,,,,,,,,,,,,,,,,,,,,
105.294532,XKF1,,,,,,,,,,,,,,,,54.85231771124739,54.84585189819336,,,0.27484035571039994,,,,,,0.8421922922134399,0.2739219939287143,,,,,,0.2742343842983246,,0.2742343842983246,-0.018240712583065033
105.294532,POS,,,,,,,,,,,,,,,,54.850814727526625,54.844460233138676,,,,,37.4275075,-122.1690796,,,0.8348999994740325,,,,20.66539192199707,,,,,,
105.394492,ATT,3,,0.46,0.09,90.2,0.0,0.0,0.46,,0.07,,,,90.17,,,,,,,,,,,,,,,,,,,,,,
105.394492,XKF1,,,,,,,,,,,,,,,,54.88496749374299,54.87850570678711,,,0.26354242813863704,,,,,,0.842180609703064,0.26268787124387266,,,,,,0.2629823386669159,,0.2629823386669159,-0.01717268116772175
105.394492,POS,,,,,,,,,,,,,,,,54.877332188303754,54.870980764847985,,,,,37.4275075,-122.1690793,,,0.8348999994740325,,,,20.51641273498535,,,,,,
105.396991,ERR,,,,,,,,,,,,,,,,,,0,0,,,,,,,,,,,,9,FAILSAFE_FENCE,,,,
105.494452,ATT,3,,0.51,0.09,90.2,0.0,0.0,0.51,,0.07,,,,90.17,,,,,,,,,,,,,,,,,,,,,,
105.494452,XKF1,,,,,,,,,,,,,,,,54.915603433020706,54.909149169921875,,,0.25080954848675635,,,,,,0.8419250845909119,0.24999722820341205,,,,,,0.2502770721912384,,0.2502770721912384,-0.016334526240825653
105.494452,POS,,,,,,,,,,,,,,,,54.9126888081246,54.90634147463124,,,,,37.4275075,-122.1690789,,,0.8348999994740325,,,,20.36728858947754,,,,,,
105.59441199999999,ATT,3,,0.58,0.1,90.2,0.0,0.0,0.57,,0.08,,,,90.17,,,,,,,,,,,,,,,,,,,,,,
105.59441199999999,XKF1,,,,,,,,,,,,,,,,54.94574655105057,54.939292907714844,,,0.23817675988582804,,,,,,0.8421157002449036,0.23741880654488898,,,,,,0.23768191039562225,,0.23768191039562225,-0.015345306135714054
105.59441199999999,POS,,,,,,,,,,,,,,,,54.93920627581705,54.93286200634056,,,,,37.4275075,-122.1690786,,,0.8348999994740325,,,,20.218402862548828,,,,,,
105.694372,ATT,3,,0.61,0.1,90.2,0.0,0.0,0.61,,0.08,,,,90.18,,,,,,,,,,,,,,,,,,,,,,
105.694372,XKF1,,,,,,,,,,,,,,,,54.97288591609696,54.9664421081543,,,0.2238357857686974,,,,,,0.8416815996170044,0.22308563237354395,,,,,,0.22333982586860657,,0.22333982586860657,-0.014892319217324257
105.694372,POS,,,,,,,,,,,,,,,,54.96572374772218,54.959382539306134,,,,,37.4275075,-122.1690783,,,0.8348999994740325,,,,20.06912612915039,,,,,,
105.729358,ERR,,,,,,,,,,,,,,,,,,0,0,,,,,,,,,,,,9,FAILSAFE_FENCE,,,,
105.794332,ATT,3,,0.64,0.11,90.2,0.0,0.0,0.63,,0.09,,,,90.19,,,,,,,,,,,,,,,,,,,,,,
105.794332,XKF1,,,,,,,,,,,,,,,,55.00039338162202,54.99394607543945,,,0.21080190527169576,,,,,,0.8421206474304199,0.21009174305418013,,,,,,0.21033182740211487,,0.21033182740211487,-0.014070026576519012
105.794332,POS,,,,,,,,,,,,,,,,54.99224122132346,54.98590307101544,,,,,37.4275075,-122.169078,,,0.8348999994740325,,,,19.920333862304688,,,,,,
105.894292,ATT,3,,0.67,0.11,90.2,0.0,0.0,0.66,,0.1,,,,90.2,,,,,,,,,,,,,,,,,,,,,,
105.894292,XKF1,,,,,,,,,,,,,,,,55.0248505815323,55.018409729003906,,,0.1965560261474847,,,,,,0.8418862223625183,0.1958273210169451,,,,,,0.1960631161928177,,0.1960631161928177,-0.013911358080804348
105.894292,POS,,,,,,,,,,,,,,,,55.018758697872755,55.01242360272475,,,,,37.4275075,-122.1690777,,,0.8348999994740325,,,,19.770994186401367,,,,,,
105.994252,ATT,3,,0.69,0.11,90.2,0.0,0.0,0.67,,0.11,,,,90.22,,,,,,,,,,,,,,,,,,,,,,
105.994252,XKF1,,,,,,,,,,,,,,,,55.049514396236425,55.043067932128906,,,0.1835711165362341,,,,,,0.8424416184425354,0.18286065154165507,,,,,,0.18308615684509277,,0.18308615684509277,-0.013334691524505615
105.994252,POS,,,,,,,,,,,,,,,,55.045276177365814,55.03894413443407,,,,,37.4275075,-122.1690774,,,0.8348999994740325,,,,19.62215805053711,,,,,,
106.061725,ERR,,,,,,,,,,,,,,,,,,0,0,,,,,,,,,,,,9,FAILSAFE_FENCE,,,,
106.094212,ATT,3,,0.7,0.12,90.2,0.0,0.0,0.69,,0.11,,,,90.22,,,,,,,,,,,,,,,,,,,,,,
106.094212,XKF1,,,,,,,,,,,,,,,,55.0711506238938,55.0647087097168,,,0.16950852051417445,,,,,,0.8423097729682922,0.1687614071586272,,,,,,0.1689848154783249,,0.1689848154783249,-0.013314303010702133
106.094212,POS,,,,,,,,,,,,,,,,55.062954499079865,55.05662448932569,,,,,37.4275075,-122.1690772,,,0.8348999994740325,,,,19.47280502319336,,,,,,
106.194172,ATT,3,,0.71,0.12,90.2,0.0,0.0,0.69,,0.11,,,,90.23,,,,,,,,,,,,,,,,,,,,,,
106.194172,XKF1,,,,,,,,,,,,,,,,55.09311427728213,55.086666107177734,,,0.15694358143035048,,,,,,0.8428866863250732,0.1561946872903082,,,,,,0.15641069412231445,,0.15641069412231445,-0.012922171503305435
106.194172,POS,,,,,,,,,,,,,,,,55.08947198472584,55.08314502229127,,,,,37.4275075,-122.1690769,,,0.8348999994740325,,,,19.323972702026367,,,,,,
106.294965,ATT,3,,0.71,0.12,90.2,0.0,0.0,0.69,,0.12,,,,90.23,,,,,,,,,,,,,,,,,,,,,,
106.294965,XKF1,,,,,,,,,,,,,,,,55.11277628629403,55.106327056884766,,,0.1438938922120834,,,,,,0.8431063294410706,0.14311502159897793,,,,,,0.143326997756958,,0.143326997756958,-0.01276024803519249
106.294965,POS,,,,,,,,,,,,,,,,55.10715030844438,55.10082537592663,,,,,37.4275075,-122.1690767,,,0.8348999994740325,,,,19.17487907409668,,,,,,
106.394925,ERR,,,,,,,,,,,,,,,,,,0,0,,,,,,,,,,,,9,FAILSAFE_FENCE,,,,
106.394925,ATT,3,,0.71,0.12,90.2,0.0,0.0,0.69,,0.12,,,,90.23,,,,,,,,,,,,,,,,,,,,,,
106.394925,XKF1,,,,,,,,,,,,,,,,55.131496487518056,55.12504196166992,,,0.13146334669012374,,,,,,0.8435956835746765,0.13065390523559572,,,,,,0.13086149096488953,,0.13086149096488953,-0.012565098702907562
106.394925,POS,,,,,,,,,,,,,,,,55.124828634721105,55.11850573081826,,,,,37.4275075,-122.1690765,,,0.8348999994740325,,,,19.026039123535156,,,,,,
106.494885,ATT,3,,0.69,0.12,90.2,0.0,0.0,0.67,,0.12,,,,90.23,,,,,,,,,,,,,,,,,,,,,,
106.494885,XKF1,,,,,,,,,,,,,,,,55.14806014833263,55.141605377197266,,,0.11896128117054103,,,,,,0.8437384366989136,0.11807988195440093,,,,,,0.11828720569610596,,0.11828720569610596,-0.012646081857383251
106.494885,POS,,,,,,,,,,,,,,,,55.14250696229861,55.136186085709895,,,,,37.4275075,-122.1690763,,,0.8348999994740325,,,,18.876924514770508,,,,,,
106.59484499999999,ATT,3,,0.67,0.13,90.2,0.0,0.0,0.65,,0.13,,,,90.23,,,,,,,,,,,,,,,,,,,,,,
106.59484499999999,XKF1,,,,,,,,,,,,,,,,55.16388003179201,55.15742111206055,,,0.10736442581959235,,,,,,0.8441305756568909,0.10641695644074382,,,,,,0.10662227869033813,,0.10662227869033813,-0.012601968832314014
106.59484499999999,POS,,,,,,,,,,,,,,,,55.16018529117567,55.153866440601526,,,,,37.4275075,-122.1690761,,,0.8348999994740325,,,,18.726831436157227,,,,,,
106.694805,ATT,3,,0.63,0.12,90.2,0.0,0.0,0.62,,0.12,,,,90.23,,,,,,,,,,,,,,,,,,,,,,
106.694805,XKF1,,,,,,,,,,,,,,,,55.177688450160794,55.17123031616211,,,0.0960955703079746,,,,,,0.8441848754882812,0.09502098889820126,,,,,,0.0952291190624237,,0.0952291190624237,-0.01287530642002821
106.694805,POS,,,,,,,,,,,,,,,,55.177863621351015,55.17154679549315,,,,,37.4275075,-122.1690759,,,0.8348999994740325,,,,18.57768440246582,,,,,,
106.72729199999999,ERR,,,,,,,,,,,,,,,,,,0,0,,,,,,,,,,,,9,FAILSAFE_FENCE,,,,
106.794765,ATT,3,,0.6,0.12,90.2,0.0,0.0,0.59,,0.13,,,,90.22,,,,,,,,,,,,,,,,,,,,,,
106.794765,XKF1,,,,,,,,,,,,,,,,55.190905445938704,55.184444427490234,,,0.08601119030768226,,,,,,0.8444744944572449,0.08483869250035106,,,,,,0.08504532277584076,,0.08504532277584076,-0.012853712774813175
106.794765,POS,,,,,,,,,,,,,,,,55.18670278629711,55.180386972310835,,,,,37.4275075,-122.1690758,,,0.8348999994740325,,,,18.4288272857666,,,,,,
106.894725,ATT,3,,0.56,0.12,90.2,0.0,0.0,0.55,,0.12,,,,90.22,,,,,,,,,,,,,,,,,,,,,,
106.894725,XKF1,,,,,,,,,,,,,,,,55.20240120390343,55.19594192504883,,,0.07629958152260598,,,,,,0.8444487452507019,0.07496983408361378,,,,,,0.07517801970243454,,0.07517801970243454,-0.013034243136644363
106.894725,POS,,,,,,,,,,,,,,,,55.19554195282342,55.18922715038478,,,,,37.4275075,-122.1690757,,,0.8348999994740325,,,,18.27971649169922,,,,,,
106.994685,ATT,3,,0.54,0.12,90.2,0.0,0.0,0.52,,0.12,,,,90.21,,,,,,,,,,,,,,,,,,,,,,
106.994685,XKF1,,,,,,,,,,,,,,,,55.2134623644847,55.207000732421875,,,0.06770056674078592,,,,,,0.8446871638298035,0.06624363631195476,,,,,,0.0664495974779129,,0.0664495974779129,-0.012954448349773884
106.994685,POS,,,,,,,,,,,,,,,,55.213220284335506,55.206907504020144,,,,,37.4275075,-122.1690755,,,0.8348999994740325,,,,18.130800247192383,,,,,,
107.059659,ERR,,,,,,,,,,,,,,,,,,0,0,,,,,,,,,,,,9,FAILSAFE_FENCE,,,,
107.094645,ATT,3,,0.5,0.12,90.2,0.0,0.0,0.49,,0.12,,,,90.21,,,,,,,,,,,,,,,,,,,,,,
107.094645,XKF1,,,,,,,,,,,,,,,,55.22292085340445,55.216461181640625,,,0.05937546761217001,,,,,,0.8446313738822937,0.057718418721878,,,,,,0.05792471766471863,,0.05792471766471863,-0.013045046478509903
107.094645,POS,,,,,,,,,,,,,,,,55.2220594518332,55.21574768209409,,,,,37.4275075,-122.1690754,,,0.8348999994740325,,,,17.98150634765625,,,,,,
107.194605,ATT,3,,0.47,0.12,90.2,0.0,0.0,0.45,,0.12,,,,90.2,,,,,,,,,,,,,,,,,,,,,,
107.194605,XKF1,,,,,,,,,,,,,,,,55.23194875000871,55.225486755371094,,,0.0521951774475688,,,,,,0.8448522686958313,0.050356857833141894,,,,,,0.05056099221110344,,0.05056099221110344,-0.012958495877683163
107.194605,POS,,,,,,,,,,,,,,,,55.230898618398264,55.224587858911775,,,,,37.4275075,-122.1690753,,,0.8348999994740325,,,,17.832414627075195,,,,,,
107.29456499999999,ATT,3,,0.42,0.12,90.2,0.0,0.0,0.41,,0.12,,,,90.2,,,,,,,,,,,,,,,,,,,,,,
107.29456499999999,XKF1,,,,,,,,,,,,,,,,55.239591458001385,55.233131408691406,,,0.04554672333324481,,,,,,0.8447835445404053,0.04339899767898686,,,,,,0.043605294078588486,,0.043605294078588486,-0.013156075961887836
107.29456499999999,POS,,,,,,,,,,,,,,,,55.239737786542776,55.23342803698572,,,,,37.4275075,-122.1690752,,,0.8348999994740325,,,,17.68299674987793,,,,,,
107.392026,ERR,,,,,,,,,,,,,,,,,,0,0,,,,,,,,,,,,9,FAILSAFE_FENCE,,,,
107.394525,ATT,3,,0.39,0.12,90.2,0.0,0.0,0.38,,0.12,,,,90.2,,,,,,,,,,,,,,,,,,,,,,
107.394525,XKF1,,,,,,,,,,,,,,,,55.246963710587735,55.240501403808594,,,0.03990560975386697,,,,,,0.8449875116348267,0.03750518850094365,,,,,,0.03770929202437401,,0.03770929202437401,-0.013056300580501556
107.394525,POS,,,,,,,,,,,,,,,,55.239737786542776,55.23342803698572,,,,,37.4275075,-122.1690752,,,0.8348999994740325,,,,17.533878326416016,,,,,,
107.494485,ATT,3,,0.35,0.12,90.2,0.0,0.0,0.35,,0.11,,,,90.19,,,,,,,,,,,,,,,,,,,,,,
107.494485,XKF1,,,,,,,,,,,,,,,,55.253179766798695,55.24671936035156,,,0.034700876681670254,,,,,,0.8449108004570007,0.031898936135730714,,,,,,0.03210409730672836,,0.03210409730672836,-0.013171096332371235
107.494485,POS,,,,,,,,,,,,,,,,55.248576953754345,55.242268213803406,,,,,37.4275075,-122.1690751,,,0.8348999994740325,,,,17.38444709777832,,,,,,
107.594445,ATT,3,,0.33,0.12,90.2,0.0,0.0,0.32,,0.11,,,,90.19,,,,,,,,,,,,,,,,,,,,,,
107.594445,XKF1,,,,,,,,,,,,,,,,55.25934668945911,55.25288391113281,,,0.03041312625945209,,,,,,0.8451130390167236,0.0272785876347563,,,,,,0.02748105861246586,,0.02748105861246586,-0.013028801418840885
107.594445,POS,,,,,,,,,,,,,,,,55.25741612128893,55.251108390621084,,,,,37.4275075,-122.169075,,,0.8348999994740325,,,,17.23530387878418,,,,,,
107.694405,ATT,3,,0.29,0.12,90.2,0.0,0.0,0.28,,0.12,,,,90.19,,,,,,,,,,,,,,,,,,,,,,
107.694405,XKF1,,,,,,,,,,,,,,,,55.264456643980544,55.25799560546875,,,0.026533959644858215,,,,,,0.8450383543968201,0.022840089307058484,,,,,,0.0230439193546772,,0.0230439193546772,-0.013154041022062302
107.694405,POS,,,,,,,,,,,,,,,,55.25741612128893,55.251108390621084,,,,,37.4275075,-122.169075,,,0.8348999994740325,,,,17.08587074279785,,,,,,
107.72439299999999,ERR,,,,,,,,,,,,,,,,,,0,0,,,,,,,,,,,,9,FAILSAFE_FENCE,,,,
107.794365,ATT,3,,0.27,0.12,90.2,0.0,0.0,0.26,,0.12,,,,90.19,,,,,,,,,,,,,,,,,,,,,,
107.794365,XKF1,,,,,,,,,,,,,,,,55.2695021247542,55.263038635253906,,,0.023407361635479584,,,,,,0.8452371954917908,0.019270338555109102,,,,,,0.019471291452646255,,0.019471291452646255,-0.012991281226277351
107.794365,POS,,,,,,,,,,,,,,,,55.26625529040249,55.25994856869503,,,,,37.4275075,-122.1690749,,,0.8348999994740325,,,,16.93675422668457,,,,,,
107.894325,ATT,3,,0.23,0.12,90.2,0.0,0.0,0.23,,0.12,,,,90.19,,,,,,,,,,,,,,,,,,,,,,
107.894325,XKF1,,,,,,,,,,,,,,,,55.27317348041358,55.26671600341797,,,0.020670411566824386,,,,,,0.8448720574378967,0.015613441088503826,,,,,,0.01581866852939129,,0.01581866852939129,-0.013305474072694778
107.894325,POS,,,,,,,,,,,,,,,,55.26625529040249,55.25994856869503,,,,,37.4275075,-122.1690749,,,0.8348999994740325,,,,16.78687858581543,,,,,,
107.994285,ATT,3,,0.2,0.12,90.2,0.0,0.0,0.19,,0.11,,,,90.19,,,,,,,,,,,,,,,,,,,,,,
107.994285,XKF1,,,,,,,,,,,,,,,,55.27751097964136,55.27104949951172,,,0.018807459211824595,,,,,,0.8451670408248901,0.01325898837604425,,,,,,0.013461380265653133,,0.013461380265653133,-0.013134373351931572
107.994285,POS,,,,,,,,,,,,,,,,55.27509445858265,55.268788745512715,,,,,37.4275075,-122.1690748,,,0.8348999994740325,,,,16.6377010345459,,,,,,
108.05676,ERR,,,,,,,,,,,,,,,,,,0,0,,,,,,,,,,,,9,FAILSAFE_FENCE,,,,
108.094245,ATT,3,,0.18,0.12,90.2,0.0,0.0,0.17,,0.11,,,,90.19,,,,,,,,,,,,,,,,,,,,,,
108.094245,XKF1,,,,,,,,,,,,,,,,55.280622917051986,55.274166107177734,,,0.017226904461526724,,,,,,0.8448853492736816,0.010770412429379525,,,,,,0.010974640026688576,,0.010974640026688576,-0.013278686441481113
108.094245,POS,,,,,,,,,,,,,,,,55.27509445858265,55.268788745512715,,,,,37.4275075,-122.1690748,,,0.8348999994740325,,,,16.48781394958496,,,,,,
108.194205,ATT,3,,0.16,0.12,90.2,0.0,0.0,0.15,,0.11,,,,90.2,,,,,,,,,,,,,,,,,,,,,,
108.194205,XKF1,,,,,,,,,,,,,,,,55.284450240209004,55.27798843383789,,,0.01607858177686463,,,,,,0.8452414274215698,0.009242947926713492,,,,,,0.009443013928830624,,0.009443013928830624,-0.013013465330004692
108.194205,POS,,,,,,,,,,,,,,,,55.28393362834149,55.27762892358666,,,,,37.4275075,-122.1690747,,,0.8348999994740325,,,,16.338699340820312,,,,,,
108.29499799999999,ATT,3,,0.14,0.12,90.2,0.0,0.0,0.13,,0.11,,,,90.2,,,,,,,,,,,,,,,,,,,,,,
108.29499799999999,XKF1,,,,,,,,,,,,,,,,55.28715109129302,55.28069305419922,,,0.015323685961009663,,,,,,0.8450155258178711,0.007530331558283469,,,,,,0.007733430247753858,,0.0077334302477538586,-0.013229112140834332
108.29499799999999,POS,,,,,,,,,,,,,,,,55.28393362834149,55.27762892358666,,,,,37.4275075,-122.1690747,,,0.8348999994740325,,,,16.188858032226562,,,,,,
108.38996,ERR,,,,,,,,,,,,,,,,,,0,0,,,,,,,,,,,,9,FAILSAFE_FENCE,,,,
108.394958,ATT,3,,0.12,0.12,90.2,0.0,0.0,0.11,,0.11,,,,90.2,,,,,,,,,,,,,,,,,,,,,,
108.394958,XKF1,,,,,,,,,,,,,,,,55.29033026073012,55.28386688232422,,,0.014671026221214096,,,,,,0.845389187335968,0.006589147023265528,,,,,,0.006788799539208411,,0.006788799539208412,-0.013005814515054226
108.394958,POS,,,,,,,,,,,,,,,,55.28393362834149,55.27762892358666,,,,,37.4275075,-122.1690747,,,0.8348999994740325,,,,16.03983497619629,,,,,,
108.494918,ATT,3,,0.1,0.12,90.2,0.0,0.0,0.1,,0.11,,,,90.2,,,,,,,,,,,,,,,,,,,,,,
108.494918,XKF1,,,,,,,,,,,,,,,,55.292909648823894,55.28644561767578,,,0.014275708059981093,,,,,,0.8454515933990479,0.005607711899859049,,,,,,0.005807791836559772,,0.0058077918365597725,-0.013040912337601185
108.494918,POS,,,,,,,,,,,,,,,,55.2927727971666,55.28646910040435,,,,,37.4275075,-122.1690746,,,0.8348999994740325,,,,15.890423774719238,,,,,,
108.594878,ATT,3,,0.1,0.12,90.2,0.0,0.0,0.09,,0.11,,,,90.21,,,,,,,,,,,,,,,,,,,,,,
108.594878,XKF1,,,,,,,,,,,,,,,,55.29566767731587,55.28919982910156,,,0.01401145594411644,,,,,,0.8457222580909729,0.005043992557061301,,,,,,0.005243333987891673,,0.005243333987891674,-0.012993396259844303
108.594878,POS,,,,,,,,,,,,,,,,55.2927727971666,55.28646910040435,,,,,37.4275075,-122.1690746,,,0.8348999994740325,,,,15.741348266601562,,,,,,
108.694838,ATT,3,,0.08,0.12,90.2,0.0,0.0,0.07,,0.11,,,,90.21,,,,,,,,,,,,,,,,,,,,,,
108.694838,XKF1,,,,,,,,,,,,,,,,55.29787941879132,55.291412353515625,,,0.013944251925522224,,,,,,0.845687985420227,0.00442867155796337,,,,,,0.004630366340279578,,0.004630366340279579,-0.0131530174985528
108.694838,POS,,,,,,,,,,,,,,,,55.2927727971666,55.28646910040435,,,,,37.4275075,-122.1690746,,,0.8348999994740325,,,,15.590652465820312,,,,,,
108.72232699999999,ERR,,,,,,,,,,,,,,,,,,0,0,,,,,,,,,,,,9,FAILSAFE_FENCE,,,,
108.794798,ATT,3,,0.07,0.12,90.2,0.0,0.0,0.06,,0.12,,,,90.21,,,,,,,,,,,,,,,,,,,,,,
108.794798,XKF1,,,,,,,,,,,,,,,,55.30020156933927,55.293731689453125,,,0.013845974338377358,,,,,,0.8458897471427917,0.004120911312136179,,,,,,0.004322623834013938,,0.004322623834013939,-0.013153932057321072
108.794798,POS,,,,,,,,,,,,,,,,55.2927727971666,55.28646910040435,,,,,37.4275075,-122.1690746,,,0.8348999994740325,,,,15.441478729248047,,,,,,
108.894758,ATT,3,,0.05,0.12,90.2,0.0,0.0,0.05,,0.12,,,,90.21,,,,,,,,,,,,,,,,,,,,,,
108.894758,XKF1,,,,,,,,,,,,,,,,55.30203879663253,55.295570373535156,,,0.013891592407770884,,,,,,0.8458085656166077,0.003708531674097843,,,,,,0.003912849817425012,,0.003912849817425013,-0.013329138979315758
108.894758,POS,,,,,,,,,,,,,,,,55.30161196757007,55.29530927847829,,,,,37.4275075,-122.1690745,,,0.8348999994740325,,,,15.291915893554688,,,,,,
108.99471799999999,ATT,3,,0.04,0.12,90.2,0.0,0.0,0.03,,0.12,,,,90.21,,,,,,,,,,,,,,,,,,,,,,
108.99471799999999,XKF1,,,,,,,,,,,,,,,,55.303978869429756,55.297508239746094,,,0.013886840206828838,,,,,,0.8459676504135132,0.0037444274011283166,,,,,,0.003948544152081012,,0.003948544152081013,-0.013313652016222477
108.99471799999999,POS,,,,,,,,,,,,,,,,55.30161196757007,55.29530927847829,,,,,37.4275075,-122.1690745,,,0.8348999994740325,,,,15.142661094665527,,,,,,
109.054694,ERR,,,,,,,,,,,,,,,,,,0,0,,,,,,,,,,,,9,FAILSAFE_FENCE,,,,
109.094678,ATT,3,,0.03,0.12,90.2,0.0,0.0,0.02,,0.12,,,,90.21,,,,,,,,,,,,,,,,,,,,,,
109.094678,XKF1,,,,,,,,,,,,,,,,55.30561726517582,55.29914855957031,,,0.014040688398122978,,,,,,0.8458544015884399,0.0037514510058284847,,,,,,0.003957946319133042,,0.003957946319133043,-0.013471287675201893
109.094678,POS,,,,,,,,,,,,,,,,55.30161196757007,55.29530927847829,,,,,37.4275075,-122.1690745,,,0.8348999994740325,,,,14.993023872375488,,,,,,
109.194638,ATT,3,,0.03,0.12,90.2,0.0,0.0,0.02,,0.11,,,,90.21,,,,,,,,,,,,,,,,,,,,,,
109.194638,XKF1,,,,,,,,,,,,,,,,55.30757222570508,55.30110168457031,,,0.014131049524778814,,,,,,0.8459893465042114,0.004023748147658778,,,,,,0.00423047924414277,,0.004230479244142771,-0.013482937589287758
109.194638,POS,,,,,,,,,,,,,,,,55.30161196757007,55.29530927847829,,,,,37.4275075,-122.1690745,,,0.8348999994740325,,,,14.843711853027344,,,,,,
109.294598,ATT,3,,0.02,0.11,90.2,0.0,0.0,0.01,,0.11,,,,90.21,,,,,,,,,,,,,,,,,,,,,,
109.294598,XKF1,,,,,,,,,,,,,,,,55.3092027259452,55.302734375,,,0.014348925531959907,,,,,,0.845858633518219,0.004187486261800211,,,,,,0.004396886099129914,,0.004396886099129915,-0.01365866232663393
109.294598,POS,,,,,,,,,,,,,,,,55.30161196757007,55.29530927847829,,,,,37.4275075,-122.1690745,,,0.8348999994740325,,,,14.694079399108887,,,,,,
109.394558,ATT,3,,0.02,0.11,90.2,0.0,0.0,0.01,,0.11,,,,90.21,,,,,,,,,,,,,,,,,,,,,,
109.394558,XKF1,,,,,,,,,,,,,,,,55.31105450377076,55.30458450317383,,,0.014452515094556789,,,,,,0.8459806442260742,0.004639521828976512,,,,,,0.004848330281674861,,0.004848330281674862,-0.013615024276077747
109.394558,POS,,,,,,,,,,,,,,,,55.310451137039514,55.30414945529597,,,,,37.4275075,-122.1690744,,,0.8348999994740325,,,,14.544772148132324,,,,,,
109.494518,ATT,3,,0.02,0.11,90.2,0.0,0.0,0.01,,0.11,,,,90.2,,,,,,,,,,,,,,,,,,,,,,
109.494518,XKF1,,,,,,,,,,,,,,,,55.31260485751286,55.30613708496094,,,0.014597342049205196,,,,,,0.8458468317985535,0.004892781511129846,,,,,,0.005102520808577537,,0.0051025208085775375,-0.013676500879228115
109.494518,POS,,,,,,,,,,,,,,,,55.310451137039514,55.30414945529597,,,,,37.4275075,-122.1690744,,,0.8348999994740325,,,,14.395090103149414,,,,,,
109.594478,ATT,3,,0.02,0.11,90.2,0.0,0.0,0.0,,0.11,,,,90.2,,,,,,,,,,,,,,,,,,,,,,
109.594478,XKF1,,,,,,,,,,,,,,,,55.31431559454008,55.30784606933594,,,0.014678621765127636,,,,,,0.8459745049476624,0.00523292921277441,,,,,,0.005442060995846986,,0.005442060995846987,-0.013632531277835369
109.594478,POS,,,,,,,,,,,,,,,,55.310451137039514,55.30414945529597,,,,,37.4275075,-122.1690744,,,0.8348999994740325,,,,14.245715141296387,,,,,,
109.69443799999999,ATT,3,,0.01,0.11,90.2,0.0,0.0,0.0,,0.11,,,,90.2,,,,,,,,,,,,,,,,,,,,,,
109.69443799999999,XKF1,,,,,,,,,,,,,,,,55.31584306840265,55.30937576293945,,,0.01485864202908202,,,,,,0.8458410501480103,0.005417640001329616,,,,,,0.005628570914268493,,0.005628570914268494,-0.01375130657106638
109.69443799999999,POS,,,,,,,,,,,,,,,,55.310451137039514,55.30414945529597,,,,,37.4275075,-122.1690744,,,0.8348999994740325,,,,14.095938682556152,,,,,,
109.794398,ATT,3,,0.01,0.11,90.2,0.0,0.0,0.0,,0.1,,,,90.2,,,,,,,,,,,,,,,,,,,,,,
109.794398,XKF1,,,,,,,,,,,,,,,,55.31772164969849,55.31125259399414,,,0.014902294944302771,,,,,,0.8459698557853699,0.005883628890186888,,,,,,0.0060923262499272815,,0.006092326249927282,-0.013600071892142296
109.794398,POS,,,,,,,,,,,,,,,,55.310451137039514,55.30414945529597,,,,,37.4275075,-122.1690744,,,0.8348999994740325,,,,13.94649600982666,,,,,,
109.894358,ATT,3,,0.01,0.11,90.2,0.0,0.0,0.0,,0.1,,,,90.2,,,,,,,,,,,,,,,,,,,,,,
109.894358,XKF1,,,,,,,,,,,,,,,,55.31910776394538,55.312644958496094,,,0.015141299759535744,,,,,,0.8455716967582703,0.005977326724578375,,,,,,0.006189270876348018,,0.006189270876348019,-0.013818534091114998
109.894358,POS,,,,,,,,,,,,,,,,55.319290306830894,55.312989632113656,,,,,37.4275075,-122.1690743,,,0.8348999994740325,,,,13.796332359313965,,,,,,
109.99431799999999,ATT,3,,0.01,0.11,90.2,0.0,0.0,0.0,,0.1,,,,90.21,,,,,,,,,,,,,,,,,,,,,,
109.99431799999999,XKF1,,,,,,,,,,,,,,,,55.3210268036177,55.31455993652344,,,0.014982155082949785,,,,,,0.8458520174026489,0.006389140905748397,,,,,,0.006595595274120568,,0.006595595274120569,-0.013452252373099327
109.99431799999999,POS,,,,,,,,,,,,,,,,55.319290306830894,55.312989632113656,,,,,37.4275075,-122.1690743,,,0.8348999994740325,,,,13.647128105163574,,,,,,
110.094278,ATT,3,,0.01,0.11,90.2,0.0,0.0,0.0,,0.1,,,,90.21,,,,,,,,,,,,,,,,,,,,,,
110.094278,XKF1,,,,,,,,,,,,,,,,55.32247227278803,55.316009521484375,,,0.015077226605429804,,,,,,0.8455938696861267,0.006506353577774643,,,,,,0.006713483948260545,,0.006713483948260546,-0.013500070199370384
110.094278,POS,,,,,,,,,,,,,,,,55.319290306830894,55.312989632113656,,,,,37.4275075,-122.1690743,,,0.8348999994740325,,,,13.497694969177246,,,,,,
110.194238,ATT,3,,0.01,0.12,90.2,0.0,0.0,0.01,,0.1,,,,90.21,,,,,,,,,,,,,,,,,,,,,,
110.194238,XKF1,,,,,,,,,,,,,,,,55.32430112458416,55.317832946777344,,,0.01491807709637006,,,,,,0.8459627628326416,0.0067952438812589385,,,,,,0.006997522432357072,,0.006997522432357073,-0.01317511685192585
110.194238,POS,,,,,,,,,,,,,,,,55.319290306830894,55.312989632113656,,,,,37.4275075,-122.1690743,,,0.8348999994740325,,,,13.349247932434082,,,,,,
110.294198,ATT,3,,0.01,0.12,90.2,0.0,0.0,0.01,,0.11,,,,90.21,,,,,,,,,,,,,,,,,,,,,,
110.294198,XKF1,,,,,,,,,,,,,,,,55.325686608687775,55.31922149658203,,,0.01508976654927868,,,,,,0.8457728624343872,0.006747917772133703,,,,,,0.00695345876738429,,0.006953458767384291,-0.013392179273068905
110.294198,POS,,,,,,,,,,,,,,,,55.319290306830894,55.312989632113656,,,,,37.4275075,-122.1690743,,,0.8348999994740325,,,,13.20001220703125,,,,,,
110.394991,ATT,3,,0.02,0.12,90.2,0.0,0.0,0.01,,0.13,,,,90.21,,,,,,,,,,,,,,,,,,,,,,
110.394991,XKF1,,,,,,,,,,,,,,,,55.32766110838717,55.321189880371094,,,0.015212285049060834,,,,,,0.8461878895759583,0.007069725959833634,,,,,,0.007274906150996684,,0.007274906150996685,-0.013359990902245045
110.394991,POS,,,,,,,,,,,,,,,,55.319290306830894,55.312989632113656,,,,,37.4275075,-122.1690743,,,0.8348999994740325,,,,13.051609992980957,,,,,,
110.494951,ATT,3,,0.02,0.12,90.2,0.0,0.0,0.01,,0.13,,,,90.2,,,,,,,,,,,,,,,,,,,,,,
110.494951,XKF1,,,,,,,,,,,,,,,,55.32938257907992,55.32291030883789,,,0.015625479653372198,,,,,,0.8462691903114319,0.007089471821642584,,,,,,0.007301621139049529,,0.00730162113904953,-0.01381455548107624
110.494951,POS,,,,,,,,,,,,,,,,55.328129478200175,55.3218298101876,,,,,37.4275075,-122.1690742,,,0.8348999994740325,,,,12.902788162231445,,,,,,
110.594911,ATT,3,,0.03,0.12,90.2,0.0,0.0,0.01,,0.12,,,,90.2,,,,,,,,,,,,,,,,,,,,,,
110.594911,XKF1,,,,,,,,,,,,,,,,55.33126316590792,55.32478713989258,,,0.015890974283408337,,,,,,0.8465290665626526,0.007212458069446242,,,,,,0.007428250741213559,,0.00742825074121356,-0.014047923497855663
110.594911,POS,,,,,,,,,,,,,,,,55.328129478200175,55.3218298101876,,,,,37.4275075,-122.1690742,,,0.8348999994740325,,,,12.754217147827148,,,,,,
110.69487099999999,ATT,3,,0.03,0.12,90.2,0.0,0.0,0.01,,0.11,,,,90.19,,,,,,,,,,,,,,,,,,,,,,
110.69487099999999,XKF1,,,,,,,,,,,,,,,,55.3328832878537,55.32640838623047,,,0.01601801466804822,,,,,,0.8464679718017578,0.007132329203190627,,,,,,0.007350902073085307,,0.007350902073085308,-0.014231691136956215
110.69487099999999,POS,,,,,,,,,,,,,,,,55.328129478200175,55.3218298101876,,,,,37.4275075,-122.1690742,,,0.8348999994740325,,,,12.603901863098145,,,,,,
110.794831,ATT,3,,0.04,0.12,90.2,0.0,0.0,0.02,,0.1,,,,90.18,,,,,,,,,,,,,,,,,,,,,,
110.794831,XKF1,,,,,,,,,,,,,,,,55.33459093437806,55.3281135559082,,,0.01593208128681764,,,,,,0.8466429114341736,0.007119293876216517,,,,,,0.007336536888033151,,0.007336536888033152,-0.014142363332211971
110.794831,POS,,,,,,,,,,,,,,,,55.328129478200175,55.3218298101876,,,,,37.4275075,-122.1690742,,,0.8348999994740325,,,,12.45504093170166,,,,,,
110.894791,ATT,3,,0.04,0.12,90.2,0.0,0.0,0.02,,0.1,,,,90.18,,,,,,,,,,,,,,,,,,,,,,
110.894791,XKF1,,,,,,,,,,,,,,,,55.33611910842391,55.32964324951172,,,0.015806701681339057,,,,,,0.8465552926063538,0.006931134843471202,,,,,,0.007147653494030236,,0.007147653494030237,-0.014098328538239002
110.894791,POS,,,,,,,,,,,,,,,,55.328129478200175,55.3218298101876,,,,,37.4275075,-122.1690742,,,0.8348999994740325,,,,12.305695533752441,,,,,,
110.994751,ATT,3,,0.05,0.12,90.2,0.0,0.0,0.02,,0.1,,,,90.17,,,,,,,,,,,,,,,,,,,,,,
110.994751,XKF1,,,,,,,,,,,,,,,,55.3378724968737,55.33139419555664,,,0.015504153266590449,,,,,,0.8467283248901367,0.006874569069964515,,,,,,0.007086399011313914,,0.007086399011313915,-0.01378991361707449
110.994751,POS,,,,,,,,,,,,,,,,55.336968648634965,55.33066998700529,,,,,37.4275075,-122.1690741,,,0.8348999994740325,,,,12.156637191772461,,,,,,
111.094711,ATT,3,,0.05,0.13,90.2,0.0,0.0,0.02,,0.1,,,,90.17,,,,,,,,,,,,,,,,,,,,,,
111.094711,XKF1,,,,,,,,,,,,,,,,55.33939725783811,55.33292007446289,,,0.015287326817566215,,,,,,0.8466669321060181,0.006630949398395776,,,,,,0.006840914487838744,,0.006840914487838745,-0.013671292923390865
111.094711,POS,,,,,,,,,,,,,,,,55.336968648634965,55.33066998700529,,,,,37.4275075,-122.1690741,,,0.8348999994740325,,,,12.007088661193848,,,,,,
111.194671,ATT,3,,0.06,0.13,90.2,0.0,0.0,0.02,,0.11,,,,90.16,,,,,,,,,,,,,,,,,,,,,,
111.194671,XKF1,,,,,,,,,,,,,,,,55.34104827279323,55.33456802368164,,,0.015138080439995072,,,,,,0.8468798995018005,0.0064184653880316805,,,,,,0.0066275172866880885,,0.006627517286688089,-0.01361019816249609
111.194671,POS,,,,,,,,,,,,,,,,55.336968648634965,55.33066998700529,,,,,37.4275075,-122.1690741,,,0.8348999994740325,,,,11.857782363891602,,,,,,
111.294631,ATT,3,,0.07,0.13,90.2,0.0,0.0,0.03,,0.12,,,,90.16,,,,,,,,,,,,,,,,,,,,,,
111.294631,XKF1,,,,,,,,,,,,,,,,55.34245103321297,55.33597183227539,,,0.015230990435724442,,,,,,0.8468221426010132,0.0061179008022358376,,,,,,0.0063306139782071105,,0.006330613978207111,-0.013853028416633606
111.294631,POS,,,,,,,,,,,,,,,,55.336968648634965,55.33066998700529,,,,,37.4275075,-122.1690741,,,0.8348999994740325,,,,11.70804500579834,,,,,,
111.39459099999999,ATT,3,,0.07,0.13,90.2,0.0,0.0,0.04,,0.12,,,,90.16,,,,,,,,,,,,,,,,,,,,,,
111.39459099999999,XKF1,,,,,,,,,,,,,,,,55.34392987361296,55.33744812011719,,,0.015231891272397729,,,,,,0.847000241279602,0.005793498709547148,,,,,,0.006008413154631852,,0.006008413154631853,-0.01399676688015461
111.39459099999999,POS,,,,,,,,,,,,,,,,55.336968648634965,55.33066998700529,,,,,37.4275075,-122.1690741,,,0.8348999994740325,,,,11.558683395385742,,,,,,
111.494551,ATT,3,,0.07,0.12,90.2,0.0,0.0,0.06,,0.12,,,,90.16,,,,,,,,,,,,,,,,,,,,,,
111.494551,XKF1,,,,,,,,,,,,,,,,55.345225169073906,55.3387451171875,,,0.01521243942096998,,,,,,0.8468989729881287,0.005057065761438421,,,,,,0.0052760173566639415,,0.005276017356663942,-0.01426821481436491
111.494551,POS,,,,,,,,,,,,,,,,55.336968648634965,55.33066998700529,,,,,37.4275075,-122.1690741,,,0.8348999994740325,,,,11.409709930419922,,,,,,
111.594511,ATT,3,,0.07,0.12,90.2,0.0,0.0,0.07,,0.12,,,,90.16,,,,,,,,,,,,,,,,,,,,,,
111.594511,XKF1,,,,,,,,,,,,,,,,55.34670338196144,55.3402214050293,,,0.015110148191110374,,,,,,0.8470360636711121,0.0042220743889351976,,,,,,0.0044436175376176825,,0.004443617537617683,-0.01444198191165924
111.594511,POS,,,,,,,,,,,,,,,,55.34580782064735,55.33951016507923,,,,,37.4275075,-122.169074,,,0.8348999994740325,,,,11.264426231384277,,,,,,
111.694471,ATT,3,,0.07,0.11,90.2,0.0,0.0,0.07,,0.11,,,,90.16,,,,,,,,,,,,,,,,,,,,,,
111.694471,XKF1,,,,,,,,,,,,,,,,55.34789121536002,55.34141159057617,,,0.015229044875254633,,,,,,0.846891462802887,0.0031503690855451886,,,,,,0.0033779831137508145,,0.0033779831137508154,-0.014849681407213211
111.694471,POS,,,,,,,,,,,,,,,,55.34580782064735,55.33951016507923,,,,,37.4275075,-122.169074,,,0.8348999994740325,,,,11.124543190002441,,,,,,
111.794431,ATT,3,,0.07,0.11,90.2,0.0,0.0,0.08,,0.11,,,,90.17,,,,,,,,,,,,,,,,,,,,,,
111.794431,XKF1,,,,,,,,,,,,,,,,55.349143798128146,55.3426628112793,,,0.015122035680257969,,,,,,0.8469900488853455,0.0019338776305025953,,,,,,0.002163158729672431,,0.002163158729672432,-0.014966519549489021
111.794431,POS,,,,,,,,,,,,,,,,55.34580782064735,55.33951016507923,,,,,37.4275075,-122.169074,,,0.8348999994740325,,,,10.993142127990723,,,,,,
111.894391,ATT,3,,0.06,0.11,90.2,0.0,0.0,0.08,,0.1,,,,90.18,,,,,,,,,,,,,,,,,,,,,,
111.894391,XKF1,,,,,,,,,,,,,,,,55.349888164186744,55.343414306640625,,,0.015482143580400634,,,,,,0.8465297818183899,0.0005212208205050578,,,,,,0.0007578119402751317,,0.0007578119402751327,-0.015463585965335369
111.894391,POS,,,,,,,,,,,,,,,,55.34580782064735,55.33951016507923,,,,,37.4275075,-122.169074,,,0.8348999994740325,,,,10.870410919189453,,,,,,
111.994351,ATT,3,,0.05,0.1,90.2,0.0,0.0,0.06,,0.1,,,,90.19,,,,,,,,,,,,,,,,,,,,,,
111.994351,XKF1,,,,,,,,,,,,,,,,55.350875253201835,55.344398498535156,,,0.015276522863593303,,,,,,0.8467267155647278,-0.0004489034459376345,,,,,,-0.00021526013733819222,,-0.00021526013733819127,-0.01527500618249178
111.994351,POS,,,,,,,,,,,,,,,,55.34580782064735,55.33951016507923,,,,,37.4275075,-122.169074,,,0.8348999994740325,,,,10.758391380310059,,,,,,
112.094311,ATT,3,,0.04,0.1,90.2,0.0,0.0,0.05,,0.1,,,,90.2,,,,,,,,,,,,,,,,,,,,,,
112.094311,XKF1,,,,,,,,,,,,,,,,55.351407443526725,55.34493637084961,,,0.015533900090407433,,,,,,0.8463593125343323,-0.0013865389521470503,,,,,,-0.0011498014209792027,,-0.0011498014209792018,-0.015491288155317307
112.094311,POS,,,,,,,,,,,,,,,,55.34580782064735,55.33951016507923,,,,,37.4275075,-122.169074,,,0.8348999994740325,,,,10.657084465026855,,,,,,
112.194271,ATT,3,,0.04,0.1,90.2,0.0,0.0,0.04,,0.1,,,,90.21,,,,,,,,,,,,,,,,,,,,,,
112.194271,XKF1,,,,,,,,,,,,,,,,55.35218215543651,55.345706939697266,,,0.015385455254805594,,,,,,0.8466361165046692,-0.0017722469790213947,,,,,,-0.001538278767839075,,-0.0015382787678390741,-0.015308361500501633
112.194271,POS,,,,,,,,,,,,,,,,55.34580782064735,55.33951016507923,,,,,37.4275075,-122.169074,,,0.8348999994740325,,,,10.567956924438477,,,,,,
112.294231,ATT,3,,0.04,0.1,90.2,0.0,0.0,0.04,,0.11,,,,90.21,,,,,,,,,,,,,,,,,,,,,,
112.294231,XKF1,,,,,,,,,,,,,,,,55.35257417244093,55.34610366821289,,,0.01572764910349397,,,,,,0.8463310599327087,-0.002335466318114664,,,,,,-0.002097386401146651,,-0.0020973864011466503,-0.015587171539664268
112.294231,POS,,,,,,,,,,,,,,,,55.34580782064735,55.33951016507923,,,,,37.4275075,-122.169074,,,0.8348999994740325,,,,10.490036010742188,,,,,,
112.39419099999999,ATT,3,,0.03,0.09,90.2,0.0,0.0,0.04,,0.1,,,,90.22,,,,,,,,,,,,,,,,,,,,,,
112.39419099999999,XKF1,,,,,,,,,,,,,,,,55.35352918319763,55.34705352783203,,,0.015628645933630367,,,,,,0.8466751575469971,-0.0024635634477818682,,,,,,-0.0022272116038948306,,-0.0022272116038948298,-0.015469133853912354
112.39419099999999,POS,,,,,,,,,,,,,,,,55.34580782064735,55.33951016507923,,,,,37.4275075,-122.169074,,,0.8348999994740325,,,,10.423795700073242,,,,,,
112.494984,ATT,3,,0.03,0.09,90.2,0.0,0.0,0.04,,0.1,,,,90.23,,,,,,,,,,,,,,,,,,,,,,
112.494984,XKF1,,,,,,,,,,,,,,,,55.354164555907026,55.34769058227539,,,0.01577009282742059,,,,,,0.8465700745582581,-0.0028900469027714785,,,,,,-0.002652610419318081,,-0.00265261041931808,-0.01554540079087019
112.494984,POS,,,,,,,,,,,,,,,,55.34580782064735,55.33951016507923,,,,,37.4275075,-122.169074,,,0.8348999994740325,,,,10.366682052612305,,,,,,
112.594944,ATT,3,,0.04,0.1,90.2,0.0,0.0,0.04,,0.1,,,,90.23,,,,,,,,,,,,,,,,,,,,,,
112.594944,XKF1,,,,,,,,,,,,,,,,55.35510044379623,55.3486213684082,,,0.015482152148911917,,,,,,0.8469107151031494,-0.003147623945988893,,,,,,-0.0029153318610042342,,-0.0029153318610042334,-0.015205192379653454
112.594944,POS,,,,,,,,,,,,,,,,55.35464699172493,55.34835034189691,,,,,37.4275075,-122.1690739,,,0.8348999994740325,,,,10.316631317138672,,,,,,
112.694904,ATT,3,,0.04,0.1,90.2,0.0,0.0,0.05,,0.1,,,,90.23,,,,,,,,,,,,,,,,,,,,,,
112.694904,XKF1,,,,,,,,,,,,,,,,55.35569027027372,55.349212646484375,,,0.015554553648561412,,,,,,0.8468203544616699,-0.003617244436015864,,,,,,-0.0033853943459689626,,-0.0033853943459689617,-0.015181674621999264
112.694904,POS,,,,,,,,,,,,,,,,55.35464699172493,55.34835034189691,,,,,37.4275075,-122.1690739,,,0.8348999994740325,,,,10.270742416381836,,,,,,
112.794864,ATT,3,,0.04,0.11,90.2,0.0,0.0,0.05,,0.1,,,,90.23,,,,,,,,,,,,,,,,,,,,,,
112.794864,XKF1,,,,,,,,,,,,,,,,55.35650792503196,55.35002517700195,,,0.015296238492659714,,,,,,0.8471614718437195,-0.003903751815923173,,,,,,-0.0036769567523151645,,-0.0036769567523151636,-0.01484772376716137
112.794864,POS,,,,,,,,,,,,,,,,55.35464699172493,55.34835034189691,,,,,37.4275075,-122.1690739,,,0.8348999994740325,,,,10.227727890014648,,,,,,
112.894824,ATT,3,,0.04,0.11,90.2,0.0,0.0,0.05,,0.1,,,,90.23,,,,,,,,,,,,,,,,,,,,,,
112.894824,XKF1,,,,,,,,,,,,,,,,55.35698371212589,55.350502014160156,,,0.015298915933212483,,,,,,0.8470965027809143,-0.004325976657680897,,,,,,-0.004100913647562266,,-0.004100913647562265,-0.014739041216671467
112.894824,POS,,,,,,,,,,,,,,,,55.35464699172493,55.34835034189691,,,,,37.4275075,-122.1690739,,,0.8348999994740325,,,,10.186059951782227,,,,,,
112.994784,ATT,3,,0.03,0.12,90.2,0.0,0.0,0.04,,0.11,,,,90.22,,,,,,,,,,,,,,,,,,,,,,
112.994784,XKF1,,,,,,,,,,,,,,,,55.35765740234454,55.35116958618164,,,0.015038703848389387,,,,,,0.8475013375282288,-0.004651402951561291,,,,,,-0.004431911278516055,,-0.004431911278516054,-0.014370830729603767
112.994784,POS,,,,,,,,,,,,,,,,55.35464699172493,55.34835034189691,,,,,37.4275075,-122.1690739,,,0.8348999994740325,,,,10.145462989807129,,,,,,
113.09474399999999,ATT,3,,0.03,0.12,90.2,0.0,0.0,0.04,,0.11,,,,90.22,,,,,,,,,,,,,,,,,,,,,,
113.09474399999999,XKF1,,,,,,,,,,,,,,,,55.35800403647518,55.35151672363281,,,0.015268635078568458,,,,,,0.8474711179733276,-0.0050330374817310905,,,,,,-0.0048117656260728845,,-0.004811765626072884,-0.014490622095763683
113.09474399999999,POS,,,,,,,,,,,,,,,,55.35464699172493,55.34835034189691,,,,,37.4275075,-122.1690739,,,0.8348999994740325,,,,10.104036331176758,,,,,,
113.194704,ATT,3,,0.03,0.12,90.2,0.0,0.0,0.03,,0.1,,,,90.21,,,,,,,,,,,,,,,,,,,,,,
113.194704,XKF1,,,,,,,,,,,,,,,,55.35857452449879,55.352081298828125,,,0.015112820168335097,,,,,,0.8478615880012512,-0.005155433512234409,,,,,,-0.004937247838824988,,-0.004937247838824987,-0.014283589087426662
113.194704,POS,,,,,,,,,,,,,,,,55.35464699172493,55.34835034189691,,,,,37.4275075,-122.1690739,,,0.8348999994740325,,,,10.06252670288086,,,,,,
113.294664,ATT,3,,0.03,0.12,90.2,0.0,0.0,0.04,,0.1,,,,90.21,,,,,,,,,,,,,,,,,,,,,,
113.294664,XKF1,,,,,,,,,,,,,,,,55.35884089849831,55.35234832763672,,,0.015176017515738098,,,,,,0.8478208780288696,-0.005436928895785841,,,,,,-0.005219297949224711,,-0.0052192979492247105,-0.01425027847290039
113.294664,POS,,,,,,,,,,,,,,,,55.35464699172493,55.34835034189691,,,,,37.4275075,-122.1690739,,,0.8348999994740325,,,,10.019380569458008,,,,,,
113.394624,ATT,3,,0.03,0.13,90.2,0.0,0.0,0.03,,0.11,,,,90.2,,,,,,,,,,,,,,,,,,,,,,
113.394624,XKF1,,,,,,,,,,,,,,,,55.35930457981495,55.352806091308594,,,0.014973732402861584,,,,,,0.8482106924057007,-0.005447413457638231,,,,,,-0.005233068484812976,,-0.005233068484812975,-0.014029528014361858
113.394624,POS,,,,,,,,,,,,,,,,55.35464699172493,55.34835034189691,,,,,37.4275075,-122.1690739,,,0.8348999994740325,,,,9.975767135620117,,,,,,
113.494584,ATT,3,,0.03,0.13,90.2,0.0,0.0,0.04,,0.12,,,,90.2,,,,,,,,,,,,,,,,,,,,,,
113.494584,XKF1,,,,,,,,,,,,,,,,55.35948688389361,55.352989196777344,,,0.015309440792460702,,,,,,0.8481597900390625,-0.005798209760727475,,,,,,-0.005580447148531676,,-0.005580447148531675,-0.01425614207983017
113.494584,POS,,,,,,,,,,,,,,,,55.35464699172493,55.34835034189691,,,,,37.4275075,-122.1690739,,,0.8348999994740325,,,,9.930262565612793,,,,,,
113.594544,ATT,3,,0.03,0.13,90.2,0.0,0.0,0.04,,0.12,,,,90.19,,,,,,,,,,,,,,,,,,,,,,
113.594544,XKF1,,,,,,,,,,,,,,,,55.35986211710766,55.35335922241211,,,0.015287841581489454,,,,,,0.8485024571418762,-0.005966523993976828,,,,,,-0.005750088021159173,,-0.005750088021159172,-0.014165259897708893
113.594544,POS,,,,,,,,,,,,,,,,55.35464699172493,55.34835034189691,,,,,37.4275075,-122.1690739,,,0.8348999994740325,,,,9.884371757507324,,,,,,
113.694504,ATT,3,,0.02,0.13,90.2,0.0,0.0,0.03,,0.11,,,,90.19,,,,,,,,,,,,,,,,,,,,,,
113.694504,XKF1,,,,,,,,,,,,,,,,55.3599636895471,55.35346221923828,,,0.015596917054268297,,,,,,0.8484103083610535,-0.00630483426018535,,,,,,-0.006085465662181378,,-0.006085465662181377,-0.014360742643475533
113.694504,POS,,,,,,,,,,,,,,,,55.35464699172493,55.34835034189691,,,,,37.4275075,-122.1690739,,,0.8348999994740325,,,,9.836750030517578,,,,,,
113.794464,ATT,3,,0.02,0.13,90.2,0.0,0.0,0.01,,0.12,,,,90.19,,,,,,,,,,,,,,,,,,,,,,
113.794464,XKF1,,,,,,,,,,,,,,,,55.36027739823384,55.3537712097168,,,0.015490726253683633,,,,,,0.8487204909324646,-0.006245133241178409,,,,,,-0.006027068011462689,,-0.0060270680114626884,-0.014270145446062088
113.794464,POS,,,,,,,,,,,,,,,,55.35464699172493,55.34835034189691,,,,,37.4275075,-122.1690739,,,0.8348999994740325,,,,9.788934707641602,,,,,,
113.894424,ATT,3,,0.02,0.13,90.2,0.0,0.0,0.01,,0.12,,,,90.19,,,,,,,,,,,,,,,,,,,,,,
113.894424,XKF1,,,,,,,,,,,,,,,,55.36040141359121,55.35389709472656,,,0.01571011610969777,,,,,,0.8485994935035706,-0.006212394034331826,,,,,,-0.005990477744489909,,-0.005990477744489908,-0.014523151330649853
113.894424,POS,,,,,,,,,,,,,,,,55.35464699172493,55.34835034189691,,,,,37.4275075,-122.1690739,,,0.8348999994740325,,,,9.739625930786133,,,,,,
113.994384,ATT,3,,0.02,0.13,90.2,0.0,0.0,0.02,,0.12,,,,90.19,,,,,,,,,,,,,,,,,,,,,,
113.994384,XKF1,,,,,,,,,,,,,,,,55.36102355099112,55.354515075683594,,,0.01561630539709286,,,,,,0.8488753437995911,-0.005948674940686593,,,,,,-0.0057265772484242925,,-0.005726577248424292,-0.014528430998325348
113.994384,POS,,,,,,,,,,,,,,,,55.35464699172493,55.34835034189691,,,,,37.4275075,-122.1690739,,,0.8348999994740325,,,,9.690414428710938,,,,,,
114.09434399999999,ATT,3,,0.02,0.13,90.2,0.0,0.0,0.02,,0.12,,,,90.19,,,,,,,,,,,,,,,,,,,,,,
114.09434399999999,XKF1,,,,,,,,,,,,,,,,55.36126682329549,55.35476303100586,,,0.01603648894467,,,,,,0.84857177734375,-0.006030841404922472,,,,,,-0.005802371539175511,,-0.00580237153917551,-0.014949965290725231
114.09434399999999,POS,,,,,,,,,,,,,,,,55.35464699172493,55.34835034189691,,,,,37.4275075,-122.1690739,,,0.8348999994740325,,,,9.639750480651855,,,,,,
114.194304,ATT,3,,0.02,0.13,90.2,0.0,0.0,0.03,,0.12,,,,90.19,,,,,,,,,,,,,,,,,,,,,,
114.194304,XKF1,,,,,,,,,,,,,,,,55.362072166905286,55.35556411743164,,,0.016016993331504404,,,,,,0.8488556146621704,-0.005797803868476367,,,,,,-0.0055681909434497365,,-0.005568190943449736,-0.015017966739833355
114.194304,POS,,,,,,,,,,,,,,,,55.35464699172493,55.34835034189691,,,,,37.4275075,-122.1690739,,,0.8348999994740325,,,,9.589733123779297,,,,,,
114.294264,ATT,3,,0.03,0.13,90.2,0.0,0.0,0.03,,0.11,,,,90.19,,,,,,,,,,,,,,,,,,,,,,
114.294264,XKF1,,,,,,,,,,,,,,,,55.36244880566152,55.3559455871582,,,0.01642856153448606,,,,,,0.8485434055328369,-0.005964178110089863,,,,,,-0.005728855263441802,,-0.005728855263441801,-0.015397332608699799
114.294264,POS,,,,,,,,,,,,,,,,55.35464699172493,55.34835034189691,,,,,37.4275075,-122.1690739,,,0.8348999994740325,,,,9.538549423217773,,,,,,
114.394224,ATT,3,,0.03,0.13,90.2,0.0,0.0,0.03,,0.1,,,,90.19,,,,,,,,,,,,,,,,,,,,,,
114.394224,XKF1,,,,,,,,,,,,,,,,55.363276562995566,55.35676956176758,,,0.01621935503458441,,,,,,0.8487964868545532,-0.005893652869587969,,,,,,-0.005661292467266322,,-0.005661292467266321,-0.015199251472949982
114.394224,POS,,,,,,,,,,,,,,,,55.363486163123675,55.357190518714596,,,,,37.4275075,-122.1690738,,,0.8348999994740325,,,,9.488123893737793,,,,,,
114.494184,ATT,3,,0.04,0.13,90.2,0.0,0.0,0.03,,0.11,,,,90.2,,,,,,,,,,,,,,,,,,,,,,
114.494184,XKF1,,,,,,,,,,,,,,,,55.36365697534026,55.357154846191406,,,0.016440040310414433,,,,,,0.8484815955162048,-0.0061239196426747045,,,,,,-0.005889379419386388,,-0.005889379419386387,-0.015348945744335651
114.494184,POS,,,,,,,,,,,,,,,,55.363486163123675,55.357190518714596,,,,,37.4275075,-122.1690738,,,0.8348999994740325,,,,9.436606407165527,,,,,,
114.594977,ATT,3,,0.04,0.13,90.2,0.0,0.0,0.04,,0.12,,,,90.2,,,,,,,,,,,,,,,,,,,,,,
114.594977,XKF1,,,,,,,,,,,,,,,,55.364439136776106,55.357933044433594,,,0.016311413849622723,,,,,,0.848746120929718,-0.006100914040728112,,,,,,-0.0058682900853455075,,-0.005868290085345507,-0.015219244174659252
114.594977,POS,,,,,,,,,,,,,,,,55.363486163123675,55.357190518714596,,,,,37.4275075,-122.1690738,,,0.8348999994740325,,,,9.385977745056152,,,,,,
114.694937,ATT,3,,0.04,0.13,90.2,0.0,0.0,0.04,,0.12,,,,90.2,,,,,,,,,,,,,,,,,,,,,,
114.694937,XKF1,,,,,,,,,,,,,,,,55.36487115536168,55.358367919921875,,,0.016693879611854496,,,,,,0.8485630750656128,-0.006438794458238363,,,,,,-0.006201972719281913,,-0.006201972719281912,-0.015499069355428219
114.694937,POS,,,,,,,,,,,,,,,,55.363486163123675,55.357190518714596,,,,,37.4275075,-122.1690738,,,0.8348999994740325,,,,9.334635734558105,,,,,,
114.79489699999999,ATT,3,,0.04,0.13,90.2,0.0,0.0,0.04,,0.12,,,,90.2,,,,,,,,,,,,,,,,,,,,,,
114.79489699999999,XKF1,,,,,,,,,,,,,,,,55.365522507758556,55.35901641845703,,,0.016715432009643545,,,,,,0.8487542271614075,-0.006636364589894842,,,,,,-0.00640039797872305,,-0.006400397978723049,-0.01544152107089758
114.79489699999999,POS,,,,,,,,,,,,,,,,55.363486163123675,55.357190518714596,,,,,37.4275075,-122.1690738,,,0.8348999994740325,,,,9.283926963806152,,,,,,
114.894857,ATT,3,,0.04,0.13,90.2,0.0,0.0,0.05,,0.12,,,,90.2,,,,,,,,,,,,,,,,,,,,,,
114.894857,XKF1,,,,,,,,,,,,,,,,55.365827545335186,55.35932540893555,,,0.017131777488379397,,,,,,0.8484987020492554,-0.006990539151972398,,,,,,-0.006750020198523999,,-0.006750020198523998,-0.01574595272541046
114.894857,POS,,,,,,,,,,,,,,,,55.363486163123675,55.357190518714596,,,,,37.4275075,-122.1690738,,,0.8348999994740325,,,,9.232198715209961,,,,,,
114.994817,ATT,3,,0.04,0.13,90.2,0.0,0.0,0.05,,0.12,,,,90.2,,,,,,,,,,,,,,,,,,,,,,
114.994817,XKF1,,,,,,,,,,,,,,,,55.36637145255997,55.359867095947266,,,0.017222585479130095,,,,,,0.8486477136611938,-0.007221103797681227,,,,,,-0.006980594713240863,,-0.006980594713240862,-0.015744483098387718
114.994817,POS,,,,,,,,,,,,,,,,55.363486163123675,55.357190518714596,,,,,37.4275075,-122.1690738,,,0.8348999994740325,,,,9.18163013458252,,,,,,
115.094777,ATT,3,,0.04,0.12,90.2,0.0,0.0,0.05,,0.12,,,,90.2,,,,,,,,,,,,,,,,,,,,,,
115.094777,XKF1,,,,,,,,,,,,,,,,55.36657014290972,55.360069274902344,,,0.017671492603267985,,,,,,0.8484216332435608,-0.007719772922868965,,,,,,-0.007475278805941344,,-0.007475278805941343,-0.01601255312561989
115.094777,POS,,,,,,,,,,,,,,,,55.363486163123675,55.357190518714596,,,,,37.4275075,-122.1690738,,,0.8348999994740325,,,,9.130532264709473,,,,,,
115.194737,ATT,3,,0.04,0.13,90.2,0.0,0.0,0.05,,0.12,,,,90.2,,,,,,,,,,,,,,,,,,,,,,
115.194737,XKF1,,,,,,,,,,,,,,,,55.366974708599564,55.36046600341797,,,0.017696765804133974,,,,,,0.8489359617233276,-0.008067761772306246,,,,,,-0.007825308479368688,,-0.007825308479368687,-0.015872620046138763
115.194737,POS,,,,,,,,,,,,,,,,55.363486163123675,55.357190518714596,,,,,37.4275075,-122.1690738,,,0.8348999994740325,,,,9.08008861541748,,,,,,
115.294697,ATT,3,,0.04,0.13,90.2,0.0,0.0,0.05,,0.12,,,,90.19,,,,,,,,,,,,,,,,,,,,,,
115.294697,XKF1,,,,,,,,,,,,,,,,55.3670476829017,55.360538482666016,,,0.01808404022816547,,,,,,0.8489688038825989,-0.008584135271205143,,,,,,-0.008339066058397295,,-0.008339066058397293,-0.016046572476625443
115.294697,POS,,,,,,,,,,,,,,,,55.363486163123675,55.357190518714596,,,,,37.4275075,-122.1690738,,,0.8348999994740325,,,,9.029090881347656,,,,,,
115.394657,ATT,3,,0.04,0.13,90.2,0.0,0.0,0.05,,0.12,,,,90.2,,,,,,,,,,,,,,,,,,,,,,
115.394657,XKF1,,,,,,,,,,,,,,,,55.36734729377441,55.3608283996582,,,0.018099696312675963,,,,,,0.849602997303009,-0.008864927237559031,,,,,,-0.00862174015492201,,-0.008621740154922009,-0.01591428928077221
115.394657,POS,,,,,,,,,,,,,,,,55.363486163123675,55.357190518714596,,,,,37.4275075,-122.1690738,,,0.8348999994740325,,,,8.978741645812988,,,,,,
115.494617,ATT,3,,0.04,0.13,90.2,0.0,0.0,0.04,,0.13,,,,90.2,,,,,,,,,,,,,,,,,,,,,,
115.494617,XKF1,,,,,,,,,,,,,,,,55.367329782060864,55.360809326171875,,,0.01862845306938391,,,,,,0.8497046232223511,-0.009329606866563903,,,,,,-0.009081060998141767,,-0.009081060998141766,-0.016265103593468666
115.494617,POS,,,,,,,,,,,,,,,,55.363486163123675,55.357190518714596,,,,,37.4275075,-122.1690738,,,0.8348999994740325,,,,8.927785873413086,,,,,,
115.594577,ATT,3,,0.04,0.14,90.2,0.0,0.0,0.04,,0.13,,,,90.2,,,,,,,,,,,,,,,,,,,,,,
115.594577,XKF1,,,,,,,,,,,,,,,,55.367534015776506,55.36100387573242,,,0.018686028357075217,,,,,,0.8503369092941284,-0.00945537717910707,,,,,,-0.00920673366636038,,-0.009206733666360378,-0.01626049540936947
115.594577,POS,,,,,,,,,,,,,,,,55.363486163123675,55.357190518714596,,,,,37.4275075,-122.1690738,,,0.8348999994740325,,,,8.877474784851074,,,,,,
115.694537,ATT,3,,0.04,0.14,90.2,0.0,0.0,0.04,,0.13,,,,90.2,,,,,,,,,,,,,,,,,,,,,,
115.694537,XKF1,,,,,,,,,,,,,,,,55.36749701120873,55.360965728759766,,,0.019159120064928745,,,,,,0.8504109978675842,-0.009694979909107174,,,,,,-0.009440020658075811,,-0.00944002065807581,-0.01667206920683384
115.694537,POS,,,,,,,,,,,,,,,,55.363486163123675,55.357190518714596,,,,,37.4275075,-122.1690738,,,0.8348999994740325,,,,8.826620101928711,,,,,,
115.79449699999999,ATT,3,,0.04,0.14,90.2,0.0,0.0,0.04,,0.13,,,,90.2,,,,,,,,,,,,,,,,,,,,,,
115.79449699999999,XKF1,,,,,,,,,,,,,,,,55.36798231163401,55.36144256591797,,,0.01919193754860355,,,,,,0.8509654998779297,-0.009648075029333038,,,,,,-0.009391951374709608,,-0.009391951374709606,-0.016736837103962898
115.79449699999999,POS,,,,,,,,,,,,,,,,55.363486163123675,55.357190518714596,,,,,37.4275075,-122.1690738,,,0.8348999994740325,,,,8.776395797729492,,,,,,
115.894457,ATT,3,,0.04,0.14,90.2,0.0,0.0,0.04,,0.13,,,,90.21,,,,,,,,,,,,,,,,,,,,,,
115.894457,XKF1,,,,,,,,,,,,,,,,55.368138693000354,55.36159896850586,,,0.019647633707353722,,,,,,0.8509653210639954,-0.00985677862791586,,,,,,-0.009594394825398924,,-0.009594394825398922,-0.017145760357379913
115.894457,POS,,,,,,,,,,,,,,,,55.363486163123675,55.357190518714596,,,,,37.4275075,-122.1690738,,,0.8348999994740325,,,,8.725597381591797,,,,,,
115.994417,ATT,3,,0.04,0.14,90.2,0.0,0.0,0.04,,0.14,,,,90.21,,,,,,,,,,,,,,,,,,,,,,
115.994417,XKF1,,,,,,,,,,,,,,,,55.368733511076286,55.362186431884766,,,0.019652177160789555,,,,,,0.8514482378959656,-0.00972078864657179,,,,,,-0.009456992149353029,,-0.009456992149353027,-0.017227111384272575
115.994417,POS,,,,,,,,,,,,,,,,55.363486163123675,55.357190518714596,,,,,37.4275075,-122.1690738,,,0.8348999994740325,,,,8.675379753112793,,,,,,
116.094377,ATT,3,,0.04,0.14,90.2,0.0,0.0,0.05,,0.14,,,,90.21,,,,,,,,,,,,,,,,,,,,,,
116.094377,XKF1,,,,,,,,,,,,,,,,55.36883653234983,55.3622932434082,,,0.020336803137658475,,,,,,0.8512025475502014,-0.01011229103700696,,,,,,-0.00983984209597111,,-0.009839842095971107,-0.017797838896512985
116.094377,POS,,,,,,,,,,,,,,,,55.363486163123675,55.357190518714596,,,,,37.4275075,-122.1690738,,,0.8348999994740325,,,,8.624387741088867,,,,,,
116.194337,ATT,3,,0.04,0.14,90.2,0.0,0.0,0.05,,0.13,,,,90.21,,,,,,,,,,,,,,,,,,,,,,
116.194337,XKF1,,,,,,,,,,,,,,,,55.36946883930655,55.362918853759766,,,0.020379251204431268,,,,,,0.8516428470611572,-0.010133498744219658,,,,,,-0.00986034329980612,,-0.009860343299806118,-0.01783500798046589
116.194337,POS,,,,,,,,,,,,,,,,55.363486163123675,55.357190518714596,,,,,37.4275075,-122.1690738,,,0.8348999994740325,,,,8.574257850646973,,,,,,
116.294297,ATT,3,,0.04,0.14,90.2,0.0,0.0,0.04,,0.14,,,,90.21,,,,,,,,,,,,,,,,,,,,,,
116.294297,XKF1,,,,,,,,,,,,,,,,55.36959410460854,55.3630485534668,,,0.02097507415541327,,,,,,0.8513554930686951,-0.010408584974594955,,,,,,-0.010127355344593527,,-0.010127355344593525,-0.01836819015443325
116.294297,POS,,,,,,,,,,,,,,,,55.363486163123675,55.357190518714596,,,,,37.4275075,-122.1690738,,,0.8348999994740325,,,,8.523380279541016,,,,,,
116.394257,ATT,3,,0.05,0.14,90.2,0.0,0.0,0.05,,0.13,,,,90.21,,,,,,,,,,,,,,,,,,,,,,
116.394257,XKF1,,,,,,,,,,,,,,,,55.37022225090405,55.363670349121094,,,0.02091680818871638,,,,,,0.851773202419281,-0.010403626304940175,,,,,,-0.010123251006007196,,-0.010123251006007195,-0.018303897231817245
116.394257,POS,,,,,,,,,,,,,,,,55.363486163123675,55.357190518714596,,,,,37.4275075,-122.1690738,,,0.8348999994740325,,,,8.473326683044434,,,,,,
116.49421699999999,ATT,3,,0.05,0.14,90.2,0.0,0.0,0.05,,0.13,,,,90.21,,,,,,,,,,,,,,,,,,,,,,
116.49421699999999,XKF1,,,,,,,,,,,,,,,,55.370331954292595,55.36378479003906,,,0.021417282100475638,,,,,,0.8514660596847534,-0.010755168277141621,,,,,,-0.010469087399542333,,-0.010469087399542332,-0.01868416927754879
116.49421699999999,POS,,,,,,,,,,,,,,,,55.363486163123675,55.357190518714596,,,,,37.4275075,-122.1690738,,,0.8348999994740325,,,,8.422516822814941,,,,,,
116.594177,ATT,3,,0.05,0.14,90.2,0.0,0.0,0.05,,0.13,,,,90.2,,,,,,,,,,,,,,,,,,,,,,
116.594177,XKF1,,,,,,,,,,,,,,,,55.37091372240013,55.36436080932617,,,0.021314420478813254,,,,,,0.8518442511558533,-0.010794220815881071,,,,,,-0.010510194115340711,,-0.01051019411534071,-0.018542932346463203
116.594177,POS,,,,,,,,,,,,,,,,55.363486163123675,55.357190518714596,,,,,37.4275075,-122.1690738,,,0.8348999994740325,,,,8.372471809387207,,,,,,
116.69497,ATT,3,,0.05,0.14,90.2,0.0,0.0,0.05,,0.13,,,,90.2,,,,,,,,,,,,,,,,,,,,,,
116.69497,XKF1,,,,,,,,,,,,,,,,55.371090453097224,55.364540100097656,,,0.021650636156348355,,,,,,0.8516792058944702,-0.01114122032249581,,,,,,-0.010854363441467287,,-0.010854363441467285,-0.018733201548457146
116.69497,POS,,,,,,,,,,,,,,,,55.363486163123675,55.357190518714596,,,,,37.4275075,-122.1690738,,,0.8348999994740325,,,,8.321844100952148,,,,,,
116.79493,ATT,3,,0.05,0.14,90.2,0.0,0.0,0.05,,0.13,,,,90.2,,,,,,,,,,,,,,,,,,,,,,
116.79493,XKF1,,,,,,,,,,,,,,,,55.37152995085015,55.36497497558594,,,0.02165926423763761,,,,,,0.8519830107688904,-0.011312669384891338,,,,,,-0.011027135886251928,,-0.011027135886251926,-0.01864204928278923
116.79493,POS,,,,,,,,,,,,,,,,55.363486163123675,55.357190518714596,,,,,37.4275075,-122.1690738,,,0.8348999994740325,,,,8.271730422973633,,,,,,
116.89489,ATT,3,,0.05,0.14,90.2,0.0,0.0,0.05,,0.13,,,,90.2,,,,,,,,,,,,,,,,,,,,,,
116.89489,XKF1,,,,,,,,,,,,,,,,55.37157977586021,55.365028381347656,,,0.022050099875478277,,,,,,0.8517506718635559,-0.011731484215726616,,,,,,-0.011442901566624643,,-0.011442901566624641,-0.01884852536022663
116.89489,POS,,,,,,,,,,,,,,,,55.363486163123675,55.357190518714596,,,,,37.4275075,-122.1690738,,,0.8348999994740325,,,,8.22109603881836,,,,,,
116.99485,ATT,3,,0.05,0.14,90.2,0.0,0.0,0.05,,0.13,,,,90.2,,,,,,,,,,,,,,,,,,,,,,
116.99485,XKF1,,,,,,,,,,,,,,,,55.37191098840321,55.3653564453125,,,0.022075061014284043,,,,,,0.8519578576087952,-0.011867767560062708,,,,,,-0.011579972691833975,,-0.011579972691833973,-0.018793949857354164
116.99485,POS,,,,,,,,,,,,,,,,55.363486163123675,55.357190518714596,,,,,37.4275075,-122.1690738,,,0.8348999994740325,,,,8.170554161071777,,,,,,
117.09481,ATT,3,,0.05,0.14,90.2,0.0,0.0,0.05,,0.12,,,,90.2,,,,,,,,,,,,,,,,,,,,,,
117.09481,XKF1,,,,,,,,,,,,,,,,55.3718683117512,55.365318298339844,,,0.022473404275174694,,,,,,0.8516631126403809,-0.012261192065477714,,,,,,-0.011970060877501966,,-0.011970060877501965,-0.019020292907953262
117.09481,POS,,,,,,,,,,,,,,,,55.363486163123675,55.357190518714596,,,,,37.4275075,-122.1690738,,,0.8348999994740325,,,,8.11991024017334,,,,,,
117.19476999999999,ATT,3,,0.05,0.14,90.2,0.0,0.0,0.05,,0.12,,,,90.2,,,,,,,,,,,,,,,,,,,,,,
117.19476999999999,XKF1,,,,,,,,,,,,,,,,55.372111506540605,55.36555862426758,,,0.02242579172334038,,,,,,0.8518514633178711,-0.012383138478002775,,,,,,-0.012094037607312204,,-0.012094037607312202,-0.018885189667344093
117.19476999999999,POS,,,,,,,,,,,,,,,,55.37232533609956,55.36603069678854,,,,,37.4275075,-122.1690737,,,0.8348999994740325,,,,8.06979751586914,,,,,,
117.29473,ATT,3,,0.05,0.13,90.2,0.0,0.0,0.05,,0.12,,,,90.19,,,,,,,,,,,,,,,,,,,,,,
117.29473,XKF1,,,,,,,,,,,,,,,,55.371992243973125,55.36544418334961,,,0.02266592392595349,,,,,,0.8515371084213257,-0.012652618325165394,,,,,,-0.012361918576061727,,-0.012361918576061726,-0.018998080864548683
117.29473,POS,,,,,,,,,,,,,,,,55.363486163123675,55.357190518714596,,,,,37.4275075,-122.1690738,,,0.8348999994740325,,,,8.019163131713867,,,,,,
117.39469,ATT,3,,0.05,0.13,90.2,0.0,0.0,0.05,,0.12,,,,90.19,,,,,,,,,,,,,,,,,,,,,,
117.39469,XKF1,,,,,,,,,,,,,,,,55.37218963804599,55.365638732910156,,,0.02260894483069017,,,,,,0.8517235517501831,-0.012689684144795594,,,,,,-0.012400359846651556,,-0.012400359846651554,-0.018904905766248703
117.39469,POS,,,,,,,,,,,,,,,,55.37232533609956,55.36603069678854,,,,,37.4275075,-122.1690737,,,0.8348999994740325,,,,7.9690656661987305,,,,,,
117.49465,ATT,3,,0.05,0.13,90.2,0.0,0.0,0.04,,0.12,,,,90.19,,,,,,,,,,,,,,,,,,,,,,
117.49465,XKF1,,,,,,,,,,,,,,,,55.37203968902151,55.36549377441406,,,0.022909019133927785,,,,,,0.8513979315757751,-0.012926823472895277,,,,,,-0.012634482234716417,,-0.012634482234716415,-0.019110023975372314
117.49465,POS,,,,,,,,,,,,,,,,55.37232533609956,55.36603069678854,,,,,37.4275075,-122.1690737,,,0.8348999994740325,,,,7.918489933013916,,,,,,
117.59461,ATT,3,,0.05,0.13,90.2,0.0,0.0,0.04,,0.12,,,,90.19,,,,,,,,,,,,,,,,,,,,,,
117.59461,XKF1,,,,,,,,,,,,,,,,55.37221739082535,55.36566925048828,,,0.022734325469546342,,,,,,0.8515440225601196,-0.012862789344158966,,,,,,-0.012572987936437132,,-0.01257298793643713,-0.018941212445497513
117.59461,POS,,,,,,,,,,,,,,,,55.37232533609956,55.36603069678854,,,,,37.4275075,-122.1690737,,,0.8348999994740325,,,,7.868415832519531,,,,,,
117.69457,ATT,3,,0.05,0.13,90.2,0.0,0.0,0.04,,0.12,,,,90.19,,,,,,,,,,,,,,,,,,,,,,
117.69457,XKF1,,,,,,,,,,,,,,,,55.37205563451989,55.36551284790039,,,0.022972931394456515,,,,,,0.8511946201324463,-0.013045006227241753,,,,,,-0.012752776965498926,,-0.012752776965498924,-0.01910817250609398
117.69457,POS,,,,,,,,,,,,,,,,55.37232533609956,55.36603069678854,,,,,37.4275075,-122.1690737,,,0.8348999994740325,,,,7.817842483520508,,,,,,
117.79453,ATT,3,,0.05,0.13,90.2,0.0,0.0,0.04,,0.12,,,,90.19,,,,,,,,,,,,,,,,,,,,,,
117.79453,XKF1,,,,,,,,,,,,,,,,55.37223708314495,55.365692138671875,,,0.022751471626336055,,,,,,0.8513363599777222,-0.012927466433018519,,,,,,-0.012638092972338201,,-0.0126380929723382,-0.018918458372354507
117.79453,POS,,,,,,,,,,,,,,,,55.37232533609956,55.36603069678854,,,,,37.4275075,-122.1690737,,,0.8348999994740325,,,,7.767737865447998,,,,,,
117.89449,ATT,3,,0.05,0.13,90.2,0.0,0.0,0.04,,0.12,,,,90.19,,,,,,,,,,,,,,,,,,,,,,
117.89449,XKF1,,,,,,,,,,,,,,,,55.37207531348618,55.365535736083984,,,0.022938635947756376,,,,,,0.8509860038757324,-0.013055841676800224,,,,,,-0.012764438986778261,,-0.01276443898677826,-0.01905912160873413
117.89449,POS,,,,,,,,,,,,,,,,55.37232533609956,55.36603069678854,,,,,37.4275075,-122.1690737,,,0.8348999994740325,,,,7.7171220779418945,,,,,,
117.99445,ATT,3,,0.05,0.13,90.2,0.0,0.0,0.04,,0.12,,,,90.19,,,,,,,,,,,,,,,,,,,,,,
117.99445,XKF1,,,,,,,,,,,,,,,,55.37226071142935,55.365718841552734,,,0.02271873890982936,,,,,,0.8511365652084351,-0.012904603107484248,,,,,,-0.012615669518709184,,-0.012615669518709183,-0.018894072622060776
117.99445,POS,,,,,,,,,,,,,,,,55.37232533609956,55.36603069678854,,,,,37.4275075,-122.1690737,,,0.8348999994740325,,,,7.666993618011475,,,,,,
118.09441,ATT,3,,0.05,0.13,90.2,0.0,0.0,0.04,,0.12,,,,90.19,,,,,,,,,,,,,,,,,,,,,,
118.09441,XKF1,,,,,,,,,,,,,,,,55.37211055519674,55.36557388305664,,,0.022833772995451657,,,,,,0.8507972359657288,-0.013032377993351853,,,,,,-0.012742754071950914,,-0.012742754071950912,-0.018947385251522064
118.09441,POS,,,,,,,,,,,,,,,,55.37232533609956,55.36603069678854,,,,,37.4275075,-122.1690737,,,0.8348999994740325,,,,7.6164093017578125,,,,,,
118.19436999999999,ATT,3,,0.05,0.13,90.2,0.0,0.0,0.04,,0.11,,,,90.19,,,,,,,,,,,,,,,,,,,,,,
118.19436999999999,XKF1,,,,,,,,,,,,,,,,55.37244819771936,55.36590576171875,,,0.0224377567298621,,,,,,0.8511748313903809,-0.012897960226500882,,,,,,-0.012614207342267038,,-0.012614207342267036,-0.0185562577098608
118.19436999999999,POS,,,,,,,,,,,,,,,,55.37232533609956,55.36603069678854,,,,,37.4275075,-122.1690737,,,0.8348999994740325,,,,7.566315650939941,,,,,,
118.29433,ATT,3,,0.05,0.13,90.2,0.0,0.0,0.05,,0.11,,,,90.19,,,,,,,,,,,,,,,,,,,,,,
118.29433,XKF1,,,,,,,,,,,,,,,,55.372115425500546,55.36558151245117,,,0.022747861452852673,,,,,,0.8506177067756653,-0.013202938993670955,,,,,,-0.012916814535856249,,-0.012916814535856247,-0.018724879249930382
118.29433,POS,,,,,,,,,,,,,,,,55.37232533609956,55.36603069678854,,,,,37.4275075,-122.1690737,,,0.8348999994740325,,,,7.515429496765137,,,,,,
118.39429,ATT,3,,0.05,0.12,90.2,0.0,0.0,0.04,,0.11,,,,90.2,,,,,,,,,,,,,,,,,,,,,,
118.39429,XKF1,,,,,,,,,,,,,,,,55.37230189123716,55.36576461791992,,,0.022417583284076267,,,,,,0.8508378267288208,-0.01310099235410476,,,,,,-0.012819927185773851,,-0.01281992718577385,-0.018390147015452385
118.39429,POS,,,,,,,,,,,,,,,,55.37232533609956,55.36603069678854,,,,,37.4275075,-122.1690737,,,0.8348999994740325,,,,7.4651994705200195,,,,,,
118.49425,ATT,3,,0.05,0.12,90.2,0.0,0.0,0.04,,0.11,,,,90.2,,,,,,,,,,,,,,,,,,,,,,
118.49425,XKF1,,,,,,,,,,,,,,,,55.372028270189745,55.36549758911133,,,0.022580204795370897,,,,,,0.8504066467285156,-0.01330127021518526,,,,,,-0.01301946770399809,,-0.013019467703998089,-0.01844882406294346
118.49425,POS,,,,,,,,,,,,,,,,55.37232533609956,55.36603069678854,,,,,37.4275075,-122.1690737,,,0.8348999994740325,,,,7.414412975311279,,,,,,
118.59421,ATT,3,,0.05,0.12,90.2,0.0,0.0,0.04,,0.11,,,,90.2,,,,,,,,,,,,,,,,,,,,,,
118.59421,XKF1,,,,,,,,,,,,,,,,55.37226194004675,55.365726470947266,,,0.022180345908543384,,,,,,0.8507201075553894,-0.013145937423212363,,,,,,-0.012869916856288912,,-0.01286991685628891,-0.01806468889117241
118.59421,POS,,,,,,,,,,,,,,,,55.37232533609956,55.36603069678854,,,,,37.4275075,-122.1690737,,,0.8348999994740325,,,,7.364300727844238,,,,,,
118.69417,ATT,3,,0.05,0.12,90.2,0.0,0.0,0.04,,0.11,,,,90.2,,,,,,,,,,,,,,,,,,,,,,
118.69417,XKF1,,,,,,,,,,,,,,,,55.37202382249301,55.36549377441406,,,0.02233469362410853,,,,,,0.850365400314331,-0.013344902135701605,,,,,,-0.013068285770714285,,-0.013068285770714283,-0.018112383782863617
118.69417,POS,,,,,,,,,,,,,,,,55.37232533609956,55.36603069678854,,,,,37.4275075,-122.1690737,,,0.8348999994740325,,,,7.313597679138184,,,,,,
118.794963,ATT,3,,0.05,0.13,90.2,0.0,0.0,0.04,,0.11,,,,90.2,,,,,,,,,,,,,,,,,,,,,,
118.794963,XKF1,,,,,,,,,,,,,,,,55.372281168790906,55.365745544433594,,,0.02188611627827546,,,,,,0.8507303595542908,-0.013134522167689728,,,,,,-0.012864001095294954,,-0.012864001095294952,-0.017706483602523804
118.794963,POS,,,,,,,,,,,,,,,,55.37232533609956,55.36603069678854,,,,,37.4275075,-122.1690737,,,0.8348999994740325,,,,7.263513565063477,,,,,,
118.89492299999999,ATT,3,,0.05,0.13,90.2,0.0,0.0,0.04,,0.12,,,,90.2,,,,,,,,,,,,,,,,,,,,,,
118.89492299999999,XKF1,,,,,,,,,,,,,,,,55.37228910956131,55.365753173828125,,,0.021868429457811863,,,,,,0.8507506847381592,-0.013128047122932324,,,,,,-0.01285778544843197,,-0.012857785448431969,-0.017689136788249016
118.89492299999999,POS,,,,,,,,,,,,,,,,55.37232533609956,55.36603069678854,,,,,37.4275075,-122.1690737,,,0.8348999994740325,,,,7.213127613067627,,,,,,
118.994883,ATT,3,,0.05,0.14,90.2,0.0,0.0,0.04,,0.13,,,,90.2,,,,,,,,,,,,,,,,,,,,,,
118.994883,XKF1,,,,,,,,,,,,,,,,55.372480473742236,55.36594009399414,,,0.021724042645568202,,,,,,0.851041316986084,-0.013038145217875061,,,,,,-0.01276953984051943,,-0.012769539840519428,-0.01757477968931198
118.994883,POS,,,,,,,,,,,,,,,,55.37232533609956,55.36603069678854,,,,,37.4275075,-122.1690737,,,0.8348999994740325,,,,7.162946701049805,,,,,,
119.094843,ATT,3,,0.05,0.14,90.2,0.0,0.0,0.04,,0.13,,,,90.2,,,,,,,,,,,,,,,,,,,,,,
119.094843,XKF1,,,,,,,,,,,,,,,,55.372422066433636,55.365882873535156,,,0.021963077399584415,,,,,,0.8509636521339417,-0.013155866235202533,,,,,,-0.012884036637842657,,-0.012884036637842655,-0.01778702810406685
119.094843,POS,,,,,,,,,,,,,,,,55.37232533609956,55.36603069678854,,,,,37.4275075,-122.1690737,,,0.8348999994740325,,,,7.112100124359131,,,,,,
119.194803,ATT,3,,0.05,0.14,90.2,0.0,0.0,0.04,,0.13,,,,90.2,,,,,,,,,,,,,,,,,,,,,,
119.194803,XKF1,,,,,,,,,,,,,,,,55.37256211020496,55.36602020263672,,,0.0219930835634709,,,,,,0.8511413335800171,-0.01310427737491731,,,,,,-0.012831231579184534,,-0.012831231579184532,-0.017862116917967796
119.194803,POS,,,,,,,,,,,,,,,,55.37232533609956,55.36603069678854,,,,,37.4275075,-122.1690737,,,0.8348999994740325,,,,7.061933994293213,,,,,,
119.294763,ATT,3,,0.05,0.13,90.2,0.0,0.0,0.04,,0.13,,,,90.2,,,,,,,,,,,,,,,,,,,,,,
119.294763,XKF1,,,,,,,,,,,,,,,,55.37247192278154,55.36593246459961,,,0.022201668838602747,,,,,,0.8509812951087952,-0.013198490670663254,,,,,,-0.012922568246722223,,-0.012922568246722221,-0.018053291365504265
119.294763,POS,,,,,,,,,,,,,,,,55.37232533609956,55.36603069678854,,,,,37.4275075,-122.1690737,,,0.8348999994740325,,,,7.011529922485352,,,,,,
119.394723,ATT,3,,0.05,0.13,90.2,0.0,0.0,0.04,,0.13,,,,90.2,,,,,,,,,,,,,,,,,,,,,,
119.394723,XKF1,,,,,,,,,,,,,,,,55.372588110894476,55.36604690551758,,,0.02223493050646481,,,,,,0.8510958552360535,-0.013134913817105978,,,,,,-0.012857608497142793,,-0.012857608497142792,-0.01814039796590805
119.394723,POS,,,,,,,,,,,,,,,,55.37232533609956,55.36603069678854,,,,,37.4275075,-122.1690737,,,0.8348999994740325,,,,6.961363315582275,,,,,,
119.494683,ATT,3,,0.05,0.13,90.2,0.0,0.0,0.04,,0.13,,,,90.2,,,,,,,,,,,,,,,,,,,,,,
119.494683,XKF1,,,,,,,,,,,,,,,,55.37246664481241,55.365928649902344,,,0.02249775903706933,,,,,,0.8508860468864441,-0.013313540483525689,,,,,,-0.013033286668360235,,-0.013033286668360233,-0.01833800971508026
119.494683,POS,,,,,,,,,,,,,,,,55.37232533609956,55.36603069678854,,,,,37.4275075,-122.1690737,,,0.8348999994740325,,,,6.910922527313232,,,,,,
119.594643,ATT,3,,0.05,0.13,90.2,0.0,0.0,0.04,,0.12,,,,90.2,,,,,,,,,,,,,,,,,,,,,,
119.594643,XKF1,,,,,,,,,,,,,,,,55.37252525445064,55.36598587036133,,,0.02246111442757299,,,,,,0.8509768843650818,-0.013325899030619148,,,,,,-0.013046452775597574,,-0.013046452775597572,-0.018283646553754807
119.594643,POS,,,,,,,,,,,,,,,,55.37232533609956,55.36603069678854,,,,,37.4275075,-122.1690737,,,0.8348999994740325,,,,6.860731601715088,,,,,,
119.694603,ATT,3,,0.05,0.13,90.2,0.0,0.0,0.04,,0.12,,,,90.2,,,,,,,,,,,,,,,,,,,,,,
119.694603,XKF1,,,,,,,,,,,,,,,,55.372361569264875,55.36582565307617,,,0.022611759871575647,,,,,,0.8507499694824219,-0.013427194171584961,,,,,,-0.01314608193933964,,-0.013146081939339638,-0.018397614359855652
119.694603,POS,,,,,,,,,,,,,,,,55.37232533609956,55.36603069678854,,,,,37.4275075,-122.1690737,,,0.8348999994740325,,,,6.81032657623291,,,,,,
119.794563,ATT,3,,0.05,0.13,90.2,0.0,0.0,0.03,,0.12,,,,90.2,,,,,,,,,,,,,,,,,,,,,,
119.794563,XKF1,,,,,,,,,,,,,,,,55.37240063670012,55.36586380004883,,,0.022484460116505265,,,,,,0.850810170173645,-0.01332244603437284,,,,,,-0.013042570091784002,,-0.013042570091784,-0.018315084278583527
119.794563,POS,,,,,,,,,,,,,,,,55.37232533609956,55.36603069678854,,,,,37.4275075,-122.1690737,,,0.8348999994740325,,,,6.760143756866455,,,,,,
119.89452299999999,ATT,3,,0.05,0.12,90.2,0.0,0.0,0.04,,0.11,,,,90.2,,,,,,,,,,,,,,,,,,,,,,
119.89452299999999,XKF1,,,,,,,,,,,,,,,,55.37223288157025,55.365699768066406,,,0.02250480583563523,,,,,,0.850566565990448,-0.013297339809879514,,,,,,-0.013016875833272936,,-0.013016875833272934,-0.018358301371335983
119.89452299999999,POS,,,,,,,,,,,,,,,,55.37232533609956,55.36603069678854,,,,,37.4275075,-122.1690737,,,0.8348999994740325,,,,6.709725856781006,,,,,,
119.994483,ATT,3,,0.05,0.12,90.2,0.0,0.0,0.04,,0.11,,,,90.2,,,,,,,,,,,,,,,,,,,,,,
119.994483,XKF1,,,,,,,,,,,,,,,,55.37228341627395,55.36574935913086,,,0.022345477739083793,,,,,,0.8506283760070801,-0.01321634571860672,,,,,,-0.01293799374252558,,-0.012937993742525578,-0.018218910321593285
119.994483,POS,,,,,,,,,,,,,,,,55.37232533609956,55.36603069678854,,,,,37.4275075,-122.1690737,,,0.8348999994740325,,,,6.659547328948975,,,,,,
120.094443,ATT,3,,0.05,0.12,90.2,0.0,0.0,0.04,,0.11,,,,90.2,,,,,,,,,,,,,,,,,,,,,,
120.094443,XKF1,,,,,,,,,,,,,,,,55.37214247791393,55.3656120300293,,,0.022349218937650326,,,,,,0.8503923416137695,-0.013211983458892514,,,,,,-0.012933588586747648,,-0.012933588586747646,-0.0182266253978014
120.094443,POS,,,,,,,,,,,,,,,,55.37232533609956,55.36603069678854,,,,,37.4275075,-122.1690737,,,0.8348999994740325,,,,6.609103679656982,,,,,,
120.194403,ATT,3,,0.05,0.12,90.2,0.0,0.0,0.03,,0.11,,,,90.19,,,,,,,,,,,,,,,,,,,,,,
120.194403,XKF1,,,,,,,,,,,,,,,,55.372239011346046,55.36570739746094,,,0.022171173457318456,,,,,,0.8504689931869507,-0.01308909791168175,,,,,,-0.012812700122594835,,-0.012812700122594833,-0.018094077706336975
120.194403,POS,,,,,,,,,,,,,,,,55.37232533609956,55.36603069678854,,,,,37.4275075,-122.1690737,,,0.8348999994740325,,,,6.558902740478516,,,,,,
120.294363,ATT,3,,0.04,0.12,90.2,0.0,0.0,0.04,,0.11,,,,90.19,,,,,,,,,,,,,,,,,,,,,,
120.294363,XKF1,,,,,,,,,,,,,,,,55.37189485553815,55.36537170410156,,,0.022428247382391568,,,,,,0.8499152660369873,-0.013267827419099262,,,,,,-0.012988706119358541,,-0.01298870611935854,-0.01828441396355629
120.294363,POS,,,,,,,,,,,,,,,,55.37232533609956,55.36603069678854,,,,,37.4275075,-122.1690737,,,0.8348999994740325,,,,6.508260250091553,,,,,,
120.394323,ATT,3,,0.04,0.12,90.2,0.0,0.0,0.03,,0.11,,,,90.19,,,,,,,,,,,,,,,,,,,,,,
120.394323,XKF1,,,,,,,,,,,,,,,,55.37209702851331,55.365570068359375,,,0.022040164836532088,,,,,,0.8501648902893066,-0.013056468174125946,,,,,,-0.012782299891114237,,-0.012782299891114235,-0.0179549902677536
120.394323,POS,,,,,,,,,,,,,,,,55.37232533609956,55.36603069678854,,,,,37.4275075,-122.1690737,,,0.8348999994740325,,,,6.458176136016846,,,,,,
120.494283,ATT,3,,0.04,0.12,90.2,0.0,0.0,0.03,,0.11,,,,90.19,,,,,,,,,,,,,,,,,,,,,,
120.494283,XKF1,,,,,,,,,,,,,,,,55.371842875365466,55.36532211303711,,,0.02217380596731613,,,,,,0.8497592210769653,-0.013120427181419885,,,,,,-0.012844557873904707,,-0.012844557873904705,-0.018074706196784973
120.494283,POS,,,,,,,,,,,,,,,,55.37232533609956,55.36603069678854,,,,,37.4275075,-122.1690737,,,0.8348999994740325,,,,6.407608985900879,,,,,,
120.59424299999999,ATT,3,,0.04,0.12,90.2,0.0,0.0,0.03,,0.11,,,,90.19,,,,,,,,,,,,,,,,,,,,,,
120.59424299999999,XKF1,,,,,,,,,,,,,,,,55.37211520019018,55.3655891418457,,,0.021747830201019287,,,,,,0.8501062989234924,-0.012832095149999487,,,,,,-0.012561012059450151,,-0.01256101205945015,-0.017753565683960915
120.59424299999999,POS,,,,,,,,,,,,,,,,55.37232533609956,55.36603069678854,,,,,37.4275075,-122.1690737,,,0.8348999994740325,,,,6.35753059387207,,,,,,
120.694203,ATT,3,,0.05,0.12,90.2,0.0,0.0,0.04,,0.11,,,,90.2,,,,,,,,,,,,,,,,,,,,,,
120.694203,XKF1,,,,,,,,,,,,,,,,55.371919468589205,55.36539840698242,,,0.021940061326223042,,,,,,0.8497793078422546,-0.012989516255373921,,,,,,-0.012716631405055525,,-0.012716631405055523,-0.017878858372569084
120.694203,POS,,,,,,,,,,,,,,,,55.37232533609956,55.36603069678854,,,,,37.4275075,-122.1690737,,,0.8348999994740325,,,,6.307017803192139,,,,,,
120.794996,ATT,3,,0.05,0.12,90.2,0.0,0.0,0.04,,0.11,,,,90.2,,,,,,,,,,,,,,,,,,,,,,
120.794996,XKF1,,,,,,,,,,,,,,,,55.372201564694585,55.36568069458008,,,0.021697736802767226,,,,,,0.8497689962387085,-0.012801615033385595,,,,,,-0.012531254440546038,,-0.012531254440546036,-0.017713256180286407
120.794996,POS,,,,,,,,,,,,,,,,55.37232533609956,55.36603069678854,,,,,37.4275075,-122.1690737,,,0.8348999994740325,,,,6.256998062133789,,,,,,
120.894956,ATT,3,,0.05,0.12,90.2,0.0,0.0,0.04,,0.11,,,,90.2,,,,,,,,,,,,,,,,,,,,,,
120.894956,XKF1,,,,,,,,,,,,,,,,55.37233340966011,55.36581802368164,,,0.02162368788782771,,,,,,0.8494126200675964,-0.012727570652697631,,,,,,-0.01245791092514992,,-0.012457910925149918,-0.01767439767718315
120.894956,POS,,,,,,,,,,,,,,,,55.37232533609956,55.36603069678854,,,,,37.4275075,-122.1690737,,,0.8348999994740325,,,,6.206781387329102,,,,,,
120.994916,ATT,3,,0.06,0.12,90.2,0.0,0.0,0.05,,0.11,,,,90.2,,,,,,,,,,,,,,,,,,,,,,
120.994916,XKF1,,,,,,,,,,,,,,,,55.37286372570333,55.36635208129883,,,0.02147055333587642,,,,,,0.8491727709770203,-0.012599480560645214,,,,,,-0.012331390753388407,,-0.012331390753388405,-0.01757616177201271
120.994916,POS,,,,,,,,,,,,,,,,55.37232533609956,55.36603069678854,,,,,37.4275075,-122.1690737,,,0.8348999994740325,,,,6.156757831573486,,,,,,
121.094876,ATT,3,,0.06,0.11,90.2,0.0,0.0,0.05,,0.1,,,,90.2,,,,,,,,,,,,,,,,,,,,,,
121.094876,XKF1,,,,,,,,,,,,,,,,55.37313789314403,55.366634368896484,,,0.021597110766870462,,,,,,0.8486452698707581,-0.012838996954198378,,,,,,-0.01257133111357689,,-0.012571331113576889,-0.017561230808496475
121.094876,POS,,,,,,,,,,,,,,,,55.37232533609956,55.36603069678854,,,,,37.4275075,-122.1690737,,,0.8348999994740325,,,,6.10606575012207,,,,,,
121.194836,ATT,3,,0.07,0.11,90.2,0.0,0.0,0.06,,0.1,,,,90.2,,,,,,,,,,,,,,,,,,,,,,
121.194836,XKF1,,,,,,,,,,,,,,,,55.373720514517444,55.36722183227539,,,0.021450689913202172,,,,,,0.8483337759971619,-0.012898478386090293,,,,,,-0.012634385377168657,,-0.012634385377168655,-0.017335062846541405
121.194836,POS,,,,,,,,,,,,,,,,55.37232533609956,55.36603069678854,,,,,37.4275075,-122.1690737,,,0.8348999994740325,,,,6.056003093719482,,,,,,
121.294796,ATT,3,,0.07,0.1,90.2,0.0,0.0,0.06,,0.09,,,,90.2,,,,,,,,,,,,,,,,,,,,,,
121.294796,XKF1,,,,,,,,,,,,,,,,55.37400606627451,55.367515563964844,,,0.02153015314947808,,,,,,0.847801923751831,-0.013129628607576911,,,,,,-0.012866840697824957,,-0.012866840697824955,-0.017262442037463188
121.294796,POS,,,,,,,,,,,,,,,,55.37232533609956,55.36603069678854,,,,,37.4275075,-122.1690737,,,0.8348999994740325,,,,6.005753517150879,,,,,,
121.394756,ATT,3,,0.07,0.1,90.2,0.0,0.0,0.06,,0.09,,,,90.2,,,,,,,,,,,,,,,,,,,,,,
121.394756,XKF1,,,,,,,,,,,,,,,,55.37453607308027,55.36804962158203,,,0.02129333673721882,,,,,,0.8475413918495178,-0.013202938063794734,,,,,,-0.012945696711540224,,-0.012945696711540222,-0.016906067728996277
121.394756,POS,,,,,,,,,,,,,,,,55.37232533609956,55.36603069678854,,,,,37.4275075,-122.1690737,,,0.8348999994740325,,,,5.955686569213867,,,,,,
121.494716,ATT,3,,0.07,0.1,90.2,0.0,0.0,0.06,,0.09,,,,90.2,,,,,,,,,,,,,,,,,,,,,,
121.494716,XKF1,,,,,,,,,,,,,,,,55.374765597762526,55.3682861328125,,,0.02127983733073994,,,,,,0.8470866084098816,-0.013522026871747797,,,,,,-0.013269090093672277,,-0.013269090093672276,-0.016636187210679054
121.494716,POS,,,,,,,,,,,,,,,,55.37232533609956,55.36603069678854,,,,,37.4275075,-122.1690737,,,0.8348999994740325,,,,5.905413627624512,,,,,,
121.59467599999999,ATT,3,,0.07,0.1,90.2,0.0,0.0,0.06,,0.09,,,,90.2,,,,,,,,,,,,,,,,,,,,,,
121.59467599999999,XKF1,,,,,,,,,,,,,,,,55.37522495043262,55.36874771118164,,,0.021067875942994384,,,,,,0.8469446301460266,-0.013704215964335695,,,,,,-0.013457874767482282,,-0.01345787476748228,-0.01620928756892681
121.59467599999999,POS,,,,,,,,,,,,,,,,55.37232533609956,55.36603069678854,,,,,37.4275075,-122.1690737,,,0.8348999994740325,,,,5.855309009552002,,,,,,
121.694636,ATT,3,,0.07,0.1,90.2,0.0,0.0,0.06,,0.09,,,,90.2,,,,,,,,,,,,,,,,,,,,,,
121.694636,XKF1,,,,,,,,,,,,,,,,55.37537606202252,55.36890411376953,,,0.02104179349417111,,,,,,0.846599817276001,-0.013993988089285892,,,,,,-0.013752113096415998,,-0.013752113096415997,-0.015925968065857887
121.694636,POS,,,,,,,,,,,,,,,,55.37232533609956,55.36603069678854,,,,,37.4275075,-122.1690737,,,0.8348999994740325,,,,5.805025577545166,,,,,,
121.794596,ATT,3,,0.08,0.1,90.2,0.0,0.0,0.07,,0.09,,,,90.2,,,,,,,,,,,,,,,,,,,,,,
121.794596,XKF1,,,,,,,,,,,,,,,,55.37573767325878,55.369266510009766,,,0.020842139926656438,,,,,,0.846551239490509,-0.014147074839777608,,,,,,-0.013911441899836065,,-0.013911441899836063,-0.015519876964390278
121.794596,POS,,,,,,,,,,,,,,,,55.37232533609956,55.36603069678854,,,,,37.4275075,-122.1690737,,,0.8348999994740325,,,,5.754955291748047,,,,,,
121.894556,ATT,3,,0.08,0.1,90.2,0.0,0.0,0.07,,0.09,,,,90.2,,,,,,,,,,,,,,,,,,,,,,
121.894556,XKF1,,,,,,,,,,,,,,,,55.37580233206126,55.36933517456055,,,0.02098117589490934,,,,,,0.8462896943092346,-0.014539566296438267,,,,,,-0.014306695200502874,,-0.014306695200502872,-0.015346928499639034
121.894556,POS,,,,,,,,,,,,,,,,55.37232533609956,55.36603069678854,,,,,37.4275075,-122.1690737,,,0.8348999994740325,,,,5.7046990394592285,,,,,,
121.994516,ATT,3,,0.08,0.1,90.2,0.0,0.0,0.07,,0.09,,,,90.2,,,,,,,,,,,,,,,,,,,,,,
121.994516,XKF1,,,,,,,,,,,,,,,,55.37608511412104,55.3696174621582,,,0.02094009583685044,,,,,,0.8463242053985596,-0.014798770799461763,,,,,,-0.01457062177360058,,-0.014570621773600578,-0.015039434656500816
121.994516,POS,,,,,,,,,,,,,,,,55.37232533609956,55.36603069678854,,,,,37.4275075,-122.1690737,,,0.8348999994740325,,,,5.654621124267578,,,,,,
122.094476,ATT,3,,0.08,0.1,90.2,0.0,0.0,0.07,,0.09,,,,90.2,,,,,,,,,,,,,,,,,,,,,,
122.094476,XKF1,,,,,,,,,,,,,,,,55.37605543407194,55.369590759277344,,,0.021160888936181312,,,,,,0.8461291790008545,-0.01524179484384047,,,,,,-0.015015725977718832,,-0.01501572597771883,-0.014910103753209114
122.094476,POS,,,,,,,,,,,,,,,,55.37232533609956,55.36603069678854,,,,,37.4275075,-122.1690737,,,0.8348999994740325,,,,5.604364395141602,,,,,,
122.194436,ATT,3,,0.08,0.1,90.2,0.0,0.0,0.07,,0.09,,,,90.19,,,,,,,,,,,,,,,,,,,,,,
122.194436,XKF1,,,,,,,,,,,,,,,,55.376243589295754,55.36977767944336,,,0.021069357127550974,,,,,,0.8462114334106445,-0.015425950122961858,,,,,,-0.015204845927655699,,-0.015204845927655697,-0.014585282653570175
122.194436,POS,,,,,,,,,,,,,,,,55.37232533609956,55.36603069678854,,,,,37.4275075,-122.1690737,,,0.8348999994740325,,,,5.55429744720459,,,,,,
122.29439599999999,ATT,3,,0.07,0.1,90.2,0.0,0.0,0.07,,0.09,,,,90.19,,,,,,,,,,,,,,,,,,,,,,
122.29439599999999,XKF1,,,,,,,,,,,,,,,,55.375855787124344,55.3693962097168,,,0.02153608062499264,,,,,,0.8457940220832825,-0.016023031524697983,,,,,,-0.015801377594470978,,-0.015801377594470978,-0.01463281363248825
122.29439599999999,POS,,,,,,,,,,,,,,,,55.37232533609956,55.36603069678854,,,,,37.4275075,-122.1690737,,,0.8348999994740325,,,,5.5038533210754395,,,,,,
122.394356,ATT,3,,0.07,0.1,90.2,0.0,0.0,0.06,,0.08,,,,90.19,,,,,,,,,,,,,,,,,,,,,,
122.394356,XKF1,,,,,,,,,,,,,,,,55.376092365363654,55.36962890625,,,0.021250890269222087,,,,,,0.8460499048233032,-0.016056930459788975,,,,,,-0.01584237813949585,,-0.01584237813949585,-0.014164017513394356
122.394356,POS,,,,,,,,,,,,,,,,55.37232533609956,55.36603069678854,,,,,37.4275075,-122.1690737,,,0.8348999994740325,,,,5.453835487365723,,,,,,
122.494316,ATT,3,,0.07,0.1,90.2,0.0,0.0,0.06,,0.08,,,,90.19,,,,,,,,,,,,,,,,,,,,,,
122.494316,XKF1,,,,,,,,,,,,,,,,55.37574497625613,55.369285583496094,,,0.02143803736995151,,,,,,0.8457810878753662,-0.016387962251092132,,,,,,-0.016174953430891037,,-0.016174953430891037,-0.014069837518036366
122.494316,POS,,,,,,,,,,,,,,,,55.37232533609956,55.36603069678854,,,,,37.4275075,-122.1690737,,,0.8348999994740325,,,,5.403432369232178,,,,,,
122.594276,ATT,3,,0.07,0.1,90.2,0.0,0.0,0.06,,0.09,,,,90.19,,,,,,,,,,,,,,,,,,,,,,
122.594276,XKF1,,,,,,,,,,,,,,,,55.375987539850556,55.36952209472656,,,0.021106006072830835,,,,,,0.8461790680885315,-0.016413080291409757,,,,,,-0.016208400949835777,,-0.016208400949835777,-0.013518551364541054
122.594276,POS,,,,,,,,,,,,,,,,55.37232533609956,55.36603069678854,,,,,37.4275075,-122.1690737,,,0.8348999994740325,,,,5.353460311889648,,,,,,
122.694236,ATT,3,,0.07,0.11,90.2,0.0,0.0,0.06,,0.1,,,,90.19,,,,,,,,,,,,,,,,,,,,,,
122.694236,XKF1,,,,,,,,,,,,,,,,55.37563440469237,55.369171142578125,,,0.02139981037522662,,,,,,0.84603351354599,-0.01677500815468534,,,,,,-0.016570046544075012,,-0.016570046544075012,-0.013541988097131252
122.694236,POS,,,,,,,,,,,,,,,,55.37232533609956,55.36603069678854,,,,,37.4275075,-122.1690737,,,0.8348999994740325,,,,5.3031134605407715,,,,,,
122.794196,ATT,3,,0.06,0.11,90.2,0.0,0.0,0.05,,0.1,,,,90.19,,,,,,,,,,,,,,,,,,,,,,
122.794196,XKF1,,,,,,,,,,,,,,,,55.37583566020448,55.36936569213867,,,0.02117029577369012,,,,,,0.8464738130569458,-0.016697902599944043,,,,,,-0.016497021540999413,,-0.016497021540999413,-0.013267618604004383
122.794196,POS,,,,,,,,,,,,,,,,55.37232533609956,55.36603069678854,,,,,37.4275075,-122.1690737,,,0.8348999994740325,,,,5.25316047668457,,,,,,
122.894989,ATT,3,,0.06,0.11,90.2,0.0,0.0,0.05,,0.1,,,,90.19,,,,,,,,,,,,,,,,,,,,,,
122.894989,XKF1,,,,,,,,,,,,,,,,55.375727285717446,55.36925506591797,,,0.021253882530228068,,,,,,0.8466202616691589,-0.016783622318359875,,,,,,-0.016582299023866653,,-0.016582299023866653,-0.013294919393956661
122.894989,POS,,,,,,,,,,,,,,,,55.37232533609956,55.36603069678854,,,,,37.4275075,-122.1690737,,,0.8348999994740325,,,,5.203014373779297,,,,,,
122.99494899999999,ATT,3,,0.06,0.12,90.2,0.0,0.0,0.06,,0.11,,,,90.19,,,,,,,,,,,,,,,,,,,,,,
122.99494899999999,XKF1,,,,,,,,,,,,,,,,55.37582820469724,55.36935043334961,,,0.02117370360531274,,,,,,0.8469840288162231,-0.01670279014586272,,,,,,-0.01650179736316204,,-0.01650179736316204,-0.01326711755245924
122.99494899999999,POS,,,,,,,,,,,,,,,,55.37232533609956,55.36603069678854,,,,,37.4275075,-122.1690737,,,0.8348999994740325,,,,5.153013706207275,,,,,,
123.094909,ATT,3,,0.06,0.12,90.2,0.0,0.0,0.05,,0.11,,,,90.19,,,,,,,,,,,,,,,,,,,,,,
123.094909,XKF1,,,,,,,,,,,,,,,,55.37564619190165,55.36916732788086,,,0.021383776357366463,,,,,,0.8470540642738342,-0.01681724591892895,,,,,,-0.016613245010375977,,-0.016613245010375977,-0.013463505543768406
123.094909,POS,,,,,,,,,,,,,,,,55.37232533609956,55.36603069678854,,,,,37.4275075,-122.1690737,,,0.8348999994740325,,,,5.10284948348999,,,,,,
123.194869,ATT,3,,0.06,0.12,90.2,0.0,0.0,0.05,,0.11,,,,90.19,,,,,,,,,,,,,,,,,,,,,,
123.194869,XKF1,,,,,,,,,,,,,,,,55.375684821562764,55.36920166015625,,,0.021297815013034224,,,,,,0.8473352193832397,-0.016761270070776317,,,,,,-0.016558246687054634,,-0.016558246687054634,-0.013394827023148537
123.194869,POS,,,,,,,,,,,,,,,,55.37232533609956,55.36603069678854,,,,,37.4275075,-122.1690737,,,0.8348999994740325,,,,5.052440643310547,,,,,,
123.294829,ATT,3,,0.06,0.12,90.2,0.0,0.0,0.05,,0.11,,,,90.19,,,,,,,,,,,,,,,,,,,,,,
123.294829,XKF1,,,,,,,,,,,,,,,,55.37546006351232,55.36897659301758,,,0.021482614267025288,,,,,,0.8473536968231201,-0.01687224211054711,,,,,,-0.01666678488254547,,-0.01666678488254547,-0.013554371893405914
123.294829,POS,,,,,,,,,,,,,,,,55.37232533609956,55.36603069678854,,,,,37.4275075,-122.1690737,,,0.8348999994740325,,,,5.002269268035889,,,,,,
123.394789,ATT,3,,0.06,0.12,90.2,0.0,0.0,0.05,,0.1,,,,90.2,,,,,,,,,,,,,,,,,,,,,,
123.394789,XKF1,,,,,,,,,,,,,,,,55.37546008325265,55.36897277832031,,,0.021482965965285036,,,,,,0.8476042151451111,-0.01686909279251255,,,,,,-0.016663504764437675,,-0.016663504764437675,-0.01355896145105362
123.394789,POS,,,,,,,,,,,,,,,,55.37232533609956,55.36603069678854,,,,,37.4275075,-122.1690737,,,0.8348999994740325,,,,4.952245712280273,,,,,,
123.494749,ATT,3,,0.06,0.12,90.2,0.0,0.0,0.05,,0.11,,,,90.2,,,,,,,,,,,,,,,,,,,,,,
123.494749,XKF1,,,,,,,,,,,,,,,,55.37519658157369,55.368709564208984,,,0.021677840331496792,,,,,,0.8475834131240845,-0.01697431232119676,,,,,,-0.01676594465970993,,-0.01676594465970993,-0.013741610571742058
123.494749,POS,,,,,,,,,,,,,,,,55.37232533609956,55.36603069678854,,,,,37.4275075,-122.1690737,,,0.8348999994740325,,,,4.902029514312744,,,,,,
123.594709,ATT,3,,0.06,0.12,90.2,0.0,0.0,0.05,,0.11,,,,90.2,,,,,,,,,,,,,,,,,,,,,,
123.594709,XKF1,,,,,,,,,,,,,,,,55.375184625767204,55.36869430541992,,,0.021538489461610036,,,,,,0.8477990627288818,-0.016808821449283796,,,,,,-0.01660066470503807,,-0.01660066470503807,-0.01372313592582941
123.594709,POS,,,,,,,,,,,,,,,,55.37232533609956,55.36603069678854,,,,,37.4275075,-122.1690737,,,0.8348999994740325,,,,4.852015972137451,,,,,,
123.694669,ATT,3,,0.05,0.12,90.2,0.0,0.0,0.04,,0.1,,,,90.2,,,,,,,,,,,,,,,,,,,,,,
123.694669,XKF1,,,,,,,,,,,,,,,,55.37492452946917,55.36843490600586,,,0.021622745376176436,,,,,,0.8477515578269958,-0.01681029394299301,,,,,,-0.016600118950009346,,-0.016600118950009346,-0.013855654746294022
123.694669,POS,,,,,,,,,,,,,,,,55.37232533609956,55.36603069678854,,,,,37.4275075,-122.1690737,,,0.8348999994740325,,,,4.801851272583008,,,,,,
123.794629,ATT,3,,0.05,0.12,90.2,0.0,0.0,0.04,,0.11,,,,90.2,,,,,,,,,,,,,,,,,,,,,,
123.794629,XKF1,,,,,,,,,,,,,,,,55.37493895371737,55.368446350097656,,,0.021469523385341426,,,,,,0.847946286201477,-0.01658279219974374,,,,,,-0.016372036188840866,,-0.016372036188840866,-0.013888731598854065
123.794629,POS,,,,,,,,,,,,,,,,55.37232533609956,55.36603069678854,,,,,37.4275075,-122.1690737,,,0.8348999994740325,,,,4.751825332641602,,,,,,
123.894589,ATT,3,,0.05,0.12,90.2,0.0,0.0,0.04,,0.11,,,,90.2,,,,,,,,,,,,,,,,,,,,,,
123.894589,XKF1,,,,,,,,,,,,,,,,55.37471280588689,55.368221282958984,,,0.021549688247435955,,,,,,0.8478739857673645,-0.016474535973751377,,,,,,-0.016259901225566864,,-0.016259901225566864,-0.014142300933599472
123.894589,POS,,,,,,,,,,,,,,,,55.37232533609956,55.36603069678854,,,,,37.4275075,-122.1690737,,,0.8348999994740325,,,,4.701636791229248,,,,,,
123.99454899999999,ATT,3,,0.05,0.12,90.2,0.0,0.0,0.04,,0.11,,,,90.2,,,,,,,,,,,,,,,,,,,,,,
123.99454899999999,XKF1,,,,,,,,,,,,,,,,55.374761096931685,55.36826705932617,,,0.02143884485115074,,,,,,0.8480385541915894,-0.016262586622128303,,,,,,-0.016046740114688873,,-0.016046740114688873,-0.01421710941940546
123.99454899999999,POS,,,,,,,,,,,,,,,,55.37232533609956,55.36603069678854,,,,,37.4275075,-122.1690737,,,0.8348999994740325,,,,4.651580333709717,,,,,,
124.094509,ATT,3,,0.05,0.12,90.2,0.0,0.0,0.04,,0.11,,,,90.2,,,,,,,,,,,,,,,,,,,,,,
124.094509,XKF1,,,,,,,,,,,,,,,,55.3745611868933,55.36806869506836,,,0.021565834188549036,,,,,,0.8479360938072205,-0.016218463376089082,,,,,,-0.015998901799321175,,-0.015998901799321175,-0.014460993930697441
124.094509,POS,,,,,,,,,,,,,,,,55.37232533609956,55.36603069678854,,,,,37.4275075,-122.1690737,,,0.8348999994740325,,,,4.601388454437256,,,,,,
124.194469,ATT,3,,0.05,0.12,90.2,0.0,0.0,0.04,,0.11,,,,90.2,,,,,,,,,,,,,,,,,,,,,,
124.194469,XKF1,,,,,,,,,,,,,,,,55.37463201399704,55.36813735961914,,,0.021423746350028423,,,,,,0.8480778336524963,-0.015988847495077133,,,,,,-0.015768583863973618,,-0.015768583863973618,-0.014502712525427341
124.194469,POS,,,,,,,,,,,,,,,,55.37232533609956,55.36603069678854,,,,,37.4275075,-122.1690737,,,0.8348999994740325,,,,4.551352500915527,,,,,,
124.294429,ATT,3,,0.05,0.12,90.2,0.0,0.0,0.04,,0.11,,,,90.2,,,,,,,,,,,,,,,,,,,,,,
124.294429,XKF1,,,,,,,,,,,,,,,,55.37446236140288,55.36796951293945,,,0.021470622138020343,,,,,,0.8479586243629456,-0.0158791002824903,,,,,,-0.015655942261219025,,-0.015655942261219025,-0.014692824333906174
124.294429,POS,,,,,,,,,,,,,,,,55.37232533609956,55.36603069678854,,,,,37.4275075,-122.1690737,,,0.8348999994740325,,,,4.501147747039795,,,,,,
124.394389,ATT,3,,0.05,0.12,90.2,0.0,0.0,0.04,,0.11,,,,90.2,,,,,,,,,,,,,,,,,,,,,,
124.394389,XKF1,,,,,,,,,,,,,,,,55.37456361766814,55.36806869506836,,,0.02127872750531387,,,,,,0.8480948209762573,-0.015616627852398401,,,,,,-0.015393431298434736,,-0.015393431298434734,-0.014691035263240337
124.394389,POS,,,,,,,,,,,,,,,,55.37232533609956,55.36603069678854,,,,,37.4275075,-122.1690737,,,0.8348999994740325,,,,4.45105504989624,,,,,,
124.494349,ATT,3,,0.05,0.12,90.2,0.0,0.0,0.04,,0.11,,,,90.2,,,,,,,,,,,,,,,,,,,,,,
124.494349,XKF1,,,,,,,,,,,,,,,,55.374137791109064,55.36764907836914,,,0.021644993938274182,,,,,,0.8476860523223877,-0.015761722072671097,,,,,,-0.015532777644693853,,-0.015532777644693851,-0.01507443469017744
124.494349,POS,,,,,,,,,,,,,,,,55.37232533609956,55.36603069678854,,,,,37.4275075,-122.1690737,,,0.8348999994740325,,,,4.400683403015137,,,,,,
124.594309,ATT,3,,0.05,0.12,90.2,0.0,0.0,0.04,,0.1,,,,90.2,,,,,,,,,,,,,,,,,,,,,,
124.594309,XKF1,,,,,,,,,,,,,,,,55.374389192428005,55.367897033691406,,,0.02129674109607826,,,,,,0.8479130268096924,-0.015440422957566988,,,,,,-0.015214013867080213,,-0.015214013867080212,-0.014902515336871147
124.594309,POS,,,,,,,,,,,,,,,,55.37232533609956,55.36603069678854,,,,,37.4275075,-122.1690737,,,0.8348999994740325,,,,4.350841522216797,,,,,,
124.69426899999999,ATT,3,,0.05,0.12,90.2,0.0,0.0,0.04,,0.1,,,,90.2,,,,,,,,,,,,,,,,,,,,,,
124.69426899999999,XKF1,,,,,,,,,,,,,,,,55.374090581253874,55.36760330200195,,,0.021473769996135043,,,,,,0.8475920557975769,-0.015526094819809377,,,,,,-0.015297208912670614,,-0.015297208912670612,-0.01507044117897749
124.69426899999999,POS,,,,,,,,,,,,,,,,55.37232533609956,55.36603069678854,,,,,37.4275075,-122.1690737,,,0.8348999994740325,,,,4.300714015960693,,,,,,
124.794229,ATT,3,,0.05,0.12,90.2,0.0,0.0,0.04,,0.1,,,,90.19,,,,,,,,,,,,,,,,,,,,,,
124.794229,XKF1,,,,,,,,,,,,,,,,55.37441167908968,55.367919921875,,,0.021156718841230198,,,,,,0.8478869795799255,-0.015288316731440729,,,,,,-0.015062596648931505,,-0.015062596648931503,-0.014856814406812191
124.794229,POS,,,,,,,,,,,,,,,,55.37232533609956,55.36603069678854,,,,,37.4275075,-122.1690737,,,0.8348999994740325,,,,4.25093936920166,,,,,,
124.894189,ATT,3,,0.05,0.12,90.2,0.0,0.0,0.05,,0.11,,,,90.19,,,,,,,,,,,,,,,,,,,,,,
124.894189,XKF1,,,,,,,,,,,,,,,,55.37416344523801,55.36767578125,,,0.02144969457114629,,,,,,0.8476177453994751,-0.015464939039553682,,,,,,-0.015235609374940397,,-0.015235609374940395,-0.015098529867827892
124.894189,POS,,,,,,,,,,,,,,,,55.37232533609956,55.36603069678854,,,,,37.4275075,-122.1690737,,,0.8348999994740325,,,,4.200834274291992,,,,,,
124.994982,ATT,3,,0.05,0.12,90.2,0.0,0.0,0.05,,0.11,,,,90.19,,,,,,,,,,,,,,,,,,,,,,
124.994982,XKF1,,,,,,,,,,,,,,,,55.374184121046326,55.36769104003906,,,0.021242716938547825,,,,,,0.8479716777801514,-0.015370687617002428,,,,,,-0.015144348144531252,,-0.01514434814453125,-0.014896366745233536
124.994982,POS,,,,,,,,,,,,,,,,55.37232533609956,55.36603069678854,,,,,37.4275075,-122.1690737,,,0.8348999994740325,,,,4.151051044464111,,,,,,
125.094942,ATT,3,,0.05,0.12,90.2,0.0,0.0,0.04,,0.11,,,,90.19,,,,,,,,,,,,,,,,,,,,,,
125.094942,XKF1,,,,,,,,,,,,,,,,55.37390646944738,55.36741256713867,,,0.0213490509167879,,,,,,0.8480231761932373,-0.015483689740854012,,,,,,-0.015256778337061407,,-0.015256778337061405,-0.014933609403669834
125.094942,POS,,,,,,,,,,,,,,,,55.37232533609956,55.36603069678854,,,,,37.4275075,-122.1690737,,,0.8348999994740325,,,,4.1011061668396,,,,,,
125.194902,ATT,3,,0.05,0.13,90.2,0.0,0.0,0.04,,0.11,,,,90.19,,,,,,,,,,,,,,,,,,,,,,
125.194902,XKF1,,,,,,,,,,,,,,,,55.373723836587345,55.367225646972656,,,0.021265750995575053,,,,,,0.8483016490936279,-0.015465847456975315,,,,,,-0.015240429900586607,,-0.015240429900586605,-0.014831097796559334
125.194902,POS,,,,,,,,,,,,,,,,55.37232533609956,55.36603069678854,,,,,37.4275075,-122.1690737,,,0.8348999994740325,,,,4.051272392272949,,,,,,
125.294862,ATT,3,,0.04,0.12,90.2,0.0,0.0,0.04,,0.11,,,,90.19,,,,,,,,,,,,,,,,,,,,,,
125.294862,XKF1,,,,,,,,,,,,,,,,55.373288615842675,55.366790771484375,,,0.021475259053786028,,,,,,0.8482757806777954,-0.015573894435693564,,,,,,-0.01534554921090603,,-0.015345549210906029,-0.015023344196379185
125.294862,POS,,,,,,,,,,,,,,,,55.37232533609956,55.36603069678854,,,,,37.4275075,-122.1690737,,,0.8348999994740325,,,,4.000833988189697,,,,,,
125.394822,ATT,3,,0.04,0.13,90.2,0.0,0.0,0.03,,0.12,,,,90.19,,,,,,,,,,,,,,,,,,,,,,
125.394822,XKF1,,,,,,,,,,,,,,,,55.373036327690855,55.36653518676758,,,0.02134708197754274,,,,,,0.848488986492157,-0.01535422302206628,,,,,,-0.015125169418752195,,-0.015125169418752193,-0.015064101666212082
125.394822,POS,,,,,,,,,,,,,,,,55.37232533609956,55.36603069678854,,,,,37.4275075,-122.1690737,,,0.8348999994740325,,,,3.9508719444274902,,,,,,
125.494782,ATT,3,,0.03,0.12,90.2,0.0,0.0,0.03,,0.12,,,,90.19,,,,,,,,,,,,,,,,,,,,,,
125.494782,XKF1,,,,,,,,,,,,,,,,55.372592724919805,55.366092681884766,,,0.021420689968544564,,,,,,0.8484139442443848,-0.015233326091297494,,,,,,-0.015000795945525171,,-0.01500079594552517,-0.015291241928935051
125.494782,POS,,,,,,,,,,,,,,,,55.37232533609956,55.36603069678854,,,,,37.4275075,-122.1690737,,,0.8348999994740325,,,,3.9007673263549805,,,,,,
125.594742,ATT,3,,0.03,0.12,90.2,0.0,0.0,0.03,,0.12,,,,90.19,,,,,,,,,,,,,,,,,,,,,,
125.594742,XKF1,,,,,,,,,,,,,,,,55.37236256832583,55.36585998535156,,,0.021308456569745733,,,,,,0.8485779166221619,-0.015021813065314445,,,,,,-0.014788446947932245,,-0.014788446947932243,-0.015341191552579403
125.594742,POS,,,,,,,,,,,,,,,,55.37232533609956,55.36603069678854,,,,,37.4275075,-122.1690737,,,0.8348999994740325,,,,3.8507957458496094,,,,,,
125.69470199999999,ATT,3,,0.03,0.12,90.2,0.0,0.0,0.03,,0.11,,,,90.19,,,,,,,,,,,,,,,,,,,,,,
125.69470199999999,XKF1,,,,,,,,,,,,,,,,55.37196390894411,55.36546325683594,,,0.021370681379277195,,,,,,0.8484488725662231,-0.01485762204397944,,,,,,-0.014620507135987284,,-0.014620507135987282,-0.015586750581860542
125.69470199999999,POS,,,,,,,,,,,,,,,,55.37232533609956,55.36603069678854,,,,,37.4275075,-122.1690737,,,0.8348999994740325,,,,3.800694465637207,,,,,,
125.79466199999999,ATT,3,,0.03,0.12,90.2,0.0,0.0,0.03,,0.11,,,,90.2,,,,,,,,,,,,,,,,,,,,,,
125.79466199999999,XKF1,,,,,,,,,,,,,,,,55.37181286154013,55.36531066894531,,,0.0212168707331473,,,,,,0.8485482335090637,-0.014633656422656838,,,,,,-0.014396511949598791,,-0.01439651194959879,-0.015585122630000114
125.79466199999999,POS,,,,,,,,,,,,,,,,55.37232533609956,55.36603069678854,,,,,37.4275075,-122.1690737,,,0.8348999994740325,,,,3.75073504447937,,,,,,
125.894622,ATT,3,,0.03,0.12,90.2,0.0,0.0,0.02,,0.11,,,,90.2,,,,,,,,,,,,,,,,,,,,,,
125.894622,XKF1,,,,,,,,,,,,,,,,55.371489849740065,55.364990234375,,,0.021166125892346874,,,,,,0.8483775854110718,-0.014409290000905217,,,,,,-0.014170051552355291,,-0.01417005155235529,-0.015723057091236115
125.894622,POS,,,,,,,,,,,,,,,,55.37232533609956,55.36603069678854,,,,,37.4275075,-122.1690737,,,0.8348999994740325,,,,3.7006070613861084,,,,,,
125.99458200000001,ATT,3,,0.03,0.12,90.2,0.0,0.0,0.02,,0.11,,,,90.2,,,,,,,,,,,,,,,,,,,,,,
125.99458200000001,XKF1,,,,,,,,,,,,,,,,55.37141485704541,55.36491394042969,,,0.020888561930633723,,,,,,0.848461925983429,-0.014061415904339751,,,,,,-0.013823069632053377,,-0.013823069632053375,-0.015660611912608147
125.99458200000001,POS,,,,,,,,,,,,,,,,55.37232533609956,55.36603069678854,,,,,37.4275075,-122.1690737,,,0.8348999994740325,,,,3.6505987644195557,,,,,,
126.09454199999999,ATT,3,,0.03,0.12,90.2,0.0,0.0,0.02,,0.11,,,,90.2,,,,,,,,,,,,,,,,,,,,,,
126.09454199999999,XKF1,,,,,,,,,,,,,,,,55.37116799259221,55.36466979980469,,,0.02085667546286457,,,,,,0.8482822775840759,-0.013887273899392406,,,,,,-0.013647250831127168,,-0.013647250831127167,-0.01577191986143589
126.09454199999999,POS,,,,,,,,,,,,,,,,55.37232533609956,55.36603069678854,,,,,37.4275075,-122.1690737,,,0.8348999994740325,,,,3.600486993789673,,,,,,
126.194502,ATT,3,,0.03,0.12,90.2,0.0,0.0,0.02,,0.11,,,,90.2,,,,,,,,,,,,,,,,,,,,,,
126.194502,XKF1,,,,,,,,,,,,,,,,55.371184558184005,55.36468505859375,,,0.02051099432405982,,,,,,0.8483676910400391,-0.013535520499426149,,,,,,-0.013297816738486292,,-0.01329781673848629,-0.015616304241120815
126.194502,POS,,,,,,,,,,,,,,,,55.37232533609956,55.36603069678854,,,,,37.4275075,-122.1690737,,,0.8348999994740325,,,,3.5505166053771973,,,,,,
126.29446200000001,ATT,3,,0.03,0.12,90.2,0.0,0.0,0.02,,0.1,,,,90.2,,,,,,,,,,,,,,,,,,,,,,
126.29446200000001,XKF1,,,,,,,,,,,,,,,,55.37102353234239,55.364524841308594,,,0.020342790176468353,,,,,,0.8483136892318726,-0.01331186609583128,,,,,,-0.013074634596705438,,-0.013074634596705437,-0.015584705397486687
126.29446200000001,POS,,,,,,,,,,,,,,,,55.37232533609956,55.36603069678854,,,,,37.4275075,-122.1690737,,,0.8348999994740325,,,,3.500387191772461,,,,,,
126.39442199999999,ATT,3,,0.03,0.13,90.2,0.0,0.0,0.03,,0.12,,,,90.2,,,,,,,,,,,,,,,,,,,,,,
126.39442199999999,XKF1,,,,,,,,,,,,,,,,55.37110711838045,55.364601135253906,,,0.019974769990287005,,,,,,0.8487901091575623,-0.012995283365281548,,,,,,-0.012761221267282965,,-0.012761221267282963,-0.01536693423986435
126.39442199999999,POS,,,,,,,,,,,,,,,,55.37232533609956,55.36603069678854,,,,,37.4275075,-122.1690737,,,0.8348999994740325,,,,3.450331687927246,,,,,,
126.494382,ATT,3,,0.03,0.13,90.2,0.0,0.0,0.03,,0.12,,,,90.2,,,,,,,,,,,,,,,,,,,,,,
126.494382,XKF1,,,,,,,,,,,,,,,,55.37076505193459,55.364261627197266,,,0.020362390601338563,,,,,,0.848620593547821,-0.013063547288588334,,,,,,-0.012822625227272512,,-0.01282262522727251,-0.01581794023513794
126.494382,POS,,,,,,,,,,,,,,,,55.37232533609956,55.36603069678854,,,,,37.4275075,-122.1690737,,,0.8348999994740325,,,,3.4000234603881836,,,,,,
126.59434200000001,ATT,3,,0.03,0.13,90.2,0.0,0.0,0.03,,0.12,,,,90.2,,,,,,,,,,,,,,,,,,,,,,
126.59434200000001,XKF1,,,,,,,,,,,,,,,,55.37098592301983,55.364471435546875,,,0.02005874631772791,,,,,,0.8493437170982361,-0.01278066097656718,,,,,,-0.01254201587289572,,-0.012542015872895718,-0.01565410941839218
126.59434200000001,POS,,,,,,,,,,,,,,,,55.37232533609956,55.36603069678854,,,,,37.4275075,-122.1690737,,,0.8348999994740325,,,,3.350003957748413,,,,,,
126.694302,ATT,3,,0.03,0.13,90.2,0.0,0.0,0.03,,0.12,,,,90.2,,,,,,,,,,,,,,,,,,,,,,
126.694302,XKF1,,,,,,,,,,,,,,,,55.370757145827056,55.36424255371094,,,0.02029106614741083,,,,,,0.849348783493042,-0.012727435640456714,,,,,,-0.012483528815209867,,-0.012483528815209866,-0.015996526926755905
126.694302,POS,,,,,,,,,,,,,,,,55.37232533609956,55.36603069678854,,,,,37.4275075,-122.1690737,,,0.8348999994740325,,,,3.2997288703918457,,,,,,
126.794262,ATT,3,,0.04,0.14,90.2,0.0,0.0,0.03,,0.13,,,,90.2,,,,,,,,,,,,,,,,,,,,,,
126.794262,XKF1,,,,,,,,,,,,,,,,55.37105575996696,55.36452865600586,,,0.019994363007015497,,,,,,0.8501662611961365,-0.01248924765115545,,,,,,-0.012248040176928045,,-0.012248040176928043,-0.015803799033164978
126.794262,POS,,,,,,,,,,,,,,,,55.37232533609956,55.36603069678854,,,,,37.4275075,-122.1690737,,,0.8348999994740325,,,,3.2497196197509766,,,,,,
126.89422199999998,ATT,3,,0.04,0.14,90.2,0.0,0.0,0.03,,0.13,,,,90.2,,,,,,,,,,,,,,,,,,,,,,
126.89422199999998,XKF1,,,,,,,,,,,,,,,,55.37088508162137,55.364356994628906,,,0.020420839163684264,,,,,,0.8502289652824402,-0.012577052354943852,,,,,,-0.012328533455729486,,-0.012328533455729485,-0.016279371455311775
126.89422199999998,POS,,,,,,,,,,,,,,,,55.37232533609956,55.36603069678854,,,,,37.4275075,-122.1690737,,,0.8348999994740325,,,,3.1994330883026123,,,,,,
126.994182,ATT,3,,0.04,0.15,90.2,0.0,0.0,0.03,,0.13,,,,90.2,,,,,,,,,,,,,,,,,,,,,,
126.994182,XKF1,,,,,,,,,,,,,,,,55.371205732102666,55.36466598510742,,,0.020265046927961987,,,,,,0.850990355014801,-0.012313524977498738,,,,,,-0.012064709328114988,,-0.012064709328114986,-0.016282349824905396
126.994182,POS,,,,,,,,,,,,,,,,55.37232533609956,55.36603069678854,,,,,37.4275075,-122.1690737,,,0.8348999994740325,,,,3.149428606033325,,,,,,
127.094975,ATT,3,,0.04,0.15,90.2,0.0,0.0,0.03,,0.13,,,,90.2,,,,,,,,,,,,,,,,,,,,,,
127.094975,XKF1,,,,,,,,,,,,,,,,55.371170333504786,55.364627838134766,,,0.020541688806938477,,,,,,0.8511688709259033,-0.01231618547825698,,,,,,-0.012062014080584051,,-0.01206201408058405,-0.016627350822091103
127.094975,POS,,,,,,,,,,,,,,,,55.37232533609956,55.36603069678854,,,,,37.4275075,-122.1690737,,,0.8348999994740325,,,,3.099266529083252,,,,,,
127.19493499999999,ATT,3,,0.04,0.15,90.2,0.0,0.0,0.04,,0.14,,,,90.2,,,,,,,,,,,,,,,,,,,,,,
127.19493499999999,XKF1,,,,,,,,,,,,,,,,55.37145471261319,55.36490249633789,,,0.020488942056657435,,,,,,0.8518031239509583,-0.012125641943416763,,,,,,-0.011870140209794046,,-0.011870140209794044,-0.016700195148587227
127.19493499999999,POS,,,,,,,,,,,,,,,,55.37232533609956,55.36603069678854,,,,,37.4275075,-122.1690737,,,0.8348999994740325,,,,3.0492916107177734,,,,,,
127.294895,ATT,3,,0.04,0.15,90.2,0.0,0.0,0.04,,0.14,,,,90.2,,,,,,,,,,,,,,,,,,,,,,
127.294895,XKF1,,,,,,,,,,,,,,,,55.37138692912956,55.36483383178711,,,0.02094023601157429,,,,,,0.8518598675727844,-0.012242493034283706,,,,,,-0.011979682371020319,,-0.011979682371020317,-0.01717500202357769
127.294895,POS,,,,,,,,,,,,,,,,55.37232533609956,55.36603069678854,,,,,37.4275075,-122.1690737,,,0.8348999994740325,,,,2.99912691116333,,,,,,
127.394855,ATT,3,,0.04,0.15,90.2,0.0,0.0,0.04,,0.14,,,,90.2,,,,,,,,,,,,,,,,,,,,,,
127.394855,XKF1,,,,,,,,,,,,,,,,55.37161918276673,55.36505889892578,,,0.021106948280693327,,,,,,0.8523285984992981,-0.012164061635562261,,,,,,-0.011897103860974314,,-0.011897103860974312,-0.017434511333703995
127.394855,POS,,,,,,,,,,,,,,,,55.37232533609956,55.36603069678854,,,,,37.4275075,-122.1690737,,,0.8348999994740325,,,,2.948723554611206,,,,,,
127.49481499999999,ATT,3,,0.04,0.15,90.2,0.0,0.0,0.04,,0.14,,,,90.19,,,,,,,,,,,,,,,,,,,,,,
127.49481499999999,XKF1,,,,,,,,,,,,,,,,55.37152242203408,55.36496353149414,,,0.021640955349285507,,,,,,0.852237343788147,-0.01231341079516287,,,,,,-0.012038043700158598,,-0.012038043700158596,-0.017983783036470413
127.49481499999999,POS,,,,,,,,,,,,,,,,55.37232533609956,55.36603069678854,,,,,37.4275075,-122.1690737,,,0.8348999994740325,,,,2.8985424041748047,,,,,,
127.594775,ATT,3,,0.04,0.15,90.2,0.0,0.0,0.03,,0.14,,,,90.19,,,,,,,,,,,,,,,,,,,,,,
127.594775,XKF1,,,,,,,,,,,,,,,,55.37177549094345,55.365211486816406,,,0.021760359771535485,,,,,,0.852571427822113,-0.012161227407452409,,,,,,-0.011881944723427297,,-0.011881944723427296,-0.01822999306023121
127.594775,POS,,,,,,,,,,,,,,,,55.37232533609956,55.36603069678854,,,,,37.4275075,-122.1690737,,,0.8348999994740325,,,,2.848572254180908,,,,,,
127.69473500000001,ATT,3,,0.04,0.14,90.2,0.0,0.0,0.04,,0.14,,,,90.19,,,,,,,,,,,,,,,,,,,,,,
127.69473500000001,XKF1,,,,,,,,,,,,,,,,55.37169202684969,55.36513137817383,,,0.022251964511647397,,,,,,0.8523528575897217,-0.01220458019100503,,,,,,-0.01191672030836344,,-0.011916720308363438,-0.018792064860463142
127.69473500000001,POS,,,,,,,,,,,,,,,,55.37232533609956,55.36603069678854,,,,,37.4275075,-122.1690737,,,0.8348999994740325,,,,2.7984349727630615,,,,,,
127.79469499999999,ATT,3,,0.04,0.14,90.2,0.0,0.0,0.04,,0.13,,,,90.19,,,,,,,,,,,,,,,,,,,,,,
127.79469499999999,XKF1,,,,,,,,,,,,,,,,55.37195912261007,55.365394592285156,,,0.02222867852128518,,,,,,0.852607011795044,-0.012054181469152752,,,,,,-0.011765175499022009,,-0.011765175499022007,-0.018859872594475746
127.79469499999999,POS,,,,,,,,,,,,,,,,55.37232533609956,55.36603069678854,,,,,37.4275075,-122.1690737,,,0.8348999994740325,,,,2.7484705448150635,,,,,,
127.894655,ATT,3,,0.04,0.14,90.2,0.0,0.0,0.04,,0.13,,,,90.19,,,,,,,,,,,,,,,,,,,,,,
127.894655,XKF1,,,,,,,,,,,,,,,,55.37187851291376,55.365318298339844,,,0.02264355635522138,,,,,,0.8523260951042175,-0.012195154569257976,,,,,,-0.01190003100782633,,-0.011900031007826328,-0.019264472648501396
127.894655,POS,,,,,,,,,,,,,,,,55.37232533609956,55.36603069678854,,,,,37.4275075,-122.1690737,,,0.8348999994740325,,,,2.6983225345611572,,,,,,
127.99461500000001,ATT,3,,0.04,0.14,90.2,0.0,0.0,0.03,,0.13,,,,90.19,,,,,,,,,,,,,,,,,,,,,,
127.99461500000001,XKF1,,,,,,,,,,,,,,,,55.37213323982864,55.365570068359375,,,0.02258985649173004,,,,,,0.8525201082229614,-0.012067254797726535,,,,,,-0.01177180837839842,,-0.011771808378398418,-0.019280200824141502
127.99461500000001,POS,,,,,,,,,,,,,,,,55.37232533609956,55.36603069678854,,,,,37.4275075,-122.1690737,,,0.8348999994740325,,,,2.6483473777770996,,,,,,
128.094575,ATT,3,,0.04,0.14,90.2,0.0,0.0,0.03,,0.13,,,,90.19,,,,,,,,,,,,,,,,,,,,,,
128.094575,XKF1,,,,,,,,,,,,,,,,55.372048020991954,55.3654899597168,,,0.022890538874731185,,,,,,0.8521875143051147,-0.012164974278169219,,,,,,-0.011865110136568548,,-0.011865110136568546,-0.019575390964746475
128.094575,POS,,,,,,,,,,,,,,,,55.37232533609956,55.36603069678854,,,,,37.4275075,-122.1690737,,,0.8348999994740325,,,,2.5982017517089844,,,,,,
128.194535,ATT,3,,0.05,0.14,90.2,0.0,0.0,0.04,,0.13,,,,90.19,,,,,,,,,,,,,,,,,,,,,,
128.194535,XKF1,,,,,,,,,,,,,,,,55.37229052572392,55.36573028564453,,,0.0227673762460937,,,,,,0.8523309230804443,-0.012085868719763315,,,,,,-0.011787438765168192,,-0.01178743876516819,-0.019478442147374153
128.194535,POS,,,,,,,,,,,,,,,,55.37232533609956,55.36603069678854,,,,,37.4275075,-122.1690737,,,0.8348999994740325,,,,2.5482237339019775,,,,,,
128.294495,ATT,3,,0.05,0.13,90.2,0.0,0.0,0.04,,0.12,,,,90.19,,,,,,,,,,,,,,,,,,,,,,
128.294495,XKF1,,,,,,,,,,,,,,,,55.37219333429395,55.365638732910156,,,0.023026892430042818,,,,,,0.8519638180732727,-0.012196542702024185,,,,,,-0.011894583702087404,,-0.011894583702087402,-0.019716912880539894
128.294495,POS,,,,,,,,,,,,,,,,55.37232533609956,55.36603069678854,,,,,37.4275075,-122.1690737,,,0.8348999994740325,,,,2.4980661869049072,,,,,,
128.394455,ATT,3,,0.05,0.13,90.2,0.0,0.0,0.03,,0.12,,,,90.19,,,,,,,,,,,,,,,,,,,,,,
128.394455,XKF1,,,,,,,,,,,,,,,,55.37242418108786,55.365867614746094,,,0.022912583141513964,,,,,,0.8520932793617249,-0.01215696102284911,,,,,,-0.011856655590236189,,-0.011856655590236187,-0.019606279209256172
128.394455,POS,,,,,,,,,,,,,,,,55.37232533609956,55.36603069678854,,,,,37.4275075,-122.1690737,,,0.8348999994740325,,,,2.448063373565674,,,,,,
128.494415,ATT,3,,0.05,0.13,90.2,0.0,0.0,0.04,,0.12,,,,90.19,,,,,,,,,,,,,,,,,,,,,,
128.494415,XKF1,,,,,,,,,,,,,,,,55.37231161598694,55.365760803222656,,,0.023120372104411906,,,,,,0.8517184853553772,-0.012245266123355223,,,,,,-0.011942162178456785,,-0.011942162178456783,-0.01979738287627697
128.494415,POS,,,,,,,,,,,,,,,,55.37232533609956,55.36603069678854,,,,,37.4275075,-122.1690737,,,0.8348999994740325,,,,2.397904872894287,,,,,,
128.59437499999999,ATT,3,,0.05,0.13,90.2,0.0,0.0,0.04,,0.12,,,,90.19,,,,,,,,,,,,,,,,,,,,,,
128.59437499999999,XKF1,,,,,,,,,,,,,,,,55.37253119003588,55.3659782409668,,,0.022926076459171045,,,,,,0.8518590331077576,-0.012180935360245653,,,,,,-0.011880696751177313,,-0.011880696751177311,-0.01960749924182892
128.59437499999999,POS,,,,,,,,,,,,,,,,55.37232533609956,55.36603069678854,,,,,37.4275075,-122.1690737,,,0.8348999994740325,,,,2.3479220867156982,,,,,,
128.694335,ATT,3,,0.05,0.13,90.2,0.0,0.0,0.04,,0.12,,,,90.19,,,,,,,,,,,,,,,,,,,,,,
128.694335,XKF1,,,,,,,,,,,,,,,,55.37228640350859,55.36574172973633,,,0.023254813085882977,,,,,,0.8513191342353821,-0.012507210126524834,,,,,,-0.012204315513372423,,-0.012204315513372421,-0.019794974476099014
128.694335,POS,,,,,,,,,,,,,,,,55.37232533609956,55.36603069678854,,,,,37.4275075,-122.1690737,,,0.8348999994740325,,,,2.297719717025757,,,,,,
128.794295,ATT,3,,0.05,0.13,90.2,0.0,0.0,0.04,,0.12,,,,90.19,,,,,,,,,,,,,,,,,,,,,,
128.794295,XKF1,,,,,,,,,,,,,,,,55.3725148681102,55.365966796875,,,0.023041545960380144,,,,,,0.8515418171882629,-0.012501562229028639,,,,,,-0.012202431447803976,,-0.012202431447803974,-0.019545165821909904
128.794295,POS,,,,,,,,,,,,,,,,55.37232533609956,55.36603069678854,,,,,37.4275075,-122.1690737,,,0.8348999994740325,,,,2.247715473175049,,,,,,
128.894255,ATT,3,,0.05,0.13,90.2,0.0,0.0,0.04,,0.11,,,,90.19,,,,,,,,,,,,,,,,,,,,,,
128.894255,XKF1,,,,,,,,,,,,,,,,55.37227509256447,55.3657341003418,,,0.02323573614314719,,,,,,0.8510795831680298,-0.012731589784112795,,,,,,-0.012431332841515543,,-0.012431332841515541,-0.01963062398135662
128.894255,POS,,,,,,,,,,,,,,,,55.37232533609956,55.36603069678854,,,,,37.4275075,-122.1690737,,,0.8348999994740325,,,,2.197511911392212,,,,,,
128.994215,ATT,3,,0.05,0.12,90.2,0.0,0.0,0.04,,0.11,,,,90.19,,,,,,,,,,,,,,,,,,,,,,
128.994215,XKF1,,,,,,,,,,,,,,,,55.37251927231213,55.36597442626953,,,0.022892931843784423,,,,,,0.8513321280479431,-0.012608468712449403,,,,,,-0.012313201092183592,,-0.01231320109218359,-0.019299518316984177
128.994215,POS,,,,,,,,,,,,,,,,55.37232533609956,55.36603069678854,,,,,37.4275075,-122.1690737,,,0.8348999994740325,,,,2.147541046142578,,,,,,
129.094175,ATT,3,,0.05,0.12,90.2,0.0,0.0,0.04,,0.11,,,,90.19,,,,,,,,,,,,,,,,,,,,,,
129.094175,XKF1,,,,,,,,,,,,,,,,55.37229134974478,55.365753173828125,,,0.023116817499334245,,,,,,0.8508964776992798,-0.012819436741808169,,,,,,-0.012522316537797453,,-0.012522316537797451,-0.01943138800561428
129.094175,POS,,,,,,,,,,,,,,,,55.37232533609956,55.36603069678854,,,,,37.4275075,-122.1690737,,,0.8348999994740325,,,,2.0973453521728516,,,,,,
129.194968,ATT,3,,0.05,0.12,90.2,0.0,0.0,0.04,,0.11,,,,90.19,,,,,,,,,,,,,,,,,,,,,,
129.194968,XKF1,,,,,,,,,,,,,,,,55.372539680081694,55.365997314453125,,,0.02276953756412316,,,,,,0.8511709570884705,-0.012737369008603476,,,,,,-0.012445745058357717,,-0.012445745058357716,-0.019067125394940376
129.194968,POS,,,,,,,,,,,,,,,,55.37232533609956,55.36603069678854,,,,,37.4275075,-122.1690737,,,0.8348999994740325,,,,2.0473461151123047,,,,,,
129.294928,ATT,3,,0.05,0.12,90.2,0.0,0.0,0.04,,0.11,,,,90.19,,,,,,,,,,,,,,,,,,,,,,
129.294928,XKF1,,,,,,,,,,,,,,,,55.37243295408713,55.36589431762695,,,0.02281672023884817,,,,,,0.8509275317192078,-0.012875599701872208,,,,,,-0.012584608979523184,,-0.012584608979523182,-0.019032349810004234
129.294928,POS,,,,,,,,,,,,,,,,55.37232533609956,55.36603069678854,,,,,37.4275075,-122.1690737,,,0.8348999994740325,,,,1.997164011001587,,,,,,
129.394888,ATT,3,,0.05,0.13,90.2,0.0,0.0,0.04,,0.11,,,,90.19,,,,,,,,,,,,,,,,,,,,,,
129.394888,XKF1,,,,,,,,,,,,,,,,55.372638729551056,55.36609649658203,,,0.022593666822208976,,,,,,0.8511630892753601,-0.012809403618962241,,,,,,-0.012521800585091116,,-0.012521800585091114,-0.01880633644759655
129.394888,POS,,,,,,,,,,,,,,,,55.37232533609956,55.36603069678854,,,,,37.4275075,-122.1690737,,,0.8348999994740325,,,,1.9471842050552368,,,,,,
129.494848,ATT,3,,0.05,0.13,90.2,0.0,0.0,0.05,,0.12,,,,90.19,,,,,,,,,,,,,,,,,,,,,,
129.494848,XKF1,,,,,,,,,,,,,,,,55.37247412492791,55.365936279296875,,,0.022868410516611058,,,,,,0.8508763909339905,-0.013098247246526352,,,,,,-0.012808647006750109,,-0.012808647006750107,-0.01894472911953926
129.494848,POS,,,,,,,,,,,,,,,,55.37232533609956,55.36603069678854,,,,,37.4275075,-122.1690737,,,0.8348999994740325,,,,1.8966675996780396,,,,,,
129.594808,ATT,3,,0.05,0.13,90.2,0.0,0.0,0.04,,0.12,,,,90.19,,,,,,,,,,,,,,,,,,,,,,
129.594808,XKF1,,,,,,,,,,,,,,,,55.372641762289135,55.3661003112793,,,0.022734084691765438,,,,,,0.8511122465133667,-0.013077852868425928,,,,,,-0.01279047690331936,,-0.012790476903319359,-0.018794741481542587
129.594808,POS,,,,,,,,,,,,,,,,55.37232533609956,55.36603069678854,,,,,37.4275075,-122.1690737,,,0.8348999994740325,,,,1.8467249870300293,,,,,,
129.694768,ATT,3,,0.05,0.13,90.2,0.0,0.0,0.04,,0.11,,,,90.19,,,,,,,,,,,,,,,,,,,,,,
129.694768,XKF1,,,,,,,,,,,,,,,,55.37245824147307,55.36592102050781,,,0.02291520450506301,,,,,,0.8508356213569641,-0.013283420444441222,,,,,,-0.012994938530027868,,-0.012994938530027866,-0.01887427270412445
129.694768,POS,,,,,,,,,,,,,,,,55.37232533609956,55.36603069678854,,,,,37.4275075,-122.1690737,,,0.8348999994740325,,,,1.796618103981018,,,,,,
129.794728,ATT,3,,0.05,0.13,90.2,0.0,0.0,0.04,,0.11,,,,90.19,,,,,,,,,,,,,,,,,,,,,,
129.794728,XKF1,,,,,,,,,,,,,,,,55.37260643549182,55.366065979003906,,,0.022693671503057792,,,,,,0.8510472774505615,-0.013280819737046581,,,,,,-0.012996426783502104,,-0.012996426783502102,-0.018603645265102386
129.794728,POS,,,,,,,,,,,,,,,,55.37232533609956,55.36603069678854,,,,,37.4275075,-122.1690737,,,0.8348999994740325,,,,1.746651530265808,,,,,,
129.894688,ATT,3,,0.05,0.13,90.2,0.0,0.0,0.05,,0.11,,,,90.19,,,,,,,,,,,,,,,,,,,,,,
129.894688,XKF1,,,,,,,,,,,,,,,,55.37240371554858,55.365867614746094,,,0.02286117847857263,,,,,,0.8507623076438904,-0.013490864160626654,,,,,,-0.013205704279243948,,-0.013205704279243946,-0.018661266192793846
129.894688,POS,,,,,,,,,,,,,,,,55.37232533609956,55.36603069678854,,,,,37.4275075,-122.1690737,,,0.8348999994740325,,,,1.6965224742889404,,,,,,
129.994648,ATT,3,,0.05,0.13,90.2,0.0,0.0,0.04,,0.11,,,,90.19,,,,,,,,,,,,,,,,,,,,,,
129.994648,XKF1,,,,,,,,,,,,,,,,55.37254050594157,55.36600112915039,,,0.02268149411499702,,,,,,0.8509765267372131,-0.013513441343897037,,,,,,-0.01323189213871956,,-0.013231892138719559,-0.018421921879053116
129.994648,POS,,,,,,,,,,,,,,,,55.37232533609956,55.36603069678854,,,,,37.4275075,-122.1690737,,,0.8348999994740325,,,,1.6465846300125122,,,,,,
130.094608,ATT,3,,0.05,0.12,90.2,0.0,0.0,0.04,,0.11,,,,90.19,,,,,,,,,,,,,,,,,,,,,,
130.094608,XKF1,,,,,,,,,,,,,,,,55.37232253485944,55.365787506103516,,,0.022894084017463814,,,,,,0.8506919145584106,-0.013728901110432746,,,,,,-0.013445814140141012,,-0.01344581414014101,-0.018529683351516724
130.094608,POS,,,,,,,,,,,,,,,,55.37232533609956,55.36603069678854,,,,,37.4275075,-122.1690737,,,0.8348999994740325,,,,1.5964902639389038,,,,,,
130.194568,ATT,3,,0.05,0.12,90.2,0.0,0.0,0.04,,0.11,,,,90.2,,,,,,,,,,,,,,,,,,,,,,
130.194568,XKF1,,,,,,,,,,,,,,,,55.37245550158125,55.36591720581055,,,0.022655964240637084,,,,,,0.8509055376052856,-0.013695263998221041,,,,,,-0.013416303321719171,,-0.01341630332171917,-0.018256383016705513
130.194568,POS,,,,,,,,,,,,,,,,55.37232533609956,55.36603069678854,,,,,37.4275075,-122.1690737,,,0.8348999994740325,,,,1.546527624130249,,,,,,
130.29452799999999,ATT,3,,0.05,0.12,90.2,0.0,0.0,0.04,,0.11,,,,90.2,,,,,,,,,,,,,,,,,,,,,,
130.29452799999999,XKF1,,,,,,,,,,,,,,,,55.372233943686396,55.365699768066406,,,0.022789906471123333,,,,,,0.8506357073783875,-0.013862544582022598,,,,,,-0.013583024032413961,,-0.01358302403241396,-0.018299762159585953
130.29452799999999,POS,,,,,,,,,,,,,,,,55.37232533609956,55.36603069678854,,,,,37.4275075,-122.1690737,,,0.8348999994740325,,,,1.496377944946289,,,,,,
130.394488,ATT,3,,0.05,0.13,90.2,0.0,0.0,0.04,,0.11,,,,90.2,,,,,,,,,,,,,,,,,,,,,,
130.394488,XKF1,,,,,,,,,,,,,,,,55.37236768597392,55.36582946777344,,,0.022569471242625896,,,,,,0.8508998155593872,-0.013806053644582001,,,,,,-0.013530059717595579,,-0.013530059717595577,-0.018064288422465324
130.394488,POS,,,,,,,,,,,,,,,,55.37232533609956,55.36603069678854,,,,,37.4275075,-122.1690737,,,0.8348999994740325,,,,1.4464128017425537,,,,,,
130.494448,ATT,3,,0.05,0.13,90.2,0.0,0.0,0.04,,0.11,,,,90.19,,,,,,,,,,,,,,,,,,,,,,
130.494448,XKF1,,,,,,,,,,,,,,,,55.37215810833887,55.365623474121094,,,0.022700258560728312,,,,,,0.8506649732589722,-0.013880924975896766,,,,,,-0.01360334735363722,,-0.013603347353637218,-0.018172800540924072
130.494448,POS,,,,,,,,,,,,,,,,55.37232533609956,55.36603069678854,,,,,37.4275075,-122.1690737,,,0.8348999994740325,,,,1.3962993621826172,,,,,,
130.594408,ATT,3,,0.05,0.13,90.2,0.0,0.0,0.04,,0.12,,,,90.19,,,,,,,,,,,,,,,,,,,,,,
130.594408,XKF1,,,,,,,,,,,,,,,,55.372311167486494,55.36577224731445,,,0.0224299738170019,,,,,,0.8509450554847717,-0.013717336917999853,,,,,,-0.013442994095385076,,-0.013442994095385075,-0.01795521192252636
130.594408,POS,,,,,,,,,,,,,,,,55.37232533609956,55.36603069678854,,,,,37.4275075,-122.1690737,,,0.8348999994740325,,,,1.346313238143921,,,,,,
130.694368,ATT,3,,0.04,0.13,90.2,0.0,0.0,0.04,,0.11,,,,90.19,,,,,,,,,,,,,,,,,,,,,,
130.694368,XKF1,,,,,,,,,,,,,,,,55.37200003853214,55.3654670715332,,,0.022667355637344063,,,,,,0.8505552411079407,-0.01386790103472756,,,,,,-0.013590844348073007,,-0.013590844348073006,-0.01814105734229088
130.694368,POS,,,,,,,,,,,,,,,,55.37232533609956,55.36603069678854,,,,,37.4275075,-122.1690737,,,0.8348999994740325,,,,1.2960847616195679,,,,,,
130.794328,ATT,3,,0.04,0.13,90.2,0.0,0.0,0.03,,0.11,,,,90.19,,,,,,,,,,,,,,,,,,,,,,
130.794328,XKF1,,,,,,,,,,,,,,,,55.372215244332615,55.36567687988281,,,0.022332246482946894,,,,,,0.8509081602096558,-0.013652768218489805,,,,,,-0.013379575684666635,,-0.013379575684666634,-0.01788060925900936
130.794328,POS,,,,,,,,,,,,,,,,55.37232533609956,55.36603069678854,,,,,37.4275075,-122.1690737,,,0.8348999994740325,,,,1.2460821866989136,,,,,,
130.894288,ATT,3,,0.04,0.13,90.2,0.0,0.0,0.03,,0.11,,,,90.19,,,,,,,,,,,,,,,,,,,,,,
130.894288,XKF1,,,,,,,,,,,,,,,,55.37194690733697,55.365413665771484,,,0.02252118515275158,,,,,,0.8505727052688599,-0.013760365421702914,,,,,,-0.013484876602888109,,-0.013484876602888107,-0.018037790432572365
130.894288,POS,,,,,,,,,,,,,,,,55.37232533609956,55.36603069678854,,,,,37.4275075,-122.1690737,,,0.8348999994740325,,,,1.1958986520767212,,,,,,
130.994248,ATT,3,,0.04,0.13,90.2,0.0,0.0,0.04,,0.12,,,,90.19,,,,,,,,,,,,,,,,,,,,,,
130.994248,XKF1,,,,,,,,,,,,,,,,55.37219317040725,55.36565399169922,,,0.022223459305661095,,,,,,0.8509609699249268,-0.013594426724253875,,,,,,-0.013322643935680391,,-0.01332264393568039,-0.017787335440516472
130.994248,POS,,,,,,,,,,,,,,,,55.37232533609956,55.36603069678854,,,,,37.4275075,-122.1690737,,,0.8348999994740325,,,,1.1459336280822754,,,,,,
131.094208,ATT,3,,0.04,0.13,90.2,0.0,0.0,0.03,,0.12,,,,90.19,,,,,,,,,,,,,,,,,,,,,,
131.094208,XKF1,,,,,,,,,,,,,,,,55.37195195036562,55.36541748046875,,,0.02244114269062577,,,,,,0.8506526947021484,-0.013699371063261207,,,,,,-0.013424693606793882,,-0.01342469360679388,-0.017982838675379753
131.094208,POS,,,,,,,,,,,,,,,,55.37232533609956,55.36603069678854,,,,,37.4275075,-122.1690737,,,0.8348999994740325,,,,1.0957667827606201,,,,,,
131.194168,ATT,3,,0.04,0.13,90.2,0.0,0.0,0.03,,0.11,,,,90.19,,,,,,,,,,,,,,,,,,,,,,
131.194168,XKF1,,,,,,,,,,,,,,,,55.37220976299797,55.36566925048828,,,0.022177449374609248,,,,,,0.8510478734970093,-0.013529391278730363,,,,,,-0.01325771026313305,,-0.013257710263133049,-0.01777842454612255
131.194168,POS,,,,,,,,,,,,,,,,55.37232533609956,55.36603069678854,,,,,37.4275075,-122.1690737,,,0.8348999994740325,,,,1.0458669662475586,,,,,,
131.294961,ATT,3,,0.04,0.13,90.2,0.0,0.0,0.04,,0.12,,,,90.19,,,,,,,,,,,,,,,,,,,,,,
131.294961,XKF1,,,,,,,,,,,,,,,,55.372097152897744,55.36555862426758,,,0.02228020353356195,,,,,,0.8509179353713989,-0.013605811235479949,,,,,,-0.01333307381719351,,-0.013333073817193508,-0.017850395292043686
131.294961,POS,,,,,,,,,,,,,,,,55.37232533609956,55.36603069678854,,,,,37.4275075,-122.1690737,,,0.8348999994740325,,,,0.9958544969558716,,,,,,
131.394921,ATT,3,,0.05,0.14,90.2,0.0,0.0,0.04,,0.12,,,,90.19,,,,,,,,,,,,,,,,,,,,,,
131.394921,XKF1,,,,,,,,,,,,,,,,55.37231589208074,55.36577224731445,,,0.022069710411367537,,,,,,0.8512524366378784,-0.013435328988473837,,,,,,-0.01316457148641348,,-0.013164571486413479,-0.01771344617009163
131.394921,POS,,,,,,,,,,,,,,,,55.37232533609956,55.36603069678854,,,,,37.4275075,-122.1690737,,,0.8348999994740325,,,,0.9459943175315857,,,,,,
131.494881,ATT,3,,0.05,0.14,90.2,0.0,0.0,0.04,,0.12,,,,90.19,,,,,,,,,,,,,,,,,,,,,,
131.494881,XKF1,,,,,,,,,,,,,,,,55.37217560425733,55.36563491821289,,,0.02235427283492095,,,,,,0.8510589003562927,-0.013538623951761775,,,,,,-0.013263624161481859,,-0.013263624161481857,-0.01799415983259678
131.494881,POS,,,,,,,,,,,,,,,,55.37232533609956,55.36603069678854,,,,,37.4275075,-122.1690737,,,0.8348999994740325,,,,0.8959599137306213,,,,,,
131.594841,ATT,3,,0.05,0.14,90.2,0.0,0.0,0.04,,0.13,,,,90.19,,,,,,,,,,,,,,,,,,,,,,
131.594841,XKF1,,,,,,,,,,,,,,,,55.37239648241092,55.36585235595703,,,0.022308624229476937,,,,,,0.851284384727478,-0.013417991149930078,,,,,,-0.01314240973442793,,-0.013142409734427929,-0.01802641898393631
131.594841,POS,,,,,,,,,,,,,,,,55.37232533609956,55.36603069678854,,,,,37.4275075,-122.1690737,,,0.8348999994740325,,,,0.845652163028717,,,,,,
131.69480099999998,ATT,3,,0.04,0.13,90.2,0.0,0.0,0.04,,0.12,,,,90.19,,,,,,,,,,,,,,,,,,,,,,
131.69480099999998,XKF1,,,,,,,,,,,,,,,,55.372270103889626,55.36573028564453,,,0.022629991131734365,,,,,,0.8510031700134277,-0.013534796705316859,,,,,,-0.01325446553528309,,-0.013254465535283089,-0.01834218204021454
131.69480099999998,POS,,,,,,,,,,,,,,,,55.37232533609956,55.36603069678854,,,,,37.4275075,-122.1690737,,,0.8348999994740325,,,,0.7955913543701172,,,,,,
131.794761,ATT,3,,0.04,0.13,90.2,0.0,0.0,0.04,,0.12,,,,90.19,,,,,,,,,,,,,,,,,,,,,,
131.794761,XKF1,,,,,,,,,,,,,,,,55.37250171170033,55.36595916748047,,,0.022558736864473936,,,,,,0.8511822819709778,-0.013388682105680762,,,,,,-0.01310800760984421,,-0.013108007609844208,-0.018359649926424026
131.794761,POS,,,,,,,,,,,,,,,,55.37232533609956,55.36603069678854,,,,,37.4275075,-122.1690737,,,0.8348999994740325,,,,0.7456951141357422,,,,,,
131.894721,ATT,3,,0.04,0.13,90.2,0.0,0.0,0.04,,0.12,,,,90.2,,,,,,,,,,,,,,,,,,,,,,
131.894721,XKF1,,,,,,,,,,,,,,,,55.37237470172041,55.36583709716797,,,0.02279268631508822,,,,,,0.8508599400520325,-0.0134886109110371,,,,,,-0.013204697519540788,,-0.013204697519540787,-0.01857801154255867
131.894721,POS,,,,,,,,,,,,,,,,55.37232533609956,55.36603069678854,,,,,37.4275075,-122.1690737,,,0.8348999994740325,,,,0.695641040802002,,,,,,
131.99468099999999,ATT,3,,0.04,0.13,90.2,0.0,0.0,0.03,,0.12,,,,90.2,,,,,,,,,,,,,,,,,,,,,,
131.99468099999999,XKF1,,,,,,,,,,,,,,,,55.37261375801427,55.36607360839844,,,0.022646736500077508,,,,,,0.8510273694992065,-0.013307183565331325,,,,,,-0.013023978099226953,,-0.013023978099226952,-0.01852702535688877
131.99468099999999,POS,,,,,,,,,,,,,,,,55.37232533609956,55.36603069678854,,,,,37.4275075,-122.1690737,,,0.8348999994740325,,,,0.6457207202911377,,,,,,
132.094641,ATT,3,,0.04,0.13,90.2,0.0,0.0,0.04,,0.12,,,,90.2,,,,,,,,,,,,,,,,,,,,,,
132.094641,XKF1,,,,,,,,,,,,,,,,55.372490379128486,55.3659553527832,,,0.02289455770173369,,,,,,0.8506930470466614,-0.01341654664257504,,,,,,-0.013129955157637598,,-0.013129955157637596,-0.01875540055334568
132.094641,POS,,,,,,,,,,,,,,,,55.37232533609956,55.36603069678854,,,,,37.4275075,-122.1690737,,,0.8348999994740325,,,,0.5956339836120605,,,,,,
132.194601,ATT,3,,0.04,0.13,90.2,0.0,0.0,0.04,,0.12,,,,90.2,,,,,,,,,,,,,,,,,,,,,,
132.194601,XKF1,,,,,,,,,,,,,,,,55.372725638994304,55.366188049316406,,,0.0226754973838126,,,,,,0.850861668586731,-0.013240160031476511,,,,,,-0.012955728918313982,,-0.01295572891831398,-0.018609870225191116
132.194601,POS,,,,,,,,,,,,,,,,55.37232533609956,55.36603069678854,,,,,37.4275075,-122.1690737,,,0.8348999994740325,,,,0.5457183718681335,,,,,,
132.294561,ATT,3,,0.04,0.13,90.2,0.0,0.0,0.04,,0.12,,,,90.2,,,,,,,,,,,,,,,,,,,,,,
132.294561,XKF1,,,,,,,,,,,,,,,,55.372602410346396,55.36606979370117,,,0.022800468536213064,,,,,,0.8505370616912842,-0.01332974017893063,,,,,,-0.013044032268226148,,-0.013044032268226147,-0.018700657412409782
132.294561,POS,,,,,,,,,,,,,,,,55.37232533609956,55.36603069678854,,,,,37.4275075,-122.1690737,,,0.8348999994740325,,,,0.49563562870025635,,,,,,
132.394521,ATT,3,,0.05,0.13,90.2,0.0,0.0,0.04,,0.12,,,,90.2,,,,,,,,,,,,,,,,,,,,,,
132.394521,XKF1,,,,,,,,,,,,,,,,55.372834217209494,55.36629867553711,,,0.022532895483863637,,,,,,0.85072922706604,-0.013152734078116238,,,,,,-0.012870091013610365,,-0.012870091013610363,-0.01849573291838169
132.394521,POS,,,,,,,,,,,,,,,,55.37232533609956,55.36603069678854,,,,,37.4275075,-122.1690737,,,0.8348999994740325,,,,0.4457097351551056,,,,,,
132.494481,ATT,3,,0.05,0.13,90.2,0.0,0.0,0.03,,0.12,,,,90.2,,,,,,,,,,,,,,,,,,,,,,
132.494481,XKF1,,,,,,,,,,,,,,,,55.372711302413215,55.366180419921875,,,0.02271817882387036,,,,,,0.8504250049591064,-0.013249725712283186,,,,,,-0.012964738532900812,,-0.01296473853290081,-0.018655594438314438
132.494481,POS,,,,,,,,,,,,,,,,55.37232533609956,55.36603069678854,,,,,37.4275075,-122.1690737,,,0.8348999994740325,,,,0.39557135105133057,,,,,,
132.594441,ATT,3,,0.05,0.13,90.2,0.0,0.0,0.04,,0.12,,,,90.2,,,,,,,,,,,,,,,,,,,,,,
132.594441,XKF1,,,,,,,,,,,,,,,,55.37294324714863,55.36640930175781,,,0.02249414246370209,,,,,,0.8506261706352234,-0.013081007313197517,,,,,,-0.01279835030436516,,-0.012798350304365158,-0.018498342484235764
132.594441,POS,,,,,,,,,,,,,,,,55.37232533609956,55.36603069678854,,,,,37.4275075,-122.1690737,,,0.8348999994740325,,,,0.34557804465293884,,,,,,
132.694401,ATT,3,,0.05,0.13,90.2,0.0,0.0,0.04,,0.12,,,,90.19,,,,,,,,,,,,,,,,,,,,,,
132.694401,XKF1,,,,,,,,,,,,,,,,55.37269962015248,55.366172790527344,,,0.02275839412185075,,,,,,0.8501610159873962,-0.013247328792242993,,,,,,-0.01296164467930794,,-0.012961644679307938,-0.01870669052004814
132.694401,POS,,,,,,,,,,,,,,,,55.37232533609956,55.36603069678854,,,,,37.4275075,-122.1690737,,,0.8348999994740325,,,,0.295407772064209,,,,,,
132.794361,ATT,3,,0.05,0.12,90.2,0.0,0.0,0.03,,0.11,,,,90.19,,,,,,,,,,,,,,,,,,,,,,
132.794361,XKF1,,,,,,,,,,,,,,,,55.37311983897957,55.36659240722656,,,0.02237132954613169,,,,,,0.8502034544944763,-0.012932132672339388,,,,,,-0.012650323100388052,,-0.01265032310038805,-0.01845117099583149
132.794361,POS,,,,,,,,,,,,,,,,55.37232533609956,55.36603069678854,,,,,37.4275075,-122.1690737,,,0.8348999994740325,,,,0.24516379833221436,,,,,,
132.894321,ATT,3,,0.05,0.11,90.2,0.0,0.0,0.04,,0.11,,,,90.18,,,,,,,,,,,,,,,,,,,,,,
132.894321,XKF1,,,,,,,,,,,,,,,,55.37285628079704,55.36634063720703,,,0.02264657977924584,,,,,,0.849433422088623,-0.013054705337251747,,,,,,-0.012769294902682306,,-0.012769294902682304,-0.0187032800167799
132.894321,POS,,,,,,,,,,,,,,,,55.37232533609956,55.36603069678854,,,,,37.4275075,-122.1690737,,,0.8348999994740325,,,,0.19471047818660736,,,,,,
132.994281,ATT,3,,0.05,0.11,90.2,0.0,0.0,0.04,,0.1,,,,90.18,,,,,,,,,,,,,,,,,,,,,,
132.994281,XKF1,,,,,,,,,,,,,,,,55.37310759722144,55.36659622192383,,,0.02238053816253151,,,,,,0.8491570949554443,-0.01291666218519866,,,,,,-0.01263486221432686,,-0.012634862214326859,-0.01847291924059391
132.994281,POS,,,,,,,,,,,,,,,,55.37232533609956,55.36603069678854,,,,,37.4275075,-122.1690737,,,0.8348999994740325,,,,0.14450421929359436,,,,,,
133.072583,MSG,,,,,,,,,,,,,,,,,,,,,,,,,,,,,,,,,,SIM Hit ground at 0.478991 m/s,,
133.094241,ATT,3,,0.05,0.1,90.2,0.0,0.0,0.04,,0.1,,,,90.18,,,,,,,,,,,,,,,,,,,,,,
133.094241,XKF1,,,,,,,,,,,,,,,,55.37287422414283,55.36637496948242,,,0.022623092066679187,,,,,,0.8483646512031555,-0.013814279242624922,,,,,,-0.013538173399865629,,-0.013538173399865627,-0.018125180155038834
133.094241,POS,,,,,,,,,,,,,,,,55.37232533609956,55.36603069678854,,,,,37.4275075,-122.1690737,,,0.8348999994740325,,,,0.09522388875484467,,,,,,
133.194201,ATT,3,,0.02,0.11,90.2,0.0,0.0,0.04,,0.11,,,,90.18,,,,,,,,,,,,,,,,,,,,,,
133.194201,XKF1,,,,,,,,,,,,,,,,55.37294125524304,55.3664436340332,,,0.022634921944425304,,,,,,0.8482585549354553,-0.016083502928739238,,,,,,-0.01583763398230076,,-0.01583763398230076,-0.01617124117910862
133.194201,POS,,,,,,,,,,,,,,,,55.37232533609956,55.36603069678854,,,,,37.4275075,-122.1690737,,,0.8348999994740325,,,,0.07588792592287064,,,,,,
133.294994,ATT,3,,0.0,0.13,90.2,0.0,0.0,0.04,,0.11,,,,90.18,,,,,,,,,,,,,,,,,,,,,,
133.294994,XKF1,,,,,,,,,,,,,,,,55.372364986912274,55.365875244140625,,,0.023137276206769388,,,,,,0.8477397561073303,-0.017133587826511414,,,,,,-0.016893526539206505,,-0.016893526539206505,-0.015809563919901848
133.294994,POS,,,,,,,,,,,,,,,,55.37232533609956,55.36603069678854,,,,,37.4275075,-122.1690737,,,0.8348999994740325,,,,0.08220796287059784,,,,,,
133.39495399999998,ATT,3,,-0.01,0.12,90.2,0.0,0.0,0.04,,0.11,,,,90.18,,,,,,,,,,,,,,,,,,,,,,
133.39495399999998,XKF1,,,,,,,,,,,,,,,,55.37231601216088,55.36582565307617,,,0.022900103515759565,,,,,,0.8477796316146851,-0.016683325876208632,,,,,,-0.016441194340586662,,-0.016441194340586662,-0.015940573066473007
133.39495399999998,POS,,,,,,,,,,,,,,,,55.37232533609956,55.36603069678854,,,,,37.4275075,-122.1690737,,,0.8348999994740325,,,,0.08505544811487198,,,,,,
133.494914,ATT,3,,0.0,0.11,90.2,0.0,0.0,0.04,,0.11,,,,90.18,,,,,,,,,,,,,,,,,,,,,,
133.494914,XKF1,,,,,,,,,,,,,,,,55.3720714898318,55.36558532714844,,,0.022871609511879717,,,,,,0.847503662109375,-0.016126191365775987,,,,,,-0.015876060351729393,,-0.015876060351729393,-0.016463937237858772
133.494914,POS,,,,,,,,,,,,,,,,55.37232533609956,55.36603069678854,,,,,37.4275075,-122.1690737,,,0.8348999994740325,,,,0.08387640863656998,,,,,,
133.594874,ATT,3,,0.01,0.1,90.2,0.0,0.0,0.04,,0.11,,,,90.18,,,,,,,,,,,,,,,,,,,,,,
133.594874,XKF1,,,,,,,,,,,,,,,,55.37209666433328,55.3656120300293,,,0.022698663084772017,,,,,,0.8474040031433105,-0.015612440760093152,,,,,,-0.015358456410467626,,-0.015358456410467625,-0.01671368069946766
133.594874,POS,,,,,,,,,,,,,,,,55.37232533609956,55.36603069678854,,,,,37.4275075,-122.1690737,,,0.8348999994740325,,,,0.07751787453889847,,,,,,
133.694834,ATT,3,,0.01,0.09,90.2,0.0,0.0,0.04,,0.11,,,,90.18,,,,,,,,,,,,,,,,,,,,,,
133.694834,XKF1,,,,,,,,,,,,,,,,55.371904309625606,55.36542510986328,,,0.02282365264427022,,,,,,0.8470473885536194,-0.015581518300166323,,,,,,-0.01532457396388054,,-0.015324573963880539,-0.016913797706365585
133.694834,POS,,,,,,,,,,,,,,,,55.37232533609956,55.36603069678854,,,,,37.4275075,-122.1690737,,,0.8348999994740325,,,,0.07009351253509521,,,,,,
133.794794,ATT,3,,0.01,0.09,90.2,0.0,0.0,0.04,,0.11,,,,90.18,,,,,,,,,,,,,,,,,,,,,,
133.794794,XKF1,,,,,,,,,,,,,,,,55.371929511386064,55.36545181274414,,,0.02272016965063602,,,,,,0.8469494581222534,-0.015480960031833711,,,,,,-0.015224787406623365,,-0.015224787406623363,-0.016864517703652382
133.794794,POS,,,,,,,,,,,,,,,,55.37232533609956,55.36603069678854,,,,,37.4275075,-122.1690737,,,0.8348999994740325,,,,0.06474865972995758,,,,,,
133.852271,EV,,,,,,,,,,,,,,,,,,,,,17,,,,LAND_COMPLETE_MAYBE,,,,,,,,,,,
133.894754,ATT,3,,0.0,0.07,90.2,0.0,0.0,0.04,,0.11,,,,90.18,,,,,,,,,,,,,,,,,,,,,,
133.894754,XKF1,,,,,,,,,,,,,,,,55.37171441895707,55.36524200439453,,,0.022797393786640623,,,,,,0.8466023206710815,-0.01552762789947071,,,,,,-0.015270605683326723,,-0.015270605683326721,-0.016927190124988556
133.894754,POS,,,,,,,,,,,,,,,,55.37232533609956,55.36603069678854,,,,,37.4275075,-122.1690737,,,0.8348999994740325,,,,0.06103157252073288,,,,,,
133.994714,ATT,3,,-0.08,-0.01,90.2,0.0,0.0,0.04,,0.11,,,,90.18,,,,,,,,,,,,,,,,,,,,,,
133.994714,XKF1,,,,,,,,,,,,,,,,55.371717133290254,55.3652458190918,,,0.0227424519395496,,,,,,0.8465303778648376,-0.01546867976258269,,,,,,-0.015211995691061022,,-0.01521199569106102,-0.016906043514609337
133.994714,POS,,,,,,,,,,,,,,,,55.37232533609956,55.36603069678854,,,,,37.4275075,-122.1690737,,,0.8348999994740325,,,,0.0587865449488163,,,,,,
134.094674,ATT,3,,-0.13,-0.07,90.2,0.0,0.0,0.04,,0.11,,,,90.19,,,,,,,,,,,,,,,,,,,,,,
134.094674,XKF1,,,,,,,,,,,,,,,,55.37148704057327,55.365020751953125,,,0.02287574294721398,,,,,,0.8461998701095581,-0.015507798434529036,,,,,,-0.015248987823724748,,-0.015248987823724747,-0.017051920294761658
134.094674,POS,,,,,,,,,,,,,,,,55.37232533609956,55.36603069678854,,,,,37.4275075,-122.1690737,,,0.8348999994740325,,,,0.05689515918493271,,,,,,
134.194634,ATT,3,,-0.15,-0.1,90.2,0.0,0.0,0.04,,0.11,,,,90.19,,,,,,,,,,,,,,,,,,,,,,
134.194634,XKF1,,,,,,,,,,,,,,,,55.37149760525876,55.36503219604492,,,0.022785955513175134,,,,,,0.8461424112319946,-0.015384268732464011,,,,,,-0.015125619247555734,,-0.015125619247555733,-0.017041578888893127
134.194634,POS,,,,,,,,,,,,,,,,55.37232533609956,55.36603069678854,,,,,37.4275075,-122.1690737,,,0.8348999994740325,,,,0.05518755689263344,,,,,,
134.294594,ATT,3,,-0.16,-0.11,90.2,0.0,0.0,0.04,,0.11,,,,90.19,,,,,,,,,,,,,,,,,,,,,,
134.294594,XKF1,,,,,,,,,,,,,,,,55.37127532541482,55.36481475830078,,,0.02290081638975704,,,,,,0.8458238244056702,-0.015398047654927461,,,,,,-0.015137311071157457,,-0.015137311071157455,-0.017184562981128693
134.294594,POS,,,,,,,,,,,,,,,,55.37232533609956,55.36603069678854,,,,,37.4275075,-122.1690737,,,0.8348999994740325,,,,0.05337737500667572,,,,,,
134.394554,ATT,3,,-0.16,-0.11,90.2,0.0,0.0,0.04,,0.11,,,,90.19,,,,,,,,,,,,,,,,,,,,,,
134.394554,XKF1,,,,,,,,,,,,,,,,55.37129765371985,55.364837646484375,,,0.022723853024781703,,,,,,0.8457873463630676,-0.015245002996213501,,,,,,-0.014985824935138227,,-0.014985824935138226,-0.017082111909985542
134.394554,POS,,,,,,,,,,,,,,,,55.37232533609956,55.36603069678854,,,,,37.4275075,-122.1690737,,,0.8348999994740325,,,,0.051794447004795074,,,,,,
134.494514,ATT,3,,-0.17,-0.12,90.2,0.0,0.0,0.04,,0.11,,,,90.19,,,,,,,,,,,,,,,,,,,,,,
134.494514,XKF1,,,,,,,,,,,,,,,,55.371098588129534,55.36464309692383,,,0.022777120787553458,,,,,,0.8454901576042175,-0.015225043903855819,,,,,,-0.014964588917791845,,-0.014964588917791843,-0.01717143878340721
134.494514,POS,,,,,,,,,,,,,,,,55.37232533609956,55.36603069678854,,,,,37.4275075,-122.1690737,,,0.8348999994740325,,,,0.05020497739315033,,,,,,
134.594474,ATT,3,,-0.17,-0.12,90.2,0.0,0.0,0.04,,0.11,,,,90.19,,,,,,,,,,,,,,,,,,,,,,
134.594474,XKF1,,,,,,,,,,,,,,,,55.37114034740982,55.36468505859375,,,0.022674839949234114,,,,,,0.8454772233963013,-0.015081708691908422,,,,,,-0.014821412041783335,,-0.014821412041783333,-0.01716024801135063
134.594474,POS,,,,,,,,,,,,,,,,55.37232533609956,55.36603069678854,,,,,37.4275075,-122.1690737,,,0.8348999994740325,,,,0.04891452193260193,,,,,,
134.65445,EV,,,,,,,,,,,,,,,,,,,,,18,,,,LAND_COMPLETE,,,,,,,,,,,
134.694434,ATT,3,,-0.13,-0.1,90.2,0.0,0.0,0.04,,0.11,,,,90.19,,,,,,,,,,,,,,,,,,,,,,
134.694434,XKF1,,,,,,,,,,,,,,,,55.37095674244382,55.364505767822266,,,0.022786918154818984,,,,,,0.8451932668685913,-0.015116064959475706,,,,,,-0.014854028820991518,,-0.014854028820991516,-0.017280088737607002
134.694434,POS,,,,,,,,,,,,,,,,55.37232533609956,55.36603069678854,,,,,37.4275075,-122.1690737,,,0.8348999994740325,,,,0.04755308851599693,,,,,,
134.794394,ATT,3,,-0.07,-0.05,90.2,0.0,0.0,0.04,,0.11,,,,90.19,,,,,,,,,,,,,,,,,,,,,,
134.794394,XKF1,,,,,,,,,,,,,,,,55.371010162909315,55.364559173583984,,,0.022622150712867817,,,,,,0.8451946377754211,-0.014961268244628869,,,,,,-0.014700517989695074,,-0.014700517989695072,-0.017194664105772972
134.794394,POS,,,,,,,,,,,,,,,,55.37232533609956,55.36603069678854,,,,,37.4275075,-122.1690737,,,0.8348999994740325,,,,0.04637918621301651,,,,,,
134.894354,ATT,3,,-0.03,-0.02,90.2,0.0,0.0,0.04,,0.11,,,,90.19,,,,,,,,,,,,,,,,,,,,,,
134.894354,XKF1,,,,,,,,,,,,,,,,55.37057805039325,55.3641357421875,,,0.022989229118120607,,,,,,0.8446224927902222,-0.015183687085851256,,,,,,-0.014918613247573377,,-0.014918613247573376,-0.017491130158305168
134.894354,POS,,,,,,,,,,,,,,,,55.37232533609956,55.36603069678854,,,,,37.4275075,-122.1690737,,,0.8348999994740325,,,,0.04494557902216911,,,,,,
134.994314,ATT,3,,-0.01,-0.01,90.2,0.0,0.0,0.04,,0.11,,,,90.19,,,,,,,,,,,,,,,,,,,,,,
134.994314,XKF1,,,,,,,,,,,,,,,,55.370728734848285,55.36428451538086,,,0.022707689525734882,,,,,,0.8447489142417908,-0.014975189687450397,,,,,,-0.01471302378922701,,-0.014713023789227009,-0.01729641854763031
134.994314,POS,,,,,,,,,,,,,,,,55.37232533609956,55.36603069678854,,,,,37.4275075,-122.1690737,,,0.8348999994740325,,,,0.04389357939362526,,,,,,
135.09427399999998,ATT,3,,0.0,0.0,90.2,0.0,0.0,0.04,,0.11,,,,90.19,,,,,,,,,,,,,,,,,,,,,,
135.09427399999998,XKF1,,,,,,,,,,,,,,,,55.37037828565307,55.36394119262695,,,0.0229596048859907,,,,,,0.8442790508270264,-0.01508559720878428,,,,,,-0.014819933101534845,,-0.014819933101534843,-0.017536049708724022
135.09427399999998,POS,,,,,,,,,,,,,,,,55.37232533609956,55.36603069678854,,,,,37.4275075,-122.1690737,,,0.8348999994740325,,,,0.04260414466261864,,,,,,
135.161747,EV,,,,,,,,,,,,,,,,,,,,,11,,,,DISARMED,,,,,,,,,,,
135.161747,MSG,,,,,,,,,,,,,,,,,,,,,,,,,,,,,,,,,,Disarming motors,,
135.164246,EV,,,,,,,,,,,,,,,,,,,,,56,,,,MOTORS_INTERLOCK_DISABLED,,,,,,,,,,,
135.194234,ATT,3,,0.0,0.0,90.19,0.0,0.0,0.04,,0.11,,,,90.19,,,,,,,,,,,,,,,,,,,,,,
135.194234,XKF1,,,,,,,,,,,,,,,,55.37059112003657,55.36415100097656,,,0.0226758138232528,,,,,,0.8444790840148926,-0.01489016570515077,,,,,,-0.014627605676651003,,-0.014627605676651001,-0.017327021807432175
135.194234,POS,,,,,,,,,,,,,,,,55.37232533609956,55.36603069678854,,,,,37.4275075,-122.1690737,,,0.8348999994740325,,,,0.04167313873767853,,,,,,
135.294194,ATT,3,,0.0,0.0,90.19,0.0,0.0,0.04,,0.11,,,,90.19,,,,,,,,,,,,,,,,,,,,,,
135.294194,XKF1,,,,,,,,,,,,,,,,55.37027578093729,55.36384201049805,,,0.02292756617840941,,,,,,0.8440603613853455,-0.014964711313869943,,,,,,-0.014698179438710214,,-0.014698179438710213,-0.017596499994397163
135.294194,POS,,,,,,,,,,,,,,,,55.37232533609956,55.36603069678854,,,,,37.4275075,-122.1690737,,,0.8348999994740325,,,,0.03996500000357628,,,,,,
135.394987,ATT,3,,0.0,0.0,90.19,0.0,0.0,0.04,,0.11,,,,90.19,,,,,,,,,,,,,,,,,,,,,,
135.394987,XKF1,,,,,,,,,,,,,,,,55.37049678745153,55.36405944824219,,,0.022636802470434016,,,,,,0.8442960977554321,-0.014757531092174937,,,,,,-0.014494080096483232,,-0.01449408009648323,-0.01738811284303665
135.394987,POS,,,,,,,,,,,,,,,,55.37232533609956,55.36603069678854,,,,,37.4275075,-122.1690737,,,0.8348999994740325,,,,0.03811684250831604,,,,,,
135.494947,ATT,3,,0.0,0.0,90.2,0.0,0.0,0.04,,0.11,,,,90.2,,,,,,,,,,,,,,,,,,,,,,
135.494947,XKF1,,,,,,,,,,,,,,,,55.370426744037935,55.363990783691406,,,0.02259882118587542,,,,,,0.8442051410675049,-0.014717315190159286,,,,,,-0.014454133808612825,,-0.014454133808612823,-0.017371952533721924
135.494947,POS,,,,,,,,,,,,,,,,55.37232533609956,55.36603069678854,,,,,37.4275075,-122.1690737,,,0.8348999994740325,,,,0.03591739758849144,,,,,,
135.594907,ATT,3,,0.0,0.0,90.2,0.0,0.0,0.04,,0.11,,,,90.2,,,,,,,,,,,,,,,,,,,,,,
135.594907,XKF1,,,,,,,,,,,,,,,,55.37055497740855,55.36411666870117,,,0.02239345606337294,,,,,,0.8443601131439209,-0.014588946543666204,,,,,,-0.014328178949654104,,-0.014328178949654102,-0.017209595069289207
135.594907,POS,,,,,,,,,,,,,,,,55.37232533609956,55.36603069678854,,,,,37.4275075,-122.1690737,,,0.8348999994740325,,,,0.03373761102557182,,,,,,
135.694867,ATT,3,,0.0,0.0,90.2,0.0,0.0,0.04,,0.11,,,,90.2,,,,,,,,,,,,,,,,,,,,,,
