time_s,type,AEKF,ClimbRt,DesPitch,DesRoll,DesYaw,ErrRP,ErrYaw,Pitch,PitchRt,Roll,RollRt,Thrust,Type,Yaw,YawRt,distance_m,east_m,ecode,ecode_name,ground_speed_m_s,id,lat,lon,mode,name,north_m,radial_speed_m_s,reason,reason_name,rel_alt_m,subsys,subsys_name,target_bearing_speed_m_s,text,ve_m_s,vn_m_s
0.0,MSG,,,,,,,,,,,,,,,,,,,,,,,,,,,,,,,,,,ArduCopter V4.4.1 (e010f979),,
0.0,MSG,,,,,,,,,,,,,,,,,,,,,,,,,,,,,,,,,,5dbfb12414a3456d9014d88183e338b1,,
0.0,MSG,,,,,,,,,,,,,,,,,,,,,,,,,,,,,,,,,,Param space used: 293/4096,,
0.0,MSG,,,,,,,,,,,,,,,,,,,,,,,,,,,,,,,,,,RC Protocol: SITL,,
0.0,MSG,,,,,,,,,,,,,,,,,,,,,,,,,,,,,,,,,,New mission,,
0.0,MSG,,,,,,,,,,,,,,,,,,,,,,,,,,,,,,,,,,New rally,,
0.0,MSG,,,,,,,,,,,,,,,,,,,,,,,,,,,,,,,,,,New fence,,
0.0,MSG,,,,,,,,,,,,,,,,,,,,,,,,,,,,,,,,,,Frame: QUAD/PLUS,,
0.0,MODE,,,,,,,,,,,,,,,,,,,,,,,,STABILIZE,,,,26,INITIALISED,,,,,,,
0.09496199999999977,ERR,,,,,,,,,,,,,,,,,,0,0,,,,,,,,,,,,3,COMPASS,,,,
0.09496199999999977,ATT,0,,0.0,0.0,0.0,1.0,1.0,0.0,,0.0,,,,0.0,,,,,,,,,,,,,,,,,,,,,,
0.19492200000000004,ATT,0,,0.0,0.0,77.08,1.0,0.8,0.0,,0.0,,,,77.08,,,,,,,,,,,,,,,,,,,,,,
0.29488199999999987,MSG,,,,,,,,,,,,,,,,,,,,,,,,,,,,,,,,,,RC7: SaveWaypoint LOW,,
0.29488199999999987,ATT,0,,0.0,0.0,77.08,0.8,0.64,0.0,,0.0,,,,77.08,,,,,,,,,,,,,,,,,,,,,,
0.3948419999999997,ATT,0,,0.0,0.0,77.08,0.8,0.51,0.0,,0.0,,,,77.08,,,,,,,,,,,,,,,,,,,,,,
0.49480199999999996,ATT,0,,0.0,0.0,77.08,0.64,0.4,0.0,,0.0,,,,77.08,,,,,,,,,,,,,,,,,,,,,,
0.5947619999999998,ATT,0,,0.0,0.0,77.08,0.64,0.32,0.0,,0.0,,,,77.08,,,,,,,,,,,,,,,,,,,,,,
0.6947220000000001,ATT,0,,0.0,0.0,77.08,0.51,0.26,0.0,,0.0,,,,77.08,,,,,,,,,,,,,,,,,,,,,,
0.7946819999999999,ATT,0,,0.0,0.0,77.08,0.51,0.2,0.0,,0.0,,,,77.08,,,,,,,,,,,,,,,,,,,,,,
0.8946419999999997,ATT,0,,0.0,0.0,77.08,0.4,0.16,0.0,,0.0,,,,77.08,,,,,,,,,,,,,,,,,,,,,,
0.994602,ATT,0,,0.0,0.0,77.08,0.4,0.13,0.0,,0.0,,,,77.08,,,,,,,,,,,,,,,,,,,,,,
1.0945619999999998,ATT,0,,0.0,0.0,77.08,0.32,0.1,0.0,,0.0,,,,77.08,,,,,,,,,,,,,,,,,,,,,,
1.0945619999999998,XKF1,,,,,,,,,,,,,,,,0.0,0.0,,,0.0,,,,,,0.0,,,,,,,0.0,,0.0,0.0
1.194522,ATT,0,,0.0,0.0,77.08,0.32,0.08,0.0,,0.0,,,,77.08,,,,,,,,,,,,,,,,,,,,,,
1.194522,XKF1,,,,,,,,,,,,,,,,0.0,0.0,,,0.0,,,,,,0.0,,,,,,,0.0,,0.0,0.0
1.294482,ATT,0,,0.0,0.0,77.08,0.26,0.06,0.0,,0.0,,,,77.08,,,,,,,,,,,,,,,,,,,,,,
1.294482,XKF1,,,,,,,,,,,,,,,,0.0,0.0,,,0.0,,,,,,0.0,,,,,,,0.0,,0.0,0.0
1.3944419999999997,ATT,0,,0.0,0.0,77.08,0.26,0.05,0.0,,0.0,,,,77.08,,,,,,,,,,,,,,,,,,,,,,
1.3944419999999997,XKF1,,,,,,,,,,,,,,,,0.0,0.0,,,0.0,,,,,,0.0,,,,,,,0.0,,0.0,0.0
1.494402,ATT,0,,0.0,0.0,77.08,0.2,0.04,0.0,,0.0,,,,77.08,,,,,,,,,,,,,,,,,,,,,,
1.494402,XKF1,,,,,,,,,,,,,,,,0.0,0.0,,,0.0,,,,,,0.0,,,,,,,0.0,,0.0,0.0
1.5943619999999998,ATT,0,,0.0,0.0,77.08,0.2,0.03,0.0,,0.0,,,,77.08,,,,,,,,,,,,,,,,,,,,,,
1.5943619999999998,XKF1,,,,,,,,,,,,,,,,0.0,0.0,,,0.0,,,,,,0.0,,,,,,,0.0,,0.0,0.0
1.694322,ATT,0,,0.0,0.0,77.08,0.16,0.02,0.0,,0.0,,,,77.08,,,,,,,,,,,,,,,,,,,,,,
1.694322,XKF1,,,,,,,,,,,,,,,,0.0,0.0,,,0.0,,,,,,0.0,,,,,,,0.0,,0.0,0.0
1.794282,ATT,0,,0.0,0.0,77.08,0.16,0.02,0.0,,0.0,,,,77.08,,,,,,,,,,,,,,,,,,,,,,
1.794282,XKF1,,,,,,,,,,,,,,,,0.0,0.0,,,0.0,,,,,,0.0,,,,,,,0.0,,0.0,0.0
1.8942420000000002,ATT,0,,0.0,0.0,77.08,0.13,0.01,0.0,,0.0,,,,77.08,,,,,,,,,,,,,,,,,,,,,,
1.8942420000000002,XKF1,,,,,,,,,,,,,,,,0.0,0.0,,,0.0,,,,,,0.0,,,,,,,0.0,,0.0,0.0
1.9942019999999996,ATT,0,,0.0,0.0,77.08,0.13,0.01,0.0,,0.0,,,,77.08,,,,,,,,,,,,,,,,,,,,,,
1.9942019999999996,XKF1,,,,,,,,,,,,,,,,0.0,0.0,,,0.0,,,,,,0.0,,,,,,,0.0,,0.0,0.0
2.0016989999999995,MSG,,,,,,,,,,,,,,,,,,,,,,,,,,,,,,,,,,EKF3 IMU0 initialised,,
2.0016989999999995,MSG,,,,,,,,,,,,,,,,,,,,,,,,,,,,,,,,,,EKF3 IMU1 initialised,,
2.0041979999999997,MSG,,,,,,,,,,,,,,,,,,,,,,,,,,,,,,,,,,AHRS: EKF3 active,,
2.094995,ATT,3,,0.0,0.0,0.0,0.1,0.01,0.0,,0.0,,,,0.0,,,,,,,,,,,,,,,,,,,,,,
2.094995,XKF1,,,,,,,,,,,,,,,,0.0,0.0,,,7.803341444357705e-05,,,,,,0.0,,,,,,,-5.871184839634225e-05,,-5.871184839634225e-05,5.140167922945693e-05
2.194955,ATT,3,,0.0,0.0,0.0,0.1,0.0,0.0,,0.0,,,,0.0,,,,,,,,,,,,,,,,,,,,,,
2.194955,XKF1,,,,,,,,,,,,,,,,0.0,0.0,,,9.229844427604841e-05,,,,,,0.0,,,,,,,-7.745997572783381e-05,,-7.745997572783381e-05,5.018919182475656e-05
2.2949149999999996,ATT,3,,0.0,0.0,0.0,0.08,0.0,0.0,,0.0,,,,0.0,,,,,,,,,,,,,,,,,,,,,,
2.2949149999999996,XKF1,,,,,,,,,,,,,,,,0.0,0.0,,,0.00010359111817109924,,,,,,0.0,,,,,,,-0.0001017536997096613,,-0.0001017536997096613,1.9424323909333907e-05
2.394875,ATT,3,,0.0,0.0,0.0,0.08,0.0,0.0,,0.0,,,,0.0,,,,,,,,,,,,,,,,,,,,,,
2.394875,XKF1,,,,,,,,,,,,,,,,0.0,0.0,,,0.0001443900038931119,,,,,,0.0,,,,,,,-0.00013812283577863127,,-0.00013812283577863127,-4.207796882838011e-05
2.494835,ATT,3,,0.0,0.0,0.0,0.06,0.0,0.0,,0.0,,,,0.0,,,,,,,,,,,,,,,,,,,,,,
2.494835,XKF1,,,,,,,,,,,,,,,,0.0,0.0,,,0.00017163558372817878,,,,,,0.0,,,,,,,-0.0001577213261043653,,-0.0001577213261043653,-6.769606261514127e-05
2.5947949999999995,ATT,3,,0.0,0.0,0.0,0.06,0.0,0.0,,0.0,,,,0.0,,,,,,,,,,,,,,,,,,,,,,
2.5947949999999995,XKF1,,,,,,,,,,,,,,,,0.0,0.0,,,0.0001930018433188232,,,,,,0.0,,,,,,,-0.00016953008889686316,,-0.00016953008889686316,-9.224565292242914e-05
2.694755,ATT,3,,0.0,0.0,0.0,0.05,0.0,0.0,,0.0,,,,0.0,,,,,,,,,,,,,,,,,,,,,,
2.694755,XKF1,,,,,,,,,,,,,,,,0.0,0.0,,,0.0002669866981359791,,,,,,0.0,,,,,,,-0.0002269250835524872,,-0.0002269250835524872,-0.00014066592848394066
2.794715,ATT,3,,0.0,0.0,0.0,0.05,0.0,0.0,,0.0,,,,0.0,,,,,,,,,,,,,,,,,,,,,,
2.794715,XKF1,,,,,,,,,,,,,,,,0.0,0.0,,,0.0002905381692743594,,,,,,0.0,,,,,,,-0.00023964641150087118,,-0.00023964641150087118,-0.0001642620627535507
2.8946749999999994,ATT,3,,0.0,0.0,0.0,0.04,0.0,0.0,,0.0,,,,0.0,,,,,,,,,,,,,,,,,,,,,,
2.8946749999999994,XKF1,,,,,,,,,,,,,,,,0.0,0.0,,,0.0003828271273056083,,,,,,0.0,,,,,,,-0.00032119135721586645,,-0.00032119135721586645,-0.00020830919675063342
2.9946349999999997,ATT,3,,0.0,0.0,0.0,0.04,0.0,0.0,,0.0,,,,0.0,,,,,,,,,,,,,,,,,,,,,,
2.9946349999999997,XKF1,,,,,,,,,,,,,,,,0.0,0.0,,,0.0004329106620257365,,,,,,0.0,,,,,,,-0.00036829482996836305,,-0.00036829482996836305,-0.000227531447308138
3.094595,ATT,3,,0.0,0.0,0.0,0.03,0.0,0.0,,0.0,,,,0.0,,,,,,,,,,,,,,,,,,,,,,
3.094595,XKF1,,,,,,,,,,,,,,,,0.0,0.0,,,0.0004559304076910646,,,,,,0.0,,,,,,,-0.0003810269117821008,,-0.0003810269117821008,-0.0002503817668184638
3.1945550000000003,ATT,3,,0.0,0.0,0.0,0.03,0.0,0.0,,0.0,,,,0.0,,,,,,,,,,,,,,,,,,,,,,
3.1945550000000003,XKF1,,,,,,,,,,,,,,,,0.0,0.0,,,0.0004517120883349466,,,,,,0.0,,,,,,,-0.00037649497971870005,,-0.00037649497971870005,-0.00024959034635685384
3.2945149999999996,ATT,3,,0.0,0.0,0.0,0.02,0.0,0.0,,0.0,,,,0.0,,,,,,,,,,,,,,,,,,,,,,
3.2945149999999996,XKF1,,,,,,,,,,,,,,,,0.0,0.0,,,0.000449382126231936,,,,,,0.0,,,,,,,-0.00033523188903927803,,-0.00033523188903927803,-0.0002992722438648343
3.3469939999999996,MSG,,,,,,,,,,,,,,,,,,,,,,,,,,,,,,,,,,EKF3 IMU1 tilt alignment complete,,
3.351992,MSG,,,,,,,,,,,,,,,,,,,,,,,,,,,,,,,,,,EKF3 IMU0 tilt alignment complete,,
3.394475,ATT,3,,0.0,0.0,0.0,0.02,0.0,0.0,,0.0,,,,0.0,,,,,,,,,,,,,,,,,,,,,,
3.394475,XKF1,,,,,,,,,,,,,,,,0.0,0.0,,,0.000413323176311576,,,,,,0.0,,,,,,,-0.00027968815993517637,,-0.00027968815993517637,-0.0003043198667000979
3.4369579999999997,MSG,,,,,,,,,,,,,,,,,,,,,,,,,,,,,,,,,,EKF3 IMU0 MAG0 initial yaw alignment complete,,
3.4369579999999997,EV,,,,,,,,,,,,,,,,,,,,,62,,,,EKF_YAW_RESET,,,,,,,,,,,
3.4444549999999996,MSG,,,,,,,,,,,,,,,,,,,,,,,,,,,,,,,,,,EKF3 IMU1 MAG0 initial yaw alignment complete,,
3.494435,ATT,3,,0.0,0.0,77.08,0.02,0.0,0.0,,0.0,,,,77.08,,,,,,,,,,,,,,,,,,,,,,
3.494435,XKF1,,,,,,,,,,,,,,,,0.0,0.0,,,0.0004057707758220518,,,,,,0.0,,,,,,,-0.0002821593079715967,,-0.0002821593079715967,-0.0002916094090323895
3.5943949999999996,ATT,3,,0.0,0.0,77.08,0.02,0.0,0.0,,0.0,,,,77.08,,,,,,,,,,,,,,,,,,,,,,
3.5943949999999996,XKF1,,,,,,,,,,,,,,,,0.0,0.0,,,0.0004100923692878912,,,,,,0.0,,,,,,,-0.0003307018196210265,,-0.0003307018196210265,-0.00024251197464764118
3.694355,ATT,3,,0.0,0.0,77.08,0.01,0.0,0.0,,0.0,,,,77.08,,,,,,,,,,,,,,,,,,,,,,
3.694355,XKF1,,,,,,,,,,,,,,,,0.0,0.0,,,0.00042197181307759965,,,,,,0.0,,,,,,,-0.00035293641849420965,,-0.00035293641849420965,-0.00023129222972784191
3.794315,ATT,3,,0.0,0.0,77.08,0.01,0.0,0.0,,0.0,,,,77.08,,,,,,,,,,,,,,,,,,,,,,
3.794315,XKF1,,,,,,,,,,,,,,,,0.0,0.0,,,0.0005032301999877249,,,,,,0.0,,,,,,,-0.0004211375489830971,,-0.0004211375489830971,-0.00027547014178708196
3.801812,MSG,,,,,,,,,,,,,,,,,,,,,,,,,,,,,,,,,,No ap_message for mavlink id (253),,
3.8942749999999995,ATT,3,,0.0,0.0,77.08,0.01,0.0,0.0,,0.0,,,,77.08,,,,,,,,,,,,,,,,,,,,,,
3.8942749999999995,XKF1,,,,,,,,,,,,,,,,0.0,0.0,,,0.000615274828150278,,,,,,0.0,,,,,,,-0.0005510152550414205,,-0.0005510152550414205,-0.0002737613976933062
3.9942349999999998,ATT,3,,0.0,0.0,77.08,0.01,0.0,0.0,,0.0,,,,77.08,,,,,,,,,,,,,,,,,,,,,,
3.9942349999999998,XKF1,,,,,,,,,,,,,,,,0.0,0.0,,,0.0007253158640446731,,,,,,0.0,,,,,,,-0.0006878795684315264,,-0.0006878795684315264,-0.00023001043882686645
4.094195,ATT,3,,0.0,0.0,77.08,0.01,0.0,0.0,,0.0,,,,77.08,,,,,,,,,,,,,,,,,,,,,,
4.094195,XKF1,,,,,,,,,,,,,,,,0.0,0.0,,,0.0008504853627393141,,,,,,0.0,,,,,,,-0.0008175887633115053,,-0.0008175887633115053,-0.00023425192921422422
4.1949879999999995,ATT,3,,0.0,0.0,77.08,0.01,0.0,0.0,,0.0,,,,77.08,,,,,,,,,,,,,,,,,,,,,,
4.1949879999999995,XKF1,,,,,,,,,,,,,,,,0.0,0.0,,,0.0009643917267217234,,,,,,0.0,,,,,,,-0.0009297651122324169,,-0.0009297651122324169,-0.000256102008279413
4.294948,ATT,3,,0.0,0.0,77.08,0.0,0.0,0.0,,0.0,,,,77.08,,,,,,,,,,,,,,,,,,,,,,
4.294948,XKF1,,,,,,,,,,,,,,,,0.0,0.0,,,0.001077998361875938,,,,,,0.0,,,,,,,-0.001034154323861003,,-0.001034154323861003,-0.0003043111937586218
4.394908,ATT,3,,0.0,0.0,77.08,0.0,0.0,0.0,,0.0,,,,77.08,,,,,,,,,,,,,,,,,,,,,,
4.394908,XKF1,,,,,,,,,,,,,,,,0.0,0.0,,,0.0011870409440702257,,,,,,0.0,,,,,,,-0.001140436390414834,,-0.001140436390414834,-0.000329349422827363
4.494868,ATT,3,,0.0,0.0,77.08,0.0,0.0,0.0,,0.0,,,,77.08,,,,,,,,,,,,,,,,,,,,,,
4.494868,XKF1,,,,,,,,,,,,,,,,0.0,0.0,,,0.0013257127989142472,,,,,,0.0,,,,,,,-0.0012644199887290597,,-0.0012644199887290597,-0.0003984426148235798
4.594828,ATT,3,,0.0,0.0,77.08,0.0,0.0,0.0,,0.0,,,,77.08,,,,,,,,,,,,,,,,,,,,,,
4.594828,XKF1,,,,,,,,,,,,,,,,0.0,0.0,,,0.001449466384196693,,,,,,0.0,,,,,,,-0.0013843716587871313,,-0.0013843716587871313,-0.00042949727503582835
4.694788,ATT,3,,0.0,0.0,77.08,0.0,0.0,0.0,,0.0,,,,77.08,,,,,,,,,,,,,,,,,,,,,,
4.694788,XKF1,,,,,,,,,,,,,,,,0.0,0.0,,,0.0015054369913118683,,,,,,0.0,,,,,,,-0.0014201131416484714,,-0.0014201131416484714,-0.000499619054608047
4.794748,ATT,3,,0.0,0.0,77.08,0.0,0.0,0.0,,0.0,,,,77.08,,,,,,,,,,,,,,,,,,,,,,
4.794748,XKF1,,,,,,,,,,,,,,,,0.0,0.0,,,0.00158963613797953,,,,,,0.0,,,,,,,-0.001479832106269896,,-0.001479832106269896,-0.0005805514520034194
4.894708,ATT,3,,0.0,0.0,77.08,0.0,0.0,0.0,,0.0,,,,77.08,,,,,,,,,,,,,,,,,,,,,,
4.894708,XKF1,,,,,,,,,,,,,,,,0.0,0.0,,,0.0016796016479425574,,,,,,0.0,,,,,,,-0.0015542911132797599,,-0.0015542911132797599,-0.0006365852896124125
4.994668,ATT,3,,0.0,0.0,77.08,0.0,0.0,0.0,,0.0,,,,77.08,,,,,,,,,,,,,,,,,,,,,,
4.994668,XKF1,,,,,,,,,,,,,,,,0.0,0.0,,,0.001746065513116129,,,,,,0.0,,,,,,,-0.0016152637545019388,,-0.0016152637545019388,-0.0006630744901485741
5.094628,ATT,3,,0.0,0.0,77.08,0.0,0.0,0.0,,0.01,,,,77.08,,,,,,,,,,,,,,,,,,,,,,
5.094628,XKF1,,,,,,,,,,,,,,,,0.0,0.0,,,0.0017932916070378798,,,,,,0.0,,,,,,,-0.001639230060391128,,-0.001639230060391128,-0.0007271998329088092
5.1945879999999995,ATT,3,,0.0,0.0,77.08,0.0,0.0,0.0,,0.01,,,,77.08,,,,,,,,,,,,,,,,,,,,,,
5.1945879999999995,XKF1,,,,,,,,,,,,,,,,0.0,0.0,,,0.0018298132119881226,,,,,,0.0,,,,,,,-0.001657547545619309,,-0.001657547545619309,-0.0007750822696834803
5.294548,ATT,3,,0.0,0.0,77.08,0.0,0.0,0.0,,0.01,,,,77.08,,,,,,,,,,,,,,,,,,,,,,
5.294548,XKF1,,,,,,,,,,,,,,,,0.0,0.0,,,0.0018452871976999145,,,,,,0.0,,,,,,,-0.001668799901381135,,-0.001668799901381135,-0.0007875225273892283
5.394508,ATT,3,,0.0,0.0,77.08,0.0,0.0,0.0,,0.01,,,,77.08,,,,,,,,,,,,,,,,,,,,,,
5.394508,XKF1,,,,,,,,,,,,,,,,0.0,0.0,,,0.0018286763396535477,,,,,,0.0,,,,,,,-0.0016474227886646986,,-0.0016474227886646986,-0.0007937602349556983
5.4944679999999995,ATT,3,,0.0,0.0,77.08,0.0,0.0,0.0,,0.01,,,,77.08,,,,,,,,,,,,,,,,,,,,,,
5.4944679999999995,XKF1,,,,,,,,,,,,,,,,0.0,0.0,,,0.0018233471321616854,,,,,,0.0,,,,,,,-0.0016315255779772997,,-0.0016315255779772997,-0.0008140755817294121
5.594428,ATT,3,,0.0,0.0,77.08,0.0,0.0,0.0,,0.01,,,,77.08,,,,,,,,,,,,,,,,,,,,,,
5.594428,XKF1,,,,,,,,,,,,,,,,0.0,0.0,,,0.00178574437523157,,,,,,0.0,,,,,,,-0.0015737962676212192,,-0.0015737962676212192,-0.0008438295335508883
5.694388,ATT,3,,0.0,0.0,77.08,0.0,0.0,0.0,,0.01,,,,77.08,,,,,,,,,,,,,,,,,,,,,,
5.694388,XKF1,,,,,,,,,,,,,,,,0.0,0.0,,,0.0017223759847509895,,,,,,0.0,,,,,,,-0.0015246685361489654,,-0.0015246685361489654,-0.0008012271136976779
5.794347999999999,ATT,3,,0.0,0.0,77.08,0.0,0.0,0.0,,0.01,,,,77.08,,,,,,,,,,,,,,,,,,,,,,
5.794347999999999,XKF1,,,,,,,,,,,,,,,,0.0,0.0,,,0.001671649596011258,,,,,,0.0,,,,,,,-0.00143499206751585,,-0.00143499206751585,-0.0008574439561925828
5.8943080000000005,ATT,3,,0.0,0.0,77.08,0.0,0.0,0.0,,0.01,,,,77.08,,,,,,,,,,,,,,,,,,,,,,
5.8943080000000005,XKF1,,,,,,,,,,,,,,,,0.0,0.0,,,0.001610716847680002,,,,,,0.0,,,,,,,-0.0013649269239977002,,-0.0013649269239977002,-0.0008552094805054367
5.994268,ATT,3,,0.0,0.0,77.08,0.0,0.0,0.0,,0.01,,,,77.08,,,,,,,,,,,,,,,,,,,,,,
5.994268,XKF1,,,,,,,,,,,,,,,,0.0,0.0,,,0.0015490669489313371,,,,,,0.0,,,,,,,-0.0012922525638714433,,-0.0012922525638714433,-0.0008542199502699077
6.094227999999999,MSG,,,,,,,,,,,,,,,,,,,,,,,,,,,,,,,,,,GPS 1: detected as u-blox at 230400 baud,,
6.094227999999999,ATT,3,,0.0,0.0,77.08,0.0,0.0,0.0,,0.01,,,,77.08,,,,,,,,,,,,,,,,,,,,,,
6.094227999999999,XKF1,,,,,,,,,,,,,,,,0.0,0.0,,,0.0015321052449371625,,,,,,0.0,,,,,,,-0.0012596226297318935,,-0.0012596226297318935,-0.0008721796330064535
6.1941880000000005,ATT,3,,0.0,0.0,77.08,0.0,0.0,0.0,,0.01,,,,77.08,,,,,,,,,,,,,,,,,,,,,,
6.1941880000000005,XKF1,,,,,,,,,,,,,,,,0.0,0.0,,,0.0015014783281603976,,,,,,0.0,,,,,,,-0.001220565871335566,,-0.001220565871335566,-0.000874446181114763
6.294981,ATT,3,,0.0,0.0,77.08,0.0,0.0,0.0,,0.01,,,,77.08,,,,,,,,,,,,,,,,,,,,,,
6.294981,XKF1,,,,,,,,,,,,,,,,0.0,0.0,,,0.0014175597266339927,,,,,,0.0,,,,,,,-0.0011096663074567914,,-0.0011096663074567914,-0.0008821089868433774
6.294981,POS,,,,,,,,,,,,,,,,0.011132000130089637,0.0,,,,,37.4274999,-122.1697,,,-0.011132000130089637,,,,-0.027388732880353928,,,,,,
6.394940999999999,ATT,3,,0.0,0.0,77.27,0.0,0.04,0.0,,0.01,,,,77.27,,,,,,,,,,,,,,,,,,,,,,
6.394940999999999,XKF1,,,,,,,,,,,,,,,,0.0,0.0,,,0.0014209923755558326,,,,,,0.0,,,,,,,-0.001083971350453794,,-0.001083971350453794,-0.0009188174153678119
6.394940999999999,POS,,,,,,,,,,,,,,,,0.011132000130089637,0.0,,,,,37.4274999,-122.1697,,,-0.011132000130089637,,,,-0.027388732880353928,,,,,,
6.402438,MODE,,,,,,,,,,,,,,,,,,,,,,,,GUIDED,,,,2,GCS_COMMAND,,,,,,,
6.434925,MSG,,,,,,,,,,,,,,,,,,,,,,,,,,,,,,,,,,Arm: Accels inconsistent,,
6.434925,MSG,,,,,,,,,,,,,,,,,,,,,,,,,,,,,,,,,,Arm: AHRS: waiting for home,,
6.434925,MSG,,,,,,,,,,,,,,,,,,,,,,,,,,,,,,,,,,Arm: Fence requires position,,
6.4949010000000005,ATT,3,,0.0,0.0,77.74,0.0,0.07,0.0,,0.01,,,,77.74,,,,,,,,,,,,,,,,,,,,,,
6.4949010000000005,XKF1,,,,,,,,,,,,,,,,0.0,0.0,,,0.001455547256272119,,,,,,0.0,,,,,,,-0.001103013171814382,,-0.001103013171814382,-0.0009497261489741504
6.4949010000000005,POS,,,,,,,,,,,,,,,,0.011132000130089637,0.0,,,,,37.4274999,-122.1697,,,-0.011132000130089637,,,,-0.027388732880353928,,,,,,
6.594861,ATT,3,,0.0,0.0,78.36,0.0,0.09,0.0,,0.01,,,,78.36,,,,,,,,,,,,,,,,,,,,,,
6.594861,XKF1,,,,,,,,,,,,,,,,0.0,0.0,,,0.0015428527318130283,,,,,,0.0,,,,,,,-0.0011528927134349942,,-0.0011528927134349942,-0.001025296514853835
6.594861,POS,,,,,,,,,,,,,,,,0.011132000130089637,0.0,,,,,37.4274999,-122.1697,,,-0.011132000130089637,,,,-0.027388732880353928,,,,,,
6.694820999999999,ATT,3,,0.0,0.0,78.99,0.0,0.11,0.0,,0.01,,,,78.99,,,,,,,,,,,,,,,,,,,,,,
6.694820999999999,XKF1,,,,,,,,,,,,,,,,0.0,0.0,,,0.001560370314314555,,,,,,0.0,,,,,,,-0.0011093895882368088,,-0.0011093895882368088,-0.001097274012863636
6.694820999999999,POS,,,,,,,,,,,,,,,,0.011132000130089637,0.0,,,,,37.4274999,-122.1697,,,-0.011132000130089637,,,,-0.027388732880353928,,,,,,
6.794781,ATT,3,,0.0,0.0,79.58,0.0,0.12,0.0,,0.01,,,,79.58,,,,,,,,,,,,,,,,,,,,,,
6.794781,XKF1,,,,,,,,,,,,,,,,0.0,0.0,,,0.0016969246445212242,,,,,,0.0,,,,,,,-0.0011962017742916942,,-0.0011962017742916942,-0.0012036006664857268
6.794781,POS,,,,,,,,,,,,,,,,0.011132000130089637,0.0,,,,,37.4274999,-122.1697,,,-0.011132000130089637,,,,-0.027388732880353928,,,,,,
6.894741,ATT,3,,0.0,0.0,80.15,0.0,0.12,0.0,,0.01,,,,80.15,,,,,,,,,,,,,,,,,,,,,,
6.894741,XKF1,,,,,,,,,,,,,,,,0.0,0.0,,,0.0017433072933815802,,,,,,0.0,,,,,,,-0.0012113724369555712,,-0.0012113724369555712,-0.0012536734575405717
6.894741,POS,,,,,,,,,,,,,,,,0.011132000130089637,0.0,,,,,37.4274999,-122.1697,,,-0.011132000130089637,,,,-0.027388732880353928,,,,,,
6.994700999999999,ATT,3,,0.0,0.0,80.68,0.0,0.12,0.0,,0.01,,,,80.68,,,,,,,,,,,,,,,,,,,,,,
6.994700999999999,XKF1,,,,,,,,,,,,,,,,0.0,0.0,,,0.0017640243416442833,,,,,,0.0,,,,,,,-0.0011728281388059258,,-0.0011728281388059258,-0.0013176706852391362
6.994700999999999,POS,,,,,,,,,,,,,,,,0.011132000130089637,0.0,,,,,37.4274999,-122.1697,,,-0.011132000130089637,,,,-0.027388732880353928,,,,,,
7.094661,ATT,3,,0.0,0.0,81.2,0.0,0.12,0.0,,0.01,,,,81.2,,,,,,,,,,,,,,,,,,,,,,
7.094661,XKF1,,,,,,,,,,,,,,,,0.0,0.0,,,0.001727154787069574,,,,,,0.0,,,,,,,-0.001116173341870308,,-0.001116173341870308,-0.00131803669501096
7.094661,POS,,,,,,,,,,,,,,,,0.011132000130089637,0.0,,,,,37.4274999,-122.1697,,,-0.011132000130089637,,,,-0.027388732880353928,,,,,,
7.194621,ATT,3,,0.0,0.0,81.71,0.0,0.12,0.0,,0.01,,,,81.71,,,,,,,,,,,,,,,,,,,,,,
7.194621,XKF1,,,,,,,,,,,,,,,,0.0,0.0,,,0.0017303458403585094,,,,,,0.0,,,,,,,-0.0011108480393886566,,-0.0011108480393886566,-0.00132669263985008
7.194621,POS,,,,,,,,,,,,,,,,0.011132000130089637,0.0,,,,,37.4274999,-122.1697,,,-0.011132000130089637,,,,-0.027388732880353928,,,,,,
7.294580999999999,ATT,3,,0.0,0.0,82.2,0.0,0.11,0.0,,0.01,,,,82.2,,,,,,,,,,,,,,,,,,,,,,
7.294580999999999,XKF1,,,,,,,,,,,,,,,,0.0,0.0,,,0.0017057093182071344,,,,,,0.0,,,,,,,-0.0010780610609799623,,-0.0010780610609799623,-0.0013218277599662542
7.294580999999999,POS,,,,,,,,,,,,,,,,0.011132000130089637,0.0,,,,,37.4274999,-122.1697,,,-0.011132000130089637,,,,-0.027388732880353928,,,,,,
7.394541,ATT,3,,0.0,0.0,82.68,0.0,0.11,0.0,,0.01,,,,82.68,,,,,,,,,,,,,,,,,,,,,,
7.394541,XKF1,,,,,,,,,,,,,,,,0.0,0.0,,,0.0017845202048611202,,,,,,0.0,,,,,,,-0.0010730305220931768,,-0.0010730305220931768,-0.0014258744195103645
7.394541,POS,,,,,,,,,,,,,,,,0.011132000130089637,0.0,,,,,37.4274999,-122.1697,,,-0.011132000130089637,,,,-0.027388732880353928,,,,,,
7.494501,ATT,3,,0.0,0.0,83.15,0.0,0.1,0.0,,0.01,,,,83.15,,,,,,,,,,,,,,,,,,,,,,
7.494501,XKF1,,,,,,,,,,,,,,,,0.0,0.0,,,0.0017907594886282909,,,,,,0.0,,,,,,,-0.00101414043456316,,-0.00101414043456316,-0.0014759196201339364
7.494501,POS,,,,,,,,,,,,,,,,0.011132000130089637,0.0,,,,,37.4274999,-122.1697,,,-0.011132000130089637,,,,-0.027388732880353928,,,,,,
7.594460999999999,ATT,3,,0.0,0.0,83.6,0.0,0.1,0.0,,0.01,,,,83.6,,,,,,,,,,,,,,,,,,,,,,
7.594460999999999,XKF1,,,,,,,,,,,,,,,,0.0,0.0,,,0.0017693975699958414,,,,,,0.0,,,,,,,-0.000970614142715931,,-0.0009706141427159309,-0.0014794174348935485
7.594460999999999,POS,,,,,,,,,,,,,,,,0.011132000130089637,0.0,,,,,37.4274999,-122.1697,,,-0.011132000130089637,,,,-0.027388732880353928,,,,,,
7.694421,ATT,3,,0.0,0.0,84.03,0.0,0.09,0.0,,0.01,,,,84.03,,,,,,,,,,,,,,,,,,,,,,
7.694421,XKF1,,,,,,,,,,,,,,,,0.0,0.0,,,0.0017432508099182436,,,,,,0.0,,,,,,,-0.0009283090475946666,,-0.0009283090475946665,-0.0014755221782252192
7.694421,POS,,,,,,,,,,,,,,,,0.011132000130089637,0.0,,,,,37.4274999,-122.1697,,,-0.011132000130089637,,,,-0.027388732880353928,,,,,,
7.794381,ATT,3,,0.0,0.0,84.46,0.0,0.09,0.0,,0.01,,,,84.46,,,,,,,,,,,,,,,,,,,,,,
7.794381,XKF1,,,,,,,,,,,,,,,,0.0,0.0,,,0.0017802255584159013,,,,,,0.0,,,,,,,-0.0008834918844513596,,-0.0008834918844513595,-0.001545524224638939
7.794381,POS,,,,,,,,,,,,,,,,0.011132000130089637,0.0,,,,,37.4274999,-122.1697,,,-0.011132000130089637,,,,-0.027388732880353928,,,,,,
7.894341000000001,ATT,3,,0.0,0.0,84.87,0.0,0.08,0.0,,0.01,,,,84.87,,,,,,,,,,,,,,,,,,,,,,
7.894341000000001,XKF1,,,,,,,,,,,,,,,,0.0,0.0,,,0.0017626848174507534,,,,,,0.0,,,,,,,-0.0008726115920580925,,-0.0008726115920580924,-0.00153153738938272
7.894341000000001,POS,,,,,,,,,,,,,,,,0.011132000130089637,0.0,,,,,37.4274999,-122.1697,,,-0.011132000130089637,,,,-0.027388732880353928,,,,,,
7.994301,ATT,3,,0.0,0.0,85.26,0.0,0.07,0.0,,0.01,,,,85.26,,,,,,,,,,,,,,,,,,,,,,
7.994301,XKF1,,,,,,,,,,,,,,,,0.0,0.0,,,0.0017450582275798825,,,,,,0.0,,,,,,,-0.0008256968576461078,,-0.0008256968576461077,-0.001537352567538619
7.994301,POS,,,,,,,,,,,,,,,,0.011132000130089637,0.0,,,,,37.4274999,-122.1697,,,-0.011132000130089637,,,,-0.027388732880353928,,,,,,
8.094261,ATT,3,,0.0,0.0,85.63,0.0,0.07,0.0,,0.01,,,,85.63,,,,,,,,,,,,,,,,,,,,,,
8.094261,XKF1,,,,,,,,,,,,,,,,0.0,0.0,,,0.00174996641393027,,,,,,0.0,,,,,,,-0.0007582029793411494,,-0.0007582029793411493,-0.0015771844191476703
8.094261,POS,,,,,,,,,,,,,,,,0.011132000130089637,0.0,,,,,37.4274999,-122.1697,,,-0.011132000130089637,,,,-0.027388732880353928,,,,,,
8.194221,ATT,3,,0.0,0.0,86.0,0.0,0.06,0.0,,0.01,,,,86.0,,,,,,,,,,,,,,,,,,,,,,
8.194221,XKF1,,,,,,,,,,,,,,,,0.0,0.0,,,0.001703031015088965,,,,,,0.0,,,,,,,-0.0007364650955423714,,-0.0007364650955423713,-0.001535556511953473
8.194221,POS,,,,,,,,,,,,,,,,0.011132000130089637,0.0,,,,,37.4274999,-122.1697,,,-0.011132000130089637,,,,-0.027388732880353928,,,,,,
8.294181,ATT,3,,0.0,0.0,86.36,0.0,0.06,0.0,,0.01,,,,86.36,,,,,,,,,,,,,,,,,,,,,,
8.294181,XKF1,,,,,,,,,,,,,,,,0.0,0.0,,,0.0016782189533587335,,,,,,0.0,,,,,,,-0.0006933734402991832,,-0.0006933734402991831,-0.0015282840467989445
8.294181,POS,,,,,,,,,,,,,,,,0.011132000130089637,0.0,,,,,37.4274999,-122.1697,,,-0.011132000130089637,,,,-0.027388732880353928,,,,,,
8.394974,ATT,3,,0.0,0.0,86.7,0.0,0.05,0.0,,0.01,,,,86.7,,,,,,,,,,,,,,,,,,,,,,
8.394974,XKF1,,,,,,,,,,,,,,,,0.0,0.0,,,0.0016935335460160211,,,,,,0.0,,,,,,,-0.000717967690434307,,-0.0007179676904343069,-0.001533811679109931
8.394974,POS,,,,,,,,,,,,,,,,0.011132000130089637,0.0,,,,,37.4274999,-122.1697,,,-0.011132000130089637,,,,-0.027388732880353928,,,,,,
8.494934,ATT,3,,0.0,0.0,87.04,0.0,0.05,0.0,,0.01,,,,87.04,,,,,,,,,,,,,,,,,,,,,,
8.494934,XKF1,,,,,,,,,,,,,,,,0.0,0.0,,,0.0017074989333407938,,,,,,0.0,,,,,,,-0.0007070319843478502,,-0.0007070319843478501,-0.0015542388428002596
8.494934,POS,,,,,,,,,,,,,,,,0.011132000130089637,0.0,,,,,37.4274999,-122.1697,,,-0.011132000130089637,,,,-0.027388732880353928,,,,,,
8.594894,ATT,3,,0.0,0.0,87.36,0.0,0.04,0.0,,0.01,,,,87.36,,,,,,,,,,,,,,,,,,,,,,
8.594894,XKF1,,,,,,,,,,,,,,,,0.0,0.0,,,0.001726583152637053,,,,,,0.0,,,,,,,-0.0006680726073682309,,-0.0006680726073682308,-0.001592095592059195
8.594894,POS,,,,,,,,,,,,,,,,0.011132000130089637,0.0,,,,,37.4274999,-122.1697,,,-0.011132000130089637,,,,-0.027388732880353928,,,,,,
8.694854,ATT,3,,0.0,0.0,87.67,0.0,0.04,0.0,,0.01,,,,87.67,,,,,,,,,,,,,,,,,,,,,,
8.694854,XKF1,,,,,,,,,,,,,,,,0.0,0.0,,,0.0017016797559002133,,,,,,0.0,,,,,,,-0.0006796758389100433,,-0.0006796758389100432,-0.0015600495971739292
8.694854,POS,,,,,,,,,,,,,,,,0.011132000130089637,0.0,,,,,37.4274999,-122.1697,,,-0.011132000130089637,,,,-0.027388732880353928,,,,,,
8.794814,ATT,3,,0.0,0.0,87.97,0.0,0.04,0.0,,0.01,,,,87.97,,,,,,,,,,,,,,,,,,,,,,
8.794814,XKF1,,,,,,,,,,,,,,,,0.0,0.0,,,0.0017342827882454019,,,,,,0.0,,,,,,,-0.0007222396670840682,,-0.0007222396670840681,-0.001576739246957004
8.794814,POS,,,,,,,,,,,,,,,,0.011132000130089637,0.0,,,,,37.4274999,-122.1697,,,-0.011132000130089637,,,,-0.027388732880353928,,,,,,
8.894774,ATT,3,,0.0,0.0,88.26,0.0,0.03,0.0,,0.01,,,,88.26,,,,,,,,,,,,,,,,,,,,,,
8.894774,XKF1,,,,,,,,,,,,,,,,0.0,0.0,,,0.001740829624006027,,,,,,0.0,,,,,,,-0.0007182567496784032,,-0.0007182567496784031,-0.0015857474645599723
8.894774,POS,,,,,,,,,,,,,,,,0.011132000130089637,0.0,,,,,37.4274999,-122.1697,,,-0.011132000130089637,,,,-0.027388732880353928,,,,,,
8.994734,ATT,3,,0.0,0.0,88.53,0.0,0.03,0.0,,0.01,,,,88.53,,,,,,,,,,,,,,,,,,,,,,
8.994734,XKF1,,,,,,,,,,,,,,,,0.0,0.0,,,0.0017415440774896694,,,,,,0.0,,,,,,,-0.0007360961171798409,,-0.0007360961171798408,-0.0015783340204507113
8.994734,POS,,,,,,,,,,,,,,,,0.011132000130089637,0.0,,,,,37.4274999,-122.1697,,,-0.011132000130089637,,,,-0.027388732880353928,,,,,,
9.094694,ATT,3,,0.0,0.0,88.8,0.0,0.03,0.0,,0.01,,,,88.8,,,,,,,,,,,,,,,,,,,,,,
9.094694,XKF1,,,,,,,,,,,,,,,,0.0,0.0,,,0.0017558438419906924,,,,,,0.0,,,,,,,-0.0007154231425374747,,-0.0007154231425374746,-0.0016034828731790185
9.094694,POS,,,,,,,,,,,,,,,,0.011132000130089637,0.0,,,,,37.4274999,-122.1697,,,-0.011132000130089637,,,,-0.027388732880353928,,,,,,
9.194654,ATT,3,,0.0,0.0,89.05,0.0,0.02,0.0,,0.01,,,,89.05,,,,,,,,,,,,,,,,,,,,,,
9.194654,XKF1,,,,,,,,,,,,,,,,0.0,0.0,,,0.0017951277755065326,,,,,,0.0,,,,,,,-0.000718256225809455,,-0.0007182562258094549,-0.0016451722476631403
9.194654,POS,,,,,,,,,,,,,,,,0.011132000130089637,0.0,,,,,37.4274999,-122.1697,,,-0.011132000130089637,,,,-0.027388732880353928,,,,,,
9.294614,ATT,3,,0.0,0.0,89.29,0.0,0.02,0.0,,0.01,,,,89.29,,,,,,,,,,,,,,,,,,,,,,
9.294614,XKF1,,,,,,,,,,,,,,,,0.0,0.0,,,0.0017330642850602296,,,,,,0.0,,,,,,,-0.0006784825236536564,,-0.0006784825236536562,-0.0015947329811751842
9.294614,POS,,,,,,,,,,,,,,,,0.011132000130089637,0.0,,,,,37.4274999,-122.1697,,,-0.011132000130089637,,,,-0.027388732880353928,,,,,,
9.394574,ATT,3,,0.0,0.0,89.52,0.0,0.02,0.0,,0.01,,,,89.52,,,,,,,,,,,,,,,,,,,,,,
9.394574,XKF1,,,,,,,,,,,,,,,,0.0,0.0,,,0.0017540231435002162,,,,,,0.0,,,,,,,-0.000668331515043974,,-0.0006683315150439739,-0.0016217059455811977
9.394574,POS,,,,,,,,,,,,,,,,0.011132000130089637,0.0,,,,,37.4274999,-122.1697,,,-0.011132000130089637,,,,-0.027388732880353928,,,,,,
9.494534,ATT,3,,0.0,0.0,89.74,0.0,0.02,0.0,,0.01,,,,89.74,,,,,,,,,,,,,,,,,,,,,,
9.494534,XKF1,,,,,,,,,,,,,,,,0.0,0.0,,,0.0017484702737235044,,,,,,0.0,,,,,,,-0.0006400655256584288,,-0.0006400655256584287,-0.0016271030763164163
9.494534,POS,,,,,,,,,,,,,,,,0.011132000130089637,0.0,,,,,37.4274999,-122.1697,,,-0.011132000130089637,,,,-0.027388732880353928,,,,,,
9.594494,ATT,3,,0.0,0.0,89.96,0.0,0.02,0.0,,0.01,,,,89.96,,,,,,,,,,,,,,,,,,,,,,
9.594494,XKF1,,,,,,,,,,,,,,,,0.0,0.0,,,0.0017867716651256255,,,,,,0.0,,,,,,,-0.0006472368841059507,,-0.0006472368841059506,-0.0016654240898787975
9.594494,POS,,,,,,,,,,,,,,,,0.011132000130089637,0.0,,,,,37.4274999,-122.1697,,,-0.011132000130089637,,,,-0.027388732880353928,,,,,,
9.694454,ATT,3,,0.0,0.0,90.16,0.0,0.01,0.0,,0.01,,,,90.16,,,,,,,,,,,,,,,,,,,,,,
9.694454,XKF1,,,,,,,,,,,,,,,,0.0,0.0,,,0.001778219682326071,,,,,,0.0,,,,,,,-0.0006172827561385931,,-0.000617282756138593,-0.0016676412196829915
9.694454,POS,,,,,,,,,,,,,,,,0.011132000130089637,0.0,,,,,37.4274999,-122.1697,,,-0.011132000130089637,,,,-0.027388732880353928,,,,,,
9.794414,ATT,3,,0.0,0.0,90.35,0.0,0.01,0.0,,0.01,,,,90.35,,,,,,,,,,,,,,,,,,,,,,
9.794414,XKF1,,,,,,,,,,,,,,,,0.0,0.0,,,0.0018344211907911135,,,,,,0.0,,,,,,,-0.0006288604927249254,,-0.0006288604927249253,-0.001723263063468039
9.794414,POS,,,,,,,,,,,,,,,,0.011132000130089637,0.0,,,,,37.4274999,-122.1697,,,-0.011132000130089637,,,,-0.027388732880353928,,,,,,
9.894374,ATT,3,,0.0,0.0,90.54,0.0,0.01,0.0,,0.01,,,,90.54,,,,,,,,,,,,,,,,,,,,,,
9.894374,XKF1,,,,,,,,,,,,,,,,0.0,0.0,,,0.0018667701088835994,,,,,,0.0,,,,,,,-0.000628011825028807,,-0.0006280118250288069,-0.0017579623963683844
9.894374,POS,,,,,,,,,,,,,,,,0.011132000130089637,0.0,,,,,37.4274999,-122.1697,,,-0.011132000130089637,,,,-0.027388732880353928,,,,,,
9.994334,ATT,3,,0.0,0.0,90.71,0.0,0.01,0.0,,0.01,,,,90.71,,,,,,,,,,,,,,,,,,,,,,
9.994334,XKF1,,,,,,,,,,,,,,,,0.0,0.0,,,0.0018749298353703259,,,,,,0.0,,,,,,,-0.0006373045034706594,,-0.0006373045034706593,-0.0017632937524467707
9.994334,POS,,,,,,,,,,,,,,,,0.011132000130089637,0.0,,,,,37.4274999,-122.1697,,,-0.011132000130089637,,,,-0.027388732880353928,,,,,,
10.094294,ATT,3,,0.0,0.0,90.88,0.0,0.01,0.0,,0.01,,,,90.88,,,,,,,,,,,,,,,,,,,,,,
10.094294,XKF1,,,,,,,,,,,,,,,,0.0,0.0,,,0.0018932797578509707,,,,,,0.0,,,,,,,-0.0006495415582321585,,-0.0006495415582321584,-0.0017783711664378643
10.094294,POS,,,,,,,,,,,,,,,,0.011132000130089637,0.0,,,,,37.4274999,-122.1697,,,-0.011132000130089637,,,,-0.027388732880353928,,,,,,
10.194253999999999,ATT,3,,0.0,0.0,91.04,0.0,0.01,0.0,,0.01,,,,91.04,,,,,,,,,,,,,,,,,,,,,,
10.194253999999999,XKF1,,,,,,,,,,,,,,,,0.0,0.0,,,0.0019146009214398138,,,,,,0.0,,,,,,,-0.0006734798662364484,,-0.0006734798662364483,-0.0017922392580658197
10.194253999999999,POS,,,,,,,,,,,,,,,,0.011132000130089637,0.0,,,,,37.4274999,-122.1697,,,-0.011132000130089637,,,,-0.027388732880353928,,,,,,
10.294214,ATT,3,,0.0,0.0,91.2,0.0,0.01,0.0,,0.01,,,,91.2,,,,,,,,,,,,,,,,,,,,,,
10.294214,XKF1,,,,,,,,,,,,,,,,0.0,0.0,,,0.0018817134670597775,,,,,,0.0,,,,,,,-0.0006324131973087789,,-0.0006324131973087788,-0.001772258197888732
10.294214,POS,,,,,,,,,,,,,,,,0.011132000130089637,0.0,,,,,37.4274999,-122.1697,,,-0.011132000130089637,,,,-0.027388732880353928,,,,,,
10.394174,ATT,3,,0.0,0.0,91.34,0.0,0.01,0.0,,0.01,,,,91.34,,,,,,,,,,,,,,,,,,,,,,
10.394174,XKF1,,,,,,,,,,,,,,,,0.0,0.0,,,0.001968384736916526,,,,,,0.0,,,,,,,-0.0006129860994406046,,-0.0006129860994406044,-0.0018705043476074934
10.394174,POS,,,,,,,,,,,,,,,,0.011132000130089637,0.0,,,,,37.4274999,-122.1697,,,-0.011132000130089637,,,,-0.027388732880353928,,,,,,
10.494966999999999,ATT,3,,0.0,0.0,91.48,0.0,0.0,0.0,,0.01,,,,91.48,,,,,,,,,,,,,,,,,,,,,,
10.494966999999999,XKF1,,,,,,,,,,,,,,,,0.0,0.0,,,0.0019708464148146085,,,,,,0.0,,,,,,,-0.0006191449356265367,,-0.0006191449356265366,-0.0018710679141804576
10.494966999999999,POS,,,,,,,,,,,,,,,,0.011132000130089637,0.0,,,,,37.4274999,-122.1697,,,-0.011132000130089637,,,,-0.027388732880353928,,,,,,
10.594927,ATT,3,,0.0,0.0,91.61,0.0,0.0,0.0,,0.01,,,,91.61,,,,,,,,,,,,,,,,,,,,,,
10.594927,XKF1,,,,,,,,,,,,,,,,0.0,0.0,,,0.0019615909076211974,,,,,,0.0,,,,,,,-0.0006495033740065993,,-0.0006495033740065992,-0.001850941451266408
10.594927,POS,,,,,,,,,,,,,,,,0.011132000130089637,0.0,,,,,37.4274999,-122.1697,,,-0.011132000130089637,,,,-0.027388732880353928,,,,,,
10.694887,ATT,3,,0.0,0.0,91.74,0.0,0.0,0.0,,0.01,,,,91.74,,,,,,,,,,,,,,,,,,,,,,
10.694887,XKF1,,,,,,,,,,,,,,,,0.0,0.0,,,0.0020279390013048107,,,,,,0.0,,,,,,,-0.0006792754284106196,,-0.0006792754284106195,-0.0019107908010482788
10.694887,POS,,,,,,,,,,,,,,,,0.011132000130089637,0.0,,,,,37.4274999,-122.1697,,,-0.011132000130089637,,,,-0.027388732880353928,,,,,,
10.794847,ATT,3,,0.0,0.0,91.86,0.0,0.0,0.0,,0.01,,,,91.86,,,,,,,,,,,,,,,,,,,,,,
10.794847,XKF1,,,,,,,,,,,,,,,,0.0,0.0,,,0.0020562569376198396,,,,,,0.0,,,,,,,-0.0007651742198504509,,-0.0007651742198504508,-0.0019085861276835203
10.794847,POS,,,,,,,,,,,,,,,,0.011132000130089637,0.0,,,,,37.4274999,-122.1697,,,-0.011132000130089637,,,,-0.027388732880353928,,,,,,
10.894807,ATT,3,,0.0,0.0,91.97,0.0,0.0,0.0,,0.01,,,,91.97,,,,,,,,,,,,,,,,,,,,,,
10.894807,XKF1,,,,,,,,,,,,,,,,0.0,0.0,,,0.0021098535883610856,,,,,,0.0,,,,,,,-0.0008491199696436525,,-0.0008491199696436524,-0.0019314443925395608
10.894807,POS,,,,,,,,,,,,,,,,0.011132000130089637,0.0,,,,,37.4274999,-122.1697,,,-0.011132000130089637,,,,-0.027388732880353928,,,,,,
10.994767,ATT,3,,0.0,0.0,92.07,0.0,0.0,0.0,,0.01,,,,92.07,,,,,,,,,,,,,,,,,,,,,,
10.994767,XKF1,,,,,,,,,,,,,,,,0.0,0.0,,,0.0021608341421652097,,,,,,0.0,,,,,,,-0.0008841601666063071,,-0.000884160166606307,-0.0019716655369848013
10.994767,POS,,,,,,,,,,,,,,,,0.011132000130089637,0.0,,,,,37.4274999,-122.1697,,,-0.011132000130089637,,,,-0.027388732880353928,,,,,,
11.094727,ATT,3,,0.0,0.0,92.18,0.0,0.0,0.0,,0.01,,,,92.18,,,,,,,,,,,,,,,,,,,,,,
11.094727,XKF1,,,,,,,,,,,,,,,,0.0,0.0,,,0.002206458575950025,,,,,,0.0,,,,,,,-0.000935515738092363,,-0.0009355157380923629,-0.001998316729441285
11.094727,POS,,,,,,,,,,,,,,,,0.011132000130089637,0.0,,,,,37.4274999,-122.1697,,,-0.011132000130089637,,,,-0.027388732880353928,,,,,,
11.194687,ATT,3,,0.0,0.0,92.27,0.0,0.0,0.0,,0.01,,,,92.27,,,,,,,,,,,,,,,,,,,,,,
11.194687,XKF1,,,,,,,,,,,,,,,,0.0,0.0,,,0.0022270553464352892,,,,,,0.0,,,,,,,-0.0009673031745478512,,-0.0009673031745478511,-0.0020060159731656313
11.194687,POS,,,,,,,,,,,,,,,,0.011132000130089637,0.0,,,,,37.4274999,-122.1697,,,-0.011132000130089637,,,,-0.027388732880353928,,,,,,
11.294647,ATT,3,,0.0,0.0,92.36,0.0,0.0,0.0,,0.01,,,,92.36,,,,,,,,,,,,,,,,,,,,,,
11.294647,XKF1,,,,,,,,,,,,,,,,0.0,0.0,,,0.0022961831851318337,,,,,,0.0,,,,,,,-0.0010338962310925128,,-0.0010338962310925126,-0.0020502477418631315
11.294647,POS,,,,,,,,,,,,,,,,0.011132000130089637,0.0,,,,,37.4274999,-122.1697,,,-0.011132000130089637,,,,-0.027388732880353928,,,,,,
11.394607,ATT,3,,0.0,0.0,92.45,0.0,0.0,0.0,,0.01,,,,92.45,,,,,,,,,,,,,,,,,,,,,,
11.394607,XKF1,,,,,,,,,,,,,,,,0.0,0.0,,,0.0023031329542848793,,,,,,0.0,,,,,,,-0.0011219397420063617,,-0.0011219397420063615,-0.0020113857463002205
11.394607,POS,,,,,,,,,,,,,,,,0.011132000130089637,0.0,,,,,37.4274999,-122.1697,,,-0.011132000130089637,,,,-0.027388732880353928,,,,,,
11.494567,ATT,3,,0.0,0.0,92.53,0.0,0.0,0.0,,0.01,,,,92.53,,,,,,,,,,,,,,,,,,,,,,
11.494567,XKF1,,,,,,,,,,,,,,,,0.0,0.0,,,0.0023675706084512636,,,,,,0.0,,,,,,,-0.0012188472319394352,,-0.001218847231939435,-0.0020297295413911343
11.494567,POS,,,,,,,,,,,,,,,,0.011132000130089637,0.0,,,,,37.4274999,-122.1697,,,-0.011132000130089637,,,,-0.027388732880353928,,,,,,
11.594527,ATT,3,,0.0,0.0,92.61,0.0,0.0,0.0,,0.01,,,,92.61,,,,,,,,,,,,,,,,,,,,,,
11.594527,XKF1,,,,,,,,,,,,,,,,0.0,0.0,,,0.0024414537378236387,,,,,,0.0,,,,,,,-0.001258831471204758,,-0.0012588314712047577,-0.0020918985828757286
11.594527,POS,,,,,,,,,,,,,,,,0.011132000130089637,0.0,,,,,37.4274999,-122.1697,,,-0.011132000130089637,,,,-0.027388732880353928,,,,,,
11.694487,ATT,3,,0.0,0.0,92.68,0.0,0.0,0.0,,0.01,,,,92.68,,,,,,,,,,,,,,,,,,,,,,
11.694487,XKF1,,,,,,,,,,,,,,,,0.0,0.0,,,0.002472096167415335,,,,,,0.0,,,,,,,-0.0013281059218570592,,-0.001328105921857059,-0.002085040556266904
11.694487,POS,,,,,,,,,,,,,,,,0.011132000130089637,0.0,,,,,37.4274999,-122.1697,,,-0.011132000130089637,,,,-0.027388732880353928,,,,,,
11.794447,ATT,3,,0.0,0.0,92.75,0.0,0.0,0.0,,0.01,,,,92.75,,,,,,,,,,,,,,,,,,,,,,
11.794447,XKF1,,,,,,,,,,,,,,,,0.0,0.0,,,0.002546902386292004,,,,,,0.0,,,,,,,-0.0014012590982019903,,-0.0014012590982019901,-0.00212677801027894
11.794447,POS,,,,,,,,,,,,,,,,0.011132000130089637,0.0,,,,,37.4274999,-122.1697,,,-0.011132000130089637,,,,-0.027388732880353928,,,,,,
11.894407,ATT,3,,0.0,0.0,92.82,0.0,0.0,0.0,,0.01,,,,92.82,,,,,,,,,,,,,,,,,,,,,,
11.894407,XKF1,,,,,,,,,,,,,,,,0.0,0.0,,,0.002619608795928696,,,,,,0.0,,,,,,,-0.0014622536255046727,,-0.0014622536255046725,-0.002173514338210225
11.894407,POS,,,,,,,,,,,,,,,,0.011132000130089637,0.0,,,,,37.4274999,-122.1697,,,-0.011132000130089637,,,,-0.027388732880353928,,,,,,
11.994367,ATT,3,,0.0,0.0,92.88,0.0,0.0,0.0,,0.01,,,,92.88,,,,,,,,,,,,,,,,,,,,,,
11.994367,XKF1,,,,,,,,,,,,,,,,0.0,0.0,,,0.0026719351767403926,,,,,,0.0,,,,,,,-0.0015295579796656968,,-0.0015295579796656966,-0.002190819475799799
11.994367,POS,,,,,,,,,,,,,,,,0.011132000130089637,0.0,,,,,37.4274999,-122.1697,,,-0.011132000130089637,,,,-0.027388732880353928,,,,,,
12.094327,ATT,3,,0.0,0.0,92.93,0.0,0.0,0.0,,0.01,,,,92.93,,,,,,,,,,,,,,,,,,,,,,
12.094327,XKF1,,,,,,,,,,,,,,,,0.0,0.0,,,0.002808278261759325,,,,,,0.0,,,,,,,-0.0016388846561312678,,-0.0016388846561312675,-0.0022804569453001022
12.094327,POS,,,,,,,,,,,,,,,,0.011132000130089637,0.0,,,,,37.4274999,-122.1697,,,-0.011132000130089637,,,,-0.027388732880353928,,,,,,
12.194287,ATT,3,,0.0,0.0,92.99,0.0,0.0,0.0,,0.01,,,,92.99,,,,,,,,,,,,,,,,,,,,,,
12.194287,XKF1,,,,,,,,,,,,,,,,0.0,0.0,,,0.0028748523024733135,,,,,,0.0,,,,,,,-0.0016851382097229364,,-0.0016851382097229362,-0.002329181181266904
12.194287,POS,,,,,,,,,,,,,,,,0.011132000130089637,0.0,,,,,37.4274999,-122.1697,,,-0.011132000130089637,,,,-0.027388732880353928,,,,,,
12.294247,ATT,3,,0.0,0.0,93.04,0.0,0.0,0.0,,0.01,,,,93.04,,,,,,,,,,,,,,,,,,,,,,
12.294247,XKF1,,,,,,,,,,,,,,,,0.0,0.0,,,0.0030073802900803274,,,,,,0.0,,,,,,,-0.0018244876991957428,,-0.0018244876991957426,-0.002390728099271655
12.294247,POS,,,,,,,,,,,,,,,,0.011132000130089637,0.0,,,,,37.4274999,-122.1697,,,-0.011132000130089637,,,,-0.027388732880353928,,,,,,
12.394207,ATT,3,,0.0,0.0,93.09,0.0,0.0,0.0,,0.01,,,,93.09,,,,,,,,,,,,,,,,,,,,,,
12.394207,XKF1,,,,,,,,,,,,,,,,0.0,0.0,,,0.003129185259783976,,,,,,0.0,,,,,,,-0.001887055113911629,,-0.0018870551139116287,-0.0024961617309600115
12.394207,POS,,,,,,,,,,,,,,,,0.011132000130089637,0.0,,,,,37.4274999,-122.1697,,,-0.011132000130089637,,,,-0.027388732880353928,,,,,,
12.495,ATT,3,,0.0,0.0,93.14,0.0,0.0,0.0,,0.01,,,,93.14,,,,,,,,,,,,,,,,,,,,,,
12.495,XKF1,,,,,,,,,,,,,,,,0.0,0.0,,,0.003278331661493322,,,,,,0.0,,,,,,,-0.001990213058888912,,-0.001990213058888912,-0.00260509317740798
12.495,POS,,,,,,,,,,,,,,,,0.011132000130089637,0.0,,,,,37.4274999,-122.1697,,,-0.011132000130089637,,,,-0.027388732880353928,,,,,,
12.59496,ATT,3,,0.0,0.0,93.18,0.0,0.0,0.0,,0.01,,,,93.18,,,,,,,,,,,,,,,,,,,,,,
12.59496,XKF1,,,,,,,,,,,,,,,,0.0,0.0,,,0.0033704629910106545,,,,,,0.0,,,,,,,-0.002104301704093814,,-0.002104301704093814,-0.002632856834679842
12.59496,POS,,,,,,,,,,,,,,,,0.011132000130089637,0.0,,,,,37.4274999,-122.1697,,,-0.011132000130089637,,,,-0.027388732880353928,,,,,,
12.69492,ATT,3,,0.0,0.0,93.22,0.0,0.0,0.0,,0.01,,,,93.22,,,,,,,,,,,,,,,,,,,,,,
12.69492,XKF1,,,,,,,,,,,,,,,,0.0,0.0,,,0.0034647740431455808,,,,,,0.0,,,,,,,-0.0021857095416635275,,-0.0021857095416635275,-0.002688369946554303
12.69492,POS,,,,,,,,,,,,,,,,0.011132000130089637,0.0,,,,,37.4274999,-122.1697,,,-0.011132000130089637,,,,-0.027388732880353928,,,,,,
12.79488,ATT,3,,0.0,0.0,93.26,0.0,0.0,0.0,,0.01,,,,93.26,,,,,,,,,,,,,,,,,,,,,,
12.79488,XKF1,,,,,,,,,,,,,,,,0.0,0.0,,,0.0035881768356693907,,,,,,0.0,,,,,,,-0.002266191178932786,,-0.002266191178932786,-0.0027819760143756866
12.79488,POS,,,,,,,,,,,,,,,,0.011132000130089637,0.0,,,,,37.4274999,-122.1697,,,-0.011132000130089637,,,,-0.027388732880353928,,,,,,
12.89484,ATT,3,,0.0,0.0,93.29,0.0,0.0,0.0,,0.01,,,,93.29,,,,,,,,,,,,,,,,,,,,,,
12.89484,XKF1,,,,,,,,,,,,,,,,0.0,0.0,,,0.0037414664567155245,,,,,,0.0,,,,,,,-0.0023670534137636423,,-0.0023670534137636423,-0.002897521248087287
12.89484,POS,,,,,,,,,,,,,,,,0.011132000130089637,0.0,,,,,37.4274999,-122.1697,,,-0.011132000130089637,,,,-0.027388732880353928,,,,,,
12.9948,ATT,3,,0.0,0.0,93.32,0.0,0.0,0.0,,0.01,,,,93.32,,,,,,,,,,,,,,,,,,,,,,
12.9948,XKF1,,,,,,,,,,,,,,,,0.0,0.0,,,0.0038777791934272903,,,,,,0.0,,,,,,,-0.002484747674316168,,-0.002484747674316168,-0.0029771127738058567
12.9948,POS,,,,,,,,,,,,,,,,0.011132000130089637,0.0,,,,,37.4274999,-122.1697,,,-0.011132000130089637,,,,-0.027388732880353928,,,,,,
13.094759999999999,ATT,3,,0.0,0.0,93.36,0.0,0.0,0.0,,0.02,,,,93.36,,,,,,,,,,,,,,,,,,,,,,
13.094759999999999,XKF1,,,,,,,,,,,,,,,,0.0,0.0,,,0.003947651591359798,,,,,,0.0,,,,,,,-0.0025492901913821697,,-0.0025492901913821697,-0.0030141454190015793
13.094759999999999,POS,,,,,,,,,,,,,,,,0.011132000130089637,0.0,,,,,37.4274999,-122.1697,,,-0.011132000130089637,,,,-0.027388732880353928,,,,,,
13.19472,ATT,3,,0.0,0.0,93.38,0.0,0.0,0.0,,0.02,,,,93.38,,,,,,,,,,,,,,,,,,,,,,
13.19472,XKF1,,,,,,,,,,,,,,,,0.0,0.0,,,0.004146601278060283,,,,,,0.0,,,,,,,-0.00269046938046813,,-0.00269046938046813,-0.003155261743813753
13.19472,POS,,,,,,,,,,,,,,,,0.011132000130089637,0.0,,,,,37.4274999,-122.1697,,,-0.011132000130089637,,,,-0.027388732880353928,,,,,,
13.29468,ATT,3,,0.0,0.0,93.41,0.0,0.0,0.0,,0.02,,,,93.41,,,,,,,,,,,,,,,,,,,,,,
13.29468,XKF1,,,,,,,,,,,,,,,,0.0,0.0,,,0.004268481034451829,,,,,,0.0,,,,,,,-0.0027783336117863655,,-0.0027783336117863655,-0.0032404926605522633
13.29468,POS,,,,,,,,,,,,,,,,0.011132000130089637,0.0,,,,,37.4274999,-122.1697,,,-0.011132000130089637,,,,-0.027388732880353928,,,,,,
13.39464,ATT,3,,0.0,0.0,93.44,0.0,0.0,0.0,,0.02,,,,93.44,,,,,,,,,,,,,,,,,,,,,,
13.39464,XKF1,,,,,,,,,,,,,,,,0.0,0.0,,,0.004351704520276333,,,,,,0.0,,,,,,,-0.0028099326882511377,,-0.0028099326882511377,-0.003322891891002655
13.39464,POS,,,,,,,,,,,,,,,,0.011132000130089637,0.0,,,,,37.4274999,-122.1697,,,-0.011132000130089637,,,,-0.027388732880353928,,,,,,
13.4946,ATT,3,,0.0,0.0,93.46,0.0,0.0,0.0,,0.02,,,,93.46,,,,,,,,,,,,,,,,,,,,,,
13.4946,XKF1,,,,,,,,,,,,,,,,0.0,0.0,,,0.004470910253343085,,,,,,0.0,,,,,,,-0.0029066468123346567,,-0.0029066468123346567,-0.003397122723981738
13.4946,POS,,,,,,,,,,,,,,,,0.011132000130089637,0.0,,,,,37.4274999,-122.1697,,,-0.011132000130089637,,,,-0.027388732880353928,,,,,,
13.59456,ATT,3,,0.0,0.0,93.48,0.0,0.0,0.0,,0.02,,,,93.48,,,,,,,,,,,,,,,,,,,,,,
13.59456,XKF1,,,,,,,,,,,,,,,,0.0,0.0,,,0.004533405118636238,,,,,,0.0,,,,,,,-0.002985129365697503,,-0.002985129365697503,-0.0034118564799427986
13.59456,POS,,,,,,,,,,,,,,,,0.011132000130089637,0.0,,,,,37.4274999,-122.1697,,,-0.011132000130089637,,,,-0.027388732880353928,,,,,,
13.69452,ATT,3,,0.0,0.0,93.5,0.0,0.0,0.0,,0.02,,,,93.5,,,,,,,,,,,,,,,,,,,,,,
13.69452,XKF1,,,,,,,,,,,,,,,,0.0,0.0,,,0.004652784447247253,,,,,,0.0,,,,,,,-0.003061596304178238,,-0.003061596304178238,-0.0035035740584135056
13.69452,POS,,,,,,,,,,,,,,,,0.011132000130089637,0.0,,,,,37.4274999,-122.1697,,,-0.011132000130089637,,,,-0.027388732880353928,,,,,,
13.794479999999998,ATT,3,,0.0,0.0,93.52,0.0,0.0,0.0,,0.02,,,,93.52,,,,,,,,,,,,,,,,,,,,,,
13.794479999999998,XKF1,,,,,,,,,,,,,,,,0.0,0.0,,,0.0047958064223903455,,,,,,0.0,,,,,,,-0.0031621668022125964,,-0.003162166802212596,-0.0036056151147931814
13.794479999999998,POS,,,,,,,,,,,,,,,,0.011132000130089637,0.0,,,,,37.4274999,-122.1697,,,-0.011132000130089637,,,,-0.027388732880353928,,,,,,
13.894440000000001,ATT,3,,0.0,0.0,93.53,0.0,0.0,0.0,,0.02,,,,93.53,,,,,,,,,,,,,,,,,,,,,,
13.894440000000001,XKF1,,,,,,,,,,,,,,,,0.0,0.0,,,0.004975528868673183,,,,,,0.0,,,,,,,-0.0032775721047073607,,-0.0032775721047073603,-0.0037434487603604794
13.894440000000001,POS,,,,,,,,,,,,,,,,0.011132000130089637,0.0,,,,,37.4274999,-122.1697,,,-0.011132000130089637,,,,-0.027388732880353928,,,,,,
13.9944,ATT,3,,0.0,0.0,93.55,0.0,0.0,0.0,,0.02,,,,93.55,,,,,,,,,,,,,,,,,,,,,,
13.9944,XKF1,,,,,,,,,,,,,,,,0.0,0.0,,,0.005070605096544989,,,,,,0.0,,,,,,,-0.003354467917233706,,-0.0033544679172337055,-0.003802444087341428
13.9944,POS,,,,,,,,,,,,,,,,0.011132000130089637,0.0,,,,,37.4274999,-122.1697,,,-0.011132000130089637,,,,-0.027388732880353928,,,,,,
14.09436,ATT,3,,0.0,0.0,93.56,0.0,0.0,0.0,,0.02,,,,93.56,,,,,,,,,,,,,,,,,,,,,,
14.09436,XKF1,,,,,,,,,,,,,,,,0.0,0.0,,,0.005236383250095063,,,,,,0.0,,,,,,,-0.0034746646415442233,,-0.003474664641544223,-0.003917450085282326
14.09436,POS,,,,,,,,,,,,,,,,0.011132000130089637,0.0,,,,,37.4274999,-122.1697,,,-0.011132000130089637,,,,-0.027388732880353928,,,,,,
14.19432,ATT,3,,0.0,0.0,93.58,0.0,0.0,0.0,,0.02,,,,93.58,,,,,,,,,,,,,,,,,,,,,,
14.19432,XKF1,,,,,,,,,,,,,,,,0.0,0.0,,,0.005398274427639604,,,,,,0.0,,,,,,,-0.0035821660421788697,,-0.0035821660421788692,-0.004038496408611536
14.19432,POS,,,,,,,,,,,,,,,,0.011132000130089637,0.0,,,,,37.4274999,-122.1697,,,-0.011132000130089637,,,,-0.027388732880353928,,,,,,
14.294279999999999,ATT,3,,0.0,0.0,93.59,0.0,0.0,0.0,,0.02,,,,93.59,,,,,,,,,,,,,,,,,,,,,,
14.294279999999999,XKF1,,,,,,,,,,,,,,,,0.0,0.0,,,0.00556080796049943,,,,,,0.0,,,,,,,-0.0036507209297269587,,-0.0036507209297269583,-0.0041946182027459145
14.294279999999999,POS,,,,,,,,,,,,,,,,0.011132000130089637,0.0,,,,,37.4274999,-122.1697,,,-0.011132000130089637,,,,-0.027388732880353928,,,,,,
14.394239999999998,ATT,3,,0.0,0.0,93.6,0.0,0.0,0.0,,0.02,,,,93.6,,,,,,,,,,,,,,,,,,,,,,
14.394239999999998,XKF1,,,,,,,,,,,,,,,,0.0,0.0,,,0.005715676520130958,,,,,,0.0,,,,,,,-0.003736515995115042,,-0.0037365159951150417,-0.00432520592585206
14.394239999999998,POS,,,,,,,,,,,,,,,,0.011132000130089637,0.0,,,,,37.4274999,-122.1697,,,-0.011132000130089637,,,,-0.027388732880353928,,,,,,
14.494200000000001,ATT,3,,0.0,0.0,93.61,0.0,0.0,0.0,,0.02,,,,93.61,,,,,,,,,,,,,,,,,,,,,,
14.494200000000001,XKF1,,,,,,,,,,,,,,,,0.0,0.0,,,0.00580914487753863,,,,,,0.0,,,,,,,-0.0038086136337369685,,-0.003808613633736968,-0.0043864138424396515
14.494200000000001,POS,,,,,,,,,,,,,,,,0.011132000130089637,0.0,,,,,37.4274999,-122.1697,,,-0.011132000130089637,,,,-0.027388732880353928,,,,,,
14.594993,ATT,3,,0.0,0.0,93.62,0.0,0.0,0.0,,0.02,,,,93.62,,,,,,,,,,,,,,,,,,,,,,
14.594993,XKF1,,,,,,,,,,,,,,,,0.0,0.0,,,0.0059692219370223384,,,,,,0.0,,,,,,,-0.0039020639378577475,,-0.003902063937857747,-0.004517245572060347
14.594993,POS,,,,,,,,,,,,,,,,0.011132000130089637,0.0,,,,,37.4274999,-122.1697,,,-0.011132000130089637,,,,-0.027388732880353928,,,,,,
14.694953,ATT,3,,0.0,0.0,93.62,0.0,0.0,0.0,,0.02,,,,93.62,,,,,,,,,,,,,,,,,,,,,,
14.694953,XKF1,,,,,,,,,,,,,,,,0.0,0.0,,,0.006147962744518056,,,,,,0.0,,,,,,,-0.004017690662294626,,-0.004017690662294626,-0.004653558600693941
14.694953,POS,,,,,,,,,,,,,,,,0.011132000130089637,0.0,,,,,37.4274999,-122.1697,,,-0.011132000130089637,,,,-0.027388732880353928,,,,,,
14.794913,ATT,3,,0.0,0.0,93.63,0.0,0.0,0.0,,0.02,,,,93.63,,,,,,,,,,,,,,,,,,,,,,
14.794913,XKF1,,,,,,,,,,,,,,,,0.0,0.0,,,0.006289060017783527,,,,,,0.0,,,,,,,-0.004098518285900354,,-0.004098518285900354,-0.004770159721374512
14.794913,POS,,,,,,,,,,,,,,,,0.011132000130089637,0.0,,,,,37.4274999,-122.1697,,,-0.011132000130089637,,,,-0.027388732880353928,,,,,,
14.894872999999999,ATT,3,,0.0,0.0,93.64,0.0,0.0,0.0,,0.02,,,,93.64,,,,,,,,,,,,,,,,,,,,,,
14.894872999999999,XKF1,,,,,,,,,,,,,,,,0.0,0.0,,,0.006450596296793755,,,,,,0.0,,,,,,,-0.0042483387514948845,,-0.0042483387514948845,-0.0048540509305894375
14.894872999999999,POS,,,,,,,,,,,,,,,,0.011132000130089637,0.0,,,,,37.4274999,-122.1697,,,-0.011132000130089637,,,,-0.027388732880353928,,,,,,
14.994833000000002,ATT,3,,0.0,0.0,93.64,0.0,0.0,0.0,,0.02,,,,93.64,,,,,,,,,,,,,,,,,,,,,,
14.994833000000002,XKF1,,,,,,,,,,,,,,,,0.0,0.0,,,0.0065505474405352666,,,,,,0.0,,,,,,,-0.004306573420763016,,-0.004306573420763016,-0.004935898818075657
14.994833000000002,POS,,,,,,,,,,,,,,,,0.011132000130089637,0.0,,,,,37.4274999,-122.1697,,,-0.011132000130089637,,,,-0.027388732880353928,,,,,,
15.094793000000001,ATT,3,,0.0,0.0,93.64,0.0,0.0,0.0,,0.02,,,,93.64,,,,,,,,,,,,,,,,,,,,,,
15.094793000000001,XKF1,,,,,,,,,,,,,,,,0.0,0.0,,,0.006694312027110433,,,,,,0.0,,,,,,,-0.004410185851156712,,-0.004410185851156712,-0.0050362758338451385
15.094793000000001,POS,,,,,,,,,,,,,,,,0.011132000130089637,0.0,,,,,37.4274999,-122.1697,,,-0.011132000130089637,,,,-0.027388732880353928,,,,,,
15.194753,ATT,3,,0.0,0.0,93.65,0.0,0.0,0.0,,0.02,,,,93.65,,,,,,,,,,,,,,,,,,,,,,
15.194753,XKF1,,,,,,,,,,,,,,,,0.0,0.0,,,0.006773348451184268,,,,,,0.0,,,,,,,-0.004465165082365274,,-0.004465165082365274,-0.005093186628073454
15.194753,POS,,,,,,,,,,,,,,,,0.011132000130089637,0.0,,,,,37.4274999,-122.1697,,,-0.011132000130089637,,,,-0.027388732880353928,,,,,,
15.294713,ATT,3,,0.0,0.0,93.65,0.0,0.0,0.0,,0.02,,,,93.65,,,,,,,,,,,,,,,,,,,,,,
15.294713,XKF1,,,,,,,,,,,,,,,,0.0,0.0,,,0.0069074362049691106,,,,,,0.0,,,,,,,-0.0045267753303050995,,-0.0045267753303050995,-0.00521737290546298
15.294713,POS,,,,,,,,,,,,,,,,0.011132000130089637,0.0,,,,,37.4274999,-122.1697,,,-0.011132000130089637,,,,-0.027388732880353928,,,,,,
15.394673,ATT,3,,0.0,0.0,93.65,0.0,0.0,0.0,,0.02,,,,93.65,,,,,,,,,,,,,,,,,,,,,,
15.394673,XKF1,,,,,,,,,,,,,,,,0.0,0.0,,,0.007053373019913692,,,,,,0.0,,,,,,,-0.004601058084517717,,-0.004601058084517717,-0.005346057936549187
15.394673,POS,,,,,,,,,,,,,,,,0.011132000130089637,0.0,,,,,37.4274999,-122.1697,,,-0.011132000130089637,,,,-0.027388732880353928,,,,,,
15.494632999999999,ATT,3,,0.0,0.0,93.65,0.0,0.0,0.0,,0.02,,,,93.65,,,,,,,,,,,,,,,,,,,,,,
15.494632999999999,XKF1,,,,,,,,,,,,,,,,0.0,0.0,,,0.00717347427755626,,,,,,0.0,,,,,,,-0.004667818080633879,,-0.004667818080633879,-0.00544703658670187
15.494632999999999,POS,,,,,,,,,,,,,,,,0.011132000130089637,0.0,,,,,37.4274999,-122.1697,,,-0.011132000130089637,,,,-0.027388732880353928,,,,,,
15.594593000000001,ATT,3,,0.0,0.0,93.65,0.0,0.0,0.0,,0.02,,,,93.65,,,,,,,,,,,,,,,,,,,,,,
15.594593000000001,XKF1,,,,,,,,,,,,,,,,0.0,0.0,,,0.007287803054583901,,,,,,0.0,,,,,,,-0.004716517869383097,,-0.004716517869383097,-0.005555765703320503
15.594593000000001,POS,,,,,,,,,,,,,,,,0.011132000130089637,0.0,,,,,37.4274999,-122.1697,,,-0.011132000130089637,,,,-0.027388732880353928,,,,,,
15.694553,ATT,3,,0.0,0.0,93.65,0.0,0.0,0.0,,0.02,,,,93.65,,,,,,,,,,,,,,,,,,,,,,
15.694553,XKF1,,,,,,,,,,,,,,,,0.0,0.0,,,0.007415383444592694,,,,,,0.0,,,,,,,-0.00477657001465559,,-0.00477657001465559,-0.005672062281519175
15.694553,POS,,,,,,,,,,,,,,,,0.011132000130089637,0.0,,,,,37.4274999,-122.1697,,,-0.011132000130089637,,,,-0.027388732880353928,,,,,,
15.794513,ATT,3,,0.0,0.0,93.65,0.0,0.0,0.0,,0.02,,,,93.65,,,,,,,,,,,,,,,,,,,,,,
15.794513,XKF1,,,,,,,,,,,,,,,,0.0,0.0,,,0.00751947251006953,,,,,,0.0,,,,,,,-0.004839472938328981,,-0.004839472938328981,-0.005755168851464987
15.794513,POS,,,,,,,,,,,,,,,,0.011132000130089637,0.0,,,,,37.4274999,-122.1697,,,-0.011132000130089637,,,,-0.027388732880353928,,,,,,
15.894473,ATT,3,,0.0,0.0,93.65,0.0,0.0,0.0,,0.02,,,,93.65,,,,,,,,,,,,,,,,,,,,,,
15.894473,XKF1,,,,,,,,,,,,,,,,0.0,0.0,,,0.007657854429198354,,,,,,0.0,,,,,,,-0.0049377018585801125,,-0.0049377018585801125,-0.0058533609844744205
15.894473,POS,,,,,,,,,,,,,,,,0.011132000130089637,0.0,,,,,37.4274999,-122.1697,,,-0.011132000130089637,,,,-0.027388732880353928,,,,,,
15.994432999999999,ATT,3,,0.0,0.0,93.65,0.0,0.0,0.01,,0.02,,,,93.65,,,,,,,,,,,,,,,,,,,,,,
15.994432999999999,XKF1,,,,,,,,,,,,,,,,0.0,0.0,,,0.0077405040358935725,,,,,,0.0,,,,,,,-0.004997678566724062,,-0.004997678566724062,-0.005910889245569706
15.994432999999999,POS,,,,,,,,,,,,,,,,0.011132000130089637,0.0,,,,,37.4274999,-122.1697,,,-0.011132000130089637,,,,-0.027388732880353928,,,,,,
16.094392999999997,ATT,3,,0.0,0.0,93.65,0.0,0.0,0.01,,0.02,,,,93.65,,,,,,,,,,,,,,,,,,,,,,
16.094392999999997,XKF1,,,,,,,,,,,,,,,,0.0,0.0,,,0.007897712900818412,,,,,,0.0,,,,,,,-0.005074773449450731,,-0.005074773449450731,-0.006051491014659405
16.094392999999997,POS,,,,,,,,,,,,,,,,0.011132000130089637,0.0,,,,,37.4274999,-122.1697,,,-0.011132000130089637,,,,-0.027388732880353928,,,,,,
16.194353,ATT,3,,0.0,0.0,93.64,0.0,0.0,0.01,,0.02,,,,93.64,,,,,,,,,,,,,,,,,,,,,,
16.194353,XKF1,,,,,,,,,,,,,,,,0.0,0.0,,,0.008023918550057574,,,,,,0.0,,,,,,,-0.005126399919390678,,-0.005126399919390678,-0.006172786466777325
16.194353,POS,,,,,,,,,,,,,,,,0.011132000130089637,0.0,,,,,37.4274999,-122.1697,,,-0.011132000130089637,,,,-0.027388732880353928,,,,,,
16.294313000000002,ATT,3,,0.0,0.0,93.64,0.0,0.0,0.01,,0.02,,,,93.64,,,,,,,,,,,,,,,,,,,,,,
16.294313000000002,XKF1,,,,,,,,,,,,,,,,0.0,0.0,,,0.008172168340530635,,,,,,0.0,,,,,,,-0.0052190818823874,,-0.0052190818823874,-0.006288522854447365
16.294313000000002,POS,,,,,,,,,,,,,,,,0.011132000130089637,0.0,,,,,37.4274999,-122.1697,,,-0.011132000130089637,,,,-0.027388732880353928,,,,,,
16.299311000000003,MSG,,,,,,,,,,,,,,,,,,,,,,,,,,,,,,,,,,EKF3 IMU0 origin set,,
16.299311000000003,EV,,,,,,,,,,,,,,,,,,,,,25,,,,SET_HOME,,,,,,,,,,,
16.301810000000003,MSG,,,,,,,,,,,,,,,,,,,,,,,,,,,,,,,,,,EKF3 IMU1 origin set,,
16.394273,MSG,,,,,,,,,,,,,,,,,,,,,,,,,,,,,,,,,,Field Elevation Set: 16m,,
16.394273,ATT,3,,0.0,0.0,93.63,0.0,0.0,0.01,,0.02,,,,93.63,,,,,,,,,,,,,,,,,,,,,,
16.394273,XKF1,,,,,,,,,,,,,,,,0.0,0.0,,,0.008328752949142043,,,,,,0.0,,,,,,,-0.005330787971615791,,-0.005330787971615791,-0.0063992831856012344
16.394273,POS,,,,,,,,,,,,,,,,0.011132000130089637,0.0,,,,,37.4274999,-122.1697,,,-0.011132000130089637,,,,-0.016604425385594368,,,,,,
16.494233,ATT,3,,0.0,0.0,93.63,0.0,0.0,0.01,,0.02,,,,93.63,,,,,,,,,,,,,,,,,,,,,,
16.494233,XKF1,,,,,,,,,,,,,,,,0.0,0.0,,,0.008456776366278384,,,,,,0.0,,,,,,,-0.0054052285850048065,,-0.0054052285850048065,-0.006503888871520758
16.494233,POS,,,,,,,,,,,,,,,,0.011132000130089637,0.0,,,,,37.4274999,-122.1697,,,-0.011132000130089637,,,,-0.011562185361981392,,,,,,
16.594192999999997,ATT,3,,0.0,0.0,93.63,0.0,0.0,0.01,,0.02,,,,93.63,,,,,,,,,,,,,,,,,,,,,,
16.594192999999997,XKF1,,,,,,,,,,,,,,,,0.0,0.0,,,0.008596155252882903,,,,,,0.0,,,,,,,-0.005476438906043768,,-0.005476438906043768,-0.006625896319746971
16.594192999999997,POS,,,,,,,,,,,,,,,,0.011132000130089637,0.0,,,,,37.4274999,-122.1697,,,-0.011132000130089637,,,,-0.00844862125813961,,,,,,
16.694986,ATT,3,,0.0,0.0,93.62,0.0,0.0,0.01,,0.02,,,,93.62,,,,,,,,,,,,,,,,,,,,,,
16.694986,XKF1,,,,,,,,,,,,,,,,0.0,0.0,,,0.008720225624733638,,,,,,0.0,,,,,,,-0.0055413516238331795,,-0.0055413516238331795,-0.006733183283358812
16.694986,POS,,,,,,,,,,,,,,,,0.011132000130089637,0.0,,,,,37.4274999,-122.1697,,,-0.011132000130089637,,,,-0.00666023651137948,,,,,,
16.794946000000003,ATT,3,,0.0,0.0,93.62,0.0,0.0,0.01,,0.02,,,,93.62,,,,,,,,,,,,,,,,,,,,,,
16.794946000000003,XKF1,,,,,,,,,,,,,,,,0.0,0.0,,,0.008815573352078221,,,,,,0.0,,,,,,,-0.005656637251377106,,-0.005656637251377106,-0.006761419121176004
16.794946000000003,POS,,,,,,,,,,,,,,,,0.011132000130089637,0.0,,,,,37.4274999,-122.1697,,,-0.011132000130089637,,,,-0.005780290812253952,,,,,,
16.894906,ATT,3,,0.0,0.0,93.61,0.0,0.0,0.01,,0.02,,,,93.61,,,,,,,,,,,,,,,,,,,,,,
16.894906,XKF1,,,,,,,,,,,,,,,,0.0,0.0,,,0.008976876336371542,,,,,,0.0,,,,,,,-0.00580737367272377,,-0.00580737367272377,-0.006845342926681042
16.894906,POS,,,,,,,,,,,,,,,,0.011132000130089637,0.0,,,,,37.4274999,-122.1697,,,-0.011132000130089637,,,,-0.0055180201306939125,,,,,,
16.994866000000002,ATT,3,,0.0,0.0,93.61,0.0,0.0,0.01,,0.02,,,,93.61,,,,,,,,,,,,,,,,,,,,,,
16.994866000000002,XKF1,,,,,,,,,,,,,,,,0.0,0.0,,,0.009113235700435266,,,,,,0.0,,,,,,,-0.005902372766286135,,-0.005902372766286135,-0.006943562533706427
16.994866000000002,POS,,,,,,,,,,,,,,,,0.011132000130089637,0.0,,,,,37.4274999,-122.1697,,,-0.011132000130089637,,,,-0.005670621059834957,,,,,,
17.094825999999998,ATT,3,,0.0,0.0,93.6,0.0,0.0,0.01,,0.02,,,,93.6,,,,,,,,,,,,,,,,,,,,,,
17.094825999999998,XKF1,,,,,,,,,,,,,,,,0.0,0.0,,,0.009275598176673621,,,,,,0.0,,,,,,,-0.00597997521981597,,-0.0059799752198159695,-0.007090600673109293
17.094825999999998,POS,,,,,,,,,,,,,,,,0.011132000130089637,0.0,,,,,37.4274999,-122.1697,,,-0.011132000130089637,,,,-0.006101434584707022,,,,,,
17.194786,ATT,3,,0.0,0.0,93.6,0.0,0.0,0.01,,0.02,,,,93.6,,,,,,,,,,,,,,,,,,,,,,
17.194786,XKF1,,,,,,,,,,,,,,,,0.0,0.0,,,0.00939883585978424,,,,,,0.0,,,,,,,-0.00605647498741746,,-0.0060564749874174595,-0.00718729617074132
17.194786,POS,,,,,,,,,,,,,,,,0.011132000130089637,0.0,,,,,37.4274999,-122.1697,,,-0.011132000130089637,,,,-0.006705232430249453,,,,,,
17.294745999999996,ATT,3,,0.0,0.0,93.59,0.0,0.0,0.01,,0.03,,,,93.59,,,,,,,,,,,,,,,,,,,,,,
17.294745999999996,XKF1,,,,,,,,,,,,,,,,0.0,0.0,,,0.009539519087402137,,,,,,0.0,,,,,,,-0.006183520425111056,,-0.006183520425111055,-0.00726405531167984
17.294745999999996,POS,,,,,,,,,,,,,,,,0.011132000130089637,0.0,,,,,37.4274999,-122.1697,,,-0.011132000130089637,,,,-0.007418282795697451,,,,,,
17.394706,ATT,3,,0.0,0.0,93.58,0.0,0.0,0.01,,0.03,,,,93.58,,,,,,,,,,,,,,,,,,,,,,
17.394706,XKF1,,,,,,,,,,,,,,,,0.0,0.0,,,0.009662822089841218,,,,,,0.0,,,,,,,-0.006318129133433104,,-0.0063181291334331036,-0.007311044726520777
17.394706,POS,,,,,,,,,,,,,,,,0.011132000130089637,0.0,,,,,37.4274999,-122.1697,,,-0.011132000130089637,,,,-0.00819661095738411,,,,,,
17.494666000000002,ATT,3,,0.0,0.0,93.58,0.0,0.0,0.01,,0.03,,,,93.58,,,,,,,,,,,,,,,,,,,,,,
17.494666000000002,XKF1,,,,,,,,,,,,,,,,0.0,0.0,,,0.009763619955286918,,,,,,0.0,,,,,,,-0.006384695414453746,,-0.006384695414453745,-0.007386740762740374
17.494666000000002,POS,,,,,,,,,,,,,,,,0.011132000130089637,0.0,,,,,37.4274999,-122.1697,,,-0.011132000130089637,,,,-0.009006659500300884,,,,,,
17.594625999999998,ATT,3,,0.0,0.0,93.57,0.0,0.0,0.01,,0.03,,,,93.57,,,,,,,,,,,,,,,,,,,,,,
17.594625999999998,XKF1,,,,,,,,,,,,,,,,0.0,0.0,,,0.009865233207385391,,,,,,0.0,,,,,,,-0.006512134801596404,,-0.006512134801596403,-0.007410460617393255
17.594625999999998,POS,,,,,,,,,,,,,,,,0.011132000130089637,0.0,,,,,37.4274999,-122.1697,,,-0.011132000130089637,,,,-0.009824707172811031,,,,,,
17.694586,ATT,3,,0.0,0.0,93.56,0.0,0.0,0.01,,0.03,,,,93.56,,,,,,,,,,,,,,,,,,,,,,
17.694586,XKF1,,,,,,,,,,,,,,,,0.0,0.0,,,0.010005753354288001,,,,,,0.0,,,,,,,-0.006625732872635127,,-0.006625732872635126,-0.007497650571167469
17.694586,POS,,,,,,,,,,,,,,,,0.011132000130089637,0.0,,,,,37.4274999,-122.1697,,,-0.011132000130089637,,,,-0.01063945796340704,,,,,,
17.794545999999997,ATT,3,,0.0,0.0,93.55,0.0,0.0,0.01,,0.03,,,,93.55,,,,,,,,,,,,,,,,,,,,,,
17.794545999999997,XKF1,,,,,,,,,,,,,,,,0.0,0.0,,,0.010131315207502238,,,,,,0.0,,,,,,,-0.0067042564041912564,,-0.006704256404191256,-0.007595820818096399
17.794545999999997,POS,,,,,,,,,,,,,,,,0.011132000130089637,0.0,,,,,37.4274999,-122.1697,,,-0.011132000130089637,,,,-0.01144149899482727,,,,,,
17.894506,ATT,3,,0.0,0.0,93.55,0.0,0.0,0.01,,0.03,,,,93.55,,,,,,,,,,,,,,,,,,,,,,
17.894506,XKF1,,,,,,,,,,,,,,,,0.0,0.0,,,0.010239205581285528,,,,,,0.0,,,,,,,-0.006781902164220811,,-0.00678190216422081,-0.007671188563108444
17.894506,POS,,,,,,,,,,,,,,,,0.011132000130089637,0.0,,,,,37.4274999,-122.1697,,,-0.011132000130089637,,,,-0.012220802716910839,,,,,,
17.994466000000003,ATT,3,,0.0,0.0,93.54,0.0,0.0,0.01,,0.03,,,,93.54,,,,,,,,,,,,,,,,,,,,,,
17.994466000000003,XKF1,,,,,,,,,,,,,,,,0.0,0.0,,,0.0103511072384868,,,,,,0.0,,,,,,,-0.006868193857371808,,-0.006868193857371807,-0.007744245231151581
17.994466000000003,POS,,,,,,,,,,,,,,,,0.011132000130089637,0.0,,,,,37.4274999,-122.1697,,,-0.011132000130089637,,,,-0.012975608929991722,,,,,,
18.094426,ATT,3,,0.0,0.0,93.53,0.0,0.0,0.01,,0.03,,,,93.53,,,,,,,,,,,,,,,,,,,,,,
18.094426,XKF1,,,,,,,,,,,,,,,,0.0,0.0,,,0.010504591134352306,,,,,,0.0,,,,,,,-0.006941482890397311,,-0.00694148289039731,-0.007884304039180279
18.094426,POS,,,,,,,,,,,,,,,,0.011132000130089637,0.0,,,,,37.4274999,-122.1697,,,-0.011132000130089637,,,,-0.013704843819141388,,,,,,
18.194386,ATT,3,,0.0,0.0,93.52,0.0,0.0,0.01,,0.03,,,,93.52,,,,,,,,,,,,,,,,,,,,,,
18.194386,XKF1,,,,,,,,,,,,,,,,0.0,0.0,,,0.010588489805845888,,,,,,0.0,,,,,,,-0.006999806500971318,,-0.006999806500971317,-0.007944735698401928
18.194386,POS,,,,,,,,,,,,,,,,0.011132000130089637,0.0,,,,,37.4274999,-122.1697,,,-0.011132000130089637,,,,-0.014404228888452053,,,,,,
18.294345999999997,ATT,3,,0.0,0.0,93.51,0.0,0.0,0.01,,0.03,,,,93.51,,,,,,,,,,,,,,,,,,,,,,
18.294345999999997,XKF1,,,,,,,,,,,,,,,,0.0,0.0,,,0.010744217737357894,,,,,,0.0,,,,,,,-0.0071206577122211465,,-0.007120657712221146,-0.008045772090554237
18.294345999999997,POS,,,,,,,,,,,,,,,,0.011132000130089637,0.0,,,,,37.4274999,-122.1697,,,-0.011132000130089637,,,,-0.015069723129272461,,,,,,
18.394306,ATT,3,,0.0,0.0,93.5,0.0,0.0,0.01,,0.03,,,,93.5,,,,,,,,,,,,,,,,,,,,,,
18.394306,XKF1,,,,,,,,,,,,,,,,0.0,0.0,,,0.010921807852561877,,,,,,0.0,,,,,,,-0.007252738811075688,,-0.007252738811075687,-0.00816600676625967
18.394306,POS,,,,,,,,,,,,,,,,0.011132000130089637,0.0,,,,,37.4274999,-122.1697,,,-0.011132000130089637,,,,-0.01570805534720421,,,,,,
18.494266000000003,ATT,3,,0.0,0.0,93.5,0.0,0.0,0.01,,0.03,,,,93.5,,,,,,,,,,,,,,,,,,,,,,
18.494266000000003,XKF1,,,,,,,,,,,,,,,,0.0,0.0,,,0.010999388526416643,,,,,,0.0,,,,,,,-0.0072910389862954625,,-0.007291038986295462,-0.008235733024775982
18.494266000000003,POS,,,,,,,,,,,,,,,,0.011132000130089637,0.0,,,,,37.4274999,-122.1697,,,-0.011132000130089637,,,,-0.016324171796441078,,,,,,
18.594226,ATT,3,,0.0,0.0,93.49,0.0,0.0,0.01,,0.03,,,,93.49,,,,,,,,,,,,,,,,,,,,,,
18.594226,XKF1,,,,,,,,,,,,,,,,0.0,0.0,,,0.011150608438599423,,,,,,0.0,,,,,,,-0.007388057652860881,,-0.00738805765286088,-0.008351806551218033
18.594226,POS,,,,,,,,,,,,,,,,0.011132000130089637,0.0,,,,,37.4274999,-122.1697,,,-0.011132000130089637,,,,-0.016916150227189064,,,,,,
18.694186000000002,ATT,3,,0.0,0.0,93.48,0.0,0.0,0.01,,0.03,,,,93.48,,,,,,,,,,,,,,,,,,,,,,
18.694186000000002,XKF1,,,,,,,,,,,,,,,,0.0,0.0,,,0.0112714201068516,,,,,,0.0,,,,,,,-0.007459009997546674,,-0.007459009997546673,-0.00845033023506403
18.694186000000002,POS,,,,,,,,,,,,,,,,0.011132000130089637,0.0,,,,,37.4274999,-122.1697,,,-0.011132000130089637,,,,-0.01748460903763771,,,,,,
18.794978999999998,ATT,3,,0.0,0.0,93.47,0.0,0.0,0.01,,0.03,,,,93.47,,,,,,,,,,,,,,,,,,,,,,
18.794978999999998,XKF1,,,,,,,,,,,,,,,,0.0,0.0,,,0.011426336259245176,,,,,,0.0,,,,,,,-0.007546041626483203,,-0.007546041626483202,-0.008580117486417294
18.794978999999998,POS,,,,,,,,,,,,,,,,0.011132000130089637,0.0,,,,,37.4274999,-122.1697,,,-0.011132000130089637,,,,-0.018025321885943413,,,,,,
18.894939,ATT,3,,0.0,0.0,93.46,0.0,0.0,0.01,,0.03,,,,93.46,,,,,,,,,,,,,,,,,,,,,,
18.894939,XKF1,,,,,,,,,,,,,,,,0.0,0.0,,,0.011582128254205836,,,,,,0.0,,,,,,,-0.0076834065839648255,,-0.007683406583964825,-0.008666657842695713
18.894939,POS,,,,,,,,,,,,,,,,0.011132000130089637,0.0,,,,,37.4274999,-122.1697,,,-0.011132000130089637,,,,-0.018539659678936005,,,,,,
18.994898999999997,ATT,3,,0.0,0.0,93.45,0.0,0.0,0.01,,0.03,,,,93.45,,,,,,,,,,,,,,,,,,,,,,
18.994898999999997,XKF1,,,,,,,,,,,,,,,,0.0,0.0,,,0.011751375297207883,,,,,,0.0,,,,,,,-0.007820387370884418,,-0.007820387370884418,-0.008771337568759918
18.994898999999997,POS,,,,,,,,,,,,,,,,0.011132000130089637,0.0,,,,,37.4274999,-122.1697,,,-0.011132000130089637,,,,-0.019031384959816933,,,,,,
19.094859,ATT,3,,0.0,0.0,93.44,0.0,0.0,0.01,,0.03,,,,93.44,,,,,,,,,,,,,,,,,,,,,,
19.094859,XKF1,,,,,,,,,,,,,,,,0.0,0.0,,,0.011892362313675959,,,,,,0.0,,,,,,,-0.007898097857832909,,-0.007898097857832909,-0.008890912868082523
19.094859,POS,,,,,,,,,,,,,,,,0.011132000130089637,0.0,,,,,37.4274999,-122.1697,,,-0.011132000130089637,,,,-0.01950405351817608,,,,,,
19.194819000000003,ATT,3,,0.0,0.0,93.43,0.0,0.0,0.01,,0.03,,,,93.43,,,,,,,,,,,,,,,,,,,,,,
19.194819000000003,XKF1,,,,,,,,,,,,,,,,0.0,0.0,,,0.012065657038494625,,,,,,0.0,,,,,,,-0.008054707199335098,,-0.008054707199335098,-0.008983416482806206
19.194819000000003,POS,,,,,,,,,,,,,,,,0.011132000130089637,0.0,,,,,37.4274999,-122.1697,,,-0.011132000130089637,,,,-0.019956255331635475,,,,,,
19.294779,ATT,3,,0.0,0.0,93.42,0.0,0.0,0.01,,0.03,,,,93.42,,,,,,,,,,,,,,,,,,,,,,
19.294779,XKF1,,,,,,,,,,,,,,,,0.0,0.0,,,0.012246443166955934,,,,,,0.0,,,,,,,-0.008178350515663624,,-0.008178350515663624,-0.00911536905914545
19.294779,POS,,,,,,,,,,,,,,,,0.011132000130089637,0.0,,,,,37.4274999,-122.1697,,,-0.011132000130089637,,,,-0.020387684926390648,,,,,,
19.394739,ATT,3,,0.0,0.0,93.41,0.0,0.0,0.01,,0.03,,,,93.41,,,,,,,,,,,,,,,,,,,,,,
19.394739,XKF1,,,,,,,,,,,,,,,,0.0,0.0,,,0.012352406234552462,,,,,,0.0,,,,,,,-0.008291810750961304,,-0.008291810750961304,-0.009155753068625927
19.394739,POS,,,,,,,,,,,,,,,,0.011132000130089637,0.0,,,,,37.4274999,-122.1697,,,-0.011132000130089637,,,,-0.020801236853003502,,,,,,
19.494698999999997,ATT,3,,0.0,0.0,93.41,0.0,0.0,0.01,,0.03,,,,93.41,,,,,,,,,,,,,,,,,,,,,,
19.494698999999997,XKF1,,,,,,,,,,,,,,,,0.0,0.0,,,0.012504501183365796,,,,,,0.0,,,,,,,-0.008410309441387653,,-0.008410309441387653,-0.009253607131540775
19.494698999999997,POS,,,,,,,,,,,,,,,,0.011132000130089637,0.0,,,,,37.4274999,-122.1697,,,-0.011132000130089637,,,,-0.021193137392401695,,,,,,
19.594659,ATT,3,,0.0,0.0,93.4,0.0,0.0,0.01,,0.03,,,,93.4,,,,,,,,,,,,,,,,,,,,,,
19.594659,XKF1,,,,,,,,,,,,,,,,0.0,0.0,,,0.012639742314643468,,,,,,0.0,,,,,,,-0.008508904837071896,,-0.008508904837071896,-0.009346744045615196
19.594659,POS,,,,,,,,,,,,,,,,0.011132000130089637,0.0,,,,,37.4274999,-122.1697,,,-0.011132000130089637,,,,-0.02156316488981247,,,,,,
19.694619000000003,ATT,3,,0.0,0.0,93.39,0.0,0.0,0.01,,0.03,,,,93.39,,,,,,,,,,,,,,,,,,,,,,
19.694619000000003,XKF1,,,,,,,,,,,,,,,,0.0,0.0,,,0.012872569231313734,,,,,,0.0,,,,,,,-0.008669331669807434,,-0.008669331669807434,-0.0095155518501997
19.694619000000003,POS,,,,,,,,,,,,,,,,0.011132000130089637,0.0,,,,,37.4274999,-122.1697,,,-0.011132000130089637,,,,-0.02191733568906784,,,,,,
19.794579,ATT,3,,0.0,0.0,93.38,0.0,0.0,0.01,,0.03,,,,93.38,,,,,,,,,,,,,,,,,,,,,,
19.794579,XKF1,,,,,,,,,,,,,,,,0.0,0.0,,,0.013050514539159765,,,,,,0.0,,,,,,,-0.008810050785541534,,-0.008810050785541534,-0.009628028608858585
19.794579,POS,,,,,,,,,,,,,,,,0.011132000130089637,0.0,,,,,37.4274999,-122.1697,,,-0.011132000130089637,,,,-0.02225465141236782,,,,,,
19.894539,ATT,3,,0.0,0.0,93.37,0.0,0.0,0.01,,0.03,,,,93.37,,,,,,,,,,,,,,,,,,,,,,
19.894539,XKF1,,,,,,,,,,,,,,,,0.0,0.0,,,0.013166985281208982,,,,,,0.0,,,,,,,-0.00891178846359253,,-0.00891178846359253,-0.009692756459116936
19.894539,POS,,,,,,,,,,,,,,,,0.011132000130089637,0.0,,,,,37.4274999,-122.1697,,,-0.011132000130089637,,,,-0.022575004026293755,,,,,,
19.994498999999998,ATT,3,,0.0,0.0,93.36,0.0,0.0,0.01,,0.03,,,,93.36,,,,,,,,,,,,,,,,,,,,,,
19.994498999999998,XKF1,,,,,,,,,,,,,,,,0.0,0.0,,,0.013322669741660688,,,,,,0.0,,,,,,,-0.009042044170200825,,-0.009042044170200825,-0.009784424677491188
19.994498999999998,POS,,,,,,,,,,,,,,,,0.011132000130089637,0.0,,,,,37.4274999,-122.1697,,,-0.011132000130089637,,,,-0.022877687588334084,,,,,,
20.094459,ATT,3,,0.0,0.0,93.35,0.0,0.0,0.01,,0.03,,,,93.35,,,,,,,,,,,,,,,,,,,,,,
20.094459,XKF1,,,,,,,,,,,,,,,,0.0,0.0,,,0.013416533994138755,,,,,,0.0,,,,,,,-0.009107013233006,,-0.009107013233006,-0.009852192364633083
20.094459,POS,,,,,,,,,,,,,,,,0.011132000130089637,0.0,,,,,37.4274999,-122.1697,,,-0.011132000130089637,,,,-0.023167891427874565,,,,,,
20.194418999999996,ATT,3,,0.0,0.0,93.34,0.0,0.0,0.01,,0.03,,,,93.34,,,,,,,,,,,,,,,,,,,,,,
20.194418999999996,XKF1,,,,,,,,,,,,,,,,0.0,0.0,,,0.013547089312498773,,,,,,0.0,,,,,,,-0.009207703173160553,,-0.009207703173160553,-0.009936892427504063
20.194418999999996,POS,,,,,,,,,,,,,,,,0.011132000130089637,0.0,,,,,37.4274999,-122.1697,,,-0.011132000130089637,,,,-0.023441284894943237,,,,,,
20.294379,ATT,3,,0.0,0.0,93.33,0.0,0.0,0.01,,0.03,,,,93.33,,,,,,,,,,,,,,,,,,,,,,
20.294379,XKF1,,,,,,,,,,,,,,,,0.0,0.0,,,0.013693559836120512,,,,,,0.0,,,,,,,-0.009323380887508392,,-0.009323380887508392,-0.010029364377260208
20.294379,POS,,,,,,,,,,,,,,,,0.011132000130089637,0.0,,,,,37.4274999,-122.1697,,,-0.011132000130089637,,,,-0.023699281737208366,,,,,,
20.394339000000002,ATT,3,,0.0,0.0,93.32,0.0,0.0,0.01,,0.03,,,,93.32,,,,,,,,,,,,,,,,,,,,,,
20.394339000000002,XKF1,,,,,,,,,,,,,,,,0.0,0.0,,,0.013767084854630497,,,,,,0.0,,,,,,,-0.009377999231219292,,-0.009377999231219292,-0.010078975930809975
20.394339000000002,POS,,,,,,,,,,,,,,,,0.011132000130089637,0.0,,,,,37.4274999,-122.1697,,,-0.011132000130089637,,,,-0.02396278642117977,,,,,,
20.494298999999998,ATT,3,,0.0,0.0,93.31,0.0,0.0,0.01,,0.03,,,,93.31,,,,,,,,,,,,,,,,,,,,,,
20.494298999999998,XKF1,,,,,,,,,,,,,,,,0.0,0.0,,,0.013916385772527448,,,,,,0.0,,,,,,,-0.009499085135757923,,-0.009499085135757923,-0.010170210152864456
20.494298999999998,POS,,,,,,,,,,,,,,,,0.011132000130089637,0.0,,,,,37.4274999,-122.1697,,,-0.011132000130089637,,,,-0.02419867366552353,,,,,,
20.594259,ATT,3,,0.0,0.0,93.3,0.0,0.0,0.01,,0.03,,,,93.3,,,,,,,,,,,,,,,,,,,,,,
20.594259,XKF1,,,,,,,,,,,,,,,,0.0,0.0,,,0.01406243514933741,,,,,,0.0,,,,,,,-0.009603620506823063,,-0.009603620506823063,-0.010272417217493057
20.594259,POS,,,,,,,,,,,,,,,,0.011132000130089637,0.0,,,,,37.4274999,-122.1697,,,-0.011132000130089637,,,,-0.024424759671092033,,,,,,
20.694218999999997,ATT,3,,0.0,0.0,93.29,0.0,0.0,0.01,,0.03,,,,93.29,,,,,,,,,,,,,,,,,,,,,,
20.694218999999997,XKF1,,,,,,,,,,,,,,,,0.0,0.0,,,0.014262947894251575,,,,,,0.0,,,,,,,-0.009752313606441021,,-0.009752313606441021,-0.010407884605228901
20.694218999999997,POS,,,,,,,,,,,,,,,,0.011132000130089637,0.0,,,,,37.4274999,-122.1697,,,-0.011132000130089637,,,,-0.024639207869768143,,,,,,
20.794179,ATT,3,,0.0,0.0,93.28,0.0,0.0,0.02,,0.03,,,,93.28,,,,,,,,,,,,,,,,,,,,,,
20.794179,XKF1,,,,,,,,,,,,,,,,0.0,0.0,,,0.014427614871428693,,,,,,0.0,,,,,,,-0.009880512952804565,,-0.009880512952804565,-0.010513397864997387
20.794179,POS,,,,,,,,,,,,,,,,0.011132000130089637,0.0,,,,,37.4274999,-122.1697,,,-0.011132000130089637,,,,-0.024838311597704887,,,,,,
20.894972000000003,ATT,3,,0.0,0.0,93.27,0.0,0.0,0.02,,0.03,,,,93.27,,,,,,,,,,,,,,,,,,,,,,
20.894972000000003,XKF1,,,,,,,,,,,,,,,,0.0,0.0,,,0.014614342502570736,,,,,,0.0,,,,,,,-0.010010010562837124,,-0.010010010562837124,-0.010647943243384361
20.894972000000003,POS,,,,,,,,,,,,,,,,0.011132000130089637,0.0,,,,,37.4274999,-122.1697,,,-0.011132000130089637,,,,-0.025028521195054054,,,,,,
20.994932,ATT,3,,0.0,0.0,93.26,0.0,0.0,0.02,,0.03,,,,93.26,,,,,,,,,,,,,,,,,,,,,,
20.994932,XKF1,,,,,,,,,,,,,,,,0.0,0.0,,,0.014802232622365937,,,,,,0.0,,,,,,,-0.010139183141291142,,-0.010139183141291142,-0.010784389451146126
20.994932,POS,,,,,,,,,,,,,,,,0.011132000130089637,0.0,,,,,37.4274999,-122.1697,,,-0.011132000130089637,,,,-0.02520880289375782,,,,,,
21.094892,ATT,3,,0.0,0.0,93.25,0.0,0.0,0.02,,0.03,,,,93.25,,,,,,,,,,,,,,,,,,,,,,
21.094892,XKF1,,,,,,,,,,,,,,,,0.0,0.0,,,0.014894595525026718,,,,,,0.0,,,,,,,-0.01019242312759161,,-0.01019242312759161,-0.010861099697649479
21.094892,POS,,,,,,,,,,,,,,,,0.011132000130089637,0.0,,,,,37.4274999,-122.1697,,,-0.011132000130089637,,,,-0.025378279387950897,,,,,,
21.194851999999997,ATT,3,,0.0,0.0,93.24,0.0,0.0,0.02,,0.03,,,,93.24,,,,,,,,,,,,,,,,,,,,,,
21.194851999999997,XKF1,,,,,,,,,,,,,,,,0.0,0.0,,,0.015062553077235329,,,,,,0.0,,,,,,,-0.010293043218553066,,-0.010293043218553066,-0.010996988974511623
21.194851999999997,POS,,,,,,,,,,,,,,,,0.011132000130089637,0.0,,,,,37.4274999,-122.1697,,,-0.011132000130089637,,,,-0.025537295266985893,,,,,,
21.294812,ATT,3,,0.0,0.0,93.23,0.0,0.0,0.02,,0.03,,,,93.23,,,,,,,,,,,,,,,,,,,,,,
21.294812,XKF1,,,,,,,,,,,,,,,,0.0,0.0,,,0.015217759233822785,,,,,,0.0,,,,,,,-0.010412842035293579,,-0.010412842035293579,-0.011097428388893604
21.294812,POS,,,,,,,,,,,,,,,,0.011132000130089637,0.0,,,,,37.4274999,-122.1697,,,-0.011132000130089637,,,,-0.02568591758608818,,,,,,
21.394772000000003,ATT,3,,0.0,0.0,93.22,0.0,0.0,0.02,,0.03,,,,93.22,,,,,,,,,,,,,,,,,,,,,,
21.394772000000003,XKF1,,,,,,,,,,,,,,,,0.0,0.0,,,0.01534614612019443,,,,,,0.0,,,,,,,-0.010514778085052967,,-0.010514778085052967,-0.011177819222211838
21.394772000000003,POS,,,,,,,,,,,,,,,,0.011132000130089637,0.0,,,,,37.4274999,-122.1697,,,-0.011132000130089637,,,,-0.025826433673501015,,,,,,
21.494732,ATT,3,,0.0,0.0,93.21,0.0,0.0,0.02,,0.03,,,,93.21,,,,,,,,,,,,,,,,,,,,,,
21.494732,XKF1,,,,,,,,,,,,,,,,0.0,0.0,,,0.015472076026485095,,,,,,0.0,,,,,,,-0.010599412024021149,,-0.010599412024021149,-0.011271095834672451
21.494732,POS,,,,,,,,,,,,,,,,0.011132000130089637,0.0,,,,,37.4274999,-122.1697,,,-0.011132000130089637,,,,-0.025962624698877335,,,,,,
21.594692000000002,ATT,3,,0.0,0.0,93.2,0.0,0.0,0.02,,0.03,,,,93.2,,,,,,,,,,,,,,,,,,,,,,
21.594692000000002,XKF1,,,,,,,,,,,,,,,,0.0,0.0,,,0.015601779398557846,,,,,,0.0,,,,,,,-0.010709147900342941,,-0.010709147900342941,-0.011345909908413887
21.594692000000002,POS,,,,,,,,,,,,,,,,0.011132000130089637,0.0,,,,,37.4274999,-122.1697,,,-0.011132000130089637,,,,-0.0260928925126791,,,,,,
21.694651999999998,ATT,3,,0.0,0.0,93.19,0.0,0.0,0.02,,0.04,,,,93.19,,,,,,,,,,,,,,,,,,,,,,
21.694651999999998,XKF1,,,,,,,,,,,,,,,,0.0,0.0,,,0.01577839061611529,,,,,,0.0,,,,,,,-0.010816430673003197,,-0.010816430673003197,-0.011487490497529507
21.694651999999998,POS,,,,,,,,,,,,,,,,0.011132000130089637,0.0,,,,,37.4274999,-122.1697,,,-0.011132000130089637,,,,-0.02621467038989067,,,,,,
21.794612,ATT,3,,0.0,0.0,93.18,0.0,0.0,0.02,,0.04,,,,93.18,,,,,,,,,,,,,,,,,,,,,,
21.794612,XKF1,,,,,,,,,,,,,,,,0.0,0.0,,,0.015917744612415064,,,,,,0.0,,,,,,,-0.010891101323068142,,-0.010891101323068142,-0.011608553119003773
21.794612,POS,,,,,,,,,,,,,,,,0.011132000130089637,0.0,,,,,37.4274999,-122.1697,,,-0.011132000130089637,,,,-0.026324858888983727,,,,,,
21.894571999999997,ATT,3,,0.0,0.0,93.17,0.0,0.0,0.02,,0.04,,,,93.17,,,,,,,,,,,,,,,,,,,,,,
21.894571999999997,XKF1,,,,,,,,,,,,,,,,0.0,0.0,,,0.01604843144950295,,,,,,0.0,,,,,,,-0.01099096518009901,,-0.01099096518009901,-0.011694051325321198
21.894571999999997,POS,,,,,,,,,,,,,,,,0.011132000130089637,0.0,,,,,37.4274999,-122.1697,,,-0.011132000130089637,,,,-0.02642539143562317,,,,,,
21.994532,ATT,3,,0.0,0.0,93.16,0.0,0.0,0.02,,0.04,,,,93.16,,,,,,,,,,,,,,,,,,,,,,
21.994532,XKF1,,,,,,,,,,,,,,,,0.0,0.0,,,0.01613349988998135,,,,,,0.0,,,,,,,-0.011071620509028435,,-0.011071620509028435,-0.011734949424862862
21.994532,POS,,,,,,,,,,,,,,,,0.011132000130089637,0.0,,,,,37.4274999,-122.1697,,,-0.011132000130089637,,,,-0.026519253849983215,,,,,,
22.094492000000002,ATT,3,,0.0,0.0,93.15,0.0,0.0,0.02,,0.04,,,,93.15,,,,,,,,,,,,,,,,,,,,,,
22.094492000000002,XKF1,,,,,,,,,,,,,,,,0.0,0.0,,,0.016273459324780113,,,,,,0.0,,,,,,,-0.011170436628162861,,-0.011170436628162861,-0.011834138073027134
22.094492000000002,POS,,,,,,,,,,,,,,,,0.011132000130089637,0.0,,,,,37.4274999,-122.1697,,,-0.011132000130089637,,,,-0.02660478837788105,,,,,,
22.194452,ATT,3,,0.0,0.0,93.14,0.0,0.0,0.02,,0.04,,,,93.14,,,,,,,,,,,,,,,,,,,,,,
22.194452,XKF1,,,,,,,,,,,,,,,,0.0,0.0,,,0.016435122604502566,,,,,,0.0,,,,,,,-0.011318236589431763,,-0.011318236589431763,-0.011916827410459518
22.194452,POS,,,,,,,,,,,,,,,,0.011132000130089637,0.0,,,,,37.4274999,-122.1697,,,-0.011132000130089637,,,,-0.026685617864131927,,,,,,
22.294412,ATT,3,,0.0,0.0,93.13,0.0,0.0,0.02,,0.04,,,,93.13,,,,,,,,,,,,,,,,,,,,,,
22.294412,XKF1,,,,,,,,,,,,,,,,0.0,0.0,,,0.0165368685755966,,,,,,0.0,,,,,,,-0.011392992921173573,,-0.011392992921173573,-0.011986147612333298
22.294412,POS,,,,,,,,,,,,,,,,0.011132000130089637,0.0,,,,,37.4274999,-122.1697,,,-0.011132000130089637,,,,-0.026761891320347786,,,,,,
22.394371999999997,ATT,3,,0.0,0.0,93.12,0.0,0.0,0.02,,0.04,,,,93.12,,,,,,,,,,,,,,,,,,,,,,
22.394371999999997,XKF1,,,,,,,,,,,,,,,,0.0,0.0,,,0.016661378455737893,,,,,,0.0,,,,,,,-0.011479593813419342,,-0.011479593813419342,-0.012075614184141159
22.394371999999997,POS,,,,,,,,,,,,,,,,0.011132000130089637,0.0,,,,,37.4274999,-122.1697,,,-0.011132000130089637,,,,-0.02683223970234394,,,,,,
22.494332,ATT,3,,0.0,0.0,93.11,0.0,0.0,0.02,,0.04,,,,93.11,,,,,,,,,,,,,,,,,,,,,,
22.494332,XKF1,,,,,,,,,,,,,,,,0.0,0.0,,,0.016785935712587446,,,,,,0.0,,,,,,,-0.011602921411395073,,-0.011602921411395073,-0.01213012170046568
22.494332,POS,,,,,,,,,,,,,,,,0.011132000130089637,0.0,,,,,37.4274999,-122.1697,,,-0.011132000130089637,,,,-0.026894960552453995,,,,,,
22.594292000000003,ATT,3,,0.0,0.0,93.1,0.0,0.0,0.02,,0.04,,,,93.1,,,,,,,,,,,,,,,,,,,,,,
22.594292000000003,XKF1,,,,,,,,,,,,,,,,0.0,0.0,,,0.01686368682566619,,,,,,0.0,,,,,,,-0.011626699939370155,,-0.011626699939370155,-0.012214899994432926
22.594292000000003,POS,,,,,,,,,,,,,,,,0.011132000130089637,0.0,,,,,37.4274999,-122.1697,,,-0.011132000130089637,,,,-0.026951216161251068,,,,,,
22.694252,ATT,3,,0.0,0.0,93.09,0.0,0.0,0.02,,0.04,,,,93.09,,,,,,,,,,,,,,,,,,,,,,
22.694252,XKF1,,,,,,,,,,,,,,,,0.0,0.0,,,0.017003023668459696,,,,,,0.0,,,,,,,-0.011743314564228058,,-0.011743314564228058,-0.012296234257519245
22.694252,POS,,,,,,,,,,,,,,,,0.011132000130089637,0.0,,,,,37.4274999,-122.1697,,,-0.011132000130089637,,,,-0.027006221935153008,,,,,,
22.771721,MSG,,,,,,,,,,,,,,,,,,,,,,,,,,,,,,,,,,Arm: Need Position Estimate,,
22.771721,MSG,,,,,,,,,,,,,,,,,,,,,,,,,,,,,,,,,,Arm: Fence requires position,,
22.794212,ATT,3,,0.0,0.0,93.08,0.0,0.0,0.02,,0.04,,,,93.08,,,,,,,,,,,,,,,,,,,,,,
22.794212,XKF1,,,,,,,,,,,,,,,,0.0,0.0,,,0.017117195435143458,,,,,,0.0,,,,,,,-0.011788617819547653,,-0.011788617819547653,-0.012410756200551987
22.794212,POS,,,,,,,,,,,,,,,,0.011132000130089637,0.0,,,,,37.4274999,-122.1697,,,-0.011132000130089637,,,,-0.027055000886321068,,,,,,
22.894171999999998,ATT,3,,0.0,0.0,93.07,0.0,0.0,0.02,,0.04,,,,93.07,,,,,,,,,,,,,,,,,,,,,,
22.894171999999998,XKF1,,,,,,,,,,,,,,,,0.0,0.0,,,0.01727100733991554,,,,,,0.0,,,,,,,-0.011877553537487984,,-0.011877553537487984,-0.012538397684693336
22.894171999999998,POS,,,,,,,,,,,,,,,,0.011132000130089637,0.0,,,,,37.4274999,-122.1697,,,-0.011132000130089637,,,,-0.0270980317145586,,,,,,
22.994965,ATT,3,,0.0,0.0,93.06,0.0,0.0,0.02,,0.04,,,,93.06,,,,,,,,,,,,,,,,,,,,,,
22.994965,XKF1,,,,,,,,,,,,,,,,0.0,0.0,,,0.017419549484548186,,,,,,0.0,,,,,,,-0.011994238942861557,,-0.011994238942861557,-0.012632455676794052
22.994965,POS,,,,,,,,,,,,,,,,0.011132000130089637,0.0,,,,,37.4274999,-122.1697,,,-0.011132000130089637,,,,-0.027138972654938698,,,,,,
23.094924999999996,ATT,3,,0.0,0.0,93.05,0.0,0.0,0.02,,0.04,,,,93.05,,,,,,,,,,,,,,,,,,,,,,
23.094924999999996,XKF1,,,,,,,,,,,,,,,,0.0,0.0,,,0.01754310514412497,,,,,,0.0,,,,,,,-0.01206391490995884,,-0.01206391490995884,-0.012736659497022629
23.094924999999996,POS,,,,,,,,,,,,,,,,0.011132000130089637,0.0,,,,,37.4274999,-122.1697,,,-0.011132000130089637,,,,-0.0271800197660923,,,,,,
23.194885,ATT,3,,0.0,0.0,93.04,0.0,0.0,0.02,,0.04,,,,93.04,,,,,,,,,,,,,,,,,,,,,,
23.194885,XKF1,,,,,,,,,,,,,,,,0.0,0.0,,,0.017629601616478495,,,,,,0.0,,,,,,,-0.01208858285099268,,-0.01208858285099268,-0.012832342647016048
23.194885,POS,,,,,,,,,,,,,,,,0.011132000130089637,0.0,,,,,37.4274999,-122.1697,,,-0.011132000130089637,,,,-0.027219563722610474,,,,,,
23.294845000000002,ATT,3,,0.0,0.0,93.03,0.0,0.0,0.02,,0.04,,,,93.03,,,,,,,,,,,,,,,,,,,,,,
23.294845000000002,XKF1,,,,,,,,,,,,,,,,0.0,0.0,,,0.017784852610583147,,,,,,0.0,,,,,,,-0.012216155417263508,,-0.012216155417263508,-0.012925421819090843
23.294845000000002,POS,,,,,,,,,,,,,,,,0.011132000130089637,0.0,,,,,37.4274999,-122.1697,,,-0.011132000130089637,,,,-0.027250124141573906,,,,,,
23.394804999999998,ATT,3,,0.0,0.0,93.02,0.0,0.0,0.02,,0.04,,,,93.02,,,,,,,,,,,,,,,,,,,,,,
23.394804999999998,XKF1,,,,,,,,,,,,,,,,0.0,0.0,,,0.017924810444940376,,,,,,0.0,,,,,,,-0.012315263971686363,,-0.012315263971686363,-0.013024327345192432
23.394804999999998,POS,,,,,,,,,,,,,,,,0.011132000130089637,0.0,,,,,37.4274999,-122.1697,,,-0.011132000130089637,,,,-0.027267687022686005,,,,,,
23.494765,ATT,3,,0.0,0.0,93.01,0.0,0.0,0.02,,0.04,,,,93.01,,,,,,,,,,,,,,,,,,,,,,
23.494765,XKF1,,,,,,,,,,,,,,,,0.0,0.0,,,0.018093885914814332,,,,,,0.0,,,,,,,-0.012471967376768589,,-0.012471967376768589,-0.013108727522194386
23.494765,POS,,,,,,,,,,,,,,,,0.011132000130089637,0.0,,,,,37.4274999,-122.1697,,,-0.011132000130089637,,,,-0.027280941605567932,,,,,,
23.594724999999997,ATT,3,,0.0,0.0,93.0,0.0,0.0,0.02,,0.04,,,,93.0,,,,,,,,,,,,,,,,,,,,,,
23.594724999999997,XKF1,,,,,,,,,,,,,,,,0.0,0.0,,,0.01823672441566507,,,,,,0.0,,,,,,,-0.012574919499456882,,-0.012574919499456882,-0.013207933865487576
23.594724999999997,POS,,,,,,,,,,,,,,,,0.011132000130089637,0.0,,,,,37.4274999,-122.1697,,,-0.011132000130089637,,,,-0.027287594974040985,,,,,,
23.694685,ATT,3,,0.0,0.0,92.99,0.0,0.0,0.02,,0.04,,,,92.99,,,,,,,,,,,,,,,,,,,,,,
23.694685,XKF1,,,,,,,,,,,,,,,,0.0,0.0,,,0.018423928637983172,,,,,,0.0,,,,,,,-0.012693292461335659,,-0.012693292461335659,-0.01335370633751154
23.694685,POS,,,,,,,,,,,,,,,,0.011132000130089637,0.0,,,,,37.4274999,-122.1697,,,-0.011132000130089637,,,,-0.027287153527140617,,,,,,
23.794645000000003,ATT,3,,0.0,0.0,92.98,0.0,0.0,0.02,,0.04,,,,92.98,,,,,,,,,,,,,,,,,,,,,,
23.794645000000003,XKF1,,,,,,,,,,,,,,,,0.0,0.0,,,0.01857717240161361,,,,,,0.0,,,,,,,-0.01284721214324236,,-0.01284721214324236,-0.013418661430478096
23.794645000000003,POS,,,,,,,,,,,,,,,,0.011132000130089637,0.0,,,,,37.4274999,-122.1697,,,-0.011132000130089637,,,,-0.027283554896712303,,,,,,
23.894605,ATT,3,,0.0,0.0,92.97,0.0,0.0,0.02,,0.04,,,,92.97,,,,,,,,,,,,,,,,,,,,,,
23.894605,XKF1,,,,,,,,,,,,,,,,0.0,0.0,,,0.018754722663924226,,,,,,0.0,,,,,,,-0.012986472807824612,,-0.012986472807824612,-0.01353111770004034
23.894605,POS,,,,,,,,,,,,,,,,0.011132000130089637,0.0,,,,,37.4274999,-122.1697,,,-0.011132000130089637,,,,-0.027275724336504936,,,,,,
23.994565,ATT,3,,0.0,0.0,92.96,0.0,0.0,0.02,,0.04,,,,92.96,,,,,,,,,,,,,,,,,,,,,,
23.994565,XKF1,,,,,,,,,,,,,,,,0.0,0.0,,,0.01885886150628557,,,,,,0.0,,,,,,,-0.01306659635156393,,-0.01306659635156393,-0.013598555698990822
23.994565,POS,,,,,,,,,,,,,,,,0.011132000130089637,0.0,,,,,37.4274999,-122.1697,,,-0.011132000130089637,,,,-0.027267826721072197,,,,,,
24.094524999999997,ATT,3,,0.0,0.0,92.95,0.0,0.0,0.02,,0.04,,,,92.95,,,,,,,,,,,,,,,,,,,,,,
24.094524999999997,XKF1,,,,,,,,,,,,,,,,0.0,0.0,,,0.019005782510786103,,,,,,0.0,,,,,,,-0.01315681915730238,,-0.01315681915730238,-0.013715607114136219
24.094524999999997,POS,,,,,,,,,,,,,,,,0.011132000130089637,0.0,,,,,37.4274999,-122.1697,,,-0.011132000130089637,,,,-0.027260173112154007,,,,,,
24.194485,ATT,3,,0.0,0.0,92.94,0.0,0.0,0.02,,0.04,,,,92.94,,,,,,,,,,,,,,,,,,,,,,
24.194485,XKF1,,,,,,,,,,,,,,,,0.0,0.0,,,0.019147136728340976,,,,,,0.0,,,,,,,-0.0132718151435256,,-0.0132718151435256,-0.0138011509552598
24.194485,POS,,,,,,,,,,,,,,,,0.011132000130089637,0.0,,,,,37.4274999,-122.1697,,,-0.011132000130089637,,,,-0.027252530679106712,,,,,,
24.294445000000003,ATT,3,,0.0,0.0,92.93,0.0,0.0,0.02,,0.04,,,,92.93,,,,,,,,,,,,,,,,,,,,,,
24.294445000000003,XKF1,,,,,,,,,,,,,,,,0.0,0.0,,,0.019296597138843657,,,,,,0.0,,,,,,,-0.013384892605245113,,-0.013384892605245113,-0.013899759389460087
24.294445000000003,POS,,,,,,,,,,,,,,,,0.011132000130089637,0.0,,,,,37.4274999,-122.1697,,,-0.011132000130089637,,,,-0.027243949472904205,,,,,,
24.394405,ATT,3,,0.0,0.0,92.92,0.0,0.0,0.02,,0.04,,,,92.92,,,,,,,,,,,,,,,,,,,,,,
24.394405,XKF1,,,,,,,,,,,,,,,,0.0,0.0,,,0.01945709744301889,,,,,,0.0,,,,,,,-0.013513836078345776,,-0.013513836078345776,-0.013998388312757015
24.394405,POS,,,,,,,,,,,,,,,,0.011132000130089637,0.0,,,,,37.4274999,-122.1697,,,-0.011132000130089637,,,,-0.02723492868244648,,,,,,
24.494365000000002,ATT,3,,0.0,0.0,92.91,0.0,0.0,0.02,,0.04,,,,92.91,,,,,,,,,,,,,,,,,,,,,,
24.494365000000002,XKF1,,,,,,,,,,,,,,,,0.0,0.0,,,0.019626855462845445,,,,,,0.0,,,,,,,-0.013642977923154831,,-0.013642977923154831,-0.014109663665294647
24.494365000000002,POS,,,,,,,,,,,,,,,,0.011132000130089637,0.0,,,,,37.4274999,-122.1697,,,-0.011132000130089637,,,,-0.027224434539675713,,,,,,
24.594324999999998,ATT,3,,0.0,0.0,92.9,0.0,0.0,0.02,,0.04,,,,92.9,,,,,,,,,,,,,,,,,,,,,,
24.594324999999998,XKF1,,,,,,,,,,,,,,,,0.0,0.0,,,0.01978907842877327,,,,,,0.0,,,,,,,-0.013759464956820013,,-0.013759464956820011,-0.014222684316337109
24.594324999999998,POS,,,,,,,,,,,,,,,,0.011132000130089637,0.0,,,,,37.4274999,-122.1697,,,-0.011132000130089637,,,,-0.027212101966142654,,,,,,
24.694285,ATT,3,,0.0,0.0,92.89,0.0,0.0,0.03,,0.04,,,,92.89,,,,,,,,,,,,,,,,,,,,,,
24.694285,XKF1,,,,,,,,,,,,,,,,0.0,0.0,,,0.019894418915884133,,,,,,0.0,,,,,,,-0.013836465775966646,,-0.013836465775966644,-0.014294758439064026
24.694285,POS,,,,,,,,,,,,,,,,0.011132000130089637,0.0,,,,,37.4274999,-122.1697,,,-0.011132000130089637,,,,-0.027198350057005882,,,,,,
24.794244999999997,ATT,3,,0.0,0.0,92.88,0.0,0.0,0.03,,0.04,,,,92.88,,,,,,,,,,,,,,,,,,,,,,
24.794244999999997,XKF1,,,,,,,,,,,,,,,,0.0,0.0,,,0.02005835349808176,,,,,,0.0,,,,,,,-0.013986473903059961,,-0.01398647390305996,-0.014377624727785587
24.794244999999997,POS,,,,,,,,,,,,,,,,0.011132000130089637,0.0,,,,,37.4274999,-122.1697,,,-0.011132000130089637,,,,-0.027180524542927742,,,,,,
24.894205,ATT,3,,0.0,0.0,92.88,0.0,0.0,0.03,,0.04,,,,92.88,,,,,,,,,,,,,,,,,,,,,,
24.894205,XKF1,,,,,,,,,,,,,,,,0.0,0.0,,,0.02014226975299886,,,,,,0.0,,,,,,,-0.014050234109163286,,-0.014050234109163284,-0.01443266961723566
24.894205,POS,,,,,,,,,,,,,,,,0.011132000130089637,0.0,,,,,37.4274999,-122.1697,,,-0.011132000130089637,,,,-0.02715912088751793,,,,,,
24.994998000000002,ATT,3,,0.0,0.0,92.87,0.0,0.0,0.03,,0.04,,,,92.87,,,,,,,,,,,,,,,,,,,,,,
24.994998000000002,XKF1,,,,,,,,,,,,,,,,0.0,0.0,,,0.020297660412291568,,,,,,0.0,,,,,,,-0.014188867062330248,,-0.014188867062330246,-0.01451451238244772
24.994998000000002,POS,,,,,,,,,,,,,,,,0.011132000130089637,0.0,,,,,37.4274999,-122.1697,,,-0.011132000130089637,,,,-0.027136677876114845,,,,,,
25.094958,ATT,3,,0.0,0.0,92.86,0.0,0.0,0.03,,0.04,,,,92.86,,,,,,,,,,,,,,,,,,,,,,
25.094958,XKF1,,,,,,,,,,,,,,,,0.0,0.0,,,0.020417141396382545,,,,,,0.0,,,,,,,-0.014259855262935163,,-0.014259855262935162,-0.01461219321936369
25.094958,POS,,,,,,,,,,,,,,,,0.011132000130089637,0.0,,,,,37.4274999,-122.1697,,,-0.011132000130089637,,,,-0.027114616706967354,,,,,,
25.194918,ATT,3,,0.0,0.0,92.85,0.0,0.0,0.03,,0.04,,,,92.85,,,,,,,,,,,,,,,,,,,,,,
25.194918,XKF1,,,,,,,,,,,,,,,,0.0,0.0,,,0.020572604189239226,,,,,,0.0,,,,,,,-0.01441337261348963,,-0.014413372613489628,-0.014679466374218464
25.194918,POS,,,,,,,,,,,,,,,,0.011132000130089637,0.0,,,,,37.4274999,-122.1697,,,-0.011132000130089637,,,,-0.027091113850474358,,,,,,
25.294877999999997,ATT,3,,0.0,0.0,92.84,0.0,0.0,0.03,,0.04,,,,92.84,,,,,,,,,,,,,,,,,,,,,,
25.294877999999997,XKF1,,,,,,,,,,,,,,,,0.0,0.0,,,0.02071775992287709,,,,,,0.0,,,,,,,-0.014548938721418382,,-0.01454893872141838,-0.014749710448086262
25.294877999999997,POS,,,,,,,,,,,,,,,,0.011132000130089637,0.0,,,,,37.4274999,-122.1697,,,-0.011132000130089637,,,,-0.027065329253673553,,,,,,
25.394838,ATT,3,,0.0,0.0,92.83,0.0,0.0,0.03,,0.04,,,,92.83,,,,,,,,,,,,,,,,,,,,,,
25.394838,XKF1,,,,,,,,,,,,,,,,0.0,0.0,,,0.0208327201227548,,,,,,0.0,,,,,,,-0.014642284251749517,,-0.014642284251749516,-0.014819100499153137
25.394838,POS,,,,,,,,,,,,,,,,0.011132000130089637,0.0,,,,,37.4274999,-122.1697,,,-0.011132000130089637,,,,-0.02704119309782982,,,,,,
25.494798000000003,ATT,3,,0.0,0.0,92.82,0.0,0.0,0.03,,0.04,,,,92.82,,,,,,,,,,,,,,,,,,,,,,
25.494798000000003,XKF1,,,,,,,,,,,,,,,,0.0,0.0,,,0.020937193756162726,,,,,,0.0,,,,,,,-0.014724634587764742,,-0.01472463458776474,-0.014884596690535545
25.494798000000003,POS,,,,,,,,,,,,,,,,0.011132000130089637,0.0,,,,,37.4274999,-122.1697,,,-0.011132000130089637,,,,-0.02701684646308422,,,,,,
25.594758,ATT,3,,0.0,0.0,92.81,0.0,0.0,0.03,,0.04,,,,92.81,,,,,,,,,,,,,,,,,,,,,,
25.594758,XKF1,,,,,,,,,,,,,,,,0.0,0.0,,,0.02104153827749014,,,,,,0.0,,,,,,,-0.014834325760602953,,-0.014834325760602951,-0.014922771602869034
25.594758,POS,,,,,,,,,,,,,,,,0.011132000130089637,0.0,,,,,37.4274999,-122.1697,,,-0.011132000130089637,,,,-0.02699088491499424,,,,,,
25.694718,ATT,3,,0.0,0.0,92.8,0.0,0.0,0.03,,0.04,,,,92.8,,,,,,,,,,,,,,,,,,,,,,
25.694718,XKF1,,,,,,,,,,,,,,,,0.0,0.0,,,0.021236065062315936,,,,,,0.0,,,,,,,-0.014975469559431078,,-0.014975469559431076,-0.015056751668453217
25.694718,POS,,,,,,,,,,,,,,,,0.011132000130089637,0.0,,,,,37.4274999,-122.1697,,,-0.011132000130089637,,,,-0.026962244883179665,,,,,,
25.794677999999998,ATT,3,,0.0,0.0,92.79,0.0,0.0,0.03,,0.04,,,,92.79,,,,,,,,,,,,,,,,,,,,,,
25.794677999999998,XKF1,,,,,,,,,,,,,,,,0.0,0.0,,,0.02136714610014443,,,,,,0.0,,,,,,,-0.015116979368031027,,-0.015116979368031025,-0.015100724063813686
25.794677999999998,POS,,,,,,,,,,,,,,,,0.011132000130089637,0.0,,,,,37.4274999,-122.1697,,,-0.011132000130089637,,,,-0.02692963369190693,,,,,,
25.894638,ATT,3,,0.0,0.0,92.79,0.0,0.0,0.03,,0.04,,,,92.79,,,,,,,,,,,,,,,,,,,,,,
25.894638,XKF1,,,,,,,,,,,,,,,,0.0,0.0,,,0.02151635248090499,,,,,,0.0,,,,,,,-0.015251505188643934,,-0.015251505188643932,-0.015177121385931969
25.894638,POS,,,,,,,,,,,,,,,,0.011132000130089637,0.0,,,,,37.4274999,-122.1697,,,-0.011132000130089637,,,,-0.02689325250685215,,,,,,
25.994598000000003,ATT,3,,0.0,0.0,92.78,0.0,0.0,0.03,,0.04,,,,92.78,,,,,,,,,,,,,,,,,,,,,,
25.994598000000003,XKF1,,,,,,,,,,,,,,,,0.0,0.0,,,0.021662375444991118,,,,,,0.0,,,,,,,-0.015379837714135649,,-0.015379837714135647,-0.015255133621394634
25.994598000000003,POS,,,,,,,,,,,,,,,,0.011132000130089637,0.0,,,,,37.4274999,-122.1697,,,-0.011132000130089637,,,,-0.02685662917792797,,,,,,
26.094558,ATT,3,,0.0,0.0,92.77,0.0,0.0,0.03,,0.04,,,,92.77,,,,,,,,,,,,,,,,,,,,,,
26.094558,XKF1,,,,,,,,,,,,,,,,0.0,0.0,,,0.021775453368122113,,,,,,0.0,,,,,,,-0.0154840424656868,,-0.015484042465686798,-0.015310610644519329
26.094558,POS,,,,,,,,,,,,,,,,0.011132000130089637,0.0,,,,,37.4274999,-122.1697,,,-0.011132000130089637,,,,-0.0268196202814579,,,,,,
26.194518000000002,ATT,3,,0.0,0.0,92.76,0.0,0.0,0.03,,0.04,,,,92.76,,,,,,,,,,,,,,,,,,,,,,
26.194518000000002,XKF1,,,,,,,,,,,,,,,,0.0,0.0,,,0.02189455136008813,,,,,,0.0,,,,,,,-0.015596201643347742,,-0.01559620164334774,-0.015366517938673496
26.194518000000002,POS,,,,,,,,,,,,,,,,0.011132000130089637,0.0,,,,,37.4274999,-122.1697,,,-0.011132000130089637,,,,-0.02677873522043228,,,,,,
26.294477999999998,ATT,3,,0.0,0.0,92.75,0.0,0.0,0.03,,0.04,,,,92.75,,,,,,,,,,,,,,,,,,,,,,
26.294477999999998,XKF1,,,,,,,,,,,,,,,,0.0,0.0,,,0.022035071029140294,,,,,,0.0,,,,,,,-0.01569625362753868,,-0.01569625362753868,-0.015465185977518559
26.294477999999998,POS,,,,,,,,,,,,,,,,0.011132000130089637,0.0,,,,,37.4274999,-122.1697,,,-0.011132000130089637,,,,-0.026736345142126083,,,,,,
26.394438,ATT,3,,0.0,0.0,92.74,0.0,0.0,0.03,,0.04,,,,92.74,,,,,,,,,,,,,,,,,,,,,,
26.394438,XKF1,,,,,,,,,,,,,,,,0.0,0.0,,,0.022156410050212516,,,,,,0.0,,,,,,,-0.015823520720005035,,-0.015823520720005035,-0.015508794225752354
26.394438,POS,,,,,,,,,,,,,,,,0.011132000130089637,0.0,,,,,37.4274999,-122.1697,,,-0.011132000130089637,,,,-0.0266899224370718,,,,,,
26.494397999999997,ATT,3,,0.0,0.0,92.73,0.0,0.0,0.03,,0.04,,,,92.73,,,,,,,,,,,,,,,,,,,,,,
26.494397999999997,XKF1,,,,,,,,,,,,,,,,0.0,0.0,,,0.02229415976240657,,,,,,0.0,,,,,,,-0.01595025323331356,,-0.01595025323331356,-0.01557623129338026
26.494397999999997,POS,,,,,,,,,,,,,,,,0.011132000130089637,0.0,,,,,37.4274999,-122.1697,,,-0.011132000130089637,,,,-0.02664361149072647,,,,,,
26.594358,ATT,3,,0.0,0.0,92.72,0.0,0.0,0.03,,0.04,,,,92.72,,,,,,,,,,,,,,,,,,,,,,
26.594358,XKF1,,,,,,,,,,,,,,,,0.0,0.0,,,0.022421145090933646,,,,,,0.0,,,,,,,-0.01606232114136219,,-0.01606232114136219,-0.015643196180462837
26.594358,POS,,,,,,,,,,,,,,,,0.011132000130089637,0.0,,,,,37.4274999,-122.1697,,,-0.011132000130089637,,,,-0.02659803442656994,,,,,,
26.694318000000003,ATT,3,,0.0,0.0,92.71,0.0,0.0,0.03,,0.04,,,,92.71,,,,,,,,,,,,,,,,,,,,,,
26.694318000000003,XKF1,,,,,,,,,,,,,,,,0.0,0.0,,,0.022515176697093124,,,,,,0.0,,,,,,,-0.01615719124674797,,-0.01615719124674797,-0.015680508688092232
26.694318000000003,POS,,,,,,,,,,,,,,,,0.011132000130089637,0.0,,,,,37.4274999,-122.1697,,,-0.011132000130089637,,,,-0.02655445970594883,,,,,,
26.794278,ATT,3,,0.0,0.0,92.71,0.0,0.0,0.03,,0.05,,,,92.71,,,,,,,,,,,,,,,,,,,,,,
26.794278,XKF1,,,,,,,,,,,,,,,,0.0,0.0,,,0.022704621923857485,,,,,,0.0,,,,,,,-0.016321124508976936,,-0.016321124508976936,-0.015783559530973434
26.794278,POS,,,,,,,,,,,,,,,,0.011132000130089637,0.0,,,,,37.4274999,-122.1697,,,-0.011132000130089637,,,,-0.026511067524552345,,,,,,
26.894238,ATT,3,,0.0,0.0,92.7,0.0,0.0,0.03,,0.05,,,,92.7,,,,,,,,,,,,,,,,,,,,,,
26.894238,XKF1,,,,,,,,,,,,,,,,0.0,0.0,,,0.022797864047573845,,,,,,0.0,,,,,,,-0.01641756296157837,,-0.01641756296157837,-0.015817908570170403
26.894238,POS,,,,,,,,,,,,,,,,0.011132000130089637,0.0,,,,,37.4274999,-122.1697,,,-0.011132000130089637,,,,-0.026469675824046135,,,,,,
26.994197999999997,ATT,3,,0.0,0.0,92.69,0.0,0.0,0.03,,0.05,,,,92.69,,,,,,,,,,,,,,,,,,,,,,
26.994197999999997,XKF1,,,,,,,,,,,,,,,,0.0,0.0,,,0.022887279714575205,,,,,,0.0,,,,,,,-0.016494276002049446,,-0.016494276002049446,-0.015867149457335472
26.994197999999997,POS,,,,,,,,,,,,,,,,0.011132000130089637,0.0,,,,,37.4274999,-122.1697,,,-0.011132000130089637,,,,-0.026424285024404526,,,,,,
27.094991,ATT,3,,0.0,0.0,92.68,0.0,0.0,0.03,,0.05,,,,92.68,,,,,,,,,,,,,,,,,,,,,,
27.094991,XKF1,,,,,,,,,,,,,,,,0.0,0.0,,,0.02301065833929426,,,,,,0.0,,,,,,,-0.016593098640441895,,-0.016593098640441895,-0.01594237983226776
27.094991,POS,,,,,,,,,,,,,,,,0.011132000130089637,0.0,,,,,37.4274999,-122.1697,,,-0.011132000130089637,,,,-0.026380354538559914,,,,,,
27.194951000000003,ATT,3,,0.0,0.0,92.67,0.0,0.0,0.03,,0.05,,,,92.67,,,,,,,,,,,,,,,,,,,,,,
27.194951000000003,XKF1,,,,,,,,,,,,,,,,0.0,0.0,,,0.023155576632631375,,,,,,0.0,,,,,,,-0.016695458441972733,,-0.016695458441972733,-0.016045011579990387
27.194951000000003,POS,,,,,,,,,,,,,,,,0.011132000130089637,0.0,,,,,37.4274999,-122.1697,,,-0.011132000130089637,,,,-0.026338333263993263,,,,,,
27.294911,ATT,3,,0.0,0.0,92.66,0.0,0.0,0.03,,0.05,,,,92.66,,,,,,,,,,,,,,,,,,,,,,
27.294911,XKF1,,,,,,,,,,,,,,,,0.0,0.0,,,0.023279773291271712,,,,,,0.0,,,,,,,-0.016803601756691933,,-0.016803601756691933,-0.016111698001623154
27.294911,POS,,,,,,,,,,,,,,,,0.011132000130089637,0.0,,,,,37.4274999,-122.1697,,,-0.011132000130089637,,,,-0.026301218196749687,,,,,,
27.394871000000002,ATT,3,,0.0,0.0,92.66,0.0,0.0,0.03,,0.05,,,,92.66,,,,,,,,,,,,,,,,,,,,,,
27.394871000000002,XKF1,,,,,,,,,,,,,,,,0.0,0.0,,,0.02346202418619444,,,,,,0.0,,,,,,,-0.016963424161076546,,-0.016963424161076546,-0.01620829477906227
27.394871000000002,POS,,,,,,,,,,,,,,,,0.011132000130089637,0.0,,,,,37.4274999,-122.1697,,,-0.011132000130089637,,,,-0.026264145970344543,,,,,,
27.494830999999998,ATT,3,,0.0,0.0,92.65,0.0,0.0,0.03,,0.05,,,,92.65,,,,,,,,,,,,,,,,,,,,,,
27.494830999999998,XKF1,,,,,,,,,,,,,,,,0.0,0.0,,,0.02363280952893325,,,,,,0.0,,,,,,,-0.017101146280765533,,-0.017101146280765533,-0.016311360523104668
27.494830999999998,POS,,,,,,,,,,,,,,,,0.011132000130089637,0.0,,,,,37.4274999,-122.1697,,,-0.011132000130089637,,,,-0.026228763163089752,,,,,,
27.594791,ATT,3,,0.0,0.0,92.64,0.0,0.0,0.03,,0.05,,,,92.64,,,,,,,,,,,,,,,,,,,,,,
27.594791,XKF1,,,,,,,,,,,,,,,,0.0,0.0,,,0.02375742135445767,,,,,,0.0,,,,,,,-0.017197920009493828,,-0.017197920009493828,-0.016390442848205566
27.594791,POS,,,,,,,,,,,,,,,,0.011132000130089637,0.0,,,,,37.4274999,-122.1697,,,-0.011132000130089637,,,,-0.02619452215731144,,,,,,
27.694750999999997,ATT,3,,0.0,0.0,92.63,0.0,0.0,0.03,,0.05,,,,92.63,,,,,,,,,,,,,,,,,,,,,,
27.694750999999997,XKF1,,,,,,,,,,,,,,,,0.0,0.0,,,0.02390042239787328,,,,,,0.0,,,,,,,-0.01729642227292061,,-0.01729642227292061,-0.01649436168372631
27.694750999999997,POS,,,,,,,,,,,,,,,,0.011132000130089637,0.0,,,,,37.4274999,-122.1697,,,-0.011132000130089637,,,,-0.026157569140195847,,,,,,
27.794711,ATT,3,,0.0,0.0,92.62,0.0,0.0,0.03,,0.05,,,,92.62,,,,,,,,,,,,,,,,,,,,,,
27.794711,XKF1,,,,,,,,,,,,,,,,0.0,0.0,,,0.02397196189973849,,,,,,0.0,,,,,,,-0.017372766509652138,,-0.017372766509652138,-0.01651792787015438
27.794711,POS,,,,,,,,,,,,,,,,0.011132000130089637,0.0,,,,,37.4274999,-122.1697,,,-0.011132000130089637,,,,-0.02611507847905159,,,,,,
27.894671000000002,ATT,3,,0.0,0.0,92.62,0.0,0.0,0.03,,0.05,,,,92.62,,,,,,,,,,,,,,,,,,,,,,
27.894671000000002,XKF1,,,,,,,,,,,,,,,,0.0,0.0,,,0.024103923785084642,,,,,,0.0,,,,,,,-0.017476286739110947,,-0.017476286739110947,-0.016600558534264565
27.894671000000002,POS,,,,,,,,,,,,,,,,0.011132000130089637,0.0,,,,,37.4274999,-122.1697,,,-0.011132000130089637,,,,-0.02607443742454052,,,,,,
27.994631,ATT,3,,0.0,0.0,92.61,0.0,0.0,0.03,,0.05,,,,92.61,,,,,,,,,,,,,,,,,,,,,,
27.994631,XKF1,,,,,,,,,,,,,,,,0.0,0.0,,,0.024219306004863318,,,,,,0.0,,,,,,,-0.017599549144506454,,-0.017599549144506454,-0.01663822866976261
27.994631,POS,,,,,,,,,,,,,,,,0.011132000130089637,0.0,,,,,37.4274999,-122.1697,,,-0.011132000130089637,,,,-0.026036255061626434,,,,,,
27.994631,MSG,,,,,,,,,,,,,,,,,,,,,,,,,,,,,,,,,,PreArm: Need Position Estimate,,
27.994631,MSG,,,,,,,,,,,,,,,,,,,,,,,,,,,,,,,,,,PreArm: Fence requires position,,
28.094591,ATT,3,,0.0,0.0,92.6,0.0,0.0,0.03,,0.05,,,,92.6,,,,,,,,,,,,,,,,,,,,,,
28.094591,XKF1,,,,,,,,,,,,,,,,0.0,0.0,,,0.024333589628022605,,,,,,0.0,,,,,,,-0.017695805057883263,,-0.017695805057883263,-0.01670275628566742
28.094591,POS,,,,,,,,,,,,,,,,0.011132000130089637,0.0,,,,,37.4274999,-122.1697,,,-0.011132000130089637,,,,-0.02599548175930977,,,,,,
28.194550999999997,ATT,3,,0.0,0.0,92.59,0.0,0.0,0.03,,0.05,,,,92.59,,,,,,,,,,,,,,,,,,,,,,
28.194550999999997,XKF1,,,,,,,,,,,,,,,,0.0,0.0,,,0.02444824960218006,,,,,,0.0,,,,,,,-0.017789548262953758,,-0.017789548262953758,-0.01677047647535801
28.194550999999997,POS,,,,,,,,,,,,,,,,0.011132000130089637,0.0,,,,,37.4274999,-122.1697,,,-0.011132000130089637,,,,-0.025953060016036034,,,,,,
28.294511,ATT,3,,0.0,0.0,92.58,0.0,0.0,0.03,,0.05,,,,92.58,,,,,,,,,,,,,,,,,,,,,,
28.294511,XKF1,,,,,,,,,,,,,,,,0.0,0.0,,,0.024606297156156188,,,,,,0.0,,,,,,,-0.017922913655638695,,-0.017922913655638695,-0.01685938984155655
28.294511,POS,,,,,,,,,,,,,,,,0.011132000130089637,0.0,,,,,37.4274999,-122.1697,,,-0.011132000130089637,,,,-0.02591095305979252,,,,,,
28.394471000000003,ATT,3,,0.0,0.0,92.58,0.0,0.0,0.03,,0.05,,,,92.58,,,,,,,,,,,,,,,,,,,,,,
28.394471000000003,XKF1,,,,,,,,,,,,,,,,0.0,0.0,,,0.024690606380400586,,,,,,0.0,,,,,,,-0.018001990392804146,,-0.018001990392804146,-0.01689835451543331
28.394471000000003,POS,,,,,,,,,,,,,,,,0.011132000130089637,0.0,,,,,37.4274999,-122.1697,,,-0.011132000130089637,,,,-0.025874990969896317,,,,,,
28.494431,ATT,3,,0.0,0.0,92.57,0.0,0.0,0.03,,0.05,,,,92.57,,,,,,,,,,,,,,,,,,,,,,
28.494431,XKF1,,,,,,,,,,,,,,,,0.0,0.0,,,0.024876490026377204,,,,,,0.0,,,,,,,-0.01811954565346241,,-0.01811954565346241,-0.01704470068216324
28.494431,POS,,,,,,,,,,,,,,,,0.011132000130089637,0.0,,,,,37.4274999,-122.1697,,,-0.011132000130089637,,,,-0.02584115043282509,,,,,,
28.594391,ATT,3,,0.0,0.0,92.56,0.0,0.0,0.04,,0.05,,,,92.56,,,,,,,,,,,,,,,,,,,,,,
28.594391,XKF1,,,,,,,,,,,,,,,,0.0,0.0,,,0.02500787371994942,,,,,,0.0,,,,,,,-0.018224971368908882,,-0.018224971368908882,-0.017124373465776443
28.594391,POS,,,,,,,,,,,,,,,,0.011132000130089637,0.0,,,,,37.4274999,-122.1697,,,-0.011132000130089637,,,,-0.025811104103922844,,,,,,
28.694350999999997,ATT,3,,0.0,0.0,92.55,0.0,0.0,0.04,,0.05,,,,92.55,,,,,,,,,,,,,,,,,,,,,,
28.694350999999997,XKF1,,,,,,,,,,,,,,,,0.0,0.0,,,0.025082885995574067,,,,,,0.0,,,,,,,-0.018281128257513046,,-0.018281128257513046,-0.01717415265738964
28.694350999999997,POS,,,,,,,,,,,,,,,,0.011132000130089637,0.0,,,,,37.4274999,-122.1697,,,-0.011132000130089637,,,,-0.02578389272093773,,,,,,
28.794311,ATT,3,,0.0,0.0,92.54,0.0,0.0,0.04,,0.05,,,,92.54,,,,,,,,,,,,,,,,,,,,,,
28.794311,XKF1,,,,,,,,,,,,,,,,0.0,0.0,,,0.02526367448236995,,,,,,0.0,,,,,,,-0.018393993377685547,,-0.018393993377685547,-0.017318032681941986
28.794311,POS,,,,,,,,,,,,,,,,0.011132000130089637,0.0,,,,,37.4274999,-122.1697,,,-0.011132000130089637,,,,-0.025756625458598137,,,,,,
28.894271000000003,ATT,3,,0.0,0.0,92.54,0.0,0.0,0.04,,0.05,,,,92.54,,,,,,,,,,,,,,,,,,,,,,
28.894271000000003,XKF1,,,,,,,,,,,,,,,,0.0,0.0,,,0.02544212520602987,,,,,,0.0,,,,,,,-0.01851077750325203,,-0.01851077750325203,-0.01745430752635002
28.894271000000003,POS,,,,,,,,,,,,,,,,0.011132000130089637,0.0,,,,,37.4274999,-122.1697,,,-0.011132000130089637,,,,-0.02573276311159134,,,,,,
28.994231,ATT,3,,0.0,0.0,92.53,0.0,0.0,0.04,,0.05,,,,92.53,,,,,,,,,,,,,,,,,,,,,,
28.994231,XKF1,,,,,,,,,,,,,,,,0.0,0.0,,,0.02566263203600881,,,,,,0.0,,,,,,,-0.018679622560739517,,-0.018679622560739517,-0.017596658319234848
28.994231,POS,,,,,,,,,,,,,,,,0.011132000130089637,0.0,,,,,37.4274999,-122.1697,,,-0.011132000130089637,,,,-0.025708546862006187,,,,,,
29.094191000000002,ATT,3,,0.0,0.0,92.52,0.0,0.0,0.04,,0.05,,,,92.52,,,,,,,,,,,,,,,,,,,,,,
29.094191000000002,XKF1,,,,,,,,,,,,,,,,0.0,0.0,,,0.025819625150531732,,,,,,0.0,,,,,,,-0.018810249865055084,,-0.018810249865055084,-0.017686931416392326
29.094191000000002,POS,,,,,,,,,,,,,,,,0.011132000130089637,0.0,,,,,37.4274999,-122.1697,,,-0.011132000130089637,,,,-0.0256865993142128,,,,,,
29.194983999999998,ATT,3,,0.0,0.0,92.51,0.0,0.0,0.04,,0.05,,,,92.51,,,,,,,,,,,,,,,,,,,,,,
29.194983999999998,XKF1,,,,,,,,,,,,,,,,0.0,0.0,,,0.025940871503440165,,,,,,0.0,,,,,,,-0.01893744058907032,,-0.01893744058907032,-0.017728568986058235
29.194983999999998,POS,,,,,,,,,,,,,,,,0.011132000130089637,0.0,,,,,37.4274999,-122.1697,,,-0.011132000130089637,,,,-0.025666875764727592,,,,,,
29.294944,ATT,3,,0.0,0.0,92.51,0.0,0.0,0.04,,0.05,,,,92.51,,,,,,,,,,,,,,,,,,,,,,
29.294944,XKF1,,,,,,,,,,,,,,,,0.0,0.0,,,0.026022916068388767,,,,,,0.0,,,,,,,-0.01897120662033558,,-0.01897120662033558,-0.017812509089708328
29.294944,POS,,,,,,,,,,,,,,,,0.011132000130089637,0.0,,,,,37.4274999,-122.1697,,,-0.011132000130089637,,,,-0.025652773678302765,,,,,,
29.394903999999997,ATT,3,,0.0,0.0,92.5,0.0,0.0,0.04,,0.05,,,,92.5,,,,,,,,,,,,,,,,,,,,,,
29.394903999999997,XKF1,,,,,,,,,,,,,,,,0.0,0.0,,,0.026175772596296307,,,,,,0.0,,,,,,,-0.01909858174622059,,-0.01909858174622059,-0.017900146543979645
29.394903999999997,POS,,,,,,,,,,,,,,,,0.011132000130089637,0.0,,,,,37.4274999,-122.1697,,,-0.011132000130089637,,,,-0.025638019666075706,,,,,,
29.494864,ATT,3,,0.0,0.0,92.49,0.0,0.0,0.04,,0.05,,,,92.49,,,,,,,,,,,,,,,,,,,,,,
29.494864,XKF1,,,,,,,,,,,,,,,,0.0,0.0,,,0.02635176992694758,,,,,,0.0,,,,,,,-0.019227104261517525,,-0.019227104261517525,-0.0180203840136528
29.494864,POS,,,,,,,,,,,,,,,,0.011132000130089637,0.0,,,,,37.4274999,-122.1697,,,-0.011132000130089637,,,,-0.025621792301535606,,,,,,
29.594824000000003,ATT,3,,0.0,0.0,92.48,0.0,0.0,0.04,,0.05,,,,92.48,,,,,,,,,,,,,,,,,,,,,,
29.594824000000003,XKF1,,,,,,,,,,,,,,,,0.0,0.0,,,0.026494930398417185,,,,,,0.0,,,,,,,-0.019312825053930283,,-0.019312825053930283,-0.018138250336050987
29.594824000000003,POS,,,,,,,,,,,,,,,,0.011132000130089637,0.0,,,,,37.4274999,-122.1697,,,-0.011132000130089637,,,,-0.025606049224734306,,,,,,
29.694784,ATT,3,,0.0,0.0,92.48,0.0,0.0,0.04,,0.05,,,,92.48,,,,,,,,,,,,,,,,,,,,,,
29.694784,XKF1,,,,,,,,,,,,,,,,0.0,0.0,,,0.026624337580390848,,,,,,0.0,,,,,,,-0.019377727061510086,,-0.019377727061510086,-0.018258122727274895
29.694784,POS,,,,,,,,,,,,,,,,0.011132000130089637,0.0,,,,,37.4274999,-122.1697,,,-0.011132000130089637,,,,-0.0255900826305151,,,,,,
29.794744,ATT,3,,0.0,0.0,92.47,0.0,0.0,0.04,,0.05,,,,92.47,,,,,,,,,,,,,,,,,,,,,,
29.794744,XKF1,,,,,,,,,,,,,,,,0.0,0.0,,,0.02676025801038072,,,,,,0.0,,,,,,,-0.019476378336548805,,-0.019476378336548805,-0.01835162378847599
29.794744,POS,,,,,,,,,,,,,,,,0.011132000130089637,0.0,,,,,37.4274999,-122.1697,,,-0.011132000130089637,,,,-0.025575991719961166,,,,,,
29.894703999999997,ATT,3,,0.0,0.0,92.46,0.0,0.0,0.04,,0.05,,,,92.46,,,,,,,,,,,,,,,,,,,,,,
29.894703999999997,XKF1,,,,,,,,,,,,,,,,0.0,0.0,,,0.026879391711335392,,,,,,0.0,,,,,,,-0.019585272297263145,,-0.019585272297263145,-0.018409747630357742
29.894703999999997,POS,,,,,,,,,,,,,,,,0.011132000130089637,0.0,,,,,37.4274999,-122.1697,,,-0.011132000130089637,,,,-0.025565573945641518,,,,,,
29.994664,ATT,3,,0.0,0.0,92.46,0.0,0.0,0.04,,0.05,,,,92.46,,,,,,,,,,,,,,,,,,,,,,
29.994664,XKF1,,,,,,,,,,,,,,,,0.0,0.0,,,0.02703285088680536,,,,,,0.0,,,,,,,-0.019686579704284668,,-0.019686579704284668,-0.018526025116443634
29.994664,POS,,,,,,,,,,,,,,,,0.011132000130089637,0.0,,,,,37.4274999,-122.1697,,,-0.011132000130089637,,,,-0.02555244043469429,,,,,,
30.094623999999996,ATT,3,,0.0,0.0,92.45,0.0,0.0,0.04,,0.05,,,,92.45,,,,,,,,,,,,,,,,,,,,,,
30.094623999999996,XKF1,,,,,,,,,,,,,,,,0.0,0.0,,,0.02716053101200933,,,,,,0.0,,,,,,,-0.0197722427546978,,-0.0197722427546978,-0.018621301278471947
30.094623999999996,POS,,,,,,,,,,,,,,,,0.011132000130089637,0.0,,,,,37.4274999,-122.1697,,,-0.011132000130089637,,,,-0.02553674206137657,,,,,,
30.194584,ATT,3,,0.0,0.0,92.44,0.0,0.0,0.04,,0.05,,,,92.44,,,,,,,,,,,,,,,,,,,,,,
30.194584,XKF1,,,,,,,,,,,,,,,,0.0,0.0,,,0.027287272684322742,,,,,,0.0,,,,,,,-0.01990588568150997,,-0.01990588568150997,-0.0186641626060009
30.194584,POS,,,,,,,,,,,,,,,,0.011132000130089637,0.0,,,,,37.4274999,-122.1697,,,-0.011132000130089637,,,,-0.025521274656057358,,,,,,
30.294543999999995,ATT,3,,0.0,0.0,92.43,0.0,0.0,0.04,,0.05,,,,92.43,,,,,,,,,,,,,,,,,,,,,,
30.294543999999995,XKF1,,,,,,,,,,,,,,,,0.0,0.0,,,0.027418649785299766,,,,,,0.0,,,,,,,-0.020032424479722977,,-0.020032424479722977,-0.01872122660279274
30.294543999999995,POS,,,,,,,,,,,,,,,,0.011132000130089637,0.0,,,,,37.4274999,-122.1697,,,-0.011132000130089637,,,,-0.02550562098622322,,,,,,
30.394503999999998,ATT,3,,0.0,0.0,92.43,0.0,0.0,0.04,,0.05,,,,92.43,,,,,,,,,,,,,,,,,,,,,,
30.394503999999998,XKF1,,,,,,,,,,,,,,,,0.0,0.0,,,0.027582820548641588,,,,,,0.0,,,,,,,-0.02018643356859684,,-0.02018643356859684,-0.018796805292367935
30.394503999999998,POS,,,,,,,,,,,,,,,,0.011132000130089637,0.0,,,,,37.4274999,-122.1697,,,-0.011132000130089637,,,,-0.025490233674645424,,,,,,
30.494464,ATT,3,,0.0,0.0,92.42,0.0,0.0,0.04,,0.05,,,,92.42,,,,,,,,,,,,,,,,,,,,,,
30.494464,XKF1,,,,,,,,,,,,,,,,0.0,0.0,,,0.027737344458423137,,,,,,0.0,,,,,,,-0.020301027223467827,,-0.020301027223467827,-0.018900491297245026
30.494464,POS,,,,,,,,,,,,,,,,0.011132000130089637,0.0,,,,,37.4274999,-122.1697,,,-0.011132000130089637,,,,-0.025477474555373192,,,,,,
30.594423999999997,ATT,3,,0.0,0.0,92.41,0.0,0.0,0.04,,0.05,,,,92.41,,,,,,,,,,,,,,,,,,,,,,
30.594423999999997,XKF1,,,,,,,,,,,,,,,,0.0,0.0,,,0.027906792701806907,,,,,,0.0,,,,,,,-0.020437609404325485,,-0.020437609404325485,-0.019002452492713928
30.594423999999997,POS,,,,,,,,,,,,,,,,0.011132000130089637,0.0,,,,,37.4274999,-122.1697,,,-0.011132000130089637,,,,-0.025460761040449142,,,,,,
30.694384,ATT,3,,0.0,0.0,92.41,0.0,0.0,0.04,,0.05,,,,92.41,,,,,,,,,,,,,,,,,,,,,,
30.694384,XKF1,,,,,,,,,,,,,,,,0.0,0.0,,,0.028016286573570453,,,,,,0.0,,,,,,,-0.020520314574241638,,-0.020520314574241638,-0.019074302166700363
30.694384,POS,,,,,,,,,,,,,,,,0.011132000130089637,0.0,,,,,37.4274999,-122.1697,,,-0.011132000130089637,,,,-0.025442950427532196,,,,,,
30.794343999999995,ATT,3,,0.0,0.0,92.4,0.0,0.0,0.04,,0.05,,,,92.4,,,,,,,,,,,,,,,,,,,,,,
30.794343999999995,XKF1,,,,,,,,,,,,,,,,0.0,0.0,,,0.028114659584616116,,,,,,0.0,,,,,,,-0.02056148648262024,,-0.02056148648262024,-0.019174445420503616
30.794343999999995,POS,,,,,,,,,,,,,,,,0.011132000130089637,0.0,,,,,37.4274999,-122.1697,,,-0.011132000130089637,,,,-0.025427239015698433,,,,,,
30.894303999999998,ATT,3,,0.0,0.0,92.39,0.0,0.0,0.04,,0.05,,,,92.39,,,,,,,,,,,,,,,,,,,,,,
30.894303999999998,XKF1,,,,,,,,,,,,,,,,0.0,0.0,,,0.02830896586535873,,,,,,0.0,,,,,,,-0.020721128210425377,,-0.020721128210425377,-0.019288141280412674
30.894303999999998,POS,,,,,,,,,,,,,,,,0.011132000130089637,0.0,,,,,37.4274999,-122.1697,,,-0.011132000130089637,,,,-0.025416608899831772,,,,,,
30.994264,ATT,3,,0.0,0.0,92.38,0.0,0.0,0.04,,0.05,,,,92.38,,,,,,,,,,,,,,,,,,,,,,
30.994264,XKF1,,,,,,,,,,,,,,,,0.0,0.0,,,0.028457286853062588,,,,,,0.0,,,,,,,-0.020834479480981827,,-0.020834479480981827,-0.019384056329727173
30.994264,POS,,,,,,,,,,,,,,,,0.011132000130089637,0.0,,,,,37.4274999,-122.1697,,,-0.011132000130089637,,,,-0.02540714479982853,,,,,,
31.094223999999997,ATT,3,,0.0,0.0,92.38,0.0,0.0,0.04,,0.05,,,,92.38,,,,,,,,,,,,,,,,,,,,,,
31.094223999999997,XKF1,,,,,,,,,,,,,,,,0.0,0.0,,,0.0285516587892129,,,,,,0.0,,,,,,,-0.0208834670484066,,-0.0208834670484066,-0.01946992613375187
31.094223999999997,POS,,,,,,,,,,,,,,,,0.011132000130089637,0.0,,,,,37.4274999,-122.1697,,,-0.011132000130089637,,,,-0.025400735437870026,,,,,,
31.194184,ATT,3,,0.0,0.0,92.37,0.0,0.0,0.04,,0.05,,,,92.37,,,,,,,,,,,,,,,,,,,,,,
31.194184,XKF1,,,,,,,,,,,,,,,,0.0,0.0,,,0.02866923812678374,,,,,,0.0,,,,,,,-0.020958613604307175,,-0.020958613604307175,-0.01956174150109291
31.194184,POS,,,,,,,,,,,,,,,,0.011132000130089637,0.0,,,,,37.4274999,-122.1697,,,-0.011132000130089637,,,,-0.025397831574082375,,,,,,
31.294976999999996,ATT,3,,0.0,0.0,92.36,0.0,0.0,0.04,,0.05,,,,92.36,,,,,,,,,,,,,,,,,,,,,,
31.294976999999996,XKF1,,,,,,,,,,,,,,,,0.0,0.0,,,0.028831004401899157,,,,,,0.0,,,,,,,-0.021065589040517807,,-0.021065589040517807,-0.0196842011064291
31.294976999999996,POS,,,,,,,,,,,,,,,,0.011132000130089637,0.0,,,,,37.4274999,-122.1697,,,-0.011132000130089637,,,,-0.02539697475731373,,,,,,
31.394937,ATT,3,,0.0,0.0,92.36,0.0,0.0,0.04,,0.05,,,,92.36,,,,,,,,,,,,,,,,,,,,,,
31.394937,XKF1,,,,,,,,,,,,,,,,0.0,0.0,,,0.02894283056153652,,,,,,0.0,,,,,,,-0.021146586164832115,,-0.021146586164832115,-0.019761309027671814
31.394937,POS,,,,,,,,,,,,,,,,0.011132000130089637,0.0,,,,,37.4274999,-122.1697,,,-0.011132000130089637,,,,-0.025398369878530502,,,,,,
31.494896999999995,ATT,3,,0.0,0.0,92.35,0.0,0.0,0.04,,0.06,,,,92.35,,,,,,,,,,,,,,,,,,,,,,
31.494896999999995,XKF1,,,,,,,,,,,,,,,,0.0,0.0,,,0.029065134634942574,,,,,,0.0,,,,,,,-0.021263757720589638,,-0.021263757720589638,-0.01981501094996929
31.494896999999995,POS,,,,,,,,,,,,,,,,0.011132000130089637,0.0,,,,,37.4274999,-122.1697,,,-0.011132000130089637,,,,-0.025394784286618233,,,,,,
31.594856999999998,ATT,3,,0.0,0.0,92.34,0.0,0.0,0.04,,0.06,,,,92.34,,,,,,,,,,,,,,,,,,,,,,
31.594856999999998,XKF1,,,,,,,,,,,,,,,,0.0,0.0,,,0.029219548499179245,,,,,,0.0,,,,,,,-0.021381191909313202,,-0.021381191909313202,-0.019915487617254257
31.594856999999998,POS,,,,,,,,,,,,,,,,0.011132000130089637,0.0,,,,,37.4274999,-122.1697,,,-0.011132000130089637,,,,-0.025390544906258583,,,,,,
31.694817,ATT,3,,0.0,0.0,92.34,0.0,0.0,0.04,,0.06,,,,92.34,,,,,,,,,,,,,,,,,,,,,,
31.694817,XKF1,,,,,,,,,,,,,,,,0.0,0.0,,,0.029343356704310514,,,,,,0.0,,,,,,,-0.021493174135684967,,-0.021493174135684967,-0.019976887851953506
31.694817,POS,,,,,,,,,,,,,,,,0.011132000130089637,0.0,,,,,37.4274999,-122.1697,,,-0.011132000130089637,,,,-0.025390246883034706,,,,,,
31.794776999999996,ATT,3,,0.0,0.0,92.33,0.0,0.0,0.04,,0.06,,,,92.33,,,,,,,,,,,,,,,,,,,,,,
31.794776999999996,XKF1,,,,,,,,,,,,,,,,0.0,0.0,,,0.029418597377612894,,,,,,0.0,,,,,,,-0.021556079387664795,,-0.021556079387664795,-0.02001972310245037
31.794776999999996,POS,,,,,,,,,,,,,,,,0.011132000130089637,0.0,,,,,37.4274999,-122.1697,,,-0.011132000130089637,,,,-0.025387713685631752,,,,,,
31.894737,ATT,3,,0.0,0.0,92.32,0.0,0.0,0.04,,0.06,,,,92.32,,,,,,,,,,,,,,,,,,,,,,
31.894737,XKF1,,,,,,,,,,,,,,,,0.0,0.0,,,0.029542385086478776,,,,,,0.0,,,,,,,-0.021665723994374275,,-0.021665723994374275,-0.02008354850113392
31.894737,POS,,,,,,,,,,,,,,,,0.011132000130089637,0.0,,,,,37.4274999,-122.1697,,,-0.011132000130089637,,,,-0.02538306638598442,,,,,,
31.994696999999995,ATT,3,,0.0,0.0,92.32,0.0,0.0,0.04,,0.06,,,,92.32,,,,,,,,,,,,,,,,,,,,,,
31.994696999999995,XKF1,,,,,,,,,,,,,,,,0.0,0.0,,,0.029616795897186955,,,,,,0.0,,,,,,,-0.021727140992879868,,-0.021727140992879868,-0.020126746967434883
31.994696999999995,POS,,,,,,,,,,,,,,,,0.011132000130089637,0.0,,,,,37.4274999,-122.1697,,,-0.011132000130089637,,,,-0.025379585102200508,,,,,,
32.094657,ATT,3,,0.0,0.0,92.31,0.0,0.0,0.04,,0.06,,,,92.31,,,,,,,,,,,,,,,,,,,,,,
32.094657,XKF1,,,,,,,,,,,,,,,,0.0,0.0,,,0.02975264761016291,,,,,,0.0,,,,,,,-0.021824482828378677,,-0.021824482828378677,-0.020221572369337082
32.094657,POS,,,,,,,,,,,,,,,,0.011132000130089637,0.0,,,,,37.4274999,-122.1697,,,-0.011132000130089637,,,,-0.02537720650434494,,,,,,
32.194617,ATT,3,,0.0,0.0,92.3,0.0,0.0,0.04,,0.06,,,,92.3,,,,,,,,,,,,,,,,,,,,,,
32.194617,XKF1,,,,,,,,,,,,,,,,0.0,0.0,,,0.02984195089776381,,,,,,0.0,,,,,,,-0.02188262902200222,,-0.02188262902200222,-0.020290208980441093
32.194617,POS,,,,,,,,,,,,,,,,0.011132000130089637,0.0,,,,,37.4274999,-122.1697,,,-0.011132000130089637,,,,-0.02537238597869873,,,,,,
32.294577,ATT,3,,0.0,0.0,92.3,0.0,0.0,0.04,,0.06,,,,92.3,,,,,,,,,,,,,,,,,,,,,,
32.294577,XKF1,,,,,,,,,,,,,,,,0.0,0.0,,,0.02996495238161224,,,,,,0.0,,,,,,,-0.021993938833475113,,-0.021993938833475113,-0.020351044833660126
32.294577,POS,,,,,,,,,,,,,,,,0.011132000130089637,0.0,,,,,37.4274999,-122.1697,,,-0.011132000130089637,,,,-0.02536873146891594,,,,,,
32.394537,ATT,3,,0.0,0.0,92.29,0.0,0.0,0.04,,0.06,,,,92.29,,,,,,,,,,,,,,,,,,,,,,
32.394537,XKF1,,,,,,,,,,,,,,,,0.0,0.0,,,0.03010835466223379,,,,,,0.0,,,,,,,-0.022120365872979164,,-0.022120365872979164,-0.02042553387582302
32.394537,POS,,,,,,,,,,,,,,,,0.011132000130089637,0.0,,,,,37.4274999,-122.1697,,,-0.011132000130089637,,,,-0.025363769382238388,,,,,,
32.494496999999996,ATT,3,,0.0,0.0,92.28,0.0,0.0,0.04,,0.06,,,,92.28,,,,,,,,,,,,,,,,,,,,,,
32.494496999999996,XKF1,,,,,,,,,,,,,,,,0.0,0.0,,,0.030262795092535662,,,,,,0.0,,,,,,,-0.02224455587565899,,-0.02224455587565899,-0.02051868662238121
32.494496999999996,POS,,,,,,,,,,,,,,,,0.011132000130089637,0.0,,,,,37.4274999,-122.1697,,,-0.011132000130089637,,,,-0.025360874831676483,,,,,,
32.594457,ATT,3,,0.0,0.0,92.28,0.0,0.0,0.04,,0.06,,,,92.28,,,,,,,,,,,,,,,,,,,,,,
32.594457,XKF1,,,,,,,,,,,,,,,,0.0,0.0,,,0.03036114073294002,,,,,,0.0,,,,,,,-0.022341232746839523,,-0.022341232746839523,-0.02055889554321766
32.594457,POS,,,,,,,,,,,,,,,,0.011132000130089637,0.0,,,,,37.4274999,-122.1697,,,-0.011132000130089637,,,,-0.02536136843264103,,,,,,
32.694417,ATT,3,,0.0,0.0,92.27,0.0,0.0,0.04,,0.06,,,,92.27,,,,,,,,,,,,,,,,,,,,,,
32.694417,XKF1,,,,,,,,,,,,,,,,0.0,0.0,,,0.030451300120013996,,,,,,0.0,,,,,,,-0.022416498512029648,,-0.022416498512029648,-0.020610246807336807
32.694417,POS,,,,,,,,,,,,,,,,0.011132000130089637,0.0,,,,,37.4274999,-122.1697,,,-0.011132000130089637,,,,-0.02536490559577942,,,,,,
32.794377,ATT,3,,0.0,0.0,92.27,0.0,0.0,0.04,,0.06,,,,92.27,,,,,,,,,,,,,,,,,,,,,,
32.794377,XKF1,,,,,,,,,,,,,,,,0.0,0.0,,,0.03057596881958846,,,,,,0.0,,,,,,,-0.022503400221467018,,-0.022503400221467018,-0.02069992385804653
32.794377,POS,,,,,,,,,,,,,,,,0.011132000130089637,0.0,,,,,37.4274999,-122.1697,,,-0.011132000130089637,,,,-0.02537175640463829,,,,,,
32.894337,ATT,3,,0.0,0.0,92.26,0.0,0.0,0.05,,0.06,,,,92.26,,,,,,,,,,,,,,,,,,,,,,
32.894337,XKF1,,,,,,,,,,,,,,,,0.0,0.0,,,0.030673925346267967,,,,,,0.0,,,,,,,-0.02254331111907959,,-0.02254331111907959,-0.020801173523068428
32.894337,POS,,,,,,,,,,,,,,,,0.011132000130089637,0.0,,,,,37.4274999,-122.1697,,,-0.011132000130089637,,,,-0.025379842147231102,,,,,,
32.994296999999996,ATT,3,,0.0,0.0,92.25,0.0,0.0,0.05,,0.06,,,,92.25,,,,,,,,,,,,,,,,,,,,,,
32.994296999999996,XKF1,,,,,,,,,,,,,,,,0.0,0.0,,,0.03084292661403972,,,,,,0.0,,,,,,,-0.022692950442433357,,-0.022692950442433357,-0.020888181403279305
32.994296999999996,POS,,,,,,,,,,,,,,,,0.011132000130089637,0.0,,,,,37.4274999,-122.1697,,,-0.011132000130089637,,,,-0.02539253793656826,,,,,,
33.094257,ATT,3,,0.0,0.0,92.25,0.0,0.0,0.05,,0.06,,,,92.25,,,,,,,,,,,,,,,,,,,,,,
33.094257,XKF1,,,,,,,,,,,,,,,,0.0,0.0,,,0.031007676778655208,,,,,,0.0,,,,,,,-0.022824354469776154,,-0.022824354469776154,-0.02098868414759636
33.094257,POS,,,,,,,,,,,,,,,,0.011132000130089637,0.0,,,,,37.4274999,-122.1697,,,-0.011132000130089637,,,,-0.02540571428835392,,,,,,
33.194216999999995,ATT,3,,0.0,0.0,92.24,0.0,0.0,0.05,,0.06,,,,92.24,,,,,,,,,,,,,,,,,,,,,,
33.194216999999995,XKF1,,,,,,,,,,,,,,,,0.0,0.0,,,0.03108819440359758,,,,,,0.0,,,,,,,-0.022902023047208786,,-0.022902023047208786,-0.021023157984018326
33.194216999999995,POS,,,,,,,,,,,,,,,,0.011132000130089637,0.0,,,,,37.4274999,-122.1697,,,-0.011132000130089637,,,,-0.025419846177101135,,,,,,
33.294177,ATT,3,,0.0,0.0,92.23,0.0,0.0,0.05,,0.06,,,,92.23,,,,,,,,,,,,,,,,,,,,,,
33.294177,XKF1,,,,,,,,,,,,,,,,0.0,0.0,,,0.03122648712376196,,,,,,0.0,,,,,,,-0.022985612973570824,,-0.022985612973570824,-0.021136581897735596
33.294177,POS,,,,,,,,,,,,,,,,0.011132000130089637,0.0,,,,,37.4274999,-122.1697,,,-0.011132000130089637,,,,-0.02543516643345356,,,,,,
33.39497,ATT,3,,0.0,0.0,92.23,0.0,0.0,0.05,,0.06,,,,92.23,,,,,,,,,,,,,,,,,,,,,,
33.39497,XKF1,,,,,,,,,,,,,,,,0.0,0.0,,,0.031304352895900216,,,,,,0.0,,,,,,,-0.02304687537252903,,-0.02304687537252903,-0.021184995770454407
33.39497,POS,,,,,,,,,,,,,,,,0.011132000130089637,0.0,,,,,37.4274999,-122.1697,,,-0.011132000130089637,,,,-0.02545325458049774,,,,,,
33.49493,ATT,3,,0.0,0.0,92.22,0.0,0.0,0.05,,0.06,,,,92.22,,,,,,,,,,,,,,,,,,,,,,
33.49493,XKF1,,,,,,,,,,,,,,,,0.0,0.0,,,0.03141473792155435,,,,,,0.0,,,,,,,-0.023131541907787323,,-0.023131541907787323,-0.02125599980354309
33.49493,POS,,,,,,,,,,,,,,,,0.011132000130089637,0.0,,,,,37.4274999,-122.1697,,,-0.011132000130089637,,,,-0.0254733357578516,,,,,,
33.59489,ATT,3,,0.0,0.0,92.22,0.0,0.0,0.05,,0.06,,,,92.22,,,,,,,,,,,,,,,,,,,,,,
33.59489,XKF1,,,,,,,,,,,,,,,,0.0,0.0,,,0.031531608814733984,,,,,,0.0,,,,,,,-0.023214999586343765,,-0.023214999586343765,-0.021337904036045074
33.59489,POS,,,,,,,,,,,,,,,,0.011132000130089637,0.0,,,,,37.4274999,-122.1697,,,-0.011132000130089637,,,,-0.025495903566479683,,,,,,
33.694849999999995,ATT,3,,0.0,0.0,92.21,0.0,0.0,0.05,,0.06,,,,92.21,,,,,,,,,,,,,,,,,,,,,,
33.694849999999995,XKF1,,,,,,,,,,,,,,,,0.0,0.0,,,0.031632988167905385,,,,,,0.0,,,,,,,-0.023298509418964386,,-0.023298509418964386,-0.021396854892373085
33.694849999999995,POS,,,,,,,,,,,,,,,,0.011132000130089637,0.0,,,,,37.4274999,-122.1697,,,-0.011132000130089637,,,,-0.025519879534840584,,,,,,
33.79481,ATT,3,,0.0,0.0,92.2,0.0,0.0,0.05,,0.06,,,,92.2,,,,,,,,,,,,,,,,,,,,,,
33.79481,XKF1,,,,,,,,,,,,,,,,0.0,0.0,,,0.03170860786596882,,,,,,0.0,,,,,,,-0.023357121273875237,,-0.023357121273875237,-0.021444829180836678
33.79481,POS,,,,,,,,,,,,,,,,0.011132000130089637,0.0,,,,,37.4274999,-122.1697,,,-0.011132000130089637,,,,-0.025540761649608612,,,,,,
33.89477,ATT,3,,0.0,0.0,92.2,0.0,0.0,0.05,,0.06,,,,92.2,,,,,,,,,,,,,,,,,,,,,,
33.89477,XKF1,,,,,,,,,,,,,,,,0.0,0.0,,,0.03179027123776234,,,,,,0.0,,,,,,,-0.023417077958583832,,-0.023417077958583832,-0.021500274538993835
33.89477,POS,,,,,,,,,,,,,,,,0.011132000130089637,0.0,,,,,37.4274999,-122.1697,,,-0.011132000130089637,,,,-0.02555932104587555,,,,,,
33.99473,ATT,3,,0.0,0.0,92.19,0.0,0.0,0.05,,0.06,,,,92.19,,,,,,,,,,,,,,,,,,,,,,
33.99473,XKF1,,,,,,,,,,,,,,,,0.0,0.0,,,0.0318609988783802,,,,,,0.0,,,,,,,-0.023506494238972664,,-0.023506494238972664,-0.021507393568754196
33.99473,POS,,,,,,,,,,,,,,,,0.011132000130089637,0.0,,,,,37.4274999,-122.1697,,,-0.011132000130089637,,,,-0.025576433166861534,,,,,,
34.09469,ATT,3,,0.0,0.0,92.19,0.0,0.0,0.05,,0.06,,,,92.19,,,,,,,,,,,,,,,,,,,,,,
34.09469,XKF1,,,,,,,,,,,,,,,,0.0,0.0,,,0.032016069360613617,,,,,,0.0,,,,,,,-0.02363739348948002,,-0.02363739348948002,-0.021594034507870674
34.09469,POS,,,,,,,,,,,,,,,,0.011132000130089637,0.0,,,,,37.4274999,-122.1697,,,-0.011132000130089637,,,,-0.025592051446437836,,,,,,
34.194649999999996,ATT,3,,0.0,0.0,92.18,0.0,0.0,0.05,,0.06,,,,92.18,,,,,,,,,,,,,,,,,,,,,,
34.194649999999996,XKF1,,,,,,,,,,,,,,,,0.0,0.0,,,0.032079950710580125,,,,,,0.0,,,,,,,-0.023717524483799934,,-0.023717524483799934,-0.021600978448987007
34.194649999999996,POS,,,,,,,,,,,,,,,,0.011132000130089637,0.0,,,,,37.4274999,-122.1697,,,-0.011132000130089637,,,,-0.02560373954474926,,,,,,
34.29461,ATT,3,,0.0,0.0,92.17,0.0,0.0,0.05,,0.06,,,,92.17,,,,,,,,,,,,,,,,,,,,,,
34.29461,XKF1,,,,,,,,,,,,,,,,0.0,0.0,,,0.03214073286776273,,,,,,0.0,,,,,,,-0.023767687380313873,,-0.023767687380313873,-0.02163616754114628
34.29461,POS,,,,,,,,,,,,,,,,0.011132000130089637,0.0,,,,,37.4274999,-122.1697,,,-0.011132000130089637,,,,-0.025612233206629753,,,,,,
34.39457,ATT,3,,0.0,0.0,92.17,0.0,0.0,0.05,,0.06,,,,92.17,,,,,,,,,,,,,,,,,,,,,,
34.39457,XKF1,,,,,,,,,,,,,,,,0.0,0.0,,,0.032234155551027405,,,,,,0.0,,,,,,,-0.02385038696229458,,-0.02385038696229458,-0.02168409153819084
34.39457,POS,,,,,,,,,,,,,,,,0.011132000130089637,0.0,,,,,37.4274999,-122.1697,,,-0.011132000130089637,,,,-0.02562098763883114,,,,,,
34.49453,ATT,3,,0.0,0.0,92.16,0.0,0.0,0.05,,0.06,,,,92.16,,,,,,,,,,,,,,,,,,,,,,
34.49453,XKF1,,,,,,,,,,,,,,,,0.0,0.0,,,0.032370998322729584,,,,,,0.0,,,,,,,-0.02395477518439293,,-0.02395477518439293,-0.02177269570529461
34.49453,POS,,,,,,,,,,,,,,,,0.011132000130089637,0.0,,,,,37.4274999,-122.1697,,,-0.011132000130089637,,,,-0.025629689916968346,,,,,,
34.59449,ATT,3,,0.0,0.0,92.16,0.0,0.0,0.05,,0.06,,,,92.16,,,,,,,,,,,,,,,,,,,,,,
34.59449,XKF1,,,,,,,,,,,,,,,,0.0,0.0,,,0.0325161396479411,,,,,,0.0,,,,,,,-0.024043424054980278,,-0.024043424054980278,-0.02189093641936779
34.59449,POS,,,,,,,,,,,,,,,,0.011132000130089637,0.0,,,,,37.4274999,-122.1697,,,-0.011132000130089637,,,,-0.025636378675699234,,,,,,
34.694449999999996,ATT,3,,0.0,0.0,92.15,0.0,0.0,0.05,,0.06,,,,92.15,,,,,,,,,,,,,,,,,,,,,,
34.694449999999996,XKF1,,,,,,,,,,,,,,,,0.0,0.0,,,0.03260756647095867,,,,,,0.0,,,,,,,-0.02415565587580204,,-0.02415565587580204,-0.021903371438384056
34.694449999999996,POS,,,,,,,,,,,,,,,,0.011132000130089637,0.0,,,,,37.4274999,-122.1697,,,-0.011132000130089637,,,,-0.02564118802547455,,,,,,
34.79441,ATT,3,,0.0,0.0,92.15,0.0,0.0,0.05,,0.06,,,,92.15,,,,,,,,,,,,,,,,,,,,,,
34.79441,XKF1,,,,,,,,,,,,,,,,0.0,0.0,,,0.03269603311850536,,,,,,0.0,,,,,,,-0.024224774911999702,,-0.024224774911999702,-0.021958844736218452
34.79441,POS,,,,,,,,,,,,,,,,0.011132000130089637,0.0,,,,,37.4274999,-122.1697,,,-0.011132000130089637,,,,-0.025649813935160637,,,,,,
34.894369999999995,ATT,3,,0.0,0.0,92.14,0.0,0.0,0.05,,0.06,,,,92.14,,,,,,,,,,,,,,,,,,,,,,
34.894369999999995,XKF1,,,,,,,,,,,,,,,,0.0,0.0,,,0.032627518653117714,,,,,,0.0,,,,,,,-0.024208568036556244,,-0.024208568036556244,-0.021874647587537766
34.894369999999995,POS,,,,,,,,,,,,,,,,0.011132000130089637,0.0,,,,,37.4274999,-122.1697,,,-0.011132000130089637,,,,-0.02566555142402649,,,,,,
34.99433,ATT,3,,0.0,0.0,92.14,0.0,0.0,0.05,,0.06,,,,92.14,,,,,,,,,,,,,,,,,,,,,,
34.99433,XKF1,,,,,,,,,,,,,,,,0.0,0.0,,,0.03269995800853771,,,,,,0.0,,,,,,,-0.024272188544273376,,-0.024272188544273376,-0.021912282332777977
34.99433,POS,,,,,,,,,,,,,,,,0.011132000130089637,0.0,,,,,37.4274999,-122.1697,,,-0.011132000130089637,,,,-0.025675088167190552,,,,,,
35.09429,ATT,3,,0.0,0.0,92.13,0.0,0.0,0.05,,0.06,,,,92.13,,,,,,,,,,,,,,,,,,,,,,
35.09429,XKF1,,,,,,,,,,,,,,,,0.0,0.0,,,0.03286375229938271,,,,,,0.0,,,,,,,-0.02436346560716629,,-0.02436346560716629,-0.02205556072294712
35.09429,POS,,,,,,,,,,,,,,,,0.011132000130089637,0.0,,,,,37.4274999,-122.1697,,,-0.011132000130089637,,,,-0.025682950392365456,,,,,,
35.19425,ATT,3,,0.0,0.0,92.13,0.0,0.0,0.05,,0.06,,,,92.13,,,,,,,,,,,,,,,,,,,,,,
35.19425,XKF1,,,,,,,,,,,,,,,,0.0,0.0,,,0.032966896259762006,,,,,,0.0,,,,,,,-0.02442449890077114,,-0.02442449890077114,-0.022141817957162857
35.19425,POS,,,,,,,,,,,,,,,,0.011132000130089637,0.0,,,,,37.4274999,-122.1697,,,-0.011132000130089637,,,,-0.025693196803331375,,,,,,
35.29421,ATT,3,,0.0,0.0,92.12,0.0,0.0,0.05,,0.06,,,,92.12,,,,,,,,,,,,,,,,,,,,,,
35.29421,XKF1,,,,,,,,,,,,,,,,0.0,0.0,,,0.03307138765202819,,,,,,0.0,,,,,,,-0.02448863908648491,,-0.02448863908648491,-0.02222663350403309
35.29421,POS,,,,,,,,,,,,,,,,0.011132000130089637,0.0,,,,,37.4274999,-122.1697,,,-0.011132000130089637,,,,-0.025704098865389824,,,,,,
35.394169999999995,ATT,3,,0.0,0.0,92.12,0.0,0.0,0.05,,0.06,,,,92.12,,,,,,,,,,,,,,,,,,,,,,
35.394169999999995,XKF1,,,,,,,,,,,,,,,,0.0,0.0,,,0.03316888228879815,,,,,,0.0,,,,,,,-0.024552639573812485,,-0.024552639573812485,-0.02230118028819561
35.394169999999995,POS,,,,,,,,,,,,,,,,0.011132000130089637,0.0,,,,,37.4274999,-122.1697,,,-0.011132000130089637,,,,-0.025716403499245644,,,,,,
35.494963,ATT,3,,0.0,0.0,92.11,0.0,0.0,0.05,,0.06,,,,92.11,,,,,,,,,,,,,,,,,,,,,,
35.494963,XKF1,,,,,,,,,,,,,,,,0.0,0.0,,,0.03322755600159458,,,,,,0.0,,,,,,,-0.024579379707574844,,-0.024579379707574844,-0.02235899306833744
35.494963,POS,,,,,,,,,,,,,,,,0.011132000130089637,0.0,,,,,37.4274999,-122.1697,,,-0.011132000130089637,,,,-0.02572828158736229,,,,,,
35.594923,ATT,3,,0.0,0.0,92.1,0.0,0.0,0.05,,0.06,,,,92.1,,,,,,,,,,,,,,,,,,,,,,
35.594923,XKF1,,,,,,,,,,,,,,,,0.0,0.0,,,0.033327189049058625,,,,,,0.0,,,,,,,-0.024641230702400208,,-0.024641230702400208,-0.022439057007431984
35.594923,POS,,,,,,,,,,,,,,,,0.011132000130089637,0.0,,,,,37.4274999,-122.1697,,,-0.011132000130089637,,,,-0.025736093521118164,,,,,,
35.694883,ATT,3,,0.0,0.0,92.1,0.0,0.0,0.05,,0.06,,,,92.1,,,,,,,,,,,,,,,,,,,,,,
35.694883,XKF1,,,,,,,,,,,,,,,,0.0,0.0,,,0.03347472414180355,,,,,,0.0,,,,,,,-0.02475212886929512,,-0.02475212886929512,-0.022536398842930794
35.694883,POS,,,,,,,,,,,,,,,,0.011132000130089637,0.0,,,,,37.4274999,-122.1697,,,-0.011132000130089637,,,,-0.025744227692484856,,,,,,
35.794843,ATT,3,,0.0,0.0,92.09,0.0,0.0,0.05,,0.06,,,,92.09,,,,,,,,,,,,,,,,,,,,,,
35.794843,XKF1,,,,,,,,,,,,,,,,0.0,0.0,,,0.03363632044713224,,,,,,0.0,,,,,,,-0.024877559393644333,,-0.024877559393644333,-0.02263866364955902
35.794843,POS,,,,,,,,,,,,,,,,0.011132000130089637,0.0,,,,,37.4274999,-122.1697,,,-0.011132000130089637,,,,-0.025751182809472084,,,,,,
35.894802999999996,ATT,3,,0.0,0.0,92.09,0.0,0.0,0.05,,0.06,,,,92.09,,,,,,,,,,,,,,,,,,,,,,
35.894802999999996,XKF1,,,,,,,,,,,,,,,,0.0,0.0,,,0.03376313610529859,,,,,,0.0,,,,,,,-0.024965574964880943,,-0.024965574964880943,-0.02273036353290081
35.894802999999996,POS,,,,,,,,,,,,,,,,0.011132000130089637,0.0,,,,,37.4274999,-122.1697,,,-0.011132000130089637,,,,-0.025758419185876846,,,,,,
35.994763,ATT,3,,0.0,0.0,92.08,0.0,0.0,0.05,,0.06,,,,92.08,,,,,,,,,,,,,,,,,,,,,,
35.994763,XKF1,,,,,,,,,,,,,,,,0.0,0.0,,,0.0338280650497399,,,,,,0.0,,,,,,,-0.025035033002495766,,-0.025035033002495766,-0.022750496864318848
35.994763,POS,,,,,,,,,,,,,,,,0.011132000130089637,0.0,,,,,37.4274999,-122.1697,,,-0.011132000130089637,,,,-0.025767933577299118,,,,,,
36.094722999999995,ATT,3,,0.0,0.0,92.08,0.0,0.0,0.05,,0.06,,,,92.08,,,,,,,,,,,,,,,,,,,,,,
36.094722999999995,XKF1,,,,,,,,,,,,,,,,0.0,0.0,,,0.03391228826045706,,,,,,0.0,,,,,,,-0.025095628574490547,,-0.025095628574490547,-0.022809049114584923
36.094722999999995,POS,,,,,,,,,,,,,,,,0.011132000130089637,0.0,,,,,37.4274999,-122.1697,,,-0.011132000130089637,,,,-0.025781096890568733,,,,,,
36.194683,ATT,3,,0.0,0.0,92.07,0.0,0.0,0.05,,0.06,,,,92.07,,,,,,,,,,,,,,,,,,,,,,
36.194683,XKF1,,,,,,,,,,,,,,,,0.0,0.0,,,0.033984624041208944,,,,,,0.0,,,,,,,-0.025135984644293785,,-0.025135984644293785,-0.022872187197208405
36.194683,POS,,,,,,,,,,,,,,,,0.011132000130089637,0.0,,,,,37.4274999,-122.1697,,,-0.011132000130089637,,,,-0.025796206668019295,,,,,,
36.294643,ATT,3,,0.0,0.0,92.07,0.0,0.0,0.05,,0.06,,,,92.07,,,,,,,,,,,,,,,,,,,,,,
36.294643,XKF1,,,,,,,,,,,,,,,,0.0,0.0,,,0.034064207841608934,,,,,,0.0,,,,,,,-0.025203336030244827,,-0.025203336030244827,-0.022916415706276894
36.294643,POS,,,,,,,,,,,,,,,,0.011132000130089637,0.0,,,,,37.4274999,-122.1697,,,-0.011132000130089637,,,,-0.025811968371272087,,,,,,
36.394603,ATT,3,,0.0,0.0,92.06,0.0,0.0,0.05,,0.06,,,,92.06,,,,,,,,,,,,,,,,,,,,,,
36.394603,XKF1,,,,,,,,,,,,,,,,0.0,0.0,,,0.03418938599023087,,,,,,0.0,,,,,,,-0.025316767394542694,,-0.025316767394542694,-0.022977715358138084
36.394603,POS,,,,,,,,,,,,,,,,0.011132000130089637,0.0,,,,,37.4274999,-122.1697,,,-0.011132000130089637,,,,-0.02582644857466221,,,,,,
36.494563,ATT,3,,0.0,0.0,92.06,0.0,0.0,0.05,,0.06,,,,92.06,,,,,,,,,,,,,,,,,,,,,,
36.494563,XKF1,,,,,,,,,,,,,,,,0.0,0.0,,,0.034310801523738776,,,,,,0.0,,,,,,,-0.02540428936481476,,-0.02540428936481476,-0.02306194230914116
36.494563,POS,,,,,,,,,,,,,,,,0.011132000130089637,0.0,,,,,37.4274999,-122.1697,,,-0.011132000130089637,,,,-0.025835761800408363,,,,,,
36.594522999999995,ATT,3,,0.0,0.0,92.05,0.0,0.0,0.05,,0.06,,,,92.05,,,,,,,,,,,,,,,,,,,,,,
36.594522999999995,XKF1,,,,,,,,,,,,,,,,0.0,0.0,,,0.034370327593981995,,,,,,0.0,,,,,,,-0.025435326620936394,,-0.025435326620936394,-0.023116305470466614
36.594522999999995,POS,,,,,,,,,,,,,,,,0.011132000130089637,0.0,,,,,37.4274999,-122.1697,,,-0.011132000130089637,,,,-0.02584032528102398,,,,,,
36.694483,ATT,3,,0.0,0.0,92.05,0.0,0.0,0.05,,0.06,,,,92.05,,,,,,,,,,,,,,,,,,,,,,
36.694483,XKF1,,,,,,,,,,,,,,,,0.0,0.0,,,0.034438236235611916,,,,,,0.0,,,,,,,-0.025487305596470833,,-0.025487305596470833,-0.02316008135676384
36.694483,POS,,,,,,,,,,,,,,,,0.011132000130089637,0.0,,,,,37.4274999,-122.1697,,,-0.011132000130089637,,,,-0.02584504894912243,,,,,,
36.794443,ATT,3,,0.0,0.0,92.04,0.0,0.0,0.05,,0.06,,,,92.04,,,,,,,,,,,,,,,,,,,,,,
36.794443,XKF1,,,,,,,,,,,,,,,,0.0,0.0,,,0.03453740200288585,,,,,,0.0,,,,,,,-0.025577133521437645,,-0.025577133521437645,-0.02320867031812668
36.794443,POS,,,,,,,,,,,,,,,,0.011132000130089637,0.0,,,,,37.4274999,-122.1697,,,-0.011132000130089637,,,,-0.0258502010256052,,,,,,
36.894403,ATT,3,,0.0,0.0,92.04,0.0,0.0,0.05,,0.06,,,,92.04,,,,,,,,,,,,,,,,,,,,,,
36.894403,XKF1,,,,,,,,,,,,,,,,0.0,0.0,,,0.034660449598271956,,,,,,0.0,,,,,,,-0.02565259300172329,,-0.02565259300172329,-0.023308608680963516
36.894403,POS,,,,,,,,,,,,,,,,0.011132000130089637,0.0,,,,,37.4274999,-122.1697,,,-0.011132000130089637,,,,-0.025859970599412918,,,,,,
36.994363,ATT,3,,0.0,0.0,92.03,0.0,0.0,0.05,,0.06,,,,92.03,,,,,,,,,,,,,,,,,,,,,,
36.994363,XKF1,,,,,,,,,,,,,,,,0.0,0.0,,,0.0347927869167952,,,,,,0.0,,,,,,,-0.025732778012752533,,-0.025732778012752533,-0.02341713383793831
36.994363,POS,,,,,,,,,,,,,,,,0.011132000130089637,0.0,,,,,37.4274999,-122.1697,,,-0.011132000130089637,,,,-0.025876842439174652,,,,,,
37.094322999999996,ATT,3,,0.0,0.0,92.02,0.0,0.0,0.05,,0.06,,,,92.02,,,,,,,,,,,,,,,,,,,,,,
37.094322999999996,XKF1,,,,,,,,,,,,,,,,0.0,0.0,,,0.034877958075987106,,,,,,0.0,,,,,,,-0.025763044133782387,,-0.025763044133782387,-0.023510370403528214
37.094322999999996,POS,,,,,,,,,,,,,,,,0.011132000130089637,0.0,,,,,37.4274999,-122.1697,,,-0.011132000130089637,,,,-0.025895481929183006,,,,,,
37.194283,ATT,3,,0.0,0.0,92.02,0.0,0.0,0.05,,0.06,,,,92.02,,,,,,,,,,,,,,,,,,,,,,
37.194283,XKF1,,,,,,,,,,,,,,,,0.0,0.0,,,0.03493051977490748,,,,,,0.0,,,,,,,-0.025761695578694344,,-0.025761695578694344,-0.02358974888920784
37.194283,POS,,,,,,,,,,,,,,,,0.011132000130089637,0.0,,,,,37.4274999,-122.1697,,,-0.011132000130089637,,,,-0.02591049298644066,,,,,,
37.294243,ATT,3,,0.0,0.0,92.01,0.0,0.0,0.05,,0.06,,,,92.01,,,,,,,,,,,,,,,,,,,,,,
37.294243,XKF1,,,,,,,,,,,,,,,,0.0,0.0,,,0.03505000645219304,,,,,,0.0,,,,,,,-0.025855176150798798,,-0.025855176150798798,-0.02366458997130394
37.294243,POS,,,,,,,,,,,,,,,,0.011132000130089637,0.0,,,,,37.4274999,-122.1697,,,-0.011132000130089637,,,,-0.025921139866113663,,,,,,
37.394203,ATT,3,,0.0,0.0,92.01,0.0,0.0,0.05,,0.06,,,,92.01,,,,,,,,,,,,,,,,,,,,,,
37.394203,XKF1,,,,,,,,,,,,,,,,0.0,0.0,,,0.03510336728321685,,,,,,0.0,,,,,,,-0.02591601200401783,,-0.02591601200401783,-0.02367713488638401
37.394203,POS,,,,,,,,,,,,,,,,0.011132000130089637,0.0,,,,,37.4274999,-122.1697,,,-0.011132000130089637,,,,-0.025931691750884056,,,,,,
37.494996,ATT,3,,0.0,0.0,92.0,0.0,0.0,0.05,,0.06,,,,92.0,,,,,,,,,,,,,,,,,,,,,,
37.494996,XKF1,,,,,,,,,,,,,,,,0.0,0.0,,,0.035169589715331344,,,,,,0.0,,,,,,,-0.025951582938432693,,-0.025951582938432693,-0.023736372590065002
37.494996,POS,,,,,,,,,,,,,,,,0.011132000130089637,0.0,,,,,37.4274999,-122.1697,,,-0.011132000130089637,,,,-0.025941837579011917,,,,,,
37.594955999999996,ATT,3,,0.0,0.0,92.0,0.0,0.0,0.05,,0.06,,,,92.0,,,,,,,,,,,,,,,,,,,,,,
37.594955999999996,XKF1,,,,,,,,,,,,,,,,0.0,0.0,,,0.03533067645643262,,,,,,0.0,,,,,,,-0.026046428829431534,,-0.026046428829431534,-0.023871326819062233
37.594955999999996,POS,,,,,,,,,,,,,,,,0.011132000130089637,0.0,,,,,37.4274999,-122.1697,,,-0.011132000130089637,,,,-0.02595357783138752,,,,,,
37.694916,ATT,3,,0.0,0.0,91.99,0.0,0.0,0.05,,0.06,,,,91.99,,,,,,,,,,,,,,,,,,,,,,
37.694916,XKF1,,,,,,,,,,,,,,,,0.0,0.0,,,0.03545446595223522,,,,,,0.0,,,,,,,-0.026129892095923424,,-0.026129892095923424,-0.02396347001194954
37.694916,POS,,,,,,,,,,,,,,,,0.011132000130089637,0.0,,,,,37.4274999,-122.1697,,,-0.011132000130089637,,,,-0.025964198634028435,,,,,,
37.794875999999995,ATT,3,,0.0,0.0,91.99,0.0,0.0,0.05,,0.07,,,,91.99,,,,,,,,,,,,,,,,,,,,,,
37.794875999999995,XKF1,,,,,,,,,,,,,,,,0.0,0.0,,,0.03552464403263623,,,,,,0.0,,,,,,,-0.02618824504315853,,-0.02618824504315853,-0.02400366961956024
37.794875999999995,POS,,,,,,,,,,,,,,,,0.011132000130089637,0.0,,,,,37.4274999,-122.1697,,,-0.011132000130089637,,,,-0.02597324550151825,,,,,,
37.894836,ATT,3,,0.0,0.0,91.99,0.0,0.0,0.05,,0.07,,,,91.99,,,,,,,,,,,,,,,,,,,,,,
37.894836,XKF1,,,,,,,,,,,,,,,,0.0,0.0,,,0.03558050212129316,,,,,,0.0,,,,,,,-0.026259388774633408,,-0.026259388774633408,-0.024008678272366524
37.894836,POS,,,,,,,,,,,,,,,,0.011132000130089637,0.0,,,,,37.4274999,-122.1697,,,-0.011132000130089637,,,,-0.025980057194828987,,,,,,
37.994796,ATT,3,,0.0,0.0,91.98,0.0,0.0,0.05,,0.07,,,,91.98,,,,,,,,,,,,,,,,,,,,,,
37.994796,XKF1,,,,,,,,,,,,,,,,0.0,0.0,,,0.03571561658364662,,,,,,0.0,,,,,,,-0.02635849080979824,,-0.02635849080979824,-0.024100523442029953
37.994796,POS,,,,,,,,,,,,,,,,0.011132000130089637,0.0,,,,,37.4274999,-122.1697,,,-0.011132000130089637,,,,-0.025986934080719948,,,,,,
38.094756,ATT,3,,0.0,0.0,91.98,0.0,0.0,0.05,,0.07,,,,91.98,,,,,,,,,,,,,,,,,,,,,,
38.094756,XKF1,,,,,,,,,,,,,,,,0.0,0.0,,,0.03579625083838979,,,,,,0.0,,,,,,,-0.026434123516082764,,-0.026434123516082764,-0.024137288331985474
38.094756,POS,,,,,,,,,,,,,,,,0.011132000130089637,0.0,,,,,37.4274999,-122.1697,,,-0.011132000130089637,,,,-0.0259940717369318,,,,,,
38.194716,ATT,3,,0.0,0.0,91.97,0.0,0.0,0.05,,0.07,,,,91.97,,,,,,,,,,,,,,,,,,,,,,
38.194716,XKF1,,,,,,,,,,,,,,,,0.0,0.0,,,0.03586242655912155,,,,,,0.0,,,,,,,-0.026445424184203148,,-0.026445424184203148,-0.02422298863530159
38.194716,POS,,,,,,,,,,,,,,,,0.011132000130089637,0.0,,,,,37.4274999,-122.1697,,,-0.011132000130089637,,,,-0.02599722519516945,,,,,,
38.294675999999995,ATT,3,,0.0,0.0,91.97,0.0,0.0,0.05,,0.07,,,,91.97,,,,,,,,,,,,,,,,,,,,,,
38.294675999999995,XKF1,,,,,,,,,,,,,,,,0.0,0.0,,,0.035960275230237565,,,,,,0.0,,,,,,,-0.026515185832977295,,-0.026515185832977295,-0.024291692301630974
38.294675999999995,POS,,,,,,,,,,,,,,,,0.011132000130089637,0.0,,,,,37.4274999,-122.1697,,,-0.011132000130089637,,,,-0.025998184457421303,,,,,,
38.394636,ATT,3,,0.0,0.0,91.96,0.0,0.0,0.05,,0.07,,,,91.96,,,,,,,,,,,,,,,,,,,,,,
38.394636,XKF1,,,,,,,,,,,,,,,,0.0,0.0,,,0.036045820270947555,,,,,,0.0,,,,,,,-0.02659737318754196,,-0.02659737318754196,-0.024328602477908134
38.394636,POS,,,,,,,,,,,,,,,,0.011132000130089637,0.0,,,,,37.4274999,-122.1697,,,-0.011132000130089637,,,,-0.02599739097058773,,,,,,
38.494596,ATT,3,,0.0,0.0,91.96,0.0,0.0,0.05,,0.07,,,,91.96,,,,,,,,,,,,,,,,,,,,,,
38.494596,XKF1,,,,,,,,,,,,,,,,0.0,0.0,,,0.0361721169789416,,,,,,0.0,,,,,,,-0.02670600451529026,,-0.02670600451529026,-0.024396954104304314
38.494596,POS,,,,,,,,,,,,,,,,0.011132000130089637,0.0,,,,,37.4274999,-122.1697,,,-0.011132000130089637,,,,-0.02599342353641987,,,,,,
38.594556,ATT,3,,0.0,0.0,91.95,0.0,0.0,0.05,,0.07,,,,91.95,,,,,,,,,,,,,,,,,,,,,,
38.594556,XKF1,,,,,,,,,,,,,,,,0.0,0.0,,,0.036287312520452024,,,,,,0.0,,,,,,,-0.02674999088048935,,-0.02674999088048935,-0.024519523605704308
38.594556,POS,,,,,,,,,,,,,,,,0.011132000130089637,0.0,,,,,37.4274999,-122.1697,,,-0.011132000130089637,,,,-0.02599010057747364,,,,,,
38.694516,ATT,3,,0.0,0.0,91.95,0.0,0.0,0.06,,0.07,,,,91.95,,,,,,,,,,,,,,,,,,,,,,
38.694516,XKF1,,,,,,,,,,,,,,,,0.0,0.0,,,0.036457432591740516,,,,,,0.0,,,,,,,-0.026863569393754005,,-0.026863569393754005,-0.02464737370610237
38.694516,POS,,,,,,,,,,,,,,,,0.011132000130089637,0.0,,,,,37.4274999,-122.1697,,,-0.011132000130089637,,,,-0.025986826047301292,,,,,,
38.791976999999996,MSG,,,,,,,,,,,,,,,,,,,,,,,,,,,,,,,,,,Arm: Need Position Estimate,,
38.791976999999996,MSG,,,,,,,,,,,,,,,,,,,,,,,,,,,,,,,,,,Arm: Fence requires position,,
38.794475999999996,ATT,3,,0.0,0.0,91.94,0.0,0.0,0.06,,0.07,,,,91.94,,,,,,,,,,,,,,,,,,,,,,
38.794475999999996,XKF1,,,,,,,,,,,,,,,,0.0,0.0,,,0.03653631231364003,,,,,,0.0,,,,,,,-0.02692415565252304,,-0.02692415565252304,-0.024698015302419662
38.794475999999996,POS,,,,,,,,,,,,,,,,0.011132000130089637,0.0,,,,,37.4274999,-122.1697,,,-0.011132000130089637,,,,-0.025981180369853973,,,,,,
38.894436,ATT,3,,0.0,0.0,91.94,0.0,0.0,0.06,,0.07,,,,91.94,,,,,,,,,,,,,,,,,,,,,,
38.894436,XKF1,,,,,,,,,,,,,,,,0.0,0.0,,,0.036645998579405495,,,,,,0.0,,,,,,,-0.026988232508301735,,-0.026988232508301735,-0.024790411815047264
38.894436,POS,,,,,,,,,,,,,,,,0.011132000130089637,0.0,,,,,37.4274999,-122.1697,,,-0.011132000130089637,,,,-0.025974556803703308,,,,,,
38.994395999999995,ATT,3,,0.0,0.0,91.93,0.0,0.0,0.06,,0.07,,,,91.93,,,,,,,,,,,,,,,,,,,,,,
38.994395999999995,XKF1,,,,,,,,,,,,,,,,0.0,0.0,,,0.03673907254789197,,,,,,0.0,,,,,,,-0.027021557092666626,,-0.027021557092666626,-0.02489166334271431
38.994395999999995,POS,,,,,,,,,,,,,,,,0.011132000130089637,0.0,,,,,37.4274999,-122.1697,,,-0.011132000130089637,,,,-0.025963030755519867,,,,,,
39.094356,ATT,3,,0.0,0.0,91.93,0.0,0.0,0.06,,0.07,,,,91.93,,,,,,,,,,,,,,,,,,,,,,
39.094356,XKF1,,,,,,,,,,,,,,,,0.0,0.0,,,0.03682291458279428,,,,,,0.0,,,,,,,-0.02710171602666378,,-0.02710171602666378,-0.0249283779412508
39.094356,POS,,,,,,,,,,,,,,,,0.011132000130089637,0.0,,,,,37.4274999,-122.1697,,,-0.011132000130089637,,,,-0.025944426655769348,,,,,,
39.101853,MSG,,,,,,,,,,,,,,,,,,,,,,,,,,,,,,,,,,EKF3 IMU1 is using GPS,,
39.106851,MSG,,,,,,,,,,,,,,,,,,,,,,,,,,,,,,,,,,EKF3 IMU0 is using GPS,,
39.194316,ATT,3,,0.0,0.0,91.92,0.0,0.0,0.06,,0.07,,,,91.92,,,,,,,,,,,,,,,,,,,,,,
39.194316,XKF1,,,,,,,,,,,,,,,,0.002457003034601627,0.0018133214907720685,,,0.0006206401972326487,,,,,,0.0016579291550442576,-0.0006200894969506182,,,,,,-0.000440001196693629,,-0.000440001196693629,-0.0004377136065158993
39.194316,POS,,,,,,,,,,,,,,,,0.011132000130089637,0.0,,,,,37.4274999,-122.1697,,,-0.011132000130089637,,,,-0.025924017652869225,,,,,,
39.294275999999996,ATT,3,,0.0,0.0,91.92,0.0,0.0,0.06,,0.07,,,,91.92,,,,,,,,,,,,,,,,,,,,,,
39.294275999999996,XKF1,,,,,,,,,,,,,,,,0.004184075013651637,0.0030853382777422667,,,0.0018898482089555384,,,,,,0.0028261584229767323,-0.0018889395818554588,,,,,,-0.001432483782991767,,-0.001432483782991767,-0.001232686685398221
39.294275999999996,POS,,,,,,,,,,,,,,,,0.011132000130089637,0.0,,,,,37.4274999,-122.1697,,,-0.011132000130089637,,,,-0.025905149057507515,,,,,,
39.394236,ATT,3,,0.0,0.0,91.92,0.0,0.0,0.06,,0.07,,,,91.92,,,,,,,,,,,,,,,,,,,,,,
39.394236,XKF1,,,,,,,,,,,,,,,,0.005173327929400231,0.0038111484609544277,,,0.0028064969659107038,,,,,,0.0034983523655682802,-0.0028057174706923147,,,,,,-0.0021116759162396193,,-0.0021116759162396193,-0.0018485805485397577
39.394236,POS,,,,,,,,,,,,,,,,0.011132000130089637,0.0,,,,,37.4274999,-122.1697,,,-0.011132000130089637,,,,-0.025915078818798065,,,,,,
39.494195999999995,ATT,3,,0.0,0.0,91.91,0.0,0.0,0.06,,0.07,,,,91.91,,,,,,,,,,,,,,,,,,,,,,
39.494195999999995,XKF1,,,,,,,,,,,,,,,,0.005524194355045073,0.004067045636475086,,,0.004065100889646264,,,,,,0.0037384305614978075,-0.004064903693548416,,,,,,-0.003019777126610279,,-0.003019777126610279,-0.0027213951107114553
39.494195999999995,POS,,,,,,,,,,,,,,,,0.011132000130089637,0.0,,,,,37.4274999,-122.1697,,,-0.011132000130089637,,,,-0.02591896615922451,,,,,,
39.594989,ATT,3,,0.0,0.0,91.91,0.0,0.0,0.06,,0.07,,,,91.91,,,,,,,,,,,,,,,,,,,,,,
39.594989,XKF1,,,,,,,,,,,,,,,,0.005592962098223337,0.0041188946925103664,,,0.004991709101395149,,,,,,0.0037836399860680103,-0.004991709092983631,,,,,,-0.0036763024982064962,,-0.0036763024982064962,-0.0033766787964850664
39.594989,POS,,,,,,,,,,,,,,,,0.011132000130089637,0.0,,,,,37.4274999,-122.1697,,,-0.011132000130089637,,,,-0.025940511375665665,,,,,,
39.694949,ATT,3,,0.0,0.0,91.9,0.0,0.0,0.06,,0.07,,,,91.9,,,,,,,,,,,,,,,,,,,,,,
39.694949,XKF1,,,,,,,,,,,,,,,,0.005332031105505208,0.003929581493139267,,,0.006057395806576592,,,,,,0.003604017896577716,-0.006057281765973253,,,,,,-0.004438950680196285,,-0.004438950680196285,-0.004121621139347553
39.694949,POS,,,,,,,,,,,,,,,,0.011132000130089637,0.0,,,,,37.4274999,-122.1697,,,-0.011132000130089637,,,,-0.025959689170122147,,,,,,
39.794909,ATT,3,,0.0,0.0,91.9,0.0,0.0,0.06,,0.08,,,,91.9,,,,,,,,,,,,,,,,,,,,,,
39.794909,XKF1,,,,,,,,,,,,,,,,0.0049361250510176966,0.003643960691988468,,,0.007052016785538006,,,,,,0.0033296968322247267,-0.007051287658970295,,,,,,-0.005137018393725157,,-0.005137018393725157,-0.004831354133784771
39.794909,POS,,,,,,,,,,,,,,,,0.011132000130089637,0.0,,,,,37.4274999,-122.1697,,,-0.011132000130089637,,,,-0.025986870750784874,,,,,,
39.894869,ATT,3,,0.0,0.0,91.89,0.0,0.0,0.07,,0.08,,,,91.89,,,,,,,,,,,,,,,,,,,,,,
39.894869,XKF1,,,,,,,,,,,,,,,,0.004316204281991303,0.0031948050018399954,,,0.008195489192176103,,,,,,0.002902213018387556,-0.00819437697877543,,,,,,-0.005974600091576576,,-0.005974600091576576,-0.005609830375760794
39.894869,POS,,,,,,,,,,,,,,,,0.011132000130089637,0.0,,,,,37.4274999,-122.1697,,,-0.011132000130089637,,,,-0.02600552886724472,,,,,,
39.994828999999996,ATT,3,,0.0,0.0,91.89,0.0,0.0,0.07,,0.08,,,,91.89,,,,,,,,,,,,,,,,,,,,,,
39.994828999999996,XKF1,,,,,,,,,,,,,,,,0.0036880566926493124,0.0027380934916436672,,,0.0092081140577329,,,,,,0.002470750128850341,-0.00920620738457933,,,,,,-0.0067093586549162865,,-0.0067093586549162865,-0.006306652911007404
39.994828999999996,POS,,,,,,,,,,,,,,,,0.011132000130089637,0.0,,,,,37.4274999,-122.1697,,,-0.011132000130089637,,,,-0.026026006788015366,,,,,,
40.094789,ATT,3,,0.0,0.0,91.88,0.0,0.0,0.07,,0.08,,,,91.88,,,,,,,,,,,,,,,,,,,,,,
40.094789,XKF1,,,,,,,,,,,,,,,,0.0028870806017717923,0.0021539656445384026,,,0.010345090892861706,,,,,,0.001922411611303687,-0.010341878895153584,,,,,,-0.007544128689914942,,-0.007544128689914942,-0.007078631781041622
40.094789,POS,,,,,,,,,,,,,,,,0.011132000130089637,0.0,,,,,37.4274999,-122.1697,,,-0.011132000130089637,,,,-0.02604079805314541,,,,,,
40.194749,ATT,3,,0.0,0.0,91.88,0.0,0.0,0.07,,0.08,,,,91.88,,,,,,,,,,,,,,,,,,,,,,
40.194749,XKF1,,,,,,,,,,,,,,,,0.0021455936898113004,0.001614040113054216,,,0.011349895722397852,,,,,,0.0014136643148958683,-0.011341875508948855,,,,,,-0.008250939659774303,,-0.008250939659774303,-0.007793723605573177
40.194749,POS,,,,,,,,,,,,,,,,0.011132000130089637,0.0,,,,,37.4274999,-122.1697,,,-0.011132000130089637,,,,-0.026056623086333275,,,,,,
40.294709,ATT,3,,0.0,0.0,91.87,0.0,0.0,0.07,,0.08,,,,91.87,,,,,,,,,,,,,,,,,,,,,,
40.294709,XKF1,,,,,,,,,,,,,,,,0.0012416762243646067,0.0009558521560393274,,,0.012476247597644275,,,,,,0.0007925317040644586,-0.012448560616234342,,,,,,-0.009052773006260395,,-0.009052773006260395,-0.008585106581449509
40.294709,POS,,,,,,,,,,,,,,,,0.011132000130089637,0.0,,,,,37.4274999,-122.1697,,,-0.011132000130089637,,,,-0.026065193116664886,,,,,,
40.394669,ATT,3,,0.0,0.0,91.87,0.0,0.0,0.07,,0.08,,,,91.87,,,,,,,,,,,,,,,,,,,,,,
40.394669,XKF1,,,,,,,,,,,,,,,,0.0004508356669112104,0.0003781955747399479,,,0.013468783798313089,,,,,,0.00024539948208257556,-0.013235701267308459,,,,,,-0.009745114482939243,,-0.009745114482939243,-0.009297358803451061
40.394669,POS,,,,,,,,,,,,,,,,0.011132000130089637,0.0,,,,,37.4274999,-122.1697,,,-0.011132000130089637,,,,-0.02607867866754532,,,,,,
40.494628999999996,ATT,3,,0.0,0.0,91.87,0.0,0.0,0.07,,0.08,,,,91.87,,,,,,,,,,,,,,,,,,,,,,
40.494628999999996,XKF1,,,,,,,,,,,,,,,,0.0005293518708853739,-0.0003222400264348835,,,0.014603947993539569,,,,,,-0.00041996996151283383,0.01442792087260547,,,,,,-0.010576415807008743,,-0.010576415807008743,-0.01007048785686493
40.494628999999996,POS,,,,,,,,,,,,,,,,0.011132000130089637,0.0,,,,,37.4274999,-122.1697,,,-0.011132000130089637,,,,-0.02608783170580864,,,,,,
40.594589,ATT,3,,0.0,0.0,91.86,0.0,0.0,0.07,,0.08,,,,91.86,,,,,,,,,,,,,,,,,,,,,,
40.594589,XKF1,,,,,,,,,,,,,,,,0.0013430001401535652,-0.0009149708785116673,,,0.015514754915399328,,,,,,-0.0009830959606915712,0.01548793786651443,,,,,,-0.01121921744197607,,-0.01121921744197607,-0.010716192424297333
40.594589,POS,,,,,,,,,,,,,,,,0.011132000130089637,0.0,,,,,37.4274999,-122.1697,,,-0.011132000130089637,,,,-0.026103662326931953,,,,,,
40.694548999999995,ATT,3,,0.0,0.0,91.86,0.0,0.0,0.07,,0.09,,,,91.86,,,,,,,,,,,,,,,,,,,,,,
40.694548999999995,XKF1,,,,,,,,,,,,,,,,0.002339050998066678,-0.0016367334173992276,,,0.016595152604134827,,,,,,-0.0016710066702216864,0.01658521062594667,,,,,,-0.012015690095722675,,-0.012015690095722675,-0.011446496471762657
40.694548999999995,POS,,,,,,,,,,,,,,,,0.011132000130089637,0.0,,,,,37.4274999,-122.1697,,,-0.011132000130089637,,,,-0.02611377090215683,,,,,,
40.794509,ATT,3,,0.0,0.0,91.85,0.0,0.0,0.07,,0.09,,,,91.85,,,,,,,,,,,,,,,,,,,,,,
40.794509,XKF1,,,,,,,,,,,,,,,,0.0031515984914250728,-0.002228067722171545,,,0.017479990137857594,,,,,,-0.0022289655171334743,0.017475288221615582,,,,,,-0.012641130946576595,,-0.012641130946576595,-0.012072773650288582
40.794509,POS,,,,,,,,,,,,,,,,0.011132000130089637,0.0,,,,,37.4274999,-122.1697,,,-0.011132000130089637,,,,-0.026126183569431305,,,,,,
40.894469,ATT,3,,0.0,0.0,91.85,0.0,0.0,0.07,,0.09,,,,91.85,,,,,,,,,,,,,,,,,,,,,,
40.894469,XKF1,,,,,,,,,,,,,,,,0.004164729845743629,-0.0029677555430680513,,,0.01855326378864343,,,,,,-0.002921883249655366,0.018549244495276215,,,,,,-0.013488980941474438,,-0.013488980941474438,-0.012738563120365143
40.894469,POS,,,,,,,,,,,,,,,,0.011132000130089637,0.0,,,,,37.4274999,-122.1697,,,-0.011132000130089637,,,,-0.026136156171560287,,,,,,
40.994429,ATT,3,,0.0,0.0,91.84,0.0,0.0,0.07,,0.09,,,,91.84,,,,,,,,,,,,,,,,,,,,,,
40.994429,XKF1,,,,,,,,,,,,,,,,0.0049626089090913945,-0.0035534899216145277,,,0.019352550998042627,,,,,,-0.00346412998624146,0.01935048003297337,,,,,,-0.014053590595722198,,-0.014053590595722198,-0.01330480445176363
40.994429,POS,,,,,,,,,,,,,,,,0.011132000130089637,0.0,,,,,37.4274999,-122.1697,,,-0.011132000130089637,,,,-0.026150088757276535,,,,,,
41.094389,ATT,3,,0.0,0.0,91.84,0.0,0.0,0.08,,0.09,,,,91.84,,,,,,,,,,,,,,,,,,,,,,
41.094389,XKF1,,,,,,,,,,,,,,,,0.006235667485446364,-0.004484120756387711,,,0.020557300944602952,,,,,,-0.004333152435719967,0.020555816744876765,,,,,,-0.014953515492379665,,-0.014953515492379665,-0.01410655863583088
41.094389,POS,,,,,,,,,,,,,,,,0.011132000130089637,0.0,,,,,37.4274999,-122.1697,,,-0.011132000130089637,,,,-0.026156054809689522,,,,,,
41.194348999999995,ATT,3,,0.0,0.0,91.83,0.0,0.0,0.08,,0.09,,,,91.83,,,,,,,,,,,,,,,,,,,,,,
41.194348999999995,XKF1,,,,,,,,,,,,,,,,0.006905978526316452,-0.004977269563823938,,,0.021208793341068524,,,,,,-0.004787413403391838,0.021207560658472964,,,,,,-0.015443204902112486,,-0.015443204902112484,-0.014536861330270767
41.194348999999995,POS,,,,,,,,,,,,,,,,0.011132000130089637,0.0,,,,,37.4274999,-122.1697,,,-0.011132000130089637,,,,-0.026165122166275978,,,,,,
41.294309,ATT,3,,0.0,0.0,91.83,0.0,0.0,0.08,,0.09,,,,91.83,,,,,,,,,,,,,,,,,,,,,,
41.294309,XKF1,,,,,,,,,,,,,,,,0.008115513787569782,-0.005864528473466635,,,0.022298360923275994,,,,,,-0.0056097120977938175,0.022297546575079683,,,,,,-0.016244644299149513,,-0.016244644299149513,-0.015275091864168644
41.294309,POS,,,,,,,,,,,,,,,,0.011132000130089637,0.0,,,,,37.4274999,-122.1697,,,-0.011132000130089637,,,,-0.026163427159190178,,,,,,
41.394269,ATT,3,,0.0,0.0,91.83,0.0,0.0,0.08,,0.09,,,,91.83,,,,,,,,,,,,,,,,,,,,,,
41.394269,XKF1,,,,,,,,,,,,,,,,0.008676270209441945,-0.006276617757976055,,,0.022765444918100883,,,,,,-0.005990136414766312,0.022764758586807342,,,,,,-0.016590606421232224,,-0.016590606421232224,-0.015589010901749134
41.394269,POS,,,,,,,,,,,,,,,,0.011132000130089637,0.0,,,,,37.4274999,-122.1697,,,-0.011132000130089637,,,,-0.02616925910115242,,,,,,
41.494229,ATT,3,,0.0,0.0,91.82,0.0,0.0,0.08,,0.09,,,,91.82,,,,,,,,,,,,,,,,,,,,,,
41.494229,XKF1,,,,,,,,,,,,,,,,0.0098272576310008,-0.007119289133697748,,,0.023742801367304864,,,,,,-0.006774268578737974,0.02374240938393867,,,,,,-0.01729407161474228,,-0.01729407161474228,-0.016267627477645874
41.494229,POS,,,,,,,,,,,,,,,,0.011132000130089637,0.0,,,,,37.4274999,-122.1697,,,-0.011132000130089637,,,,-0.02617071568965912,,,,,,
41.594189,ATT,3,,0.0,0.0,91.82,0.0,0.0,0.08,,0.09,,,,91.82,,,,,,,,,,,,,,,,,,,,,,
41.594189,XKF1,,,,,,,,,,,,,,,,0.010282848605278921,-0.007453651167452335,,,0.024016599996852128,,,,,,-0.007083788514137268,0.024016202791695203,,,,,,-0.01750359870493412,,-0.01750359870493412,-0.016444485634565353
41.594189,POS,,,,,,,,,,,,,,,,0.011132000130089637,0.0,,,,,37.4274999,-122.1697,,,-0.011132000130089637,,,,-0.026181822642683983,,,,,,
41.694981999999996,ATT,3,,0.0,0.0,91.81,0.0,0.0,0.07,,0.09,,,,91.81,,,,,,,,,,,,,,,,,,,,,,
41.694981999999996,XKF1,,,,,,,,,,,,,,,,0.01104771117454748,-0.008012405596673489,,,0.024566068748196446,,,,,,-0.007606134284287691,0.024565853848983236,,,,,,-0.01788724772632122,,-0.01788724772632122,-0.016838589683175087
41.694981999999996,POS,,,,,,,,,,,,,,,,0.011132000130089637,0.0,,,,,37.4274999,-122.1697,,,-0.011132000130089637,,,,-0.026190275326371193,,,,,,
41.794942,ATT,3,,0.0,0.0,91.81,0.0,0.0,0.07,,0.09,,,,91.81,,,,,,,,,,,,,,,,,,,,,,
41.794942,XKF1,,,,,,,,,,,,,,,,0.011515827342857683,-0.008354398421943188,,,0.024835559441672834,,,,,,-0.007925800047814846,0.0248353588861627,,,,,,-0.01808602549135685,,-0.01808602549135685,-0.01702059619128704
41.794942,POS,,,,,,,,,,,,,,,,0.011132000130089637,0.0,,,,,37.4274999,-122.1697,,,-0.011132000130089637,,,,-0.02619882859289646,,,,,,
41.894901999999995,ATT,3,,0.0,0.0,91.81,0.0,0.0,0.07,,0.09,,,,91.81,,,,,,,,,,,,,,,,,,,,,,
41.894901999999995,XKF1,,,,,,,,,,,,,,,,0.012291261746317705,-0.008920498192310333,,,0.02536542678766552,,,,,,-0.008455757051706314,0.0253651257779339,,,,,,-0.01849398948252201,,-0.01849398948252201,-0.017360219731926918
41.894901999999995,POS,,,,,,,,,,,,,,,,0.014215138165498133,-0.008840176817682208,,,,,37.4274999,-122.1697001,,,-0.011132000130089637,,,,-0.02620500884950161,,,,,,
41.994862,ATT,3,,0.0,0.0,91.8,0.0,0.0,0.07,,0.08,,,,91.8,,,,,,,,,,,,,,,,,,,,,,
41.994862,XKF1,,,,,,,,,,,,,,,,0.012750384512697418,-0.009256386198103428,,,0.02562058856970239,,,,,,-0.008768786676228046,0.025620532906138967,,,,,,-0.018636446446180344,,-0.018636446446180344,-0.017581166699528694
41.994862,POS,,,,,,,,,,,,,,,,0.014215138165498133,-0.008840176817682208,,,,,37.4274999,-122.1697001,,,-0.011132000130089637,,,,-0.026212353259325027,,,,,,
42.094822,ATT,3,,0.0,0.0,91.8,0.0,0.0,0.07,,0.08,,,,91.8,,,,,,,,,,,,,,,,,,,,,,
42.094822,XKF1,,,,,,,,,,,,,,,,0.013500712364858792,-0.009801208041608334,,,0.026095425396829474,,,,,,-0.00928469467908144,0.026095378681508272,,,,,,-0.018978605046868324,,-0.018978605046868324,-0.017910437658429146
42.094822,POS,,,,,,,,,,,,,,,,0.014215138165498133,-0.008840176817682208,,,,,37.4274999,-122.1697001,,,-0.011132000130089637,,,,-0.026220865547657013,,,,,,
42.194782,ATT,3,,0.0,0.0,91.79,0.0,0.0,0.07,,0.08,,,,91.79,,,,,,,,,,,,,,,,,,,,,,
42.194782,XKF1,,,,,,,,,,,,,,,,0.013878997240771677,-0.01007486879825592,,,0.026234402236497624,,,,,,-0.009545867331326008,0.026234332822785277,,,,,,-0.01908520795404911,,-0.01908520795404911,-0.017999963834881783
42.194782,POS,,,,,,,,,,,,,,,,0.014215138165498133,-0.008840176817682208,,,,,37.4274999,-122.1697001,,,-0.011132000130089637,,,,-0.02623259648680687,,,,,,
42.294742,ATT,3,,0.0,0.0,91.79,0.0,0.0,0.07,,0.08,,,,91.79,,,,,,,,,,,,,,,,,,,,,,
42.294742,XKF1,,,,,,,,,,,,,,,,0.014577854417785509,-0.010583403520286083,,,0.026592022303702147,,,,,,-0.010025238618254662,0.026591931525217254,,,,,,-0.019353309646248817,,-0.019353309646248817,-0.01823691464960575
42.294742,POS,,,,,,,,,,,,,,,,0.014215138165498133,-0.008840176817682208,,,,,37.4274999,-122.1697001,,,-0.011132000130089637,,,,-0.026244930922985077,,,,,,
42.394701999999995,ATT,3,,0.0,0.0,91.79,0.0,0.0,0.07,,0.08,,,,91.79,,,,,,,,,,,,,,,,,,,,,,
42.394701999999995,XKF1,,,,,,,,,,,,,,,,0.014874648618150535,-0.01080047246068716,,,0.026603104743364678,,,,,,-0.010227656923234463,0.026602978433500145,,,,,,-0.01937277242541313,,-0.01937277242541313,-0.01823241263628006
42.394701999999995,POS,,,,,,,,,,,,,,,,0.014215138165498133,-0.008840176817682208,,,,,37.4274999,-122.1697001,,,-0.011132000130089637,,,,-0.026259174570441246,,,,,,
42.494662,ATT,3,,0.0,0.0,91.78,0.0,0.0,0.07,,0.08,,,,91.78,,,,,,,,,,,,,,,,,,,,,,
42.494662,XKF1,,,,,,,,,,,,,,,,0.015499988404354745,-0.011258075945079327,,,0.02685844923607415,,,,,,-0.010653889738023281,0.02685824802924598,,,,,,-0.019579356536269188,,-0.019579356536269188,-0.01838545873761177
42.494662,POS,,,,,,,,,,,,,,,,0.014215138165498133,-0.008840176817682208,,,,,37.4274999,-122.1697001,,,-0.011132000130089637,,,,-0.02626708522439003,,,,,,
42.594622,ATT,3,,0.0,0.0,91.78,0.0,0.0,0.07,,0.08,,,,91.78,,,,,,,,,,,,,,,,,,,,,,
42.594622,XKF1,,,,,,,,,,,,,,,,0.015699620145368357,-0.011406724341213703,,,0.026680250964247948,,,,,,-0.01078724768012762,0.026680131933218058,,,,,,-0.019439490512013435,,-0.019439490512013435,-0.018274080008268356
42.594622,POS,,,,,,,,,,,,,,,,0.014215138165498133,-0.008840176817682208,,,,,37.4274999,-122.1697001,,,-0.011132000130089637,,,,-0.026276161894202232,,,,,,
42.694582,ATT,3,,0.0,0.0,91.77,0.0,0.0,0.07,,0.08,,,,91.77,,,,,,,,,,,,,,,,,,,,,,
42.694582,XKF1,,,,,,,,,,,,,,,,0.01623326636175096,-0.011796590872108936,,,0.02683102626830051,,,,,,-0.011151653714478016,0.02683090281313319,,,,,,-0.01955372653901577,,-0.01955372653901577,-0.018372690305113792
42.694582,POS,,,,,,,,,,,,,,,,0.023954841551409783,-0.008840176817682208,,,,,37.4274998,-122.1697001,,,-0.022264000260179273,,,,-0.026282841339707375,,,,,,
42.794542,ATT,3,,0.0,0.0,91.77,0.0,0.0,0.07,,0.08,,,,91.77,,,,,,,,,,,,,,,,,,,,,,
42.794542,XKF1,,,,,,,,,,,,,,,,0.016332266803730604,-0.011872674338519573,,,0.02663914567732829,,,,,,-0.011215281672775745,0.026638842639501958,,,,,,-0.019452251493930817,,-0.019452251493930817,-0.018200384452939034
42.794542,POS,,,,,,,,,,,,,,,,0.023954841551409783,-0.008840176817682208,,,,,37.4274998,-122.1697001,,,-0.022264000260179273,,,,-0.026287471875548363,,,,,,
42.894501999999996,ATT,3,,0.0,0.0,91.77,0.0,0.0,0.07,,0.08,,,,91.77,,,,,,,,,,,,,,,,,,,,,,
42.894501999999996,XKF1,,,,,,,,,,,,,,,,0.016785112080787236,-0.012208972126245499,,,0.026674886939840017,,,,,,-0.011518723331391811,0.02667452387906745,,,,,,-0.01949773170053959,,-0.01949773170053959,-0.018204066902399063
42.894501999999996,POS,,,,,,,,,,,,,,,,0.023954841551409783,-0.008840176817682208,,,,,37.4274998,-122.1697001,,,-0.022264000260179273,,,,-0.026291437447071075,,,,,,
42.994462,ATT,3,,0.0,0.0,91.76,0.0,0.0,0.06,,0.08,,,,91.76,,,,,,,,,,,,,,,,,,,,,,
42.994462,XKF1,,,,,,,,,,,,,,,,0.01678942740985495,-0.012217292562127113,,,0.026346348199483054,,,,,,-0.011516190133988857,0.026346125936637658,,,,,,-0.01924571953713894,,-0.01924571953713894,-0.017992563545703888
42.994462,POS,,,,,,,,,,,,,,,,0.023954841551409783,-0.008840176817682208,,,,,37.4274998,-122.1697001,,,-0.022264000260179273,,,,-0.02629833295941353,,,,,,
43.094422,ATT,3,,0.0,0.0,91.76,0.0,0.0,0.06,,0.08,,,,91.76,,,,,,,,,,,,,,,,,,,,,,
43.094422,XKF1,,,,,,,,,,,,,,,,0.017156176218037347,-0.012488202191889286,,,0.026362797579476346,,,,,,-0.011763468384742737,0.026362697348619814,,,,,,-0.01923959329724312,,-0.01923959329724312,-0.018023183569312096
43.094422,POS,,,,,,,,,,,,,,,,0.023954841551409783,-0.008840176817682208,,,,,37.4274998,-122.1697001,,,-0.022264000260179273,,,,-0.026306092739105225,,,,,,
43.194382,ATT,3,,0.0,0.0,91.76,0.0,0.0,0.06,,0.07,,,,91.76,,,,,,,,,,,,,,,,,,,,,,
43.194382,XKF1,,,,,,,,,,,,,,,,0.0170830052536288,-0.012434296309947968,,,0.0260520194291349,,,,,,-0.011713980697095394,0.026051940045251645,,,,,,-0.01900666207075119,,-0.01900666207075119,-0.01781725324690342
43.194382,POS,,,,,,,,,,,,,,,,0.023954841551409783,-0.008840176817682208,,,,,37.4274998,-122.1697001,,,-0.022264000260179273,,,,-0.0263099055737257,,,,,,
43.294342,ATT,3,,0.0,0.0,91.75,0.0,0.0,0.06,,0.07,,,,91.75,,,,,,,,,,,,,,,,,,,,,,
43.294342,XKF1,,,,,,,,,,,,,,,,0.017828935949774947,-0.01297689788043499,,,0.02634091954483676,,,,,,-0.012225836515426636,0.026340892766081307,,,,,,-0.019198132678866386,,-0.019198132678866386,-0.01803540252149105
43.294342,POS,,,,,,,,,,,,,,,,0.023954841551409783,-0.008840176817682208,,,,,37.4274998,-122.1697001,,,-0.022264000260179273,,,,-0.026309555396437645,,,,,,
43.394301999999996,ATT,3,,0.0,0.0,91.75,0.0,0.0,0.06,,0.07,,,,91.75,,,,,,,,,,,,,,,,,,,,,,
43.394301999999996,XKF1,,,,,,,,,,,,,,,,0.017540718379472863,-0.012765989638864994,,,0.02582300549893067,,,,,,-0.012029393576085567,0.02582298377618394,,,,,,-0.01881672441959381,,-0.01881672441959381,-0.017684979364275932
43.394301999999996,POS,,,,,,,,,,,,,,,,0.023954841551409783,-0.008840176817682208,,,,,37.4274998,-122.1697001,,,-0.022264000260179273,,,,-0.026311928406357765,,,,,,
43.494262,ATT,3,,0.0,0.0,91.74,0.0,0.0,0.06,,0.07,,,,91.74,,,,,,,,,,,,,,,,,,,,,,
43.494262,XKF1,,,,,,,,,,,,,,,,0.018096154776783932,-0.01316564530134201,,,0.025944350080543306,,,,,,-0.012415176257491112,0.02594430448714823,,,,,,-0.018842104822397232,,-0.018842104822397232,-0.017834920436143875
43.494262,POS,,,,,,,,,,,,,,,,0.023954841551409783,-0.008840176817682208,,,,,37.4274998,-122.1697001,,,-0.022264000260179273,,,,-0.026316789910197258,,,,,,
43.594221999999995,ATT,3,,0.0,0.0,91.74,0.0,0.0,0.06,,0.07,,,,91.74,,,,,,,,,,,,,,,,,,,,,,
43.594221999999995,XKF1,,,,,,,,,,,,,,,,0.017661609655739634,-0.012842192314565182,,,0.02532725027690873,,,,,,-0.01212479081004858,0.02532725026680608,,,,,,-0.018415577709674835,,-0.018415577709674835,-0.017387814819812775
43.594221999999995,POS,,,,,,,,,,,,,,,,0.023954841551409783,-0.008840176817682208,,,,,37.4274998,-122.1697001,,,-0.022264000260179273,,,,-0.02632148377597332,,,,,,
43.694182,ATT,3,,0.0,0.0,91.74,0.0,0.0,0.06,,0.07,,,,91.74,,,,,,,,,,,,,,,,,,,,,,
43.694182,XKF1,,,,,,,,,,,,,,,,0.018100455743518422,-0.013157106935977936,,,0.025416245146720078,,,,,,-0.012430488131940365,0.025416236317882868,,,,,,-0.018489450216293335,,-0.018489450216293335,-0.01743920147418976
43.694182,POS,,,,,,,,,,,,,,,,0.023954841551409783,-0.008840176817682208,,,,,37.4274998,-122.1697001,,,-0.022264000260179273,,,,-0.026321623474359512,,,,,,
43.794975,ATT,3,,0.0,0.0,91.73,0.0,0.0,0.06,,0.07,,,,91.73,,,,,,,,,,,,,,,,,,,,,,
43.794975,XKF1,,,,,,,,,,,,,,,,0.017578940564695486,-0.012774338945746422,,,0.024740847214761743,,,,,,-0.012076233513653278,0.02474084451078567,,,,,,-0.017986727878451347,,-0.017986727878451347,-0.01698785275220871
43.794975,POS,,,,,,,,,,,,,,,,0.023954841551409783,-0.008840176817682208,,,,,37.4274998,-122.1697001,,,-0.022264000260179273,,,,-0.026324467733502388,,,,,,
43.894935,ATT,3,,0.0,0.0,91.73,0.0,0.0,0.06,,0.07,,,,91.73,,,,,,,,,,,,,,,,,,,,,,
43.894935,XKF1,,,,,,,,,,,,,,,,0.017717952150398685,-0.01287180744111538,,,0.024622787698110542,,,,,,-0.012175483629107475,0.024622787670626808,,,,,,-0.017888858914375305,,-0.017888858914375305,-0.01691952720284462
43.894935,POS,,,,,,,,,,,,,,,,0.023954841551409783,-0.008840176817682208,,,,,37.4274998,-122.1697001,,,-0.022264000260179273,,,,-0.0263298898935318,,,,,,
43.994895,ATT,3,,0.0,0.0,91.73,0.0,0.0,0.05,,0.07,,,,91.73,,,,,,,,,,,,,,,,,,,,,,
43.994895,XKF1,,,,,,,,,,,,,,,,0.017224530643709827,-0.012509324587881565,,,0.02405804821344878,,,,,,-0.01184066105633974,0.024058048213404914,,,,,,-0.017472201958298683,,-0.017472201958298683,-0.016538193449378014
43.994895,POS,,,,,,,,,,,,,,,,0.023954841551409783,-0.008840176817682208,,,,,37.4274998,-122.1697001,,,-0.022264000260179273,,,,-0.02633298933506012,,,,,,
44.094854999999995,ATT,3,,0.0,0.0,91.72,0.0,0.0,0.05,,0.07,,,,91.72,,,,,,,,,,,,,,,,,,,,,,
44.094854999999995,XKF1,,,,,,,,,,,,,,,,0.017397416949770067,-0.012630799785256386,,,0.023944480809154126,,,,,,-0.01196382101625204,0.02394445328979455,,,,,,-0.017359087243676186,,-0.017359087243676186,-0.016492430120706558
44.094854999999995,POS,,,,,,,,,,,,,,,,0.023954841551409783,-0.008840176817682208,,,,,37.4274998,-122.1697001,,,-0.022264000260179273,,,,-0.02633414790034294,,,,,,
44.194815,ATT,3,,0.0,0.0,91.72,0.0,0.0,0.05,,0.07,,,,91.72,,,,,,,,,,,,,,,,,,,,,,
44.194815,XKF1,,,,,,,,,,,,,,,,0.01691329997683864,-0.012271564453840256,,,0.023375729644311904,,,,,,-0.01163909025490284,0.023375619320091832,,,,,,-0.016910923644900322,,-0.016910923644900322,-0.016138320788741112
44.194815,POS,,,,,,,,,,,,,,,,0.023954841551409783,-0.008840176817682208,,,,,37.4274998,-122.1697001,,,-0.022264000260179273,,,,-0.026333283632993698,,,,,,
44.294775,ATT,3,,0.0,0.0,91.72,0.0,0.0,0.05,,0.07,,,,91.72,,,,,,,,,,,,,,,,,,,,,,
44.294775,XKF1,,,,,,,,,,,,,,,,0.017068884418199554,-0.012375338934361935,,,0.02330232883588096,,,,,,-0.011755756102502346,0.023302139772508022,,,,,,-0.016829945147037506,,-0.016829945147037506,-0.016116807237267494
44.294775,POS,,,,,,,,,,,,,,,,0.023954841551409783,-0.008840176817682208,,,,,37.4274998,-122.1697001,,,-0.022264000260179273,,,,-0.02633226104080677,,,,,,
44.394735,ATT,3,,0.0,0.0,91.71,0.0,0.0,0.05,,0.06,,,,91.71,,,,,,,,,,,,,,,,,,,,,,
44.394735,XKF1,,,,,,,,,,,,,,,,0.016595510230774768,-0.012023738585412502,,,0.022777307845625133,,,,,,-0.011438560672104359,0.022777246721695146,,,,,,-0.01646614447236061,,-0.01646614447236061,-0.015737593173980713
44.394735,POS,,,,,,,,,,,,,,,,0.023954841551409783,-0.008840176817682208,,,,,37.4274998,-122.1697001,,,-0.022264000260179273,,,,-0.02633560076355934,,,,,,
44.494695,ATT,3,,0.0,0.0,91.71,0.0,0.0,0.05,,0.06,,,,91.71,,,,,,,,,,,,,,,,,,,,,,
44.494695,XKF1,,,,,,,,,,,,,,,,0.016756556263440085,-0.012134874239563942,,,0.022734679320964953,,,,,,-0.011555388569831848,0.02273455724298385,,,,,,-0.016412684693932533,,-0.016412684693932533,-0.015731796622276306
44.494695,POS,,,,,,,,,,,,,,,,0.023954841551409783,-0.008840176817682208,,,,,37.4274998,-122.1697001,,,-0.022264000260179273,,,,-0.026339543983340263,,,,,,
44.594654999999996,ATT,3,,0.0,0.0,91.71,0.0,0.0,0.05,,0.06,,,,91.71,,,,,,,,,,,,,,,,,,,,,,
44.594654999999996,XKF1,,,,,,,,,,,,,,,,0.01629538676245035,-0.011794042773544788,,,0.022250428092252774,,,,,,-0.011244562454521656,0.022250220315757546,,,,,,-0.01603759452700615,,-0.01603759452700615,-0.015423265285789967
44.594654999999996,POS,,,,,,,,,,,,,,,,0.023954841551409783,-0.008840176817682208,,,,,37.4274998,-122.1697001,,,-0.022264000260179273,,,,-0.026340818032622337,,,,,,
44.694615,ATT,3,,0.0,0.0,91.7,0.0,0.0,0.05,,0.06,,,,91.7,,,,,,,,,,,,,,,,,,,,,,
44.694615,XKF1,,,,,,,,,,,,,,,,0.016462644287381294,-0.011909090913832188,,,0.022259411173719764,,,,,,-0.011366275139153004,0.022259384998440865,,,,,,-0.0160788893699646,,-0.0160788893699646,-0.015393203124403954
44.694615,POS,,,,,,,,,,,,,,,,0.023954841551409783,-0.008840176817682208,,,,,37.4274998,-122.1697001,,,-0.022264000260179273,,,,-0.026343120262026787,,,,,,
44.794574999999995,ATT,3,,0.0,0.0,91.7,0.0,0.0,0.05,,0.06,,,,91.7,,,,,,,,,,,,,,,,,,,,,,
44.794574999999995,XKF1,,,,,,,,,,,,,,,,0.01601304450291157,-0.0115806944668293,,,0.021797362562298073,,,,,,-0.011059164069592953,0.021797275327843764,,,,,,-0.015721281990408897,,-0.015721281990408897,-0.015098553150892258
44.794574999999995,POS,,,,,,,,,,,,,,,,0.014215138165498133,-0.008840176817682208,,,,,37.4274999,-122.1697001,,,-0.011132000130089637,,,,-0.02634274773299694,,,,,,
44.894535,ATT,3,,0.0,0.0,91.7,0.0,0.0,0.05,,0.06,,,,91.7,,,,,,,,,,,,,,,,,,,,,,
44.894535,XKF1,,,,,,,,,,,,,,,,0.01618457735648452,-0.011699410155415535,,,0.021816952495475963,,,,,,-0.011183217167854309,0.02181683937396567,,,,,,-0.015722280368208885,,-0.015722280368208885,-0.015125783160328865
44.894535,POS,,,,,,,,,,,,,,,,0.023954841551409783,-0.008840176817682208,,,,,37.4274998,-122.1697001,,,-0.022264000260179273,,,,-0.026344679296016693,,,,,,
44.994495,ATT,3,,0.0,0.0,91.69,0.0,0.0,0.05,,0.06,,,,91.69,,,,,,,,,,,,,,,,,,,,,,
44.994495,XKF1,,,,,,,,,,,,,,,,0.01574937678036262,-0.011380455456674099,,,0.021396100251622408,,,,,,-0.01088706124573946,0.021396069087181595,,,,,,-0.015435495413839819,,-0.015435495413839817,-0.014816834591329098
44.994495,POS,,,,,,,,,,,,,,,,0.014215138165498133,-0.008840176817682208,,,,,37.4274999,-122.1697001,,,-0.011132000130089637,,,,-0.026347849518060684,,,,,,
45.094454999999996,ATT,3,,0.0,0.0,91.69,0.0,0.0,0.05,,0.06,,,,91.69,,,,,,,,,,,,,,,,,,,,,,
45.094454999999996,XKF1,,,,,,,,,,,,,,,,0.01592582752048272,-0.011505951173603535,,,0.021407915122797563,,,,,,-0.011011133901774883,0.021407915122703118,,,,,,-0.015466645359992983,,-0.015466645359992981,-0.014801409095525742
45.094454999999996,POS,,,,,,,,,,,,,,,,0.014215138165498133,-0.008840176817682208,,,,,37.4274999,-122.1697001,,,-0.011132000130089637,,,,-0.02635064162313938,,,,,,
45.194415,ATT,3,,0.0,0.0,91.69,0.0,0.0,0.05,,0.06,,,,91.69,,,,,,,,,,,,,,,,,,,,,,
45.194415,XKF1,,,,,,,,,,,,,,,,0.015501767012913462,-0.011197862215340137,,,0.02096729064740724,,,,,,-0.010719732381403446,0.020967270765358918,,,,,,-0.015125958248972894,,-0.015125958248972893,-0.014520077966153622
45.194415,POS,,,,,,,,,,,,,,,,0.014215138165498133,-0.008840176817682208,,,,,37.4274999,-122.1697001,,,-0.011132000130089637,,,,-0.026353102177381516,,,,,,
45.294374999999995,ATT,3,,0.0,0.0,91.69,0.0,0.0,0.05,,0.06,,,,91.69,,,,,,,,,,,,,,,,,,,,,,
45.294374999999995,XKF1,,,,,,,,,,,,,,,,0.01588142135006302,-0.011472340673208237,,,0.021145820808875497,,,,,,-0.010982028208673,0.021145811229648294,,,,,,-0.015289122238755228,,-0.015289122238755226,-0.014607822522521019
45.294374999999995,POS,,,,,,,,,,,,,,,,0.014215138165498133,-0.008840176817682208,,,,,37.4274999,-122.1697001,,,-0.011132000130089637,,,,-0.02635425329208374,,,,,,
45.394335,ATT,3,,0.0,0.0,91.68,0.0,0.0,0.05,,0.06,,,,91.68,,,,,,,,,,,,,,,,,,,,,,
45.394335,XKF1,,,,,,,,,,,,,,,,0.015405242395532287,-0.011128704063594341,,,0.02073693013433871,,,,,,-0.010652391240000725,0.020736924943465025,,,,,,-0.01499044243246317,,-0.014990442432463169,-0.014328534714877605
45.394335,POS,,,,,,,,,,,,,,,,0.014215138165498133,-0.008840176817682208,,,,,37.4274999,-122.1697001,,,-0.011132000130089637,,,,-0.026356935501098633,,,,,,
45.494295,ATT,3,,0.0,0.0,91.68,0.0,0.0,0.05,,0.06,,,,91.68,,,,,,,,,,,,,,,,,,,,,,
45.494295,XKF1,,,,,,,,,,,,,,,,0.015744447329407014,-0.011376326903700829,,,0.020944952291534744,,,,,,-0.010884245857596397,0.020944938146988373,,,,,,-0.015150827355682852,,-0.01515082735568285,-0.014461793005466461
45.494295,POS,,,,,,,,,,,,,,,,0.014215138165498133,-0.008840176817682208,,,,,37.4274999,-122.1697001,,,-0.011132000130089637,,,,-0.026359720155596733,,,,,,
45.594255,ATT,3,,0.0,0.0,91.68,0.0,0.0,0.05,,0.06,,,,91.68,,,,,,,,,,,,,,,,,,,,,,
45.594255,XKF1,,,,,,,,,,,,,,,,0.015247339377637944,-0.011018098331987858,,,0.02048168770417681,,,,,,-0.010539585724473,0.02048165490895952,,,,,,-0.014825877733528614,,-0.014825877733528614,-0.01413127314299345
45.594255,POS,,,,,,,,,,,,,,,,0.014215138165498133,-0.008840176817682208,,,,,37.4274999,-122.1697001,,,-0.011132000130089637,,,,-0.026367051526904106,,,,,,
45.694215,ATT,3,,0.0,0.0,91.67,0.0,0.0,0.05,,0.06,,,,91.67,,,,,,,,,,,,,,,,,,,,,,
45.694215,XKF1,,,,,,,,,,,,,,,,0.015557533893111356,-0.011244974099099636,,,0.020590588386323216,,,,,,-0.010751158930361271,0.020590536496984026,,,,,,-0.01491476967930794,,-0.014914769679307938,-0.01419584359973669
45.694215,POS,,,,,,,,,,,,,,,,0.014215138165498133,-0.008840176817682208,,,,,37.4274999,-122.1697001,,,-0.011132000130089637,,,,-0.026373470202088356,,,,,,
45.794174999999996,ATT,3,,0.0,0.0,91.67,0.0,0.0,0.05,,0.06,,,,91.67,,,,,,,,,,,,,,,,,,,,,,
45.794174999999996,XKF1,,,,,,,,,,,,,,,,0.015045891305186205,-0.010876922868192196,,,0.020083100708872415,,,,,,-0.01039573922753334,0.02008305928153233,,,,,,-0.014546559192240238,,-0.014546559192240238,-0.013846607878804207
45.794174999999996,POS,,,,,,,,,,,,,,,,0.014215138165498133,-0.008840176817682208,,,,,37.4274999,-122.1697001,,,-0.011132000130089637,,,,-0.026379557326436043,,,,,,
45.894968,ATT,3,,0.0,0.0,91.67,0.0,0.0,0.05,,0.06,,,,91.67,,,,,,,,,,,,,,,,,,,,,,
45.894968,XKF1,,,,,,,,,,,,,,,,0.015143709678472648,-0.010949306190013885,,,0.020149120887550293,,,,,,-0.010461579076945782,0.020149071488219053,,,,,,-0.014599138870835304,,-0.014599138870835304,-0.013887124136090279
45.894968,POS,,,,,,,,,,,,,,,,0.014215138165498133,-0.008840176817682208,,,,,37.4274999,-122.1697001,,,-0.011132000130089637,,,,-0.02638581208884716,,,,,,
45.994928,ATT,3,,0.0,0.0,91.66,0.0,0.0,0.05,,0.06,,,,91.66,,,,,,,,,,,,,,,,,,,,,,
45.994928,XKF1,,,,,,,,,,,,,,,,0.014709489749643541,-0.010637914761900902,,,0.019808502509340475,,,,,,-0.010158929973840714,0.019808410445391236,,,,,,-0.014367167837917805,,-0.014367167837917805,-0.013636761344969273
45.994928,POS,,,,,,,,,,,,,,,,0.014215138165498133,-0.008840176817682208,,,,,37.4274999,-122.1697001,,,-0.011132000130089637,,,,-0.026391563937067986,,,,,,
46.094888,ATT,3,,0.0,0.0,91.66,0.0,0.0,0.05,,0.06,,,,91.66,,,,,,,,,,,,,,,,,,,,,,
46.094888,XKF1,,,,,,,,,,,,,,,,0.014874184415773154,-0.010761610232293606,,,0.019935060721911955,,,,,,-0.01026786770671606,0.01993489995074379,,,,,,-0.014478352852165699,,-0.014478352852165699,-0.013703428208827972
46.094888,POS,,,,,,,,,,,,,,,,0.014215138165498133,-0.008840176817682208,,,,,37.4274999,-122.1697001,,,-0.011132000130089637,,,,-0.026395365595817566,,,,,,
46.194848,ATT,3,,0.0,0.0,91.66,0.0,0.0,0.04,,0.06,,,,91.66,,,,,,,,,,,,,,,,,,,,,,
46.194848,XKF1,,,,,,,,,,,,,,,,0.014517120225830748,-0.0105058578774333,,,0.019708958746868555,,,,,,-0.010018669068813324,0.01970888112880533,,,,,,-0.014301243238151073,,-0.014301243238151073,-0.013561618514358997
46.194848,POS,,,,,,,,,,,,,,,,0.014215138165498133,-0.008840176817682208,,,,,37.4274999,-122.1697001,,,-0.011132000130089637,,,,-0.02640126273036003,,,,,,
46.294807999999996,ATT,3,,0.0,0.0,91.66,0.0,0.0,0.05,,0.06,,,,91.66,,,,,,,,,,,,,,,,,,,,,,
46.294807999999996,XKF1,,,,,,,,,,,,,,,,0.014731618271965006,-0.010661233216524124,,,0.019908576837634643,,,,,,-0.010166547261178493,0.0199085768158749,,,,,,-0.01440714206546545,,-0.01440714206546545,-0.013739930465817451
46.294807999999996,POS,,,,,,,,,,,,,,,,0.014215138165498133,-0.008840176817682208,,,,,37.4274999,-122.1697001,,,-0.011132000130089637,,,,-0.026408275589346886,,,,,,
46.394768,ATT,3,,0.0,0.0,91.65,0.0,0.0,0.04,,0.06,,,,91.65,,,,,,,,,,,,,,,,,,,,,,
46.394768,XKF1,,,,,,,,,,,,,,,,0.014397462174931562,-0.010415563359856606,,,0.01960057033408562,,,,,,-0.009939967654645443,0.01960056525824278,,,,,,-0.014169908128678799,,-0.014169908128678799,-0.013542380183935165
46.394768,POS,,,,,,,,,,,,,,,,0.014215138165498133,-0.008840176817682208,,,,,37.4274999,-122.1697001,,,-0.011132000130089637,,,,-0.026415249332785606,,,,,,
46.494727999999995,ATT,3,,0.0,0.0,91.65,0.0,0.0,0.04,,0.06,,,,91.65,,,,,,,,,,,,,,,,,,,,,,
46.494727999999995,XKF1,,,,,,,,,,,,,,,,0.01463292959939486,-0.010581402108073235,,,0.019710891600427372,,,,,,-0.01010725274682045,0.019710863112674837,,,,,,-0.014230223372578621,,-0.014230223372578621,-0.013638914562761784
46.494727999999995,POS,,,,,,,,,,,,,,,,0.014215138165498133,-0.008840176817682208,,,,,37.4274999,-122.1697001,,,-0.011132000130089637,,,,-0.026417933404445648,,,,,,
46.594688,ATT,3,,0.0,0.0,91.65,0.0,0.0,0.04,,0.06,,,,91.65,,,,,,,,,,,,,,,,,,,,,,
46.594688,XKF1,,,,,,,,,,,,,,,,0.014313955598471387,-0.010344156064093113,,,0.01946118412655377,,,,,,-0.009893824346363544,0.019461087659173426,,,,,,-0.014021440409123898,,-0.014021440409123898,-0.013495810329914093
46.594688,POS,,,,,,,,,,,,,,,,0.014215138165498133,-0.008840176817682208,,,,,37.4274999,-122.1697001,,,-0.011132000130089637,,,,-0.026419831439852715,,,,,,
46.694648,ATT,3,,0.0,0.0,91.64,0.0,0.0,0.04,,0.06,,,,91.64,,,,,,,,,,,,,,,,,,,,,,
46.694648,XKF1,,,,,,,,,,,,,,,,0.014560584847484499,-0.010517332702875137,,,0.01960529186412374,,,,,,-0.010069575160741806,0.01960528193773341,,,,,,-0.01414755079895258,,-0.01414755079895258,-0.013572555966675282
46.694648,POS,,,,,,,,,,,,,,,,0.014215138165498133,-0.008840176817682208,,,,,37.4274999,-122.1697001,,,-0.011132000130089637,,,,-0.02642166242003441,,,,,,
46.794608,ATT,3,,0.0,0.0,91.64,0.0,0.0,0.04,,0.06,,,,91.64,,,,,,,,,,,,,,,,,,,,,,
46.794608,XKF1,,,,,,,,,,,,,,,,0.014257593124727224,-0.010295710526406765,,,0.019434609984515225,,,,,,-0.009862925857305527,0.019434606979710743,,,,,,-0.014026666060090065,,-0.014026666060090065,-0.0134520148858428
46.794608,POS,,,,,,,,,,,,,,,,0.014215138165498133,-0.008840176817682208,,,,,37.4274999,-122.1697001,,,-0.011132000130089637,,,,-0.02642286941409111,,,,,,
46.894568,ATT,3,,0.0,0.0,91.64,0.0,0.0,0.04,,0.06,,,,91.64,,,,,,,,,,,,,,,,,,,,,,
46.894568,XKF1,,,,,,,,,,,,,,,,0.01451989676220073,-0.010483385995030403,,,0.01962071270297894,,,,,,-0.010046194307506084,0.019620668202816396,,,,,,-0.014137237332761288,,-0.014137237332761288,-0.013605546206235886
46.894568,POS,,,,,,,,,,,,,,,,0.014215138165498133,-0.008840176817682208,,,,,37.4274999,-122.1697001,,,-0.011132000130089637,,,,-0.026425033807754517,,,,,,
46.994527999999995,ATT,3,,0.0,0.0,91.64,0.0,0.0,0.04,,0.06,,,,91.64,,,,,,,,,,,,,,,,,,,,,,
46.994527999999995,XKF1,,,,,,,,,,,,,,,,0.014233217995068733,-0.010273903608322144,,,0.01935138375265819,,,,,,-0.009850451722741127,0.019351383752249363,,,,,,-0.01396841462701559,,-0.01396841462701559,-0.013392514549195766
46.994527999999995,POS,,,,,,,,,,,,,,,,0.014215138165498133,-0.008840176817682208,,,,,37.4274999,-122.1697001,,,-0.011132000130089637,,,,-0.026424946263432503,,,,,,
47.094488,ATT,3,,0.0,0.0,91.63,0.0,0.0,0.04,,0.06,,,,91.63,,,,,,,,,,,,,,,,,,,,,,
47.094488,XKF1,,,,,,,,,,,,,,,,0.014500051721221183,-0.010467060841619968,,,0.019496637836538402,,,,,,-0.010034547187387943,0.01949659108867181,,,,,,-0.014103427529335022,,-0.014103427529335022,-0.01346150878816843
47.094488,POS,,,,,,,,,,,,,,,,0.014215138165498133,-0.008840176817682208,,,,,37.4274999,-122.1697001,,,-0.011132000130089637,,,,-0.026426222175359726,,,,,,
47.194448,ATT,3,,0.0,0.0,91.63,0.0,0.0,0.04,,0.06,,,,91.63,,,,,,,,,,,,,,,,,,,,,,
47.194448,XKF1,,,,,,,,,,,,,,,,0.014215541952177875,-0.010262588039040565,,,0.019268339834882613,,,,,,-0.0098367128521204,0.01926832291506499,,,,,,-0.013927998021245003,,-0.013927998021245003,-0.013314645737409592
47.194448,POS,,,,,,,,,,,,,,,,0.014215138165498133,-0.008840176817682208,,,,,37.4274999,-122.1697001,,,-0.011132000130089637,,,,-0.026430336758494377,,,,,,
47.294408,ATT,3,,0.0,0.0,91.63,0.0,0.0,0.04,,0.06,,,,91.63,,,,,,,,,,,,,,,,,,,,,,
47.294408,XKF1,,,,,,,,,,,,,,,,0.014486786008084273,-0.010458121076226234,,,0.019464991577772768,,,,,,-0.010024703107774258,0.019464991000698522,,,,,,-0.01404864527285099,,-0.01404864527285099,-0.01347299013286829
47.294408,POS,,,,,,,,,,,,,,,,0.014215138165498133,-0.008840176817682208,,,,,37.4274999,-122.1697001,,,-0.011132000130089637,,,,-0.026435228064656258,,,,,,
47.394368,ATT,3,,0.0,0.0,91.62,0.0,0.0,0.04,,0.06,,,,91.62,,,,,,,,,,,,,,,,,,,,,,
47.394368,XKF1,,,,,,,,,,,,,,,,0.01421543626893776,-0.010260491631925106,,,0.019268267975249352,,,,,,-0.00983874686062336,0.019268266746409867,,,,,,-0.013902787119150162,,-0.013902787119150162,-0.013340864330530167
47.394368,POS,,,,,,,,,,,,,,,,0.014215138165498133,-0.008840176817682208,,,,,37.4274999,-122.1697001,,,-0.011132000130089637,,,,-0.026441244408488274,,,,,,
47.494327999999996,ATT,3,,0.0,0.0,91.62,0.0,0.0,0.04,,0.06,,,,91.62,,,,,,,,,,,,,,,,,,,,,,
47.494327999999996,XKF1,,,,,,,,,,,,,,,,0.014680280517376106,-0.010593116283416748,,,0.01957042907836413,,,,,,-0.010163489729166031,0.01957035958773077,,,,,,-0.014085632748901844,,-0.014085632748901844,-0.013586634770035744
47.494327999999996,POS,,,,,,,,,,,,,,,,0.014215138165498133,-0.008840176817682208,,,,,37.4274999,-122.1697001,,,-0.011132000130089637,,,,-0.02644718997180462,,,,,,
47.594288,ATT,3,,0.0,0.0,91.62,0.0,0.0,0.04,,0.06,,,,91.62,,,,,,,,,,,,,,,,,,,,,,
47.594288,XKF1,,,,,,,,,,,,,,,,0.01434962410462076,-0.010351313278079033,,,0.01934553453538717,,,,,,-0.009937908500432968,0.01934553321555108,,,,,,-0.013950237073004246,,-0.013950237073004246,-0.013403006829321384
47.594288,POS,,,,,,,,,,,,,,,,0.014215138165498133,-0.008840176817682208,,,,,37.4274999,-122.1697001,,,-0.011132000130089637,,,,-0.026456259191036224,,,,,,
47.694247999999995,ATT,3,,0.0,0.0,91.62,0.0,0.0,0.05,,0.06,,,,91.62,,,,,,,,,,,,,,,,,,,,,,
47.694247999999995,XKF1,,,,,,,,,,,,,,,,0.014772592583144438,-0.010655450634658337,,,0.01963569716166551,,,,,,-0.01023185532540083,0.019635681265122683,,,,,,-0.014180495403707027,,-0.014180495403707027,-0.01358212623745203
47.694247999999995,POS,,,,,,,,,,,,,,,,0.014215138165498133,-0.008840176817682208,,,,,37.4274999,-122.1697001,,,-0.011132000130089637,,,,-0.026464449241757393,,,,,,
47.794208,ATT,3,,0.0,0.0,91.61,0.0,0.0,0.05,,0.06,,,,91.61,,,,,,,,,,,,,,,,,,,,,,
47.794208,XKF1,,,,,,,,,,,,,,,,0.014415957384483773,-0.010399257764220238,,,0.019394174178727144,,,,,,-0.009983750060200691,0.01939413963533958,,,,,,-0.014015725813806057,,-0.014015725813806057,-0.01340497750788927
47.794208,POS,,,,,,,,,,,,,,,,0.014215138165498133,-0.008840176817682208,,,,,37.4274999,-122.1697001,,,-0.011132000130089637,,,,-0.02647186629474163,,,,,,
47.894168,ATT,3,,0.0,0.0,91.61,0.0,0.0,0.05,,0.06,,,,91.61,,,,,,,,,,,,,,,,,,,,,,
47.894168,XKF1,,,,,,,,,,,,,,,,0.014818828274528774,-0.010694818571209908,,,0.01966417412997817,,,,,,-0.010257608257234097,0.01966399993197796,,,,,,-0.014248895458877087,,-0.014248895458877087,-0.01355170551687479
47.894168,POS,,,,,,,,,,,,,,,,0.014215138165498133,-0.008840176817682208,,,,,37.4274999,-122.1697001,,,-0.011132000130089637,,,,-0.02648242749273777,,,,,,
47.994960999999996,ATT,3,,0.0,0.0,91.61,0.0,0.0,0.05,,0.06,,,,91.61,,,,,,,,,,,,,,,,,,,,,,
47.994960999999996,XKF1,,,,,,,,,,,,,,,,0.014449865784581592,-0.010432888753712177,,,0.019411860109423654,,,,,,-0.009997672401368618,0.019411730521494037,,,,,,-0.014064460061490536,,-0.014064460061490536,-0.013379509560763836
47.994960999999996,POS,,,,,,,,,,,,,,,,0.014215138165498133,-0.008840176817682208,,,,,37.4274999,-122.1697001,,,-0.011132000130089637,,,,-0.026490990072488785,,,,,,
48.094921,ATT,3,,0.0,0.0,91.61,0.0,0.0,0.05,,0.06,,,,91.61,,,,,,,,,,,,,,,,,,,,,,
48.094921,XKF1,,,,,,,,,,,,,,,,0.014656295335984578,-0.010584509931504726,,,0.01954240269818428,,,,,,-0.010137807577848434,0.019542394427007108,,,,,,-0.014125598594546318,,-0.014125598594546318,-0.013504553586244583
48.094921,POS,,,,,,,,,,,,,,,,0.014215138165498133,-0.008840176817682208,,,,,37.4274999,-122.1697001,,,-0.011132000130089637,,,,-0.026499757543206215,,,,,,
48.194880999999995,ATT,3,,0.0,0.0,91.6,0.0,0.0,0.05,,0.06,,,,91.6,,,,,,,,,,,,,,,,,,,,,,
48.194880999999995,XKF1,,,,,,,,,,,,,,,,0.014354917677453458,-0.010367203503847122,,,0.01941052928522466,,,,,,-0.009928985498845577,0.01941039623883347,,,,,,-0.01406800840049982,,-0.01406800840049982,-0.013373847119510174
48.194880999999995,POS,,,,,,,,,,,,,,,,0.014215138165498133,-0.008840176817682208,,,,,37.4274999,-122.1697001,,,-0.011132000130089637,,,,-0.026510033756494522,,,,,,
48.294841,ATT,3,,0.0,0.0,91.6,0.0,0.0,0.05,,0.06,,,,91.6,,,,,,,,,,,,,,,,,,,,,,
48.294841,XKF1,,,,,,,,,,,,,,,,0.014631909803627146,-0.010570507496595383,,,0.019625400284182193,,,,,,-0.010117171332240105,0.019625272443507553,,,,,,-0.014226834289729595,,-0.014226834289729595,-0.013518636114895344
48.294841,POS,,,,,,,,,,,,,,,,0.014215138165498133,-0.008840176817682208,,,,,37.4274999,-122.1697001,,,-0.011132000130089637,,,,-0.026517335325479507,,,,,,
48.394801,ATT,3,,0.0,0.0,91.6,0.0,0.0,0.05,,0.06,,,,91.6,,,,,,,,,,,,,,,,,,,,,,
48.394801,XKF1,,,,,,,,,,,,,,,,0.01437296549008031,-0.01038656197488308,,,0.019494088295887266,,,,,,-0.009934861212968826,0.019493904892381897,,,,,,-0.014145636931061745,,-0.014145636931061745,-0.01341344229876995
48.394801,POS,,,,,,,,,,,,,,,,0.014215138165498133,-0.008840176817682208,,,,,37.4274999,-122.1697001,,,-0.011132000130089637,,,,-0.02651747316122055,,,,,,
48.494761,ATT,3,,0.0,0.0,91.6,0.0,0.0,0.05,,0.06,,,,91.6,,,,,,,,,,,,,,,,,,,,,,
48.494761,XKF1,,,,,,,,,,,,,,,,0.014667021826275762,-0.010603809729218483,,,0.019659770703087675,,,,,,-0.010133150964975357,0.019659543519651844,,,,,,-0.014278547838330269,,-0.014278547838330269,-0.013514054007828236
48.494761,POS,,,,,,,,,,,,,,,,0.014215138165498133,-0.008840176817682208,,,,,37.4274999,-122.1697001,,,-0.011132000130089637,,,,-0.026519261300563812,,,,,,
48.594721,ATT,3,,0.0,0.0,91.59,0.0,0.0,0.05,,0.06,,,,91.59,,,,,,,,,,,,,,,,,,,,,,
48.594721,XKF1,,,,,,,,,,,,,,,,0.014425112140486165,-0.01043171901255846,,,0.01951736178837597,,,,,,-0.009963086806237698,0.01951722415001821,,,,,,-0.014164775609970093,,-0.014164775609970093,-0.01342708244919777
48.594721,POS,,,,,,,,,,,,,,,,0.014215138165498133,-0.008840176817682208,,,,,37.4274999,-122.1697001,,,-0.011132000130089637,,,,-0.026521824300289154,,,,,,
48.694680999999996,ATT,3,,0.0,0.0,91.59,0.0,0.0,0.05,,0.06,,,,91.59,,,,,,,,,,,,,,,,,,,,,,
48.694680999999996,XKF1,,,,,,,,,,,,,,,,0.014731120972239626,-0.010659819468855858,,,0.01971258433174378,,,,,,-0.010167309083044529,0.019712091784781453,,,,,,-0.014360357075929642,,-0.014360357075929642,-0.013504300266504288
48.694680999999996,POS,,,,,,,,,,,,,,,,0.014215138165498133,-0.008840176817682208,,,,,37.4274999,-122.1697001,,,-0.011132000130089637,,,,-0.02652674727141857,,,,,,
48.794641,ATT,3,,0.0,0.0,91.59,0.0,0.0,0.05,,0.06,,,,91.59,,,,,,,,,,,,,,,,,,,,,,
48.794641,XKF1,,,,,,,,,,,,,,,,0.014499924794196687,-0.010499651543796062,,,0.019592796600516243,,,,,,-0.010000256821513176,0.019592379580783803,,,,,,-0.014275350607931614,,-0.014275350607931614,-0.013419837690889835
48.794641,POS,,,,,,,,,,,,,,,,0.014215138165498133,-0.008840176817682208,,,,,37.4274999,-122.1697001,,,-0.011132000130089637,,,,-0.02653435617685318,,,,,,
48.894601,ATT,3,,0.0,0.0,91.58,0.0,0.0,0.05,,0.06,,,,91.58,,,,,,,,,,,,,,,,,,,,,,
48.894601,XKF1,,,,,,,,,,,,,,,,0.014819658826101601,-0.010737803764641285,,,0.019842503417396445,,,,,,-0.010213807225227356,0.019842276258883226,,,,,,-0.014442453160881996,,-0.014442453160881996,-0.013606633991003036
48.894601,POS,,,,,,,,,,,,,,,,0.014215138165498133,-0.008840176817682208,,,,,37.4274999,-122.1697001,,,-0.011132000130089637,,,,-0.0265443604439497,,,,,,
48.994561,ATT,3,,0.0,0.0,91.58,0.0,0.0,0.05,,0.06,,,,91.58,,,,,,,,,,,,,,,,,,,,,,
48.994561,XKF1,,,,,,,,,,,,,,,,0.014597597827519574,-0.010579806752502918,,,0.01971391607390763,,,,,,-0.01005771104246378,0.019713638762986797,,,,,,-0.014359771274030209,,-0.014359771274030209,-0.013506866991519928
48.994561,POS,,,,,,,,,,,,,,,,0.014215138165498133,-0.008840176817682208,,,,,37.4274999,-122.1697001,,,-0.011132000130089637,,,,-0.026552585884928703,,,,,,
49.094521,ATT,3,,0.0,0.0,91.58,0.0,0.0,0.05,,0.06,,,,91.58,,,,,,,,,,,,,,,,,,,,,,
49.094521,XKF1,,,,,,,,,,,,,,,,0.014925114919701667,-0.01082172617316246,,,0.019949364404109077,,,,,,-0.010278584435582161,0.0199490709236269,,,,,,-0.014538958668708801,,-0.014538958668708801,-0.01366000808775425
49.094521,POS,,,,,,,,,,,,,,,,0.014215138165498133,-0.008840176817682208,,,,,37.4274999,-122.1697001,,,-0.011132000130089637,,,,-0.026557238772511482,,,,,,
49.194480999999996,ATT,3,,0.0,0.0,91.58,0.0,0.0,0.05,,0.06,,,,91.58,,,,,,,,,,,,,,,,,,,,,,
49.194480999999996,XKF1,,,,,,,,,,,,,,,,0.014707560673527614,-0.01066821813583374,,,0.01981504457081674,,,,,,-0.010124300606548786,0.019814764981905948,,,,,,-0.014445219188928604,,-0.014445219188928604,-0.013563614338636398
49.194480999999996,POS,,,,,,,,,,,,,,,,0.014215138165498133,-0.008840176817682208,,,,,37.4274999,-122.1697001,,,-0.011132000130089637,,,,-0.026555627584457397,,,,,,
49.294441,ATT,3,,0.0,0.0,91.58,0.0,0.0,0.05,,0.06,,,,91.58,,,,,,,,,,,,,,,,,,,,,,
49.294441,XKF1,,,,,,,,,,,,,,,,0.015034301703971133,-0.01091212872415781,,,0.020007205635039303,,,,,,-0.010341937653720379,0.020006531137980683,,,,,,-0.014634058810770512,,-0.014634058810770512,-0.01364304218441248
49.294441,POS,,,,,,,,,,,,,,,,0.014215138165498133,-0.008840176817682208,,,,,37.4274999,-122.1697001,,,-0.011132000130089637,,,,-0.02655635215342045,,,,,,
49.394400999999995,ATT,3,,0.0,0.0,91.57,0.0,0.0,0.05,,0.06,,,,91.57,,,,,,,,,,,,,,,,,,,,,,
49.394400999999995,XKF1,,,,,,,,,,,,,,,,0.014812491271223032,-0.010760186240077019,,,0.019867274354563508,,,,,,-0.010179798118770123,0.019866515594578908,,,,,,-0.01455089170485735,,-0.01455089170485735,-0.01352701522409916
49.394400999999995,POS,,,,,,,,,,,,,,,,0.014215138165498133,-0.008840176817682208,,,,,37.4274999,-122.1697001,,,-0.011132000130089637,,,,-0.026555463671684265,,,,,,
49.494361,ATT,3,,0.0,0.0,91.57,0.0,0.0,0.05,,0.06,,,,91.57,,,,,,,,,,,,,,,,,,,,,,
49.494361,XKF1,,,,,,,,,,,,,,,,0.015188522987237585,-0.011043692007660866,,,0.020172017712721313,,,,,,-0.010427276603877544,0.02017139526677311,,,,,,-0.014775567688047886,,-0.014775567688047886,-0.013732912950217724
49.494361,POS,,,,,,,,,,,,,,,,0.014215138165498133,-0.008840176817682208,,,,,37.4274999,-122.1697001,,,-0.011132000130089637,,,,-0.026556165888905525,,,,,,
49.594321,ATT,3,,0.0,0.0,91.57,0.0,0.0,0.05,,0.06,,,,91.57,,,,,,,,,,,,,,,,,,,,,,
49.594321,XKF1,,,,,,,,,,,,,,,,0.01494972950759883,-0.01087665744125843,,,0.020001219696587896,,,,,,-0.010256350971758366,0.020000655317823576,,,,,,-0.014654534868896008,,-0.014654534868896008,-0.013612251728773117
49.594321,POS,,,,,,,,,,,,,,,,0.014215138165498133,-0.008840176817682208,,,,,37.4274999,-122.1697001,,,-0.011132000130089637,,,,-0.02655806578695774,,,,,,
49.694281,ATT,3,,0.0,0.0,91.57,0.0,0.0,0.05,,0.06,,,,91.57,,,,,,,,,,,,,,,,,,,,,,
49.694281,XKF1,,,,,,,,,,,,,,,,0.015451650369962516,-0.011248452588915825,,,0.020387333086337535,,,,,,-0.010593668557703495,0.020387070191890726,,,,,,-0.014912310056388378,,-0.014912310056388378,-0.013902027159929276
49.694281,POS,,,,,,,,,,,,,,,,0.014215138165498133,-0.008840176817682208,,,,,37.4274999,-122.1697001,,,-0.011132000130089637,,,,-0.026559535413980484,,,,,,
49.794241,ATT,3,,0.0,0.0,91.56,0.0,0.0,0.05,,0.06,,,,91.56,,,,,,,,,,,,,,,,,,,,,,
49.794241,XKF1,,,,,,,,,,,,,,,,0.015144474569880755,-0.011025616899132729,,,0.020157151589450802,,,,,,-0.010382238775491714,0.020157042010452497,,,,,,-0.014720476232469082,,-0.014720476232469082,-0.01377019751816988
49.794241,POS,,,,,,,,,,,,,,,,0.014215138165498133,-0.008840176817682208,,,,,37.4274999,-122.1697001,,,-0.011132000130089637,,,,-0.026556098833680153,,,,,,
49.894200999999995,ATT,3,,0.0,0.0,91.56,0.0,0.0,0.05,,0.06,,,,91.56,,,,,,,,,,,,,,,,,,,,,,
49.894200999999995,XKF1,,,,,,,,,,,,,,,,0.015590424548668456,-0.01135192345827818,,,0.020461053894556852,,,,,,-0.010686214081943035,0.020460836199026746,,,,,,-0.014962932094931602,,-0.014962932094931602,-0.013955837115645409
49.894200999999995,POS,,,,,,,,,,,,,,,,0.014215138165498133,-0.008840176817682208,,,,,37.4274999,-122.1697001,,,-0.011132000130089637,,,,-0.02655336819589138,,,,,,
49.994994,ATT,3,,0.0,0.0,91.56,0.0,0.0,0.05,,0.06,,,,91.56,,,,,,,,,,,,,,,,,,,,,,
49.994994,XKF1,,,,,,,,,,,,,,,,0.015242247670146428,-0.011100227944552898,,,0.020206291364333256,,,,,,-0.01044562365859747,0.02020622611381198,,,,,,-0.014750456437468529,,-0.014750456437468529,-0.01381007768213749
49.994994,POS,,,,,,,,,,,,,,,,0.014215138165498133,-0.008840176817682208,,,,,37.4274999,-122.1697001,,,-0.011132000130089637,,,,-0.026555610820651054,,,,,,
50.094954,ATT,3,,0.0,0.0,91.56,0.0,0.0,0.05,,0.06,,,,91.56,,,,,,,,,,,,,,,,,,,,,,
50.094954,XKF1,,,,,,,,,,,,,,,,0.015290274785313527,-0.011135182343423367,,,0.02017170232531359,,,,,,-0.010478559881448746,0.020171663545994128,,,,,,-0.01471717283129692,,-0.01471717283129692,-0.013795013539493084
50.094954,POS,,,,,,,,,,,,,,,,0.014215138165498133,-0.008840176817682208,,,,,37.4274999,-122.1697001,,,-0.011132000130089637,,,,-0.026558583602309227,,,,,,
50.194914,ATT,3,,0.0,0.0,91.55,0.0,0.0,0.05,,0.06,,,,91.55,,,,,,,,,,,,,,,,,,,,,,
50.194914,XKF1,,,,,,,,,,,,,,,,0.01504145367339951,-0.010954012162983418,,,0.02000960551468677,,,,,,-0.01030800398439169,0.020009546187505934,,,,,,-0.014605442062020302,,-0.014605442062020302,-0.013677184469997883
50.194914,POS,,,,,,,,,,,,,,,,0.014215138165498133,-0.008840176817682208,,,,,37.4274999,-122.1697001,,,-0.011132000130089637,,,,-0.026561634615063667,,,,,,
50.294874,ATT,3,,0.0,0.0,91.55,0.0,0.0,0.05,,0.06,,,,91.55,,,,,,,,,,,,,,,,,,,,,,
50.294874,XKF1,,,,,,,,,,,,,,,,0.015188486435367798,-0.011061850935220718,,,0.02018183993740067,,,,,,-0.010407957248389721,0.020181685415161944,,,,,,-0.014752540737390518,,-0.014752540737390518,-0.013772044330835342
50.294874,POS,,,,,,,,,,,,,,,,0.014215138165498133,-0.008840176817682208,,,,,37.4274999,-122.1697001,,,-0.011132000130089637,,,,-0.026564352214336395,,,,,,
50.394833999999996,ATT,3,,0.0,0.0,91.55,0.0,0.0,0.05,,0.06,,,,91.55,,,,,,,,,,,,,,,,,,,,,,
50.394833999999996,XKF1,,,,,,,,,,,,,,,,0.01501285777128789,-0.010937321931123734,,,0.020106462500501732,,,,,,-0.010284011252224445,0.020106261877277067,,,,,,-0.014709549024701118,,-0.014709549024701118,-0.013707625679671764
50.394833999999996,POS,,,,,,,,,,,,,,,,0.014215138165498133,-0.008840176817682208,,,,,37.4274999,-122.1697001,,,-0.011132000130089637,,,,-0.026564905419945717,,,,,,
50.494794,ATT,3,,0.0,0.0,91.55,0.0,0.0,0.05,,0.06,,,,91.55,,,,,,,,,,,,,,,,,,,,,,
50.494794,XKF1,,,,,,,,,,,,,,,,0.015198107662451426,-0.011076169088482857,,,0.02021254689005816,,,,,,-0.01040677446871996,0.020212353627605872,,,,,,-0.014791005291044712,,-0.014791005291044712,-0.013775819912552834
50.494794,POS,,,,,,,,,,,,,,,,0.014215138165498133,-0.008840176817682208,,,,,37.4274999,-122.1697001,,,-0.011132000130089637,,,,-0.026565300300717354,,,,,,
50.594753999999995,ATT,3,,0.0,0.0,91.54,0.0,0.0,0.05,,0.06,,,,91.54,,,,,,,,,,,,,,,,,,,,,,
50.594753999999995,XKF1,,,,,,,,,,,,,,,,0.015057464442976728,-0.01097889430820942,,,0.020176077499684877,,,,,,-0.010304907336831093,0.020175648792444677,,,,,,-0.014800744131207466,,-0.014800744131207466,-0.013711749576032162
50.594753999999995,POS,,,,,,,,,,,,,,,,0.014215138165498133,-0.008840176817682208,,,,,37.4274999,-122.1697001,,,-0.011132000130089637,,,,-0.026563679799437523,,,,,,
50.694714,ATT,3,,0.0,0.0,91.54,0.0,0.0,0.05,,0.06,,,,91.54,,,,,,,,,,,,,,,,,,,,,,
50.694714,XKF1,,,,,,,,,,,,,,,,0.015272023783973599,-0.0111412787809968,,,0.020333218994055224,,,,,,-0.010445411317050457,0.020332742093938472,,,,,,-0.014928433112800121,,-0.014928433112800121,-0.013805132359266281
50.694714,POS,,,,,,,,,,,,,,,,0.014215138165498133,-0.008840176817682208,,,,,37.4274999,-122.1697001,,,-0.011132000130089637,,,,-0.026562262326478958,,,,,,
50.794674,ATT,3,,0.0,0.0,91.54,0.0,0.0,0.05,,0.06,,,,91.54,,,,,,,,,,,,,,,,,,,,,,
50.794674,XKF1,,,,,,,,,,,,,,,,0.015151792941933319,-0.011061088182032108,,,0.020287628702247887,,,,,,-0.010355151258409023,0.020287026541233776,,,,,,-0.014916729182004929,,-0.014916729182004929,-0.01375060249119997
50.794674,POS,,,,,,,,,,,,,,,,0.014215138165498133,-0.008840176817682208,,,,,37.4274999,-122.1697001,,,-0.011132000130089637,,,,-0.026557018980383873,,,,,,
50.894633999999996,ATT,3,,0.0,0.0,91.54,0.0,0.0,0.05,,0.06,,,,91.54,,,,,,,,,,,,,,,,,,,,,,
50.894633999999996,XKF1,,,,,,,,,,,,,,,,0.015381302894044272,-0.011236022226512432,,,0.020447719546465303,,,,,,-0.010504107922315598,0.02044733125853199,,,,,,-0.015022804960608482,,-0.015022804960608482,-0.01387171819806099
50.894633999999996,POS,,,,,,,,,,,,,,,,0.014215138165498133,-0.008840176817682208,,,,,37.4274999,-122.1697001,,,-0.011132000130089637,,,,-0.026548203080892563,,,,,,
50.994594,ATT,3,,0.0,0.0,91.53,0.0,0.0,0.05,,0.06,,,,91.53,,,,,,,,,,,,,,,,,,,,,,
50.994594,XKF1,,,,,,,,,,,,,,,,0.015265916630735597,-0.011154025793075562,,,0.02036853438218683,,,,,,-0.010422855615615845,0.02036847561692356,,,,,,-0.014915610663592815,,-0.014915610663592815,-0.013870895840227604
50.994594,POS,,,,,,,,,,,,,,,,0.014215138165498133,-0.008840176817682208,,,,,37.4274999,-122.1697001,,,-0.011132000130089637,,,,-0.02653992362320423,,,,,,
51.094553999999995,ATT,3,,0.0,0.0,91.53,0.0,0.0,0.05,,0.06,,,,91.53,,,,,,,,,,,,,,,,,,,,,,
51.094553999999995,XKF1,,,,,,,,,,,,,,,,0.015496548068189984,-0.01132072601467371,,,0.020516090172579892,,,,,,-0.010582257062196732,0.020516088372785863,,,,,,-0.01499352976679802,,-0.01499352976679802,-0.014003714546561241
51.094553999999995,POS,,,,,,,,,,,,,,,,0.014215138165498133,-0.008840176817682208,,,,,37.4274999,-122.1697001,,,-0.011132000130089637,,,,-0.026531994342803955,,,,,,
51.194514,ATT,3,,0.0,0.0,91.53,0.0,0.0,0.05,,0.06,,,,91.53,,,,,,,,,,,,,,,,,,,,,,
51.194514,XKF1,,,,,,,,,,,,,,,,0.015381291775190696,-0.011233493685722351,,,0.020449029858565688,,,,,,-0.010506795719265938,0.020449028598692385,,,,,,-0.014939541928470135,,-0.014939541928470135,-0.013963270001113415
51.194514,POS,,,,,,,,,,,,,,,,0.014215138165498133,-0.008840176817682208,,,,,37.4274999,-122.1697001,,,-0.011132000130089637,,,,-0.026522306725382805,,,,,,
51.294474,ATT,3,,0.0,0.0,91.53,0.0,0.0,0.05,,0.06,,,,91.53,,,,,,,,,,,,,,,,,,,,,,
51.294474,XKF1,,,,,,,,,,,,,,,,0.015611569727065398,-0.011399674229323864,,,0.02061248667247475,,,,,,-0.010666233487427235,0.020612463131586482,,,,,,-0.01507264468818903,,-0.01507264468818903,-0.014060227200388908
51.294474,POS,,,,,,,,,,,,,,,,0.014215138165498133,-0.008840176817682208,,,,,37.4274999,-122.1697001,,,-0.011132000130089637,,,,-0.026512732729315758,,,,,,
51.394434,ATT,3,,0.0,0.0,91.53,0.0,0.0,0.05,,0.06,,,,91.53,,,,,,,,,,,,,,,,,,,,,,
51.394434,XKF1,,,,,,,,,,,,,,,,0.015495593605595733,-0.011314057745039463,,,0.020596169236082495,,,,,,-0.01058798935264349,0.020596169232240683,,,,,,-0.015037954784929752,,-0.015037954784929752,-0.014073453843593597
51.394434,POS,,,,,,,,,,,,,,,,0.014215138165498133,-0.008840176817682208,,,,,37.4274999,-122.1697001,,,-0.011132000130089637,,,,-0.026504889130592346,,,,,,
51.494394,ATT,3,,0.0,0.0,91.52,0.0,0.0,0.05,,0.06,,,,91.52,,,,,,,,,,,,,,,,,,,,,,
51.494394,XKF1,,,,,,,,,,,,,,,,0.01610885098522156,-0.011760876514017582,,,0.02096200120318051,,,,,,-0.011008036322891712,0.020961992070798404,,,,,,-0.01531746704131365,,-0.015317467041313648,-0.014310160651803017
51.494394,POS,,,,,,,,,,,,,,,,0.014215138165498133,-0.008840176817682208,,,,,37.4274999,-122.1697001,,,-0.011132000130089637,,,,-0.026493806391954422,,,,,,
51.594353999999996,ATT,3,,0.0,0.0,91.52,0.0,0.0,0.05,,0.06,,,,91.52,,,,,,,,,,,,,,,,,,,,,,
51.594353999999996,XKF1,,,,,,,,,,,,,,,,0.015854219387201142,-0.011573991738259792,,,0.020735778749613482,,,,,,-0.010835081338882446,0.020735748166689542,,,,,,-0.015161973424255848,,-0.015161973424255848,-0.01414521411061287
51.594353999999996,POS,,,,,,,,,,,,,,,,0.014215138165498133,-0.008840176817682208,,,,,37.4274999,-122.1697001,,,-0.011132000130089637,,,,-0.02648777887225151,,,,,,
51.694314,ATT,3,,0.0,0.0,91.52,0.0,0.0,0.05,,0.06,,,,91.52,,,,,,,,,,,,,,,,,,,,,,
51.694314,XKF1,,,,,,,,,,,,,,,,0.01635695832717808,-0.011944057419896126,,,0.021090120802986792,,,,,,-0.011175400577485561,0.021089957934214237,,,,,,-0.01545678172260523,,-0.015456781722605228,-0.014348557218909264
51.694314,POS,,,,,,,,,,,,,,,,0.023954841551409783,-0.008840176817682208,,,,,37.4274998,-122.1697001,,,-0.022264000260179273,,,,-0.02648293972015381,,,,,,
51.794274,ATT,3,,0.0,0.0,91.52,0.0,0.0,0.05,,0.06,,,,91.52,,,,,,,,,,,,,,,,,,,,,,
51.794274,XKF1,,,,,,,,,,,,,,,,0.01603140783405981,-0.011707775294780731,,,0.02091260144462361,,,,,,-0.01095143985003233,0.020912563305642288,,,,,,-0.015299778431653978,,-0.015299778431653976,-0.014256706461310387
51.794274,POS,,,,,,,,,,,,,,,,0.014215138165498133,-0.008840176817682208,,,,,37.4274999,-122.1697001,,,-0.011132000130089637,,,,-0.026480600237846375,,,,,,
51.894234,ATT,3,,0.0,0.0,91.51,0.0,0.0,0.05,,0.06,,,,91.51,,,,,,,,,,,,,,,,,,,,,,
51.894234,XKF1,,,,,,,,,,,,,,,,0.01647891921297334,-0.012035185471177101,,,0.02116766938077354,,,,,,-0.011256513185799122,0.0211676440525016,,,,,,-0.015481908805668356,,-0.015481908805668354,-0.014435398392379284
51.894234,POS,,,,,,,,,,,,,,,,0.023954841551409783,-0.008840176817682208,,,,,37.4274998,-122.1697001,,,-0.022264000260179273,,,,-0.02647983469069004,,,,,,
51.994194,ATT,3,,0.0,0.0,91.51,0.0,0.0,0.05,,0.06,,,,91.51,,,,,,,,,,,,,,,,,,,,,,
51.994194,XKF1,,,,,,,,,,,,,,,,0.016111723772839665,-0.011766752228140831,,,0.02097015653936952,,,,,,-0.011005961336195469,0.020970099009589255,,,,,,-0.015348486602306368,,-0.015348486602306366,-0.014288856647908688
51.994194,POS,,,,,,,,,,,,,,,,0.014215138165498133,-0.008840176817682208,,,,,37.4274999,-122.1697001,,,-0.011132000130089637,,,,-0.026479337364435196,,,,,,
52.094986999999996,ATT,3,,0.0,0.0,91.51,0.0,0.0,0.05,,0.06,,,,91.51,,,,,,,,,,,,,,,,,,,,,,
52.094986999999996,XKF1,,,,,,,,,,,,,,,,0.016157883353779774,-0.011802147142589092,,,0.021010256939480308,,,,,,-0.011035692878067493,0.021010105059171242,,,,,,-0.015400901436805727,,-0.015400901436805725,-0.014291365630924702
52.094986999999996,POS,,,,,,,,,,,,,,,,0.014215138165498133,-0.008840176817682208,,,,,37.4274999,-122.1697001,,,-0.011132000130089637,,,,-0.026479845866560936,,,,,,
52.194947,ATT,3,,0.0,0.0,91.51,0.0,0.0,0.05,,0.06,,,,91.51,,,,,,,,,,,,,,,,,,,,,,
52.194947,XKF1,,,,,,,,,,,,,,,,0.015906176089457748,-0.011619986034929752,,,0.02084677918217057,,,,,,-0.010861968621611595,0.02084677240713671,,,,,,-0.015240731649100782,,-0.01524073164910078,-0.014223512262105942
52.194947,POS,,,,,,,,,,,,,,,,0.014215138165498133,-0.008840176817682208,,,,,37.4274999,-122.1697001,,,-0.011132000130089637,,,,-0.026480333879590034,,,,,,
52.294906999999995,ATT,3,,0.0,0.0,91.51,0.0,0.0,0.05,,0.06,,,,91.51,,,,,,,,,,,,,,,,,,,,,,
52.294906999999995,XKF1,,,,,,,,,,,,,,,,0.01603701057749954,-0.01171631645411253,,,0.020924977910014075,,,,,,-0.010950508527457714,0.020924931964383935,,,,,,-0.01531727518886328,,-0.015317275188863277,-0.014256078749895096
52.294906999999995,POS,,,,,,,,,,,,,,,,0.014215138165498133,-0.008840176817682208,,,,,37.4274999,-122.1697001,,,-0.011132000130089637,,,,-0.026476925238966942,,,,,,
52.394867,ATT,3,,0.0,0.0,91.5,0.0,0.0,0.05,,0.06,,,,91.5,,,,,,,,,,,,,,,,,,,,,,
52.394867,XKF1,,,,,,,,,,,,,,,,0.015861148257927817,-0.011589936912059784,,,0.02084432064106675,,,,,,-0.010828175581991673,0.020844295839944522,,,,,,-0.015253135934472086,,-0.015253135934472084,-0.014206602238118649
52.394867,POS,,,,,,,,,,,,,,,,0.014215138165498133,-0.008840176817682208,,,,,37.4274999,-122.1697001,,,-0.011132000130089637,,,,-0.026474738493561745,,,,,,
52.494827,ATT,3,,0.0,0.0,91.5,0.0,0.0,0.05,,0.06,,,,91.5,,,,,,,,,,,,,,,,,,,,,,
52.494827,XKF1,,,,,,,,,,,,,,,,0.016037247107951735,-0.011718480847775936,,,0.020894717796358514,,,,,,-0.010948538780212402,0.020894717060856032,,,,,,-0.015271638520061971,,-0.01527163852006197,-0.014260655269026756
52.494827,POS,,,,,,,,,,,,,,,,0.014215138165498133,-0.008840176817682208,,,,,37.4274999,-122.1697001,,,-0.011132000130089637,,,,-0.026472054421901703,,,,,,
52.594787,ATT,3,,0.0,0.0,91.5,0.0,0.0,0.05,,0.06,,,,91.5,,,,,,,,,,,,,,,,,,,,,,
52.594787,XKF1,,,,,,,,,,,,,,,,0.01587054450269642,-0.011595848016440868,,,0.020804166171668883,,,,,,-0.010835612192749977,0.020804097070868836,,,,,,-0.015237168408930302,,-0.015237168408930302,-0.014164816588163376
52.594787,POS,,,,,,,,,,,,,,,,0.014215138165498133,-0.008840176817682208,,,,,37.4274999,-122.1697001,,,-0.011132000130089637,,,,-0.026465585455298424,,,,,,
52.694747,ATT,3,,0.0,0.0,91.5,0.0,0.0,0.05,,0.06,,,,91.5,,,,,,,,,,,,,,,,,,,,,,
52.694747,XKF1,,,,,,,,,,,,,,,,0.016072527111611893,-0.01174550037831068,,,0.02097417154708619,,,,,,-0.010971296578645706,0.020974104782826807,,,,,,-0.015363605692982675,,-0.015363605692982674,-0.01427849754691124
52.694747,POS,,,,,,,,,,,,,,,,0.014215138165498133,-0.008840176817682208,,,,,37.4274999,-122.1697001,,,-0.011132000130089637,,,,-0.026457950472831726,,,,,,
52.794706999999995,ATT,3,,0.0,0.0,91.5,0.0,0.0,0.05,,0.06,,,,91.5,,,,,,,,,,,,,,,,,,,,,,
52.794706999999995,XKF1,,,,,,,,,,,,,,,,0.015927636474445565,-0.011641436256468296,,,0.02086514775575705,,,,,,-0.01087044458836317,0.020865061925444402,,,,,,-0.015291023068130018,,-0.015291023068130016,-0.014196443371474743
52.794706999999995,POS,,,,,,,,,,,,,,,,0.014215138165498133,-0.008840176817682208,,,,,37.4274999,-122.1697001,,,-0.011132000130089637,,,,-0.026456201449036598,,,,,,
52.894667,ATT,3,,0.0,0.0,91.49,0.0,0.0,0.05,,0.06,,,,91.49,,,,,,,,,,,,,,,,,,,,,,
52.894667,XKF1,,,,,,,,,,,,,,,,0.016141150820270272,-0.011798955500125885,,,0.021004656780418667,,,,,,-0.011014599353075027,0.021004619584403444,,,,,,-0.015381057746708395,,-0.015381057746708393,-0.014304498210549355
52.894667,POS,,,,,,,,,,,,,,,,0.014215138165498133,-0.008840176817682208,,,,,37.4274999,-122.1697001,,,-0.011132000130089637,,,,-0.026458369567990303,,,,,,
52.994627,ATT,3,,0.0,0.0,91.49,0.0,0.0,0.05,,0.06,,,,91.49,,,,,,,,,,,,,,,,,,,,,,
52.994627,XKF1,,,,,,,,,,,,,,,,0.01600128684768266,-0.01169697754085064,,,0.020944585679491128,,,,,,-0.010918878018856049,0.02094456683036196,,,,,,-0.015329700894653799,,-0.015329700894653797,-0.01427150797098875
52.994627,POS,,,,,,,,,,,,,,,,0.014215138165498133,-0.008840176817682208,,,,,37.4274999,-122.1697001,,,-0.011132000130089637,,,,-0.026463817805051804,,,,,,
53.094587,ATT,3,,0.0,0.0,91.49,0.0,0.0,0.05,,0.06,,,,91.49,,,,,,,,,,,,,,,,,,,,,,
53.094587,XKF1,,,,,,,,,,,,,,,,0.016220882705160505,-0.011856313794851303,,,0.021102882580354847,,,,,,-0.011069998145103455,0.021102882010755178,,,,,,-0.015421362593770029,,-0.015421362593770027,-0.014405319467186928
53.094587,POS,,,,,,,,,,,,,,,,0.014215138165498133,-0.008840176817682208,,,,,37.4274999,-122.1697001,,,-0.011132000130089637,,,,-0.02646888792514801,,,,,,
53.194547,ATT,3,,0.0,0.0,91.49,0.0,0.0,0.05,,0.06,,,,91.49,,,,,,,,,,,,,,,,,,,,,,
53.194547,XKF1,,,,,,,,,,,,,,,,0.016081345039729376,-0.01175131369382143,,,0.02099872301248765,,,,,,-0.010977990925312042,0.02099872301231462,,,,,,-0.015344589948654177,,-0.015344589948654175,-0.01433491986244917
53.194547,POS,,,,,,,,,,,,,,,,0.014215138165498133,-0.008840176817682208,,,,,37.4274999,-122.1697001,,,-0.011132000130089637,,,,-0.026472577825188637,,,,,,
53.294506999999996,ATT,3,,0.0,0.0,91.48,0.0,0.0,0.05,,0.06,,,,91.48,,,,,,,,,,,,,,,,,,,,,,
53.294506999999996,XKF1,,,,,,,,,,,,,,,,0.016303104455167135,-0.011910442262887955,,,0.02116145597582073,,,,,,-0.011132501065731049,0.02116143279374735,,,,,,-0.015438367612659933,,-0.015438367612659931,-0.014472872018814087
53.294506999999996,POS,,,,,,,,,,,,,,,,0.023954841551409783,-0.008840176817682208,,,,,37.4274998,-122.1697001,,,-0.022264000260179273,,,,-0.026478243991732597,,,,,,
53.394467,ATT,3,,0.0,0.0,91.48,0.0,0.0,0.05,,0.06,,,,91.48,,,,,,,,,,,,,,,,,,,,,,
53.394467,XKF1,,,,,,,,,,,,,,,,0.01616140801272367,-0.011802099645137787,,,0.021024696615534536,,,,,,-0.011040903627872467,0.021024564429944315,,,,,,-0.015302556566894056,,-0.015302556566894054,-0.014417684637010098
53.394467,POS,,,,,,,,,,,,,,,,0.014215138165498133,-0.008840176817682208,,,,,37.4274999,-122.1697001,,,-0.011132000130089637,,,,-0.02648095414042473,,,,,,
53.494426999999995,ATT,3,,0.0,0.0,91.48,0.0,0.0,0.05,,0.06,,,,91.48,,,,,,,,,,,,,,,,,,,,,,
53.494426999999995,XKF1,,,,,,,,,,,,,,,,0.016376174816983075,-0.01195261999964714,,,0.021173914411673645,,,,,,-0.011194372549653053,0.021173810519185262,,,,,,-0.015408970415592195,,-0.015408970415592194,-0.014522337354719639
53.494426999999995,POS,,,,,,,,,,,,,,,,0.023954841551409783,-0.008840176817682208,,,,,37.4274998,-122.1697001,,,-0.022264000260179273,,,,-0.02648235484957695,,,,,,
53.594387,ATT,3,,0.0,0.0,91.48,0.0,0.0,0.05,,0.06,,,,91.48,,,,,,,,,,,,,,,,,,,,,,
53.594387,XKF1,,,,,,,,,,,,,,,,0.016228640713816935,-0.01183860469609499,,,0.021087302793997016,,,,,,-0.011100280098617077,0.02108719852970924,,,,,,-0.015337509103119375,,-0.015337509103119373,-0.014471874572336674
53.594387,POS,,,,,,,,,,,,,,,,0.014215138165498133,-0.008840176817682208,,,,,37.4274999,-122.1697001,,,-0.011132000130089637,,,,-0.026485683396458626,,,,,,
53.694347,ATT,3,,0.0,0.0,91.48,0.0,0.0,0.05,,0.06,,,,91.48,,,,,,,,,,,,,,,,,,,,,,
53.694347,XKF1,,,,,,,,,,,,,,,,0.01683766071830417,-0.012277308851480484,,,0.021470431726048712,,,,,,-0.011522782035171986,0.0214704070559622,,,,,,-0.01563303731381893,,-0.01563303731381893,-0.014716914854943752
53.694347,POS,,,,,,,,,,,,,,,,0.023954841551409783,-0.008840176817682208,,,,,37.4274998,-122.1697001,,,-0.022264000260179273,,,,-0.02648913860321045,,,,,,
53.794306999999996,ATT,3,,0.0,0.0,91.47,0.0,0.0,0.05,,0.06,,,,91.47,,,,,,,,,,,,,,,,,,,,,,
53.794306999999996,XKF1,,,,,,,,,,,,,,,,0.016554526255810966,-0.01206816267222166,,,0.021319586327806582,,,,,,-0.01133189257234335,0.02131956461286565,,,,,,-0.015521021559834482,,-0.01552102155983448,-0.01461583562195301
53.794306999999996,POS,,,,,,,,,,,,,,,,0.023954841551409783,-0.008840176817682208,,,,,37.4274998,-122.1697001,,,-0.022264000260179273,,,,-0.0264971274882555,,,,,,
53.894267,ATT,3,,0.0,0.0,91.47,0.0,0.0,0.05,,0.06,,,,91.47,,,,,,,,,,,,,,,,,,,,,,
53.894267,XKF1,,,,,,,,,,,,,,,,0.017052940249498192,-0.012429050169885159,,,0.021652479908730007,,,,,,-0.011675679124891758,0.021652462899010256,,,,,,-0.01576283387839794,,-0.01576283387839794,-0.014844627119600773
53.894267,POS,,,,,,,,,,,,,,,,0.023954841551409783,-0.008840176817682208,,,,,37.4274998,-122.1697001,,,-0.022264000260179273,,,,-0.026511158794164658,,,,,,
53.994226999999995,ATT,3,,0.0,0.0,91.47,0.0,0.0,0.05,,0.06,,,,91.47,,,,,,,,,,,,,,,,,,,,,,
53.994226999999995,XKF1,,,,,,,,,,,,,,,,0.016700562955975558,-0.01216857973486185,,,0.02148528429339623,,,,,,-0.011438289657235146,0.021485226637123853,,,,,,-0.01562075223773718,,-0.015620752237737179,-0.014751594513654709
53.994226999999995,POS,,,,,,,,,,,,,,,,0.023954841551409783,-0.008840176817682208,,,,,37.4274998,-122.1697001,,,-0.022264000260179273,,,,-0.02652372419834137,,,,,,
54.094187,ATT,3,,0.0,0.0,91.47,0.0,0.0,0.05,,0.06,,,,91.47,,,,,,,,,,,,,,,,,,,,,,
54.094187,XKF1,,,,,,,,,,,,,,,,0.01715285702893086,-0.01249395776540041,,,0.021815822857068908,,,,,,-0.011752511374652386,0.02181577561412507,,,,,,-0.015859270468354225,,-0.015859270468354225,-0.014980442821979523
54.094187,POS,,,,,,,,,,,,,,,,0.023954841551409783,-0.008840176817682208,,,,,37.4274998,-122.1697001,,,-0.022264000260179273,,,,-0.02653634548187256,,,,,,
54.19498,ATT,3,,0.0,0.0,91.47,0.0,0.0,0.05,,0.06,,,,91.47,,,,,,,,,,,,,,,,,,,,,,
54.19498,XKF1,,,,,,,,,,,,,,,,0.016763151647408114,-0.012207712046802044,,,0.021535524605126623,,,,,,-0.01148803811520338,0.02153551847911951,,,,,,-0.015672041103243828,,-0.015672041103243828,-0.014770441688597202
54.19498,POS,,,,,,,,,,,,,,,,0.023954841551409783,-0.008840176817682208,,,,,37.4274998,-122.1697001,,,-0.022264000260179273,,,,-0.02654607594013214,,,,,,
54.29494,ATT,3,,0.0,0.0,91.47,0.0,0.0,0.05,,0.06,,,,91.47,,,,,,,,,,,,,,,,,,,,,,
54.29494,XKF1,,,,,,,,,,,,,,,,0.016796111990926867,-0.012230198830366135,,,0.021588943458224548,,,,,,-0.01151223760098219,0.0215889097637922,,,,,,-0.015693962574005127,,-0.015693962574005127,-0.014825046993792057
54.29494,POS,,,,,,,,,,,,,,,,0.023954841551409783,-0.008840176817682208,,,,,37.4274998,-122.1697001,,,-0.022264000260179273,,,,-0.02655508741736412,,,,,,
54.3949,ATT,3,,0.0,0.0,91.46,0.0,0.0,0.05,,0.06,,,,91.46,,,,,,,,,,,,,,,,,,,,,,
54.3949,XKF1,,,,,,,,,,,,,,,,0.016524371748475188,-0.012028981000185013,,,0.021421373425592628,,,,,,-0.01132954005151987,0.021421330438872958,,,,,,-0.015564317815005781,,-0.01556431781500578,-0.014718262478709221
54.3949,POS,,,,,,,,,,,,,,,,0.023954841551409783,-0.008840176817682208,,,,,37.4274998,-122.1697001,,,-0.022264000260179273,,,,-0.02656053937971592,,,,,,
54.494859999999996,ATT,3,,0.0,0.0,91.46,0.0,0.0,0.05,,0.06,,,,91.46,,,,,,,,,,,,,,,,,,,,,,
54.494859999999996,XKF1,,,,,,,,,,,,,,,,0.016665944358052305,-0.012127034366130829,,,0.021546844220806674,,,,,,-0.011431917548179626,0.02154672688912328,,,,,,-0.015629777684807777,,-0.015629777684807777,-0.014831606298685074
54.494859999999996,POS,,,,,,,,,,,,,,,,0.023954841551409783,-0.008840176817682208,,,,,37.4274998,-122.1697001,,,-0.022264000260179273,,,,-0.026565376669168472,,,,,,
54.59482,ATT,3,,0.0,0.0,91.46,0.0,0.0,0.05,,0.06,,,,91.46,,,,,,,,,,,,,,,,,,,,,,
54.59482,XKF1,,,,,,,,,,,,,,,,0.016460774030846826,-0.011971529573202133,,,0.021464153487417207,,,,,,-0.011297767981886864,0.021464065904072217,,,,,,-0.01556822005659342,,-0.015568220056593418,-0.014776346273720264
54.59482,POS,,,,,,,,,,,,,,,,0.023954841551409783,-0.008840176817682208,,,,,37.4274998,-122.1697001,,,-0.022264000260179273,,,,-0.0265665240585804,,,,,,
54.69478,ATT,3,,0.0,0.0,91.46,0.0,0.0,0.05,,0.06,,,,91.46,,,,,,,,,,,,,,,,,,,,,,
54.69478,XKF1,,,,,,,,,,,,,,,,0.016640201414336208,-0.012097404338419437,,,0.021601856877371543,,,,,,-0.011425809003412724,0.02160184181200487,,,,,,-0.015686992555856705,,-0.015686992555856705,-0.014851211570203304
54.69478,POS,,,,,,,,,,,,,,,,0.023954841551409783,-0.008840176817682208,,,,,37.4274998,-122.1697001,,,-0.022264000260179273,,,,-0.026566918939352036,,,,,,
54.79474,ATT,3,,0.0,0.0,91.46,0.0,0.0,0.05,,0.06,,,,91.46,,,,,,,,,,,,,,,,,,,,,,
54.79474,XKF1,,,,,,,,,,,,,,,,0.016471452976629813,-0.011971408501267433,,,0.0215405093860841,,,,,,-0.01131344959139824,0.021540487256680414,,,,,,-0.015634361654520035,,-0.015634361654520035,-0.014817566610872746
54.79474,POS,,,,,,,,,,,,,,,,0.023954841551409783,-0.008840176817682208,,,,,37.4274998,-122.1697001,,,-0.022264000260179273,,,,-0.02656998299062252,,,,,,
54.8947,ATT,3,,0.0,0.0,91.45,0.0,0.0,0.05,,0.06,,,,91.45,,,,,,,,,,,,,,,,,,,,,,
54.8947,XKF1,,,,,,,,,,,,,,,,0.01668196587290279,-0.012123114429414272,,,0.02171406790007184,,,,,,-0.011459410190582275,0.021714067069844592,,,,,,-0.01577591709792614,,-0.01577591709792614,-0.014920495450496674
54.8947,POS,,,,,,,,,,,,,,,,0.023954841551409783,-0.008840176817682208,,,,,37.4274998,-122.1697001,,,-0.022264000260179273,,,,-0.026572754606604576,,,,,,
54.994659999999996,ATT,3,,0.0,0.0,91.45,0.0,0.0,0.05,,0.06,,,,91.45,,,,,,,,,,,,,,,,,,,,,,
54.994659999999996,XKF1,,,,,,,,,,,,,,,,0.01653758017455459,-0.012018155306577682,,,0.02168984283354706,,,,,,-0.011360259726643562,0.02168982778872756,,,,,,-0.01577993482351303,,-0.01577993482351303,-0.014880958944559097
54.994659999999996,POS,,,,,,,,,,,,,,,,0.023954841551409783,-0.008840176817682208,,,,,37.4274998,-122.1697001,,,-0.022264000260179273,,,,-0.02657284587621689,,,,,,
55.09462,ATT,3,,0.0,0.0,91.45,0.0,0.0,0.05,,0.06,,,,91.45,,,,,,,,,,,,,,,,,,,,,,
55.09462,XKF1,,,,,,,,,,,,,,,,0.01676705865109622,-0.012187455780804157,,,0.021861206466770824,,,,,,-0.011515215039253235,0.021861194671672537,,,,,,-0.015905821695923805,,-0.015905821695923805,-0.014997239224612713
55.09462,POS,,,,,,,,,,,,,,,,0.023954841551409783,-0.008840176817682208,,,,,37.4274998,-122.1697001,,,-0.022264000260179273,,,,-0.026577964425086975,,,,,,
55.194579999999995,ATT,3,,0.0,0.0,91.45,0.0,0.0,0.05,,0.06,,,,91.45,,,,,,,,,,,,,,,,,,,,,,
55.194579999999995,XKF1,,,,,,,,,,,,,,,,0.016629128955396835,-0.012088216841220856,,,0.021755299551742692,,,,,,-0.011419410817325115,0.02175529712021435,,,,,,-0.01582164689898491,,-0.01582164689898491,-0.01493213139474392
55.194579999999995,POS,,,,,,,,,,,,,,,,0.023954841551409783,-0.008840176817682208,,,,,37.4274998,-122.1697001,,,-0.022264000260179273,,,,-0.02658398076891899,,,,,,
55.29454,ATT,3,,0.0,0.0,91.45,0.0,0.0,0.05,,0.06,,,,91.45,,,,,,,,,,,,,,,,,,,,,,
55.29454,XKF1,,,,,,,,,,,,,,,,0.016858167394956162,-0.01225576363503933,,,0.021893460337459782,,,,,,-0.011575580574572086,0.021893442938965783,,,,,,-0.015935324132442474,,-0.015935324132442474,-0.015012962743639946
55.29454,POS,,,,,,,,,,,,,,,,0.023954841551409783,-0.008840176817682208,,,,,37.4274998,-122.1697001,,,-0.022264000260179273,,,,-0.02659180574119091,,,,,,
55.3945,ATT,3,,0.0,0.0,91.44,0.0,0.0,0.05,,0.06,,,,91.44,,,,,,,,,,,,,,,,,,,,,,
55.3945,XKF1,,,,,,,,,,,,,,,,0.016717598402782127,-0.012153156101703644,,,0.02183475813653978,,,,,,-0.011479498818516731,0.021834757579153468,,,,,,-0.01587655395269394,,-0.01587655395269394,-0.014989719726145267
55.3945,POS,,,,,,,,,,,,,,,,0.023954841551409783,-0.008840176817682208,,,,,37.4274998,-122.1697001,,,-0.022264000260179273,,,,-0.02660052664577961,,,,,,
55.49446,ATT,3,,0.0,0.0,91.44,0.0,0.0,0.05,,0.06,,,,91.44,,,,,,,,,,,,,,,,,,,,,,
55.49446,XKF1,,,,,,,,,,,,,,,,0.016946862501851533,-0.01232068333774805,,,0.021966743142943532,,,,,,-0.011636017821729183,0.0219667265101387,,,,,,-0.015988778322935104,,-0.015988778322935104,-0.015063093043863773
55.49446,POS,,,,,,,,,,,,,,,,0.023954841551409783,-0.008840176817682208,,,,,37.4274998,-122.1697001,,,-0.022264000260179273,,,,-0.026610426604747772,,,,,,
55.59442,ATT,3,,0.0,0.0,91.44,0.0,0.0,0.05,,0.06,,,,91.44,,,,,,,,,,,,,,,,,,,,,,
55.59442,XKF1,,,,,,,,,,,,,,,,0.016799117320240694,-0.012215815484523773,,,0.02181598805255181,,,,,,-0.01153187733143568,0.02181596089575894,,,,,,-0.015887543559074402,,-0.015887543559074402,-0.01495069544762373
55.59442,POS,,,,,,,,,,,,,,,,0.023954841551409783,-0.008840176817682208,,,,,37.4274998,-122.1697001,,,-0.022264000260179273,,,,-0.026613740250468254,,,,,,
55.694379999999995,ATT,3,,0.0,0.0,91.44,0.0,0.0,0.05,,0.06,,,,91.44,,,,,,,,,,,,,,,,,,,,,,
55.694379999999995,XKF1,,,,,,,,,,,,,,,,0.017423208292954608,-0.012672971934080124,,,0.02222911289656504,,,,,,-0.011956754140555859,0.022229043095084514,,,,,,-0.016206780448555946,,-0.016206780448555946,-0.015214260667562485
55.694379999999995,POS,,,,,,,,,,,,,,,,0.023954841551409783,-0.008840176817682208,,,,,37.4274998,-122.1697001,,,-0.022264000260179273,,,,-0.026616187766194344,,,,,,
55.759353999999995,EV,,,,,,,,,,,,,,,,,,,,,10,,,,ARMED,,,,,,,,,,,
55.759353999999995,MSG,,,,,,,,,,,,,,,,,,,,,,,,,,,,,,,,,,Arming motors,,
55.759353999999995,MODE,,,,,,,,,,,,,,,,,,,,,,,,GUIDED,,,,2,GCS_COMMAND,,,,,,,
55.79434,ATT,3,,0.0,0.0,91.44,0.0,0.0,0.05,,0.06,,,,91.44,,,,,,,,,,,,,,,,,,,,,,
55.79434,XKF1,,,,,,,,,,,,,,,,0.017123771470622627,-0.012457809410989285,,,0.021998360189307942,,,,,,-0.011748469434678555,0.021998319889599348,,,,,,-0.016033008694648743,,-0.016033008694648743,-0.015062220394611359
55.79434,POS,,,,,,,,,,,,,,,,0.023954841551409783,-0.008840176817682208,,,,,37.4274998,-122.1697001,,,-0.022264000260179273,,,,0.003383314236998558,,,,,,
55.8943,ATT,3,,0.0,0.0,91.44,0.0,0.0,0.05,,0.06,,,,91.44,,,,,,,,,,,,,,,,,,,,,,
55.8943,XKF1,,,,,,,,,,,,,,,,0.017632596620267116,-0.012830807827413082,,,0.02232273841907585,,,,,,-0.012094578705728054,0.022322679028116462,,,,,,-0.016278985887765884,,-0.016278985887765884,-0.015274137258529663
55.8943,POS,,,,,,,,,,,,,,,,0.023954841551409783,-0.008840176817682208,,,,,37.4274998,-122.1697001,,,-0.022264000260179273,,,,0.0033825337886810303,,,,,,
55.99426,ATT,3,,0.0,0.0,91.43,0.0,0.0,0.05,,0.06,,,,91.43,,,,,,,,,,,,,,,,,,,,,,
55.99426,XKF1,,,,,,,,,,,,,,,,0.017246931431983564,-0.012554495595395565,,,0.021896611263526,,,,,,-0.01182545069605112,0.021896416754335027,,,,,,-0.016002260148525238,,-0.016002260148525238,-0.01494621206074953
55.99426,POS,,,,,,,,,,,,,,,,0.023954841551409783,-0.008840176817682208,,,,,37.4274998,-122.1697001,,,-0.022264000260179273,,,,0.0033854320645332336,,,,,,
56.09422,ATT,3,,0.0,0.0,91.43,0.0,0.0,0.05,,0.06,,,,91.43,,,,,,,,,,,,,,,,,,,,,,
56.09422,XKF1,,,,,,,,,,,,,,,,0.01766159134672655,-0.012863172218203545,,,0.022009917393459987,,,,,,-0.012102504260838032,0.02200964471233122,,,,,,-0.016104992479085922,,-0.016104992479085922,-0.015002189204096794
56.09422,POS,,,,,,,,,,,,,,,,0.023954841551409783,-0.008840176817682208,,,,,37.4274998,-122.1697001,,,-0.022264000260179273,,,,0.003390347585082054,,,,,,
56.194179999999996,ATT,3,,0.0,0.0,91.43,0.0,0.0,0.05,,0.06,,,,91.43,,,,,,,,,,,,,,,,,,,,,,
56.194179999999996,XKF1,,,,,,,,,,,,,,,,0.01716708210149537,-0.012507166713476181,,,0.021018364314209444,,,,,,-0.011759229935705662,0.021018235688507653,,,,,,-0.015363313257694246,,-0.015363313257694244,-0.014343648217618465
56.194179999999996,POS,,,,,,,,,,,,,,,,0.023954841551409783,-0.008840176817682208,,,,,37.4274998,-122.1697001,,,-0.022264000260179273,,,,0.0033962614834308624,,,,,,
56.294973,ATT,3,,0.0,0.0,91.43,0.0,0.0,0.05,,0.06,,,,91.43,,,,,,,,,,,,,,,,,,,,,,
56.294973,XKF1,,,,,,,,,,,,,,,,0.017021659349024033,-0.012403441593050957,,,0.020202730258755464,,,,,,-0.011657251976430416,0.02020261741206465,,,,,,-0.014767604880034924,,-0.014767604880034924,-0.013786520808935165
56.294973,POS,,,,,,,,,,,,,,,,0.023954841551409783,-0.008840176817682208,,,,,37.4274998,-122.1697001,,,-0.022264000260179273,,,,0.0033991243690252304,,,,,,
56.394932999999995,ATT,3,,0.0,0.0,91.43,0.0,0.0,0.05,,0.06,,,,91.43,,,,,,,,,,,,,,,,,,,,,,
56.394932999999995,XKF1,,,,,,,,,,,,,,,,0.01644184277928441,-0.01198300439864397,,,0.018699844833297164,,,,,,-0.011257966049015522,0.018699736232895014,,,,,,-0.013672220520675182,,-0.013672220520675182,-0.012757530435919762
56.394932999999995,POS,,,,,,,,,,,,,,,,0.023954841551409783,-0.008840176817682208,,,,,37.4274998,-122.1697001,,,-0.022264000260179273,,,,0.0034028738737106323,,,,,,
56.494893,ATT,3,,0.0,0.0,91.42,0.0,0.0,0.05,,0.06,,,,91.42,,,,,,,,,,,,,,,,,,,,,,
56.494893,XKF1,,,,,,,,,,,,,,,,0.016129986702695165,-0.011757519096136093,,,0.017404530396934403,,,,,,-0.01104251854121685,0.017404511807340595,,,,,,-0.012703964486718178,,-0.012703964486718178,-0.011896510608494282
56.494893,POS,,,,,,,,,,,,,,,,0.014215138165498133,-0.008840176817682208,,,,,37.4274999,-122.1697001,,,-0.011132000130089637,,,,0.0034056976437568665,,,,,,
56.594853,ATT,3,,0.0,0.0,91.42,0.0,0.0,0.05,,0.06,,,,91.42,,,,,,,,,,,,,,,,,,,,,,
56.594853,XKF1,,,,,,,,,,,,,,,,0.015352736500827965,-0.011188918724656105,,,0.01536252071067751,,,,,,-0.01051259320229292,0.015362519194766144,,,,,,-0.011200721375644207,,-0.011200721375644207,-0.010514318011701107
56.594853,POS,,,,,,,,,,,,,,,,0.014215138165498133,-0.008840176817682208,,,,,37.4274999,-122.1697001,,,-0.011132000130089637,,,,0.003403693437576294,,,,,,
56.694812999999996,ATT,3,,0.0,0.0,91.42,0.0,0.0,0.05,,0.06,,,,91.42,,,,,,,,,,,,,,,,,,,,,,
56.694812999999996,XKF1,,,,,,,,,,,,,,,,0.014780809868589696,-0.010769687592983246,,,0.013678535821807216,,,,,,-0.010123545303940773,0.013678527890863025,,,,,,-0.009976624511182308,,-0.009976624511182308,-0.009357847273349762
56.694812999999996,POS,,,,,,,,,,,,,,,,0.014215138165498133,-0.008840176817682208,,,,,37.4274999,-122.1697001,,,-0.011132000130089637,,,,0.0033979713916778564,,,,,,
56.759786999999996,EV,,,,,,,,,,,,,,,,,,,,,15,,,,AUTO_ARMED,,,,,,,,,,,
56.794773,ATT,3,,0.0,0.0,91.42,0.0,0.0,0.05,,0.06,,,,91.42,,,,,,,,,,,,,,,,,,,,,,
56.794773,XKF1,,,,,,,,,,,,,,,,0.013772902132297777,-0.01003476232290268,,,0.011485320969652314,,,,,,-0.009433789178729057,0.011485272194716553,,,,,,-0.008390950970351696,,-0.008390950970351696,-0.00784248299896717
56.794773,POS,,,,,,,,,,,,,,,,0.014215138165498133,-0.008840176817682208,,,,,37.4274999,-122.1697001,,,-0.011132000130089637,,,,0.003394925966858864,,,,,,
56.894732999999995,ATT,3,,0.0,0.0,91.42,0.0,0.0,0.05,,0.07,,,,91.42,,,,,,,,,,,,,,,,,,,,,,
56.894732999999995,XKF1,,,,,,,,,,,,,,,,0.01297383482106141,-0.009454026818275452,,,0.009701618263790434,,,,,,-0.008884917944669724,0.009701409483421707,,,,,,-0.00711299991235137,,-0.00711299991235137,-0.006597471423447132
56.894732999999995,POS,,,,,,,,,,,,,,,,0.014215138165498133,-0.008840176817682208,,,,,37.4274999,-122.1697001,,,-0.011132000130089637,,,,0.003393838182091713,,,,,,
56.994693,ATT,3,,0.0,0.0,91.42,0.0,0.0,0.05,,0.07,,,,91.42,,,,,,,,,,,,,,,,,,,,,,
56.994693,XKF1,,,,,,,,,,,,,,,,0.011830551287179348,-0.008620611391961575,,,0.00761926802680126,,,,,,-0.00810228381305933,0.007619266226768644,,,,,,-0.005548371933400631,,-0.005548371933400631,-0.005221955012530088
56.994693,POS,,,,,,,,,,,,,,,,0.014215138165498133,-0.008840176817682208,,,,,37.4274999,-122.1697001,,,-0.011132000130089637,,,,0.0033957678824663162,,,,,,
57.094653,ATT,3,,0.0,0.0,91.41,0.0,0.0,0.06,,0.07,,,,91.41,,,,,,,,,,,,,,,,,,,,,,
57.094653,XKF1,,,,,,,,,,,,,,,,0.0109037766139018,-0.007942245341837406,,,0.005999926408718794,,,,,,-0.007470815442502499,0.005999823994181723,,,,,,-0.0043462165631353855,,-0.0043462165631353855,-0.004136365372687578
57.094653,POS,,,,,,,,,,,,,,,,0.014215138165498133,-0.008840176817682208,,,,,37.4274999,-122.1697001,,,-0.011132000130089637,,,,0.003394654020667076,,,,,,
57.194613,ATT,3,,0.0,0.0,91.41,0.0,0.0,0.06,,0.07,,,,91.41,,,,,,,,,,,,,,,,,,,,,,
57.194613,XKF1,,,,,,,,,,,,,,,,0.009737518308068887,-0.0070869955234229565,,,0.0042073550992231205,,,,,,-0.006677855737507343,0.004206822429135898,,,,,,-0.0030158264562487602,,-0.0030158264562487602,-0.002933705458417535
57.194613,POS,,,,,,,,,,,,,,,,0.014215138165498133,-0.008840176817682208,,,,,37.4274999,-122.1697001,,,-0.011132000130089637,,,,0.003394443541765213,,,,,,
57.294573,ATT,3,,0.0,0.0,91.41,0.0,0.0,0.06,,0.07,,,,91.41,,,,,,,,,,,,,,,,,,,,,,
57.294573,XKF1,,,,,,,,,,,,,,,,0.00879552931969758,-0.006393518764525652,,,0.002839847887708811,,,,,,-0.006040219683200121,0.0028366793478706237,,,,,,-0.001969897421076894,,-0.001969897421076894,-0.002045541536062956
57.294573,POS,,,,,,,,,,,,,,,,0.014215138165498133,-0.008840176817682208,,,,,37.4274999,-122.1697001,,,-0.011132000130089637,,,,0.0033931471407413483,,,,,,
57.394532999999996,ATT,3,,0.0,0.0,91.41,0.0,0.0,0.06,,0.07,,,,91.41,,,,,,,,,,,,,,,,,,,,,,
57.394532999999996,XKF1,,,,,,,,,,,,,,,,0.0077022920832104285,-0.005588826723396778,,,0.001390005523836975,,,,,,-0.0053000301122665405,0.0013835696563584405,,,,,,-0.0009119907626882197,,-0.0009119907626882195,-0.0010489939013496041
57.394532999999996,POS,,,,,,,,,,,,,,,,0.014215138165498133,-0.008840176817682208,,,,,37.4274999,-122.1697001,,,-0.011132000130089637,,,,0.0033944640308618546,,,,,,
57.494493,ATT,3,,0.0,0.0,91.41,0.0,0.0,0.06,,0.07,,,,91.41,,,,,,,,,,,,,,,,,,,,,,
57.494493,XKF1,,,,,,,,,,,,,,,,0.00682749440025551,-0.004942935425788164,,,0.0004013037295057537,,,,,,-0.004709784407168627,0.0003701557862994701,,,,,,-0.00016105074610095474,,-0.0001610507461009547,-0.00036756950430572033
57.494493,POS,,,,,,,,,,,,,,,,0.014215138165498133,-0.008840176817682208,,,,,37.4274999,-122.1697001,,,-0.011132000130089637,,,,0.003392975777387619,,,,,,
57.594453,ATT,3,,0.0,0.0,91.4,0.0,0.0,0.06,,0.08,,,,91.4,,,,,,,,,,,,,,,,,,,,,,
57.594453,XKF1,,,,,,,,,,,,,,,,0.005876926905719987,-0.004245066549628973,,,0.0006097157837692642,,,,,,-0.004064194858074188,-0.0005837094048881851,,,,,,0.000543461530469358,,0.000543461530469358,0.00027641074848361313
57.594453,POS,,,,,,,,,,,,,,,,0.014215138165498133,-0.008840176817682208,,,,,37.4274999,-122.1697001,,,-0.011132000130089637,,,,0.0033928565680980682,,,,,,
57.694413,ATT,3,,0.0,0.0,91.4,0.0,0.0,0.06,,0.08,,,,91.4,,,,,,,,,,,,,,,,,,,,,,
57.694413,XKF1,,,,,,,,,,,,,,,,0.005128379789895667,-0.0036945089232176542,,,0.0013522373034943536,,,,,,-0.003556807991117239,-0.001340956635538912,,,,,,0.001086918986402452,,0.001086918986402452,0.0008044581045396626
57.694413,POS,,,,,,,,,,,,,,,,0.014215138165498133,-0.008840176817682208,,,,,37.4274999,-122.1697001,,,-0.011132000130089637,,,,0.0033908169716596603,,,,,,
57.761886,EV,,,,,,,,,,,,,,,,,,,,,57,,,,MOTORS_INTERLOCK_ENABLED,,,,,,,,,,,
57.794373,ATT,3,,0.0,0.0,91.4,0.0,0.0,0.07,,0.08,,,,91.4,,,,,,,,,,,,,,,,,,,,,,
57.794373,XKF1,,,,,,,,,,,,,,,,0.004339875667326039,-0.003116769017651677,,,0.001994336752709892,,,,,,-0.0030199787579476833,-0.001983952843044841,,,,,,0.0015662501100450754,,0.0015662501100450754,0.0012346010189503431
57.794373,POS,,,,,,,,,,,,,,,,0.014215138165498133,-0.008840176817682208,,,,,37.4274999,-122.1697001,,,-0.011132000130089637,,,,0.0033860355615615845,,,,,,
57.894332999999996,ATT,3,,0.0,0.0,91.4,0.0,0.0,0.07,,0.08,,,,91.4,,,,,,,,,,,,,,,,,,,,,,
57.894332999999996,XKF1,,,,,,,,,,,,,,,,0.003826861219241385,-0.0027354606427252293,,,0.002365555100267045,,,,,,-0.0026762140914797783,-0.0023465415307613088,,,,,,0.0018866433529183269,,0.0018866433529183269,0.0014270346146076918
57.894332999999996,POS,,,,,,,,,,,,,,,,0.014215138165498133,-0.008840176817682208,,,,,37.4274999,-122.1697001,,,-0.011132000130089637,,,,0.0033812597393989563,,,,,,
57.994293,ATT,3,,0.0,0.0,91.4,0.0,0.0,0.07,,0.08,,,,91.4,,,,,,,,,,,,,,,,,,,,,,
57.994293,XKF1,,,,,,,,,,,,,,,,0.0031805597721875026,-0.0022591862361878157,,,0.0027243939247949727,,,,,,-0.0022387581411749125,-0.002708563462706136,,,,,,0.002130350098013878,,0.002130350098013878,0.0016982139786705375
57.994293,POS,,,,,,,,,,,,,,,,0.014215138165498133,-0.008840176817682208,,,,,37.4274999,-122.1697001,,,-0.011132000130089637,,,,0.0033844616264104843,,,,,,
58.094252999999995,ATT,3,,0.0,0.0,91.4,0.0,0.0,0.07,,0.08,,,,91.4,,,,,,,,,,,,,,,,,,,,,,
58.094252999999995,XKF1,,,,,,,,,,,,,,,,0.0027678381288416347,-0.0019523274386301637,,,0.002897308247366549,,,,,,-0.0019619748927652836,-0.0028802981836122863,,,,,,0.002253870712593198,,0.002253870712593198,0.0018205663654953241
58.094252999999995,POS,,,,,,,,,,,,,,,,0.014215138165498133,-0.008840176817682208,,,,,37.4274999,-122.1697001,,,-0.011132000130089637,,,,0.0033859238028526306,,,,,,
58.194213,ATT,3,,0.0,0.0,91.39,0.0,0.0,0.07,,0.08,,,,91.39,,,,,,,,,,,,,,,,,,,,,,
58.194213,XKF1,,,,,,,,,,,,,,,,0.0022569097305337646,-0.0015816622180864215,,,0.0030646557576361737,,,,,,-0.0016099646454676986,-0.003048753640007795,,,,,,0.0023590121418237686,,0.0023590121418237686,0.0019563171081244946
58.194213,POS,,,,,,,,,,,,,,,,0.014215138165498133,-0.008840176817682208,,,,,37.4274999,-122.1697001,,,-0.011132000130089637,,,,0.003389773890376091,,,,,,
58.294173,ATT,3,,0.0,0.0,91.39,0.0,0.0,0.07,,0.09,,,,91.39,,,,,,,,,,,,,,,,,,,,,,
58.294173,XKF1,,,,,,,,,,,,,,,,0.0019482673809115161,-0.001355951651930809,,,0.003066335811267505,,,,,,-0.0013989785220474005,-0.003046989627575122,,,,,,0.0023675826378166676,,0.0023675826378166676,0.0019485809607431293
58.294173,POS,,,,,,,,,,,,,,,,0.014215138165498133,-0.008840176817682208,,,,,37.4274999,-122.1697001,,,-0.011132000130089637,,,,0.0033988002687692642,,,,,,
58.394966,ATT,3,,0.0,0.0,91.39,0.0,0.0,0.07,,0.09,,,,91.39,,,,,,,,,,,,,,,,,,,,,,
58.394966,XKF1,,,,,,,,,,,,,,,,0.0015634243037370853,-0.0010761143639683723,,,0.00303386333496188,,,,,,-0.0011341399513185024,-0.0030084495490357633,,,,,,0.002355000702664256,,0.002355000702664256,0.0019126678816974163
58.394966,POS,,,,,,,,,,,,,,,,0.014215138165498133,-0.008840176817682208,,,,,37.4274999,-122.1697001,,,-0.011132000130089637,,,,0.0034011993557214737,,,,,,
58.494926,ATT,3,,0.0,0.0,91.39,0.0,0.0,0.08,,0.09,,,,91.39,,,,,,,,,,,,,,,,,,,,,,
58.494926,XKF1,,,,,,,,,,,,,,,,0.0013279914246426797,-0.0008999944548122585,,,0.002945104597288828,,,,,,-0.0009765097056515515,-0.0029052816707773937,,,,,,0.0023238693829625845,,0.0023238693829625845,0.0018092186655849218
58.494926,POS,,,,,,,,,,,,,,,,0.014215138165498133,-0.008840176817682208,,,,,37.4274999,-122.1697001,,,-0.011132000130089637,,,,0.003404058516025543,,,,,,
58.594885999999995,ATT,3,,0.0,0.0,91.39,0.0,0.0,0.08,,0.09,,,,91.39,,,,,,,,,,,,,,,,,,,,,,
58.594885999999995,XKF1,,,,,,,,,,,,,,,,0.0010593091563712756,-0.0007034746813587844,,,0.0028140590514223103,,,,,,-0.0007919970084913075,-0.0027783877396580408,,,,,,0.002179028932005167,,0.002179028932005167,0.001780663151293993
58.594885999999995,POS,,,,,,,,,,,,,,,,0.014215138165498133,-0.008840176817682208,,,,,37.4274999,-122.1697001,,,-0.011132000130089637,,,,0.003407387062907219,,,,,,
58.694846,ATT,3,,0.0,0.0,91.39,0.0,0.0,0.08,,0.09,,,,91.38,,,,,,,,,,,,,,,,,,,,,,
58.694846,XKF1,,,,,,,,,,,,,,,,0.0009120382974248816,-0.0005953421932645142,,,0.0025488917037603093,,,,,,-0.0006909280200488865,-0.0025076759821085885,,,,,,0.001982753863558173,,0.001982753863558173,0.0016017290763556957
58.694846,POS,,,,,,,,,,,,,,,,0.014215138165498133,-0.008840176817682208,,,,,37.4274999,-122.1697001,,,-0.011132000130089637,,,,0.003411911427974701,,,,,,
58.794806,ATT,3,,0.0,0.0,91.39,0.0,0.0,0.08,,0.09,,,,91.38,,,,,,,,,,,,,,,,,,,,,,
58.794806,XKF1,,,,,,,,,,,,,,,,0.0007384092995584966,-0.00047332586837001145,,,0.0022516386845889106,,,,,,-0.0005667547229677439,-0.002211974215691997,,,,,,0.0017408470157533884,,0.0017408470157533884,0.0014280505711212754
58.794806,POS,,,,,,,,,,,,,,,,0.014215138165498133,-0.008840176817682208,,,,,37.4274999,-122.1697001,,,-0.011132000130089637,,,,0.003418387845158577,,,,,,
58.894766,ATT,3,,0.0,0.0,91.39,0.0,0.0,0.08,,0.1,,,,91.38,,,,,,,,,,,,,,,,,,,,,,
58.894766,XKF1,,,,,,,,,,,,,,,,0.0006845457946590371,-0.0004372592375148088,,,0.001894367639189309,,,,,,-0.0005266946973279119,-0.0018583730456412058,,,,,,0.0014698314480483532,,0.0014698314480483532,0.0011950833722949028
58.894766,POS,,,,,,,,,,,,,,,,0.014215138165498133,-0.008840176817682208,,,,,37.4274999,-122.1697001,,,-0.011132000130089637,,,,0.0034266356378793716,,,,,,
58.992227,EV,,,,,,,,,,,,,,,,,,,,,28,,,,NOT_LANDED,,,,,,,,,,,
58.994726,ATT,3,,0.0,0.0,91.39,0.0,0.0,0.08,,0.1,,,,91.38,,,,,,,,,,,,,,,,,,,,,,
58.994726,XKF1,,,,,,,,,,,,,,,,0.0005863373780837605,-0.0003733001067303121,,,0.0015616646188338394,,,,,,-0.00045214881538413465,-0.001530434031587268,,,,,,0.0012140079634264112,,0.0012140079634264112,0.0009823344880715013
58.994726,POS,,,,,,,,,,,,,,,,0.014215138165498133,-0.008840176817682208,,,,,37.4274999,-122.1697001,,,-0.011132000130089637,,,,0.0037480462342500687,,,,,,
59.094685999999996,ATT,3,,0.0,0.0,91.39,0.0,0.0,0.09,,0.1,,,,91.38,,,,,,,,,,,,,,,,,,,,,,
59.094685999999996,XKF1,,,,,,,,,,,,,,,,0.0006048536983872903,-0.00039046871825121343,,,0.000988953644998831,,,,,,-0.00046193308662623167,-0.0009602014141884847,,,,,,0.0008006621501408517,,0.0008006621501408517,0.0005804906832054257
59.094685999999996,POS,,,,,,,,,,,,,,,,0.014215138165498133,-0.008840176817682208,,,,,37.4274999,-122.1697001,,,-0.011132000130089637,,,,0.008937755599617958,,,,,,
59.194646,ATT,3,,0.0,0.0,91.39,0.0,0.0,0.09,,0.1,,,,91.38,,,,,,,,,,,,,,,,,,,,,,
59.194646,XKF1,,,,,,,,,,,,,,,,0.0005896708562755462,-0.00038378118188120425,,,0.00045283866710970055,,,,,,-0.00044768708175979555,-0.00040359053901592267,,,,,,0.0004185940488241613,,0.0004185940488241613,0.00017274802667088807
59.194646,POS,,,,,,,,,,,,,,,,0.014215138165498133,-0.008840176817682208,,,,,37.4274999,-122.1697001,,,-0.011132000130089637,,,,0.020797181874513626,,,,,,
59.294605999999995,ATT,3,,0.0,0.0,91.39,0.0,0.0,0.09,,0.1,,,,91.37,,,,,,,,,,,,,,,,,,,,,,
59.294605999999995,XKF1,,,,,,,,,,,,,,,,0.0006916380933879397,-0.00045732856960967183,,,0.000248084476657792,,,,,,-0.0005188581999391317,0.0001848821955567268,,,,,,1.848826627792717e-06,,1.8488266277927323e-06,-0.00024807758745737374
59.294605999999995,POS,,,,,,,,,,,,,,,,0.014215138165498133,-0.008840176817682208,,,,,37.4274999,-122.1697001,,,-0.011132000130089637,,,,0.03798337280750275,,,,,,
59.394566,ATT,3,,0.0,0.0,91.39,0.0,0.0,0.09,,0.1,,,,91.37,,,,,,,,,,,,,,,,,,,,,,
59.394566,XKF1,,,,,,,,,,,,,,,,0.0007314198159626703,-0.0004857890889979899,,,0.0007424885661904151,,,,,,-0.0005467942100949585,0.0007353283051267604,,,,,,-0.00041148401214741176,,-0.0004114840121474117,-0.0006180373602546751
59.394566,POS,,,,,,,,,,,,,,,,0.014215138165498133,-0.008840176817682208,,,,,37.4274999,-122.1697001,,,-0.011132000130089637,,,,0.060006238520145416,,,,,,
59.494526,ATT,3,,-0.01,-0.01,91.39,0.0,0.0,0.09,,0.11,,,,91.37,,,,,,,,,,,,,,,,,,,,,,
59.494526,XKF1,,,,,,,,,,,,,,,,0.0008960883061534811,-0.0006021080771461129,,,0.001426197271198897,,,,,,-0.0006636566249653697,0.0014218080739984732,,,,,,-0.0008725498337298633,,-0.0008725498337298632,-0.001128138042986393
59.494526,POS,,,,,,,,,,,,,,,,0.014215138165498133,-0.008840176817682208,,,,,37.4274999,-122.1697001,,,-0.011132000130089637,,,,0.0876670777797699,,,,,,
59.594485999999996,ATT,3,,-0.02,-0.02,91.39,0.0,0.0,0.09,,0.11,,,,91.37,,,,,,,,,,,,,,,,,,,,,,
59.594485999999996,XKF1,,,,,,,,,,,,,,,,0.000982811182307726,-0.000662431470118463,,,0.0019732838466666102,,,,,,-0.0007260181591846049,0.0019725558118901874,,,,,,-0.001289942767471075,,-0.001289942767471075,-0.0014932838967069983
59.594485999999996,POS,,,,,,,,,,,,,,,,0.014215138165498133,-0.008840176817682208,,,,,37.4274999,-122.1697001,,,-0.011132000130089637,,,,0.1211581900715828,,,,,,
59.694446,ATT,3,,-0.03,-0.03,91.39,0.0,0.0,0.03,,0.04,,,,91.37,,,,,,,,,,,,,,,,,,,,,,
59.694446,XKF1,,,,,,,,,,,,,,,,0.0012060179885840549,-0.0008212443208321929,,,0.0026227502739135673,,,,,,-0.0008831971208564937,0.002622312765198537,,,,,,-0.0017505966825410726,,-0.0017505966825410724,-0.0019530054414644837
59.694446,POS,,,,,,,,,,,,,,,,0.014215138165498133,-0.008840176817682208,,,,,37.4274999,-122.1697001,,,-0.011132000130089637,,,,0.1783037781715393,,,,,,
59.794405999999995,ATT,3,,-0.03,-0.03,91.39,0.0,0.0,-0.01,,-0.01,,,,91.36,,,,,,,,,,,,,,,,,,,,,,
59.794405999999995,XKF1,,,,,,,,,,,,,,,,0.0012507373796578935,-0.0008548988262191415,,,0.0017292124028085913,,,,,,-0.0009129578247666359,0.0017288873749312873,,,,,,-0.0011572502553462982,,-0.0011572502553462982,-0.0012848919723182917
59.794405999999995,POS,,,,,,,,,,,,,,,,0.014215138165498133,-0.008840176817682208,,,,,37.4274999,-122.1697001,,,-0.011132000130089637,,,,0.2838491201400757,,,,,,
59.894366,ATT,3,,-0.02,-0.02,91.39,0.0,0.0,-0.02,,-0.03,,,,91.36,,,,,,,,,,,,,,,,,,,,,,
59.894366,XKF1,,,,,,,,,,,,,,,,0.0012810872515302758,-0.0008851231541484594,,,0.00015866415879635645,,,,,,-0.00092614337336272,-0.0001527330888744638,,,,,,7.445694791385905e-05,,7.445694791385904e-05,0.00014010880840942264
59.894366,POS,,,,,,,,,,,,,,,,0.014215138165498133,-0.008840176817682208,,,,,37.4274999,-122.1697001,,,-0.011132000130089637,,,,0.4072229266166687,,,,,,
59.994326,ATT,3,,0.0,0.01,91.39,0.0,0.0,-0.01,,-0.01,,,,91.36,,,,,,,,,,,,,,,,,,,,,,
59.994326,XKF1,,,,,,,,,,,,,,,,0.000810435126967957,-0.0005950584309175611,,,0.0028657436749650045,,,,,,-0.0005501913838088512,-0.002841502845935149,,,,,,0.0018338486552238467,,0.0018338486552238464,0.0022021548356860876
59.994326,POS,,,,,,,,,,,,,,,,0.014215138165498133,-0.008840176817682208,,,,,37.4274999,-122.1697001,,,-0.011132000130089637,,,,0.5196879506111145,,,,,,
60.094286,ATT,3,,0.03,0.04,91.39,0.0,0.0,0.0,,0.0,,,,91.36,,,,,,,,,,,,,,,,,,,,,,
60.094286,XKF1,,,,,,,,,,,,,,,,0.0002492868730209758,-0.0002311928110430017,,,0.0052169684998851695,,,,,,-9.324070560978726e-05,-0.004659084149905566,,,,,,0.0034429621882736687,,0.0034429621882736683,0.003919537179172039
60.094286,POS,,,,,,,,,,,,,,,,0.014215138165498133,-0.008840176817682208,,,,,37.4274999,-122.1697001,,,-0.011132000130089637,,,,0.6300198435783386,,,,,,
60.194246,ATT,3,,0.06,0.08,91.39,0.0,0.0,0.02,,0.03,,,,91.37,,,,,,,,,,,,,,,,,,,,,,
60.194246,XKF1,,,,,,,,,,,,,,,,0.0008238296828892643,0.00044893400627188385,,,0.007071854514192963,,,,,,0.0006907630595378578,0.006982884911626996,,,,,,0.004742835182696581,,0.004742835182696581,0.005245630629360676
60.194246,POS,,,,,,,,,,,,,,,,0.011132000130089637,0.0,,,,,37.4274999,-122.1697,,,-0.011132000130089637,,,,0.7428805232048035,,,,,,
60.294205999999996,ATT,3,,0.08,0.1,91.39,0.0,0.0,0.04,,0.05,,,,91.37,,,,,,,,,,,,,,,,,,,,,,
60.294205999999996,XKF1,,,,,,,,,,,,,,,,0.0018217169187065294,0.0011084380093961954,,,0.007945483273227902,,,,,,0.0014456893550232053,0.007915659830574259,,,,,,0.005362153984606266,,0.005362153984606266,0.005863276310265064
60.294205999999996,POS,,,,,,,,,,,,,,,,0.011132000130089637,0.0,,,,,37.4274999,-122.1697,,,-0.011132000130089637,,,,0.8628560304641724,,,,,,
60.394999,ATT,3,,0.09,0.11,91.39,0.0,0.0,0.05,,0.07,,,,91.37,,,,,,,,,,,,,,,,,,,,,,
60.394999,XKF1,,,,,,,,,,,,,,,,0.003033922747530429,0.0019222282571718097,,,0.008471458943790935,,,,,,0.002347280504181981,0.008457332993685934,,,,,,0.0057367244735360146,,0.0057367244735360146,0.006233426742255688
60.394999,POS,,,,,,,,,,,,,,,,0.011132000130089637,0.0,,,,,37.4274999,-122.1697,,,-0.011132000130089637,,,,0.9938009977340698,,,,,,
60.494959,ATT,3,,0.1,0.12,91.39,0.0,0.0,0.06,,0.09,,,,91.37,,,,,,,,,,,,,,,,,,,,,,
60.494959,XKF1,,,,,,,,,,,,,,,,0.004138317545426005,0.0026722911279648542,,,0.008313523909051594,,,,,,0.0031598310451954603,0.008292396274299367,,,,,,0.005807029083371162,,0.005807029083371162,0.0059492094442248344
60.494959,POS,,,,,,,,,,,,,,,,0.011132000130089637,0.0,,,,,37.4274999,-122.1697,,,-0.011132000130089637,,,,1.1357685327529907,,,,,,
60.594919,ATT,3,,0.11,0.13,91.39,0.0,0.0,0.08,,0.1,,,,91.37,,,,,,,,,,,,,,,,,,,,,,
60.594919,XKF1,,,,,,,,,,,,,,,,0.0053028453519443864,0.003487059846520424,,,0.007970001092142725,,,,,,0.003995069768279791,0.007945608776509355,,,,,,0.005694306921213865,,0.005694306921213865,0.005576359573751688
60.594919,POS,,,,,,,,,,,,,,,,0.011132000130089637,0.0,,,,,37.4274999,-122.1697,,,-0.011132000130089637,,,,1.2882063388824463,,,,,,
60.694879,ATT,3,,0.11,0.13,91.39,0.0,0.0,0.08,,0.1,,,,91.37,,,,,,,,,,,,,,,,,,,,,,
60.694879,XKF1,,,,,,,,,,,,,,,,0.006305777912413671,0.004198567941784859,,,0.0073930602170218865,,,,,,0.004704770166426897,0.007370415264283273,,,,,,0.0053388336673378944,,0.0053388336673378944,0.005114117171615362
60.694879,POS,,,,,,,,,,,,,,,,0.011132000130089637,0.0,,,,,37.4274999,-122.1697,,,-0.011132000130089637,,,,1.4510881900787354,,,,,,
60.794838999999996,ATT,3,,0.12,0.14,91.39,0.0,0.0,0.1,,0.1,,,,91.37,,,,,,,,,,,,,,,,,,,,,,
60.794838999999996,XKF1,,,,,,,,,,,,,,,,0.0073703450030281805,0.004964488558471203,,,0.0067296050658507975,,,,,,0.0054475534707307816,0.006716799927303967,,,,,,0.004830972757190466,,0.004830972757190466,0.004685006570070982
60.794838999999996,POS,,,,,,,,,,,,,,,,0.011132000130089637,0.0,,,,,37.4274999,-122.1697,,,-0.011132000130089637,,,,1.625409483909607,,,,,,
60.894799,ATT,3,,0.12,0.14,91.39,0.0,0.0,0.1,,0.1,,,,91.37,,,,,,,,,,,,,,,,,,,,,,
60.894799,XKF1,,,,,,,,,,,,,,,,0.008324751316024838,0.0056350380182266235,,,0.0059498192717693495,,,,,,0.006127628497779369,0.005944915352873891,,,,,,0.004201897885650396,,0.004201897885650396,0.004212410654872656
60.894799,POS,,,,,,,,,,,,,,,,0.011132000130089637,0.0,,,,,37.4274999,-122.1697,,,-0.011132000130089637,,,,1.809041976928711,,,,,,
60.994758999999995,ATT,3,,0.13,0.16,91.39,0.0,0.0,0.12,,0.12,,,,91.37,,,,,,,,,,,,,,,,,,,,,,
60.994758999999995,XKF1,,,,,,,,,,,,,,,,0.009750908160123695,0.0065771364606916904,,,0.005288195382340775,,,,,,0.007198714185506105,0.005288119205099027,,,,,,0.0035878722555935387,,0.0035878722555935383,0.003884865902364254
60.994758999999995,POS,,,,,,,,,,,,,,,,0.011132000130089637,0.0,,,,,37.4274999,-122.1697,,,-0.011132000130089637,,,,2.003049612045288,,,,,,
61.094719,ATT,3,,0.14,0.16,91.39,0.0,0.0,0.12,,0.14,,,,91.37,,,,,,,,,,,,,,,,,,,,,,
61.094719,XKF1,,,,,,,,,,,,,,,,0.010902626057374772,0.007324561011046171,,,0.004002549794143062,,,,,,0.008075769990682602,0.004002507411670374,,,,,,0.0026753058191388845,,0.0026753058191388845,0.002977103227749467
61.094719,POS,,,,,,,,,,,,,,,,0.011132000130089637,0.0,,,,,37.4274999,-122.1697,,,-0.011132000130089637,,,,2.2079110145568848,,,,,,
61.194679,ATT,3,,0.14,0.17,91.39,0.0,0.0,0.12,,0.14,,,,91.37,,,,,,,,,,,,,,,,,,,,,,
61.194679,XKF1,,,,,,,,,,,,,,,,0.012282301673289347,0.00821889378130436,,,0.0027608167167972866,,,,,,0.009127141907811165,0.0027604004765918472,,,,,,0.0018827891908586027,,0.0018827891908586025,0.002019211184233427
61.194679,POS,,,,,,,,,,,,,,,,0.011132000130089637,0.0,,,,,37.4274999,-122.1697,,,-0.011132000130089637,,,,2.423032760620117,,,,,,
61.294639,ATT,3,,0.14,0.17,91.39,0.0,0.0,0.12,,0.14,,,,91.37,,,,,,,,,,,,,,,,,,,,,,
61.294639,XKF1,,,,,,,,,,,,,,,,0.013302843455430032,0.008879762142896652,,,0.0014550813818694688,,,,,,0.009905325248837471,0.0014549809859857432,,,,,,0.0009839395061135292,,0.0009839395061135292,0.0010719724232330918
61.294639,POS,,,,,,,,,,,,,,,,0.01421513894674999,0.008840178073946967,,,,,37.4274999,-122.1696999,,,-0.011132000130089637,,,,2.6489760875701904,,,,,,
61.334623,MSG,,,,,,,,,,,,,,,,,,,,,,,,,,,,,,,,,,EKF3 IMU0 MAG0 in-flight yaw alignment complete,,
61.334623,MSG,,,,,,,,,,,,,,,,,,,,,,,,,,,,,,,,,,EKF3 IMU1 MAG0 in-flight yaw alignment complete,,
61.334623,EV,,,,,,,,,,,,,,,,,,,,,62,,,,EKF_YAW_RESET,,,,,,,,,,,
61.394599,ATT,3,,0.15,0.18,89.9,0.0,0.0,0.14,,0.15,,,,89.88,,,,,,,,,,,,,,,,,,,,,,
61.394599,XKF1,,,,,,,,,,,,,,,,0.014490451647354718,0.009661191143095493,,,0.00035836139382860175,,,,,,0.010799748823046684,0.0003525576293002707,,,,,,0.00018718640785664323,,0.0001871864078566432,0.0003055881825275719
61.394599,POS,,,,,,,,,,,,,,,,0.01421513894674999,0.008840178073946967,,,,,37.4274999,-122.1696999,,,-0.011132000130089637,,,,2.884967803955078,,,,,,
61.494558999999995,ATT,3,,0.15,0.18,89.9,0.0,0.0,0.14,,0.16,,,,89.88,,,,,,,,,,,,,,,,,,,,,,
61.494558999999995,XKF1,,,,,,,,,,,,,,,,0.015323155975538683,0.01022842526435852,,,0.0011718574116677764,,,,,,0.011409576050937176,-0.001166436830724687,,,,,,-0.0008624421316199005,,-0.0008624421316199005,-0.0007933746674098074
61.494558999999995,POS,,,,,,,,,,,,,,,,0.008840178073946967,0.008840178073946967,,,,,37.4275,-122.1696999,,,0.0,,,,3.129221200942993,,,,,,
61.594519,ATT,3,,0.16,0.18,89.9,0.0,0.0,0.15,,0.16,,,,89.89,,,,,,,,,,,,,,,,,,,,,,
61.594519,XKF1,,,,,,,,,,,,,,,,0.016425750057082345,0.011132040061056614,,,0.0024051701801485552,,,,,,0.01207820139825344,-0.002405155939267123,,,,,,-0.0016361054731532931,,-0.0016361054731532931,-0.0017629527719691396
61.594519,POS,,,,,,,,,,,,,,,,0.008840178073946967,0.008840178073946967,,,,,37.4275,-122.1696999,,,0.0,,,,3.378610849380493,,,,,,
61.694479,ATT,3,,0.16,0.18,89.9,0.0,0.0,0.14,,0.17,,,,89.9,,,,,,,,,,,,,,,,,,,,,,
61.694479,XKF1,,,,,,,,,,,,,,,,0.017113794382964207,0.011738297529518604,,,0.0038900354320778926,,,,,,0.012453687377274036,-0.003886854100390542,,,,,,-0.0025515195447951555,,-0.0025515195447951555,-0.0029363452922552824
61.694479,POS,,,,,,,,,,,,,,,,0.008840178073946967,0.008840178073946967,,,,,37.4275,-122.1696999,,,0.0,,,,3.632246494293213,,,,,,
61.794439,ATT,3,,0.17,0.18,89.9,0.0,0.0,0.15,,0.17,,,,89.9,,,,,,,,,,,,,,,,,,,,,,
61.794439,XKF1,,,,,,,,,,,,,,,,0.01801128941217039,0.012582778930664062,,,0.004963867443424807,,,,,,0.01288721151649952,-0.004949164183664031,,,,,,-0.003184346947818995,,-0.0031843469478189945,-0.0038078753277659416
61.794439,POS,,,,,,,,,,,,,,,,0.008840178073946967,0.008840178073946967,,,,,37.4275,-122.1696999,,,0.0,,,,3.8878533840179443,,,,,,
61.89439899999999,ATT,3,,0.17,0.18,89.9,0.0,0.0,0.15,,0.16,,,,89.91,,,,,,,,,,,,,,,,,,,,,,
61.89439899999999,XKF1,,,,,,,,,,,,,,,,0.018389259415340014,0.013014180585741997,,,0.006391448913075779,,,,,,0.012992150150239468,-0.006372399130189634,,,,,,-0.004161402583122253,,-0.004161402583122253,-0.004851118195801973
61.89439899999999,POS,,,,,,,,,,,,,,,,0.008840178073946967,0.008840178073946967,,,,,37.4275,-122.1696999,,,0.0,,,,4.145056247711182,,,,,,
61.994359,ATT,3,,0.17,0.18,89.9,0.0,0.0,0.16,,0.17,,,,89.91,,,,,,,,,,,,,,,,,,,,,,
61.994359,XKF1,,,,,,,,,,,,,,,,0.019571629513780546,0.013864162378013134,,,0.0069448862279774945,,,,,,0.013814256526529789,-0.006930946814349292,,,,,,-0.00459932629019022,,-0.00459932629019022,-0.005203618202358484
61.994359,POS,,,,,,,,,,,,,,,,0.008840178073946967,0.008840178073946967,,,,,37.4275,-122.1696999,,,0.0,,,,4.402934551239014,,,,,,
62.094319,ATT,3,,0.17,0.18,89.9,0.0,0.0,0.17,,0.18,,,,89.91,,,,,,,,,,,,,,,,,,,,,,
62.094319,XKF1,,,,,,,,,,,,,,,,0.019944162133038717,0.014140814542770386,,,0.008361678440011962,,,,,,0.014064386487007141,-0.00835310668411584,,,,,,-0.005655596032738686,,-0.005655596032738686,-0.006158887874335051
62.094319,POS,,,,,,,,,,,,,,,,0.008840178073946967,0.008840178073946967,,,,,37.4275,-122.1696999,,,0.0,,,,4.660829544067383,,,,,,
62.194278999999995,ATT,3,,0.17,0.19,89.9,0.0,0.0,0.17,,0.18,,,,89.91,,,,,,,,,,,,,,,,,,,,,,
62.194278999999995,XKF1,,,,,,,,,,,,,,,,0.02112212165325163,0.014683432877063751,,,0.009205570446907526,,,,,,0.015183570794761181,-0.009205566335712671,,,,,,-0.0064056734554469585,,-0.0064056734554469585,-0.006611344404518604
62.194278999999995,POS,,,,,,,,,,,,,,,,0.008840178073946967,0.008840178073946967,,,,,37.4275,-122.1696999,,,0.0,,,,4.918042182922363,,,,,,
62.294239000000005,ATT,3,,0.17,0.19,89.9,0.0,0.0,0.18,,0.18,,,,89.91,,,,,,,,,,,,,,,,,,,,,,
62.294239000000005,XKF1,,,,,,,,,,,,,,,,0.02161747859202439,0.014809402637183666,,,0.010535361408561554,,,,,,0.01574791967868805,-0.010529723279054859,,,,,,-0.007464610971510411,,-0.00746461097151041,-0.007434609811753035
62.294239000000005,POS,,,,,,,,,,,,,,,,0.008840178073946967,0.008840178073946967,,,,,37.4275,-122.1696999,,,0.0,,,,5.174898147583008,,,,,,
62.394199,ATT,3,,0.17,0.2,89.9,0.0,0.0,0.17,,0.19,,,,89.91,,,,,,,,,,,,,,,,,,,,,,
62.394199,XKF1,,,,,,,,,,,,,,,,0.022722669576349944,0.01515247579663992,,,0.01125374837775336,,,,,,0.01693287305533886,-0.011218802598970358,,,,,,-0.008141572587192059,,-0.008141572587192059,-0.007769275922328234
62.394199,POS,,,,,,,,,,,,,,,,0.008840178073946967,0.008840178073946967,,,,,37.4275,-122.1696999,,,0.0,,,,5.430570125579834,,,,,,
62.494991999999996,ATT,3,,0.17,0.21,89.9,0.0,0.0,0.17,,0.2,,,,89.91,,,,,,,,,,,,,,,,,,,,,,
62.494991999999996,XKF1,,,,,,,,,,,,,,,,0.023422820250784196,0.015255311504006386,,,0.01221271773644995,,,,,,0.017773687839508057,-0.012159423808351326,,,,,,-0.008784264326095581,,-0.008784264326095581,-0.008484525606036186
62.494991999999996,POS,,,,,,,,,,,,,,,,0.008840178073946967,0.008840178073946967,,,,,37.4275,-122.1696999,,,0.0,,,,5.685321807861328,,,,,,
62.59495199999999,ATT,3,,0.17,0.22,89.9,0.0,0.0,0.17,,0.21,,,,89.9,,,,,,,,,,,,,,,,,,,,,,
62.59495199999999,XKF1,,,,,,,,,,,,,,,,0.02428523609785334,0.015422427095472813,,,0.012984069970270929,,,,,,0.01875956915318966,-0.012915287001604952,,,,,,-0.009232915937900543,,-0.009232915937900543,-0.009129038080573082
62.59495199999999,POS,,,,,,,,,,,,,,,,0.008840178073946967,0.008840178073946967,,,,,37.4275,-122.1696999,,,0.0,,,,5.938931465148926,,,,,,
62.694912,ATT,3,,0.17,0.23,89.9,0.0,0.0,0.16,,0.22,,,,89.9,,,,,,,,,,,,,,,,,,,,,,
62.694912,XKF1,,,,,,,,,,,,,,,,0.024783851678261113,0.015461123548448086,,,0.014050924112221325,,,,,,0.01936989836394787,-0.013990386337645867,,,,,,-0.00974603183567524,,-0.00974603183567524,-0.010121429339051247
62.694912,POS,,,,,,,,,,,,,,,,0.008840178073946967,0.008840178073946967,,,,,37.4275,-122.1696999,,,0.0,,,,6.191751956939697,,,,,,
62.794872,ATT,3,,0.17,0.23,89.9,0.0,0.0,0.16,,0.22,,,,89.9,,,,,,,,,,,,,,,,,,,,,,
62.794872,XKF1,,,,,,,,,,,,,,,,0.025517677063255913,0.015770580619573593,,,0.014784157972487218,,,,,,0.02006092295050621,-0.014745650910677307,,,,,,-0.009951512329280376,,-0.009951512329280376,-0.010933376848697662
62.794872,POS,,,,,,,,,,,,,,,,0.008840178073946967,0.008840178073946967,,,,,37.4275,-122.1696999,,,0.0,,,,6.445556640625,,,,,,
62.894831999999994,ATT,3,,0.17,0.23,89.9,0.0,0.0,0.15,,0.21,,,,89.89,,,,,,,,,,,,,,,,,,,,,,
62.894831999999994,XKF1,,,,,,,,,,,,,,,,0.02586301727574921,0.015912292525172234,,,0.015591033922067642,,,,,,0.020388590171933174,-0.015575068098906884,,,,,,-0.010138693265616894,,-0.010138693265616894,-0.011844291351735592
62.894831999999994,POS,,,,,,,,,,,,,,,,0.008840178073946967,0.008840178073946967,,,,,37.4275,-122.1696999,,,0.0,,,,6.696824073791504,,,,,,
62.994792000000004,ATT,3,,0.18,0.23,89.9,0.0,0.0,0.15,,0.21,,,,89.89,,,,,,,,,,,,,,,,,,,,,,
62.994792000000004,XKF1,,,,,,,,,,,,,,,,0.026418387878182695,0.01629391685128212,,,0.016005110624691194,,,,,,0.020795179530978203,-0.016003973845935566,,,,,,-0.010020830668509007,,-0.010020830668509007,-0.012479844503104687
62.994792000000004,POS,,,,,,,,,,,,,,,,0.008840178073946967,0.008840178073946967,,,,,37.4275,-122.1696999,,,0.0,,,,6.947240829467773,,,,,,
63.094752,ATT,3,,0.18,0.23,89.9,0.0,0.0,0.16,,0.21,,,,89.89,,,,,,,,,,,,,,,,,,,,,,
63.094752,XKF1,,,,,,,,,,,,,,,,0.026608713154438083,0.01648869179189205,,,0.016669648530341415,,,,,,0.02088412456214428,-0.01666860943252492,,,,,,-0.010183000937104225,,-0.010183000937104225,-0.013197866268455982
63.094752,POS,,,,,,,,,,,,,,,,0.008840178073946967,0.008840178073946967,,,,,37.4275,-122.1696999,,,0.0,,,,7.1972737312316895,,,,,,
63.194711999999996,ATT,3,,0.19,0.23,89.9,0.0,0.0,0.18,,0.22,,,,89.89,,,,,,,,,,,,,,,,,,,,,,
63.194711999999996,XKF1,,,,,,,,,,,,,,,,0.027028635417548533,0.0168885700404644,,,0.017278004568348673,,,,,,0.02110268548130989,-0.017267361560191,,,,,,-0.010315923020243645,,-0.010315923020243645,-0.013860417529940605
63.194711999999996,POS,,,,,,,,,,,,,,,,0.008840178073946967,0.008840178073946967,,,,,37.4275,-122.1696999,,,0.0,,,,7.446725845336914,,,,,,
63.29467199999999,ATT,3,,0.19,0.22,89.9,0.0,0.0,0.18,,0.22,,,,89.89,,,,,,,,,,,,,,,,,,,,,,
63.29467199999999,XKF1,,,,,,,,,,,,,,,,0.027044433830925706,0.017037322744727135,,,0.01831437705263629,,,,,,0.0210031196475029,-0.018298227268716105,,,,,,-0.01093025039881468,,-0.010930250398814678,-0.014695102348923683
63.29467199999999,POS,,,,,,,,,,,,,,,,0.0208929743212945,0.017680354891629176,,,,,37.4275001,-122.1696998,,,0.011132000130089637,,,,7.696133613586426,,,,,,
63.394632,ATT,3,,0.19,0.22,89.9,0.0,0.0,0.18,,0.22,,,,89.89,,,,,,,,,,,,,,,,,,,,,,
63.394632,XKF1,,,,,,,,,,,,,,,,0.02723997139478534,0.01731855981051922,,,0.019017570954382203,,,,,,0.021025782451033592,-0.018989864738002658,,,,,,-0.01128124911338091,,-0.011281249113380909,-0.015310173854231834
63.394632,POS,,,,,,,,,,,,,,,,0.0208929743212945,0.017680354891629176,,,,,37.4275001,-122.1696998,,,0.011132000130089637,,,,7.945092678070068,,,,,,
63.494592,ATT,3,,0.19,0.21,89.9,0.0,0.0,0.19,,0.21,,,,89.89,,,,,,,,,,,,,,,,,,,,,,
63.494592,XKF1,,,,,,,,,,,,,,,,0.02704314332911279,0.017349019646644592,,,0.019980997243132115,,,,,,0.02074471302330494,-0.019944173632511195,,,,,,-0.011864693835377695,,-0.011864693835377693,-0.016076980158686638
63.494592,POS,,,,,,,,,,,,,,,,0.0208929743212945,0.017680354891629176,,,,,37.4275001,-122.1696998,,,0.011132000130089637,,,,8.19405460357666,,,,,,
63.59455199999999,ATT,3,,0.19,0.21,89.9,0.0,0.0,0.18,,0.2,,,,89.89,,,,,,,,,,,,,,,,,,,,,,
63.59455199999999,XKF1,,,,,,,,,,,,,,,,0.027042056139185738,0.017514672130346298,,,0.02050384076149437,,,,,,0.020603617653250694,-0.020459436915686656,,,,,,-0.012223653495311739,,-0.012223653495311737,-0.016461767256259918
63.59455199999999,POS,,,,,,,,,,,,,,,,0.0208929743212945,0.017680354891629176,,,,,37.4275001,-122.1696998,,,0.011132000130089637,,,,8.442652702331543,,,,,,
63.694512,ATT,3,,0.19,0.2,89.9,0.0,0.0,0.18,,0.2,,,,89.89,,,,,,,,,,,,,,,,,,,,,,
63.694512,XKF1,,,,,,,,,,,,,,,,0.026688967513042186,0.017435170710086823,,,0.02112524930945328,,,,,,0.02020682580769062,-0.02107896905810266,,,,,,-0.01271217502653599,,-0.012712175026535988,-0.01687236689031124
63.694512,POS,,,,,,,,,,,,,,,,0.0208929743212945,0.017680354891629176,,,,,37.4275001,-122.1696998,,,0.011132000130089637,,,,8.691424369812012,,,,,,
63.794472,ATT,3,,0.19,0.2,89.9,0.0,0.0,0.19,,0.19,,,,89.89,,,,,,,,,,,,,,,,,,,,,,
63.794472,XKF1,,,,,,,,,,,,,,,,0.02658536014824632,0.01750274933874607,,,0.021427580351404178,,,,,,0.020010875537991524,-0.021385516987519795,,,,,,-0.0130692794919014,,-0.013069279491901398,-0.016980433836579323
63.794472,POS,,,,,,,,,,,,,,,,0.0208929743212945,0.017680354891629176,,,,,37.4275001,-122.1696998,,,0.011132000130089637,,,,8.940004348754883,,,,,,
63.894431999999995,ATT,3,,0.18,0.19,89.9,0.0,0.0,0.19,,0.18,,,,89.9,,,,,,,,,,,,,,,,,,,,,,
63.894431999999995,XKF1,,,,,,,,,,,,,,,,0.026147659849381083,0.01732339896261692,,,0.021884009968365387,,,,,,0.019585708156228065,-0.021854249015766877,,,,,,-0.01362432446330786,,-0.013624324463307858,-0.01712564378976822
63.894431999999995,POS,,,,,,,,,,,,,,,,0.0208929743212945,0.017680354891629176,,,,,37.4275001,-122.1696998,,,0.011132000130089637,,,,9.189004898071289,,,,,,
63.994392000000005,ATT,3,,0.18,0.19,89.9,0.0,0.0,0.19,,0.18,,,,89.9,,,,,,,,,,,,,,,,,,,,,,
63.994392000000005,XKF1,,,,,,,,,,,,,,,,0.025978734105485728,0.017287982627749443,,,0.022025718015310825,,,,,,0.019391242414712906,-0.02201059176430648,,,,,,-0.014038117602467539,,-0.014038117602467537,-0.016972433775663376
63.994392000000005,POS,,,,,,,,,,,,,,,,0.0208929743212945,0.017680354891629176,,,,,37.4275001,-122.1696998,,,0.011132000130089637,,,,9.437752723693848,,,,,,
64.094352,ATT,3,,0.17,0.19,89.9,0.0,0.0,0.19,,0.18,,,,89.9,,,,,,,,,,,,,,,,,,,,,,
64.094352,XKF1,,,,,,,,,,,,,,,,0.02515794069563929,0.016789209097623825,,,0.022657786908311894,,,,,,0.018736179918050766,-0.02265414657389418,,,,,,-0.014815825968980791,,-0.01481582596898079,-0.017142537981271744
64.094352,POS,,,,,,,,,,,,,,,,0.0208929743212945,0.017680354891629176,,,,,37.4275001,-122.1696998,,,0.011132000130089637,,,,9.687143325805664,,,,,,
64.194312,ATT,3,,0.17,0.19,89.9,0.0,0.0,0.17,,0.18,,,,89.9,,,,,,,,,,,,,,,,,,,,,,
64.194312,XKF1,,,,,,,,,,,,,,,,0.025059697553877238,0.01675029657781124,,,0.022490734786060583,,,,,,0.01863909885287285,-0.02249019564021519,,,,,,-0.014916972257196905,,-0.014916972257196903,-0.016832025721669197
64.194312,POS,,,,,,,,,,,,,,,,0.0208929743212945,0.017680354891629176,,,,,37.4275001,-122.1696998,,,0.011132000130089637,,,,9.935853958129883,,,,,,
64.29427199999999,ATT,3,,0.17,0.19,89.9,0.0,0.0,0.17,,0.18,,,,89.91,,,,,,,,,,,,,,,,,,,,,,
64.29427199999999,XKF1,,,,,,,,,,,,,,,,0.02430632358656867,0.01626063510775566,,,0.022701459304043124,,,,,,0.018066242337226868,-0.022701456692345294,,,,,,-0.015178904868662359,,-0.015178904868662357,-0.016880672425031662
64.29427199999999,POS,,,,,,,,,,,,,,,,0.0208929743212945,0.017680354891629176,,,,,37.4275001,-122.1696998,,,0.011132000130089637,,,,10.185311317443848,,,,,,
64.394232,ATT,3,,0.16,0.18,89.9,0.0,0.0,0.17,,0.18,,,,89.92,,,,,,,,,,,,,,,,,,,,,,
64.394232,XKF1,,,,,,,,,,,,,,,,0.024291502448505153,0.016253545880317688,,,0.02232741120405652,,,,,,0.018052682280540466,-0.022327306905667848,,,,,,-0.014990012161433698,,-0.014990012161433697,-0.016547290608286858
64.394232,POS,,,,,,,,,,,,,,,,0.0208929743212945,0.017680354891629176,,,,,37.4275001,-122.1696998,,,0.011132000130089637,,,,10.434064865112305,,,,,,
64.494192,ATT,3,,0.16,0.18,89.9,0.0,0.0,0.17,,0.18,,,,89.93,,,,,,,,,,,,,,,,,,,,,,
64.494192,XKF1,,,,,,,,,,,,,,,,0.023612075192544407,0.01579703949391842,,,0.02245434509150072,,,,,,0.017549462616443634,-0.02245305430799628,,,,,,-0.015200570225715639,,-0.015200570225715637,-0.016526956111192703
64.494192,POS,,,,,,,,,,,,,,,,0.0208929743212945,0.017680354891629176,,,,,37.4275001,-122.1696998,,,0.011132000130089637,,,,10.683524131774902,,,,,,
64.594985,ATT,3,,0.16,0.18,89.9,0.0,0.0,0.17,,0.17,,,,89.92,,,,,,,,,,,,,,,,,,,,,,
64.594985,XKF1,,,,,,,,,,,,,,,,0.023641316940165427,0.015780234709382057,,,0.022084261399295636,,,,,,0.017603864893317223,-0.022078988617659508,,,,,,-0.015096727758646013,,-0.015096727758646011,-0.01611841842532158
64.594985,POS,,,,,,,,,,,,,,,,0.0208929743212945,0.017680354891629176,,,,,37.4275001,-122.1696998,,,0.011132000130089637,,,,10.932218551635742,,,,,,
64.694945,ATT,3,,0.16,0.18,89.9,0.0,0.0,0.17,,0.17,,,,89.92,,,,,,,,,,,,,,,,,,,,,,
64.694945,XKF1,,,,,,,,,,,,,,,,0.02332186737697056,0.015522593632340431,,,0.021974797151657545,,,,,,0.017405705526471138,-0.02196403409188762,,,,,,-0.01513208542019129,,-0.015132085420191288,-0.01593460701406002
64.694945,POS,,,,,,,,,,,,,,,,0.0208929743212945,0.017680354891629176,,,,,37.4275001,-122.1696998,,,0.011132000130089637,,,,11.18132495880127,,,,,,
64.794905,ATT,3,,0.16,0.19,89.9,0.0,0.0,0.17,,0.18,,,,89.92,,,,,,,,,,,,,,,,,,,,,,
64.794905,XKF1,,,,,,,,,,,,,,,,0.023275109985727575,0.015435703098773956,,,0.02170338049192324,,,,,,0.017420385032892227,-0.021685407150077912,,,,,,-0.01504238694906235,,-0.015042386949062347,-0.015644913539290428
64.794905,POS,,,,,,,,,,,,,,,,0.0208929743212945,0.017680354891629176,,,,,37.4275001,-122.1696998,,,0.011132000130089637,,,,11.430203437805176,,,,,,
64.894865,ATT,3,,0.16,0.19,89.9,0.0,0.0,0.17,,0.18,,,,89.91,,,,,,,,,,,,,,,,,,,,,,
64.894865,XKF1,,,,,,,,,,,,,,,,0.022883310871441197,0.015116955153644085,,,0.021665541949255403,,,,,,0.017179161310195923,-0.021641082829870133,,,,,,-0.015068972483277323,,-0.01506897248327732,-0.015566688030958176
64.894865,POS,,,,,,,,,,,,,,,,0.0208929743212945,0.017680354891629176,,,,,37.4275001,-122.1696998,,,0.011132000130089637,,,,11.68160343170166,,,,,,
64.99482499999999,ATT,3,,0.16,0.19,89.9,0.0,0.0,0.16,,0.18,,,,89.91,,,,,,,,,,,,,,,,,,,,,,
64.99482499999999,XKF1,,,,,,,,,,,,,,,,0.02281394907046391,0.01502232626080513,,,0.02132333784168921,,,,,,0.01716991513967514,-0.021298323002835916,,,,,,-0.014801438897848131,,-0.01480143889784813,-0.01534933689981699
64.99482499999999,POS,,,,,,,,,,,,,,,,0.0208929743212945,0.017680354891629176,,,,,37.4275001,-122.1696998,,,0.011132000130089637,,,,11.930639266967773,,,,,,
65.094785,ATT,3,,0.16,0.19,89.9,0.0,0.0,0.16,,0.18,,,,89.9,,,,,,,,,,,,,,,,,,,,,,
65.094785,XKF1,,,,,,,,,,,,,,,,0.02244653892308836,0.01472869049757719,,,0.02120219396656168,,,,,,0.016938500106334686,-0.021175592748756498,,,,,,-0.014695945195853712,,-0.01469594519585371,-0.01528274267911911
65.094785,POS,,,,,,,,,,,,,,,,0.0208929743212945,0.017680354891629176,,,,,37.4275001,-122.1696998,,,0.011132000130089637,,,,12.179986953735352,,,,,,
65.194745,ATT,3,,0.16,0.19,89.9,0.0,0.0,0.17,,0.18,,,,89.9,,,,,,,,,,,,,,,,,,,,,,
65.194745,XKF1,,,,,,,,,,,,,,,,0.022420354741335087,0.01465726736932993,,,0.020941160909381203,,,,,,0.016965754330158234,-0.02090989804469121,,,,,,-0.014535371214151384,,-0.014535371214151382,-0.015074986033141613
65.194745,POS,,,,,,,,,,,,,,,,0.0208929743212945,0.017680354891629176,,,,,37.4275001,-122.1696998,,,0.011132000130089637,,,,12.429006576538086,,,,,,
65.294705,ATT,3,,0.16,0.19,89.9,0.0,0.0,0.16,,0.18,,,,89.89,,,,,,,,,,,,,,,,,,,,,,
65.294705,XKF1,,,,,,,,,,,,,,,,0.022086044631420696,0.014375517144799232,,,0.020926446467748626,,,,,,0.016767166554927826,-0.020887690297566392,,,,,,-0.01456196140497923,,-0.014561961404979229,-0.015028820373117924
65.294705,POS,,,,,,,,,,,,,,,,0.0208929743212945,0.017680354891629176,,,,,37.4275001,-122.1696998,,,0.011132000130089637,,,,12.678464889526367,,,,,,
65.394665,ATT,3,,0.16,0.19,89.9,0.0,0.0,0.16,,0.18,,,,89.88,,,,,,,,,,,,,,,,,,,,,,
65.394665,XKF1,,,,,,,,,,,,,,,,0.02208355197309943,0.014311517588794231,,,0.020671391526072593,,,,,,0.01681855320930481,-0.020630779427935435,,,,,,-0.014356386847794058,,-0.014356386847794056,-0.01487281359732151
65.394665,POS,,,,,,,,,,,,,,,,0.0208929743212945,0.017680354891629176,,,,,37.4275001,-122.1696998,,,0.011132000130089637,,,,12.927519798278809,,,,,,
65.494625,ATT,3,,0.16,0.19,89.9,0.0,0.0,0.16,,0.18,,,,89.87,,,,,,,,,,,,,,,,,,,,,,
65.494625,XKF1,,,,,,,,,,,,,,,,0.021687529275650545,0.014051331207156181,,,0.020590150221006735,,,,,,0.016519958153367043,-0.020556418892572943,,,,,,-0.01421587821096182,,-0.014215878210961819,-0.014895069412887096
65.494625,POS,,,,,,,,,,,,,,,,0.0208929743212945,0.017680354891629176,,,,,37.4275001,-122.1696998,,,0.011132000130089637,,,,13.176980972290039,,,,,,
65.594585,ATT,3,,0.16,0.19,89.9,0.0,0.0,0.15,,0.17,,,,89.87,,,,,,,,,,,,,,,,,,,,,,
65.594585,XKF1,,,,,,,,,,,,,,,,0.021430629391835283,0.0140300327911973,,,0.02025880033529354,,,,,,0.016199693083763123,-0.020244106406970597,,,,,,-0.013836404308676721,,-0.01383640430867672,-0.014797733165323734
65.594585,POS,,,,,,,,,,,,,,,,0.0208929743212945,0.017680354891629176,,,,,37.4275001,-122.1696998,,,0.011132000130089637,,,,13.426069259643555,,,,,,
65.694545,ATT,3,,0.16,0.19,89.9,0.0,0.0,0.15,,0.17,,,,89.87,,,,,,,,,,,,,,,,,,,,,,
65.694545,XKF1,,,,,,,,,,,,,,,,0.02080944424225011,0.01383031252771616,,,0.020126945192846486,,,,,,0.01554848626255989,-0.020122778838520077,,,,,,-0.013679918833076956,,-0.013679918833076954,-0.014763256534934044
65.694545,POS,,,,,,,,,,,,,,,,0.0208929743212945,0.017680354891629176,,,,,37.4275001,-122.1696998,,,0.011132000130089637,,,,13.675585746765137,,,,,,
65.794505,ATT,3,,0.16,0.19,89.9,0.0,0.0,0.15,,0.17,,,,89.88,,,,,,,,,,,,,,,,,,,,,,
65.794505,XKF1,,,,,,,,,,,,,,,,0.020264922052960325,0.013888051733374596,,,0.019867545914207335,,,,,,0.014757678844034672,-0.01986330625176335,,,,,,-0.013313930481672289,,-0.013313930481672287,-0.014746478758752346
65.794505,POS,,,,,,,,,,,,,,,,0.0208929743212945,0.017680354891629176,,,,,37.4275001,-122.1696998,,,0.011132000130089637,,,,13.92465591430664,,,,,,
65.894465,ATT,3,,0.16,0.17,89.9,0.0,0.0,0.16,,0.16,,,,89.88,,,,,,,,,,,,,,,,,,,,,,
65.894465,XKF1,,,,,,,,,,,,,,,,0.01947900759104982,0.013746934942901134,,,0.01985520292428288,,,,,,0.013800489716231823,-0.019830338769693916,,,,,,-0.013291110284626486,,-0.013291110284626484,-0.014750439673662186
65.894465,POS,,,,,,,,,,,,,,,,0.0208929743212945,0.017680354891629176,,,,,37.4275001,-122.1696998,,,0.011132000130089637,,,,14.174190521240234,,,,,,
65.99442499999999,ATT,3,,0.16,0.16,89.9,0.0,0.0,0.17,,0.16,,,,89.89,,,,,,,,,,,,,,,,,,,,,,
65.99442499999999,XKF1,,,,,,,,,,,,,,,,0.018898600048513802,0.013820390217006207,,,0.01977045924733289,,,,,,0.012890069745481014,-0.019696619077242798,,,,,,-0.013239609077572824,,-0.013239609077572823,-0.014682772569358349
65.99442499999999,POS,,,,,,,,,,,,,,,,0.0208929743212945,0.017680354891629176,,,,,37.4275001,-122.1696998,,,0.011132000130089637,,,,14.423357009887695,,,,,,
66.094385,ATT,3,,0.16,0.15,89.9,0.0,0.0,0.16,,0.15,,,,89.89,,,,,,,,,,,,,,,,,,,,,,
66.094385,XKF1,,,,,,,,,,,,,,,,0.017859230046354833,0.013436239212751389,,,0.019869167252809666,,,,,,0.011765184812247753,-0.01974979059453228,,,,,,-0.013425912708044054,,-0.013425912708044052,-0.014646797440946102
66.094385,POS,,,,,,,,,,,,,,,,0.0208929743212945,0.017680354891629176,,,,,37.4275001,-122.1696998,,,0.011132000130089637,,,,14.673521041870117,,,,,,
66.194345,ATT,3,,0.15,0.14,89.9,0.0,0.0,0.15,,0.14,,,,89.9,,,,,,,,,,,,,,,,,,,,,,
66.194345,XKF1,,,,,,,,,,,,,,,,0.017251126317685623,0.01330207847058773,,,0.01937322371540148,,,,,,0.010984355583786964,-0.019211247198255767,,,,,,-0.01322169415652752,,-0.01322169415652752,-0.01416010595858097
66.194345,POS,,,,,,,,,,,,,,,,0.017680354891629176,0.017680354891629176,,,,,37.4275,-122.1696998,,,0.0,,,,14.922487258911133,,,,,,
66.294305,ATT,3,,0.15,0.14,89.9,0.0,0.0,0.14,,0.14,,,,89.9,,,,,,,,,,,,,,,,,,,,,,
66.294305,XKF1,,,,,,,,,,,,,,,,0.01624015000313174,0.01279382687062025,,,0.019047384634182454,,,,,,0.010003022849559784,-0.01882648410056842,,,,,,-0.013049717992544174,,-0.013049717992544174,-0.013874715194106102
66.294305,POS,,,,,,,,,,,,,,,,0.017680354891629176,0.017680354891629176,,,,,37.4275,-122.1696998,,,0.0,,,,15.172442436218262,,,,,,
66.394265,ATT,3,,0.15,0.14,89.9,0.0,0.0,0.14,,0.14,,,,89.89,,,,,,,,,,,,,,,,,,,,,,
66.394265,XKF1,,,,,,,,,,,,,,,,0.01580985577476366,0.012685778550803661,,,0.018209266915135705,,,,,,0.009435176849365234,-0.01793740572861352,,,,,,-0.012522106990218163,,-0.012522106990218163,-0.013220220804214478
66.394265,POS,,,,,,,,,,,,,,,,0.017680354891629176,0.017680354891629176,,,,,37.4275,-122.1696998,,,0.0,,,,15.421359062194824,,,,,,
66.494225,ATT,3,,0.15,0.14,89.9,0.0,0.0,0.13,,0.14,,,,89.89,,,,,,,,,,,,,,,,,,,,,,
66.494225,XKF1,,,,,,,,,,,,,,,,0.014985070298199628,0.012232096865773201,,,0.017751088735755427,,,,,,0.00865610409528017,-0.017443820737513015,,,,,,-0.012339538894593716,,-0.012339538894593716,-0.012760757468640804
66.494225,POS,,,,,,,,,,,,,,,,0.017680354891629176,0.017680354891629176,,,,,37.4275,-122.1696998,,,0.0,,,,15.671340942382812,,,,,,
66.594185,ATT,3,,0.15,0.14,89.9,0.0,0.0,0.13,,0.14,,,,89.89,,,,,,,,,,,,,,,,,,,,,,
66.594185,XKF1,,,,,,,,,,,,,,,,0.014792050201121605,0.012215505354106426,,,0.016949851981220603,,,,,,0.008341833017766476,-0.01660605482712513,,,,,,-0.011798097752034664,,-0.011798097752034664,-0.01216973178088665
66.594185,POS,,,,,,,,,,,,,,,,0.017680354891629176,0.017680354891629176,,,,,37.4275,-122.1696998,,,0.0,,,,15.920241355895996,,,,,,
66.69497799999999,ATT,3,,0.15,0.14,89.9,0.0,0.0,0.13,,0.15,,,,89.89,,,,,,,,,,,,,,,,,,,,,,
66.69497799999999,XKF1,,,,,,,,,,,,,,,,0.01442068272758462,0.012042279355227947,,,0.016446048025352756,,,,,,0.007933448068797588,-0.016046681851999915,,,,,,-0.011418324895203114,,-0.011418324895203114,-0.011836146004498005
66.69497799999999,POS,,,,,,,,,,,,,,,,0.017680354891629176,0.017680354891629176,,,,,37.4275,-122.1696998,,,0.0,,,,16.1696834564209,,,,,,
66.794938,ATT,3,,0.16,0.14,89.9,0.0,0.0,0.15,,0.14,,,,89.9,,,,,,,,,,,,,,,,,,,,,,
66.794938,XKF1,,,,,,,,,,,,,,,,0.014331471869987391,0.012066650204360485,,,0.015856713319379555,,,,,,0.007732207886874676,-0.015439302859456959,,,,,,-0.011049389839172363,,-0.011049389839172363,-0.011373053304851055
66.794938,POS,,,,,,,,,,,,,,,,0.017680354891629176,0.017680354891629176,,,,,37.4275,-122.1696998,,,0.0,,,,16.418750762939453,,,,,,
66.894898,ATT,3,,0.16,0.14,89.9,0.0,0.0,0.15,,0.13,,,,89.9,,,,,,,,,,,,,,,,,,,,,,
66.894898,XKF1,,,,,,,,,,,,,,,,0.014058012599713966,0.011924638412892818,,,0.01544482455921989,,,,,,0.007445180788636208,-0.015065709936893129,,,,,,-0.01097821444272995,,-0.01097821444272995,-0.010863766074180603
66.894898,POS,,,,,,,,,,,,,,,,0.017680354891629176,0.017680354891629176,,,,,37.4275,-122.1696998,,,0.0,,,,16.668354034423828,,,,,,
66.994858,ATT,3,,0.16,0.14,89.9,0.0,0.0,0.15,,0.13,,,,89.91,,,,,,,,,,,,,,,,,,,,,,
66.994858,XKF1,,,,,,,,,,,,,,,,0.014079806502064907,0.011963076889514923,,,0.014730175452661809,,,,,,0.0074246712028980255,-0.014456891700635426,,,,,,-0.010794170200824738,,-0.010794170200824738,-0.010023171082139015
66.994858,POS,,,,,,,,,,,,,,,,0.017680354891629176,0.017680354891629176,,,,,37.4275,-122.1696998,,,0.0,,,,16.91952896118164,,,,,,
67.094818,ATT,3,,0.16,0.14,89.9,0.0,0.0,0.15,,0.13,,,,89.91,,,,,,,,,,,,,,,,,,,,,,
67.094818,XKF1,,,,,,,,,,,,,,,,0.013943971732366587,0.011851442977786064,,,0.01428152190818736,,,,,,0.007346948143094778,-0.014066548308062523,,,,,,-0.010654931887984276,,-0.010654931887984276,-0.009509694762527943
67.094818,POS,,,,,,,,,,,,,,,,0.017680354891629176,0.017680354891629176,,,,,37.4275,-122.1696998,,,0.0,,,,17.169172286987305,,,,,,
67.194778,ATT,3,,0.17,0.15,89.9,0.0,0.0,0.15,,0.15,,,,89.91,,,,,,,,,,,,,,,,,,,,,,
67.194778,XKF1,,,,,,,,,,,,,,,,0.014146225491330612,0.011957017704844475,,,0.013735874597240674,,,,,,0.007559459190815687,-0.01359243602218461,,,,,,-0.010430920869112015,,-0.010430920869112015,-0.008937009610235691
67.194778,POS,,,,,,,,,,,,,,,,0.017680354891629176,0.017680354891629176,,,,,37.4275,-122.1696998,,,0.0,,,,17.41831398010254,,,,,,
67.294738,ATT,3,,0.17,0.15,89.9,0.0,0.0,0.15,,0.15,,,,89.91,,,,,,,,,,,,,,,,,,,,,,
67.294738,XKF1,,,,,,,,,,,,,,,,0.014144615067170109,0.01189577765762806,,,0.013646824012456588,,,,,,0.007652490399777889,-0.013541909901701604,,,,,,-0.010475154966115952,,-0.010475154966115952,-0.008746824227273464
67.294738,POS,,,,,,,,,,,,,,,,0.017680354891629176,0.017680354891629176,,,,,37.4275,-122.1696998,,,0.0,,,,17.668052673339844,,,,,,
67.39469799999999,ATT,3,,0.17,0.16,89.9,0.0,0.0,0.16,,0.16,,,,89.9,,,,,,,,,,,,,,,,,,,,,,
67.39469799999999,XKF1,,,,,,,,,,,,,,,,0.014454773295318479,0.012041567824780941,,,0.013432587125857941,,,,,,0.007996318861842155,-0.013373910015839057,,,,,,-0.01044735498726368,,-0.01044735498726368,-0.00844317302107811
67.39469799999999,POS,,,,,,,,,,,,,,,,0.017680354891629176,0.017680354891629176,,,,,37.4275,-122.1696998,,,0.0,,,,17.917278289794922,,,,,,
67.494658,ATT,3,,0.17,0.16,89.9,0.0,0.0,0.16,,0.16,,,,89.9,,,,,,,,,,,,,,,,,,,,,,
67.494658,XKF1,,,,,,,,,,,,,,,,0.01451987696683137,0.011998308822512627,,,0.013574490047764978,,,,,,0.008177249692380428,-0.013542781588819344,,,,,,-0.010668677277863026,,-0.010668677277863026,-0.00839321780949831
67.494658,POS,,,,,,,,,,,,,,,,0.017680354891629176,0.017680354891629176,,,,,37.4275,-122.1696998,,,0.0,,,,18.166980743408203,,,,,,
67.594618,ATT,3,,0.17,0.16,89.9,0.0,0.0,0.17,,0.16,,,,89.9,,,,,,,,,,,,,,,,,,,,,,
67.594618,XKF1,,,,,,,,,,,,,,,,0.014880868994639642,0.01216075662523508,,,0.013538014678376481,,,,,,0.00857649464160204,-0.013529153634580071,,,,,,-0.01077386736869812,,-0.01077386736869812,-0.008197659626603127
67.594618,POS,,,,,,,,,,,,,,,,0.017680354891629176,0.017680354891629176,,,,,37.4275,-122.1696998,,,0.0,,,,18.416156768798828,,,,,,
67.69457799999999,ATT,3,,0.17,0.16,89.9,0.0,0.0,0.16,,0.16,,,,89.89,,,,,,,,,,,,,,,,,,,,,,
67.69457799999999,XKF1,,,,,,,,,,,,,,,,0.014994485527500104,0.012132379226386547,,,0.013690147233100176,,,,,,0.008811354637145996,-0.013688855872114644,,,,,,-0.010965469293296337,,-0.010965469293296337,-0.008196256123483181
67.69457799999999,POS,,,,,,,,,,,,,,,,0.017680354891629176,0.017680354891629176,,,,,37.4275,-122.1696998,,,0.0,,,,18.66576385498047,,,,,,
67.794538,ATT,3,,0.18,0.18,89.9,0.0,0.0,0.16,,0.17,,,,89.89,,,,,,,,,,,,,,,,,,,,,,
67.794538,XKF1,,,,,,,,,,,,,,,,0.015438581755738598,0.012332946993410587,,,0.013486850467399688,,,,,,0.009286992251873016,-0.013485569339537855,,,,,,-0.010884624905884266,,-0.010884624905884266,-0.007963672280311584
67.794538,POS,,,,,,,,,,,,,,,,0.017680354891629176,0.017680354891629176,,,,,37.4275,-122.1696998,,,0.0,,,,18.91483497619629,,,,,,
67.894498,ATT,3,,0.18,0.18,89.9,0.0,0.0,0.16,,0.18,,,,89.89,,,,,,,,,,,,,,,,,,,,,,
67.894498,XKF1,,,,,,,,,,,,,,,,0.01562542347134002,0.012347759678959846,,,0.013737584695397062,,,,,,0.009575316682457924,-0.013734820111071631,,,,,,-0.01102262083441019,,-0.01102262083441019,-0.008198967203497887
67.894498,POS,,,,,,,,,,,,,,,,0.017680354891629176,0.017680354891629176,,,,,37.4275,-122.1696998,,,0.0,,,,19.164505004882812,,,,,,
67.994458,ATT,3,,0.18,0.18,89.9,0.0,0.0,0.16,,0.2,,,,89.89,,,,,,,,,,,,,,,,,,,,,,
67.994458,XKF1,,,,,,,,,,,,,,,,0.016119003801718924,0.012604746967554092,,,0.013870975116453221,,,,,,0.010047021321952343,-0.013870463143400383,,,,,,-0.01092071458697319,,-0.01092071458697319,-0.008552306331694126
67.994458,POS,,,,,,,,,,,,,,,,0.017680354891629176,0.017680354891629176,,,,,37.4275,-122.1696998,,,0.0,,,,19.41365623474121,,,,,,
68.094418,ATT,3,,0.18,0.18,89.9,0.0,0.0,0.15,,0.21,,,,89.88,,,,,,,,,,,,,,,,,,,,,,
68.094418,XKF1,,,,,,,,,,,,,,,,0.016309070353957303,0.012673847377300262,,,0.014365939396968374,,,,,,0.010264471173286438,-0.014361988903583185,,,,,,-0.01094873808324337,,-0.01094873808324337,-0.00930082518607378
68.094418,POS,,,,,,,,,,,,,,,,0.017680354891629176,0.017680354891629176,,,,,37.4275,-122.1696998,,,0.0,,,,19.66339874267578,,,,,,
68.194378,ATT,3,,0.18,0.17,89.9,0.0,0.0,0.17,,0.2,,,,89.88,,,,,,,,,,,,,,,,,,,,,,
68.194378,XKF1,,,,,,,,,,,,,,,,0.01677652708064045,0.01299447100609541,,,0.01466923112913318,,,,,,0.010611106641590595,-0.014646896129263717,,,,,,-0.01083313301205635,,-0.01083313301205635,-0.009890883229672909
68.194378,POS,,,,,,,,,,,,,,,,0.017680354891629176,0.017680354891629176,,,,,37.4275,-122.1696998,,,0.0,,,,19.912612915039062,,,,,,
68.294338,ATT,3,,0.18,0.17,89.9,0.0,0.0,0.18,,0.19,,,,89.88,,,,,,,,,,,,,,,,,,,,,,
68.294338,XKF1,,,,,,,,,,,,,,,,0.016589762380409573,0.01285372581332922,,,0.015591194863719099,,,,,,0.010488181374967098,-0.01556166953495803,,,,,,-0.011450834572315216,,-0.011450834572315216,-0.01058129221200943
68.294338,POS,,,,,,,,,,,,,,,,0.017680354891629176,0.017680354891629176,,,,,37.4275,-122.1696998,,,0.0,,,,20.162921905517578,,,,,,
68.39429799999999,ATT,3,,0.18,0.16,89.9,0.0,0.0,0.18,,0.18,,,,89.87,,,,,,,,,,,,,,,,,,,,,,
68.39429799999999,XKF1,,,,,,,,,,,,,,,,0.017116275178237186,0.013239673338830471,,,0.01579120700667837,,,,,,0.01084794569760561,-0.015766445307893874,,,,,,-0.0116353128105402,,-0.0116353128105402,-0.010676221922039986
68.39429799999999,POS,,,,,,,,,,,,,,,,0.017680354891629176,0.017680354891629176,,,,,37.4275,-122.1696998,,,0.0,,,,20.410856246948242,,,,,,
68.494258,ATT,3,,0.18,0.16,89.9,0.0,0.0,0.18,,0.17,,,,89.88,,,,,,,,,,,,,,,,,,,,,,
68.494258,XKF1,,,,,,,,,,,,,,,,0.016972301075204817,0.013124422170221806,,,0.01640424427680605,,,,,,0.010761437937617302,-0.016386258245866557,,,,,,-0.012184308841824532,,-0.012184308841824532,-0.010983708314597607
68.494258,POS,,,,,,,,,,,,,,,,0.017680354891629176,0.017680354891629176,,,,,37.4275,-122.1696998,,,0.0,,,,20.659753799438477,,,,,,
68.594218,ATT,3,,0.18,0.17,89.9,0.0,0.0,0.17,,0.16,,,,89.88,,,,,,,,,,,,,,,,,,,,,,
68.594218,XKF1,,,,,,,,,,,,,,,,0.01782469097472687,0.013522624038159847,,,0.016164636307184146,,,,,,0.0116128483787179,-0.016164580674065995,,,,,,-0.012235558591783047,,-0.012235558591783047,-0.01056345459073782
68.594218,POS,,,,,,,,,,,,,,,,0.017680354891629176,0.017680354891629176,,,,,37.4275,-122.1696998,,,0.0,,,,20.907129287719727,,,,,,
68.694178,ATT,3,,0.18,0.18,89.9,0.0,0.0,0.16,,0.17,,,,89.88,,,,,,,,,,,,,,,,,,,,,,
68.694178,XKF1,,,,,,,,,,,,,,,,0.017952986743091977,0.013420204631984234,,,0.016386152941472772,,,,,,0.01192509289830923,-0.016380385079477592,,,,,,-0.012533421628177166,,-0.012533421628177166,-0.010555536486208439
68.694178,POS,,,,,,,,,,,,,,,,0.017680354891629176,0.017680354891629176,,,,,37.4275,-122.1696998,,,0.0,,,,21.15564727783203,,,,,,
68.794971,ATT,3,,0.18,0.2,89.9,0.0,0.0,0.17,,0.18,,,,89.88,,,,,,,,,,,,,,,,,,,,,,
68.794971,XKF1,,,,,,,,,,,,,,,,0.01953062188189563,0.01416153833270073,,,0.015850522575838664,,,,,,0.013449759222567081,-0.015804093883413483,,,,,,-0.01229430828243494,,-0.01229430828243494,-0.010004451498389244
68.794971,POS,,,,,,,,,,,,,,,,0.017680354891629176,0.017680354891629176,,,,,37.4275,-122.1696998,,,0.0,,,,21.402915954589844,,,,,,
68.894931,ATT,3,,0.19,0.22,89.9,0.0,0.0,0.19,,0.21,,,,89.88,,,,,,,,,,,,,,,,,,,,,,
68.894931,XKF1,,,,,,,,,,,,,,,,0.020702001677220885,0.014635387808084488,,,0.016139550986329423,,,,,,0.014641663059592247,-0.016060125149729813,,,,,,-0.012484846636652946,,-0.012484846636652946,-0.010228084400296211
68.894931,POS,,,,,,,,,,,,,,,,0.017680354891629176,0.017680354891629176,,,,,37.4275,-122.1696998,,,0.0,,,,21.65095329284668,,,,,,
68.994891,ATT,3,,0.2,0.24,89.9,0.0,0.0,0.2,,0.23,,,,89.89,,,,,,,,,,,,,,,,,,,,,,
68.994891,XKF1,,,,,,,,,,,,,,,,0.022338056784652737,0.015403566882014275,,,0.01654534367427104,,,,,,0.01617772877216339,-0.01643887323483375,,,,,,-0.01269287709146738,,-0.01269287709146738,-0.010613164864480495
68.994891,POS,,,,,,,,,,,,,,,,0.017680354891629176,0.017680354891629176,,,,,37.4275,-122.1696998,,,0.0,,,,21.898597717285156,,,,,,
69.09485099999999,ATT,3,,0.2,0.25,89.9,0.0,0.0,0.2,,0.23,,,,89.89,,,,,,,,,,,,,,,,,,,,,,
69.09485099999999,XKF1,,,,,,,,,,,,,,,,0.023410601047035656,0.015823030844330788,,,0.017614965643080394,,,,,,0.017253635451197624,-0.017495692627598373,,,,,,-0.013333392329514027,,-0.013333392329514027,-0.011511197313666344
69.09485099999999,POS,,,,,,,,,,,,,,,,0.017680354891629176,0.017680354891629176,,,,,37.4275,-122.1696998,,,0.0,,,,22.1491756439209,,,,,,
69.194811,ATT,3,,0.2,0.25,89.9,0.0,0.0,0.21,,0.24,,,,89.89,,,,,,,,,,,,,,,,,,,,,,
69.194811,XKF1,,,,,,,,,,,,,,,,0.0248389874304761,0.016482630744576454,,,0.018442440629181902,,,,,,0.01858220063149929,-0.01830325214596005,,,,,,-0.01383752841502428,,-0.01383752841502428,-0.012192063964903355
69.194811,POS,,,,,,,,,,,,,,,,0.017680354891629176,0.017680354891629176,,,,,37.4275,-122.1696998,,,0.0,,,,22.397418975830078,,,,,,
69.294771,ATT,3,,0.2,0.25,89.9,0.0,0.0,0.2,,0.24,,,,89.89,,,,,,,,,,,,,,,,,,,,,,
69.294771,XKF1,,,,,,,,,,,,,,,,0.025672236122261206,0.016776617616415024,,,0.019663697325775224,,,,,,0.019432159140706062,-0.01952125524070698,,,,,,-0.014545279555022717,,-0.014545279555022717,-0.013232378289103508
69.294771,POS,,,,,,,,,,,,,,,,0.017680354891629176,0.017680354891629176,,,,,37.4275,-122.1696998,,,0.0,,,,22.646499633789062,,,,,,
69.394731,ATT,3,,0.2,0.25,89.9,0.0,0.0,0.2,,0.24,,,,89.89,,,,,,,,,,,,,,,,,,,,,,
69.394731,XKF1,,,,,,,,,,,,,,,,0.026806876062184185,0.0172828808426857,,,0.020487488096626826,,,,,,0.020491721108555794,-0.02035004392462696,,,,,,-0.014931071549654007,,-0.014931071549654007,-0.014028551988303661
69.394731,POS,,,,,,,,,,,,,,,,0.017680354891629176,0.017680354891629176,,,,,37.4275,-122.1696998,,,0.0,,,,22.895174026489258,,,,,,
69.494691,ATT,3,,0.2,0.25,89.9,0.0,0.0,0.19,,0.24,,,,89.89,,,,,,,,,,,,,,,,,,,,,,
69.494691,XKF1,,,,,,,,,,,,,,,,0.027367985372192864,0.01744978502392769,,,0.02159346491434761,,,,,,0.021083444356918335,-0.021465562536301233,,,,,,-0.015494291670620443,,-0.015494291670620441,-0.015040101483464241
69.494691,POS,,,,,,,,,,,,,,,,0.017680354891629176,0.017680354891629176,,,,,37.4275,-122.1696998,,,0.0,,,,23.14459991455078,,,,,,
69.594651,ATT,3,,0.2,0.25,89.9,0.0,0.0,0.19,,0.24,,,,89.89,,,,,,,,,,,,,,,,,,,,,,
69.594651,XKF1,,,,,,,,,,,,,,,,0.028257974040682886,0.017866121605038643,,,0.02230655385530314,,,,,,0.02189325913786888,-0.02219552782264961,,,,,,-0.015755290165543556,,-0.015755290165543556,-0.015790920704603195
69.594651,POS,,,,,,,,,,,,,,,,0.017680354891629176,0.017680354891629176,,,,,37.4275,-122.1696998,,,0.0,,,,23.39362144470215,,,,,,
69.694611,ATT,3,,0.2,0.25,89.9,0.0,0.0,0.19,,0.24,,,,89.89,,,,,,,,,,,,,,,,,,,,,,
69.694611,XKF1,,,,,,,,,,,,,,,,0.028728175573337008,0.01803865283727646,,,0.02325024185104391,,,,,,0.022358780726790428,-0.02315312227217311,,,,,,-0.01619025319814682,,-0.01619025319814682,-0.016686804592609406
69.694611,POS,,,,,,,,,,,,,,,,0.0208929743212945,0.017680354891629176,,,,,37.4275001,-122.1696998,,,0.011132000130089637,,,,23.643402099609375,,,,,,
69.794571,ATT,3,,0.2,0.26,89.9,0.0,0.0,0.2,,0.24,,,,89.89,,,,,,,,,,,,,,,,,,,,,,
69.794571,XKF1,,,,,,,,,,,,,,,,0.02984709746457743,0.018662819638848305,,,0.023778357829998462,,,,,,0.023292668163776398,-0.023698808595729277,,,,,,-0.016335034742951393,,-0.016335034742951393,-0.017279379069805145
69.794571,POS,,,,,,,,,,,,,,,,0.0208929743212945,0.017680354891629176,,,,,37.4275001,-122.1696998,,,0.011132000130089637,,,,23.89264488220215,,,,,,
69.894531,ATT,3,,0.2,0.26,89.9,0.0,0.0,0.2,,0.24,,,,89.89,,,,,,,,,,,,,,,,,,,,,,
69.894531,XKF1,,,,,,,,,,,,,,,,0.030427887425813035,0.018958808854222298,,,0.02467874184095086,,,,,,0.023799577727913857,-0.02460594089652682,,,,,,-0.016812877729535103,,-0.016812877729535103,-0.018065642565488815
69.894531,POS,,,,,,,,,,,,,,,,0.0208929743212945,0.017680354891629176,,,,,37.4275001,-122.1696998,,,0.011132000130089637,,,,24.14200210571289,,,,,,
69.994491,ATT,3,,0.21,0.27,89.9,0.0,0.0,0.21,,0.25,,,,89.9,,,,,,,,,,,,,,,,,,,,,,
69.994491,XKF1,,,,,,,,,,,,,,,,0.031534862794643924,0.019626205787062645,,,0.02531139102647769,,,,,,0.024683184921741486,-0.025258493763223918,,,,,,-0.017000196501612663,,-0.017000196501612663,-0.01875259540975094
69.994491,POS,,,,,,,,,,,,,,,,0.0208929743212945,0.017680354891629176,,,,,37.4275001,-122.1696998,,,0.011132000130089637,,,,24.389026641845703,,,,,,
70.09445099999999,ATT,3,,0.21,0.27,89.9,0.0,0.0,0.2,,0.26,,,,89.9,,,,,,,,,,,,,,,,,,,,,,
70.09445099999999,XKF1,,,,,,,,,,,,,,,,0.032030063873651475,0.01992061734199524,,,0.02623817300933551,,,,,,0.02508174628019333,-0.026197869101024705,,,,,,-0.017431754618883133,,-0.017431754618883133,-0.019610600546002388
70.09445099999999,POS,,,,,,,,,,,,,,,,0.0208929743212945,0.017680354891629176,,,,,37.4275001,-122.1696998,,,0.011132000130089637,,,,24.63396453857422,,,,,,
70.194411,ATT,3,,0.22,0.27,89.9,0.0,0.0,0.21,,0.26,,,,89.9,,,,,,,,,,,,,,,,,,,,,,
70.194411,XKF1,,,,,,,,,,,,,,,,0.03296576887698923,0.020535439252853394,,,0.026778810642707148,,,,,,0.02578832395374775,-0.026755286630722748,,,,,,-0.01754460111260414,,-0.01754460111260414,-0.020230958238244057
70.194411,POS,,,,,,,,,,,,,,,,0.0208929743212945,0.017680354891629176,,,,,37.4275001,-122.1696998,,,0.011132000130089637,,,,24.874664306640625,,,,,,
70.294371,ATT,3,,0.21,0.27,89.9,0.0,0.0,0.2,,0.25,,,,89.9,,,,,,,,,,,,,,,,,,,,,,
70.294371,XKF1,,,,,,,,,,,,,,,,0.032730388576247445,0.02040676400065422,,,0.028047800478680676,,,,,,0.02558988705277443,-0.02803419796734361,,,,,,-0.018161650747060776,,-0.018161650747060776,-0.02137366496026516
70.294371,POS,,,,,,,,,,,,,,,,0.0208929743212945,0.017680354891629176,,,,,37.4275001,-122.1696998,,,0.011132000130089637,,,,25.112438201904297,,,,,,
70.394331,ATT,3,,0.21,0.26,89.9,0.0,0.0,0.21,,0.25,,,,89.9,,,,,,,,,,,,,,,,,,,,,,
70.394331,XKF1,,,,,,,,,,,,,,,,0.03365724337407417,0.021089572459459305,,,0.028348783430115394,,,,,,0.02623051591217518,-0.028343842548462544,,,,,,-0.018172675743699074,,-0.018172675743699074,-0.021757926791906357
70.394331,POS,,,,,,,,,,,,,,,,0.0208929743212945,0.017680354891629176,,,,,37.4275001,-122.1696998,,,0.011132000130089637,,,,25.344276428222656,,,,,,
70.494291,ATT,3,,0.21,0.26,89.9,0.0,0.0,0.22,,0.25,,,,89.9,,,,,,,,,,,,,,,,,,,,,,
70.494291,XKF1,,,,,,,,,,,,,,,,0.033392965124954196,0.021000219509005547,,,0.029501385116023203,,,,,,0.02596306800842285,-0.02949906879912479,,,,,,-0.018838847056031227,,-0.018838847056031227,-0.022703073918819427
70.494291,POS,,,,,,,,,,,,,,,,0.0208929743212945,0.017680354891629176,,,,,37.4275001,-122.1696998,,,0.011132000130089637,,,,25.572189331054688,,,,,,
70.594251,ATT,3,,0.21,0.26,89.9,0.0,0.0,0.22,,0.26,,,,89.9,,,,,,,,,,,,,,,,,,,,,,
70.594251,XKF1,,,,,,,,,,,,,,,,0.03422907305791115,0.021636053919792175,,,0.029849584265246646,,,,,,0.0265237744897604,-0.029849218844368555,,,,,,-0.018982017412781715,,-0.018982017412781715,-0.02303650788962841
70.594251,POS,,,,,,,,,,,,,,,,0.0208929743212945,0.017680354891629176,,,,,37.4275001,-122.1696998,,,0.011132000130089637,,,,25.793455123901367,,,,,,
70.694211,ATT,3,,0.21,0.25,89.9,0.0,0.0,0.22,,0.26,,,,89.9,,,,,,,,,,,,,,,,,,,,,,
70.694211,XKF1,,,,,,,,,,,,,,,,0.03384433342202164,0.021474696695804596,,,0.03117916876176573,,,,,,0.02615867555141449,-0.031179162299511263,,,,,,-0.0197991244494915,,-0.0197991244494915,-0.0240859966725111
70.694211,POS,,,,,,,,,,,,,,,,0.0208929743212945,0.017680354891629176,,,,,37.4275001,-122.1696998,,,0.011132000130089637,,,,26.01019859313965,,,,,,
70.79417099999999,ATT,3,,0.21,0.25,89.9,0.0,0.0,0.21,,0.25,,,,89.89,,,,,,,,,,,,,,,,,,,,,,
70.79417099999999,XKF1,,,,,,,,,,,,,,,,0.03448470489799814,0.021997617557644844,,,0.03150106923977558,,,,,,0.026557479053735733,-0.03149982616795489,,,,,,-0.01987806148827076,,-0.01987806148827076,-0.02443726733326912
70.79417099999999,POS,,,,,,,,,,,,,,,,0.0208929743212945,0.017680354891629176,,,,,37.4275001,-122.1696998,,,0.011132000130089637,,,,26.219989776611328,,,,,,
70.894964,ATT,3,,0.2,0.24,89.9,0.0,0.0,0.2,,0.25,,,,89.89,,,,,,,,,,,,,,,,,,,,,,
70.894964,XKF1,,,,,,,,,,,,,,,,0.034205620922714994,0.021930091083049774,,,0.03226236570287947,,,,,,0.026250630617141724,-0.032256378878152955,,,,,,-0.020203420892357826,,-0.020203420892357826,-0.02515317127108574
70.894964,POS,,,,,,,,,,,,,,,,0.0208929743212945,0.017680354891629176,,,,,37.4275001,-122.1696998,,,0.011132000130089637,,,,26.424779891967773,,,,,,
70.994924,ATT,3,,0.21,0.24,89.9,0.0,0.0,0.21,,0.25,,,,89.89,,,,,,,,,,,,,,,,,,,,,,
70.994924,XKF1,,,,,,,,,,,,,,,,0.034618434816705214,0.02232007123529911,,,0.032496307456995395,,,,,,0.026462245732545853,-0.03248287691231536,,,,,,-0.020229090005159378,,-0.020229090005159378,-0.025432143360376358
70.994924,POS,,,,,,,,,,,,,,,,0.0208929743212945,0.017680354891629176,,,,,37.4275001,-122.1696998,,,0.011132000130089637,,,,26.622766494750977,,,,,,
71.094884,ATT,3,,0.2,0.23,89.9,0.0,0.0,0.21,,0.24,,,,89.89,,,,,,,,,,,,,,,,,,,,,,
71.094884,XKF1,,,,,,,,,,,,,,,,0.034141668284498244,0.022130312398076057,,,0.033264877953533285,,,,,,0.025998130440711975,-0.033247775285101984,,,,,,-0.020738739520311356,,-0.020738739520311356,-0.026008782908320427
71.094884,POS,,,,,,,,,,,,,,,,0.0208929743212945,0.017680354891629176,,,,,37.4275001,-122.1696998,,,0.011132000130089637,,,,26.815776824951172,,,,,,
71.194844,ATT,3,,0.2,0.23,89.9,0.0,0.0,0.21,,0.23,,,,89.89,,,,,,,,,,,,,,,,,,,,,,
71.194844,XKF1,,,,,,,,,,,,,,,,0.03435644737825273,0.02236497960984707,,,0.03346143026111506,,,,,,0.02608012966811657,-0.03344304775617543,,,,,,-0.02092854119837284,,-0.02092854119837284,-0.02610868588089943
71.194844,POS,,,,,,,,,,,,,,,,0.0208929743212945,0.017680354891629176,,,,,37.4275001,-122.1696998,,,0.011132000130089637,,,,27.00359344482422,,,,,,
71.294804,ATT,3,,0.2,0.22,89.9,0.0,0.0,0.2,,0.22,,,,89.89,,,,,,,,,,,,,,,,,,,,,,
71.294804,XKF1,,,,,,,,,,,,,,,,0.033732725747994144,0.022046145051717758,,,0.03401407827639238,,,,,,0.02553163282573223,-0.03399447596972402,,,,,,-0.021343311294913292,,-0.021343311294913292,-0.026484346017241478
71.294804,POS,,,,,,,,,,,,,,,,0.0208929743212945,0.017680354891629176,,,,,37.4275001,-122.1696998,,,0.011132000130089637,,,,27.185022354125977,,,,,,
71.394764,ATT,3,,0.2,0.22,89.9,0.0,0.0,0.19,,0.22,,,,89.89,,,,,,,,,,,,,,,,,,,,,,
71.394764,XKF1,,,,,,,,,,,,,,,,0.03387866638117977,0.022206174209713936,,,0.033842074272599026,,,,,,0.025586126372218132,-0.03381943438688641,,,,,,-0.021232619881629944,,-0.021232619881629944,-0.026352643966674805
71.394764,POS,,,,,,,,,,,,,,,,0.0208929743212945,0.017680354891629176,,,,,37.4275001,-122.1696998,,,0.011132000130089637,,,,27.359901428222656,,,,,,
71.494724,ATT,3,,0.2,0.21,89.9,0.0,0.0,0.19,,0.22,,,,89.88,,,,,,,,,,,,,,,,,,,,,,
71.494724,XKF1,,,,,,,,,,,,,,,,0.03319329093999465,0.021829217672348022,,,0.03417923915254744,,,,,,0.02500559575855732,-0.03415300921590884,,,,,,-0.021451814100146294,,-0.021451814100146294,-0.026609022170305252
71.494724,POS,,,,,,,,,,,,,,,,0.0208929743212945,0.017680354891629176,,,,,37.4275001,-122.1696998,,,0.011132000130089637,,,,27.530027389526367,,,,,,
71.594684,ATT,3,,0.2,0.21,89.9,0.0,0.0,0.19,,0.21,,,,89.88,,,,,,,,,,,,,,,,,,,,,,
71.594684,XKF1,,,,,,,,,,,,,,,,0.03328383664032123,0.021938404068350792,,,0.033952966461736324,,,,,,0.025030385702848434,-0.0339244442489271,,,,,,-0.021314270794391632,,-0.021314270794391632,-0.02642926014959812
71.594684,POS,,,,,,,,,,,,,,,,0.0208929743212945,0.017680354891629176,,,,,37.4275001,-122.1696998,,,0.011132000130089637,,,,27.69367790222168,,,,,,
71.694644,ATT,3,,0.19,0.2,89.9,0.0,0.0,0.18,,0.2,,,,89.89,,,,,,,,,,,,,,,,,,,,,,
71.694644,XKF1,,,,,,,,,,,,,,,,0.03256347295717379,0.021526338532567024,,,0.034121858857243496,,,,,,0.02443351224064827,-0.03409185782917185,,,,,,-0.021463295444846153,,-0.021463295444846153,-0.026525991037487984
71.694644,POS,,,,,,,,,,,,,,,,0.0208929743212945,0.017680354891629176,,,,,37.4275001,-122.1696998,,,0.011132000130089637,,,,27.85266876220703,,,,,,
71.777111,GUIA,,0.0,,,,,,0.0,0.0,0.0,0.0,0.0,6,89.99999237060547,0.0,,,,,,,,,,,,,,,,,,,,,
71.777111,GUIA,,0.0,,,,,,0.0,0.0,0.0,0.0,0.0,6,89.99999237060547,0.0,,,,,,,,,,,,,,,,,,,,,
71.79460399999999,ATT,3,,0.18,0.18,89.91,0.0,0.0,0.17,,0.18,,,,89.89,,,,,,,,,,,,,,,,,,,,,,
71.79460399999999,XKF1,,,,,,,,,,,,,,,,0.032687677972140346,0.021641599014401436,,,0.033452382299990126,,,,,,0.024497458711266518,-0.03342420372630908,,,,,,-0.021100426092743874,,-0.021100426092743874,-0.025958310812711716
71.79460399999999,POS,,,,,,,,,,,,,,,,0.0208929743212945,0.017680354891629176,,,,,37.4275001,-122.1696998,,,0.011132000130089637,,,,28.005292892456055,,,,,,
71.807099,GUIA,,0.0,,,,,,0.0,0.0,0.0,0.0,0.0,6,89.99999237060547,0.0,,,,,,,,,,,,,,,,,,,,,
71.844584,GUIA,,0.0,,,,,,0.0,0.0,0.0,0.0,0.0,6,89.99999237060547,0.0,,,,,,,,,,,,,,,,,,,,,
71.847083,GUIA,,0.0,,,,,,0.0,0.0,0.0,0.0,0.0,6,89.99999237060547,0.0,,,,,,,,,,,,,,,,,,,,,
71.894564,ATT,3,,0.09,0.09,89.95,0.0,0.0,0.08,,0.08,,,,89.9,,,,,,,,,,,,,,,,,,,,,,
71.894564,XKF1,,,,,,,,,,,,,,,,0.03209709485775661,0.02129126526415348,,,0.03187541836095844,,,,,,0.02401885762810707,-0.03185071012138397,,,,,,-0.0201888270676136,,-0.0201888270676136,-0.02466685138642788
71.894564,POS,,,,,,,,,,,,,,,,0.0208929743212945,0.017680354891629176,,,,,37.4275001,-122.1696998,,,0.011132000130089637,,,,28.15300750732422,,,,,,
71.897063,GUIA,,0.0,,,,,,0.0,0.0,0.0,0.0,0.0,6,89.99999237060547,0.0,,,,,,,,,,,,,,,,,,,,,
71.92455199999999,GUIA,,0.0,,,,,,0.0,0.0,0.0,0.0,0.0,6,89.99999237060547,0.0,,,,,,,,,,,,,,,,,,,,,
71.92455199999999,GUIA,,0.0,,,,,,0.0,0.0,0.0,0.0,0.0,6,89.99999237060547,0.0,,,,,,,,,,,,,,,,,,,,,
71.949542,GUIA,,0.0,,,,,,0.0,0.0,0.0,0.0,0.0,6,89.99999237060547,0.0,,,,,,,,,,,,,,,,,,,,,
71.994524,ATT,3,,0.04,0.04,89.97,0.0,0.0,0.03,,0.03,,,,89.91,,,,,,,,,,,,,,,,,,,,,,
71.994524,XKF1,,,,,,,,,,,,,,,,0.03262910997454989,0.021631615236401558,,,0.028055747369236928,,,,,,0.024428099393844604,-0.028034231607610816,,,,,,-0.01776297762989998,,-0.01776297762989998,-0.021716389805078506
71.994524,POS,,,,,,,,,,,,,,,,0.0208929743212945,0.017680354891629176,,,,,37.4275001,-122.1696998,,,0.011132000130089637,,,,28.29176902770996,,,,,,
72.024512,GUIA,,0.0,,,,,,0.0,0.0,0.0,0.0,0.0,6,89.99999237060547,0.0,,,,,,,,,,,,,,,,,,,,,
72.024512,GUIA,,0.0,,,,,,0.0,0.0,0.0,0.0,0.0,6,89.99999237060547,0.0,,,,,,,,,,,,,,,,,,,,,
72.061997,GUIA,,0.0,,,,,,0.0,0.0,0.0,0.0,0.0,6,89.99999237060547,0.0,,,,,,,,,,,,,,,,,,,,,
72.089486,GUIA,,0.0,,,,,,0.0,0.0,0.0,0.0,0.0,6,89.99999237060547,0.0,,,,,,,,,,,,,,,,,,,,,
72.094484,ATT,3,,0.02,0.02,89.98,0.0,0.0,0.01,,0.0,,,,89.92,,,,,,,,,,,,,,,,,,,,,,
72.094484,XKF1,,,,,,,,,,,,,,,,0.032727128550607706,0.021708063781261444,,,0.024068990867162323,,,,,,0.02449132315814495,-0.024046661942282298,,,,,,-0.015174590051174166,,-0.015174590051174164,-0.018682830035686493
72.094484,POS,,,,,,,,,,,,,,,,0.0208929743212945,0.017680354891629176,,,,,37.4275001,-122.1696998,,,0.011132000130089637,,,,28.42219352722168,,,,,,
72.096983,GUIA,,0.0,,,,,,0.0,0.0,0.0,0.0,0.0,6,89.99999237060547,0.0,,,,,,,,,,,,,,,,,,,,,
72.146963,GUIA,,0.0,,,,,,0.0,0.0,0.0,0.0,0.0,6,89.99999237060547,0.0,,,,,,,,,,,,,,,,,,,,,
72.181949,GUIA,,0.0,,,,,,0.0,0.0,0.0,0.0,0.0,6,89.99999237060547,0.0,,,,,,,,,,,,,,,,,,,,,
72.181949,GUIA,,0.0,,,,,,0.0,0.0,0.0,0.0,0.0,6,89.99999237060547,0.0,,,,,,,,,,,,,,,,,,,,,
72.194444,ATT,3,,0.01,0.01,89.99,0.0,0.0,0.0,,0.0,,,,89.94,,,,,,,,,,,,,,,,,,,,,,
72.194444,XKF1,,,,,,,,,,,,,,,,0.03404844548144751,0.022579876706004143,,,0.019393658457319832,,,,,,0.025484226644039154,-0.019374191366573167,,,,,,-0.01219814456999302,,-0.012198144569993019,-0.015077110379934311
72.194444,POS,,,,,,,,,,,,,,,,0.0208929743212945,0.017680354891629176,,,,,37.4275001,-122.1696998,,,0.011132000130089637,,,,28.541915893554688,,,,,,
72.22193299999999,GUIA,,0.0,,,,,,0.0,0.0,0.0,0.0,0.0,6,89.99999237060547,0.0,,,,,,,,,,,,,,,,,,,,,
72.259418,GUIA,,0.0,,,,,,0.0,0.0,0.0,0.0,0.0,6,89.99999237060547,0.0,,,,,,,,,,,,,,,,,,,,,
72.261917,GUIA,,0.0,,,,,,0.0,0.0,0.0,0.0,0.0,6,89.99999237060547,0.0,,,,,,,,,,,,,,,,,,,,,
72.294404,ATT,3,,0.0,0.0,89.99,0.0,0.0,0.0,,-0.01,,,,89.96,,,,,,,,,,,,,,,,,,,,,,
72.294404,XKF1,,,,,,,,,,,,,,,,0.03471741511750235,0.02303403429687023,,,0.015298896534982705,,,,,,0.025975607335567474,-0.015286088559883216,,,,,,-0.009673604741692543,,-0.009673604741692543,-0.011852324940264225
72.294404,POS,,,,,,,,,,,,,,,,0.0208929743212945,0.017680354891629176,,,,,37.4275001,-122.1696998,,,0.011132000130089637,,,,28.652698516845703,,,,,,
72.324392,GUIA,,0.0,,,,,,0.0,0.0,0.0,0.0,0.0,6,89.99999237060547,0.0,,,,,,,,,,,,,,,,,,,,,
72.324392,GUIA,,0.0,,,,,,0.0,0.0,0.0,0.0,0.0,6,89.99999237060547,0.0,,,,,,,,,,,,,,,,,,,,,
72.374372,GUIA,,0.0,,,,,,0.0,0.0,0.0,0.0,0.0,6,89.99999237060547,0.0,,,,,,,,,,,,,,,,,,,,,
72.394364,ATT,3,,0.0,0.0,89.99,0.0,0.0,0.0,,-0.02,,,,89.98,,,,,,,,,,,,,,,,,,,,,,
72.394364,XKF1,,,,,,,,,,,,,,,,0.037123048098875865,0.0247788205742836,,,0.010496170602540484,,,,,,0.02764291502535343,-0.010481092526359943,,,,,,-0.006577117834240199,,-0.006577117834240198,-0.008179921656847
72.394364,POS,,,,,,,,,,,,,,,,0.0208929743212945,0.017680354891629176,,,,,37.4275001,-122.1696998,,,0.011132000130089637,,,,28.752254486083984,,,,,,
72.414356,GUIA,,0.0,,,,,,0.0,0.0,0.0,0.0,0.0,6,89.99999237060547,0.0,,,,,,,,,,,,,,,,,,,,,
72.414356,GUIA,,0.0,,,,,,0.0,0.0,0.0,0.0,0.0,6,89.99999237060547,0.0,,,,,,,,,,,,,,,,,,,,,
72.444344,GUIA,,0.0,,,,,,0.0,0.0,0.0,0.0,0.0,6,89.99999237060547,0.0,,,,,,,,,,,,,,,,,,,,,
72.446843,GUIA,,0.0,,,,,,0.0,0.0,0.0,0.0,0.0,6,89.99999237060547,0.0,,,,,,,,,,,,,,,,,,,,,
72.446843,GUIA,,0.0,,,,,,0.0,0.0,0.0,0.0,0.0,6,89.99999237060547,0.0,,,,,,,,,,,,,,,,,,,,,
72.49432399999999,ATT,3,,0.0,0.0,89.99,0.0,0.0,0.0,,-0.03,,,,90.0,,,,,,,,,,,,,,,,,,,,,,
72.49432399999999,XKF1,,,,,,,,,,,,,,,,0.03882503303795305,0.026027530431747437,,,0.006319215197094296,,,,,,0.028808867558836937,-0.006307998001463138,,,,,,-0.0039494954980909824,,-0.0039494954980909824,-0.004932946991175413
72.49432399999999,POS,,,,,,,,,,,,,,,,0.0208929743212945,0.017680354891629176,,,,,37.4275001,-122.1696998,,,0.011132000130089637,,,,28.842329025268555,,,,,,
72.514316,GUIA,,0.0,,,,,,0.0,0.0,0.0,0.0,0.0,6,89.99999237060547,0.0,,,,,,,,,,,,,,,,,,,,,
72.574292,GUIA,,0.0,,,,,,0.0,0.0,0.0,0.0,0.0,6,89.99999237060547,0.0,,,,,,,,,,,,,,,,,,,,,
72.574292,GUIA,,0.0,,,,,,0.0,0.0,0.0,0.0,0.0,6,89.99999237060547,0.0,,,,,,,,,,,,,,,,,,,,,
72.594284,ATT,3,,0.0,0.0,89.99,0.0,0.0,-0.01,,-0.02,,,,90.01,,,,,,,,,,,,,,,,,,,,,,
72.594284,XKF1,,,,,,,,,,,,,,,,0.04205417556777274,0.028373081237077713,,,0.0015193376013414603,,,,,,0.031040649861097336,-0.0014912566630649448,,,,,,-0.0007915081805549563,,-0.0007915081805549562,-0.0012968814698979259
72.594284,POS,,,,,,,,,,,,,,,,0.028762129539978896,0.026520532965576143,,,,,37.4275001,-122.1696997,,,0.011132000130089637,,,,28.920879364013672,,,,,,
72.624272,GUIA,,0.0,,,,,,0.0,0.0,0.0,0.0,0.0,6,89.99999237060547,0.0,,,,,,,,,,,,,,,,,,,,,
72.64176499999999,GUIA,,0.0,,,,,,0.0,0.0,0.0,0.0,0.0,6,89.99999237060547,0.0,,,,,,,,,,,,,,,,,,,,,
72.651761,GUIA,,0.0,,,,,,0.0,0.0,0.0,0.0,0.0,6,89.99999237060547,0.0,,,,,,,,,,,,,,,,,,,,,
72.694244,ATT,3,,0.0,0.0,89.99,0.0,0.0,-0.01,,-0.01,,,,90.03,,,,,,,,,,,,,,,,,,,,,,
72.694244,XKF1,,,,,,,,,,,,,,,,0.04458878628167239,0.030218547210097313,,,0.0024560140098954285,,,,,,0.03278718143701553,0.0024440362727700163,,,,,,0.0018345051212236285,,0.0018345051212236285,0.0016329714562743902
72.694244,POS,,,,,,,,,,,,,,,,0.028762129539978896,0.026520532965576143,,,,,37.4275001,-122.1696997,,,0.011132000130089637,,,,28.989755630493164,,,,,,
72.714236,GUIA,,0.0,,,,,,0.0,0.0,0.0,0.0,0.0,6,89.99999237060547,0.0,,,,,,,,,,,,,,,,,,,,,
72.714236,GUIA,,0.0,,,,,,0.0,0.0,0.0,0.0,0.0,6,89.99999237060547,0.0,,,,,,,,,,,,,,,,,,,,,
72.746723,GUIA,,0.0,,,,,,0.0,0.0,0.0,0.0,0.0,6,89.99999237060547,0.0,,,,,,,,,,,,,,,,,,,,,
72.78670699999999,GUIA,,0.0,,,,,,0.0,0.0,0.0,0.0,0.0,6,89.99999237060547,0.0,,,,,,,,,,,,,,,,,,,,,
72.78670699999999,GUIA,,0.0,,,,,,0.0,0.0,0.0,0.0,0.0,6,89.99999237060547,0.0,,,,,,,,,,,,,,,,,,,,,
72.794204,ATT,3,,0.0,0.0,89.99,0.0,0.0,0.0,,-0.01,,,,90.04,,,,,,,,,,,,,,,,,,,,,,
72.794204,XKF1,,,,,,,,,,,,,,,,0.04841179860507233,0.032981403172016144,,,0.006746521977690871,,,,,,0.03543909266591072,0.006743352775503817,,,,,,0.004745389334857464,,0.004745389334857464,0.0047955019399523735
72.794204,POS,,,,,,,,,,,,,,,,0.03462693086519345,0.026520532965576143,,,,,37.4275002,-122.1696997,,,0.0222639994692031,,,,29.047073364257812,,,,,,
72.826691,GUIA,,0.0,,,,,,0.0,0.0,0.0,0.0,0.0,6,89.99999237060547,0.0,,,,,,,,,,,,,,,,,,,,,
72.869174,GUIA,,0.0,,,,,,0.0,0.0,0.0,0.0,0.0,6,89.99999237060547,0.0,,,,,,,,,,,,,,,,,,,,,
72.894997,ATT,3,,0.0,0.0,89.99,0.0,0.0,0.0,,-0.01,,,,90.04,,,,,,,,,,,,,,,,,,,,,,
72.894997,XKF1,,,,,,,,,,,,,,,,0.05154957232741567,0.03524738922715187,,,0.010100958914998627,,,,,,0.037616219371557236,0.01010075518579898,,,,,,0.0069532771594822415,,0.006953277159482241,0.007326752878725529
72.894997,POS,,,,,,,,,,,,,,,,0.03462693086519345,0.026520532965576143,,,,,37.4275002,-122.1696997,,,0.0222639994692031,,,,29.094738006591797,,,,,,
72.904993,GUIA,,0.0,,,,,,0.0,0.0,0.0,0.0,0.0,6,89.99999237060547,0.0,,,,,,,,,,,,,,,,,,,,,
72.904993,GUIA,,0.0,,,,,,0.0,0.0,0.0,0.0,0.0,6,89.99999237060547,0.0,,,,,,,,,,,,,,,,,,,,,
72.942478,GUIA,,0.0,,,,,,0.0,0.0,0.0,0.0,0.0,6,89.99999237060547,0.0,,,,,,,,,,,,,,,,,,,,,
72.989959,GUIA,,0.0,,,,,,0.0,0.0,0.0,0.0,0.0,6,89.99999237060547,0.0,,,,,,,,,,,,,,,,,,,,,
72.994957,ATT,3,,0.0,0.0,89.99,0.0,0.0,0.0,,-0.01,,,,90.05,,,,,,,,,,,,,,,,,,,,,,
72.994957,XKF1,,,,,,,,,,,,,,,,0.05627285238025871,0.03857259824872017,,,0.014121869984244789,,,,,,0.04097302258014679,0.014121546263921215,,,,,,0.009610085748136044,,0.009610085748136044,0.010347630828619003
72.994957,POS,,,,,,,,,,,,,,,,0.04178594822114844,0.03536070978325835,,,,,37.4275002,-122.1696996,,,0.0222639994692031,,,,29.130996704101562,,,,,,
72.999955,GUIA,,0.0,,,,,,0.0,0.0,0.0,0.0,0.0,6,89.99999237060547,0.0,,,,,,,,,,,,,,,,,,,,,
73.019947,GUIA,,0.0,,,,,,0.0,0.0,0.0,0.0,0.0,6,89.99999237060547,0.0,,,,,,,,,,,,,,,,,,,,,
73.06742799999999,GUIA,,0.0,,,,,,0.0,0.0,0.0,0.0,0.0,6,89.99999237060547,0.0,,,,,,,,,,,,,,,,,,,,,
73.06742799999999,GUIA,,0.0,,,,,,0.0,0.0,0.0,0.0,0.0,6,89.99999237060547,0.0,,,,,,,,,,,,,,,,,,,,,
73.094917,ATT,3,,0.0,0.0,89.99,0.0,0.0,0.0,,-0.02,,,,90.04,,,,,,,,,,,,,,,,,,,,,,
73.094917,XKF1,,,,,,,,,,,,,,,,0.06052805171703211,0.041576288640499115,,,0.017605112484896917,,,,,,0.043989285826683044,0.017602911247986103,,,,,,0.011888992041349411,,0.011888992041349411,0.012984292581677437
73.094917,POS,,,,,,,,,,,,,,,,0.04178594822114844,0.03536070978325835,,,,,37.4275002,-122.1696996,,,0.0222639994692031,,,,29.157445907592773,,,,,,
73.129903,GUIA,,0.0,,,,,,0.0,0.0,0.0,0.0,0.0,6,89.99999237060547,0.0,,,,,,,,,,,,,,,,,,,,,
73.132402,GUIA,,0.0,,,,,,0.0,0.0,0.0,0.0,0.0,6,89.99999237060547,0.0,,,,,,,,,,,,,,,,,,,,,
73.159891,GUIA,,0.0,,,,,,0.0,0.0,0.0,0.0,0.0,6,89.99999237060547,0.0,,,,,,,,,,,,,,,,,,,,,
73.19487699999999,ATT,3,,0.0,0.0,89.99,0.0,0.0,0.0,,-0.02,,,,90.04,,,,,,,,,,,,,,,,,,,,,,
73.19487699999999,XKF1,,,,,,,,,,,,,,,,0.06594647000879324,0.04548804089426994,,,0.02153446919979943,,,,,,0.047746989876031876,0.021528698834486888,,,,,,0.014488979242742063,,0.014488979242742062,0.01593119092285633
73.19487699999999,POS,,,,,,,,,,,,,,,,0.05539865771479667,0.044200887857205315,,,,,37.4275003,-122.1696995,,,0.033395999599292736,,,,29.172710418701172,,,,,,
73.19987499999999,GUIA,,0.0,,,,,,0.0,0.0,0.0,0.0,0.0,6,89.99999237060547,0.0,,,,,,,,,,,,,,,,,,,,,
73.19987499999999,GUIA,,0.0,,,,,,0.0,0.0,0.0,0.0,0.0,6,89.99999237060547,0.0,,,,,,,,,,,,,,,,,,,,,
73.264849,GUIA,,0.0,,,,,,0.0,0.0,0.0,0.0,0.0,6,89.99999237060547,0.0,,,,,,,,,,,,,,,,,,,,,
73.264849,GUIA,,0.0,,,,,,0.0,0.0,0.0,0.0,0.0,6,89.99999237060547,0.0,,,,,,,,,,,,,,,,,,,,,
73.294837,ATT,3,,0.0,0.0,89.99,0.0,0.0,0.0,,-0.01,,,,90.03,,,,,,,,,,,,,,,,,,,,,,
73.294837,XKF1,,,,,,,,,,,,,,,,0.07087205344735743,0.04899291694164276,,,0.02471814692978385,,,,,,0.051210761070251465,0.024707434052641756,,,,,,0.016554130241274834,,0.016554130241274834,0.01835613138973713
73.294837,POS,,,,,,,,,,,,,,,,0.05539865771479667,0.044200887857205315,,,,,37.4275003,-122.1696995,,,0.033395999599292736,,,,29.179258346557617,,,,,,
73.307332,GUIA,,0.0,,,,,,0.0,0.0,0.0,0.0,0.0,6,89.99999237060547,0.0,,,,,,,,,,,,,,,,,,,,,
73.334821,GUIA,,0.0,,,,,,0.0,0.0,0.0,0.0,0.0,6,89.99999237060547,0.0,,,,,,,,,,,,,,,,,,,,,
73.33981899999999,GUIA,,0.0,,,,,,0.0,0.0,0.0,0.0,0.0,6,89.99999237060547,0.0,,,,,,,,,,,,,,,,,,,,,
73.394797,ATT,3,,0.0,0.0,89.99,0.0,0.0,0.0,,-0.01,,,,90.02,,,,,,,,,,,,,,,,,,,,,,
73.394797,XKF1,,,,,,,,,,,,,,,,0.0768501198777213,0.053119197487831116,,,0.028215526342763465,,,,,,0.05553640052676201,0.028202534496375425,,,,,,0.018875040113925934,,0.018875040113925934,0.02097257226705551
73.394797,POS,,,,,,,,,,,,,,,,0.06267892254244294,0.05304106467488753,,,,,37.4275003,-122.1696994,,,0.033395999599292736,,,,29.178442001342773,,,,,,
73.397296,GUIA,,0.0,,,,,,0.0,0.0,0.0,0.0,0.0,6,89.99999237060547,0.0,,,,,,,,,,,,,,,,,,,,,
73.419787,GUIA,,0.0,,,,,,0.0,0.0,0.0,0.0,0.0,6,89.99999237060547,0.0,,,,,,,,,,,,,,,,,,,,,
73.419787,GUIA,,0.0,,,,,,0.0,0.0,0.0,0.0,0.0,6,89.99999237060547,0.0,,,,,,,,,,,,,,,,,,,,,
73.48226199999999,GUIA,,0.0,,,,,,0.0,0.0,0.0,0.0,0.0,6,89.99999237060547,0.0,,,,,,,,,,,,,,,,,,,,,
73.49225799999999,GUIA,,0.0,,,,,,0.0,0.0,0.0,0.0,0.0,6,89.99999237060547,0.0,,,,,,,,,,,,,,,,,,,,,
73.49475699999999,ATT,3,,0.0,0.0,89.99,0.0,0.0,0.0,,-0.01,,,,90.01,,,,,,,,,,,,,,,,,,,,,,
73.49475699999999,XKF1,,,,,,,,,,,,,,,,0.08231714863765396,0.05689361318945885,,,0.03108392029984017,,,,,,0.05949142575263977,0.03107021438448775,,,,,,0.020807180553674698,,0.020807180553674698,0.023092668503522873
73.49475699999999,POS,,,,,,,,,,,,,,,,0.06925386127679437,0.05304106467488753,,,,,37.4275004,-122.1696994,,,0.04452799972938237,,,,29.17388153076172,,,,,,
73.514749,GUIA,,0.0,,,,,,0.0,0.0,0.0,0.0,0.0,6,89.99999237060547,0.0,,,,,,,,,,,,,,,,,,,,,
73.574725,GUIA,,0.0,,,,,,0.0,0.0,0.0,0.0,0.0,6,89.99999237060547,0.0,,,,,,,,,,,,,,,,,,,,,
73.574725,GUIA,,0.0,,,,,,0.0,0.0,0.0,0.0,0.0,6,89.99999237060547,0.0,,,,,,,,,,,,,,,,,,,,,
73.594717,ATT,3,,0.0,0.0,89.99,0.0,0.0,0.0,,0.0,,,,90.0,,,,,,,,,,,,,,,,,,,,,,
73.594717,XKF1,,,,,,,,,,,,,,,,0.08872258475684187,0.061371833086013794,,,0.0343408015539447,,,,,,0.06407179683446884,0.03432625179541262,,,,,,0.023022575303912163,,0.023022575303912163,0.025480417534708977
73.594717,POS,,,,,,,,,,,,,,,,0.06925386127679437,0.05304106467488753,,,,,37.4275004,-122.1696994,,,0.04452799972938237,,,,29.16595458984375,,,,,,
73.614709,GUIA,,0.0,,,,,,0.0,0.0,0.0,0.0,0.0,6,89.99999237060547,0.0,,,,,,,,,,,,,,,,,,,,,
73.654693,GUIA,,0.0,,,,,,0.0,0.0,0.0,0.0,0.0,6,89.99999237060547,0.0,,,,,,,,,,,,,,,,,,,,,
73.654693,GUIA,,0.0,,,,,,0.0,0.0,0.0,0.0,0.0,6,89.99999237060547,0.0,,,,,,,,,,,,,,,,,,,,,
73.694677,ATT,3,,0.0,0.0,89.99,0.0,0.0,0.0,,0.0,,,,89.99,,,,,,,,,,,,,,,,,,,,,,
73.694677,XKF1,,,,,,,,,,,,,,,,0.09466832259105026,0.06550940126180649,,,0.03702125777257847,,,,,,0.06834185868501663,0.03700681221476629,,,,,,0.024861762300133705,,0.024861762300133705,0.027431119233369827
73.694677,POS,,,,,,,,,,,,,,,,0.08323054507221588,0.06188124149256973,,,,,37.4275005,-122.1696993,,,0.05565999985947201,,,,29.15744972229004,,,,,,
73.714669,GUIA,,0.0,,,,,,0.0,0.0,0.0,0.0,0.0,6,89.99999237060547,0.0,,,,,,,,,,,,,,,,,,,,,
73.722166,GUIA,,0.0,,,,,,0.0,0.0,0.0,0.0,0.0,6,89.99999237060547,0.0,,,,,,,,,,,,,,,,,,,,,
73.744657,GUIA,,0.0,,,,,,0.0,0.0,0.0,0.0,0.0,6,89.99999237060547,0.0,,,,,,,,,,,,,,,,,,,,,
73.789639,GUIA,,0.0,,,,,,-0.0005340576171875,0.0,3.3304461619088066e-12,0.0,0.0,6,89.99999237060547,0.0,,,,,,,,,,,,,,,,,,,,,
73.789639,GUIA,,0.0,,,,,,-1.0993956327438354,0.0,5.77355629971521e-09,0.0,0.0,6,89.99999237060547,0.0,,,,,,,,,,,,,,,,,,,,,
73.794637,ATT,3,,0.0,0.0,89.99,0.0,0.0,0.0,,0.0,,,,89.98,,,,,,,,,,,,,,,,,,,,,,
73.794637,XKF1,,,,,,,,,,,,,,,,0.10166061908506173,0.07036872208118439,,,0.03996849368182474,,,,,,0.07336977869272232,0.039951497423855696,,,,,,0.026812987402081493,,0.02681298740208149,0.02964024618268013
73.794637,POS,,,,,,,,,,,,,,,,0.08323054507221588,0.06188124149256973,,,,,37.4275005,-122.1696993,,,0.05565999985947201,,,,29.14777374267578,,,,,,
73.847116,GUIA,,0.0,,,,,,-2.1480560302734375,0.0,-5.328097429924128e-08,0.0,0.0,6,90.0,0.0,,,,,,,,,,,,,,,,,,,,,
73.859611,GUIA,,0.0,,,,,,-3.2122039794921875,0.0,-1.5178656553871406e-08,0.0,0.0,6,90.0,0.0,,,,,,,,,,,,,,,,,,,,,
73.869607,GUIA,,0.0,,,,,,-4.2975616455078125,0.0,-9.799192923765077e-08,0.0,0.0,6,89.99999237060547,0.0,,,,,,,,,,,,,,,,,,,,,
73.894597,ATT,3,,-1.14,0.0,89.99,0.0,0.0,-0.9,,0.0,,,,89.97,,,,,,,,,,,,,,,,,,,,,,
73.894597,XKF1,,,,,,,,,,,,,,,,0.10827865360123155,0.07502665370702744,,,0.04616870823590541,,,,,,0.0780721977353096,0.046092151871135634,,,,,,0.03385366499423981,,0.03385366499423981,0.03139233961701393
73.894597,POS,,,,,,,,,,,,,,,,0.09727636119895158,0.0707214195665167,,,,,37.4275006,-122.1696992,,,0.06679199998956165,,,,29.139259338378906,,,,,,
73.934581,GUIA,,0.0,,,,,,-5.363311767578125,0.0,-7.601268059431732e-09,0.0,0.0,6,90.0,0.0,,,,,,,,,,,,,,,,,,,,,
73.934581,GUIA,,0.0,,,,,,-6.4275360107421875,0.0,1.5591888669064247e-08,0.0,0.0,6,90.0,0.0,,,,,,,,,,,,,,,,,,,,,
73.959571,GUIA,,0.0,,,,,,-7.4930572509765625,0.0,8.076607826978943e-08,0.0,0.0,6,90.0,0.0,,,,,,,,,,,,,,,,,,,,,
73.994557,ATT,3,,-3.52,0.0,89.99,0.0,0.0,-3.22,,0.0,,,,89.96,,,,,,,,,,,,,,,,,,,,,,
73.994557,XKF1,,,,,,,,,,,,,,,,0.11720623724709829,0.08218919485807419,,,0.077227429715664,,,,,,0.0835597887635231,0.07266796511918872,,,,,,0.06959529966115952,,0.06959529966115952,0.03347491845488548
73.994557,POS,,,,,,,,,,,,,,,,0.10388079168839529,0.07956159638419891,,,,,37.4275006,-122.1696991,,,0.06679199998956165,,,,29.130647659301758,,,,,,
74.01205,GUIA,,0.0,,,,,,-8.562010765075684,0.0,1.4089769706515654e-07,0.0,0.0,6,90.0,0.0,,,,,,,,,,,,,,,,,,,,,
74.01205,GUIA,,0.0,,,,,,-9.622727394104004,0.0,-1.3356009276321856e-07,0.0,0.0,6,90.0,0.0,,,,,,,,,,,,,,,,,,,,,
74.05203399999999,GUIA,,0.0,,,,,,-10.683594703674316,0.0,2.8725688494546375e-08,0.0,0.0,6,90.0,0.0,,,,,,,,,,,,,,,,,,,,,
74.05703199999999,GUIA,,0.0,,,,,,-11.747971534729004,0.0,1.3412983435046044e-07,0.0,0.0,6,90.0,0.0,,,,,,,,,,,,,,,,,,,,,
74.05703199999999,GUIA,,0.0,,,,,,-11.999999046325684,0.0,1.5919019347165886e-07,0.0,0.0,6,90.0,0.0,,,,,,,,,,,,,,,,,,,,,
74.089519,GUIA,,0.0,,,,,,-11.999999046325684,0.0,1.5919019347165886e-07,0.0,0.0,6,90.0,0.0,,,,,,,,,,,,,,,,,,,,,
74.094517,ATT,3,,-6.81,0.0,89.99,0.0,0.01,-6.54,,0.0,,,,89.95,,,,,,,,,,,,,,,,,,,,,,
74.094517,XKF1,,,,,,,,,,,,,,,,0.12977651569126517,0.09472888708114624,,,0.1568123742896284,,,,,,0.08870390057563782,0.13557273575013204,,,,,,0.15282367169857025,,0.15282367169857025,0.03514322265982628
74.094517,POS,,,,,,,,,,,,,,,,0.11079731490408283,0.08840177445814587,,,,,37.4275006,-122.169699,,,0.06679199998956165,,,,29.123802185058594,,,,,,
74.146996,GUIA,,0.0,,,,,,-11.999999046325684,0.0,1.5919019347165886e-07,0.0,0.0,6,90.0,0.0,,,,,,,,,,,,,,,,,,,,,
74.19447699999999,ATT,3,,-9.35,0.0,89.99,0.0,0.02,-9.41,,0.0,,,,89.93,,,,,,,,,,,,,,,,,,,,,,
74.19447699999999,XKF1,,,,,,,,,,,,,,,,0.1526196487439916,0.11970538645982742,,,0.2952145933187583,,,,,,0.09467511624097824,0.25276602908122386,,,,,,0.29286453127861023,,0.29286453127861023,0.03717556223273277
74.19447699999999,POS,,,,,,,,,,,,,,,,0.138849869461567,0.11492230616745726,,,,,37.4275007,-122.1696987,,,0.07792400011965128,,,,29.117115020751953,,,,,,
74.19697599999999,GUIA,,0.0,,,,,,-11.999999046325684,0.0,1.5919019347165886e-07,0.0,0.0,6,90.0,0.0,,,,,,,,,,,,,,,,,,,,,
74.19697599999999,GUIA,,0.0,,,,,,-11.999999046325684,0.0,1.5919019347165886e-07,0.0,0.0,6,90.0,0.0,,,,,,,,,,,,,,,,,,,,,
74.239459,GUIA,,0.0,,,,,,-11.999999046325684,0.0,1.5919019347165886e-07,0.0,0.0,6,90.0,0.0,,,,,,,,,,,,,,,,,,,,,
74.264449,GUIA,,0.0,,,,,,-11.999999046325684,0.0,1.5919019347165886e-07,0.0,0.0,6,90.0,0.0,,,,,,,,,,,,,,,,,,,,,
74.274445,GUIA,,0.0,,,,,,-11.999999046325684,0.0,1.5919019347165886e-07,0.0,0.0,6,90.0,0.0,,,,,,,,,,,,,,,,,,,,,
74.294437,ATT,3,,-10.64,0.0,90.0,0.01,0.02,-10.9,,0.01,,,,89.9,,,,,,,,,,,,,,,,,,,,,,
74.294437,XKF1,,,,,,,,,,,,,,,,0.18865610043706252,0.15978986024856567,,,0.4674768634643737,,,,,,0.10029119998216629,0.41525200259373457,,,,,,0.46585604548454285,,0.46585604548454285,0.038894250988960266
74.294437,POS,,,,,,,,,,,,,,,,0.18234901018762947,0.15912319276839781,,,,,37.4275008,-122.1696982,,,0.08905599945876475,,,,29.112407684326172,,,,,,
74.306932,GUIA,,0.0,,,,,,-11.999999046325684,0.0,1.5919019347165886e-07,0.0,0.0,6,90.0,0.0,,,,,,,,,,,,,,,,,,,,,
74.306932,GUIA,,0.0,,,,,,-11.999999046325684,0.0,1.5919019347165886e-07,0.0,0.0,6,90.0,0.0,,,,,,,,,,,,,,,,,,,,,
74.314429,GUIA,,0.0,,,,,,-11.999999046325684,0.0,1.5919019347165886e-07,0.0,0.0,6,90.0,0.0,,,,,,,,,,,,,,,,,,,,,
74.394397,ATT,3,,-11.3,0.0,90.0,0.01,0.02,-11.57,,0.02,,,,89.83,,,,,,,,,,,,,,,,,,,,,,
74.394397,XKF1,,,,,,,,,,,,,,,,0.24287802094349895,0.21813462674617767,,,0.6532457018177411,,,,,,0.10680364072322845,0.6036588051680303,,,,,,0.6519429087638855,,0.6519429087638855,0.0412357933819294
74.394397,POS,,,,,,,,,,,,,,,,0.2300970287574162,0.2121642561870206,,,,,37.4275008,-122.1696976,,,0.08905599945876475,,,,29.108055114746094,,,,,,
74.396896,GUIA,,0.0,,,,,,-11.999999046325684,0.0,1.5919019347165886e-07,0.0,0.0,6,90.0,0.0,,,,,,,,,,,,,,,,,,,,,
74.451874,GUIA,,0.0,,,,,,-11.999999046325684,0.0,1.5919019347165886e-07,0.0,0.0,6,90.0,0.0,,,,,,,,,,,,,,,,,,,,,
74.46187,GUIA,,0.0,,,,,,-11.999999046325684,0.0,1.5919019347165886e-07,0.0,0.0,6,90.0,0.0,,,,,,,,,,,,,,,,,,,,,
74.494357,ATT,3,,-11.64,0.0,90.0,0.01,0.02,-11.85,,0.02,,,,89.77,,,,,,,,,,,,,,,,,,,,,,
74.494357,XKF1,,,,,,,,,,,,,,,,0.3153059660812884,0.29444384574890137,,,0.8408408503068612,,,,,,0.11278596520423889,0.7996498215929712,,,,,,0.8397258520126343,,0.8397258520126343,0.043287746608257294
74.494357,POS,,,,,,,,,,,,,,,,0.3084503336357754,0.29172585257121947,,,,,37.4275009,-122.1696967,,,0.10018799958885438,,,,29.105953216552734,,,,,,
74.496856,GUIA,,0.0,,,,,,-11.999999046325684,0.0,1.5919019347165886e-07,0.0,0.0,6,90.0,0.0,,,,,,,,,,,,,,,,,,,,,
74.531842,GUIA,,0.0,,,,,,-11.999999046325684,0.0,1.5919019347165886e-07,0.0,0.0,6,90.0,0.0,,,,,,,,,,,,,,,,,,,,,
74.531842,GUIA,,0.0,,,,,,-11.999999046325684,0.0,1.5919019347165886e-07,0.0,0.0,6,90.0,0.0,,,,,,,,,,,,,,,,,,,,,
74.594317,ATT,3,,-11.81,0.0,90.0,0.01,0.01,-11.96,,0.03,,,,89.63,,,,,,,,,,,,,,,,,,,,,,
74.594317,XKF1,,,,,,,,,,,,,,,,0.406041833323804,0.38788264989852905,,,1.0244910290680733,,,,,,0.12007089704275131,0.9915896204014051,,,,,,1.023403525352478,,1.023403525352478,0.04719208553433418
74.594317,POS,,,,,,,,,,,,,,,,0.39310895072169333,0.3801276257731006,,,,,37.4275009,-122.1696957,,,0.10018799958885438,,,,29.10359001159668,,,,,,
74.596816,GUIA,,0.0,,,,,,-11.999999046325684,0.0,1.5919019347165886e-07,0.0,0.0,6,90.0,0.0,,,,,,,,,,,,,,,,,,,,,
74.61430899999999,GUIA,,0.0,,,,,,-11.999999046325684,0.0,1.5919019347165886e-07,0.0,0.0,6,90.0,0.0,,,,,,,,,,,,,,,,,,,,,
74.649295,GUIA,,0.0,,,,,,-11.999999046325684,0.0,1.5919019347165886e-07,0.0,0.0,6,90.0,0.0,,,,,,,,,,,,,,,,,,,,,
74.68678,GUIA,,0.0,,,,,,-11.999999046325684,0.0,1.5919019347165886e-07,0.0,0.0,6,90.0,0.0,,,,,,,,,,,,,,,,,,,,,
74.694277,ATT,3,,-11.9,0.0,90.0,0.01,0.01,-11.99,,0.03,,,,89.54,,,,,,,,,,,,,,,,,,,,,,
74.694277,XKF1,,,,,,,,,,,,,,,,0.5151018663591784,0.4991928040981293,,,1.203258072036333,,,,,,0.1270294338464737,1.1775603968597217,,,,,,1.2021899223327637,,1.2021899223327637,0.05068903788924217
74.694277,POS,,,,,,,,,,,,,,,,0.5074116449706063,0.49504993194055785,,,,,37.427501,-122.1696944,,,0.11131999971894402,,,,29.103206634521484,,,,,,
74.701774,GUIA,,0.0,,,,,,-11.999999046325684,0.0,1.5919019347165886e-07,0.0,0.0,6,90.0,0.0,,,,,,,,,,,,,,,,,,,,,
74.75925099999999,GUIA,,0.0,,,,,,-11.999999046325684,0.0,1.5919019347165886e-07,0.0,0.0,6,90.0,0.0,,,,,,,,,,,,,,,,,,,,,
74.75925099999999,GUIA,,0.0,,,,,,-11.999999046325684,0.0,1.5919019347165886e-07,0.0,0.0,6,90.0,0.0,,,,,,,,,,,,,,,,,,,,,
74.794237,ATT,3,,-11.95,0.0,90.0,0.01,0.01,-11.99,,0.04,,,,89.42,,,,,,,,,,,,,,,,,,,,,,
74.794237,XKF1,,,,,,,,,,,,,,,,0.641878062817811,0.6274479627609253,,,1.3756359715164326,,,,,,0.13533847033977509,1.355409666215183,,,,,,1.3744940757751465,,1.3744940757751465,0.056038931012153625
74.794237,POS,,,,,,,,,,,,,,,,0.6308116177855329,0.6188124149256974,,,,,37.4275011,-122.169693,,,0.12245199984903365,,,,29.102313995361328,,,,,,
74.804233,GUIA,,0.0,,,,,,-11.999999046325684,0.0,1.5919019347165886e-07,0.0,0.0,6,90.0,0.0,,,,,,,,,,,,,,,,,,,,,
74.829223,GUIA,,0.0,,,,,,-11.999999046325684,0.0,1.5919019347165886e-07,0.0,0.0,6,90.0,0.0,,,,,,,,,,,,,,,,,,,,,
74.854213,GUIA,,0.0,,,,,,-11.999999046325684,0.0,1.5919019347165886e-07,0.0,0.0,6,90.0,0.0,,,,,,,,,,,,,,,,,,,,,
74.89419699999999,ATT,3,,-11.97,0.0,90.0,0.01,0.01,-11.99,,0.05,,,,89.38,,,,,,,,,,,,,,,,,,,,,,
74.89419699999999,XKF1,,,,,,,,,,,,,,,,0.7857907165535747,0.7725833058357239,,,1.5418391657516328,,,,,,0.1434645801782608,1.5257777131328851,,,,,,1.5406584739685059,,1.5406584739685059,0.06032809987664223
74.89419699999999,POS,,,,,,,,,,,,,,,,0.778782557669102,0.7690954296201482,,,,,37.4275011,-122.1696913,,,0.12245199984903365,,,,29.102989196777344,,,,,,
74.944177,GUIA,,0.0,,,,,,-11.999999046325684,0.0,1.5919019347165886e-07,0.0,0.0,6,90.0,0.0,,,,,,,,,,,,,,,,,,,,,
74.944177,GUIA,,0.0,,,,,,-11.999999046325684,0.0,1.5919019347165886e-07,0.0,0.0,6,90.0,0.0,,,,,,,,,,,,,,,,,,,,,
74.979996,GUIA,,0.0,,,,,,-11.999999046325684,0.0,1.5919019347165886e-07,0.0,0.0,6,90.0,0.0,,,,,,,,,,,,,,,,,,,,,
74.99499,ATT,3,,-11.98,0.0,90.0,0.0,0.0,-11.98,,0.07,,,,89.34,,,,,,,,,,,,,,,,,,,,,,
74.99499,XKF1,,,,,,,,,,,,,,,,0.9459385150960693,0.9334810972213745,,,1.701408705424538,,,,,,0.15301214158535004,1.6883650617240635,,,,,,1.700143575668335,,1.700143575668335,0.06560034304857254
74.99499,POS,,,,,,,,,,,,,,,,0.9377816876369126,0.9282186211322813,,,,,37.4275012,-122.1696895,,,0.1335839999791233,,,,29.102806091308594,,,,,,
75.012483,GUIA,,0.0,,,,,,-11.999999046325684,0.0,1.5919019347165886e-07,0.0,0.0,6,90.0,0.0,,,,,,,,,,,,,,,,,,,,,
75.014982,GUIA,,0.0,,,,,,-11.999999046325684,0.0,1.5919019347165886e-07,0.0,0.0,6,90.0,0.0,,,,,,,,,,,,,,,,,,,,,
75.082455,GUIA,,0.0,,,,,,-11.999999046325684,0.0,1.5919019347165886e-07,0.0,0.0,6,90.0,0.0,,,,,,,,,,,,,,,,,,,,,
75.087453,GUIA,,0.0,,,,,,-11.999999046325684,0.0,1.5919019347165886e-07,0.0,0.0,6,90.0,0.0,,,,,,,,,,,,,,,,,,,,,
75.09495,ATT,3,,-11.99,0.0,90.0,0.01,0.0,-11.98,,0.07,,,,89.38,,,,,,,,,,,,,,,,,,,,,,
75.09495,XKF1,,,,,,,,,,,,,,,,1.122173887399542,1.1103616952896118,,,1.8552288321911043,,,,,,0.16239193081855774,1.8444656701877185,,,,,,1.8539278507232666,,1.8539278507232666,0.06946613639593124
75.09495,POS,,,,,,,,,,,,,,,,1.1144580360920129,1.1050221687923083,,,,,37.4275013,-122.1696875,,,0.14471600010921293,,,,29.103635787963867,,,,,,
75.124938,GUIA,,0.0,,,,,,-11.999999046325684,0.0,1.5919019347165886e-07,0.0,0.0,6,90.0,0.0,,,,,,,,,,,,,,,,,,,,,
75.167421,GUIA,,0.0,,,,,,-11.999999046325684,0.0,1.5919019347165886e-07,0.0,0.0,6,90.0,0.0,,,,,,,,,,,,,,,,,,,,,
75.167421,GUIA,,0.0,,,,,,-11.999999046325684,0.0,1.5919019347165886e-07,0.0,0.0,6,90.0,0.0,,,,,,,,,,,,,,,,,,,,,
75.19491,ATT,3,,-11.99,0.0,90.0,0.01,0.0,-11.99,,0.06,,,,89.46,,,,,,,,,,,,,,,,,,,,,,
75.19491,XKF1,,,,,,,,,,,,,,,,1.3149803914606781,1.303634524345398,,,2.003990300860713,,,,,,0.17236721515655518,1.9949695977130033,,,,,,2.002652645111084,,2.002652645111084,0.07320866733789444
75.19491,POS,,,,,,,,,,,,,,,,1.308818025978716,1.2995060700876997,,,,,37.4275014,-122.1696853,,,0.1558479994483264,,,,29.10382843017578,,,,,,
75.229896,GUIA,,0.0,,,,,,-11.999999046325684,0.0,1.5919019347165886e-07,0.0,0.0,6,90.0,0.0,,,,,,,,,,,,,,,,,,,,,
75.229896,GUIA,,0.0,,,,,,-11.999999046325684,0.0,1.5919019347165886e-07,0.0,0.0,6,90.0,0.0,,,,,,,,,,,,,,,,,,,,,
75.277377,GUIA,,0.0,,,,,,-11.999999046325684,0.0,1.5919019347165886e-07,0.0,0.0,6,90.0,0.0,,,,,,,,,,,,,,,,,,,,,
75.29487,ATT,3,,-11.99,0.0,90.0,0.0,0.0,-11.99,,0.04,,,,89.58,,,,,,,,,,,,,,,,,,,,,,
75.29487,XKF1,,,,,,,,,,,,,,,,1.5241704845529842,1.513250470161438,,,2.1482595751411315,,,,,,0.18212270736694336,2.1406054400545425,,,,,,2.146918535232544,,2.146918535232544,0.07589469850063324
75.29487,POS,,,,,,,,,,,,,,,,1.5208647196903238,1.5116703262747202,,,,,37.4275015,-122.1696829,,,0.16697999957841603,,,,29.104909896850586,,,,,,
75.302367,GUIA,,0.0,,,,,,-11.999999046325684,0.0,1.5919019347165886e-07,0.0,0.0,6,90.0,0.0,,,,,,,,,,,,,,,,,,,,,
75.302367,GUIA,,0.0,,,,,,-11.999999046325684,0.0,1.5919019347165886e-07,0.0,0.0,6,90.0,0.0,,,,,,,,,,,,,,,,,,,,,
75.352347,GUIA,,0.0,,,,,,-11.999999046325684,0.0,1.5919019347165886e-07,0.0,0.0,6,90.0,0.0,,,,,,,,,,,,,,,,,,,,,
75.384834,GUIA,,0.0,,,,,,-11.999999046325684,0.0,1.5919019347165886e-07,0.0,0.0,6,90.0,0.0,,,,,,,,,,,,,,,,,,,,,
75.39483,ATT,3,,-11.99,0.0,90.0,0.0,0.0,-11.99,,0.03,,,,89.72,,,,,,,,,,,,,,,,,,,,,,
75.39483,XKF1,,,,,,,,,,,,,,,,1.7469038865295916,1.7362879514694214,,,2.286092242173735,,,,,,0.1922949254512787,2.2794945597865426,,,,,,2.2847468852996826,,2.2847468852996826,0.07841817289590836
75.39483,POS,,,,,,,,,,,,,,,,1.741805300796897,1.732674759279423,,,,,37.4275016,-122.1696804,,,0.17811199970850566,,,,29.105274200439453,,,,,,
75.412323,GUIA,,0.0,,,,,,-11.999999046325684,0.0,1.5919019347165886e-07,0.0,0.0,6,90.0,0.0,,,,,,,,,,,,,,,,,,,,,
75.452307,GUIA,,0.0,,,,,,-11.999999046325684,0.0,1.5919019347165886e-07,0.0,0.0,6,90.0,0.0,,,,,,,,,,,,,,,,,,,,,
75.484794,GUIA,,0.0,,,,,,-11.999999046325684,0.0,1.5919019347165886e-07,0.0,0.0,6,90.0,0.0,,,,,,,,,,,,,,,,,,,,,
75.487293,GUIA,,0.0,,,,,,-11.999999046325684,0.0,1.5919019347165886e-07,0.0,0.0,6,90.0,0.0,,,,,,,,,,,,,,,,,,,,,
75.49479,ATT,3,,-11.99,0.0,90.0,0.0,0.0,-11.98,,0.0,,,,89.88,,,,,,,,,,,,,,,,,,,,,,
75.49479,XKF1,,,,,,,,,,,,,,,,1.9828284562356948,1.9725042581558228,,,2.4181612820199363,,,,,,0.20207829773426056,2.4124015704577757,,,,,,2.416840076446533,,2.416840076446533,0.07992515712976456
75.49479,POS,,,,,,,,,,,,,,,,1.9804221167895006,1.9713595484320197,,,,,37.4275017,-122.1696777,,,0.1892439998385953,,,,29.1063232421875,,,,,,
75.537273,GUIA,,0.0,,,,,,-11.999999046325684,0.0,1.5919019347165886e-07,0.0,0.0,6,90.0,0.0,,,,,,,,,,,,,,,,,,,,,
75.567261,GUIA,,0.0,,,,,,-11.999999046325684,0.0,1.5919019347165886e-07,0.0,0.0,6,90.0,0.0,,,,,,,,,,,,,,,,,,,,,
75.587253,GUIA,,0.0,,,,,,-11.999999046325684,0.0,1.5919019347165886e-07,0.0,0.0,6,90.0,0.0,,,,,,,,,,,,,,,,,,,,,
75.59475,ATT,3,,-11.99,0.0,90.0,0.0,0.0,-11.98,,-0.02,,,,90.02,,,,,,,,,,,,,,,,,,,,,,
75.59475,XKF1,,,,,,,,,,,,,,,,2.23246352342301,2.222351551055908,,,2.5450588126510163,,,,,,0.2122427076101303,2.539969837064238,,,,,,2.5437586307525635,,2.5437586307525635,0.08134118467569351
75.59475,POS,,,,,,,,,,,,,,,,2.2279136033613964,2.2188845131460337,,,,,37.4275018,-122.1696749,,,0.20037599996868494,,,,29.106653213500977,,,,,,
75.632235,GUIA,,0.0,,,,,,-11.999999046325684,0.0,1.5919019347165886e-07,0.0,0.0,6,90.0,0.0,,,,,,,,,,,,,,,,,,,,,
75.69471,ATT,3,,-11.99,0.0,90.0,0.0,0.0,-11.97,,-0.04,,,,90.16,,,,,,,,,,,,,,,,,,,,,,
75.69471,XKF1,,,,,,,,,,,,,,,,2.4941071187097985,2.4842159748077393,,,2.666153709035387,,,,,,0.22190383076667786,2.6616272564175776,,,,,,2.664888381958008,,2.664888381958008,0.08213106542825699
75.69471,POS,,,,,,,,,,,,,,,,2.492158270412426,2.484089834007942,,,,,37.4275018,-122.1696719,,,0.20037599996868494,,,,29.107601165771484,,,,,,
75.697209,GUIA,,0.0,,,,,,-11.999999046325684,0.0,1.5919019347165886e-07,0.0,0.0,6,90.0,0.0,,,,,,,,,,,,,,,,,,,,,
75.724698,GUIA,,0.0,,,,,,-11.999999046325684,0.0,1.5919019347165886e-07,0.0,0.0,6,90.0,0.0,,,,,,,,,,,,,,,,,,,,,
75.732195,GUIA,,0.0,,,,,,-11.999999046325684,0.0,1.5919019347165886e-07,0.0,0.0,6,90.0,0.0,,,,,,,,,,,,,,,,,,,,,
75.787173,GUIA,,0.0,,,,,,-11.999999046325684,0.0,1.5919019347165886e-07,0.0,0.0,6,90.0,0.0,,,,,,,,,,,,,,,,,,,,,
75.787173,GUIA,,0.0,,,,,,-11.999999046325684,0.0,1.5919019347165886e-07,0.0,0.0,6,90.0,0.0,,,,,,,,,,,,,,,,,,,,,
75.79467,ATT,3,,-11.99,0.0,90.0,0.0,0.0,-11.98,,-0.05,,,,90.28,,,,,,,,,,,,,,,,,,,,,,
75.79467,XKF1,,,,,,,,,,,,,,,,2.7684065525725017,2.7587039470672607,,,2.782663072695057,,,,,,0.2315758466720581,2.7786009677154992,,,,,,2.781435251235962,,2.781435251235962,0.08265421539545059
75.79467,POS,,,,,,,,,,,,,,,,2.7662332045597453,2.7581353316875323,,,,,37.4275019,-122.1696688,,,0.21150800009877457,,,,29.107799530029297,,,,,,
75.847149,GUIA,,0.0,,,,,,-11.999999046325684,0.0,1.5919019347165886e-07,0.0,0.0,6,90.0,0.0,,,,,,,,,,,,,,,,,,,,,
75.859644,GUIA,,0.0,,,,,,-11.999999046325684,0.0,1.5919019347165886e-07,0.0,0.0,6,90.0,0.0,,,,,,,,,,,,,,,,,,,,,
75.89213099999999,GUIA,,0.0,,,,,,-11.999999046325684,0.0,1.5919019347165886e-07,0.0,0.0,6,90.0,0.0,,,,,,,,,,,,,,,,,,,,,
75.89462999999999,ATT,3,,-11.99,0.0,90.0,0.0,0.0,-11.98,,-0.07,,,,90.37,,,,,,,,,,,,,,,,,,,,,,
75.89462999999999,XKF1,,,,,,,,,,,,,,,,3.053607006832572,3.0440969467163086,,,2.893910962557381,,,,,,0.24081015586853027,2.890236369753974,,,,,,2.8927321434020996,,2.8927321434020996,0.08259180188179016
75.89462999999999,POS,,,,,,,,,,,,,,,,3.049160102291604,3.041021006184805,,,,,37.427502,-122.1696656,,,0.22263999943788804,,,,29.108638763427734,,,,,,
75.924618,GUIA,,0.0,,,,,,-11.999999046325684,0.0,1.5919019347165886e-07,0.0,0.0,6,90.0,0.0,,,,,,,,,,,,,,,,,,,,,
75.939612,GUIA,,0.0,,,,,,-11.999999046325684,0.0,1.5919019347165886e-07,0.0,0.0,6,90.0,0.0,,,,,,,,,,,,,,,,,,,,,
75.992091,GUIA,,0.0,,,,,,-11.999999046325684,0.0,1.5919019347165886e-07,0.0,0.0,6,90.0,0.0,,,,,,,,,,,,,,,,,,,,,
75.992091,GUIA,,0.0,,,,,,-11.999999046325684,0.0,1.5919019347165886e-07,0.0,0.0,6,90.0,0.0,,,,,,,,,,,,,,,,,,,,,
75.99459,ATT,3,,-11.99,0.0,90.0,0.0,0.0,-11.99,,-0.09,,,,90.44,,,,,,,,,,,,,,,,,,,,,,
75.99459,XKF1,,,,,,,,,,,,,,,,3.350352906015573,3.3409969806671143,,,3.000630659719762,,,,,,0.25020745396614075,2.997293740161766,,,,,,2.9994890689849854,,2.9994890689849854,0.08276280015707016
75.99459,POS,,,,,,,,,,,,,,,,3.3409356432487827,3.3327468587560243,,,,,37.4275021,-122.1696623,,,0.23377199956797767,,,,29.10877799987793,,,,,,
76.047069,GUIA,,0.0,,,,,,-11.999999046325684,0.0,1.5919019347165886e-07,0.0,0.0,6,90.0,0.0,,,,,,,,,,,,,,,,,,,,,
76.074558,GUIA,,0.0,,,,,,-11.999999046325684,0.0,1.5919019347165886e-07,0.0,0.0,6,90.0,0.0,,,,,,,,,,,,,,,,,,,,,
76.079556,GUIA,,0.0,,,,,,-11.999999046325684,0.0,1.5919019347165886e-07,0.0,0.0,6,90.0,0.0,,,,,,,,,,,,,,,,,,,,,
76.09455,ATT,3,,-11.99,0.0,90.0,0.0,0.0,-11.99,,-0.1,,,,90.47,,,,,,,,,,,,,,,,,,,,,,
76.09455,XKF1,,,,,,,,,,,,,,,,3.656979618474167,3.6477837562561035,,,3.102327708198278,,,,,,0.25917869806289673,3.099288163137522,,,,,,3.1012251377105713,,3.1012251377105713,0.08270341157913208
76.09455,POS,,,,,,,,,,,,,,,,3.6503776416743037,3.642153066218873,,,,,37.4275022,-122.1696588,,,0.2449039996980673,,,,29.109512329101562,,,,,,
76.142031,GUIA,,0.0,,,,,,-11.999999046325684,0.0,1.5919019347165886e-07,0.0,0.0,6,90.0,0.0,,,,,,,,,,,,,,,,,,,,,
76.154526,GUIA,,0.0,,,,,,-11.999999046325684,0.0,1.5919019347165886e-07,0.0,0.0,6,90.0,0.0,,,,,,,,,,,,,,,,,,,,,
76.19451,ATT,3,,-11.99,0.0,90.0,0.0,0.0,-11.99,,-0.1,,,,90.47,,,,,,,,,,,,,,,,,,,,,,
76.19451,XKF1,,,,,,,,,,,,,,,,3.974065396295976,3.965010404586792,,,3.1998433967468194,,,,,,0.2681198716163635,3.1970597539233108,,,,,,3.1987781524658203,,3.1987781524658203,0.08255964517593384
76.19451,POS,,,,,,,,,,,,,,,,3.9686670609568626,3.960399450499404,,,,,37.4275023,-122.1696552,,,0.25603599982815695,,,,29.10960578918457,,,,,,
76.217001,GUIA,,0.0,,,,,,-11.999999046325684,0.0,1.5919019347165886e-07,0.0,0.0,6,90.0,0.0,,,,,,,,,,,,,,,,,,,,,
76.217001,GUIA,,0.0,,,,,,-11.999999046325684,0.0,1.5919019347165886e-07,0.0,0.0,6,90.0,0.0,,,,,,,,,,,,,,,,,,,,,
76.251987,GUIA,,0.0,,,,,,-11.999999046325684,0.0,1.5919019347165886e-07,0.0,0.0,6,90.0,0.0,,,,,,,,,,,,,,,,,,,,,
76.289472,GUIA,,0.0,,,,,,-11.999999046325684,0.0,1.5919019347165886e-07,0.0,0.0,6,90.0,0.0,,,,,,,,,,,,,,,,,,,,,
76.29447,ATT,3,,-11.99,0.0,90.0,0.0,0.0,-12.0,,-0.09,,,,90.44,,,,,,,,,,,,,,,,,,,,,,
76.29447,XKF1,,,,,,,,,,,,,,,,4.30017637181841,4.291265487670898,,,3.2925245388833946,,,,,,0.27668997645378113,3.289967213869719,,,,,,3.2914979457855225,,3.2914979457855225,0.08221381902694702
76.29447,POS,,,,,,,,,,,,,,,,4.295124064896524,4.2874860115976166,,,,,37.4275023,-122.1696515,,,0.25603599982815695,,,,29.11028289794922,,,,,,
76.296969,GUIA,,0.0,,,,,,-11.999999046325684,0.0,1.5919019347165886e-07,0.0,0.0,6,90.0,0.0,,,,,,,,,,,,,,,,,,,,,
76.346949,GUIA,,0.0,,,,,,-11.999999046325684,0.0,1.5919019347165886e-07,0.0,0.0,6,90.0,0.0,,,,,,,,,,,,,,,,,,,,,
76.381935,GUIA,,0.0,,,,,,-11.999999046325684,0.0,1.5919019347165886e-07,0.0,0.0,6,90.0,0.0,,,,,,,,,,,,,,,,,,,,,
76.381935,GUIA,,0.0,,,,,,-11.999999046325684,0.0,1.5919019347165886e-07,0.0,0.0,6,90.0,0.0,,,,,,,,,,,,,,,,,,,,,
76.39443,ATT,3,,-11.99,0.0,90.0,0.0,0.0,-12.01,,-0.08,,,,90.39,,,,,,,,,,,,,,,,,,,,,,
76.39443,XKF1,,,,,,,,,,,,,,,,4.636097653267414,4.627323627471924,,,3.3815322248948965,,,,,,0.2850920855998993,3.3791753598664798,,,,,,3.380542516708374,,3.380542516708374,0.08180758357048035
76.39443,POS,,,,,,,,,,,,,,,,4.631125587174488,4.623412750769777,,,,,37.4275024,-122.1696477,,,0.2671679999582466,,,,29.110301971435547,,,,,,
76.429416,GUIA,,0.0,,,,,,-11.999999046325684,0.0,1.5919019347165886e-07,0.0,0.0,6,90.0,0.0,,,,,,,,,,,,,,,,,,,,,
76.45440599999999,GUIA,,0.0,,,,,,-11.999999046325684,0.0,1.5919019347165886e-07,0.0,0.0,6,90.0,0.0,,,,,,,,,,,,,,,,,,,,,
76.49439,ATT,3,,-11.99,0.0,90.0,0.0,0.0,-12.01,,-0.06,,,,90.32,,,,,,,,,,,,,,,,,,,,,,
76.49439,XKF1,,,,,,,,,,,,,,,,4.979944624185678,4.971305847167969,,,3.4659342651754037,,,,,,0.29320067167282104,3.463751830683134,,,,,,3.4649837017059326,,3.4649837017059326,0.08116820454597473
76.49439,POS,,,,,,,,,,,,,,,,4.975968256656476,4.968179666759619,,,,,37.4275025,-122.1696438,,,0.2783000000883362,,,,29.11101722717285,,,,,,
76.499388,GUIA,,0.0,,,,,,-11.999999046325684,0.0,1.5919019347165886e-07,0.0,0.0,6,90.0,0.0,,,,,,,,,,,,,,,,,,,,,
76.499388,GUIA,,0.0,,,,,,-11.999999046325684,0.0,1.5919019347165886e-07,0.0,0.0,6,90.0,0.0,,,,,,,,,,,,,,,,,,,,,
76.564362,GUIA,,0.0,,,,,,-11.999999046325684,0.0,1.5919019347165886e-07,0.0,0.0,6,90.0,0.0,,,,,,,,,,,,,,,,,,,,,
76.564362,GUIA,,0.0,,,,,,-11.999999046325684,0.0,1.5919019347165886e-07,0.0,0.0,6,90.0,0.0,,,,,,,,,,,,,,,,,,,,,
76.59434999999999,ATT,3,,-11.99,0.0,90.0,0.0,0.0,-12.0,,-0.04,,,,90.23,,,,,,,,,,,,,,,,,,,,,,
76.59434999999999,XKF1,,,,,,,,,,,,,,,,5.3314016497580194,5.322868824005127,,,3.5459685598857136,,,,,,0.30151456594467163,3.5439367494805722,,,,,,3.5450525283813477,,3.5450525283813477,0.08059527724981308
76.59434999999999,POS,,,,,,,,,,,,,,,,5.32965150924222,5.321786760823408,,,,,37.4275026,-122.1696398,,,0.2894319994274497,,,,29.110387802124023,,,,,,
76.616841,GUIA,,0.0,,,,,,-11.999999046325684,0.0,1.5919019347165886e-07,0.0,0.0,6,90.0,0.0,,,,,,,,,,,,,,,,,,,,,
76.626837,GUIA,,0.0,,,,,,-11.999999046325684,0.0,1.5919019347165886e-07,0.0,0.0,6,90.0,0.0,,,,,,,,,,,,,,,,,,,,,
76.664322,GUIA,,0.0,,,,,,-11.999999046325684,0.0,1.5919019347165886e-07,0.0,0.0,6,90.0,0.0,,,,,,,,,,,,,,,,,,,,,
76.691811,GUIA,,0.0,,,,,,-11.999999046325684,0.0,1.5919019347165886e-07,0.0,0.0,6,90.0,0.0,,,,,,,,,,,,,,,,,,,,,
76.69431,ATT,3,,-11.99,0.0,90.0,0.0,0.0,-11.99,,-0.02,,,,90.13,,,,,,,,,,,,,,,,,,,,,,
76.69431,XKF1,,,,,,,,,,,,,,,,5.6901343703047305,5.681711196899414,,,3.6216038667849006,,,,,,0.3094947934150696,3.619704388013589,,,,,,3.620725154876709,,3.620725154876709,0.07977418601512909
76.69431,POS,,,,,,,,,,,,,,,,5.682769244865037,5.675393854887198,,,,,37.4275026,-122.1696358,,,0.2894319994274497,,,,29.110931396484375,,,,,,
76.699308,GUIA,,0.0,,,,,,-11.999999046325684,0.0,1.5919019347165886e-07,0.0,0.0,6,90.0,0.0,,,,,,,,,,,,,,,,,,,,,
76.76928,GUIA,,0.0,,,,,,-11.999999046325684,0.0,1.5919019347165886e-07,0.0,0.0,6,90.0,0.0,,,,,,,,,,,,,,,,,,,,,
76.76928,GUIA,,0.0,,,,,,-11.999999046325684,0.0,1.5919019347165886e-07,0.0,0.0,6,90.0,0.0,,,,,,,,,,,,,,,,,,,,,
76.79427,ATT,3,,-11.99,0.0,90.0,0.0,0.0,-11.99,,0.0,,,,90.03,,,,,,,,,,,,,,,,,,,,,,
76.79427,XKF1,,,,,,,,,,,,,,,,6.05448376326373,6.046157360076904,,,3.692684711620975,,,,,,0.31741899251937866,3.6909011606284707,,,,,,3.6918416023254395,,3.6918416023254395,0.07890477031469345
76.79427,POS,,,,,,,,,,,,,,,,6.045317541523646,6.0378411257686695,,,,,37.4275027,-122.1696317,,,0.3005639995575393,,,,29.110740661621094,,,,,,
76.824258,GUIA,,0.0,,,,,,-11.999999046325684,0.0,1.5919019347165886e-07,0.0,0.0,6,90.0,0.0,,,,,,,,,,,,,,,,,,,,,
76.841751,GUIA,,0.0,,,,,,-11.999999046325684,0.0,1.5919019347165886e-07,0.0,0.0,6,90.0,0.0,,,,,,,,,,,,,,,,,,,,,
76.86924,GUIA,,0.0,,,,,,-11.999999046325684,0.0,1.5919019347165886e-07,0.0,0.0,6,90.0,0.0,,,,,,,,,,,,,,,,,,,,,
76.89423,ATT,3,,-11.99,0.0,90.0,0.0,0.0,-11.99,,0.01,,,,89.94,,,,,,,,,,,,,,,,,,,,,,
76.89423,XKF1,,,,,,,,,,,,,,,,6.42598743822214,6.417758941650391,,,3.760305897870607,,,,,,0.3250918686389923,3.758624217057641,,,,,,3.759500026702881,,3.759500026702881,0.0778459683060646
76.89423,POS,,,,,,,,,,,,,,,,6.416703473549558,6.4091285734678225,,,,,37.4275028,-122.1696275,,,0.31169599968762896,,,,29.111268997192383,,,,,,
76.906725,GUIA,,0.0,,,,,,-11.999999046325684,0.0,1.5919019347165886e-07,0.0,0.0,6,90.0,0.0,,,,,,,,,,,,,,,,,,,,,
76.914222,GUIA,,0.0,,,,,,-11.999999046325684,0.0,1.5919019347165886e-07,0.0,0.0,6,90.0,0.0,,,,,,,,,,,,,,,,,,,,,
76.974198,GUIA,,0.0,,,,,,-11.999999046325684,0.0,1.5919019347165886e-07,0.0,0.0,6,90.0,0.0,,,,,,,,,,,,,,,,,,,,,
76.974198,GUIA,,0.0,,,,,,-11.999999046325684,0.0,1.5919019347165886e-07,0.0,0.0,6,90.0,0.0,,,,,,,,,,,,,,,,,,,,,
76.99419,ATT,3,,-11.99,0.0,90.0,0.0,0.0,-12.0,,0.03,,,,89.86,,,,,,,,,,,,,,,,,,,,,,
76.99419,XKF1,,,,,,,,,,,,,,,,6.80320442866536,6.795046806335449,,,3.824559532140631,,,,,,0.3330606520175934,3.822967196910013,,,,,,3.8237855434417725,,3.8237855434417725,0.07693979889154434
76.99419,POS,,,,,,,,,,,,,,,,6.796407443285943,6.789256199240923,,,,,37.4275028,-122.1696232,,,0.31169599968762896,,,,29.111120223999023,,,,,,
77.041671,GUIA,,0.0,,,,,,-11.999999046325684,0.0,1.5919019347165886e-07,0.0,0.0,6,90.0,0.0,,,,,,,,,,,,,,,,,,,,,
77.041671,GUIA,,0.0,,,,,,-11.999999046325684,0.0,1.5919019347165886e-07,0.0,0.0,6,90.0,0.0,,,,,,,,,,,,,,,,,,,,,
77.094983,ATT,3,,-11.99,0.0,90.0,0.0,0.0,-12.0,,0.05,,,,89.79,,,,,,,,,,,,,,,,,,,,,,
77.094983,XKF1,,,,,,,,,,,,,,,,7.188100732660155,7.180016040802002,,,3.886088832123605,,,,,,0.3408251702785492,3.8845759720713486,,,,,,3.885347843170166,,3.885347843170166,0.0758851021528244
77.094983,POS,,,,,,,,,,,,,,,,7.185479646897249,7.178224003087971,,,,,37.4275029,-122.1696188,,,0.3228279998177186,,,,29.111331939697266,,,,,,
77.099981,GUIA,,0.0,,,,,,-11.999999046325684,0.0,1.5919019347165886e-07,0.0,0.0,6,90.0,0.0,,,,,,,,,,,,,,,,,,,,,
77.109977,GUIA,,0.0,,,,,,-11.999999046325684,0.0,1.5919019347165886e-07,0.0,0.0,6,90.0,0.0,,,,,,,,,,,,,,,,,,,,,
77.147462,GUIA,,0.0,,,,,,-11.999999046325684,0.0,1.5919019347165886e-07,0.0,0.0,6,90.0,0.0,,,,,,,,,,,,,,,,,,,,,
77.174951,GUIA,,0.0,,,,,,-11.999999046325684,0.0,1.5919019347165886e-07,0.0,0.0,6,90.0,0.0,,,,,,,,,,,,,,,,,,,,,
77.194943,ATT,3,,-11.99,0.0,90.0,0.0,0.0,-12.01,,0.06,,,,89.73,,,,,,,,,,,,,,,,,,,,,,
77.194943,XKF1,,,,,,,,,,,,,,,,7.581663656540352,7.573646545410156,,,3.94564034516316,,,,,,0.3485710918903351,3.9441970261416603,,,,,,3.944932460784912,,3.944932460784912,0.07473696023225784
77.194943,POS,,,,,,,,,,,,,,,,7.574557485787326,7.567191805678754,,,,,37.427503,-122.1696144,,,0.33395999994780823,,,,29.111238479614258,,,,,,
77.197442,GUIA,,0.0,,,,,,-11.999999046325684,0.0,1.5919019347165886e-07,0.0,0.0,6,90.0,0.0,,,,,,,,,,,,,,,,,,,,,
77.239925,GUIA,,0.0,,,,,,-11.999999046325684,0.0,1.5919019347165886e-07,0.0,0.0,6,90.0,0.0,,,,,,,,,,,,,,,,,,,,,
77.254919,GUIA,,0.0,,,,,,-11.999999046325684,0.0,1.5919019347165886e-07,0.0,0.0,6,90.0,0.0,,,,,,,,,,,,,,,,,,,,,
77.294903,ATT,3,,-11.99,0.0,90.0,0.0,0.0,-12.0,,0.07,,,,89.7,,,,,,,,,,,,,,,,,,,,,,
77.294903,XKF1,,,,,,,,,,,,,,,,7.9812396179119345,7.973293304443359,,,4.002172703408486,,,,,,0.3560613989830017,4.000789314698365,,,,,,4.001500129699707,,4.001500129699707,0.0733693391084671
77.294903,POS,,,,,,,,,,,,,,,,7.971997922604902,7.964999786343483,,,,,37.427503,-122.1696099,,,0.33395999994780823,,,,29.111461639404297,,,,,,
77.31239599999999,GUIA,,0.0,,,,,,-11.999999046325684,0.0,1.5919019347165886e-07,0.0,0.0,6,90.0,0.0,,,,,,,,,,,,,,,,,,,,,
77.31239599999999,GUIA,,0.0,,,,,,-11.999999046325684,0.0,1.5919019347165886e-07,0.0,0.0,6,90.0,0.0,,,,,,,,,,,,,,,,,,,,,
77.354879,GUIA,,0.0,,,,,,-11.999999046325684,0.0,1.5919019347165886e-07,0.0,0.0,6,90.0,0.0,,,,,,,,,,,,,,,,,,,,,
77.389865,GUIA,,0.0,,,,,,-11.999999046325684,0.0,1.5919019347165886e-07,0.0,0.0,6,90.0,0.0,,,,,,,,,,,,,,,,,,,,,
77.394863,ATT,3,,-11.99,0.0,90.0,0.0,0.0,-12.0,,0.07,,,,89.68,,,,,,,,,,,,,,,,,,,,,,
77.394863,XKF1,,,,,,,,,,,,,,,,8.391257595621136,8.383380889892578,,,4.057008283399678,,,,,,0.3634953796863556,4.05568342131354,,,,,,4.05636739730835,,4.05636739730835,0.07210928946733475
77.394863,POS,,,,,,,,,,,,,,,,8.387590215834695,8.380488120643578,,,,,37.4275031,-122.1696052,,,0.34509200007789786,,,,29.11146354675293,,,,,,
77.397362,GUIA,,0.0,,,,,,-11.999999046325684,0.0,1.5919019347165886e-07,0.0,0.0,6,90.0,0.0,,,,,,,,,,,,,,,,,,,,,
77.44734199999999,GUIA,,0.0,,,,,,-11.999999046325684,0.0,1.5919019347165886e-07,0.0,0.0,6,90.0,0.0,,,,,,,,,,,,,,,,,,,,,
77.479829,GUIA,,0.0,,,,,,-11.999999046325684,0.0,1.5919019347165886e-07,0.0,0.0,6,90.0,0.0,,,,,,,,,,,,,,,,,,,,,
77.494823,GUIA,,0.0,,,,,,-11.999999046325684,0.0,1.5919019347165886e-07,0.0,0.0,6,90.0,0.0,,,,,,,,,,,,,,,,,,,,,
77.494823,ATT,3,,-11.99,0.0,90.0,0.0,0.0,-12.01,,0.07,,,,89.68,,,,,,,,,,,,,,,,,,,,,,
77.494823,XKF1,,,,,,,,,,,,,,,,8.802999515076108,8.795188903808594,,,4.1083456757543715,,,,,,0.37074601650238037,4.10707469907226,,,,,,4.107734203338623,,4.107734203338623,0.07087951898574829
77.494823,POS,,,,,,,,,,,,,,,,8.794353843813454,8.787136279382255,,,,,37.4275032,-122.1696006,,,0.3562239994170113,,,,29.111753463745117,,,,,,
77.50232,GUIA,,0.0,,,,,,-11.999999046325684,0.0,1.5919019347165886e-07,0.0,0.0,6,90.0,0.0,,,,,,,,,,,,,,,,,,,,,
77.50232,GUIA,,0.0,,,,,,-11.999999046325684,0.0,1.5919019347165886e-07,0.0,0.0,6,90.0,0.0,,,,,,,,,,,,,,,,,,,,,
77.567294,GUIA,,0.0,,,,,,-11.999999046325684,0.0,1.5919019347165886e-07,0.0,0.0,6,90.0,0.0,,,,,,,,,,,,,,,,,,,,,
77.59478299999999,ATT,3,,-11.99,0.0,90.0,0.0,0.0,-12.01,,0.07,,,,89.69,,,,,,,,,,,,,,,,,,,,,,
77.59478299999999,XKF1,,,,,,,,,,,,,,,,9.221019489734747,9.213262557983398,,,4.157810375378557,,,,,,0.378144770860672,4.156590791173031,,,,,,4.157223701477051,,4.157223701477051,0.06984420865774155
77.59478299999999,POS,,,,,,,,,,,,,,,,9.218350131532567,9.211464791756296,,,,,37.4275032,-122.1695958,,,0.3562239994170113,,,,29.11182403564453,,,,,,
77.639765,GUIA,,0.0,,,,,,-11.999999046325684,0.0,1.5919019347165886e-07,0.0,0.0,6,90.0,0.0,,,,,,,,,,,,,,,,,,,,,
77.644763,GUIA,,0.0,,,,,,-11.999999046325684,0.0,1.5919019347165886e-07,0.0,0.0,6,90.0,0.0,,,,,,,,,,,,,,,,,,,,,
77.672252,GUIA,,0.0,,,,,,-11.999999046325684,0.0,1.5919019347165886e-07,0.0,0.0,6,90.0,0.0,,,,,,,,,,,,,,,,,,,,,
77.694743,ATT,3,,-11.99,0.0,90.0,0.0,0.0,-12.01,,0.06,,,,89.73,,,,,,,,,,,,,,,,,,,,,,
77.694743,XKF1,,,,,,,,,,,,,,,,9.64321725756166,9.635515213012695,,,4.204303404733294,,,,,,0.38533836603164673,4.203129140589167,,,,,,4.203742504119873,,4.203742504119873,0.06867370754480362
77.694743,POS,,,,,,,,,,,,,,,,9.63395956612286,9.62695312605639,,,,,37.4275033,-122.1695911,,,0.36735599954710096,,,,29.11223030090332,,,,,,
77.719733,GUIA,,0.0,,,,,,-11.999999046325684,0.0,1.5919019347165886e-07,0.0,0.0,6,90.0,0.0,,,,,,,,,,,,,,,,,,,,,
77.719733,GUIA,,0.0,,,,,,-11.999999046325684,0.0,1.5919019347165886e-07,0.0,0.0,6,90.0,0.0,,,,,,,,,,,,,,,,,,,,,
77.784707,GUIA,,0.0,,,,,,-11.999999046325684,0.0,1.5919019347165886e-07,0.0,0.0,6,90.0,0.0,,,,,,,,,,,,,,,,,,,,,
77.784707,GUIA,,0.0,,,,,,-11.999999046325684,0.0,1.5919019347165886e-07,0.0,0.0,6,90.0,0.0,,,,,,,,,,,,,,,,,,,,,
77.794703,ATT,3,,-11.99,0.0,90.0,0.0,0.0,-12.01,,0.04,,,,89.78,,,,,,,,,,,,,,,,,,,,,,
77.794703,XKF1,,,,,,,,,,,,,,,,10.070748923860686,10.063095092773438,,,4.248754395369366,,,,,,0.3925570547580719,4.2476270338015265,,,,,,4.248213768005371,,4.248213768005371,0.06777679175138474
77.794703,POS,,,,,,,,,,,,,,,,10.067239151267191,10.060121816504378,,,,,37.4275034,-122.1695862,,,0.3784879996771906,,,,29.112430572509766,,,,,,
77.849681,GUIA,,0.0,,,,,,-11.999999046325684,0.0,1.5919019347165886e-07,0.0,0.0,6,90.0,0.0,,,,,,,,,,,,,,,,,,,,,
77.849681,GUIA,,0.0,,,,,,-11.999999046325684,0.0,1.5919019347165886e-07,0.0,0.0,6,90.0,0.0,,,,,,,,,,,,,,,,,,,,,
77.894663,ATT,3,,-11.99,0.0,90.0,0.0,0.0,-12.01,,0.03,,,,89.83,,,,,,,,,,,,,,,,,,,,,,
77.894663,XKF1,,,,,,,,,,,,,,,,10.501899593674246,10.494291305541992,,,4.290559033677481,,,,,,0.3996812105178833,4.289478672391507,,,,,,4.290035247802734,,4.290035247802734,0.06704024225473404
77.894663,POS,,,,,,,,,,,,,,,,10.50011422808493,10.493290505696102,,,,,37.4275034,-122.1695813,,,0.3784879996771906,,,,29.11290168762207,,,,,,
77.897162,GUIA,,0.0,,,,,,-11.999999046325684,0.0,1.5919019347165886e-07,0.0,0.0,6,90.0,0.0,,,,,,,,,,,,,,,,,,,,,
77.917154,GUIA,,0.0,,,,,,-11.999999046325684,0.0,1.5919019347165886e-07,0.0,0.0,6,90.0,0.0,,,,,,,,,,,,,,,,,,,,,
77.947142,GUIA,,0.0,,,,,,-11.999999046325684,0.0,1.5919019347165886e-07,0.0,0.0,6,90.0,0.0,,,,,,,,,,,,,,,,,,,,,
77.979629,GUIA,,0.0,,,,,,-11.999999046325684,0.0,1.5919019347165886e-07,0.0,0.0,6,90.0,0.0,,,,,,,,,,,,,,,,,,,,,
77.994623,ATT,3,,-11.99,0.0,90.0,0.0,0.0,-12.02,,0.02,,,,89.89,,,,,,,,,,,,,,,,,,,,,,
77.994623,XKF1,,,,,,,,,,,,,,,,10.937854294696322,10.930276870727539,,,4.330539131424025,,,,,,0.4070676863193512,4.329502977483078,,,,,,4.330029010772705,,4.330029010772705,0.06646754592657089
77.994623,POS,,,,,,,,,,,,,,,,10.93340360131517,10.926459196144089,,,,,37.4275035,-122.1695764,,,0.38961999980728024,,,,29.113136291503906,,,,,,
77.997122,GUIA,,0.0,,,,,,-11.999999046325684,0.0,1.5919019347165886e-07,0.0,0.0,6,90.0,0.0,,,,,,,,,,,,,,,,,,,,,
78.044603,GUIA,,0.0,,,,,,-11.999999046325684,0.0,1.5919019347165886e-07,0.0,0.0,6,90.0,0.0,,,,,,,,,,,,,,,,,,,,,
78.047102,GUIA,,0.0,,,,,,-11.999999046325684,0.0,1.5919019347165886e-07,0.0,0.0,6,90.0,0.0,,,,,,,,,,,,,,,,,,,,,
78.094583,ATT,3,,-11.99,0.0,90.0,0.0,0.0,-12.02,,0.01,,,,89.95,,,,,,,,,,,,,,,,,,,,,,
78.094583,XKF1,,,,,,,,,,,,,,,,11.376969506235048,11.369424819946289,,,4.368257520953479,,,,,,0.41426369547843933,4.3672604286638235,,,,,,4.367762565612793,,4.367762565612793,0.0657566711306572
78.094583,POS,,,,,,,,,,,,,,,,11.375529362373491,11.36846806340976,,,,,37.4275036,-122.1695714,,,0.4007519999373699,,,,29.11366081237793,,,,,,
78.112076,GUIA,,0.0,,,,,,-11.999999046325684,0.0,1.5919019347165886e-07,0.0,0.0,6,90.0,0.0,,,,,,,,,,,,,,,,,,,,,
78.137066,GUIA,,0.0,,,,,,-11.999999046325684,0.0,1.5919019347165886e-07,0.0,0.0,6,90.0,0.0,,,,,,,,,,,,,,,,,,,,,
78.139565,GUIA,,0.0,,,,,,-11.999999046325684,0.0,1.5919019347165886e-07,0.0,0.0,6,90.0,0.0,,,,,,,,,,,,,,,,,,,,,
78.194543,ATT,3,,-11.99,0.0,90.0,0.0,0.0,-12.03,,0.0,,,,90.01,,,,,,,,,,,,,,,,,,,,,,
78.194543,XKF1,,,,,,,,,,,,,,,,11.82046491788083,11.812944412231445,,,4.404405569227072,,,,,,0.4215865135192871,4.4034476958613675,,,,,,4.403922080993652,,4.403922080993652,0.06525889039039612
78.194543,POS,,,,,,,,,,,,,,,,11.817274114425471,11.81047693067543,,,,,37.4275036,-122.1695664,,,0.4007519999373699,,,,29.114042282104492,,,,,,
78.197042,GUIA,,0.0,,,,,,-11.999999046325684,0.0,1.5919019347165886e-07,0.0,0.0,6,90.0,0.0,,,,,,,,,,,,,,,,,,,,,
78.222032,GUIA,,0.0,,,,,,-11.999999046325684,0.0,1.5919019347165886e-07,0.0,0.0,6,90.0,0.0,,,,,,,,,,,,,,,,,,,,,
78.237026,GUIA,,0.0,,,,,,-11.999999046325684,0.0,1.5919019347165886e-07,0.0,0.0,6,90.0,0.0,,,,,,,,,,,,,,,,,,,,,
78.29200399999999,GUIA,,0.0,,,,,,-11.999999046325684,0.0,1.5919019347165886e-07,0.0,0.0,6,90.0,0.0,,,,,,,,,,,,,,,,,,,,,
78.29200399999999,GUIA,,0.0,,,,,,-11.999999046325684,0.0,1.5919019347165886e-07,0.0,0.0,6,90.0,0.0,,,,,,,,,,,,,,,,,,,,,
78.29450299999999,ATT,3,,-11.99,0.0,90.0,0.0,0.0,-12.04,,-0.02,,,,90.06,,,,,,,,,,,,,,,,,,,,,,
78.29450299999999,XKF1,,,,,,,,,,,,,,,,12.266649577028796,12.259156227111816,,,4.438344043009121,,,,,,0.4286962151527405,4.4374253044702225,,,,,,4.437870502471924,,4.437870502471924,0.06483245640993118
78.29450299999999,POS,,,,,,,,,,,,,,,,12.259406862792147,12.252485796684836,,,,,37.4275037,-122.1695614,,,0.4118840000674595,,,,29.11471939086914,,,,,,
78.346982,GUIA,,0.0,,,,,,-11.999999046325684,0.0,1.5919019347165886e-07,0.0,0.0,6,90.0,0.0,,,,,,,,,,,,,,,,,,,,,
78.366974,GUIA,,0.0,,,,,,-11.999999046325684,0.0,1.5919019347165886e-07,0.0,0.0,6,90.0,0.0,,,,,,,,,,,,,,,,,,,,,
78.394463,ATT,3,,-11.99,0.0,90.0,0.0,0.0,-12.04,,-0.03,,,,90.11,,,,,,,,,,,,,,,,,,,,,,
78.394463,XKF1,,,,,,,,,,,,,,,,12.716652395254203,12.709179878234863,,,4.470791096091803,,,,,,0.43588411808013916,4.469911574290395,,,,,,4.470324516296387,,4.470324516296387,0.06458903849124908
78.394463,POS,,,,,,,,,,,,,,,,12.710376022932854,12.703334842024454,,,,,37.4275038,-122.1695563,,,0.423015999406573,,,,29.11522674560547,,,,,,
78.396962,GUIA,,0.0,,,,,,-11.999999046325684,0.0,1.5919019347165886e-07,0.0,0.0,6,90.0,0.0,,,,,,,,,,,,,,,,,,,,,
78.43694599999999,GUIA,,0.0,,,,,,-11.999999046325684,0.0,1.5919019347165886e-07,0.0,0.0,6,90.0,0.0,,,,,,,,,,,,,,,,,,,,,
78.44694199999999,GUIA,,0.0,,,,,,-11.999999046325684,0.0,1.5919019347165886e-07,0.0,0.0,6,90.0,0.0,,,,,,,,,,,,,,,,,,,,,
78.494423,ATT,3,,-11.99,0.0,90.0,0.0,0.0,-12.02,,-0.03,,,,90.14,,,,,,,,,,,,,,,,,,,,,,
78.494423,XKF1,,,,,,,,,,,,,,,,13.169051088501758,13.161598205566406,,,4.500892575843108,,,,,,0.4429889917373657,4.500050283590782,,,,,,4.50043249130249,,4.50043249130249,0.06435348093509674
78.494423,POS,,,,,,,,,,,,,,,,13.160983863119512,13.154183886107806,,,,,37.4275038,-122.1695512,,,0.423015999406573,,,,29.11593246459961,,,,,,
78.50192,GUIA,,0.0,,,,,,-11.999999046325684,0.0,1.5919019347165886e-07,0.0,0.0,6,90.0,0.0,,,,,,,,,,,,,,,,,,,,,
78.52691,GUIA,,0.0,,,,,,-11.999999046325684,0.0,1.5919019347165886e-07,0.0,0.0,6,90.0,0.0,,,,,,,,,,,,,,,,,,,,,
78.536906,GUIA,,0.0,,,,,,-11.999999046325684,0.0,1.5919019347165886e-07,0.0,0.0,6,90.0,0.0,,,,,,,,,,,,,,,,,,,,,
78.594383,ATT,3,,-11.99,0.0,90.0,0.0,0.0,-12.01,,-0.03,,,,90.17,,,,,,,,,,,,,,,,,,,,,,
78.594383,XKF1,,,,,,,,,,,,,,,,13.624976229694607,13.61752986907959,,,4.529621750427853,,,,,,0.4503970742225647,4.5288131606398565,,,,,,4.529167175292969,,4.529167175292969,0.06417086720466614
78.594383,POS,,,,,,,,,,,,,,,,13.620793864288729,13.613873108265105,,,,,37.4275039,-122.169546,,,0.4341479995366626,,,,29.11644744873047,,,,,,
78.596882,GUIA,,0.0,,,,,,-11.999999046325684,0.0,1.5919019347165886e-07,0.0,0.0,6,90.0,0.0,,,,,,,,,,,,,,,,,,,,,
78.624371,GUIA,,0.0,,,,,,-11.999999046325684,0.0,1.5919019347165886e-07,0.0,0.0,6,90.0,0.0,,,,,,,,,,,,,,,,,,,,,
78.624371,GUIA,,0.0,,,,,,-11.999999046325684,0.0,1.5919019347165886e-07,0.0,0.0,6,90.0,0.0,,,,,,,,,,,,,,,,,,,,,
78.689345,GUIA,,0.0,,,,,,-11.999999046325684,0.0,1.5919019347165886e-07,0.0,0.0,6,90.0,0.0,,,,,,,,,,,,,,,,,,,,,
78.689345,GUIA,,0.0,,,,,,-11.999999046325684,0.0,1.5919019347165886e-07,0.0,0.0,6,90.0,0.0,,,,,,,,,,,,,,,,,,,,,
78.694343,ATT,3,,-11.99,0.0,90.0,0.0,0.0,-12.01,,-0.03,,,,90.18,,,,,,,,,,,,,,,,,,,,,,
78.694343,XKF1,,,,,,,,,,,,,,,,14.082249361437134,14.07481861114502,,,4.555892682526933,,,,,,0.4574146270751953,4.555111704589194,,,,,,4.555448055267334,,4.555448055267334,0.06364864856004715
78.694343,POS,,,,,,,,,,,,,,,,14.080604779141687,14.073562330422405,,,,,37.427504,-122.1695408,,,0.44527999966675225,,,,29.117385864257812,,,,,,
78.736826,GUIA,,0.0,,,,,,-11.999999046325684,0.0,1.5919019347165886e-07,0.0,0.0,6,90.0,0.0,,,,,,,,,,,,,,,,,,,,,
78.754319,GUIA,,0.0,,,,,,-11.999999046325684,0.0,1.5919019347165886e-07,0.0,0.0,6,90.0,0.0,,,,,,,,,,,,,,,,,,,,,
78.771812,GUIA,,0.0,,,,,,-11.999999046325684,0.0,1.5919019347165886e-07,0.0,0.0,6,90.0,0.0,,,,,,,,,,,,,,,,,,,,,
78.794303,ATT,3,,-11.99,0.0,90.0,0.0,0.0,-12.0,,-0.02,,,,90.18,,,,,,,,,,,,,,,,,,,,,,
78.794303,XKF1,,,,,,,,,,,,,,,,14.539324295648399,14.531892776489258,,,4.579792438212713,,,,,,0.46480458974838257,4.579039446601888,,,,,,4.5793538093566895,,4.5793538093566895,0.06338348239660263
78.794303,POS,,,,,,,,,,,,,,,,14.531235324430453,14.524411374505757,,,,,37.427504,-122.1695357,,,0.44527999966675225,,,,29.117919921875,,,,,,
78.824291,GUIA,,0.0,,,,,,-11.999999046325684,0.0,1.5919019347165886e-07,0.0,0.0,6,90.0,0.0,,,,,,,,,,,,,,,,,,,,,
78.824291,GUIA,,0.0,,,,,,-11.999999046325684,0.0,1.5919019347165886e-07,0.0,0.0,6,90.0,0.0,,,,,,,,,,,,,,,,,,,,,
78.87677,GUIA,,0.0,,,,,,-11.999999046325684,0.0,1.5919019347165886e-07,0.0,0.0,6,90.0,0.0,,,,,,,,,,,,,,,,,,,,,
78.87677,GUIA,,0.0,,,,,,-11.999999046325684,0.0,1.5919019347165886e-07,0.0,0.0,6,90.0,0.0,,,,,,,,,,,,,,,,,,,,,
78.894263,ATT,3,,-11.99,0.0,90.0,0.0,0.0,-12.0,,-0.02,,,,90.17,,,,,,,,,,,,,,,,,,,,,,
78.894263,XKF1,,,,,,,,,,,,,,,,14.998419417905842,14.990997314453125,,,4.601929804924373,,,,,,0.4717886745929718,4.601199389163439,,,,,,4.60150146484375,,4.60150146484375,0.06278692930936813
78.894263,POS,,,,,,,,,,,,,,,,14.991050083449014,14.984100596663056,,,,,37.4275041,-122.1695305,,,0.4564119997968419,,,,29.118803024291992,,,,,,
78.941744,GUIA,,0.0,,,,,,-11.999999046325684,0.0,1.5919019347165886e-07,0.0,0.0,6,90.0,0.0,,,,,,,,,,,,,,,,,,,,,
78.959237,GUIA,,0.0,,,,,,-11.999999046325684,0.0,1.5919019347165886e-07,0.0,0.0,6,90.0,0.0,,,,,,,,,,,,,,,,,,,,,
78.989225,GUIA,,0.0,,,,,,-11.999999046325684,0.0,1.5919019347165886e-07,0.0,0.0,6,90.0,0.0,,,,,,,,,,,,,,,,,,,,,
78.994223,ATT,3,,-11.99,0.0,90.0,0.0,0.0,-11.99,,-0.01,,,,90.15,,,,,,,,,,,,,,,,,,,,,,
78.994223,XKF1,,,,,,,,,,,,,,,,15.458377347511957,15.450952529907227,,,4.622563544417634,,,,,,0.47905755043029785,4.621856133336839,,,,,,4.622142314910889,,4.622142314910889,0.06240306794643402
78.994223,POS,,,,,,,,,,,,,,,,15.450865390681649,15.443789817564092,,,,,37.4275042,-122.1695253,,,0.4675439999269315,,,,29.119367599487305,,,,,,
79.024211,GUIA,,0.0,,,,,,-11.999999046325684,0.0,1.5919019347165886e-07,0.0,0.0,6,90.0,0.0,,,,,,,,,,,,,,,,,,,,,
79.034207,GUIA,,0.0,,,,,,-11.999999046325684,0.0,1.5919019347165886e-07,0.0,0.0,6,90.0,0.0,,,,,,,,,,,,,,,,,,,,,
79.094183,GUIA,,0.0,,,,,,-11.999999046325684,0.0,1.5919019347165886e-07,0.0,0.0,6,90.0,0.0,,,,,,,,,,,,,,,,,,,,,
79.094183,GUIA,,0.0,,,,,,-11.999999046325684,0.0,1.5919019347165886e-07,0.0,0.0,6,90.0,0.0,,,,,,,,,,,,,,,,,,,,,
79.094183,ATT,3,,-11.99,0.0,90.0,0.0,0.0,-11.99,,0.0,,,,90.13,,,,,,,,,,,,,,,,,,,,,,
79.094183,XKF1,,,,,,,,,,,,,,,,15.920492852648437,15.91307544708252,,,4.641748043789636,,,,,,0.4859243631362915,4.641058235153015,,,,,,4.641338348388672,,4.641338348388672,0.061670396476984024
79.094183,POS,,,,,,,,,,,,,,,,15.919186544572758,15.912319216539073,,,,,37.4275042,-122.16952,,,0.4675439999269315,,,,29.120302200317383,,,,,,
79.14749499999999,GUIA,,0.0,,,,,,-11.999999046325684,0.0,1.5919019347165886e-07,0.0,0.0,6,90.0,0.0,,,,,,,,,,,,,,,,,,,,,
79.177483,GUIA,,0.0,,,,,,-11.999999046325684,0.0,1.5919019347165886e-07,0.0,0.0,6,90.0,0.0,,,,,,,,,,,,,,,,,,,,,
79.194976,ATT,3,,-11.99,0.0,90.0,0.0,0.0,-11.99,,0.0,,,,90.1,,,,,,,,,,,,,,,,,,,,,,
79.194976,XKF1,,,,,,,,,,,,,,,,16.38405294619623,16.37663459777832,,,4.659867219726105,,,,,,0.4929809272289276,4.6591952232914755,,,,,,4.659466743469238,,4.659466743469238,0.061091504991054535
79.194976,POS,,,,,,,,,,,,,,,,16.379004579942453,16.372008438696373,,,,,37.4275043,-122.1695148,,,0.47867600005702116,,,,29.120849609375,,,,,,
79.207471,GUIA,,0.0,,,,,,-11.999999046325684,0.0,1.5919019347165886e-07,0.0,0.0,6,90.0,0.0,,,,,,,,,,,,,,,,,,,,,
79.254952,GUIA,,0.0,,,,,,-11.999999046325684,0.0,1.5919019347165886e-07,0.0,0.0,6,90.0,0.0,,,,,,,,,,,,,,,,,,,,,
79.254952,GUIA,,0.0,,,,,,-11.999999046325684,0.0,1.5919019347165886e-07,0.0,0.0,6,90.0,0.0,,,,,,,,,,,,,,,,,,,,,
79.29493599999999,ATT,3,,-11.99,0.0,90.0,0.0,0.0,-11.99,,0.01,,,,90.07,,,,,,,,,,,,,,,,,,,,,,
79.29493599999999,XKF1,,,,,,,,,,,,,,,,16.850725976334978,16.84330940246582,,,4.677360429542662,,,,,,0.49989429116249084,4.67670246584985,,,,,,4.676971435546875,,4.676971435546875,0.060322292149066925
79.29493599999999,POS,,,,,,,,,,,,,,,,16.847339415322267,16.840537837671356,,,,,37.4275043,-122.1695095,,,0.47867600005702116,,,,29.12150001525879,,,,,,
79.317427,GUIA,,0.0,,,,,,-11.999999046325684,0.0,1.5919019347165886e-07,0.0,0.0,6,90.0,0.0,,,,,,,,,,,,,,,,,,,,,
79.322425,GUIA,,0.0,,,,,,-11.999999046325684,0.0,1.5919019347165886e-07,0.0,0.0,6,90.0,0.0,,,,,,,,,,,,,,,,,,,,,
79.372405,GUIA,,0.0,,,,,,-11.999999046325684,0.0,1.5919019347165886e-07,0.0,0.0,6,90.0,0.0,,,,,,,,,,,,,,,,,,,,,
79.387399,GUIA,,0.0,,,,,,-11.999999046325684,0.0,1.5919019347165886e-07,0.0,0.0,6,90.0,0.0,,,,,,,,,,,,,,,,,,,,,
79.394896,ATT,3,,-11.99,0.0,90.0,0.0,0.0,-11.99,,0.01,,,,90.03,,,,,,,,,,,,,,,,,,,,,,
79.394896,XKF1,,,,,,,,,,,,,,,,17.321892489024993,17.314468383789062,,,4.695129076294526,,,,,,0.5070936679840088,4.694487734632459,,,,,,4.694747447967529,,4.694747447967529,0.059861864894628525
79.394896,POS,,,,,,,,,,,,,,,,17.315996086827234,17.309067236646335,,,,,37.4275044,-122.1695042,,,0.4898079993961346,,,,29.1219539642334,,,,,,
79.42238499999999,GUIA,,0.0,,,,,,-11.999999046325684,0.0,1.5919019347165886e-07,0.0,0.0,6,90.0,0.0,,,,,,,,,,,,,,,,,,,,,
79.45987,GUIA,,0.0,,,,,,-11.999999046325684,0.0,1.5919019347165886e-07,0.0,0.0,6,90.0,0.0,,,,,,,,,,,,,,,,,,,,,
79.469866,GUIA,,0.0,,,,,,-11.999999046325684,0.0,1.5919019347165886e-07,0.0,0.0,6,90.0,0.0,,,,,,,,,,,,,,,,,,,,,
79.494856,ATT,3,,-11.99,0.0,90.0,0.0,0.0,-11.99,,0.0,,,,89.99,,,,,,,,,,,,,,,,,,,,,,
79.494856,XKF1,,,,,,,,,,,,,,,,17.798927115078826,17.791500091552734,,,4.712036173201008,,,,,,0.5141312479972839,4.711413893224954,,,,,,4.711659908294678,,4.711659908294678,0.05954667180776596
79.494856,POS,,,,,,,,,,,,,,,,17.793489691758037,17.786436813695264,,,,,37.4275045,-122.1694988,,,0.5009399995262243,,,,29.122516632080078,,,,,,
79.519846,GUIA,,0.0,,,,,,-11.999999046325684,0.0,1.5919019347165886e-07,0.0,0.0,6,90.0,0.0,,,,,,,,,,,,,,,,,,,,,
79.537339,GUIA,,0.0,,,,,,-11.999999046325684,0.0,1.5919019347165886e-07,0.0,0.0,6,90.0,0.0,,,,,,,,,,,,,,,,,,,,,
79.552333,GUIA,,0.0,,,,,,-11.999999046325684,0.0,1.5919019347165886e-07,0.0,0.0,6,90.0,0.0,,,,,,,,,,,,,,,,,,,,,
79.594816,ATT,3,,-11.99,0.0,90.0,0.0,0.0,-11.99,,0.0,,,,89.97,,,,,,,,,,,,,,,,,,,,,,
79.594816,XKF1,,,,,,,,,,,,,,,,18.275565144253264,18.26812744140625,,,4.728604576872445,,,,,,0.5213454961776733,4.728005382416868,,,,,,4.728228569030762,,4.728228569030762,0.05963089317083359
79.594816,POS,,,,,,,,,,,,,,,,18.270674994693376,18.263806390744193,,,,,37.4275045,-122.1694934,,,0.5009399995262243,,,,29.122909545898438,,,,,,
79.614808,GUIA,,0.0,,,,,,-11.999999046325684,0.0,1.5919019347165886e-07,0.0,0.0,6,90.0,0.0,,,,,,,,,,,,,,,,,,,,,
79.614808,GUIA,,0.0,,,,,,-11.999999046325684,0.0,1.5919019347165886e-07,0.0,0.0,6,90.0,0.0,,,,,,,,,,,,,,,,,,,,,
79.672285,GUIA,,0.0,,,,,,-11.999999046325684,0.0,1.5919019347165886e-07,0.0,0.0,6,90.0,0.0,,,,,,,,,,,,,,,,,,,,,
79.694776,GUIA,,0.0,,,,,,-11.999999046325684,0.0,1.5919019347165886e-07,0.0,0.0,6,90.0,0.0,,,,,,,,,,,,,,,,,,,,,
79.694776,ATT,3,,-11.99,0.0,90.0,0.0,0.0,-11.98,,0.0,,,,89.94,,,,,,,,,,,,,,,,,,,,,,
79.694776,XKF1,,,,,,,,,,,,,,,,18.753287410600898,18.745840072631836,,,4.743862811659687,,,,,,0.5284587740898132,4.743285454662734,,,,,,4.743487358093262,,4.743487358093262,0.05968299135565758
79.694776,POS,,,,,,,,,,,,,,,,18.748170426511777,18.741175966536858,,,,,37.4275046,-122.169488,,,0.5120719996563139,,,,29.123537063598633,,,,,,
79.70477199999999,GUIA,,0.0,,,,,,-11.999999046325684,0.0,1.5919019347165886e-07,0.0,0.0,6,90.0,0.0,,,,,,,,,,,,,,,,,,,,,
79.75975,GUIA,,0.0,,,,,,-11.999999046325684,0.0,1.5919019347165886e-07,0.0,0.0,6,90.0,0.0,,,,,,,,,,,,,,,,,,,,,
79.78474,GUIA,,0.0,,,,,,-11.999999046325684,0.0,1.5919019347165886e-07,0.0,0.0,6,90.0,0.0,,,,,,,,,,,,,,,,,,,,,
79.787239,GUIA,,0.0,,,,,,-11.999999046325684,0.0,1.5919019347165886e-07,0.0,0.0,6,90.0,0.0,,,,,,,,,,,,,,,,,,,,,
79.794736,ATT,3,,-11.99,0.0,90.0,0.0,0.0,-11.97,,0.0,,,,89.92,,,,,,,,,,,,,,,,,,,,,,
79.794736,XKF1,,,,,,,,,,,,,,,,19.233580883988733,19.226110458374023,,,4.758615192365119,,,,,,0.5360133051872253,4.758062674370859,,,,,,4.758235454559326,,4.758235454559326,0.060115788131952286
79.794736,POS,,,,,,,,,,,,,,,,19.2256660544251,19.218545543585787,,,,,37.4275047,-122.1694826,,,0.5232039997864035,,,,29.124162673950195,,,,,,
79.84971399999999,GUIA,,0.0,,,,,,-11.999999046325684,0.0,1.5919019347165886e-07,0.0,0.0,6,90.0,0.0,,,,,,,,,,,,,,,,,,,,,
79.85970999999999,GUIA,,0.0,,,,,,-11.999999046325684,0.0,1.5919019347165886e-07,0.0,0.0,6,90.0,0.0,,,,,,,,,,,,,,,,,,,,,
79.894696,ATT,3,,-11.99,0.0,90.0,0.0,0.0,-11.97,,0.0,,,,89.91,,,,,,,,,,,,,,,,,,,,,,
79.894696,XKF1,,,,,,,,,,,,,,,,19.71454009750983,19.707050323486328,,,4.77209847015777,,,,,,0.5433772206306458,4.771568264255618,,,,,,4.771716117858887,,4.771716117858887,0.06040777638554573
79.894696,POS,,,,,,,,,,,,,,,,19.711700174207976,19.704755297452397,,,,,37.4275047,-122.1694771,,,0.5232039997864035,,,,29.12496566772461,,,,,,
79.897195,GUIA,,0.0,,,,,,-11.999999046325684,0.0,1.5919019347165886e-07,0.0,0.0,6,90.0,0.0,,,,,,,,,,,,,,,,,,,,,
79.937179,GUIA,,0.0,,,,,,-11.999999046325684,0.0,1.5919019347165886e-07,0.0,0.0,6,90.0,0.0,,,,,,,,,,,,,,,,,,,,,
79.949674,GUIA,,0.0,,,,,,-11.999999046325684,0.0,1.5919019347165886e-07,0.0,0.0,6,90.0,0.0,,,,,,,,,,,,,,,,,,,,,
79.98965799999999,GUIA,,0.0,,,,,,-11.999999046325684,0.0,1.5919019347165886e-07,0.0,0.0,6,90.0,0.0,,,,,,,,,,,,,,,,,,,,,
79.99465599999999,ATT,3,,-11.99,0.0,90.0,0.0,0.0,-11.98,,0.0,,,,89.9,,,,,,,,,,,,,,,,,,,,,,
79.99465599999999,XKF1,,,,,,,,,,,,,,,,20.19763915837029,20.190120697021484,,,4.785266420032077,,,,,,0.5510479211807251,4.7847594283544606,,,,,,4.784878730773926,,4.784878730773926,0.06091175973415375
79.99465599999999,POS,,,,,,,,,,,,,,,,20.18919709547816,20.182124873245062,,,,,37.4275048,-122.1694717,,,0.5343359999164932,,,,29.125709533691406,,,,,,
80.012149,GUIA,,0.0,,,,,,-11.999999046325684,0.0,1.5919019347165886e-07,0.0,0.0,6,90.0,0.0,,,,,,,,,,,,,,,,,,,,,
80.039638,GUIA,,0.0,,,,,,-11.999999046325684,0.0,1.5919019347165886e-07,0.0,0.0,6,90.0,0.0,,,,,,,,,,,,,,,,,,,,,
80.074624,GUIA,,0.0,,,,,,-11.999999046325684,0.0,1.5919019347165886e-07,0.0,0.0,6,90.0,0.0,,,,,,,,,,,,,,,,,,,,,
80.087119,GUIA,,0.0,,,,,,-11.999999046325684,0.0,1.5919019347165886e-07,0.0,0.0,6,90.0,0.0,,,,,,,,,,,,,,,,,,,,,
80.094616,ATT,3,,-11.99,0.0,90.0,0.0,0.0,-11.99,,0.0,,,,89.9,,,,,,,,,,,,,,,,,,,,,,
80.094616,XKF1,,,,,,,,,,,,,,,,20.681204443303635,20.673662185668945,,,4.797548565580212,,,,,,0.5584881901741028,4.7970624195716765,,,,,,4.797157287597656,,4.797157287597656,0.06127150356769562
80.094616,POS,,,,,,,,,,,,,,,,20.67553122890288,20.668334627111673,,,,,37.4275049,-122.1694662,,,0.5454680000465828,,,,29.126558303833008,,,,,,
80.13959799999999,GUIA,,0.0,,,,,,-11.999999046325684,0.0,1.5919019347165886e-07,0.0,0.0,6,90.0,0.0,,,,,,,,,,,,,,,,,,,,,
80.14209699999999,GUIA,,0.0,,,,,,-11.999999046325684,0.0,1.5919019347165886e-07,0.0,0.0,6,90.0,0.0,,,,,,,,,,,,,,,,,,,,,
80.194576,ATT,3,,-11.99,0.0,90.0,0.0,0.0,-12.01,,0.0,,,,89.9,,,,,,,,,,,,,,,,,,,,,,
80.194576,XKF1,,,,,,,,,,,,,,,,21.16671641263268,21.159143447875977,,,4.809709425250715,,,,,,0.5661556720733643,4.809245254331357,,,,,,4.809311866760254,,4.809311866760254,0.061839498579502106
80.194576,POS,,,,,,,,,,,,,,,,21.1615756338193,21.154544380978283,,,,,37.4275049,-122.1694607,,,0.5454680000465828,,,,29.12727165222168,,,,,,
80.197075,GUIA,,0.0,,,,,,-11.999999046325684,0.0,1.5919019347165886e-07,0.0,0.0,6,90.0,0.0,,,,,,,,,,,,,,,,,,,,,
80.242057,GUIA,,0.0,,,,,,-11.999999046325684,0.0,1.5919019347165886e-07,0.0,0.0,6,90.0,0.0,,,,,,,,,,,,,,,,,,,,,
80.254552,GUIA,,0.0,,,,,,-11.999999046325684,0.0,1.5919019347165886e-07,0.0,0.0,6,90.0,0.0,,,,,,,,,,,,,,,,,,,,,
80.27704299999999,GUIA,,0.0,,,,,,-11.999999046325684,0.0,1.5919019347165886e-07,0.0,0.0,6,90.0,0.0,,,,,,,,,,,,,,,,,,,,,
80.294536,ATT,3,,-11.99,0.0,90.0,0.0,0.0,-12.02,,0.0,,,,89.9,,,,,,,,,,,,,,,,,,,,,,
80.294536,XKF1,,,,,,,,,,,,,,,,21.652537206137875,21.644935607910156,,,4.821074179742403,,,,,,0.5736985206604004,4.820628978550265,,,,,,4.820672512054443,,4.820672512054443,0.062231648713350296
80.294536,POS,,,,,,,,,,,,,,,,21.647910824930022,21.640754134844894,,,,,37.427505,-122.1694552,,,0.5565999993856963,,,,29.12807273864746,,,,,,
80.322025,GUIA,,0.0,,,,,,-11.999999046325684,0.0,1.5919019347165886e-07,0.0,0.0,6,90.0,0.0,,,,,,,,,,,,,,,,,,,,,
80.324524,GUIA,,0.0,,,,,,-11.999999046325684,0.0,1.5919019347165886e-07,0.0,0.0,6,90.0,0.0,,,,,,,,,,,,,,,,,,,,,
80.382001,GUIA,,0.0,,,,,,-11.999999046325684,0.0,1.5919019347165886e-07,0.0,0.0,6,90.0,0.0,,,,,,,,,,,,,,,,,,,,,
80.394496,ATT,3,,-11.99,0.0,90.0,0.0,0.0,-12.02,,0.0,,,,89.9,,,,,,,,,,,,,,,,,,,,,,
80.394496,XKF1,,,,,,,,,,,,,,,,22.140071225307672,22.132429122924805,,,4.832323039923888,,,,,,0.5816656947135925,4.831897545566383,,,,,,4.83191442489624,,4.83191442489624,0.06284069269895554
80.394496,POS,,,,,,,,,,,,,,,,22.13424610316821,22.126963888711504,,,,,37.4275051,-122.1694497,,,0.5677319995157859,,,,29.128793716430664,,,,,,
80.399494,GUIA,,0.0,,,,,,-11.999999046325684,0.0,1.5919019347165886e-07,0.0,0.0,6,90.0,0.0,,,,,,,,,,,,,,,,,,,,,
80.42698299999999,GUIA,,0.0,,,,,,-11.999999046325684,0.0,1.5919019347165886e-07,0.0,0.0,6,90.0,0.0,,,,,,,,,,,,,,,,,,,,,
80.464468,GUIA,,0.0,,,,,,-11.999999046325684,0.0,1.5919019347165886e-07,0.0,0.0,6,90.0,0.0,,,,,,,,,,,,,,,,,,,,,
80.474464,GUIA,,0.0,,,,,,-11.999999046325684,0.0,1.5919019347165886e-07,0.0,0.0,6,90.0,0.0,,,,,,,,,,,,,,,,,,,,,
80.494456,ATT,3,,-11.99,0.0,90.0,0.0,0.0,-12.02,,0.0,,,,89.9,,,,,,,,,,,,,,,,,,,,,,
80.494456,XKF1,,,,,,,,,,,,,,,,22.627771203886418,22.62009048461914,,,4.842563513805869,,,,,,0.5895219445228577,4.842154900334673,,,,,,4.8421502113342285,,4.8421502113342285,0.06326702237129211
80.494456,POS,,,,,,,,,,,,,,,,22.62029933074856,22.613173642578115,,,,,37.4275051,-122.1694442,,,0.5677319995157859,,,,29.129566192626953,,,,,,
80.536939,GUIA,,0.0,,,,,,-11.999999046325684,0.0,1.5919019347165886e-07,0.0,0.0,6,90.0,0.0,,,,,,,,,,,,,,,,,,,,,
80.536939,GUIA,,0.0,,,,,,-11.999999046325684,0.0,1.5919019347165886e-07,0.0,0.0,6,90.0,0.0,,,,,,,,,,,,,,,,,,,,,
80.581921,GUIA,,0.0,,,,,,-11.999999046325684,0.0,1.5919019347165886e-07,0.0,0.0,6,90.0,0.0,,,,,,,,,,,,,,,,,,,,,
80.594416,ATT,3,,-11.99,0.0,90.0,0.0,0.0,-12.03,,0.01,,,,89.9,,,,,,,,,,,,,,,,,,,,,,
80.594416,XKF1,,,,,,,,,,,,,,,,23.116872271248848,23.10913848876953,,,4.852562987653646,,,,,,0.5979146361351013,4.852172546001248,,,,,,4.852141380310059,,4.852141380310059,0.06396541744470596
80.594416,POS,,,,,,,,,,,,,,,,23.1154727453705,23.108223573262407,,,,,37.4275052,-122.1694386,,,0.5788639996458755,,,,29.130247116088867,,,,,,
80.611909,GUIA,,0.0,,,,,,-11.999999046325684,0.0,1.5919019347165886e-07,0.0,0.0,6,90.0,0.0,,,,,,,,,,,,,,,,,,,,,
80.619406,GUIA,,0.0,,,,,,-11.999999046325684,0.0,1.5919019347165886e-07,0.0,0.0,6,90.0,0.0,,,,,,,,,,,,,,,,,,,,,
80.679382,GUIA,,0.0,,,,,,-11.999999046325684,0.0,1.5919019347165886e-07,0.0,0.0,6,90.0,0.0,,,,,,,,,,,,,,,,,,,,,
80.686879,GUIA,,0.0,,,,,,-11.999999046325684,0.0,1.5919019347165886e-07,0.0,0.0,6,90.0,0.0,,,,,,,,,,,,,,,,,,,,,
80.69437599999999,ATT,3,,-11.99,0.0,90.0,0.0,0.0,-12.02,,0.0,,,,89.9,,,,,,,,,,,,,,,,,,,,,,
80.69437599999999,XKF1,,,,,,,,,,,,,,,,23.605488587083915,23.597715377807617,,,4.861301970633755,,,,,,0.6057395339012146,4.860925276626824,,,,,,4.860877513885498,,4.860877513885498,0.06423896551132202
80.69437599999999,POS,,,,,,,,,,,,,,,,23.601808814327946,23.59443332712902,,,,,37.4275053,-122.1694331,,,0.5899959997759652,,,,29.131032943725586,,,,,,
80.70437199999999,GUIA,,0.0,,,,,,-11.999999046325684,0.0,1.5919019347165886e-07,0.0,0.0,6,90.0,0.0,,,,,,,,,,,,,,,,,,,,,
80.771845,GUIA,,0.0,,,,,,-11.999999046325684,0.0,1.5919019347165886e-07,0.0,0.0,6,90.0,0.0,,,,,,,,,,,,,,,,,,,,,
80.794336,ATT,3,,-11.99,0.0,90.0,0.0,0.0,-12.01,,0.0,,,,89.91,,,,,,,,,,,,,,,,,,,,,,
80.794336,XKF1,,,,,,,,,,,,,,,,24.091641117237884,24.08380889892578,,,4.868256353503535,,,,,,0.6142643094062805,4.867898246204242,,,,,,4.867821216583252,,4.867821216583252,0.06508860737085342
80.794336,POS,,,,,,,,,,,,,,,,24.088144927880474,24.080643080995632,,,,,37.4275054,-122.1694276,,,0.6011279999060548,,,,29.131776809692383,,,,,,
80.806831,GUIA,,0.0,,,,,,-11.999999046325684,0.0,1.5919019347165886e-07,0.0,0.0,6,90.0,0.0,,,,,,,,,,,,,,,,,,,,,
80.84931399999999,GUIA,,0.0,,,,,,-11.999999046325684,0.0,1.5919019347165886e-07,0.0,0.0,6,90.0,0.0,,,,,,,,,,,,,,,,,,,,,
80.84931399999999,GUIA,,0.0,,,,,,-11.999999046325684,0.0,1.5919019347165886e-07,0.0,0.0,6,90.0,0.0,,,,,,,,,,,,,,,,,,,,,
80.894296,ATT,3,,-11.99,0.0,90.0,0.0,0.0,-12.0,,0.0,,,,89.93,,,,,,,,,,,,,,,,,,,,,,
80.894296,XKF1,,,,,,,,,,,,,,,,24.578298580265212,24.57042121887207,,,4.874484737205754,,,,,,0.6222236156463623,4.874140063796792,,,,,,4.874045372009277,,4.874045372009277,0.06544589251279831
80.894296,POS,,,,,,,,,,,,,,,,24.57420625538188,24.566852834862242,,,,,37.4275054,-122.1694221,,,0.6011279999060548,,,,29.13264274597168,,,,,,
80.904292,GUIA,,0.0,,,,,,-11.999999046325684,0.0,1.5919019347165886e-07,0.0,0.0,6,90.0,0.0,,,,,,,,,,,,,,,,,,,,,
80.924284,GUIA,,0.0,,,,,,-11.999999046325684,0.0,1.5919019347165886e-07,0.0,0.0,6,90.0,0.0,,,,,,,,,,,,,,,,,,,,,
80.951773,GUIA,,0.0,,,,,,-11.999999046325684,0.0,1.5919019347165886e-07,0.0,0.0,6,90.0,0.0,,,,,,,,,,,,,,,,,,,,,
80.98675899999999,GUIA,,0.0,,,,,,-11.999999046325684,0.0,1.5919019347165886e-07,0.0,0.0,6,90.0,0.0,,,,,,,,,,,,,,,,,,,,,
80.994256,ATT,3,,-11.99,0.0,90.0,0.0,0.0,-11.99,,0.01,,,,89.95,,,,,,,,,,,,,,,,,,,,,,
80.994256,XKF1,,,,,,,,,,,,,,,,25.063961499372027,25.056026458740234,,,4.879882707203668,,,,,,0.6306378841400146,4.87955292068005,,,,,,4.8794355392456055,,4.8794355392456055,0.06606099009513855
80.994256,POS,,,,,,,,,,,,,,,,25.06054283894125,25.053062588728853,,,,,37.4275055,-122.1694166,,,0.6122600000361444,,,,29.133453369140625,,,,,,
81.001753,GUIA,,0.0,,,,,,-11.999999046325684,0.0,1.5919019347165886e-07,0.0,0.0,6,90.0,0.0,,,,,,,,,,,,,,,,,,,,,
81.056731,GUIA,,0.0,,,,,,-11.999999046325684,0.0,1.5919019347165886e-07,0.0,0.0,6,90.0,0.0,,,,,,,,,,,,,,,,,,,,,
81.056731,GUIA,,0.0,,,,,,-11.999999046325684,0.0,1.5919019347165886e-07,0.0,0.0,6,90.0,0.0,,,,,,,,,,,,,,,,,,,,,
81.094216,ATT,3,,-11.99,0.0,90.0,0.0,0.0,-11.99,,0.01,,,,89.96,,,,,,,,,,,,,,,,,,,,,,
81.094216,XKF1,,,,,,,,,,,,,,,,25.55048500139672,25.542505264282227,,,4.884705304421342,,,,,,0.6385206580162048,4.884385936500135,,,,,,4.884256362915039,,4.884256362915039,0.06622456014156342
81.094216,POS,,,,,,,,,,,,,,,,25.546879444956343,25.539272342595464,,,,,37.4275056,-122.1694111,,,0.6233920001662341,,,,29.13434410095215,,,,,,
81.099214,GUIA,,0.0,,,,,,-11.999999046325684,0.0,1.5919019347165886e-07,0.0,0.0,6,90.0,0.0,,,,,,,,,,,,,,,,,,,,,
81.139198,GUIA,,0.0,,,,,,-11.999999046325684,0.0,1.5919019347165886e-07,0.0,0.0,6,90.0,0.0,,,,,,,,,,,,,,,,,,,,,
81.139198,GUIA,,0.0,,,,,,-11.999999046325684,0.0,1.5919019347165886e-07,0.0,0.0,6,90.0,0.0,,,,,,,,,,,,,,,,,,,,,
81.194176,ATT,3,,-11.99,0.0,90.0,0.0,0.0,-11.99,,0.01,,,,89.98,,,,,,,,,,,,,,,,,,,,,,
81.194176,XKF1,,,,,,,,,,,,,,,,26.036775681048244,26.028732299804688,,,4.889156598309215,,,,,,0.6471342444419861,4.888850476082818,,,,,,4.888700008392334,,4.888700008392334,0.06681669503450394
81.194176,POS,,,,,,,,,,,,,,,,26.03321607214937,26.025482096462074,,,,,37.4275057,-122.1694056,,,0.6345239995053475,,,,29.135156631469727,,,,,,
81.196675,GUIA,,0.0,,,,,,-11.999999046325684,0.0,1.5919019347165886e-07,0.0,0.0,6,90.0,0.0,,,,,,,,,,,,,,,,,,,,,
81.227496,GUIA,,0.0,,,,,,-11.999999046325684,0.0,1.5919019347165886e-07,0.0,0.0,6,90.0,0.0,,,,,,,,,,,,,,,,,,,,,
81.227496,GUIA,,0.0,,,,,,-11.999999046325684,0.0,1.5919019347165886e-07,0.0,0.0,6,90.0,0.0,,,,,,,,,,,,,,,,,,,,,
81.244989,GUIA,,0.0,,,,,,-11.999999046325684,0.0,1.5919019347165886e-07,0.0,0.0,6,90.0,0.0,,,,,,,,,,,,,,,,,,,,,
81.244989,GUIA,,0.0,,,,,,-11.999999046325684,0.0,1.5919019347165886e-07,0.0,0.0,6,90.0,0.0,,,,,,,,,,,,,,,,,,,,,
81.294969,ATT,3,,-11.99,0.0,90.0,0.0,0.0,-11.99,,0.0,,,,90.0,,,,,,,,,,,,,,,,,,,,,,
81.294969,XKF1,,,,,,,,,,,,,,,,26.52504235327109,26.516942977905273,,,4.893856126736932,,,,,,0.6554440855979919,4.8935620411559055,,,,,,4.893393516540527,,4.893393516540527,0.06728804856538773
81.294969,POS,,,,,,,,,,,,,,,,26.519284030168173,26.511691850328685,,,,,37.4275057,-122.1694001,,,0.6345239995053475,,,,29.135910034179688,,,,,,
81.297468,GUIA,,0.0,,,,,,-11.999999046325684,0.0,1.5919019347165886e-07,0.0,0.0,6,90.0,0.0,,,,,,,,,,,,,,,,,,,,,
81.354945,GUIA,,0.0,,,,,,-11.999999046325684,0.0,1.5919019347165886e-07,0.0,0.0,6,90.0,0.0,,,,,,,,,,,,,,,,,,,,,
81.394929,ATT,3,,-11.99,0.0,90.0,0.0,0.0,-11.99,,0.0,,,,90.03,,,,,,,,,,,,,,,,,,,,,,
81.394929,XKF1,,,,,,,,,,,,,,,,27.016628996354143,27.008468627929688,,,4.899491666299642,,,,,,0.6639764308929443,4.899211615379668,,,,,,4.899019241333008,,4.899019241333008,0.06803720444440842
81.394929,POS,,,,,,,,,,,,,,,,27.01445859838824,27.00674178226924,,,,,37.4275058,-122.1693945,,,0.6456559996354372,,,,29.13661766052246,,,,,,
81.397428,GUIA,,0.0,,,,,,-11.999999046325684,0.0,1.5919019347165886e-07,0.0,0.0,6,90.0,0.0,,,,,,,,,,,,,,,,,,,,,
81.397428,GUIA,,0.0,,,,,,-11.999999046325684,0.0,1.5919019347165886e-07,0.0,0.0,6,90.0,0.0,,,,,,,,,,,,,,,,,,,,,
81.464901,GUIA,,0.0,,,,,,-11.999999046325684,0.0,1.5919019347165886e-07,0.0,0.0,6,90.0,0.0,,,,,,,,,,,,,,,,,,,,,
81.464901,GUIA,,0.0,,,,,,-11.999999046325684,0.0,1.5919019347165886e-07,0.0,0.0,6,90.0,0.0,,,,,,,,,,,,,,,,,,,,,
81.494889,ATT,3,,-11.99,0.0,90.0,0.0,0.0,-11.99,,0.0,,,,90.04,,,,,,,,,,,,,,,,,,,,,,
81.494889,XKF1,,,,,,,,,,,,,,,,27.509003937024595,27.500789642333984,,,4.9046875899138715,,,,,,0.6722102761268616,4.904420165117195,,,,,,4.904207229614258,,4.904207229614258,0.06864257901906967
81.494889,POS,,,,,,,,,,,,,,,,27.500795527492485,27.492951536135852,,,,,37.4275059,-122.169389,,,0.6567879997655268,,,,29.13730239868164,,,,,,
81.509883,GUIA,,0.0,,,,,,-11.999999046325684,0.0,1.5919019347165886e-07,0.0,0.0,6,90.0,0.0,,,,,,,,,,,,,,,,,,,,,
81.534873,GUIA,,0.0,,,,,,-11.999999046325684,0.0,1.5919019347165886e-07,0.0,0.0,6,90.0,0.0,,,,,,,,,,,,,,,,,,,,,
81.55236599999999,GUIA,,0.0,,,,,,-11.999999046325684,0.0,1.5919019347165886e-07,0.0,0.0,6,90.0,0.0,,,,,,,,,,,,,,,,,,,,,
81.594849,ATT,3,,-11.99,0.0,90.0,0.0,0.0,-11.99,,-0.01,,,,90.06,,,,,,,,,,,,,,,,,,,,,,
81.594849,XKF1,,,,,,,,,,,,,,,,28.007702924367322,27.999431610107422,,,4.91027172708528,,,,,,0.680626630783081,4.910018361125071,,,,,,4.909780502319336,,4.909780502319336,0.06945396214723587
81.594849,POS,,,,,,,,,,,,,,,,28.00480778625688,27.99684164363783,,,,,37.427506,-122.1693833,,,0.6679199998956165,,,,29.137924194335938,,,,,,
81.612342,GUIA,,0.0,,,,,,-11.999999046325684,0.0,1.5919019347165886e-07,0.0,0.0,6,90.0,0.0,,,,,,,,,,,,,,,,,,,,,
81.61734,GUIA,,0.0,,,,,,-11.999999046325684,0.0,1.5919019347165886e-07,0.0,0.0,6,90.0,0.0,,,,,,,,,,,,,,,,,,,,,
81.657324,GUIA,,0.0,,,,,,-11.999999046325684,0.0,1.5919019347165886e-07,0.0,0.0,6,90.0,0.0,,,,,,,,,,,,,,,,,,,,,
81.69480899999999,GUIA,,0.0,,,,,,-11.999999046325684,0.0,1.5919019347165886e-07,0.0,0.0,6,90.0,0.0,,,,,,,,,,,,,,,,,,,,,
81.69480899999999,ATT,3,,-11.99,0.0,90.0,0.0,0.0,-11.99,,-0.01,,,,90.07,,,,,,,,,,,,,,,,,,,,,,
81.69480899999999,XKF1,,,,,,,,,,,,,,,,28.502393228559935,28.494068145751953,,,4.915283641447561,,,,,,0.6888397932052612,4.915043226904903,,,,,,4.914782524108887,,4.914782524108887,0.070185586810112
81.69480899999999,POS,,,,,,,,,,,,,,,,28.499719343894863,28.491891575578386,,,,,37.427506,-122.1693777,,,0.6679199998956165,,,,29.138486862182617,,,,,,
81.69730799999999,GUIA,,0.0,,,,,,-11.999999046325684,0.0,1.5919019347165886e-07,0.0,0.0,6,90.0,0.0,,,,,,,,,,,,,,,,,,,,,
81.747288,GUIA,,0.0,,,,,,-11.999999046325684,0.0,1.5919019347165886e-07,0.0,0.0,6,90.0,0.0,,,,,,,,,,,,,,,,,,,,,
81.782274,GUIA,,0.0,,,,,,-11.999999046325684,0.0,1.5919019347165886e-07,0.0,0.0,6,90.0,0.0,,,,,,,,,,,,,,,,,,,,,
81.794769,ATT,3,,-11.99,0.0,90.0,0.0,0.0,-11.99,,-0.02,,,,90.07,,,,,,,,,,,,,,,,,,,,,,
81.794769,XKF1,,,,,,,,,,,,,,,,28.99850529215699,28.9901180267334,,,4.920346198645934,,,,,,0.6973994374275208,4.920119576193581,,,,,,4.919832229614258,,4.919832229614258,0.07111643254756927
81.794769,POS,,,,,,,,,,,,,,,,28.99489419718984,28.98694150626268,,,,,37.4275061,-122.1693721,,,0.6790520000257061,,,,29.138980865478516,,,,,,
81.847248,GUIA,,0.0,,,,,,-11.999999046325684,0.0,1.5919019347165886e-07,0.0,0.0,6,90.0,0.0,,,,,,,,,,,,,,,,,,,,,
81.872238,GUIA,,0.0,,,,,,-11.999999046325684,0.0,1.5919019347165886e-07,0.0,0.0,6,90.0,0.0,,,,,,,,,,,,,,,,,,,,,
81.874737,GUIA,,0.0,,,,,,-11.999999046325684,0.0,1.5919019347165886e-07,0.0,0.0,6,90.0,0.0,,,,,,,,,,,,,,,,,,,,,
81.894729,ATT,3,,-11.99,0.0,90.0,0.0,0.0,-11.98,,-0.02,,,,90.07,,,,,,,,,,,,,,,,,,,,,,
81.894729,XKF1,,,,,,,,,,,,,,,,29.49438071639301,29.485933303833008,,,4.924809092465924,,,,,,0.7058548331260681,4.924595313209006,,,,,,4.924283027648926,,4.924283027648926,0.07198097556829453
81.894729,POS,,,,,,,,,,,,,,,,29.490069059199573,29.481991438203238,,,,,37.4275062,-122.1693665,,,0.6901840001557957,,,,29.13942527770996,,,,,,
81.932214,GUIA,,0.0,,,,,,-11.999999046325684,0.0,1.5919019347165886e-07,0.0,0.0,6,90.0,0.0,,,,,,,,,,,,,,,,,,,,,
81.947208,GUIA,,0.0,,,,,,-11.999999046325684,0.0,1.5919019347165886e-07,0.0,0.0,6,90.0,0.0,,,,,,,,,,,,,,,,,,,,,
81.98219399999999,GUIA,,0.0,,,,,,-11.999999046325684,0.0,1.5919019347165886e-07,0.0,0.0,6,90.0,0.0,,,,,,,,,,,,,,,,,,,,,
81.994689,ATT,3,,-11.99,0.0,90.0,0.0,0.0,-11.98,,-0.02,,,,90.07,,,,,,,,,,,,,,,,,,,,,,
81.994689,XKF1,,,,,,,,,,,,,,,,29.991236374227455,29.982717514038086,,,4.929256291805759,,,,,,0.7147794961929321,4.92905699582231,,,,,,4.928713321685791,,4.928713321685791,0.07316134870052338
81.994689,POS,,,,,,,,,,,,,,,,29.985243927024204,29.97704136888753,,,,,37.4275063,-122.1693609,,,0.7013159994949092,,,,29.139938354492188,,,,,,
82.014681,GUIA,,0.0,,,,,,-11.999999046325684,0.0,1.5919019347165886e-07,0.0,0.0,6,90.0,0.0,,,,,,,,,,,,,,,,,,,,,
82.014681,GUIA,,0.0,,,,,,-11.999999046325684,0.0,1.5919019347165886e-07,0.0,0.0,6,90.0,0.0,,,,,,,,,,,,,,,,,,,,,
82.09215,GUIA,,0.0,,,,,,-11.999999046325684,0.0,1.5919019347165886e-07,0.0,0.0,6,90.0,0.0,,,,,,,,,,,,,,,,,,,,,
82.09215,GUIA,,0.0,,,,,,-11.999999046325684,0.0,1.5919019347165886e-07,0.0,0.0,6,90.0,0.0,,,,,,,,,,,,,,,,,,,,,
82.094649,ATT,3,,-11.99,0.0,90.0,0.0,0.0,-11.98,,-0.02,,,,90.06,,,,,,,,,,,,,,,,,,,,,,
82.094649,XKF1,,,,,,,,,,,,,,,,30.487786014951844,30.47920036315918,,,4.933112948670972,,,,,,0.723492443561554,4.932925633464426,,,,,,4.932556629180908,,4.932556629180908,0.07408417016267776
82.094649,POS,,,,,,,,,,,,,,,,30.480160634428884,30.472091299571822,,,,,37.4275063,-122.1693553,,,0.7013159994949092,,,,29.140506744384766,,,,,,
82.147128,GUIA,,0.0,,,,,,-11.999999046325684,0.0,1.5919019347165886e-07,0.0,0.0,6,90.0,0.0,,,,,,,,,,,,,,,,,,,,,
82.159623,GUIA,,0.0,,,,,,-11.999999046325684,0.0,1.5919019347165886e-07,0.0,0.0,6,90.0,0.0,,,,,,,,,,,,,,,,,,,,,
82.194609,ATT,3,,-11.99,0.0,90.0,0.0,0.0,-11.98,,-0.02,,,,90.04,,,,,,,,,,,,,,,,,,,,,,
82.194609,XKF1,,,,,,,,,,,,,,,,30.985184714299063,30.976526260375977,,,4.93700917801041,,,,,,0.7324565649032593,4.936834516889027,,,,,,4.936436653137207,,4.936436653137207,0.07518506050109863
82.194609,POS,,,,,,,,,,,,,,,,30.98417348197914,30.975981408330064,,,,,37.4275064,-122.1693496,,,0.7124479996249988,,,,29.1411075592041,,,,,,
82.204605,GUIA,,0.0,,,,,,-11.999999046325684,0.0,1.5919019347165886e-07,0.0,0.0,6,90.0,0.0,,,,,,,,,,,,,,,,,,,,,
82.224597,GUIA,,0.0,,,,,,-11.999999046325684,0.0,1.5919019347165886e-07,0.0,0.0,6,90.0,0.0,,,,,,,,,,,,,,,,,,,,,
82.25708399999999,GUIA,,0.0,,,,,,-11.999999046325684,0.0,1.5919019347165886e-07,0.0,0.0,6,90.0,0.0,,,,,,,,,,,,,,,,,,,,,
82.287072,GUIA,,0.0,,,,,,-11.999999046325684,0.0,1.5919019347165886e-07,0.0,0.0,6,90.0,0.0,,,,,,,,,,,,,,,,,,,,,
82.294569,ATT,3,,-11.99,0.0,90.0,0.0,0.0,-11.98,,-0.01,,,,90.03,,,,,,,,,,,,,,,,,,,,,,
82.294569,XKF1,,,,,,,,,,,,,,,,31.482328723301606,31.473600387573242,,,4.9404705901419765,,,,,,0.7412829995155334,4.940306131975421,,,,,,4.93988561630249,,4.93988561630249,0.07602466642856598
82.294569,POS,,,,,,,,,,,,,,,,31.479348494470802,31.47103134027062,,,,,37.4275065,-122.169344,,,0.7235799997550885,,,,29.14171028137207,,,,,,
82.302066,GUIA,,0.0,,,,,,-11.999999046325684,0.0,1.5919019347165886e-07,0.0,0.0,6,90.0,0.0,,,,,,,,,,,,,,,,,,,,,
82.354545,GUIA,,0.0,,,,,,-11.999999046325684,0.0,1.5919019347165886e-07,0.0,0.0,6,90.0,0.0,,,,,,,,,,,,,,,,,,,,,
82.387032,GUIA,,0.0,,,,,,-11.999999046325684,0.0,1.5919019347165886e-07,0.0,0.0,6,90.0,0.0,,,,,,,,,,,,,,,,,,,,,
82.39452899999999,ATT,3,,-11.99,0.0,90.0,0.0,0.0,-11.99,,-0.01,,,,90.01,,,,,,,,,,,,,,,,,,,,,,
82.39452899999999,XKF1,,,,,,,,,,,,,,,,31.9804407577015,31.971633911132812,,,4.94405780066468,,,,,,0.7504772543907166,4.943904276090367,,,,,,4.943457126617432,,4.943457126617432,0.07706603407859802
82.39452899999999,POS,,,,,,,,,,,,,,,,31.974523507693903,31.966081270954916,,,,,37.4275066,-122.1693384,,,0.7347119998851781,,,,29.142311096191406,,,,,,
82.427016,GUIA,,0.0,,,,,,-11.999999046325684,0.0,1.5919019347165886e-07,0.0,0.0,6,90.0,0.0,,,,,,,,,,,,,,,,,,,,,
82.429515,GUIA,,0.0,,,,,,-11.999999046325684,0.0,1.5919019347165886e-07,0.0,0.0,6,90.0,0.0,,,,,,,,,,,,,,,,,,,,,
82.494489,ATT,3,,-11.99,0.0,90.0,0.0,0.0,-12.0,,0.0,,,,89.99,,,,,,,,,,,,,,,,,,,,,,
82.494489,XKF1,,,,,,,,,,,,,,,,32.47811472725137,32.469234466552734,,,4.947282289169994,,,,,,0.7594401836395264,4.947137649201155,,,,,,4.946669578552246,,4.946669578552246,0.07785967737436295
82.494489,POS,,,,,,,,,,,,,,,,32.46969852281344,32.461131201639205,,,,,37.4275067,-122.1693328,,,0.7458440000152677,,,,29.142841339111328,,,,,,
82.496988,GUIA,,0.0,,,,,,-11.999999046325684,0.0,1.5919019347165886e-07,0.0,0.0,6,90.0,0.0,,,,,,,,,,,,,,,,,,,,,
82.501986,GUIA,,0.0,,,,,,-11.999999046325684,0.0,1.5919019347165886e-07,0.0,0.0,6,90.0,0.0,,,,,,,,,,,,,,,,,,,,,
82.524477,GUIA,,0.0,,,,,,-11.999999046325684,0.0,1.5919019347165886e-07,0.0,0.0,6,90.0,0.0,,,,,,,,,,,,,,,,,,,,,
82.579455,GUIA,,0.0,,,,,,-11.999999046325684,0.0,1.5919019347165886e-07,0.0,0.0,6,90.0,0.0,,,,,,,,,,,,,,,,,,,,,
82.581954,GUIA,,0.0,,,,,,-11.999999046325684,0.0,1.5919019347165886e-07,0.0,0.0,6,90.0,0.0,,,,,,,,,,,,,,,,,,,,,
82.594449,ATT,3,,-11.99,0.0,90.0,0.0,0.0,-12.01,,0.0,,,,89.98,,,,,,,,,,,,,,,,,,,,,,
82.594449,XKF1,,,,,,,,,,,,,,,,32.97636856238971,32.967411041259766,,,4.950642281726165,,,,,,0.7685654163360596,4.950505976207992,,,,,,4.95001745223999,,4.95001745223999,0.07865255326032639
82.594449,POS,,,,,,,,,,,,,,,,32.97371138740306,32.96502131039745,,,,,37.4275068,-122.1693271,,,0.7569760001453574,,,,29.143346786499023,,,,,,
82.646928,GUIA,,0.0,,,,,,-11.999999046325684,0.0,1.5919019347165886e-07,0.0,0.0,6,90.0,0.0,,,,,,,,,,,,,,,,,,,,,
82.694409,ATT,3,,-11.99,0.0,90.0,0.0,0.0,-12.01,,0.01,,,,89.97,,,,,,,,,,,,,,,,,,,,,,
82.694409,XKF1,,,,,,,,,,,,,,,,33.474245114302526,33.465213775634766,,,4.953625454804023,,,,,,0.7775300145149231,4.953494657874795,,,,,,4.952994346618652,,4.952994346618652,0.07907053083181381
82.694409,POS,,,,,,,,,,,,,,,,33.468632780666894,33.460071242338,,,,,37.4275068,-122.1693215,,,0.7569760001453574,,,,29.14382553100586,,,,,,
82.699407,GUIA,,0.0,,,,,,-11.999999046325684,0.0,1.5919019347165886e-07,0.0,0.0,6,90.0,0.0,,,,,,,,,,,,,,,,,,,,,
82.724397,GUIA,,0.0,,,,,,-11.999999046325684,0.0,1.5919019347165886e-07,0.0,0.0,6,90.0,0.0,,,,,,,,,,,,,,,,,,,,,
82.746888,GUIA,,0.0,,,,,,-11.999999046325684,0.0,1.5919019347165886e-07,0.0,0.0,6,90.0,0.0,,,,,,,,,,,,,,,,,,,,,
82.794369,GUIA,,0.0,,,,,,-11.999999046325684,0.0,1.5919019347165886e-07,0.0,0.0,6,90.0,0.0,,,,,,,,,,,,,,,,,,,,,
82.794369,GUIA,,0.0,,,,,,-11.999999046325684,0.0,1.5919019347165886e-07,0.0,0.0,6,90.0,0.0,,,,,,,,,,,,,,,,,,,,,
82.794369,ATT,3,,-11.99,0.0,90.0,0.0,0.0,-12.01,,0.02,,,,89.97,,,,,,,,,,,,,,,,,,,,,,
82.794369,XKF1,,,,,,,,,,,,,,,,33.972646798033814,33.96353530883789,,,4.956509946252911,,,,,,0.7867653965950012,4.956384200522744,,,,,,4.955872535705566,,4.955872535705566,0.07948746532201767
82.794369,POS,,,,,,,,,,,,,,,,33.96380785149832,33.9551211730223,,,,,37.4275069,-122.1693159,,,0.7681079994844708,,,,29.14433479309082,,,,,,
82.846848,GUIA,,0.0,,,,,,-11.999999046325684,0.0,1.5919019347165886e-07,0.0,0.0,6,90.0,0.0,,,,,,,,,,,,,,,,,,,,,
82.851846,GUIA,,0.0,,,,,,-11.999999046325684,0.0,1.5919019347165886e-07,0.0,0.0,6,90.0,0.0,,,,,,,,,,,,,,,,,,,,,
82.876836,GUIA,,0.0,,,,,,-11.999999046325684,0.0,1.5919019347165886e-07,0.0,0.0,6,90.0,0.0,,,,,,,,,,,,,,,,,,,,,
82.894329,ATT,3,,-11.99,0.0,90.0,0.0,0.0,-12.01,,0.03,,,,89.96,,,,,,,,,,,,,,,,,,,,,,
82.894329,XKF1,,,,,,,,,,,,,,,,34.470283286736176,34.46110153198242,,,4.958877847772477,,,,,,0.7955570816993713,4.958754452545356,,,,,,4.958240985870361,,4.958240985870361,0.07947222888469696
82.894329,POS,,,,,,,,,,,,,,,,34.46782084053005,34.45901128178054,,,,,37.427507,-122.1693102,,,0.7792399996145605,,,,29.144756317138672,,,,,,
82.946808,GUIA,,0.0,,,,,,-11.999999046325684,0.0,1.5919019347165886e-07,0.0,0.0,6,90.0,0.0,,,,,,,,,,,,,,,,,,,,,
82.97429699999999,GUIA,,0.0,,,,,,-11.999999046325684,0.0,1.5919019347165886e-07,0.0,0.0,6,90.0,0.0,,,,,,,,,,,,,,,,,,,,,
82.976796,GUIA,,0.0,,,,,,-11.999999046325684,0.0,1.5919019347165886e-07,0.0,0.0,6,90.0,0.0,,,,,,,,,,,,,,,,,,,,,
82.994289,ATT,3,,-11.99,0.0,90.0,0.0,0.0,-12.01,,0.03,,,,89.97,,,,,,,,,,,,,,,,,,,,,,
82.994289,XKF1,,,,,,,,,,,,,,,,34.96515367665177,34.95588684082031,,,4.960137714332225,,,,,,0.8049514293670654,4.960017716583967,,,,,,4.959497451782227,,4.959497451782227,0.0796942338347435
82.994289,POS,,,,,,,,,,,,,,,,34.96299591200272,34.95406121246483,,,,,37.4275071,-122.1693046,,,0.7903719997446501,,,,29.145267486572266,,,,,,
83.039271,GUIA,,0.0,,,,,,-11.999999046325684,0.0,1.5919019347165886e-07,0.0,0.0,6,90.0,0.0,,,,,,,,,,,,,,,,,,,,,
83.039271,GUIA,,0.0,,,,,,-11.999999046325684,0.0,1.5919019347165886e-07,0.0,0.0,6,90.0,0.0,,,,,,,,,,,,,,,,,,,,,
83.086752,GUIA,,0.0,,,,,,-11.999999046325684,0.0,1.5919019347165886e-07,0.0,0.0,6,90.0,0.0,,,,,,,,,,,,,,,,,,,,,
83.094249,ATT,3,,-11.99,0.0,90.0,0.0,0.0,-12.0,,0.03,,,,89.98,,,,,,,,,,,,,,,,,,,,,,
83.094249,XKF1,,,,,,,,,,,,,,,,35.46020746359424,35.45086669921875,,,4.961107314837825,,,,,,0.8138572573661804,4.960989325147996,,,,,,4.96046781539917,,4.96046781539917,0.0796545147895813
83.094249,POS,,,,,,,,,,,,,,,,35.458170984841026,35.44911114440539,,,,,37.4275072,-122.169299,,,0.8015039998747397,,,,29.145645141601562,,,,,,
83.10674399999999,GUIA,,0.0,,,,,,-11.999999046325684,0.0,1.5919019347165886e-07,0.0,0.0,6,90.0,0.0,,,,,,,,,,,,,,,,,,,,,
83.159223,GUIA,,0.0,,,,,,-11.999999046325684,0.0,1.5919019347165886e-07,0.0,0.0,6,90.0,0.0,,,,,,,,,,,,,,,,,,,,,
83.194209,ATT,3,,-11.99,0.0,90.0,0.0,0.0,-12.0,,0.02,,,,89.99,,,,,,,,,,,,,,,,,,,,,,
83.194209,XKF1,,,,,,,,,,,,,,,,35.95350622470405,35.94408416748047,,,4.961416944645735,,,,,,0.823057234287262,4.961302627065091,,,,,,4.960773468017578,,4.960773468017578,0.07990430295467377
83.194209,POS,,,,,,,,,,,,,,,,35.953096167838,35.94416107508968,,,,,37.4275072,-122.1692934,,,0.8015039998747397,,,,29.14607048034668,,,,,,
83.231694,GUIA,,0.0,,,,,,-11.999999046325684,0.0,1.5919019347165886e-07,0.0,0.0,6,90.0,0.0,,,,,,,,,,,,,,,,,,,,,
83.231694,GUIA,,0.0,,,,,,-11.999999046325684,0.0,1.5919019347165886e-07,0.0,0.0,6,90.0,0.0,,,,,,,,,,,,,,,,,,,,,
83.271678,GUIA,,0.0,,,,,,-11.999999046325684,0.0,1.5919019347165886e-07,0.0,0.0,6,90.0,0.0,,,,,,,,,,,,,,,,,,,,,
83.294169,ATT,3,,-11.99,0.0,90.0,0.0,0.0,-12.0,,0.0,,,,90.01,,,,,,,,,,,,,,,,,,,,,,
83.294169,XKF1,,,,,,,,,,,,,,,,36.447413493787586,36.43791961669922,,,4.961796484415946,,,,,,0.8318439722061157,4.961685832356268,,,,,,4.9611496925354,,4.9611496925354,0.08011292666196823
83.294169,POS,,,,,,,,,,,,,,,,36.43943325579822,36.43037082895629,,,,,37.4275073,-122.1692879,,,0.8126360000048294,,,,29.1463680267334,,,,,,
83.3,GUIA,,0.0,,,,,,-11.999999046325684,0.0,1.5919019347165886e-07,0.0,0.0,6,90.0,0.0,,,,,,,,,,,,,,,,,,,,,
83.314994,GUIA,,0.0,,,,,,-11.999999046325684,0.0,1.5919019347165886e-07,0.0,0.0,6,90.0,0.0,,,,,,,,,,,,,,,,,,,,,
83.369972,GUIA,,0.0,,,,,,-11.999999046325684,0.0,1.5919019347165886e-07,0.0,0.0,6,90.0,0.0,,,,,,,,,,,,,,,,,,,,,
83.369972,GUIA,,0.0,,,,,,-11.999999046325684,0.0,1.5919019347165886e-07,0.0,0.0,6,90.0,0.0,,,,,,,,,,,,,,,,,,,,,
83.39496199999999,ATT,3,,-11.99,0.0,90.0,0.0,0.0,-12.0,,0.0,,,,90.02,,,,,,,,,,,,,,,,,,,,,,
83.39496199999999,XKF1,,,,,,,,,,,,,,,,36.940194866198105,36.930625915527344,,,4.9618170244800535,,,,,,0.8407533764839172,4.961712521068952,,,,,,4.961160182952881,,4.961160182952881,0.0807330384850502
83.39496199999999,POS,,,,,,,,,,,,,,,,36.93460832328593,36.92542075964059,,,,,37.4275074,-122.1692823,,,0.823768000134919,,,,29.1467227935791,,,,,,
83.432447,GUIA,,0.0,,,,,,-11.999999046325684,0.0,1.5919019347165886e-07,0.0,0.0,6,90.0,0.0,,,,,,,,,,,,,,,,,,,,,
83.432447,GUIA,,0.0,,,,,,-11.999999046325684,0.0,1.5919019347165886e-07,0.0,0.0,6,90.0,0.0,,,,,,,,,,,,,,,,,,,,,
83.494922,GUIA,,0.0,,,,,,-11.999999046325684,0.0,1.5919019347165886e-07,0.0,0.0,6,90.0,0.0,,,,,,,,,,,,,,,,,,,,,
83.494922,ATT,3,,-11.99,0.0,90.0,0.0,0.0,-12.0,,-0.01,,,,90.04,,,,,,,,,,,,,,,,,,,,,,
83.494922,XKF1,,,,,,,,,,,,,,,,37.43465846347679,37.42501449584961,,,4.962357308825427,,,,,,0.8496730327606201,4.962259411063068,,,,,,4.96168851852417,,4.96168851852417,0.08146843314170837
83.494922,POS,,,,,,,,,,,,,,,,37.429783392221296,37.420470691581144,,,,,37.4275075,-122.1692767,,,0.8348999994740325,,,,29.147043228149414,,,,,,
83.502419,GUIA,,0.0,,,,,,-11.999999046325684,0.0,1.5919019347165886e-07,0.0,0.0,6,90.0,0.0,,,,,,,,,,,,,,,,,,,,,
83.53240699999999,GUIA,,0.0,,,,,,-11.999999046325684,0.0,1.5919019347165886e-07,0.0,0.0,6,90.0,0.0,,,,,,,,,,,,,,,,,,,,,
83.579888,GUIA,,0.0,,,,,,-11.999999046325684,0.0,1.5919019347165886e-07,0.0,0.0,6,90.0,0.0,,,,,,,,,,,,,,,,,,,,,
83.579888,GUIA,,0.0,,,,,,-11.999999046325684,0.0,1.5919019347165886e-07,0.0,0.0,6,90.0,0.0,,,,,,,,,,,,,,,,,,,,,
83.594882,ATT,3,,-11.99,0.0,90.0,0.0,0.0,-12.0,,-0.02,,,,90.05,,,,,,,,,,,,,,,,,,,,,,
83.594882,XKF1,,,,,,,,,,,,,,,,37.931864308029795,37.92213439941406,,,4.9638327078796145,,,,,,0.859099805355072,4.963742448359748,,,,,,4.963147163391113,,4.963147163391113,0.08249476552009583
83.594882,POS,,,,,,,,,,,,,,,,37.924958460119505,37.91552062226544,,,,,37.4275076,-122.1692711,,,0.8460319996041221,,,,29.147483825683594,,,,,,
83.634866,GUIA,,0.0,,,,,,-11.999999046325684,0.0,1.5919019347165886e-07,0.0,0.0,6,90.0,0.0,,,,,,,,,,,,,,,,,,,,,
83.647361,GUIA,,0.0,,,,,,-11.999999046325684,0.0,1.5919019347165886e-07,0.0,0.0,6,90.0,0.0,,,,,,,,,,,,,,,,,,,,,
83.647361,GUIA,,0.0,,,,,,-11.999999046325684,0.0,1.5919019347165886e-07,0.0,0.0,6,90.0,0.0,,,,,,,,,,,,,,,,,,,,,
83.66485399999999,GUIA,,0.0,,,,,,-11.999999046325684,0.0,1.5919019347165886e-07,0.0,0.0,6,90.0,0.0,,,,,,,,,,,,,,,,,,,,,
83.694842,ATT,3,,-11.99,0.0,90.0,0.0,0.0,-12.0,,-0.02,,,,90.05,,,,,,,,,,,,,,,,,,,,,,
83.694842,XKF1,,,,,,,,,,,,,,,,38.4338128466454,38.42399978637695,,,4.9653238648653755,,,,,,0.8684528470039368,4.965241131680553,,,,,,4.964621067047119,,4.964621067047119,0.08353887498378754
83.694842,POS,,,,,,,,,,,,,,,,38.42897150642387,38.41941073102368,,,,,37.4275077,-122.1692654,,,0.8571639997342118,,,,29.14789390563965,,,,,,
83.704838,GUIA,,0.0,,,,,,-11.999999046325684,0.0,1.5919019347165886e-07,0.0,0.0,6,90.0,0.0,,,,,,,,,,,,,,,,,,,,,
83.752319,GUIA,,0.0,,,,,,-11.999999046325684,0.0,1.5919019347165886e-07,0.0,0.0,6,90.0,0.0,,,,,,,,,,,,,,,,,,,,,
83.794802,ATT,3,,-11.99,0.0,90.0,0.0,0.0,-12.0,,-0.02,,,,90.05,,,,,,,,,,,,,,,,,,,,,,
83.794802,XKF1,,,,,,,,,,,,,,,,38.933484792865286,38.923583984375,,,4.967345921766878,,,,,,0.8779794573783875,4.967270302722126,,,,,,4.966625213623047,,4.966625213623047,0.08461379259824753
83.794802,POS,,,,,,,,,,,,,,,,38.932737874269876,38.923300839781916,,,,,37.4275077,-122.1692597,,,0.8571639997342118,,,,29.148353576660156,,,,,,
83.81229499999999,GUIA,,0.0,,,,,,-11.999999046325684,0.0,1.5919019347165886e-07,0.0,0.0,6,90.0,0.0,,,,,,,,,,,,,,,,,,,,,
83.81229499999999,GUIA,,0.0,,,,,,-11.999999046325684,0.0,1.5919019347165886e-07,0.0,0.0,6,90.0,0.0,,,,,,,,,,,,,,,,,,,,,
83.857277,GUIA,,0.0,,,,,,-11.999999046325684,0.0,1.5919019347165886e-07,0.0,0.0,6,90.0,0.0,,,,,,,,,,,,,,,,,,,,,
83.884766,GUIA,,0.0,,,,,,-11.999999046325684,0.0,1.5919019347165886e-07,0.0,0.0,6,90.0,0.0,,,,,,,,,,,,,,,,,,,,,
83.894762,ATT,3,,-11.99,0.0,90.0,0.0,0.0,-12.0,,-0.02,,,,90.05,,,,,,,,,,,,,,,,,,,,,,
83.894762,XKF1,,,,,,,,,,,,,,,,39.43306480216422,39.42308044433594,,,4.969111004576099,,,,,,0.887315034866333,4.969041504700024,,,,,,4.968374729156494,,4.968374729156494,0.0855378657579422
83.894762,POS,,,,,,,,,,,,,,,,39.42791289691726,39.41835077046621,,,,,37.4275078,-122.1692541,,,0.8682959998643014,,,,29.148752212524414,,,,,,
83.897261,GUIA,,0.0,,,,,,-11.999999046325684,0.0,1.5919019347165886e-07,0.0,0.0,6,90.0,0.0,,,,,,,,,,,,,,,,,,,,,
83.897261,GUIA,,0.0,,,,,,-11.999999046325684,0.0,1.5919019347165886e-07,0.0,0.0,6,90.0,0.0,,,,,,,,,,,,,,,,,,,,,
83.902259,GUIA,,0.0,,,,,,-11.999999046325684,0.0,1.5919019347165886e-07,0.0,0.0,6,90.0,0.0,,,,,,,,,,,,,,,,,,,,,
83.97473,GUIA,,0.0,,,,,,-11.999999046325684,0.0,1.5919019347165886e-07,0.0,0.0,6,90.0,0.0,,,,,,,,,,,,,,,,,,,,,
83.994722,ATT,3,,-11.99,0.0,90.0,0.0,0.0,-12.0,,-0.02,,,,90.03,,,,,,,,,,,,,,,,,,,,,,
83.994722,XKF1,,,,,,,,,,,,,,,,39.93374500472533,39.923675537109375,,,4.971135423945542,,,,,,0.8967283368110657,4.97107177864064,,,,,,4.970383167266846,,4.970383167266846,0.08647874742746353
83.994722,POS,,,,,,,,,,,,,,,,39.93192595437884,39.922240879224454,,,,,37.4275079,-122.1692484,,,0.879427999994391,,,,29.14919090270996,,,,,,
84.034706,GUIA,,0.0,,,,,,-11.999999046325684,0.0,1.5919019347165886e-07,0.0,0.0,6,90.0,0.0,,,,,,,,,,,,,,,,,,,,,
84.034706,GUIA,,0.0,,,,,,-11.999999046325684,0.0,1.5919019347165886e-07,0.0,0.0,6,90.0,0.0,,,,,,,,,,,,,,,,,,,,,
84.09468199999999,ATT,3,,-11.99,0.0,90.0,0.0,0.0,-12.0,,-0.01,,,,90.02,,,,,,,,,,,,,,,,,,,,,,
84.09468199999999,XKF1,,,,,,,,,,,,,,,,40.43410302035263,40.4239501953125,,,4.972768420430186,,,,,,0.9060561060905457,4.972709988150631,,,,,,4.972001552581787,,4.972001552581787,0.08732882887125015
84.09468199999999,POS,,,,,,,,,,,,,,,,40.4271009785089,40.41729080990874,,,,,37.427508,-122.1692428,,,0.8905600001244807,,,,29.149539947509766,,,,,,
84.09718099999999,GUIA,,0.0,,,,,,-11.999999046325684,0.0,1.5919019347165886e-07,0.0,0.0,6,90.0,0.0,,,,,,,,,,,,,,,,,,,,,
84.117173,GUIA,,0.0,,,,,,-11.999999046325684,0.0,1.5919019347165886e-07,0.0,0.0,6,90.0,0.0,,,,,,,,,,,,,,,,,,,,,
84.12467,GUIA,,0.0,,,,,,-11.999999046325684,0.0,1.5919019347165886e-07,0.0,0.0,6,90.0,0.0,,,,,,,,,,,,,,,,,,,,,
84.192143,GUIA,,0.0,,,,,,-11.999999046325684,0.0,1.5919019347165886e-07,0.0,0.0,6,90.0,0.0,,,,,,,,,,,,,,,,,,,,,
84.192143,GUIA,,0.0,,,,,,-11.999999046325684,0.0,1.5919019347165886e-07,0.0,0.0,6,90.0,0.0,,,,,,,,,,,,,,,,,,,,,
84.194642,ATT,3,,-11.99,0.0,90.0,0.0,0.0,-12.0,,-0.01,,,,90.0,,,,,,,,,,,,,,,,,,,,,,
84.194642,XKF1,,,,,,,,,,,,,,,,40.93530872934234,40.92506790161133,,,4.974641312195452,,,,,,0.9155970811843872,4.974587822111666,,,,,,4.9738593101501465,,4.9738593101501465,0.08820287883281708
84.194642,POS,,,,,,,,,,,,,,,,40.93111403614824,40.921180918666984,,,,,37.4275081,-122.1692371,,,0.9016919994635941,,,,29.14995765686035,,,,,,
84.23962399999999,GUIA,,0.0,,,,,,-11.999999046325684,0.0,1.5919019347165886e-07,0.0,0.0,6,90.0,0.0,,,,,,,,,,,,,,,,,,,,,
84.269612,GUIA,,0.0,,,,,,-11.999999046325684,0.0,1.5919019347165886e-07,0.0,0.0,6,90.0,0.0,,,,,,,,,,,,,,,,,,,,,
84.279608,GUIA,,0.0,,,,,,-11.999999046325684,0.0,1.5919019347165886e-07,0.0,0.0,6,90.0,0.0,,,,,,,,,,,,,,,,,,,,,
84.294602,ATT,3,,-11.99,0.0,90.0,0.0,0.0,-12.0,,-0.01,,,,89.99,,,,,,,,,,,,,,,,,,,,,,
84.294602,XKF1,,,,,,,,,,,,,,,,41.43609398032828,41.42576599121094,,,4.976311987392719,,,,,,0.9250926375389099,4.97626247161111,,,,,,4.975517749786377,,4.975517749786377,0.08890510350465775
84.294602,POS,,,,,,,,,,,,,,,,41.43512709382534,41.425071027425226,,,,,37.4275082,-122.1692314,,,0.9128239995936838,,,,29.15040397644043,,,,,,
84.337085,GUIA,,0.0,,,,,,-11.999999046325684,0.0,1.5919019347165886e-07,0.0,0.0,6,90.0,0.0,,,,,,,,,,,,,,,,,,,,,
84.337085,GUIA,,0.0,,,,,,-11.999999046325684,0.0,1.5919019347165886e-07,0.0,0.0,6,90.0,0.0,,,,,,,,,,,,,,,,,,,,,
84.394562,ATT,3,,-11.99,0.0,90.0,0.0,0.0,-12.01,,-0.01,,,,89.99,,,,,,,,,,,,,,,,,,,,,,
84.394562,XKF1,,,,,,,,,,,,,,,,41.93759915884211,41.92717742919922,,,4.978092396364816,,,,,,0.9348882436752319,4.978047089342244,,,,,,4.977283477783203,,4.977283477783203,0.08973900228738785
84.394562,POS,,,,,,,,,,,,,,,,41.93005829708286,41.92012095810952,,,,,37.4275082,-122.1692258,,,0.9128239995936838,,,,29.150978088378906,,,,,,
84.397061,GUIA,,0.0,,,,,,-11.999999046325684,0.0,1.5919019347165886e-07,0.0,0.0,6,90.0,0.0,,,,,,,,,,,,,,,,,,,,,
84.417053,GUIA,,0.0,,,,,,-11.999999046325684,0.0,1.5919019347165886e-07,0.0,0.0,6,90.0,0.0,,,,,,,,,,,,,,,,,,,,,
84.432047,GUIA,,0.0,,,,,,-11.999999046325684,0.0,1.5919019347165886e-07,0.0,0.0,6,90.0,0.0,,,,,,,,,,,,,,,,,,,,,
84.444542,GUIA,,0.0,,,,,,-11.999999046325684,0.0,1.5919019347165886e-07,0.0,0.0,6,90.0,0.0,,,,,,,,,,,,,,,,,,,,,
84.447041,GUIA,,0.0,,,,,,-11.999999046325684,0.0,1.5919019347165886e-07,0.0,0.0,6,90.0,0.0,,,,,,,,,,,,,,,,,,,,,
84.494522,ATT,3,,-11.99,0.0,90.0,0.0,0.0,-12.01,,-0.01,,,,89.98,,,,,,,,,,,,,,,,,,,,,,
84.494522,XKF1,,,,,,,,,,,,,,,,42.43853885716107,42.42802429199219,,,4.979531770109506,,,,,,0.9446348547935486,4.979490343399192,,,,,,4.978708744049072,,4.978708744049072,0.09053116291761398
84.494522,POS,,,,,,,,,,,,,,,,42.434071330608184,42.424011066867756,,,,,37.4275083,-122.1692201,,,0.9239559997237734,,,,29.151498794555664,,,,,,
84.497021,GUIA,,0.0,,,,,,-11.999999046325684,0.0,1.5919019347165886e-07,0.0,0.0,6,90.0,0.0,,,,,,,,,,,,,,,,,,,,,
84.57449,GUIA,,0.0,,,,,,-11.999999046325684,0.0,1.5919019347165886e-07,0.0,0.0,6,90.0,0.0,,,,,,,,,,,,,,,,,,,,,
84.576989,GUIA,,0.0,,,,,,-11.999999046325684,0.0,1.5919019347165886e-07,0.0,0.0,6,90.0,0.0,,,,,,,,,,,,,,,,,,,,,
84.594482,ATT,3,,-11.99,0.0,90.0,0.0,0.0,-12.0,,-0.01,,,,89.99,,,,,,,,,,,,,,,,,,,,,,
84.594482,XKF1,,,,,,,,,,,,,,,,42.9398902548056,42.92927551269531,,,4.980944277335561,,,,,,0.9547141194343567,4.980906741241175,,,,,,4.980105400085449,,4.980105400085449,0.09141169488430023
84.594482,POS,,,,,,,,,,,,,,,,42.93808436471966,42.927901175626,,,,,37.4275084,-122.1692144,,,0.935087999853863,,,,29.152053833007812,,,,,,
84.616973,GUIA,,0.0,,,,,,-11.999999046325684,0.0,1.5919019347165886e-07,0.0,0.0,6,90.0,0.0,,,,,,,,,,,,,,,,,,,,,
84.641963,GUIA,,0.0,,,,,,-11.999999046325684,0.0,1.5919019347165886e-07,0.0,0.0,6,90.0,0.0,,,,,,,,,,,,,,,,,,,,,
84.66445399999999,GUIA,,0.0,,,,,,-11.999999046325684,0.0,1.5919019347165886e-07,0.0,0.0,6,90.0,0.0,,,,,,,,,,,,,,,,,,,,,
84.694442,ATT,3,,-11.99,0.0,90.0,0.0,0.0,-12.0,,-0.01,,,,89.99,,,,,,,,,,,,,,,,,,,,,,
84.694442,XKF1,,,,,,,,,,,,,,,,43.44076490945043,43.4300537109375,,,4.982086763885657,,,,,,0.9646193981170654,4.9820524637519705,,,,,,4.981234550476074,,4.981234550476074,0.09214594960212708
84.694442,POS,,,,,,,,,,,,,,,,43.43325931897564,43.42295110631029,,,,,37.4275085,-122.1692088,,,0.9462199999839527,,,,29.152477264404297,,,,,,
84.709436,GUIA,,0.0,,,,,,-11.999999046325684,0.0,1.5919019347165886e-07,0.0,0.0,6,90.0,0.0,,,,,,,,,,,,,,,,,,,,,
84.709436,GUIA,,0.0,,,,,,-11.999999046325684,0.0,1.5919019347165886e-07,0.0,0.0,6,90.0,0.0,,,,,,,,,,,,,,,,,,,,,
84.709436,GUIA,,0.0,,,,,,-11.999999046325684,0.0,1.5919019347165886e-07,0.0,0.0,6,90.0,0.0,,,,,,,,,,,,,,,,,,,,,
84.74942,GUIA,,0.0,,,,,,-11.999999046325684,0.0,1.5919019347165886e-07,0.0,0.0,6,90.0,0.0,,,,,,,,,,,,,,,,,,,,,
84.794402,ATT,3,,-11.99,0.0,90.0,0.0,0.0,-12.01,,-0.01,,,,90.0,,,,,,,,,,,,,,,,,,,,,,
84.794402,XKF1,,,,,,,,,,,,,,,,43.94212550282926,43.93131637573242,,,4.983350209868995,,,,,,0.9745948910713196,4.983318910079035,,,,,,4.982484817504883,,4.982484817504883,0.0928674191236496
84.794402,POS,,,,,,,,,,,,,,,,43.937272354869336,43.92684121506853,,,,,37.4275086,-122.1692031,,,0.9573520001140423,,,,29.15292739868164,,,,,,
84.831887,GUIA,,0.0,,,,,,-11.999999046325684,0.0,1.5919019347165886e-07,0.0,0.0,6,90.0,0.0,,,,,,,,,,,,,,,,,,,,,
84.836885,GUIA,,0.0,,,,,,-11.999999046325684,0.0,1.5919019347165886e-07,0.0,0.0,6,90.0,0.0,,,,,,,,,,,,,,,,,,,,,
84.864374,GUIA,,0.0,,,,,,-11.999999046325684,0.0,1.5919019347165886e-07,0.0,0.0,6,90.0,0.0,,,,,,,,,,,,,,,,,,,,,
84.894362,ATT,3,,-11.99,0.0,90.0,0.0,0.0,-12.01,,0.0,,,,90.0,,,,,,,,,,,,,,,,,,,,,,
84.894362,XKF1,,,,,,,,,,,,,,,,44.442531272407756,44.4316291809082,,,4.98403787800303,,,,,,0.984334409236908,4.984008956488013,,,,,,4.9831624031066895,,4.9831624031066895,0.09341324120759964
84.894362,POS,,,,,,,,,,,,,,,,44.44128539125841,44.43073132382677,,,,,37.4275087,-122.1691974,,,0.9684839994531558,,,,29.153179168701172,,,,,,
84.904358,GUIA,,0.0,,,,,,-11.999999046325684,0.0,1.5919019347165886e-07,0.0,0.0,6,90.0,0.0,,,,,,,,,,,,,,,,,,,,,
84.911855,GUIA,,0.0,,,,,,-11.999999046325684,0.0,1.5919019347165886e-07,0.0,0.0,6,90.0,0.0,,,,,,,,,,,,,,,,,,,,,
84.966833,GUIA,,0.0,,,,,,-11.999999046325684,0.0,1.5919019347165886e-07,0.0,0.0,6,90.0,0.0,,,,,,,,,,,,,,,,,,,,,
84.966833,GUIA,,0.0,,,,,,-11.999999046325684,0.0,1.5919019347165886e-07,0.0,0.0,6,90.0,0.0,,,,,,,,,,,,,,,,,,,,,
84.994322,ATT,3,,-11.99,0.0,90.0,0.0,0.0,-12.01,,0.0,,,,90.0,,,,,,,,,,,,,,,,,,,,,,
84.994322,XKF1,,,,,,,,,,,,,,,,44.93944572117445,44.928443908691406,,,4.98352836161304,,,,,,0.9943388104438782,4.983501979110357,,,,,,4.982640743255615,,4.982640743255615,0.09405399858951569
84.994322,POS,,,,,,,,,,,,,,,,44.93646035178666,44.925781255767326,,,,,37.4275088,-122.1691918,,,0.9796159995832454,,,,29.15353775024414,,,,,,
85.031807,GUIA,,0.0,,,,,,-11.999999046325684,0.0,1.5919019347165886e-07,0.0,0.0,6,90.0,0.0,,,,,,,,,,,,,,,,,,,,,
85.031807,GUIA,,0.0,,,,,,-11.999999046325684,0.0,1.5919019347165886e-07,0.0,0.0,6,90.0,0.0,,,,,,,,,,,,,,,,,,,,,
85.09428199999999,GUIA,,0.0,,,,,,-11.999999046325684,0.0,1.5919019347165886e-07,0.0,0.0,6,90.0,0.0,,,,,,,,,,,,,,,,,,,,,
85.09428199999999,ATT,3,,-11.99,0.0,90.0,0.0,0.0,-12.0,,0.0,,,,90.01,,,,,,,,,,,,,,,,,,,,,,
85.09428199999999,XKF1,,,,,,,,,,,,,,,,45.43650803802508,45.425411224365234,,,4.98294533130635,,,,,,1.0041303634643555,4.982921022173158,,,,,,4.982048034667969,,4.982048034667969,0.09455979615449905
85.09428199999999,POS,,,,,,,,,,,,,,,,45.43163531359038,45.42083118645162,,,,,37.4275089,-122.1691862,,,0.990747999713335,,,,29.153749465942383,,,,,,
85.09928,GUIA,,0.0,,,,,,-11.999999046325684,0.0,1.5919019347165886e-07,0.0,0.0,6,90.0,0.0,,,,,,,,,,,,,,,,,,,,,
85.144262,GUIA,,0.0,,,,,,-11.999999046325684,0.0,1.5919019347165886e-07,0.0,0.0,6,90.0,0.0,,,,,,,,,,,,,,,,,,,,,
85.169252,GUIA,,0.0,,,,,,-11.999999046325684,0.0,1.5919019347165886e-07,0.0,0.0,6,90.0,0.0,,,,,,,,,,,,,,,,,,,,,
85.194242,ATT,3,,-11.99,0.0,90.0,0.0,0.0,-12.0,,0.0,,,,90.01,,,,,,,,,,,,,,,,,,,,,,
85.194242,XKF1,,,,,,,,,,,,,,,,45.93176808102938,45.92056655883789,,,4.9818622574767675,,,,,,1.0143401622772217,4.981840407954146,,,,,,4.980951309204102,,4.980951309204102,0.09526598453521729
85.194242,POS,,,,,,,,,,,,,,,,45.92681027784365,45.91588111713592,,,,,37.427509,-122.1691806,,,1.0018799998434247,,,,29.154186248779297,,,,,,
85.196741,GUIA,,0.0,,,,,,-11.999999046325684,0.0,1.5919019347165886e-07,0.0,0.0,6,90.0,0.0,,,,,,,,,,,,,,,,,,,,,
85.23172699999999,GUIA,,0.0,,,,,,-11.999999046325684,0.0,1.5919019347165886e-07,0.0,0.0,6,90.0,0.0,,,,,,,,,,,,,,,,,,,,,
85.244222,GUIA,,0.0,,,,,,-11.999999046325684,0.0,1.5919019347165886e-07,0.0,0.0,6,90.0,0.0,,,,,,,,,,,,,,,,,,,,,
85.294202,ATT,3,,-11.99,0.0,90.0,0.0,0.0,-12.0,,-0.01,,,,90.01,,,,,,,,,,,,,,,,,,,,,,
85.294202,XKF1,,,,,,,,,,,,,,,,46.42757614212109,46.41627502441406,,,4.980899691316943,,,,,,1.02432382106781,4.9808797811091345,,,,,,4.979978084564209,,4.979978084564209,0.09581238031387329
85.294202,POS,,,,,,,,,,,,,,,,46.421985245724045,46.410931049076474,,,,,37.4275091,-122.169175,,,1.0130119999735143,,,,29.15447998046875,,,,,,
85.296701,GUIA,,0.0,,,,,,-11.999999046325684,0.0,1.5919019347165886e-07,0.0,0.0,6,90.0,0.0,,,,,,,,,,,,,,,,,,,,,
85.316693,GUIA,,0.0,,,,,,-11.999999046325684,0.0,1.5919019347165886e-07,0.0,0.0,6,90.0,0.0,,,,,,,,,,,,,,,,,,,,,
85.346681,GUIA,,0.0,,,,,,-11.999999046325684,0.0,1.5919019347165886e-07,0.0,0.0,6,90.0,0.0,,,,,,,,,,,,,,,,,,,,,
85.3825,GUIA,,0.0,,,,,,-11.999999046325684,0.0,1.5919019347165886e-07,0.0,0.0,6,90.0,0.0,,,,,,,,,,,,,,,,,,,,,
85.394995,ATT,3,,-11.99,0.0,90.0,0.0,0.0,-12.0,,0.0,,,,90.01,,,,,,,,,,,,,,,,,,,,,,
85.394995,XKF1,,,,,,,,,,,,,,,,46.92232140811784,46.910919189453125,,,4.9797733627951395,,,,,,1.0343631505966187,4.979755571296063,,,,,,4.978838920593262,,4.978838920593262,0.0964663028717041
85.394995,POS,,,,,,,,,,,,,,,,46.91691853676848,46.90598097976077,,,,,37.4275091,-122.1691694,,,1.0130119999735143,,,,29.15496253967285,,,,,,
85.399993,GUIA,,0.0,,,,,,-11.999999046325684,0.0,1.5919019347165886e-07,0.0,0.0,6,90.0,0.0,,,,,,,,,,,,,,,,,,,,,
85.494955,ATT,3,,-11.99,0.0,90.0,0.0,0.0,-12.0,,0.0,,,,90.0,,,,,,,,,,,,,,,,,,,,,,
85.494955,XKF1,,,,,,,,,,,,,,,,47.417880684387185,47.40637969970703,,,4.978889352536552,,,,,,1.0443047285079956,4.978873331826727,,,,,,4.9779438972473145,,4.9779438972473145,0.09702443331480026
85.494955,POS,,,,,,,,,,,,,,,,47.41209341830327,47.40103091044506,,,,,37.4275092,-122.1691638,,,1.024144000103604,,,,29.15530014038086,,,,,,
85.497454,GUIA,,0.0,,,,,,-11.999999046325684,0.0,1.5919019347165886e-07,0.0,0.0,6,90.0,0.0,,,,,,,,,,,,,,,,,,,,,
85.544935,GUIA,,0.0,,,,,,-11.999999046325684,0.0,1.5919019347165886e-07,0.0,0.0,6,90.0,0.0,,,,,,,,,,,,,,,,,,,,,
85.554931,GUIA,,0.0,,,,,,-11.999999046325684,0.0,1.5919019347165886e-07,0.0,0.0,6,90.0,0.0,,,,,,,,,,,,,,,,,,,,,
85.594915,ATT,3,,-11.99,0.0,90.0,0.0,0.0,-12.0,,-0.01,,,,90.0,,,,,,,,,,,,,,,,,,,,,,
85.594915,XKF1,,,,,,,,,,,,,,,,47.914798043708636,47.903194427490234,,,4.97868061103512,,,,,,1.0544359683990479,4.978666264182575,,,,,,4.977723598480225,,4.977723598480225,0.09761354327201843
85.594915,POS,,,,,,,,,,,,,,,,47.90726830508457,47.896080842385615,,,,,37.4275093,-122.1691582,,,1.0352759994427174,,,,29.155744552612305,,,,,,
85.597414,GUIA,,0.0,,,,,,-11.999999046325684,0.0,1.5919019347165886e-07,0.0,0.0,6,90.0,0.0,,,,,,,,,,,,,,,,,,,,,
85.619905,GUIA,,0.0,,,,,,-11.999999046325684,0.0,1.5919019347165886e-07,0.0,0.0,6,90.0,0.0,,,,,,,,,,,,,,,,,,,,,
85.64489499999999,GUIA,,0.0,,,,,,-11.999999046325684,0.0,1.5919019347165886e-07,0.0,0.0,6,90.0,0.0,,,,,,,,,,,,,,,,,,,,,
85.687378,GUIA,,0.0,,,,,,-11.999999046325684,0.0,1.5919019347165886e-07,0.0,0.0,6,90.0,0.0,,,,,,,,,,,,,,,,,,,,,
85.689877,GUIA,,0.0,,,,,,-11.999999046325684,0.0,1.5919019347165886e-07,0.0,0.0,6,90.0,0.0,,,,,,,,,,,,,,,,,,,,,
85.694875,ATT,3,,-11.99,0.0,90.0,0.0,0.0,-12.0,,-0.01,,,,90.0,,,,,,,,,,,,,,,,,,,,,,
85.694875,XKF1,,,,,,,,,,,,,,,,48.41614455130108,48.40443801879883,,,4.978466585157015,,,,,,1.06462824344635,4.978453921201394,,,,,,4.977497100830078,,4.977497100830078,0.09824535995721817
85.694875,POS,,,,,,,,,,,,,,,,48.41128130687246,48.39997095114386,,,,,37.4275094,-122.1691525,,,1.046407999572807,,,,29.156021118164062,,,,,,
85.747354,GUIA,,0.0,,,,,,-11.999999046325684,0.0,1.5919019347165886e-07,0.0,0.0,6,90.0,0.0,,,,,,,,,,,,,,,,,,,,,
85.774843,GUIA,,0.0,,,,,,-11.999999046325684,0.0,1.5919019347165886e-07,0.0,0.0,6,90.0,0.0,,,,,,,,,,,,,,,,,,,,,
85.777342,GUIA,,0.0,,,,,,-11.999999046325684,0.0,1.5919019347165886e-07,0.0,0.0,6,90.0,0.0,,,,,,,,,,,,,,,,,,,,,
85.79483499999999,ATT,3,,-11.99,0.0,90.0,0.0,0.0,-12.01,,-0.01,,,,90.0,,,,,,,,,,,,,,,,,,,,,,
85.79483499999999,XKF1,,,,,,,,,,,,,,,,48.91431397013569,48.90249252319336,,,4.978752159663733,,,,,,1.0753307342529297,4.978741265406375,,,,,,4.977766990661621,,4.977766990661621,0.09903965890407562
85.79483499999999,POS,,,,,,,,,,,,,,,,48.906456198393506,48.89502088182815,,,,,37.4275095,-122.1691469,,,1.0575399997028967,,,,29.156402587890625,,,,,,
85.809829,GUIA,,0.0,,,,,,-11.999999046325684,0.0,1.5919019347165886e-07,0.0,0.0,6,90.0,0.0,,,,,,,,,,,,,,,,,,,,,
85.862308,GUIA,,0.0,,,,,,-11.999999046325684,0.0,1.5919019347165886e-07,0.0,0.0,6,90.0,0.0,,,,,,,,,,,,,,,,,,,,,
85.862308,GUIA,,0.0,,,,,,-11.999999046325684,0.0,1.5919019347165886e-07,0.0,0.0,6,90.0,0.0,,,,,,,,,,,,,,,,,,,,,
85.894795,ATT,3,,-11.99,0.0,90.0,0.0,0.0,-12.01,,-0.01,,,,90.0,,,,,,,,,,,,,,,,,,,,,,
85.894795,XKF1,,,,,,,,,,,,,,,,49.41247943684969,49.40054702758789,,,4.978899455008945,,,,,,1.0858533382415771,4.978890084469685,,,,,,4.97790002822876,,4.97790002822876,0.09975516051054001
85.894795,POS,,,,,,,,,,,,,,,,49.41046920338952,49.398910990586394,,,,,37.4275096,-122.1691412,,,1.0686719998329863,,,,29.15660858154297,,,,,,
85.917286,GUIA,,0.0,,,,,,-11.999999046325684,0.0,1.5919019347165886e-07,0.0,0.0,6,90.0,0.0,,,,,,,,,,,,,,,,,,,,,
85.93227999999999,GUIA,,0.0,,,,,,-11.999999046325684,0.0,1.5919019347165886e-07,0.0,0.0,6,90.0,0.0,,,,,,,,,,,,,,,,,,,,,
85.959769,GUIA,,0.0,,,,,,-11.999999046325684,0.0,1.5919019347165886e-07,0.0,0.0,6,90.0,0.0,,,,,,,,,,,,,,,,,,,,,
85.994755,ATT,3,,-11.99,0.0,90.0,0.0,0.0,-12.01,,0.0,,,,90.0,,,,,,,,,,,,,,,,,,,,,,
85.994755,XKF1,,,,,,,,,,,,,,,,49.91140365420517,49.899356842041016,,,4.97946151903039,,,,,,1.0965406894683838,4.97945342009521,,,,,,4.978448867797852,,4.978448867797852,0.1004185751080513
85.994755,POS,,,,,,,,,,,,,,,,49.90564410055863,49.89396092127068,,,,,37.4275097,-122.1691356,,,1.079803999963076,,,,29.15691375732422,,,,,,
86.002252,GUIA,,0.0,,,,,,-11.999999046325684,0.0,1.5919019347165886e-07,0.0,0.0,6,90.0,0.0,,,,,,,,,,,,,,,,,,,,,
86.024743,GUIA,,0.0,,,,,,-11.999999046325684,0.0,1.5919019347165886e-07,0.0,0.0,6,90.0,0.0,,,,,,,,,,,,,,,,,,,,,
86.039737,GUIA,,0.0,,,,,,-11.999999046325684,0.0,1.5919019347165886e-07,0.0,0.0,6,90.0,0.0,,,,,,,,,,,,,,,,,,,,,
86.089717,GUIA,,0.0,,,,,,-11.999999046325684,0.0,1.5919019347165886e-07,0.0,0.0,6,90.0,0.0,,,,,,,,,,,,,,,,,,,,,
86.092216,GUIA,,0.0,,,,,,-11.999999046325684,0.0,1.5919019347165886e-07,0.0,0.0,6,90.0,0.0,,,,,,,,,,,,,,,,,,,,,
86.094715,ATT,3,,-11.99,0.0,90.0,0.0,0.0,-12.01,,0.0,,,,90.0,,,,,,,,,,,,,,,,,,,,,,
86.094715,XKF1,,,,,,,,,,,,,,,,50.41015189130556,50.39799499511719,,,4.979781916678526,,,,,,1.1070294380187988,4.979774875267515,,,,,,4.978757858276367,,4.978757858276367,0.10098577290773392
86.094715,POS,,,,,,,,,,,,,,,,50.40965710854704,50.397851030028924,,,,,37.4275098,-122.1691299,,,1.0909360000931656,,,,29.15704917907715,,,,,,
86.147194,GUIA,,0.0,,,,,,-11.999999046325684,0.0,1.5919019347165886e-07,0.0,0.0,6,90.0,0.0,,,,,,,,,,,,,,,,,,,,,
86.184679,GUIA,,0.0,,,,,,-11.999999046325684,0.0,1.5919019347165886e-07,0.0,0.0,6,90.0,0.0,,,,,,,,,,,,,,,,,,,,,
86.184679,GUIA,,0.0,,,,,,-11.999999046325684,0.0,1.5919019347165886e-07,0.0,0.0,6,90.0,0.0,,,,,,,,,,,,,,,,,,,,,
86.194675,ATT,3,,-11.99,0.0,90.0,0.0,0.0,-12.01,,0.0,,,,90.0,,,,,,,,,,,,,,,,,,,,,,
86.194675,XKF1,,,,,,,,,,,,,,,,50.909531398637405,50.89726638793945,,,4.980298367469535,,,,,,1.1174352169036865,4.98029217362665,,,,,,4.979264736175537,,4.979264736175537,0.10146189481019974
86.194675,POS,,,,,,,,,,,,,,,,50.90483201229729,50.89290096196948,,,,,37.4275099,-122.1691243,,,1.102067999432279,,,,29.15729522705078,,,,,,
86.23216,GUIA,,0.0,,,,,,-11.999999046325684,0.0,1.5919019347165886e-07,0.0,0.0,6,90.0,0.0,,,,,,,,,,,,,,,,,,,,,
86.25715,GUIA,,0.0,,,,,,-11.999999046325684,0.0,1.5919019347165886e-07,0.0,0.0,6,90.0,0.0,,,,,,,,,,,,,,,,,,,,,
86.25715,GUIA,,0.0,,,,,,-11.999999046325684,0.0,1.5919019347165886e-07,0.0,0.0,6,90.0,0.0,,,,,,,,,,,,,,,,,,,,,
86.294635,ATT,3,,-11.99,0.0,90.0,0.0,0.0,-12.01,,0.0,,,,90.0,,,,,,,,,,,,,,,,,,,,,,
86.294635,XKF1,,,,,,,,,,,,,,,,51.408631773879264,51.39625930786133,,,4.98066242703988,,,,,,1.1278076171875,4.98065700784146,,,,,,4.97961950302124,,4.97961950302124,0.10192064195871353
86.294635,POS,,,,,,,,,,,,,,,,51.40884502182408,51.396791069471455,,,,,37.42751,-122.1691186,,,1.1131999995623687,,,,29.157440185546875,,,,,,
86.322124,GUIA,,0.0,,,,,,-11.999999046325684,0.0,1.5919019347165886e-07,0.0,0.0,6,90.0,0.0,,,,,,,,,,,,,,,,,,,,,
86.33212,GUIA,,0.0,,,,,,-11.999999046325684,0.0,1.5919019347165886e-07,0.0,0.0,6,90.0,0.0,,,,,,,,,,,,,,,,,,,,,
86.36710599999999,GUIA,,0.0,,,,,,-11.999999046325684,0.0,1.5919019347165886e-07,0.0,0.0,6,90.0,0.0,,,,,,,,,,,,,,,,,,,,,
86.394595,ATT,3,,-11.99,0.0,90.0,0.0,0.0,-12.01,,0.0,,,,90.0,,,,,,,,,,,,,,,,,,,,,,
86.394595,XKF1,,,,,,,,,,,,,,,,51.90831281066192,51.89582443237305,,,4.981308055285537,,,,,,1.1385716199874878,4.981303537323601,,,,,,4.980252265930176,,4.980252265930176,0.10255393385887146
86.394595,POS,,,,,,,,,,,,,,,,51.90401993065043,51.89184100141201,,,,,37.4275101,-122.169113,,,1.1243319996924583,,,,29.157804489135742,,,,,,
86.402092,GUIA,,0.0,,,,,,-11.999999046325684,0.0,1.5919019347165886e-07,0.0,0.0,6,90.0,0.0,,,,,,,,,,,,,,,,,,,,,
86.417086,GUIA,,0.0,,,,,,-11.999999046325684,0.0,1.5919019347165886e-07,0.0,0.0,6,90.0,0.0,,,,,,,,,,,,,,,,,,,,,
86.464567,GUIA,,0.0,,,,,,-11.999999046325684,0.0,1.5919019347165886e-07,0.0,0.0,6,90.0,0.0,,,,,,,,,,,,,,,,,,,,,
86.469565,GUIA,,0.0,,,,,,-11.999999046325684,0.0,1.5919019347165886e-07,0.0,0.0,6,90.0,0.0,,,,,,,,,,,,,,,,,,,,,
86.49455499999999,ATT,3,,-11.99,0.0,90.0,0.0,0.0,-12.01,,0.0,,,,90.0,,,,,,,,,,,,,,,,,,,,,,
86.49455499999999,XKF1,,,,,,,,,,,,,,,,52.40766014878838,52.395057678222656,,,4.981656872100459,,,,,,1.1492489576339722,4.981653083949013,,,,,,4.980589866638184,,4.980589866638184,0.10310078412294388
86.49455499999999,POS,,,,,,,,,,,,,,,,52.39919484139281,52.38689093209631,,,,,37.4275102,-122.1691074,,,1.135463999822548,,,,29.158061981201172,,,,,,
86.534539,GUIA,,0.0,,,,,,-11.999999046325684,0.0,1.5919019347165886e-07,0.0,0.0,6,90.0,0.0,,,,,,,,,,,,,,,,,,,,,
86.534539,GUIA,,0.0,,,,,,-11.999999046325684,0.0,1.5919019347165886e-07,0.0,0.0,6,90.0,0.0,,,,,,,,,,,,,,,,,,,,,
86.587018,GUIA,,0.0,,,,,,-11.999999046325684,0.0,1.5919019347165886e-07,0.0,0.0,6,90.0,0.0,,,,,,,,,,,,,,,,,,,,,
86.594515,ATT,3,,-11.99,0.0,90.0,0.0,0.0,-12.01,,0.0,,,,90.0,,,,,,,,,,,,,,,,,,,,,,
86.594515,XKF1,,,,,,,,,,,,,,,,52.907507184855476,52.89478302001953,,,4.982287486044687,,,,,,1.1602783203125,4.9822844218831985,,,,,,4.981207370758057,,4.981207370758057,0.10373872518539429
86.594515,POS,,,,,,,,,,,,,,,,52.903207856411946,52.89078104085455,,,,,37.4275103,-122.1691017,,,1.1465959999526376,,,,29.158456802368164,,,,,,
86.599513,GUIA,,0.0,,,,,,-11.999999046325684,0.0,1.5919019347165886e-07,0.0,0.0,6,90.0,0.0,,,,,,,,,,,,,,,,,,,,,
86.599513,GUIA,,0.0,,,,,,-11.999999046325684,0.0,1.5919019347165886e-07,0.0,0.0,6,90.0,0.0,,,,,,,,,,,,,,,,,,,,,
86.64949299999999,GUIA,,0.0,,,,,,-11.999999046325684,0.0,1.5919019347165886e-07,0.0,0.0,6,90.0,0.0,,,,,,,,,,,,,,,,,,,,,
86.694475,GUIA,,0.0,,,,,,-11.999999046325684,0.0,1.5919019347165886e-07,0.0,0.0,6,90.0,0.0,,,,,,,,,,,,,,,,,,,,,
86.694475,ATT,3,,-11.99,0.0,90.0,0.0,0.0,-12.02,,0.0,,,,90.0,,,,,,,,,,,,,,,,,,,,,,
86.694475,XKF1,,,,,,,,,,,,,,,,53.40701207832799,53.394168853759766,,,4.982609612874401,,,,,,1.1711838245391846,4.98260714001641,,,,,,4.981517791748047,,4.981517791748047,0.10430265963077545
86.694475,POS,,,,,,,,,,,,,,,,53.40722087225161,53.39467114961279,,,,,37.4275104,-122.169096,,,1.1577280000827272,,,,29.15870475769043,,,,,,
86.701972,GUIA,,0.0,,,,,,-11.999999046325684,0.0,1.5919019347165886e-07,0.0,0.0,6,90.0,0.0,,,,,,,,,,,,,,,,,,,,,
86.764447,GUIA,,0.0,,,,,,-11.999999046325684,0.0,1.5919019347165886e-07,0.0,0.0,6,90.0,0.0,,,,,,,,,,,,,,,,,,,,,
86.764447,GUIA,,0.0,,,,,,-11.999999046325684,0.0,1.5919019347165886e-07,0.0,0.0,6,90.0,0.0,,,,,,,,,,,,,,,,,,,,,
86.794435,ATT,3,,-11.99,0.0,90.0,0.0,0.0,-12.01,,0.0,,,,90.0,,,,,,,,,,,,,,,,,,,,,,
86.794435,XKF1,,,,,,,,,,,,,,,,53.90712277851766,53.8941535949707,,,4.983166157813252,,,,,,1.182410478591919,4.983164294170371,,,,,,4.982059955596924,,4.982059955596924,0.10499311983585358
86.794435,POS,,,,,,,,,,,,,,,,53.90239578915267,53.88972108029708,,,,,37.4275105,-122.1690904,,,1.1688599994218407,,,,29.159076690673828,,,,,,
86.811928,GUIA,,0.0,,,,,,-11.999999046325684,0.0,1.5919019347165886e-07,0.0,0.0,6,90.0,0.0,,,,,,,,,,,,,,,,,,,,,
86.829421,GUIA,,0.0,,,,,,-11.999999046325684,0.0,1.5919019347165886e-07,0.0,0.0,6,90.0,0.0,,,,,,,,,,,,,,,,,,,,,
86.849413,GUIA,,0.0,,,,,,-11.999999046325684,0.0,1.5919019347165886e-07,0.0,0.0,6,90.0,0.0,,,,,,,,,,,,,,,,,,,,,
86.894395,ATT,3,,-11.99,0.0,90.0,0.0,0.0,-12.01,,0.0,,,,90.0,,,,,,,,,,,,,,,,,,,,,,
86.894395,XKF1,,,,,,,,,,,,,,,,54.406667966767735,54.393577575683594,,,4.983303739283928,,,,,,1.193414330482483,4.9833022505405795,,,,,,4.982187747955322,,4.982187747955322,0.10545805841684341
86.894395,POS,,,,,,,,,,,,,,,,54.406408807282354,54.39361118905532,,,,,37.4275106,-122.1690847,,,1.1799919995519303,,,,29.159229278564453,,,,,,
86.896894,GUIA,,0.0,,,,,,-11.999999046325684,0.0,1.5919019347165886e-07,0.0,0.0,6,90.0,0.0,,,,,,,,,,,,,,,,,,,,,
86.93437899999999,GUIA,,0.0,,,,,,-11.999999046325684,0.0,1.5919019347165886e-07,0.0,0.0,6,90.0,0.0,,,,,,,,,,,,,,,,,,,,,
86.941876,GUIA,,0.0,,,,,,-11.999999046325684,0.0,1.5919019347165886e-07,0.0,0.0,6,90.0,0.0,,,,,,,,,,,,,,,,,,,,,
86.994355,ATT,3,,-11.99,0.0,90.0,0.0,0.0,-12.01,,0.0,,,,90.0,,,,,,,,,,,,,,,,,,,,,,
86.994355,XKF1,,,,,,,,,,,,,,,,54.90450909313787,54.89128875732422,,,4.982918350679941,,,,,,1.204797625541687,4.982917380872413,,,,,,4.981785774230957,,4.981785774230957,0.1062345951795578
86.994355,POS,,,,,,,,,,,,,,,,54.90158372852493,54.888661119739616,,,,,37.4275107,-122.1690791,,,1.19112399968202,,,,29.159536361694336,,,,,,
86.996854,GUIA,,0.0,,,,,,-11.999999046325684,0.0,1.5919019347165886e-07,0.0,0.0,6,90.0,0.0,,,,,,,,,,,,,,,,,,,,,
87.011848,GUIA,,0.0,,,,,,-11.999999046325684,0.0,1.5919019347165886e-07,0.0,0.0,6,90.0,0.0,,,,,,,,,,,,,,,,,,,,,
87.046834,GUIA,,0.0,,,,,,-11.999999046325684,0.0,1.5919019347165886e-07,0.0,0.0,6,90.0,0.0,,,,,,,,,,,,,,,,,,,,,
87.07682199999999,GUIA,,0.0,,,,,,-11.999999046325684,0.0,1.5919019347165886e-07,0.0,0.0,6,90.0,0.0,,,,,,,,,,,,,,,,,,,,,
87.094315,ATT,3,,-11.99,0.0,90.0,0.0,0.0,-12.01,,0.0,,,,90.0,,,,,,,,,,,,,,,,,,,,,,
87.094315,XKF1,,,,,,,,,,,,,,,,55.4023300777733,55.38898468017578,,,4.98235018030073,,,,,,1.2159581184387207,4.982349536125589,,,,,,4.981204986572266,,4.981204986572266,0.1068185418844223
87.094315,POS,,,,,,,,,,,,,,,,55.396758653779415,55.38371105168017,,,,,37.4275108,-122.1690735,,,1.2022559998121096,,,,29.159624099731445,,,,,,
87.1318,GUIA,,0.0,,,,,,-11.999999046325684,0.0,1.5919019347165886e-07,0.0,0.0,6,90.0,0.0,,,,,,,,,,,,,,,,,,,,,
87.144295,GUIA,,0.0,,,,,,-11.999999046325684,0.0,1.5919019347165886e-07,0.0,0.0,6,90.0,0.0,,,,,,,,,,,,,,,,,,,,,
87.189277,GUIA,,0.0,,,,,,-11.999999046325684,0.0,1.5919019347165886e-07,0.0,0.0,6,90.0,0.0,,,,,,,,,,,,,,,,,,,,,
87.194275,ATT,3,,-11.99,0.0,90.0,0.0,0.0,-12.01,,0.0,,,,90.0,,,,,,,,,,,,,,,,,,,,,,
87.194275,XKF1,,,,,,,,,,,,,,,,55.899659587805985,55.88618087768555,,,4.981818511872062,,,,,,1.2274888753890991,4.98181817622334,,,,,,4.98065710067749,,4.98065710067749,0.10756640136241913
87.194275,POS,,,,,,,,,,,,,,,,55.891933580460616,55.87876098236447,,,,,37.4275109,-122.1690679,,,1.2133879999421993,,,,29.159889221191406,,,,,,
87.21176799999999,GUIA,,0.0,,,,,,-11.999999046325684,0.0,1.5919019347165886e-07,0.0,0.0,6,90.0,0.0,,,,,,,,,,,,,,,,,,,,,
87.236758,GUIA,,0.0,,,,,,-11.999999046325684,0.0,1.5919019347165886e-07,0.0,0.0,6,90.0,0.0,,,,,,,,,,,,,,,,,,,,,
87.279241,GUIA,,0.0,,,,,,-11.999999046325684,0.0,1.5919019347165886e-07,0.0,0.0,6,90.0,0.0,,,,,,,,,,,,,,,,,,,,,
87.28174,GUIA,,0.0,,,,,,-11.999999046325684,0.0,1.5919019347165886e-07,0.0,0.0,6,90.0,0.0,,,,,,,,,,,,,,,,,,,,,
87.294235,ATT,3,,-11.99,0.0,90.0,0.0,0.0,-12.01,,0.0,,,,90.0,,,,,,,,,,,,,,,,,,,,,,
87.294235,XKF1,,,,,,,,,,,,,,,,56.39708717942044,56.383480072021484,,,4.981185928784575,,,,,,1.2387967109680176,4.981185776712953,,,,,,4.980010986328125,,4.980010986328125,0.10818425565958023
87.294235,POS,,,,,,,,,,,,,,,,56.39594660340278,56.3826510911227,,,,,37.427511,-122.1690622,,,1.224520000072289,,,,29.159929275512695,,,,,,
87.34671399999999,GUIA,,0.0,,,,,,-11.999999046325684,0.0,1.5919019347165886e-07,0.0,0.0,6,90.0,0.0,,,,,,,,,,,,,,,,,,,,,
87.364207,GUIA,,0.0,,,,,,-11.999999046325684,0.0,1.5919019347165886e-07,0.0,0.0,6,90.0,0.0,,,,,,,,,,,,,,,,,,,,,
87.366706,GUIA,,0.0,,,,,,-11.999999046325684,0.0,1.5919019347165886e-07,0.0,0.0,6,90.0,0.0,,,,,,,,,,,,,,,,,,,,,
87.394195,ATT,3,,-11.99,0.0,90.0,0.0,0.0,-12.01,,0.0,,,,90.0,,,,,,,,,,,,,,,,,,,,,,
87.394195,XKF1,,,,,,,,,,,,,,,,56.894311142646714,56.880577087402344,,,4.980676018104848,,,,,,1.2500362396240234,4.9806759787576675,,,,,,4.979487419128418,,4.979487419128418,0.10880551487207413
87.394195,POS,,,,,,,,,,,,,,,,56.89112153394161,56.877701021807,,,,,37.4275111,-122.1690566,,,1.2356519994114024,,,,29.16012954711914,,,,,,
87.414187,GUIA,,0.0,,,,,,-11.999999046325684,0.0,1.5919019347165886e-07,0.0,0.0,6,90.0,0.0,,,,,,,,,,,,,,,,,,,,,
87.461668,GUIA,,0.0,,,,,,-11.999999046325684,0.0,1.5919019347165886e-07,0.0,0.0,6,90.0,0.0,,,,,,,,,,,,,,,,,,,,,
87.465,GUIA,,0.0,,,,,,-11.999999046325684,0.0,1.5919019347165886e-07,0.0,0.0,6,90.0,0.0,,,,,,,,,,,,,,,,,,,,,
87.49498799999999,ATT,3,,-11.99,0.0,90.0,0.0,0.0,-12.01,,0.0,,,,90.0,,,,,,,,,,,,,,,,,,,,,,
87.49498799999999,XKF1,,,,,,,,,,,,,,,,57.391946185912424,57.37808609008789,,,4.9801870644917665,,,,,,1.261238932609558,4.980187062786315,,,,,,4.978987216949463,,4.978987216949463,0.1093137264251709
87.49498799999999,POS,,,,,,,,,,,,,,,,57.386296468253235,57.372750953747556,,,,,37.4275112,-122.169051,,,1.246783999541492,,,,29.160167694091797,,,,,,
87.49748699999999,GUIA,,0.0,,,,,,-11.999999046325684,0.0,1.5919019347165886e-07,0.0,0.0,6,90.0,0.0,,,,,,,,,,,,,,,,,,,,,
87.542469,GUIA,,0.0,,,,,,-11.999999046325684,0.0,1.5919019347165886e-07,0.0,0.0,6,90.0,0.0,,,,,,,,,,,,,,,,,,,,,
87.542469,GUIA,,0.0,,,,,,-11.999999046325684,0.0,1.5919019347165886e-07,0.0,0.0,6,90.0,0.0,,,,,,,,,,,,,,,,,,,,,
87.594948,ATT,3,,-11.99,0.0,90.0,0.0,0.0,-12.01,,0.0,,,,90.0,,,,,,,,,,,,,,,,,,,,,,
87.594948,XKF1,,,,,,,,,,,,,,,,57.89143614159537,57.87744140625,,,4.9804779606548655,,,,,,1.2728530168533325,4.980477934974389,,,,,,4.979262828826904,,4.979262828826904,0.11001089960336685
87.594948,POS,,,,,,,,,,,,,,,,57.890309494252676,57.8766410625058,,,,,37.4275113,-122.1690453,,,1.2579159996715816,,,,29.16033363342285,,,,,,
87.597447,GUIA,,0.0,,,,,,-11.999999046325684,0.0,1.5919019347165886e-07,0.0,0.0,6,90.0,0.0,,,,,,,,,,,,,,,,,,,,,
87.62743499999999,GUIA,,0.0,,,,,,-11.999999046325684,0.0,1.5919019347165886e-07,0.0,0.0,6,90.0,0.0,,,,,,,,,,,,,,,,,,,,,
87.694908,ATT,3,,-11.99,0.0,90.0,0.0,0.0,-12.01,,0.0,,,,90.0,,,,,,,,,,,,,,,,,,,,,,
87.694908,XKF1,,,,,,,,,,,,,,,,58.39075215317593,58.376625061035156,,,4.980541382951742,,,,,,1.2843611240386963,4.9805412828834275,,,,,,4.97931432723999,,4.97931432723999,0.11054997891187668
87.694908,POS,,,,,,,,,,,,,,,,58.38548443089489,58.37169099319009,,,,,37.4275114,-122.1690397,,,1.2690479998016713,,,,29.160337448120117,,,,,,
87.697407,GUIA,,0.0,,,,,,-11.999999046325684,0.0,1.5919019347165886e-07,0.0,0.0,6,90.0,0.0,,,,,,,,,,,,,,,,,,,,,
87.749886,GUIA,,0.0,,,,,,-11.999999046325684,0.0,1.5919019347165886e-07,0.0,0.0,6,90.0,0.0,,,,,,,,,,,,,,,,,,,,,
87.762381,GUIA,,0.0,,,,,,-11.999999046325684,0.0,1.5919019347165886e-07,0.0,0.0,6,90.0,0.0,,,,,,,,,,,,,,,,,,,,,
87.78237299999999,GUIA,,0.0,,,,,,-11.999999046325684,0.0,1.5919019347165886e-07,0.0,0.0,6,90.0,0.0,,,,,,,,,,,,,,,,,,,,,
87.794868,ATT,3,,-11.99,0.0,90.0,0.0,0.0,-12.0,,0.0,,,,90.0,,,,,,,,,,,,,,,,,,,,,,
87.794868,XKF1,,,,,,,,,,,,,,,,58.895519440997376,58.88125228881836,,,4.9812273578709485,,,,,,1.296278953552246,4.981227087448882,,,,,,4.979984283447266,,4.979984283447266,0.11127680540084839
87.794868,POS,,,,,,,,,,,,,,,,58.88949745858187,58.87558110194833,,,,,37.4275115,-122.169034,,,1.280179999931761,,,,29.16044807434082,,,,,,
87.832353,GUIA,,0.0,,,,,,-11.999999046325684,0.0,1.5919019347165886e-07,0.0,0.0,6,90.0,0.0,,,,,,,,,,,,,,,,,,,,,
87.834852,GUIA,,0.0,,,,,,-11.999999046325684,0.0,1.5919019347165886e-07,0.0,0.0,6,90.0,0.0,,,,,,,,,,,,,,,,,,,,,
87.894828,ATT,3,,-11.99,0.0,90.0,0.0,0.0,-12.01,,0.0,,,,90.0,,,,,,,,,,,,,,,,,,,,,,
87.894828,XKF1,,,,,,,,,,,,,,,,59.39565571194534,59.38125228881836,,,4.9815749474017235,,,,,,1.3079732656478882,4.981574481815782,,,,,,4.980319023132324,,4.980319023132324,0.11185429990291595
87.894828,POS,,,,,,,,,,,,,,,,59.39351048679168,59.37947121070657,,,,,37.4275116,-122.1690283,,,1.2913120000618505,,,,29.1604061126709,,,,,,
87.897327,GUIA,,0.0,,,,,,-11.999999046325684,0.0,1.5919019347165886e-07,0.0,0.0,6,90.0,0.0,,,,,,,,,,,,,,,,,,,,,
87.91232099999999,GUIA,,0.0,,,,,,-11.999999046325684,0.0,1.5919019347165886e-07,0.0,0.0,6,90.0,0.0,,,,,,,,,,,,,,,,,,,,,
87.942309,GUIA,,0.0,,,,,,-11.999999046325684,0.0,1.5919019347165886e-07,0.0,0.0,6,90.0,0.0,,,,,,,,,,,,,,,,,,,,,
87.982293,GUIA,,0.0,,,,,,-11.999999046325684,0.0,1.5919019347165886e-07,0.0,0.0,6,90.0,0.0,,,,,,,,,,,,,,,,,,,,,
87.994788,ATT,3,,-11.99,0.0,90.0,0.0,0.0,-12.01,,0.0,,,,90.0,,,,,,,,,,,,,,,,,,,,,,
87.994788,XKF1,,,,,,,,,,,,,,,,59.896647901612845,59.882102966308594,,,4.982300076027887,,,,,,1.31991446018219,4.982299367451005,,,,,,4.9810309410095215,,4.9810309410095215,0.11244915425777435
87.994788,POS,,,,,,,,,,,,,,,,59.88868542790397,59.874521141390865,,,,,37.4275117,-122.1690227,,,1.302443999400964,,,,29.160493850708008,,,,,,
88.007283,GUIA,,0.0,,,,,,-11.999999046325684,0.0,1.5919019347165886e-07,0.0,0.0,6,90.0,0.0,,,,,,,,,,,,,,,,,,,,,
88.027275,GUIA,,0.0,,,,,,-11.999999046325684,0.0,1.5919019347165886e-07,0.0,0.0,6,90.0,0.0,,,,,,,,,,,,,,,,,,,,,
88.074756,GUIA,,0.0,,,,,,-11.999999046325684,0.0,1.5919019347165886e-07,0.0,0.0,6,90.0,0.0,,,,,,,,,,,,,,,,,,,,,
88.074756,GUIA,,0.0,,,,,,-11.999999046325684,0.0,1.5919019347165886e-07,0.0,0.0,6,90.0,0.0,,,,,,,,,,,,,,,,,,,,,
88.094748,ATT,3,,-11.99,0.0,90.0,0.0,0.0,-12.01,,0.0,,,,90.0,,,,,,,,,,,,,,,,,,,,,,
88.094748,XKF1,,,,,,,,,,,,,,,,60.39705720493819,60.38237380981445,,,4.982658642208595,,,,,,1.3317102193832397,4.982657654553706,,,,,,4.981377124786377,,4.981377124786377,0.11300037801265717
88.094748,POS,,,,,,,,,,,,,,,,60.392698457666846,60.3784112501491,,,,,37.4275118,-122.169017,,,1.3135759995310536,,,,29.16043472290039,,,,,,
88.137231,GUIA,,0.0,,,,,,-11.999999046325684,0.0,1.5919019347165886e-07,0.0,0.0,6,90.0,0.0,,,,,,,,,,,,,,,,,,,,,
88.149726,GUIA,,0.0,,,,,,-11.999999046325684,0.0,1.5919019347165886e-07,0.0,0.0,6,90.0,0.0,,,,,,,,,,,,,,,,,,,,,
88.172217,GUIA,,0.0,,,,,,-11.999999046325684,0.0,1.5919019347165886e-07,0.0,0.0,6,90.0,0.0,,,,,,,,,,,,,,,,,,,,,
88.177215,GUIA,,0.0,,,,,,-11.999999046325684,0.0,1.5919019347165886e-07,0.0,0.0,6,90.0,0.0,,,,,,,,,,,,,,,,,,,,,
88.177215,GUIA,,0.0,,,,,,-11.999999046325684,0.0,1.5919019347165886e-07,0.0,0.0,6,90.0,0.0,,,,,,,,,,,,,,,,,,,,,
88.19470799999999,ATT,3,,-11.99,0.0,90.0,0.0,0.0,-12.01,,0.0,,,,90.0,,,,,,,,,,,,,,,,,,,,,,
88.19470799999999,XKF1,,,,,,,,,,,,,,,,60.89816962163924,60.88334274291992,,,4.9833767784961625,,,,,,1.3437409400939941,4.98337543577516,,,,,,4.982081413269043,,4.982081413269043,0.11361737549304962
88.19470799999999,POS,,,,,,,,,,,,,,,,60.8967114879053,60.88230135890734,,,,,37.4275119,-122.1690113,,,1.3247079996611433,,,,29.16050910949707,,,,,,
88.222197,GUIA,,0.0,,,,,,-11.999999046325684,0.0,1.5919019347165886e-07,0.0,0.0,6,90.0,0.0,,,,,,,,,,,,,,,,,,,,,
88.292169,GUIA,,0.0,,,,,,-11.999999046325684,0.0,1.5919019347165886e-07,0.0,0.0,6,90.0,0.0,,,,,,,,,,,,,,,,,,,,,
88.294668,ATT,3,,-11.99,0.0,90.0,0.0,0.0,-12.01,,0.0,,,,89.99,,,,,,,,,,,,,,,,,,,,,,
88.294668,XKF1,,,,,,,,,,,,,,,,61.39867378815181,61.383705139160156,,,4.9837578938008065,,,,,,1.3556866645812988,4.983756183565912,,,,,,4.982450008392334,,4.982450008392334,0.11416942626237869
88.294668,POS,,,,,,,,,,,,,,,,61.391886433233005,61.37735128959164,,,,,37.427512,-122.1690057,,,1.335839999791233,,,,29.16048240661621,,,,,,
88.329654,GUIA,,0.0,,,,,,-11.999999046325684,0.0,1.5919019347165886e-07,0.0,0.0,6,90.0,0.0,,,,,,,,,,,,,,,,,,,,,
88.33465199999999,GUIA,,0.0,,,,,,-11.999999046325684,0.0,1.5919019347165886e-07,0.0,0.0,6,90.0,0.0,,,,,,,,,,,,,,,,,,,,,
88.394628,ATT,3,,-11.99,0.0,90.0,0.0,0.0,-12.01,,0.0,,,,89.99,,,,,,,,,,,,,,,,,,,,,,
88.394628,XKF1,,,,,,,,,,,,,,,,61.89978441940433,61.88466262817383,,,4.984401618021273,,,,,,1.3681529760360718,4.984399329480723,,,,,,4.983076095581055,,4.983076095581055,0.1149439662694931
88.394628,POS,,,,,,,,,,,,,,,,61.89589946490335,61.88124139834988,,,,,37.4275121,-122.169,,,1.3469719999213225,,,,29.160663604736328,,,,,,
88.399626,GUIA,,0.0,,,,,,-11.999999046325684,0.0,1.5919019347165886e-07,0.0,0.0,6,90.0,0.0,,,,,,,,,,,,,,,,,,,,,
88.404624,GUIA,,0.0,,,,,,-11.999999046325684,0.0,1.5919019347165886e-07,0.0,0.0,6,90.0,0.0,,,,,,,,,,,,,,,,,,,,,
88.432113,GUIA,,0.0,,,,,,-11.999999046325684,0.0,1.5919019347165886e-07,0.0,0.0,6,90.0,0.0,,,,,,,,,,,,,,,,,,,,,
88.437111,GUIA,,0.0,,,,,,-11.999999046325684,0.0,1.5919019347165886e-07,0.0,0.0,6,90.0,0.0,,,,,,,,,,,,,,,,,,,,,
88.437111,GUIA,,0.0,,,,,,-11.999999046325684,0.0,1.5919019347165886e-07,0.0,0.0,6,90.0,0.0,,,,,,,,,,,,,,,,,,,,,
88.48459199999999,GUIA,,0.0,,,,,,-11.999999046325684,0.0,1.5919019347165886e-07,0.0,0.0,6,90.0,0.0,,,,,,,,,,,,,,,,,,,,,
88.494588,ATT,3,,-11.99,0.0,90.0,0.0,0.0,-12.01,,0.0,,,,89.99,,,,,,,,,,,,,,,,,,,,,,
88.494588,XKF1,,,,,,,,,,,,,,,,62.40028359032001,62.385013580322266,,,4.9846679256480115,,,,,,1.380388617515564,4.984665076974225,,,,,,4.983327388763428,,4.983327388763428,0.11559613049030304
88.494588,POS,,,,,,,,,,,,,,,,62.40015577209083,62.38513150710811,,,,,37.4275123,-122.1689943,,,1.3692359993905256,,,,29.16074562072754,,,,,,
88.547067,GUIA,,0.0,,,,,,-11.999999046325684,0.0,1.5919019347165886e-07,0.0,0.0,6,90.0,0.0,,,,,,,,,,,,,,,,,,,,,
88.592049,GUIA,,0.0,,,,,,-11.999999046325684,0.0,1.5919019347165886e-07,0.0,0.0,6,90.0,0.0,,,,,,,,,,,,,,,,,,,,,
88.592049,GUIA,,0.0,,,,,,-11.999999046325684,0.0,1.5919019347165886e-07,0.0,0.0,6,90.0,0.0,,,,,,,,,,,,,,,,,,,,,
88.594548,ATT,3,,-11.99,0.0,90.0,0.0,0.0,-12.01,,0.0,,,,89.99,,,,,,,,,,,,,,,,,,,,,,
88.594548,XKF1,,,,,,,,,,,,,,,,62.90130225696557,62.88588333129883,,,4.985144833113216,,,,,,1.3926604986190796,4.98514140286088,,,,,,4.983789920806885,,4.983789920806885,0.11621975898742676
88.594548,POS,,,,,,,,,,,,,,,,62.89533077632865,62.88018143779241,,,,,37.4275124,-122.1689887,,,1.3803679995206153,,,,29.16098976135254,,,,,,
88.647027,GUIA,,0.0,,,,,,-11.999999046325684,0.0,1.5919019347165886e-07,0.0,0.0,6,90.0,0.0,,,,,,,,,,,,,,,,,,,,,
88.674516,GUIA,,0.0,,,,,,-11.999999046325684,0.0,1.5919019347165886e-07,0.0,0.0,6,90.0,0.0,,,,,,,,,,,,,,,,,,,,,
88.694508,ATT,3,,-11.99,0.0,90.0,0.0,0.0,-12.01,,0.0,,,,89.99,,,,,,,,,,,,,,,,,,,,,,
88.694508,XKF1,,,,,,,,,,,,,,,,63.40172748832778,63.38616180419922,,,4.985319505166092,,,,,,1.4048274755477905,4.985315604118356,,,,,,4.983953475952148,,4.983953475952148,0.11669754981994629
88.694508,POS,,,,,,,,,,,,,,,,63.39934382994259,63.38407154655065,,,,,37.4275125,-122.168983,,,1.391499999650705,,,,29.161100387573242,,,,,,
88.744488,GUIA,,0.0,,,,,,-11.999999046325684,0.0,1.5919019347165886e-07,0.0,0.0,6,90.0,0.0,,,,,,,,,,,,,,,,,,,,,
88.794468,ATT,3,,-11.99,0.0,90.0,0.0,0.0,-12.01,,0.0,,,,90.0,,,,,,,,,,,,,,,,,,,,,,
88.794468,XKF1,,,,,,,,,,,,,,,,63.902642279011125,63.88692092895508,,,4.985775380336419,,,,,,1.417400598526001,4.98577070420217,,,,,,4.9843926429748535,,4.9843926429748535,0.11741432547569275
88.794468,POS,,,,,,,,,,,,,,,,63.8945188355789,63.87912147723494,,,,,37.4275126,-122.1689774,,,1.4026319997807946,,,,29.16135597229004,,,,,,
88.799466,GUIA,,0.0,,,,,,-11.999999046325684,0.0,1.5919019347165886e-07,0.0,0.0,6,90.0,0.0,,,,,,,,,,,,,,,,,,,,,
88.821957,GUIA,,0.0,,,,,,-11.999999046325684,0.0,1.5919019347165886e-07,0.0,0.0,6,90.0,0.0,,,,,,,,,,,,,,,,,,,,,
88.83945,GUIA,,0.0,,,,,,-11.999999046325684,0.0,1.5919019347165886e-07,0.0,0.0,6,90.0,0.0,,,,,,,,,,,,,,,,,,,,,
88.894428,GUIA,,0.0,,,,,,-11.999999046325684,0.0,1.5919019347165886e-07,0.0,0.0,6,90.0,0.0,,,,,,,,,,,,,,,,,,,,,
88.894428,ATT,3,,-11.99,0.0,90.0,0.0,0.0,-12.01,,0.0,,,,90.0,,,,,,,,,,,,,,,,,,,,,,
88.894428,XKF1,,,,,,,,,,,,,,,,64.40298786876541,64.38711547851562,,,4.985877615666266,,,,,,1.4297575950622559,4.985872266235684,,,,,,4.984481334686279,,4.984481334686279,0.11798907816410065
88.894428,POS,,,,,,,,,,,,,,,,64.39853188955146,64.38301158599319,,,,,37.4275127,-122.1689717,,,1.4137639999108842,,,,29.161447525024414,,,,,,
88.91192099999999,GUIA,,0.0,,,,,,-11.999999046325684,0.0,1.5919019347165886e-07,0.0,0.0,6,90.0,0.0,,,,,,,,,,,,,,,,,,,,,
88.946907,GUIA,,0.0,,,,,,-11.999999046325684,0.0,1.5919019347165886e-07,0.0,0.0,6,90.0,0.0,,,,,,,,,,,,,,,,,,,,,
88.976895,GUIA,,0.0,,,,,,-11.999999046325684,0.0,1.5919019347165886e-07,0.0,0.0,6,90.0,0.0,,,,,,,,,,,,,,,,,,,,,
88.986891,GUIA,,0.0,,,,,,-11.999999046325684,0.0,1.5919019347165886e-07,0.0,0.0,6,90.0,0.0,,,,,,,,,,,,,,,,,,,,,
88.994388,ATT,3,,-11.99,0.0,90.0,0.0,0.0,-12.01,,0.0,,,,90.0,,,,,,,,,,,,,,,,,,,,,,
88.994388,XKF1,,,,,,,,,,,,,,,,64.90377846316404,64.88775634765625,,,4.986242573831604,,,,,,1.4420592784881592,4.986236630051404,,,,,,4.984834671020508,,4.984834671020508,0.11848336458206177
88.994388,POS,,,,,,,,,,,,,,,,64.90254494359422,64.88690169475143,,,,,37.4275128,-122.168966,,,1.4248960000409738,,,,29.161643981933594,,,,,,
89.04686699999999,GUIA,,0.0,,,,,,-11.999999046325684,0.0,1.5919019347165886e-07,0.0,0.0,6,90.0,0.0,,,,,,,,,,,,,,,,,,,,,
89.06436,GUIA,,0.0,,,,,,-11.999999046325684,0.0,1.5919019347165886e-07,0.0,0.0,6,90.0,0.0,,,,,,,,,,,,,,,,,,,,,
89.084352,GUIA,,0.0,,,,,,-11.999999046325684,0.0,1.5919019347165886e-07,0.0,0.0,6,90.0,0.0,,,,,,,,,,,,,,,,,,,,,
89.094348,ATT,3,,-11.99,0.0,90.0,0.0,0.0,-12.0,,0.0,,,,90.0,,,,,,,,,,,,,,,,,,,,,,
89.094348,XKF1,,,,,,,,,,,,,,,,65.4038640771638,65.3876953125,,,4.986186041091416,,,,,,1.4542138576507568,4.986179640200077,,,,,,4.984769344329834,,4.984769344329834,0.11885209381580353
89.094348,POS,,,,,,,,,,,,,,,,65.3977199508369,65.38195162543572,,,,,37.4275129,-122.1689604,,,1.4360280001710635,,,,29.16164207458496,,,,,,
89.131833,GUIA,,0.0,,,,,,-11.999999046325684,0.0,1.5919019347165886e-07,0.0,0.0,6,90.0,0.0,,,,,,,,,,,,,,,,,,,,,
89.131833,GUIA,,0.0,,,,,,-11.999999046325684,0.0,1.5919019347165886e-07,0.0,0.0,6,90.0,0.0,,,,,,,,,,,,,,,,,,,,,
89.141829,GUIA,,0.0,,,,,,-11.999999046325684,0.0,1.5919019347165886e-07,0.0,0.0,6,90.0,0.0,,,,,,,,,,,,,,,,,,,,,
89.141829,GUIA,,0.0,,,,,,-11.999999046325684,0.0,1.5919019347165886e-07,0.0,0.0,6,90.0,0.0,,,,,,,,,,,,,,,,,,,,,
89.19430799999999,ATT,3,,-11.99,0.0,90.0,0.0,0.0,-12.0,,0.0,,,,90.0,,,,,,,,,,,,,,,,,,,,,,
89.19430799999999,XKF1,,,,,,,,,,,,,,,,65.90243940762984,65.88611602783203,,,4.98563886282998,,,,,,1.466708779335022,4.985631622600198,,,,,,4.984207630157471,,4.984207630157471,0.11945363134145737
89.19430799999999,POS,,,,,,,,,,,,,,,,65.90173300519066,65.88584173419396,,,,,37.427513,-122.1689547,,,1.447159999510177,,,,29.161815643310547,,,,,,
89.19680699999999,GUIA,,0.0,,,,,,-11.999999046325684,0.0,1.5919019347165886e-07,0.0,0.0,6,90.0,0.0,,,,,,,,,,,,,,,,,,,,,
89.246787,GUIA,,0.0,,,,,,-11.999999046325684,0.0,1.5919019347165886e-07,0.0,0.0,6,90.0,0.0,,,,,,,,,,,,,,,,,,,,,
89.294268,ATT,3,,-11.99,0.0,90.0,0.0,0.0,-12.0,,0.0,,,,90.0,,,,,,,,,,,,,,,,,,,,,,
89.294268,XKF1,,,,,,,,,,,,,,,,66.40083565480015,66.38436126708984,,,4.984961087248355,,,,,,1.4790384769439697,4.984953178865958,,,,,,4.983518600463867,,4.983518600463867,0.11991413682699203
89.294268,POS,,,,,,,,,,,,,,,,66.39690801370585,66.38089166487825,,,,,37.4275131,-122.1689491,,,1.4582919996402666,,,,29.161785125732422,,,,,,
89.296767,GUIA,,0.0,,,,,,-11.999999046325684,0.0,1.5919019347165886e-07,0.0,0.0,6,90.0,0.0,,,,,,,,,,,,,,,,,,,,,
89.349246,GUIA,,0.0,,,,,,-11.999999046325684,0.0,1.5919019347165886e-07,0.0,0.0,6,90.0,0.0,,,,,,,,,,,,,,,,,,,,,
89.394228,ATT,3,,-11.99,0.0,90.0,0.0,0.0,-12.0,,0.0,,,,90.0,,,,,,,,,,,,,,,,,,,,,,
89.394228,XKF1,,,,,,,,,,,,,,,,66.89856800803304,66.88192749023438,,,4.984187005065798,,,,,,1.4920377731323242,4.9841778227069,,,,,,4.982724666595459,,4.982724666595459,0.12072695791721344
89.394228,POS,,,,,,,,,,,,,,,,66.8923284878764,66.8759415968188,,,,,37.4275133,-122.1689435,,,1.4805559999004458,,,,29.161943435668945,,,,,,
89.419218,GUIA,,0.0,,,,,,-11.999999046325684,0.0,1.5919019347165886e-07,0.0,0.0,6,90.0,0.0,,,,,,,,,,,,,,,,,,,,,
89.421717,GUIA,,0.0,,,,,,-11.999999046325684,0.0,1.5919019347165886e-07,0.0,0.0,6,90.0,0.0,,,,,,,,,,,,,,,,,,,,,
89.459202,GUIA,,0.0,,,,,,-11.999999046325684,0.0,1.5919019347165886e-07,0.0,0.0,6,90.0,0.0,,,,,,,,,,,,,,,,,,,,,
89.486691,GUIA,,0.0,,,,,,-11.999999046325684,0.0,1.5919019347165886e-07,0.0,0.0,6,90.0,0.0,,,,,,,,,,,,,,,,,,,,,
89.494188,ATT,3,,-11.99,0.0,90.0,0.0,0.0,-12.0,,0.0,,,,90.0,,,,,,,,,,,,,,,,,,,,,,
89.494188,XKF1,,,,,,,,,,,,,,,,67.39630250066301,67.37950134277344,,,4.983364488536631,,,,,,1.504788875579834,4.983354248172339,,,,,,4.981886386871338,,4.981886386871338,0.12136578559875488
89.494188,POS,,,,,,,,,,,,,,,,67.39634154582369,67.37983170557705,,,,,37.4275134,-122.1689378,,,1.4916880000305355,,,,29.161895751953125,,,,,,
89.496687,GUIA,,0.0,,,,,,-11.999999046325684,0.0,1.5919019347165886e-07,0.0,0.0,6,90.0,0.0,,,,,,,,,,,,,,,,,,,,,
89.5475,GUIA,,0.0,,,,,,-11.999999046325684,0.0,1.5919019347165886e-07,0.0,0.0,6,90.0,0.0,,,,,,,,,,,,,,,,,,,,,
89.584985,GUIA,,0.0,,,,,,-11.999999046325684,0.0,1.5919019347165886e-07,0.0,0.0,6,90.0,0.0,,,,,,,,,,,,,,,,,,,,,
89.584985,GUIA,,0.0,,,,,,-11.999999046325684,0.0,1.5919019347165886e-07,0.0,0.0,6,90.0,0.0,,,,,,,,,,,,,,,,,,,,,
89.594981,ATT,3,,-11.99,0.0,90.0,0.0,0.0,-12.0,,0.0,,,,90.0,,,,,,,,,,,,,,,,,,,,,,
89.594981,XKF1,,,,,,,,,,,,,,,,67.89337417438263,67.87641143798828,,,4.982442814828846,,,,,,1.5175727605819702,4.982431465203836,,,,,,4.9809489250183105,,4.9809489250183105,0.12200085818767548
89.594981,POS,,,,,,,,,,,,,,,,67.89151659146648,67.87488163626134,,,,,37.4275135,-122.1689322,,,1.5028200001606251,,,,29.16200828552246,,,,,,
89.637464,GUIA,,0.0,,,,,,-11.999999046325684,0.0,1.5919019347165886e-07,0.0,0.0,6,90.0,0.0,,,,,,,,,,,,,,,,,,,,,
89.659955,GUIA,,0.0,,,,,,-11.999999046325684,0.0,1.5919019347165886e-07,0.0,0.0,6,90.0,0.0,,,,,,,,,,,,,,,,,,,,,
89.674949,GUIA,,0.0,,,,,,-11.999999046325684,0.0,1.5919019347165886e-07,0.0,0.0,6,90.0,0.0,,,,,,,,,,,,,,,,,,,,,
89.694941,ATT,3,,-11.99,0.0,90.0,0.0,0.0,-12.0,,0.0,,,,90.0,,,,,,,,,,,,,,,,,,,,,,
89.694941,XKF1,,,,,,,,,,,,,,,,68.39084831083082,68.37372589111328,,,4.981646530912156,,,,,,1.5302746295928955,4.981634181679851,,,,,,4.980138778686523,,4.980138778686523,0.12255571782588959
89.694941,POS,,,,,,,,,,,,,,,,68.38669163752272,68.36993156694564,,,,,37.4275136,-122.1689266,,,1.5139519994997386,,,,29.16197395324707,,,,,,
89.739923,GUIA,,0.0,,,,,,-11.999999046325684,0.0,1.5919019347165886e-07,0.0,0.0,6,90.0,0.0,,,,,,,,,,,,,,,,,,,,,
89.744921,GUIA,,0.0,,,,,,-11.999999046325684,0.0,1.5919019347165886e-07,0.0,0.0,6,90.0,0.0,,,,,,,,,,,,,,,,,,,,,
89.777408,GUIA,,0.0,,,,,,-11.999999046325684,0.0,1.5919019347165886e-07,0.0,0.0,6,90.0,0.0,,,,,,,,,,,,,,,,,,,,,
89.794901,ATT,3,,-11.99,0.0,90.0,0.0,0.0,-12.0,,0.0,,,,90.0,,,,,,,,,,,,,,,,,,,,,,
89.794901,XKF1,,,,,,,,,,,,,,,,68.88993305578147,68.87264251708984,,,4.981608388106285,,,,,,1.5433694124221802,4.981594677301967,,,,,,4.9800825119018555,,4.9800825119018555,0.12328952550888062
89.794901,POS,,,,,,,,,,,,,,,,68.88186668527403,68.8649814988862,,,,,37.4275137,-122.168921,,,1.5250839996298282,,,,29.16206169128418,,,,,,
89.814893,GUIA,,0.0,,,,,,-11.999999046325684,0.0,1.5919019347165886e-07,0.0,0.0,6,90.0,0.0,,,,,,,,,,,,,,,,,,,,,
89.817392,GUIA,,0.0,,,,,,-11.999999046325684,0.0,1.5919019347165886e-07,0.0,0.0,6,90.0,0.0,,,,,,,,,,,,,,,,,,,,,
89.874869,GUIA,,0.0,,,,,,-11.999999046325684,0.0,1.5919019347165886e-07,0.0,0.0,6,90.0,0.0,,,,,,,,,,,,,,,,,,,,,
89.89486099999999,ATT,3,,-11.99,0.0,90.0,0.0,0.0,-12.0,,-0.01,,,,90.0,,,,,,,,,,,,,,,,,,,,,,
89.89486099999999,XKF1,,,,,,,,,,,,,,,,69.3930671153568,69.3756103515625,,,4.981463708056063,,,,,,1.5564228296279907,4.981448846169912,,,,,,4.979922771453857,,4.979922771453857,0.1238945722579956
89.89486099999999,POS,,,,,,,,,,,,,,,,69.38587974304122,69.36887160764444,,,,,37.4275138,-122.1689153,,,1.5362159997599178,,,,29.161998748779297,,,,,,
89.90235799999999,GUIA,,0.0,,,,,,-11.999999046325684,0.0,1.5919019347165886e-07,0.0,0.0,6,90.0,0.0,,,,,,,,,,,,,,,,,,,,,
89.90235799999999,GUIA,,0.0,,,,,,-11.999999046325684,0.0,1.5919019347165886e-07,0.0,0.0,6,90.0,0.0,,,,,,,,,,,,,,,,,,,,,
89.962334,GUIA,,0.0,,,,,,-11.999999046325684,0.0,1.5919019347165886e-07,0.0,0.0,6,90.0,0.0,,,,,,,,,,,,,,,,,,,,,
89.97233,GUIA,,0.0,,,,,,-11.999999046325684,0.0,1.5919019347165886e-07,0.0,0.0,6,90.0,0.0,,,,,,,,,,,,,,,,,,,,,
89.994821,ATT,3,,-11.99,0.0,90.0,0.0,0.0,-12.01,,0.0,,,,90.0,,,,,,,,,,,,,,,,,,,,,,
89.994821,XKF1,,,,,,,,,,,,,,,,69.89319886090672,69.87557220458984,,,4.981931567915305,,,,,,1.5696038007736206,4.981915195167156,,,,,,4.980371952056885,,4.980371952056885,0.12464897334575653
89.994821,POS,,,,,,,,,,,,,,,,69.89014014588962,69.87276171514641,,,,,37.427514,-122.1689096,,,1.5584800000200971,,,,29.16207504272461,,,,,,
89.99732,GUIA,,0.0,,,,,,-11.999999046325684,0.0,1.5919019347165886e-07,0.0,0.0,6,90.0,0.0,,,,,,,,,,,,,,,,,,,,,
89.99732,GUIA,,0.0,,,,,,-11.999999046325684,0.0,1.5919019347165886e-07,0.0,0.0,6,90.0,0.0,,,,,,,,,,,,,,,,,,,,,
90.03480499999999,GUIA,,0.0,,,,,,-11.999999046325684,0.0,1.5919019347165886e-07,0.0,0.0,6,90.0,0.0,,,,,,,,,,,,,,,,,,,,,
90.094781,ATT,3,,-11.99,0.0,90.0,0.0,0.0,-12.01,,0.0,,,,90.0,,,,,,,,,,,,,,,,,,,,,,
90.094781,XKF1,,,,,,,,,,,,,,,,70.39294598545108,70.37515258789062,,,4.982148685984064,,,,,,1.582637906074524,4.982131149750822,,,,,,4.980574607849121,,4.980574607849121,0.12522821128368378
90.094781,POS,,,,,,,,,,,,,,,,70.38531521440338,70.36781164708697,,,,,37.4275141,-122.168904,,,1.5696120001501868,,,,29.16201400756836,,,,,,
90.09728,GUIA,,0.0,,,,,,-11.999999046325684,0.0,1.5919019347165886e-07,0.0,0.0,6,90.0,0.0,,,,,,,,,,,,,,,,,,,,,
90.134765,GUIA,,0.0,,,,,,-11.999999046325684,0.0,1.5919019347165886e-07,0.0,0.0,6,90.0,0.0,,,,,,,,,,,,,,,,,,,,,
90.134765,GUIA,,0.0,,,,,,-11.999999046325684,0.0,1.5919019347165886e-07,0.0,0.0,6,90.0,0.0,,,,,,,,,,,,,,,,,,,,,
90.194741,ATT,3,,-11.99,0.0,90.0,0.0,0.0,-12.01,,0.0,,,,90.0,,,,,,,,,,,,,,,,,,,,,,
90.194741,XKF1,,,,,,,,,,,,,,,,70.89345154291672,70.87548828125,,,4.982672800295168,,,,,,1.5958172082901,4.982653899099296,,,,,,4.981082439422607,,4.981082439422607,0.12588076293468475
90.194741,POS,,,,,,,,,,,,,,,,70.88932826146255,70.87170175584521,,,,,37.4275142,-122.1688983,,,1.5807439994893002,,,,29.162076950073242,,,,,,
90.19724,GUIA,,0.0,,,,,,-11.999999046325684,0.0,1.5919019347165886e-07,0.0,0.0,6,90.0,0.0,,,,,,,,,,,,,,,,,,,,,
90.207236,GUIA,,0.0,,,,,,-11.999999046325684,0.0,1.5919019347165886e-07,0.0,0.0,6,90.0,0.0,,,,,,,,,,,,,,,,,,,,,
90.24722,GUIA,,0.0,,,,,,-11.999999046325684,0.0,1.5919019347165886e-07,0.0,0.0,6,90.0,0.0,,,,,,,,,,,,,,,,,,,,,
90.274709,GUIA,,0.0,,,,,,-11.999999046325684,0.0,1.5919019347165886e-07,0.0,0.0,6,90.0,0.0,,,,,,,,,,,,,,,,,,,,,
90.294701,ATT,3,,-11.99,0.0,90.0,0.0,0.0,-12.01,,0.0,,,,90.0,,,,,,,,,,,,,,,,,,,,,,
90.294701,XKF1,,,,,,,,,,,,,,,,71.39346706584965,71.37533569335938,,,4.982905931277338,,,,,,1.6089109182357788,4.982886086645342,,,,,,4.981303691864014,,4.981303691864014,0.12635287642478943
90.294701,POS,,,,,,,,,,,,,,,,71.39334130744462,71.37559186334718,,,,,37.4275143,-122.1688926,,,1.5918759996193899,,,,29.162004470825195,,,,,,
90.2972,GUIA,,0.0,,,,,,-11.999999046325684,0.0,1.5919019347165886e-07,0.0,0.0,6,90.0,0.0,,,,,,,,,,,,,,,,,,,,,
90.344681,GUIA,,0.0,,,,,,-11.999999046325684,0.0,1.5919019347165886e-07,0.0,0.0,6,90.0,0.0,,,,,,,,,,,,,,,,,,,,,
90.34718,GUIA,,0.0,,,,,,-11.999999046325684,0.0,1.5919019347165886e-07,0.0,0.0,6,90.0,0.0,,,,,,,,,,,,,,,,,,,,,
90.394661,ATT,3,,-11.99,0.0,90.0,0.0,0.0,-12.01,,0.0,,,,89.99,,,,,,,,,,,,,,,,,,,,,,
90.394661,XKF1,,,,,,,,,,,,,,,,71.89408605771197,71.87577819824219,,,4.98347709403071,,,,,,1.6223804950714111,4.983455937309466,,,,,,4.98185920715332,,4.98185920715332,0.12697553634643555
90.394661,POS,,,,,,,,,,,,,,,,71.88851637580109,71.87064179528774,,,,,37.4275144,-122.168887,,,1.6030079997494795,,,,29.162071228027344,,,,,,
90.39716,GUIA,,0.0,,,,,,-11.999999046325684,0.0,1.5919019347165886e-07,0.0,0.0,6,90.0,0.0,,,,,,,,,,,,,,,,,,,,,
90.432146,GUIA,,0.0,,,,,,-11.999999046325684,0.0,1.5919019347165886e-07,0.0,0.0,6,90.0,0.0,,,,,,,,,,,,,,,,,,,,,
90.439643,GUIA,,0.0,,,,,,-11.999999046325684,0.0,1.5919019347165886e-07,0.0,0.0,6,90.0,0.0,,,,,,,,,,,,,,,,,,,,,
90.494621,ATT,3,,-11.99,0.0,90.0,0.0,0.0,-12.01,,0.0,,,,89.99,,,,,,,,,,,,,,,,,,,,,,
90.494621,XKF1,,,,,,,,,,,,,,,,72.39418292569792,72.37570190429688,,,4.98365762280118,,,,,,1.635694146156311,4.983635474422971,,,,,,4.982027530670166,,4.982027530670166,0.12745581567287445
90.494621,POS,,,,,,,,,,,,,,,,72.39252942306257,72.37453190404598,,,,,37.4275145,-122.1688813,,,1.6141399998795691,,,,29.16199493408203,,,,,,
90.49712,GUIA,,0.0,,,,,,-11.999999046325684,0.0,1.5919019347165886e-07,0.0,0.0,6,90.0,0.0,,,,,,,,,,,,,,,,,,,,,
90.52211,GUIA,,0.0,,,,,,-11.999999046325684,0.0,1.5919019347165886e-07,0.0,0.0,6,90.0,0.0,,,,,,,,,,,,,,,,,,,,,
90.527108,GUIA,,0.0,,,,,,-11.999999046325684,0.0,1.5919019347165886e-07,0.0,0.0,6,90.0,0.0,,,,,,,,,,,,,,,,,,,,,
90.57209,GUIA,,0.0,,,,,,-11.999999046325684,0.0,1.5919019347165886e-07,0.0,0.0,6,90.0,0.0,,,,,,,,,,,,,,,,,,,,,
90.587084,GUIA,,0.0,,,,,,-11.999999046325684,0.0,1.5919019347165886e-07,0.0,0.0,6,90.0,0.0,,,,,,,,,,,,,,,,,,,,,
90.587084,GUIA,,0.0,,,,,,-11.999999046325684,0.0,1.5919019347165886e-07,0.0,0.0,6,90.0,0.0,,,,,,,,,,,,,,,,,,,,,
90.594581,ATT,3,,-11.99,0.0,90.0,0.0,0.0,-12.01,,0.0,,,,89.99,,,,,,,,,,,,,,,,,,,,,,
90.594581,XKF1,,,,,,,,,,,,,,,,72.89480368040772,72.87614440917969,,,4.9840424005633,,,,,,1.6492360830307007,4.984018872643384,,,,,,4.982396602630615,,4.982396602630615,0.12807320058345795
90.594581,POS,,,,,,,,,,,,,,,,72.887953564496,72.86958183473027,,,,,37.4275147,-122.1688757,,,1.6364040001397484,,,,29.162031173706055,,,,,,
90.61207399999999,GUIA,,0.0,,,,,,-11.999999046325684,0.0,1.5919019347165886e-07,0.0,0.0,6,90.0,0.0,,,,,,,,,,,,,,,,,,,,,
90.682046,GUIA,,0.0,,,,,,-11.999999046325684,0.0,1.5919019347165886e-07,0.0,0.0,6,90.0,0.0,,,,,,,,,,,,,,,,,,,,,
90.694541,ATT,3,,-11.99,0.0,90.0,0.0,0.0,-12.01,,0.0,,,,89.99,,,,,,,,,,,,,,,,,,,,,,
90.694541,XKF1,,,,,,,,,,,,,,,,73.39489570590082,73.37606048583984,,,4.9841256709802195,,,,,,1.6626675128936768,4.9841011761547085,,,,,,4.982468128204346,,4.982468128204346,0.1285303682088852
90.694541,POS,,,,,,,,,,,,,,,,73.39196658975337,73.37347194348851,,,,,37.4275148,-122.16887,,,1.6475359994788619,,,,29.161937713623047,,,,,,
90.719531,GUIA,,0.0,,,,,,-11.999999046325684,0.0,1.5919019347165886e-07,0.0,0.0,6,90.0,0.0,,,,,,,,,,,,,,,,,,,,,
90.724529,GUIA,,0.0,,,,,,-11.999999046325684,0.0,1.5919019347165886e-07,0.0,0.0,6,90.0,0.0,,,,,,,,,,,,,,,,,,,,,
90.759515,GUIA,,0.0,,,,,,-11.999999046325684,0.0,1.5919019347165886e-07,0.0,0.0,6,90.0,0.0,,,,,,,,,,,,,,,,,,,,,
90.794501,ATT,3,,-11.99,0.0,90.0,0.0,0.0,-12.01,,0.0,,,,89.99,,,,,,,,,,,,,,,,,,,,,,
90.794501,XKF1,,,,,,,,,,,,,,,,73.89547032496277,73.87644958496094,,,4.984558544597629,,,,,,1.6765235662460327,4.984532503569788,,,,,,4.982883930206299,,4.982883930206299,0.12919606268405914
90.794501,POS,,,,,,,,,,,,,,,,73.8871416648937,73.8685218741728,,,,,37.4275149,-122.1688644,,,1.6586679996089515,,,,29.161958694458008,,,,,,
90.819491,GUIA,,0.0,,,,,,-11.999999046325684,0.0,1.5919019347165886e-07,0.0,0.0,6,90.0,0.0,,,,,,,,,,,,,,,,,,,,,
90.819491,GUIA,,0.0,,,,,,-11.999999046325684,0.0,1.5919019347165886e-07,0.0,0.0,6,90.0,0.0,,,,,,,,,,,,,,,,,,,,,
90.874469,GUIA,,0.0,,,,,,-11.999999046325684,0.0,1.5919019347165886e-07,0.0,0.0,6,90.0,0.0,,,,,,,,,,,,,,,,,,,,,
90.89446099999999,ATT,3,,-11.99,0.0,90.0,0.0,0.0,-12.01,,0.0,,,,89.99,,,,,,,,,,,,,,,,,,,,,,
90.89446099999999,XKF1,,,,,,,,,,,,,,,,74.39553730667495,74.37633514404297,,,4.984687909910743,,,,,,1.6901898384094238,4.984660562509388,,,,,,4.982998847961426,,4.982998847961426,0.12975376844406128
90.89446099999999,POS,,,,,,,,,,,,,,,,74.39115469058102,74.37241198293104,,,,,37.427515,-122.1688587,,,1.6697999997390411,,,,29.161855697631836,,,,,,
90.914453,GUIA,,0.0,,,,,,-11.999999046325684,0.0,1.5919019347165886e-07,0.0,0.0,6,90.0,0.0,,,,,,,,,,,,,,,,,,,,,
90.916952,GUIA,,0.0,,,,,,-11.999999046325684,0.0,1.5919019347165886e-07,0.0,0.0,6,90.0,0.0,,,,,,,,,,,,,,,,,,,,,
90.961934,GUIA,,0.0,,,,,,-11.999999046325684,0.0,1.5919019347165886e-07,0.0,0.0,6,90.0,0.0,,,,,,,,,,,,,,,,,,,,,
90.976928,GUIA,,0.0,,,,,,-11.999999046325684,0.0,1.5919019347165886e-07,0.0,0.0,6,90.0,0.0,,,,,,,,,,,,,,,,,,,,,
90.994421,ATT,3,,-11.99,0.0,90.0,0.0,0.0,-12.01,,0.0,,,,89.99,,,,,,,,,,,,,,,,,,,,,,
90.994421,XKF1,,,,,,,,,,,,,,,,74.89605950630369,74.87667083740234,,,4.985048770162597,,,,,,1.7040815353393555,4.985019741103551,,,,,,4.983342170715332,,4.983342170715332,0.13043025135993958
90.994421,POS,,,,,,,,,,,,,,,,74.89541838794952,74.87630209168928,,,,,37.4275152,-122.168853,,,1.6920639999992204,,,,29.16187286376953,,,,,,
91.009415,GUIA,,0.0,,,,,,-11.999999046325684,0.0,1.5919019347165886e-07,0.0,0.0,6,90.0,0.0,,,,,,,,,,,,,,,,,,,,,
91.039403,GUIA,,0.0,,,,,,-11.999999046325684,0.0,1.5919019347165886e-07,0.0,0.0,6,90.0,0.0,,,,,,,,,,,,,,,,,,,,,
91.051898,GUIA,,0.0,,,,,,-11.999999046325684,0.0,1.5919019347165886e-07,0.0,0.0,6,90.0,0.0,,,,,,,,,,,,,,,,,,,,,
91.094381,ATT,3,,-11.99,0.0,90.0,0.0,0.0,-12.01,,0.0,,,,89.99,,,,,,,,,,,,,,,,,,,,,,
91.094381,XKF1,,,,,,,,,,,,,,,,75.39592814676634,75.37635803222656,,,4.985017597119863,,,,,,1.7177400588989258,4.984987165372831,,,,,,4.9832963943481445,,4.9832963943481445,0.13098660111427307
91.094381,POS,,,,,,,,,,,,,,,,75.39059346029458,75.37135202237357,,,,,37.4275153,-122.1688474,,,1.70319600012931,,,,29.161725997924805,,,,,,
91.099379,GUIA,,0.0,,,,,,-11.999999046325684,0.0,1.5919019347165886e-07,0.0,0.0,6,90.0,0.0,,,,,,,,,,,,,,,,,,,,,
91.106876,GUIA,,0.0,,,,,,-11.999999046325684,0.0,1.5919019347165886e-07,0.0,0.0,6,90.0,0.0,,,,,,,,,,,,,,,,,,,,,
91.106876,GUIA,,0.0,,,,,,-11.999999046325684,0.0,1.5919019347165886e-07,0.0,0.0,6,90.0,0.0,,,,,,,,,,,,,,,,,,,,,
91.16435299999999,GUIA,,0.0,,,,,,-11.999999046325684,0.0,1.5919019347165886e-07,0.0,0.0,6,90.0,0.0,,,,,,,,,,,,,,,,,,,,,
91.194341,ATT,3,,-11.99,0.0,90.0,0.0,0.0,-12.01,,0.0,,,,89.99,,,,,,,,,,,,,,,,,,,,,,
91.194341,XKF1,,,,,,,,,,,,,,,,75.89432142996664,75.87456512451172,,,4.9846123487719245,,,,,,1.7315866947174072,4.984580097967753,,,,,,4.982873439788818,,4.982873439788818,0.13165314495563507
91.194341,POS,,,,,,,,,,,,,,,,75.89460645492301,75.87524213113181,,,,,37.4275154,-122.1688417,,,1.7143279994684235,,,,29.16185188293457,,,,,,
91.226828,GUIA,,0.0,,,,,,-11.999999046325684,0.0,1.5919019347165886e-07,0.0,0.0,6,90.0,0.0,,,,,,,,,,,,,,,,,,,,,
91.226828,GUIA,,0.0,,,,,,-11.999999046325684,0.0,1.5919019347165886e-07,0.0,0.0,6,90.0,0.0,,,,,,,,,,,,,,,,,,,,,
91.289303,GUIA,,0.0,,,,,,-11.999999046325684,0.0,1.5919019347165886e-07,0.0,0.0,6,90.0,0.0,,,,,,,,,,,,,,,,,,,,,
91.289303,GUIA,,0.0,,,,,,-11.999999046325684,0.0,1.5919019347165886e-07,0.0,0.0,6,90.0,0.0,,,,,,,,,,,,,,,,,,,,,
91.294301,ATT,3,,-11.99,0.0,90.0,0.0,0.0,-12.01,,0.0,,,,89.99,,,,,,,,,,,,,,,,,,,,,,
91.294301,XKF1,,,,,,,,,,,,,,,,76.39254865943961,76.37261199951172,,,4.983991019874983,,,,,,1.7451725006103516,4.983957437307561,,,,,,4.98223876953125,,4.98223876953125,0.1321488916873932
91.294301,POS,,,,,,,,,,,,,,,,76.38978152874368,76.37029206307237,,,,,37.4275155,-122.1688361,,,1.7254599995985131,,,,29.161712646484375,,,,,,
91.326788,GUIA,,0.0,,,,,,-11.999999046325684,0.0,1.5919019347165886e-07,0.0,0.0,6,90.0,0.0,,,,,,,,,,,,,,,,,,,,,
91.356776,GUIA,,0.0,,,,,,-11.999999046325684,0.0,1.5919019347165886e-07,0.0,0.0,6,90.0,0.0,,,,,,,,,,,,,,,,,,,,,
91.374269,GUIA,,0.0,,,,,,-11.999999046325684,0.0,1.5919019347165886e-07,0.0,0.0,6,90.0,0.0,,,,,,,,,,,,,,,,,,,,,
91.394261,ATT,3,,-11.99,0.0,90.0,0.0,0.0,-12.0,,0.0,,,,89.99,,,,,,,,,,,,,,,,,,,,,,
91.394261,XKF1,,,,,,,,,,,,,,,,76.88801529823355,76.86788940429688,,,4.982517496395377,,,,,,1.759112000465393,4.982481891525977,,,,,,4.980746746063232,,4.980746746063232,0.13282489776611328
91.394261,POS,,,,,,,,,,,,,,,,76.88520884407387,76.86534199375667,,,,,37.4275157,-122.1688305,,,1.7477239998586924,,,,29.1617374420166,,,,,,
91.431746,GUIA,,0.0,,,,,,-11.999999046325684,0.0,1.5919019347165886e-07,0.0,0.0,6,90.0,0.0,,,,,,,,,,,,,,,,,,,,,
91.431746,GUIA,,0.0,,,,,,-11.999999046325684,0.0,1.5919019347165886e-07,0.0,0.0,6,90.0,0.0,,,,,,,,,,,,,,,,,,,,,
91.469231,GUIA,,0.0,,,,,,-11.999999046325684,0.0,1.5919019347165886e-07,0.0,0.0,6,90.0,0.0,,,,,,,,,,,,,,,,,,,,,
91.494221,ATT,3,,-11.99,0.0,90.0,0.0,0.0,-12.0,,-0.01,,,,89.99,,,,,,,,,,,,,,,,,,,,,,
91.494221,XKF1,,,,,,,,,,,,,,,,77.38401950325563,77.36370849609375,,,4.981140146924707,,,,,,1.7728739976882935,4.981103065000008,,,,,,4.979355335235596,,4.979355335235596,0.13333269953727722
91.494221,POS,,,,,,,,,,,,,,,,77.38038390400895,77.36039192444096,,,,,37.4275158,-122.1688249,,,1.758855999988782,,,,29.16160774230957,,,,,,
91.504217,GUIA,,0.0,,,,,,-11.999999046325684,0.0,1.5919019347165886e-07,0.0,0.0,6,90.0,0.0,,,,,,,,,,,,,,,,,,,,,
91.506716,GUIA,,0.0,,,,,,-11.999999046325684,0.0,1.5919019347165886e-07,0.0,0.0,6,90.0,0.0,,,,,,,,,,,,,,,,,,,,,
91.541702,GUIA,,0.0,,,,,,-11.999999046325684,0.0,1.5919019347165886e-07,0.0,0.0,6,90.0,0.0,,,,,,,,,,,,,,,,,,,,,
91.59418099999999,GUIA,,0.0,,,,,,-11.999999046325684,0.0,1.5919019347165886e-07,0.0,0.0,6,90.0,0.0,,,,,,,,,,,,,,,,,,,,,
91.59418099999999,ATT,3,,-11.99,0.0,90.0,0.0,0.0,-12.0,,-0.01,,,,89.99,,,,,,,,,,,,,,,,,,,,,,
91.59418099999999,XKF1,,,,,,,,,,,,,,,,77.87830302905647,77.85780334472656,,,4.979367951126747,,,,,,1.7867683172225952,4.979328690514446,,,,,,4.977564334869385,,4.977564334869385,0.13400927186012268
91.59418099999999,POS,,,,,,,,,,,,,,,,77.87555896539664,77.85544185638152,,,,,37.4275159,-122.1688193,,,1.7699880001188717,,,,29.16164207458496,,,,,,
91.624169,GUIA,,0.0,,,,,,-11.999999046325684,0.0,1.5919019347165886e-07,0.0,0.0,6,90.0,0.0,,,,,,,,,,,,,,,,,,,,,
91.624169,GUIA,,0.0,,,,,,-11.999999046325684,0.0,1.5919019347165886e-07,0.0,0.0,6,90.0,0.0,,,,,,,,,,,,,,,,,,,,,
91.67998,GUIA,,0.0,,,,,,-11.999999046325684,0.0,1.5919019347165886e-07,0.0,0.0,6,90.0,0.0,,,,,,,,,,,,,,,,,,,,,
91.694974,ATT,3,,-11.99,0.0,90.0,0.0,0.0,-12.0,,-0.01,,,,89.99,,,,,,,,,,,,,,,,,,,,,,
91.694974,XKF1,,,,,,,,,,,,,,,,78.37415877193872,78.35346984863281,,,4.978210736004632,,,,,,1.8007014989852905,4.978169650155741,,,,,,4.976390838623047,,4.976390838623047,0.13459700345993042
91.694974,POS,,,,,,,,,,,,,,,,78.37073402570334,78.3504917870658,,,,,37.427516,-122.1688137,,,1.7811199994579852,,,,29.161603927612305,,,,,,
91.707469,GUIA,,0.0,,,,,,-11.999999046325684,0.0,1.5919019347165886e-07,0.0,0.0,6,90.0,0.0,,,,,,,,,,,,,,,,,,,,,
91.707469,GUIA,,0.0,,,,,,-11.999999046325684,0.0,1.5919019347165886e-07,0.0,0.0,6,90.0,0.0,,,,,,,,,,,,,,,,,,,,,
91.769944,GUIA,,0.0,,,,,,-11.999999046325684,0.0,1.5919019347165886e-07,0.0,0.0,6,90.0,0.0,,,,,,,,,,,,,,,,,,,,,
91.769944,GUIA,,0.0,,,,,,-11.999999046325684,0.0,1.5919019347165886e-07,0.0,0.0,6,90.0,0.0,,,,,,,,,,,,,,,,,,,,,
91.794934,ATT,3,,-11.99,0.0,90.0,0.0,0.0,-12.0,,0.0,,,,89.99,,,,,,,,,,,,,,,,,,,,,,
91.794934,XKF1,,,,,,,,,,,,,,,,78.87243223712487,78.85154724121094,,,4.978124439356079,,,,,,1.8149558305740356,4.978081400190596,,,,,,4.976286888122559,,4.976286888122559,0.13524696230888367
91.794934,POS,,,,,,,,,,,,,,,,78.86616284957645,78.84554171775011,,,,,37.4275162,-122.1688081,,,1.8033839997181644,,,,29.16164207458496,,,,,,
91.814926,GUIA,,0.0,,,,,,-11.999999046325684,0.0,1.5919019347165886e-07,0.0,0.0,6,90.0,0.0,,,,,,,,,,,,,,,,,,,,,
91.834918,GUIA,,0.0,,,,,,-11.999999046325684,0.0,1.5919019347165886e-07,0.0,0.0,6,90.0,0.0,,,,,,,,,,,,,,,,,,,,,
91.859908,GUIA,,0.0,,,,,,-11.999999046325684,0.0,1.5919019347165886e-07,0.0,0.0,6,90.0,0.0,,,,,,,,,,,,,,,,,,,,,
91.894894,ATT,3,,-11.99,0.0,90.0,0.0,0.0,-12.0,,0.0,,,,89.99,,,,,,,,,,,,,,,,,,,,,,
91.894894,XKF1,,,,,,,,,,,,,,,,79.37118680867374,79.35010528564453,,,4.978123366849739,,,,,,1.8292311429977417,4.978078730583641,,,,,,4.97627067565918,,4.97627067565918,0.13580286502838135
91.894894,POS,,,,,,,,,,,,,,,,79.37017575577997,79.34943182650835,,,,,37.4275163,-122.1688024,,,1.814515999848254,,,,29.161605834960938,,,,,,
91.899892,GUIA,,0.0,,,,,,-11.999999046325684,0.0,1.5919019347165886e-07,0.0,0.0,6,90.0,0.0,,,,,,,,,,,,,,,,,,,,,
91.899892,GUIA,,0.0,,,,,,-11.999999046325684,0.0,1.5919019347165886e-07,0.0,0.0,6,90.0,0.0,,,,,,,,,,,,,,,,,,,,,
91.957369,GUIA,,0.0,,,,,,-11.999999046325684,0.0,1.5919019347165886e-07,0.0,0.0,6,90.0,0.0,,,,,,,,,,,,,,,,,,,,,
91.977361,GUIA,,0.0,,,,,,-11.999999046325684,0.0,1.5919019347165886e-07,0.0,0.0,6,90.0,0.0,,,,,,,,,,,,,,,,,,,,,
91.994854,ATT,3,,-11.99,0.0,90.0,0.0,0.0,-12.0,,0.0,,,,89.99,,,,,,,,,,,,,,,,,,,,,,
91.994854,XKF1,,,,,,,,,,,,,,,,79.87554403710898,79.85425567626953,,,4.978731224245221,,,,,,1.8440134525299072,4.9786842649417995,,,,,,4.976858139038086,,4.976858139038086,0.1365564614534378
91.994854,POS,,,,,,,,,,,,,,,,79.8741886639054,79.85332193526659,,,,,37.4275164,-122.1687967,,,1.8256479999783437,,,,29.16162872314453,,,,,,
91.997353,GUIA,,0.0,,,,,,-11.999999046325684,0.0,1.5919019347165886e-07,0.0,0.0,6,90.0,0.0,,,,,,,,,,,,,,,,,,,,,
92.047333,GUIA,,0.0,,,,,,-11.999999046325684,0.0,1.5919019347165886e-07,0.0,0.0,6,90.0,0.0,,,,,,,,,,,,,,,,,,,,,
92.069824,GUIA,,0.0,,,,,,-11.999999046325684,0.0,1.5919019347165886e-07,0.0,0.0,6,90.0,0.0,,,,,,,,,,,,,,,,,,,,,
92.072323,GUIA,,0.0,,,,,,-11.999999046325684,0.0,1.5919019347165886e-07,0.0,0.0,6,90.0,0.0,,,,,,,,,,,,,,,,,,,,,
92.094814,ATT,3,,-11.99,0.0,90.0,0.0,0.0,-12.0,,0.0,,,,89.99,,,,,,,,,,,,,,,,,,,,,,
92.094814,XKF1,,,,,,,,,,,,,,,,80.37571865462753,80.3542251586914,,,4.979223783593799,,,,,,1.8586684465408325,4.979174880560231,,,,,,4.977333068847656,,4.977333068847656,0.13720425963401794
92.094814,POS,,,,,,,,,,,,,,,,80.36936370457293,80.34837186595088,,,,,37.4275165,-122.1687911,,,1.8367800001084333,,,,29.161584854125977,,,,,,
92.119804,GUIA,,0.0,,,,,,-11.999999046325684,0.0,1.5919019347165886e-07,0.0,0.0,6,90.0,0.0,,,,,,,,,,,,,,,,,,,,,
92.15978799999999,GUIA,,0.0,,,,,,-11.999999046325684,0.0,1.5919019347165886e-07,0.0,0.0,6,90.0,0.0,,,,,,,,,,,,,,,,,,,,,
92.15978799999999,GUIA,,0.0,,,,,,-11.999999046325684,0.0,1.5919019347165886e-07,0.0,0.0,6,90.0,0.0,,,,,,,,,,,,,,,,,,,,,
92.194774,ATT,3,,-11.99,0.0,90.0,0.0,0.0,-12.01,,0.0,,,,89.99,,,,,,,,,,,,,,,,,,,,,,
92.194774,XKF1,,,,,,,,,,,,,,,,80.87686415722632,80.85515594482422,,,4.980090038621921,,,,,,1.8737430572509766,4.9800386852508955,,,,,,4.978178024291992,,4.978178024291992,0.13798677921295166
92.194774,POS,,,,,,,,,,,,,,,,80.87363174125025,80.85226197470912,,,,,37.4275167,-122.1687854,,,1.8590439995776364,,,,29.161609649658203,,,,,,
92.212267,GUIA,,0.0,,,,,,-11.999999046325684,0.0,1.5919019347165886e-07,0.0,0.0,6,90.0,0.0,,,,,,,,,,,,,,,,,,,,,
92.232259,GUIA,,0.0,,,,,,-11.999999046325684,0.0,1.5919019347165886e-07,0.0,0.0,6,90.0,0.0,,,,,,,,,,,,,,,,,,,,,
92.249752,GUIA,,0.0,,,,,,-11.999999046325684,0.0,1.5919019347165886e-07,0.0,0.0,6,90.0,0.0,,,,,,,,,,,,,,,,,,,,,
92.29473399999999,ATT,3,,-11.99,0.0,90.0,0.0,0.0,-12.0,,0.0,,,,89.99,,,,,,,,,,,,,,,,,,,,,,
92.29473399999999,XKF1,,,,,,,,,,,,,,,,81.37770838832712,81.35578918457031,,,4.980712827889646,,,,,,1.8886473178863525,4.9806595942564265,,,,,,4.97878360748291,,4.97878360748291,0.13861480355262756
92.29473399999999,POS,,,,,,,,,,,,,,,,81.37764459664677,81.35615208346736,,,,,37.4275168,-122.1687797,,,1.870175999707726,,,,29.161563873291016,,,,,,
92.30972799999999,GUIA,,0.0,,,,,,-11.999999046325684,0.0,1.5919019347165886e-07,0.0,0.0,6,90.0,0.0,,,,,,,,,,,,,,,,,,,,,
92.30972799999999,GUIA,,0.0,,,,,,-11.999999046325684,0.0,1.5919019347165886e-07,0.0,0.0,6,90.0,0.0,,,,,,,,,,,,,,,,,,,,,
92.357209,GUIA,,0.0,,,,,,-11.999999046325684,0.0,1.5919019347165886e-07,0.0,0.0,6,90.0,0.0,,,,,,,,,,,,,,,,,,,,,
92.3797,GUIA,,0.0,,,,,,-11.999999046325684,0.0,1.5919019347165886e-07,0.0,0.0,6,90.0,0.0,,,,,,,,,,,,,,,,,,,,,
92.394694,ATT,3,,-11.99,0.0,90.0,0.0,0.0,-12.0,,0.0,,,,89.99,,,,,,,,,,,,,,,,,,,,,,
92.394694,XKF1,,,,,,,,,,,,,,,,81.87923540350286,81.85710144042969,,,4.981510940345315,,,,,,1.9037158489227295,4.98145547020605,,,,,,4.979562282562256,,4.979562282562256,0.13932237029075623
92.394694,POS,,,,,,,,,,,,,,,,81.8730761637829,81.85120201540792,,,,,37.427517,-122.1687741,,,1.8924399999679054,,,,29.161590576171875,,,,,,
92.397193,GUIA,,0.0,,,,,,-11.999999046325684,0.0,1.5919019347165886e-07,0.0,0.0,6,90.0,0.0,,,,,,,,,,,,,,,,,,,,,
92.44467399999999,GUIA,,0.0,,,,,,-11.999999046325684,0.0,1.5919019347165886e-07,0.0,0.0,6,90.0,0.0,,,,,,,,,,,,,,,,,,,,,
92.44967199999999,GUIA,,0.0,,,,,,-11.999999046325684,0.0,1.5919019347165886e-07,0.0,0.0,6,90.0,0.0,,,,,,,,,,,,,,,,,,,,,
92.494654,ATT,3,,-11.99,0.0,90.0,0.0,0.0,-12.0,,0.0,,,,89.99,,,,,,,,,,,,,,,,,,,,,,
92.494654,XKF1,,,,,,,,,,,,,,,,82.3803331564384,82.35798645019531,,,4.982068491778091,,,,,,1.9186867475509644,4.982011315653496,,,,,,4.980103969573975,,4.980103969573975,0.13989606499671936
92.494654,POS,,,,,,,,,,,,,,,,82.3770889564115,82.3550921229099,,,,,37.4275171,-122.1687684,,,1.903572000097995,,,,29.161544799804688,,,,,,
92.507149,GUIA,,0.0,,,,,,-11.999999046325684,0.0,1.5919019347165886e-07,0.0,0.0,6,90.0,0.0,,,,,,,,,,,,,,,,,,,,,
92.524642,GUIA,,0.0,,,,,,-11.999999046325684,0.0,1.5919019347165886e-07,0.0,0.0,6,90.0,0.0,,,,,,,,,,,,,,,,,,,,,
92.55463,GUIA,,0.0,,,,,,-11.999999046325684,0.0,1.5919019347165886e-07,0.0,0.0,6,90.0,0.0,,,,,,,,,,,,,,,,,,,,,
92.59211499999999,GUIA,,0.0,,,,,,-11.999999046325684,0.0,1.5919019347165886e-07,0.0,0.0,6,90.0,0.0,,,,,,,,,,,,,,,,,,,,,
92.59461399999999,ATT,3,,-11.99,0.0,90.0,0.0,0.0,-12.0,,0.0,,,,89.99,,,,,,,,,,,,,,,,,,,,,,
92.59461399999999,XKF1,,,,,,,,,,,,,,,,82.8819566750101,82.85939025878906,,,4.982823028781714,,,,,,1.9339566230773926,4.982763629793976,,,,,,4.980839252471924,,4.980839252471924,0.14059045910835266
92.59461399999999,POS,,,,,,,,,,,,,,,,82.881101753496,82.85898223166814,,,,,37.4275172,-122.1687627,,,1.9147039994371085,,,,29.16156578063965,,,,,,
92.602111,GUIA,,0.0,,,,,,-11.999999046325684,0.0,1.5919019347165886e-07,0.0,0.0,6,90.0,0.0,,,,,,,,,,,,,,,,,,,,,
92.617105,GUIA,,0.0,,,,,,-11.999999046325684,0.0,1.5919019347165886e-07,0.0,0.0,6,90.0,0.0,,,,,,,,,,,,,,,,,,,,,
92.652091,GUIA,,0.0,,,,,,-11.999999046325684,0.0,1.5919019347165886e-07,0.0,0.0,6,90.0,0.0,,,,,,,,,,,,,,,,,,,,,
92.694574,ATT,3,,-11.99,0.0,90.0,0.0,0.0,-12.0,,0.0,,,,89.99,,,,,,,,,,,,,,,,,,,,,,
92.694574,XKF1,,,,,,,,,,,,,,,,83.38308231748469,83.36029815673828,,,4.983328265732669,,,,,,1.9491300582885742,4.983267385148431,,,,,,4.981329917907715,,4.981329917907715,0.14111290872097015
92.694574,POS,,,,,,,,,,,,,,,,83.37653460634931,83.3540321636087,,,,,37.4275174,-122.1687571,,,1.9369679996972877,,,,29.16151237487793,,,,,,
92.697073,GUIA,,0.0,,,,,,-11.999999046325684,0.0,1.5919019347165886e-07,0.0,0.0,6,90.0,0.0,,,,,,,,,,,,,,,,,,,,,
92.744554,GUIA,,0.0,,,,,,-11.999999046325684,0.0,1.5919019347165886e-07,0.0,0.0,6,90.0,0.0,,,,,,,,,,,,,,,,,,,,,
92.784538,GUIA,,0.0,,,,,,-11.999999046325684,0.0,1.5919019347165886e-07,0.0,0.0,6,90.0,0.0,,,,,,,,,,,,,,,,,,,,,
92.784538,GUIA,,0.0,,,,,,-11.999999046325684,0.0,1.5919019347165886e-07,0.0,0.0,6,90.0,0.0,,,,,,,,,,,,,,,,,,,,,
92.794534,ATT,3,,-11.99,0.0,90.0,0.0,0.0,-12.0,,0.0,,,,89.99,,,,,,,,,,,,,,,,,,,,,,
92.794534,XKF1,,,,,,,,,,,,,,,,83.88462029865465,83.86161041259766,,,4.98394252039895,,,,,,1.964642882347107,4.983879431744463,,,,,,4.981925010681152,,4.981925010681152,0.14179645478725433
92.794534,POS,,,,,,,,,,,,,,,,83.88054733510604,83.85792227111067,,,,,37.4275175,-122.1687514,,,1.9480999998273774,,,,29.161527633666992,,,,,,
92.839516,GUIA,,0.0,,,,,,-11.999999046325684,0.0,1.5919019347165886e-07,0.0,0.0,6,90.0,0.0,,,,,,,,,,,,,,,,,,,,,
92.857009,GUIA,,0.0,,,,,,-11.999999046325684,0.0,1.5919019347165886e-07,0.0,0.0,6,90.0,0.0,,,,,,,,,,,,,,,,,,,,,
92.87450199999999,GUIA,,0.0,,,,,,-11.999999046325684,0.0,1.5919019347165886e-07,0.0,0.0,6,90.0,0.0,,,,,,,,,,,,,,,,,,,,,
92.894494,ATT,3,,-11.99,0.0,90.0,0.0,0.0,-12.0,,0.0,,,,89.99,,,,,,,,,,,,,,,,,,,,,,
92.894494,XKF1,,,,,,,,,,,,,,,,84.38569580449445,84.36246490478516,,,4.984328500191706,,,,,,1.9799423217773438,4.984263665808461,,,,,,4.982295036315918,,4.982295036315918,0.14236140251159668
92.894494,POS,,,,,,,,,,,,,,,,84.3845600690426,84.36181237986891,,,,,37.4275176,-122.1687457,,,1.959231999957467,,,,29.161470413208008,,,,,,
92.92948,GUIA,,0.0,,,,,,-11.999999046325684,0.0,1.5919019347165886e-07,0.0,0.0,6,90.0,0.0,,,,,,,,,,,,,,,,,,,,,
92.944474,GUIA,,0.0,,,,,,-11.999999046325684,0.0,1.5919019347165886e-07,0.0,0.0,6,90.0,0.0,,,,,,,,,,,,,,,,,,,,,
92.959468,GUIA,,0.0,,,,,,-11.999999046325684,0.0,1.5919019347165886e-07,0.0,0.0,6,90.0,0.0,,,,,,,,,,,,,,,,,,,,,
92.994454,ATT,3,,-11.99,0.0,90.0,0.0,0.0,-12.01,,0.0,,,,89.99,,,,,,,,,,,,,,,,,,,,,,
92.994454,XKF1,,,,,,,,,,,,,,,,84.88722413101502,84.86376953125,,,4.984888125549633,,,,,,1.9953550100326538,4.984821203853449,,,,,,4.982836723327637,,4.982836723327637,0.14299584925174713
92.994454,POS,,,,,,,,,,,,,,,,84.87999415528452,84.85686231180946,,,,,37.4275178,-122.1687401,,,1.98149599942667,,,,29.161479949951172,,,,,,
93.024442,GUIA,,0.0,,,,,,-11.999999046325684,0.0,1.5919019347165886e-07,0.0,0.0,6,90.0,0.0,,,,,,,,,,,,,,,,,,,,,
93.024442,GUIA,,0.0,,,,,,-11.999999046325684,0.0,1.5919019347165886e-07,0.0,0.0,6,90.0,0.0,,,,,,,,,,,,,,,,,,,,,
93.056929,GUIA,,0.0,,,,,,-11.999999046325684,0.0,1.5919019347165886e-07,0.0,0.0,6,90.0,0.0,,,,,,,,,,,,,,,,,,,,,
93.094414,ATT,3,,-11.99,0.0,90.0,0.0,0.0,-12.0,,0.0,,,,89.99,,,,,,,,,,,,,,,,,,,,,,
93.094414,XKF1,,,,,,,,,,,,,,,,85.38817756840753,85.364501953125,,,4.985223650964079,,,,,,2.0106403827667236,4.98515516769039,,,,,,4.983157634735107,,4.983157634735107,0.14350901544094086
93.094414,POS,,,,,,,,,,,,,,,,85.38400681588796,85.36075241931144,,,,,37.4275179,-122.1687344,,,1.9926279995567597,,,,29.161426544189453,,,,,,
93.111907,GUIA,,0.0,,,,,,-11.999999046325684,0.0,1.5919019347165886e-07,0.0,0.0,6,90.0,0.0,,,,,,,,,,,,,,,,,,,,,
93.111907,GUIA,,0.0,,,,,,-11.999999046325684,0.0,1.5919019347165886e-07,0.0,0.0,6,90.0,0.0,,,,,,,,,,,,,,,,,,,,,
93.14939199999999,GUIA,,0.0,,,,,,-11.999999046325684,0.0,1.5919019347165886e-07,0.0,0.0,6,90.0,0.0,,,,,,,,,,,,,,,,,,,,,
93.194374,GUIA,,0.0,,,,,,-11.999999046325684,0.0,1.5919019347165886e-07,0.0,0.0,6,90.0,0.0,,,,,,,,,,,,,,,,,,,,,
93.194374,GUIA,,0.0,,,,,,-11.999999046325684,0.0,1.5919019347165886e-07,0.0,0.0,6,90.0,0.0,,,,,,,,,,,,,,,,,,,,,
93.194374,ATT,3,,-11.99,0.0,90.0,0.0,0.0,-12.0,,0.0,,,,89.99,,,,,,,,,,,,,,,,,,,,,,
93.194374,XKF1,,,,,,,,,,,,,,,,85.88928145729454,85.8653793334961,,,4.985503252016172,,,,,,2.0261542797088623,4.985432750908443,,,,,,4.983419895172119,,4.983419895172119,0.1441139280796051
93.194374,POS,,,,,,,,,,,,,,,,85.88827991201197,85.86464252806968,,,,,37.4275181,-122.1687287,,,2.014891999816939,,,,29.16144561767578,,,,,,
93.206869,GUIA,,0.0,,,,,,-11.999999046325684,0.0,1.5919019347165886e-07,0.0,0.0,6,90.0,0.0,,,,,,,,,,,,,,,,,,,,,
93.241855,GUIA,,0.0,,,,,,-11.999999046325684,0.0,1.5919019347165886e-07,0.0,0.0,6,90.0,0.0,,,,,,,,,,,,,,,,,,,,,
93.29433399999999,ATT,3,,-11.99,0.0,90.0,0.0,0.0,-12.0,,0.0,,,,89.99,,,,,,,,,,,,,,,,,,,,,,
93.29433399999999,XKF1,,,,,,,,,,,,,,,,86.38954642013566,86.36542510986328,,,4.985465491789076,,,,,,2.041341781616211,4.9853940260064205,,,,,,4.983371257781982,,4.983371257781982,0.14448902010917664
93.29433399999999,POS,,,,,,,,,,,,,,,,86.38345475283974,86.35969246001024,,,,,37.4275182,-122.1687231,,,2.0260239999470286,,,,29.161314010620117,,,,,,
93.29683299999999,GUIA,,0.0,,,,,,-11.999999046325684,0.0,1.5919019347165886e-07,0.0,0.0,6,90.0,0.0,,,,,,,,,,,,,,,,,,,,,
93.336817,GUIA,,0.0,,,,,,-11.999999046325684,0.0,1.5919019347165886e-07,0.0,0.0,6,90.0,0.0,,,,,,,,,,,,,,,,,,,,,
93.336817,GUIA,,0.0,,,,,,-11.999999046325684,0.0,1.5919019347165886e-07,0.0,0.0,6,90.0,0.0,,,,,,,,,,,,,,,,,,,,,
93.394294,ATT,3,,-11.99,0.0,90.0,0.0,0.0,-12.0,,0.0,,,,89.99,,,,,,,,,,,,,,,,,,,,,,
93.394294,XKF1,,,,,,,,,,,,,,,,86.88623725724968,86.86188507080078,,,4.984192198066247,,,,,,2.0569751262664795,4.984118695339418,,,,,,4.982080936431885,,4.982080936431885,0.1450565755367279
93.394294,POS,,,,,,,,,,,,,,,,86.87862959509985,86.85474239069453,,,,,37.4275183,-122.1687175,,,2.0371560000771183,,,,29.16134262084961,,,,,,
93.396793,GUIA,,0.0,,,,,,-11.999999046325684,0.0,1.5919019347165886e-07,0.0,0.0,6,90.0,0.0,,,,,,,,,,,,,,,,,,,,,
93.421783,GUIA,,0.0,,,,,,-11.999999046325684,0.0,1.5919019347165886e-07,0.0,0.0,6,90.0,0.0,,,,,,,,,,,,,,,,,,,,,
93.43677699999999,GUIA,,0.0,,,,,,-11.999999046325684,0.0,1.5919019347165886e-07,0.0,0.0,6,90.0,0.0,,,,,,,,,,,,,,,,,,,,,
93.486757,GUIA,,0.0,,,,,,-11.999999046325684,0.0,1.5919019347165886e-07,0.0,0.0,6,90.0,0.0,,,,,,,,,,,,,,,,,,,,,
93.489256,GUIA,,0.0,,,,,,-11.999999046325684,0.0,1.5919019347165886e-07,0.0,0.0,6,90.0,0.0,,,,,,,,,,,,,,,,,,,,,
93.494254,ATT,3,,-11.99,0.0,90.0,0.0,0.0,-12.0,,0.0,,,,89.98,,,,,,,,,,,,,,,,,,,,,,
93.494254,XKF1,,,,,,,,,,,,,,,,87.38316453595752,87.35858917236328,,,4.982926235085754,,,,,,2.072279453277588,4.9828515138918785,,,,,,4.9808030128479,,4.9808030128479,0.14544831216335297
93.494254,POS,,,,,,,,,,,,,,,,87.38290383655705,87.35863249945277,,,,,37.4275185,-122.1687118,,,2.0594199995463214,,,,29.161224365234375,,,,,,
93.546733,GUIA,,0.0,,,,,,-11.999999046325684,0.0,1.5919019347165886e-07,0.0,0.0,6,90.0,0.0,,,,,,,,,,,,,,,,,,,,,
93.58171899999999,GUIA,,0.0,,,,,,-11.999999046325684,0.0,1.5919019347165886e-07,0.0,0.0,6,90.0,0.0,,,,,,,,,,,,,,,,,,,,,
93.58171899999999,GUIA,,0.0,,,,,,-11.999999046325684,0.0,1.5919019347165886e-07,0.0,0.0,6,90.0,0.0,,,,,,,,,,,,,,,,,,,,,
93.594214,ATT,3,,-11.99,0.0,90.0,0.0,0.0,-12.0,,0.0,,,,89.98,,,,,,,,,,,,,,,,,,,,,,
93.594214,XKF1,,,,,,,,,,,,,,,,87.87820543910202,87.8533935546875,,,4.981212600324285,,,,,,2.0881168842315674,4.981135337544221,,,,,,4.979069709777832,,4.979069709777832,0.1460951566696167
93.594214,POS,,,,,,,,,,,,,,,,87.87807862100045,87.85368243013706,,,,,37.4275186,-122.1687062,,,2.070551999676411,,,,29.161264419555664,,,,,,
93.644194,GUIA,,0.0,,,,,,-11.999999046325684,0.0,1.5919019347165886e-07,0.0,0.0,6,90.0,0.0,,,,,,,,,,,,,,,,,,,,,
93.65419,GUIA,,0.0,,,,,,-11.999999046325684,0.0,1.5919019347165886e-07,0.0,0.0,6,90.0,0.0,,,,,,,,,,,,,,,,,,,,,
93.684178,GUIA,,0.0,,,,,,-11.999999046325684,0.0,1.5919019347165886e-07,0.0,0.0,6,90.0,0.0,,,,,,,,,,,,,,,,,,,,,
93.694174,ATT,3,,-11.99,0.0,90.0,0.0,0.0,-11.99,,0.0,,,,89.98,,,,,,,,,,,,,,,,,,,,,,
93.694174,XKF1,,,,,,,,,,,,,,,,88.37384064858443,88.34880065917969,,,4.97972134448791,,,,,,2.103600025177002,4.979642825840019,,,,,,4.977566242218018,,4.977566242218018,0.14648881554603577
93.694174,POS,,,,,,,,,,,,,,,,88.37325340996037,88.34873236207763,,,,,37.4275187,-122.1687006,,,2.0816839998065007,,,,29.16115951538086,,,,,,
93.729993,GUIA,,0.0,,,,,,-11.999999046325684,0.0,1.5919019347165886e-07,0.0,0.0,6,90.0,0.0,,,,,,,,,,,,,,,,,,,,,
93.729993,GUIA,,0.0,,,,,,-11.999999046325684,0.0,1.5919019347165886e-07,0.0,0.0,6,90.0,0.0,,,,,,,,,,,,,,,,,,,,,
93.792468,GUIA,,0.0,,,,,,-11.999999046325684,0.0,1.5919019347165886e-07,0.0,0.0,6,90.0,0.0,,,,,,,,,,,,,,,,,,,,,
93.794967,GUIA,,0.0,,,,,,-11.999999046325684,0.0,1.5919019347165886e-07,0.0,0.0,6,90.0,0.0,,,,,,,,,,,,,,,,,,,,,
93.794967,ATT,3,,-11.99,0.0,90.0,0.0,0.0,-11.99,,0.0,,,,89.98,,,,,,,,,,,,,,,,,,,,,,
93.794967,XKF1,,,,,,,,,,,,,,,,88.86832099449705,88.84304809570312,,,4.978036195886815,,,,,,2.1192643642425537,4.977955505945008,,,,,,4.975863933563232,,4.975863933563232,0.14704585075378418
93.794967,POS,,,,,,,,,,,,,,,,88.86869105185842,88.84378229276192,,,,,37.4275189,-122.168695,,,2.10394800006668,,,,29.161218643188477,,,,,,
93.847446,GUIA,,0.0,,,,,,-11.999999046325684,0.0,1.5919019347165886e-07,0.0,0.0,6,90.0,0.0,,,,,,,,,,,,,,,,,,,,,
93.872436,GUIA,,0.0,,,,,,-11.999999046325684,0.0,1.5919019347165886e-07,0.0,0.0,6,90.0,0.0,,,,,,,,,,,,,,,,,,,,,
93.889929,GUIA,,0.0,,,,,,-11.999999046325684,0.0,1.5919019347165886e-07,0.0,0.0,6,90.0,0.0,,,,,,,,,,,,,,,,,,,,,
93.894927,ATT,3,,-11.99,0.0,90.0,0.0,0.0,-11.99,,0.0,,,,89.98,,,,,,,,,,,,,,,,,,,,,,
93.894927,XKF1,,,,,,,,,,,,,,,,89.36430961356439,89.33880615234375,,,4.976927211953089,,,,,,2.1348414421081543,4.976844569985983,,,,,,4.974739074707031,,4.974739074707031,0.14756561815738678
93.894927,POS,,,,,,,,,,,,,,,,89.36386577612316,89.3388322234462,,,,,37.427519,-122.1686894,,,2.1150799994057934,,,,29.16120719909668,,,,,,
93.93741,GUIA,,0.0,,,,,,-11.999999046325684,0.0,1.5919019347165886e-07,0.0,0.0,6,90.0,0.0,,,,,,,,,,,,,,,,,,,,,
93.954903,GUIA,,0.0,,,,,,-11.999999046325684,0.0,1.5919019347165886e-07,0.0,0.0,6,90.0,0.0,,,,,,,,,,,,,,,,,,,,,
93.99488699999999,ATT,3,,-11.99,0.0,90.0,0.0,0.0,-11.99,,-0.01,,,,89.98,,,,,,,,,,,,,,,,,,,,,,
93.99488699999999,XKF1,,,,,,,,,,,,,,,,89.86276847581931,89.83702850341797,,,4.97690574270023,,,,,,2.1506900787353516,4.97682036141593,,,,,,4.974697113037109,,4.974697113037109,0.14825452864170074
93.99488699999999,POS,,,,,,,,,,,,,,,,89.85930459602291,89.83388215538676,,,,,37.4275192,-122.1686838,,,2.1373439996659727,,,,29.1612606048584,,,,,,
94.00738199999999,GUIA,,0.0,,,,,,-11.999999046325684,0.0,1.5919019347165886e-07,0.0,0.0,6,90.0,0.0,,,,,,,,,,,,,,,,,,,,,
94.00738199999999,GUIA,,0.0,,,,,,-11.999999046325684,0.0,1.5919019347165886e-07,0.0,0.0,6,90.0,0.0,,,,,,,,,,,,,,,,,,,,,
94.069857,GUIA,,0.0,,,,,,-11.999999046325684,0.0,1.5919019347165886e-07,0.0,0.0,6,90.0,0.0,,,,,,,,,,,,,,,,,,,,,
94.069857,GUIA,,0.0,,,,,,-11.999999046325684,0.0,1.5919019347165886e-07,0.0,0.0,6,90.0,0.0,,,,,,,,,,,,,,,,,,,,,
94.094847,ATT,3,,-11.99,0.0,90.0,0.0,0.0,-12.0,,-0.01,,,,89.99,,,,,,,,,,,,,,,,,,,,,,
94.094847,XKF1,,,,,,,,,,,,,,,,90.36585066205093,90.33987426757812,,,4.976979223022611,,,,,,2.166583299636841,4.976891414806009,,,,,,4.974751949310303,,4.974751949310303,0.14887991547584534
94.094847,POS,,,,,,,,,,,,,,,,90.36331693098823,90.337772264145,,,,,37.4275193,-122.1686781,,,2.1484759997960623,,,,29.161235809326172,,,,,,
94.124835,GUIA,,0.0,,,,,,-11.999999046325684,0.0,1.5919019347165886e-07,0.0,0.0,6,90.0,0.0,,,,,,,,,,,,,,,,,,,,,
94.13732999999999,GUIA,,0.0,,,,,,-11.999999046325684,0.0,1.5919019347165886e-07,0.0,0.0,6,90.0,0.0,,,,,,,,,,,,,,,,,,,,,
94.169817,GUIA,,0.0,,,,,,-11.999999046325684,0.0,1.5919019347165886e-07,0.0,0.0,6,90.0,0.0,,,,,,,,,,,,,,,,,,,,,
94.194807,ATT,3,,-11.99,0.0,90.0,0.0,0.0,-12.0,,-0.01,,,,89.99,,,,,,,,,,,,,,,,,,,,,,
94.194807,XKF1,,,,,,,,,,,,,,,,90.8663746375259,90.84015655517578,,,4.977668262220214,,,,,,2.1826581954956055,4.977577361349982,,,,,,4.975418567657471,,4.975418567657471,0.14963757991790771
94.194807,POS,,,,,,,,,,,,,,,,90.8587568703497,90.83282219482929,,,,,37.4275195,-122.1686725,,,2.1707400000562416,,,,29.161283493041992,,,,,,
94.204803,GUIA,,0.0,,,,,,-11.999999046325684,0.0,1.5919019347165886e-07,0.0,0.0,6,90.0,0.0,,,,,,,,,,,,,,,,,,,,,
94.2123,GUIA,,0.0,,,,,,-11.999999046325684,0.0,1.5919019347165886e-07,0.0,0.0,6,90.0,0.0,,,,,,,,,,,,,,,,,,,,,
94.269777,GUIA,,0.0,,,,,,-11.999999046325684,0.0,1.5919019347165886e-07,0.0,0.0,6,90.0,0.0,,,,,,,,,,,,,,,,,,,,,
94.269777,GUIA,,0.0,,,,,,-11.999999046325684,0.0,1.5919019347165886e-07,0.0,0.0,6,90.0,0.0,,,,,,,,,,,,,,,,,,,,,
94.294767,ATT,3,,-11.99,0.0,90.0,0.0,0.0,-12.0,,-0.01,,,,89.99,,,,,,,,,,,,,,,,,,,,,,
94.294767,XKF1,,,,,,,,,,,,,,,,91.36675926115076,91.34030151367188,,,4.978228145197629,,,,,,2.1986398696899414,4.9781349247026405,,,,,,4.9759602546691895,,4.9759602546691895,0.15024982392787933
94.294767,POS,,,,,,,,,,,,,,,,91.36276911220492,91.33671230358753,,,,,37.4275196,-122.1686668,,,2.181871999395355,,,,29.161258697509766,,,,,,
94.324755,GUIA,,0.0,,,,,,-11.999999046325684,0.0,1.5919019347165886e-07,0.0,0.0,6,90.0,0.0,,,,,,,,,,,,,,,,,,,,,
94.339749,GUIA,,0.0,,,,,,-11.999999046325684,0.0,1.5919019347165886e-07,0.0,0.0,6,90.0,0.0,,,,,,,,,,,,,,,,,,,,,
94.359741,GUIA,,0.0,,,,,,-11.999999046325684,0.0,1.5919019347165886e-07,0.0,0.0,6,90.0,0.0,,,,,,,,,,,,,,,,,,,,,
94.394727,ATT,3,,-11.99,0.0,90.0,0.0,0.0,-12.0,,-0.01,,,,89.99,,,,,,,,,,,,,,,,,,,,,,
94.394727,XKF1,,,,,,,,,,,,,,,,91.86809706134297,91.84139251708984,,,4.979188624082659,,,,,,2.214921712875366,4.979092679786784,,,,,,4.976900100708008,,4.976900100708008,0.15094615519046783
94.394727,POS,,,,,,,,,,,,,,,,91.86678136303954,91.84060241234577,,,,,37.4275197,-122.1686611,,,2.1930039995254447,,,,29.161300659179688,,,,,,
94.409721,GUIA,,0.0,,,,,,-11.999999046325684,0.0,1.5919019347165886e-07,0.0,0.0,6,90.0,0.0,,,,,,,,,,,,,,,,,,,,,
94.434711,GUIA,,0.0,,,,,,-11.999999046325684,0.0,1.5919019347165886e-07,0.0,0.0,6,90.0,0.0,,,,,,,,,,,,,,,,,,,,,
94.439709,GUIA,,0.0,,,,,,-11.999999046325684,0.0,1.5919019347165886e-07,0.0,0.0,6,90.0,0.0,,,,,,,,,,,,,,,,,,,,,
94.494687,ATT,3,,-11.99,0.0,90.0,0.0,0.0,-12.01,,-0.01,,,,89.99,,,,,,,,,,,,,,,,,,,,,,
94.494687,XKF1,,,,,,,,,,,,,,,,92.36906636333433,92.34211730957031,,,4.979933954579168,,,,,,2.2310965061187744,4.979836205305714,,,,,,4.977629661560059,,4.977629661560059,0.15147654712200165
94.494687,POS,,,,,,,,,,,,,,,,92.36222228770694,92.33565234303008,,,,,37.4275199,-122.1686555,,,2.215267999785624,,,,29.16126823425293,,,,,,
94.497186,GUIA,,0.0,,,,,,-11.999999046325684,0.0,1.5919019347165886e-07,0.0,0.0,6,90.0,0.0,,,,,,,,,,,,,,,,,,,,,
94.534671,GUIA,,0.0,,,,,,-11.999999046325684,0.0,1.5919019347165886e-07,0.0,0.0,6,90.0,0.0,,,,,,,,,,,,,,,,,,,,,
94.534671,GUIA,,0.0,,,,,,-11.999999046325684,0.0,1.5919019347165886e-07,0.0,0.0,6,90.0,0.0,,,,,,,,,,,,,,,,,,,,,
94.594647,GUIA,,0.0,,,,,,-11.999999046325684,0.0,1.5919019347165886e-07,0.0,0.0,6,90.0,0.0,,,,,,,,,,,,,,,,,,,,,
94.594647,ATT,3,,-11.99,0.0,90.0,0.0,0.0,-12.01,,-0.01,,,,89.99,,,,,,,,,,,,,,,,,,,,,,
94.594647,XKF1,,,,,,,,,,,,,,,,92.87073770575678,92.84353637695312,,,4.980947881272229,,,,,,2.2475931644439697,4.980847015888656,,,,,,4.978621006011963,,4.978621006011963,0.1522323042154312
94.594647,POS,,,,,,,,,,,,,,,,92.86623444297194,92.8395424517883,,,,,37.42752,-122.1686498,,,2.2263999999157136,,,,29.16130256652832,,,,,,
94.607142,GUIA,,0.0,,,,,,-11.999999046325684,0.0,1.5919019347165886e-07,0.0,0.0,6,90.0,0.0,,,,,,,,,,,,,,,,,,,,,
94.642128,GUIA,,0.0,,,,,,-11.999999046325684,0.0,1.5919019347165886e-07,0.0,0.0,6,90.0,0.0,,,,,,,,,,,,,,,,,,,,,
94.672116,GUIA,,0.0,,,,,,-11.999999046325684,0.0,1.5919019347165886e-07,0.0,0.0,6,90.0,0.0,,,,,,,,,,,,,,,,,,,,,
94.674615,GUIA,,0.0,,,,,,-11.999999046325684,0.0,1.5919019347165886e-07,0.0,0.0,6,90.0,0.0,,,,,,,,,,,,,,,,,,,,,
94.694607,ATT,3,,-11.99,0.0,90.0,0.0,0.0,-12.01,,-0.01,,,,90.0,,,,,,,,,,,,,,,,,,,,,,
94.694607,XKF1,,,,,,,,,,,,,,,,93.37193837153666,93.34449005126953,,,4.981622554328847,,,,,,2.263857841491699,4.981519776916356,,,,,,4.979279518127441,,4.979279518127441,0.1527702659368515
94.694607,POS,,,,,,,,,,,,,,,,93.3705140393231,93.34343256054655,,,,,37.4275202,-122.1686441,,,2.2486639993849167,,,,29.161256790161133,,,,,,
94.727094,GUIA,,0.0,,,,,,-11.999999046325684,0.0,1.5919019347165886e-07,0.0,0.0,6,90.0,0.0,,,,,,,,,,,,,,,,,,,,,
94.754583,GUIA,,0.0,,,,,,-11.999999046325684,0.0,1.5919019347165886e-07,0.0,0.0,6,90.0,0.0,,,,,,,,,,,,,,,,,,,,,
94.767078,GUIA,,0.0,,,,,,-11.999999046325684,0.0,1.5919019347165886e-07,0.0,0.0,6,90.0,0.0,,,,,,,,,,,,,,,,,,,,,
94.794567,ATT,3,,-11.99,0.0,90.0,0.0,0.0,-12.01,,-0.01,,,,90.0,,,,,,,,,,,,,,,,,,,,,,
94.794567,XKF1,,,,,,,,,,,,,,,,93.87366662075387,93.8459701538086,,,4.982462106870072,,,,,,2.2801690101623535,4.982357543541132,,,,,,4.980103492736816,,4.980103492736816,0.15329007804393768
94.794567,POS,,,,,,,,,,,,,,,,93.8656884820884,93.83848249123085,,,,,37.4275203,-122.1686385,,,2.2597959995150063,,,,29.161256790161133,,,,,,
94.819557,GUIA,,0.0,,,,,,-11.999999046325684,0.0,1.5919019347165886e-07,0.0,0.0,6,90.0,0.0,,,,,,,,,,,,,,,,,,,,,
94.819557,GUIA,,0.0,,,,,,-11.999999046325684,0.0,1.5919019347165886e-07,0.0,0.0,6,90.0,0.0,,,,,,,,,,,,,,,,,,,,,
94.889529,GUIA,,0.0,,,,,,-11.999999046325684,0.0,1.5919019347165886e-07,0.0,0.0,6,90.0,0.0,,,,,,,,,,,,,,,,,,,,,
94.894527,ATT,3,,-11.99,0.0,90.0,0.0,0.0,-12.0,,0.0,,,,89.99,,,,,,,,,,,,,,,,,,,,,,
94.894527,XKF1,,,,,,,,,,,,,,,,94.37479638121906,94.34685516357422,,,4.983003539975176,,,,,,2.296325922012329,4.982897825510917,,,,,,4.980632781982422,,4.980632781982422,0.15369245409965515
94.894527,POS,,,,,,,,,,,,,,,,94.36996908782871,94.34237259998909,,,,,37.4275205,-122.1686328,,,2.2820599997751856,,,,29.16118049621582,,,,,,
94.909521,GUIA,,0.0,,,,,,-11.999999046325684,0.0,1.5919019347165886e-07,0.0,0.0,6,90.0,0.0,,,,,,,,,,,,,,,,,,,,,
94.909521,GUIA,,0.0,,,,,,-11.999999046325684,0.0,1.5919019347165886e-07,0.0,0.0,6,90.0,0.0,,,,,,,,,,,,,,,,,,,,,
94.954503,GUIA,,0.0,,,,,,-11.999999046325684,0.0,1.5919019347165886e-07,0.0,0.0,6,90.0,0.0,,,,,,,,,,,,,,,,,,,,,
94.99448699999999,ATT,3,,-11.99,0.0,90.0,0.0,0.0,-12.0,,0.0,,,,89.99,,,,,,,,,,,,,,,,,,,,,,
94.99448699999999,XKF1,,,,,,,,,,,,,,,,94.87615844033745,94.84796905517578,,,4.983603159482062,,,,,,2.3126189708709717,4.983495922506661,,,,,,4.981218338012695,,4.981218338012695,0.15415680408477783
94.99448699999999,POS,,,,,,,,,,,,,,,,94.8739810452009,94.84626270874732,,,,,37.4275206,-122.1686271,,,2.2931919999052752,,,,29.161161422729492,,,,,,
95.004483,GUIA,,0.0,,,,,,-11.999999046325684,0.0,1.5919019347165886e-07,0.0,0.0,6,90.0,0.0,,,,,,,,,,,,,,,,,,,,,
95.004483,GUIA,,0.0,,,,,,-11.999999046325684,0.0,1.5919019347165886e-07,0.0,0.0,6,90.0,0.0,,,,,,,,,,,,,,,,,,,,,
95.03697,GUIA,,0.0,,,,,,-11.999999046325684,0.0,1.5919019347165886e-07,0.0,0.0,6,90.0,0.0,,,,,,,,,,,,,,,,,,,,,
95.084451,GUIA,,0.0,,,,,,-11.999999046325684,0.0,1.5919019347165886e-07,0.0,0.0,6,90.0,0.0,,,,,,,,,,,,,,,,,,,,,
95.094447,ATT,3,,-11.99,0.0,90.0,0.0,0.0,-12.01,,0.0,,,,89.99,,,,,,,,,,,,,,,,,,,,,,
95.094447,XKF1,,,,,,,,,,,,,,,,95.37699163203318,95.34855651855469,,,4.983918178469892,,,,,,2.328798532485962,4.983810039464906,,,,,,4.981522560119629,,4.981522560119629,0.15451017022132874
95.094447,POS,,,,,,,,,,,,,,,,95.36942503915259,95.34131263943162,,,,,37.4275208,-122.1686215,,,2.3154560001654545,,,,29.161083221435547,,,,,,
95.166918,GUIA,,0.0,,,,,,-11.999999046325684,0.0,1.5919019347165886e-07,0.0,0.0,6,90.0,0.0,,,,,,,,,,,,,,,,,,,,,
95.179413,GUIA,,0.0,,,,,,-11.999999046325684,0.0,1.5919019347165886e-07,0.0,0.0,6,90.0,0.0,,,,,,,,,,,,,,,,,,,,,
95.194407,ATT,3,,-11.99,0.0,90.0,0.0,0.0,-12.01,,0.0,,,,89.99,,,,,,,,,,,,,,,,,,,,,,
95.194407,XKF1,,,,,,,,,,,,,,,,95.87808882867915,95.84940338134766,,,4.98434078133648,,,,,,2.345162868499756,4.984231023092956,,,,,,4.981930732727051,,4.981930732727051,0.15498128533363342
95.194407,POS,,,,,,,,,,,,,,,,95.87343689240029,95.84520274818986,,,,,37.4275209,-122.1686158,,,2.326587999504568,,,,29.161069869995117,,,,,,
95.244387,GUIA,,0.0,,,,,,-11.999999046325684,0.0,1.5919019347165886e-07,0.0,0.0,6,90.0,0.0,,,,,,,,,,,,,,,,,,,,,
95.244387,GUIA,,0.0,,,,,,-11.999999046325684,0.0,1.5919019347165886e-07,0.0,0.0,6,90.0,0.0,,,,,,,,,,,,,,,,,,,,,
95.294367,ATT,3,,-11.99,0.0,90.0,0.0,0.0,-12.0,,0.0,,,,89.99,,,,,,,,,,,,,,,,,,,,,,
95.294367,XKF1,,,,,,,,,,,,,,,,96.37832520709351,96.34939575195312,,,4.984401363419675,,,,,,2.3612513542175293,4.984291707176235,,,,,,4.981985569000244,,4.981985569000244,0.15516681969165802
95.294367,POS,,,,,,,,,,,,,,,,96.37771941726784,96.3490928569481,,,,,37.4275211,-122.1686101,,,2.3488519997647472,,,,29.160930633544922,,,,,,
95.296866,GUIA,,0.0,,,,,,-11.999999046325684,0.0,1.5919019347165886e-07,0.0,0.0,6,90.0,0.0,,,,,,,,,,,,,,,,,,,,,
95.31186,GUIA,,0.0,,,,,,-11.999999046325684,0.0,1.5919019347165886e-07,0.0,0.0,6,90.0,0.0,,,,,,,,,,,,,,,,,,,,,
95.346846,GUIA,,0.0,,,,,,-11.999999046325684,0.0,1.5919019347165886e-07,0.0,0.0,6,90.0,0.0,,,,,,,,,,,,,,,,,,,,,
95.394327,ATT,3,,-11.99,0.0,90.0,0.0,0.0,-12.0,,0.0,,,,89.99,,,,,,,,,,,,,,,,,,,,,,
95.394327,XKF1,,,,,,,,,,,,,,,,96.87480851877186,96.84562683105469,,,4.983189855051524,,,,,,2.377622604370117,4.983078967526775,,,,,,4.980762004852295,,4.980762004852295,0.1555345058441162
95.394327,POS,,,,,,,,,,,,,,,,96.87289361194436,96.84414278763239,,,,,37.4275212,-122.1686045,,,2.359983999894837,,,,29.16092872619629,,,,,,
95.396826,GUIA,,0.0,,,,,,-11.999999046325684,0.0,1.5919019347165886e-07,0.0,0.0,6,90.0,0.0,,,,,,,,,,,,,,,,,,,,,
95.451804,GUIA,,0.0,,,,,,-11.999999046325684,0.0,1.5919019347165886e-07,0.0,0.0,6,90.0,0.0,,,,,,,,,,,,,,,,,,,,,
95.4618,GUIA,,0.0,,,,,,-11.999999046325684,0.0,1.5919019347165886e-07,0.0,0.0,6,90.0,0.0,,,,,,,,,,,,,,,,,,,,,
95.494287,ATT,3,,-11.99,0.0,90.0,0.0,0.0,-12.0,,0.0,,,,89.99,,,,,,,,,,,,,,,,,,,,,,
95.494287,XKF1,,,,,,,,,,,,,,,,97.37155253534395,97.34212493896484,,,4.982012557919498,,,,,,2.3937325477600098,4.981901584901358,,,,,,4.979578495025635,,4.979578495025635,0.15571492910385132
95.494287,POS,,,,,,,,,,,,,,,,97.36833953903003,97.33919271831668,,,,,37.4275214,-122.1685989,,,2.382248000155016,,,,29.160764694213867,,,,,,
95.504283,GUIA,,0.0,,,,,,-11.999999046325684,0.0,1.5919019347165886e-07,0.0,0.0,6,90.0,0.0,,,,,,,,,,,,,,,,,,,,,
95.524275,GUIA,,0.0,,,,,,-11.999999046325684,0.0,1.5919019347165886e-07,0.0,0.0,6,90.0,0.0,,,,,,,,,,,,,,,,,,,,,
95.579253,GUIA,,0.0,,,,,,-11.999999046325684,0.0,1.5919019347165886e-07,0.0,0.0,6,90.0,0.0,,,,,,,,,,,,,,,,,,,,,
95.589249,GUIA,,0.0,,,,,,-11.999999046325684,0.0,1.5919019347165886e-07,0.0,0.0,6,90.0,0.0,,,,,,,,,,,,,,,,,,,,,
95.594247,ATT,3,,-11.99,0.0,90.0,0.0,0.0,-12.0,,0.0,,,,89.98,,,,,,,,,,,,,,,,,,,,,,
95.594247,XKF1,,,,,,,,,,,,,,,,97.86639889136744,97.83671569824219,,,4.98028523529968,,,,,,2.4102060794830322,4.980172267355339,,,,,,4.977835655212402,,4.977835655212402,0.15618327260017395
95.594247,POS,,,,,,,,,,,,,,,,97.86351364411249,97.83424265025724,,,,,37.4275215,-122.1685933,,,2.3933799994941296,,,,29.16075897216797,,,,,,
95.626734,GUIA,,0.0,,,,,,-11.999999046325684,0.0,1.5919019347165886e-07,0.0,0.0,6,90.0,0.0,,,,,,,,,,,,,,,,,,,,,
95.669217,GUIA,,0.0,,,,,,-11.999999046325684,0.0,1.5919019347165886e-07,0.0,0.0,6,90.0,0.0,,,,,,,,,,,,,,,,,,,,,
95.669217,GUIA,,0.0,,,,,,-11.999999046325684,0.0,1.5919019347165886e-07,0.0,0.0,6,90.0,0.0,,,,,,,,,,,,,,,,,,,,,
95.69420699999999,ATT,3,,-11.99,0.0,90.0,0.0,0.0,-12.0,,0.0,,,,89.98,,,,,,,,,,,,,,,,,,,,,,
95.69420699999999,XKF1,,,,,,,,,,,,,,,,98.36186442651224,98.3319320678711,,,4.978786500300023,,,,,,2.4264190196990967,4.978672736062224,,,,,,4.976327419281006,,4.976327419281006,0.15646223723888397
95.69420699999999,POS,,,,,,,,,,,,,,,,98.35868775774075,98.32929258094154,,,,,37.4275216,-122.1685877,,,2.4045119996242192,,,,29.160642623901367,,,,,,
95.716698,GUIA,,0.0,,,,,,-11.999999046325684,0.0,1.5919019347165886e-07,0.0,0.0,6,90.0,0.0,,,,,,,,,,,,,,,,,,,,,
95.739189,GUIA,,0.0,,,,,,-11.999999046325684,0.0,1.5919019347165886e-07,0.0,0.0,6,90.0,0.0,,,,,,,,,,,,,,,,,,,,,
95.756682,GUIA,,0.0,,,,,,-11.999999046325684,0.0,1.5919019347165886e-07,0.0,0.0,6,90.0,0.0,,,,,,,,,,,,,,,,,,,,,
95.795,ATT,3,,-11.99,0.0,90.0,0.0,0.0,-12.0,,0.0,,,,89.98,,,,,,,,,,,,,,,,,,,,,,
95.795,XKF1,,,,,,,,,,,,,,,,98.85620344735011,98.82601165771484,,,4.977122199484781,,,,,,2.4430267810821533,4.9770063376679765,,,,,,4.974647045135498,,4.974647045135498,0.15694637596607208
95.795,POS,,,,,,,,,,,,,,,,98.85413453597705,98.8243425128821,,,,,37.4275218,-122.1685821,,,2.4267759998843985,,,,29.16067123413086,,,,,,
95.804996,GUIA,,0.0,,,,,,-11.999999046325684,0.0,1.5919019347165886e-07,0.0,0.0,6,90.0,0.0,,,,,,,,,,,,,,,,,,,,,
95.804996,GUIA,,0.0,,,,,,-11.999999046325684,0.0,1.5919019347165886e-07,0.0,0.0,6,90.0,0.0,,,,,,,,,,,,,,,,,,,,,
95.86997,GUIA,,0.0,,,,,,-11.999999046325684,0.0,1.5919019347165886e-07,0.0,0.0,6,90.0,0.0,,,,,,,,,,,,,,,,,,,,,
95.86997,GUIA,,0.0,,,,,,-11.999999046325684,0.0,1.5919019347165886e-07,0.0,0.0,6,90.0,0.0,,,,,,,,,,,,,,,,,,,,,
95.884964,GUIA,,0.0,,,,,,-11.999999046325684,0.0,1.5919019347165886e-07,0.0,0.0,6,90.0,0.0,,,,,,,,,,,,,,,,,,,,,
95.884964,GUIA,,0.0,,,,,,-11.999999046325684,0.0,1.5919019347165886e-07,0.0,0.0,6,90.0,0.0,,,,,,,,,,,,,,,,,,,,,
95.89496,ATT,3,,-11.99,0.0,90.0,0.0,0.0,-12.0,,0.0,,,,89.98,,,,,,,,,,,,,,,,,,,,,,
95.89496,XKF1,,,,,,,,,,,,,,,,99.35216550282802,99.32171630859375,,,4.976131826634986,,,,,,2.4595649242401123,4.976014761729391,,,,,,4.973644733428955,,4.973644733428955,0.1573086827993393
95.89496,POS,,,,,,,,,,,,,,,,99.34930855710917,99.31939244356639,,,,,37.4275219,-122.1685765,,,2.437908000014488,,,,29.160646438598633,,,,,,
95.909954,GUIA,,0.0,,,,,,-11.999999046325684,0.0,1.5919019347165886e-07,0.0,0.0,6,90.0,0.0,,,,,,,,,,,,,,,,,,,,,
95.98742299999999,GUIA,,0.0,,,,,,-11.999999046325684,0.0,1.5919019347165886e-07,0.0,0.0,6,90.0,0.0,,,,,,,,,,,,,,,,,,,,,
95.99492,ATT,3,,-11.99,0.0,90.0,0.0,0.0,-12.0,,0.0,,,,89.98,,,,,,,,,,,,,,,,,,,,,,
95.99492,XKF1,,,,,,,,,,,,,,,,99.85082708379636,99.82011413574219,,,4.976196272002347,,,,,,2.4763851165771484,4.976077414634715,,,,,,4.97369384765625,,4.97369384765625,0.15779368579387665
95.99492,POS,,,,,,,,,,,,,,,,99.84475626065523,99.81444237425067,,,,,37.4275221,-122.1685709,,,2.4601719994836913,,,,29.16068458557129,,,,,,
96.039902,GUIA,,0.0,,,,,,-11.999999046325684,0.0,1.5919019347165886e-07,0.0,0.0,6,90.0,0.0,,,,,,,,,,,,,,,,,,,,,
96.039902,GUIA,,0.0,,,,,,-11.999999046325684,0.0,1.5919019347165886e-07,0.0,0.0,6,90.0,0.0,,,,,,,,,,,,,,,,,,,,,
96.087383,MSG,,,,,,,,,,,,,,,,,,,,,,,,,,,,,,,,,,Fence Breached,,
96.087383,MODE,,,,,,,,,,,,,,,,,,,,,,,,RTL,,,,10,FENCE_BREACHED,,,,,,,
96.087383,ERR,,,,,,,,,,,,,,,,,,2,2,,,,,,,,,,,,9,FAILSAFE_FENCE,,,,
96.09488,ATT,3,,-11.99,0.0,90.0,0.0,0.0,-12.0,,0.0,,,,89.98,,,,,,,,,,,,,,,,,,,,,,
96.09488,XKF1,,,,,,,,,,,,,,,,100.34993606295671,100.31896209716797,,,4.976472303502025,,,,,,2.4930927753448486,4.976352785213779,,,,,,4.973959922790527,,4.973959922790527,0.1581115871667862
96.09488,POS,,,,,,,,,,,,,,,,100.3487676836643,100.31833248300892,,,,,37.4275222,-122.1685652,,,2.471303999613781,,,,29.160663604736328,,,,,,
96.19484,ATT,3,,-9.65,0.09,90.0,0.0,0.0,-10.14,,0.07,,,,89.98,,,,,,,,,,,,,,,,,,,,,,
96.19484,XKF1,,,,,,,,,,,,,,,,100.85456870280842,100.82332611083984,,,4.966449182035123,,,,,,2.510167360305786,4.966329935676783,,,,,,4.963934898376465,,4.963934898376465,0.1580120325088501
96.19484,POS,,,,,,,,,,,,,,,,100.85305374510898,100.82222259176716,,,,,37.4275224,-122.1685595,,,2.49356799987396,,,,29.160730361938477,,,,,,
96.2948,ATT,3,,-5.95,0.3,90.01,0.0,0.01,-6.31,,0.28,,,,90.0,,,,,,,,,,,,,,,,,,,,,,
96.2948,XKF1,,,,,,,,,,,,,,,,101.3509912724234,101.31948852539062,,,4.900440995731069,,,,,,2.52679181098938,4.900329787595957,,,,,,4.897983551025391,,4.897983551025391,0.1551743745803833
96.2948,POS,,,,,,,,,,,,,,,,101.34822757936477,101.31727252245145,,,,,37.4275225,-122.1685539,,,2.50470000000405,,,,29.16099739074707,,,,,,
96.39476,ATT,3,,-3.3,0.5,90.03,0.0,0.02,-3.33,,0.49,,,,90.02,,,,,,,,,,,,,,,,,,,,,,
96.39476,XKF1,,,,,,,,,,,,,,,,101.83808614493967,101.80632781982422,,,4.778821469914025,,,,,,2.54310941696167,4.778730525780612,,,,,,4.776504039764404,,4.776504039764404,0.14880792796611786
96.39476,POS,,,,,,,,,,,,,,,,101.83483957192273,101.80348227631806,,,,,37.4275227,-122.1685484,,,2.526963999473253,,,,29.161540985107422,,,,,,
96.41975,ERR,,,,,,,,,,,,,,,,,,0,0,,,,,,,,,,,,9,FAILSAFE_FENCE,,,,
96.49472,ATT,3,,-1.37,0.6,90.05,0.01,0.02,-1.25,,0.61,,,,90.04,,,,,,,,,,,,,,,,,,,,,,
96.49472,XKF1,,,,,,,,,,,,,,,,102.31072586194371,102.27873229980469,,,4.622501153484324,,,,,,2.5584263801574707,4.622438531717008,,,,,,4.620391368865967,,4.620391368865967,0.13964423537254333
96.49472,POS,,,,,,,,,,,,,,,,102.30350093555666,102.27201167654931,,,,,37.4275228,-122.1685431,,,2.5380959996033425,,,,29.162099838256836,,,,,,
96.59468,ATT,3,,0.39,0.6,90.07,0.01,0.02,0.51,,0.62,,,,90.06,,,,,,,,,,,,,,,,,,,,,,
96.59468,XKF1,,,,,,,,,,,,,,,,102.7670067207031,102.73479461669922,,,4.443968022887238,,,,,,2.5728671550750732,4.443929845496679,,,,,,4.442075729370117,,4.442075729370117,0.12967267632484436
96.59468,POS,,,,,,,,,,,,,,,,102.7636015942031,102.73170089745034,,,,,37.427523,-122.1685379,,,2.560359999863522,,,,29.162744522094727,,,,,,
96.69463999999999,ATT,3,,2.18,0.56,90.08,0.01,0.02,2.26,,0.58,,,,90.07,,,,,,,,,,,,,,,,,,,,,,
96.69463999999999,XKF1,,,,,,,,,,,,,,,,103.20410698527438,103.17169952392578,,,4.246108677687548,,,,,,2.58613920211792,4.246086039764769,,,,,,4.244405269622803,,4.244405269622803,0.12026142328977585
96.69463999999999,POS,,,,,,,,,,,,,,,,103.19691317182944,103.16486958789834,,,,,37.4275231,-122.168533,,,2.5714919999936114,,,,29.163270950317383,,,,,,
96.752117,ERR,,,,,,,,,,,,,,,,,,0,0,,,,,,,,,,,,9,FAILSAFE_FENCE,,,,
96.7946,ATT,3,,4.08,0.55,90.1,0.01,0.02,4.12,,0.55,,,,90.08,,,,,,,,,,,,,,,,,,,,,,
96.7946,XKF1,,,,,,,,,,,,,,,,103.62108251868628,103.58849334716797,,,4.029119960527122,,,,,,2.5986127853393555,4.029105889077477,,,,,,4.027571678161621,,4.027571678161621,0.11168721318244934
96.7946,POS,,,,,,,,,,,,,,,,103.62138731836922,103.58919810027237,,,,,37.4275232,-122.1685282,,,2.582624000123701,,,,29.163713455200195,,,,,,
96.89456,ATT,3,,6.19,0.52,90.12,0.01,0.03,6.19,,0.53,,,,90.09,,,,,,,,,,,,,,,,,,,,,,
96.89456,XKF1,,,,,,,,,,,,,,,,104.01487702610409,103.98212432861328,,,3.790581533339499,,,,,,2.610069513320923,3.7905724019553464,,,,,,3.789170026779175,,3.789170026779175,0.10343533754348755
96.89456,POS,,,,,,,,,,,,,,,,104.01051175101526,103.97816590286315,,,,,37.4275233,-122.1685238,,,2.5937559994628145,,,,29.163997650146484,,,,,,
96.99452,ATT,3,,8.54,0.48,90.14,0.01,0.03,8.54,,0.48,,,,90.1,,,,,,,,,,,,,,,,,,,,,,
96.99452,XKF1,,,,,,,,,,,,,,,,104.38408065434983,104.3511734008789,,,3.526883466643914,,,,,,2.620859384536743,3.5268754975890793,,,,,,3.5255753993988037,,3.5255753993988037,0.09604733437299728
96.99452,POS,,,,,,,,,,,,,,,,104.38196135498596,104.34945335181857,,,,,37.4275234,-122.1685196,,,2.604887999592904,,,,29.164085388183594,,,,,,
97.084484,ERR,,,,,,,,,,,,,,,,,,0,0,,,,,,,,,,,,9,FAILSAFE_FENCE,,,,
97.09448,ATT,3,,10.49,0.48,90.16,0.01,0.03,10.59,,0.46,,,,90.11,,,,,,,,,,,,,,,,,,,,,,
97.09448,XKF1,,,,,,,,,,,,,,,,104.72511360388316,104.69207000732422,,,3.237615742926512,,,,,,2.6305696964263916,3.237606142108749,,,,,,3.23638653755188,,3.23638653755188,0.08920694142580032
97.09448,POS,,,,,,,,,,,,,,,,104.71806131434133,104.68538009099073,,,,,37.4275235,-122.1685158,,,2.616019999722994,,,,29.163793563842773,,,,,,
97.19444,ATT,3,,11.89,0.53,90.17,0.01,0.03,12.05,,0.52,,,,90.11,,,,,,,,,,,,,,,,,,,,,,
97.19444,XKF1,,,,,,,,,,,,,,,,105.0366802272561,105.0035171508789,,,2.9316042342385273,,,,,,2.6392383575439453,2.9315931011863063,,,,,,2.930464506149292,,2.930464506149292,0.08173839002847672
97.19444,POS,,,,,,,,,,,,,,,,105.03648652058303,105.00362647527126,,,,,37.4275236,-122.1685122,,,2.6271519998530835,,,,29.1633243560791,,,,,,
97.2944,ATT,3,,12.85,0.62,90.18,0.01,0.03,13.02,,0.61,,,,90.11,,,,,,,,,,,,,,,,,,,,,,
97.2944,XKF1,,,,,,,,,,,,,,,,105.31626388184674,105.28299713134766,,,2.617314981021845,,,,,,2.646876096725464,2.6173057817058822,,,,,,2.616304636001587,,2.616304636001587,0.07271699607372284
97.2944,POS,,,,,,,,,,,,,,,,105.31044650781125,105.27767197295086,,,,,37.4275236,-122.1685091,,,2.6271519998530835,,,,29.16274070739746,,,,,,
97.39435999999999,ATT,3,,13.57,0.65,90.19,0.01,0.03,13.7,,0.65,,,,90.1,,,,,,,,,,,,,,,,,,,,,,
97.39435999999999,XKF1,,,,,,,,,,,,,,,,105.56577481853239,105.53244018554688,,,2.303996314051018,,,,,,2.652712106704712,2.303993064790698,,,,,,2.303168296813965,,2.303168296813965,0.06176416203379631
97.39435999999999,POS,,,,,,,,,,,,,,,,105.55817226154271,105.52519693766487,,,,,37.4275237,-122.1685063,,,2.638283999983173,,,,29.162588119506836,,,,,,
97.416851,ERR,,,,,,,,,,,,,,,,,,0,0,,,,,,,,,,,,9,FAILSAFE_FENCE,,,,
97.49432,ATT,3,,14.09,0.63,90.2,0.01,0.02,14.18,,0.65,,,,90.09,,,,,,,,,,,,,,,,,,,,,,
97.49432,XKF1,,,,,,,,,,,,,,,,105.7831333789615,105.74974822998047,,,1.992417964026869,,,,,,2.6574530601501465,1.992417813530401,,,,,,1.991769552230835,,1.991769552230835,0.05082710087299347
97.49432,POS,,,,,,,,,,,,,,,,105.77910780043693,105.74620137192584,,,,,37.4275237,-122.1685038,,,2.638283999983173,,,,29.162609100341797,,,,,,
97.59428,ATT,3,,14.44,0.58,90.2,0.01,0.02,14.5,,0.59,,,,90.08,,,,,,,,,,,,,,,,,,,,,,
97.59428,XKF1,,,,,,,,,,,,,,,,105.97146101473034,105.93806457519531,,,1.6877223520150026,,,,,,2.6602675914764404,1.6877199755816663,,,,,,1.6872591972351074,,1.6872591972351074,0.039536550641059875
97.59428,POS,,,,,,,,,,,,,,,,105.964693874861,105.93184509640355,,,,,37.4275237,-122.1685017,,,2.638283999983173,,,,29.162982940673828,,,,,,
97.69424,ATT,3,,14.6,0.53,90.2,0.01,0.02,14.66,,0.52,,,,90.07,,,,,,,,,,,,,,,,,,,,,,
97.69424,XKF1,,,,,,,,,,,,,,,,106.12851184775144,106.0951156616211,,,1.3886076914560488,,,,,,2.6622283458709717,1.3885992144343042,,,,,,1.3882839679718018,,1.3882839679718018,0.029982412233948708
97.69424,POS,,,,,,,,,,,,,,,,106.12404514250852,106.09096828791569,,,,,37.4275238,-122.1684999,,,2.6494160001132627,,,,29.163480758666992,,,,,,
97.749218,ERR,,,,,,,,,,,,,,,,,,0,0,,,,,,,,,,,,9,FAILSAFE_FENCE,,,,
97.7942,ATT,3,,14.6,0.46,90.2,0.01,0.02,14.64,,0.47,,,,90.06,,,,,,,,,,,,,,,,,,,,,,
97.7942,XKF1,,,,,,,,,,,,,,,,106.25828521401071,106.22492980957031,,,1.1006287642394486,,,,,,2.662229061126709,1.1006057054312925,,,,,,1.1004387140274048,,1.1004387140274048,0.0204527098685503
97.7942,POS,,,,,,,,,,,,,,,,106.25660652414344,106.2235709477185,,,,,37.4275238,-122.1684984,,,2.6494160001132627,,,,29.16424560546875,,,,,,
97.894993,ATT,3,,14.45,0.4,90.2,0.01,0.01,14.49,,0.4,,,,90.06,,,,,,,,,,,,,,,,,,,,,,
97.894993,XKF1,,,,,,,,,,,,,,,,106.35836261572685,106.3250503540039,,,0.8223649611455481,,,,,,2.661759853363037,0.8223272302300262,,,,,,0.8222668170928955,,0.8222668170928955,0.012704756110906601
97.894993,POS,,,,,,,,,,,,,,,,106.35381827017127,106.32081289899433,,,,,37.4275238,-122.1684973,,,2.6494160001132627,,,,29.16505241394043,,,,,,
97.994953,ATT,3,,14.18,0.33,90.2,0.01,0.01,14.2,,0.33,,,,90.06,,,,,,,,,,,,,,,,,,,,,,
97.994953,XKF1,,,,,,,,,,,,,,,,106.43306809497861,106.39983367919922,,,0.5583237684129367,,,,,,2.6595821380615234,0.5582551777223478,,,,,,0.5582995414733887,,0.5582995414733887,0.0052011888474226
97.994953,POS,,,,,,,,,,,,,,,,106.4330786702206,106.40037449537853,,,,,37.4275237,-122.1684964,,,2.638283999983173,,,,29.165992736816406,,,,,,
98.082418,ERR,,,,,,,,,,,,,,,,,,0,0,,,,,,,,,,,,9,FAILSAFE_FENCE,,,,
98.09491299999999,ATT,3,,13.76,0.27,90.2,0.01,0.01,13.78,,0.26,,,,90.06,,,,,,,,,,,,,,,,,,,,,,
98.09491299999999,XKF1,,,,,,,,,,,,,,,,106.48057310103236,106.44741821289062,,,0.30705110085693227,,,,,,2.656991481781006,0.3069413868643034,,,,,,0.3070506155490875,,0.3070506155490875,-0.0005459197564050555
98.09491299999999,POS,,,,,,,,,,,,,,,,106.47726598065184,106.44457538197948,,,,,37.4275237,-122.1684959,,,2.638283999983173,,,,29.166868209838867,,,,,,
98.194873,ATT,3,,13.21,0.2,90.2,0.01,0.01,13.22,,0.19,,,,90.07,,,,,,,,,,,,,,,,,,,,,,
98.194873,XKF1,,,,,,,,,,,,,,,,106.50273429162993,106.46967315673828,,,0.0687029779418446,,,,,,2.6535089015960693,0.06832153922389154,,,,,,0.06848045438528061,,0.06848045438528061,-0.005525083281099796
98.194873,POS,,,,,,,,,,,,,,,,106.49494090823052,106.4622557368711,,,,,37.4275237,-122.1684957,,,2.638283999983173,,,,29.167652130126953,,,,,,
98.294833,ATT,3,,12.54,0.15,90.19,0.01,0.0,12.54,,0.14,,,,90.09,,,,,,,,,,,,,,,,,,,,,,
98.294833,XKF1,,,,,,,,,,,,,,,,106.50087742059893,106.46790313720703,,,0.15182205229210588,,,,,,2.649998664855957,-0.1517376987371314,,,,,,-0.1515648066997528,,-0.1515648066997528,-0.00883430428802967
98.294833,POS,,,,,,,,,,,,,,,,106.49494090823052,106.4622557368711,,,,,37.4275237,-122.1684957,,,2.638283999983173,,,,29.16826629638672,,,,,,
98.39479299999999,ATT,3,,11.82,0.11,90.19,0.01,0.0,11.81,,0.1,,,,90.11,,,,,,,,,,,,,,,,,,,,,,
98.39479299999999,XKF1,,,,,,,,,,,,,,,,106.47730375439849,106.44441986083984,,,0.3541923157355531,,,,,,2.646071672439575,-0.3541813379734769,,,,,,-0.3540026545524597,,-0.3540026545524597,-0.011589525267481804
98.39479299999999,POS,,,,,,,,,,,,,,,,106.48582822030491,106.45341555879715,,,,,37.4275236,-122.1684958,,,2.6271519998530835,,,,29.16874122619629,,,,,,
98.414785,ERR,,,,,,,,,,,,,,,,,,0,0,,,,,,,,,,,,9,FAILSAFE_FENCE,,,,
98.494753,ATT,3,,11.06,0.08,90.19,0.01,0.0,11.05,,0.08,,,,90.13,,,,,,,,,,,,,,,,,,,,,,
98.494753,XKF1,,,,,,,,,,,,,,,,106.43377575353871,106.40097045898438,,,0.5382373192360367,,,,,,2.6423676013946533,-0.5382373192019065,,,,,,-0.5380715727806091,,-0.5380715727806091,-0.013356436043977737
98.494753,POS,,,,,,,,,,,,,,,,106.4416407933656,106.40921467219621,,,,,37.4275236,-122.1684963,,,2.6271519998530835,,,,29.16900634765625,,,,,,
98.594713,ATT,3,,10.32,0.05,90.19,0.01,0.0,10.3,,0.05,,,,90.15,,,,,,,,,,,,,,,,,,,,,,
98.594713,XKF1,,,,,,,,,,,,,,,,106.37230664843577,106.3395767211914,,,0.7040690640830309,,,,,,2.638568639755249,-0.7040637663999357,,,,,,-0.7039148807525635,,-0.7039148807525635,-0.014733894728124142
98.594713,POS,,,,,,,,,,,,,,,,106.3797784141873,106.34733343070364,,,,,37.4275236,-122.168497,,,2.6271519998530835,,,,29.169143676757812,,,,,,
98.694673,ATT,3,,9.65,0.03,90.19,0.01,0.0,9.6,,0.04,,,,90.18,,,,,,,,,,,,,,,,,,,,,,
98.694673,XKF1,,,,,,,,,,,,,,,,106.29479698520589,106.26213073730469,,,0.8527043154564354,,,,,,2.635040283203125,-0.8526830966560643,,,,,,-0.8525701761245728,,-0.8525701761245728,-0.015124297700822353
98.694673,POS,,,,,,,,,,,,,,,,106.3002411016142,106.26777183431945,,,,,37.4275236,-122.1684979,,,2.6271519998530835,,,,29.16910171508789,,,,,,
98.747152,ERR,,,,,,,,,,,,,,,,,,0,0,,,,,,,,,,,,9,FAILSAFE_FENCE,,,,
98.794633,ATT,3,,9.07,0.02,90.19,0.01,0.0,9.01,,0.03,,,,90.21,,,,,,,,,,,,,,,,,,,,,,
98.794633,XKF1,,,,,,,,,,,,,,,,106.20303872450347,106.1704330444336,,,0.985884654015723,,,,,,2.631459951400757,-0.9858448767008567,,,,,,-0.9857616424560547,,-0.9857616424560547,-0.015573544427752495
98.794633,POS,,,,,,,,,,,,,,,,106.21186635308732,106.17937006111757,,,,,37.4275236,-122.1684989,,,2.6271519998530835,,,,29.16898536682129,,,,,,
98.894593,ATT,3,,8.59,0.02,90.19,0.01,0.0,8.52,,0.03,,,,90.23,,,,,,,,,,,,,,,,,,,,,,
98.894593,XKF1,,,,,,,,,,,,,,,,106.09847652503446,106.06591796875,,,1.105756623616256,,,,,,2.628262996673584,-1.105693700790651,,,,,,-1.1056466102600098,,-1.1056466102600098,-0.015597560442984104
98.894593,POS,,,,,,,,,,,,,,,,106.1058167140358,106.07328793302405,,,,,37.4275236,-122.1685001,,,2.6271519998530835,,,,29.168733596801758,,,,,,
98.994553,ATT,3,,8.23,0.02,90.19,0.01,0.0,8.15,,0.04,,,,90.25,,,,,,,,,,,,,,,,,,,,,,
98.994553,XKF1,,,,,,,,,,,,,,,,105.9824626512556,105.94994354248047,,,1.2145220013517688,,,,,,2.6252338886260986,-1.2144364291666896,,,,,,-1.2144209146499634,,-1.2144209146499634,-0.01566951908171177
98.994553,POS,,,,,,,,,,,,,,,,105.99065433904916,105.95836562811286,,,,,37.4275235,-122.1685014,,,2.616019999722994,,,,29.168399810791016,,,,,,
99.079519,ERR,,,,,,,,,,,,,,,,,,0,0,,,,,,,,,,,,9,FAILSAFE_FENCE,,,,
99.09451299999999,ATT,3,,7.98,0.04,90.19,0.01,0.0,7.92,,0.05,,,,90.26,,,,,,,,,,,,,,,,,,,,,,
99.09451299999999,XKF1,,,,,,,,,,,,,,,,105.85583865815103,105.82334899902344,,,1.3147435550438875,,,,,,2.622476816177368,-1.3146348711620794,,,,,,-1.3146501779556274,,-1.3146501779556274,-0.015669241547584534
99.09451299999999,POS,,,,,,,,,,,,,,,,105.85809212556161,105.82576296831003,,,,,37.4275235,-122.1685029,,,2.616019999722994,,,,29.168010711669922,,,,,,
99.194473,ATT,3,,7.8,0.05,90.19,0.01,0.0,7.75,,0.06,,,,90.27,,,,,,,,,,,,,,,,,,,,,,
99.194473,XKF1,,,,,,,,,,,,,,,,105.71935391618547,105.6868896484375,,,1.4085311790953179,,,,,,2.6197612285614014,-1.4084010815478143,,,,,,-1.4084429740905762,,-1.4084429740905762,-0.015762969851493835
99.194473,POS,,,,,,,,,,,,,,,,105.72553001225957,105.69316030725095,,,,,37.4275235,-122.1685044,,,2.616019999722994,,,,29.16765594482422,,,,,,
99.294433,ATT,3,,7.72,0.08,90.19,0.01,0.0,7.68,,0.08,,,,90.28,,,,,,,,,,,,,,,,,,,,,,
99.294433,XKF1,,,,,,,,,,,,,,,,105.57360245161975,105.54115295410156,,,1.4971125643039198,,,,,,2.617358922958374,-1.496961251493238,,,,,,-1.4970288276672363,,-1.4970288276672363,-0.01583411917090416
99.294433,POS,,,,,,,,,,,,,,,,105.5752930748032,105.5428772925565,,,,,37.4275235,-122.1685061,,,2.616019999722994,,,,29.167264938354492,,,,,,
99.394393,ATT,3,,7.73,0.11,90.19,0.01,0.0,7.7,,0.11,,,,90.28,,,,,,,,,,,,,,,,,,,,,,
99.394393,XKF1,,,,,,,,,,,,,,,,105.41884852090372,105.38640594482422,,,1.582499093560076,,,,,,2.6151607036590576,-1.5823337452672799,,,,,,-1.5824142694473267,,-1.5824142694473267,-0.016384778544306755
99.394393,POS,,,,,,,,,,,,,,,,105.42478062632364,105.39259427786205,,,,,37.4275234,-122.1685078,,,2.604887999592904,,,,29.166885375976562,,,,,,
99.411886,ERR,,,,,,,,,,,,,,,,,,0,0,,,,,,,,,,,,9,FAILSAFE_FENCE,,,,
99.494353,ATT,3,,7.82,0.14,90.19,0.01,0.0,7.8,,0.15,,,,90.28,,,,,,,,,,,,,,,,,,,,,,
99.494353,XKF1,,,,,,,,,,,,,,,,105.25574622894254,105.22330474853516,,,1.6658111202976336,,,,,,2.6130924224853516,-1.6656378543482127,,,,,,-1.6657209396362305,,-1.6657209396362305,-0.017333198338747025
99.494353,POS,,,,,,,,,,,,,,,,105.25686861803048,105.22463090827597,,,,,37.4275234,-122.1685097,,,2.604887999592904,,,,29.16649627685547,,,,,,
99.594313,ATT,3,,8.05,0.17,90.19,0.01,0.0,8.02,,0.18,,,,90.28,,,,,,,,,,,,,,,,,,,,,,
99.594313,XKF1,,,,,,,,,,,,,,,,105.08616131414936,105.0537109375,,,1.7479843096879162,,,,,,2.6113440990448,-1.7478084421965836,,,,,,-1.7478848695755005,,-1.7478848695755005,-0.018644828349351883
99.594313,POS,,,,,,,,,,,,,,,,105.08895677389343,105.0566675386899,,,,,37.4275234,-122.1685116,,,2.604887999592904,,,,29.1662654876709,,,,,,
99.694273,ATT,3,,8.39,0.21,90.19,0.01,0.0,8.36,,0.21,,,,90.28,,,,,,,,,,,,,,,,,,,,,,
99.694273,XKF1,,,,,,,,,,,,,,,,104.90787892829448,104.87541961669922,,,1.8322444838363205,,,,,,2.6094868183135986,-1.832071918186851,,,,,,-1.8321305513381958,,-1.8321305513381958,-0.02043260633945465
99.694273,POS,,,,,,,,,,,,,,,,104.91220764301389,104.87986399228613,,,,,37.4275234,-122.1685136,,,2.604887999592904,,,,29.166006088256836,,,,,,
99.744253,ERR,,,,,,,,,,,,,,,,,,0,0,,,,,,,,,,,,9,FAILSAFE_FENCE,,,,
99.79423299999999,ATT,3,,8.8,0.25,90.19,0.01,0.0,8.77,,0.25,,,,90.27,,,,,,,,,,,,,,,,,,,,,,
99.79423299999999,XKF1,,,,,,,,,,,,,,,,104.7218689945901,104.68939971923828,,,1.9195530716083014,,,,,,2.607572078704834,-1.9193887280037372,,,,,,-1.9194190502166748,,-1.9194190502166748,-0.022682689130306244
99.79423299999999,POS,,,,,,,,,,,,,,,,104.72662125254882,104.69422026780842,,,,,37.4275234,-122.1685157,,,2.604887999592904,,,,29.165817260742188,,,,,,
99.894193,ATT,3,,9.28,0.28,90.19,0.01,0.0,9.25,,0.28,,,,90.26,,,,,,,,,,,,,,,,,,,,,,
99.894193,XKF1,,,,,,,,,,,,,,,,104.52641070696977,104.49393463134766,,,2.01145184821531,,,,,,2.605409860610962,-2.011301727407389,,,,,,-2.011289358139038,,-2.011289358139038,-0.025566687807440758
99.894193,POS,,,,,,,,,,,,,,,,104.5321976338446,104.49973636651302,,,,,37.4275234,-122.1685179,,,2.604887999592904,,,,29.165634155273438,,,,,,
99.994986,ATT,3,,9.86,0.32,90.2,0.01,0.0,9.81,,0.32,,,,90.24,,,,,,,,,,,,,,,,,,,,,,
99.994986,XKF1,,,,,,,,,,,,,,,,104.32227392968696,104.28978729248047,,,2.1084524889967633,,,,,,2.6032872200012207,-2.1083188634784835,,,,,,-2.1082546710968018,,-2.1082546710968018,-0.028881484642624855
99.994986,POS,,,,,,,,,,,,,,,,104.32865946687231,104.29641228714368,,,,,37.4275233,-122.1685202,,,2.5937559994628145,,,,29.165578842163086,,,,,,
100.07745299999999,ERR,,,,,,,,,,,,,,,,,,0,0,,,,,,,,,,,,9,FAILSAFE_FENCE,,,,
100.094946,ATT,3,,10.5,0.35,90.2,0.01,0.0,10.47,,0.36,,,,90.23,,,,,,,,,,,,,,,,,,,,,,
100.094946,XKF1,,,,,,,,,,,,,,,,104.10745036490825,104.07495880126953,,,2.2127411807397945,,,,,,2.600802183151245,-2.2126270397564536,,,,,,-2.2124979496002197,,-2.2124979496002197,-0.032807864248752594
100.094946,POS,,,,,,,,,,,,,,,,104.11656092262392,104.08424803095667,,,,,37.4275233,-122.1685226,,,2.5937559994628145,,,,29.165498733520508,,,,,,
100.194906,ATT,3,,11.16,0.39,90.21,0.01,0.0,11.14,,0.39,,,,90.21,,,,,,,,,,,,,,,,,,,,,,
100.194906,XKF1,,,,,,,,,,,,,,,,103.88104203344821,103.84854125976562,,,2.324771352994657,,,,,,2.5983402729034424,-2.324675354485889,,,,,,-2.324476480484009,,-2.324476480484009,-0.037026144564151764
100.194906,POS,,,,,,,,,,,,,,,,103.88678780231642,103.85440341987801,,,,,37.4275233,-122.1685252,,,2.5937559994628145,,,,29.16544532775879,,,,,,
100.294866,ATT,3,,11.87,0.43,90.21,0.01,0.0,11.86,,0.43,,,,90.19,,,,,,,,,,,,,,,,,,,,,,
100.294866,XKF1,,,,,,,,,,,,,,,,103.64076727766525,103.60826873779297,,,2.4455497719986266,,,,,,2.5952439308166504,-2.445473999167154,,,,,,-2.4451892375946045,,-2.4451892375946045,-0.041991423815488815
100.294866,POS,,,,,,,,,,,,,,,,103.648177590379,103.61571863198168,,,,,37.4275233,-122.1685279,,,2.5937559994628145,,,,29.165382385253906,,,,,,
100.394826,ATT,3,,12.61,0.46,90.22,0.01,0.0,12.61,,0.46,,,,90.18,,,,,,,,,,,,,,,,,,,,,,
100.394826,XKF1,,,,,,,,,,,,,,,,103.38965505464397,103.35716247558594,,,2.5734659469908068,,,,,,2.591859817504883,-2.573407753010628,,,,,,-2.573032855987549,,-2.573032855987549,-0.04721125215291977
100.394826,POS,,,,,,,,,,,,,,,,103.39161426552019,103.35935348919372,,,,,37.4275232,-122.1685308,,,2.582624000123701,,,,29.16536521911621,,,,,,
100.40982,ERR,,,,,,,,,,,,,,,,,,0,0,,,,,,,,,,,,9,FAILSAFE_FENCE,,,,
100.494786,ATT,3,,13.35,0.48,90.22,0.0,0.0,13.37,,0.48,,,,90.17,,,,,,,,,,,,,,,,,,,,,,
100.494786,XKF1,,,,,,,,,,,,,,,,103.12530732158696,103.09283447265625,,,2.7093568554257796,,,,,,2.5877578258514404,-2.709315169452534,,,,,,-2.708839178085327,,-2.708839178085327,-0.052961092442274094
100.494786,POS,,,,,,,,,,,,,,,,103.12649190814147,103.09414816833181,,,,,37.4275232,-122.1685338,,,2.582624000123701,,,,29.16534423828125,,,,,,
100.594746,ATT,3,,14.0,0.51,90.23,0.0,0.0,14.03,,0.49,,,,90.16,,,,,,,,,,,,,,,,,,,,,,
100.594746,XKF1,,,,,,,,,,,,,,,,102.84694459657544,102.81449890136719,,,2.852171361385864,,,,,,2.583181858062744,-2.8521423150442176,,,,,,-2.8515658378601074,,-2.8515658378601074,-0.05876858904957771
100.594746,POS,,,,,,,,,,,,,,,,102.85253258879666,102.82010267065222,,,,,37.4275232,-122.1685369,,,2.582624000123701,,,,29.165372848510742,,,,,,
100.694706,ATT,3,,14.57,0.52,90.23,0.0,0.0,14.61,,0.5,,,,90.16,,,,,,,,,,,,,,,,,,,,,,
100.694706,XKF1,,,,,,,,,,,,,,,,102.55404895926252,102.52164459228516,,,2.999603519959039,,,,,,2.577857255935669,-2.9995848192783545,,,,,,-2.998903274536133,,-2.998903274536133,-0.06481070071458817
100.694706,POS,,,,,,,,,,,,,,,,102.56061926643211,102.52837681933727,,,,,37.4275231,-122.1685402,,,2.5714919999936114,,,,29.165420532226562,,,,,,
100.742187,ERR,,,,,,,,,,,,,,,,,,0,0,,,,,,,,,,,,9,FAILSAFE_FENCE,,,,
100.79466599999999,ATT,3,,15.12,0.54,90.24,0.0,0.0,15.15,,0.51,,,,90.16,,,,,,,,,,,,,,,,,,,,,,
100.79466599999999,XKF1,,,,,,,,,,,,,,,,102.24610795960187,102.21375274658203,,,3.1503743682777845,,,,,,2.572030782699585,-3.150363020767665,,,,,,-3.149578809738159,,-3.149578809738159,-0.07079534977674484
100.79466599999999,POS,,,,,,,,,,,,,,,,102.25131062268727,102.21897061187443,,,,,37.4275231,-122.1685437,,,2.5714919999936114,,,,29.165477752685547,,,,,,
100.894626,ATT,3,,15.7,0.55,90.24,0.0,0.0,15.72,,0.53,,,,90.16,,,,,,,,,,,,,,,,,,,,,,
100.894626,XKF1,,,,,,,,,,,,,,,,101.92304076007784,101.8907470703125,,,3.3041500578824046,,,,,,2.565521240234375,-3.304144297775273,,,,,,-3.303252696990967,,-3.303252696990967,-0.07700145989656448
100.894626,POS,,,,,,,,,,,,,,,,101.92404759793307,101.89188405077621,,,,,37.427523,-122.1685474,,,2.560359999863522,,,,29.165494918823242,,,,,,
100.994586,ATT,3,,16.32,0.57,90.25,0.0,0.0,16.32,,0.55,,,,90.18,,,,,,,,,,,,,,,,,,,,,,
100.994586,XKF1,,,,,,,,,,,,,,,,101.58461027870139,101.55237579345703,,,3.4611849429720114,,,,,,2.5589091777801514,-3.461182587938576,,,,,,-3.460186004638672,,-3.460186004638672,-0.08315060287714005
100.994586,POS,,,,,,,,,,,,,,,,101.58794726182319,101.55595731160405,,,,,37.4275229,-122.1685512,,,2.549227999733432,,,,29.165512084960938,,,,,,
101.07455399999999,ERR,,,,,,,,,,,,,,,,,,0,0,,,,,,,,,,,,9,FAILSAFE_FENCE,,,,
101.094546,ATT,3,,16.98,0.58,90.26,0.0,0.0,16.97,,0.57,,,,90.19,,,,,,,,,,,,,,,,,,,,,,
101.094546,XKF1,,,,,,,,,,,,,,,,101.23030887318596,101.19815063476562,,,3.622097325583044,,,,,,2.551419734954834,-3.6220969584590508,,,,,,-3.6209874153137207,,-3.6209874153137207,-0.08966144174337387
101.094546,POS,,,,,,,,,,,,,,,,101.2344519071857,101.20235021754026,,,,,37.4275229,-122.1685552,,,2.549227999733432,,,,29.165502548217773,,,,,,
101.194506,ATT,3,,17.7,0.59,90.27,0.0,0.0,17.69,,0.57,,,,90.21,,,,,,,,,,,,,,,,,,,,,,
101.194506,XKF1,,,,,,,,,,,,,,,,100.8597344604672,100.8276596069336,,,3.7875841982273277,,,,,,2.5434412956237793,-3.787584155312433,,,,,,-3.786365270614624,,-3.786365270614624,-0.09608379751443863
101.194506,POS,,,,,,,,,,,,,,,,100.86300189041322,100.83106276858484,,,,,37.4275228,-122.1685594,,,2.5380959996033425,,,,29.16547966003418,,,,,,
101.294466,ATT,3,,18.41,0.6,90.27,0.0,0.01,18.39,,0.57,,,,90.23,,,,,,,,,,,,,,,,,,,,,,
101.294466,XKF1,,,,,,,,,,,,,,,,100.4723824607494,100.4404067993164,,,3.9582689012140104,,,,,,2.5346240997314453,-3.958267993874573,,,,,,-3.9569406509399414,,-3.9569406509399414,-0.10253477096557617
101.294466,POS,,,,,,,,,,,,,,,,100.47387714332717,100.44209496599406,,,,,37.4275227,-122.1685638,,,2.526963999473253,,,,29.165435791015625,,,,,,
101.394426,ATT,3,,19.13,0.62,90.28,0.0,0.01,19.12,,0.59,,,,90.25,,,,,,,,,,,,,,,,,,,,,,
101.394426,XKF1,,,,,,,,,,,,,,,,100.0678474098913,100.03597259521484,,,4.133428557928928,,,,,,2.525524139404297,-4.133426367960682,,,,,,-4.132002353668213,,-4.132002353668213,-0.10857344418764114
101.394426,POS,,,,,,,,,,,,,,,,100.07591502982041,100.04428698532932,,,,,37.4275226,-122.1685683,,,2.5158320001341394,,,,29.165420532226562,,,,,,
101.406921,ERR,,,,,,,,,,,,,,,,,,0,0,,,,,,,,,,,,9,FAILSAFE_FENCE,,,,
101.49438599999999,ATT,3,,19.87,0.63,90.29,0.0,0.01,19.87,,0.61,,,,90.28,,,,,,,,,,,,,,,,,,,,,,
101.49438599999999,XKF1,,,,,,,,,,,,,,,,99.64554773828897,99.6137924194336,,,4.313521625705284,,,,,,2.515460968017578,-4.3135171676047666,,,,,,-4.311985969543457,,-4.311985969543457,-0.11509045958518982
101.49438599999999,POS,,,,,,,,,,,,,,,,99.65144077354505,99.61995847295529,,,,,37.4275225,-122.1685731,,,2.50470000000405,,,,29.165380477905273,,,,,,
101.594346,ATT,3,,20.63,0.65,90.3,0.0,0.01,20.62,,0.64,,,,90.3,,,,,,,,,,,,,,,,,,,,,,
101.594346,XKF1,,,,,,,,,,,,,,,,99.20813505704551,99.1764907836914,,,4.496652358495828,,,,,,2.5055413246154785,-4.496645768411269,,,,,,-4.495017051696777,,-4.495017051696777,-0.1212606206536293
101.594346,POS,,,,,,,,,,,,,,,,99.20957216961844,99.17794960568962,,,,,37.4275225,-122.1685781,,,2.50470000000405,,,,29.165504455566406,,,,,,
101.694306,ATT,3,,21.43,0.67,90.31,0.0,0.01,21.42,,0.66,,,,90.32,,,,,,,,,,,,,,,,,,,,,,
101.694306,XKF1,,,,,,,,,,,,,,,,98.75136002601356,98.7198486328125,,,4.685105371992359,,,,,,2.4945125579833984,-4.685095369257869,,,,,,-4.683355808258057,,-4.683355808258057,-0.12802624702453613
101.694306,POS,,,,,,,,,,,,,,,,98.75858578711782,98.72710056160626,,,,,37.4275224,-122.1685832,,,2.49356799987396,,,,29.165578842163086,,,,,,
101.739288,ERR,,,,,,,,,,,,,,,,,,0,0,,,,,,,,,,,,9,FAILSAFE_FENCE,,,,
101.794266,ATT,3,,22.24,0.68,90.32,0.0,0.01,22.23,,0.68,,,,90.34,,,,,,,,,,,,,,,,,,,,,,
101.794266,XKF1,,,,,,,,,,,,,,,,98.27691019571938,98.24552917480469,,,4.877990949077672,,,,,,2.4833595752716064,-4.877978032894023,,,,,,-4.876136779785156,,-4.876136779785156,-0.1344834715127945
101.794266,POS,,,,,,,,,,,,,,,,98.28108733134117,98.24973098455733,,,,,37.4275223,-122.1685886,,,2.4824359997438705,,,,29.165706634521484,,,,,,
101.894226,ATT,3,,23.03,0.69,90.33,0.0,0.01,23.02,,0.71,,,,90.36,,,,,,,,,,,,,,,,,,,,,,
101.894226,XKF1,,,,,,,,,,,,,,,,97.78194512761856,97.75071716308594,,,5.07642016436106,,,,,,2.4710497856140137,-5.076403037806824,,,,,,-5.074448585510254,,-5.074448585510254,-0.14146815240383148
101.894226,POS,,,,,,,,,,,,,,,,97.78563347553407,97.75468105387304,,,,,37.4275221,-122.1685942,,,2.4601719994836913,,,,29.165769577026367,,,,,,
101.994186,ATT,3,,23.8,0.71,90.34,0.0,0.01,23.8,,0.73,,,,90.38,,,,,,,,,,,,,,,,,,,,,,
101.994186,XKF1,,,,,,,,,,,,,,,,97.26801798324232,97.23693084716797,,,5.278339253371307,,,,,,2.458983898162842,-5.278318612209735,,,,,,-5.27625846862793,,-5.27625846862793,-0.1481952965259552
101.994186,POS,,,,,,,,,,,,,,,,97.27278543429415,97.24195076829712,,,,,37.427522,-122.1686,,,2.449040000144578,,,,29.165847778320312,,,,,,
102.07248799999999,ERR,,,,,,,,,,,,,,,,,,0,0,,,,,,,,,,,,9,FAILSAFE_FENCE,,,,
102.094979,ATT,3,,24.59,0.72,90.35,0.0,0.01,24.58,,0.74,,,,90.39,,,,,,,,,,,,,,,,,,,,,,
102.094979,XKF1,,,,,,,,,,,,,,,,96.73247625828859,96.70155334472656,,,5.484562541472253,,,,,,2.4457194805145264,-5.4845373909312025,,,,,,-5.482364177703857,,-5.482364177703857,-0.15527167916297913
102.094979,POS,,,,,,,,,,,,,,,,96.73342531405058,96.70269994975563,,,,,37.4275219,-122.1686061,,,2.437908000014488,,,,29.16585922241211,,,,,,
102.194939,ATT,3,,25.3,0.73,90.36,0.0,0.01,25.3,,0.74,,,,90.4,,,,,,,,,,,,,,,,,,,,,,
102.194939,XKF1,,,,,,,,,,,,,,,,96.17414076805467,96.14338684082031,,,5.695013670858174,,,,,,2.431978464126587,-5.694985014703912,,,,,,-5.692707061767578,,-5.692707061767578,-0.16207103431224823
102.194939,POS,,,,,,,,,,,,,,,,96.17639053107189,96.14576877757877,,,,,37.4275218,-122.1686124,,,2.4267759998843985,,,,29.165775299072266,,,,,,
102.294899,ATT,3,,25.87,0.72,90.37,0.0,0.01,25.89,,0.73,,,,90.4,,,,,,,,,,,,,,,,,,,,,,
102.294899,XKF1,,,,,,,,,,,,,,,,95.59437625598683,95.56381225585938,,,5.906518021392581,,,,,,2.4171385765075684,-5.906485381290483,,,,,,-5.90410041809082,,-5.90410041809082,-0.16897748410701752
102.294899,POS,,,,,,,,,,,,,,,,95.60168112609375,95.57115725051027,,,,,37.4275217,-122.1686189,,,2.415643999754309,,,,29.165658950805664,,,,,,
102.394859,ATT,3,,26.25,0.72,90.37,0.0,0.01,26.31,,0.72,,,,90.4,,,,,,,,,,,,,,,,,,,,,,
102.394859,XKF1,,,,,,,,,,,,,,,,94.9875117504954,94.95713806152344,,,6.117668013630657,,,,,,2.4019408226013184,-6.1176334935304455,,,,,,-6.115157604217529,,-6.115157604217529,-0.17524097859859467
102.394859,POS,,,,,,,,,,,,,,,,94.99134132656651,94.96118501365852,,,,,37.4275215,-122.1686258,,,2.3933799994941296,,,,29.165525436401367,,,,,,
102.404855,ERR,,,,,,,,,,,,,,,,,,0,0,,,,,,,,,,,,9,FAILSAFE_FENCE,,,,
102.49481899999999,ATT,3,,26.52,0.72,90.38,0.0,0.01,26.58,,0.72,,,,90.39,,,,,,,,,,,,,,,,,,,,,,
102.49481899999999,XKF1,,,,,,,,,,,,,,,,94.36498072219496,94.3348159790039,,,6.320765950638221,,,,,,2.385808229446411,-6.320728358530931,,,,,,-6.318156719207764,,-6.318156719207764,-0.18159811198711395
102.49481899999999,POS,,,,,,,,,,,,,,,,94.37244498967596,94.34237259998909,,,,,37.4275214,-122.1686328,,,2.382248000155016,,,,29.16544532775879,,,,,,
102.594779,ATT,3,,26.79,0.71,90.38,0.0,0.0,26.83,,0.71,,,,90.39,,,,,,,,,,,,,,,,,,,,,,
102.594779,XKF1,,,,,,,,,,,,,,,,93.72200941305132,93.69205474853516,,,6.516675537509304,,,,,,2.3693723678588867,-6.516635550528219,,,,,,-6.513975620269775,,-6.513975620269775,-0.187567800283432
102.594779,POS,,,,,,,,,,,,,,,,93.72675586129057,93.69703965335408,,,,,37.4275212,-122.1686401,,,2.359983999894837,,,,29.165401458740234,,,,,,
102.694739,ATT,3,,27.05,0.69,90.39,0.0,0.0,27.05,,0.7,,,,90.38,,,,,,,,,,,,,,,,,,,,,,
102.694739,XKF1,,,,,,,,,,,,,,,,93.06007461972119,93.03034973144531,,,6.704586904427906,,,,,,2.3519177436828613,-6.704543499162752,,,,,,-6.701792240142822,,-6.701792240142822,-0.19356220960617065
102.694739,POS,,,,,,,,,,,,,,,,93.06367263966682,93.0340263530837,,,,,37.4275211,-122.1686476,,,2.3488519997647472,,,,29.165424346923828,,,,,,
102.737222,ERR,,,,,,,,,,,,,,,,,,0,0,,,,,,,,,,,,9,FAILSAFE_FENCE,,,,
102.794699,ATT,3,,27.31,0.68,90.39,0.0,0.0,27.3,,0.68,,,,90.38,,,,,,,,,,,,,,,,,,,,,,
102.794699,XKF1,,,,,,,,,,,,,,,,92.37957009743725,92.3500747680664,,,6.884996301938486,,,,,,2.3342368602752686,-6.884950749144096,,,,,,-6.882119655609131,,-6.882119655609131,-0.1990053355693817
102.794699,POS,,,,,,,,,,,,,,,,92.38263403980454,92.3533326979217,,,,,37.4275209,-122.1686553,,,2.326587999504568,,,,29.165435791015625,,,,,,
102.894659,ATT,3,,27.56,0.66,90.39,0.0,0.0,27.55,,0.65,,,,90.37,,,,,,,,,,,,,,,,,,,,,,
102.894659,XKF1,,,,,,,,,,,,,,,,91.6816144080503,91.6523666381836,,,7.058682192816435,,,,,,2.3156230449676514,-7.058634277945915,,,,,,-7.055725574493408,,-7.055725574493408,-0.20428146421909332
102.894659,POS,,,,,,,,,,,,,,,,91.68420141203994,91.65495868786807,,,,,37.4275208,-122.1686632,,,2.3154560001654545,,,,29.165468215942383,,,,,,
102.994619,ATT,3,,27.81,0.65,90.4,0.0,0.0,27.79,,0.64,,,,90.37,,,,,,,,,,,,,,,,,,,,,,
102.994619,XKF1,,,,,,,,,,,,,,,,90.96651962057541,90.93751525878906,,,7.225804464532422,,,,,,2.296956777572632,-7.225756327179247,,,,,,-7.2227864265441895,,-7.2227864265441895,-0.20882144570350647
102.994619,POS,,,,,,,,,,,,,,,,90.96781325832856,90.93890432292281,,,,,37.4275206,-122.1686713,,,2.2931919999052752,,,,29.165443420410156,,,,,,
103.069589,ERR,,,,,,,,,,,,,,,,,,0,0,,,,,,,,,,,,9,FAILSAFE_FENCE,,,,
103.094579,ATT,3,,28.04,0.64,90.4,0.0,0.0,28.03,,0.63,,,,90.37,,,,,,,,,,,,,,,,,,,,,,
103.094579,XKF1,,,,,,,,,,,,,,,,90.23524955810962,90.20650482177734,,,7.3866898337624125,,,,,,2.2774438858032227,-7.386640120426046,,,,,,-7.383603096008301,,-7.383603096008301,-0.21352288126945496
103.094579,POS,,,,,,,,,,,,,,,,90.24258792152837,90.21400978115986,,,,,37.4275204,-122.1686795,,,2.270927999645096,,,,29.16541290283203,,,,,,
103.19453899999999,ATT,3,,28.26,0.63,90.4,0.0,0.0,28.25,,0.62,,,,90.37,,,,,,,,,,,,,,,,,,,,,,
103.19453899999999,XKF1,,,,,,,,,,,,,,,,89.48811096212089,89.4596176147461,,,7.541667133842014,,,,,,2.258056640625,-7.541617590857092,,,,,,-7.53852653503418,,-7.53852653503418,-0.2176254540681839
103.19453899999999,POS,,,,,,,,,,,,,,,,89.49085060155215,89.46259470643135,,,,,37.4275202,-122.168688,,,2.2486639993849167,,,,29.165327072143555,,,,,,
103.294499,ATT,3,,28.5,0.61,90.41,0.0,0.0,28.5,,0.61,,,,90.38,,,,,,,,,,,,,,,,,,,,,,
103.294499,XKF1,,,,,,,,,,,,,,,,88.72600913001719,88.69778442382812,,,7.690765318016044,,,,,,2.2377967834472656,-7.690715169687054,,,,,,-7.687568187713623,,-7.687568187713623,-0.22173528373241425
103.294499,POS,,,,,,,,,,,,,,,,88.73055603466544,88.70233945488515,,,,,37.4275201,-122.1686966,,,2.237532000045803,,,,29.16522216796875,,,,,,
103.394459,ATT,3,,28.67,0.6,90.41,0.0,0.0,28.68,,0.59,,,,90.38,,,,,,,,,,,,,,,,,,,,,,
103.394459,XKF1,,,,,,,,,,,,,,,,87.94935584596188,87.92139434814453,,,7.834112235577572,,,,,,2.2175683975219727,-7.834063356520783,,,,,,-7.830874919891357,,-7.830874919891357,-0.22519437968730927
103.394459,POS,,,,,,,,,,,,,,,,87.95230642022211,87.92440384970358,,,,,37.4275199,-122.1687054,,,2.215267999785624,,,,29.165077209472656,,,,,,
103.401956,ERR,,,,,,,,,,,,,,,,,,0,0,,,,,,,,,,,,9,FAILSAFE_FENCE,,,,
103.494419,ATT,3,,28.82,0.59,90.41,0.0,0.0,28.83,,0.58,,,,90.39,,,,,,,,,,,,,,,,,,,,,,
103.494419,XKF1,,,,,,,,,,,,,,,,87.15884083585108,87.13115692138672,,,7.97069089809884,,,,,,2.1965949535369873,-7.970642298714453,,,,,,-7.967409133911133,,-7.967409133911133,-0.22870305180549622
103.494419,POS,,,,,,,,,,,,,,,,87.16521950508492,87.1376280651918,,,,,37.4275197,-122.1687143,,,2.1930039995254447,,,,29.164915084838867,,,,,,
103.594379,ATT,3,,28.95,0.59,90.41,0.0,0.0,28.96,,0.57,,,,90.39,,,,,,,,,,,,,,,,,,,,,,
103.594379,XKF1,,,,,,,,,,,,,,,,86.35492769970811,86.32750701904297,,,8.100763124333962,,,,,,2.1760215759277344,-8.100716783576647,,,,,,-8.097454071044922,,-8.097454071044922,-0.23151838779449463
103.594379,POS,,,,,,,,,,,,,,,,86.36045789093812,86.33317192704466,,,,,37.4275195,-122.1687234,,,2.1707400000562416,,,,29.164743423461914,,,,,,
103.694339,ATT,3,,29.03,0.57,90.41,0.0,0.0,29.03,,0.58,,,,90.4,,,,,,,,,,,,,,,,,,,,,,
103.694339,XKF1,,,,,,,,,,,,,,,,85.53845541757995,85.51131439208984,,,8.223621607217563,,,,,,2.1546382904052734,-8.22357522043347,,,,,,-8.220270156860352,,-8.220270156860352,-0.23475708067417145
103.694339,POS,,,,,,,,,,,,,,,,85.54685893606677,85.51987561207983,,,,,37.4275193,-122.1687326,,,2.1484759997960623,,,,29.164628982543945,,,,,,
103.734323,ERR,,,,,,,,,,,,,,,,,,0,0,,,,,,,,,,,,9,FAILSAFE_FENCE,,,,
103.794299,ATT,3,,29.21,0.56,90.41,0.01,0.0,29.18,,0.58,,,,90.41,,,,,,,,,,,,,,,,,,,,,,
103.794299,XKF1,,,,,,,,,,,,,,,,84.71775278347693,84.69088745117188,,,8.336103951697298,,,,,,2.1333587169647217,-8.336058268007983,,,,,,-8.332719802856445,,-8.332719802856445,-0.2375074326992035
103.794299,POS,,,,,,,,,,,,,,,,84.72442262620683,84.69773911904106,,,,,37.4275191,-122.1687419,,,2.126211999535883,,,,29.164682388305664,,,,,,
103.89425899999999,ATT,3,,29.41,0.54,90.42,0.01,0.0,29.39,,0.55,,,,90.41,,,,,,,,,,,,,,,,,,,,,,
103.89425899999999,XKF1,,,,,,,,,,,,,,,,83.88410652351837,83.85753631591797,,,8.445230366452359,,,,,,2.1111443042755127,-8.445184133425315,,,,,,-8.441805839538574,,-8.441805839538574,-0.24047891795635223
103.89425899999999,POS,,,,,,,,,,,,,,,,83.89314895088243,83.8667624491846,,,,,37.4275189,-122.1687513,,,2.10394800006668,,,,29.164682388305664,,,,,,
103.994219,ATT,3,,29.57,0.53,90.42,0.01,0.0,29.55,,0.53,,,,90.41,,,,,,,,,,,,,,,,,,,,,,
103.994219,XKF1,,,,,,,,,,,,,,,,83.04446476459105,83.0181655883789,,,8.54822057581011,,,,,,2.089811086654663,-8.548177491508053,,,,,,-8.544787406921387,,-8.544787406921387,-0.2422461211681366
103.994219,POS,,,,,,,,,,,,,,,,83.05303789837357,83.02694560125421,,,,,37.4275187,-122.1687608,,,2.0816839998065007,,,,29.16470718383789,,,,,,
104.06669,ERR,,,,,,,,,,,,,,,,,,0,0,,,,,,,,,,,,9,FAILSAFE_FENCE,,,,
104.094179,ATT,3,,29.68,0.53,90.42,0.01,0.0,29.68,,0.52,,,,90.42,,,,,,,,,,,,,,,,,,,,,,
104.094179,XKF1,,,,,,,,,,,,,,,,82.19200831031878,82.16600036621094,,,8.648118962270388,,,,,,2.067513942718506,-8.648077319011747,,,,,,-8.644665718078613,,-8.644665718078613,-0.2443690001964569
104.094179,POS,,,,,,,,,,,,,,,,82.19525205900639,82.16944839968845,,,,,37.4275185,-122.1687705,,,2.0594199995463214,,,,29.164594650268555,,,,,,
104.19497199999999,ATT,3,,29.77,0.53,90.42,0.0,0.0,29.77,,0.51,,,,90.42,,,,,,,,,,,,,,,,,,,,,,
104.19497199999999,XKF1,,,,,,,,,,,,,,,,81.33292309004563,81.30718231201172,,,8.741225158688133,,,,,,2.0460896492004395,-8.74118732811665,,,,,,-8.737773895263672,,-8.737773895263672,-0.24561072885990143
104.19497199999999,POS,,,,,,,,,,,,,,,,81.33746622565911,81.31195119686642,,,,,37.4275183,-122.1687802,,,2.0371560000771183,,,,29.164411544799805,,,,,,
104.294932,ATT,3,,29.79,0.53,90.42,0.0,0.0,29.81,,0.51,,,,90.42,,,,,,,,,,,,,,,,,,,,,,
104.294932,XKF1,,,,,,,,,,,,,,,,80.4606994578896,80.43523406982422,,,8.830690788163922,,,,,,2.0241732597351074,-8.83065586042599,,,,,,-8.82723617553711,,-8.82723617553711,-0.24698440730571747
104.294932,POS,,,,,,,,,,,,,,,,80.46200558928001,80.43677364040903,,,,,37.4275181,-122.1687901,,,2.014891999816939,,,,29.1640682220459,,,,,,
104.394892,ATT,3,,29.66,0.54,90.42,0.0,0.0,29.7,,0.51,,,,90.41,,,,,,,,,,,,,,,,,,,,,,
104.394892,XKF1,,,,,,,,,,,,,,,,79.57490255490197,79.54969787597656,,,8.914648789853283,,,,,,2.002669334411621,-8.914616965375167,,,,,,-8.91119384765625,,-8.91119384765625,-0.24816779792308807
104.394892,POS,,,,,,,,,,,,,,,,79.57770754781,79.55275590587769,,,,,37.4275179,-122.1688001,,,1.9926279995567597,,,,29.1635684967041,,,,,,
104.39989,ERR,,,,,,,,,,,,,,,,,,0,0,,,,,,,,,,,,9,FAILSAFE_FENCE,,,,
104.494852,ATT,3,,29.44,0.53,90.42,0.0,0.0,29.49,,0.52,,,,90.41,,,,,,,,,,,,,,,,,,,,,,
104.494852,XKF1,,,,,,,,,,,,,,,,78.67217020005195,78.6472396850586,,,8.98972581776003,,,,,,1.9804176092147827,-8.989695003949956,,,,,,-8.98625373840332,,-8.98625373840332,-0.24982799589633942
104.494852,POS,,,,,,,,,,,,,,,,78.67573469590317,78.65105781645471,,,,,37.4275177,-122.1688103,,,1.9703640000875566,,,,29.163131713867188,,,,,,
104.594812,ATT,3,,29.22,0.53,90.41,0.0,0.0,29.25,,0.51,,,,90.4,,,,,,,,,,,,,,,,,,,,,,
104.594812,XKF1,,,,,,,,,,,,,,,,77.76711893210613,77.74244689941406,,,9.054251822886359,,,,,,1.958759069442749,-9.054222519155385,,,,,,-9.050769805908203,,-9.050769805908203,-0.251081645488739
104.594812,POS,,,,,,,,,,,,,,,,77.7737618465769,77.74935972828801,,,,,37.4275175,-122.1688205,,,1.9480999998273774,,,,29.1627254486084,,,,,,
104.694772,ATT,3,,29.02,0.52,90.41,0.0,0.0,29.04,,0.5,,,,90.39,,,,,,,,,,,,,,,,,,,,,,
104.694772,XKF1,,,,,,,,,,,,,,,,76.85594928120213,76.83155059814453,,,9.108600382030607,,,,,,1.936432957649231,-9.108571118338958,,,,,,-9.105097770690918,,-9.105097770690918,-0.2525777220726013
104.694772,POS,,,,,,,,,,,,,,,,76.86295159550939,76.83882146204736,,,,,37.4275173,-122.1688308,,,1.925835999567198,,,,29.162456512451172,,,,,,
104.732257,ERR,,,,,,,,,,,,,,,,,,0,0,,,,,,,,,,,,9,FAILSAFE_FENCE,,,,
104.794732,ATT,3,,28.79,0.51,90.41,0.0,0.0,28.83,,0.49,,,,90.38,,,,,,,,,,,,,,,,,,,,,,
104.794732,XKF1,,,,,,,,,,,,,,,,75.93820220843261,75.91407012939453,,,9.154847761675684,,,,,,1.914291262626648,-9.154819403561163,,,,,,-9.151335716247559,,-9.151335716247559,-0.2535589635372162
104.794732,POS,,,,,,,,,,,,,,,,75.9433039476314,75.91944301773276,,,,,37.4275171,-122.1688412,,,1.903572000097995,,,,29.162193298339844,,,,,,
104.89469199999999,ATT,3,,28.56,0.5,90.41,0.0,0.0,28.58,,0.47,,,,90.38,,,,,,,,,,,,,,,,,,,,,,
104.89469199999999,XKF1,,,,,,,,,,,,,,,,75.01673783866148,74.99288177490234,,,9.191983013041739,,,,,,1.8917291164398193,-9.191954469444024,,,,,,-9.188453674316406,,-9.188453674316406,-0.25469744205474854
104.89469199999999,POS,,,,,,,,,,,,,,,,75.02365630916417,75.00006457467443,,,,,37.4275169,-122.1688516,,,1.8813079998378157,,,,29.16206932067871,,,,,,
104.994652,ATT,3,,28.32,0.5,90.4,0.0,0.0,28.34,,0.47,,,,90.37,,,,,,,,,,,,,,,,,,,,,,
104.994652,XKF1,,,,,,,,,,,,,,,,74.0910716232663,74.06747436523438,,,9.22109379238094,,,,,,1.869795560836792,-9.221066259027458,,,,,,-9.217560768127441,,-9.217560768127441,-0.25523364543914795
104.994652,POS,,,,,,,,,,,,,,,,74.09517128367841,74.07184595354214,,,,,37.4275167,-122.1688621,,,1.8590439995776364,,,,29.1619815826416,,,,,,
105.064624,ERR,,,,,,,,,,,,,,,,,,0,0,,,,,,,,,,,,9,FAILSAFE_FENCE,,,,
105.094612,ATT,3,,28.2,0.49,90.4,0.0,0.0,28.2,,0.47,,,,90.36,,,,,,,,,,,,,,,,,,,,,,
105.094612,XKF1,,,,,,,,,,,,,,,,73.16357860741445,73.14025115966797,,,9.243041059306211,,,,,,1.8474022150039673,-9.243013136203045,,,,,,-9.239492416381836,,-9.239492416381836,-0.2561013698577881
105.094612,POS,,,,,,,,,,,,,,,,73.16668627258757,73.14362733240986,,,,,37.4275165,-122.1688726,,,1.8367800001084333,,,,29.1619815826416,,,,,,
105.194572,ATT,3,,28.22,0.5,90.4,0.0,0.0,28.18,,0.47,,,,90.35,,,,,,,,,,,,,,,,,,,,,,
105.194572,XKF1,,,,,,,,,,,,,,,,72.23350889061689,72.21043395996094,,,9.261721415170499,,,,,,1.8256598711013794,-9.261694544796635,,,,,,-9.258172035217285,,-9.258172035217285,-0.2563866972923279
105.194572,POS,,,,,,,,,,,,,,,,72.23848175284894,72.21540871127758,,,,,37.4275164,-122.1688831,,,1.8256479999783437,,,,29.161893844604492,,,,,,
105.294532,ATT,3,,28.35,0.51,90.4,0.0,0.0,28.3,,0.47,,,,90.35,,,,,,,,,,,,,,,,,,,,,,
105.294532,XKF1,,,,,,,,,,,,,,,,71.30233114710235,71.2795181274414,,,9.27962852814519,,,,,,1.8035305738449097,-9.279601733459966,,,,,,-9.276068687438965,,-9.276068687438965,-0.2570123076438904
105.294532,POS,,,,,,,,,,,,,,,,71.30999694852714,71.2871900901453,,,,,37.4275162,-122.1688936,,,1.8033839997181644,,,,29.161758422851562,,,,,,
105.394492,ATT,3,,28.49,0.54,90.41,0.0,0.0,28.46,,0.5,,,,90.34,,,,,,,,,,,,,,,,,,,,,,
105.394492,XKF1,,,,,,,,,,,,,,,,70.3686674359926,70.3460922241211,,,9.300212886842425,,,,,,1.782320261001587,-9.300187522303892,,,,,,-9.296653747558594,,-9.296653747558594,-0.2572719156742096
105.394492,POS,,,,,,,,,,,,,,,,70.3726748197167,70.35013129219533,,,,,37.427516,-122.1689042,,,1.7811199994579852,,,,29.161441802978516,,,,,,
105.396991,ERR,,,,,,,,,,,,,,,,,,0,0,,,,,,,,,,,,9,FAILSAFE_FENCE,,,,
105.494452,ATT,3,,28.58,0.55,90.41,0.0,0.0,28.58,,0.52,,,,90.33,,,,,,,,,,,,,,,,,,,,,,
105.494452,XKF1,,,,,,,,,,,,,,,,69.43367705666958,69.4113540649414,,,9.321933174697827,,,,,,1.760521650314331,-9.321906914855218,,,,,,-9.31834888458252,,-9.31834888458252,-0.2584805190563202
105.494452,POS,,,,,,,,,,,,,,,,69.43535272121875,69.41307249424537,,,,,37.4275158,-122.1689148,,,1.758855999988782,,,,29.16108512878418,,,,,,
105.59441199999999,ATT,3,,28.65,0.58,90.41,0.0,0.0,28.65,,0.54,,,,90.33,,,,,,,,,,,,,,,,,,,,,,
105.59441199999999,XKF1,,,,,,,,,,,,,,,,68.49611976410961,68.47402954101562,,,9.344584692873747,,,,,,1.7394542694091797,-9.344558939793602,,,,,,-9.340988159179688,,-9.340988159179688,-0.2592359781265259
105.59441199999999,POS,,,,,,,,,,,,,,,,68.49803065298089,68.47601369503914,,,,,37.4275156,-122.1689254,,,1.7365919997286028,,,,29.160634994506836,,,,,,
105.694372,ATT,3,,28.71,0.59,90.41,0.0,0.0,28.71,,0.56,,,,90.33,,,,,,,,,,,,,,,,,,,,,,
105.694372,XKF1,,,,,,,,,,,,,,,,67.5576102944041,67.5357894897461,,,9.366646778812541,,,,,,1.7169294357299805,-9.366617937148618,,,,,,-9.363001823425293,,-9.363001823425293,-0.26128286123275757
105.694372,POS,,,,,,,,,,,,,,,,67.56070861884746,67.53895489708918,,,,,37.4275154,-122.168936,,,1.7143279994684235,,,,29.160289764404297,,,,,,
105.729358,ERR,,,,,,,,,,,,,,,,,,0,0,,,,,,,,,,,,9,FAILSAFE_FENCE,,,,
105.794332,ATT,3,,28.8,0.59,90.41,0.0,0.0,28.79,,0.56,,,,90.33,,,,,,,,,,,,,,,,,,,,,,
105.794332,XKF1,,,,,,,,,,,,,,,,66.6248226750129,66.60322570800781,,,9.385211319016292,,,,,,1.696267008781433,-9.385183328317229,,,,,,-9.38155746459961,,-9.38155746459961,-0.261860728263855
105.794332,POS,,,,,,,,,,,,,,,,66.63222394461387,66.6107362759569,,,,,37.4275152,-122.1689465,,,1.6920639999992204,,,,29.159852981567383,,,,,,
105.894292,ATT,3,,28.99,0.61,90.41,0.0,0.0,28.97,,0.58,,,,90.34,,,,,,,,,,,,,,,,,,,,,,
105.894292,XKF1,,,,,,,,,,,,,,,,65.6889199295029,65.66758728027344,,,9.406015999235876,,,,,,1.6739720106124878,-9.405984926048365,,,,,,-9.402314186096191,,-9.402314186096191,-0.2638653516769409
105.894292,POS,,,,,,,,,,,,,,,,65.69490197514875,65.67367747800694,,,,,37.427515,-122.1689571,,,1.6697999997390411,,,,29.159387588500977,,,,,,
105.994252,ATT,3,,29.15,0.64,90.41,0.0,0.0,29.13,,0.6,,,,90.34,,,,,,,,,,,,,,,,,,,,,,
105.994252,XKF1,,,,,,,,,,,,,,,,64.75577875526042,64.73465728759766,,,9.427104756878808,,,,,,1.6537920236587524,-9.42707524859077,,,,,,-9.4233980178833,,-9.4233980178833,-0.2643367052078247
105.994252,POS,,,,,,,,,,,,,,,,64.75758004277708,64.73661868005698,,,,,37.4275148,-122.1689677,,,1.6475359994788619,,,,29.15877914428711,,,,,,
106.061725,ERR,,,,,,,,,,,,,,,,,,0,0,,,,,,,,,,,,9,FAILSAFE_FENCE,,,,
106.094212,ATT,3,,29.29,0.66,90.42,0.0,0.0,29.28,,0.63,,,,90.35,,,,,,,,,,,,,,,,,,,,,,
106.094212,XKF1,,,,,,,,,,,,,,,,63.81817103174156,63.797306060791016,,,9.451200933341289,,,,,,1.6317760944366455,-9.451168188430476,,,,,,-9.447442054748535,,-9.447442054748535,-0.26652899384498596
106.094212,POS,,,,,,,,,,,,,,,,63.82025814789748,63.799559880850744,,,,,37.4275146,-122.1689783,,,1.6252720000096588,,,,29.15819549560547,,,,,,
106.096711,MODE,,,,,,,,,,,,,,,,,,,,,,,,LAND,,,,2,GCS_COMMAND,,,,,,,
106.194172,ATT,3,,29.12,0.67,90.41,0.0,0.0,29.18,,0.64,,,,90.35,,,,,,,,,,,,,,,,,,,,,,
106.194172,XKF1,,,,,,,,,,,,,,,,62.8817808697722,62.86113739013672,,,9.470548850426939,,,,,,1.6111397743225098,-9.470516131802936,,,,,,-9.466769218444824,,-9.466769218444824,-0.26753708720207214
106.194172,POS,,,,,,,,,,,,,,,,62.882936294713225,62.86250108290078,,,,,37.4275144,-122.1689889,,,1.6030079997494795,,,,29.157390594482422,,,,,,
106.294965,ATT,3,,28.13,0.64,90.4,0.0,0.0,28.33,,0.62,,,,90.34,,,,,,,,,,,,,,,,,,,,,,
106.294965,XKF1,,,,,,,,,,,,,,,,61.94076962988207,61.920372009277344,,,9.466209736711487,,,,,,1.58948814868927,-9.46617416181766,,,,,,-9.462390899658203,,-9.462390899658203,-0.2688591480255127
106.294965,POS,,,,,,,,,,,,,,,,61.94561448382522,61.92544228495082,,,,,37.4275142,-122.1689995,,,1.5807439994893002,,,,29.154399871826172,,,,,,
106.394925,ERR,,,,,,,,,,,,,,,,,,0,0,,,,,,,,,,,,9,FAILSAFE_FENCE,,,,
106.394925,ATT,3,,26.22,0.59,90.38,0.0,0.0,26.51,,0.57,,,,90.32,,,,,,,,,,,,,,,,,,,,,,
106.394925,XKF1,,,,,,,,,,,,,,,,60.997771480507495,60.977603912353516,,,9.420478336075183,,,,,,1.568421721458435,-9.420440595482267,,,,,,-9.416640281677246,,-9.416640281677246,-0.2688826620578766
106.394925,POS,,,,,,,,,,,,,,,,60.99945542441961,60.97954330892691,,,,,37.427514,-122.1690102,,,1.5584800000200971,,,,29.14556312561035,,,,,,
106.494885,ATT,3,,23.79,0.5,90.35,0.01,0.01,24.08,,0.49,,,,90.3,,,,,,,,,,,,,,,,,,,,,,
106.494885,XKF1,,,,,,,,,,,,,,,,60.06053690239239,60.04062271118164,,,9.328119376241698,,,,,,1.5465178489685059,-9.328076059821916,,,,,,-9.324251174926758,,-9.324251174926758,-0.2686096131801605
106.494885,POS,,,,,,,,,,,,,,,,60.06213371042378,60.04248451097694,,,,,37.4275138,-122.1690208,,,1.5362159997599178,,,,29.129108428955078,,,,,,
106.59484499999999,ATT,3,,20.96,0.41,90.33,0.01,0.02,21.2,,0.4,,,,90.28,,,,,,,,,,,,,,,,,,,,,,
106.59484499999999,XKF1,,,,,,,,,,,,,,,,59.125376865304794,59.1057014465332,,,9.18656032093034,,,,,,1.5252035856246948,-9.1865125828766,,,,,,-9.18269157409668,,-9.18269157409668,-0.26658204197883606
106.59484499999999,POS,,,,,,,,,,,,,,,,59.13393537471676,59.11426588984466,,,,,37.4275137,-122.1690313,,,1.5250839996298282,,,,29.103445053100586,,,,,,
106.694805,ATT,3,,18.69,0.33,90.31,0.01,0.02,18.68,,0.31,,,,90.27,,,,,,,,,,,,,,,,,,,,,,
106.694805,XKF1,,,,,,,,,,,,,,,,58.214095024848795,58.19467544555664,,,9.00228943668241,,,,,,1.5035322904586792,-9.002234001059964,,,,,,-8.998414993286133,,-8.998414993286133,-0.2640884518623352
106.694805,POS,,,,,,,,,,,,,,,,58.22312579409978,58.20372762360401,,,,,37.4275135,-122.1690416,,,1.5028200001606251,,,,29.068084716796875,,,,,,
106.72729199999999,ERR,,,,,,,,,,,,,,,,,,0,0,,,,,,,,,,,,9,FAILSAFE_FENCE,,,,
106.794765,ATT,3,,17.59,0.3,90.3,0.01,0.03,17.39,,0.28,,,,90.26,,,,,,,,,,,,,,,,,,,,,,
106.794765,XKF1,,,,,,,,,,,,,,,,57.32125658763461,57.30207061767578,,,8.797618164377635,,,,,,1.4829564094543457,-8.797558609140676,,,,,,-8.793776512145996,,-8.793776512145996,-0.2599615752696991
106.794765,POS,,,,,,,,,,,,,,,,57.32999069635287,57.310869712254984,,,,,37.4275133,-122.1690517,,,1.4805559999004458,,,,29.021575927734375,,,,,,
106.894725,ATT,3,,17.01,0.28,90.3,0.02,0.03,16.81,,0.26,,,,90.26,,,,,,,,,,,,,,,,,,,,,,
106.894725,XKF1,,,,,,,,,,,,,,,,56.44897655930611,56.43003845214844,,,8.592184549466921,,,,,,1.462092638015747,-8.592118919243669,,,,,,-8.588366508483887,,-8.588366508483887,-0.2561172544956207
106.894725,POS,,,,,,,,,,,,,,,,56.45453006197441,56.43569215454133,,,,,37.4275131,-122.1690616,,,1.4582919996402666,,,,28.963214874267578,,,,,,
106.994685,ATT,3,,16.47,0.29,90.3,0.02,0.02,16.34,,0.26,,,,90.25,,,,,,,,,,,,,,,,,,,,,,
106.994685,XKF1,,,,,,,,,,,,,,,,55.595401493361656,55.57667922973633,,,8.393629327786666,,,,,,1.442703366279602,-8.39356289554317,,,,,,-8.389869689941406,,-8.389869689941406,-0.25119689106941223
106.994685,POS,,,,,,,,,,,,,,,,55.596743885305315,55.578194952975565,,,,,37.4275129,-122.1690713,,,1.4360280001710635,,,,28.8927001953125,,,,,,
107.059659,ERR,,,,,,,,,,,,,,,,,,0,0,,,,,,,,,,,,9,FAILSAFE_FENCE,,,,
107.094645,ATT,3,,15.84,0.29,90.3,0.01,0.02,15.77,,0.27,,,,90.25,,,,,,,,,,,,,,,,,,,,,,
107.094645,XKF1,,,,,,,,,,,,,,,,54.76186520317908,54.743377685546875,,,8.200451936612637,,,,,,1.422842264175415,-8.200381064153852,,,,,,-8.19672679901123,,-8.19672679901123,-0.24714721739292145
107.094645,POS,,,,,,,,,,,,,,,,54.765469398033424,54.74721828311911,,,,,37.4275127,-122.1690807,,,1.4137639999108842,,,,28.810091018676758,,,,,,
107.194605,ATT,3,,15.07,0.29,90.29,0.01,0.02,15.05,,0.27,,,,90.24,,,,,,,,,,,,,,,,,,,,,,
107.194605,XKF1,,,,,,,,,,,,,,,,53.94651245158665,53.92823791503906,,,8.010990090383743,,,,,,1.404051661491394,-8.010918359683068,,,,,,-8.007322311401367,,-8.007322311401367,-0.24238735437393188
107.194605,POS,,,,,,,,,,,,,,,,53.95215765155508,53.93392196689802,,,,,37.4275126,-122.1690899,,,1.4026319997807946,,,,28.715591430664062,,,,,,
107.29456499999999,ATT,3,,14.22,0.27,90.29,0.01,0.02,14.22,,0.27,,,,90.24,,,,,,,,,,,,,,,,,,,,,,
107.29456499999999,XKF1,,,,,,,,,,,,,,,,53.15075195796472,53.13270568847656,,,7.822228892599917,,,,,,1.3849259614944458,-7.8221524348420965,,,,,,-7.8185954093933105,,-7.8185954093933105,-0.23839184641838074
107.29456499999999,POS,,,,,,,,,,,,,,,,53.15623181800095,53.13830600682483,,,,,37.4275124,-122.1690989,,,1.3803679995206153,,,,28.6093807220459,,,,,,
107.392026,ERR,,,,,,,,,,,,,,,,,,0,0,,,,,,,,,,,,9,FAILSAFE_FENCE,,,,
107.394525,ATT,3,,13.29,0.27,90.28,0.01,0.02,13.3,,0.26,,,,90.22,,,,,,,,,,,,,,,,,,,,,,
107.394525,XKF1,,,,,,,,,,,,,,,,52.37325317787886,52.35540771484375,,,7.633476829462759,,,,,,1.3670886754989624,-7.633400305338889,,,,,,-7.629907131195068,,-7.629907131195068,-0.2334216684103012
107.394525,POS,,,,,,,,,,,,,,,,52.37798043969124,52.360370400387,,,,,37.4275122,-122.1691077,,,1.3581040000514122,,,,28.491640090942383,,,,,,
107.494485,ATT,3,,12.28,0.25,90.28,0.01,0.02,12.29,,0.24,,,,90.22,,,,,,,,,,,,,,,,,,,,,,
107.494485,XKF1,,,,,,,,,,,,,,,,51.61553842132984,51.59790802001953,,,7.443097058413421,,,,,,1.348960518836975,-7.443017197191855,,,,,,-7.439573764801025,,-7.439573764801025,-0.2289891242980957
107.494485,POS,,,,,,,,,,,,,,,,51.6176928672931,51.60011514884079,,,,,37.4275121,-122.1691163,,,1.3469719999213225,,,,28.362571716308594,,,,,,
107.594445,ATT,3,,11.16,0.25,90.27,0.01,0.02,11.17,,0.24,,,,90.21,,,,,,,,,,,,,,,,,,,,,,
107.594445,XKF1,,,,,,,,,,,,,,,,50.8766565535646,50.85921096801758,,,7.250950355330688,,,,,,1.332231879234314,-7.250871899751987,,,,,,-7.247502326965332,,-7.247502326965332,-0.22358684241771698
107.594445,POS,,,,,,,,,,,,,,,,50.88362712339321,50.866380429003904,,,,,37.4275119,-122.1691246,,,1.3247079996611433,,,,28.22256851196289,,,,,,
107.694405,ATT,3,,9.95,0.24,90.27,0.01,0.02,9.96,,0.22,,,,90.2,,,,,,,,,,,,,,,,,,,,,,
107.694405,XKF1,,,,,,,,,,,,,,,,50.15787484431026,50.140628814697266,,,7.0571869582797255,,,,,,1.3151999711990356,-7.05710537863898,,,,,,-7.053789138793945,,-7.053789138793945,-0.218967005610466
107.694405,POS,,,,,,,,,,,,,,,,50.158689066670476,50.14148588724096,,,,,37.4275118,-122.1691328,,,1.3135759995310536,,,,28.07361602783203,,,,,,
107.72439299999999,ERR,,,,,,,,,,,,,,,,,,0,0,,,,,,,,,,,,9,FAILSAFE_FENCE,,,,
107.794365,ATT,3,,8.64,0.24,90.26,0.01,0.02,8.65,,0.22,,,,90.19,,,,,,,,,,,,,,,,,,,,,,
107.794365,XKF1,,,,,,,,,,,,,,,,49.458436759336095,49.44136047363281,,,6.860390423052203,,,,,,1.2995542287826538,-6.8603106669223575,,,,,,-6.857072830200195,,-6.857072830200195,-0.2133282870054245
107.794365,POS,,,,,,,,,,,,,,,,49.45997168197296,49.443111877187334,,,,,37.4275116,-122.1691407,,,1.2913120000618505,,,,27.91870880126953,,,,,,
107.894325,ATT,3,,7.28,0.22,90.26,0.01,0.02,7.27,,0.2,,,,90.19,,,,,,,,,,,,,,,,,,,,,,
107.894325,XKF1,,,,,,,,,,,,,,,,48.78007743388582,48.76321029663086,,,6.658206189431725,,,,,,1.2826831340789795,-6.658117955309571,,,,,,-6.654914379119873,,-6.654914379119873,-0.20934246480464935
107.894325,POS,,,,,,,,,,,,,,,,48.78805700823656,48.77125839884301,,,,,37.4275115,-122.1691483,,,1.280179999931761,,,,27.759695053100586,,,,,,
107.994285,ATT,3,,5.95,0.2,90.25,0.01,0.02,5.93,,0.18,,,,90.19,,,,,,,,,,,,,,,,,,,,,,
107.994285,XKF1,,,,,,,,,,,,,,,,48.12574506777978,48.10902786254883,,,6.449712424599348,,,,,,1.2683755159378052,-6.449626609273475,,,,,,-6.44650936126709,,-6.44650936126709,-0.2032422572374344
107.994285,POS,,,,,,,,,,,,,,,,48.13352519877818,48.11708527539032,,,,,37.4275113,-122.1691557,,,1.2579159996715816,,,,27.598848342895508,,,,,,
108.05676,ERR,,,,,,,,,,,,,,,,,,0,0,,,,,,,,,,,,9,FAILSAFE_FENCE,,,,
108.094245,ATT,3,,4.63,0.19,90.25,0.01,0.02,4.59,,0.17,,,,90.19,,,,,,,,,,,,,,,,,,,,,,
108.094245,XKF1,,,,,,,,,,,,,,,,47.49234541729039,47.4758186340332,,,6.235807124805537,,,,,,1.252804160118103,-6.235713668045684,,,,,,-6.232643127441406,,-6.232643127441406,-0.19862060248851776
108.094245,POS,,,,,,,,,,,,,,,,47.496959219944635,47.48059250682926,,,,,37.4275112,-122.1691629,,,1.246783999541492,,,,27.43695640563965,,,,,,
108.194205,ATT,3,,3.28,0.17,90.24,0.01,0.02,3.25,,0.15,,,,90.19,,,,,,,,,,,,,,,,,,,,,,
108.194205,XKF1,,,,,,,,,,,,,,,,46.88259323484522,46.86620330810547,,,6.015951088890531,,,,,,1.2395708560943604,-6.0158597832896925,,,,,,-6.012880325317383,,-6.012880325317383,-0.19219182431697845
108.194205,POS,,,,,,,,,,,,,,,,46.88690521196804,46.87062026997751,,,,,37.4275111,-122.1691698,,,1.2356519994114024,,,,27.275060653686523,,,,,,
108.29499799999999,ATT,3,,1.92,0.16,90.24,0.01,0.02,1.89,,0.16,,,,90.19,,,,,,,,,,,,,,,,,,,,,,
108.29499799999999,XKF1,,,,,,,,,,,,,,,,46.29441078509111,46.2781982421875,,,5.7900842340712,,,,,,1.2250866889953613,-5.789982657948905,,,,,,-5.787047386169434,,-5.787047386169434,-0.1875046342611313
108.29499799999999,POS,,,,,,,,,,,,,,,,46.303362978258185,46.28716856609133,,,,,37.427511,-122.1691764,,,1.224520000072289,,,,27.113849639892578,,,,,,
108.38996,ERR,,,,,,,,,,,,,,,,,,0,0,,,,,,,,,,,,9,FAILSAFE_FENCE,,,,
108.394958,ATT,3,,0.58,0.14,90.23,0.0,0.02,0.56,,0.13,,,,90.19,,,,,,,,,,,,,,,,,,,,,,
108.394958,XKF1,,,,,,,,,,,,,,,,45.72997509313306,45.71389389038086,,,5.558241028647217,,,,,,1.2126530408859253,-5.558138070770809,,,,,,-5.555286407470703,,-5.555286407470703,-0.1812077909708023
108.394958,POS,,,,,,,,,,,,,,,,45.737201301104484,45.721397215840526,,,,,37.4275108,-122.1691828,,,1.2022559998121096,,,,26.953636169433594,,,,,,
108.494918,ATT,3,,-0.77,0.12,90.23,0.01,0.02,-0.78,,0.11,,,,90.19,,,,,,,,,,,,,,,,,,,,,,
108.494918,XKF1,,,,,,,,,,,,,,,,45.187734618693554,45.17180633544922,,,5.320402487605476,,,,,,1.1996967792510986,-5.320291344654019,,,,,,-5.317502975463867,,-5.317502975463867,-0.1756266951560974
108.494918,POS,,,,,,,,,,,,,,,,45.18900719502473,45.173306220481344,,,,,37.4275107,-122.169189,,,1.19112399968202,,,,26.794923782348633,,,,,,
108.594878,ATT,3,,-2.15,0.11,90.23,0.01,0.02,-2.16,,0.1,,,,90.19,,,,,,,,,,,,,,,,,,,,,,
108.594878,XKF1,,,,,,,,,,,,,,,,44.66795035382223,44.65216064453125,,,5.076080087389187,,,,,,1.1875767707824707,-5.075962154841313,,,,,,-5.073247909545898,,-5.073247909545898,-0.16954262554645538
108.594878,POS,,,,,,,,,,,,,,,,44.676161696775836,44.660575934905424,,,,,37.4275106,-122.1691948,,,1.1799919995519303,,,,26.63785743713379,,,,,,
108.694838,ATT,3,,-3.5,0.07,90.23,0.01,0.02,-3.54,,0.06,,,,90.2,,,,,,,,,,,,,,,,,,,,,,
108.694838,XKF1,,,,,,,,,,,,,,,,44.168708835202686,44.153076171875,,,4.822666496557522,,,,,,1.1750339269638062,-4.822534740947637,,,,,,-4.819879531860352,,-4.819879531860352,-0.16393119096755981
108.694838,POS,,,,,,,,,,,,,,,,44.17215340966881,44.15668582614718,,,,,37.4275105,-122.1692005,,,1.1688599994218407,,,,26.481189727783203,,,,,,
108.72232699999999,ERR,,,,,,,,,,,,,,,,,,0,0,,,,,,,,,,,,9,FAILSAFE_FENCE,,,,
108.794798,ATT,3,,-4.8,0.06,90.22,0.01,0.03,-4.85,,0.03,,,,90.2,,,,,,,,,,,,,,,,,,,,,,
108.794798,XKF1,,,,,,,,,,,,,,,,43.69855831864725,43.68305969238281,,,4.564840304822612,,,,,,1.1637418270111084,-4.564699602595397,,,,,,-4.562126159667969,,-4.562126159667969,-0.15739095211029053
108.794798,POS,,,,,,,,,,,,,,,,43.703493523141184,43.6881564271722,,,,,37.4275104,-122.1692058,,,1.1577280000827272,,,,26.327266693115234,,,,,,
108.894758,ATT,3,,-6.03,0.02,90.22,0.0,0.03,-6.1,,0.0,,,,90.21,,,,,,,,,,,,,,,,,,,,,,
108.894758,XKF1,,,,,,,,,,,,,,,,43.2546930131926,43.239341735839844,,,4.301241947035894,,,,,,1.152299404144287,-4.301086737508898,,,,,,-4.298586845397949,,-4.298586845397949,-0.1511073112487793
108.894758,POS,,,,,,,,,,,,,,,,43.26134488386043,43.24614755990653,,,,,37.4275103,-122.1692108,,,1.1465959999526376,,,,26.174753189086914,,,,,,
108.99471799999999,ATT,3,,-7.22,0.01,90.22,0.0,0.02,-7.28,,-0.02,,,,90.21,,,,,,,,,,,,,,,,,,,,,,
108.99471799999999,XKF1,,,,,,,,,,,,,,,,42.837397650911576,42.82217025756836,,,4.032441479020027,,,,,,1.1420910358428955,-4.032276100677662,,,,,,-4.029869079589844,,-4.029869079589844,-0.14401209354400635
108.99471799999999,POS,,,,,,,,,,,,,,,,42.84570746396079,42.83065922435017,,,,,37.4275102,-122.1692155,,,1.135463999822548,,,,26.02349090576172,,,,,,
109.054694,ERR,,,,,,,,,,,,,,,,,,0,0,,,,,,,,,,,,9,FAILSAFE_FENCE,,,,
109.094678,ATT,3,,-8.35,0.0,90.22,0.0,0.02,-8.39,,-0.04,,,,90.22,,,,,,,,,,,,,,,,,,,,,,
109.094678,XKF1,,,,,,,,,,,,,,,,42.44751055820008,42.43241882324219,,,3.7593340996887186,,,,,,1.1318062543869019,-3.759150751564412,,,,,,-3.756824254989624,,-3.756824254989624,-0.13734769821166992
109.094678,POS,,,,,,,,,,,,,,,,42.456581270580145,42.44169142175939,,,,,37.4275101,-122.1692199,,,1.1243319996924583,,,,25.873275756835938,,,,,,
109.194638,ATT,3,,-9.42,-0.01,90.22,0.0,0.02,-9.45,,-0.05,,,,90.22,,,,,,,,,,,,,,,,,,,,,,
109.194638,XKF1,,,,,,,,,,,,,,,,42.08534538683782,42.07036590576172,,,3.482113224567168,,,,,,1.1227684020996094,-3.48191326291921,,,,,,-3.4796783924102783,,-3.4796783924102783,-0.13019521534442902
109.194638,POS,,,,,,,,,,,,,,,,42.0939663437436,42.07924415087792,,,,,37.42751,-122.169224,,,1.1131999995623687,,,,25.723800659179688,,,,,,
109.294598,ATT,3,,-10.43,-0.05,90.22,0.0,0.02,-10.46,,-0.06,,,,90.23,,,,,,,,,,,,,,,,,,,,,,
109.294598,XKF1,,,,,,,,,,,,,,,,41.751270761512565,41.73641586303711,,,3.2013215187221795,,,,,,1.1136431694030762,-3.2010922708803076,,,,,,-3.1989314556121826,,-3.1989314556121826,-0.12368107587099075
109.294598,POS,,,,,,,,,,,,,,,,41.75815803856107,41.74331741170575,,,,,37.42751,-122.1692278,,,1.1131999995623687,,,,25.574951171875,,,,,,
109.387061,ERR,,,,,,,,,,,,,,,,,,0,0,,,,,,,,,,,,9,FAILSAFE_FENCE,,,,
109.394558,ATT,3,,-11.38,-0.06,90.22,0.0,0.02,-11.41,,-0.08,,,,90.22,,,,,,,,,,,,,,,,,,,,,,
109.394558,XKF1,,,,,,,,,,,,,,,,41.44558650054894,41.43083572387695,,,2.9169045164614826,,,,,,1.1056634187698364,-2.9166468875924223,,,,,,-2.91457462310791,,-2.91457462310791,-0.11656210571527481
109.394558,POS,,,,,,,,,,,,,,,,41.44856513266121,41.433911204242904,,,,,37.4275099,-122.1692313,,,1.102067999432279,,,,25.42660140991211,,,,,,
109.494518,ATT,3,,-12.27,-0.1,90.23,0.0,0.02,-12.3,,-0.09,,,,90.22,,,,,,,,,,,,,,,,,,,,,,
109.494518,XKF1,,,,,,,,,,,,,,,,41.1687097586487,41.154075622558594,,,2.6296861506813167,,,,,,1.097598671913147,-2.629383570778457,,,,,,-2.627385377883911,,-2.627385377883911,-0.10997875779867172
109.494518,POS,,,,,,,,,,,,,,,,41.174320716218766,41.159865707819584,,,,,37.4275098,-122.1692344,,,1.0909360000931656,,,,25.278472900390625,,,,,,
109.594478,ATT,3,,-13.08,-0.12,90.23,0.0,0.02,-13.12,,-0.11,,,,90.22,,,,,,,,,,,,,,,,,,,,,,
109.594478,XKF1,,,,,,,,,,,,,,,,40.921039959136216,40.9065055847168,,,2.3396444365824958,,,,,,1.0905559062957764,-2.339288731164474,,,,,,-2.3373706340789795,,-2.3373706340789795,-0.103124238550663
109.594478,POS,,,,,,,,,,,,,,,,40.92658795520974,40.912340741849306,,,,,37.4275097,-122.1692372,,,1.079803999963076,,,,25.130428314208984,,,,,,
109.69443799999999,ATT,3,,-13.83,-0.16,90.23,0.0,0.02,-13.87,,-0.15,,,,90.22,,,,,,,,,,,,,,,,,,,,,,
109.69443799999999,XKF1,,,,,,,,,,,,,,,,40.702562933502506,40.688140869140625,,,2.047721026864337,,,,,,1.0834306478500366,-2.0472902556117023,,,,,,-2.0454468727111816,,-2.0454468727111816,-0.09648054093122482
109.69443799999999,POS,,,,,,,,,,,,,,,,40.705660873834155,40.69133630758834,,,,,37.4275097,-122.1692397,,,1.079803999963076,,,,24.982431411743164,,,,,,
109.719428,ERR,,,,,,,,,,,,,,,,,,0,0,,,,,,,,,,,,9,FAILSAFE_FENCE,,,,
109.794398,ATT,3,,-14.51,-0.19,90.23,0.0,0.02,-14.54,,-0.19,,,,90.21,,,,,,,,,,,,,,,,,,,,,,
109.794398,XKF1,,,,,,,,,,,,,,,,40.5136642134144,40.49934005737305,,,1.7538173423756163,,,,,,1.0772385597229004,-1.7533054919708089,,,,,,-1.7515590190887451,,-1.7515590190887451,-0.08897344022989273
109.794398,POS,,,,,,,,,,,,,,,,40.519787654705965,40.50569258436689,,,,,37.4275096,-122.1692418,,,1.0686719998329863,,,,24.83443260192871,,,,,,
109.894358,ATT,3,,-14.95,-0.22,90.23,0.0,0.02,-15.04,,-0.21,,,,90.21,,,,,,,,,,,,,,,,,,,,,,
109.894358,XKF1,,,,,,,,,,,,,,,,40.35404249185586,40.33983612060547,,,1.4596129211055124,,,,,,1.0706853866577148,-1.458968382282945,,,,,,-1.4573040008544922,,-1.4573040008544922,-0.082066610455513
109.894358,POS,,,,,,,,,,,,,,,,40.36072003215874,40.34656939159849,,,,,37.4275096,-122.1692436,,,1.0686719998329863,,,,24.686269760131836,,,,,,
109.99431799999999,ATT,3,,-14.08,-0.2,90.23,0.0,0.02,-14.34,,-0.2,,,,90.2,,,,,,,,,,,,,,,,,,,,,,
109.99431799999999,XKF1,,,,,,,,,,,,,,,,40.22333130193072,40.209205627441406,,,1.1762852767684973,,,,,,1.0659098625183105,-1.1754991902257916,,,,,,-1.1739469766616821,,-1.1739469766616821,-0.07413196563720703
109.99431799999999,POS,,,,,,,,,,,,,,,,40.227869831212054,40.21396673179567,,,,,37.4275095,-122.1692451,,,1.0575399997028967,,,,24.537961959838867,,,,,,
110.051795,ERR,,,,,,,,,,,,,,,,,,0,0,,,,,,,,,,,,9,FAILSAFE_FENCE,,,,
110.094278,ATT,3,,-12.37,-0.16,90.22,0.0,0.01,-12.62,,-0.16,,,,90.19,,,,,,,,,,,,,,,,,,,,,,
110.094278,XKF1,,,,,,,,,,,,,,,,40.11935403068942,40.10532760620117,,,0.9238460051091695,,,,,,1.0607852935791016,-0.9228248323866591,,,,,,-0.9213539958000183,,-0.9213539958000183,-0.06781043857336044
110.094278,POS,,,,,,,,,,,,,,,,40.121824462938626,40.10788460370216,,,,,37.4275095,-122.1692463,,,1.0575399997028967,,,,24.390199661254883,,,,,,
110.194238,ATT,3,,-10.58,-0.11,90.22,0.0,0.01,-10.7,,-0.11,,,,90.19,,,,,,,,,,,,,,,,,,,,,,
110.194238,XKF1,,,,,,,,,,,,,,,,40.038100022731854,40.024139404296875,,,0.711642955743515,,,,,,1.0572220087051392,-0.7103562905024611,,,,,,-0.7089791297912598,,-0.7089791297912598,-0.06151658296585083
110.194238,POS,,,,,,,,,,,,,,,,40.04199810798346,40.028323007317965,,,,,37.4275094,-122.1692472,,,1.046407999572807,,,,24.24254608154297,,,,,,
110.294198,ATT,3,,-9.02,-0.07,90.22,0.0,0.02,-9.02,,-0.07,,,,90.18,,,,,,,,,,,,,,,,,,,,,,
110.294198,XKF1,,,,,,,,,,,,,,,,39.976170773039144,39.96229553222656,,,0.5358203747478274,,,,,,1.0531692504882812,-0.5341068655897118,,,,,,-0.5327934622764587,,-0.5327934622764587,-0.05687354877591133
110.294198,POS,,,,,,,,,,,,,,,,39.98013803281177,39.966441765825394,,,,,37.4275094,-122.1692479,,,1.046407999572807,,,,24.094717025756836,,,,,,
110.384995,ERR,,,,,,,,,,,,,,,,,,0,0,,,,,,,,,,,,9,FAILSAFE_FENCE,,,,
110.394991,ATT,3,,-7.72,-0.04,90.22,0.01,0.02,-7.64,,-0.04,,,,90.18,,,,,,,,,,,,,,,,,,,,,,
110.394991,XKF1,,,,,,,,,,,,,,,,39.93072682016186,39.916908264160156,,,0.38979436591571187,,,,,,1.050418496131897,-0.3875340082970865,,,,,,-0.38629722595214844,,-0.38629722595214844,-0.05209703370928764
110.394991,POS,,,,,,,,,,,,,,,,39.935952305164705,39.922240879224454,,,,,37.4275094,-122.1692484,,,1.046407999572807,,,,23.9467716217041,,,,,,
110.494951,ATT,3,,-6.65,-0.02,90.21,0.01,0.01,-6.54,,-0.02,,,,90.18,,,,,,,,,,,,,,,,,,,,,,
110.494951,XKF1,,,,,,,,,,,,,,,,39.89920398563114,39.88545227050781,,,0.26764065179787544,,,,,,1.0474616289138794,-0.2644121893948813,,,,,,-0.2632330060005188,,-0.2632330060005188,-0.0483725443482399
110.494951,POS,,,,,,,,,,,,,,,,39.90060374672206,39.88688016944119,,,,,37.4275094,-122.1692488,,,1.046407999572807,,,,23.7984619140625,,,,,,
110.594911,ATT,3,,-5.71,0.0,90.21,0.01,0.01,-5.6,,0.0,,,,90.19,,,,,,,,,,,,,,,,,,,,,,
110.594911,XKF1,,,,,,,,,,,,,,,,39.88050329617308,39.8668098449707,,,0.16467710660561385,,,,,,1.044995665550232,-0.1595513268555711,,,,,,-0.15842832624912262,,-0.15842832624912262,-0.04493344947695732
110.594911,POS,,,,,,,,,,,,,,,,39.88263895917212,39.86919981580583,,,,,37.4275093,-122.169249,,,1.0352759994427174,,,,23.64982032775879,,,,,,
110.69487099999999,ATT,3,,-4.91,0.0,90.21,0.01,0.01,-4.8,,0.0,,,,90.19,,,,,,,,,,,,,,,,,,,,,,
110.69487099999999,XKF1,,,,,,,,,,,,,,,,39.87155668854566,39.85792922973633,,,0.08128392168728103,,,,,,1.0423580408096313,-0.0706392828833479,,,,,,-0.06956382840871811,,-0.06956382840871811,-0.04204699397087097
110.69487099999999,POS,,,,,,,,,,,,,,,,39.87380176060902,39.86035963773188,,,,,37.4275093,-122.1692491,,,1.0352759994427174,,,,23.499618530273438,,,,,,
110.717362,ERR,,,,,,,,,,,,,,,,,,0,0,,,,,,,,,,,,9,FAILSAFE_FENCE,,,,
110.794831,ATT,3,,-4.2,0.01,90.21,0.01,0.01,-4.11,,0.0,,,,90.2,,,,,,,,,,,,,,,,,,,,,,
110.794831,XKF1,,,,,,,,,,,,,,,,39.87226440541241,39.85868835449219,,,0.039432555688588077,,,,,,1.0403996706008911,0.004420014834447077,,,,,,0.005440951790660617,,0.00544095179066062,-0.03905537724494934
110.794831,POS,,,,,,,,,,,,,,,,39.87380176060902,39.86035963773188,,,,,37.4275093,-122.1692491,,,1.0352759994427174,,,,23.3503475189209,,,,,,
110.894791,ATT,3,,-3.61,0.02,90.21,0.01,0.01,-3.52,,0.0,,,,90.2,,,,,,,,,,,,,,,,,,,,,,
110.894791,XKF1,,,,,,,,,,,,,,,,39.87962786216713,39.86610794067383,,,0.07701221636621079,,,,,,1.0383429527282715,0.06688154875829339,,,,,,0.06785297393798828,,0.06785297393798828,-0.03642602637410164
110.894791,POS,,,,,,,,,,,,,,,,39.88263895917212,39.86919981580583,,,,,37.4275093,-122.169249,,,1.0352759994427174,,,,23.200767517089844,,,,,,
110.994751,ATT,3,,-3.08,0.04,90.22,0.01,0.01,-3.01,,0.0,,,,90.21,,,,,,,,,,,,,,,,,,,,,,
110.994751,XKF1,,,,,,,,,,,,,,,,39.8938291088456,39.880348205566406,,,0.12532157515602427,,,,,,1.037028431892395,0.11982895409312297,,,,,,0.12074233591556549,,0.12074233591556549,-0.033567626029253006
110.994751,POS,,,,,,,,,,,,,,,,39.90031335774674,39.88688016944119,,,,,37.4275093,-122.1692488,,,1.0352759994427174,,,,23.05104637145996,,,,,,
111.049729,ERR,,,,,,,,,,,,,,,,,,0,0,,,,,,,,,,,,9,FAILSAFE_FENCE,,,,
111.094711,ATT,3,,-2.64,0.05,90.22,0.01,0.01,-2.57,,0.01,,,,90.21,,,,,,,,,,,,,,,,,,,,,,
111.094711,XKF1,,,,,,,,,,,,,,,,39.91237522353022,39.89894104003906,,,0.1670059534508177,,,,,,1.0354708433151245,0.16321113354187616,,,,,,0.1640745848417282,,0.1640745848417282,-0.031153155490756035
111.094711,POS,,,,,,,,,,,,,,,,39.91798776285152,39.90456052433282,,,,,37.4275093,-122.1692486,,,1.0352759994427174,,,,22.901165008544922,,,,,,
111.194671,ATT,3,,-2.24,0.06,90.22,0.01,0.01,-2.17,,0.03,,,,90.21,,,,,,,,,,,,,,,,,,,,,,
111.194671,XKF1,,,,,,,,,,,,,,,,39.935749038648574,39.9223518371582,,,0.202352761769856,,,,,,1.034347653388977,0.19945574195019636,,,,,,0.20027250051498413,,0.20027250051498413,-0.028940727934241295
111.194671,POS,,,,,,,,,,,,,,,,39.944212412277636,39.93108105604213,,,,,37.4275092,-122.1692483,,,1.024144000103604,,,,22.751358032226562,,,,,,
111.294631,ATT,3,,-1.9,0.06,90.22,0.01,0.0,-1.85,,0.04,,,,90.21,,,,,,,,,,,,,,,,,,,,,,
111.294631,XKF1,,,,,,,,,,,,,,,,39.96181833031634,39.94846725463867,,,0.23085189044591461,,,,,,1.0329028367996216,0.22845031068798807,,,,,,0.22923243045806885,,0.22923243045806885,-0.02729630284011364
111.294631,POS,,,,,,,,,,,,,,,,39.97072423260329,39.95760158900771,,,,,37.4275092,-122.169248,,,1.024144000103604,,,,22.601455688476562,,,,,,
111.382096,ERR,,,,,,,,,,,,,,,,,,0,0,,,,,,,,,,,,9,FAILSAFE_FENCE,,,,
111.39459099999999,ATT,3,,-1.58,0.05,90.22,0.01,0.0,-1.55,,0.05,,,,90.22,,,,,,,,,,,,,,,,,,,,,,
111.39459099999999,XKF1,,,,,,,,,,,,,,,,39.99135577902785,39.97804641723633,,,0.2544265319675116,,,,,,1.0316693782806396,0.25236469533875605,,,,,,0.25311461091041565,,0.25311461091041565,-0.025804145261645317
111.39459099999999,POS,,,,,,,,,,,,,,,,39.98839878548768,39.97528194389934,,,,,37.4275092,-122.1692478,,,1.024144000103604,,,,22.451656341552734,,,,,,
111.494551,ATT,3,,-1.31,0.04,90.22,0.01,0.0,-1.29,,0.06,,,,90.22,,,,,,,,,,,,,,,,,,,,,,
111.494551,XKF1,,,,,,,,,,,,,,,,40.02240556489636,40.0091438293457,,,0.2724136041121093,,,,,,1.030221939086914,0.2705713714527681,,,,,,0.27129584550857544,,0.27129584550857544,-0.024652300402522087
111.494551,POS,,,,,,,,,,,,,,,,40.01491062379821,40.00180247560865,,,,,37.4275092,-122.1692475,,,1.024144000103604,,,,22.30181312561035,,,,,,
111.594511,ATT,3,,-1.05,0.03,90.22,0.01,0.0,-1.04,,0.06,,,,90.22,,,,,,,,,,,,,,,,,,,,,,
111.594511,XKF1,,,,,,,,,,,,,,,,40.05598925817778,40.04276657104492,,,0.2865674251952751,,,,,,1.0291359424591064,0.2849102925424822,,,,,,0.28560689091682434,,0.28560689091682434,-0.023443400859832764
111.594511,POS,,,,,,,,,,,,,,,,40.05025975903346,40.03716318413564,,,,,37.4275092,-122.1692471,,,1.024144000103604,,,,22.152095794677734,,,,,,
111.694471,ATT,3,,-0.83,0.02,90.22,0.0,0.0,-0.82,,0.06,,,,90.22,,,,,,,,,,,,,,,,,,,,,,
111.694471,XKF1,,,,,,,,,,,,,,,,40.09004123653245,40.07686233520508,,,0.29604949114057294,,,,,,1.0278675556182861,0.2945183467444775,,,,,,0.29519250988960266,,0.29519250988960266,-0.022509627044200897
111.694471,POS,,,,,,,,,,,,,,,,40.08560891593952,40.072523893918905,,,,,37.4275092,-122.1692467,,,1.024144000103604,,,,22.002281188964844,,,,,,
111.714463,ERR,,,,,,,,,,,,,,,,,,0,0,,,,,,,,,,,,9,FAILSAFE_FENCE,,,,
111.794431,ATT,3,,-0.61,0.01,90.22,0.0,0.0,-0.62,,0.05,,,,90.22,,,,,,,,,,,,,,,,,,,,,,
111.794431,XKF1,,,,,,,,,,,,,,,,40.12565977119749,40.11251449584961,,,0.3023670958958578,,,,,,1.0270116329193115,0.30097579661475654,,,,,,0.301618754863739,,0.301618754863739,-0.02125999517738819
111.794431,POS,,,,,,,,,,,,,,,,40.12095809320656,40.10788460370216,,,,,37.4275092,-122.1692463,,,1.024144000103604,,,,21.852663040161133,,,,,,
111.894391,ATT,3,,-0.44,0.01,90.22,0.0,0.0,-0.44,,0.04,,,,90.23,,,,,,,,,,,,,,,,,,,,,,
111.894391,XKF1,,,,,,,,,,,,,,,,40.160148657292694,40.14704895019531,,,0.3043465979942837,,,,,,1.0256708860397339,0.3030434168427543,,,,,,0.30366310477256775,,0.30366310477256775,-0.02038554660975933
111.894391,POS,,,,,,,,,,,,,,,,40.15630728952497,40.143245312229155,,,,,37.4275092,-122.1692459,,,1.024144000103604,,,,21.702804565429688,,,,,,
111.994351,ATT,3,,-0.28,0.01,90.22,0.0,0.0,-0.29,,0.02,,,,90.23,,,,,,,,,,,,,,,,,,,,,,
111.994351,XKF1,,,,,,,,,,,,,,,,40.196587408754326,40.183509826660156,,,0.3049545888008821,,,,,,1.0252693891525269,0.30380864672095764,,,,,,0.3043834865093231,,0.3043834865093231,-0.018654607236385345
111.994351,POS,,,,,,,,,,,,,,,,40.19165650735287,40.17860602201241,,,,,37.4275092,-122.1692455,,,1.024144000103604,,,,21.55327796936035,,,,,,
112.04683,ERR,,,,,,,,,,,,,,,,,,0,0,,,,,,,,,,,,9,FAILSAFE_FENCE,,,,
112.094311,ATT,3,,-0.13,0.01,90.22,0.0,0.0,-0.14,,0.0,,,,90.23,,,,,,,,,,,,,,,,,,,,,,
112.094311,XKF1,,,,,,,,,,,,,,,,40.231275174131355,40.218231201171875,,,0.30192998568812707,,,,,,1.024393081665039,0.30090837921118074,,,,,,0.3014427125453949,,0.3014427125453949,-0.0171466413885355
112.094311,POS,,,,,,,,,,,,,,,,40.227005745381014,40.21396673179567,,,,,37.4275092,-122.1692451,,,1.024144000103604,,,,21.40351104736328,,,,,,
112.194271,ATT,3,,0.0,0.03,90.22,0.0,0.0,-0.01,,0.01,,,,90.24,,,,,,,,,,,,,,,,,,,,,,
112.194271,XKF1,,,,,,,,,,,,,,,,40.26765438915616,40.25461959838867,,,0.29817593639301276,,,,,,1.0244954824447632,0.29732062947425275,,,,,,0.2977985739707947,,0.2977985739707947,-0.014996612444519997
112.194271,POS,,,,,,,,,,,,,,,,40.262355003556195,40.24932744157893,,,,,37.4275092,-122.1692447,,,1.024144000103604,,,,21.254152297973633,,,,,,
112.294231,ATT,3,,0.13,0.04,90.22,0.0,0.0,0.1,,0.03,,,,90.24,,,,,,,,,,,,,,,,,,,,,,
112.294231,XKF1,,,,,,,,,,,,,,,,40.301748418896885,40.288734436035156,,,0.2912495419177046,,,,,,1.0241109132766724,0.29048905619718923,,,,,,0.29092973470687866,,0.29092973470687866,-0.01364496722817421
112.294231,POS,,,,,,,,,,,,,,,,40.297422903498116,40.28468815010592,,,,,37.4275091,-122.1692443,,,1.0130119999735143,,,,21.104524612426758,,,,,,
112.379197,ERR,,,,,,,,,,,,,,,,,,0,0,,,,,,,,,,,,9,FAILSAFE_FENCE,,,,
112.39419099999999,ATT,3,,0.24,0.06,90.22,0.0,0.0,0.21,,0.04,,,,90.24,,,,,,,,,,,,,,,,,,,,,,
112.39419099999999,XKF1,,,,,,,,,,,,,,,,40.3366957312462,40.32368087768555,,,0.2840651135457767,,,,,,1.02458918094635,0.2834061127097029,,,,,,0.28380587697029114,,0.28380587697029114,-0.012133133597671986
112.39419099999999,POS,,,,,,,,,,,,,,,,40.333053578879934,40.320048859889184,,,,,37.4275092,-122.1692439,,,1.024144000103604,,,,20.955249786376953,,,,,,
112.494984,ATT,3,,0.33,0.06,90.22,0.0,0.0,0.31,,0.06,,,,90.24,,,,,,,,,,,,,,,,,,,,,,
112.494984,XKF1,,,,,,,,,,,,,,,,40.369482322547405,40.356475830078125,,,0.27435942387754464,,,,,,1.0246763229370117,0.2737552844364869,,,,,,0.2741289734840393,,0.2741289734840393,-0.01124274730682373
112.494984,POS,,,,,,,,,,,,,,,,40.368122012896514,40.35540956967244,,,,,37.4275091,-122.1692435,,,1.0130119999735143,,,,20.805700302124023,,,,,,
112.594944,ATT,3,,0.42,0.08,90.22,0.0,0.0,0.4,,0.07,,,,90.24,,,,,,,,,,,,,,,,,,,,,,
112.594944,XKF1,,,,,,,,,,,,,,,,40.40240147199392,40.38938903808594,,,0.2642201536370284,,,,,,1.0253281593322754,0.26367923733908677,,,,,,0.26402315497398376,,0.26402315497398376,-0.010201138444244862
112.594944,POS,,,,,,,,,,,,,,,,40.39463419843001,40.38193010138175,,,,,37.4275091,-122.1692432,,,1.0130119999735143,,,,20.65645408630371,,,,,,
112.694904,ATT,3,,0.48,0.08,90.22,0.0,0.0,0.46,,0.07,,,,90.23,,,,,,,,,,,,,,,,,,,,,,
112.694904,XKF1,,,,,,,,,,,,,,,,40.43293027832954,40.419921875,,,0.2521935949961,,,,,,1.0255566835403442,0.2516798622437398,,,,,,0.25200697779655457,,0.25200697779655457,-0.009700128808617592
112.694904,POS,,,,,,,,,,,,,,,,40.429983795752676,40.41729080990874,,,,,37.4275091,-122.1692428,,,1.0130119999735143,,,,20.506938934326172,,,,,,
112.712397,ERR,,,,,,,,,,,,,,,,,,0,0,,,,,,,,,,,,9,FAILSAFE_FENCE,,,,
112.794864,ATT,3,,0.54,0.09,90.22,0.0,0.0,0.52,,0.08,,,,90.23,,,,,,,,,,,,,,,,,,,,,,
112.794864,XKF1,,,,,,,,,,,,,,,,40.46370453948568,40.450687408447266,,,0.24026822589551985,,,,,,1.026291012763977,0.23979342815474178,,,,,,0.2400992065668106,,0.2400992065668106,-0.009010626003146172
112.794864,POS,,,,,,,,,,,,,,,,40.45649600805908,40.44381134287432,,,,,37.4275091,-122.1692425,,,1.0130119999735143,,,,20.356456756591797,,,,,,
112.894824,ATT,3,,0.58,0.09,90.22,0.0,0.0,0.57,,0.09,,,,90.22,,,,,,,,,,,,,,,,,,,,,,
112.894824,XKF1,,,,,,,,,,,,,,,,40.49171077607959,40.478694915771484,,,0.22701654880778263,,,,,,1.0265960693359375,0.22655588923153236,,,,,,0.2268495410680771,,0.2268495410680771,-0.008706270717084408
112.894824,POS,,,,,,,,,,,,,,,,40.483008230009666,40.470331874583636,,,,,37.4275091,-122.1692422,,,1.0130119999735143,,,,20.206830978393555,,,,,,
112.994784,ATT,3,,0.62,0.1,90.22,0.0,0.0,0.61,,0.09,,,,90.22,,,,,,,,,,,,,,,,,,,,,,
112.994784,XKF1,,,,,,,,,,,,,,,,40.519595306216445,40.506568908691406,,,0.21422972094944204,,,,,,1.0273650884628296,0.21379420115145503,,,,,,0.21407164633274078,,0.21407164633274078,-0.00822821818292141
112.994784,POS,,,,,,,,,,,,,,,,40.51835787703304,40.50569258436689,,,,,37.4275091,-122.1692418,,,1.0130119999735143,,,,20.057559967041016,,,,,,
113.044764,ERR,,,,,,,,,,,,,,,,,,0,0,,,,,,,,,,,,9,FAILSAFE_FENCE,,,,
113.09474399999999,ATT,3,,0.64,0.11,90.22,0.0,0.0,0.63,,0.1,,,,90.22,,,,,,,,,,,,,,,,,,,,,,
113.09474399999999,XKF1,,,,,,,,,,,,,,,,40.54482579806126,40.53179931640625,,,0.2003853995009502,,,,,,1.0276882648468018,0.19994283803729918,,,,,,0.20021598041057587,,0.20021598041057587,-0.008238296024501324
113.09474399999999,POS,,,,,,,,,,,,,,,,40.544870124333976,40.5322131160762,,,,,37.4275091,-122.1692415,,,1.0130119999735143,,,,19.90799903869629,,,,,,
113.194704,ATT,3,,0.66,0.11,90.22,0.0,0.0,0.65,,0.1,,,,90.22,,,,,,,,,,,,,,,,,,,,,,
113.194704,XKF1,,,,,,,,,,,,,,,,40.5697619916006,40.556724548339844,,,0.18742475147378654,,,,,,1.0284366607666016,0.18699276722245192,,,,,,0.18725506961345673,,0.18725506961345673,-0.007973479107022285
113.194704,POS,,,,,,,,,,,,,,,,40.56254496230395,40.54989347096783,,,,,37.4275091,-122.1692413,,,1.0130119999735143,,,,19.75885772705078,,,,,,
113.294664,ATT,3,,0.67,0.11,90.22,0.0,0.0,0.65,,0.11,,,,90.22,,,,,,,,,,,,,,,,,,,,,,
113.294664,XKF1,,,,,,,,,,,,,,,,40.59210138074157,40.579063415527344,,,0.17377988848359838,,,,,,1.028740406036377,0.1733272951463227,,,,,,0.17358927428722382,,0.17358927428722382,-0.008137167431414127
113.294664,POS,,,,,,,,,,,,,,,,40.58905722764134,40.57641400267714,,,,,37.4275091,-122.169241,,,1.0130119999735143,,,,19.60938262939453,,,,,,
113.37713099999999,ERR,,,,,,,,,,,,,,,,,,0,0,,,,,,,,,,,,9,FAILSAFE_FENCE,,,,
113.394624,ATT,3,,0.68,0.12,90.22,0.0,0.0,0.66,,0.11,,,,90.22,,,,,,,,,,,,,,,,,,,,,,
113.394624,XKF1,,,,,,,,,,,,,,,,40.614218705202255,40.60116958618164,,,0.16130164845495104,,,,,,1.0294606685638428,0.16084860644878426,,,,,,0.16110314428806305,,0.16110314428806305,-0.007999918423593044
113.394624,POS,,,,,,,,,,,,,,,,40.60673207761599,40.59409435756877,,,,,37.4275091,-122.1692408,,,1.0130119999735143,,,,19.460247039794922,,,,,,
113.494584,ATT,3,,0.67,0.12,90.22,0.0,0.0,0.65,,0.11,,,,90.22,,,,,,,,,,,,,,,,,,,,,,
113.494584,XKF1,,,,,,,,,,,,,,,,40.63380796226414,40.620758056640625,,,0.14817256704176404,,,,,,1.0297399759292603,0.1476880480930415,,,,,,0.14794403314590454,,0.14794403314590454,-0.008226340636610985
113.494584,POS,,,,,,,,,,,,,,,,40.633244360930995,40.62061488927808,,,,,37.4275091,-122.1692405,,,1.0130119999735143,,,,19.310726165771484,,,,,,
113.594544,ATT,3,,0.67,0.12,90.22,0.0,0.0,0.65,,0.11,,,,90.22,,,,,,,,,,,,,,,,,,,,,,
113.594544,XKF1,,,,,,,,,,,,,,,,40.65318964039591,40.64012908935547,,,0.13622854943401647,,,,,,1.0304055213928223,0.1357394587456472,,,,,,0.13598817586898804,,0.13598817586898804,-0.008089110255241394
113.594544,POS,,,,,,,,,,,,,,,,40.650919222871174,40.63829524416971,,,,,37.4275091,-122.1692403,,,1.0130119999735143,,,,19.16155242919922,,,,,,
113.694504,ATT,3,,0.65,0.12,90.22,0.0,0.0,0.63,,0.11,,,,90.22,,,,,,,,,,,,,,,,,,,,,,
113.694504,XKF1,,,,,,,,,,,,,,,,40.6701123169415,40.65705108642578,,,0.12396683376239044,,,,,,1.030646800994873,0.12343876485746186,,,,,,0.12368877977132797,,0.12368877977132797,-0.008298290893435478
113.694504,POS,,,,,,,,,,,,,,,,40.66859408958664,40.65597559906134,,,,,37.4275091,-122.1692401,,,1.0130119999735143,,,,19.012020111083984,,,,,,
113.709498,ERR,,,,,,,,,,,,,,,,,,0,0,,,,,,,,,,,,9,FAILSAFE_FENCE,,,,
113.794464,ATT,3,,0.64,0.12,90.22,0.0,0.0,0.61,,0.11,,,,90.23,,,,,,,,,,,,,,,,,,,,,,
113.794464,XKF1,,,,,,,,,,,,,,,,40.686758339849405,40.67368698120117,,,0.11296945957287019,,,,,,1.0312572717666626,0.112421077078806,,,,,,0.11266674846410751,,0.11266674846410751,-0.008264537900686264
113.794464,POS,,,,,,,,,,,,,,,,40.686268961071185,40.673655953952974,,,,,37.4275091,-122.1692399,,,1.0130119999735143,,,,18.862886428833008,,,,,,
113.894424,ATT,3,,0.6,0.13,90.22,0.0,0.0,0.59,,0.12,,,,90.23,,,,,,,,,,,,,,,,,,,,,,
113.894424,XKF1,,,,,,,,,,,,,,,,40.70113231494854,40.68806076049805,,,0.10179363291069385,,,,,,1.031447172164917,0.10118047248173113,,,,,,0.10143069177865982,,0.10143069177865982,-0.00858827494084835
113.894424,POS,,,,,,,,,,,,,,,,40.69510639797197,40.68249613077065,,,,,37.4275091,-122.1692398,,,1.0130119999735143,,,,18.71333885192871,,,,,,
113.994384,ATT,3,,0.58,0.13,90.22,0.0,0.0,0.57,,0.12,,,,90.23,,,,,,,,,,,,,,,,,,,,,,
113.994384,XKF1,,,,,,,,,,,,,,,,40.715370348238174,40.70228958129883,,,0.0919388440623281,,,,,,1.0319910049438477,0.09128826766437634,,,,,,0.09153567254543304,,0.09153567254543304,-0.008600680157542229
113.994384,POS,,,,,,,,,,,,,,,,40.71278127659848,40.70017648566228,,,,,37.4275091,-122.1692396,,,1.0130119999735143,,,,18.564146041870117,,,,,,
114.041865,ERR,,,,,,,,,,,,,,,,,,0,0,,,,,,,,,,,,9,FAILSAFE_FENCE,,,,
114.09434399999999,ATT,3,,0.55,0.13,90.22,0.0,0.0,0.54,,0.12,,,,90.23,,,,,,,,,,,,,,,,,,,,,,
114.09434399999999,XKF1,,,,,,,,,,,,,,,,40.727165420339546,40.714088439941406,,,0.08190205662098911,,,,,,1.0319911241531372,0.08113590765647817,,,,,,0.0813930556178093,,0.0813930556178093,-0.009116873145103455
114.09434399999999,POS,,,,,,,,,,,,,,,,40.721618717066754,40.70901666247996,,,,,37.4275091,-122.1692395,,,1.0130119999735143,,,,18.41439437866211,,,,,,
114.194304,ATT,3,,0.52,0.13,90.22,0.0,0.0,0.5,,0.12,,,,90.23,,,,,,,,,,,,,,,,,,,,,,
114.194304,XKF1,,,,,,,,,,,,,,,,40.73928520574208,40.726200103759766,,,0.07355813585425064,,,,,,1.0324651002883911,0.07272384953733783,,,,,,0.07298046350479126,,0.07298046350479126,-0.00920061394572258
114.194304,POS,,,,,,,,,,,,,,,,40.73045615997854,40.717856840553914,,,,,37.4275091,-122.1692394,,,1.0130119999735143,,,,18.265241622924805,,,,,,
114.294264,ATT,3,,0.49,0.12,90.22,0.0,0.0,0.47,,0.12,,,,90.23,,,,,,,,,,,,,,,,,,,,,,
114.294264,XKF1,,,,,,,,,,,,,,,,40.749149130334345,40.73606872558594,,,0.06507059095088284,,,,,,1.0324047803878784,0.06408887439282468,,,,,,0.0643535926938057,,0.0643535926938057,-0.009633115492761135
114.294264,POS,,,,,,,,,,,,,,,,40.74813104685009,40.73553719418928,,,,,37.4275091,-122.1692392,,,1.0130119999735143,,,,18.115535736083984,,,,,,
114.37423199999999,ERR,,,,,,,,,,,,,,,,,,0,0,,,,,,,,,,,,9,FAILSAFE_FENCE,,,,
114.394224,ATT,3,,0.45,0.12,90.22,0.0,0.0,0.44,,0.11,,,,90.23,,,,,,,,,,,,,,,,,,,,,,
114.394224,XKF1,,,,,,,,,,,,,,,,40.7592276773703,40.74613952636719,,,0.0579863632818281,,,,,,1.0328381061553955,0.05693086406353889,,,,,,0.05719166249036789,,0.05719166249036789,-0.009567239321768284
114.394224,POS,,,,,,,,,,,,,,,,40.75696849332008,40.74437737226322,,,,,37.4275091,-122.1692391,,,1.0130119999735143,,,,17.96651840209961,,,,,,
114.494184,ATT,3,,0.42,0.12,90.22,0.0,0.0,0.41,,0.12,,,,90.23,,,,,,,,,,,,,,,,,,,,,,
114.494184,XKF1,,,,,,,,,,,,,,,,40.7672795600392,40.75419616699219,,,0.05085977903872914,,,,,,1.0327523946762085,0.0496067439740376,,,,,,0.049875058233737946,,0.049875058233737946,-0.00995970331132412
114.494184,POS,,,,,,,,,,,,,,,,40.765805939718724,40.75321754908091,,,,,37.4275091,-122.169239,,,1.0130119999735143,,,,17.816917419433594,,,,,,
114.594977,ATT,3,,0.39,0.12,90.22,0.0,0.0,0.37,,0.12,,,,90.23,,,,,,,,,,,,,,,,,,,,,,
114.594977,XKF1,,,,,,,,,,,,,,,,40.77591867859919,40.7628288269043,,,0.045236226074797055,,,,,,1.0331166982650757,0.04386219619976927,,,,,,0.044128451496362686,,0.044128451496362686,-0.009949669241905212
114.594977,POS,,,,,,,,,,,,,,,,40.774643388557,40.762057727154854,,,,,37.4275091,-122.1692389,,,1.0130119999735143,,,,17.667877197265625,,,,,,
114.694937,ATT,3,,0.36,0.12,90.22,0.0,0.0,0.35,,0.12,,,,90.23,,,,,,,,,,,,,,,,,,,,,,
114.694937,XKF1,,,,,,,,,,,,,,,,40.782942343730355,40.76985549926758,,,0.03969543479870364,,,,,,1.0330870151519775,0.038067838374396756,,,,,,0.03834060579538345,,0.03834060579538345,-0.010282290168106556
114.694937,POS,,,,,,,,,,,,,,,,40.774643388557,40.762057727154854,,,,,37.4275091,-122.1692389,,,1.0130119999735143,,,,17.518339157104492,,,,,,
114.707432,ERR,,,,,,,,,,,,,,,,,,0,0,,,,,,,,,,,,9,FAILSAFE_FENCE,,,,
114.79489699999999,ATT,3,,0.33,0.12,90.22,0.0,0.0,0.32,,0.12,,,,90.22,,,,,,,,,,,,,,,,,,,,,,
114.79489699999999,XKF1,,,,,,,,,,,,,,,,40.789950832003626,40.776859283447266,,,0.035039830566669684,,,,,,1.0333614349365234,0.033222188137945745,,,,,,0.03349371626973152,,0.03349371626973152,-0.010293721221387386
114.79489699999999,POS,,,,,,,,,,,,,,,,40.78348083732239,40.77089790397253,,,,,37.4275091,-122.1692388,,,1.0130119999735143,,,,17.36921501159668,,,,,,
114.894857,ATT,3,,0.3,0.12,90.22,0.0,0.0,0.29,,0.12,,,,90.22,,,,,,,,,,,,,,,,,,,,,,
114.894857,XKF1,,,,,,,,,,,,,,,,40.79556142916442,40.782474517822266,,,0.030641134698897125,,,,,,1.0332494974136353,0.028435725406765464,,,,,,0.028715701773762703,,0.028715701773762703,-0.010690538212656975
114.894857,POS,,,,,,,,,,,,,,,,40.79231828852587,40.77973808204648,,,,,37.4275091,-122.1692387,,,1.0130119999735143,,,,17.21837043762207,,,,,,
114.994817,ATT,3,,0.27,0.12,90.22,0.0,0.0,0.25,,0.11,,,,90.22,,,,,,,,,,,,,,,,,,,,,,
114.994817,XKF1,,,,,,,,,,,,,,,,40.801138394054995,40.788047790527344,,,0.027117923439335456,,,,,,1.03346586227417,0.024644600796194027,,,,,,0.02492329105734825,,0.02492329105734825,-0.010686970315873623
114.994817,POS,,,,,,,,,,,,,,,,40.79231828852587,40.77973808204648,,,,,37.4275091,-122.1692387,,,1.0130119999735143,,,,17.069137573242188,,,,,,
115.039799,ERR,,,,,,,,,,,,,,,,,,0,0,,,,,,,,,,,,9,FAILSAFE_FENCE,,,,
115.094777,ATT,3,,0.23,0.11,90.22,0.0,0.0,0.23,,0.11,,,,90.22,,,,,,,,,,,,,,,,,,,,,,
115.094777,XKF1,,,,,,,,,,,,,,,,40.80552167259624,40.79243469238281,,,0.023805283526168473,,,,,,1.0333783626556396,0.020875382938790488,,,,,,0.02115844003856182,,0.02115844003856182,-0.01090925931930542
115.094777,POS,,,,,,,,,,,,,,,,40.80115573965493,40.78857825886416,,,,,37.4275091,-122.1692386,,,1.0130119999735143,,,,16.919389724731445,,,,,,
115.194737,ATT,3,,0.2,0.12,90.22,0.0,0.0,0.2,,0.11,,,,90.22,,,,,,,,,,,,,,,,,,,,,,
115.194737,XKF1,,,,,,,,,,,,,,,,40.810036475825065,40.79693603515625,,,0.02121569536421714,,,,,,1.0339667797088623,0.01802009362912636,,,,,,0.018298007547855377,,0.018298007547855377,-0.010737255215644836
115.194737,POS,,,,,,,,,,,,,,,,40.80115573965493,40.78857825886416,,,,,37.4275091,-122.1692386,,,1.0130119999735143,,,,16.770103454589844,,,,,,
115.294697,ATT,3,,0.17,0.12,90.22,0.0,0.0,0.16,,0.11,,,,90.22,,,,,,,,,,,,,,,,,,,,,,
115.294697,XKF1,,,,,,,,,,,,,,,,40.81355073034186,40.800445556640625,,,0.0190648266455987,,,,,,1.0341980457305908,0.015310092837967903,,,,,,0.015593055635690689,,0.015593055635690689,-0.010969240218400955
115.294697,POS,,,,,,,,,,,,,,,,40.80999319196468,40.79741843568185,,,,,37.4275091,-122.1692385,,,1.0130119999735143,,,,16.62033462524414,,,,,,
115.37216599999999,ERR,,,,,,,,,,,,,,,,,,0,0,,,,,,,,,,,,9,FAILSAFE_FENCE,,,,
115.394657,ATT,3,,0.15,0.14,90.22,0.0,0.0,0.14,,0.13,,,,90.22,,,,,,,,,,,,,,,,,,,,,,
115.394657,XKF1,,,,,,,,,,,,,,,,40.817330382249885,40.80419921875,,,0.017498054275144528,,,,,,1.0352708101272583,0.013471793597313403,,,,,,0.013750683516263962,,0.013750683516263962,-0.010821303352713585
115.394657,POS,,,,,,,,,,,,,,,,40.81027103498654,40.79741843568185,,,,,37.4275092,-122.1692385,,,1.024144000103604,,,,16.4710636138916,,,,,,
115.494617,ATT,3,,0.12,0.14,90.22,0.0,0.0,0.11,,0.14,,,,90.22,,,,,,,,,,,,,,,,,,,,,,
115.494617,XKF1,,,,,,,,,,,,,,,,40.820273213855515,40.80712890625,,,0.01640297587982519,,,,,,1.0358260869979858,0.011626841489723167,,,,,,0.011916699819266796,,0.011916699819266796,-0.011271640658378601
115.494617,POS,,,,,,,,,,,,,,,,40.819108429578264,40.806258613755794,,,,,37.4275092,-122.1692384,,,1.024144000103604,,,,16.321332931518555,,,,,,
115.594577,ATT,3,,0.11,0.15,90.22,0.0,0.0,0.09,,0.15,,,,90.22,,,,,,,,,,,,,,,,,,,,,,
115.594577,XKF1,,,,,,,,,,,,,,,,40.82362883557813,40.810455322265625,,,0.015801300099931342,,,,,,1.0370186567306519,0.010625406931384985,,,,,,0.010919068939983845,,0.010919068939983845,-0.011421690694987774
115.594577,POS,,,,,,,,,,,,,,,,40.819108429578264,40.806258613755794,,,,,37.4275092,-122.1692384,,,1.024144000103604,,,,16.172067642211914,,,,,,
115.694537,ATT,3,,0.09,0.16,90.22,0.0,0.0,0.08,,0.15,,,,90.22,,,,,,,,,,,,,,,,,,,,,,
115.694537,XKF1,,,,,,,,,,,,,,,,40.826214026061145,40.813026428222656,,,0.015608881055505014,,,,,,1.0376056432724,0.009530684162436825,,,,,,0.00984177179634571,,0.00984177179634571,-0.012115143239498138
115.694537,POS,,,,,,,,,,,,,,,,40.819108429578264,40.806258613755794,,,,,37.4275092,-122.1692384,,,1.024144000103604,,,,16.02227020263672,,,,,,
115.704533,ERR,,,,,,,,,,,,,,,,,,0,0,,,,,,,,,,,,9,FAILSAFE_FENCE,,,,
115.79449699999999,ATT,3,,0.08,0.16,90.22,0.0,0.0,0.07,,0.16,,,,90.22,,,,,,,,,,,,,,,,,,,,,,
115.79449699999999,XKF1,,,,,,,,,,,,,,,,40.82904101091975,40.815826416015625,,,0.015497665338399766,,,,,,1.0387029647827148,0.00889912773757164,,,,,,0.009219031780958176,,0.009219031780958176,-0.012457410804927349
115.79449699999999,POS,,,,,,,,,,,,,,,,40.8279458241193,40.81509879057347,,,,,37.4275092,-122.1692383,,,1.024144000103604,,,,15.872970581054688,,,,,,
115.894457,ATT,3,,0.06,0.16,90.22,0.0,0.0,0.05,,0.16,,,,90.22,,,,,,,,,,,,,,,,,,,,,,
115.894457,XKF1,,,,,,,,,,,,,,,,40.831241728675224,40.818016052246094,,,0.01571312859600002,,,,,,1.0391663312911987,0.008154848313760746,,,,,,0.008494038134813309,,0.008494038134813309,-0.013219445012509823
115.894457,POS,,,,,,,,,,,,,,,,40.8279458241193,40.81509879057347,,,,,37.4275092,-122.1692383,,,1.024144000103604,,,,15.723150253295898,,,,,,
115.994417,ATT,3,,0.05,0.16,90.22,0.0,0.0,0.04,,0.16,,,,90.22,,,,,,,,,,,,,,,,,,,,,,
115.994417,XKF1,,,,,,,,,,,,,,,,40.8338802770831,40.82063293457031,,,0.0160212364040811,,,,,,1.0400506258010864,0.008077581357792032,,,,,,0.008427365683019161,,0.008427365683019161,-0.013625693507492542
115.994417,POS,,,,,,,,,,,,,,,,40.8279458241193,40.81509879057347,,,,,37.4275092,-122.1692383,,,1.024144000103604,,,,15.573830604553223,,,,,,
116.0369,ERR,,,,,,,,,,,,,,,,,,0,0,,,,,,,,,,,,9,FAILSAFE_FENCE,,,,
116.094377,ATT,3,,0.04,0.16,90.22,0.0,0.0,0.03,,0.16,,,,90.22,,,,,,,,,,,,,,,,,,,,,,
116.094377,XKF1,,,,,,,,,,,,,,,,40.83579706595133,40.822547912597656,,,0.016524047298861647,,,,,,1.0401461124420166,0.007612050449519757,,,,,,0.007983152754604815,,0.007983152754604816,-0.014467667788267136
116.094377,POS,,,,,,,,,,,,,,,,40.8279458241193,40.81509879057347,,,,,37.4275092,-122.1692383,,,1.024144000103604,,,,15.423781394958496,,,,,,
116.194337,ATT,3,,0.03,0.16,90.22,0.0,0.0,0.02,,0.15,,,,90.22,,,,,,,,,,,,,,,,,,,,,,
116.194337,XKF1,,,,,,,,,,,,,,,,40.83823392858417,40.82496643066406,,,0.016830460718105466,,,,,,1.0408968925476074,0.007768985800330301,,,,,,0.008147004060447214,,0.008147004060447216,-0.014727210626006126
116.194337,POS,,,,,,,,,,,,,,,,40.836783221120605,40.82393896864742,,,,,37.4275092,-122.1692382,,,1.024144000103604,,,,15.27442741394043,,,,,,
116.294297,ATT,3,,0.02,0.16,90.22,0.0,0.0,0.01,,0.15,,,,90.22,,,,,,,,,,,,,,,,,,,,,,
116.294297,XKF1,,,,,,,,,,,,,,,,40.84003341894333,40.82676696777344,,,0.017434704879932022,,,,,,1.0408787727355957,0.00763215649694984,,,,,,0.008029192686080931,,0.008029192686080933,-0.015475819818675518
116.294297,POS,,,,,,,,,,,,,,,,40.836783221120605,40.82393896864742,,,,,37.4275092,-122.1692382,,,1.024144000103604,,,,15.124361991882324,,,,,,
116.369267,ERR,,,,,,,,,,,,,,,,,,0,0,,,,,,,,,,,,9,FAILSAFE_FENCE,,,,
116.394257,ATT,3,,0.02,0.16,90.22,0.0,0.0,0.01,,0.15,,,,90.22,,,,,,,,,,,,,,,,,,,,,,
116.394257,XKF1,,,,,,,,,,,,,,,,40.84250425576977,40.8292236328125,,,0.017730831562464414,,,,,,1.0414659976959229,0.007908394815873908,,,,,,0.00831048749387264,,0.008310487493872643,-0.01566263660788536
116.394257,POS,,,,,,,,,,,,,,,,40.836783221120605,40.82393896864742,,,,,37.4275092,-122.1692382,,,1.024144000103604,,,,14.975092887878418,,,,,,
116.49421699999999,ATT,3,,0.01,0.16,90.22,0.0,0.0,0.01,,0.15,,,,90.22,,,,,,,,,,,,,,,,,,,,,,
116.49421699999999,XKF1,,,,,,,,,,,,,,,,40.84434588394172,40.83106994628906,,,0.018334763147665575,,,,,,1.0413057804107666,0.007865135316864152,,,,,,0.008284821175038813,,0.008284821175038815,-0.016356199979782104
116.49421699999999,POS,,,,,,,,,,,,,,,,40.836783221120605,40.82393896864742,,,,,37.4275092,-122.1692382,,,1.024144000103604,,,,14.825124740600586,,,,,,
116.594177,ATT,3,,0.01,0.15,90.22,0.0,0.0,0.0,,0.15,,,,90.22,,,,,,,,,,,,,,,,,,,,,,
116.594177,XKF1,,,,,,,,,,,,,,,,40.846695895852065,40.83340835571289,,,0.01864022943514736,,,,,,1.0417906045913696,0.0081607957696907,,,,,,0.008585574105381964,,0.008585574105381966,-0.01654527336359024
116.594177,POS,,,,,,,,,,,,,,,,40.84562061806967,40.8327791454651,,,,,37.4275092,-122.1692381,,,1.024144000103604,,,,14.675908088684082,,,,,,
116.69497,ATT,3,,0.01,0.15,90.22,0.0,0.0,0.0,,0.14,,,,90.22,,,,,,,,,,,,,,,,,,,,,,
116.69497,XKF1,,,,,,,,,,,,,,,,40.848569921404696,40.83528518676758,,,0.019082644012674475,,,,,,1.041704535484314,0.008195793611562342,,,,,,0.008632597513496874,,0.008632597513496876,-0.017018388956785202
116.69497,POS,,,,,,,,,,,,,,,,40.84562061806967,40.8327791454651,,,,,37.4275092,-122.1692381,,,1.024144000103604,,,,14.526100158691406,,,,,,
116.79493,ATT,3,,0.01,0.15,90.22,0.0,0.0,0.0,,0.14,,,,90.22,,,,,,,,,,,,,,,,,,,,,,
116.79493,XKF1,,,,,,,,,,,,,,,,40.85064524889753,40.83735275268555,,,0.019321813621885755,,,,,,1.0420352220535278,0.008411421153780714,,,,,,0.008852398954331873,,0.008852398954331875,-0.01717461831867695
116.79493,POS,,,,,,,,,,,,,,,,40.84562061806967,40.8327791454651,,,,,37.4275092,-122.1692381,,,1.024144000103604,,,,14.376751899719238,,,,,,
116.89489,ATT,3,,0.0,0.15,90.22,0.0,0.0,0.0,,0.14,,,,90.22,,,,,,,,,,,,,,,,,,,,,,
116.89489,XKF1,,,,,,,,,,,,,,,,40.852355779716724,40.83906936645508,,,0.019716112007781377,,,,,,1.041818618774414,0.008413730911147832,,,,,,0.00886571407318115,,0.008865714073181152,-0.017610343173146248
116.89489,POS,,,,,,,,,,,,,,,,40.84562061806967,40.8327791454651,,,,,37.4275092,-122.1692381,,,1.024144000103604,,,,14.226840019226074,,,,,,
116.99485,ATT,3,,0.0,0.15,90.22,0.0,0.0,0.0,,0.14,,,,90.22,,,,,,,,,,,,,,,,,,,,,,
116.99485,XKF1,,,,,,,,,,,,,,,,40.85449630139465,40.84120559692383,,,0.01998060232823012,,,,,,1.0420141220092773,0.008735134634035977,,,,,,0.009190627373754976,,0.009190627373754978,-0.017741387709975243
116.99485,POS,,,,,,,,,,,,,,,,40.85445801622157,40.84161932228279,,,,,37.4275092,-122.169238,,,1.024144000103604,,,,14.076250076293945,,,,,,
117.09481,ATT,3,,0.0,0.15,90.22,0.0,0.0,0.0,,0.14,,,,90.22,,,,,,,,,,,,,,,,,,,,,,
117.09481,XKF1,,,,,,,,,,,,,,,,40.85624628246007,40.84296417236328,,,0.02037040611243255,,,,,,1.0416995286941528,0.008823677651752536,,,,,,0.009288933128118513,,0.009288933128118515,-0.01812923513352871
117.09481,POS,,,,,,,,,,,,,,,,40.85445801622157,40.84161932228279,,,,,37.4275092,-122.169238,,,1.024144000103604,,,,13.9263277053833,,,,,,
117.19476999999999,ATT,3,,0.0,0.15,90.22,0.0,0.0,0.0,,0.13,,,,90.22,,,,,,,,,,,,,,,,,,,,,,
117.19476999999999,XKF1,,,,,,,,,,,,,,,,40.858281918927425,40.84499740600586,,,0.020549213384664457,,,,,,1.04181969165802,0.009073633740292717,,,,,,0.009540808387100695,,0.009540808387100697,-0.018200086429715157
117.19476999999999,POS,,,,,,,,,,,,,,,,40.85445801622157,40.84161932228279,,,,,37.4275092,-122.169238,,,1.024144000103604,,,,13.776947975158691,,,,,,
117.29473,ATT,3,,0.0,0.14,90.22,0.0,0.0,0.0,,0.13,,,,90.22,,,,,,,,,,,,,,,,,,,,,,
117.29473,XKF1,,,,,,,,,,,,,,,,40.85995371307,40.8466796875,,,0.020866891793762544,,,,,,1.0414297580718994,0.009146843884150468,,,,,,0.009621904231607912,,0.009621904231607914,-0.01851610466837883
117.29473,POS,,,,,,,,,,,,,,,,40.85445801622157,40.84161932228279,,,,,37.4275092,-122.169238,,,1.024144000103604,,,,13.626993179321289,,,,,,
117.39469,ATT,3,,0.0,0.14,90.22,0.0,0.0,0.0,,0.13,,,,90.22,,,,,,,,,,,,,,,,,,,,,,
117.39469,XKF1,,,,,,,,,,,,,,,,40.861815911117624,40.848541259765625,,,0.020998634084373805,,,,,,1.0414780378341675,0.009272771827786972,,,,,,0.009749958291649817,,0.009749958291649818,-0.01859787479043007
117.39469,POS,,,,,,,,,,,,,,,,40.85445801622157,40.84161932228279,,,,,37.4275092,-122.169238,,,1.024144000103604,,,,13.477575302124023,,,,,,
117.49465,ATT,3,,0.0,0.13,90.22,0.0,0.0,0.0,,0.13,,,,90.22,,,,,,,,,,,,,,,,,,,,,,
117.49465,XKF1,,,,,,,,,,,,,,,,40.86339087305869,40.850128173828125,,,0.02124673372367823,,,,,,1.0410292148590088,0.009197752877398843,,,,,,0.009682698175311087,,0.009682698175311089,-0.018912140280008316
117.49465,POS,,,,,,,,,,,,,,,,40.8632954168314,40.850459500356735,,,,,37.4275092,-122.1692379,,,1.024144000103604,,,,13.32763385772705,,,,,,
117.59461,ATT,3,,0.0,0.13,90.22,0.0,0.0,0.0,,0.12,,,,90.21,,,,,,,,,,,,,,,,,,,,,,
117.59461,XKF1,,,,,,,,,,,,,,,,40.86534416590945,40.852081298828125,,,0.02115971171694515,,,,,,1.0410606861114502,0.009351408269091192,,,,,,0.009831925854086874,,0.009831925854086876,-0.01873677223920822
117.59461,POS,,,,,,,,,,,,,,,,40.8632954168314,40.850459500356735,,,,,37.4275092,-122.1692379,,,1.024144000103604,,,,13.178300857543945,,,,,,
117.69457,ATT,3,,0.01,0.13,90.22,0.0,0.0,0.0,,0.12,,,,90.21,,,,,,,,,,,,,,,,,,,,,,
117.69457,XKF1,,,,,,,,,,,,,,,,40.86697260432665,40.853721618652344,,,0.021214506020142628,,,,,,1.0406150817871094,0.009209903902904963,,,,,,0.009693551808595656,,0.009693551808595657,-0.018870355561375618
117.69457,POS,,,,,,,,,,,,,,,,40.8632954168314,40.850459500356735,,,,,37.4275092,-122.1692379,,,1.024144000103604,,,,13.028395652770996,,,,,,
117.79453,ATT,3,,0.01,0.13,90.22,0.0,0.0,0.0,,0.12,,,,90.21,,,,,,,,,,,,,,,,,,,,,,
117.79453,XKF1,,,,,,,,,,,,,,,,40.86883043644091,40.8555793762207,,,0.021013308697145152,,,,,,1.0406416654586792,0.009227254460533265,,,,,,0.009704978205263613,,0.009704978205263615,-0.01863793283700943
117.79453,POS,,,,,,,,,,,,,,,,40.8632954168314,40.850459500356735,,,,,37.4275092,-122.1692379,,,1.024144000103604,,,,12.879008293151855,,,,,,
117.89449,ATT,3,,0.01,0.12,90.22,0.0,0.0,0.01,,0.11,,,,90.21,,,,,,,,,,,,,,,,,,,,,,
117.89449,XKF1,,,,,,,,,,,,,,,,40.87036364146328,40.85712432861328,,,0.020982569601736046,,,,,,1.040199875831604,0.008996787613053857,,,,,,0.009476323612034319,,0.00947632361203432,-0.018720777705311775
117.89449,POS,,,,,,,,,,,,,,,,40.8632954168314,40.850459500356735,,,,,37.4275092,-122.1692379,,,1.024144000103604,,,,12.729028701782227,,,,,,
117.99445,ATT,3,,0.01,0.12,90.22,0.0,0.0,0.01,,0.11,,,,90.21,,,,,,,,,,,,,,,,,,,,,,
117.99445,XKF1,,,,,,,,,,,,,,,,40.872038988966096,40.85879898071289,,,0.020675234947722176,,,,,,1.0402485132217407,0.008831017959110253,,,,,,0.009303953498601912,,0.009303953498601913,-0.01846352592110634
117.99445,POS,,,,,,,,,,,,,,,,40.8632954168314,40.850459500356735,,,,,37.4275092,-122.1692379,,,1.024144000103604,,,,12.579574584960938,,,,,,
118.09441,ATT,3,,0.01,0.12,90.22,0.0,0.0,0.0,,0.11,,,,90.21,,,,,,,,,,,,,,,,,,,,,,
118.09441,XKF1,,,,,,,,,,,,,,,,40.87346233700449,40.860233306884766,,,0.02050884404271848,,,,,,1.0398353338241577,0.00854026952391867,,,,,,0.009011868387460707,,0.009011868387460709,-0.01842278242111206
118.09441,POS,,,,,,,,,,,,,,,,40.87213281738663,40.85929967717441,,,,,37.4275092,-122.1692378,,,1.024144000103604,,,,12.429532051086426,,,,,,
118.19436999999999,ATT,3,,0.02,0.13,90.22,0.0,0.0,0.01,,0.11,,,,90.22,,,,,,,,,,,,,,,,,,,,,,
118.19436999999999,XKF1,,,,,,,,,,,,,,,,40.875322737634235,40.86208724975586,,,0.020108158465554325,,,,,,1.0401127338409424,0.008501663762306898,,,,,,0.008962600491940973,,0.008962600491940975,-0.018000273033976555
118.19436999999999,POS,,,,,,,,,,,,,,,,40.87213281738663,40.85929967717441,,,,,37.4275092,-122.1692378,,,1.024144000103604,,,,12.279699325561523,,,,,,
118.29433,ATT,3,,0.02,0.12,90.22,0.0,0.0,0.02,,0.11,,,,90.22,,,,,,,,,,,,,,,,,,,,,,
118.29433,XKF1,,,,,,,,,,,,,,,,40.87665711665978,40.86343765258789,,,0.020085674142876573,,,,,,1.0394999980926514,0.008059436695845737,,,,,,0.008524689823389052,,0.008524689823389053,-0.018186917528510094
118.29433,POS,,,,,,,,,,,,,,,,40.87213281738663,40.85929967717441,,,,,37.4275092,-122.1692378,,,1.024144000103604,,,,12.129056930541992,,,,,,
118.39429,ATT,3,,0.02,0.12,90.22,0.0,0.0,0.02,,0.11,,,,90.22,,,,,,,,,,,,,,,,,,,,,,
118.39429,XKF1,,,,,,,,,,,,,,,,40.87833843906789,40.865116119384766,,,0.019673494434448813,,,,,,1.0396336317062378,0.007808663660410675,,,,,,0.008265381678938864,,0.008265381678938866,-0.017853006720542908
118.39429,POS,,,,,,,,,,,,,,,,40.87213281738663,40.85929967717441,,,,,37.4275092,-122.1692378,,,1.024144000103604,,,,11.97922134399414,,,,,,
118.49425,ATT,3,,0.02,0.12,90.22,0.0,0.0,0.02,,0.11,,,,90.22,,,,,,,,,,,,,,,,,,,,,,
118.49425,XKF1,,,,,,,,,,,,,,,,40.87963781321717,40.86642837524414,,,0.01949983258435421,,,,,,1.039143681526184,0.007307219167228219,,,,,,0.007764417212456464,,0.007764417212456465,-0.017887350171804428
118.49425,POS,,,,,,,,,,,,,,,,40.87213281738663,40.85929967717441,,,,,37.4275092,-122.1692378,,,1.024144000103604,,,,11.82861328125,,,,,,
118.59421,ATT,3,,0.03,0.12,90.22,0.0,0.0,0.02,,0.11,,,,90.23,,,,,,,,,,,,,,,,,,,,,,
118.59421,XKF1,,,,,,,,,,,,,,,,40.88112814241255,40.86791229248047,,,0.01896469476700332,,,,,,1.0394147634506226,0.00695457877178881,,,,,,0.007400922011584043,,0.0074009220115840435,-0.017460985109210014
118.59421,POS,,,,,,,,,,,,,,,,40.88097022039824,40.86813985524836,,,,,37.4275092,-122.1692377,,,1.024144000103604,,,,11.678791999816895,,,,,,
118.69417,ATT,3,,0.03,0.12,90.22,0.0,0.0,0.02,,0.11,,,,90.23,,,,,,,,,,,,,,,,,,,,,,
118.69417,XKF1,,,,,,,,,,,,,,,,40.88226268467636,40.869056701660156,,,0.01872596440402876,,,,,,1.0390411615371704,0.006347159521464349,,,,,,0.006792865227907895,,0.006792865227907896,-0.017450464889407158
118.69417,POS,,,,,,,,,,,,,,,,40.88097022039824,40.86813985524836,,,,,37.4275092,-122.1692377,,,1.024144000103604,,,,11.528167724609375,,,,,,
118.794963,ATT,3,,0.03,0.12,90.22,0.0,0.0,0.02,,0.11,,,,90.23,,,,,,,,,,,,,,,,,,,,,,
118.794963,XKF1,,,,,,,,,,,,,,,,40.88386552473769,40.87065124511719,,,0.018281948203014237,,,,,,1.039387822151184,0.006066422816389223,,,,,,0.006502908654510974,,0.006502908654510975,-0.01708630472421646
118.794963,POS,,,,,,,,,,,,,,,,40.88097022039824,40.86813985524836,,,,,37.4275092,-122.1692377,,,1.024144000103604,,,,11.379645347595215,,,,,,
118.89492299999999,ATT,3,,0.04,0.12,90.22,0.0,0.0,0.03,,0.11,,,,90.23,,,,,,,,,,,,,,,,,,,,,,
118.89492299999999,XKF1,,,,,,,,,,,,,,,,40.885226822407255,40.872013092041016,,,0.018154525183613164,,,,,,1.0393835306167603,0.0055463536911879285,,,,,,0.005984019488096236,,0.005984019488096237,-0.017139961943030357
118.89492299999999,POS,,,,,,,,,,,,,,,,40.88097022039824,40.86813985524836,,,,,37.4275092,-122.1692377,,,1.024144000103604,,,,11.234718322753906,,,,,,
118.994883,ATT,3,,0.04,0.12,90.22,0.0,0.0,0.03,,0.11,,,,90.23,,,,,,,,,,,,,,,,,,,,,,
118.994883,XKF1,,,,,,,,,,,,,,,,40.886659016603566,40.87343978881836,,,0.01792323745079378,,,,,,1.039617896080017,0.005027690106475433,,,,,,0.005463498178869485,,0.005463498178869486,-0.0170702263712883
118.994883,POS,,,,,,,,,,,,,,,,40.88097022039824,40.86813985524836,,,,,37.4275092,-122.1692377,,,1.024144000103604,,,,11.096707344055176,,,,,,
119.094843,ATT,3,,0.04,0.12,90.22,0.0,0.0,0.03,,0.11,,,,90.23,,,,,,,,,,,,,,,,,,,,,,
119.094843,XKF1,,,,,,,,,,,,,,,,40.88783829292789,40.8746223449707,,,0.01788910259087518,,,,,,1.0395039319992065,0.004346476845415669,,,,,,0.00478624366223812,,0.004786243662238121,-0.01723693311214447
119.094843,POS,,,,,,,,,,,,,,,,40.88097022039824,40.86813985524836,,,,,37.4275092,-122.1692377,,,1.024144000103604,,,,10.965688705444336,,,,,,
119.194803,ATT,3,,0.04,0.12,90.22,0.0,0.0,0.03,,0.11,,,,90.23,,,,,,,,,,,,,,,,,,,,,,
119.194803,XKF1,,,,,,,,,,,,,,,,40.88902830224465,40.87580871582031,,,0.017752306924135423,,,,,,1.0396621227264404,0.0037424285866165174,,,,,,0.004182452335953712,,0.0041824523359537125,-0.01725257933139801
119.194803,POS,,,,,,,,,,,,,,,,40.88097022039824,40.86813985524836,,,,,37.4275092,-122.1692377,,,1.024144000103604,,,,10.846028327941895,,,,,,
119.294763,ATT,3,,0.04,0.12,90.22,0.0,0.0,0.03,,0.11,,,,90.22,,,,,,,,,,,,,,,,,,,,,,
119.294763,XKF1,,,,,,,,,,,,,,,,40.89005004162818,40.876834869384766,,,0.01771017004644736,,,,,,1.0395015478134155,0.003064274493665978,,,,,,0.003506719367578625,,0.0035067193675786257,-0.017359523102641106
119.294763,POS,,,,,,,,,,,,,,,,40.8898076233537,40.876980032066044,,,,,37.4275092,-122.1692376,,,1.024144000103604,,,,10.736526489257812,,,,,,
119.394723,ATT,3,,0.04,0.12,90.22,0.0,0.0,0.03,,0.11,,,,90.22,,,,,,,,,,,,,,,,,,,,,,
119.394723,XKF1,,,,,,,,,,,,,,,,40.89128111689136,40.8780632019043,,,0.017663195008567927,,,,,,1.0396250486373901,0.002582075541685487,,,,,,0.0030254879966378203,,0.003025487996637821,-0.017402151599526405
119.394723,POS,,,,,,,,,,,,,,,,40.8898076233537,40.876980032066044,,,,,37.4275092,-122.1692376,,,1.024144000103604,,,,10.639153480529785,,,,,,
119.494683,ATT,3,,0.04,0.11,90.22,0.0,0.0,0.04,,0.1,,,,90.22,,,,,,,,,,,,,,,,,,,,,,
119.494683,XKF1,,,,,,,,,,,,,,,,40.89229099814069,40.87907791137695,,,0.017627816310763652,,,,,,1.0394480228424072,0.0019147823520602426,,,,,,0.0023595967795699826,,0.0023595967795699835,-0.01746917888522148
119.494683,POS,,,,,,,,,,,,,,,,40.8898076233537,40.876980032066044,,,,,37.4275092,-122.1692376,,,1.024144000103604,,,,10.553437232971191,,,,,,
119.594643,ATT,3,,0.04,0.11,90.22,0.0,0.0,0.03,,0.1,,,,90.22,,,,,,,,,,,,,,,,,,,,,,
119.594643,XKF1,,,,,,,,,,,,,,,,40.89340866929806,40.880191802978516,,,0.017324126550704203,,,,,,1.0396108627319336,0.0013265661903994557,,,,,,0.0017652661772444833,,0.0017652661772444844,-0.01723395474255085
119.594643,POS,,,,,,,,,,,,,,,,40.8898076233537,40.876980032066044,,,,,37.4275092,-122.1692376,,,1.024144000103604,,,,10.479784965515137,,,,,,
119.694603,ATT,3,,0.04,0.11,90.22,0.0,0.0,0.03,,0.1,,,,90.22,,,,,,,,,,,,,,,,,,,,,,
119.694603,XKF1,,,,,,,,,,,,,,,,40.89428638558463,40.881072998046875,,,0.017235790956802194,,,,,,1.039485216140747,0.0007271200723358193,,,,,,0.0011646088678389777,,0.0011646088678389788,-0.017196400091052055
119.694603,POS,,,,,,,,,,,,,,,,40.8898076233537,40.876980032066044,,,,,37.4275092,-122.1692376,,,1.024144000103604,,,,10.416949272155762,,,,,,
119.794563,ATT,3,,0.05,0.12,90.22,0.0,0.0,0.03,,0.1,,,,90.21,,,,,,,,,,,,,,,,,,,,,,
119.794563,XKF1,,,,,,,,,,,,,,,,40.89523349939744,40.882015228271484,,,0.01698247097827023,,,,,,1.039689302444458,0.0002670863125404157,,,,,,0.0006986960070207704,,0.0006986960070207715,-0.01696809194982052
119.794563,POS,,,,,,,,,,,,,,,,40.8898076233537,40.876980032066044,,,,,37.4275092,-122.1692376,,,1.024144000103604,,,,10.363166809082031,,,,,,
119.89452299999999,ATT,3,,0.05,0.12,90.22,0.0,0.0,0.03,,0.1,,,,90.21,,,,,,,,,,,,,,,,,,,,,,
119.89452299999999,XKF1,,,,,,,,,,,,,,,,40.89595224400625,40.88273620605469,,,0.016885890280478596,,,,,,1.0396106243133545,-0.0002836199318234077,,,,,,0.00014566516620106892,,0.00014566516620106995,-0.016885261982679367
119.89452299999999,POS,,,,,,,,,,,,,,,,40.8898076233537,40.876980032066044,,,,,37.4275092,-122.1692376,,,1.024144000103604,,,,10.31515121459961,,,,,,
119.994483,ATT,3,,0.05,0.12,90.22,0.0,0.0,0.04,,0.11,,,,90.21,,,,,,,,,,,,,,,,,,,,,,
119.994483,XKF1,,,,,,,,,,,,,,,,40.89671798504259,40.88349533081055,,,0.016606089062769388,,,,,,1.0398805141448975,-0.0008371813759245133,,,,,,-0.00041520473314449294,,-0.0004152047331444919,-0.016600897535681725
119.994483,POS,,,,,,,,,,,,,,,,40.8898076233537,40.876980032066044,,,,,37.4275092,-122.1692376,,,1.024144000103604,,,,10.271268844604492,,,,,,
120.094443,ATT,3,,0.05,0.12,90.22,0.0,0.0,0.04,,0.11,,,,90.21,,,,,,,,,,,,,,,,,,,,,,
120.094443,XKF1,,,,,,,,,,,,,,,,40.89727029775834,40.88404846191406,,,0.016546974121994337,,,,,,1.0398553609848022,-0.0014140461003982197,,,,,,-0.0009944040793925535,,-0.0009944040793925524,-0.016517067328095436
120.094443,POS,,,,,,,,,,,,,,,,40.8898076233537,40.876980032066044,,,,,37.4275092,-122.1692376,,,1.024144000103604,,,,10.229391098022461,,,,,,
120.194403,ATT,3,,0.05,0.13,90.22,0.0,0.0,0.04,,0.11,,,,90.21,,,,,,,,,,,,,,,,,,,,,,
120.194403,XKF1,,,,,,,,,,,,,,,,40.89788052486876,40.88465118408203,,,0.0163367886044132,,,,,,1.0401581525802612,-0.0019268076351257116,,,,,,-0.0015135898720473062,,-0.001513589872047305,-0.01626652106642723
120.194403,POS,,,,,,,,,,,,,,,,40.8898076233537,40.876980032066044,,,,,37.4275092,-122.1692376,,,1.024144000103604,,,,10.18883228302002,,,,,,
120.294363,ATT,3,,0.04,0.13,90.22,0.0,0.0,0.05,,0.11,,,,90.21,,,,,,,,,,,,,,,,,,,,,,
120.294363,XKF1,,,,,,,,,,,,,,,,40.89815044112762,40.88492965698242,,,0.016591824755210205,,,,,,1.039825201034546,-0.0027549238430206084,,,,,,-0.002338045975193382,,-0.0023380459751933813,-0.016426265239715576
120.294363,POS,,,,,,,,,,,,,,,,40.8898076233537,40.876980032066044,,,,,37.4275092,-122.1692376,,,1.024144000103604,,,,10.147666931152344,,,,,,
120.394323,ATT,3,,0.04,0.13,90.22,0.0,0.0,0.04,,0.11,,,,90.21,,,,,,,,,,,,,,,,,,,,,,
120.394323,XKF1,,,,,,,,,,,,,,,,40.89894660953646,40.88571548461914,,,0.01640184494050404,,,,,,1.0402418375015259,-0.0031840462934884396,,,,,,-0.002773780608549715,,-0.002773780608549714,-0.01616560108959675
120.394323,POS,,,,,,,,,,,,,,,,40.89864502876397,40.88582021013999,,,,,37.4275092,-122.1692375,,,1.024144000103604,,,,10.10688591003418,,,,,,
120.494283,ATT,3,,0.04,0.13,90.22,0.0,0.0,0.03,,0.11,,,,90.21,,,,,,,,,,,,,,,,,,,,,,
120.494283,XKF1,,,,,,,,,,,,,,,,40.8993409538198,40.88611602783203,,,0.016585139366025584,,,,,,1.0400031805038452,-0.0037062426854680627,,,,,,-0.003293976420536638,,-0.0032939764205366373,-0.016254739835858345
120.494283,POS,,,,,,,,,,,,,,,,40.89864502876397,40.88582021013999,,,,,37.4275092,-122.1692375,,,1.024144000103604,,,,10.064362525939941,,,,,,
120.59424299999999,ATT,3,,0.04,0.13,90.22,0.0,0.0,0.03,,0.11,,,,90.22,,,,,,,,,,,,,,,,,,,,,,
120.59424299999999,XKF1,,,,,,,,,,,,,,,,40.90016146005427,40.886924743652344,,,0.01629526834680355,,,,,,1.0404770374298096,-0.0038946377591952998,,,,,,-0.003490848932415248,,-0.003490848932415247,-0.015916964039206505
120.59424299999999,POS,,,,,,,,,,,,,,,,40.89864502876397,40.88582021013999,,,,,37.4275092,-122.1692375,,,1.024144000103604,,,,10.021729469299316,,,,,,
120.694203,ATT,3,,0.04,0.13,90.22,0.0,0.0,0.03,,0.12,,,,90.22,,,,,,,,,,,,,,,,,,,,,,
120.694203,XKF1,,,,,,,,,,,,,,,,40.90056845626878,40.88733673095703,,,0.01662962054590938,,,,,,1.0402860641479492,-0.004412654323685677,,,,,,-0.004003422800451518,,-0.004003422800451517,-0.016140535473823547
120.694203,POS,,,,,,,,,,,,,,,,40.89864502876397,40.88582021013999,,,,,37.4275092,-122.1692375,,,1.024144000103604,,,,9.976950645446777,,,,,,
120.794996,ATT,3,,0.04,0.14,90.22,0.0,0.0,0.03,,0.12,,,,90.22,,,,,,,,,,,,,,,,,,,,,,
120.794996,XKF1,,,,,,,,,,,,,,,,40.90130118286358,40.888057708740234,,,0.01652408882953102,,,,,,1.0407570600509644,-0.004635985937483168,,,,,,-0.0042309071868658074,,-0.004230907186865807,-0.015973256900906563
120.794996,POS,,,,,,,,,,,,,,,,40.89864502876397,40.88582021013999,,,,,37.4275092,-122.1692375,,,1.024144000103604,,,,9.931992530822754,,,,,,
120.894956,ATT,3,,0.04,0.14,90.22,0.0,0.0,0.03,,0.12,,,,90.22,,,,,,,,,,,,,,,,,,,,,,
120.894956,XKF1,,,,,,,,,,,,,,,,40.9017931922761,40.8885498046875,,,0.016674539529178887,,,,,,1.0407599210739136,-0.0050043987401016425,,,,,,-0.004598048515617848,,-0.0045980485156178474,-0.016028044745326042
120.894956,POS,,,,,,,,,,,,,,,,40.89864502876397,40.88582021013999,,,,,37.4275092,-122.1692375,,,1.024144000103604,,,,9.885417938232422,,,,,,
120.994916,ATT,3,,0.04,0.14,90.22,0.0,0.0,0.04,,0.12,,,,90.22,,,,,,,,,,,,,,,,,,,,,,
120.994916,XKF1,,,,,,,,,,,,,,,,40.90236442295669,40.889122009277344,,,0.016896264404775565,,,,,,1.0407289266586304,-0.005366829738884652,,,,,,-0.004957443568855525,,-0.004957443568855524,-0.016152631491422653
120.994916,POS,,,,,,,,,,,,,,,,40.89864502876397,40.88582021013999,,,,,37.4275092,-122.1692375,,,1.024144000103604,,,,9.83814811706543,,,,,,
121.094876,ATT,3,,0.04,0.13,90.22,0.0,0.0,0.04,,0.13,,,,90.23,,,,,,,,,,,,,,,,,,,,,,
121.094876,XKF1,,,,,,,,,,,,,,,,40.90268726534836,40.88945770263672,,,0.017413277545755126,,,,,,1.040228009223938,-0.005922338759950189,,,,,,-0.0055039720609784135,,-0.005503972060978413,-0.01652054861187935
121.094876,POS,,,,,,,,,,,,,,,,40.89864502876397,40.88582021013999,,,,,37.4275092,-122.1692375,,,1.024144000103604,,,,9.789084434509277,,,,,,
121.194836,ATT,3,,0.03,0.12,90.22,0.0,0.0,0.03,,0.12,,,,90.23,,,,,,,,,,,,,,,,,,,,,,
121.194836,XKF1,,,,,,,,,,,,,,,,40.90306712690382,40.889854431152344,,,0.017803382402586776,,,,,,1.039569616317749,-0.006309356739663765,,,,,,-0.005884204991161824,,-0.005884204991161823,-0.016802873462438583
121.194836,POS,,,,,,,,,,,,,,,,40.89864502876397,40.88582021013999,,,,,37.4275092,-122.1692375,,,1.024144000103604,,,,9.740028381347656,,,,,,
121.294796,ATT,3,,0.03,0.1,90.22,0.0,0.0,0.02,,0.12,,,,90.23,,,,,,,,,,,,,,,,,,,,,,
121.294796,XKF1,,,,,,,,,,,,,,,,40.90324525285566,40.89005661010742,,,0.018300398956067224,,,,,,1.0386253595352173,-0.006621045597415806,,,,,,-0.006185702048242093,,-0.006185702048242092,-0.017223289236426353
121.294796,POS,,,,,,,,,,,,,,,,40.89864502876397,40.88582021013999,,,,,37.4275092,-122.1692375,,,1.024144000103604,,,,9.689940452575684,,,,,,
121.394756,ATT,3,,0.03,0.09,90.22,0.0,0.0,0.02,,0.1,,,,90.23,,,,,,,,,,,,,,,,,,,,,,
121.394756,XKF1,,,,,,,,,,,,,,,,40.903537741406524,40.89037322998047,,,0.018486865949554482,,,,,,1.037678599357605,-0.006711884885823975,,,,,,-0.006272734608501197,,-0.006272734608501196,-0.017390141263604164
121.394756,POS,,,,,,,,,,,,,,,,40.89864502876397,40.88582021013999,,,,,37.4275092,-122.1692375,,,1.024144000103604,,,,9.639753341674805,,,,,,
121.494716,ATT,3,,0.02,0.07,90.22,0.0,0.0,0.02,,0.08,,,,90.23,,,,,,,,,,,,,,,,,,,,,,
121.494716,XKF1,,,,,,,,,,,,,,,,40.90365831437953,40.89052200317383,,,0.018467347852717447,,,,,,1.036568284034729,-0.006897117216220986,,,,,,-0.00646077236160636,,-0.0064607723616063595,-0.017300328239798546
121.494716,POS,,,,,,,,,,,,,,,,40.89864502876397,40.88582021013999,,,,,37.4275092,-122.1692375,,,1.024144000103604,,,,9.588857650756836,,,,,,
121.59467599999999,ATT,3,,0.02,0.07,90.22,0.0,0.0,0.01,,0.06,,,,90.22,,,,,,,,,,,,,,,,,,,,,,
121.59467599999999,XKF1,,,,,,,,,,,,,,,,40.90391298808623,40.89080047607422,,,0.0180167200514278,,,,,,1.0356322526931763,-0.006910555538460526,,,,,,-0.006487070582807065,,-0.006487070582807064,-0.01680833473801613
121.59467599999999,POS,,,,,,,,,,,,,,,,40.89864502876397,40.88582021013999,,,,,37.4275092,-122.1692375,,,1.024144000103604,,,,9.538154602050781,,,,,,
121.694636,ATT,3,,0.02,0.06,90.22,0.0,0.0,0.01,,0.04,,,,90.22,,,,,,,,,,,,,,,,,,,,,,
121.694636,XKF1,,,,,,,,,,,,,,,,40.90401756481849,40.89093017578125,,,0.017368817343491487,,,,,,1.034641146659851,-0.006875371205596937,,,,,,-0.006469724234193564,,-0.0064697242341935635,-0.016118885949254036
121.694636,POS,,,,,,,,,,,,,,,,40.89864502876397,40.88582021013999,,,,,37.4275092,-122.1692375,,,1.024144000103604,,,,9.486855506896973,,,,,,
121.794596,ATT,3,,0.02,0.06,90.22,0.0,0.0,0.01,,0.05,,,,90.22,,,,,,,,,,,,,,,,,,,,,,
121.794596,XKF1,,,,,,,,,,,,,,,,40.90427499574379,40.891204833984375,,,0.016506885997985873,,,,,,1.0339633226394653,-0.006803283032795979,,,,,,-0.006420941092073918,,-0.006420941092073917,-0.015206866897642612
121.794596,POS,,,,,,,,,,,,,,,,40.89864502876397,40.88582021013999,,,,,37.4275092,-122.1692375,,,1.024144000103604,,,,9.435869216918945,,,,,,
121.894556,ATT,3,,0.02,0.06,90.22,0.0,0.0,0.02,,0.04,,,,90.22,,,,,,,,,,,,,,,,,,,,,,
121.894556,XKF1,,,,,,,,,,,,,,,,40.904462416328855,40.89141082763672,,,0.01583168930683078,,,,,,1.0332309007644653,-0.006860701364872845,,,,,,-0.006498110480606557,,-0.006498110480606556,-0.014436652883887291
121.894556,POS,,,,,,,,,,,,,,,,40.89864502876397,40.88582021013999,,,,,37.4275092,-122.1692375,,,1.024144000103604,,,,9.384466171264648,,,,,,
121.994516,ATT,3,,0.03,0.06,90.22,0.0,0.0,0.02,,0.05,,,,90.22,,,,,,,,,,,,,,,,,,,,,,
121.994516,XKF1,,,,,,,,,,,,,,,,40.90498548675441,40.891944885253906,,,0.015046734796818381,,,,,,1.0328025817871094,-0.0068192419865539915,,,,,,-0.0064784116111695775,,-0.006478411611169577,-0.01358066312968731
121.994516,POS,,,,,,,,,,,,,,,,40.89864502876397,40.88582021013999,,,,,37.4275092,-122.1692375,,,1.024144000103604,,,,9.333459854125977,,,,,,
122.094476,ATT,3,,0.03,0.06,90.22,0.0,0.0,0.02,,0.05,,,,90.21,,,,,,,,,,,,,,,,,,,,,,
122.094476,XKF1,,,,,,,,,,,,,,,,40.90534654245448,40.89231872558594,,,0.014597831770223777,,,,,,1.0323008298873901,-0.007001858668412973,,,,,,-0.0066763763315975675,,-0.006676376331597567,-0.012981628999114037
122.094476,POS,,,,,,,,,,,,,,,,40.89864502876397,40.88582021013999,,,,,37.4275092,-122.1692375,,,1.024144000103604,,,,9.28214168548584,,,,,,
122.194436,ATT,3,,0.03,0.07,90.22,0.0,0.0,0.03,,0.06,,,,90.21,,,,,,,,,,,,,,,,,,,,,,
122.194436,XKF1,,,,,,,,,,,,,,,,40.905951519749536,40.89292907714844,,,0.014004347443889792,,,,,,1.0320955514907837,-0.007028042252608681,,,,,,-0.00672017876058817,,-0.006720178760588169,-0.012286616489291191
122.194436,POS,,,,,,,,,,,,,,,,40.89864502876397,40.88582021013999,,,,,37.4275092,-122.1692375,,,1.024144000103604,,,,9.231297492980957,,,,,,
122.29439599999999,ATT,3,,0.03,0.07,90.22,0.0,0.0,0.03,,0.06,,,,90.21,,,,,,,,,,,,,,,,,,,,,,
122.29439599999999,XKF1,,,,,,,,,,,,,,,,40.906125269925944,40.89311599731445,,,0.013969114301901477,,,,,,1.0315757989883423,-0.00748966702262871,,,,,,-0.007189923897385598,,-0.007189923897385597,-0.011976691894233227
122.29439599999999,POS,,,,,,,,,,,,,,,,40.89864502876397,40.88582021013999,,,,,37.4275092,-122.1692375,,,1.024144000103604,,,,9.179726600646973,,,,,,
122.394356,ATT,3,,0.03,0.07,90.22,0.0,0.0,0.03,,0.06,,,,90.21,,,,,,,,,,,,,,,,,,,,,,
122.394356,XKF1,,,,,,,,,,,,,,,,40.90677900511242,40.893768310546875,,,0.013461503388875948,,,,,,1.0316404104232788,-0.007607007620153578,,,,,,-0.007324500009417535,,-0.007324500009417534,-0.011294413357973099
122.394356,POS,,,,,,,,,,,,,,,,40.89864502876397,40.88582021013999,,,,,37.4275092,-122.1692375,,,1.024144000103604,,,,9.129120826721191,,,,,,
122.494316,ATT,3,,0.03,0.07,90.22,0.0,0.0,0.03,,0.07,,,,90.21,,,,,,,,,,,,,,,,,,,,,,
122.494316,XKF1,,,,,,,,,,,,,,,,40.90697736733911,40.89397430419922,,,0.013471574718151509,,,,,,1.0313403606414795,-0.00796214684791581,,,,,,-0.007685643620789052,,-0.007685643620789051,-0.011064095422625542
122.494316,POS,,,,,,,,,,,,,,,,40.907482434116545,40.894660386957675,,,,,37.4275092,-122.1692374,,,1.024144000103604,,,,9.077813148498535,,,,,,
122.594276,ATT,3,,0.04,0.07,90.22,0.0,0.0,0.03,,0.07,,,,90.22,,,,,,,,,,,,,,,,,,,,,,
122.594276,XKF1,,,,,,,,,,,,,,,,40.90761627608658,40.89460754394531,,,0.013098754482035185,,,,,,1.0315731763839722,-0.008094540734495243,,,,,,-0.007832271978259087,,-0.007832271978259087,-0.01049918495118618
122.594276,POS,,,,,,,,,,,,,,,,40.907482434116545,40.894660386957675,,,,,37.4275092,-122.1692374,,,1.024144000103604,,,,9.027429580688477,,,,,,
122.694236,ATT,3,,0.04,0.07,90.22,0.0,0.0,0.03,,0.07,,,,90.22,,,,,,,,,,,,,,,,,,,,,,
122.694236,XKF1,,,,,,,,,,,,,,,,40.907791518042806,40.8947868347168,,,0.013198266018700628,,,,,,1.0314148664474487,-0.008500876939648076,,,,,,-0.00824362225830555,,-0.00824362225830555,-0.010307129472494125
122.694236,POS,,,,,,,,,,,,,,,,40.907482434116545,40.894660386957675,,,,,37.4275092,-122.1692374,,,1.024144000103604,,,,8.976286888122559,,,,,,
122.794196,ATT,3,,0.04,0.08,90.22,0.0,0.0,0.03,,0.07,,,,90.23,,,,,,,,,,,,,,,,,,,,,,
122.794196,XKF1,,,,,,,,,,,,,,,,40.9083848714884,40.89537048339844,,,0.012767578299176253,,,,,,1.0318070650100708,-0.00853886950064878,,,,,,-0.008296741172671318,,-0.008296741172671318,-0.009704387746751308
122.794196,POS,,,,,,,,,,,,,,,,40.907482434116545,40.894660386957675,,,,,37.4275092,-122.1692374,,,1.024144000103604,,,,8.926087379455566,,,,,,
122.894989,ATT,3,,0.04,0.08,90.22,0.0,0.0,0.03,,0.08,,,,90.22,,,,,,,,,,,,,,,,,,,,,,
122.894989,XKF1,,,,,,,,,,,,,,,,40.90871400021151,40.895694732666016,,,0.012800535805097777,,,,,,1.0320045948028564,-0.008823215975849487,,,,,,-0.008586456067860126,,-0.008586456067860126,-0.00949349720031023
122.894989,POS,,,,,,,,,,,,,,,,40.907482434116545,40.894660386957675,,,,,37.4275092,-122.1692374,,,1.024144000103604,,,,8.875567436218262,,,,,,
122.99494899999999,ATT,3,,0.05,0.09,90.22,0.0,0.0,0.04,,0.08,,,,90.22,,,,,,,,,,,,,,,,,,,,,,
122.99494899999999,XKF1,,,,,,,,,,,,,,,,40.9091398935793,40.89611053466797,,,0.01278823818718241,,,,,,1.0324097871780396,-0.00904847861536082,,,,,,-0.008817537687718868,,-0.008817537687718868,-0.00926229264587164
122.99494899999999,POS,,,,,,,,,,,,,,,,40.907482434116545,40.894660386957675,,,,,37.4275092,-122.1692374,,,1.024144000103604,,,,8.825399398803711,,,,,,
123.094909,ATT,3,,0.05,0.09,90.22,0.0,0.0,0.04,,0.09,,,,90.21,,,,,,,,,,,,,,,,,,,,,,
123.094909,XKF1,,,,,,,,,,,,,,,,40.90931998025896,40.89628601074219,,,0.013073779320423369,,,,,,1.0325946807861328,-0.009452020982914993,,,,,,-0.009221023879945278,,-0.009221023879945278,-0.009268032386898994
123.094909,POS,,,,,,,,,,,,,,,,40.907482434116545,40.894660386957675,,,,,37.4275092,-122.1692374,,,1.024144000103604,,,,8.77484130859375,,,,,,
123.194869,ATT,3,,0.04,0.1,90.22,0.0,0.0,0.04,,0.09,,,,90.21,,,,,,,,,,,,,,,,,,,,,,
123.194869,XKF1,,,,,,,,,,,,,,,,40.90961126953558,40.896568298339844,,,0.013158918750902466,,,,,,1.0329548120498657,-0.009758690648594498,,,,,,-0.00953268725425005,,-0.00953268725425005,-0.009071108885109425
123.194869,POS,,,,,,,,,,,,,,,,40.907482434116545,40.894660386957675,,,,,37.4275092,-122.1692374,,,1.024144000103604,,,,8.724186897277832,,,,,,
123.294829,ATT,3,,0.04,0.1,90.22,0.0,0.0,0.04,,0.09,,,,90.21,,,,,,,,,,,,,,,,,,,,,,
123.294829,XKF1,,,,,,,,,,,,,,,,40.90967637312238,40.896629333496094,,,0.013530538200673022,,,,,,1.0331166982650757,-0.010194727277409256,,,,,,-0.009966813959181309,,-0.009966813959181309,-0.009150851517915726
123.294829,POS,,,,,,,,,,,,,,,,40.907482434116545,40.894660386957675,,,,,37.4275092,-122.1692374,,,1.024144000103604,,,,8.673613548278809,,,,,,
123.394789,ATT,3,,0.04,0.1,90.22,0.0,0.0,0.04,,0.09,,,,90.2,,,,,,,,,,,,,,,,,,,,,,
123.394789,XKF1,,,,,,,,,,,,,,,,40.90988373714285,40.896827697753906,,,0.013706791818669226,,,,,,1.0334755182266235,-0.010499762860574894,,,,,,-0.010273830033838749,,-0.010273830033838749,-0.009073288179934025
123.394789,POS,,,,,,,,,,,,,,,,40.907482434116545,40.894660386957675,,,,,37.4275092,-122.1692374,,,1.024144000103604,,,,8.623404502868652,,,,,,
123.494749,ATT,3,,0.03,0.1,90.22,0.0,0.0,0.03,,0.09,,,,90.2,,,,,,,,,,,,,,,,,,,,,,
123.494749,XKF1,,,,,,,,,,,,,,,,40.909864536571135,40.89680480957031,,,0.014057087437846044,,,,,,1.0336211919784546,-0.010870250078001973,,,,,,-0.01064158882945776,,-0.01064158882945776,-0.00918467715382576
123.494749,POS,,,,,,,,,,,,,,,,40.907482434116545,40.894660386957675,,,,,37.4275092,-122.1692374,,,1.024144000103604,,,,8.572859764099121,,,,,,
123.594709,ATT,3,,0.03,0.11,90.22,0.0,0.0,0.03,,0.09,,,,90.2,,,,,,,,,,,,,,,,,,,,,,
123.594709,XKF1,,,,,,,,,,,,,,,,40.90999109876223,40.89692306518555,,,0.014109902596310921,,,,,,1.0339514017105103,-0.010993271386228633,,,,,,-0.010766208171844482,,-0.010766208171844482,-0.00912020355463028
123.594709,POS,,,,,,,,,,,,,,,,40.907482434116545,40.894660386957675,,,,,37.4275092,-122.1692374,,,1.024144000103604,,,,8.522635459899902,,,,,,
123.694669,ATT,3,,0.03,0.11,90.22,0.0,0.0,0.03,,0.09,,,,90.2,,,,,,,,,,,,,,,,,,,,,,
123.694669,XKF1,,,,,,,,,,,,,,,,40.909914263794384,40.89684295654297,,,0.014387662149178887,,,,,,1.034079909324646,-0.011256722085542457,,,,,,-0.01102663017809391,,-0.01102663017809391,-0.00924219936132431
123.694669,POS,,,,,,,,,,,,,,,,40.907482434116545,40.894660386957675,,,,,37.4275092,-122.1692374,,,1.024144000103604,,,,8.472061157226562,,,,,,
123.794629,ATT,3,,0.03,0.11,90.22,0.0,0.0,0.03,,0.1,,,,90.2,,,,,,,,,,,,,,,,,,,,,,
123.794629,XKF1,,,,,,,,,,,,,,,,40.91001033990861,40.89693069458008,,,0.01446727924100416,,,,,,1.034410834312439,-0.011329281619323756,,,,,,-0.011098165065050125,,-0.011098165065050125,-0.009280781261622906
123.794629,POS,,,,,,,,,,,,,,,,40.907482434116545,40.894660386957675,,,,,37.4275092,-122.1692374,,,1.024144000103604,,,,8.421807289123535,,,,,,
123.894589,ATT,3,,0.02,0.11,90.22,0.0,0.0,0.03,,0.1,,,,90.21,,,,,,,,,,,,,,,,,,,,,,
123.894589,XKF1,,,,,,,,,,,,,,,,40.909916853818025,40.89683151245117,,,0.014719824080975424,,,,,,1.0346348285675049,-0.011481191823656195,,,,,,-0.011244550347328186,,-0.011244550347328186,-0.009499121457338333
123.894589,POS,,,,,,,,,,,,,,,,40.907482434116545,40.894660386957675,,,,,37.4275092,-122.1692374,,,1.024144000103604,,,,8.371225357055664,,,,,,
123.99454899999999,ATT,3,,0.02,0.12,90.22,0.0,0.0,0.02,,0.11,,,,90.21,,,,,,,,,,,,,,,,,,,,,,
123.99454899999999,XKF1,,,,,,,,,,,,,,,,40.91001762994488,40.896915435791016,,,0.014694291638566918,,,,,,1.0353020429611206,-0.011455163723905941,,,,,,-0.01121858786791563,,-0.01121858786791563,-0.009490284137427807
123.99454899999999,POS,,,,,,,,,,,,,,,,40.907482434116545,40.894660386957675,,,,,37.4275092,-122.1692374,,,1.024144000103604,,,,8.320992469787598,,,,,,
124.094509,ATT,3,,0.02,0.13,90.22,0.0,0.0,0.02,,0.11,,,,90.21,,,,,,,,,,,,,,,,,,,,,,
124.094509,XKF1,,,,,,,,,,,,,,,,40.90993627669929,40.896820068359375,,,0.014915666093334846,,,,,,1.035854458808899,-0.011518882067829365,,,,,,-0.011275256052613258,,-0.011275256052613258,-0.009764512069523335
124.094509,POS,,,,,,,,,,,,,,,,40.907482434116545,40.894660386957675,,,,,37.4275092,-122.1692374,,,1.024144000103604,,,,8.270451545715332,,,,,,
124.194469,ATT,3,,0.02,0.14,90.22,0.0,0.0,0.02,,0.13,,,,90.21,,,,,,,,,,,,,,,,,,,,,,
124.194469,XKF1,,,,,,,,,,,,,,,,40.91006028905884,40.896915435791016,,,0.014861805434339907,,,,,,1.0369863510131836,-0.011422508388298998,,,,,,-0.011177833192050457,,-0.011177833192050457,-0.00979435071349144
124.194469,POS,,,,,,,,,,,,,,,,40.907482434116545,40.894660386957675,,,,,37.4275092,-122.1692374,,,1.024144000103604,,,,8.220210075378418,,,,,,
124.294429,ATT,3,,0.02,0.15,90.22,0.0,0.0,0.01,,0.14,,,,90.22,,,,,,,,,,,,,,,,,,,,,,
124.294429,XKF1,,,,,,,,,,,,,,,,40.91000121245312,40.89683532714844,,,0.015243396541121746,,,,,,1.037814736366272,-0.011433600146369188,,,,,,-0.011174174025654793,,-0.011174174025654793,-0.010368171148002148
124.294429,POS,,,,,,,,,,,,,,,,40.907482434116545,40.894660386957675,,,,,37.4275092,-122.1692374,,,1.024144000103604,,,,8.169634819030762,,,,,,
124.394389,ATT,3,,0.02,0.16,90.22,0.0,0.0,0.02,,0.15,,,,90.22,,,,,,,,,,,,,,,,,,,,,,
124.394389,XKF1,,,,,,,,,,,,,,,,40.91014567529231,40.896949768066406,,,0.01546219883008686,,,,,,1.0389989614486694,-0.01129223481866121,,,,,,-0.011020337231457233,,-0.011020337231457233,-0.010845817625522614
124.394389,POS,,,,,,,,,,,,,,,,40.907482434116545,40.894660386957675,,,,,37.4275092,-122.1692374,,,1.024144000103604,,,,8.119388580322266,,,,,,
124.494349,ATT,3,,0.02,0.16,90.22,0.0,0.0,0.02,,0.16,,,,90.22,,,,,,,,,,,,,,,,,,,,,,
124.494349,XKF1,,,,,,,,,,,,,,,,40.909896824971455,40.896690368652344,,,0.016380184269580093,,,,,,1.039410948753357,-0.01148670875441953,,,,,,-0.01118630450218916,,-0.01118630450218916,-0.011965660378336906
124.494349,POS,,,,,,,,,,,,,,,,40.907482434116545,40.894660386957675,,,,,37.4275092,-122.1692374,,,1.024144000103604,,,,8.068522453308105,,,,,,
124.594309,ATT,3,,0.02,0.16,90.22,0.0,0.0,0.01,,0.15,,,,90.22,,,,,,,,,,,,,,,,,,,,,,
124.594309,XKF1,,,,,,,,,,,,,,,,40.910120537372656,40.89688491821289,,,0.016581257577354985,,,,,,1.0405606031417847,-0.011235544830034298,,,,,,-0.010921744629740715,,-0.010921744629740715,-0.012476121075451374
124.594309,POS,,,,,,,,,,,,,,,,40.907482434116545,40.894660386957675,,,,,37.4275092,-122.1692374,,,1.024144000103604,,,,8.01855182647705,,,,,,
124.69426899999999,ATT,3,,0.02,0.16,90.22,0.0,0.0,0.01,,0.15,,,,90.22,,,,,,,,,,,,,,,,,,,,,,
124.69426899999999,XKF1,,,,,,,,,,,,,,,,40.90994282418264,40.896697998046875,,,0.017288981780544825,,,,,,1.0409201383590698,-0.011301252423702536,,,,,,-0.010964682325720787,,-0.010964682325720787,-0.013367297127842903
124.69426899999999,POS,,,,,,,,,,,,,,,,40.907482434116545,40.894660386957675,,,,,37.4275092,-122.1692374,,,1.024144000103604,,,,7.967941761016846,,,,,,
124.794229,ATT,3,,0.02,0.17,90.22,0.0,0.0,0.02,,0.16,,,,90.22,,,,,,,,,,,,,,,,,,,,,,
124.794229,XKF1,,,,,,,,,,,,,,,,40.91057181338443,40.897300720214844,,,0.01736815871607583,,,,,,1.0419596433639526,-0.010946900264932044,,,,,,-0.010599922388792038,,-0.010599922388792038,-0.013758436776697636
124.794229,POS,,,,,,,,,,,,,,,,40.907482434116545,40.894660386957675,,,,,37.4275092,-122.1692374,,,1.024144000103604,,,,7.918027400970459,,,,,,
124.894189,ATT,3,,0.03,0.17,90.22,0.0,0.0,0.02,,0.16,,,,90.22,,,,,,,,,,,,,,,,,,,,,,
124.894189,XKF1,,,,,,,,,,,,,,,,40.910696288894904,40.89741897583008,,,0.018206635513788438,,,,,,1.0422053337097168,-0.011070368965362133,,,,,,-0.010698549449443819,,-0.010698549449443817,-0.014731687493622303
124.894189,POS,,,,,,,,,,,,,,,,40.907482434116545,40.894660386957675,,,,,37.4275092,-122.1692374,,,1.024144000103604,,,,7.867444038391113,,,,,,
124.994982,ATT,3,,0.03,0.17,90.22,0.0,0.0,0.02,,0.16,,,,90.22,,,,,,,,,,,,,,,,,,,,,,
124.994982,XKF1,,,,,,,,,,,,,,,,40.911476287618676,40.89817810058594,,,0.018471340362857247,,,,,,1.0430340766906738,-0.010803868144489338,,,,,,-0.010418386198580267,,-0.010418386198580265,-0.015252791345119476
124.994982,POS,,,,,,,,,,,,,,,,40.907482434116545,40.894660386957675,,,,,37.4275092,-122.1692374,,,1.024144000103604,,,,7.81753396987915,,,,,,
125.094942,ATT,3,,0.04,0.17,90.22,0.0,0.0,0.03,,0.16,,,,90.22,,,,,,,,,,,,,,,,,,,,,,
125.094942,XKF1,,,,,,,,,,,,,,,,40.911969493903854,40.89866256713867,,,0.019227306717027597,,,,,,1.043383002281189,-0.010949695172226442,,,,,,-0.010543060488998892,,-0.01054306048899889,-0.016078967601060867
125.094942,POS,,,,,,,,,,,,,,,,40.907482434116545,40.894660386957675,,,,,37.4275092,-122.1692374,,,1.024144000103604,,,,7.76730489730835,,,,,,
125.194902,ATT,3,,0.05,0.17,90.22,0.0,0.0,0.04,,0.16,,,,90.22,,,,,,,,,,,,,,,,,,,,,,
125.194902,XKF1,,,,,,,,,,,,,,,,40.91265649008689,40.89933776855469,,,0.01980118325171913,,,,,,1.043853998184204,-0.011035468111999777,,,,,,-0.010612397454679014,,-0.010612397454679012,-0.016717173159122467
125.194902,POS,,,,,,,,,,,,,,,,40.907482434116545,40.894660386957675,,,,,37.4275092,-122.1692374,,,1.024144000103604,,,,7.717310905456543,,,,,,
125.294862,ATT,3,,0.05,0.16,90.22,0.0,0.0,0.04,,0.16,,,,90.22,,,,,,,,,,,,,,,,,,,,,,
125.294862,XKF1,,,,,,,,,,,,,,,,40.91303071057259,40.89971160888672,,,0.020737800023364623,,,,,,1.04387366771698,-0.011458985408342075,,,,,,-0.011014254763722421,,-0.01101425476372242,-0.017571071162819862
125.294862,POS,,,,,,,,,,,,,,,,40.907482434116545,40.894660386957675,,,,,37.4275092,-122.1692374,,,1.024144000103604,,,,7.666565895080566,,,,,,
125.394822,ATT,3,,0.05,0.16,90.22,0.0,0.0,0.04,,0.15,,,,90.22,,,,,,,,,,,,,,,,,,,,,,
125.394822,XKF1,,,,,,,,,,,,,,,,40.91358851935688,40.900264739990234,,,0.02125297169715174,,,,,,1.0440640449523926,-0.011634008963256871,,,,,,-0.011176345869898798,,-0.011176345869898796,-0.018077004700899124
125.394822,POS,,,,,,,,,,,,,,,,40.907482434116545,40.894660386957675,,,,,37.4275092,-122.1692374,,,1.024144000103604,,,,7.616481781005859,,,,,,
125.494782,ATT,3,,0.05,0.15,90.22,0.0,0.0,0.04,,0.14,,,,90.22,,,,,,,,,,,,,,,,,,,,,,
125.494782,XKF1,,,,,,,,,,,,,,,,40.91385349002862,40.90053176879883,,,0.02186757008476351,,,,,,1.0439867973327637,-0.011911416671225285,,,,,,-0.011439594440162184,,-0.011439594440162182,-0.018636692315340042
125.494782,POS,,,,,,,,,,,,,,,,40.907482434116545,40.894660386957675,,,,,37.4275092,-122.1692374,,,1.024144000103604,,,,7.566111087799072,,,,,,
125.594742,ATT,3,,0.05,0.16,90.22,0.0,0.0,0.04,,0.14,,,,90.21,,,,,,,,,,,,,,,,,,,,,,
125.594742,XKF1,,,,,,,,,,,,,,,,40.914298583249206,40.90096664428711,,,0.022105007050317493,,,,,,1.044392704963684,-0.012101453615699873,,,,,,-0.011625316925346853,,-0.011625316925346851,-0.01880115270614624
125.594742,POS,,,,,,,,,,,,,,,,40.907482434116545,40.894660386957675,,,,,37.4275092,-122.1692374,,,1.024144000103604,,,,7.5160231590271,,,,,,
125.69470199999999,ATT,3,,0.05,0.16,90.22,0.0,0.0,0.04,,0.14,,,,90.21,,,,,,,,,,,,,,,,,,,,,,
125.69470199999999,XKF1,,,,,,,,,,,,,,,,40.9144644850057,40.90113067626953,,,0.022585019911164114,,,,,,1.0444680452346802,-0.012429865286266517,,,,,,-0.011944434605538847,,-0.011944434605538845,-0.019168036058545113
125.69470199999999,POS,,,,,,,,,,,,,,,,40.907482434116545,40.894660386957675,,,,,37.4275092,-122.1692374,,,1.024144000103604,,,,7.46563720703125,,,,,,
125.79466199999999,ATT,3,,0.05,0.16,90.22,0.0,0.0,0.05,,0.15,,,,90.21,,,,,,,,,,,,,,,,,,,,,,
125.79466199999999,XKF1,,,,,,,,,,,,,,,,40.91481674286826,40.90147018432617,,,0.022844143351227076,,,,,,1.0449717044830322,-0.012755862860273243,,,,,,-0.012267688289284708,,-0.012267688289284706,-0.019270669668912888
125.79466199999999,POS,,,,,,,,,,,,,,,,40.907482434116545,40.894660386957675,,,,,37.4275092,-122.1692374,,,1.024144000103604,,,,7.415476322174072,,,,,,
125.894622,ATT,3,,0.05,0.16,90.22,0.0,0.0,0.05,,0.14,,,,90.21,,,,,,,,,,,,,,,,,,,,,,
125.894622,XKF1,,,,,,,,,,,,,,,,40.91487808693585,40.90153121948242,,,0.023353980601336307,,,,,,1.0449845790863037,-0.013131078362766849,,,,,,-0.012633537873625757,,-0.012633537873625755,-0.019641846418380737
125.894622,POS,,,,,,,,,,,,,,,,40.907482434116545,40.894660386957675,,,,,37.4275092,-122.1692374,,,1.024144000103604,,,,7.365029811859131,,,,,,
125.99458200000001,ATT,3,,0.05,0.16,90.22,0.0,0.0,0.05,,0.14,,,,90.21,,,,,,,,,,,,,,,,,,,,,,
125.99458200000001,XKF1,,,,,,,,,,,,,,,,40.91510993587948,40.90176010131836,,,0.02369118508038779,,,,,,1.045103669166565,-0.01340910404975358,,,,,,-0.012905838899314405,,-0.012905838899314404,-0.019867349416017532
125.99458200000001,POS,,,,,,,,,,,,,,,,40.907482434116545,40.894660386957675,,,,,37.4275092,-122.1692374,,,1.024144000103604,,,,7.3148040771484375,,,,,,
126.09454199999999,ATT,3,,0.05,0.15,90.22,0.0,0.0,0.04,,0.14,,,,90.21,,,,,,,,,,,,,,,,,,,,,,
126.09454199999999,XKF1,,,,,,,,,,,,,,,,40.915068207368584,40.90172576904297,,,0.024308508698184624,,,,,,1.044813632965088,-0.013854473470337931,,,,,,-0.013339898549020292,,-0.01333989854902029,-0.020321188494563103
126.09454199999999,POS,,,,,,,,,,,,,,,,40.907482434116545,40.894660386957675,,,,,37.4275092,-122.1692374,,,1.024144000103604,,,,7.264333248138428,,,,,,
126.194502,ATT,3,,0.05,0.15,90.22,0.0,0.0,0.04,,0.14,,,,90.21,,,,,,,,,,,,,,,,,,,,,,
126.194502,XKF1,,,,,,,,,,,,,,,,40.91522179197781,40.90188217163086,,,0.02452624816371294,,,,,,1.0447052717208862,-0.01403654346051393,,,,,,-0.013518426567316057,,-0.013518426567316055,-0.02046433463692665
126.194502,POS,,,,,,,,,,,,,,,,40.907482434116545,40.894660386957675,,,,,37.4275092,-122.1692374,,,1.024144000103604,,,,7.214142322540283,,,,,,
126.29446200000001,ATT,3,,0.04,0.14,90.22,0.0,0.0,0.04,,0.13,,,,90.21,,,,,,,,,,,,,,,,,,,,,,
126.29446200000001,XKF1,,,,,,,,,,,,,,,,40.91511487638926,40.90178680419922,,,0.024932298398026534,,,,,,1.0442516803741455,-0.014312151357710913,,,,,,-0.013786443509161474,,-0.013786443509161472,-0.020773865282535553
126.29446200000001,POS,,,,,,,,,,,,,,,,40.907482434116545,40.894660386957675,,,,,37.4275092,-122.1692374,,,1.024144000103604,,,,7.163694858551025,,,,,,
126.39442199999999,ATT,3,,0.04,0.14,90.22,0.0,0.0,0.03,,0.13,,,,90.21,,,,,,,,,,,,,,,,,,,,,,
126.39442199999999,XKF1,,,,,,,,,,,,,,,,40.915208495520005,40.901885986328125,,,0.02500973115302173,,,,,,1.0440349578857422,-0.014369167022188578,,,,,,-0.01384215895086527,,-0.013842158950865269,-0.0208298172801733
126.39442199999999,POS,,,,,,,,,,,,,,,,40.907482434116545,40.894660386957675,,,,,37.4275092,-122.1692374,,,1.024144000103604,,,,7.113471984863281,,,,,,
126.494382,ATT,3,,0.04,0.13,90.22,0.0,0.0,0.03,,0.12,,,,90.21,,,,,,,,,,,,,,,,,,,,,,
126.494382,XKF1,,,,,,,,,,,,,,,,40.91481319124391,40.901512145996094,,,0.02557060672875814,,,,,,1.0431886911392212,-0.014699085331108573,,,,,,-0.014160828664898874,,-0.014160828664898872,-0.021291473880410194
126.494382,POS,,,,,,,,,,,,,,,,40.907482434116545,40.894660386957675,,,,,37.4275092,-122.1692374,,,1.024144000103604,,,,7.0627312660217285,,,,,,
126.59434200000001,ATT,3,,0.04,0.12,90.22,0.0,0.0,0.03,,0.11,,,,90.21,,,,,,,,,,,,,,,,,,,,,,
126.59434200000001,XKF1,,,,,,,,,,,,,,,,40.91497690780916,40.90167999267578,,,0.025330474392431267,,,,,,1.0430288314819336,-0.014609135826512576,,,,,,-0.01407686620950699,,-0.014076866209506989,-0.021058840677142143
126.59434200000001,POS,,,,,,,,,,,,,,,,40.907482434116545,40.894660386957675,,,,,37.4275092,-122.1692374,,,1.024144000103604,,,,7.012592792510986,,,,,,
126.694302,ATT,3,,0.04,0.12,90.22,0.0,0.0,0.03,,0.11,,,,90.21,,,,,,,,,,,,,,,,,,,,,,
126.694302,XKF1,,,,,,,,,,,,,,,,40.91464429732832,40.9013671875,,,0.02547351157711991,,,,,,1.0422476530075073,-0.014710012792171058,,,,,,-0.014175462536513807,,-0.014175462536513805,-0.021164972335100174
126.694302,POS,,,,,,,,,,,,,,,,40.907482434116545,40.894660386957675,,,,,37.4275092,-122.1692374,,,1.024144000103604,,,,6.962000370025635,,,,,,
126.794262,ATT,3,,0.04,0.12,90.22,0.0,0.0,0.03,,0.1,,,,90.21,,,,,,,,,,,,,,,,,,,,,,
126.794262,XKF1,,,,,,,,,,,,,,,,40.9148719236464,40.90159606933594,,,0.024973288913264592,,,,,,1.042201280593872,-0.014557531944622028,,,,,,-0.014035935513675215,,-0.014035935513675213,-0.020655693486332893
126.794262,POS,,,,,,,,,,,,,,,,40.907482434116545,40.894660386957675,,,,,37.4275092,-122.1692374,,,1.024144000103604,,,,6.911952495574951,,,,,,
126.89422199999998,ATT,3,,0.04,0.12,90.22,0.0,0.0,0.03,,0.1,,,,90.21,,,,,,,,,,,,,,,,,,,,,,
126.89422199999998,XKF1,,,,,,,,,,,,,,,,40.91459178952329,40.90133285522461,,,0.024989046942106942,,,,,,1.0415334701538086,-0.01468600937573579,,,,,,-0.014166571199893953,,-0.014166571199893951,-0.020585449412465096
126.89422199999998,POS,,,,,,,,,,,,,,,,40.907482434116545,40.894660386957675,,,,,37.4275092,-122.1692374,,,1.024144000103604,,,,6.861416339874268,,,,,,
126.994182,ATT,3,,0.04,0.12,90.22,0.0,0.0,0.03,,0.1,,,,90.21,,,,,,,,,,,,,,,,,,,,,,
126.994182,XKF1,,,,,,,,,,,,,,,,40.914856487274726,40.90159606933594,,,0.024389658380888097,,,,,,1.0415951013565063,-0.014408246868874198,,,,,,-0.013902599923312666,,-0.013902599923312664,-0.020039290189743042
126.994182,POS,,,,,,,,,,,,,,,,40.907482434116545,40.894660386957675,,,,,37.4275092,-122.1692374,,,1.024144000103604,,,,6.811418056488037,,,,,,
127.094975,ATT,3,,0.04,0.12,90.22,0.0,0.0,0.03,,0.1,,,,90.22,,,,,,,,,,,,,,,,,,,,,,
127.094975,XKF1,,,,,,,,,,,,,,,,40.914739463850694,40.9014892578125,,,0.024219509034011957,,,,,,1.0411925315856934,-0.014423492112009531,,,,,,-0.013923699967563154,,-0.013923699967563152,-0.019817043095827103
127.094975,POS,,,,,,,,,,,,,,,,40.907482434116545,40.894660386957675,,,,,37.4275092,-122.1692374,,,1.024144000103604,,,,6.7610249519348145,,,,,,
127.19493499999999,ATT,3,,0.04,0.12,90.22,0.0,0.0,0.03,,0.11,,,,90.22,,,,,,,,,,,,,,,,,,,,,,
127.19493499999999,XKF1,,,,,,,,,,,,,,,,40.914978079738404,40.90172576904297,,,0.023790920980670167,,,,,,1.0412782430648804,-0.014274213249202397,,,,,,-0.01378520391881466,,-0.013785203918814659,-0.019390102475881577
127.19493499999999,POS,,,,,,,,,,,,,,,,40.907482434116545,40.894660386957675,,,,,37.4275092,-122.1692374,,,1.024144000103604,,,,6.710972309112549,,,,,,
127.294895,ATT,3,,0.04,0.12,90.22,0.0,0.0,0.03,,0.11,,,,90.22,,,,,,,,,,,,,,,,,,,,,,
127.294895,XKF1,,,,,,,,,,,,,,,,40.91483118254738,40.901588439941406,,,0.023807886600023045,,,,,,1.040900468826294,-0.01443899803738846,,,,,,-0.013952742330729963,,-0.013952742330729961,-0.01929083839058876
127.294895,POS,,,,,,,,,,,,,,,,40.907482434116545,40.894660386957675,,,,,37.4275092,-122.1692374,,,1.024144000103604,,,,6.660578727722168,,,,,,
127.394855,ATT,3,,0.04,0.12,90.22,0.0,0.0,0.03,,0.11,,,,90.22,,,,,,,,,,,,,,,,,,,,,,
127.394855,XKF1,,,,,,,,,,,,,,,,40.915021102435006,40.90177536010742,,,0.02350662344038853,,,,,,1.0410207509994507,-0.014382408194836525,,,,,,-0.013904675841331484,,-0.013904675841331482,-0.01895313523709774
127.394855,POS,,,,,,,,,,,,,,,,40.907482434116545,40.894660386957675,,,,,37.4275092,-122.1692374,,,1.024144000103604,,,,6.610093116760254,,,,,,
127.49481499999999,ATT,3,,0.04,0.12,90.22,0.0,0.0,0.04,,0.11,,,,90.22,,,,,,,,,,,,,,,,,,,,,,
127.49481499999999,XKF1,,,,,,,,,,,,,,,,40.91484086276681,40.90160369873047,,,0.02360204546314083,,,,,,1.0406813621520996,-0.014591116592286952,,,,,,-0.014114534482359888,,-0.014114534482359886,-0.01891656592488289
127.49481499999999,POS,,,,,,,,,,,,,,,,40.907482434116545,40.894660386957675,,,,,37.4275092,-122.1692374,,,1.024144000103604,,,,6.55966854095459,,,,,,
127.594775,ATT,3,,0.04,0.12,90.22,0.0,0.0,0.03,,0.11,,,,90.22,,,,,,,,,,,,,,,,,,,,,,
127.594775,XKF1,,,,,,,,,,,,,,,,40.91502041819235,40.90177917480469,,,0.02330260451884691,,,,,,1.0408439636230469,-0.014507559287411926,,,,,,-0.014038962312042715,,-0.014038962312042713,-0.018598895519971848
127.594775,POS,,,,,,,,,,,,,,,,40.907482434116545,40.894660386957675,,,,,37.4275092,-122.1692374,,,1.024144000103604,,,,6.509573936462402,,,,,,
127.69473500000001,ATT,3,,0.04,0.12,90.22,0.0,0.0,0.03,,0.11,,,,90.22,,,,,,,,,,,,,,,,,,,,,,
127.69473500000001,XKF1,,,,,,,,,,,,,,,,40.914821788711826,40.901588439941406,,,0.023355659836831577,,,,,,1.0405311584472656,-0.01462184824537199,,,,,,-0.014153949916362764,,-0.014153949916362762,-0.01857828162610531
127.69473500000001,POS,,,,,,,,,,,,,,,,40.907482434116545,40.894660386957675,,,,,37.4275092,-122.1692374,,,1.024144000103604,,,,6.459155559539795,,,,,,
127.79469499999999,ATT,3,,0.04,0.12,90.22,0.0,0.0,0.03,,0.11,,,,90.21,,,,,,,,,,,,,,,,,,,,,,
127.79469499999999,XKF1,,,,,,,,,,,,,,,,40.91499824872466,40.90176010131836,,,0.022965734968674975,,,,,,1.0407220125198364,-0.014497572121957356,,,,,,-0.014039827510714533,,-0.014039827510714531,-0.01817438378930092
127.79469499999999,POS,,,,,,,,,,,,,,,,40.907482434116545,40.894660386957675,,,,,37.4275092,-122.1692374,,,1.024144000103604,,,,6.409084320068359,,,,,,
127.894655,ATT,3,,0.04,0.12,90.22,0.0,0.0,0.03,,0.11,,,,90.21,,,,,,,,,,,,,,,,,,,,,,
127.894655,XKF1,,,,,,,,,,,,,,,,40.91480045985074,40.90156936645508,,,0.02305829666177474,,,,,,1.0404422283172607,-0.01467550477576221,,,,,,-0.014218489639461042,,-0.01421848963946104,-0.018152674660086632
127.894655,POS,,,,,,,,,,,,,,,,40.907482434116545,40.894660386957675,,,,,37.4275092,-122.1692374,,,1.024144000103604,,,,6.358694076538086,,,,,,
127.99461500000001,ATT,3,,0.04,0.12,90.22,0.0,0.0,0.03,,0.11,,,,90.21,,,,,,,,,,,,,,,,,,,,,,
127.99461500000001,XKF1,,,,,,,,,,,,,,,,40.914973663886556,40.901737213134766,,,0.022774905254035104,,,,,,1.0406550168991089,-0.014550168453804272,,,,,,-0.014099819585680963,,-0.014099819585680962,-0.01788550801575184
127.99461500000001,POS,,,,,,,,,,,,,,,,40.907482434116545,40.894660386957675,,,,,37.4275092,-122.1692374,,,1.024144000103604,,,,6.308649063110352,,,,,,
128.094575,ATT,3,,0.04,0.12,90.22,0.0,0.0,0.03,,0.11,,,,90.21,,,,,,,,,,,,,,,,,,,,,,
128.094575,XKF1,,,,,,,,,,,,,,,,40.914768688064115,40.90153884887695,,,0.02289982444577332,,,,,,1.040392518043518,-0.014696132789170674,,,,,,-0.014244807884097101,,-0.0142448078840971,-0.01793006993830204
128.094575,POS,,,,,,,,,,,,,,,,40.907482434116545,40.894660386957675,,,,,37.4275092,-122.1692374,,,1.024144000103604,,,,6.258274555206299,,,,,,
128.194535,ATT,3,,0.04,0.12,90.22,0.0,0.0,0.04,,0.11,,,,90.21,,,,,,,,,,,,,,,,,,,,,,
128.194535,XKF1,,,,,,,,,,,,,,,,40.914943016707745,40.90170669555664,,,0.022627513285020936,,,,,,1.0406495332717896,-0.01462853063275948,,,,,,-0.014184723608195783,,-0.014184723608195782,-0.017629463225603104
128.194535,POS,,,,,,,,,,,,,,,,40.907482434116545,40.894660386957675,,,,,37.4275092,-122.1692374,,,1.024144000103604,,,,6.208249092102051,,,,,,
128.294495,ATT,3,,0.04,0.12,90.22,0.0,0.0,0.04,,0.11,,,,90.21,,,,,,,,,,,,,,,,,,,,,,
128.294495,XKF1,,,,,,,,,,,,,,,,40.91473147192343,40.9015007019043,,,0.02273391958923038,,,,,,1.040428638458252,-0.014811420630914474,,,,,,-0.014368058182299139,,-0.014368058182299137,-0.017617888748645782
128.294495,POS,,,,,,,,,,,,,,,,40.907482434116545,40.894660386957675,,,,,37.4275092,-122.1692374,,,1.024144000103604,,,,6.157936096191406,,,,,,
128.394455,ATT,3,,0.04,0.12,90.22,0.0,0.0,0.03,,0.11,,,,90.21,,,,,,,,,,,,,,,,,,,,,,
128.394455,XKF1,,,,,,,,,,,,,,,,40.91489122615022,40.90165328979492,,,0.022559873524607928,,,,,,1.0407123565673828,-0.014838575614985574,,,,,,-0.01440153829753399,,-0.014401538297533989,-0.01736501045525074
128.394455,POS,,,,,,,,,,,,,,,,40.907482434116545,40.894660386957675,,,,,37.4275092,-122.1692374,,,1.024144000103604,,,,6.107924938201904,,,,,,
128.494415,ATT,3,,0.04,0.12,90.22,0.0,0.0,0.03,,0.12,,,,90.21,,,,,,,,,,,,,,,,,,,,,,
128.494415,XKF1,,,,,,,,,,,,,,,,40.91466489707339,40.901432037353516,,,0.02276811015142544,,,,,,1.0405099391937256,-0.015026844203694304,,,,,,-0.014586983248591425,,-0.014586983248591423,-0.017481612041592598
128.494415,POS,,,,,,,,,,,,,,,,40.907482434116545,40.894660386957675,,,,,37.4275092,-122.1692374,,,1.024144000103604,,,,6.057590484619141,,,,,,
128.59437499999999,ATT,3,,0.04,0.13,90.22,0.0,0.0,0.03,,0.11,,,,90.21,,,,,,,,,,,,,,,,,,,,,,
128.59437499999999,XKF1,,,,,,,,,,,,,,,,40.914820823242714,40.901580810546875,,,0.02254581451181927,,,,,,1.0407930612564087,-0.01490556295036418,,,,,,-0.014470439404249193,,-0.014470439404249191,-0.017289306968450546
128.59437499999999,POS,,,,,,,,,,,,,,,,40.907482434116545,40.894660386957675,,,,,37.4275092,-122.1692374,,,1.024144000103604,,,,6.007544994354248,,,,,,
128.694335,ATT,3,,0.04,0.12,90.22,0.0,0.0,0.03,,0.11,,,,90.21,,,,,,,,,,,,,,,,,,,,,,
128.694335,XKF1,,,,,,,,,,,,,,,,40.91446050380368,40.90122985839844,,,0.02279648143966933,,,,,,1.0404202938079834,-0.015139520455688175,,,,,,-0.014701227657496931,,-0.01470122765749693,-0.017422785982489586
128.694335,POS,,,,,,,,,,,,,,,,40.907482434116545,40.894660386957675,,,,,37.4275092,-122.1692374,,,1.024144000103604,,,,5.957063674926758,,,,,,
128.794295,ATT,3,,0.04,0.12,90.22,0.0,0.0,0.03,,0.11,,,,90.21,,,,,,,,,,,,,,,,,,,,,,
128.794295,XKF1,,,,,,,,,,,,,,,,40.91462934651027,40.901390075683594,,,0.022538923873057115,,,,,,1.0407614707946777,-0.015003164482474636,,,,,,-0.014570455998182298,,-0.014570455998182297,-0.01719607226550579
128.794295,POS,,,,,,,,,,,,,,,,40.907482434116545,40.894660386957675,,,,,37.4275092,-122.1692374,,,1.024144000103604,,,,5.907029628753662,,,,,,
128.894255,ATT,3,,0.04,0.12,90.22,0.0,0.0,0.03,,0.11,,,,90.21,,,,,,,,,,,,,,,,,,,,,,
128.894255,XKF1,,,,,,,,,,,,,,,,40.91428573623406,40.90105438232422,,,0.022677325887519514,,,,,,1.0404459238052368,-0.01512769643650799,,,,,,-0.0146931866183877,,-0.014693186618387699,-0.0172734297811985
128.894255,POS,,,,,,,,,,,,,,,,40.907482434116545,40.894660386957675,,,,,37.4275092,-122.1692374,,,1.024144000103604,,,,5.856612682342529,,,,,,
128.994215,ATT,3,,0.04,0.13,90.22,0.0,0.0,0.03,,0.11,,,,90.21,,,,,,,,,,,,,,,,,,,,,,
128.994215,XKF1,,,,,,,,,,,,,,,,40.91448235907081,40.901241302490234,,,0.02229837030898529,,,,,,1.0408297777175903,-0.014891938882936528,,,,,,-0.014464915730059149,,-0.014464915730059147,-0.0169700775295496
128.994215,POS,,,,,,,,,,,,,,,,40.907482434116545,40.894660386957675,,,,,37.4275092,-122.1692374,,,1.024144000103604,,,,5.806605815887451,,,,,,
129.094175,ATT,3,,0.04,0.13,90.22,0.0,0.0,0.03,,0.12,,,,90.21,,,,,,,,,,,,,,,,,,,,,,
129.094175,XKF1,,,,,,,,,,,,,,,,40.914162435475944,40.90092849731445,,,0.022565096001439185,,,,,,1.04054594039917,-0.01502622680826862,,,,,,-0.014593227766454222,,-0.01459322776645422,-0.017211079597473145
129.094175,POS,,,,,,,,,,,,,,,,40.907482434116545,40.894660386957675,,,,,37.4275092,-122.1692374,,,1.024144000103604,,,,5.756196022033691,,,,,,
129.194968,ATT,3,,0.04,0.13,90.22,0.0,0.0,0.02,,0.12,,,,90.21,,,,,,,,,,,,,,,,,,,,,,
129.194968,XKF1,,,,,,,,,,,,,,,,40.91438188848441,40.90113830566406,,,0.022235563148320047,,,,,,1.040927767753601,-0.014726811963834022,,,,,,-0.014298198744654657,,-0.014298198744654655,-0.017028851434588432
129.194968,POS,,,,,,,,,,,,,,,,40.907482434116545,40.894660386957675,,,,,37.4275092,-122.1692374,,,1.024144000103604,,,,5.706167697906494,,,,,,
129.294928,ATT,3,,0.04,0.13,90.22,0.0,0.0,0.02,,0.12,,,,90.21,,,,,,,,,,,,,,,,,,,,,,
129.294928,XKF1,,,,,,,,,,,,,,,,40.914225974596235,40.90098571777344,,,0.02227751590530332,,,,,,1.040795087814331,-0.01461725203209212,,,,,,-0.014184865169227125,,-0.014184865169227123,-0.01717781461775303
129.294928,POS,,,,,,,,,,,,,,,,40.907482434116545,40.894660386957675,,,,,37.4275092,-122.1692374,,,1.024144000103604,,,,5.655854225158691,,,,,,
129.394888,ATT,3,,0.04,0.13,90.22,0.0,0.0,0.03,,0.12,,,,90.21,,,,,,,,,,,,,,,,,,,,,,
129.394888,XKF1,,,,,,,,,,,,,,,,40.91443216030004,40.90118408203125,,,0.022090166153732518,,,,,,1.041105031967163,-0.014374471004267995,,,,,,-0.01394299976527691,,-0.013942999765276909,-0.01713383197784424
129.394888,POS,,,,,,,,,,,,,,,,40.907482434116545,40.894660386957675,,,,,37.4275092,-122.1692374,,,1.024144000103604,,,,5.605832576751709,,,,,,
129.494848,ATT,3,,0.04,0.13,90.22,0.0,0.0,0.03,,0.13,,,,90.21,,,,,,,,,,,,,,,,,,,,,,
129.494848,XKF1,,,,,,,,,,,,,,,,40.91425136336885,40.90100860595703,,,0.022433827705097834,,,,,,1.0408936738967896,-0.014536320414030744,,,,,,-0.014096902683377268,,-0.014096902683377266,-0.01745147444307804
129.494848,POS,,,,,,,,,,,,,,,,40.907482434116545,40.894660386957675,,,,,37.4275092,-122.1692374,,,1.024144000103604,,,,5.555116653442383,,,,,,
129.594808,ATT,3,,0.04,0.13,90.22,0.0,0.0,0.03,,0.12,,,,90.21,,,,,,,,,,,,,,,,,,,,,,
129.594808,XKF1,,,,,,,,,,,,,,,,40.914463553760335,40.901214599609375,,,0.022356004281456288,,,,,,1.041139841079712,-0.014362103918526012,,,,,,-0.013921488076448442,,-0.01392148807644844,-0.017492372542619705
129.594808,POS,,,,,,,,,,,,,,,,40.907482434116545,40.894660386957675,,,,,37.4275092,-122.1692374,,,1.024144000103604,,,,5.505073547363281,,,,,,
129.694768,ATT,3,,0.04,0.13,90.22,0.0,0.0,0.03,,0.13,,,,90.21,,,,,,,,,,,,,,,,,,,,,,
129.694768,XKF1,,,,,,,,,,,,,,,,40.91429682467572,40.90105438232422,,,0.02261513604559508,,,,,,1.040881872177124,-0.014447506669978016,,,,,,-0.01400019880384207,,-0.014000198803842068,-0.01776059716939926
129.694768,POS,,,,,,,,,,,,,,,,40.907482434116545,40.894660386957675,,,,,37.4275092,-122.1692374,,,1.024144000103604,,,,5.454756259918213,,,,,,
129.794728,ATT,3,,0.04,0.13,90.22,0.0,0.0,0.03,,0.12,,,,90.21,,,,,,,,,,,,,,,,,,,,,,
129.794728,XKF1,,,,,,,,,,,,,,,,40.9145111570746,40.90126419067383,,,0.02251049928758124,,,,,,1.041062355041504,-0.014324067293326104,,,,,,-0.013877579942345621,,-0.01387757994234562,-0.017723863944411278
129.794728,POS,,,,,,,,,,,,,,,,40.907482434116545,40.894660386957675,,,,,37.4275092,-122.1692374,,,1.024144000103604,,,,5.404707431793213,,,,,,
129.894688,ATT,3,,0.04,0.13,90.22,0.0,0.0,0.03,,0.12,,,,90.21,,,,,,,,,,,,,,,,,,,,,,
129.894688,XKF1,,,,,,,,,,,,,,,,40.91434697437837,40.90110778808594,,,0.022756540201157447,,,,,,1.0407545566558838,-0.014409745293962896,,,,,,-0.013957052491605284,,-0.013957052491605282,-0.017973892390727997
129.894688,POS,,,,,,,,,,,,,,,,40.907482434116545,40.894660386957675,,,,,37.4275092,-122.1692374,,,1.024144000103604,,,,5.354424953460693,,,,,,
129.994648,ATT,3,,0.04,0.13,90.22,0.0,0.0,0.03,,0.12,,,,90.21,,,,,,,,,,,,,,,,,,,,,,
129.994648,XKF1,,,,,,,,,,,,,,,,40.91456456771013,40.90132141113281,,,0.022615071256509404,,,,,,1.0409133434295654,-0.014276980435849407,,,,,,-0.013826152309775354,,-0.013826152309775352,-0.017896339297294617
129.994648,POS,,,,,,,,,,,,,,,,40.907482434116545,40.894660386957675,,,,,37.4275092,-122.1692374,,,1.024144000103604,,,,5.3043999671936035,,,,,,
130.094608,ATT,3,,0.04,0.13,90.22,0.0,0.0,0.03,,0.12,,,,90.21,,,,,,,,,,,,,,,,,,,,,,
130.094608,XKF1,,,,,,,,,,,,,,,,40.914396130008235,40.901161193847656,,,0.022838049111389615,,,,,,1.040588140487671,-0.014357632420141164,,,,,,-0.013901280239224436,,-0.013901280239224434,-0.018119903281331062
130.094608,POS,,,,,,,,,,,,,,,,40.907482434116545,40.894660386957675,,,,,37.4275092,-122.1692374,,,1.024144000103604,,,,5.254114627838135,,,,,,
130.194568,ATT,3,,0.04,0.12,90.22,0.0,0.0,0.03,,0.11,,,,90.21,,,,,,,,,,,,,,,,,,,,,,
130.194568,XKF1,,,,,,,,,,,,,,,,40.914575557758965,40.901336669921875,,,0.022578449306609676,,,,,,1.040745735168457,-0.014203258363677888,,,,,,-0.013752205297350885,,-0.013752205297350883,-0.017907071858644485
130.194568,POS,,,,,,,,,,,,,,,,40.907482434116545,40.894660386957675,,,,,37.4275092,-122.1692374,,,1.024144000103604,,,,5.204074382781982,,,,,,
130.29452799999999,ATT,3,,0.04,0.12,90.22,0.0,0.0,0.03,,0.11,,,,90.21,,,,,,,,,,,,,,,,,,,,,,
130.29452799999999,XKF1,,,,,,,,,,,,,,,,40.91438462558301,40.901153564453125,,,0.022677829648230643,,,,,,1.0404356718063354,-0.014270329007487679,,,,,,-0.01381751708686352,,-0.013817517086863518,-0.01798221841454506
130.29452799999999,POS,,,,,,,,,,,,,,,,40.907482434116545,40.894660386957675,,,,,37.4275092,-122.1692374,,,1.024144000103604,,,,5.153776168823242,,,,,,
130.394488,ATT,3,,0.04,0.12,90.22,0.0,0.0,0.02,,0.11,,,,90.21,,,,,,,,,,,,,,,,,,,,,,
130.394488,XKF1,,,,,,,,,,,,,,,,40.91455323391887,40.90131759643555,,,0.022467761589934868,,,,,,1.0406177043914795,-0.014145496578097029,,,,,,-0.013696950860321523,,-0.013696950860321522,-0.01780993677675724
130.394488,POS,,,,,,,,,,,,,,,,40.907482434116545,40.894660386957675,,,,,37.4275092,-122.1692374,,,1.024144000103604,,,,5.103756427764893,,,,,,
130.494448,ATT,3,,0.04,0.12,90.22,0.0,0.0,0.03,,0.11,,,,90.21,,,,,,,,,,,,,,,,,,,,,,
130.494448,XKF1,,,,,,,,,,,,,,,,40.914358925708264,40.90113067626953,,,0.022540210545400445,,,,,,1.0403248071670532,-0.01417118465406138,,,,,,-0.013720914721488954,,-0.013720914721488953,-0.01788288541138172
130.494448,POS,,,,,,,,,,,,,,,,40.907482434116545,40.894660386957675,,,,,37.4275092,-122.1692374,,,1.024144000103604,,,,5.053496360778809,,,,,,
130.594408,ATT,3,,0.04,0.12,90.22,0.0,0.0,0.03,,0.11,,,,90.21,,,,,,,,,,,,,,,,,,,,,,
130.594408,XKF1,,,,,,,,,,,,,,,,40.914566135076065,40.90133285522461,,,0.02226295136460219,,,,,,1.040525197982788,-0.014015921059113751,,,,,,-0.013571491464972498,,-0.013571491464972496,-0.01764804869890213
130.594408,POS,,,,,,,,,,,,,,,,40.907482434116545,40.894660386957675,,,,,37.4275092,-122.1692374,,,1.024144000103604,,,,5.003474712371826,,,,,,
130.694368,ATT,3,,0.04,0.12,90.22,0.0,0.0,0.03,,0.11,,,,90.21,,,,,,,,,,,,,,,,,,,,,,
130.694368,XKF1,,,,,,,,,,,,,,,,40.91427288444096,40.90105056762695,,,0.022474322155393037,,,,,,1.0400904417037964,-0.01415851074349122,,,,,,-0.013710240833461286,,-0.013710240833461285,-0.017807988449931145
130.694368,POS,,,,,,,,,,,,,,,,40.907482434116545,40.894660386957675,,,,,37.4275092,-122.1692374,,,1.024144000103604,,,,4.9531049728393555,,,,,,
130.794328,ATT,3,,0.04,0.12,90.22,0.0,0.0,0.02,,0.11,,,,90.21,,,,,,,,,,,,,,,,,,,,,,
130.794328,XKF1,,,,,,,,,,,,,,,,40.91454683119306,40.90131759643555,,,0.02213116344707633,,,,,,1.0403659343719482,-0.013912449216319267,,,,,,-0.013470303267240526,,-0.013470303267240524,-0.0175595935434103
130.794328,POS,,,,,,,,,,,,,,,,40.907482434116545,40.894660386957675,,,,,37.4275092,-122.1692374,,,1.024144000103604,,,,4.903083801269531,,,,,,
130.894288,ATT,3,,0.04,0.12,90.22,0.0,0.0,0.03,,0.11,,,,90.21,,,,,,,,,,,,,,,,,,,,,,
130.894288,XKF1,,,,,,,,,,,,,,,,40.91430835546128,40.90108871459961,,,0.02231828456497606,,,,,,1.0399856567382812,-0.01401736275020071,,,,,,-0.013571383431553842,,-0.01357138343155384,-0.017717882990837097
130.894288,POS,,,,,,,,,,,,,,,,40.907482434116545,40.894660386957675,,,,,37.4275092,-122.1692374,,,1.024144000103604,,,,4.852768421173096,,,,,,
130.994248,ATT,3,,0.04,0.12,90.22,0.0,0.0,0.03,,0.12,,,,90.21,,,,,,,,,,,,,,,,,,,,,,
130.994248,XKF1,,,,,,,,,,,,,,,,40.91460991718272,40.90138244628906,,,0.02207190436615151,,,,,,1.0402973890304565,-0.013867420124805435,,,,,,-0.013426330871880056,,-0.013426330871880054,-0.01751863583922386
130.994248,POS,,,,,,,,,,,,,,,,40.907482434116545,40.894660386957675,,,,,37.4275092,-122.1692374,,,1.024144000103604,,,,4.802795886993408,,,,,,
131.094208,ATT,3,,0.04,0.12,90.22,0.0,0.0,0.03,,0.11,,,,90.21,,,,,,,,,,,,,,,,,,,,,,
131.094208,XKF1,,,,,,,,,,,,,,,,40.91439113359053,40.90117263793945,,,0.022309886076634672,,,,,,1.039941668510437,-0.014009626009446175,,,,,,-0.013563784770667555,,-0.013563784770667553,-0.017713123932480812
131.094208,POS,,,,,,,,,,,,,,,,40.907482434116545,40.894660386957675,,,,,37.4275092,-122.1692374,,,1.024144000103604,,,,4.752491474151611,,,,,,
131.194168,ATT,3,,0.04,0.12,90.22,0.0,0.0,0.03,,0.11,,,,90.21,,,,,,,,,,,,,,,,,,,,,,
131.194168,XKF1,,,,,,,,,,,,,,,,40.91469680546201,40.90147018432617,,,0.022080848382965278,,,,,,1.0402650833129883,-0.013885929335403677,,,,,,-0.013444936834275724,,-0.013444936834275723,-0.0175156369805336
131.194168,POS,,,,,,,,,,,,,,,,40.907482434116545,40.894660386957675,,,,,37.4275092,-122.1692374,,,1.024144000103604,,,,4.702510833740234,,,,,,
131.294961,ATT,3,,0.04,0.12,90.22,0.0,0.0,0.03,,0.11,,,,90.21,,,,,,,,,,,,,,,,,,,,,,
131.294961,XKF1,,,,,,,,,,,,,,,,40.91460461948528,40.90138244628906,,,0.022153122631975112,,,,,,1.0400890111923218,-0.013980579142600001,,,,,,-0.013539216481149198,,-0.013539216481149197,-0.01753426529467106
131.294961,POS,,,,,,,,,,,,,,,,40.907482434116545,40.894660386957675,,,,,37.4275092,-122.1692374,,,1.024144000103604,,,,4.652298450469971,,,,,,
131.394921,ATT,3,,0.05,0.13,90.22,0.0,0.0,0.03,,0.11,,,,90.21,,,,,,,,,,,,,,,,,,,,,,
131.394921,XKF1,,,,,,,,,,,,,,,,40.914863500252224,40.901634216308594,,,0.021856905773225174,,,,,,1.0403718948364258,-0.013812209243483843,,,,,,-0.01337700989097357,,-0.013377009890973568,-0.01728525198996067
131.394921,POS,,,,,,,,,,,,,,,,40.907482434116545,40.894660386957675,,,,,37.4275092,-122.1692374,,,1.024144000103604,,,,4.60231351852417,,,,,,
131.494881,ATT,3,,0.05,0.13,90.22,0.0,0.0,0.04,,0.12,,,,90.21,,,,,,,,,,,,,,,,,,,,,,
131.494881,XKF1,,,,,,,,,,,,,,,,40.91473254275417,40.90150833129883,,,0.02209303831270886,,,,,,1.0401707887649536,-0.014007485942195065,,,,,,-0.013568611815571787,,-0.013568611815571785,-0.017435455694794655
131.494881,POS,,,,,,,,,,,,,,,,40.907482434116545,40.894660386957675,,,,,37.4275092,-122.1692374,,,1.024144000103604,,,,4.552118301391602,,,,,,
131.594841,ATT,3,,0.05,0.13,90.22,0.0,0.0,0.03,,0.12,,,,90.21,,,,,,,,,,,,,,,,,,,,,,
131.594841,XKF1,,,,,,,,,,,,,,,,40.91493784154838,40.90170669555664,,,0.0219984492842866,,,,,,1.0404460430145264,-0.013992356169480512,,,,,,-0.013556169345974924,,-0.013556169345974922,-0.017325185239315033
131.594841,POS,,,,,,,,,,,,,,,,40.907482434116545,40.894660386957675,,,,,37.4275092,-122.1692374,,,1.024144000103604,,,,4.501703262329102,,,,,,
131.69480099999998,ATT,3,,0.05,0.12,90.22,0.0,0.0,0.03,,0.11,,,,90.21,,,,,,,,,,,,,,,,,,,,,,
131.69480099999998,XKF1,,,,,,,,,,,,,,,,40.914764817392175,40.90153884887695,,,0.022237749796210064,,,,,,1.0402402877807617,-0.01419326666925974,,,,,,-0.01375342905521393,,-0.013753429055213928,-0.017474573105573654
131.69480099999998,POS,,,,,,,,,,,,,,,,40.907482434116545,40.894660386957675,,,,,37.4275092,-122.1692374,,,1.024144000103604,,,,4.451463222503662,,,,,,
131.794761,ATT,3,,0.05,0.12,90.22,0.0,0.0,0.03,,0.11,,,,90.21,,,,,,,,,,,,,,,,,,,,,,
131.794761,XKF1,,,,,,,,,,,,,,,,40.91492071744991,40.90168762207031,,,0.02214100023420892,,,,,,1.0405224561691284,-0.014201596830562107,,,,,,-0.013765015639364721,,-0.01376501563936472,-0.01734209433197975
131.794761,POS,,,,,,,,,,,,,,,,40.907482434116545,40.894660386957675,,,,,37.4275092,-122.1692374,,,1.024144000103604,,,,4.401453495025635,,,,,,
131.894721,ATT,3,,0.05,0.12,90.22,0.0,0.0,0.03,,0.11,,,,90.22,,,,,,,,,,,,,,,,,,,,,,
131.894721,XKF1,,,,,,,,,,,,,,,,40.91469058491937,40.90146255493164,,,0.022328640374415388,,,,,,1.0403203964233398,-0.014433583163840939,,,,,,-0.013995738700032236,,-0.013995738700032234,-0.017397915944457054
131.894721,POS,,,,,,,,,,,,,,,,40.907482434116545,40.894660386957675,,,,,37.4275092,-122.1692374,,,1.024144000103604,,,,4.3512492179870605,,,,,,
131.99468099999999,ATT,3,,0.05,0.12,90.22,0.0,0.0,0.04,,0.11,,,,90.22,,,,,,,,,,,,,,,,,,,,,,
131.99468099999999,XKF1,,,,,,,,,,,,,,,,40.91480867228522,40.901573181152344,,,0.022167142268467624,,,,,,1.040615200996399,-0.01443750232013604,,,,,,-0.01400501560419798,,-0.014005015604197979,-0.017182599753141403
131.99468099999999,POS,,,,,,,,,,,,,,,,40.907482434116545,40.894660386957675,,,,,37.4275092,-122.1692374,,,1.024144000103604,,,,4.301254749298096,,,,,,
132.094641,ATT,3,,0.04,0.12,90.22,0.0,0.0,0.04,,0.11,,,,90.22,,,,,,,,,,,,,,,,,,,,,,
132.094641,XKF1,,,,,,,,,,,,,,,,40.91454451822931,40.90131378173828,,,0.022396757637195855,,,,,,1.0404249429702759,-0.014711207176986204,,,,,,-0.014277008362114431,,-0.01427700836211443,-0.0172563549131155
132.094641,POS,,,,,,,,,,,,,,,,40.907482434116545,40.894660386957675,,,,,37.4275092,-122.1692374,,,1.024144000103604,,,,4.2510552406311035,,,,,,
132.194601,ATT,3,,0.04,0.13,90.22,0.0,0.0,0.04,,0.12,,,,90.22,,,,,,,,,,,,,,,,,,,,,,
132.194601,XKF1,,,,,,,,,,,,,,,,40.91464366034311,40.901405334472656,,,0.022241708315704482,,,,,,1.040724515914917,-0.014708525987522638,,,,,,-0.01427938695997,,-0.014279386959969997,-0.01705264486372471
132.194601,POS,,,,,,,,,,,,,,,,40.907482434116545,40.894660386957675,,,,,37.4275092,-122.1692374,,,1.024144000103604,,,,4.201091289520264,,,,,,
132.294561,ATT,3,,0.04,0.12,90.22,0.0,0.0,0.03,,0.11,,,,90.22,,,,,,,,,,,,,,,,,,,,,,
132.294561,XKF1,,,,,,,,,,,,,,,,40.914364345907835,40.90113067626953,,,0.022445369117134382,,,,,,1.04053795337677,-0.014937493688196597,,,,,,-0.01450659614056349,,-0.014506596140563488,-0.01712755858898163
132.294561,POS,,,,,,,,,,,,,,,,40.907482434116545,40.894660386957675,,,,,37.4275092,-122.1692374,,,1.024144000103604,,,,4.150938510894775,,,,,,
132.394521,ATT,3,,0.04,0.13,90.22,0.0,0.0,0.03,,0.12,,,,90.22,,,,,,,,,,,,,,,,,,,,,,
132.394521,XKF1,,,,,,,,,,,,,,,,40.91445960869595,40.90121841430664,,,0.022248180331258114,,,,,,1.040834903717041,-0.014794334268424707,,,,,,-0.01436683349311352,,-0.014366833493113518,-0.01698751375079155
132.394521,POS,,,,,,,,,,,,,,,,40.907482434116545,40.894660386957675,,,,,37.4275092,-122.1692374,,,1.024144000103604,,,,4.100995063781738,,,,,,
132.494481,ATT,3,,0.04,0.13,90.22,0.0,0.0,0.03,,0.12,,,,90.21,,,,,,,,,,,,,,,,,,,,,,
132.494481,XKF1,,,,,,,,,,,,,,,,40.9141952504664,40.90095901489258,,,0.02247345769563283,,,,,,1.040636658668518,-0.014858588489474137,,,,,,-0.014424939639866354,,-0.014424939639866352,-0.01723303273320198
132.494481,POS,,,,,,,,,,,,,,,,40.907482434116545,40.894660386957675,,,,,37.4275092,-122.1692374,,,1.024144000103604,,,,4.050832748413086,,,,,,
132.594441,ATT,3,,0.04,0.13,90.22,0.0,0.0,0.02,,0.12,,,,90.21,,,,,,,,,,,,,,,,,,,,,,
132.594441,XKF1,,,,,,,,,,,,,,,,40.91432795712962,40.901084899902344,,,0.02226025186078778,,,,,,1.0409064292907715,-0.01462911310225781,,,,,,-0.01419752184301615,,-0.014197521843016148,-0.0171449463814497
132.594441,POS,,,,,,,,,,,,,,,,40.907482434116545,40.894660386957675,,,,,37.4275092,-122.1692374,,,1.024144000103604,,,,4.000865936279297,,,,,,
132.694401,ATT,3,,0.04,0.13,90.22,0.0,0.0,0.03,,0.12,,,,90.21,,,,,,,,,,,,,,,,,,,,,,
132.694401,XKF1,,,,,,,,,,,,,,,,40.91397129844687,40.90073776245117,,,0.022494027695035917,,,,,,1.0405277013778687,-0.014703007556930029,,,,,,-0.014265306293964388,,-0.014265306293964386,-0.01739201880991459
132.694401,POS,,,,,,,,,,,,,,,,40.907482434116545,40.894660386957675,,,,,37.4275092,-122.1692374,,,1.024144000103604,,,,3.9506161212921143,,,,,,
132.794361,ATT,3,,0.03,0.13,90.22,0.0,0.0,0.03,,0.12,,,,90.21,,,,,,,,,,,,,,,,,,,,,,
132.794361,XKF1,,,,,,,,,,,,,,,,40.91433185294213,40.90109634399414,,,0.022139908938767293,,,,,,1.0406098365783691,-0.014370716991786327,,,,,,-0.01393770705908537,,-0.013937707059085369,-0.017202205955982208
132.794361,POS,,,,,,,,,,,,,,,,40.907482434116545,40.894660386957675,,,,,37.4275092,-122.1692374,,,1.024144000103604,,,,3.900477409362793,,,,,,
132.894321,ATT,3,,0.03,0.12,90.22,0.0,0.0,0.02,,0.11,,,,90.21,,,,,,,,,,,,,,,,,,,,,,
132.894321,XKF1,,,,,,,,,,,,,,,,40.91396328015368,40.9007453918457,,,0.022440574293615595,,,,,,1.0399123430252075,-0.014497824563756076,,,,,,-0.01405777968466282,,-0.014057779684662819,-0.0174916610121727
132.894321,POS,,,,,,,,,,,,,,,,40.907482434116545,40.894660386957675,,,,,37.4275092,-122.1692374,,,1.024144000103604,,,,3.850088119506836,,,,,,
132.994281,ATT,3,,0.03,0.11,90.22,0.0,0.0,0.02,,0.1,,,,90.21,,,,,,,,,,,,,,,,,,,,,,
132.994281,XKF1,,,,,,,,,,,,,,,,40.91415273561092,40.90095138549805,,,0.022285439283221114,,,,,,1.0392640829086304,-0.014240195650283295,,,,,,-0.013800168409943582,,-0.01380016840994358,-0.01749846152961254
132.994281,POS,,,,,,,,,,,,,,,,40.907482434116545,40.894660386957675,,,,,37.4275092,-122.1692374,,,1.024144000103604,,,,3.800016403198242,,,,,,
133.094241,ATT,3,,0.03,0.09,90.22,0.0,0.0,0.03,,0.09,,,,90.21,,,,,,,,,,,,,,,,,,,,,,
133.094241,XKF1,,,,,,,,,,,,,,,,40.9138477492681,40.900672912597656,,,0.022490097661454732,,,,,,1.038216233253479,-0.014382005059724954,,,,,,-0.013938615098595621,,-0.01393861509859562,-0.01764991506934166
133.094241,POS,,,,,,,,,,,,,,,,40.907482434116545,40.894660386957675,,,,,37.4275092,-122.1692374,,,1.024144000103604,,,,3.7496495246887207,,,,,,
133.194201,ATT,3,,0.03,0.08,90.22,0.0,0.0,0.03,,0.07,,,,90.21,,,,,,,,,,,,,,,,,,,,,,
133.194201,XKF1,,,,,,,,,,,,,,,,40.91406834567875,40.90091323852539,,,0.022034837314854023,,,,,,1.0374414920806885,-0.014185690343566872,,,,,,-0.01375358644872904,,-0.013753586448729038,-0.017215484753251076
133.194201,POS,,,,,,,,,,,,,,,,40.907482434116545,40.894660386957675,,,,,37.4275092,-122.1692374,,,1.024144000103604,,,,3.699575424194336,,,,,,
133.294994,ATT,3,,0.03,0.08,90.22,0.0,0.0,0.03,,0.07,,,,90.21,,,,,,,,,,,,,,,,,,,,,,
133.294994,XKF1,,,,,,,,,,,,,,,,40.9137890793156,40.90066146850586,,,0.021916273154505492,,,,,,1.036353349685669,-0.014293835813564592,,,,,,-0.013868425972759725,,-0.013868425972759724,-0.016970261931419373
133.294994,POS,,,,,,,,,,,,,,,,40.907482434116545,40.894660386957675,,,,,37.4275092,-122.1692374,,,1.024144000103604,,,,3.6492741107940674,,,,,,
133.39495399999998,ATT,3,,0.03,0.07,90.22,0.0,0.0,0.03,,0.06,,,,90.21,,,,,,,,,,,,,,,,,,,,,,
133.39495399999998,XKF1,,,,,,,,,,,,,,,,40.91403543456763,40.90092468261719,,,0.021253646413002376,,,,,,1.0356909036636353,-0.014041990872002178,,,,,,-0.013633626513183119,,-0.013633626513183117,-0.016304653137922287
133.39495399999998,POS,,,,,,,,,,,,,,,,40.907482434116545,40.894660386957675,,,,,37.4275092,-122.1692374,,,1.024144000103604,,,,3.5992610454559326,,,,,,
133.494914,ATT,3,,0.03,0.07,90.22,0.0,0.0,0.02,,0.06,,,,90.21,,,,,,,,,,,,,,,,,,,,,,
133.494914,XKF1,,,,,,,,,,,,,,,,40.914019553247634,40.90092849731445,,,0.020784041991012466,,,,,,1.0349125862121582,-0.013942043878920868,,,,,,-0.013547684997320177,,-0.013547684997320175,-0.01576187275350094
133.494914,POS,,,,,,,,,,,,,,,,40.916319840666496,40.90350056377535,,,,,37.4275092,-122.1692373,,,1.024144000103604,,,,3.5490942001342773,,,,,,
133.594874,ATT,3,,0.04,0.07,90.22,0.0,0.0,0.03,,0.06,,,,90.21,,,,,,,,,,,,,,,,,,,,,,
133.594874,XKF1,,,,,,,,,,,,,,,,40.91418864874419,40.9011116027832,,,0.020166646991642834,,,,,,1.0343608856201172,-0.013765333430838352,,,,,,-0.013388338498771192,,-0.01338833849877119,-0.015081314370036125
133.594874,POS,,,,,,,,,,,,,,,,40.916319840666496,40.90350056377535,,,,,37.4275092,-122.1692373,,,1.024144000103604,,,,3.498647928237915,,,,,,
133.694834,ATT,3,,0.04,0.07,90.22,0.0,0.0,0.03,,0.06,,,,90.21,,,,,,,,,,,,,,,,,,,,,,
133.694834,XKF1,,,,,,,,,,,,,,,,40.91411905706504,40.901058197021484,,,0.01988612578619325,,,,,,1.033719778060913,-0.013898039330490821,,,,,,-0.013534242287278177,,-0.013534242287278175,-0.014569910243153572
133.694834,POS,,,,,,,,,,,,,,,,40.916319840666496,40.90350056377535,,,,,37.4275092,-122.1692373,,,1.024144000103604,,,,3.4485204219818115,,,,,,
133.794794,ATT,3,,0.04,0.07,90.22,0.0,0.0,0.03,,0.06,,,,90.21,,,,,,,,,,,,,,,,,,,,,,
133.794794,XKF1,,,,,,,,,,,,,,,,40.91424267280964,40.90119171142578,,,0.019441926727365035,,,,,,1.0333296060562134,-0.013843169545222541,,,,,,-0.013493979349732399,,-0.013493979349732399,-0.013996465131640434
133.794794,POS,,,,,,,,,,,,,,,,40.916319840666496,40.90350056377535,,,,,37.4275092,-122.1692373,,,1.024144000103604,,,,3.3985252380371094,,,,,,
133.894754,ATT,3,,0.04,0.07,90.22,0.0,0.0,0.03,,0.06,,,,90.21,,,,,,,,,,,,,,,,,,,,,,
133.894754,XKF1,,,,,,,,,,,,,,,,40.91413106979256,40.901092529296875,,,0.01913309813115808,,,,,,1.0328364372253418,-0.013877981120501965,,,,,,-0.013541067950427532,,-0.013541067950427532,-0.013517208397388458
133.894754,POS,,,,,,,,,,,,,,,,40.916319840666496,40.90350056377535,,,,,37.4275092,-122.1692373,,,1.024144000103604,,,,3.3484153747558594,,,,,,
133.994714,ATT,3,,0.04,0.07,90.22,0.0,0.0,0.03,,0.06,,,,90.21,,,,,,,,,,,,,,,,,,,,,,
133.994714,XKF1,,,,,,,,,,,,,,,,40.914232725931434,40.90119934082031,,,0.018685575044695844,,,,,,1.0326335430145264,-0.01386706027618062,,,,,,-0.013546545058488846,,-0.013546545058488846,-0.012870191596448421
133.994714,POS,,,,,,,,,,,,,,,,40.916319840666496,40.90350056377535,,,,,37.4275092,-122.1692373,,,1.024144000103604,,,,3.2984070777893066,,,,,,
134.094674,ATT,3,,0.04,0.07,90.22,0.0,0.0,0.03,,0.05,,,,90.21,,,,,,,,,,,,,,,,,,,,,,
134.094674,XKF1,,,,,,,,,,,,,,,,40.914095396406566,40.90106964111328,,,0.01840241129447129,,,,,,1.0323295593261719,-0.013975602469689404,,,,,,-0.013669077306985855,,-0.013669077306985855,-0.012320919893682003
134.094674,POS,,,,,,,,,,,,,,,,40.916319840666496,40.90350056377535,,,,,37.4275092,-122.1692373,,,1.024144000103604,,,,3.2483010292053223,,,,,,
134.194634,ATT,3,,0.04,0.07,90.22,0.0,0.0,0.03,,0.06,,,,90.21,,,,,,,,,,,,,,,,,,,,,,
134.194634,XKF1,,,,,,,,,,,,,,,,40.914183320068155,40.90115737915039,,,0.017913738739947765,,,,,,1.03233802318573,-0.013919734826935412,,,,,,-0.013630795292556286,,-0.013630795292556286,-0.011623401194810867
134.194634,POS,,,,,,,,,,,,,,,,40.916319840666496,40.90350056377535,,,,,37.4275092,-122.1692373,,,1.024144000103604,,,,3.198322296142578,,,,,,
134.294594,ATT,3,,0.04,0.07,90.22,0.0,0.0,0.03,,0.06,,,,90.22,,,,,,,,,,,,,,,,,,,,,,
134.294594,XKF1,,,,,,,,,,,,,,,,40.91404338488651,40.90102005004883,,,0.017634331181874564,,,,,,1.0322329998016357,-0.013984261454647021,,,,,,-0.013708774000406265,,-0.013708774000406265,-0.011092301458120346
134.294594,POS,,,,,,,,,,,,,,,,40.916319840666496,40.90350056377535,,,,,37.4275092,-122.1692373,,,1.024144000103604,,,,3.1482181549072266,,,,,,
134.394554,ATT,3,,0.04,0.08,90.22,0.0,0.0,0.03,,0.07,,,,90.22,,,,,,,,,,,,,,,,,,,,,,
134.394554,XKF1,,,,,,,,,,,,,,,,40.914132485113996,40.90110397338867,,,0.017176649390149797,,,,,,1.0324392318725586,-0.01389105759753414,,,,,,-0.013631685636937618,,-0.013631685636937618,-0.010450570844113827
134.394554,POS,,,,,,,,,,,,,,,,40.916319840666496,40.90350056377535,,,,,37.4275092,-122.1692373,,,1.024144000103604,,,,3.0982136726379395,,,,,,
134.494514,ATT,3,,0.04,0.08,90.22,0.0,0.0,0.03,,0.07,,,,90.22,,,,,,,,,,,,,,,,,,,,,,
134.494514,XKF1,,,,,,,,,,,,,,,,40.9140002315637,40.900970458984375,,,0.017085391909158434,,,,,,1.0324875116348267,-0.013969686620492671,,,,,,-0.013717005960643291,,-0.013717005960643291,-0.010185988619923592
134.494514,POS,,,,,,,,,,,,,,,,40.916319840666496,40.90350056377535,,,,,37.4275092,-122.1692373,,,1.024144000103604,,,,3.048107624053955,,,,,,
134.594474,ATT,3,,0.04,0.09,90.22,0.0,0.0,0.03,,0.08,,,,90.22,,,,,,,,,,,,,,,,,,,,,,
134.594474,XKF1,,,,,,,,,,,,,,,,40.914095622996,40.901058197021484,,,0.016889578548141854,,,,,,1.0327918529510498,-0.013948684712795326,,,,,,-0.0137038454413414,,-0.0137038454413414,-0.009872308932244778
134.594474,POS,,,,,,,,,,,,,,,,40.916319840666496,40.90350056377535,,,,,37.4275092,-122.1692373,,,1.024144000103604,,,,2.9981203079223633,,,,,,
134.694434,ATT,3,,0.04,0.09,90.22,0.0,0.0,0.03,,0.08,,,,90.22,,,,,,,,,,,,,,,,,,,,,,
134.694434,XKF1,,,,,,,,,,,,,,,,40.91395743122509,40.900917053222656,,,0.016952467734548293,,,,,,1.0329070091247559,-0.014077457531350356,,,,,,-0.013834519311785698,,-0.013834519311785698,-0.009797562845051289
134.694434,POS,,,,,,,,,,,,,,,,40.916319840666496,40.90350056377535,,,,,37.4275092,-122.1692373,,,1.024144000103604,,,,2.948012113571167,,,,,,
134.794394,ATT,3,,0.04,0.09,90.22,0.0,0.0,0.03,,0.09,,,,90.22,,,,,,,,,,,,,,,,,,,,,,
134.794394,XKF1,,,,,,,,,,,,,,,,40.91404634278572,40.900997161865234,,,0.016783134305715004,,,,,,1.0332566499710083,-0.014028380466780004,,,,,,-0.013791239820420742,,-0.013791239820420742,-0.009564272128045559
134.794394,POS,,,,,,,,,,,,,,,,40.916319840666496,40.90350056377535,,,,,37.4275092,-122.1692373,,,1.024144000103604,,,,2.898001194000244,,,,,,
134.894354,ATT,3,,0.04,0.1,90.22,0.0,0.0,0.03,,0.09,,,,90.22,,,,,,,,,,,,,,,,,,,,,,
134.894354,XKF1,,,,,,,,,,,,,,,,40.91365539591092,40.90060806274414,,,0.01713757070792417,,,,,,1.0331785678863525,-0.01433077309348397,,,,,,-0.01408887468278408,,-0.01408887468278408,-0.009757045656442642
134.894354,POS,,,,,,,,,,,,,,,,40.916319840666496,40.90350056377535,,,,,37.4275092,-122.1692373,,,1.024144000103604,,,,2.8477532863616943,,,,,,
134.994314,ATT,3,,0.03,0.1,90.22,0.0,0.0,0.02,,0.09,,,,90.22,,,,,,,,,,,,,,,,,,,,,,
134.994314,XKF1,,,,,,,,,,,,,,,,40.91383088062472,40.90077209472656,,,0.016845809842287552,,,,,,1.033634066581726,-0.014129047417610853,,,,,,-0.013892783783376217,,-0.013892783783376217,-0.009527427144348621
134.994314,POS,,,,,,,,,,,,,,,,40.916319840666496,40.90350056377535,,,,,37.4275092,-122.1692373,,,1.024144000103604,,,,2.7977728843688965,,,,,,
135.09427399999998,ATT,3,,0.03,0.1,90.22,0.0,0.0,0.02,,0.09,,,,90.22,,,,,,,,,,,,,,,,,,,,,,
135.09427399999998,XKF1,,,,,,,,,,,,,,,,40.91352600403342,40.90046691894531,,,0.01698885004098268,,,,,,1.033642053604126,-0.014182209846994236,,,,,,-0.013941378332674503,,-0.013941378332674503,-0.009708707220852375
135.09427399999998,POS,,,,,,,,,,,,,,,,40.916319840666496,40.90350056377535,,,,,37.4275092,-122.1692373,,,1.024144000103604,,,,2.7475972175598145,,,,,,
135.194234,ATT,3,,0.03,0.1,90.22,0.0,0.0,0.02,,0.09,,,,90.21,,,,,,,,,,,,,,,,,,,,,,
135.194234,XKF1,,,,,,,,,,,,,,,,40.91377857699649,40.90070724487305,,,0.0166750763046316,,,,,,1.0341297388076782,-0.013943144461616382,,,,,,-0.013707520440220833,,-0.013707520440220833,-0.009495370090007782
135.194234,POS,,,,,,,,,,,,,,,,40.916319840666496,40.90350056377535,,,,,37.4275092,-122.1692373,,,1.024144000103604,,,,2.6976749897003174,,,,,,
135.294194,ATT,3,,0.03,0.11,90.22,0.0,0.0,0.02,,0.1,,,,90.21,,,,,,,,,,,,,,,,,,,,,,
135.294194,XKF1,,,,,,,,,,,,,,,,40.91353136379013,40.90045928955078,,,0.016902637132364694,,,,,,1.0341559648513794,-0.013990083916457955,,,,,,-0.013745849952101707,,-0.013745849952101707,-0.009836195968091488
135.294194,POS,,,,,,,,,,,,,,,,40.916319840666496,40.90350056377535,,,,,37.4275092,-122.1692373,,,1.024144000103604,,,,2.6474785804748535,,,,,,
135.394987,ATT,3,,0.03,0.12,90.22,0.0,0.0,0.03,,0.1,,,,90.21,,,,,,,,,,,,,,,,,,,,,,
135.394987,XKF1,,,,,,,,,,,,,,,,40.913870753528286,40.90077590942383,,,0.016580173038433284,,,,,,1.0350604057312012,-0.013756526274696207,,,,,,-0.013517978601157665,,-0.013517978601157665,-0.00960033293813467
135.394987,POS,,,,,,,,,,,,,,,,40.916319840666496,40.90350056377535,,,,,37.4275092,-122.1692373,,,1.024144000103604,,,,2.5975258350372314,,,,,,
135.494947,ATT,3,,0.04,0.12,90.22,0.0,0.0,0.03,,0.11,,,,90.21,,,,,,,,,,,,,,,,,,,,,,
135.494947,XKF1,,,,,,,,,,,,,,,,40.91394684750915,40.90083312988281,,,0.016629193737982675,,,,,,1.0358068943023682,-0.013720809647154624,,,,,,-0.013478556647896767,,-0.013478556647896767,-0.009739537723362446
135.494947,POS,,,,,,,,,,,,,,,,40.916319840666496,40.90350056377535,,,,,37.4275092,-122.1692373,,,1.024144000103604,,,,2.547480583190918,,,,,,
135.594907,ATT,3,,0.04,0.15,90.22,0.0,0.0,0.03,,0.13,,,,90.21,,,,,,,,,,,,,,,,,,,,,,
135.594907,XKF1,,,,,,,,,,,,,,,,40.91423119345031,40.901084899902344,,,0.016591378332498127,,,,,,1.0370960235595703,-0.0136363186505873,,,,,,-0.013392368331551552,,-0.013392368331551552,-0.009793789125978947
135.594907,POS,,,,,,,,,,,,,,,,40.916319840666496,40.90350056377535,,,,,37.4275092,-122.1692373,,,1.024144000103604,,,,2.497509479522705,,,,,,
135.694867,ATT,3,,0.04,0.15,90.22,0.0,0.0,0.04,,0.14,,,,90.21,,,,,,,,,,,,,,,,,,,,,,
135.694867,XKF1,,,,,,,,,,,,,,,,40.91423213156518,40.90106201171875,,,0.01708161330505616,,,,,,1.038035273551941,-0.013823998955553888,,,,,,-0.013564979657530785,,-0.013564979657530785,-0.010381369851529598
135.694867,POS,,,,,,,,,,,,,,,,40.916319840666496,40.90350056377535,,,,,37.4275092,-122.1692373,,,1.024144000103604,,,,2.4469966888427734,,,,,,
135.794827,ATT,3,,0.04,0.16,90.22,0.0,0.0,0.04,,0.15,,,,90.21,,,,,,,,,,,,,,,,,,,,,,
135.794827,XKF1,,,,,,,,,,,,,,,,40.91445146384909,40.901248931884766,,,0.01740135357681201,,,,,,1.0393143892288208,-0.013876189348324406,,,,,,-0.013604979030787945,,-0.013604979030787945,-0.010849500074982643
135.794827,POS,,,,,,,,,,,,,,,,40.916319840666496,40.90350056377535,,,,,37.4275092,-122.1692373,,,1.024144000103604,,,,2.396965265274048,,,,,,
135.894787,ATT,3,,0.04,0.17,90.22,0.0,0.0,0.04,,0.15,,,,90.21,,,,,,,,,,,,,,,,,,,,,,
135.894787,XKF1,,,,,,,,,,,,,,,,40.91440453633436,40.901180267333984,,,0.018102379858548963,,,,,,1.0401688814163208,-0.014135686209146564,,,,,,-0.013843624852597713,,-0.013843624852597713,-0.011664056219160557
135.894787,POS,,,,,,,,,,,,,,,,40.916319840666496,40.90350056377535,,,,,37.4275092,-122.1692373,,,1.024144000103604,,,,2.3468713760375977,,,,,,
135.994747,ATT,3,,0.04,0.17,90.22,0.0,0.0,0.03,,0.16,,,,90.21,,,,,,,,,,,,,,,,,,,,,,
135.994747,XKF1,,,,,,,,,,,,,,,,40.914565989235356,40.90131378173828,,,0.018562647628688967,,,,,,1.0412689447402954,-0.014210928695308288,,,,,,-0.0139023931697011,,-0.0139023931697011,-0.012300217524170876
135.994747,POS,,,,,,,,,,,,,,,,40.916319840666496,40.90350056377535,,,,,37.4275092,-122.1692373,,,1.024144000103604,,,,2.2969093322753906,,,,,,
136.094707,ATT,3,,0.04,0.17,90.22,0.0,0.0,0.03,,0.16,,,,90.21,,,,,,,,,,,,,,,,,,,,,,
136.094707,XKF1,,,,,,,,,,,,,,,,40.914464299502015,40.90119552612305,,,0.019293280079844675,,,,,,1.041918158531189,-0.014421276908532956,,,,,,-0.014090223237872124,,-0.014090223237872124,-0.013179387897253036
136.094707,POS,,,,,,,,,,,,,,,,40.916319840666496,40.90350056377535,,,,,37.4275092,-122.1692373,,,1.024144000103604,,,,2.2468459606170654,,,,,,
136.194667,ATT,3,,0.04,0.17,90.22,0.0,0.0,0.03,,0.16,,,,90.21,,,,,,,,,,,,,,,,,,,,,,
136.194667,XKF1,,,,,,,,,,,,,,,,40.91456584751528,40.901275634765625,,,0.01976775718220108,,,,,,1.0427607297897339,-0.014398245039306966,,,,,,-0.014048367738723755,,-0.014048367738723755,-0.013907105661928654
136.194667,POS,,,,,,,,,,,,,,,,40.916319840666496,40.90350056377535,,,,,37.4275092,-122.1692373,,,1.024144000103604,,,,2.1968798637390137,,,,,,
136.294627,ATT,3,,0.03,0.17,90.22,0.0,0.0,0.03,,0.16,,,,90.21,,,,,,,,,,,,,,,,,,,,,,
136.294627,XKF1,,,,,,,,,,,,,,,,40.914423689755814,40.901123046875,,,0.020484037109328553,,,,,,1.0431679487228394,-0.014546257256345969,,,,,,-0.014173813164234163,,-0.014173813164234161,-0.01478846836835146
136.294627,POS,,,,,,,,,,,,,,,,40.916319840666496,40.90350056377535,,,,,37.4275092,-122.1692373,,,1.024144000103604,,,,2.1468214988708496,,,,,,
136.394587,ATT,3,,0.03,0.17,90.22,0.0,0.0,0.03,,0.16,,,,90.21,,,,,,,,,,,,,,,,,,,,,,
136.394587,XKF1,,,,,,,,,,,,,,,,40.914504267252916,40.901187896728516,,,0.020868907056041646,,,,,,1.0437854528427124,-0.014486456016274537,,,,,,-0.014098514802753927,,-0.014098514802753925,-0.015386460348963737
136.394587,POS,,,,,,,,,,,,,,,,40.916319840666496,40.90350056377535,,,,,37.4275092,-122.1692373,,,1.024144000103604,,,,2.096877098083496,,,,,,
136.494547,ATT,3,,0.03,0.17,90.22,0.0,0.0,0.03,,0.16,,,,90.21,,,,,,,,,,,,,,,,,,,,,,
136.494547,XKF1,,,,,,,,,,,,,,,,40.914352967489734,40.901031494140625,,,0.021487106409075887,,,,,,1.0439834594726562,-0.014517759144383587,,,,,,-0.014108833856880667,,-0.014108833856880665,-0.01620606519281864
136.494547,POS,,,,,,,,,,,,,,,,40.916599990294806,40.90350056377535,,,,,37.4275093,-122.1692373,,,1.0352759994427174,,,,2.046823024749756,,,,,,
136.594507,ATT,3,,0.03,0.17,90.22,0.0,0.0,0.02,,0.16,,,,90.21,,,,,,,,,,,,,,,,,,,,,,
136.594507,XKF1,,,,,,,,,,,,,,,,40.91443939197608,40.90110778808594,,,0.021879439832457655,,,,,,1.0443813800811768,-0.014467193812005716,,,,,,-0.01404350344091654,,-0.014043503440916538,-0.016777660697698593
136.594507,POS,,,,,,,,,,,,,,,,40.916599990294806,40.90350056377535,,,,,37.4275093,-122.1692373,,,1.0352759994427174,,,,1.9968502521514893,,,,,,
136.694467,ATT,3,,0.03,0.16,90.22,0.0,0.0,0.02,,0.15,,,,90.21,,,,,,,,,,,,,,,,,,,,,,
136.694467,XKF1,,,,,,,,,,,,,,,,40.91429327519119,40.90095901489258,,,0.022437106762438565,,,,,,1.0444835424423218,-0.01446895132495146,,,,,,-0.014026457443833353,,-0.014026457443833351,-0.01751234568655491
136.694467,POS,,,,,,,,,,,,,,,,40.916599990294806,40.90350056377535,,,,,37.4275093,-122.1692373,,,1.0352759994427174,,,,1.9468050003051758,,,,,,
136.79442699999998,ATT,3,,0.03,0.17,90.22,0.0,0.0,0.02,,0.16,,,,90.22,,,,,,,,,,,,,,,,,,,,,,
136.79442699999998,XKF1,,,,,,,,,,,,,,,,40.91439526123097,40.90104675292969,,,0.022704052645102554,,,,,,1.045042634010315,-0.014335866828223541,,,,,,-0.01388150453567505,,-0.013881504535675049,-0.017966018989682198
136.79442699999998,POS,,,,,,,,,,,,,,,,40.916599990294806,40.90350056377535,,,,,37.4275093,-122.1692373,,,1.0352759994427174,,,,1.8968831300735474,,,,,,
136.894387,ATT,3,,0.03,0.16,90.22,0.0,0.0,0.02,,0.16,,,,90.22,,,,,,,,,,,,,,,,,,,,,,
136.894387,XKF1,,,,,,,,,,,,,,,,40.91401545073255,40.900672912597656,,,0.02353452520048764,,,,,,1.0448040962219238,-0.014506442324593144,,,,,,-0.014028466306626798,,-0.014028466306626797,-0.018896454945206642
136.894387,POS,,,,,,,,,,,,,,,,40.916599990294806,40.90350056377535,,,,,37.4275093,-122.1692373,,,1.0352759994427174,,,,1.8467309474945068,,,,,,
136.994347,ATT,3,,0.03,0.16,90.22,0.0,0.0,0.02,,0.15,,,,90.22,,,,,,,,,,,,,,,,,,,,,,
136.994347,XKF1,,,,,,,,,,,,,,,,40.91422031322292,40.90085983276367,,,0.023517336708565612,,,,,,1.045508861541748,-0.014251556608403614,,,,,,-0.013768865726888182,,-0.01376886572688818,-0.019065242260694504
136.994347,POS,,,,,,,,,,,,,,,,40.916599990294806,40.90350056377535,,,,,37.4275093,-122.1692373,,,1.0352759994427174,,,,1.7968162298202515,,,,,,
137.094307,ATT,3,,0.03,0.16,90.22,0.0,0.0,0.02,,0.15,,,,90.22,,,,,,,,,,,,,,,,,,,,,,
137.094307,XKF1,,,,,,,,,,,,,,,,40.9139307770218,40.90057373046875,,,0.0241092561492842,,,,,,1.0453708171844482,-0.01436047675978848,,,,,,-0.013860983774065973,,-0.013860983774065971,-0.019726362079381943
137.094307,POS,,,,,,,,,,,,,,,,40.916599990294806,40.90350056377535,,,,,37.4275093,-122.1692373,,,1.0352759994427174,,,,1.746901273727417,,,,,,
137.194267,ATT,3,,0.03,0.17,90.22,0.0,0.0,0.02,,0.15,,,,90.22,,,,,,,,,,,,,,,,,,,,,,
137.194267,XKF1,,,,,,,,,,,,,,,,40.91423525613781,40.90085983276367,,,0.024052387053063545,,,,,,1.046093463897705,-0.01403018043143092,,,,,,-0.013526087626814844,,-0.013526087626814842,-0.019888747483491898
137.194267,POS,,,,,,,,,,,,,,,,40.916599990294806,40.90350056377535,,,,,37.4275093,-122.1692373,,,1.0352759994427174,,,,1.6972432136535645,,,,,,
137.294227,ATT,3,,0.03,0.17,90.22,0.0,0.0,0.02,,0.15,,,,90.22,,,,,,,,,,,,,,,,,,,,,,
137.294227,XKF1,,,,,,,,,,,,,,,,40.91402563901079,40.90065383911133,,,0.024598376635761848,,,,,,1.045949101448059,-0.014099915094701605,,,,,,-0.013580022379755976,,-0.013580022379755974,-0.020510073751211166
137.294227,POS,,,,,,,,,,,,,,,,40.916599990294806,40.90350056377535,,,,,37.4275093,-122.1692373,,,1.0352759994427174,,,,1.6473468542099,,,,,,
137.394187,ATT,3,,0.03,0.17,90.22,0.0,0.0,0.02,,0.16,,,,90.22,,,,,,,,,,,,,,,,,,,,,,
137.394187,XKF1,,,,,,,,,,,,,,,,40.914382016111276,40.90099334716797,,,0.024529039224606464,,,,,,1.046613097190857,-0.013804432529990066,,,,,,-0.013281246647238733,,-0.013281246647238731,-0.0206223726272583
137.394187,POS,,,,,,,,,,,,,,,,40.916599990294806,40.90350056377535,,,,,37.4275093,-122.1692373,,,1.0352759994427174,,,,1.5976635217666626,,,,,,
137.49498,ATT,3,,0.03,0.17,90.22,0.0,0.0,0.02,,0.16,,,,90.21,,,,,,,,,,,,,,,,,,,,,,
137.49498,XKF1,,,,,,,,,,,,,,,,40.91446630709064,40.90107345581055,,,0.02481948743598453,,,,,,1.046777606010437,-0.013675179318944367,,,,,,-0.013140790164470674,,-0.013140790164470673,-0.021055322140455246
137.49498,POS,,,,,,,,,,,,,,,,40.916599990294806,40.90350056377535,,,,,37.4275093,-122.1692373,,,1.0352759994427174,,,,1.547784686088562,,,,,,
137.59494,ATT,3,,0.04,0.17,90.22,0.0,0.0,0.03,,0.16,,,,90.21,,,,,,,,,,,,,,,,,,,,,,
137.59494,XKF1,,,,,,,,,,,,,,,,40.91475444112036,40.90135192871094,,,0.024998585193954523,,,,,,1.0471587181091309,-0.013453754690841771,,,,,,-0.012910100631415846,,-0.012910100631415844,-0.021406974643468857
137.59494,POS,,,,,,,,,,,,,,,,40.916599990294806,40.90350056377535,,,,,37.4275093,-122.1692373,,,1.0352759994427174,,,,1.497947096824646,,,,,,
137.6949,ATT,3,,0.04,0.17,90.22,0.0,0.0,0.03,,0.16,,,,90.21,,,,,,,,,,,,,,,,,,,,,,
137.6949,XKF1,,,,,,,,,,,,,,,,40.91477895997848,40.9013786315918,,,0.025575608387599712,,,,,,1.0470737218856812,-0.013589705178686396,,,,,,-0.013030777685344221,,-0.01303077768534422,-0.022007057443261147
137.6949,POS,,,,,,,,,,,,,,,,40.916599990294806,40.90350056377535,,,,,37.4275093,-122.1692373,,,1.0352759994427174,,,,1.4479809999465942,,,,,,
137.79486,ATT,3,,0.04,0.17,90.22,0.0,0.0,0.03,,0.15,,,,90.21,,,,,,,,,,,,,,,,,,,,,,
137.79486,XKF1,,,,,,,,,,,,,,,,40.91498115534537,40.90157699584961,,,0.025860973746352083,,,,,,1.0472259521484375,-0.013668473512988801,,,,,,-0.013102088123559954,,-0.013102088123559952,-0.022296305745840073
137.79486,POS,,,,,,,,,,,,,,,,40.916599990294806,40.90350056377535,,,,,37.4275093,-122.1692373,,,1.0352759994427174,,,,1.397686243057251,,,,,,
137.89482,ATT,3,,0.04,0.16,90.22,0.0,0.0,0.03,,0.15,,,,90.21,,,,,,,,,,,,,,,,,,,,,,
137.89482,XKF1,,,,,,,,,,,,,,,,40.91492886218216,40.90153121948242,,,0.026375146451404003,,,,,,1.0469707250595093,-0.013863979094447159,,,,,,-0.013285288587212564,,-0.013285288587212563,-0.022784851491451263
137.89482,POS,,,,,,,,,,,,,,,,40.916599990294806,40.90350056377535,,,,,37.4275093,-122.1692373,,,1.0352759994427174,,,,1.3476645946502686,,,,,,
137.99478,ATT,3,,0.04,0.16,90.22,0.0,0.0,0.03,,0.14,,,,90.21,,,,,,,,,,,,,,,,,,,,,,
137.99478,XKF1,,,,,,,,,,,,,,,,40.915078651281426,40.90167999267578,,,0.026512603873760313,,,,,,1.0470123291015625,-0.013931859221738906,,,,,,-0.01335006393492222,,-0.013350063934922218,-0.022906199097633362
137.99478,POS,,,,,,,,,,,,,,,,40.916599990294806,40.90350056377535,,,,,37.4275093,-122.1692373,,,1.0352759994427174,,,,1.2977447509765625,,,,,,
138.09474,ATT,3,,0.04,0.15,90.22,0.0,0.0,0.03,,0.14,,,,90.21,,,,,,,,,,,,,,,,,,,,,,
138.09474,XKF1,,,,,,,,,,,,,,,,40.914974338786486,40.90158462524414,,,0.026894218540890857,,,,,,1.0466614961624146,-0.0141551125372354,,,,,,-0.0135654928162694,,-0.013565492816269398,-0.02322232536971569
138.09474,POS,,,,,,,,,,,,,,,,40.916599990294806,40.90350056377535,,,,,37.4275093,-122.1692373,,,1.0352759994427174,,,,1.2477563619613647,,,,,,
138.1947,ATT,3,,0.04,0.15,90.22,0.0,0.0,0.03,,0.14,,,,90.21,,,,,,,,,,,,,,,,,,,,,,
138.1947,XKF1,,,,,,,,,,,,,,,,40.91508805916705,40.90169906616211,,,0.026900219266599443,,,,,,1.0466347932815552,-0.014187151547700186,,,,,,-0.013597865588963034,,-0.013597865588963032,-0.02321033924818039
138.1947,POS,,,,,,,,,,,,,,,,40.916599990294806,40.90350056377535,,,,,37.4275093,-122.1692373,,,1.0352759994427174,,,,1.197843074798584,,,,,,
138.29466,ATT,3,,0.04,0.14,90.22,0.0,0.0,0.03,,0.13,,,,90.2,,,,,,,,,,,,,,,,,,,,,,
138.29466,XKF1,,,,,,,,,,,,,,,,40.91495967727705,40.901580810546875,,,0.02706705281096014,,,,,,1.0462373495101929,-0.014353616586192403,,,,,,-0.01376212574541569,,-0.013762125745415688,-0.023307278752326965
138.29466,POS,,,,,,,,,,,,,,,,40.916599990294806,40.90350056377535,,,,,37.4275093,-122.1692373,,,1.0352759994427174,,,,1.1478058099746704,,,,,,
138.39462,ATT,3,,0.04,0.14,90.22,0.0,0.0,0.03,,0.13,,,,90.2,,,,,,,,,,,,,,,,,,,,,,
138.39462,XKF1,,,,,,,,,,,,,,,,40.91506137541131,40.90168380737305,,,0.02692551360960538,,,,,,1.0461878776550293,-0.014318356146929676,,,,,,-0.013730612583458425,,-0.013730612583458424,-0.023161467164754868
138.39462,POS,,,,,,,,,,,,,,,,40.916599990294806,40.90350056377535,,,,,37.4275093,-122.1692373,,,1.0352759994427174,,,,1.097833514213562,,,,,,
138.49457999999998,ATT,3,,0.03,0.14,90.22,0.0,0.0,0.03,,0.13,,,,90.21,,,,,,,,,,,,,,,,,,,,,,
138.49457999999998,XKF1,,,,,,,,,,,,,,,,40.9149287882645,40.90156173706055,,,0.0270541159486282,,,,,,1.0457749366760254,-0.014434900059154255,,,,,,-0.013845341280102732,,-0.01384534128010273,-0.023242885246872902
138.49457999999998,POS,,,,,,,,,,,,,,,,40.916599990294806,40.90350056377535,,,,,37.4275093,-122.1692373,,,1.0352759994427174,,,,1.047749400138855,,,,,,
138.59454,ATT,3,,0.03,0.14,90.22,0.0,0.0,0.03,,0.13,,,,90.21,,,,,,,,,,,,,,,,,,,,,,
138.59454,XKF1,,,,,,,,,,,,,,,,40.91502607941477,40.90166091918945,,,0.026919562308979888,,,,,,1.0457022190093994,-0.014461578299075297,,,,,,-0.013876557350158693,,-0.013876557350158691,-0.023067379370331764
138.59454,POS,,,,,,,,,,,,,,,,40.916599990294806,40.90350056377535,,,,,37.4275093,-122.1692373,,,1.0352759994427174,,,,0.9977974891662598,,,,,,
138.6945,ATT,3,,0.03,0.13,90.22,0.0,0.0,0.03,,0.13,,,,90.21,,,,,,,,,,,,,,,,,,,,,,
138.6945,XKF1,,,,,,,,,,,,,,,,40.914885623531035,40.90153121948242,,,0.02703125080678067,,,,,,1.045279622077942,-0.014582900146580525,,,,,,-0.013996670022606851,,-0.01399667002260685,-0.02312534861266613
138.6945,POS,,,,,,,,,,,,,,,,40.916599990294806,40.90350056377535,,,,,37.4275093,-122.1692373,,,1.0352759994427174,,,,0.9477429389953613,,,,,,
138.79446,ATT,3,,0.03,0.13,90.22,0.0,0.0,0.03,,0.13,,,,90.21,,,,,,,,,,,,,,,,,,,,,,
138.79446,XKF1,,,,,,,,,,,,,,,,40.91498317139666,40.90163040161133,,,0.026864705570863765,,,,,,1.0452169179916382,-0.014518427293367673,,,,,,-0.013936253264546396,,-0.013936253264546394,-0.022967221215367317
138.79446,POS,,,,,,,,,,,,,,,,40.916599990294806,40.90350056377535,,,,,37.4275093,-122.1692373,,,1.0352759994427174,,,,0.89774090051651,,,,,,
138.89442,ATT,3,,0.03,0.13,90.22,0.0,0.0,0.03,,0.12,,,,90.21,,,,,,,,,,,,,,,,,,,,,,
138.89442,XKF1,,,,,,,,,,,,,,,,40.91484682616413,40.90150451660156,,,0.026988653506098408,,,,,,1.0448057651519775,-0.01461016295224049,,,,,,-0.014025931246578695,,-0.014025931246578693,-0.023057768121361732
138.89442,POS,,,,,,,,,,,,,,,,40.916599990294806,40.90350056377535,,,,,37.4275093,-122.1692373,,,1.0352759994427174,,,,0.8476704359054565,,,,,,
138.99438,ATT,3,,0.03,0.13,90.22,0.0,0.0,0.03,,0.12,,,,90.21,,,,,,,,,,,,,,,,,,,,,,
138.99438,XKF1,,,,,,,,,,,,,,,,40.914956296092505,40.901615142822266,,,0.026761341911764942,,,,,,1.0447618961334229,-0.014451286008030223,,,,,,-0.013871424831449987,,-0.013871424831449986,-0.022885650396347046
138.99438,POS,,,,,,,,,,,,,,,,40.916599990294806,40.90350056377535,,,,,37.4275093,-122.1692373,,,1.0352759994427174,,,,0.7977235913276672,,,,,,
139.09434,ATT,3,,0.03,0.12,90.22,0.0,0.0,0.03,,0.11,,,,90.21,,,,,,,,,,,,,,,,,,,,,,
139.09434,XKF1,,,,,,,,,,,,,,,,40.914578076935584,40.9012565612793,,,0.02699448848925175,,,,,,1.0439879894256592,-0.01466065492364818,,,,,,-0.014077518135309221,,-0.01407751813530922,-0.023033147677779198
139.09434,POS,,,,,,,,,,,,,,,,40.916599990294806,40.90350056377535,,,,,37.4275093,-122.1692373,,,1.0352759994427174,,,,0.7475501894950867,,,,,,
139.1943,ATT,3,,0.03,0.12,90.22,0.0,0.0,0.02,,0.1,,,,90.21,,,,,,,,,,,,,,,,,,,,,,
139.1943,XKF1,,,,,,,,,,,,,,,,40.91478921204229,40.90147399902344,,,0.026459203031383306,,,,,,1.0437437295913696,-0.01439906279150715,,,,,,-0.0138280987739563,,-0.013828098773956299,-0.022558216005563736
139.1943,POS,,,,,,,,,,,,,,,,40.916599990294806,40.90350056377535,,,,,37.4275093,-122.1692373,,,1.0352759994427174,,,,0.6976057291030884,,,,,,
139.29426,ATT,3,,0.03,0.12,90.22,0.0,0.0,0.02,,0.1,,,,90.22,,,,,,,,,,,,,,,,,,,,,,
139.29426,XKF1,,,,,,,,,,,,,,,,40.91449206068496,40.90119934082031,,,0.02639926031099798,,,,,,1.0428581237792969,-0.014504471076892763,,,,,,-0.013937536627054216,,-0.013937536627054214,-0.022420214489102364
139.29426,POS,,,,,,,,,,,,,,,,40.916599990294806,40.90350056377535,,,,,37.4275093,-122.1692373,,,1.0352759994427174,,,,0.6474396586418152,,,,,,
139.39422,ATT,3,,0.03,0.11,90.22,0.0,0.0,0.02,,0.1,,,,90.22,,,,,,,,,,,,,,,,,,,,,,
139.39422,XKF1,,,,,,,,,,,,,,,,40.9147601524213,40.90147399902344,,,0.025810395774707916,,,,,,1.0426039695739746,-0.014235051261400105,,,,,,-0.013681794516742231,,-0.01368179451674223,-0.02188572660088539
139.39422,POS,,,,,,,,,,,,,,,,40.916599990294806,40.90350056377535,,,,,37.4275093,-122.1692373,,,1.0352759994427174,,,,0.5974878668785095,,,,,,
139.49418,ATT,3,,0.03,0.11,90.22,0.0,0.0,0.03,,0.1,,,,90.22,,,,,,,,,,,,,,,,,,,,,,
139.49418,XKF1,,,,,,,,,,,,,,,,40.914509227154106,40.9012451171875,,,0.0257745215614506,,,,,,1.0417356491088867,-0.014392260664280097,,,,,,-0.013843182474374773,,-0.013843182474374771,-0.021741487085819244
139.49418,POS,,,,,,,,,,,,,,,,40.916599990294806,40.90350056377535,,,,,37.4275093,-122.1692373,,,1.0352759994427174,,,,0.5473393797874451,,,,,,
139.594973,ATT,3,,0.03,0.1,90.22,0.0,0.0,0.03,,0.09,,,,90.22,,,,,,,,,,,,,,,,,,,,,,
139.594973,XKF1,,,,,,,,,,,,,,,,40.914798760347374,40.90153884887695,,,0.025150929043478855,,,,,,1.041574478149414,-0.014176670059630773,,,,,,-0.013643208891153337,,-0.013643208891153336,-0.0211289394646883
139.594973,POS,,,,,,,,,,,,,,,,40.916599990294806,40.90350056377535,,,,,37.4275093,-122.1692373,,,1.0352759994427174,,,,0.4974089562892914,,,,,,
139.694933,ATT,3,,0.03,0.1,90.22,0.0,0.0,0.03,,0.09,,,,90.22,,,,,,,,,,,,,,,,,,,,,,
139.694933,XKF1,,,,,,,,,,,,,,,,40.91480996301641,40.90156173706055,,,0.024749601577973332,,,,,,1.041115641593933,-0.014113369373318911,,,,,,-0.01359145436435938,,-0.013591454364359379,-0.020683692768216133
139.694933,POS,,,,,,,,,,,,,,,,40.916599990294806,40.90350056377535,,,,,37.4275093,-122.1692373,,,1.0352759994427174,,,,0.4473615884780884,,,,,,
139.794893,ATT,3,,0.04,0.11,90.22,0.0,0.0,0.04,,0.1,,,,90.22,,,,,,,,,,,,,,,,,,,,,,
139.794893,XKF1,,,,,,,,,,,,,,,,40.91502305970538,40.90177917480469,,,0.024221198186502035,,,,,,1.0409477949142456,-0.013983982070707715,,,,,,-0.013476304709911348,,-0.013476304709911346,-0.020125994458794594
139.794893,POS,,,,,,,,,,,,,,,,40.916599990294806,40.90350056377535,,,,,37.4275093,-122.1692373,,,1.0352759994427174,,,,0.3973565101623535,,,,,,
139.894853,ATT,3,,0.04,0.11,90.22,0.0,0.0,0.04,,0.1,,,,90.22,,,,,,,,,,,,,,,,,,,,,,
139.894853,XKF1,,,,,,,,,,,,,,,,40.91496188642501,40.901729583740234,,,0.024101712928590358,,,,,,1.0404918193817139,-0.014131199627403333,,,,,,-0.013630112633109094,,-0.013630112633109093,-0.019877439364790916
139.894853,POS,,,,,,,,,,,,,,,,40.916599990294806,40.90350056377535,,,,,37.4275093,-122.1692373,,,1.0352759994427174,,,,0.3468555808067322,,,,,,
139.994813,ATT,3,,0.04,0.11,90.22,0.0,0.0,0.03,,0.09,,,,90.21,,,,,,,,,,,,,,,,,,,,,,
139.994813,XKF1,,,,,,,,,,,,,,,,40.915103833348006,40.90187454223633,,,0.023710306575613908,,,,,,1.0403752326965332,-0.01416776900276701,,,,,,-0.013679759576916696,,-0.013679759576916695,-0.01936602219939232
139.994813,POS,,,,,,,,,,,,,,,,40.916599990294806,40.90350056377535,,,,,37.4275093,-122.1692373,,,1.0352759994427174,,,,0.2968352138996124,,,,,,
140.094773,ATT,3,,0.04,0.1,90.22,0.0,0.0,0.04,,0.09,,,,90.21,,,,,,,,,,,,,,,,,,,,,,
140.094773,XKF1,,,,,,,,,,,,,,,,40.91498373263378,40.901763916015625,,,0.023597147748943254,,,,,,1.0400011539459229,-0.014339524508857789,,,,,,-0.013858536258339884,,-0.013858536258339882,-0.019098857417702675
140.094773,POS,,,,,,,,,,,,,,,,40.916599990294806,40.90350056377535,,,,,37.4275093,-122.1692373,,,1.0352759994427174,,,,0.24675334990024567,,,,,,
140.19473299999999,ATT,3,,0.04,0.1,90.22,0.0,0.0,0.04,,0.09,,,,90.2,,,,,,,,,,,,,,,,,,,,,,
140.19473299999999,XKF1,,,,,,,,,,,,,,,,40.915051714439365,40.901832580566406,,,0.023256788039224888,,,,,,1.0399751663208008,-0.014420111529487916,,,,,,-0.01395166199654341,,-0.013951661996543407,-0.018607238307595253
140.19473299999999,POS,,,,,,,,,,,,,,,,40.916599990294806,40.90350056377535,,,,,37.4275093,-122.1692373,,,1.0352759994427174,,,,0.1967504471540451,,,,,,
140.294693,ATT,3,,0.04,0.1,90.22,0.0,0.0,0.04,,0.09,,,,90.2,,,,,,,,,,,,,,,,,,,,,,
140.294693,XKF1,,,,,,,,,,,,,,,,40.91486540431119,40.90165328979492,,,0.023124990711463463,,,,,,1.0396966934204102,-0.014632419876134097,,,,,,-0.01417265832424164,,-0.014172658324241638,-0.01827295683324337
140.294693,POS,,,,,,,,,,,,,,,,40.916599990294806,40.90350056377535,,,,,37.4275093,-122.1692373,,,1.0352759994427174,,,,0.14668865501880646,,,,,,
140.374661,MSG,,,,,,,,,,,,,,,,,,,,,,,,,,,,,,,,,,SIM Hit ground at 0.477743 m/s,,
140.394653,ATT,3,,0.04,0.11,90.22,0.0,0.0,0.04,,0.09,,,,90.2,,,,,,,,,,,,,,,,,,,,,,
140.394653,XKF1,,,,,,,,,,,,,,,,40.914894464520636,40.90167999267578,,,0.022134650778806123,,,,,,1.0397897958755493,-0.014312486070355634,,,,,,-0.013878762722015383,,-0.01387876272201538,-0.017243048176169395
140.394653,POS,,,,,,,,,,,,,,,,40.916599990294806,40.90350056377535,,,,,37.4275093,-122.1692373,,,1.0352759994427174,,,,0.09769094735383987,,,,,,
140.494613,ATT,3,,0.05,0.14,90.22,0.0,0.0,0.03,,0.1,,,,90.21,,,,,,,,,,,,,,,,,,,,,,
140.494613,XKF1,,,,,,,,,,,,,,,,40.91480297165084,40.901588439941406,,,0.019601778596626707,,,,,,1.0397909879684448,-0.013081727460185193,,,,,,-0.012706518173217775,,-0.012706518173217773,-0.014925619587302208
140.494613,POS,,,,,,,,,,,,,,,,40.916599990294806,40.90350056377535,,,,,37.4275093,-122.1692373,,,1.0352759994427174,,,,0.0799512043595314,,,,,,
140.594573,ATT,3,,0.07,0.17,90.22,0.0,0.0,0.03,,0.11,,,,90.21,,,,,,,,,,,,,,,,,,,,,,
140.594573,XKF1,,,,,,,,,,,,,,,,40.91507164033529,40.9018440246582,,,0.018452115651635105,,,,,,1.040308952331543,-0.012476939718518293,,,,,,-0.012127255089581013,,-0.012127255089581013,-0.013907201588153839
140.594573,POS,,,,,,,,,,,,,,,,40.916599990294806,40.90350056377535,,,,,37.4275093,-122.1692373,,,1.0352759994427174,,,,0.09377457201480865,,,,,,
140.694533,ATT,3,,0.07,0.18,90.22,0.0,0.0,0.03,,0.11,,,,90.21,,,,,,,,,,,,,,,,,,,,,,
140.694533,XKF1,,,,,,,,,,,,,,,,40.91510402138802,40.90187072753906,,,0.018734672467579476,,,,,,1.0405325889587402,-0.012623490401954844,,,,,,-0.012267353013157845,,-0.012267353013157845,-0.014159802347421646
140.694533,POS,,,,,,,,,,,,,,,,40.916599990294806,40.90350056377535,,,,,37.4275093,-122.1692373,,,1.0352759994427174,,,,0.10904219001531601,,,,,,
140.794493,ATT,3,,0.07,0.18,90.22,0.0,0.0,0.03,,0.11,,,,90.21,,,,,,,,,,,,,,,,,,,,,,
140.794493,XKF1,,,,,,,,,,,,,,,,40.915314281042235,40.902069091796875,,,0.019068061977136667,,,,,,1.0410027503967285,-0.012795920523033954,,,,,,-0.012432091869413854,,-0.012432091869413853,-0.014458010904490948
140.794493,POS,,,,,,,,,,,,,,,,40.916599990294806,40.90350056377535,,,,,37.4275093,-122.1692373,,,1.0352759994427174,,,,0.11424020677804947,,,,,,
140.894453,ATT,3,,0.07,0.17,90.22,0.0,0.0,0.03,,0.11,,,,90.21,,,,,,,,,,,,,,,,,,,,,,
140.894453,XKF1,,,,,,,,,,,,,,,,40.91527548749388,40.90202713012695,,,0.019462857953329714,,,,,,1.0411267280578613,-0.013030524193397853,,,,,,-0.01265843026340008,,-0.012658430263400078,-0.01478401105850935
140.894453,POS,,,,,,,,,,,,,,,,40.916599990294806,40.90350056377535,,,,,37.4275093,-122.1692373,,,1.0352759994427174,,,,0.11314477026462555,,,,,,
140.994413,ATT,3,,0.07,0.17,90.22,0.0,0.0,0.03,,0.11,,,,90.21,,,,,,,,,,,,,,,,,,,,,,
140.994413,XKF1,,,,,,,,,,,,,,,,40.91543422455445,40.90217590332031,,,0.01945261587987265,,,,,,1.041520118713379,-0.013017758758022718,,,,,,-0.012645586393773557,,-0.012645586393773556,-0.014781522564589977
140.994413,POS,,,,,,,,,,,,,,,,40.916599990294806,40.90350056377535,,,,,37.4275093,-122.1692373,,,1.0352759994427174,,,,0.1095297709107399,,,,,,
141.094373,ATT,3,,0.07,0.17,90.22,0.0,0.0,0.03,,0.11,,,,90.21,,,,,,,,,,,,,,,,,,,,,,
141.094373,XKF1,,,,,,,,,,,,,,,,40.91512322792356,40.90187072753906,,,0.019712019771099563,,,,,,1.0412875413894653,-0.013232416022914388,,,,,,-0.012856293469667436,,-0.012856293469667435,-0.014942537993192673
141.094373,POS,,,,,,,,,,,,,,,,40.916599990294806,40.90350056377535,,,,,37.4275093,-122.1692373,,,1.0352759994427174,,,,0.1058591976761818,,,,,,
141.119363,EV,,,,,,,,,,,,,,,,,,,,,17,,,,LAND_COMPLETE_MAYBE,,,,,,,,,,,
141.194333,ATT,3,,0.03,0.13,90.22,0.0,0.0,0.03,,0.11,,,,90.21,,,,,,,,,,,,,,,,,,,,,,
141.194333,XKF1,,,,,,,,,,,,,,,,40.91536094919462,40.902095794677734,,,0.019393859584484884,,,,,,1.0417875051498413,-0.013079154225796226,,,,,,-0.012710302136838438,,-0.012710302136838436,-0.014648208394646645
141.194333,POS,,,,,,,,,,,,,,,,40.916599990294806,40.90350056377535,,,,,37.4275093,-122.1692373,,,1.0352759994427174,,,,0.10388826578855515,,,,,,
141.294293,ATT,3,,-0.05,0.02,90.22,0.0,0.0,0.03,,0.11,,,,90.21,,,,,,,,,,,,,,,,,,,,,,
141.294293,XKF1,,,,,,,,,,,,,,,,40.9151134367807,40.901851654052734,,,0.019675990045747282,,,,,,1.041651964187622,-0.01328959927225319,,,,,,-0.012915891595184805,,-0.012915891595184803,-0.014843326061964035
141.294293,POS,,,,,,,,,,,,,,,,40.916599990294806,40.90350056377535,,,,,37.4275093,-122.1692373,,,1.0352759994427174,,,,0.10248088836669922,,,,,,
141.394253,ATT,3,,-0.09,-0.03,90.22,0.0,0.0,0.03,,0.11,,,,90.21,,,,,,,,,,,,,,,,,,,,,,
141.394253,XKF1,,,,,,,,,,,,,,,,40.91538258106017,40.90210723876953,,,0.01950511330009272,,,,,,1.0421876907348633,-0.013189056259328518,,,,,,-0.012818746268749239,,-0.012818746268749237,-0.01470133289694786
141.394253,POS,,,,,,,,,,,,,,,,40.916599990294806,40.90350056377535,,,,,37.4275093,-122.1692373,,,1.0352759994427174,,,,0.10108441114425659,,,,,,
141.494213,ATT,3,,-0.11,-0.05,90.22,0.0,0.0,0.03,,0.11,,,,90.21,,,,,,,,,,,,,,,,,,,,,,
141.494213,XKF1,,,,,,,,,,,,,,,,40.9151583762351,40.901885986328125,,,0.01982656831449954,,,,,,1.0420689582824707,-0.013402395420698297,,,,,,-0.013025931082665922,,-0.01302593108266592,-0.014947171323001385
141.494213,POS,,,,,,,,,,,,,,,,40.916599990294806,40.90350056377535,,,,,37.4275093,-122.1692373,,,1.0352759994427174,,,,0.09943694621324539,,,,,,
141.594173,ATT,3,,-0.12,-0.05,90.22,0.0,0.0,0.03,,0.11,,,,90.21,,,,,,,,,,,,,,,,,,,,,,
141.594173,XKF1,,,,,,,,,,,,,,,,40.915442582278914,40.902156829833984,,,0.01956036847366544,,,,,,1.0425969362258911,-0.013223068294287819,,,,,,-0.012851485051214697,,-0.012851485051214695,-0.014746095985174179
141.594173,POS,,,,,,,,,,,,,,,,40.916599990294806,40.90350056377535,,,,,37.4275093,-122.1692373,,,1.0352759994427174,,,,0.09766241163015366,,,,,,
141.694966,ATT,3,,-0.12,-0.05,90.22,0.0,0.0,0.03,,0.11,,,,90.21,,,,,,,,,,,,,,,,,,,,,,
141.694966,XKF1,,,,,,,,,,,,,,,,40.91535578708511,40.902069091796875,,,0.01971181464975397,,,,,,1.042632818222046,-0.01332313266297537,,,,,,-0.012948605231940748,,-0.012948605231940746,-0.014862343668937683
141.694966,POS,,,,,,,,,,,,,,,,40.916599990294806,40.90350056377535,,,,,37.4275093,-122.1692373,,,1.0352759994427174,,,,0.09576021134853363,,,,,,
141.794926,ATT,3,,-0.12,-0.06,90.22,0.0,0.0,0.03,,0.11,,,,90.21,,,,,,,,,,,,,,,,,,,,,,
141.794926,XKF1,,,,,,,,,,,,,,,,40.91560389816524,40.902305603027344,,,0.01947730416038828,,,,,,1.0430909395217896,-0.013184210464463789,,,,,,-0.012814428657293321,,-0.01281442865729332,-0.01466818992048502
141.794926,POS,,,,,,,,,,,,,,,,40.916599990294806,40.90350056377535,,,,,37.4275093,-122.1692373,,,1.0352759994427174,,,,0.09395579248666763,,,,,,
141.89488599999999,ATT,3,,-0.13,-0.06,90.22,0.0,0.0,0.03,,0.11,,,,90.21,,,,,,,,,,,,,,,,,,,,,,
141.89488599999999,XKF1,,,,,,,,,,,,,,,,40.915481350886346,40.902183532714844,,,0.019710520611733607,,,,,,1.043070673942566,-0.013325402588472429,,,,,,-0.012950814329087736,,-0.012950814329087734,-0.014858702197670937
141.89488599999999,POS,,,,,,,,,,,,,,,,40.916599990294806,40.90350056377535,,,,,37.4275093,-122.1692373,,,1.0352759994427174,,,,0.09215472638607025,,,,,,
141.922375,EV,,,,,,,,,,,,,,,,,,,,,18,,,,LAND_COMPLETE,,,,,,,,,,,
141.994846,ATT,3,,-0.08,-0.04,90.22,0.0,0.0,0.03,,0.11,,,,90.21,,,,,,,,,,,,,,,,,,,,,,
141.994846,XKF1,,,,,,,,,,,,,,,,40.91568956581617,40.902381896972656,,,0.019588306676062157,,,,,,1.0434595346450806,-0.013235613985927434,,,,,,-0.012863044627010824,,-0.012863044627010822,-0.014773078262805939
141.994846,POS,,,,,,,,,,,,,,,,40.916599990294806,40.90350056377535,,,,,37.4275093,-122.1692373,,,1.0352759994427174,,,,0.09047524631023407,,,,,,
142.094806,ATT,3,,-0.04,-0.02,90.22,0.0,0.0,0.03,,0.11,,,,90.21,,,,,,,,,,,,,,,,,,,,,,
142.094806,XKF1,,,,,,,,,,,,,,,,40.915542936828736,40.90223693847656,,,0.01982082570893126,,,,,,1.0433921813964844,-0.013412027270004245,,,,,,-0.013035504147410394,,-0.013035504147410393,-0.014931201003491879
142.094806,POS,,,,,,,,,,,,,,,,40.916599990294806,40.90350056377535,,,,,37.4275093,-122.1692373,,,1.0352759994427174,,,,0.08873028308153152,,,,,,
142.194766,ATT,3,,-0.02,-0.01,90.22,0.0,0.0,0.03,,0.11,,,,90.22,,,,,,,,,,,,,,,,,,,,,,
142.194766,XKF1,,,,,,,,,,,,,,,,40.915739045361164,40.90242385864258,,,0.019676940363025967,,,,,,1.0437548160552979,-0.013301771789911569,,,,,,-0.012927554547786714,,-0.012927554547786713,-0.014834430068731308
142.194766,POS,,,,,,,,,,,,,,,,40.916599990294806,40.90350056377535,,,,,37.4275093,-122.1692373,,,1.0352759994427174,,,,0.08705610781908035,,,,,,
142.294726,ATT,3,,-0.01,0.0,90.22,0.0,0.0,0.03,,0.11,,,,90.22,,,,,,,,,,,,,,,,,,,,,,
142.294726,XKF1,,,,,,,,,,,,,,,,40.91558009676353,40.90226745605469,,,0.019932711979855137,,,,,,1.0436530113220215,-0.013439490233132354,,,,,,-0.013059634715318682,,-0.01305963471531868,-0.015058517456054688
142.294726,POS,,,,,,,,,,,,,,,,40.916599990294806,40.90350056377535,,,,,37.4275093,-122.1692373,,,1.0352759994427174,,,,0.08534422516822815,,,,,,
142.394686,ATT,3,,0.0,0.0,90.22,0.0,0.0,0.03,,0.11,,,,90.22,,,,,,,,,,,,,,,,,,,,,,
142.394686,XKF1,,,,,,,,,,,,,,,,40.91576760730985,40.90244674682617,,,0.019823184527926516,,,,,,1.0439774990081787,-0.01333343955987263,,,,,,-0.012954816222190859,,-0.012954816222190857,-0.015004378743469715
142.394686,POS,,,,,,,,,,,,,,,,40.916599990294806,40.90350056377535,,,,,37.4275093,-122.1692373,,,1.0352759994427174,,,,0.08375415205955505,,,,,,
142.429672,EV,,,,,,,,,,,,,,,,,,,,,11,,,,DISARMED,,,,,,,,,,,
142.429672,MSG,,,,,,,,,,,,,,,,,,,,,,,,,,,,,,,,,,Disarming motors,,
142.432171,EV,,,,,,,,,,,,,,,,,,,,,56,,,,MOTORS_INTERLOCK_DISABLED,,,,,,,,,,,
142.494646,ATT,3,,0.0,0.0,90.22,0.0,0.0,0.03,,0.11,,,,90.22,,,,,,,,,,,,,,,,,,,,,,
142.494646,XKF1,,,,,,,,,,,,,,,,40.91558486200984,40.90226745605469,,,0.020075855209456935,,,,,,1.0438398122787476,-0.013475968946928771,,,,,,-0.013091943226754667,,-0.013091943226754665,-0.01521975640207529
142.494646,POS,,,,,,,,,,,,,,,,40.916599990294806,40.90350056377535,,,,,37.4275093,-122.1692373,,,1.0352759994427174,,,,0.08124890923500061,,,,,,
142.594606,ATT,3,,0.0,0.0,90.22,0.0,0.0,0.03,,0.11,,,,90.22,,,,,,,,,,,,,,,,,,,,,,
142.594606,XKF1,,,,,,,,,,,,,,,,40.91573346675792,40.902408599853516,,,0.02000275071859134,,,,,,1.0441340208053589,-0.013466413320716554,,,,,,-0.013084581121802332,,-0.01308458112180233,-0.015129566192626953
142.594606,POS,,,,,,,,,,,,,,,,40.916599990294806,40.90350056377535,,,,,37.4275093,-122.1692373,,,1.0352759994427174,,,,0.07797466963529587,,,,,,
142.694566,ATT,3,,0.0,0.0,90.22,0.0,0.0,0.03,,0.11,,,,90.22,,,,,,,,,,,,,,,,,,,,,,
142.694566,XKF1,,,,,,,,,,,,,,,,40.91550051639599,40.90217971801758,,,0.020292305024125483,,,,,,1.0439716577529907,-0.013666308541584347,,,,,,-0.01327912136912346,,-0.013279121369123459,-0.015344138257205486
142.694566,POS,,,,,,,,,,,,,,,,40.916599990294806,40.90350056377535,,,,,37.4275093,-122.1692373,,,1.0352759994427174,,,,0.07418490946292877,,,,,,
