time_s,type,A,ADes,AEKF,AOut,AOutSlew,DesPitch,DesRoll,DesYaw,ErrRP,ErrYaw,P,PDes,POut,Pitch,R,RDes,ROut,Roll,Y,YDes,YOut,Yaw,distance_m,east_m,ecode,ecode_name,ground_speed_m_s,id,lat,lon,mode,name,north_m,radial_speed_m_s,reason,reason_name,rel_alt_m,subsys,subsys_name,target_bearing_speed_m_s,text,ve_m_s,vn_m_s
0.0,MSG,,,,,,,,,,,,,,,,,,,,,,,,,,,,,,,,,,,,,,,,,ArduCopter V4.4.1 (e010f979),,
0.0,MSG,,,,,,,,,,,,,,,,,,,,,,,,,,,,,,,,,,,,,,,,,5dbfb12414a3456d9014d88183e338b1,,
0.0,MSG,,,,,,,,,,,,,,,,,,,,,,,,,,,,,,,,,,,,,,,,,Param space used: 293/4096,,
0.0,MSG,,,,,,,,,,,,,,,,,,,,,,,,,,,,,,,,,,,,,,,,,RC Protocol: SITL,,
0.0,MSG,,,,,,,,,,,,,,,,,,,,,,,,,,,,,,,,,,,,,,,,,New mission,,
0.0,MSG,,,,,,,,,,,,,,,,,,,,,,,,,,,,,,,,,,,,,,,,,New rally,,
0.0,MSG,,,,,,,,,,,,,,,,,,,,,,,,,,,,,,,,,,,,,,,,,New fence,,
0.0,MSG,,,,,,,,,,,,,,,,,,,,,,,,,,,,,,,,,,,,,,,,,Frame: QUAD/PLUS,,
0.0,MODE,,,,,,,,,,,,,,,,,,,,,,,,,,,,,,,STABILIZE,,,,26,INITIALISED,,,,,,,
0.09496199999999977,ERR,,,,,,,,,,,,,,,,,,,,,,,,,0,0,,,,,,,,,,,,3,COMPASS,,,,
0.09496199999999977,ATT,,,0,,,0.0,0.0,0.0,1.0,1.0,,,,0.0,,,,0.0,,,,0.0,,,,,,,,,,,,,,,,,,,,,
0.09496199999999977,RATE,1.1540412902832031,0.0,,0.0,0.0,,,,,,0.0038819927722215652,0.0,-1.2379747204249725e-05,,0.0018208060646429658,0.0,-1.1547645954124164e-05,,0.00024160041357390583,-7.003514497228025e-07,-2.031231588262017e-06,,,,,,,,,,,,,,,,,,,,,,
0.19492200000000004,ATT,,,0,,,0.0,0.0,347.08,1.0,0.8,,,,0.0,,,,0.0,,,,347.09,,,,,,,,,,,,,,,,,,,,,
0.19492200000000004,RATE,1.1296272277832031,0.0,,0.0,0.0,,,,,,0.0021978667937219143,0.0,-1.019256524159573e-05,,0.001935172127559781,0.0,-8.37705738376826e-06,,0.0011424095137044787,1.4273683746068855e-06,-1.3672661225427873e-06,,,,,,,,,,,,,,,,,,,,,,
0.29488199999999987,MSG,,,,,,,,,,,,,,,,,,,,,,,,,,,,,,,,,,,,,,,,,RC7: SaveWaypoint LOW,,
0.29488199999999987,ATT,,,0,,,0.0,0.0,347.08,0.8,0.64,,,,0.0,,,,0.0,,,,347.09,,,,,,,,,,,,,,,,,,,,,
0.29488199999999987,RATE,1.0438919067382812,0.0,,0.0,0.0,,,,,,-0.0016760026337578893,0.0,7.494335022784071e-06,,0.003223297419026494,0.0,-1.7057163859135471e-06,,-0.004959878046065569,1.6198213415918872e-05,2.6364142513557454e-07,,,,,,,,,,,,,,,,,,,,,,
0.3948419999999997,ATT,,,0,,,0.0,0.0,347.08,0.8,0.51,,,,0.0,,,,0.0,,,,347.09,,,,,,,,,,,,,,,,,,,,,
0.3948419999999997,RATE,1.1254310607910156,0.0,,0.0,0.0,,,,,,0.0065749213099479675,0.0,-2.0730725736939348e-05,,0.005883106030523777,0.0,-2.477514135534875e-05,,-0.0006966950604692101,4.819748028239701e-06,1.7401182503817836e-06,,,,,,,,,,,,,,,,,,,,,,
0.49480199999999996,ATT,,,0,,,0.0,0.0,347.08,0.64,0.4,,,,0.0,,,,0.0,,,,347.09,,,,,,,,,,,,,,,,,,,,,
0.49480199999999996,RATE,1.0466575622558594,0.0,,0.0,0.0,,,,,,0.002714896807447076,0.0,-1.5849895135033876e-05,,0.0016563256504014134,0.0,-1.6134433735714993e-06,,-0.0006255573243834078,4.057744718011236e-06,2.6913708097708877e-06,,,,,,,,,,,,,,,,,,,,,,
0.5947619999999998,ATT,,,0,,,0.0,0.0,347.08,0.64,0.32,,,,0.0,,,,0.0,,,,347.09,,,,,,,,,,,,,,,,,,,,,
0.5947619999999998,RATE,1.0894775390625,0.0,,0.0,0.0,,,,,,0.003944241441786289,0.0,-2.9051690944470465e-05,,-0.0016185750719159842,0.0,4.735696165880654e-06,,-0.0016400901367887855,-8.962910214904696e-06,1.4848080809315434e-06,,,,,,,,,,,,,,,,,,,,,,
0.6947220000000001,ATT,,,0,,,0.0,0.0,347.08,0.51,0.26,,,,0.0,,,,0.0,,,,347.09,,,,,,,,,,,,,,,,,,,,,
0.6947220000000001,RATE,1.0874748229980469,0.0,,0.0,0.0,,,,,,0.0008949597831815481,0.0,-1.5492702232222655e-06,,0.0021178657189011574,0.0,-1.0507194019737653e-05,,0.0014877247158437967,3.2076784464152297e-06,3.480317047888093e-07,,,,,,,,,,,,,,,,,,,,,,
0.7946819999999999,ATT,,,0,,,0.0,0.0,347.08,0.51,0.2,,,,0.0,,,,0.0,,,,347.09,,,,,,,,,,,,,,,,,,,,,
0.7946819999999999,RATE,1.0762214660644531,0.0,,0.0,0.0,,,,,,0.0039234827272593975,0.0,-1.889493432827294e-05,,-2.9698972866754048e-05,0.0,1.0945145731966477e-05,,0.00018289861327502877,1.0034992556029465e-05,-2.578819476184435e-06,,,,,,,,,,,,,,,,,,,,,,
0.8946419999999997,ATT,,,0,,,0.0,0.0,347.08,0.4,0.16,,,,0.0,,,,0.0,,,,347.09,,,,,,,,,,,,,,,,,,,,,
0.8946419999999997,RATE,1.0016441345214844,0.0,,0.0,0.0,,,,,,-0.0025596674531698227,0.0,1.5518924556090496e-05,,0.003049449762329459,0.0,-1.867042556114029e-05,,0.0008914159843698144,1.6482837963849306e-05,-1.991614453800139e-06,,,,,,,,,,,,,,,,,,,,,,
0.994602,ATT,,,0,,,0.0,0.0,347.08,0.4,0.13,,,,0.0,,,,0.0,,,,347.09,,,,,,,,,,,,,,,,,,,,,
0.994602,RATE,1.1439323425292969,0.0,,0.0,0.0,,,,,,-0.0019102520309388638,0.0,2.70000555246952e-06,,-0.0009767350275069475,0.0,2.2547528715222143e-06,,0.000752422958612442,-1.8031432773568667e-05,-4.659837941289879e-06,,,,,,,,,,,,,,,,,,,,,,
1.0945619999999998,ATT,,,0,,,0.0,0.0,347.08,0.32,0.1,,,,0.0,,,,0.0,,,,347.09,,,,,,,,,,,,,,,,,,,,,
1.0945619999999998,RATE,1.1157989501953125,0.0,,0.0,0.0,,,,,,-0.0003711311728693545,0.0,1.4722917512699496e-05,,0.0017546562012284994,0.0,-1.0692439900594763e-05,,0.0018365506548434496,9.181884706777055e-06,-2.0153261175437365e-06,,,,,,,,,,,,,,,,,,,,,,
1.0945619999999998,XKF1,,,,,,,,,,,,,,,,,,,,,,,0.0,0.0,,,0.0,,,,,,0.0,,,,,,,0.0,,0.0,0.0
1.194522,ATT,,,0,,,0.0,0.0,347.08,0.32,0.08,,,,0.0,,,,0.0,,,,347.09,,,,,,,,,,,,,,,,,,,,,
1.194522,RATE,0.9763717651367188,0.0,,0.0,0.0,,,,,,0.0038257883861660957,0.0,-1.5946756320772693e-05,,0.0011617869604378939,0.0,9.232698175765108e-06,,0.003950432874262333,7.177868610597216e-06,-3.7855720620427746e-06,,,,,,,,,,,,,,,,,,,,,,
1.194522,XKF1,,,,,,,,,,,,,,,,,,,,,,,0.0,0.0,,,0.0,,,,,,0.0,,,,,,,0.0,,0.0,0.0
1.294482,ATT,,,0,,,0.0,0.0,347.08,0.26,0.06,,,,0.0,,,,0.0,,,,347.09,,,,,,,,,,,,,,,,,,,,,
1.294482,RATE,1.1196136474609375,0.0,,0.0,0.0,,,,,,0.003920875024050474,0.0,1.6501244317623787e-06,,0.0014770652633160353,0.0,-1.3377642062550876e-05,,-0.0006422371370717883,-1.3720727110921871e-05,-5.652379059029045e-06,,,,,,,,,,,,,,,,,,,,,,
1.294482,XKF1,,,,,,,,,,,,,,,,,,,,,,,0.0,0.0,,,0.0,,,,,,0.0,,,,,,,0.0,,0.0,0.0
1.3944419999999997,ATT,,,0,,,0.0,0.0,347.08,0.26,0.05,,,,0.0,,,,0.0,,,,347.09,,,,,,,,,,,,,,,,,,,,,
1.3944419999999997,RATE,1.0667800903320312,0.0,,0.0,0.0,,,,,,0.0005877367802895606,0.0,4.659119667849154e-07,,0.002979339100420475,0.0,5.012515885027824e-06,,0.00042108961497433484,3.5373192076804116e-05,-2.876979579014005e-06,,,,,,,,,,,,,,,,,,,,,,
1.3944419999999997,XKF1,,,,,,,,,,,,,,,,,,,,,,,0.0,0.0,,,0.0,,,,,,0.0,,,,,,,0.0,,0.0,0.0
1.494402,ATT,,,0,,,0.0,0.0,347.08,0.2,0.04,,,,0.0,,,,0.0,,,,347.09,,,,,,,,,,,,,,,,,,,,,
1.494402,RATE,1.0015487670898438,0.0,,0.0,0.0,,,,,,-0.0007935634348541498,0.0,1.464950582885649e-05,,-0.0003360386472195387,0.0,2.5300292691099457e-05,,-0.0011315109441056848,4.847206582780927e-06,-3.5526554711395875e-06,,,,,,,,,,,,,,,,,,,,,,
1.494402,XKF1,,,,,,,,,,,,,,,,,,,,,,,0.0,0.0,,,0.0,,,,,,0.0,,,,,,,0.0,,0.0,0.0
1.5943619999999998,ATT,,,0,,,0.0,0.0,347.08,0.2,0.03,,,,0.0,,,,0.0,,,,347.09,,,,,,,,,,,,,,,,,,,,,
1.5943619999999998,RATE,1.0366439819335938,0.0,,0.0,0.0,,,,,,0.003608959261327982,0.0,-1.3459679394145496e-05,,0.0033982465974986553,0.0,-2.0268656953703612e-05,,0.0039135669358074665,7.713562808930874e-06,-3.2138707410922507e-06,,,,,,,,,,,,,,,,,,,,,,
1.5943619999999998,XKF1,,,,,,,,,,,,,,,,,,,,,,,0.0,0.0,,,0.0,,,,,,0.0,,,,,,,0.0,,0.0,0.0
1.694322,ATT,,,0,,,0.0,0.0,347.08,0.16,0.02,,,,0.0,,,,0.0,,,,347.09,,,,,,,,,,,,,,,,,,,,,
1.694322,RATE,1.0412216186523438,0.0,,0.0,0.0,,,,,,0.0016913736471906304,0.0,-8.493453606206458e-06,,0.0029652363155037165,0.0,-2.1098763681948185e-05,,0.006863186601549387,1.235694708157098e-05,-5.166640221432317e-06,,,,,,,,,,,,,,,,,,,,,,
1.694322,XKF1,,,,,,,,,,,,,,,,,,,,,,,0.0,0.0,,,0.0,,,,,,0.0,,,,,,,0.0,,0.0,0.0
1.794282,ATT,,,0,,,0.0,0.0,347.08,0.16,0.02,,,,0.0,,,,0.0,,,,347.09,,,,,,,,,,,,,,,,,,,,,
1.794282,RATE,1.0775566101074219,0.0,,0.0,0.0,,,,,,-0.0006636145990341902,0.0,4.1039875213755295e-06,,0.002848295960575342,0.0,-2.829914228641428e-05,,-0.004106717184185982,3.18775673804339e-05,-1.999236019400996e-06,,,,,,,,,,,,,,,,,,,,,,
1.794282,XKF1,,,,,,,,,,,,,,,,,,,,,,,0.0,0.0,,,0.0,,,,,,0.0,,,,,,,0.0,,0.0,0.0
1.8942420000000002,ATT,,,0,,,0.0,0.0,347.08,0.13,0.01,,,,0.0,,,,0.0,,,,347.09,,,,,,,,,,,,,,,,,,,,,
1.8942420000000002,RATE,1.0098457336425781,0.0,,0.0,0.0,,,,,,0.005294367671012878,0.0,-2.4206303351093084e-05,,0.0024767883587628603,0.0,-1.4487371117866132e-05,,0.0051222797483205795,-6.220378054422326e-06,-3.934066626243293e-06,,,,,,,,,,,,,,,,,,,,,,
1.8942420000000002,XKF1,,,,,,,,,,,,,,,,,,,,,,,0.0,0.0,,,0.0,,,,,,0.0,,,,,,,0.0,,0.0,0.0
1.9942019999999996,ATT,,,0,,,0.0,0.0,347.08,0.13,0.01,,,,0.0,,,,0.0,,,,347.09,,,,,,,,,,,,,,,,,,,,,
1.9942019999999996,RATE,1.0519027709960938,0.0,,0.0,0.0,,,,,,0.0007748252828605473,0.0,2.0246421627234668e-05,,0.004302642308175564,0.0,-4.089077265234664e-05,,0.0031162204686552286,-1.7166688849101774e-05,-4.05909077016986e-06,,,,,,,,,,,,,,,,,,,,,,
1.9942019999999996,XKF1,,,,,,,,,,,,,,,,,,,,,,,0.0,0.0,,,0.0,,,,,,0.0,,,,,,,0.0,,0.0,0.0
2.0016989999999995,MSG,,,,,,,,,,,,,,,,,,,,,,,,,,,,,,,,,,,,,,,,,EKF3 IMU0 initialised,,
2.0016989999999995,MSG,,,,,,,,,,,,,,,,,,,,,,,,,,,,,,,,,,,,,,,,,EKF3 IMU1 initialised,,
2.0041979999999997,MSG,,,,,,,,,,,,,,,,,,,,,,,,,,,,,,,,,,,,,,,,,AHRS: EKF3 active,,
2.094995,ATT,,,3,,,0.0,0.0,0.0,0.1,0.01,,,,0.0,,,,0.0,,,,0.0,,,,,,,,,,,,,,,,,,,,,
2.094995,RATE,1.0029792785644531,0.0,,0.0,0.0,,,,,,0.0010116026969626546,0.0,-7.31138698029099e-07,,0.003588390536606312,0.0,-1.225131290993886e-05,,-0.0027597539592534304,-1.0497797120478936e-06,-2.179249804612482e-06,,,,,,,,,,,,,,,,,,,,,,
2.094995,XKF1,,,,,,,,,,,,,,,,,,,,,,,0.0,0.0,,,7.803341444357705e-05,,,,,,0.0,,,,,,,-5.871184839634225e-05,,-5.871184839634225e-05,5.140167922945693e-05
2.194955,ATT,,,3,,,0.0,0.0,0.0,0.1,0.0,,,,0.0,,,,0.0,,,,0.0,,,,,,,,,,,,,,,,,,,,,
2.194955,RATE,1.0894775390625,0.0,,0.0,0.0,,,,,,0.0021550802048295736,0.0,-9.152464372164104e-06,,0.0020740358158946037,0.0,5.557427812163951e-06,,0.002517217304557562,-1.0446794931340264e-06,-2.8034262413711986e-06,,,,,,,,,,,,,,,,,,,,,,
2.194955,XKF1,,,,,,,,,,,,,,,,,,,,,,,0.0,0.0,,,9.229844427604841e-05,,,,,,0.0,,,,,,,-7.745997572783381e-05,,-7.745997572783381e-05,5.018919182475656e-05
2.2949149999999996,ATT,,,3,,,0.0,0.0,0.0,0.08,0.0,,,,0.0,,,,0.0,,,,0.0,,,,,,,,,,,,,,,,,,,,,
2.2949149999999996,RATE,1.1555671691894531,0.0,,0.0,0.0,,,,,,0.0027703435625880957,0.0,-1.1373989764251746e-05,,0.00072068179724738,0.0,-1.1290577276668046e-05,,0.002681940793991089,2.6497102226130664e-05,-3.5271059459773824e-06,,,,,,,,,,,,,,,,,,,,,,
2.2949149999999996,XKF1,,,,,,,,,,,,,,,,,,,,,,,0.0,0.0,,,0.00010359111817109924,,,,,,0.0,,,,,,,-0.0001017536997096613,,-0.0001017536997096613,1.9424323909333907e-05
2.394875,ATT,,,3,,,0.0,0.0,0.0,0.08,0.0,,,,0.0,,,,0.0,,,,0.0,,,,,,,,,,,,,,,,,,,,,
2.394875,RATE,1.12457275390625,0.0,,0.0,0.0,,,,,,0.00010692251817090437,0.0,1.1199452956134337e-06,,0.0024849707260727882,0.0,-3.971613296016585e-07,,0.005641879513859749,-9.525224982098734e-07,-3.318519929962349e-06,,,,,,,,,,,,,,,,,,,,,,
2.394875,XKF1,,,,,,,,,,,,,,,,,,,,,,,0.0,0.0,,,0.0001443900038931119,,,,,,0.0,,,,,,,-0.00013812283577863127,,-0.00013812283577863127,-4.207796882838011e-05
2.494835,ATT,,,3,,,0.0,0.0,0.0,0.06,0.0,,,,0.0,,,,0.0,,,,0.0,,,,,,,,,,,,,,,,,,,,,
2.494835,RATE,1.0046005249023438,0.0,,0.0,0.0,,,,,,0.0034579031635075808,0.0,-5.5270584198297e-07,,0.0026179414708167315,0.0,-8.091556082945317e-06,,0.004466774873435497,-8.563791311644309e-07,-6.311125616775826e-06,,,,,,,,,,,,,,,,,,,,,,
2.494835,XKF1,,,,,,,,,,,,,,,,,,,,,,,0.0,0.0,,,0.00017163558372817878,,,,,,0.0,,,,,,,-0.0001577213261043653,,-0.0001577213261043653,-6.769606261514127e-05
2.5947949999999995,ATT,,,3,,,0.0,0.0,0.0,0.06,0.0,,,,0.0,,,,0.0,,,,0.0,,,,,,,,,,,,,,,,,,,,,
2.5947949999999995,RATE,0.9959220886230469,0.0,,0.0,0.0,,,,,,0.004032441880553961,0.0,-2.0191648218315095e-05,,0.003400856629014015,0.0,-9.32698640099261e-06,,0.00255927094258368,-7.949412292873603e-07,-4.873358193435706e-06,,,,,,,,,,,,,,,,,,,,,,
2.5947949999999995,XKF1,,,,,,,,,,,,,,,,,,,,,,,0.0,0.0,,,0.0001930018433188232,,,,,,0.0,,,,,,,-0.00016953008889686316,,-0.00016953008889686316,-9.224565292242914e-05
2.694755,ATT,,,3,,,0.0,0.0,0.0,0.05,0.0,,,,0.0,,,,0.0,,,,0.0,,,,,,,,,,,,,,,,,,,,,
2.694755,RATE,0.9955406188964844,0.0,,0.0,0.0,,,,,,0.0038794090505689383,0.0,-9.589291948941536e-06,,0.003991781733930111,0.0,-6.27929694019258e-07,,0.0004443823709152639,-7.70553640450089e-07,-2.757506763373385e-06,,,,,,,,,,,,,,,,,,,,,,
2.694755,XKF1,,,,,,,,,,,,,,,,,,,,,,,0.0,0.0,,,0.0002669866981359791,,,,,,0.0,,,,,,,-0.0002269250835524872,,-0.0002269250835524872,-0.00014066592848394066
2.794715,ATT,,,3,,,0.0,0.0,0.0,0.05,0.0,,,,0.0,,,,0.0,,,,0.0,,,,,,,,,,,,,,,,,,,,,
2.794715,RATE,1.1292457580566406,0.0,,0.0,0.0,,,,,,0.005198067054152489,0.0,-1.539878940093331e-05,,0.005930236540734768,0.0,-4.951411028741859e-06,,0.005916334688663483,-7.250614544318523e-07,-4.662323590309825e-06,,,,,,,,,,,,,,,,,,,,,,
2.794715,XKF1,,,,,,,,,,,,,,,,,,,,,,,0.0,0.0,,,0.0002905381692743594,,,,,,0.0,,,,,,,-0.00023964641150087118,,-0.00023964641150087118,-0.0001642620627535507
2.8946749999999994,ATT,,,3,,,0.0,0.0,0.0,0.04,0.0,,,,0.0,,,,0.0,,,,0.0,,,,,,,,,,,,,,,,,,,,,
2.8946749999999994,RATE,1.1292457580566406,0.0,,0.0,0.0,,,,,,0.001362752402201295,0.0,-4.703454123955453e-06,,0.006296384148299694,0.0,-1.85628050530795e-05,,0.003661317517980933,-6.931699658707657e-07,-3.108481223534909e-06,,,,,,,,,,,,,,,,,,,,,,
2.8946749999999994,XKF1,,,,,,,,,,,,,,,,,,,,,,,0.0,0.0,,,0.0003828271273056083,,,,,,0.0,,,,,,,-0.00032119135721586645,,-0.00032119135721586645,-0.00020830919675063342
2.9946349999999997,ATT,,,3,,,0.0,0.0,0.0,0.04,0.0,,,,0.0,,,,0.0,,,,0.0,,,,,,,,,,,,,,,,,,,,,
2.9946349999999997,RATE,1.1124610900878906,0.0,,0.0,0.0,,,,,,0.003084893338382244,0.0,-1.0552260391705204e-05,,-0.0002967352920677513,0.0,1.8885666577261873e-06,,0.005844283849000931,-6.406428951777343e-07,-5.916919235460227e-06,,,,,,,,,,,,,,,,,,,,,,
2.9946349999999997,XKF1,,,,,,,,,,,,,,,,,,,,,,,0.0,0.0,,,0.0004329106620257365,,,,,,0.0,,,,,,,-0.00036829482996836305,,-0.00036829482996836305,-0.000227531447308138
3.094595,ATT,,,3,,,0.0,0.0,0.0,0.03,0.0,,,,0.0,,,,0.0,,,,0.0,,,,,,,,,,,,,,,,,,,,,
3.094595,RATE,1.0278701782226562,0.0,,0.0,0.0,,,,,,0.006437516771256924,0.0,-2.4075259716482833e-05,,-2.2555697796633467e-05,0.0,5.014966973249102e-06,,0.004305631387978792,-1.547391730127856e-05,-8.323078873218037e-06,,,,,,,,,,,,,,,,,,,,,,
3.094595,XKF1,,,,,,,,,,,,,,,,,,,,,,,0.0,0.0,,,0.0004559304076910646,,,,,,0.0,,,,,,,-0.0003810269117821008,,-0.0003810269117821008,-0.0002503817668184638
3.1945550000000003,ATT,,,3,,,0.0,0.0,0.0,0.03,0.0,,,,0.0,,,,0.0,,,,0.0,,,,,,,,,,,,,,,,,,,,,
3.1945550000000003,RATE,1.1644363403320312,0.0,,0.0,0.0,,,,,,0.003951172810047865,0.0,-1.4680492313345894e-05,,0.00539237167686224,0.0,-8.937106031225994e-06,,0.004375260788947344,-5.32774777184386e-07,-6.407933597074589e-06,,,,,,,,,,,,,,,,,,,,,,
3.1945550000000003,XKF1,,,,,,,,,,,,,,,,,,,,,,,0.0,0.0,,,0.0004517120883349466,,,,,,0.0,,,,,,,-0.00037649497971870005,,-0.00037649497971870005,-0.00024959034635685384
3.2945149999999996,ATT,,,3,,,0.0,0.0,0.0,0.02,0.0,,,,0.0,,,,0.0,,,,0.0,,,,,,,,,,,,,,,,,,,,,
3.2945149999999996,RATE,1.0387420654296875,0.0,,0.0,0.0,,,,,,0.0030539382714778185,0.0,1.5201358110061847e-06,,0.003198607824742794,0.0,-1.763132786436472e-05,,0.002807594370096922,-5.252708774605708e-07,-4.80960579807288e-06,,,,,,,,,,,,,,,,,,,,,,
3.2945149999999996,XKF1,,,,,,,,,,,,,,,,,,,,,,,0.0,0.0,,,0.000449382126231936,,,,,,0.0,,,,,,,-0.00033523188903927803,,-0.00033523188903927803,-0.0002992722438648343
3.3469939999999996,MSG,,,,,,,,,,,,,,,,,,,,,,,,,,,,,,,,,,,,,,,,,EKF3 IMU1 tilt alignment complete,,
3.351992,MSG,,,,,,,,,,,,,,,,,,,,,,,,,,,,,,,,,,,,,,,,,EKF3 IMU0 tilt alignment complete,,
3.394475,ATT,,,3,,,0.0,0.0,0.0,0.02,0.0,,,,0.0,,,,0.0,,,,0.0,,,,,,,,,,,,,,,,,,,,,
3.394475,RATE,1.1069297790527344,0.0,,0.0,0.0,,,,,,-0.001082990667782724,0.0,1.4632265447289683e-05,,0.003213942050933838,0.0,-2.197986759711057e-06,,0.0005784048116765916,-5.252708774605708e-07,-3.494644715829054e-06,,,,,,,,,,,,,,,,,,,,,,
3.394475,XKF1,,,,,,,,,,,,,,,,,,,,,,,0.0,0.0,,,0.000413323176311576,,,,,,0.0,,,,,,,-0.00027968815993517637,,-0.00027968815993517637,-0.0003043198667000979
3.4369579999999997,MSG,,,,,,,,,,,,,,,,,,,,,,,,,,,,,,,,,,,,,,,,,EKF3 IMU0 MAG0 initial yaw alignment complete,,
3.4369579999999997,EV,,,,,,,,,,,,,,,,,,,,,,,,,,,,62,,,,EKF_YAW_RESET,,,,,,,,,,,
3.4444549999999996,MSG,,,,,,,,,,,,,,,,,,,,,,,,,,,,,,,,,,,,,,,,,EKF3 IMU1 MAG0 initial yaw alignment complete,,
3.494435,ATT,,,3,,,0.0,0.0,347.08,0.02,0.0,,,,0.0,,,,0.0,,,,347.09,,,,,,,,,,,,,,,,,,,,,
3.494435,RATE,1.0457038879394531,0.0,,0.0,0.0,,,,,,0.0005335465539246798,-0.0009431872749701142,-6.899266736581922e-06,,0.003249907633289695,0.0005130253848619759,-1.98405086848652e-06,,0.004138591233640909,4.5546389060291403e-07,-4.751605047204066e-06,,,,,,,,,,,,,,,,,,,,,,
3.494435,XKF1,,,,,,,,,,,,,,,,,,,,,,,0.0,0.0,,,0.0004258431278437922,,,,,,0.0,,,,,,,-0.00024397135712206366,,-0.00024397135712206364,-0.0003490277158562094
3.5943949999999996,ATT,,,3,,,0.0,0.0,347.08,0.02,0.0,,,,0.0,,,,0.0,,,,347.09,,,,,,,,,,,,,,,,,,,,,
3.5943949999999996,RATE,1.1755943298339844,0.0,,0.0,0.0,,,,,,0.004105621017515659,-0.000943187449593097,-1.0277673936798237e-05,,0.0006296653300523758,0.0005130256176926196,1.1343113328621257e-05,,0.00634668068960309,9.947877515514847e-06,-6.160592420201283e-06,,,,,,,,,,,,,,,,,,,,,,
3.5943949999999996,XKF1,,,,,,,,,,,,,,,,,,,,,,,0.0,0.0,,,0.00045037552008635916,,,,,,0.0,,,,,,,-0.00021240048226900401,,-0.000212400482269004,-0.00039714499143883586
3.694355,ATT,,,3,,,0.0,0.0,347.08,0.01,0.0,,,,0.0,,,,0.0,,,,347.09,,,,,,,,,,,,,,,,,,,,,
3.694355,RATE,1.161956787109375,0.0,,0.0,0.0,,,,,,0.008306369185447693,-0.0009431877988390625,-2.9792252462357283e-05,,0.002659144578501582,0.0005130256759002805,1.8386168449069373e-05,,0.0013720386195927858,-6.77772675317101e-07,-7.072643711580895e-06,,,,,,,,,,,,,,,,,,,,,,
3.694355,XKF1,,,,,,,,,,,,,,,,,,,,,,,0.0,0.0,,,0.0004322012854933695,,,,,,0.0,,,,,,,-0.0001605496363481507,,-0.00016054963634815067,-0.00040127517422661185
3.794315,ATT,,,3,,,0.0,0.0,347.08,0.01,0.0,,,,0.0,,,,0.0,,,,347.09,,,,,,,,,,,,,,,,,,,,,
3.794315,RATE,1.0863304138183594,0.0,,0.0,0.0,,,,,,0.004775279201567173,-0.0009431879734620452,-5.178720130061265e-06,,0.0035286659840494394,0.0005130257923156023,-5.9449116633913945e-06,,0.0045369151048362255,4.676426215155516e-06,-7.281210855580866e-06,,,,,,,,,,,,,,,,,,,,,,
3.794315,XKF1,,,,,,,,,,,,,,,,,,,,,,,0.0,0.0,,,0.00044545322307371397,,,,,,0.0,,,,,,,-7.309874490601945e-05,,-7.309874490601942e-05,-0.00043941455078311265
3.8942749999999995,ATT,,,3,,,0.0,0.0,347.08,0.01,0.0,,,,0.0,,,,0.0,,,,347.09,,,,,,,,,,,,,,,,,,,,,
3.8942749999999995,RATE,1.0720252990722656,0.0,,0.0,0.0,,,,,,0.0042565129697322845,-0.0009431878570467234,-1.5082107893249486e-05,,0.002221753355115652,0.0005130256176926196,4.802477633347735e-07,,0.005551776848733425,3.5901844057661947e-06,-8.598369277024176e-06,,,,,,,,,,,,,,,,,,,,,,
3.8942749999999995,XKF1,,,,,,,,,,,,,,,,,,,,,,,0.0,0.0,,,0.000533469491624015,,,,,,0.0,,,,,,,-4.921926301904026e-05,,-4.921926301904023e-05,-0.000531194091308862
3.9942349999999998,ATT,,,3,,,0.0,0.0,347.08,0.01,0.0,,,,0.0,,,,0.0,,,,347.09,,,,,,,,,,,,,,,,,,,,,
3.9942349999999998,RATE,1.0484695434570312,0.0,,0.0,0.0,,,,,,0.0038494830951094627,-0.000943188089877367,-4.283392627257854e-07,,0.0024782761465758085,0.0005130256176926196,-6.589993517991388e-06,,0.0031211047898977995,-8.905223694455344e-06,-9.658748240326531e-06,,,,,,,,,,,,,,,,,,,,,,
3.9942349999999998,XKF1,,,,,,,,,,,,,,,,,,,,,,,0.0,0.0,,,0.0006290612893787929,,,,,,0.0,,,,,,,-8.227444777730856e-05,,-8.227444777730852e-05,-0.0006236577755771577
4.094195,ATT,,,3,,,0.0,0.0,347.08,0.01,0.0,,,,0.0,,,,0.0,,,,347.09,,,,,,,,,,,,,,,,,,,,,
4.094195,RATE,1.0040283203125,0.0,,0.0,0.0,,,,,,0.0063032228499650955,-0.0009431883809156716,-3.544487844919786e-05,,0.005422050599008799,0.0005130258505232632,-2.366727130720392e-05,,-0.002941000973805785,7.40061864235031e-07,-5.7648890106065664e-06,,,,,,,,,,,,,,,,,,,,,,
4.094195,XKF1,,,,,,,,,,,,,,,,,,,,,,,0.0,0.0,,,0.0007076087652497549,,,,,,0.0,,,,,,,-7.981003727763895e-05,,-7.981003727763891e-05,-0.000703093537595123
4.1949879999999995,ATT,,,3,,,0.0,0.0,347.08,0.01,0.0,,,,0.0,,,,0.0,,,,347.09,,,,,,,,,,,,,,,,,,,,,
4.1949879999999995,RATE,1.1041641235351562,0.0,,0.0,0.0,,,,,,0.0013887920649722219,-0.0009431884973309934,-1.1428658581280615e-05,,0.0012711590388789773,0.000513025966938585,3.92701122109429e-06,,0.0072226873598992825,2.720858174143359e-05,-7.922885743028019e-06,,,,,,,,,,,,,,,,,,,,,,
4.1949879999999995,XKF1,,,,,,,,,,,,,,,,,,,,,,,0.0,0.0,,,0.0007625796808565002,,,,,,0.0,,,,,,,-6.996985757723455e-05,,-6.99698575772345e-05,-0.000759362883400172
4.294948,ATT,,,3,,,0.0,0.0,347.08,0.0,0.0,,,,0.0,,,,0.0,,,,347.09,,,,,,,,,,,,,,,,,,,,,
4.294948,RATE,1.1384010314941406,0.0,,0.0,0.0,,,,,,0.007015811745077372,-0.0009431886137463152,-3.728881711140275e-05,,0.00240605347789824,0.0005130258505232632,4.440869815880433e-06,,-0.0004781640600413084,3.7060078739159508e-06,-8.214597073674668e-06,,,,,,,,,,,,,,,,,,,,,,
4.294948,XKF1,,,,,,,,,,,,,,,,,,,,,,,0.0,0.0,,,0.0008039401875368471,,,,,,0.0,,,,,,,-4.174710920779039e-05,,-4.1747109207790345e-05,-0.000802855531219393
4.394908,ATT,,,3,,,0.0,0.0,347.08,0.0,0.0,,,,0.0,,,,0.0,,,,347.09,,,,,,,,,,,,,,,,,,,,,
4.394908,RATE,1.1536598205566406,0.0,,0.0,0.0,,,,,,0.003620701376348734,-0.0009431886137463152,-9.445484465686604e-06,,0.0009701286326162517,0.0005130258505232632,1.5331981558119878e-05,,0.00837278738617897,-1.8464606910129078e-06,-6.870910056022694e-06,,,,,,,,,,,,,,,,,,,,,,
4.394908,XKF1,,,,,,,,,,,,,,,,,,,,,,,0.0,0.0,,,0.0008453854473554725,,,,,,0.0,,,,,,,-4.249483754392719e-05,,-4.249483754392713e-05,-0.000844316731672734
4.494868,ATT,,,3,,,0.0,0.0,347.08,0.0,0.0,,,,0.0,,,,0.0,,,,347.09,,,,,,,,,,,,,,,,,,,,,
4.494868,RATE,1.2187957763671875,0.0,,0.0,0.0,,,,,,0.003380958456546068,-0.0009431886137463152,-9.275406227970961e-06,,0.004520748276263475,0.0005130255012772977,-1.1811609510914423e-05,,0.00434737466275692,4.62943353340961e-06,-6.041841061232844e-06,,,,,,,,,,,,,,,,,,,,,,
4.494868,XKF1,,,,,,,,,,,,,,,,,,,,,,,0.0,0.0,,,0.0009006138721989054,,,,,,0.0,,,,,,,-3.0462751965388275e-06,,-3.0462751965387724e-06,-0.0009006087202578783
4.594828,ATT,,,3,,,0.0,0.0,347.08,0.0,0.0,,,,0.0,,,,0.0,,,,347.09,,,,,,,,,,,,,,,,,,,,,
4.594828,RATE,1.1880874633789062,0.0,,0.0,0.0,,,,,,0.005770743824541569,-0.0009431887301616371,-2.11347323784139e-05,,0.007273499388247728,0.0005130257923156023,-2.032782867900096e-05,,0.0036697767209261656,2.5404253392480314e-05,-6.563820988958469e-06,,,,,,,,,,,,,,,,,,,,,,
4.594828,XKF1,,,,,,,,,,,,,,,,,,,,,,,0.0,0.0,,,0.0009529372660731472,,,,,,0.0,,,,,,,-2.414976279396855e-06,,-2.4149762793967966e-06,-0.0009529342059977353
4.694788,ATT,,,3,,,0.0,0.0,347.08,0.0,0.0,,,,0.0,,,,0.0,,,,347.09,,,,,,,,,,,,,,,,,,,,,
4.694788,RATE,1.2434959411621094,0.0,,0.0,0.0,,,,,,0.005464713089168072,-0.0009431889047846198,-1.6422805856564082e-05,,0.005483127664774656,0.0005130259087309241,-2.828455762937665e-05,,0.005237975157797337,1.8915636246674694e-05,-6.080525508878054e-06,,,,,,,,,,,,,,,,,,,,,,
4.694788,XKF1,,,,,,,,,,,,,,,,,,,,,,,0.0,0.0,,,0.0009236324634920442,,,,,,0.0,,,,,,,3.7849535146960934e-05,,3.784953514696099e-05,-0.0009228566195815802
4.794748,ATT,,,3,,,0.0,0.0,347.08,0.0,0.0,,,,0.0,,,,0.0,,,,347.09,,,,,,,,,,,,,,,,,,,,,
4.794748,RATE,1.2128829956054688,0.0,,0.0,0.0,,,,,,0.0026245543267577887,-0.0009431888465769589,-1.0329873475711793e-05,,0.007481521926820278,0.000513026025146246,-1.1404188626329415e-05,,0.004300226457417011,6.617293820454506e-06,-7.240490049298387e-06,,,,,,,,,,,,,,,,,,,,,,
4.794748,XKF1,,,,,,,,,,,,,,,,,,,,,,,0.0,0.0,,,0.0009251626024657785,,,,,,0.0,,,,,,,9.102727199206123e-05,,9.102727199206129e-05,-0.0009206735994666815
4.894708,ATT,,,3,,,0.0,0.0,347.08,0.0,0.0,,,,0.0,,,,0.0,,,,347.09,,,,,,,,,,,,,,,,,,,,,
4.894708,RATE,1.3245582580566406,0.0,,0.0,0.0,,,,,,0.003989845048636198,-0.0009431891376152635,-9.031464287545532e-08,,0.004764726851135492,0.0005130260833539069,1.0614839993650094e-05,,0.003281776560470462,6.392414888978237e-06,-7.09538198861992e-06,,,,,,,,,,,,,,,,,,,,,,
4.894708,XKF1,,,,,,,,,,,,,,,,,,,,,,,0.0,0.0,,,0.0009470696586629864,,,,,,0.0,,,,,,,0.0001225374144269153,,0.00012253741442691535,-0.0009391088970005512
4.994668,ATT,,,3,,,0.0,0.0,347.09,0.0,0.0,,,,0.0,,,,0.0,,,,347.1,,,,,,,,,,,,,,,,,,,,,
4.994668,RATE,1.2838363647460938,0.0,,0.0,0.0,,,,,,0.00919974036514759,-0.0009431888465769589,-3.1308154575526714e-05,,0.0032626832835376263,0.0005130260833539069,5.193499418965075e-06,,0.0033744059037417173,3.5395507893554168e-06,-4.215874014334986e-06,,,,,,,,,,,,,,,,,,,,,,
4.994668,XKF1,,,,,,,,,,,,,,,,,,,,,,,0.0,0.0,,,0.000959981014473084,,,,,,0.0,,,,,,,0.00012835398956667626,,0.00012835398956667632,-0.0009513615514151752
5.094628,ATT,,,3,,,0.0,0.0,347.09,0.0,0.0,,,,0.0,,,,0.0,,,,347.1,,,,,,,,,,,,,,,,,,,,,
5.094628,RATE,1.3519287109375,0.0,,0.0,0.0,,,,,,0.0037498371675610542,-0.0009431888465769589,-6.517767815239495e-06,,0.006755445152521133,0.0005130260833539069,-1.955158222699538e-05,,0.006082015112042427,8.629692729300587e-07,-5.790231170976767e-06,,,,,,,,,,,,,,,,,,,,,,
5.094628,XKF1,,,,,,,,,,,,,,,,,,,,,,,0.0,0.0,,,0.0009511367923031249,,,,,,0.0,,,,,,,0.00017576882964931423,,0.00017576882964931428,-0.0009347547893412411
5.0971269999999995,MSG,,,,,,,,,,,,,,,,,,,,,,,,,,,,,,,,,,,,,,,,,No ap_message for mavlink id (253),,
5.1945879999999995,ATT,,,3,,,0.0,0.0,347.09,0.0,0.0,,,,0.0,,,,0.0,,,,347.1,,,,,,,,,,,,,,,,,,,,,
5.1945879999999995,RATE,1.3272285461425781,0.0,,0.0,0.0,,,,,,0.004644229542464018,-0.0009431890211999416,-7.923113116703462e-06,,0.0033888707403093576,0.0005130262579768896,9.777158993529156e-08,,0.005547286011278629,8.752460416872054e-06,-7.562277005490614e-06,,,,,,,,,,,,,,,,,,,,,,
5.1945879999999995,XKF1,,,,,,,,,,,,,,,,,,,,,,,0.0,0.0,,,0.0009446588084000121,,,,,,0.0,,,,,,,0.00021055084653198714,,0.0002105508465319872,-0.0009208955452777445
5.294548,ATT,,,3,,,0.0,0.0,347.09,0.0,0.0,,,,0.0,,,,0.0,,,,347.1,,,,,,,,,,,,,,,,,,,,,
5.294548,RATE,1.4268875122070312,0.0,,0.0,0.0,,,,,,0.008361210115253925,-0.0009431890211999416,-2.7232634238316678e-05,,0.002367617329582572,0.0005130264325998724,-1.3857152225682512e-07,,0.005337126087397337,9.781464541447349e-06,-7.2462717071175575e-06,,,,,,,,,,,,,,,,,,,,,,
5.294548,XKF1,,,,,,,,,,,,,,,,,,,,,,,0.0,0.0,,,0.00093278590044312,,,,,,0.0,,,,,,,0.0002129890635842457,,0.00021298906358424574,-0.0009081438183784485
5.394508,ATT,,,3,,,0.0,0.0,347.09,0.0,0.0,,,,0.0,,,,0.0,,,,347.1,,,,,,,,,,,,,,,,,,,,,
5.394508,RATE,1.3598442077636719,0.0,,0.0,0.0,,,,,,0.003756376914680004,-0.0009431889047846198,-1.1230868040001951e-05,,0.002913030097261071,0.0005130264325998724,4.9012460294761695e-06,,0.008667810820043087,9.086873433261644e-06,-8.206728125514928e-06,,,,,,,,,,,,,,,,,,,,,,
5.394508,XKF1,,,,,,,,,,,,,,,,,,,,,,,0.0,0.0,,,0.0008957156432051937,,,,,,0.0,,,,,,,0.00021177672897465522,,0.00021177672897465527,-0.0008703201310709119
5.4944679999999995,ATT,,,3,,,0.0,0.0,347.09,0.0,0.0,,,,0.0,,,,0.0,,,,347.1,,,,,,,,,,,,,,,,,,,,,
5.4944679999999995,RATE,1.5977859497070312,0.0,,0.0,0.0,,,,,,0.005004186648875475,-0.0009431890211999416,-1.47507753354148e-05,,0.0025239901151508093,0.0005130264325998724,2.4961809685919434e-07,,0.0032254743855446577,1.9575863916543312e-05,-8.954323675425258e-06,,,,,,,,,,,,,,,,,,,,,,
5.4944679999999995,XKF1,,,,,,,,,,,,,,,,,,,,,,,0.0,0.0,,,0.0008746893531118706,,,,,,0.0,,,,,,,0.0002268788957735523,,0.00022687889577355236,-0.0008447528816759586
5.594428,ATT,,,3,,,0.0,0.0,347.09,0.0,0.0,,,,0.0,,,,0.0,,,,347.1,,,,,,,,,,,,,,,,,,,,,
5.594428,RATE,1.5110969543457031,0.0,,0.0,0.0,,,,,,0.004797599744051695,-0.0009431891376152635,-1.7862514141597785e-05,,0.002735959365963936,0.0005130264325998724,9.36285505304113e-06,,0.005189843475818634,8.07700416771695e-06,-8.350816642632708e-06,,,,,,,,,,,,,,,,,,,,,,
5.594428,XKF1,,,,,,,,,,,,,,,,,,,,,,,0.0,0.0,,,0.0008233257899292792,,,,,,0.0,,,,,,,0.000253337959293276,,0.00025333795929327607,-0.0007833806448616087
5.694388,ATT,,,3,,,0.0,0.0,347.09,0.0,0.0,,,,0.0,,,,0.0,,,,347.1,,,,,,,,,,,,,,,,,,,,,
5.694388,RATE,1.4708518981933594,0.0,,0.0,0.0,,,,,,0.00865092221647501,-0.0009431892540305853,-2.139959360647481e-05,,0.0038990413304418325,0.0005130264325998724,-4.6039835979172494e-06,,0.005888994783163071,1.6873325421329355e-06,-8.766127393755596e-06,,,,,,,,,,,,,,,,,,,,,,
5.694388,XKF1,,,,,,,,,,,,,,,,,,,,,,,0.0,0.0,,,0.0007649924325232829,,,,,,0.0,,,,,,,0.0002089812332997098,,0.00020898123329970986,-0.000735894194804132
5.794347999999999,ATT,,,3,,,0.0,0.0,347.09,0.0,0.0,,,,0.0,,,,0.0,,,,347.1,,,,,,,,,,,,,,,,,,,,,
5.794347999999999,RATE,1.5481948852539062,0.0,,0.0,0.0,,,,,,-0.002253002254292369,-0.0009431890211999416,5.5585587688256055e-06,,0.005497652105987072,0.0005130262579768896,-2.1844050934305415e-05,,0.006549231242388487,-4.613058308677864e-07,-8.468578016618267e-06,,,,,,,,,,,,,,,,,,,,,,
5.794347999999999,XKF1,,,,,,,,,,,,,,,,,,,,,,,0.0,0.0,,,0.0007041984095988488,,,,,,0.0,,,,,,,0.00026491534663364286,,0.0002649153466336429,-0.000652468588668853
5.8943080000000005,ATT,,,3,,,0.0,0.0,347.09,0.0,0.0,,,,0.0,,,,0.0,,,,347.1,,,,,,,,,,,,,,,,,,,,,
5.8943080000000005,RATE,1.5140533447265625,0.0,,0.0,0.0,,,,,,0.006150599103420973,-0.0009431891376152635,-2.0746867448906414e-05,,0.006970539223402739,0.0005130263743922114,-1.4140299754217267e-05,,0.0013228836469352245,-7.5902166827290785e-06,-6.177653631311841e-06,,,,,,,,,,,,,,,,,,,,,,
5.8943080000000005,XKF1,,,,,,,,,,,,,,,,,,,,,,,0.0,0.0,,,0.0006488304498490798,,,,,,0.0,,,,,,,0.00026382791111245746,,0.0002638279111124575,-0.0005927695892751217
5.994268,ATT,,,3,,,0.0,0.0,347.09,0.0,0.0,,,,0.0,,,,0.0,,,,347.1,,,,,,,,,,,,,,,,,,,,,
5.994268,RATE,1.5385627746582031,0.0,,0.0,0.0,,,,,,0.003618919290602207,-0.0009431890211999416,-4.628989245247794e-06,,0.006109875626862049,0.000513026665430516,-2.0816489268327132e-05,,0.005139533895999193,-2.848812300726422e-06,-7.78198318585055e-06,,,,,,,,,,,,,,,,,,,,,,
5.994268,XKF1,,,,,,,,,,,,,,,,,,,,,,,0.0,0.0,,,0.0005965925862904475,,,,,,0.0,,,,,,,0.0002655161952134221,,0.0002655161952134222,-0.0005342507502064109
6.094227999999999,MSG,,,,,,,,,,,,,,,,,,,,,,,,,,,,,,,,,,,,,,,,,GPS 1: detected as u-blox at 230400 baud,,
6.094227999999999,ATT,,,3,,,0.0,0.0,347.09,0.0,0.0,,,,0.0,,,,0.0,,,,347.1,,,,,,,,,,,,,,,,,,,,,
6.094227999999999,RATE,1.4920234680175781,0.0,,0.0,0.0,,,,,,0.0005316089373081923,-0.0009431890211999416,6.878653039166238e-06,,0.0029414156451821327,0.0005130267236381769,-3.473945071164053e-06,,0.0016641980037093163,1.302172586292727e-05,-7.721746442257427e-06,,,,,,,,,,,,,,,,,,,,,,
6.094227999999999,XKF1,,,,,,,,,,,,,,,,,,,,,,,0.0,0.0,,,0.0005937144758347972,,,,,,0.0,,,,,,,0.0002878521336242556,,0.00028785213362425566,-0.0005192668177187443
6.1941880000000005,ATT,,,3,,,0.0,0.0,347.09,0.0,0.0,,,,0.0,,,,0.0,,,,347.1,,,,,,,,,,,,,,,,,,,,,
6.1941880000000005,RATE,1.6510963439941406,0.0,,0.0,0.0,,,,,,0.003812221810221672,-0.0009431891376152635,-2.070569280476775e-05,,0.00809313915669918,0.0005130267236381769,-2.8978651243960485e-05,,0.004235041793435812,5.020296612201491e-06,-7.086197911121417e-06,,,,,,,,,,,,,,,,,,,,,,
6.1941880000000005,XKF1,,,,,,,,,,,,,,,,,,,,,,,0.0,0.0,,,0.0005821707373314192,,,,,,0.0,,,,,,,0.0002963920414913445,,0.00029639204149134457,-0.00050107337301597
6.294981,ATT,,,3,,,0.0,0.0,347.09,0.0,0.0,,,,0.0,,,,0.0,,,,347.1,,,,,,,,,,,,,,,,,,,,,
6.294981,RATE,1.5189170837402344,0.0,,0.0,0.0,,,,,,0.006283833645284176,-0.0009431891376152635,-1.3693929759028833e-05,,0.006758582778275013,0.0005130268982611597,-2.3498516384279355e-05,,0.0031707165762782097,-5.566565960180014e-06,-6.37974562778254e-06,,,,,,,,,,,,,,,,,,,,,,
6.294981,XKF1,,,,,,,,,,,,,,,,,,,,,,,0.0,0.0,,,0.0005187368147802645,,,,,,0.0,,,,,,,0.00031245770514942706,,0.00031245770514942706,-0.00041407495154999197
6.294981,POS,,,,,,,,,,,,,,,,,,,,,,,0.011132000130089637,0.0,,,,,37.4274999,-122.1697,,,-0.011132000130089637,,,,-0.027388732880353928,,,,,,
6.394940999999999,ATT,,,3,,,0.0,0.0,347.28,0.0,0.04,,,,0.0,,,,0.0,,,,347.29,,,,,,,,,,,,,,,,,,,,,
6.394940999999999,RATE,1.747894287109375,0.0,,0.0,0.0,,,,,,-0.003457119921222329,-0.0009431891376152635,1.341020833933726e-05,,0.01061004027724266,0.0005130268982611597,-1.9866201910190284e-05,,0.13069505989551544,1.0272676263411995e-05,-0.00012328362208791077,,,,,,,,,,,,,,,,,,,,,,
6.394940999999999,XKF1,,,,,,,,,,,,,,,,,,,,,,,0.0,0.0,,,0.0005317237548418778,,,,,,0.0,,,,,,,0.0003483019827399403,,0.0003483019827399403,-0.00040176595211960375
6.394940999999999,POS,,,,,,,,,,,,,,,,,,,,,,,0.011132000130089637,0.0,,,,,37.4274999,-122.1697,,,-0.011132000130089637,,,,-0.027388732880353928,,,,,,
6.42243,MODE,,,,,,,,,,,,,,,,,,,,,,,,,,,,,,,GUIDED,,,,2,GCS_COMMAND,,,,,,,
6.427427999999999,MSG,,,,,,,,,,,,,,,,,,,,,,,,,,,,,,,,,,,,,,,,,Arm: Accels inconsistent,,
6.427427999999999,MSG,,,,,,,,,,,,,,,,,,,,,,,,,,,,,,,,,,,,,,,,,Arm: AHRS: waiting for home,,
6.427427999999999,MSG,,,,,,,,,,,,,,,,,,,,,,,,,,,,,,,,,,,,,,,,,Arm: Fence requires position,,
6.4949010000000005,ATT,,,3,,,0.0,0.0,347.75,0.0,0.07,,,,0.0,,,,0.0,,,,347.76,,,,,,,,,,,,,,,,,,,,,
6.4949010000000005,RATE,1.641845703125,1.641845703125,,0.0,0.0,,,,,,0.005910244304686785,-0.0009431892540305853,-1.8989456293638796e-05,,0.011059017851948738,0.0005130268982611597,-3.502206163830124e-05,,0.24660657346248627,7.577296400995692e-06,-0.000299623265163973,,,,,,,,,,,,,,,,,,,,,,
6.4949010000000005,XKF1,,,,,,,,,,,,,,,,,,,,,,,0.0,0.0,,,0.0005575554752977647,,,,,,0.0,,,,,,,0.0003661366645246744,,0.0003661366645246744,-0.00042049025068990886
6.4949010000000005,POS,,,,,,,,,,,,,,,,,,,,,,,0.011132000130089637,0.0,,,,,37.4274999,-122.1697,,,-0.011132000130089637,,,,-0.027388732880353928,,,,,,
6.594861,ATT,,,3,,,0.0,0.0,348.37,0.0,0.09,,,,0.0,,,,0.01,,,,348.38,,,,,,,,,,,,,,,,,,,,,
6.594861,RATE,1.6085624694824219,1.6085624694824219,,0.0,0.0,,,,,,0.0032802389468997717,-0.0009431891376152635,-1.8248338164994493e-06,,0.005761078558862209,0.0005130266072228551,-1.9312537915538996e-06,,0.36483126878738403,-7.881540113885421e-07,-0.0004774295666720718,,,,,,,,,,,,,,,,,,,,,,
6.594861,XKF1,,,,,,,,,,,,,,,,,,,,,,,0.0,0.0,,,0.0006256691324976504,,,,,,0.0,,,,,,,0.0004213513457216322,,0.00042135134572163224,-0.0004625201690942049
6.594861,POS,,,,,,,,,,,,,,,,,,,,,,,0.011132000130089637,0.0,,,,,37.4274999,-122.1697,,,-0.011132000130089637,,,,-0.027388732880353928,,,,,,
6.694820999999999,ATT,,,3,,,0.0,0.0,349.0,0.0,0.11,,,,0.0,,,,0.01,,,,349.01,,,,,,,,,,,,,,,,,,,,,
6.694820999999999,RATE,1.6455650329589844,1.6455650329589844,,0.0,0.0,,,,,,0.0036453199572861195,-0.0009431892540305853,-1.761795829224866e-05,,0.010537556372582912,0.0005130268400534987,-1.681464709690772e-05,,0.4741649627685547,5.450553999253316e-06,-0.0006569041288457811,,,,,,,,,,,,,,,,,,,,,,
6.694820999999999,XKF1,,,,,,,,,,,,,,,,,,,,,,,0.0,0.0,,,0.0006263465994743115,,,,,,0.0,,,,,,,0.00047235589590854943,,0.00047235589590854943,-0.000411327084293589
6.694820999999999,POS,,,,,,,,,,,,,,,,,,,,,,,0.011132000130089637,0.0,,,,,37.4274999,-122.1697,,,-0.011132000130089637,,,,-0.027388732880353928,,,,,,
6.794781,ATT,,,3,,,0.0,0.0,349.6,0.0,0.12,,,,0.0,,,,0.01,,,,349.61,,,,,,,,,,,,,,,,,,,,,
6.794781,RATE,1.5585899353027344,1.5585899353027344,,0.0,0.0,,,,,,0.0010864142095670104,-0.0009431896614842117,5.8314453781349584e-06,,0.010234605520963669,0.0005130268982611597,-3.293547342764214e-05,,0.5808208584785461,6.912424851179821e-06,-0.0008266190416179597,,,,,,,,,,,,,,,,,,,,,,
6.794781,XKF1,,,,,,,,,,,,,,,,,,,,,,,0.0,0.0,,,0.0007489074431217425,,,,,,0.0,,,,,,,0.0005613514804281294,,0.0005613514804281294,-0.0004957286291755736
6.794781,POS,,,,,,,,,,,,,,,,,,,,,,,0.011132000130089637,0.0,,,,,37.4274999,-122.1697,,,-0.011132000130089637,,,,-0.027388732880353928,,,,,,
6.894741,ATT,,,3,,,0.0,0.0,350.16,0.0,0.12,,,,0.0,,,,0.01,,,,350.17,,,,,,,,,,,,,,,,,,,,,
6.894741,RATE,1.61895751953125,1.61895751953125,,0.0,0.0,,,,,,0.0014084599679335952,-0.0009431895450688899,1.4215806913853157e-06,,0.006598315201699734,0.0005130267818458378,8.968082511273678e-06,,0.6803156137466431,5.606452305073617e-06,-0.0009897802956402302,,,,,,,,,,,,,,,,,,,,,,
6.894741,XKF1,,,,,,,,,,,,,,,,,,,,,,,0.0,0.0,,,0.0007928397173270642,,,,,,0.0,,,,,,,0.0006008605705574155,,0.0006008605705574155,-0.0005172633682377636
6.894741,POS,,,,,,,,,,,,,,,,,,,,,,,0.011132000130089637,0.0,,,,,37.4274999,-122.1697,,,-0.011132000130089637,,,,-0.027388732880353928,,,,,,
6.994700999999999,ATT,,,3,,,0.0,0.0,350.7,0.0,0.12,,,,0.0,,,,0.01,,,,350.71,,,,,,,,,,,,,,,,,,,,,
6.994700999999999,RATE,1.5650749206542969,1.5650749206542969,,0.0,0.0,,,,,,0.003762430278584361,-0.0009431896614842117,-3.369477781234309e-05,,0.006981687154620886,0.0005130268982611597,-8.605966286268085e-06,,0.78237384557724,1.0224368452327326e-05,-0.0011498110834509134,,,,,,,,,,,,,,,,,,,,,,
6.994700999999999,XKF1,,,,,,,,,,,,,,,,,,,,,,,0.0,0.0,,,0.0008268850300040744,,,,,,0.0,,,,,,,0.0006622389191761613,,0.0006622389191761613,-0.0004951549926772714
6.994700999999999,POS,,,,,,,,,,,,,,,,,,,,,,,0.011132000130089637,0.0,,,,,37.4274999,-122.1697,,,-0.011132000130089637,,,,-0.027388732880353928,,,,,,
7.094661,ATT,,,3,,,0.0,0.0,351.22,0.0,0.12,,,,0.0,,,,0.01,,,,351.23,,,,,,,,,,,,,,,,,,,,,
7.094661,RATE,1.5677452087402344,1.5677452087402344,,0.0,0.0,,,,,,0.008634408004581928,-0.0009431896614842117,-4.001002889708616e-05,,0.007186972536146641,0.0005130268982611597,-1.851154593168758e-05,,0.8807590007781982,1.4474912859441247e-06,-0.0013020531041547656,,,,,,,,,,,,,,,,,,,,,,
7.094661,XKF1,,,,,,,,,,,,,,,,,,,,,,,0.0,0.0,,,0.0008133371902363755,,,,,,0.0,,,,,,,0.000667618412990123,,0.000667618412990123,-0.0004645460576284677
7.094661,POS,,,,,,,,,,,,,,,,,,,,,,,0.011132000130089637,0.0,,,,,37.4274999,-122.1697,,,-0.011132000130089637,,,,-0.027388732880353928,,,,,,
7.194621,ATT,,,3,,,0.0,0.0,351.72,0.0,0.12,,,,0.0,,,,0.01,,,,351.73,,,,,,,,,,,,,,,,,,,,,
7.194621,RATE,1.4653205871582031,1.4653205871582031,,0.0,0.0,,,,,,-0.0003109995450358838,-0.0009431895450688899,9.26582288229838e-06,,0.010106406174600124,0.0005130270146764815,-2.6846621040022e-05,,0.9663851261138916,2.990813925407565e-07,-0.0014444775879383087,,,,,,,,,,,,,,,,,,,,,,
7.194621,XKF1,,,,,,,,,,,,,,,,,,,,,,,0.0,0.0,,,0.0008463462508225144,,,,,,0.0,,,,,,,0.0006876590196043253,,0.0006876590196043253,-0.0004933832678943872
7.194621,POS,,,,,,,,,,,,,,,,,,,,,,,0.011132000130089637,0.0,,,,,37.4274999,-122.1697,,,-0.011132000130089637,,,,-0.027388732880353928,,,,,,
7.294580999999999,ATT,,,3,,,0.0,0.0,352.22,0.0,0.11,,,,0.0,,,,0.01,,,,352.23,,,,,,,,,,,,,,,,,,,,,
7.294580999999999,RATE,1.434326171875,1.434326171875,,0.0,0.0,,,,,,0.004362377803772688,-0.0009431892540305853,-2.7998697987641208e-05,,0.010517053306102753,0.0005130268982611597,-3.239305078750476e-05,,1.0501410961151123,3.949494669086562e-07,-0.001582163735292852,,,,,,,,,,,,,,,,,,,,,,
7.294580999999999,XKF1,,,,,,,,,,,,,,,,,,,,,,,0.0,0.0,,,0.000859863335597408,,,,,,0.0,,,,,,,0.0006989121320657432,,0.0006989121320657432,-0.0005008860025554895
7.294580999999999,POS,,,,,,,,,,,,,,,,,,,,,,,0.011132000130089637,0.0,,,,,37.4274999,-122.1697,,,-0.011132000130089637,,,,-0.027388732880353928,,,,,,
7.394541,ATT,,,3,,,0.0,0.0,352.7,0.0,0.11,,,,0.0,,,,0.01,,,,352.71,,,,,,,,,,,,,,,,,,,,,
7.394541,RATE,1.2997627258300781,1.2997627258300781,,0.0,0.0,,,,,,0.005915984511375427,-0.0009431896614842117,-2.9380680643953383e-05,,0.010231542401015759,0.0005130270146764815,-2.965475869132206e-05,,1.1270017623901367,2.3658133159187855e-06,-0.0017089021857827902,,,,,,,,,,,,,,,,,,,,,,
7.394541,XKF1,,,,,,,,,,,,,,,,,,,,,,,0.0,0.0,,,0.0009837093395725829,,,,,,0.0,,,,,,,0.000822074303869158,,0.000822074303869158,-0.0005402572569437325
7.394541,POS,,,,,,,,,,,,,,,,,,,,,,,0.011132000130089637,0.0,,,,,37.4274999,-122.1697,,,-0.011132000130089637,,,,-0.027388732880353928,,,,,,
7.494501,ATT,,,3,,,0.0,0.0,353.16,0.0,0.1,,,,0.0,,,,0.01,,,,353.17,,,,,,,,,,,,,,,,,,,,,
7.494501,RATE,1.4578819274902344,1.4578819274902344,,0.0,0.0,,,,,,0.004017339088022709,-0.0009431895450688899,-1.5654035451007076e-05,,0.005753592122346163,0.0005130271310918033,-1.8431570424581878e-05,,1.2046151161193848,1.5573590417261585e-06,-0.0018305106787011027,,,,,,,,,,,,,,,,,,,,,,
7.494501,XKF1,,,,,,,,,,,,,,,,,,,,,,,0.0,0.0,,,0.0010371033035844887,,,,,,0.0,,,,,,,0.0008926664595492184,,0.0008926664595492184,-0.0005279487231746316
7.494501,POS,,,,,,,,,,,,,,,,,,,,,,,0.011132000130089637,0.0,,,,,37.4274999,-122.1697,,,-0.011132000130089637,,,,-0.027388732880353928,,,,,,
7.594460999999999,ATT,,,3,,,0.0,0.0,353.61,0.0,0.1,,,,0.0,,,,0.01,,,,353.62,,,,,,,,,,,,,,,,,,,,,
7.594460999999999,RATE,1.3090133666992188,1.3090133666992188,,0.0,0.0,,,,,,-0.0013308536726981401,-0.0009431895450688899,2.33110931731062e-05,,0.007591184228658676,0.0005130271310918033,-1.9592789612943307e-05,,1.2743604183197021,4.307418294047238e-06,-0.0019462902564555407,,,,,,,,,,,,,,,,,,,,,,
7.594460999999999,XKF1,,,,,,,,,,,,,,,,,,,,,,,0.0,0.0,,,0.0010600557828859267,,,,,,0.0,,,,,,,0.0009170093690045178,,0.0009170093690045178,-0.000531800789758563
7.594460999999999,POS,,,,,,,,,,,,,,,,,,,,,,,0.011132000130089637,0.0,,,,,37.4274999,-122.1697,,,-0.011132000130089637,,,,-0.027388732880353928,,,,,,
7.694421,ATT,,,3,,,0.0,0.0,354.05,0.0,0.09,,,,0.0,,,,0.01,,,,354.06,,,,,,,,,,,,,,,,,,,,,
7.694421,RATE,1.3522148132324219,1.3522148132324219,,0.0,0.0,,,,,,0.0006554551073350012,-0.0009431893704459071,6.049868716218043e-06,,0.009953300468623638,0.0005130270728841424,-1.2435300959623419e-05,,1.340181589126587,-1.2665940403167042e-06,-0.002054976299405098,,,,,,,,,,,,,,,,,,,,,,
7.694421,XKF1,,,,,,,,,,,,,,,,,,,,,,,0.0,0.0,,,0.0010765598372470505,,,,,,0.0,,,,,,,0.0009333304478786886,,0.0009333304478786886,-0.0005365401739254594
7.694421,POS,,,,,,,,,,,,,,,,,,,,,,,0.011132000130089637,0.0,,,,,37.4274999,-122.1697,,,-0.011132000130089637,,,,-0.027388732880353928,,,,,,
7.794381,ATT,,,3,,,0.0,0.0,354.47,0.0,0.09,,,,0.0,,,,0.01,,,,354.48,,,,,,,,,,,,,,,,,,,,,
7.794381,RATE,1.2747764587402344,1.2747764587402344,,0.0,0.0,,,,,,0.0028867600485682487,-0.0009431896614842117,-6.231583938642871e-06,,0.005786989815533161,0.0005130270728841424,-2.2424699636758305e-05,,1.39972984790802,6.6330253503110725e-06,-0.002153621055185795,,,,,,,,,,,,,,,,,,,,,,
7.794381,XKF1,,,,,,,,,,,,,,,,,,,,,,,0.0,0.0,,,0.001155041595713576,,,,,,0.0,,,,,,,0.001022283104248345,,0.001022283104248345,-0.0005376414628699422
7.794381,POS,,,,,,,,,,,,,,,,,,,,,,,0.011132000130089637,0.0,,,,,37.4274999,-122.1697,,,-0.011132000130089637,,,,-0.027388732880353928,,,,,,
7.894341000000001,ATT,,,3,,,0.0,0.0,354.89,0.0,0.08,,,,0.0,,,,0.01,,,,354.9,,,,,,,,,,,,,,,,,,,,,
7.894341000000001,RATE,1.1850357055664062,1.1850357055664062,,0.0,0.0,,,,,,0.005261775106191635,-0.0009431895450688899,-2.7570196834858507e-05,,0.008995803073048592,0.0005130269564688206,-2.3719259843346663e-05,,1.4669876098632812,5.008225798519561e-06,-0.0022533468436449766,,,,,,,,,,,,,,,,,,,,,,
7.894341000000001,XKF1,,,,,,,,,,,,,,,,,,,,,,,0.0,0.0,,,0.001181788465474377,,,,,,0.0,,,,,,,0.0010315118124708533,,0.0010315118124708533,-0.0005767212132923305
7.894341000000001,POS,,,,,,,,,,,,,,,,,,,,,,,0.011132000130089637,0.0,,,,,37.4274999,-122.1697,,,-0.011132000130089637,,,,-0.027388732880353928,,,,,,
7.994301,ATT,,,3,,,0.0,0.0,355.27,0.0,0.07,,,,0.0,,,,0.01,,,,355.28,,,,,,,,,,,,,,,,,,,,,
7.994301,RATE,1.305389404296875,1.305389404296875,,0.0,0.0,,,,,,0.004498588852584362,-0.0009431899525225163,-1.640042864892166e-05,,0.0071352748200297356,0.000513027305714786,-3.2593765354249626e-05,,1.5205799341201782,1.170377004200418e-06,-0.0023331521078944206,,,,,,,,,,,,,,,,,,,,,,
7.994301,XKF1,,,,,,,,,,,,,,,,,,,,,,,0.0,0.0,,,0.0011973289871027963,,,,,,0.0,,,,,,,0.001052257139235735,,0.001052257139235735,-0.0005712719284929335
7.994301,POS,,,,,,,,,,,,,,,,,,,,,,,0.011132000130089637,0.0,,,,,37.4274999,-122.1697,,,-0.011132000130089637,,,,-0.027388732880353928,,,,,,
8.094261,ATT,,,3,,,0.0,0.0,355.65,0.0,0.07,,,,0.0,,,,0.01,,,,355.66,,,,,,,,,,,,,,,,,,,,,
8.094261,RATE,1.2010574340820312,1.2010574340820312,,0.0,0.0,,,,,,0.0032089545857161283,-0.0009431897778995335,-1.310010065935785e-05,,0.0051455069333314896,0.000513027305714786,-1.217295812239172e-05,,1.5643843412399292,-8.943051170717808e-07,-0.002411993220448494,,,,,,,,,,,,,,,,,,,,,,
8.094261,XKF1,,,,,,,,,,,,,,,,,,,,,,,0.0,0.0,,,0.001231579511124898,,,,,,0.0,,,,,,,0.0011052724439650774,,0.0011052724439650774,-0.0005432871403172612
8.094261,POS,,,,,,,,,,,,,,,,,,,,,,,0.011132000130089637,0.0,,,,,37.4274999,-122.1697,,,-0.011132000130089637,,,,-0.027388732880353928,,,,,,
8.194221,ATT,,,3,,,0.0,0.0,356.01,0.0,0.06,,,,0.0,,,,0.01,,,,356.02,,,,,,,,,,,,,,,,,,,,,
8.194221,RATE,1.2662887573242188,1.2662887573242188,,0.0,0.0,,,,,,0.007792341988533735,-0.0009431901853531599,-2.9644603273482062e-05,,0.0061071524396538734,0.0005130271892994642,-1.7598109479877166e-05,,1.610505223274231,4.070213435625192e-06,-0.0024864207953214645,,,,,,,,,,,,,,,,,,,,,,
8.194221,XKF1,,,,,,,,,,,,,,,,,,,,,,,0.0,0.0,,,0.0012118005522355447,,,,,,0.0,,,,,,,0.00107513926923275,,0.00107513926923275,-0.0005590493092313409
8.194221,POS,,,,,,,,,,,,,,,,,,,,,,,0.011132000130089637,0.0,,,,,37.4274999,-122.1697,,,-0.011132000130089637,,,,-0.027388732880353928,,,,,,
8.294181,ATT,,,3,,,0.0,0.0,356.37,0.0,0.06,,,,0.0,,,,0.01,,,,356.38,,,,,,,,,,,,,,,,,,,,,
8.294181,RATE,1.0546684265136719,1.0546684265136719,,0.0,0.0,,,,,,0.0008025197312235832,-0.0009431903017684817,2.681504156498704e-07,,0.008213285356760025,0.0005130271310918033,-2.7138867153553292e-05,,1.6518399715423584,3.842153546429472e-06,-0.0025524399243295193,,,,,,,,,,,,,,,,,,,,,,
8.294181,XKF1,,,,,,,,,,,,,,,,,,,,,,,0.0,0.0,,,0.001210690513962599,,,,,,0.0,,,,,,,0.0010777885327115655,,0.0010777885327115655,-0.0005514919757843018
8.294181,POS,,,,,,,,,,,,,,,,,,,,,,,0.011132000130089637,0.0,,,,,37.4274999,-122.1697,,,-0.011132000130089637,,,,-0.027388732880353928,,,,,,
8.394974,ATT,,,3,,,0.0,0.0,356.72,0.0,0.05,,,,0.0,,,,0.01,,,,356.73,,,,,,,,,,,,,,,,,,,,,
8.394974,RATE,1.1518478393554688,1.1518478393554688,,0.0,0.0,,,,,,0.002482023322954774,-0.0009431907092221081,-2.977000349346781e-06,,0.006845579016953707,0.0005130272475071251,-9.529359886073507e-06,,1.6868804693222046,2.0548177417367697e-06,-0.002612740034237504,,,,,,,,,,,,,,,,,,,,,,
8.394974,XKF1,,,,,,,,,,,,,,,,,,,,,,,0.0,0.0,,,0.0012505830425903065,,,,,,0.0,,,,,,,0.0010918468469753861,,0.0010918468469753861,-0.0006097773439250886
8.394974,POS,,,,,,,,,,,,,,,,,,,,,,,0.011132000130089637,0.0,,,,,37.4274999,-122.1697,,,-0.011132000130089637,,,,-0.027388732880353928,,,,,,
8.494934,ATT,,,3,,,0.0,0.0,357.05,0.0,0.05,,,,0.0,,,,0.01,,,,357.06,,,,,,,,,,,,,,,,,,,,,
8.494934,RATE,0.9881019592285156,0.9881019592285156,,0.0,0.0,,,,,,0.004780250135809183,-0.0009431907092221081,-2.3211365260067396e-05,,0.009842388331890106,0.0005130271310918033,-1.876959686342161e-05,,1.717684268951416,2.0514164589258144e-06,-0.0026673790998756886,,,,,,,,,,,,,,,,,,,,,,
8.494934,XKF1,,,,,,,,,,,,,,,,,,,,,,,0.0,0.0,,,0.0012850535171575843,,,,,,0.0,,,,,,,0.0011196017730981112,,0.0011196017730981112,-0.0006307570147328079
8.494934,POS,,,,,,,,,,,,,,,,,,,,,,,0.011132000130089637,0.0,,,,,37.4274999,-122.1697,,,-0.011132000130089637,,,,-0.027388732880353928,,,,,,
8.594894,ATT,,,3,,,0.0,0.0,357.38,0.0,0.04,,,,0.0,,,,0.01,,,,357.39,,,,,,,,,,,,,,,,,,,,,
8.594894,RATE,1.0773658752441406,1.0773658752441406,,0.0,0.0,,,,,,0.009214398451149464,-0.00094319082563743,-3.0339640943566337e-05,,0.006150322500616312,0.000513027305714786,-1.4856573216093238e-05,,1.7478673458099365,2.2102813090896234e-06,-0.0027135349810123444,,,,,,,,,,,,,,,,,,,,,,
8.594894,XKF1,,,,,,,,,,,,,,,,,,,,,,,0.0,0.0,,,0.0013195174904153848,,,,,,0.0,,,,,,,0.0011637177085503936,,0.0011637177085503936,-0.000622002815362066
8.594894,POS,,,,,,,,,,,,,,,,,,,,,,,0.011132000130089637,0.0,,,,,37.4274999,-122.1697,,,-0.011132000130089637,,,,-0.027388732880353928,,,,,,
8.694854,ATT,,,3,,,0.0,0.0,357.69,0.0,0.04,,,,0.0,,,,0.01,,,,357.7,,,,,,,,,,,,,,,,,,,,,
8.694854,RATE,0.9772300720214844,0.9772300720214844,,0.0,0.0,,,,,,-0.0010901126079261303,-0.00094319082563743,2.498766298231203e-05,,0.00805612187832594,0.000513027305714786,-2.696302362892311e-05,,1.7714685201644897,-1.4216599311112077e-06,-0.0027585914358496666,,,,,,,,,,,,,,,,,,,,,,
8.694854,XKF1,,,,,,,,,,,,,,,,,,,,,,,0.0,0.0,,,0.0013156678000246671,,,,,,0.0,,,,,,,0.0011367934057489038,,0.0011367934057489038,-0.0006623311201110482
8.694854,POS,,,,,,,,,,,,,,,,,,,,,,,0.011132000130089637,0.0,,,,,37.4274999,-122.1697,,,-0.011132000130089637,,,,-0.027388732880353928,,,,,,
8.794814,ATT,,,3,,,0.0,0.0,357.99,0.0,0.04,,,,0.0,,,,0.01,,,,358.0,,,,,,,,,,,,,,,,,,,,,
8.794814,RATE,1.0156631469726562,1.0156631469726562,,0.0,0.0,,,,,,0.004384873900562525,-0.00094319082563743,-1.2314072591834702e-05,,0.005302767734974623,0.0005130271892994642,-4.048705250170315e-06,,1.7977465391159058,1.2523521490948042e-06,-0.0027982781175523996,,,,,,,,,,,,,,,,,,,,,,
8.794814,XKF1,,,,,,,,,,,,,,,,,,,,,,,0.0,0.0,,,0.001370041500877778,,,,,,0.0,,,,,,,0.001158076454885304,,0.001158076454885304,-0.0007320332224480808
8.794814,POS,,,,,,,,,,,,,,,,,,,,,,,0.011132000130089637,0.0,,,,,37.4274999,-122.1697,,,-0.011132000130089637,,,,-0.027388732880353928,,,,,,
8.894774,ATT,,,3,,,0.0,0.0,358.27,0.0,0.03,,,,0.0,,,,0.01,,,,358.28,,,,,,,,,,,,,,,,,,,,,
8.894774,RATE,0.8882522583007812,0.8882522583007812,,0.0,0.0,,,,,,0.0020993368234485388,-0.0009431912330910563,-7.9158999142237e-06,,0.004655821248888969,0.0005130272475071251,-3.733610355993733e-06,,1.8188819885253906,5.306980028763064e-07,-0.0028339631389826536,,,,,,,,,,,,,,,,,,,,,,
8.894774,XKF1,,,,,,,,,,,,,,,,,,,,,,,0.0,0.0,,,0.0013926453120148945,,,,,,0.0,,,,,,,0.0011710267281159759,,0.0011710267281159759,-0.0007537621422670782
8.894774,POS,,,,,,,,,,,,,,,,,,,,,,,0.011132000130089637,0.0,,,,,37.4274999,-122.1697,,,-0.011132000130089637,,,,-0.027388732880353928,,,,,,
8.994734,ATT,,,3,,,0.0,0.0,358.55,0.0,0.03,,,,0.0,,,,0.01,,,,358.56,,,,,,,,,,,,,,,,,,,,,
8.994734,RATE,1.0546684265136719,1.0546684265136719,,0.0,0.0,,,,,,0.0020621593575924635,-0.0009431912330910563,-1.503955718362704e-05,,0.005928621161729097,0.000513027363922447,-1.3008038877160288e-05,,1.8331924676895142,3.9488907077611657e-07,-0.0028620592784136534,,,,,,,,,,,,,,,,,,,,,,
8.994734,XKF1,,,,,,,,,,,,,,,,,,,,,,,0.0,0.0,,,0.0014126235109557853,,,,,,0.0,,,,,,,0.0011670122621580958,,0.0011670122621580958,-0.0007959821377880871
8.994734,POS,,,,,,,,,,,,,,,,,,,,,,,0.011132000130089637,0.0,,,,,37.4274999,-122.1697,,,-0.011132000130089637,,,,-0.027388732880353928,,,,,,
9.094694,ATT,,,3,,,0.0,0.0,358.81,0.0,0.03,,,,0.0,,,,0.01,,,,358.82,,,,,,,,,,,,,,,,,,,,,
9.094694,RATE,0.9288787841796875,0.9288787841796875,,0.0,0.0,,,,,,0.004230123478919268,-0.00094319082563743,-1.3029210094828159e-05,,0.009120417758822441,0.0005130272475071251,-2.567022602306679e-05,,1.846821904182434,3.93120814123904e-07,-0.002887035720050335,,,,,,,,,,,,,,,,,,,,,,
9.094694,XKF1,,,,,,,,,,,,,,,,,,,,,,,0.0,0.0,,,0.0014373101714978901,,,,,,0.0,,,,,,,0.0011951288906857371,,0.0011951288906857371,-0.0007984531694091856
9.094694,POS,,,,,,,,,,,,,,,,,,,,,,,0.011132000130089637,0.0,,,,,37.4274999,-122.1697,,,-0.011132000130089637,,,,-0.027388732880353928,,,,,,
9.194654,ATT,,,3,,,0.0,0.0,359.06,0.0,0.02,,,,0.0,,,,0.01,,,,359.07,,,,,,,,,,,,,,,,,,,,,
9.194654,RATE,0.8545875549316406,0.8545875549316406,,0.0,0.0,,,,,,0.005068288650363684,-0.0009431907092221081,-1.507120396126993e-05,,0.007444459944963455,0.0005130271310918033,-2.9332906706258655e-05,,1.8567348718643188,9.199893611366861e-07,-0.002906868699938059,,,,,,,,,,,,,,,,,,,,,,
9.194654,XKF1,,,,,,,,,,,,,,,,,,,,,,,0.0,0.0,,,0.0014879165277911488,,,,,,0.0,,,,,,,0.0012394142104312778,,0.0012394142104312778,-0.0008232545224018395
9.194654,POS,,,,,,,,,,,,,,,,,,,,,,,0.011132000130089637,0.0,,,,,37.4274999,-122.1697,,,-0.011132000130089637,,,,-0.027388732880353928,,,,,,
9.294614,ATT,,,3,,,0.0,0.0,359.3,0.0,0.02,,,,0.0,,,,0.01,,,,359.31,,,,,,,,,,,,,,,,,,,,,
9.294614,RATE,0.7719993591308594,0.7719993591308594,,0.0,0.0,,,,,,0.002330187475308776,-0.0009431910002604127,-1.4275139619712718e-05,,0.004672728478908539,0.000513027363922447,-3.4030003916996066e-06,,1.8658583164215088,-2.1307977249307442e-07,-0.0029252907261252403,,,,,,,,,,,,,,,,,,,,,,
9.294614,XKF1,,,,,,,,,,,,,,,,,,,,,,,0.0,0.0,,,0.0014373653419994894,,,,,,0.0,,,,,,,0.0011912677437067032,,0.0011912677437067032,-0.000804301118478179
9.294614,POS,,,,,,,,,,,,,,,,,,,,,,,0.011132000130089637,0.0,,,,,37.4274999,-122.1697,,,-0.011132000130089637,,,,-0.027388732880353928,,,,,,
9.394574,ATT,,,3,,,0.0,0.0,359.53,0.0,0.02,,,,0.0,,,,0.01,,,,359.54,,,,,,,,,,,,,,,,,,,,,
9.394574,RATE,0.8252143859863281,0.8252143859863281,,0.0,0.0,,,,,,0.001987708965316415,-0.0009431912330910563,1.1324991646688432e-05,,0.008395061828196049,0.0005130275385454297,-1.657244320085738e-05,,1.8750452995300293,1.0436838948635341e-07,-0.002938448917120695,,,,,,,,,,,,,,,,,,,,,,
9.394574,XKF1,,,,,,,,,,,,,,,,,,,,,,,0.0,0.0,,,0.0014667861464627914,,,,,,0.0,,,,,,,0.0012202493380755186,,0.0012202493380755186,-0.0008139122510328889
9.394574,POS,,,,,,,,,,,,,,,,,,,,,,,0.011132000130089637,0.0,,,,,37.4274999,-122.1697,,,-0.011132000130089637,,,,-0.027388732880353928,,,,,,
9.494534,ATT,,,3,,,0.0,0.0,359.76,0.0,0.02,,,,0.0,,,,0.01,,,,359.77,,,,,,,,,,,,,,,,,,,,,
9.494534,RATE,0.8306503295898438,0.8306503295898438,,0.0,0.0,,,,,,-0.0016879288014024496,-0.0009431912330910563,1.5309560694731772e-05,,0.009710625745356083,0.0005130275385454297,-3.481357271084562e-05,,1.8813378810882568,-8.766753434308328e-10,-0.0029487439896911383,,,,,,,,,,,,,,,,,,,,,,
9.494534,XKF1,,,,,,,,,,,,,,,,,,,,,,,0.0,0.0,,,0.0014674571306536267,,,,,,0.0,,,,,,,0.0012273779138922691,,0.0012273779138922691,-0.000804346869699657
9.494534,POS,,,,,,,,,,,,,,,,,,,,,,,0.011132000130089637,0.0,,,,,37.4274999,-122.1697,,,-0.011132000130089637,,,,-0.027388732880353928,,,,,,
9.594494,ATT,,,3,,,0.0,0.0,359.97,0.0,0.02,,,,0.0,,,,0.01,,,,359.98,,,,,,,,,,,,,,,,,,,,,
9.594494,RATE,0.7429122924804688,0.7429122924804688,,0.0,0.0,,,,,,0.0037658463697880507,-0.0009431912330910563,-4.273298600310227e-06,,0.0069043878465890884,0.0005130275967530906,-1.072511531674536e-05,,1.8874335289001465,-2.7249382128502475e-07,-0.002958219265565276,,,,,,,,,,,,,,,,,,,,,,
9.594494,XKF1,,,,,,,,,,,,,,,,,,,,,,,0.0,0.0,,,0.001514367071767273,,,,,,0.0,,,,,,,0.0012671597069129348,,0.0012671597069129348,-0.0008292248821817338
9.594494,POS,,,,,,,,,,,,,,,,,,,,,,,0.011132000130089637,0.0,,,,,37.4274999,-122.1697,,,-0.011132000130089637,,,,-0.027388732880353928,,,,,,
9.694454,ATT,,,3,,,0.0,0.0,0.17,0.0,0.01,,,,0.0,,,,0.01,,,,0.17,,,,,,,,,,,,,,,,,,,,,
9.694454,RATE,0.6818771362304688,0.6818771362304688,,0.0,0.0,,,,,,0.0022508446127176285,-0.0009431912330910563,-1.0186313375015743e-06,,0.008257881738245487,0.0005130275385454297,-7.108727004379034e-06,,1.8859338760375977,-3.2750108402979095e-07,-0.0029645159374922514,,,,,,,,,,,,,,,,,,,,,,
9.694454,XKF1,,,,,,,,,,,,,,,,,,,,,,,0.0,0.0,,,0.0015101545963328408,,,,,,0.0,,,,,,,0.0012706542620435357,,0.0012706542620435357,-0.0008160910801962018
9.694454,POS,,,,,,,,,,,,,,,,,,,,,,,0.011132000130089637,0.0,,,,,37.4274999,-122.1697,,,-0.011132000130089637,,,,-0.027388732880353928,,,,,,
9.794414,ATT,,,3,,,0.0,0.0,0.37,0.0,0.01,,,,0.0,,,,0.01,,,,0.37,,,,,,,,,,,,,,,,,,,,,
9.794414,RATE,0.7031440734863281,0.7031440734863281,,0.0,0.0,,,,,,0.0022184778936207294,-0.0009431914077140391,-9.285914529755246e-06,,0.010248380713164806,0.0005130274221301079,-3.6480680137174204e-05,,1.8878732919692993,-7.763199505461671e-07,-0.0029633445665240288,,,,,,,,,,,,,,,,,,,,,,
9.794414,XKF1,,,,,,,,,,,,,,,,,,,,,,,0.0,0.0,,,0.0015727503786909377,,,,,,0.0,,,,,,,0.0013273332733660936,,0.0013273332733660936,-0.0008436409989371896
9.794414,POS,,,,,,,,,,,,,,,,,,,,,,,0.011132000130089637,0.0,,,,,37.4274999,-122.1697,,,-0.011132000130089637,,,,-0.027388732880353928,,,,,,
9.894374,ATT,,,3,,,0.0,0.0,0.55,0.0,0.01,,,,0.0,,,,0.01,,,,0.55,,,,,,,,,,,,,,,,,,,,,
9.894374,RATE,0.6731986999511719,0.6731986999511719,,0.0,0.0,,,,,,0.00432104617357254,-0.0009431916405446827,-1.2962816981598735e-05,,0.005491030868142843,0.0005130275967530906,-1.948430508491583e-06,,1.8900469541549683,-1.4960535565933242e-07,-0.0029630030039697886,,,,,,,,,,,,,,,,,,,,,,
9.894374,XKF1,,,,,,,,,,,,,,,,,,,,,,,0.0,0.0,,,0.0016103838569010687,,,,,,0.0,,,,,,,0.0013628375018015504,,0.0013628375018015504,-0.0008579103159718215
9.894374,POS,,,,,,,,,,,,,,,,,,,,,,,0.011132000130089637,0.0,,,,,37.4274999,-122.1697,,,-0.011132000130089637,,,,-0.027388732880353928,,,,,,
9.994334,ATT,,,3,,,0.0,0.0,0.73,0.0,0.01,,,,0.0,,,,0.01,,,,0.73,,,,,,,,,,,,,,,,,,,,,
9.994334,RATE,0.7340431213378906,0.7340431213378906,,0.0,0.0,,,,,,0.004970000125467777,-0.0009431918733753264,-1.9271255951025523e-05,,0.012136366218328476,0.0005130275967530906,-3.212290903320536e-05,,1.8859012126922607,-3.383497642062139e-07,-0.002964245155453682,,,,,,,,,,,,,,,,,,,,,,
9.994334,XKF1,,,,,,,,,,,,,,,,,,,,,,,0.0,0.0,,,0.001627868052425329,,,,,,0.0,,,,,,,0.001368583645671606,,0.001368583645671606,-0.0008814381435513496
9.994334,POS,,,,,,,,,,,,,,,,,,,,,,,0.011132000130089637,0.0,,,,,37.4274999,-122.1697,,,-0.011132000130089637,,,,-0.027388732880353928,,,,,,
10.094294,ATT,,,3,,,0.0,0.0,0.9,0.0,0.01,,,,0.0,,,,0.01,,,,0.9,,,,,,,,,,,,,,,,,,,,,
10.094294,RATE,0.6826400756835938,0.6826400756835938,,0.0,0.0,,,,,,0.002722744131460786,-0.0009431916405446827,-5.8756600083142985e-06,,0.011687763035297394,0.0005130275385454297,-4.459866613615304e-05,,1.8743853569030762,4.266145765541296e-07,-0.002957114716991782,,,,,,,,,,,,,,,,,,,,,,
10.094294,XKF1,,,,,,,,,,,,,,,,,,,,,,,0.0,0.0,,,0.0016547723950046556,,,,,,0.0,,,,,,,0.0013839233433827758,,0.0013839233433827758,-0.0009072088287211955
10.094294,POS,,,,,,,,,,,,,,,,,,,,,,,0.011132000130089637,0.0,,,,,37.4274999,-122.1697,,,-0.011132000130089637,,,,-0.027388732880353928,,,,,,
10.194253999999999,ATT,,,3,,,0.0,0.0,1.06,0.0,0.01,,,,0.0,,,,0.01,,,,1.06,,,,,,,,,,,,,,,,,,,,,
10.194253999999999,RATE,0.6578445434570312,0.6578445434570312,,0.0,0.0,,,,,,0.003671923652291298,-0.0009431917569600046,-8.90049705049023e-07,,0.009082107804715633,0.0005130276549607515,-2.6805184461409226e-05,,1.8737972974777222,-1.0944441442006791e-07,-0.002944124396890402,,,,,,,,,,,,,,,,,,,,,,
10.194253999999999,XKF1,,,,,,,,,,,,,,,,,,,,,,,0.0,0.0,,,0.0016868462515210946,,,,,,0.0,,,,,,,0.0013979217037558556,,0.0013979217037558556,-0.0009440684225410223
10.194253999999999,POS,,,,,,,,,,,,,,,,,,,,,,,0.011132000130089637,0.0,,,,,37.4274999,-122.1697,,,-0.011132000130089637,,,,-0.027388732880353928,,,,,,
10.294214,ATT,,,3,,,0.0,0.0,1.21,0.0,0.01,,,,0.0,,,,0.01,,,,1.21,,,,,,,,,,,,,,,,,,,,,
10.294214,RATE,0.5251884460449219,0.5251884460449219,,0.0,0.0,,,,,,0.0033308849669992924,-0.0018258244963362813,-2.308389412064571e-06,,0.009334473870694637,-0.08850313723087311,-0.00037229739245958626,,1.8635661602020264,-3.8662804513478477e-07,-0.0029335576109588146,,,,,,,,,,,,,,,,,,,,,,
10.294214,XKF1,,,,,,,,,,,,,,,,,,,,,,,0.0,0.0,,,0.0016542320742322712,,,,,,0.0,,,,,,,0.001377923064865172,,0.001377923064865172,-0.0009153205901384354
10.294214,POS,,,,,,,,,,,,,,,,,,,,,,,0.011132000130089637,0.0,,,,,37.4274999,-122.1697,,,-0.011132000130089637,,,,-0.027388732880353928,,,,,,
10.394174,ATT,,,3,,,0.0,0.0,1.35,0.0,0.01,,,,0.0,,,,0.01,,,,1.35,,,,,,,,,,,,,,,,,,,,,
10.394174,RATE,0.5446434020996094,0.5446434020996094,,0.0,0.0,,,,,,0.003006956074386835,-0.0016989430878311396,-1.668010554567445e-06,,0.005561166908591986,-0.08850430697202682,-0.0002133500383934006,,1.8555452823638916,-8.47075739329739e-07,-0.002921716310083866,,,,,,,,,,,,,,,,,,,,,,
10.394174,XKF1,,,,,,,,,,,,,,,,,,,,,,,0.0,0.0,,,0.00173266054645965,,,,,,0.0,,,,,,,0.0014759213663637638,,0.0014759213663637638,-0.0009076170390471816
10.394174,POS,,,,,,,,,,,,,,,,,,,,,,,0.011132000130089637,0.0,,,,,37.4274999,-122.1697,,,-0.011132000130089637,,,,-0.027388732880353928,,,,,,
10.494966999999999,ATT,,,3,,,0.0,0.0,1.49,0.0,0.0,,,,0.0,,,,0.01,,,,1.49,,,,,,,,,,,,,,,,,,,,,
10.494966999999999,RATE,0.5510330200195312,0.5510330200195312,,0.0,0.0,,,,,,-0.0003797550161834806,-0.0021898518316447735,1.1805950634879991e-05,,0.00657981401309371,-0.08849877864122391,-0.00021979866141919047,,1.8435380458831787,-9.229697752743959e-07,-0.002905551576986909,,,,,,,,,,,,,,,,,,,,,,
10.494966999999999,XKF1,,,,,,,,,,,,,,,,,,,,,,,0.0,0.0,,,0.0017418730193884578,,,,,,0.0,,,,,,,0.0014760383637621999,,0.0014760383637621999,-0.0009248958667740226
10.494966999999999,POS,,,,,,,,,,,,,,,,,,,,,,,0.011132000130089637,0.0,,,,,37.4274999,-122.1697,,,-0.011132000130089637,,,,-0.027388732880353928,,,,,,
10.594927,ATT,,,3,,,0.0,0.0,1.62,0.0,0.0,,,,0.0,,,,0.01,,,,1.62,,,,,,,,,,,,,,,,,,,,,
10.594927,RATE,0.5179405212402344,0.5179405212402344,,0.0,0.0,,,,,,0.004421503283083439,-0.0041742585599422455,-2.7452520953374915e-05,,0.010440239682793617,-0.08844885230064392,-0.00024383276468142867,,1.831932544708252,-2.672179277851683e-07,-0.0028909530956298113,,,,,,,,,,,,,,,,,,,,,,
10.594927,XKF1,,,,,,,,,,,,,,,,,,,,,,,0.0,0.0,,,0.0017464915704456393,,,,,,0.0,,,,,,,0.001455169403925538,,0.001455169403925538,-0.0009657716145738959
10.594927,POS,,,,,,,,,,,,,,,,,,,,,,,0.011132000130089637,0.0,,,,,37.4274999,-122.1697,,,-0.011132000130089637,,,,-0.027388732880353928,,,,,,
10.694887,ATT,,,3,,,0.0,0.0,1.75,0.0,0.0,,,,0.0,,,,0.01,,,,1.75,,,,,,,,,,,,,,,,,,,,,
10.694887,RATE,0.6865501403808594,0.6865501403808594,,0.0,0.0,,,,,,0.005936367902904749,-0.0058510140515863895,-3.750991163542494e-05,,0.008028286509215832,-0.0883721113204956,-0.00022698150132782757,,1.8241878747940063,-9.073989417629491e-07,-0.0028748400509357452,,,,,,,,,,,,,,,,,,,,,,
10.694887,XKF1,,,,,,,,,,,,,,,,,,,,,,,0.0,0.0,,,0.001817448433429193,,,,,,0.0,,,,,,,0.0015139643801376224,,0.0015139643801376224,-0.0010055002057924867
10.694887,POS,,,,,,,,,,,,,,,,,,,,,,,0.011132000130089637,0.0,,,,,37.4274999,-122.1697,,,-0.011132000130089637,,,,-0.027388732880353928,,,,,,
10.794847,ATT,,,3,,,0.0,0.0,1.87,0.0,0.0,,,,0.0,,,,0.01,,,,1.87,,,,,,,,,,,,,,,,,,,,,
10.794847,RATE,0.4189491271972656,0.4189491271972656,,0.0,0.0,,,,,,0.007328939624130726,-0.0062799518927931786,-3.755378202185966e-05,,0.005008452106267214,-0.08834739029407501,-0.00020233006216585636,,1.8103764057159424,-1.1758014579754672e-06,-0.0028518696781247854,,,,,,,,,,,,,,,,,,,,,,
10.794847,XKF1,,,,,,,,,,,,,,,,,,,,,,,0.0,0.0,,,0.0018690401630277094,,,,,,0.0,,,,,,,0.0015102395555004478,,0.0015102395555004478,-0.0011011301539838314
10.794847,POS,,,,,,,,,,,,,,,,,,,,,,,0.011132000130089637,0.0,,,,,37.4274999,-122.1697,,,-0.011132000130089637,,,,-0.027388732880353928,,,,,,
10.894807,ATT,,,3,,,0.0,0.0,1.98,0.0,0.0,,,,0.0,,,,0.01,,,,1.98,,,,,,,,,,,,,,,,,,,,,
10.894807,RATE,0.4431724548339844,0.4431724548339844,,0.0,0.0,,,,,,0.0069253877736628056,-0.00842597708106041,-3.828297121799551e-05,,0.008788581006228924,-0.08819245547056198,-0.0002519970294088125,,1.7931090593338013,1.8466233768776874e-06,-0.002833513543009758,,,,,,,,,,,,,,,,,,,,,,
10.894807,XKF1,,,,,,,,,,,,,,,,,,,,,,,0.0,0.0,,,0.0019419501822131758,,,,,,0.0,,,,,,,0.0015315007185563445,,0.0015315007185563445,-0.0011940167751163244
10.894807,POS,,,,,,,,,,,,,,,,,,,,,,,0.011132000130089637,0.0,,,,,37.4274999,-122.1697,,,-0.011132000130089637,,,,-0.027388732880353928,,,,,,
10.994767,ATT,,,3,,,0.0,0.0,2.09,0.0,0.0,,,,0.0,,,,0.01,,,,2.09,,,,,,,,,,,,,,,,,,,,,
10.994767,RATE,0.52947998046875,0.52947998046875,,0.0,0.0,,,,,,0.003906970843672752,-0.009627359919250011,-2.485568984411657e-05,,0.010798615403473377,-0.08808290958404541,-0.00024194142315536737,,1.7874411344528198,-9.88304236670956e-07,-0.0028117408510297537,,,,,,,,,,,,,,,,,,,,,,
10.994767,XKF1,,,,,,,,,,,,,,,,,,,,,,,0.0,0.0,,,0.0019990127305204853,,,,,,0.0,,,,,,,0.0015698650386184454,,0.0015698650386184454,-0.0012375684455037117
10.994767,POS,,,,,,,,,,,,,,,,,,,,,,,0.011132000130089637,0.0,,,,,37.4274999,-122.1697,,,-0.011132000130089637,,,,-0.027388732880353928,,,,,,
11.094727,ATT,,,3,,,0.0,0.0,2.19,0.0,0.0,,,,0.0,,,,0.01,,,,2.19,,,,,,,,,,,,,,,,,,,,,
11.094727,RATE,0.4364013671875,0.4364013671875,,0.0,0.0,,,,,,0.0036399371456354856,-0.011527578346431255,-2.4060496798483655e-05,,0.011721204966306686,-0.08787603676319122,-0.00023920924286358058,,1.7683205604553223,1.1259154462095466e-06,-0.0027911476790905,,,,,,,,,,,,,,,,,,,,,,
11.094727,XKF1,,,,,,,,,,,,,,,,,,,,,,,0.0,0.0,,,0.002055348493633866,,,,,,0.0,,,,,,,0.001594398869201541,,0.001594398869201541,-0.001297054230235517
11.094727,POS,,,,,,,,,,,,,,,,,,,,,,,0.011132000130089637,0.0,,,,,37.4274999,-122.1697,,,-0.011132000130089637,,,,-0.027388732880353928,,,,,,
11.194687,ATT,,,3,,,0.0,0.0,2.29,0.0,0.0,,,,0.0,,,,0.01,,,,2.29,,,,,,,,,,,,,,,,,,,,,
11.194687,RATE,0.4515647888183594,0.4515647888183594,,0.0,0.0,,,,,,0.00684564933180809,-0.013012431561946869,-5.8766967413248494e-05,,0.00559205561876297,-0.08768554031848907,-0.0002235960419056937,,1.7540661096572876,1.2144851098128129e-06,-0.002768225036561489,,,,,,,,,,,,,,,,,,,,,,
11.194687,XKF1,,,,,,,,,,,,,,,,,,,,,,,0.0,0.0,,,0.0020846437814672856,,,,,,0.0,,,,,,,0.0015997359296306968,,0.0015997359296306968,-0.0013366318307816982
11.194687,POS,,,,,,,,,,,,,,,,,,,,,,,0.011132000130089637,0.0,,,,,37.4274999,-122.1697,,,-0.011132000130089637,,,,-0.027388732880353928,,,,,,
11.294647,ATT,,,3,,,0.0,0.0,2.38,0.0,0.0,,,,0.0,,,,0.01,,,,2.38,,,,,,,,,,,,,,,,,,,,,
11.294647,RATE,0.4595756530761719,0.4595756530761719,,0.0,0.0,,,,,,0.003652211045846343,-0.01413013692945242,-4.060915671288967e-05,,0.008733712136745453,-0.0875253677368164,-0.00022482658096123487,,1.7364590167999268,2.5937126792996423e-06,-0.0027446153108030558,,,,,,,,,,,,,,,,,,,,,,
11.294647,XKF1,,,,,,,,,,,,,,,,,,,,,,,0.0,0.0,,,0.0021642948560610274,,,,,,0.0,,,,,,,0.0016413504490628839,,0.0016413504490628839,-0.001410723547451198
11.294647,POS,,,,,,,,,,,,,,,,,,,,,,,0.011132000130089637,0.0,,,,,37.4274999,-122.1697,,,-0.011132000130089637,,,,-0.027388732880353928,,,,,,
11.394607,ATT,,,3,,,0.0,0.0,2.46,0.0,0.0,,,,0.0,,,,0.01,,,,2.46,,,,,,,,,,,,,,,,,,,,,
11.394607,RATE,0.4360198974609375,0.4360198974609375,,0.0,0.0,,,,,,0.0056395684368908405,-0.015647612512111664,-5.485114888870157e-05,,0.00866934284567833,-0.08728466182947159,-0.00022198907390702516,,1.7216997146606445,2.6155205432587536e-06,-0.002720828168094158,,,,,,,,,,,,,,,,,,,,,,
11.394607,XKF1,,,,,,,,,,,,,,,,,,,,,,,0.0,0.0,,,0.002196983519140165,,,,,,0.0,,,,,,,0.0015996225411072373,,0.0015996225411072373,-0.0015059695579111576
11.394607,POS,,,,,,,,,,,,,,,,,,,,,,,0.011132000130089637,0.0,,,,,37.4274999,-122.1697,,,-0.011132000130089637,,,,-0.027388732880353928,,,,,,
11.494567,ATT,,,3,,,0.0,0.0,2.54,0.0,0.0,,,,0.0,,,,0.01,,,,2.54,,,,,,,,,,,,,,,,,,,,,
11.494567,RATE,0.36334991455078125,0.36334991455078125,,0.0,0.0,,,,,,0.005626707803457975,-0.017609471455216408,-4.9535745347384363e-05,,0.008064822293817997,-0.08693347126245499,-0.0002270751429023221,,1.7147449254989624,-6.992287353568827e-07,-0.002701457589864731,,,,,,,,,,,,,,,,,,,,,,
11.494567,XKF1,,,,,,,,,,,,,,,,,,,,,,,0.0,0.0,,,0.0022802103115709188,,,,,,0.0,,,,,,,0.0016148550203070045,,0.0016148550203070045,-0.0016098454361781478
11.494567,POS,,,,,,,,,,,,,,,,,,,,,,,0.011132000130089637,0.0,,,,,37.4274999,-122.1697,,,-0.011132000130089637,,,,-0.027388732880353928,,,,,,
11.594527,ATT,,,3,,,0.0,0.0,2.62,0.0,0.0,,,,0.0,,,,0.01,,,,2.62,,,,,,,,,,,,,,,,,,,,,
11.594527,RATE,0.4284858703613281,0.4284858703613281,,0.0,0.0,,,,,,0.007414018735289574,-0.01910155452787876,-7.076506153680384e-05,,0.010702274739742279,-0.08663585782051086,-0.0002388068096479401,,1.6982895135879517,5.857673386344686e-07,-0.0026740366593003273,,,,,,,,,,,,,,,,,,,,,,
11.594527,XKF1,,,,,,,,,,,,,,,,,,,,,,,0.0,0.0,,,0.002354841489981405,,,,,,0.0,,,,,,,0.001673652557656169,,0.001673652557656169,-0.0016565523110330105
11.594527,POS,,,,,,,,,,,,,,,,,,,,,,,0.011132000130089637,0.0,,,,,37.4274999,-122.1697,,,-0.011132000130089637,,,,-0.027388732880353928,,,,,,
11.694487,ATT,,,3,,,0.0,0.0,2.7,0.0,0.0,,,,0.0,,,,0.01,,,,2.7,,,,,,,,,,,,,,,,,,,,,
11.694487,RATE,0.2816200256347656,0.2816200256347656,,0.0,0.0,,,,,,0.00565863074734807,-0.020373685285449028,-6.911858508829027e-05,,0.008770456537604332,-0.08636108785867691,-0.00023558134853374213,,1.676680564880371,7.376146982096543e-07,-0.0026476839557290077,,,,,,,,,,,,,,,,,,,,,,
11.694487,XKF1,,,,,,,,,,,,,,,,,,,,,,,0.0,0.0,,,0.002401497727684246,,,,,,0.0,,,,,,,0.0016631927574053407,,0.0016631927574053407,-0.001732334028929472
11.694487,POS,,,,,,,,,,,,,,,,,,,,,,,0.011132000130089637,0.0,,,,,37.4274999,-122.1697,,,-0.011132000130089637,,,,-0.027388732880353928,,,,,,
11.794447,ATT,,,3,,,0.0,0.0,2.76,0.0,0.0,,,,0.0,,,,0.01,,,,2.76,,,,,,,,,,,,,,,,,,,,,
11.794447,RATE,0.3380775451660156,0.3380775451660156,,0.0,0.0,,,,,,-0.000593999691773206,-0.020421840250492096,-2.537786895118188e-05,,0.007616688031703234,-0.08635029941797256,-0.00022691547928843647,,1.6663165092468262,1.1172647873536334e-06,-0.0026246390771120787,,,,,,,,,,,,,,,,,,,,,,
11.794447,XKF1,,,,,,,,,,,,,,,,,,,,,,,0.0,0.0,,,0.002485332282210146,,,,,,0.0,,,,,,,0.001701171160675585,,0.0017011711606755853,-0.001811875612474978
11.794447,POS,,,,,,,,,,,,,,,,,,,,,,,0.011132000130089637,0.0,,,,,37.4274999,-122.1697,,,-0.011132000130089637,,,,-0.027388732880353928,,,,,,
11.894407,ATT,,,3,,,0.0,0.0,2.83,0.0,0.0,,,,0.0,,,,0.01,,,,2.83,,,,,,,,,,,,,,,,,,,,,
11.894407,RATE,0.2654075622558594,0.2654075622558594,,0.0,0.0,,,,,,0.004331422969698906,-0.020751815289258957,-6.674266478512436e-05,,0.008570138365030289,-0.08627564460039139,-0.00021900671708863229,,1.646138072013855,2.877105771403876e-06,-0.002601461485028267,,,,,,,,,,,,,,,,,,,,,,
11.894407,XKF1,,,,,,,,,,,,,,,,,,,,,,,0.0,0.0,,,0.0025636986613581385,,,,,,0.0,,,,,,,0.0017439846415072677,,0.001743984641507268,-0.0018791137263178825
11.894407,POS,,,,,,,,,,,,,,,,,,,,,,,0.011132000130089637,0.0,,,,,37.4274999,-122.1697,,,-0.011132000130089637,,,,-0.027388732880353928,,,,,,
11.994367,ATT,,,3,,,0.0,0.0,2.89,0.0,0.0,,,,0.0,,,,0.01,,,,2.89,,,,,,,,,,,,,,,,,,,,,
11.994367,RATE,0.34389495849609375,0.34389495849609375,,0.0,0.0,,,,,,0.005912902764976025,-0.021164575591683388,-7.982267561601475e-05,,0.0046296692453324795,-0.08618040382862091,-0.0002009675808949396,,1.6357694864273071,3.176051677655778e-06,-0.002576575381681323,,,,,,,,,,,,,,,,,,,,,,
11.994367,XKF1,,,,,,,,,,,,,,,,,,,,,,,0.0,0.0,,,0.0026267791597471123,,,,,,0.0,,,,,,,0.0017571466742083428,,0.001757146674208343,-0.0019525379175320268
11.994367,POS,,,,,,,,,,,,,,,,,,,,,,,0.011132000130089637,0.0,,,,,37.4274999,-122.1697,,,-0.011132000130089637,,,,-0.027388732880353928,,,,,,
12.094327,ATT,,,3,,,0.0,0.0,2.95,0.0,0.0,,,,0.0,,,,0.01,,,,2.95,,,,,,,,,,,,,,,,,,,,,
12.094327,RATE,0.34046173095703125,0.34046173095703125,,0.0,0.0,,,,,,0.008991215378046036,-0.022806989029049873,-9.168007818516344e-05,,0.004420491401106119,-0.08578082919120789,-0.00020799675257876515,,1.618850588798523,1.8749759647107567e-06,-0.0025557184126228094,,,,,,,,,,,,,,,,,,,,,,
12.094327,XKF1,,,,,,,,,,,,,,,,,,,,,,,0.0,0.0,,,0.0027695171462751287,,,,,,0.0,,,,,,,0.0018423340516164897,,0.0018423340516164899,-0.00206785649061203
12.094327,POS,,,,,,,,,,,,,,,,,,,,,,,0.011132000130089637,0.0,,,,,37.4274999,-122.1697,,,-0.011132000130089637,,,,-0.027388732880353928,,,,,,
12.194287,ATT,,,3,,,0.0,0.0,3.0,0.0,0.0,,,,0.0,,,,0.01,,,,3.0,,,,,,,,,,,,,,,,,,,,,
12.194287,RATE,0.3399848937988281,0.3399848937988281,,0.0,0.0,,,,,,0.005324342753738165,-0.02308802306652069,-5.497668462339789e-05,,0.014396104030311108,-0.08570913225412369,-0.00025353339151479304,,1.6015651226043701,2.9658142466360005e-06,-0.0025281354319304228,,,,,,,,,,,,,,,,,,,,,,
12.194287,XKF1,,,,,,,,,,,,,,,,,,,,,,,0.0,0.0,,,0.0028376258958884696,,,,,,0.0,,,,,,,0.0018855106318369506,,0.0018855106318369508,-0.0021206061355769634
12.194287,POS,,,,,,,,,,,,,,,,,,,,,,,0.011132000130089637,0.0,,,,,37.4274999,-122.1697,,,-0.011132000130089637,,,,-0.027388732880353928,,,,,,
12.294247,ATT,,,3,,,0.0,0.0,3.06,0.0,0.0,,,,0.0,,,,0.01,,,,3.06,,,,,,,,,,,,,,,,,,,,,
12.294247,RATE,0.3354072570800781,0.3354072570800781,,0.0,0.0,,,,,,0.005597901996225119,-0.023044418543577194,-6.800526898587123e-05,,0.012111515738070011,-0.08572031557559967,-0.0002318349143024534,,1.576552391052246,-2.4187947929021902e-06,-0.002501302631571889,,,,,,,,,,,,,,,,,,,,,,
12.294247,XKF1,,,,,,,,,,,,,,,,,,,,,,,0.0,0.0,,,0.002984366770364146,,,,,,0.0,,,,,,,0.0019419440068304537,,0.0019419440068304539,-0.0022661196999251842
12.294247,POS,,,,,,,,,,,,,,,,,,,,,,,0.011132000130089637,0.0,,,,,37.4274999,-122.1697,,,-0.011132000130089637,,,,-0.027388732880353928,,,,,,
12.394207,ATT,,,3,,,0.0,0.0,3.11,0.0,0.0,,,,0.0,,,,0.01,,,,3.11,,,,,,,,,,,,,,,,,,,,,
12.394207,RATE,0.3567695617675781,0.3567695617675781,,0.0,0.0,,,,,,0.00879588257521391,-0.025079432874917984,-8.388046990148723e-05,,0.005161698907613754,-0.08517299592494965,-0.00020376969769131392,,1.5631259679794312,1.465216541873815e-06,-0.002472194144502282,,,,,,,,,,,,,,,,,,,,,,
12.394207,XKF1,,,,,,,,,,,,,,,,,,,,,,,0.0,0.0,,,0.0031020122492046586,,,,,,0.0,,,,,,,0.0020425585098564625,,0.0020425585098564625,-0.0023346166126430035
12.394207,POS,,,,,,,,,,,,,,,,,,,,,,,0.011132000130089637,0.0,,,,,37.4274999,-122.1697,,,-0.011132000130089637,,,,-0.027388732880353928,,,,,,
12.495,ATT,,,3,,,0.0,0.0,3.15,0.0,0.0,,,,0.0,,,,0.01,,,,3.15,,,,,,,,,,,,,,,,,,,,,
12.495,RATE,0.28934478759765625,0.28934478759765625,,0.0,0.0,,,,,,0.00423324154689908,-0.02615448832511902,-6.777555245207623e-05,,0.003433742793276906,-0.08486288040876389,-0.00018532411195337772,,1.547121524810791,1.5764096588100074e-06,-0.0024450563360005617,,,,,,,,,,,,,,,,,,,,,,
12.495,XKF1,,,,,,,,,,,,,,,,,,,,,,,0.0,0.0,,,0.0032525662350678317,,,,,,0.0,,,,,,,0.002146773273125291,,0.002146773273125291,-0.002443471224978566
12.495,POS,,,,,,,,,,,,,,,,,,,,,,,0.011132000130089637,0.0,,,,,37.4274999,-122.1697,,,-0.011132000130089637,,,,-0.027388732880353928,,,,,,
12.59496,ATT,,,3,,,0.0,0.0,3.2,0.0,0.0,,,,0.0,,,,0.01,,,,3.2,,,,,,,,,,,,,,,,,,,,,
12.59496,RATE,0.21505355834960938,0.21505355834960938,,0.0,0.0,,,,,,-0.00020907825091853738,-0.026111440733075142,-4.2717219912447035e-05,,0.009054785594344139,-0.08487558364868164,-0.00023088269517756999,,1.530818223953247,2.5697504497657064e-06,-0.0024175485596060753,,,,,,,,,,,,,,,,,,,,,,
12.59496,XKF1,,,,,,,,,,,,,,,,,,,,,,,0.0,0.0,,,0.0033582276877126456,,,,,,0.0,,,,,,,0.0021698817145079374,,0.0021698817145079374,-0.0025630658492445946
12.59496,POS,,,,,,,,,,,,,,,,,,,,,,,0.011132000130089637,0.0,,,,,37.4274999,-122.1697,,,-0.011132000130089637,,,,-0.027388732880353928,,,,,,
12.69492,ATT,,,3,,,0.0,0.0,3.24,0.0,0.0,,,,0.0,,,,0.01,,,,3.24,,,,,,,,,,,,,,,,,,,,,
12.69492,RATE,0.2788543701171875,0.2788543701171875,,0.0,0.0,,,,,,0.006265014875680208,-0.026998188346624374,-7.789604569552466e-05,,0.005646649748086929,-0.08460920304059982,-0.00019129010615870357,,1.5138158798217773,2.9988329970365157e-06,-0.0023905413690954447,,,,,,,,,,,,,,,,,,,,,,
12.69492,XKF1,,,,,,,,,,,,,,,,,,,,,,,0.0,0.0,,,0.003457297248557595,,,,,,0.0,,,,,,,0.0022206520661711693,,0.0022206520661711693,-0.0026498318184167147
12.69492,POS,,,,,,,,,,,,,,,,,,,,,,,0.011132000130089637,0.0,,,,,37.4274999,-122.1697,,,-0.011132000130089637,,,,-0.027388732880353928,,,,,,
12.79488,ATT,,,3,,,0.0,0.0,3.27,0.0,0.0,,,,0.0,,,,0.01,,,,3.27,,,,,,,,,,,,,,,,,,,,,
12.79488,RATE,0.22859573364257812,0.22859573364257812,,0.0,0.0,,,,,,-0.0012411621864885092,-0.02724560536444187,-4.583982808981091e-05,,0.00557726202532649,-0.08453306555747986,-0.00020550655608531088,,1.4958401918411255,3.585930244298652e-06,-0.0023629157803952694,,,,,,,,,,,,,,,,,,,,,,
12.79488,XKF1,,,,,,,,,,,,,,,,,,,,,,,0.0,0.0,,,0.003580002868269583,,,,,,0.0,,,,,,,0.0023093714844435453,,0.0023093714844435453,-0.002735548187047243
12.79488,POS,,,,,,,,,,,,,,,,,,,,,,,0.011132000130089637,0.0,,,,,37.4274999,-122.1697,,,-0.011132000130089637,,,,-0.027388732880353928,,,,,,
12.89484,ATT,,,3,,,0.0,0.0,3.31,0.0,0.0,,,,0.0,,,,0.01,,,,3.31,,,,,,,,,,,,,,,,,,,,,
12.89484,RATE,0.2147674560546875,0.2147674560546875,,0.0,0.0,,,,,,0.009108150377869606,-0.02920677326619625,-9.618553303880617e-05,,0.007815660908818245,-0.08390156179666519,-0.00020160022540949285,,1.4757882356643677,5.483308541442966e-06,-0.00233460683375597,,,,,,,,,,,,,,,,,,,,,,
12.89484,XKF1,,,,,,,,,,,,,,,,,,,,,,,0.0,0.0,,,0.0037325031866381666,,,,,,0.0,,,,,,,0.002419733675196767,,0.002419733675196767,-0.0028419129084795713
12.89484,POS,,,,,,,,,,,,,,,,,,,,,,,0.011132000130089637,0.0,,,,,37.4274999,-122.1697,,,-0.011132000130089637,,,,-0.027388732880353928,,,,,,
12.9948,ATT,,,3,,,0.0,0.0,3.34,0.0,0.0,,,,0.0,,,,0.01,,,,3.34,,,,,,,,,,,,,,,,,,,,,
12.9948,RATE,0.2964019775390625,0.2964019775390625,,0.0,0.0,,,,,,0.009690402075648308,-0.030384866520762444,-0.00010939507774310187,,0.015881480649113655,-0.08349793404340744,-0.00023833046725485474,,1.462438941001892,4.450171672942815e-06,-0.0023077488876879215,,,,,,,,,,,,,,,,,,,,,,
12.9948,XKF1,,,,,,,,,,,,,,,,,,,,,,,0.0,0.0,,,0.0038742847878314984,,,,,,0.0,,,,,,,0.002494187792763114,,0.002494187792763114,-0.00296464329585433
12.9948,POS,,,,,,,,,,,,,,,,,,,,,,,0.011132000130089637,0.0,,,,,37.4274999,-122.1697,,,-0.011132000130089637,,,,-0.027388732880353928,,,,,,
13.094759999999999,ATT,,,3,,,0.0,0.0,3.38,0.0,0.0,,,,0.0,,,,0.01,,,,3.38,,,,,,,,,,,,,,,,,,,,,
13.094759999999999,RATE,0.2686500549316406,0.2686500549316406,,0.0,0.0,,,,,,0.0035563744604587555,-0.03031753934919834,-7.895706221461296e-05,,0.013684830628335476,-0.08352149277925491,-0.0002448870800435543,,1.4466373920440674,2.6287032142136013e-06,-0.0022833729162812233,,,,,,,,,,,,,,,,,,,,,,
13.094759999999999,XKF1,,,,,,,,,,,,,,,,,,,,,,,0.0,0.0,,,0.0039480041513184575,,,,,,0.0,,,,,,,0.0025260020047426224,,0.0025260020047426224,-0.003034147433936596
13.094759999999999,POS,,,,,,,,,,,,,,,,,,,,,,,0.011132000130089637,0.0,,,,,37.4274999,-122.1697,,,-0.011132000130089637,,,,-0.027388732880353928,,,,,,
13.19472,ATT,,,3,,,0.0,0.0,3.41,0.0,0.0,,,,0.0,,,,0.01,,,,3.41,,,,,,,,,,,,,,,,,,,,,
13.19472,RATE,0.3193855285644531,0.3193855285644531,,0.0,0.0,,,,,,0.006533187348395586,-0.03079112619161606,-9.888524073176086e-05,,0.01294716726988554,-0.08335445821285248,-0.0002407990541541949,,1.4237630367279053,-1.8900791474152356e-06,-0.0022574272006750107,,,,,,,,,,,,,,,,,,,,,,
13.19472,XKF1,,,,,,,,,,,,,,,,,,,,,,,0.0,0.0,,,0.00414721063911002,,,,,,0.0,,,,,,,0.002661788836121559,,0.002661788836121559,-0.0031802887097001076
13.19472,POS,,,,,,,,,,,,,,,,,,,,,,,0.011132000130089637,0.0,,,,,37.4274999,-122.1697,,,-0.011132000130089637,,,,-0.027388732880353928,,,,,,
13.29468,ATT,,,3,,,0.0,0.0,3.43,0.0,0.0,,,,0.0,,,,0.01,,,,3.43,,,,,,,,,,,,,,,,,,,,,
13.29468,RATE,0.2554893493652344,0.2554893493652344,,0.0,0.0,,,,,,0.00595971941947937,-0.031507037580013275,-8.923402492655441e-05,,0.008823280222713947,-0.0830962210893631,-0.00021584730711765587,,1.4114000797271729,5.515265002031811e-06,-0.002230477286502719,,,,,,,,,,,,,,,,,,,,,,
13.29468,XKF1,,,,,,,,,,,,,,,,,,,,,,,0.0,0.0,,,0.004269607441773243,,,,,,0.0,,,,,,,0.0027416450902819633,,0.0027416450902819633,-0.00327306124381721
13.29468,POS,,,,,,,,,,,,,,,,,,,,,,,0.011132000130089637,0.0,,,,,37.4274999,-122.1697,,,-0.011132000130089637,,,,-0.027388732880353928,,,,,,
13.39464,ATT,,,3,,,0.0,0.0,3.46,0.0,0.0,,,,0.0,,,,0.01,,,,3.46,,,,,,,,,,,,,,,,,,,,,
13.39464,RATE,0.06551742553710938,0.06551742553710938,,0.0,0.0,,,,,,0.0028811078518629074,-0.03190083056688309,-6.451622175518423e-05,,0.008120297454297543,-0.08295121043920517,-0.000209036807063967,,1.4002050161361694,3.6580001960828668e-06,-0.002207158599048853,,,,,,,,,,,,,,,,,,,,,,
13.39464,XKF1,,,,,,,,,,,,,,,,,,,,,,,0.0,0.0,,,0.004347153229720892,,,,,,0.0,,,,,,,0.0028186363633722067,,0.0028186363633722067,-0.0033095362596213818
13.39464,POS,,,,,,,,,,,,,,,,,,,,,,,0.011132000130089637,0.0,,,,,37.4274999,-122.1697,,,-0.011132000130089637,,,,-0.027388732880353928,,,,,,
13.4946,ATT,,,3,,,0.0,0.0,3.48,0.0,0.0,,,,0.0,,,,0.02,,,,3.48,,,,,,,,,,,,,,,,,,,,,
13.4946,RATE,0.16241073608398438,0.16241073608398438,,0.0,0.0,,,,,,0.006594520527869463,-0.03243179991841316,-9.332300396636128e-05,,0.011658242903649807,-0.08275235444307327,-0.00022161542437970638,,1.378434181213379,6.192211003508419e-06,-0.002179137896746397,,,,,,,,,,,,,,,,,,,,,,
13.4946,XKF1,,,,,,,,,,,,,,,,,,,,,,,0.0,0.0,,,0.00446906469910924,,,,,,0.0,,,,,,,0.002887386828660965,,0.002887386828660965,-0.0034110902342945337
13.4946,POS,,,,,,,,,,,,,,,,,,,,,,,0.011132000130089637,0.0,,,,,37.4274999,-122.1697,,,-0.011132000130089637,,,,-0.027388732880353928,,,,,,
13.59456,ATT,,,3,,,0.0,0.0,3.5,0.0,0.0,,,,0.0,,,,0.02,,,,3.5,,,,,,,,,,,,,,,,,,,,,
13.59456,RATE,0.07457733154296875,0.07457733154296875,,0.0,0.0,,,,,,0.003452637232840061,-0.032522447407245636,-9.002687147585675e-05,,0.009947361424565315,-0.08271801471710205,-0.00021731379092670977,,1.364043116569519,8.295954103232361e-06,-0.00215526157990098,,,,,,,,,,,,,,,,,,,,,,
13.59456,XKF1,,,,,,,,,,,,,,,,,,,,,,,0.0,0.0,,,0.004538808861765413,,,,,,0.0,,,,,,,0.002896609716117382,,0.002896609716117382,-0.0034943437203764915
13.59456,POS,,,,,,,,,,,,,,,,,,,,,,,0.011132000130089637,0.0,,,,,37.4274999,-122.1697,,,-0.011132000130089637,,,,-0.027388732880353928,,,,,,
13.69452,ATT,,,3,,,0.0,0.0,3.52,0.0,0.0,,,,0.0,,,,0.02,,,,3.52,,,,,,,,,,,,,,,,,,,,,
13.69452,RATE,0.0858306884765625,0.0858306884765625,,0.0,0.0,,,,,,0.007187195122241974,-0.03308342397212982,-9.1199588496238e-05,,0.009382917545735836,-0.08250300586223602,-0.00021045653556939214,,1.3488895893096924,6.664700777037069e-06,-0.002129193162545562,,,,,,,,,,,,,,,,,,,,,,
13.69452,XKF1,,,,,,,,,,,,,,,,,,,,,,,0.0,0.0,,,0.004656318021109862,,,,,,0.0,,,,,,,0.0029827468097209926,,0.002982746809720993,-0.003575544571503997
13.69452,POS,,,,,,,,,,,,,,,,,,,,,,,0.011132000130089637,0.0,,,,,37.4274999,-122.1697,,,-0.011132000130089637,,,,-0.027388732880353928,,,,,,
13.794479999999998,ATT,,,3,,,0.0,0.0,3.54,0.0,0.0,,,,0.0,,,,0.02,,,,3.54,,,,,,,,,,,,,,,,,,,,,
13.794479999999998,RATE,0.12006759643554688,0.12006759643554688,,0.0,0.0,,,,,,0.006091726943850517,-0.03308161720633507,-0.00010015848965849727,,0.00726282736286521,-0.08250369131565094,-0.00020866219711024314,,1.329007625579834,7.058710252749734e-06,-0.002104923129081726,,,,,,,,,,,,,,,,,,,,,,
13.794479999999998,XKF1,,,,,,,,,,,,,,,,,,,,,,,0.0,0.0,,,0.004798950894309886,,,,,,0.0,,,,,,,0.003079196903854608,,0.0030791969038546085,-0.0036808254662901163
13.794479999999998,POS,,,,,,,,,,,,,,,,,,,,,,,0.011132000130089637,0.0,,,,,37.4274999,-122.1697,,,-0.011132000130089637,,,,-0.027388732880353928,,,,,,
13.894440000000001,ATT,,,3,,,0.0,0.0,3.56,0.0,0.0,,,,0.0,,,,0.02,,,,3.56,,,,,,,,,,,,,,,,,,,,,
13.894440000000001,RATE,0.16050338745117188,0.16050338745117188,,0.0,0.0,,,,,,0.0064912824891507626,-0.03356076031923294,-8.37438929011114e-05,,0.011644307523965836,-0.08231661468744278,-0.00024011003552004695,,1.3166221380233765,2.906493364207563e-06,-0.002083256607875228,,,,,,,,,,,,,,,,,,,,,,
13.894440000000001,XKF1,,,,,,,,,,,,,,,,,,,,,,,0.0,0.0,,,0.004976032141296054,,,,,,0.0,,,,,,,0.0032114894129335876,,0.003211489412933588,-0.003800951410084963
13.894440000000001,POS,,,,,,,,,,,,,,,,,,,,,,,0.011132000130089637,0.0,,,,,37.4274999,-122.1697,,,-0.011132000130089637,,,,-0.027388732880353928,,,,,,
13.9944,ATT,,,3,,,0.0,0.0,3.58,0.0,0.0,,,,0.0,,,,0.02,,,,3.58,,,,,,,,,,,,,,,,,,,,,
13.9944,RATE,0.17042160034179688,0.17042160034179688,,0.0,0.0,,,,,,0.007612819317728281,-0.03418537601828575,-0.00010686650784919038,,0.009096299298107624,-0.08206791430711746,-0.0002057167876046151,,1.3029080629348755,3.2014756925491383e-06,-0.002056094817817211,,,,,,,,,,,,,,,,,,,,,,
13.9944,XKF1,,,,,,,,,,,,,,,,,,,,,,,0.0,0.0,,,0.005072864848007306,,,,,,0.0,,,,,,,0.0032649969216436143,,0.0032649969216436148,-0.0038824931252747774
13.9944,POS,,,,,,,,,,,,,,,,,,,,,,,0.011132000130089637,0.0,,,,,37.4274999,-122.1697,,,-0.011132000130089637,,,,-0.027388732880353928,,,,,,
14.09436,ATT,,,3,,,0.0,0.0,3.59,0.0,0.0,,,,0.0,,,,0.02,,,,3.59,,,,,,,,,,,,,,,,,,,,,
14.09436,RATE,0.2890586853027344,0.2890586853027344,,0.0,0.0,,,,,,0.002321953419595957,-0.034221261739730835,-8.113151125144213e-05,,0.008195885457098484,-0.08205346018075943,-0.0002094465889967978,,1.2832306623458862,1.4725569599249866e-06,-0.0020348953548818827,,,,,,,,,,,,,,,,,,,,,,
14.09436,XKF1,,,,,,,,,,,,,,,,,,,,,,,0.0,0.0,,,0.005238873728982642,,,,,,0.0,,,,,,,0.003374535124748945,,0.0033745351247489452,-0.004007282201200724
14.09436,POS,,,,,,,,,,,,,,,,,,,,,,,0.011132000130089637,0.0,,,,,37.4274999,-122.1697,,,-0.011132000130089637,,,,-0.027388732880353928,,,,,,
14.19432,ATT,,,3,,,0.0,0.0,3.6,0.0,0.0,,,,0.0,,,,0.02,,,,3.6,,,,,,,,,,,,,,,,,,,,,
14.19432,RATE,0.23088455200195312,0.23088455200195312,,0.0,0.0,,,,,,0.0026701237075030804,-0.03420286998152733,-7.981302042026073e-05,,0.011027309112250805,-0.08206086605787277,-0.0002175973349949345,,1.272977590560913,4.00528324462357e-06,-0.0020126665476709604,,,,,,,,,,,,,,,,,,,,,,
14.19432,XKF1,,,,,,,,,,,,,,,,,,,,,,,0.0,0.0,,,0.005399031443855873,,,,,,0.0,,,,,,,0.0034901297185569997,,0.003490129718557,-0.0041192881762981415
14.19432,POS,,,,,,,,,,,,,,,,,,,,,,,0.011132000130089637,0.0,,,,,37.4274999,-122.1697,,,-0.011132000130089637,,,,-0.027388732880353928,,,,,,
14.294279999999999,ATT,,,3,,,0.0,0.0,3.62,0.0,0.0,,,,0.0,,,,0.02,,,,3.62,,,,,,,,,,,,,,,,,,,,,
14.294279999999999,RATE,0.06513595581054688,0.06513595581054688,,0.0,0.0,,,,,,0.0057860491797327995,-0.03503509238362312,-9.636421600589529e-05,,0.008143610320985317,-0.0817207619547844,-0.00021759714582003653,,1.2588258981704712,7.740627552266233e-06,-0.001986360177397728,,,,,,,,,,,,,,,,,,,,,,
14.294279999999999,XKF1,,,,,,,,,,,,,,,,,,,,,,,0.0,0.0,,,0.0055525258280766,,,,,,0.0,,,,,,,0.003640805836766958,,0.0036408058367669582,-0.0041922638192772865
14.294279999999999,POS,,,,,,,,,,,,,,,,,,,,,,,0.011132000130089637,0.0,,,,,37.4274999,-122.1697,,,-0.011132000130089637,,,,-0.027388732880353928,,,,,,
14.394239999999998,ATT,,,3,,,0.0,0.0,3.63,0.0,0.0,,,,0.0,,,,0.02,,,,3.63,,,,,,,,,,,,,,,,,,,,,
14.394239999999998,RATE,0.18129348754882812,0.18129348754882812,,0.0,0.0,,,,,,0.005501852370798588,-0.04992038384079933,-0.00012637011241167784,,0.0061508528888225555,-0.11546346545219421,-0.0002764415694400668,,1.2426196336746216,9.492517165199388e-06,-0.0019633034244179726,,,,,,,,,,,,,,,,,,,,,,
14.394239999999998,XKF1,,,,,,,,,,,,,,,,,,,,,,,0.0,0.0,,,0.0057027428031844445,,,,,,0.0,,,,,,,0.003765955567359924,,0.0037659555673599243,-0.004282388836145401
14.394239999999998,POS,,,,,,,,,,,,,,,,,,,,,,,0.011132000130089637,0.0,,,,,37.4274999,-122.1697,,,-0.011132000130089637,,,,-0.027388732880353928,,,,,,
14.494200000000001,ATT,,,3,,,0.0,0.0,3.64,0.0,0.0,,,,0.0,,,,0.02,,,,3.64,,,,,,,,,,,,,,,,,,,,,
14.494200000000001,RATE,0.17490386962890625,0.17490386962890625,,0.0,0.0,,,,,,0.008681997656822205,-0.05041598901152611,-0.00013615172065328807,,0.012465829961001873,-0.11525291949510574,-0.0003030457010027021,,1.2282640933990479,8.249498023360502e-06,-0.0019415229326114058,,,,,,,,,,,,,,,,,,,,,,
14.494200000000001,XKF1,,,,,,,,,,,,,,,,,,,,,,,0.0,0.0,,,0.005796919853943457,,,,,,0.0,,,,,,,0.0038217746187001462,,0.0038217746187001467,-0.004358706064522266
14.494200000000001,POS,,,,,,,,,,,,,,,,,,,,,,,0.011132000130089637,0.0,,,,,37.4274999,-122.1697,,,-0.011132000130089637,,,,-0.027388732880353928,,,,,,
14.594993,ATT,,,3,,,0.0,0.0,3.65,0.0,0.0,,,,0.01,,,,0.02,,,,3.65,,,,,,,,,,,,,,,,,,,,,
14.594993,RATE,0.0095367431640625,0.0095367431640625,,0.0,0.0,,,,,,0.008060865104198456,-0.05068736895918846,-0.00014221183664631099,,0.007907847873866558,-0.11513656377792358,-0.0002785871911328286,,1.2184761762619019,1.0530106919759419e-05,-0.00191899121273309,,,,,,,,,,,,,,,,,,,,,,
14.594993,XKF1,,,,,,,,,,,,,,,,,,,,,,,0.0,0.0,,,0.005953146490761232,,,,,,0.0,,,,,,,0.003947277087718248,,0.003947277087718248,-0.0044563389383256435
14.594993,POS,,,,,,,,,,,,,,,,,,,,,,,0.011132000130089637,0.0,,,,,37.4274999,-122.1697,,,-0.011132000130089637,,,,-0.027388732880353928,,,,,,
14.694953,ATT,,,3,,,0.0,0.0,3.66,0.0,0.0,,,,0.01,,,,0.02,,,,3.66,,,,,,,,,,,,,,,,,,,,,
14.694953,RATE,0.08440017700195312,0.08440017700195312,,0.0,0.0,,,,,,0.008099539205431938,-0.05102365091443062,-0.00014286392251960933,,0.010817186906933784,-0.11499132961034775,-0.00029650770011357963,,1.2010300159454346,3.678566145026707e-06,-0.0018947378266602755,,,,,,,,,,,,,,,,,,,,,,
14.694953,XKF1,,,,,,,,,,,,,,,,,,,,,,,0.0,0.0,,,0.006129747234838764,,,,,,0.0,,,,,,,0.00407835841178894,,0.00407835841178894,-0.00457611121237278
14.694953,POS,,,,,,,,,,,,,,,,,,,,,,,0.011132000130089637,0.0,,,,,37.4274999,-122.1697,,,-0.011132000130089637,,,,-0.027388732880353928,,,,,,
14.794913,ATT,,,3,,,0.0,0.0,3.66,0.0,0.0,,,,0.01,,,,0.02,,,,3.66,,,,,,,,,,,,,,,,,,,,,
14.794913,RATE,0.2445220947265625,0.2445220947265625,,0.0,0.0,,,,,,0.005592485889792442,-0.051232077181339264,-0.00013144848344381899,,0.006946976762264967,-0.11490073800086975,-0.00026585167506709695,,1.180295705795288,6.359476174111478e-06,-0.001871714135631919,,,,,,,,,,,,,,,,,,,,,,
14.794913,XKF1,,,,,,,,,,,,,,,,,,,,,,,0.0,0.0,,,0.00626728979060553,,,,,,0.0,,,,,,,0.004189773928374052,,0.004189773928374052,-0.004660977981984615
14.794913,POS,,,,,,,,,,,,,,,,,,,,,,,0.011132000130089637,0.0,,,,,37.4274999,-122.1697,,,-0.011132000130089637,,,,-0.027388732880353928,,,,,,
14.894872999999999,ATT,,,3,,,0.0,0.0,3.67,0.0,0.0,,,,0.01,,,,0.02,,,,3.67,,,,,,,,,,,,,,,,,,,,,
14.894872999999999,RATE,0.14133453369140625,0.14133453369140625,,0.0,0.0,,,,,,0.005250637885183096,-0.05133306235074997,-0.00014263068442232907,,0.011029912158846855,-0.11485669016838074,-0.0003022675809916109,,1.1739425659179688,3.90234663427691e-06,-0.0018506894120946527,,,,,,,,,,,,,,,,,,,,,,
14.894872999999999,XKF1,,,,,,,,,,,,,,,,,,,,,,,0.0,0.0,,,0.006434531304083022,,,,,,0.0,,,,,,,0.004268278367817402,,0.004268278367817402,-0.004815079737454653
14.894872999999999,POS,,,,,,,,,,,,,,,,,,,,,,,0.011132000130089637,0.0,,,,,37.4274999,-122.1697,,,-0.011132000130089637,,,,-0.027388732880353928,,,,,,
14.994833000000002,ATT,,,3,,,0.0,0.0,3.67,0.0,0.0,,,,0.01,,,,0.02,,,,3.67,,,,,,,,,,,,,,,,,,,,,
14.994833000000002,RATE,0.1148223876953125,0.1148223876953125,,0.0,0.0,,,,,,0.005476586986333132,-0.051599688827991486,-0.00014438360813073814,,0.010701646097004414,-0.11473987996578217,-0.00029387883841991425,,1.1618025302886963,1.3532596312870737e-05,-0.0018296674825251102,,,,,,,,,,,,,,,,,,,,,,
14.994833000000002,XKF1,,,,,,,,,,,,,,,,,,,,,,,0.0,0.0,,,0.006531884613225554,,,,,,0.0,,,,,,,0.0043450589291751385,,0.0043450589291751385,-0.004877087194472551
14.994833000000002,POS,,,,,,,,,,,,,,,,,,,,,,,0.011132000130089637,0.0,,,,,37.4274999,-122.1697,,,-0.011132000130089637,,,,-0.027388732880353928,,,,,,
15.094793000000001,ATT,,,3,,,0.0,0.0,3.68,0.0,0.0,,,,0.01,,,,0.02,,,,3.68,,,,,,,,,,,,,,,,,,,,,
15.094793000000001,RATE,0.20313262939453125,0.20313262939453125,,0.0,0.0,,,,,,0.009285008534789085,-0.052384424954652786,-0.00015223385707940906,,0.006164520978927612,-0.1143917664885521,-0.0002756160974968225,,1.138991117477417,1.552016328787431e-05,-0.0018059266731142998,,,,,,,,,,,,,,,,,,,,,,
15.094793000000001,XKF1,,,,,,,,,,,,,,,,,,,,,,,0.0,0.0,,,0.0066754149043283945,,,,,,0.0,,,,,,,0.004440399818122387,,0.004440399818122387,-0.004984376952052116
15.094793000000001,POS,,,,,,,,,,,,,,,,,,,,,,,0.011132000130089637,0.0,,,,,37.4274999,-122.1697,,,-0.011132000130089637,,,,-0.027388732880353928,,,,,,
15.194753,ATT,,,3,,,0.0,0.0,3.68,0.0,0.0,,,,0.01,,,,0.02,,,,3.68,,,,,,,,,,,,,,,,,,,,,
15.194753,RATE,0.11835098266601562,0.11835098266601562,,0.0,0.0,,,,,,0.0055052791722118855,-0.05304437875747681,-0.0001515077892690897,,0.011340197175741196,-0.11409402638673782,-0.000290734285954386,,1.1293725967407227,1.3597062206827104e-05,-0.0017842665547505021,,,,,,,,,,,,,,,,,,,,,,
15.194753,XKF1,,,,,,,,,,,,,,,,,,,,,,,0.0,0.0,,,0.00675375473827928,,,,,,0.0,,,,,,,0.004492391832172871,,0.004492391832172871,-0.005042977165430784
15.194753,POS,,,,,,,,,,,,,,,,,,,,,,,0.011132000130089637,0.0,,,,,37.4274999,-122.1697,,,-0.011132000130089637,,,,-0.027388732880353928,,,,,,
15.294713,ATT,,,3,,,0.0,0.0,3.69,0.0,0.0,,,,0.01,,,,0.02,,,,3.69,,,,,,,,,,,,,,,,,,,,,
15.294713,RATE,0.09069442749023438,0.09069442749023438,,0.0,0.0,,,,,,0.007120851427316666,-0.05360310152173042,-0.00015217671170830727,,0.007961002178490162,-0.11383837461471558,-0.00029274538974277675,,1.1191414594650269,1.5251315744535532e-05,-0.001765251043252647,,,,,,,,,,,,,,,,,,,,,,
15.294713,XKF1,,,,,,,,,,,,,,,,,,,,,,,0.0,0.0,,,0.006881947146849731,,,,,,0.0,,,,,,,0.0046117533929646015,,0.0046117533929646015,-0.005108123645186424
15.294713,POS,,,,,,,,,,,,,,,,,,,,,,,0.011132000130089637,0.0,,,,,37.4274999,-122.1697,,,-0.011132000130089637,,,,-0.027388732880353928,,,,,,
15.394673,ATT,,,3,,,0.0,0.0,3.69,0.0,0.0,,,,0.01,,,,0.02,,,,3.69,,,,,,,,,,,,,,,,,,,,,
15.394673,RATE,0.14753341674804688,0.14753341674804688,,0.0,0.0,,,,,,0.005091225728392601,-0.05317780375480652,-0.00014282771735452116,,0.009325820952653885,-0.1140332743525505,-0.00029106964939273894,,1.1027151346206665,9.416865395905916e-06,-0.0017457144567742944,,,,,,,,,,,,,,,,,,,,,,
15.394673,XKF1,,,,,,,,,,,,,,,,,,,,,,,0.0,0.0,,,0.007022790036506168,,,,,,0.0,,,,,,,0.004735709633678198,,0.004735709633678198,-0.005185810849070549
15.394673,POS,,,,,,,,,,,,,,,,,,,,,,,0.011132000130089637,0.0,,,,,37.4274999,-122.1697,,,-0.011132000130089637,,,,-0.027388732880353928,,,,,,
15.494632999999999,ATT,,,3,,,0.0,0.0,3.69,0.0,0.0,,,,0.01,,,,0.02,,,,3.69,,,,,,,,,,,,,,,,,,,,,
15.494632999999999,RATE,0.17747879028320312,0.17747879028320312,,0.0,0.0,,,,,,0.005319908726960421,-0.05271290987730026,-0.00014089826436247677,,0.0113001624122262,-0.11424413323402405,-0.0002955385425593704,,1.090820074081421,1.4507359992421698e-05,-0.0017244088230654597,,,,,,,,,,,,,,,,,,,,,,
15.494632999999999,XKF1,,,,,,,,,,,,,,,,,,,,,,,0.0,0.0,,,0.007139530643053454,,,,,,0.0,,,,,,,0.004832069855183363,,0.004832069855183363,-0.00525585375726223
15.494632999999999,POS,,,,,,,,,,,,,,,,,,,,,,,0.011132000130089637,0.0,,,,,37.4274999,-122.1697,,,-0.011132000130089637,,,,-0.027388732880353928,,,,,,
15.594593000000001,ATT,,,3,,,0.0,0.0,3.69,0.0,0.0,,,,0.01,,,,0.02,,,,3.69,,,,,,,,,,,,,,,,,,,,,
15.594593000000001,RATE,0.170135498046875,0.170135498046875,,0.0,0.0,,,,,,0.00519877765327692,-0.05294991657137871,-0.00012774574861396104,,0.009018144570291042,-0.11413692682981491,-0.00028771214419975877,,1.0831835269927979,1.1212780918867793e-05,-0.0017055266071110964,,,,,,,,,,,,,,,,,,,,,,
15.594593000000001,XKF1,,,,,,,,,,,,,,,,,,,,,,,0.0,0.0,,,0.0072483997515654834,,,,,,0.0,,,,,,,0.004936298821121454,,0.004936298821121454,-0.005307754036039114
15.594593000000001,POS,,,,,,,,,,,,,,,,,,,,,,,0.011132000130089637,0.0,,,,,37.4274999,-122.1697,,,-0.011132000130089637,,,,-0.027388732880353928,,,,,,
15.694553,ATT,,,3,,,0.0,0.0,3.69,0.0,0.0,,,,0.01,,,,0.02,,,,3.69,,,,,,,,,,,,,,,,,,,,,
15.694553,RATE,0.110626220703125,0.110626220703125,,0.0,0.0,,,,,,0.005480579100549221,-0.05338578671216965,-0.000144641162478365,,0.009711740538477898,-0.11393821239471436,-0.00027791570755653083,,1.0648682117462158,1.2060486369591672e-05,-0.0016849463572725654,,,,,,,,,,,,,,,,,,,,,,
15.694553,XKF1,,,,,,,,,,,,,,,,,,,,,,,0.0,0.0,,,0.0073709574964645405,,,,,,0.0,,,,,,,0.005048186518251896,,0.005048186518251896,-0.00537092424929142
15.694553,POS,,,,,,,,,,,,,,,,,,,,,,,0.011132000130089637,0.0,,,,,37.4274999,-122.1697,,,-0.011132000130089637,,,,-0.027388732880353928,,,,,,
15.794513,ATT,,,3,,,0.0,0.0,3.69,0.0,0.0,,,,0.01,,,,0.02,,,,3.69,,,,,,,,,,,,,,,,,,,,,
15.794513,RATE,0.05893707275390625,0.05893707275390625,,0.0,0.0,,,,,,0.007300149649381638,-0.05419011041522026,-0.00014752027345821261,,0.008940860629081726,-0.11356623470783234,-0.00028568378183990717,,1.0549143552780151,1.0795637535920832e-05,-0.0016675114165991545,,,,,,,,,,,,,,,,,,,,,,
15.794513,XKF1,,,,,,,,,,,,,,,,,,,,,,,0.0,0.0,,,0.007472919237257581,,,,,,0.0,,,,,,,0.0051269386895000935,,0.0051269386895000935,-0.005436820909380913
15.794513,POS,,,,,,,,,,,,,,,,,,,,,,,0.011132000130089637,0.0,,,,,37.4274999,-122.1697,,,-0.011132000130089637,,,,-0.027388732880353928,,,,,,
15.894473,ATT,,,3,,,0.0,0.0,3.69,0.0,0.0,,,,0.01,,,,0.02,,,,3.69,,,,,,,,,,,,,,,,,,,,,
15.894473,RATE,0.045871734619140625,0.045871734619140625,,0.0,0.0,,,,,,0.005814964883029461,-0.05505158752202988,-0.00013494989252649248,,0.011532492935657501,-0.11316017061471939,-0.0003003756864927709,,1.0415253639221191,1.191992123494856e-05,-0.0016496273456141353,,,,,,,,,,,,,,,,,,,,,,
15.894473,XKF1,,,,,,,,,,,,,,,,,,,,,,,0.0,0.0,,,0.007610993367203989,,,,,,0.0,,,,,,,0.005220901686698198,,0.005220901686698198,-0.005537996534258127
15.894473,POS,,,,,,,,,,,,,,,,,,,,,,,0.011132000130089637,0.0,,,,,37.4274999,-122.1697,,,-0.011132000130089637,,,,-0.027388732880353928,,,,,,
15.994432999999999,ATT,,,3,,,0.0,0.0,3.69,0.0,0.0,,,,0.01,,,,0.02,,,,3.69,,,,,,,,,,,,,,,,,,,,,
15.994432999999999,RATE,0.056552886962890625,0.056552886962890625,,0.0,0.0,,,,,,0.003645797725766897,-0.055119697004556656,-0.00012751450412906706,,0.007890872657299042,-0.11312771588563919,-0.0002768539998214692,,1.0350836515426636,1.3627533007820603e-05,-0.0016311750514432788,,,,,,,,,,,,,,,,,,,,,,
15.994432999999999,XKF1,,,,,,,,,,,,,,,,,,,,,,,0.0,0.0,,,0.007693407673401975,,,,,,0.0,,,,,,,0.005274391267448664,,0.005274391267448664,-0.005600831937044859
15.994432999999999,POS,,,,,,,,,,,,,,,,,,,,,,,0.011132000130089637,0.0,,,,,37.4274999,-122.1697,,,-0.011132000130089637,,,,-0.027388732880353928,,,,,,
16.094392999999997,ATT,,,3,,,0.0,0.0,3.69,0.0,0.0,,,,0.01,,,,0.02,,,,3.69,,,,,,,,,,,,,,,,,,,,,
16.094392999999997,RATE,0.08077621459960938,0.08077621459960938,,0.0,0.0,,,,,,0.009303185157477856,-0.0559992790222168,-0.0001561787648824975,,0.007666740566492081,-0.11270420253276825,-0.0002719897893257439,,1.01923406124115,1.760704799380619e-05,-0.001613086904399097,,,,,,,,,,,,,,,,,,,,,,
16.094392999999997,XKF1,,,,,,,,,,,,,,,,,,,,,,,0.0,0.0,,,0.007845427045637489,,,,,,0.0,,,,,,,0.005411080084741116,,0.005411080084741116,-0.005680751521140337
16.094392999999997,POS,,,,,,,,,,,,,,,,,,,,,,,0.011132000130089637,0.0,,,,,37.4274999,-122.1697,,,-0.011132000130089637,,,,-0.027388732880353928,,,,,,
16.194353,ATT,,,3,,,0.0,0.0,3.68,0.0,0.0,,,,0.01,,,,0.02,,,,3.68,,,,,,,,,,,,,,,,,,,,,
16.194353,RATE,0.05359649658203125,0.05359649658203125,,0.0,0.0,,,,,,0.004432471934705973,-0.05652038753032684,-0.00014073107740841806,,0.011516986414790154,-0.11244930326938629,-0.00030283030355349183,,1.010845422744751,2.6340254407841712e-05,-0.0015977551229298115,,,,,,,,,,,,,,,,,,,,,,
16.194353,XKF1,,,,,,,,,,,,,,,,,,,,,,,0.0,0.0,,,0.00796599595469187,,,,,,0.0,,,,,,,0.005528509151190519,,0.005528509151190519,-0.005735213868319988
16.194353,POS,,,,,,,,,,,,,,,,,,,,,,,0.011132000130089637,0.0,,,,,37.4274999,-122.1697,,,-0.011132000130089637,,,,-0.027388732880353928,,,,,,
16.294313000000002,ATT,,,3,,,0.0,0.0,3.68,0.0,0.0,,,,0.01,,,,0.02,,,,3.68,,,,,,,,,,,,,,,,,,,,,
16.294313000000002,RATE,0.02193450927734375,0.02193450927734375,,0.0,0.0,,,,,,0.007750567048788071,-0.05704331025481224,-0.00014878466026857495,,0.010402732528746128,-0.11219051480293274,-0.0002909410104621202,,0.999692440032959,1.2113465345464647e-05,-0.0015794627834111452,,,,,,,,,,,,,,,,,,,,,,
16.294313000000002,XKF1,,,,,,,,,,,,,,,,,,,,,,,0.0,0.0,,,0.00811234081196762,,,,,,0.0,,,,,,,0.005640415940433741,,0.005640415940433741,-0.005830590147525072
16.294313000000002,POS,,,,,,,,,,,,,,,,,,,,,,,0.011132000130089637,0.0,,,,,37.4274999,-122.1697,,,-0.011132000130089637,,,,-0.027388732880353928,,,,,,
16.299311000000003,MSG,,,,,,,,,,,,,,,,,,,,,,,,,,,,,,,,,,,,,,,,,EKF3 IMU0 origin set,,
16.299311000000003,EV,,,,,,,,,,,,,,,,,,,,,,,,,,,,25,,,,SET_HOME,,,,,,,,,,,
16.301810000000003,MSG,,,,,,,,,,,,,,,,,,,,,,,,,,,,,,,,,,,,,,,,,EKF3 IMU1 origin set,,
16.394273,MSG,,,,,,,,,,,,,,,,,,,,,,,,,,,,,,,,,,,,,,,,,Field Elevation Set: 16m,,
16.394273,ATT,,,3,,,0.0,0.0,3.68,0.0,0.0,,,,0.01,,,,0.02,,,,3.68,,,,,,,,,,,,,,,,,,,,,
16.394273,RATE,0.025844573974609375,0.025844573974609375,,0.0,0.0,,,,,,0.007869802415370941,-0.057965200394392014,-0.00014507902960758656,,0.010748104192316532,-0.11172689497470856,-0.0002906073350459337,,0.9932599663734436,1.6214729839703068e-05,-0.0015621886122971773,,,,,,,,,,,,,,,,,,,,,,
16.394273,XKF1,,,,,,,,,,,,,,,,,,,,,,,0.0,0.0,,,0.00826919752387753,,,,,,0.0,,,,,,,0.005747673101723194,,0.005747673101723194,-0.005945072043687105
16.394273,POS,,,,,,,,,,,,,,,,,,,,,,,0.011132000130089637,0.0,,,,,37.4274999,-122.1697,,,-0.011132000130089637,,,,-0.016604319214820862,,,,,,
16.494233,ATT,,,3,,,0.0,0.0,3.68,0.0,0.0,,,,0.01,,,,0.02,,,,3.68,,,,,,,,,,,,,,,,,,,,,
16.494233,RATE,0.15859603881835938,0.15859603881835938,,0.0,0.0,,,,,,0.008954946883022785,-0.05797317996621132,-0.0001689889613771811,,0.009931754320859909,-0.11172284930944443,-0.0002919670951087028,,0.9762036204338074,1.2920475455757696e-05,-0.00154278299305588,,,,,,,,,,,,,,,,,,,,,,
16.494233,XKF1,,,,,,,,,,,,,,,,,,,,,,,0.0,0.0,,,0.008396682865958464,,,,,,0.0,,,,,,,0.005850097164511681,,0.005850097164511681,-0.006023341789841652
16.494233,POS,,,,,,,,,,,,,,,,,,,,,,,0.011132000130089637,0.0,,,,,37.4274999,-122.1697,,,-0.011132000130089637,,,,-0.01156210619956255,,,,,,
16.594192999999997,ATT,,,3,,,0.0,0.0,3.67,0.0,0.0,,,,0.01,,,,0.02,,,,3.67,,,,,,,,,,,,,,,,,,,,,
16.594192999999997,RATE,0.12836456298828125,0.12836456298828125,,0.0,0.0,,,,,,0.00857927743345499,-0.058334510773420334,-0.00016070004494395107,,0.01164823304861784,-0.11153851449489594,-0.00030057295225560665,,0.9647895097732544,1.9191898900317028e-05,-0.0015269536525011063,,,,,,,,,,,,,,,,,,,,,,
16.594192999999997,XKF1,,,,,,,,,,,,,,,,,,,,,,,0.0,0.0,,,0.008536777893424564,,,,,,0.0,,,,,,,0.005971907638013363,,0.005971907638013363,-0.0061002373695373535
16.594192999999997,POS,,,,,,,,,,,,,,,,,,,,,,,0.011132000130089637,0.0,,,,,37.4274999,-122.1697,,,-0.011132000130089637,,,,-0.008448556996881962,,,,,,
16.694986,ATT,,,3,,,0.0,0.0,3.67,0.0,0.0,,,,0.01,,,,0.02,,,,3.67,,,,,,,,,,,,,,,,,,,,,
16.694986,RATE,0.11110305786132812,0.11110305786132812,,0.0,0.0,,,,,,0.00546380365267396,-0.07062875479459763,-0.00018397982057649642,,0.011262703686952591,-0.13702932000160217,-0.00034919657628051937,,0.9509903192520142,1.698664709692821e-05,-0.001506227534264326,,,,,,,,,,,,,,,,,,,,,,
16.694986,XKF1,,,,,,,,,,,,,,,,,,,,,,,0.0,0.0,,,0.008665221924011188,,,,,,0.0,,,,,,,0.006081325002014637,,0.006081325002014637,-0.006172807887196541
16.694986,POS,,,,,,,,,,,,,,,,,,,,,,,0.011132000130089637,0.0,,,,,37.4274999,-122.1697,,,-0.011132000130089637,,,,-0.006660178303718567,,,,,,
16.794946000000003,ATT,,,3,,,0.0,0.0,3.66,0.0,0.0,,,,0.01,,,,0.02,,,,3.66,,,,,,,,,,,,,,,,,,,,,
16.794946000000003,RATE,0.09584426879882812,0.09584426879882812,,0.0,0.0,,,,,,0.0044113765470683575,-0.07153194397687912,-0.00017784904048312455,,0.01166347973048687,-0.13656799495220184,-0.0003620441711973399,,0.9436827301979065,1.949606667039916e-05,-0.001490218099206686,,,,,,,,,,,,,,,,,,,,,,
16.794946000000003,XKF1,,,,,,,,,,,,,,,,,,,,,,,0.0,0.0,,,0.008777140473050605,,,,,,0.0,,,,,,,0.006113850045949221,,0.006113850045949221,-0.006297541782259941
16.794946000000003,POS,,,,,,,,,,,,,,,,,,,,,,,0.011132000130089637,0.0,,,,,37.4274999,-122.1697,,,-0.011132000130089637,,,,-0.005780234467238188,,,,,,
16.894906,ATT,,,3,,,0.0,0.0,3.66,0.0,0.0,,,,0.01,,,,0.02,,,,3.66,,,,,,,,,,,,,,,,,,,,,
16.894906,RATE,-0.007915496826171875,-0.007915496826171875,,0.0,0.0,,,,,,0.0036463080905377865,-0.07178056240081787,-0.00016797751595731825,,0.008398636244237423,-0.13643966615200043,-0.0003370981430634856,,0.9359815120697021,2.121400939358864e-05,-0.0014752522110939026,,,,,,,,,,,,,,,,,,,,,,
16.894906,XKF1,,,,,,,,,,,,,,,,,,,,,,,0.0,0.0,,,0.008956117106489202,,,,,,0.0,,,,,,,0.006203934084624052,,0.006203934084624052,-0.006459352560341358
16.894906,POS,,,,,,,,,,,,,,,,,,,,,,,0.011132000130089637,0.0,,,,,37.4274999,-122.1697,,,-0.011132000130089637,,,,-0.005517962388694286,,,,,,
16.994866000000002,ATT,,,3,,,0.0,0.0,3.66,0.0,0.0,,,,0.01,,,,0.02,,,,3.66,,,,,,,,,,,,,,,,,,,,,
16.994866000000002,RATE,0.05054473876953125,0.05054473876953125,,0.0,0.0,,,,,,0.008368276990950108,-0.0728478953242302,-0.0001867818646132946,,0.008095339871942997,-0.13588231801986694,-0.0003385524032637477,,0.9244698286056519,1.1182981324964203e-05,-0.0014581602299585938,,,,,,,,,,,,,,,,,,,,,,
16.994866000000002,XKF1,,,,,,,,,,,,,,,,,,,,,,,0.0,0.0,,,0.009107406435268028,,,,,,0.0,,,,,,,0.006309959106147289,,0.006309959106147289,-0.006567287724465132
16.994866000000002,POS,,,,,,,,,,,,,,,,,,,,,,,0.011132000130089637,0.0,,,,,37.4274999,-122.1697,,,-0.011132000130089637,,,,-0.0056705595925450325,,,,,,
17.094825999999998,ATT,,,3,,,0.0,0.0,3.65,0.0,0.0,,,,0.01,,,,0.02,,,,3.65,,,,,,,,,,,,,,,,,,,,,
17.094825999999998,RATE,0.13685226440429688,0.13685226440429688,,0.0,0.0,,,,,,0.0060434709303081036,-0.07388585060834885,-0.00018649974663276225,,0.005674294661730528,-0.13533005118370056,-0.00031323282746598125,,0.9104592204093933,1.9129753127344884e-05,-0.001440538209863007,,,,,,,,,,,,,,,,,,,,,,
17.094825999999998,XKF1,,,,,,,,,,,,,,,,,,,,,,,0.0,0.0,,,0.009281966066625425,,,,,,0.0,,,,,,,0.006466558203101158,,0.006466558203101158,-0.0066587175242602825
17.094825999999998,POS,,,,,,,,,,,,,,,,,,,,,,,0.011132000130089637,0.0,,,,,37.4274999,-122.1697,,,-0.011132000130089637,,,,-0.006101367995142937,,,,,,
17.194786,ATT,,,3,,,0.0,0.0,3.65,0.0,0.0,,,,0.01,,,,0.02,,,,3.65,,,,,,,,,,,,,,,,,,,,,
17.194786,RATE,0.10929107666015625,0.10929107666015625,,0.0,0.0,,,,,,0.004557943902909756,-0.07434772700071335,-0.0001818570599425584,,0.00942607969045639,-0.13508102297782898,-0.00034402572782710195,,0.9010680913925171,2.064628279185854e-05,-0.0014246071223169565,,,,,,,,,,,,,,,,,,,,,,
17.194786,XKF1,,,,,,,,,,,,,,,,,,,,,,,0.0,0.0,,,0.009422716561216566,,,,,,0.0,,,,,,,0.006574323866516352,,0.006574323866516352,-0.006750248372554779
17.194786,POS,,,,,,,,,,,,,,,,,,,,,,,0.011132000130089637,0.0,,,,,37.4274999,-122.1697,,,-0.011132000130089637,,,,-0.00670516025274992,,,,,,
17.294745999999996,ATT,,,3,,,0.0,0.0,3.64,0.0,0.0,,,,0.01,,,,0.02,,,,3.64,,,,,,,,,,,,,,,,,,,,,
17.294745999999996,RATE,0.035953521728515625,0.035953521728515625,,0.0,0.0,,,,,,0.007034377660602331,-0.0738297700881958,-0.0002054882497759536,,0.013919305056333542,-0.13536013662815094,-0.00036062957951799035,,0.8893938660621643,2.0576770111802034e-05,-0.0014067922020331025,,,,,,,,,,,,,,,,,,,,,,
17.294745999999996,XKF1,,,,,,,,,,,,,,,,,,,,,,,0.0,0.0,,,0.009587687871460424,,,,,,0.0,,,,,,,0.00666357995942235,,0.00666357995942235,-0.006893508601933718
17.294745999999996,POS,,,,,,,,,,,,,,,,,,,,,,,0.011132000130089637,0.0,,,,,37.4274999,-122.1697,,,-0.011132000130089637,,,,-0.007418204564601183,,,,,,
17.394706,ATT,,,3,,,0.0,0.0,3.63,0.0,0.0,,,,0.01,,,,0.02,,,,3.63,,,,,,,,,,,,,,,,,,,,,
17.394706,RATE,-0.034618377685546875,-0.034618377685546875,,0.0,0.0,,,,,,0.005945912096649408,-0.0738397017121315,-0.0001880282798083499,,0.011325717903673649,-0.13535481691360474,-0.0003576094750314951,,0.8824308514595032,1.5559491657768376e-05,-0.0013925665989518166,,,,,,,,,,,,,,,,,,,,,,
17.394706,XKF1,,,,,,,,,,,,,,,,,,,,,,,0.0,0.0,,,0.009739464097067066,,,,,,0.0,,,,,,,0.006724485196173191,,0.006724485196173191,-0.007045456673949957
17.394706,POS,,,,,,,,,,,,,,,,,,,,,,,0.011132000130089637,0.0,,,,,37.4274999,-122.1697,,,-0.011132000130089637,,,,-0.008196527138352394,,,,,,
17.494666000000002,ATT,,,3,,,0.0,0.0,3.63,0.0,0.0,,,,0.01,,,,0.03,,,,3.63,,,,,,,,,,,,,,,,,,,,,
17.494666000000002,RATE,0.01621246337890625,0.01621246337890625,,0.0,0.0,,,,,,0.010071242228150368,-0.0741836205124855,-0.00020224014588166028,,0.0059327129274606705,-0.13516974449157715,-0.0003099731111433357,,0.8690581321716309,2.3637971025891602e-05,-0.001378146349452436,,,,,,,,,,,,,,,,,,,,,,
17.494666000000002,XKF1,,,,,,,,,,,,,,,,,,,,,,,0.0,0.0,,,0.009863831699468348,,,,,,0.0,,,,,,,0.006815533619374036,,0.006815533619374037,-0.007130475249141455
17.494666000000002,POS,,,,,,,,,,,,,,,,,,,,,,,0.011132000130089637,0.0,,,,,37.4274999,-122.1697,,,-0.011132000130089637,,,,-0.009006570093333721,,,,,,
17.594625999999998,ATT,,,3,,,0.0,0.0,3.62,0.0,0.0,,,,0.01,,,,0.03,,,,3.62,,,,,,,,,,,,,,,,,,,,,
17.594625999999998,RATE,-0.00858306884765625,-0.00858306884765625,,0.0,0.0,,,,,,0.008442473597824574,-0.07487761229276657,-0.00018777202058117837,,0.009002944454550743,-0.13479281961917877,-0.00032328328234143555,,0.8646215200424194,1.7982152712647803e-05,-0.0013648768654093146,,,,,,,,,,,,,,,,,,,,,,
17.594625999999998,XKF1,,,,,,,,,,,,,,,,,,,,,,,0.0,0.0,,,0.009998133992300231,,,,,,0.0,,,,,,,0.006855869200080632,,0.006855869200080633,-0.007277344353497028
17.594625999999998,POS,,,,,,,,,,,,,,,,,,,,,,,0.011132000130089637,0.0,,,,,37.4274999,-122.1697,,,-0.011132000130089637,,,,-0.00982461217790842,,,,,,
17.694586,ATT,,,3,,,0.0,0.0,3.62,0.0,0.0,,,,0.01,,,,0.03,,,,3.62,,,,,,,,,,,,,,,,,,,,,
17.694586,RATE,-0.01087188720703125,-0.01087188720703125,,0.0,0.0,,,,,,0.007592491339892149,-0.07557438313961029,-0.0001847549428930506,,0.01589115709066391,-0.13440977036952972,-0.0003551426634658128,,0.8506873250007629,1.9365150365047157e-05,-0.0013481565983965993,,,,,,,,,,,,,,,,,,,,,,
17.694586,XKF1,,,,,,,,,,,,,,,,,,,,,,,0.0,0.0,,,0.010167762450241102,,,,,,0.0,,,,,,,0.006960943806916474,,0.006960943806916475,-0.00741138681769371
17.694586,POS,,,,,,,,,,,,,,,,,,,,,,,0.011132000130089637,0.0,,,,,37.4274999,-122.1697,,,-0.011132000130089637,,,,-0.010639358311891556,,,,,,
17.794545999999997,ATT,,,3,,,0.0,0.0,3.61,0.0,0.0,,,,0.01,,,,0.03,,,,3.61,,,,,,,,,,,,,,,,,,,,,
17.794545999999997,RATE,0.01735687255859375,0.01735687255859375,,0.0,0.0,,,,,,0.007252488750964403,-0.07597744464874268,-0.00018264548270963132,,0.012452570721507072,-0.1341860145330429,-0.00034781976137310266,,0.843748927116394,1.7497179214842618e-05,-0.0013320756843313575,,,,,,,,,,,,,,,,,,,,,,
17.794545999999997,XKF1,,,,,,,,,,,,,,,,,,,,,,,0.0,0.0,,,0.010320858606679754,,,,,,0.0,,,,,,,0.007078219670802354,,0.007078219670802355,-0.007511253468692303
17.794545999999997,POS,,,,,,,,,,,,,,,,,,,,,,,0.011132000130089637,0.0,,,,,37.4274999,-122.1697,,,-0.011132000130089637,,,,-0.011441394686698914,,,,,,
17.894506,ATT,,,3,,,0.0,0.0,3.6,0.0,0.0,,,,0.01,,,,0.03,,,,3.6,,,,,,,,,,,,,,,,,,,,,
17.894506,RATE,-0.003719329833984375,-0.003719329833984375,,0.0,0.0,,,,,,0.006477701477706432,-0.07611901313066483,-0.00020307477097958326,,0.010815855115652084,-0.1341070681810379,-0.00033217581221833825,,0.8376172780990601,1.8249811546411365e-05,-0.0013188534649088979,,,,,,,,,,,,,,,,,,,,,,
17.894506,XKF1,,,,,,,,,,,,,,,,,,,,,,,0.0,0.0,,,0.010459039818604106,,,,,,0.0,,,,,,,0.007173782214522361,,0.007173782214522362,-0.007611068431288004
17.894506,POS,,,,,,,,,,,,,,,,,,,,,,,0.011132000130089637,0.0,,,,,37.4274999,-122.1697,,,-0.011132000130089637,,,,-0.012220694683492184,,,,,,
17.994466000000003,ATT,,,3,,,0.0,0.0,3.59,0.0,0.0,,,,0.01,,,,0.03,,,,3.59,,,,,,,,,,,,,,,,,,,,,
17.994466000000003,RATE,0.03604888916015625,0.03604888916015625,,0.0,0.0,,,,,,0.0031718884129077196,-0.07591471821069717,-0.0001842691417550668,,0.009965421631932259,-0.1342209428548813,-0.0003280535456724465,,0.8278442621231079,2.0376082829898223e-05,-0.0013070383574813604,,,,,,,,,,,,,,,,,,,,,,
17.994466000000003,XKF1,,,,,,,,,,,,,,,,,,,,,,,0.0,0.0,,,0.010603278702454966,,,,,,0.0,,,,,,,0.007268138695508241,,0.007268138695508242,-0.0077203419059515
17.994466000000003,POS,,,,,,,,,,,,,,,,,,,,,,,0.011132000130089637,0.0,,,,,37.4274999,-122.1697,,,-0.011132000130089637,,,,-0.012975497171282768,,,,,,
18.094426,ATT,,,3,,,0.0,0.0,3.59,0.0,0.0,,,,0.01,,,,0.03,,,,3.59,,,,,,,,,,,,,,,,,,,,,
18.094426,RATE,-0.023937225341796875,-0.023937225341796875,,0.0,0.0,,,,,,0.00906265340745449,-0.08805561065673828,-0.0002229411475127563,,0.011301708407700062,-0.15476110577583313,-0.0004001203633379191,,0.8199363946914673,2.13219736906467e-05,-0.0012950518867000937,,,,,,,,,,,,,,,,,,,,,,
18.094426,XKF1,,,,,,,,,,,,,,,,,,,,,,,0.0,0.0,,,0.010785416181169962,,,,,,0.0,,,,,,,0.007430546917021274,,0.007430546917021275,-0.00781742762774229
18.094426,POS,,,,,,,,,,,,,,,,,,,,,,,0.011132000130089637,0.0,,,,,37.4274999,-122.1697,,,-0.011132000130089637,,,,-0.013704728335142136,,,,,,
18.194386,ATT,,,3,,,0.0,0.0,3.58,0.0,0.0,,,,0.01,,,,0.03,,,,3.58,,,,,,,,,,,,,,,,,,,,,
18.194386,RATE,0.08440017700195312,0.08440017700195312,,0.0,0.0,,,,,,0.006024255882948637,-0.08827239274978638,-0.00022511857969220728,,0.011169061996042728,-0.15463927388191223,-0.000395498878788203,,0.8083757162094116,2.0252507965778932e-05,-0.001279753167182207,,,,,,,,,,,,,,,,,,,,,,
18.194386,XKF1,,,,,,,,,,,,,,,,,,,,,,,0.0,0.0,,,0.010903070187462833,,,,,,0.0,,,,,,,0.007514300290495156,,0.007514300290495157,-0.007900141179561615
18.194386,POS,,,,,,,,,,,,,,,,,,,,,,,0.011132000130089637,0.0,,,,,37.4274999,-122.1697,,,-0.011132000130089637,,,,-0.014404110610485077,,,,,,
18.294345999999997,ATT,,,3,,,0.0,0.0,3.57,0.0,0.0,,,,0.01,,,,0.03,,,,3.57,,,,,,,,,,,,,,,,,,,,,
18.294345999999997,RATE,0.040149688720703125,0.040149688720703125,,0.0,0.0,,,,,,0.0034321651328355074,-0.0886603519320488,-0.00020622965530492365,,0.0138543164357543,-0.15442027151584625,-0.00040790229104459286,,0.8025967478752136,1.9926426830352284e-05,-0.0012657538754865527,,,,,,,,,,,,,,,,,,,,,,
18.294345999999997,XKF1,,,,,,,,,,,,,,,,,,,,,,,0.0,0.0,,,0.011095083573697139,,,,,,0.0,,,,,,,0.007639380637556314,,0.0076393806375563145,-0.008046163246035576
18.294345999999997,POS,,,,,,,,,,,,,,,,,,,,,,,0.011132000130089637,0.0,,,,,37.4274999,-122.1697,,,-0.011132000130089637,,,,-0.015069602057337761,,,,,,
18.394306,ATT,,,3,,,0.0,0.0,3.56,0.0,0.0,,,,0.01,,,,0.03,,,,3.56,,,,,,,,,,,,,,,,,,,,,
18.394306,RATE,0.0537872314453125,0.0537872314453125,,0.0,0.0,,,,,,0.009891333989799023,-0.08906655758619308,-0.00024045872851274908,,0.010476886294782162,-0.15418961644172668,-0.00039953525993041694,,0.7935007214546204,2.531600694055669e-05,-0.0012549745151773095,,,,,,,,,,,,,,,,,,,,,,
18.394306,XKF1,,,,,,,,,,,,,,,,,,,,,,,0.0,0.0,,,0.011309402716181789,,,,,,0.0,,,,,,,0.007784478366374969,,0.0077844783663749695,-0.008203931152820587
18.394306,POS,,,,,,,,,,,,,,,,,,,,,,,0.011132000130089637,0.0,,,,,37.4274999,-122.1697,,,-0.011132000130089637,,,,-0.01570793241262436,,,,,,
18.494266000000003,ATT,,,3,,,0.0,0.0,3.56,0.0,0.0,,,,0.01,,,,0.03,,,,3.56,,,,,,,,,,,,,,,,,,,,,
18.494266000000003,RATE,0.0263214111328125,0.0263214111328125,,0.0,0.0,,,,,,0.006061161868274212,-0.08911865949630737,-0.00022118074411991984,,0.00778986094519496,-0.15415990352630615,-0.00038117708754725754,,0.7848467230796814,2.785829929052852e-05,-0.0012418829137459397,,,,,,,,,,,,,,,,,,,,,,
18.494266000000003,XKF1,,,,,,,,,,,,,,,,,,,,,,,0.0,0.0,,,0.011421942851291592,,,,,,0.0,,,,,,,0.007880028337240219,,0.007880028337240219,-0.008268369361758232
18.494266000000003,POS,,,,,,,,,,,,,,,,,,,,,,,0.011132000130089637,0.0,,,,,37.4274999,-122.1697,,,-0.011132000130089637,,,,-0.01632404513657093,,,,,,
18.594226,ATT,,,3,,,0.0,0.0,3.55,0.0,0.0,,,,0.01,,,,0.03,,,,3.55,,,,,,,,,,,,,,,,,,,,,
18.594226,RATE,-0.050067901611328125,-0.050067901611328125,,0.0,0.0,,,,,,0.007948487997055054,-0.08990272879600525,-0.00023525622964370996,,0.008425281383097172,-0.15371030569076538,-0.00038235451211221516,,0.7812228798866272,2.6502986656851135e-05,-0.001227186294272542,,,,,,,,,,,,,,,,,,,,,,
18.594226,XKF1,,,,,,,,,,,,,,,,,,,,,,,0.0,0.0,,,0.011609883618430447,,,,,,0.0,,,,,,,0.008022655732929707,,0.008022655732929707,-0.00839204341173172
18.594226,POS,,,,,,,,,,,,,,,,,,,,,,,0.011132000130089637,0.0,,,,,37.4274999,-122.1697,,,-0.011132000130089637,,,,-0.016916021704673767,,,,,,
18.694186000000002,ATT,,,3,,,0.0,0.0,3.54,0.0,0.0,,,,0.01,,,,0.03,,,,3.54,,,,,,,,,,,,,,,,,,,,,
18.694186000000002,RATE,0.040531158447265625,0.040531158447265625,,0.0,0.0,,,,,,0.005238240584731102,-0.08954859524965286,-0.0002203945186920464,,0.010381103493273258,-0.15391400456428528,-0.0003881533339153975,,0.7643610239028931,2.5625167836551555e-05,-0.0012151747941970825,,,,,,,,,,,,,,,,,,,,,,
18.694186000000002,XKF1,,,,,,,,,,,,,,,,,,,,,,,0.0,0.0,,,0.011767638617988962,,,,,,0.0,,,,,,,0.008148439228534698,,0.008148439228534698,-0.008490009233355522
18.694186000000002,POS,,,,,,,,,,,,,,,,,,,,,,,0.011132000130089637,0.0,,,,,37.4274999,-122.1697,,,-0.011132000130089637,,,,-0.017484478652477264,,,,,,
18.794978999999998,ATT,,,3,,,0.0,0.0,3.53,0.0,0.0,,,,0.01,,,,0.03,,,,3.53,,,,,,,,,,,,,,,,,,,,,
18.794978999999998,RATE,0.05931854248046875,0.05931854248046875,,0.0,0.0,,,,,,-0.0007700379355810583,-0.08928540349006653,-0.0001980651286430657,,0.01080431416630745,-0.15406472980976105,-0.0003939045127481222,,0.7611607909202576,2.475749897712376e-05,-0.0012029459467157722,,,,,,,,,,,,,,,,,,,,,,
18.794978999999998,XKF1,,,,,,,,,,,,,,,,,,,,,,,0.0,0.0,,,0.011959349726280948,,,,,,0.0,,,,,,,0.008306078612804413,,0.008306078612804413,-0.008604365400969982
18.794978999999998,POS,,,,,,,,,,,,,,,,,,,,,,,0.011132000130089637,0.0,,,,,37.4274999,-122.1697,,,-0.011132000130089637,,,,-0.018025191500782967,,,,,,
18.894939,ATT,,,3,,,0.0,0.0,3.52,0.0,0.0,,,,0.02,,,,0.03,,,,3.52,,,,,,,,,,,,,,,,,,,,,
18.894939,RATE,-0.048160552978515625,-0.048160552978515625,,0.0,0.0,,,,,,0.01017223484814167,-0.09021462500095367,-0.0002450839092489332,,0.007686126511543989,-0.15352994203567505,-0.0003840306890197098,,0.754315197467804,2.7615800718194805e-05,-0.0011915478389710188,,,,,,,,,,,,,,,,,,,,,,
18.894939,XKF1,,,,,,,,,,,,,,,,,,,,,,,0.0,0.0,,,0.012157788106055258,,,,,,0.0,,,,,,,0.008420942351222038,,0.008420942351222038,-0.008769238367676735
18.894939,POS,,,,,,,,,,,,,,,,,,,,,,,0.011132000130089637,0.0,,,,,37.4274999,-122.1697,,,-0.011132000130089637,,,,-0.01853952556848526,,,,,,
18.994898999999997,ATT,,,3,,,0.0,0.0,3.52,0.0,0.0,,,,0.02,,,,0.03,,,,3.52,,,,,,,,,,,,,,,,,,,,,
18.994898999999997,RATE,-0.07810592651367188,-0.07810592651367188,,0.0,0.0,,,,,,0.010030722245573997,-0.09031558781862259,-0.00024098192807286978,,0.00824036169797182,-0.15347139537334442,-0.0003747489536181092,,0.7455831170082092,2.548734119045548e-05,-0.00117682630661875,,,,,,,,,,,,,,,,,,,,,,
18.994898999999997,XKF1,,,,,,,,,,,,,,,,,,,,,,,0.0,0.0,,,0.01236897763913974,,,,,,0.0,,,,,,,0.008554359897971153,,0.008554359897971153,-0.0089338980615139
18.994898999999997,POS,,,,,,,,,,,,,,,,,,,,,,,0.011132000130089637,0.0,,,,,37.4274999,-122.1697,,,-0.011132000130089637,,,,-0.019031250849366188,,,,,,
19.094859,ATT,,,3,,,0.0,0.0,3.51,0.0,0.0,,,,0.02,,,,0.03,,,,3.51,,,,,,,,,,,,,,,,,,,,,
19.094859,RATE,-0.060272216796875,-0.060272216796875,,0.0,0.0,,,,,,0.0036784287076443434,-0.09025856852531433,-0.0002162247255910188,,0.008253446780145168,-0.15350447595119476,-0.00038085621781647205,,0.7338889837265015,2.538302396715153e-05,-0.0011630785884335637,,,,,,,,,,,,,,,,,,,,,,
19.094859,XKF1,,,,,,,,,,,,,,,,,,,,,,,0.0,0.0,,,0.012548689188926366,,,,,,0.0,,,,,,,0.008703271858394146,,0.008703271858394146,-0.009040058590471745
19.094859,POS,,,,,,,,,,,,,,,,,,,,,,,0.011132000130089637,0.0,,,,,37.4274999,-122.1697,,,-0.011132000130089637,,,,-0.019503917545080185,,,,,,
19.194819000000003,ATT,,,3,,,0.0,0.0,3.5,0.0,0.0,,,,0.02,,,,0.03,,,,3.5,,,,,,,,,,,,,,,,,,,,,
19.194819000000003,RATE,-0.017642974853515625,-0.017642974853515625,,0.0,0.0,,,,,,0.007182727567851543,-0.09046623110771179,-0.0002393200120422989,,0.014610838145017624,-0.15338386595249176,-0.00041475665057078004,,0.7303841710090637,2.7190551918465644e-05,-0.0011507748859003186,,,,,,,,,,,,,,,,,,,,,,
19.194819000000003,XKF1,,,,,,,,,,,,,,,,,,,,,,,0.0,0.0,,,0.012766191511243197,,,,,,0.0,,,,,,,0.008825220167636871,,0.008825220167636871,-0.009224485605955124
19.194819000000003,POS,,,,,,,,,,,,,,,,,,,,,,,0.011132000130089637,0.0,,,,,37.4274999,-122.1697,,,-0.011132000130089637,,,,-0.01995611935853958,,,,,,
19.294779,ATT,,,3,,,0.0,0.0,3.49,0.0,0.0,,,,0.02,,,,0.03,,,,3.49,,,,,,,,,,,,,,,,,,,,,
19.294779,RATE,-0.14085769653320312,-0.14085769653320312,,0.0,0.0,,,,,,0.006412135437130928,-0.09074565023183823,-0.0002248783566756174,,0.00714560691267252,-0.15322096645832062,-0.0003728807787410915,,0.7184901237487793,2.706841223698575e-05,-0.0011374377645552158,,,,,,,,,,,,,,,,,,,,,,
19.294779,XKF1,,,,,,,,,,,,,,,,,,,,,,,0.0,0.0,,,0.012987476634827468,,,,,,0.0,,,,,,,0.00898693036288023,,0.00898693036288023,-0.009376013651490211
19.294779,POS,,,,,,,,,,,,,,,,,,,,,,,0.011132000130089637,0.0,,,,,37.4274999,-122.1697,,,-0.011132000130089637,,,,-0.020387547090649605,,,,,,
19.394739,ATT,,,3,,,0.0,0.0,3.48,0.0,0.0,,,,0.02,,,,0.03,,,,3.48,,,,,,,,,,,,,,,,,,,,,
19.394739,RATE,0.06322860717773438,0.06322860717773438,,0.0,0.0,,,,,,0.008255060762166977,-0.10116565227508545,-0.0002758302434813231,,0.0159332063049078,-0.17147167026996613,-0.0004696659161709249,,0.7142183184623718,2.9086124413879588e-05,-0.0011267232475802302,,,,,,,,,,,,,,,,,,,,,,
19.394739,XKF1,,,,,,,,,,,,,,,,,,,,,,,0.0,0.0,,,0.013138230151256858,,,,,,0.0,,,,,,,0.00905732810497284,,0.00905732810497284,-0.009517242200672626
19.394739,POS,,,,,,,,,,,,,,,,,,,,,,,0.011132000130089637,0.0,,,,,37.4274999,-122.1697,,,-0.011132000130089637,,,,-0.02080109901726246,,,,,,
19.494698999999997,ATT,,,3,,,0.0,0.0,3.47,0.0,0.0,,,,0.02,,,,0.03,,,,3.47,,,,,,,,,,,,,,,,,,,,,
19.494698999999997,RATE,0.033283233642578125,0.033283233642578125,,0.0,0.0,,,,,,0.008119138889014721,-0.10149059444665909,-0.0002569668286014348,,0.01294943131506443,-0.17128190398216248,-0.0004406714579090476,,0.7119172811508179,2.6622599762049504e-05,-0.0011181975714862347,,,,,,,,,,,,,,,,,,,,,,
19.494698999999997,XKF1,,,,,,,,,,,,,,,,,,,,,,,0.0,0.0,,,0.013332484151458376,,,,,,0.0,,,,,,,0.009185390546917915,,0.009185390546917915,-0.009663525968790054
19.494698999999997,POS,,,,,,,,,,,,,,,,,,,,,,,0.011132000130089637,0.0,,,,,37.4274999,-122.1697,,,-0.011132000130089637,,,,-0.021192999556660652,,,,,,
19.594659,ATT,,,3,,,0.0,0.0,3.46,0.0,0.0,,,,0.02,,,,0.03,,,,3.46,,,,,,,,,,,,,,,,,,,,,
19.594659,RATE,-0.12445449829101562,-0.12445449829101562,,0.0,0.0,,,,,,0.008450602181255817,-0.1020074263215065,-0.00025859932065941393,,0.013600695878267288,-0.170978382229805,-0.00043124519288539886,,0.7058126330375671,3.0869938200339675e-05,-0.0011065765284001827,,,,,,,,,,,,,,,,,,,,,,
19.594659,XKF1,,,,,,,,,,,,,,,,,,,,,,,0.0,0.0,,,0.013509116649222714,,,,,,0.0,,,,,,,0.009308909066021442,,0.009308909066021442,-0.009789813309907913
19.594659,POS,,,,,,,,,,,,,,,,,,,,,,,0.011132000130089637,0.0,,,,,37.4274999,-122.1697,,,-0.011132000130089637,,,,-0.021563027054071426,,,,,,
19.694619000000003,ATT,,,3,,,0.0,0.0,3.46,0.0,0.0,,,,0.02,,,,0.03,,,,3.46,,,,,,,,,,,,,,,,,,,,,
19.694619000000003,RATE,0.024127960205078125,0.024127960205078125,,0.0,0.0,,,,,,0.007981125265359879,-0.10261481255292892,-0.00025174336042255163,,0.012954012490808964,-0.1706189513206482,-0.00042810779996216297,,0.6907408833503723,3.1912637496134266e-05,-0.0010933378944173455,,,,,,,,,,,,,,,,,,,,,,
19.694619000000003,XKF1,,,,,,,,,,,,,,,,,,,,,,,0.0,0.0,,,0.013782697314377666,,,,,,0.0,,,,,,,0.009508122690021992,,0.009508122690021992,-0.009977892972528934
19.694619000000003,POS,,,,,,,,,,,,,,,,,,,,,,,0.011132000130089637,0.0,,,,,37.4274999,-122.1697,,,-0.011132000130089637,,,,-0.021917195990681648,,,,,,
19.794579,ATT,,,3,,,0.0,0.0,3.45,0.0,0.0,,,,0.02,,,,0.03,,,,3.45,,,,,,,,,,,,,,,,,,,,,
19.794579,RATE,-0.07505416870117188,-0.07505416870117188,,0.0,0.0,,,,,,0.010026493109762669,-0.10263223201036453,-0.00026246410561725497,,0.017056657001376152,-0.17060860991477966,-0.0004551937454380095,,0.6903442740440369,3.324836143292487e-05,-0.00108254118822515,,,,,,,,,,,,,,,,,,,,,,
19.794579,XKF1,,,,,,,,,,,,,,,,,,,,,,,0.0,0.0,,,0.014003037097508742,,,,,,0.0,,,,,,,0.00965107511729002,,0.00965107511729002,-0.010146023705601692
19.794579,POS,,,,,,,,,,,,,,,,,,,,,,,0.011132000130089637,0.0,,,,,37.4274999,-122.1697,,,-0.011132000130089637,,,,-0.02225450985133648,,,,,,
19.894539,ATT,,,3,,,0.0,0.0,3.44,0.0,0.0,,,,0.02,,,,0.03,,,,3.44,,,,,,,,,,,,,,,,,,,,,
19.894539,RATE,-0.0217437744140625,-0.0217437744140625,,0.0,0.0,,,,,,0.008845256641507149,-0.10292860120534897,-0.0002728587423916906,,0.009690030477941036,-0.17043215036392212,-0.000427751598181203,,0.6792231798171997,1.651637467148248e-05,-0.0010733767412602901,,,,,,,,,,,,,,,,,,,,,,
19.894539,XKF1,,,,,,,,,,,,,,,,,,,,,,,0.0,0.0,,,0.014162057981235788,,,,,,0.0,,,,,,,0.009746312163770199,,0.009746312163770199,-0.010274886153638363
19.894539,POS,,,,,,,,,,,,,,,,,,,,,,,0.011132000130089637,0.0,,,,,37.4274999,-122.1697,,,-0.011132000130089637,,,,-0.022574862465262413,,,,,,
19.994498999999998,ATT,,,3,,,0.0,0.0,3.43,0.0,0.0,,,,0.02,,,,0.03,,,,3.43,,,,,,,,,,,,,,,,,,,,,
19.994498999999998,RATE,-0.06561279296875,-0.06561279296875,,0.0,0.0,,,,,,0.005329992156475782,-0.10380192846059799,-0.0002528619079384953,,0.00885891541838646,-0.16990810632705688,-0.00041881631477735937,,0.6706113219261169,3.574102811398916e-05,-0.0010619658278301358,,,,,,,,,,,,,,,,,,,,,,
19.994498999999998,XKF1,,,,,,,,,,,,,,,,,,,,,,,0.0,0.0,,,0.014360118049153922,,,,,,0.0,,,,,,,0.009868375025689602,,0.009868375025689602,-0.010432073846459389
19.994498999999998,POS,,,,,,,,,,,,,,,,,,,,,,,0.011132000130089637,0.0,,,,,37.4274999,-122.1697,,,-0.011132000130089637,,,,-0.022877544164657593,,,,,,
20.094459,ATT,,,3,,,0.0,0.0,3.42,0.0,0.0,,,,0.02,,,,0.03,,,,3.42,,,,,,,,,,,,,,,,,,,,,
20.094459,RATE,0.0255584716796875,0.0255584716796875,,0.0,0.0,,,,,,0.008395633660256863,-0.10475674271583557,-0.0002561078581493348,,0.013775085099041462,-0.16932815313339233,-0.00044583744602277875,,0.6696273684501648,3.517996447044425e-05,-0.0010525285033509135,,,,,,,,,,,,,,,,,,,,,,
20.094459,XKF1,,,,,,,,,,,,,,,,,,,,,,,0.0,0.0,,,0.014494161249350303,,,,,,0.0,,,,,,,0.009966581128537655,,0.009966581128537655,-0.010523686185479164
20.094459,POS,,,,,,,,,,,,,,,,,,,,,,,0.011132000130089637,0.0,,,,,37.4274999,-122.1697,,,-0.011132000130089637,,,,-0.023167746141552925,,,,,,
20.194418999999996,ATT,,,3,,,0.0,0.0,3.41,0.0,0.0,,,,0.02,,,,0.03,,,,3.41,,,,,,,,,,,,,,,,,,,,,
20.194418999999996,RATE,0.02803802490234375,0.02803802490234375,,0.0,0.0,,,,,,0.007517242804169655,-0.10527485609054565,-0.0002660308964550495,,0.007189643103629351,-0.16901037096977234,-0.00041167272138409317,,0.658205509185791,3.5789995308732614e-05,-0.001038881717249751,,,,,,,,,,,,,,,,,,,,,,
20.194418999999996,XKF1,,,,,,,,,,,,,,,,,,,,,,,0.0,0.0,,,0.014665486712477383,,,,,,0.0,,,,,,,0.010081576183438301,,0.010081576183438301,-0.010650742799043655
20.194418999999996,POS,,,,,,,,,,,,,,,,,,,,,,,0.011132000130089637,0.0,,,,,37.4274999,-122.1697,,,-0.011132000130089637,,,,-0.02344113402068615,,,,,,
20.294379,ATT,,,3,,,0.0,0.0,3.4,0.0,0.0,,,,0.02,,,,0.03,,,,3.4,,,,,,,,,,,,,,,,,,,,,
20.294379,RATE,-0.028133392333984375,-0.028133392333984375,,0.0,0.0,,,,,,0.010329850018024445,-0.10551689565181732,-0.00026764010544866323,,0.013916085474193096,-0.16886118054389954,-0.0004256027168594301,,0.6551335453987122,3.591863423935138e-05,-0.0010308352066203952,,,,,,,,,,,,,,,,,,,,,,
20.294379,XKF1,,,,,,,,,,,,,,,,,,,,,,,0.0,0.0,,,0.01485266019735291,,,,,,0.0,,,,,,,0.010204155929386616,,0.010204155929386616,-0.010792437940835953
20.294379,POS,,,,,,,,,,,,,,,,,,,,,,,0.011132000130089637,0.0,,,,,37.4274999,-122.1697,,,-0.011132000130089637,,,,-0.02369912900030613,,,,,,
20.394339000000002,ATT,,,3,,,0.0,0.0,3.39,0.0,0.0,,,,0.02,,,,0.03,,,,3.39,,,,,,,,,,,,,,,,,,,,,
20.394339000000002,RATE,-0.00362396240234375,-0.00362396240234375,,0.0,0.0,,,,,,0.008174723014235497,-0.10528253763914108,-0.00028505755471996963,,0.0123983696103096,-0.1690056473016739,-0.0004268768534529954,,0.6513024568557739,3.649713471531868e-05,-0.001025843434035778,,,,,,,,,,,,,,,,,,,,,,
20.394339000000002,XKF1,,,,,,,,,,,,,,,,,,,,,,,0.0,0.0,,,0.014959846187844914,,,,,,0.0,,,,,,,0.010283240117132664,,0.010283240117132664,-0.010865172371268272
20.394339000000002,POS,,,,,,,,,,,,,,,,,,,,,,,0.011132000130089637,0.0,,,,,37.4274999,-122.1697,,,-0.011132000130089637,,,,-0.02396262437105179,,,,,,
20.494298999999998,ATT,,,3,,,0.0,0.0,3.39,0.0,0.0,,,,0.02,,,,0.03,,,,3.39,,,,,,,,,,,,,,,,,,,,,
20.494298999999998,RATE,-0.06456375122070312,-0.06456375122070312,,0.0,0.0,,,,,,0.007946535013616085,-0.11516284942626953,-0.00030604287167079747,,0.018168162554502487,-0.18523362278938293,-0.0005263584898784757,,0.6450260877609253,3.5413835576036945e-05,-0.0010159783996641636,,,,,,,,,,,,,,,,,,,,,,
20.494298999999998,XKF1,,,,,,,,,,,,,,,,,,,,,,,0.0,0.0,,,0.015149158231016733,,,,,,0.0,,,,,,,0.010403905995190144,,0.010403905995190144,-0.011011618189513683
20.494298999999998,POS,,,,,,,,,,,,,,,,,,,,,,,0.011132000130089637,0.0,,,,,37.4274999,-122.1697,,,-0.011132000130089637,,,,-0.0241985060274601,,,,,,
20.594259,ATT,,,3,,,0.0,0.0,3.38,0.0,0.0,,,,0.02,,,,0.03,,,,3.38,,,,,,,,,,,,,,,,,,,,,
20.594259,RATE,-0.04901885986328125,-0.04901885986328125,,0.0,0.0,,,,,,0.0065229907631874084,-0.11530783772468567,-0.0002898965321946889,,0.013414979912340641,-0.18514439463615417,-0.0004775385314133018,,0.6346228718757629,3.7338322727009654e-05,-0.0010071209399029613,,,,,,,,,,,,,,,,,,,,,,
20.594259,XKF1,,,,,,,,,,,,,,,,,,,,,,,0.0,0.0,,,0.01533357852235347,,,,,,0.0,,,,,,,0.010535378009080887,,0.010535378009080887,-0.011141114868223667
20.594259,POS,,,,,,,,,,,,,,,,,,,,,,,0.011132000130089637,0.0,,,,,37.4274999,-122.1697,,,-0.011132000130089637,,,,-0.024424586445093155,,,,,,
20.694218999999997,ATT,,,3,,,0.0,0.0,3.37,0.0,0.0,,,,0.02,,,,0.04,,,,3.37,,,,,,,,,,,,,,,,,,,,,
20.694218999999997,RATE,0.14085769653320312,0.14085769653320312,,0.0,0.0,,,,,,0.0028067324310541153,-0.11586476862430573,-0.0002537699183449149,,0.014048888348042965,-0.1848001629114151,-0.00047777194413356483,,0.6256494522094727,3.9054346416378394e-05,-0.000994196510873735,,,,,,,,,,,,,,,,,,,,,,
20.694218999999997,XKF1,,,,,,,,,,,,,,,,,,,,,,,0.0,0.0,,,0.015572443540752276,,,,,,0.0,,,,,,,0.010699770413339138,,0.010699770413339138,-0.011314411647617817
20.694218999999997,POS,,,,,,,,,,,,,,,,,,,,,,,0.011132000130089637,0.0,,,,,37.4274999,-122.1697,,,-0.011132000130089637,,,,-0.024639027193188667,,,,,,
20.794179,ATT,,,3,,,0.0,0.0,3.36,0.0,0.0,,,,0.02,,,,0.04,,,,3.36,,,,,,,,,,,,,,,,,,,,,
20.794179,RATE,-0.046443939208984375,-0.046443939208984375,,0.0,0.0,,,,,,0.007752417121082544,-0.11639440059661865,-0.0002749630657490343,,0.011329120956361294,-0.18447066843509674,-0.00045689730904996395,,0.6240466833114624,4.234572043060325e-05,-0.0009833432268351316,,,,,,,,,,,,,,,,,,,,,,
20.794179,XKF1,,,,,,,,,,,,,,,,,,,,,,,0.0,0.0,,,0.01577523544610526,,,,,,0.0,,,,,,,0.010833892971277237,,0.010833892971277237,-0.011466682888567448
20.794179,POS,,,,,,,,,,,,,,,,,,,,,,,0.011132000130089637,0.0,,,,,37.4274999,-122.1697,,,-0.011132000130089637,,,,-0.024838125333189964,,,,,,
20.894972000000003,ATT,,,3,,,0.0,0.0,3.35,0.0,0.0,,,,0.02,,,,0.04,,,,3.35,,,,,,,,,,,,,,,,,,,,,
20.894972000000003,RATE,0.046634674072265625,0.046634674072265625,,0.0,0.0,,,,,,0.010517087765038013,-0.11650581657886505,-0.00030499999411404133,,0.01290123537182808,-0.18440108001232147,-0.0004597623192239553,,0.6197823882102966,3.987480522482656e-05,-0.0009753442136570811,,,,,,,,,,,,,,,,,,,,,,
20.894972000000003,XKF1,,,,,,,,,,,,,,,,,,,,,,,0.0,0.0,,,0.015998288859298947,,,,,,0.0,,,,,,,0.010996692813932896,,0.010996692813932896,-0.011619724333286285
20.894972000000003,POS,,,,,,,,,,,,,,,,,,,,,,,0.011132000130089637,0.0,,,,,37.4274999,-122.1697,,,-0.011132000130089637,,,,-0.025028329342603683,,,,,,
20.994932,ATT,,,3,,,0.0,0.0,3.34,0.0,0.0,,,,0.02,,,,0.04,,,,3.34,,,,,,,,,,,,,,,,,,,,,
20.994932,RATE,0.0885009765625,0.0885009765625,,0.0,0.0,,,,,,0.006682933308184147,-0.11678557842969894,-0.0002882654080167413,,0.011163056828081608,-0.1842259019613266,-0.00046206123079173267,,0.6121503114700317,4.330163574195467e-05,-0.0009672465967014432,,,,,,,,,,,,,,,,,,,,,,
20.994932,XKF1,,,,,,,,,,,,,,,,,,,,,,,0.0,0.0,,,0.016221729042953235,,,,,,0.0,,,,,,,0.011160988360643387,,0.011160988360643387,-0.011771866120398045
20.994932,POS,,,,,,,,,,,,,,,,,,,,,,,0.011132000130089637,0.0,,,,,37.4274999,-122.1697,,,-0.011132000130089637,,,,-0.025208603590726852,,,,,,
21.094892,ATT,,,3,,,0.0,0.0,3.34,0.0,0.0,,,,0.02,,,,0.04,,,,3.34,,,,,,,,,,,,,,,,,,,,,
21.094892,RATE,0.051212310791015625,0.051212310791015625,,0.0,0.0,,,,,,0.005260323639959097,-0.11743398755788803,-0.0002871451433748007,,0.010837242938578129,-0.1838177740573883,-0.00046104492503218353,,0.6096845269203186,4.0196755435317755e-05,-0.0009590526460669935,,,,,,,,,,,,,,,,,,,,,,
21.094892,XKF1,,,,,,,,,,,,,,,,,,,,,,,0.0,0.0,,,0.016348218357291756,,,,,,0.0,,,,,,,0.011265181005001068,,0.011265181005001068,-0.01184736005961895
21.094892,POS,,,,,,,,,,,,,,,,,,,,,,,0.011132000130089637,0.0,,,,,37.4274999,-122.1697,,,-0.011132000130089637,,,,-0.025378070771694183,,,,,,
21.194851999999997,ATT,,,3,,,0.0,0.0,3.33,0.0,0.0,,,,0.02,,,,0.04,,,,3.33,,,,,,,,,,,,,,,,,,,,,
21.194851999999997,RATE,-0.040435791015625,-0.040435791015625,,0.0,0.0,,,,,,0.005958390422165394,-0.11753121018409729,-0.000293433346087113,,0.013542127795517445,-0.18375630676746368,-0.00046962843043729663,,0.5982576608657837,4.617215381585993e-05,-0.0009451861842535436,,,,,,,,,,,,,,,,,,,,,,
21.194851999999997,XKF1,,,,,,,,,,,,,,,,,,,,,,,0.0,0.0,,,0.016549873589027233,,,,,,0.0,,,,,,,0.011428331024944782,,0.011428331024944782,-0.01197044551372528
21.194851999999997,POS,,,,,,,,,,,,,,,,,,,,,,,0.011132000130089637,0.0,,,,,37.4274999,-122.1697,,,-0.011132000130089637,,,,-0.025537077337503433,,,,,,
21.294812,ATT,,,3,,,0.0,0.0,3.32,0.0,0.0,,,,0.02,,,,0.04,,,,3.32,,,,,,,,,,,,,,,,,,,,,
21.294812,RATE,-0.07114410400390625,-0.07114410400390625,,0.0,0.0,,,,,,0.006153631955385208,-0.11798994243144989,-0.0002793236344587058,,0.01572815142571926,-0.18346524238586426,-0.0004712577210739255,,0.5914766788482666,4.697641634265892e-05,-0.0009354261565022171,,,,,,,,,,,,,,,,,,,,,,
21.294812,XKF1,,,,,,,,,,,,,,,,,,,,,,,0.0,0.0,,,0.016739275039222234,,,,,,0.0,,,,,,,0.011555117554962635,,0.011555117554962635,-0.012111258693039417
21.294812,POS,,,,,,,,,,,,,,,,,,,,,,,0.011132000130089637,0.0,,,,,37.4274999,-122.1697,,,-0.011132000130089637,,,,-0.025685688480734825,,,,,,
21.394772000000003,ATT,,,3,,,0.0,0.0,3.31,0.0,0.0,,,,0.02,,,,0.04,,,,3.31,,,,,,,,,,,,,,,,,,,,,
21.394772000000003,RATE,-0.15430450439453125,-0.15430450439453125,,0.0,0.0,,,,,,0.011100102216005325,-0.11818663030862808,-0.0003141203778795898,,0.010228880681097507,-0.1833399534225464,-0.00044932900345884264,,0.5829980969429016,4.812483166460879e-05,-0.0009265787084586918,,,,,,,,,,,,,,,,,,,,,,
21.394772000000003,XKF1,,,,,,,,,,,,,,,,,,,,,,,0.0,0.0,,,0.016901105434659967,,,,,,0.0,,,,,,,0.011661349795758724,,0.011661349795758724,-0.012233572080731392
21.394772000000003,POS,,,,,,,,,,,,,,,,,,,,,,,0.011132000130089637,0.0,,,,,37.4274999,-122.1697,,,-0.011132000130089637,,,,-0.025826193392276764,,,,,,
21.494732,ATT,,,3,,,0.0,0.0,3.3,0.0,0.0,,,,0.02,,,,0.04,,,,3.3,,,,,,,,,,,,,,,,,,,,,
21.494732,RATE,0.020503997802734375,0.020503997802734375,,0.0,0.0,,,,,,0.009096117690205574,-0.1281919926404953,-0.00033348158467561007,,0.01674744114279747,-0.19767966866493225,-0.0005191706004552543,,0.5841057896614075,4.4968543079448864e-05,-0.000921514758374542,,,,,,,,,,,,,,,,,,,,,,
21.494732,XKF1,,,,,,,,,,,,,,,,,,,,,,,0.0,0.0,,,0.01705857084272657,,,,,,0.0,,,,,,,0.011780004017055035,,0.011780004017055035,-0.01233800407499075
21.494732,POS,,,,,,,,,,,,,,,,,,,,,,,0.011132000130089637,0.0,,,,,37.4274999,-122.1697,,,-0.011132000130089637,,,,-0.02596237137913704,,,,,,
21.594692000000002,ATT,,,3,,,0.0,0.0,3.29,0.0,0.0,,,,0.02,,,,0.04,,,,3.29,,,,,,,,,,,,,,,,,,,,,
21.594692000000002,RATE,-0.058269500732421875,-0.058269500732421875,,0.0,0.0,,,,,,0.005448504816740751,-0.1283743679523468,-0.0003184243105351925,,0.00804890226572752,-0.19756245613098145,-0.0004811936232727021,,0.5808638334274292,4.759642615681514e-05,-0.0009112631087191403,,,,,,,,,,,,,,,,,,,,,,
21.594692000000002,XKF1,,,,,,,,,,,,,,,,,,,,,,,0.0,0.0,,,0.01722059686199532,,,,,,0.0,,,,,,,0.0118796331807971,,0.0118796331807971,-0.012466887012124062
21.594692000000002,POS,,,,,,,,,,,,,,,,,,,,,,,0.011132000130089637,0.0,,,,,37.4274999,-122.1697,,,-0.011132000130089637,,,,-0.02609262615442276,,,,,,
21.694651999999998,ATT,,,3,,,0.0,0.0,3.28,0.0,0.0,,,,0.02,,,,0.04,,,,3.28,,,,,,,,,,,,,,,,,,,,,
21.694651999999998,RATE,0.003528594970703125,0.003528594970703125,,0.0,0.0,,,,,,0.012722167186439037,-0.1289059966802597,-0.0003420699795242399,,0.013183282688260078,-0.1972193866968155,-0.0004998547374270856,,0.5688436627388,4.582078327075578e-05,-0.0009032098460011184,,,,,,,,,,,,,,,,,,,,,,
21.694651999999998,XKF1,,,,,,,,,,,,,,,,,,,,,,,0.0,0.0,,,0.017426191280420004,,,,,,0.0,,,,,,,0.012045474722981453,,0.012045474722981453,-0.012592802755534649
21.694651999999998,POS,,,,,,,,,,,,,,,,,,,,,,,0.011132000130089637,0.0,,,,,37.4274999,-122.1697,,,-0.011132000130089637,,,,-0.026214389130473137,,,,,,
21.794612,ATT,,,3,,,0.0,0.0,3.27,0.0,0.0,,,,0.02,,,,0.04,,,,3.27,,,,,,,,,,,,,,,,,,,,,
21.794612,RATE,0.03070831298828125,0.03070831298828125,,0.0,0.0,,,,,,0.006307145114988089,-0.12901020050048828,-0.0003220004145987332,,0.009156852029263973,-0.19715195894241333,-0.0004906012327410281,,0.5690340399742126,4.73101063107606e-05,-0.0008960882551036775,,,,,,,,,,,,,,,,,,,,,,
21.794612,XKF1,,,,,,,,,,,,,,,,,,,,,,,0.0,0.0,,,0.017593253948866874,,,,,,0.0,,,,,,,0.012190254405140877,,0.012190254405140877,-0.012685435824096203
21.794612,POS,,,,,,,,,,,,,,,,,,,,,,,0.011132000130089637,0.0,,,,,37.4274999,-122.1697,,,-0.011132000130089637,,,,-0.026324562728405,,,,,,
21.894571999999997,ATT,,,3,,,0.0,0.0,3.26,0.0,0.0,,,,0.02,,,,0.04,,,,3.26,,,,,,,,,,,,,,,,,,,,,
21.894571999999997,RATE,-0.011730194091796875,-0.011730194091796875,,0.0,0.0,,,,,,0.010624267160892487,-0.1302325576543808,-0.00033804262056946754,,0.009690591134130955,-0.19635456800460815,-0.0005003904225304723,,0.5640448927879333,4.691847789217718e-05,-0.0008887620642781258,,,,,,,,,,,,,,,,,,,,,,
21.894571999999997,XKF1,,,,,,,,,,,,,,,,,,,,,,,0.0,0.0,,,0.01775291876244279,,,,,,0.0,,,,,,,0.012298816815018654,,0.012298816815018654,-0.01280254777520895
21.894571999999997,POS,,,,,,,,,,,,,,,,,,,,,,,0.011132000130089637,0.0,,,,,37.4274999,-122.1697,,,-0.011132000130089637,,,,-0.026425080373883247,,,,,,
21.994532,ATT,,,3,,,0.0,0.0,3.25,0.0,0.0,,,,0.02,,,,0.04,,,,3.25,,,,,,,,,,,,,,,,,,,,,
21.994532,RATE,0.03643035888671875,0.03643035888671875,,0.0,0.0,,,,,,0.013445493765175343,-0.13097526133060455,-0.0003520247992128134,,0.009717719629406929,-0.19586481153964996,-0.00047968162107281387,,0.5603687167167664,5.117996988701634e-05,-0.0008823577663861215,,,,,,,,,,,,,,,,,,,,,,
21.994532,XKF1,,,,,,,,,,,,,,,,,,,,,,,0.0,0.0,,,0.017866896199146165,,,,,,0.0,,,,,,,0.012362169101834297,,0.012362169101834297,-0.012899719178676605
21.994532,POS,,,,,,,,,,,,,,,,,,,,,,,0.011132000130089637,0.0,,,,,37.4274999,-122.1697,,,-0.011132000130089637,,,,-0.0265189241617918,,,,,,
22.094492000000002,ATT,,,3,,,0.0,0.0,3.24,0.0,0.0,,,,0.02,,,,0.04,,,,3.24,,,,,,,,,,,,,,,,,,,,,
22.094492000000002,RATE,-0.004482269287109375,-0.004482269287109375,,0.0,0.0,,,,,,0.00735931470990181,-0.13111330568790436,-0.00032168300822377205,,0.0109892338514328,-0.19577333331108093,-0.00047919954522512853,,0.5505311489105225,5.0225826271343976e-05,-0.0008711977861821651,,,,,,,,,,,,,,,,,,,,,,
22.094492000000002,XKF1,,,,,,,,,,,,,,,,,,,,,,,0.0,0.0,,,0.018033464335011365,,,,,,0.0,,,,,,,0.012483141385018826,,0.012483141385018826,-0.013014492578804493
22.094492000000002,POS,,,,,,,,,,,,,,,,,,,,,,,0.011132000130089637,0.0,,,,,37.4274999,-122.1697,,,-0.011132000130089637,,,,-0.026604441925883293,,,,,,
22.194452,ATT,,,3,,,0.0,0.0,3.23,0.0,0.0,,,,0.02,,,,0.04,,,,3.23,,,,,,,,,,,,,,,,,,,,,
22.194452,RATE,-0.010204315185546875,-0.010204315185546875,,0.0,0.0,,,,,,0.006973243784159422,-0.132082998752594,-0.00029969358001835644,,0.016206830739974976,-0.19512680172920227,-0.0005151577643118799,,0.5455242991447449,4.655625161831267e-05,-0.0008631286327727139,,,,,,,,,,,,,,,,,,,,,,
22.194452,XKF1,,,,,,,,,,,,,,,,,,,,,,,0.0,0.0,,,0.01822306827073814,,,,,,0.0,,,,,,,0.012586942873895168,,0.012586942873895168,-0.013177597895264626
22.194452,POS,,,,,,,,,,,,,,,,,,,,,,,0.011132000130089637,0.0,,,,,37.4274999,-122.1697,,,-0.011132000130089637,,,,-0.02668525092303753,,,,,,
22.294412,ATT,,,3,,,0.0,0.0,3.22,0.0,0.0,,,,0.02,,,,0.04,,,,3.22,,,,,,,,,,,,,,,,,,,,,
22.294412,RATE,-0.07152557373046875,-0.07152557373046875,,0.0,0.0,,,,,,0.010912906378507614,-0.1323200911283493,-0.0003442205488681793,,0.01359985675662756,-0.19496765732765198,-0.0004907989059574902,,0.5409255027770996,5.035632420913316e-05,-0.0008576983236707747,,,,,,,,,,,,,,,,,,,,,,
22.294412,XKF1,,,,,,,,,,,,,,,,,,,,,,,0.0,0.0,,,0.01834982615091947,,,,,,0.0,,,,,,,0.01267686765640974,,0.01267686765640974,-0.01326699461787939
22.294412,POS,,,,,,,,,,,,,,,,,,,,,,,0.011132000130089637,0.0,,,,,37.4274999,-122.1697,,,-0.011132000130089637,,,,-0.026761505752801895,,,,,,
22.394371999999997,ATT,,,3,,,0.0,0.0,3.21,0.0,0.0,,,,0.02,,,,0.04,,,,3.21,,,,,,,,,,,,,,,,,,,,,
22.394371999999997,RATE,-0.06380081176757812,-0.06380081176757812,,0.0,0.0,,,,,,0.010053989477455616,-0.13209550082683563,-0.0003389767080079764,,0.01209634356200695,-0.19511842727661133,-0.0005047355662100017,,0.5371113419532776,5.00819442095235e-05,-0.0008492540218867362,,,,,,,,,,,,,,,,,,,,,,
22.394371999999997,XKF1,,,,,,,,,,,,,,,,,,,,,,,0.0,0.0,,,0.01849811597796971,,,,,,0.0,,,,,,,0.0127862598747015,,0.0127862598747015,-0.013367567211389542
22.394371999999997,POS,,,,,,,,,,,,,,,,,,,,,,,0.011132000130089637,0.0,,,,,37.4274999,-122.1697,,,-0.011132000130089637,,,,-0.02683183364570141,,,,,,
22.494332,ATT,,,3,,,0.0,0.0,3.2,0.0,0.0,,,,0.02,,,,0.04,,,,3.2,,,,,,,,,,,,,,,,,,,,,
22.494332,RATE,-0.08392333984375,-0.08392333984375,,0.0,0.0,,,,,,0.009376809932291508,-0.1314965784549713,-0.0003411165380384773,,0.015533624216914177,-0.1955186426639557,-0.0005025906721130013,,0.5268363356590271,5.552063157665543e-05,-0.0008395604672841728,,,,,,,,,,,,,,,,,,,,,,
22.494332,XKF1,,,,,,,,,,,,,,,,,,,,,,,0.0,0.0,,,0.01864775181945411,,,,,,0.0,,,,,,,0.012859951704740524,,0.012859951704740524,-0.013504084199666977
22.494332,POS,,,,,,,,,,,,,,,,,,,,,,,0.011132000130089637,0.0,,,,,37.4274999,-122.1697,,,-0.011132000130089637,,,,-0.02689453214406967,,,,,,
22.594292000000003,ATT,,,3,,,0.0,0.0,3.19,0.0,0.0,,,,0.03,,,,0.04,,,,3.19,,,,,,,,,,,,,,,,,,,,,
22.594292000000003,RATE,-0.17986297607421875,-0.17986297607421875,,0.0,0.0,,,,,,0.00670591089874506,-0.13149407505989075,-0.0003067631332669407,,0.016021858900785446,-0.195520281791687,-0.0004989539156667888,,0.5246650576591492,5.3181229304755107e-05,-0.0008299614419229329,,,,,,,,,,,,,,,,,,,,,,
22.594292000000003,XKF1,,,,,,,,,,,,,,,,,,,,,,,0.0,0.0,,,0.0187454011767394,,,,,,0.0,,,,,,,0.012963355518877506,,0.012963355518877506,-0.013540364801883698
22.594292000000003,POS,,,,,,,,,,,,,,,,,,,,,,,0.011132000130089637,0.0,,,,,37.4274999,-122.1697,,,-0.011132000130089637,,,,-0.026950765401124954,,,,,,
22.694252,ATT,,,3,,,0.0,0.0,3.19,0.0,0.0,,,,0.03,,,,0.04,,,,3.19,,,,,,,,,,,,,,,,,,,,,
22.694252,RATE,0.0095367431640625,0.0095367431640625,,0.0,0.0,,,,,,0.0076202224008738995,-0.13140420615673065,-0.00033052684739232063,,0.013375085778534412,-0.1955801248550415,-0.0004974729381501675,,0.5216067433357239,5.376862100092694e-05,-0.0008263998897746205,,,,,,,,,,,,,,,,,,,,,,
22.694252,XKF1,,,,,,,,,,,,,,,,,,,,,,,0.0,0.0,,,0.01890668316083899,,,,,,0.0,,,,,,,0.013062452897429466,,0.013062452897429466,-0.013668759725987911
22.694252,POS,,,,,,,,,,,,,,,,,,,,,,,0.011132000130089637,0.0,,,,,37.4274999,-122.1697,,,-0.011132000130089637,,,,-0.027005746960639954,,,,,,
22.794212,ATT,,,3,,,0.0,0.0,3.18,0.0,0.0,,,,0.03,,,,0.04,,,,3.18,,,,,,,,,,,,,,,,,,,,,
22.794212,RATE,-0.05893707275390625,-0.05893707275390625,,0.0,0.0,,,,,,0.007469046860933304,-0.14052200317382812,-0.0003540899488143623,,0.014583971351385117,-0.20904605090618134,-0.0005311249406076968,,0.5210320949554443,5.615429108729586e-05,-0.0008184260805137455,,,,,,,,,,,,,,,,,,,,,,
22.794212,XKF1,,,,,,,,,,,,,,,,,,,,,,,0.0,0.0,,,0.01903856559877877,,,,,,0.0,,,,,,,0.013194160535931587,,0.013194160535931587,-0.013725199736654758
22.794212,POS,,,,,,,,,,,,,,,,,,,,,,,0.011132000130089637,0.0,,,,,37.4274999,-122.1697,,,-0.011132000130089637,,,,-0.027054503560066223,,,,,,
22.829197999999998,MSG,,,,,,,,,,,,,,,,,,,,,,,,,,,,,,,,,,,,,,,,,Arm: Need Position Estimate,,
22.829197999999998,MSG,,,,,,,,,,,,,,,,,,,,,,,,,,,,,,,,,,,,,,,,,Arm: Fence requires position,,
22.894171999999998,ATT,,,3,,,0.0,0.0,3.17,0.0,0.0,,,,0.03,,,,0.04,,,,3.17,,,,,,,,,,,,,,,,,,,,,
22.894171999999998,RATE,-0.009918212890625,-0.009918212890625,,0.0,0.0,,,,,,0.009582580998539925,-0.14083817601203918,-0.0003622817457653582,,0.0132175637409091,-0.20883509516716003,-0.0005289425025694072,,0.5166747570037842,5.416235944721848e-05,-0.0008116344106383622,,,,,,,,,,,,,,,,,,,,,,
22.894171999999998,XKF1,,,,,,,,,,,,,,,,,,,,,,,0.0,0.0,,,0.01921009522554564,,,,,,0.0,,,,,,,0.013338219374418259,,0.013338219374418259,-0.013824603520333767
22.894171999999998,POS,,,,,,,,,,,,,,,,,,,,,,,0.011132000130089637,0.0,,,,,37.4274999,-122.1697,,,-0.011132000130089637,,,,-0.027097510173916817,,,,,,
22.994965,ATT,,,3,,,0.0,0.0,3.16,0.0,0.0,,,,0.03,,,,0.04,,,,3.16,,,,,,,,,,,,,,,,,,,,,
22.994965,RATE,-0.017452239990234375,-0.017452239990234375,,0.0,0.0,,,,,,0.00766689982265234,-0.14145976305007935,-0.00035519315861165524,,0.011264336295425892,-0.20841838419437408,-0.0005049211904406548,,0.5069159269332886,5.421231617219746e-05,-0.0008013988262973726,,,,,,,,,,,,,,,,,,,,,,
22.994965,XKF1,,,,,,,,,,,,,,,,,,,,,,,0.0,0.0,,,0.019377246336177982,,,,,,0.0,,,,,,,0.013447968289256096,,0.013447968289256096,-0.013950979337096214
22.994965,POS,,,,,,,,,,,,,,,,,,,,,,,0.011132000130089637,0.0,,,,,37.4274999,-122.1697,,,-0.011132000130089637,,,,-0.027138425037264824,,,,,,
23.094924999999996,ATT,,,3,,,0.0,0.0,3.15,0.0,0.0,,,,0.03,,,,0.04,,,,3.15,,,,,,,,,,,,,,,,,,,,,
23.094924999999996,RATE,-0.0,0.0,,0.0,0.0,,,,,,0.008004361763596535,-0.14119474589824677,-0.0003565271326806396,,0.011926976963877678,-0.2085963785648346,-0.0005028237355872989,,0.5011127591133118,5.69649382669013e-05,-0.0007948675774969161,,,,,,,,,,,,,,,,,,,,,,
23.094924999999996,XKF1,,,,,,,,,,,,,,,,,,,,,,,0.0,0.0,,,0.01951669880442357,,,,,,0.0,,,,,,,0.013567231595516205,,0.013567231595516205,-0.014029674232006073
23.094924999999996,POS,,,,,,,,,,,,,,,,,,,,,,,0.011132000130089637,0.0,,,,,37.4274999,-122.1697,,,-0.011132000130089637,,,,-0.027179446071386337,,,,,,
23.194885,ATT,,,3,,,0.0,0.0,3.14,0.0,0.0,,,,0.03,,,,0.04,,,,3.14,,,,,,,,,,,,,,,,,,,,,
23.194885,RATE,0.037860870361328125,0.037860870361328125,,0.0,0.0,,,,,,0.00947684794664383,-0.14105483889579773,-0.00036052343784831464,,0.01183954905718565,-0.20869016647338867,-0.0005190767697058618,,0.4991179406642914,5.6173474149545655e-05,-0.0007891921559348702,,,,,,,,,,,,,,,,,,,,,,
23.194885,XKF1,,,,,,,,,,,,,,,,,,,,,,,0.0,0.0,,,0.019616999230530386,,,,,,0.0,,,,,,,0.013677318580448627,,0.013677318580448627,-0.014062631875276566
23.194885,POS,,,,,,,,,,,,,,,,,,,,,,,0.011132000130089637,0.0,,,,,37.4274999,-122.1697,,,-0.011132000130089637,,,,-0.02721896581351757,,,,,,
23.294845000000002,ATT,,,3,,,0.0,0.0,3.13,0.0,0.0,,,,0.03,,,,0.04,,,,3.13,,,,,,,,,,,,,,,,,,,,,
23.294845000000002,RATE,0.12722015380859375,0.12722015380859375,,0.0,0.0,,,,,,0.003911025356501341,-0.1414811909198761,-0.0003309160238131881,,0.00940980575978756,-0.20840395987033844,-0.0005030586617067456,,0.4963465929031372,5.822659295517951e-05,-0.0007840397884137928,,,,,,,,,,,,,,,,,,,,,,
23.294845000000002,XKF1,,,,,,,,,,,,,,,,,,,,,,,0.0,0.0,,,0.019789029934012683,,,,,,0.0,,,,,,,0.013784307055175303,,0.013784307055175304,-0.014198541641235352
23.294845000000002,POS,,,,,,,,,,,,,,,,,,,,,,,0.011132000130089637,0.0,,,,,37.4274999,-122.1697,,,-0.011132000130089637,,,,-0.027249498292803764,,,,,,
23.394804999999998,ATT,,,3,,,0.0,0.0,3.12,0.0,0.0,,,,0.03,,,,0.04,,,,3.12,,,,,,,,,,,,,,,,,,,,,
23.394804999999998,RATE,-0.006866455078125,-0.006866455078125,,0.0,0.0,,,,,,0.01203579269349575,-0.14187884330749512,-0.000364646635716781,,0.014011816121637821,-0.2081359475851059,-0.0005307294777594507,,0.4931962788105011,5.800729923066683e-05,-0.0007765995105728507,,,,,,,,,,,,,,,,,,,,,,
23.394804999999998,XKF1,,,,,,,,,,,,,,,,,,,,,,,0.0,0.0,,,0.019942887284244825,,,,,,0.0,,,,,,,0.013896033167839049,,0.01389603316783905,-0.014304510317742825
23.394804999999998,POS,,,,,,,,,,,,,,,,,,,,,,,0.011132000130089637,0.0,,,,,37.4274999,-122.1697,,,-0.011132000130089637,,,,-0.027267035096883774,,,,,,
23.494765,ATT,,,3,,,0.0,0.0,3.11,0.0,0.0,,,,0.03,,,,0.04,,,,3.11,,,,,,,,,,,,,,,,,,,,,
23.494765,RATE,0.08039474487304688,0.08039474487304688,,0.0,0.0,,,,,,0.007509976625442505,-0.1426299661397934,-0.00034996261820197105,,0.012423344887793064,-0.2076265960931778,-0.0005272094276733696,,0.4867972433567047,5.8028625062434e-05,-0.0007705761236138642,,,,,,,,,,,,,,,,,,,,,,
23.494765,XKF1,,,,,,,,,,,,,,,,,,,,,,,0.0,0.0,,,0.02012696003012565,,,,,,0.0,,,,,,,0.013992430642247198,,0.0139924306422472,-0.014467425644397736
23.494765,POS,,,,,,,,,,,,,,,,,,,,,,,0.011132000130089637,0.0,,,,,37.4274999,-122.1697,,,-0.011132000130089637,,,,-0.027280261740088463,,,,,,
23.594724999999997,ATT,,,3,,,0.0,0.0,3.1,0.0,0.0,,,,0.03,,,,0.04,,,,3.1,,,,,,,,,,,,,,,,,,,,,
23.594724999999997,RATE,-0.028514862060546875,-0.028514862060546875,,0.0,0.0,,,,,,0.01080403570085764,-0.14286932349205017,-0.00035891271545551717,,0.011382055468857288,-0.20746341347694397,-0.0005189377116039395,,0.4807743430137634,6.072554242564365e-05,-0.0007619052776135504,,,,,,,,,,,,,,,,,,,,,,
23.594724999999997,XKF1,,,,,,,,,,,,,,,,,,,,,,,0.0,0.0,,,0.020281866831367106,,,,,,0.0,,,,,,,0.014103026129305361,,0.014103026129305363,-0.014575965702533722
23.594724999999997,POS,,,,,,,,,,,,,,,,,,,,,,,0.011132000130089637,0.0,,,,,37.4274999,-122.1697,,,-0.011132000130089637,,,,-0.027286889031529427,,,,,,
23.694685,ATT,,,3,,,0.0,0.0,3.09,0.0,0.0,,,,0.03,,,,0.04,,,,3.09,,,,,,,,,,,,,,,,,,,,,
23.694685,RATE,-0.052165985107421875,-0.052165985107421875,,0.0,0.0,,,,,,0.009842869825661182,-0.15145090222358704,-0.00037883268669247627,,0.016335412859916687,-0.22009830176830292,-0.0005615617264993489,,0.4833393394947052,5.9439749747980386e-05,-0.0007582537946291268,,,,,,,,,,,,,,,,,,,,,,
23.694685,XKF1,,,,,,,,,,,,,,,,,,,,,,,0.0,0.0,,,0.020479383148429314,,,,,,0.0,,,,,,,0.014259518124163149,,0.01425951812416315,-0.014699363149702549
23.694685,POS,,,,,,,,,,,,,,,,,,,,,,,0.011132000130089637,0.0,,,,,37.4274999,-122.1697,,,-0.011132000130089637,,,,-0.02728641964495182,,,,,,
23.794645000000003,ATT,,,3,,,0.0,0.0,3.09,0.0,0.0,,,,0.03,,,,0.04,,,,3.09,,,,,,,,,,,,,,,,,,,,,
23.794645000000003,RATE,-0.011539459228515625,-0.011539459228515625,,0.0,0.0,,,,,,0.007761406246572733,-0.15181058645248413,-0.00037142258952371776,,0.014836298301815987,-0.21985243260860443,-0.000563866226002574,,0.47494029998779297,6.394561933120713e-05,-0.0007523922831751406,,,,,,,,,,,,,,,,,,,,,,
23.794645000000003,XKF1,,,,,,,,,,,,,,,,,,,,,,,0.0,0.0,,,0.02064520961645921,,,,,,0.0,,,,,,,0.014334501698613165,,0.014334501698613167,-0.014857548289000988
23.794645000000003,POS,,,,,,,,,,,,,,,,,,,,,,,0.011132000130089637,0.0,,,,,37.4274999,-122.1697,,,-0.011132000130089637,,,,-0.027282794937491417,,,,,,
23.894605,ATT,,,3,,,0.0,0.0,3.08,0.0,0.0,,,,0.03,,,,0.04,,,,3.08,,,,,,,,,,,,,,,,,,,,,
23.894605,RATE,-0.022220611572265625,-0.022220611572265625,,0.0,0.0,,,,,,0.008005269803106785,-0.15209341049194336,-0.00037306512240320444,,0.013394124805927277,-0.21965856850147247,-0.0005552877555601299,,0.4712774455547333,6.0827638662885875e-05,-0.0007441064226441085,,,,,,,,,,,,,,,,,,,,,,
23.894605,XKF1,,,,,,,,,,,,,,,,,,,,,,,0.0,0.0,,,0.020832743329595428,,,,,,0.0,,,,,,,0.0144563652575016,,0.014456365257501602,-0.015000556595623493
23.894605,POS,,,,,,,,,,,,,,,,,,,,,,,0.011132000130089637,0.0,,,,,37.4274999,-122.1697,,,-0.011132000130089637,,,,-0.02727493830025196,,,,,,
23.994565,ATT,,,3,,,0.0,0.0,3.07,0.0,0.0,,,,0.03,,,,0.04,,,,3.07,,,,,,,,,,,,,,,,,,,,,
23.994565,RATE,-0.012493133544921875,-0.012493133544921875,,0.0,0.0,,,,,,0.007020770106464624,-0.1530316323041916,-0.0003641895891632885,,0.014079091139137745,-0.21901151537895203,-0.0005562217556871474,,0.46592241525650024,6.582328205695376e-05,-0.000740484450943768,,,,,,,,,,,,,,,,,,,,,,
23.994565,XKF1,,,,,,,,,,,,,,,,,,,,,,,0.0,0.0,,,0.020945572098875955,,,,,,0.0,,,,,,,0.014532657340168951,,0.014532657340168953,-0.015083728358149529
23.994565,POS,,,,,,,,,,,,,,,,,,,,,,,0.011132000130089637,0.0,,,,,37.4274999,-122.1697,,,-0.011132000130089637,,,,-0.027267014607787132,,,,,,
24.094524999999997,ATT,,,3,,,0.0,0.0,3.06,0.0,0.0,,,,0.03,,,,0.04,,,,3.06,,,,,,,,,,,,,,,,,,,,,
24.094524999999997,RATE,0.0415802001953125,0.0415802001953125,,0.0,0.0,,,,,,0.007734864950180054,-0.15339979529380798,-0.0003704720293171704,,0.013466773554682732,-0.21875597536563873,-0.0005447771982289851,,0.4659860134124756,6.486540223704651e-05,-0.0007314659305848181,,,,,,,,,,,,,,,,,,,,,,
24.094524999999997,XKF1,,,,,,,,,,,,,,,,,,,,,,,0.0,0.0,,,0.021099272023688706,,,,,,0.0,,,,,,,0.014657870866358278,,0.01465787086635828,-0.015176498331129551
24.094524999999997,POS,,,,,,,,,,,,,,,,,,,,,,,0.011132000130089637,0.0,,,,,37.4274999,-122.1697,,,-0.011132000130089637,,,,-0.027259334921836853,,,,,,
24.194485,ATT,,,3,,,0.0,0.0,3.05,0.0,0.0,,,,0.03,,,,0.04,,,,3.05,,,,,,,,,,,,,,,,,,,,,
24.194485,RATE,-0.023174285888671875,-0.023174285888671875,,0.0,0.0,,,,,,0.009834203869104385,-0.1538243293762207,-0.0003764676221180707,,0.014991751872003078,-0.21846020221710205,-0.0005436627543531358,,0.4621936082839966,7.121000089682639e-05,-0.0007262991275638342,,,,,,,,,,,,,,,,,,,,,,
24.194485,XKF1,,,,,,,,,,,,,,,,,,,,,,,0.0,0.0,,,0.02124799045717168,,,,,,0.0,,,,,,,0.014750894159078596,,0.014750894159078598,-0.015293404459953308
24.194485,POS,,,,,,,,,,,,,,,,,,,,,,,0.011132000130089637,0.0,,,,,37.4274999,-122.1697,,,-0.011132000130089637,,,,-0.02725166641175747,,,,,,
24.294445000000003,ATT,,,3,,,0.0,0.0,3.04,0.0,0.0,,,,0.03,,,,0.04,,,,3.04,,,,,,,,,,,,,,,,,,,,,
24.294445000000003,RATE,-0.052547454833984375,-0.052547454833984375,,0.0,0.0,,,,,,0.008011894300580025,-0.15395914018154144,-0.00036678931792266667,,0.012238084338605404,-0.21836599707603455,-0.0005198260769248009,,0.4574982225894928,6.988180393818766e-05,-0.0007186877191998065,,,,,,,,,,,,,,,,,,,,,,
24.294445000000003,XKF1,,,,,,,,,,,,,,,,,,,,,,,0.0,0.0,,,0.021403623554915787,,,,,,0.0,,,,,,,0.014856393449008463,,0.014856393449008465,-0.015407877042889595
24.294445000000003,POS,,,,,,,,,,,,,,,,,,,,,,,0.011132000130089637,0.0,,,,,37.4274999,-122.1697,,,-0.011132000130089637,,,,-0.027243059128522873,,,,,,
24.394405,ATT,,,3,,,0.0,0.0,3.03,0.0,0.0,,,,0.03,,,,0.04,,,,3.03,,,,,,,,,,,,,,,,,,,,,
24.394405,RATE,-0.051212310791015625,-0.051212310791015625,,0.0,0.0,,,,,,0.011326570995151997,-0.15407031774520874,-0.00039472710341215134,,0.012560739181935787,-0.21828825771808624,-0.000538526801392436,,0.4524171054363251,7.135976920835674e-05,-0.0007129425066523254,,,,,,,,,,,,,,,,,,,,,,
24.394405,XKF1,,,,,,,,,,,,,,,,,,,,,,,0.0,0.0,,,0.021569861817818815,,,,,,0.0,,,,,,,0.014961278997361658,,0.01496127899736166,-0.015537666156888008
24.394405,POS,,,,,,,,,,,,,,,,,,,,,,,0.011132000130089637,0.0,,,,,37.4274999,-122.1697,,,-0.011132000130089637,,,,-0.027234012261033058,,,,,,
24.494365000000002,ATT,,,3,,,0.0,0.0,3.03,0.0,0.0,,,,0.03,,,,0.04,,,,3.03,,,,,,,,,,,,,,,,,,,,,
24.494365000000002,RATE,-0.01430511474609375,-0.01430511474609375,,0.0,0.0,,,,,,0.009208008646965027,-0.1543215960264206,-0.00038304494228214025,,0.01663111336529255,-0.21811218559741974,-0.000558621424715966,,0.44754576683044434,6.675846088910475e-05,-0.0007089683203957975,,,,,,,,,,,,,,,,,,,,,,
24.494365000000002,XKF1,,,,,,,,,,,,,,,,,,,,,,,0.0,0.0,,,0.02174442338813827,,,,,,0.0,,,,,,,0.015078281983733175,,0.015078281983733177,-0.01566733419895172
24.494365000000002,POS,,,,,,,,,,,,,,,,,,,,,,,0.011132000130089637,0.0,,,,,37.4274999,-122.1697,,,-0.011132000130089637,,,,-0.02722349390387535,,,,,,
24.594324999999998,ATT,,,3,,,0.0,0.0,3.02,0.0,0.0,,,,0.03,,,,0.04,,,,3.02,,,,,,,,,,,,,,,,,,,,,
24.594324999999998,RATE,0.009822845458984375,0.009822845458984375,,0.0,0.0,,,,,,0.007959272712469101,-0.1634216457605362,-0.00039418478263542056,,0.012580540031194687,-0.22937242686748505,-0.0005743950605392456,,0.4455035626888275,6.685115658910945e-05,-0.0007057955954223871,,,,,,,,,,,,,,,,,,,,,,
24.594324999999998,XKF1,,,,,,,,,,,,,,,,,,,,,,,0.0,0.0,,,0.021910344955914846,,,,,,0.0,,,,,,,0.015196456573903559,,0.01519645657390356,-0.01578388176858425
24.594324999999998,POS,,,,,,,,,,,,,,,,,,,,,,,0.011132000130089637,0.0,,,,,37.4274999,-122.1697,,,-0.011132000130089637,,,,-0.027211137115955353,,,,,,
24.694285,ATT,,,3,,,0.0,0.0,3.01,0.0,0.0,,,,0.03,,,,0.04,,,,3.01,,,,,,,,,,,,,,,,,,,,,
24.694285,RATE,0.04940032958984375,0.04940032958984375,,0.0,0.0,,,,,,0.010647634975612164,-0.1638803482055664,-0.00041567161679267883,,0.00986679457128048,-0.22904753684997559,-0.0005522898281924427,,0.4464779496192932,6.743780249962583e-05,-0.0007005981751717627,,,,,,,,,,,,,,,,,,,,,,
24.694285,XKF1,,,,,,,,,,,,,,,,,,,,,,,0.0,0.0,,,0.022018535402964574,,,,,,0.0,,,,,,,0.01527315843850374,,0.015273158438503742,-0.015860218554735184
24.694285,POS,,,,,,,,,,,,,,,,,,,,,,,0.011132000130089637,0.0,,,,,37.4274999,-122.1697,,,-0.011132000130089637,,,,-0.02719735912978649,,,,,,
24.794244999999997,ATT,,,3,,,0.0,0.0,3.0,0.0,0.0,,,,0.03,,,,0.04,,,,3.0,,,,,,,,,,,,,,,,,,,,,
24.794244999999997,RATE,-0.055408477783203125,-0.055408477783203125,,0.0,0.0,,,,,,0.006996180396527052,-0.1637818068265915,-0.00040832662489265203,,0.012536587193608284,-0.22911743819713593,-0.0005524672451429069,,0.4408983886241913,6.734102498739958e-05,-0.000695341732352972,,,,,,,,,,,,,,,,,,,,,,
24.794244999999997,XKF1,,,,,,,,,,,,,,,,,,,,,,,0.0,0.0,,,0.02218600343334148,,,,,,0.0,,,,,,,0.01535997539758682,,0.015359975397586823,-0.016009056940674782
24.794244999999997,POS,,,,,,,,,,,,,,,,,,,,,,,0.011132000130089637,0.0,,,,,37.4274999,-122.1697,,,-0.011132000130089637,,,,-0.02717950940132141,,,,,,
24.894205,ATT,,,3,,,0.0,0.0,2.99,0.0,0.0,,,,0.03,,,,0.05,,,,2.99,,,,,,,,,,,,,,,,,,,,,
24.894205,RATE,0.005435943603515625,0.005435943603515625,,0.0,0.0,,,,,,0.010325824841856956,-0.16416670382022858,-0.0004128588188905269,,0.0134204076603055,-0.22884401679039001,-0.0005702345515601337,,0.43714436888694763,7.009196997387335e-05,-0.0006877126288600266,,,,,,,,,,,,,,,,,,,,,,
24.894205,XKF1,,,,,,,,,,,,,,,,,,,,,,,0.0,0.0,,,0.022271350641138075,,,,,,0.0,,,,,,,0.015418604016304014,,0.015418604016304016,-0.016071083024144173
24.894205,POS,,,,,,,,,,,,,,,,,,,,,,,0.011132000130089637,0.0,,,,,37.4274999,-122.1697,,,-0.011132000130089637,,,,-0.027158081531524658,,,,,,
24.994998000000002,ATT,,,3,,,0.0,0.0,2.98,0.0,0.0,,,,0.03,,,,0.05,,,,2.98,,,,,,,,,,,,,,,,,,,,,
24.994998000000002,RATE,0.035858154296875,0.035858154296875,,0.0,0.0,,,,,,0.010578283108770847,-0.1649809181690216,-0.00041695687104947865,,0.011441553942859173,-0.22826240956783295,-0.0005683175986632705,,0.4296598434448242,6.876471161376685e-05,-0.0006788675673305988,,,,,,,,,,,,,,,,,,,,,,
24.994998000000002,XKF1,,,,,,,,,,,,,,,,,,,,,,,0.0,0.0,,,0.022428399627527667,,,,,,0.0,,,,,,,0.015503247268497942,,0.015503247268497944,-0.016207480803132057
24.994998000000002,POS,,,,,,,,,,,,,,,,,,,,,,,0.011132000130089637,0.0,,,,,37.4274999,-122.1697,,,-0.011132000130089637,,,,-0.027135614305734634,,,,,,
25.094958,ATT,,,3,,,0.0,0.0,2.97,0.0,0.0,,,,0.03,,,,0.05,,,,2.97,,,,,,,,,,,,,,,,,,,,,
25.094958,RATE,0.02841949462890625,0.02841949462890625,,0.0,0.0,,,,,,0.009462523274123669,-0.16522616147994995,-0.0004258871776983142,,0.012124382890760899,-0.22808638215065002,-0.0005606436170637608,,0.4280301034450531,7.29272942407988e-05,-0.0006751460605300963,,,,,,,,,,,,,,,,,,,,,,
25.094958,XKF1,,,,,,,,,,,,,,,,,,,,,,,0.0,0.0,,,0.02254688119304142,,,,,,0.0,,,,,,,0.015603297390043734,,0.015603297390043736,-0.016275716945528984
25.094958,POS,,,,,,,,,,,,,,,,,,,,,,,0.011132000130089637,0.0,,,,,37.4274999,-122.1697,,,-0.011132000130089637,,,,-0.027113528922200203,,,,,,
25.194918,ATT,,,3,,,0.0,0.0,2.97,0.0,0.0,,,,0.03,,,,0.05,,,,2.97,,,,,,,,,,,,,,,,,,,,,
25.194918,RATE,0.125885009765625,0.125885009765625,,0.0,0.0,,,,,,0.010817153379321098,-0.16543753445148468,-0.00041597193921916187,,0.013268648646771908,-0.22793430089950562,-0.0005606665508821607,,0.42803993821144104,7.026622188277543e-05,-0.0006716953357681632,,,,,,,,,,,,,,,,,,,,,,
25.194918,XKF1,,,,,,,,,,,,,,,,,,,,,,,0.0,0.0,,,0.022703093340130372,,,,,,0.0,,,,,,,0.015672260895371437,,0.015672260895371437,-0.01642591506242752
25.194918,POS,,,,,,,,,,,,,,,,,,,,,,,0.011132000130089637,0.0,,,,,37.4274999,-122.1697,,,-0.011132000130089637,,,,-0.027090001851320267,,,,,,
25.294877999999997,ATT,,,3,,,0.0,0.0,2.96,0.0,0.0,,,,0.03,,,,0.05,,,,2.96,,,,,,,,,,,,,,,,,,,,,
25.294877999999997,RATE,0.011920928955078125,0.011920928955078125,,0.0,0.0,,,,,,0.013051620684564114,-0.16639584302902222,-0.00042909561307169497,,0.014035781845450401,-0.22724121809005737,-0.0005631515523418784,,0.4219437539577484,6.947966176085174e-05,-0.0006639193161390722,,,,,,,,,,,,,,,,,,,,,,
25.294877999999997,XKF1,,,,,,,,,,,,,,,,,,,,,,,0.0,0.0,,,0.022847741980891723,,,,,,0.0,,,,,,,0.015743687748908997,,0.015743687748908997,-0.016557645052671432
25.294877999999997,POS,,,,,,,,,,,,,,,,,,,,,,,0.011132000130089637,0.0,,,,,37.4274999,-122.1697,,,-0.011132000130089637,,,,-0.027064194902777672,,,,,,
25.394838,ATT,,,3,,,0.0,0.0,2.95,0.0,0.0,,,,0.03,,,,0.05,,,,2.95,,,,,,,,,,,,,,,,,,,,,
25.394838,RATE,0.014591217041015625,0.014591217041015625,,0.0,0.0,,,,,,0.013683618977665901,-0.1674848049879074,-0.00040972960414364934,,0.013857201673090458,-0.22644613683223724,-0.0005845458945259452,,0.4218653738498688,6.843894516350701e-05,-0.0006610775017179549,,,,,,,,,,,,,,,,,,,,,,
25.394838,XKF1,,,,,,,,,,,,,,,,,,,,,,,0.0,0.0,,,0.02296136354670354,,,,,,0.0,,,,,,,0.015814214944839478,,0.015814214944839478,-0.01664736680686474
25.394838,POS,,,,,,,,,,,,,,,,,,,,,,,0.011132000130089637,0.0,,,,,37.4274999,-122.1697,,,-0.011132000130089637,,,,-0.027040036395192146,,,,,,
25.494798000000003,ATT,,,3,,,0.0,0.0,2.94,0.0,0.0,,,,0.03,,,,0.05,,,,2.94,,,,,,,,,,,,,,,,,,,,,
25.494798000000003,RATE,0.08363723754882812,0.08363723754882812,,0.0,0.0,,,,,,0.0061393738724291325,-0.1676851063966751,-0.00040642026579007506,,0.015685223042964935,-0.22629903256893158,-0.0005849131848663092,,0.41213464736938477,7.307070336537436e-05,-0.0006573946448042989,,,,,,,,,,,,,,,,,,,,,,
25.494798000000003,XKF1,,,,,,,,,,,,,,,,,,,,,,,0.0,0.0,,,0.023062719928951602,,,,,,0.0,,,,,,,0.015879854559898376,,0.015879854559898376,-0.016724810004234314
25.494798000000003,POS,,,,,,,,,,,,,,,,,,,,,,,0.011132000130089637,0.0,,,,,37.4274999,-122.1697,,,-0.011132000130089637,,,,-0.027015669271349907,,,,,,
25.594758,ATT,,,3,,,0.0,0.0,2.93,0.0,0.0,,,,0.03,,,,0.05,,,,2.93,,,,,,,,,,,,,,,,,,,,,
25.594758,RATE,-0.002956390380859375,-0.002956390380859375,,0.0,0.0,,,,,,0.012230310589075089,-0.16883346438407898,-0.0004237020038999617,,0.013455333188176155,-0.2254503220319748,-0.0005624269833788276,,0.411166787147522,7.497193291783333e-05,-0.0006502304458990693,,,,,,,,,,,,,,,,,,,,,,
25.594758,XKF1,,,,,,,,,,,,,,,,,,,,,,,0.0,0.0,,,0.023164386206262207,,,,,,0.0,,,,,,,0.01591760851442814,,0.01591760851442814,-0.016829097643494606
25.594758,POS,,,,,,,,,,,,,,,,,,,,,,,0.011132000130089637,0.0,,,,,37.4274999,-122.1697,,,-0.011132000130089637,,,,-0.026989687234163284,,,,,,
25.694718,ATT,,,3,,,0.0,0.0,2.93,0.0,0.0,,,,0.03,,,,0.05,,,,2.93,,,,,,,,,,,,,,,,,,,,,
25.694718,RATE,0.11348724365234375,0.11348724365234375,,0.0,0.0,,,,,,0.009901316836476326,-0.16932742297649384,-0.00040835925028659403,,0.012490497902035713,-0.2250824272632599,-0.0005685007781721652,,0.40936461091041565,7.482878572773188e-05,-0.000642764731310308,,,,,,,,,,,,,,,,,,,,,,
25.694718,XKF1,,,,,,,,,,,,,,,,,,,,,,,0.0,0.0,,,0.02335423958349719,,,,,,0.0,,,,,,,0.016050640493631363,,0.016050640493631363,-0.016964593902230263
25.694718,POS,,,,,,,,,,,,,,,,,,,,,,,0.011132000130089637,0.0,,,,,37.4274999,-122.1697,,,-0.011132000130089637,,,,-0.02696102298796177,,,,,,
25.794677999999998,ATT,,,3,,,0.0,0.0,2.92,0.0,0.0,,,,0.03,,,,0.05,,,,2.92,,,,,,,,,,,,,,,,,,,,,
25.794677999999998,RATE,0.09584426879882812,0.09584426879882812,,0.0,0.0,,,,,,0.009103687480092049,-0.1691160500049591,-0.00040577942854724824,,0.014251279644668102,-0.2252400815486908,-0.0005616174312308431,,0.40369877219200134,7.417393499054015e-05,-0.0006401666905730963,,,,,,,,,,,,,,,,,,,,,,
25.794677999999998,XKF1,,,,,,,,,,,,,,,,,,,,,,,0.0,0.0,,,0.023481861202758796,,,,,,0.0,,,,,,,0.01609322987496853,,0.01609322987496853,-0.017099875956773758
25.794677999999998,POS,,,,,,,,,,,,,,,,,,,,,,,0.011132000130089637,0.0,,,,,37.4274999,-122.1697,,,-0.011132000130089637,,,,-0.02692839317023754,,,,,,
25.894638,ATT,,,3,,,0.0,0.0,2.91,0.0,0.0,,,,0.03,,,,0.05,,,,2.91,,,,,,,,,,,,,,,,,,,,,
25.894638,RATE,0.08420944213867188,0.08420944213867188,,0.0,0.0,,,,,,0.009882843121886253,-0.17764323949813843,-0.0004135191556997597,,0.012909306213259697,-0.23602089285850525,-0.000549903663340956,,0.4027904272079468,7.734166138106957e-05,-0.0006338329403661191,,,,,,,,,,,,,,,,,,,,,,
25.894638,XKF1,,,,,,,,,,,,,,,,,,,,,,,0.0,0.0,,,0.02362626585887536,,,,,,0.0,,,,,,,0.01616785116493702,,0.01616785116493702,-0.017227914184331894
25.894638,POS,,,,,,,,,,,,,,,,,,,,,,,0.011132000130089637,0.0,,,,,37.4274999,-122.1697,,,-0.011132000130089637,,,,-0.02689199149608612,,,,,,
25.994598000000003,ATT,,,3,,,0.0,0.0,2.9,0.0,0.0,,,,0.03,,,,0.05,,,,2.9,,,,,,,,,,,,,,,,,,,,,
25.994598000000003,RATE,0.025272369384765625,0.025272369384765625,,0.0,0.0,,,,,,0.009026964195072651,-0.17741131782531738,-0.0004344468470662832,,0.015210387296974659,-0.23619399964809418,-0.0005869845044799149,,0.39947444200515747,7.477017788914964e-05,-0.0006295020575635135,,,,,,,,,,,,,,,,,,,,,,
25.994598000000003,XKF1,,,,,,,,,,,,,,,,,,,,,,,0.0,0.0,,,0.02376676096849469,,,,,,0.0,,,,,,,0.016243675723671913,,0.016243675723671913,-0.017349407076835632
25.994598000000003,POS,,,,,,,,,,,,,,,,,,,,,,,0.011132000130089637,0.0,,,,,37.4274999,-122.1697,,,-0.011132000130089637,,,,-0.0268553514033556,,,,,,
26.094558,ATT,,,3,,,0.0,0.0,2.89,0.0,0.0,,,,0.03,,,,0.05,,,,2.89,,,,,,,,,,,,,,,,,,,,,
26.094558,RATE,0.06732940673828125,0.06732940673828125,,0.0,0.0,,,,,,0.010648670606315136,-0.17839722335338593,-0.00044078429345972836,,0.012031066231429577,-0.23545578122138977,-0.0005721266497857869,,0.39394381642341614,7.701885624555871e-05,-0.0006241038208827376,,,,,,,,,,,,,,,,,,,,,,
26.094558,XKF1,,,,,,,,,,,,,,,,,,,,,,,0.0,0.0,,,0.023873718153925482,,,,,,0.0,,,,,,,0.016296595335006714,,0.016296595335006714,-0.017446357756853104
26.094558,POS,,,,,,,,,,,,,,,,,,,,,,,0.011132000130089637,0.0,,,,,37.4274999,-122.1697,,,-0.011132000130089637,,,,-0.026818323880434036,,,,,,
26.194518000000002,ATT,,,3,,,0.0,0.0,2.88,0.0,0.0,,,,0.03,,,,0.05,,,,2.88,,,,,,,,,,,,,,,,,,,,,
26.194518000000002,RATE,0.02307891845703125,0.02307891845703125,,0.0,0.0,,,,,,0.008497790433466434,-0.17830511927604675,-0.0004317007551435381,,0.01784215308725834,-0.2355250120162964,-0.0006200643838383257,,0.39423394203186035,8.192039240384474e-05,-0.0006192086148075759,,,,,,,,,,,,,,,,,,,,,,
26.194518000000002,XKF1,,,,,,,,,,,,,,,,,,,,,,,0.0,0.0,,,0.023986288859820192,,,,,,0.0,,,,,,,0.016349516808986664,,0.016349516808986664,-0.017550935968756676
26.194518000000002,POS,,,,,,,,,,,,,,,,,,,,,,,0.011132000130089637,0.0,,,,,37.4274999,-122.1697,,,-0.011132000130089637,,,,-0.026777422055602074,,,,,,
26.294477999999998,ATT,,,3,,,0.0,0.0,2.88,0.0,0.0,,,,0.03,,,,0.05,,,,2.88,,,,,,,,,,,,,,,,,,,,,
26.294477999999998,RATE,-0.01659393310546875,-0.01659393310546875,,0.0,0.0,,,,,,0.012013496831059456,-0.17935316264629364,-0.0004590367607306689,,0.012052825652062893,-0.23473383486270905,-0.0005827153800055385,,0.3900410830974579,8.160471770679578e-05,-0.0006155337323434651,,,,,,,,,,,,,,,,,,,,,,
26.294477999999998,XKF1,,,,,,,,,,,,,,,,,,,,,,,0.0,0.0,,,0.024118737265535546,,,,,,0.0,,,,,,,0.016444839537143707,,0.016444839537143707,-0.017643149942159653
26.294477999999998,POS,,,,,,,,,,,,,,,,,,,,,,,0.011132000130089637,0.0,,,,,37.4274999,-122.1697,,,-0.011132000130089637,,,,-0.026735013350844383,,,,,,
26.394438,ATT,,,3,,,0.0,0.0,2.87,0.0,0.0,,,,0.03,,,,0.05,,,,2.87,,,,,,,,,,,,,,,,,,,,,
26.394438,RATE,-0.009632110595703125,-0.009632110595703125,,0.0,0.0,,,,,,0.0038728080689907074,-0.17880193889141083,-0.0004067609552294016,,0.014195281080901623,-0.23515093326568604,-0.0005865945131517947,,0.3921910226345062,8.120853453874588e-05,-0.0006145868101157248,,,,,,,,,,,,,,,,,,,,,,
26.394438,XKF1,,,,,,,,,,,,,,,,,,,,,,,0.0,0.0,,,0.02423300438773881,,,,,,0.0,,,,,,,0.016484688967466354,,0.016484688967466354,-0.017762137576937675
26.394438,POS,,,,,,,,,,,,,,,,,,,,,,,0.011132000130089637,0.0,,,,,37.4274999,-122.1697,,,-0.011132000130089637,,,,-0.026688575744628906,,,,,,
26.494397999999997,ATT,,,3,,,0.0,0.0,2.86,0.0,0.0,,,,0.03,,,,0.05,,,,2.86,,,,,,,,,,,,,,,,,,,,,
26.494397999999997,RATE,0.0286102294921875,0.0286102294921875,,0.0,0.0,,,,,,0.012405654415488243,-0.1795966774225235,-0.0004521796072367579,,0.013203656300902367,-0.23454898595809937,-0.0005821119993925095,,0.3865792751312256,8.028354932321236e-05,-0.0006062167813070118,,,,,,,,,,,,,,,,,,,,,,
26.494397999999997,XKF1,,,,,,,,,,,,,,,,,,,,,,,0.0,0.0,,,0.02436271946103157,,,,,,0.0,,,,,,,0.016548004001379013,,0.016548004001379013,-0.017880314961075783
26.494397999999997,POS,,,,,,,,,,,,,,,,,,,,,,,0.011132000130089637,0.0,,,,,37.4274999,-122.1697,,,-0.011132000130089637,,,,-0.026642249897122383,,,,,,
26.594358,ATT,,,3,,,0.0,0.0,2.85,0.0,0.0,,,,0.04,,,,0.05,,,,2.85,,,,,,,,,,,,,,,,,,,,,
26.594358,RATE,0.015163421630859375,0.015163421630859375,,0.0,0.0,,,,,,0.010061326436698437,-0.17932315170764923,-0.00046008077333681285,,0.013380328193306923,-0.23475661873817444,-0.0005789969582110643,,0.3837287724018097,8.3579434431158e-05,-0.0006017849082127213,,,,,,,,,,,,,,,,,,,,,,
26.594358,XKF1,,,,,,,,,,,,,,,,,,,,,,,0.0,0.0,,,0.024481228292654266,,,,,,0.0,,,,,,,0.016610657796263695,,0.016610657796263695,-0.01798378676176071
26.594358,POS,,,,,,,,,,,,,,,,,,,,,,,0.011132000130089637,0.0,,,,,37.4274999,-122.1697,,,-0.011132000130089637,,,,-0.026596657931804657,,,,,,
26.694318000000003,ATT,,,3,,,0.0,0.0,2.85,0.0,0.0,,,,0.04,,,,0.05,,,,2.85,,,,,,,,,,,,,,,,,,,,,
26.694318000000003,RATE,-0.04749298095703125,-0.04749298095703125,,0.0,0.0,,,,,,0.007370899897068739,-0.17944425344467163,-0.0004255347012076527,,0.009492680430412292,-0.23466472327709198,-0.0005625308258458972,,0.379222571849823,8.137505210470408e-05,-0.0005992736550979316,,,,,,,,,,,,,,,,,,,,,,
26.694318000000003,XKF1,,,,,,,,,,,,,,,,,,,,,,,0.0,0.0,,,0.024566555391553033,,,,,,0.0,,,,,,,0.016643349081277847,,0.016643349081277847,-0.018069714307785034
26.694318000000003,POS,,,,,,,,,,,,,,,,,,,,,,,0.011132000130089637,0.0,,,,,37.4274999,-122.1697,,,-0.011132000130089637,,,,-0.026553070172667503,,,,,,
26.794278,ATT,,,3,,,0.0,0.0,2.84,0.0,0.0,,,,0.04,,,,0.05,,,,2.84,,,,,,,,,,,,,,,,,,,,,
26.794278,RATE,-0.011444091796875,-0.011444091796875,,0.0,0.0,,,,,,0.01377536728978157,-0.17919333279132843,-0.00045468422467820346,,0.01691865548491478,-0.23485501110553741,-0.0005885405698791146,,0.3803597092628479,8.226458157878369e-05,-0.0005963396397419274,,,,,,,,,,,,,,,,,,,,,,
26.794278,XKF1,,,,,,,,,,,,,,,,,,,,,,,0.0,0.0,,,0.024749922429289604,,,,,,0.0,,,,,,,0.01674279198050499,,0.01674279198050499,-0.018227385357022285
26.794278,POS,,,,,,,,,,,,,,,,,,,,,,,0.011132000130089637,0.0,,,,,37.4274999,-122.1697,,,-0.011132000130089637,,,,-0.026509668678045273,,,,,,
26.894238,ATT,,,3,,,0.0,0.0,2.83,0.0,0.0,,,,0.04,,,,0.05,,,,2.83,,,,,,,,,,,,,,,,,,,,,
26.894238,RATE,0.04596710205078125,0.04596710205078125,,0.0,0.0,,,,,,0.005735289305448532,-0.18791501224040985,-0.00044323064503259957,,0.012572556734085083,-0.24471625685691833,-0.0006166772800497711,,0.37401315569877625,8.312053978443146e-05,-0.0005923869321122766,,,,,,,,,,,,,,,,,,,,,,
26.894238,XKF1,,,,,,,,,,,,,,,,,,,,,,,0.0,0.0,,,0.024835484443650226,,,,,,0.0,,,,,,,0.016772784292697906,,0.016772784292697906,-0.018315976485610008
26.894238,POS,,,,,,,,,,,,,,,,,,,,,,,0.011132000130089637,0.0,,,,,37.4274999,-122.1697,,,-0.011132000130089637,,,,-0.026468265801668167,,,,,,
26.994197999999997,ATT,,,3,,,0.0,0.0,2.82,0.0,0.0,,,,0.04,,,,0.05,,,,2.82,,,,,,,,,,,,,,,,,,,,,
26.994197999999997,RATE,-0.05168914794921875,-0.05168914794921875,,0.0,0.0,,,,,,0.008089694194495678,-0.18791621923446655,-0.0004624292778316885,,0.012842963449656963,-0.24471533298492432,-0.0006186710088513792,,0.36795157194137573,8.683061605552211e-05,-0.000585631001740694,,,,,,,,,,,,,,,,,,,,,,
26.994197999999997,XKF1,,,,,,,,,,,,,,,,,,,,,,,0.0,0.0,,,0.024915340400820572,,,,,,0.0,,,,,,,0.0168169979006052,,0.0168169979006052,-0.01838376373052597
26.994197999999997,POS,,,,,,,,,,,,,,,,,,,,,,,0.011132000130089637,0.0,,,,,37.4274999,-122.1697,,,-0.011132000130089637,,,,-0.026422861963510513,,,,,,
27.094991,ATT,,,3,,,0.0,0.0,2.82,0.0,0.0,,,,0.04,,,,0.05,,,,2.82,,,,,,,,,,,,,,,,,,,,,
27.094991,RATE,0.029754638671875,0.029754638671875,,0.0,0.0,,,,,,0.008745531551539898,-0.1879407912492752,-0.0004684292944148183,,0.015362370759248734,-0.24469661712646484,-0.000613661075476557,,0.3705888092517853,8.838273060973734e-05,-0.0005820853402838111,,,,,,,,,,,,,,,,,,,,,,
27.094991,XKF1,,,,,,,,,,,,,,,,,,,,,,,0.0,0.0,,,0.02502796490440561,,,,,,0.0,,,,,,,0.01688653603196144,,0.01688653603196144,-0.018472788855433464
27.094991,POS,,,,,,,,,,,,,,,,,,,,,,,0.011132000130089637,0.0,,,,,37.4274999,-122.1697,,,-0.011132000130089637,,,,-0.026378918439149857,,,,,,
27.194951000000003,ATT,,,3,,,0.0,0.0,2.81,0.0,0.0,,,,0.04,,,,0.05,,,,2.81,,,,,,,,,,,,,,,,,,,,,
27.194951000000003,RATE,-0.035762786865234375,-0.035762786865234375,,0.0,0.0,,,,,,0.00960695743560791,-0.18821585178375244,-0.0004675035597756505,,0.014333842322230339,-0.24448660016059875,-0.0006151902489364147,,0.3643051087856293,8.653005352243781e-05,-0.0005764664965681732,,,,,,,,,,,,,,,,,,,,,,
27.194951000000003,XKF1,,,,,,,,,,,,,,,,,,,,,,,0.0,0.0,,,0.025160897635744632,,,,,,0.0,,,,,,,0.01698298193514347,,0.01698298193514347,-0.018564727157354355
27.194951000000003,POS,,,,,,,,,,,,,,,,,,,,,,,0.011132000130089637,0.0,,,,,37.4274999,-122.1697,,,-0.011132000130089637,,,,-0.02633688785135746,,,,,,
27.294911,ATT,,,3,,,0.0,0.0,2.8,0.0,0.0,,,,0.04,,,,0.05,,,,2.8,,,,,,,,,,,,,,,,,,,,,
27.294911,RATE,0.18281936645507812,0.18281936645507812,,0.0,0.0,,,,,,0.008266529999673367,-0.18748852610588074,-0.0004567697469610721,,0.017649954184889793,-0.24504084885120392,-0.000628733541816473,,0.36170879006385803,9.089070226764306e-05,-0.0005728462710976601,,,,,,,,,,,,,,,,,,,,,,
27.294911,XKF1,,,,,,,,,,,,,,,,,,,,,,,0.0,0.0,,,0.025273177677627198,,,,,,0.0,,,,,,,0.01704307459294796,,0.01704307459294796,-0.018661916255950928
27.294911,POS,,,,,,,,,,,,,,,,,,,,,,,0.011132000130089637,0.0,,,,,37.4274999,-122.1697,,,-0.011132000130089637,,,,-0.02629976160824299,,,,,,
27.394871000000002,ATT,,,3,,,0.0,0.0,2.79,0.0,0.0,,,,0.04,,,,0.05,,,,2.79,,,,,,,,,,,,,,,,,,,,,
27.394871000000002,RATE,0.020503997802734375,0.020503997802734375,,0.0,0.0,,,,,,0.012237231247127056,-0.18730983138084412,-0.00047593622002750635,,0.01796131581068039,-0.2451764941215515,-0.0006255925982259214,,0.361522912979126,9.155862062470987e-05,-0.0005690248217433691,,,,,,,,,,,,,,,,,,,,,,
27.394871000000002,XKF1,,,,,,,,,,,,,,,,,,,,,,,0.0,0.0,,,0.02544406756818539,,,,,,0.0,,,,,,,0.017132993787527084,,0.017132993787527084,-0.018811196088790894
27.394871000000002,POS,,,,,,,,,,,,,,,,,,,,,,,0.011132000130089637,0.0,,,,,37.4274999,-122.1697,,,-0.011132000130089637,,,,-0.0262626800686121,,,,,,
27.494830999999998,ATT,,,3,,,0.0,0.0,2.79,0.0,0.0,,,,0.04,,,,0.05,,,,2.79,,,,,,,,,,,,,,,,,,,,,
27.494830999999998,RATE,0.042247772216796875,0.042247772216796875,,0.0,0.0,,,,,,0.010871557518839836,-0.18806467950344086,-0.00045093148946762085,,0.014024357311427593,-0.24460206925868988,-0.0006156401359476149,,0.3548867702484131,9.199297346640378e-05,-0.0005643062759190798,,,,,,,,,,,,,,,,,,,,,,
27.494830999999998,XKF1,,,,,,,,,,,,,,,,,,,,,,,0.0,0.0,,,0.02560186391052441,,,,,,0.0,,,,,,,0.017228752374649048,,0.017228752374649048,-0.018937410786747932
27.494830999999998,POS,,,,,,,,,,,,,,,,,,,,,,,0.011132000130089637,0.0,,,,,37.4274999,-122.1697,,,-0.011132000130089637,,,,-0.02622728794813156,,,,,,
27.594791,ATT,,,3,,,0.0,0.0,2.78,0.0,0.0,,,,0.04,,,,0.05,,,,2.78,,,,,,,,,,,,,,,,,,,,,
27.594791,RATE,-0.0240325927734375,-0.0240325927734375,,0.0,0.0,,,,,,0.012049617245793343,-0.18859553337097168,-0.0004842227790504694,,0.007768013048917055,-0.24419593811035156,-0.0005760978674516082,,0.35758015513420105,8.849660662235692e-05,-0.0005608358769677579,,,,,,,,,,,,,,,,,,,,,,
27.594791,XKF1,,,,,,,,,,,,,,,,,,,,,,,0.0,0.0,,,0.025712979993541517,,,,,,0.0,,,,,,,0.017300397157669067,,0.017300397157669067,-0.019022449851036072
27.594791,POS,,,,,,,,,,,,,,,,,,,,,,,0.011132000130089637,0.0,,,,,37.4274999,-122.1697,,,-0.011132000130089637,,,,-0.0261930413544178,,,,,,
27.694750999999997,ATT,,,3,,,0.0,0.0,2.77,0.0,0.0,,,,0.04,,,,0.05,,,,2.77,,,,,,,,,,,,,,,,,,,,,
27.694750999999997,RATE,0.10089874267578125,0.10089874267578125,,0.0,0.0,,,,,,0.017114346846938133,-0.18992651998996735,-0.0004921657964587212,,0.01192523818463087,-0.24316948652267456,-0.0006004690076224506,,0.3511386811733246,9.123168274527416e-05,-0.0005544166779145598,,,,,,,,,,,,,,,,,,,,,,
27.694750999999997,XKF1,,,,,,,,,,,,,,,,,,,,,,,0.0,0.0,,,0.025841919677041598,,,,,,0.0,,,,,,,0.01739669218659401,,0.01739669218659401,-0.019109157845377922
27.694750999999997,POS,,,,,,,,,,,,,,,,,,,,,,,0.011132000130089637,0.0,,,,,37.4274999,-122.1697,,,-0.011132000130089637,,,,-0.02615608088672161,,,,,,
27.794711,ATT,,,3,,,0.0,0.0,2.76,0.0,0.0,,,,0.04,,,,0.05,,,,2.76,,,,,,,,,,,,,,,,,,,,,
27.794711,RATE,-0.15010833740234375,-0.15010833740234375,,0.0,0.0,,,,,,0.010621709749102592,-0.190095916390419,-0.0004704308812506497,,0.014798091724514961,-0.24303802847862244,-0.0005969339981675148,,0.3530767560005188,9.276245691580698e-05,-0.0005498226964846253,,,,,,,,,,,,,,,,,,,,,,
27.794711,XKF1,,,,,,,,,,,,,,,,,,,,,,,0.0,0.0,,,0.025900113117968387,,,,,,0.0,,,,,,,0.01741252839565277,,0.01741252839565277,-0.019173411652445793
27.794711,POS,,,,,,,,,,,,,,,,,,,,,,,0.011132000130089637,0.0,,,,,37.4274999,-122.1697,,,-0.011132000130089637,,,,-0.026113586500287056,,,,,,
27.894671000000002,ATT,,,3,,,0.0,0.0,2.76,0.0,0.0,,,,0.04,,,,0.05,,,,2.76,,,,,,,,,,,,,,,,,,,,,
27.894671000000002,RATE,-0.0911712646484375,-0.0911712646484375,,0.0,0.0,,,,,,0.012241272255778313,-0.19863994419574738,-0.0005027014994993806,,0.01314504910260439,-0.25234371423721313,-0.000648629677016288,,0.35487520694732666,9.483923349762335e-05,-0.0005491180345416069,,,,,,,,,,,,,,,,,,,,,,
27.894671000000002,XKF1,,,,,,,,,,,,,,,,,,,,,,,0.0,0.0,,,0.02601806118189734,,,,,,0.0,,,,,,,0.017487220466136932,,0.017487220466136932,-0.019264906644821167
27.894671000000002,POS,,,,,,,,,,,,,,,,,,,,,,,0.011132000130089637,0.0,,,,,37.4274999,-122.1697,,,-0.011132000130089637,,,,-0.02607293799519539,,,,,,
27.994631,ATT,,,3,,,0.0,0.0,2.75,0.0,0.0,,,,0.04,,,,0.05,,,,2.75,,,,,,,,,,,,,,,,,,,,,
27.994631,RATE,-0.06933212280273438,-0.06933212280273438,,0.0,0.0,,,,,,0.01284204050898552,-0.1990201473236084,-0.0005039295647293329,,0.012868354097008705,-0.25204601883888245,-0.0006172020803205669,,0.34960538148880005,9.400772978551686e-05,-0.00054516876116395,,,,,,,,,,,,,,,,,,,,,,
27.994631,XKF1,,,,,,,,,,,,,,,,,,,,,,,0.0,0.0,,,0.0261202230075435,,,,,,0.0,,,,,,,0.017516782507300377,,0.017516782507300377,-0.01937597431242466
27.994631,POS,,,,,,,,,,,,,,,,,,,,,,,0.011132000130089637,0.0,,,,,37.4274999,-122.1697,,,-0.011132000130089637,,,,-0.026034751906991005,,,,,,
27.994631,MSG,,,,,,,,,,,,,,,,,,,,,,,,,,,,,,,,,,,,,,,,,PreArm: Need Position Estimate,,
27.994631,MSG,,,,,,,,,,,,,,,,,,,,,,,,,,,,,,,,,,,,,,,,,PreArm: Fence requires position,,
28.094591,ATT,,,3,,,0.0,0.0,2.74,0.0,0.0,,,,0.04,,,,0.05,,,,2.74,,,,,,,,,,,,,,,,,,,,,
28.094591,RATE,0.02880096435546875,0.02880096435546875,,0.0,0.0,,,,,,0.010771721601486206,-0.19872239232063293,-0.000496234861202538,,0.012482362799346447,-0.25227922201156616,-0.0006107793306000531,,0.34058982133865356,9.312506153946742e-05,-0.0005395606276579201,,,,,,,,,,,,,,,,,,,,,,
28.094591,XKF1,,,,,,,,,,,,,,,,,,,,,,,0.0,0.0,,,0.026220396947935758,,,,,,0.0,,,,,,,0.017573153600096703,,0.017573153600096703,-0.019460048526525497
28.094591,POS,,,,,,,,,,,,,,,,,,,,,,,0.011132000130089637,0.0,,,,,37.4274999,-122.1697,,,-0.011132000130089637,,,,-0.02599397674202919,,,,,,
28.194550999999997,ATT,,,3,,,0.0,0.0,2.74,0.0,0.0,,,,0.04,,,,0.05,,,,2.74,,,,,,,,,,,,,,,,,,,,,
28.194550999999997,RATE,0.021648406982421875,0.021648406982421875,,0.0,0.0,,,,,,0.008694551885128021,-0.1987611949443817,-0.00048808541032485664,,0.017477262765169144,-0.2522488236427307,-0.0006367098540067673,,0.33989670872688293,9.803853754419833e-05,-0.0005357869085855782,,,,,,,,,,,,,,,,,,,,,,
28.194550999999997,XKF1,,,,,,,,,,,,,,,,,,,,,,,0.0,0.0,,,0.02632073961929815,,,,,,0.0,,,,,,,0.017632605507969856,,0.017632605507969856,-0.019541559740900993
28.194550999999997,POS,,,,,,,,,,,,,,,,,,,,,,,0.011132000130089637,0.0,,,,,37.4274999,-122.1697,,,-0.011132000130089637,,,,-0.025951551273465157,,,,,,
28.294511,ATT,,,3,,,0.0,0.0,2.73,0.0,0.0,,,,0.04,,,,0.05,,,,2.73,,,,,,,,,,,,,,,,,,,,,
28.294511,RATE,-0.086212158203125,-0.086212158203125,,0.0,0.0,,,,,,0.014754155650734901,-0.198495015501976,-0.0005280522746033967,,0.016767896711826324,-0.2524569630622864,-0.0006520939059555531,,0.33759069442749023,9.848046465776861e-05,-0.0005336161120794713,,,,,,,,,,,,,,,,,,,,,,
28.294511,XKF1,,,,,,,,,,,,,,,,,,,,,,,0.0,0.0,,,0.02646460174143274,,,,,,0.0,,,,,,,0.01771305315196514,,0.01771305315196514,-0.019662728533148766
28.294511,POS,,,,,,,,,,,,,,,,,,,,,,,0.011132000130089637,0.0,,,,,37.4274999,-122.1697,,,-0.011132000130089637,,,,-0.025909442454576492,,,,,,
28.394471000000003,ATT,,,3,,,0.0,0.0,2.72,0.0,0.0,,,,0.04,,,,0.05,,,,2.72,,,,,,,,,,,,,,,,,,,,,
28.394471000000003,RATE,0.0186920166015625,0.0186920166015625,,0.0,0.0,,,,,,0.00620077271014452,-0.19821862876415253,-0.00046986964298412204,,0.014742479659616947,-0.25267258286476135,-0.0006194415036588907,,0.33838945627212524,9.889778448268771e-05,-0.000528614385984838,,,,,,,,,,,,,,,,,,,,,,
28.394471000000003,XKF1,,,,,,,,,,,,,,,,,,,,,,,0.0,0.0,,,0.0265346501383424,,,,,,0.0,,,,,,,0.01774362288415432,,0.01774362288415432,-0.019729457795619965
28.394471000000003,POS,,,,,,,,,,,,,,,,,,,,,,,0.011132000130089637,0.0,,,,,37.4274999,-122.1697,,,-0.011132000130089637,,,,-0.02587347850203514,,,,,,
28.494431,ATT,,,3,,,0.0,0.0,2.71,0.0,0.0,,,,0.04,,,,0.05,,,,2.71,,,,,,,,,,,,,,,,,,,,,
28.494431,RATE,-0.1102447509765625,-0.1102447509765625,,0.0,0.0,,,,,,0.010710782371461391,-0.19835315644741058,-0.00048741570208221674,,0.016740884631872177,-0.25256770849227905,-0.0006305834976956248,,0.32860031723976135,9.849690104601905e-05,-0.0005250379326753318,,,,,,,,,,,,,,,,,,,,,,
28.494431,XKF1,,,,,,,,,,,,,,,,,,,,,,,0.0,0.0,,,0.02670522091052841,,,,,,0.0,,,,,,,0.01788141392171383,,0.01788141392171383,-0.019834915176033974
28.494431,POS,,,,,,,,,,,,,,,,,,,,,,,0.011132000130089637,0.0,,,,,37.4274999,-122.1697,,,-0.011132000130089637,,,,-0.025839637964963913,,,,,,
28.594391,ATT,,,3,,,0.0,0.0,2.71,0.0,0.0,,,,0.04,,,,0.05,,,,2.71,,,,,,,,,,,,,,,,,,,,,
28.594391,RATE,-0.01468658447265625,-0.01468658447265625,,0.0,0.0,,,,,,0.012028577737510204,-0.19852833449840546,-0.00048752379370853305,,0.011969354934990406,-0.2524309754371643,-0.0006071685929782689,,0.3290884792804718,0.00010114522592630237,-0.0005200138548389077,,,,,,,,,,,,,,,,,,,,,,
28.594391,XKF1,,,,,,,,,,,,,,,,,,,,,,,0.0,0.0,,,0.02682198020267868,,,,,,0.0,,,,,,,0.017952490597963333,,0.017952490597963333,-0.019928038120269775
28.594391,POS,,,,,,,,,,,,,,,,,,,,,,,0.011132000130089637,0.0,,,,,37.4274999,-122.1697,,,-0.011132000130089637,,,,-0.025809593498706818,,,,,,
28.694350999999997,ATT,,,3,,,0.0,0.0,2.7,0.0,0.0,,,,0.04,,,,0.05,,,,2.7,,,,,,,,,,,,,,,,,,,,,
28.694350999999997,RATE,0.07772445678710938,0.07772445678710938,,0.0,0.0,,,,,,0.013804313726723194,-0.20619459450244904,-0.0005393869942054152,,0.01700005494058132,-0.26181700825691223,-0.0006854788516648114,,0.3280947208404541,0.00010068481060443446,-0.0005177974817343056,,,,,,,,,,,,,,,,,,,,,,
28.694350999999997,XKF1,,,,,,,,,,,,,,,,,,,,,,,0.0,0.0,,,0.026882427961659447,,,,,,0.0,,,,,,,0.017993895336985588,,0.017993895336985588,-0.019972097128629684
28.694350999999997,POS,,,,,,,,,,,,,,,,,,,,,,,0.011132000130089637,0.0,,,,,37.4274999,-122.1697,,,-0.011132000130089637,,,,-0.025782383978366852,,,,,,
28.794311,ATT,,,3,,,0.0,0.0,2.69,0.0,0.0,,,,0.04,,,,0.05,,,,2.69,,,,,,,,,,,,,,,,,,,,,
28.794311,RATE,-0.011348724365234375,-0.011348724365234375,,0.0,0.0,,,,,,0.008632371202111244,-0.20667192339897156,-0.0005017249495722353,,0.013170811347663403,-0.26144281029701233,-0.0006524466443806887,,0.3275343179702759,9.905264596454799e-05,-0.0005133338272571564,,,,,,,,,,,,,,,,,,,,,,
28.794311,XKF1,,,,,,,,,,,,,,,,,,,,,,,0.0,0.0,,,0.027047997822210772,,,,,,0.0,,,,,,,0.01812916435301304,,0.01812916435301304,-0.0200730562210083
28.794311,POS,,,,,,,,,,,,,,,,,,,,,,,0.011132000130089637,0.0,,,,,37.4274999,-122.1697,,,-0.011132000130089637,,,,-0.02575511671602726,,,,,,
28.894271000000003,ATT,,,3,,,0.0,0.0,2.69,0.0,0.0,,,,0.04,,,,0.05,,,,2.69,,,,,,,,,,,,,,,,,,,,,
28.894271000000003,RATE,0.053501129150390625,0.053501129150390625,,0.0,0.0,,,,,,0.014162110164761543,-0.20775851607322693,-0.0005355701432563365,,0.01269235648214817,-0.26058581471443176,-0.0006371350027620792,,0.323792964220047,0.00010226112499367446,-0.000513319275341928,,,,,,,,,,,,,,,,,,,,,,
28.894271000000003,XKF1,,,,,,,,,,,,,,,,,,,,,,,0.0,0.0,,,0.02721131041642581,,,,,,0.0,,,,,,,0.018256764858961105,,0.018256764858961105,-0.02017785795032978
28.894271000000003,POS,,,,,,,,,,,,,,,,,,,,,,,0.011132000130089637,0.0,,,,,37.4274999,-122.1697,,,-0.011132000130089637,,,,-0.02573125809431076,,,,,,
28.994231,ATT,,,3,,,0.0,0.0,2.68,0.0,0.0,,,,0.04,,,,0.05,,,,2.68,,,,,,,,,,,,,,,,,,,,,
28.994231,RATE,0.004291534423828125,0.004291534423828125,,0.0,0.0,,,,,,0.010004986077547073,-0.20798487961292267,-0.0005126495379954576,,0.011934205889701843,-0.26040640473365784,-0.0006276306812651455,,0.3229205310344696,0.00010095698962686583,-0.0005097112734802067,,,,,,,,,,,,,,,,,,,,,,
28.994231,XKF1,,,,,,,,,,,,,,,,,,,,,,,0.0,0.0,,,0.027417267522385432,,,,,,0.0,,,,,,,0.018390359356999397,,0.018390359356999397,-0.020334729924798012
28.994231,POS,,,,,,,,,,,,,,,,,,,,,,,0.011132000130089637,0.0,,,,,37.4274999,-122.1697,,,-0.011132000130089637,,,,-0.025707045570015907,,,,,,
29.094191000000002,ATT,,,3,,,0.0,0.0,2.67,0.0,0.0,,,,0.04,,,,0.05,,,,2.67,,,,,,,,,,,,,,,,,,,,,
29.094191000000002,RATE,-0.078582763671875,-0.078582763671875,,0.0,0.0,,,,,,0.0124112693592906,-0.20748527348041534,-0.0005230488604865968,,0.014896823093295097,-0.2608020305633545,-0.0006539064343087375,,0.32333678007125854,0.00010397082223789766,-0.0005083016585558653,,,,,,,,,,,,,,,,,,,,,,
29.094191000000002,XKF1,,,,,,,,,,,,,,,,,,,,,,,0.0,0.0,,,0.02755989180770586,,,,,,0.0,,,,,,,0.01847195066511631,,0.01847195066511631,-0.020453231409192085
29.094191000000002,POS,,,,,,,,,,,,,,,,,,,,,,,0.011132000130089637,0.0,,,,,37.4274999,-122.1697,,,-0.011132000130089637,,,,-0.025685103610157967,,,,,,
29.194983999999998,ATT,,,3,,,0.0,0.0,2.67,0.0,0.0,,,,0.04,,,,0.05,,,,2.67,,,,,,,,,,,,,,,,,,,,,
29.194983999999998,RATE,-0.01583099365234375,-0.01583099365234375,,0.0,0.0,,,,,,0.014157741330564022,-0.20741915702819824,-0.0005313137080520391,,0.014024983160197735,-0.2608542740345001,-0.0006542562041431665,,0.316793829202652,0.00010306311014574021,-0.0005007805884815753,,,,,,,,,,,,,,,,,,,,,,
29.194983999999998,XKF1,,,,,,,,,,,,,,,,,,,,,,,0.0,0.0,,,0.02766719656077193,,,,,,0.0,,,,,,,0.01850476861000061,,0.01850476861000061,-0.020568113774061203
29.194983999999998,POS,,,,,,,,,,,,,,,,,,,,,,,0.011132000130089637,0.0,,,,,37.4274999,-122.1697,,,-0.011132000130089637,,,,-0.02566538378596306,,,,,,
29.294944,ATT,,,3,,,0.0,0.0,2.66,0.0,0.0,,,,0.04,,,,0.05,,,,2.66,,,,,,,,,,,,,,,,,,,,,
29.294944,RATE,0.00743865966796875,0.00743865966796875,,0.0,0.0,,,,,,0.0134377870708704,-0.20809468626976013,-0.0005279852193780243,,0.013461441732943058,-0.26031917333602905,-0.0006343390559777617,,0.31384092569351196,0.00010453813592903316,-0.0004969167057424784,,,,,,,,,,,,,,,,,,,,,,
29.294944,XKF1,,,,,,,,,,,,,,,,,,,,,,,0.0,0.0,,,0.027733597237417622,,,,,,0.0,,,,,,,0.018580017611384392,,0.018580017611384392,-0.020589690655469894
29.294944,POS,,,,,,,,,,,,,,,,,,,,,,,0.011132000130089637,0.0,,,,,37.4274999,-122.1697,,,-0.011132000130089637,,,,-0.02565128728747368,,,,,,
29.394903999999997,ATT,,,3,,,0.0,0.0,2.65,0.0,0.0,,,,0.04,,,,0.05,,,,2.65,,,,,,,,,,,,,,,,,,,,,
29.394903999999997,RATE,-0.01811981201171875,-0.01811981201171875,,0.0,0.0,,,,,,0.009301058016717434,-0.2082848846912384,-0.0004984198603779078,,0.011959010735154152,-0.26016801595687866,-0.0006231871084310114,,0.30947139859199524,0.0001085738476831466,-0.0004947730922140181,,,,,,,,,,,,,,,,,,,,,,
29.394903999999997,XKF1,,,,,,,,,,,,,,,,,,,,,,,0.0,0.0,,,0.027871781099239764,,,,,,0.0,,,,,,,0.01865868642926216,,0.01865868642926216,-0.02070482075214386
29.394903999999997,POS,,,,,,,,,,,,,,,,,,,,,,,0.011132000130089637,0.0,,,,,37.4274999,-122.1697,,,-0.011132000130089637,,,,-0.025636538863182068,,,,,,
29.494864,ATT,,,3,,,0.0,0.0,2.65,0.0,0.0,,,,0.04,,,,0.05,,,,2.65,,,,,,,,,,,,,,,,,,,,,
29.494864,RATE,0.06570816040039062,0.06570816040039062,,0.0,0.0,,,,,,0.013750981539487839,-0.2087060809135437,-0.000526460527908057,,0.014499415643513203,-0.2598324716091156,-0.0006616554455831647,,0.3098546862602234,0.00010654247307684273,-0.0004925939720124006,,,,,,,,,,,,,,,,,,,,,,
29.494864,XKF1,,,,,,,,,,,,,,,,,,,,,,,0.0,0.0,,,0.028033299801616632,,,,,,0.0,,,,,,,0.01877027377486229,,0.01877027377486229,-0.020821688696742058
29.494864,POS,,,,,,,,,,,,,,,,,,,,,,,0.011132000130089637,0.0,,,,,37.4274999,-122.1697,,,-0.011132000130089637,,,,-0.025620318949222565,,,,,,
29.594824000000003,ATT,,,3,,,0.0,0.0,2.64,0.0,0.0,,,,0.04,,,,0.05,,,,2.64,,,,,,,,,,,,,,,,,,,,,
29.594824000000003,RATE,-0.047588348388671875,-0.047588348388671875,,0.0,0.0,,,,,,0.007756720297038555,-0.20830391347408295,-0.0004997375654056668,,0.018989043310284615,-0.2601529061794281,-0.0006725778803229332,,0.31317010521888733,0.00010425839718664065,-0.0004895619349554181,,,,,,,,,,,,,,,,,,,,,,
29.594824000000003,XKF1,,,,,,,,,,,,,,,,,,,,,,,0.0,0.0,,,0.028160766257369352,,,,,,0.0,,,,,,,0.018879229202866554,,0.018879229202866554,-0.020895058289170265
29.594824000000003,POS,,,,,,,,,,,,,,,,,,,,,,,0.011132000130089637,0.0,,,,,37.4274999,-122.1697,,,-0.011132000130089637,,,,-0.025604581460356712,,,,,,
29.694784,ATT,,,3,,,0.0,0.0,2.63,0.0,0.0,,,,0.04,,,,0.05,,,,2.63,,,,,,,,,,,,,,,,,,,,,
29.694784,RATE,-0.04901885986328125,-0.04901885986328125,,0.0,0.0,,,,,,0.010214309208095074,-0.20866551995277405,-0.0005129541968926787,,0.012810816057026386,-0.25986480712890625,-0.0006459941505454481,,0.30336320400238037,0.00010838824528036639,-0.00048270096885971725,,,,,,,,,,,,,,,,,,,,,,
29.694784,XKF1,,,,,,,,,,,,,,,,,,,,,,,0.0,0.0,,,0.028274243067770325,,,,,,0.0,,,,,,,0.01899024285376072,,0.01899024285376072,-0.020947637036442757
29.694784,POS,,,,,,,,,,,,,,,,,,,,,,,0.011132000130089637,0.0,,,,,37.4274999,-122.1697,,,-0.011132000130089637,,,,-0.0255886223167181,,,,,,
29.794744,ATT,,,3,,,0.0,0.0,2.63,0.0,0.0,,,,0.04,,,,0.05,,,,2.63,,,,,,,,,,,,,,,,,,,,,
29.794744,RATE,-0.07276535034179688,-0.07276535034179688,,0.0,0.0,,,,,,0.010837583802640438,-0.215872123837471,-0.0005328126135282218,,0.018098484724760056,-0.26907071471214294,-0.0006860181456431746,,0.30864468216896057,0.00010734060197137296,-0.0004806970537174493,,,,,,,,,,,,,,,,,,,,,,
29.794744,XKF1,,,,,,,,,,,,,,,,,,,,,,,0.0,0.0,,,0.02839496763994467,,,,,,0.0,,,,,,,0.01907479576766491,,0.01907479576766491,-0.021033933386206627
29.794744,POS,,,,,,,,,,,,,,,,,,,,,,,0.011132000130089637,0.0,,,,,37.4274999,-122.1697,,,-0.011132000130089637,,,,-0.025574536994099617,,,,,,
29.894703999999997,ATT,,,3,,,0.0,0.0,2.62,0.0,0.0,,,,0.04,,,,0.05,,,,2.62,,,,,,,,,,,,,,,,,,,,,
29.894703999999997,RATE,0.0408172607421875,0.0408172607421875,,0.0,0.0,,,,,,0.010414156131446362,-0.21613067388534546,-0.000523637339938432,,0.012886889278888702,-0.26886436343193054,-0.0006590211996808648,,0.30090343952178955,0.0001071976512321271,-0.00047585563152097166,,,,,,,,,,,,,,,,,,,,,,
29.894703999999997,XKF1,,,,,,,,,,,,,,,,,,,,,,,0.0,0.0,,,0.028499498810061957,,,,,,0.0,,,,,,,0.019123967736959457,,0.019123967736959457,-0.021130435168743134
29.894703999999997,POS,,,,,,,,,,,,,,,,,,,,,,,0.011132000130089637,0.0,,,,,37.4274999,-122.1697,,,-0.011132000130089637,,,,-0.025564126670360565,,,,,,
29.994664,ATT,,,3,,,0.0,0.0,2.61,0.0,0.0,,,,0.04,,,,0.05,,,,2.61,,,,,,,,,,,,,,,,,,,,,
29.994664,RATE,0.07534027099609375,0.07534027099609375,,0.0,0.0,,,,,,0.007648616097867489,-0.21600750088691711,-0.000522236863616854,,0.015248250216245651,-0.2689627408981323,-0.0006667208508588374,,0.3013109266757965,0.00011254955461481586,-0.0004756658454425633,,,,,,,,,,,,,,,,,,,,,,
29.994664,XKF1,,,,,,,,,,,,,,,,,,,,,,,0.0,0.0,,,0.028637637305138224,,,,,,0.0,,,,,,,0.019231341779232025,,0.019231341779232025,-0.021219560876488686
29.994664,POS,,,,,,,,,,,,,,,,,,,,,,,0.011132000130089637,0.0,,,,,37.4274999,-122.1697,,,-0.011132000130089637,,,,-0.025550998747348785,,,,,,
30.094623999999996,ATT,,,3,,,0.0,0.0,2.61,0.0,0.0,,,,0.04,,,,0.05,,,,2.61,,,,,,,,,,,,,,,,,,,,,
30.094623999999996,RATE,0.08726119995117188,0.08726119995117188,,0.0,0.0,,,,,,0.008579357527196407,-0.21574923396110535,-0.0005257358425296843,,0.018487874418497086,-0.2691686451435089,-0.0006879238644614816,,0.2972157895565033,0.00011386453115846962,-0.0004683537408709526,,,,,,,,,,,,,,,,,,,,,,
30.094623999999996,XKF1,,,,,,,,,,,,,,,,,,,,,,,0.0,0.0,,,0.0287501343069546,,,,,,0.0,,,,,,,0.019317789003252983,,0.019317789003252983,-0.0212930329144001
30.094623999999996,POS,,,,,,,,,,,,,,,,,,,,,,,0.011132000130089637,0.0,,,,,37.4274999,-122.1697,,,-0.011132000130089637,,,,-0.025535307824611664,,,,,,
30.194584,ATT,,,3,,,0.0,0.0,2.6,0.0,0.0,,,,0.04,,,,0.06,,,,2.6,,,,,,,,,,,,,,,,,,,,,
30.194584,RATE,-0.0118255615234375,-0.0118255615234375,,0.0,0.0,,,,,,0.00976450927555561,-0.21603235602378845,-0.0005297923344187438,,0.010953684337437153,-0.2689428925514221,-0.0006402241997420788,,0.29989781975746155,0.00011354462913004681,-0.0004663701693061739,,,,,,,,,,,,,,,,,,,,,,
30.194584,XKF1,,,,,,,,,,,,,,,,,,,,,,,0.0,0.0,,,0.028862864698772184,,,,,,0.0,,,,,,,0.019351718947291374,,0.019351718947291374,-0.021414386108517647
30.194584,POS,,,,,,,,,,,,,,,,,,,,,,,0.011132000130089637,0.0,,,,,37.4274999,-122.1697,,,-0.011132000130089637,,,,-0.025519846007227898,,,,,,
30.294543999999995,ATT,,,3,,,0.0,0.0,2.6,0.0,0.0,,,,0.04,,,,0.06,,,,2.6,,,,,,,,,,,,,,,,,,,,,
30.294543999999995,RATE,0.11882781982421875,0.11882781982421875,,0.0,0.0,,,,,,0.010957848280668259,-0.21672703325748444,-0.0005407145945355296,,0.011910018511116505,-0.2683868706226349,-0.0006524595664814115,,0.297125905752182,0.00011466491559986025,-0.000464933953480795,,,,,,,,,,,,,,,,,,,,,,
30.294543999999995,XKF1,,,,,,,,,,,,,,,,,,,,,,,0.0,0.0,,,0.028980018426612277,,,,,,0.0,,,,,,,0.019399898126721382,,0.019399898126721382,-0.021528711542487144
30.294543999999995,POS,,,,,,,,,,,,,,,,,,,,,,,0.011132000130089637,0.0,,,,,37.4274999,-122.1697,,,-0.011132000130089637,,,,-0.025504201650619507,,,,,,
30.394503999999998,ATT,,,3,,,0.0,0.0,2.59,0.0,0.0,,,,0.04,,,,0.06,,,,2.59,,,,,,,,,,,,,,,,,,,,,
30.394503999999998,RATE,-0.0492095947265625,-0.0492095947265625,,0.0,0.0,,,,,,0.009601893834769726,-0.2168060690164566,-0.0005253468989394605,,0.01674238219857216,-0.26832345128059387,-0.0006757212104275823,,0.2941092550754547,0.0001122352114180103,-0.0004628071910701692,,,,,,,,,,,,,,,,,,,,,,
30.394503999999998,XKF1,,,,,,,,,,,,,,,,,,,,,,,0.0,0.0,,,0.029130137510102166,,,,,,0.0,,,,,,,0.019466571509838104,,0.019466571509838104,-0.021670660004019737
30.394503999999998,POS,,,,,,,,,,,,,,,,,,,,,,,0.011132000130089637,0.0,,,,,37.4274999,-122.1697,,,-0.011132000130089637,,,,-0.025488821789622307,,,,,,
30.494464,ATT,,,3,,,0.0,0.0,2.58,0.0,0.0,,,,0.04,,,,0.06,,,,2.58,,,,,,,,,,,,,,,,,,,,,
30.494464,RATE,0.14734268188476562,0.14734268188476562,,0.0,0.0,,,,,,0.014363045804202557,-0.21649505198001862,-0.0005644492921419442,,0.02008795365691185,-0.2685728967189789,-0.0006874781101942062,,0.29053112864494324,0.00011454470222815871,-0.00045905259321443737,,,,,,,,,,,,,,,,,,,,,,
30.494464,XKF1,,,,,,,,,,,,,,,,,,,,,,,0.0,0.0,,,0.029270007067994774,,,,,,0.0,,,,,,,0.01956154592335224,,0.01956154592335224,-0.021773360669612885
30.494464,POS,,,,,,,,,,,,,,,,,,,,,,,0.011132000130089637,0.0,,,,,37.4274999,-122.1697,,,-0.011132000130089637,,,,-0.02547607012093067,,,,,,
30.594423999999997,ATT,,,3,,,0.0,0.0,2.58,0.0,0.0,,,,0.04,,,,0.06,,,,2.58,,,,,,,,,,,,,,,,,,,,,
30.594423999999997,RATE,0.07486343383789062,0.07486343383789062,,0.0,0.0,,,,,,0.016456956043839455,-0.22432568669319153,-0.0005895463982596993,,0.01691727712750435,-0.27678602933883667,-0.0007029515109024942,,0.29081740975379944,0.00011573811207199469,-0.00045504167792387307,,,,,,,,,,,,,,,,,,,,,,
30.594423999999997,XKF1,,,,,,,,,,,,,,,,,,,,,,,0.0,0.0,,,0.0294251576866093,,,,,,0.0,,,,,,,0.019654812291264534,,0.019654812291264534,-0.02189813368022442
30.594423999999997,POS,,,,,,,,,,,,,,,,,,,,,,,0.011132000130089637,0.0,,,,,37.4274999,-122.1697,,,-0.011132000130089637,,,,-0.02545936405658722,,,,,,
30.694384,ATT,,,3,,,0.0,0.0,2.57,0.0,0.0,,,,0.04,,,,0.06,,,,2.57,,,,,,,,,,,,,,,,,,,,,
30.694384,RATE,0.009250640869140625,0.009250640869140625,,0.0,0.0,,,,,,0.010865886695683002,-0.2242867350578308,-0.0005495278164744377,,0.01705736294388771,-0.2768174111843109,-0.0006837224354967475,,0.28792452812194824,0.000120004297059495,-0.0004510048602242023,,,,,,,,,,,,,,,,,,,,,,
30.694384,XKF1,,,,,,,,,,,,,,,,,,,,,,,0.0,0.0,,,0.02952023504978781,,,,,,0.0,,,,,,,0.01971818320453167,,0.01971818320453167,-0.021969012916088104
30.694384,POS,,,,,,,,,,,,,,,,,,,,,,,0.011132000130089637,0.0,,,,,37.4274999,-122.1697,,,-0.011132000130089637,,,,-0.02544156089425087,,,,,,
30.794343999999995,ATT,,,3,,,0.0,0.0,2.56,0.0,0.0,,,,0.04,,,,0.06,,,,2.56,,,,,,,,,,,,,,,,,,,,,
30.794343999999995,RATE,-0.051212310791015625,-0.051212310791015625,,0.0,0.0,,,,,,0.00992523692548275,-0.2245013266801834,-0.0005540613201446831,,0.01140610221773386,-0.27664440870285034,-0.00067056406987831,,0.2885855734348297,0.00011913538764929399,-0.00045013224007561803,,,,,,,,,,,,,,,,,,,,,,
30.794343999999995,XKF1,,,,,,,,,,,,,,,,,,,,,,,0.0,0.0,,,0.029603470672714908,,,,,,0.0,,,,,,,0.01980997994542122,,0.01980997994542122,-0.021998412907123566
30.794343999999995,POS,,,,,,,,,,,,,,,,,,,,,,,0.011132000130089637,0.0,,,,,37.4274999,-122.1697,,,-0.011132000130089637,,,,-0.025425858795642853,,,,,,
30.894303999999998,ATT,,,3,,,0.0,0.0,2.56,0.0,0.0,,,,0.04,,,,0.06,,,,2.56,,,,,,,,,,,,,,,,,,,,,
30.894303999999998,RATE,0.00476837158203125,0.00476837158203125,,0.0,0.0,,,,,,0.009257095865905285,-0.22424960136413574,-0.0005527736502699554,,0.015979913994669914,-0.27684730291366577,-0.000700817967299372,,0.2854159474372864,0.00011931011249544099,-0.00044807992526330054,,,,,,,,,,,,,,,,,,,,,,
30.894303999999998,XKF1,,,,,,,,,,,,,,,,,,,,,,,0.0,0.0,,,0.029783724070036644,,,,,,0.0,,,,,,,0.0199150238186121,,0.0199150238186121,-0.022146377712488174
30.894303999999998,POS,,,,,,,,,,,,,,,,,,,,,,,0.011132000130089637,0.0,,,,,37.4274999,-122.1697,,,-0.011132000130089637,,,,-0.02541523426771164,,,,,,
30.994264,ATT,,,3,,,0.0,0.0,2.55,0.0,0.0,,,,0.04,,,,0.06,,,,2.55,,,,,,,,,,,,,,,,,,,,,
30.994264,RATE,0.0324249267578125,0.0324249267578125,,0.0,0.0,,,,,,0.012114039622247219,-0.2244541496038437,-0.000550637545529753,,0.012304626405239105,-0.2766824960708618,-0.0006567421951331198,,0.2813553810119629,0.00012015110405627638,-0.0004416591254994273,,,,,,,,,,,,,,,,,,,,,,
30.994264,XKF1,,,,,,,,,,,,,,,,,,,,,,,0.0,0.0,,,0.02991779743575234,,,,,,0.0,,,,,,,0.020002469420433044,,0.020002469420433044,-0.022248052060604095
30.994264,POS,,,,,,,,,,,,,,,,,,,,,,,0.011132000130089637,0.0,,,,,37.4274999,-122.1697,,,-0.011132000130089637,,,,-0.025405779480934143,,,,,,
31.094223999999997,ATT,,,3,,,0.0,0.0,2.55,0.0,0.0,,,,0.04,,,,0.06,,,,2.55,,,,,,,,,,,,,,,,,,,,,
31.094223999999997,RATE,0.00247955322265625,0.00247955322265625,,0.0,0.0,,,,,,0.01062780898064375,-0.22440239787101746,-0.0005627534119412303,,0.015027986839413643,-0.2767241895198822,-0.0006908571813255548,,0.2796937823295593,0.00012235385656822473,-0.0004433533176779747,,,,,,,,,,,,,,,,,,,,,,
31.094223999999997,XKF1,,,,,,,,,,,,,,,,,,,,,,,0.0,0.0,,,0.029997501490484746,,,,,,0.0,,,,,,,0.020080115646123886,,0.020080115646123886,-0.022285399958491325
31.094223999999997,POS,,,,,,,,,,,,,,,,,,,,,,,0.011132000130089637,0.0,,,,,37.4274999,-122.1697,,,-0.011132000130089637,,,,-0.025399375706911087,,,,,,
31.194184,ATT,,,3,,,0.0,0.0,2.54,0.0,0.0,,,,0.05,,,,0.06,,,,2.54,,,,,,,,,,,,,,,,,,,,,
31.194184,RATE,-0.015354156494140625,-0.015354156494140625,,0.0,0.0,,,,,,0.01028016209602356,-0.2246597856283188,-0.0005390987498685718,,0.01357596181333065,-0.27651649713516235,-0.0006772300112061203,,0.281032919883728,0.00012235078611411154,-0.0004395503201521933,,,,,,,,,,,,,,,,,,,,,,
31.194184,XKF1,,,,,,,,,,,,,,,,,,,,,,,0.0,0.0,,,0.030100718106593583,,,,,,0.0,,,,,,,0.020163707435131073,,0.020163707435131073,-0.022349007427692413
31.194184,POS,,,,,,,,,,,,,,,,,,,,,,,0.011132000130089637,0.0,,,,,37.4274999,-122.1697,,,-0.011132000130089637,,,,-0.025396479293704033,,,,,,
31.294976999999996,ATT,,,3,,,0.0,0.0,2.53,0.0,0.0,,,,0.05,,,,0.06,,,,2.53,,,,,,,,,,,,,,,,,,,,,
31.294976999999996,RATE,0.030994415283203125,0.030994415283203125,,0.0,0.0,,,,,,0.008462747558951378,-0.22452862560749054,-0.0005563521990552545,,0.016116278246045113,-0.2766224443912506,-0.0006966158398427069,,0.27721667289733887,0.0001218451070599258,-0.000436186179285869,,,,,,,,,,,,,,,,,,,,,,
31.294976999999996,XKF1,,,,,,,,,,,,,,,,,,,,,,,0.0,0.0,,,0.030248129685992334,,,,,,0.0,,,,,,,0.020277874544262886,,0.020277874544262886,-0.022444535046815872
31.294976999999996,POS,,,,,,,,,,,,,,,,,,,,,,,0.011132000130089637,0.0,,,,,37.4274999,-122.1697,,,-0.011132000130089637,,,,-0.025395629927515984,,,,,,
31.394937,ATT,,,3,,,0.0,0.0,2.53,0.0,0.0,,,,0.05,,,,0.06,,,,2.53,,,,,,,,,,,,,,,,,,,,,
31.394937,RATE,0.002574920654296875,0.002574920654296875,,0.0,0.0,,,,,,0.011490396223962307,-0.22485849261283875,-0.0005431549507193267,,0.012936255894601345,-0.27635595202445984,-0.0006743865669704974,,0.27310124039649963,0.0001239706325577572,-0.0004319737490732223,,,,,,,,,,,,,,,,,,,,,,
31.394937,XKF1,,,,,,,,,,,,,,,,,,,,,,,0.0,0.0,,,0.030345966023764638,,,,,,0.0,,,,,,,0.02034686505794525,,0.02034686505794525,-0.02251405641436577
31.394937,POS,,,,,,,,,,,,,,,,,,,,,,,0.011132000130089637,0.0,,,,,37.4274999,-122.1697,,,-0.011132000130089637,,,,-0.025397030636668205,,,,,,
31.494896999999995,ATT,,,3,,,0.0,0.0,2.52,0.0,0.0,,,,0.05,,,,0.06,,,,2.52,,,,,,,,,,,,,,,,,,,,,
31.494896999999995,RATE,0.023746490478515625,0.023746490478515625,,0.0,0.0,,,,,,0.00960747990757227,-0.2252996265888214,-0.0005417167558334768,,0.016959885135293007,-0.275998592376709,-0.0006925463676452637,,0.2702700197696686,0.00012346578296273947,-0.00043039818410761654,,,,,,,,,,,,,,,,,,,,,,
31.494896999999995,XKF1,,,,,,,,,,,,,,,,,,,,,,,0.0,0.0,,,0.030454990191482557,,,,,,0.0,,,,,,,0.020392436534166336,,0.020392436534166336,-0.022619791328907013
31.494896999999995,POS,,,,,,,,,,,,,,,,,,,,,,,0.011132000130089637,0.0,,,,,37.4274999,-122.1697,,,-0.011132000130089637,,,,-0.025393452495336533,,,,,,
31.594856999999998,ATT,,,3,,,0.0,0.0,2.52,0.0,0.0,,,,0.05,,,,0.06,,,,2.52,,,,,,,,,,,,,,,,,,,,,
31.594856999999998,RATE,-0.10166168212890625,-0.10166168212890625,,0.0,0.0,,,,,,0.013185576535761356,-0.23277270793914795,-0.0005883929552510381,,0.01314904447644949,-0.28404664993286133,-0.0007000607438385487,,0.2701927125453949,0.00012761903053615242,-0.00042802002280950546,,,,,,,,,,,,,,,,,,,,,,
31.594856999999998,XKF1,,,,,,,,,,,,,,,,,,,,,,,0.0,0.0,,,0.030596313759975666,,,,,,0.0,,,,,,,0.020485131070017815,,0.020485131070017815,-0.022726500406861305
31.594856999999998,POS,,,,,,,,,,,,,,,,,,,,,,,0.011132000130089637,0.0,,,,,37.4274999,-122.1697,,,-0.011132000130089637,,,,-0.02538922056555748,,,,,,
31.694817,ATT,,,3,,,0.0,0.0,2.51,0.0,0.0,,,,0.05,,,,0.06,,,,2.51,,,,,,,,,,,,,,,,,,,,,
31.694817,RATE,0.027179718017578125,0.027179718017578125,,0.0,0.0,,,,,,0.01176356989890337,-0.23259037733078003,-0.0005763450753875077,,0.014567582868039608,-0.2841951251029968,-0.0007132732425816357,,0.27275705337524414,0.00012806363520212471,-0.0004260949499439448,,,,,,,,,,,,,,,,,,,,,,
31.694817,XKF1,,,,,,,,,,,,,,,,,,,,,,,0.0,0.0,,,0.03070687447127553,,,,,,0.0,,,,,,,0.020538540557026863,,0.020538540557026863,-0.022827187553048134
31.694817,POS,,,,,,,,,,,,,,,,,,,,,,,0.011132000130089637,0.0,,,,,37.4274999,-122.1697,,,-0.011132000130089637,,,,-0.0253889262676239,,,,,,
31.794776999999996,ATT,,,3,,,0.0,0.0,2.5,0.0,0.0,,,,0.05,,,,0.06,,,,2.5,,,,,,,,,,,,,,,,,,,,,
31.794776999999996,RATE,-0.052738189697265625,-0.052738189697265625,,0.0,0.0,,,,,,0.01085575670003891,-0.23230557143688202,-0.0005799991195090115,,0.015722135081887245,-0.28442659974098206,-0.0006947588990442455,,0.2726592421531677,0.00012641098874155432,-0.00042241625487804413,,,,,,,,,,,,,,,,,,,,,,
31.794776999999996,XKF1,,,,,,,,,,,,,,,,,,,,,,,0.0,0.0,,,0.030768744045139313,,,,,,0.0,,,,,,,0.02057361789047718,,0.02057361789047718,-0.022878851741552353
31.794776999999996,POS,,,,,,,,,,,,,,,,,,,,,,,0.011132000130089637,0.0,,,,,37.4274999,-122.1697,,,-0.011132000130089637,,,,-0.025386398658156395,,,,,,
31.894737,ATT,,,3,,,0.0,0.0,2.5,0.0,0.0,,,,0.05,,,,0.06,,,,2.5,,,,,,,,,,,,,,,,,,,,,
31.894737,RATE,-0.014591217041015625,-0.014591217041015625,,0.0,0.0,,,,,,0.009050093591213226,-0.2322159707546234,-0.0005674940766766667,,0.012967467308044434,-0.28449931740760803,-0.0006993492715992033,,0.26635730266571045,0.00012564120697788894,-0.00042090591159649193,,,,,,,,,,,,,,,,,,,,,,
31.894737,XKF1,,,,,,,,,,,,,,,,,,,,,,,0.0,0.0,,,0.030879534489872105,,,,,,0.0,,,,,,,0.020629698410630226,,0.020629698410630226,-0.022977406159043312
31.894737,POS,,,,,,,,,,,,,,,,,,,,,,,0.011132000130089637,0.0,,,,,37.4274999,-122.1697,,,-0.011132000130089637,,,,-0.02538175880908966,,,,,,
31.994696999999995,ATT,,,3,,,0.0,0.0,2.49,0.0,0.0,,,,0.05,,,,0.06,,,,2.49,,,,,,,,,,,,,,,,,,,,,
31.994696999999995,RATE,-0.055217742919921875,-0.055217742919921875,,0.0,0.0,,,,,,0.010638621635735035,-0.2324763685464859,-0.0005691534606739879,,0.016718700528144836,-0.28428781032562256,-0.0007132150931283832,,0.26579371094703674,0.00012954154226463288,-0.00041842673090286553,,,,,,,,,,,,,,,,,,,,,,
31.994696999999995,XKF1,,,,,,,,,,,,,,,,,,,,,,,0.0,0.0,,,0.030940890462899606,,,,,,0.0,,,,,,,0.020665427669882774,,0.020665427669882774,-0.023027783259749413
31.994696999999995,POS,,,,,,,,,,,,,,,,,,,,,,,0.011132000130089637,0.0,,,,,37.4274999,-122.1697,,,-0.011132000130089637,,,,-0.025378281250596046,,,,,,
32.094657,ATT,,,3,,,0.0,0.0,2.49,0.0,0.0,,,,0.05,,,,0.06,,,,2.49,,,,,,,,,,,,,,,,,,,,,
32.094657,RATE,0.06570816040039062,0.06570816040039062,,0.0,0.0,,,,,,0.013932550325989723,-0.23293238878250122,-0.000592454569414258,,0.015447493642568588,-0.2839164733886719,-0.0007112199091352522,,0.26517388224601746,0.0001299315335927531,-0.0004156939685344696,,,,,,,,,,,,,,,,,,,,,,
32.094657,XKF1,,,,,,,,,,,,,,,,,,,,,,,0.0,0.0,,,0.031063653935048424,,,,,,0.0,,,,,,,0.020752711221575737,,0.020752711221575737,-0.0231144018471241
32.094657,POS,,,,,,,,,,,,,,,,,,,,,,,0.011132000130089637,0.0,,,,,37.4274999,-122.1697,,,-0.011132000130089637,,,,-0.025375908240675926,,,,,,
32.194617,ATT,,,3,,,0.0,0.0,2.48,0.0,0.0,,,,0.05,,,,0.06,,,,2.48,,,,,,,,,,,,,,,,,,,,,
32.194617,RATE,0.08563995361328125,0.08563995361328125,,0.0,0.0,,,,,,0.012320095673203468,-0.23310448229312897,-0.0005858640652149916,,0.015322338789701462,-0.28377604484558105,-0.0007101706578396261,,0.26134786009788513,0.00012900448928121477,-0.0004121906531509012,,,,,,,,,,,,,,,,,,,,,,
32.194617,XKF1,,,,,,,,,,,,,,,,,,,,,,,0.0,0.0,,,0.031139927778417082,,,,,,0.0,,,,,,,0.020813986659049988,,0.020813986659049988,-0.023161888122558594
32.194617,POS,,,,,,,,,,,,,,,,,,,,,,,0.011132000130089637,0.0,,,,,37.4274999,-122.1697,,,-0.011132000130089637,,,,-0.025371091440320015,,,,,,
32.294577,ATT,,,3,,,0.0,0.0,2.48,0.0,0.0,,,,0.05,,,,0.06,,,,2.48,,,,,,,,,,,,,,,,,,,,,
32.294577,RATE,0.02193450927734375,0.02193450927734375,,0.0,0.0,,,,,,0.011449639685451984,-0.23349356651306152,-0.0005820870283059776,,0.01313788816332817,-0.2834579050540924,-0.0006867600022815168,,0.2603026330471039,0.00012831449566874653,-0.00041063863318413496,,,,,,,,,,,,,,,,,,,,,,
32.294577,XKF1,,,,,,,,,,,,,,,,,,,,,,,0.0,0.0,,,0.031250569184814926,,,,,,0.0,,,,,,,0.020867392420768738,,0.020867392420768738,-0.0232626311480999
32.294577,POS,,,,,,,,,,,,,,,,,,,,,,,0.011132000130089637,0.0,,,,,37.4274999,-122.1697,,,-0.011132000130089637,,,,-0.02536744251847267,,,,,,
32.394537,ATT,,,3,,,0.0,0.0,2.47,0.0,0.0,,,,0.05,,,,0.06,,,,2.47,,,,,,,,,,,,,,,,,,,,,
32.394537,RATE,-0.08754730224609375,-0.08754730224609375,,0.0,0.0,,,,,,0.009459288790822029,-0.23399372398853302,-0.0005751842400059104,,0.016665250062942505,-0.28304752707481384,-0.0007038493640720844,,0.2634212076663971,0.0001306977355852723,-0.00040873035322874784,,,,,,,,,,,,,,,,,,,,,,
32.394537,XKF1,,,,,,,,,,,,,,,,,,,,,,,0.0,0.0,,,0.031381763521579245,,,,,,0.0,,,,,,,0.020934514701366425,,0.020934514701366425,-0.0233786478638649
32.394537,POS,,,,,,,,,,,,,,,,,,,,,,,0.011132000130089637,0.0,,,,,37.4274999,-122.1697,,,-0.011132000130089637,,,,-0.02536248229444027,,,,,,
32.494496999999996,ATT,,,3,,,0.0,0.0,2.46,0.0,0.0,,,,0.05,,,,0.06,,,,2.46,,,,,,,,,,,,,,,,,,,,,
32.494496999999996,RATE,-0.024318695068359375,-0.024318695068359375,,0.0,0.0,,,,,,0.017715295776724815,-0.234315887093544,-0.0006030481308698654,,0.01450880616903305,-0.28278249502182007,-0.0006915878620930016,,0.2592897117137909,0.0001309645886067301,-0.0004067672707606107,,,,,,,,,,,,,,,,,,,,,,
32.494496999999996,XKF1,,,,,,,,,,,,,,,,,,,,,,,0.0,0.0,,,0.031523983293023895,,,,,,0.0,,,,,,,0.021020429208874702,,0.021020429208874702,-0.023492617532610893
32.494496999999996,POS,,,,,,,,,,,,,,,,,,,,,,,0.011132000130089637,0.0,,,,,37.4274999,-122.1697,,,-0.011132000130089637,,,,-0.025359593331813812,,,,,,
32.594457,ATT,,,3,,,0.0,0.0,2.46,0.0,0.0,,,,0.05,,,,0.06,,,,2.46,,,,,,,,,,,,,,,,,,,,,
32.594457,RATE,-0.042629241943359375,-0.042629241943359375,,0.0,0.0,,,,,,0.018615007400512695,-0.23494450747966766,-0.0006266001146286726,,0.014665123075246811,-0.28226345777511597,-0.0006885576876811683,,0.2572794556617737,0.00013164663687348366,-0.0004038125625811517,,,,,,,,,,,,,,,,,,,,,,
32.594457,XKF1,,,,,,,,,,,,,,,,,,,,,,,0.0,0.0,,,0.03161055951160223,,,,,,0.0,,,,,,,0.021053634583950043,,0.021053634583950043,-0.023579057306051254
32.594457,POS,,,,,,,,,,,,,,,,,,,,,,,0.011132000130089637,0.0,,,,,37.4274999,-122.1697,,,-0.011132000130089637,,,,-0.025360090658068657,,,,,,
32.694417,ATT,,,3,,,0.0,0.0,2.45,0.0,0.0,,,,0.05,,,,0.06,,,,2.45,,,,,,,,,,,,,,,,,,,,,
32.694417,RATE,0.015354156494140625,0.015354156494140625,,0.0,0.0,,,,,,0.01296092290431261,-0.24196624755859375,-0.000623662315774709,,0.013342143036425114,-0.29026469588279724,-0.0007113348110578954,,0.2521025240421295,0.00013302903971634805,-0.0004026512324344367,,,,,,,,,,,,,,,,,,,,,,
32.694417,XKF1,,,,,,,,,,,,,,,,,,,,,,,0.0,0.0,,,0.0316888675919005,,,,,,0.0,,,,,,,0.02109818533062935,,0.02109818533062935,-0.023644257336854935
32.694417,POS,,,,,,,,,,,,,,,,,,,,,,,0.011132000130089637,0.0,,,,,37.4274999,-122.1697,,,-0.011132000130089637,,,,-0.025363631546497345,,,,,,
32.794377,ATT,,,3,,,0.0,0.0,2.45,0.0,0.0,,,,0.05,,,,0.06,,,,2.45,,,,,,,,,,,,,,,,,,,,,
32.794377,RATE,-0.01373291015625,-0.01373291015625,,0.0,0.0,,,,,,0.01044525671750307,-0.24191364645957947,-0.0005855828057974577,,0.018005739897489548,-0.2903083562850952,-0.0007384816417470574,,0.25465115904808044,0.00013360661978367716,-0.00040033317054621875,,,,,,,,,,,,,,,,,,,,,,
32.794377,XKF1,,,,,,,,,,,,,,,,,,,,,,,0.0,0.0,,,0.0318016046293242,,,,,,0.0,,,,,,,0.021181130781769753,,0.021181130781769753,-0.02372133545577526
32.794377,POS,,,,,,,,,,,,,,,,,,,,,,,0.011132000130089637,0.0,,,,,37.4274999,-122.1697,,,-0.011132000130089637,,,,-0.025370486080646515,,,,,,
32.894337,ATT,,,3,,,0.0,0.0,2.44,0.0,0.0,,,,0.05,,,,0.06,,,,2.44,,,,,,,,,,,,,,,,,,,,,
32.894337,RATE,-0.049114227294921875,-0.049114227294921875,,0.0,0.0,,,,,,0.01317170262336731,-0.24261213839054108,-0.0006001593428663909,,0.014089442789554596,-0.28972822427749634,-0.0007152555044740438,,0.2497357875108719,0.00013532221782952547,-0.0003972870181314647,,,,,,,,,,,,,,,,,,,,,,
32.894337,XKF1,,,,,,,,,,,,,,,,,,,,,,,0.0,0.0,,,0.031887666581699274,,,,,,0.0,,,,,,,0.021276066079735756,,0.021276066079735756,-0.023751890286803246
32.894337,POS,,,,,,,,,,,,,,,,,,,,,,,0.011132000130089637,0.0,,,,,37.4274999,-122.1697,,,-0.011132000130089637,,,,-0.025378577411174774,,,,,,
32.994296999999996,ATT,,,3,,,0.0,0.0,2.44,0.0,0.0,,,,0.05,,,,0.06,,,,2.44,,,,,,,,,,,,,,,,,,,,,
32.994296999999996,RATE,0.0064849853515625,0.0064849853515625,,0.0,0.0,,,,,,0.013997186906635761,-0.2432814985513687,-0.0006087046349421144,,0.01584772579371929,-0.2891695201396942,-0.0007350976229645312,,0.24641108512878418,0.00013233974459581077,-0.00039280109922401607,,,,,,,,,,,,,,,,,,,,,,
32.994296999999996,XKF1,,,,,,,,,,,,,,,,,,,,,,,0.0,0.0,,,0.03204576031570184,,,,,,0.0,,,,,,,0.02135644480586052,,0.02135644480586052,-0.0238921120762825
32.994296999999996,POS,,,,,,,,,,,,,,,,,,,,,,,0.011132000130089637,0.0,,,,,37.4274999,-122.1697,,,-0.011132000130089637,,,,-0.02539127506315708,,,,,,
33.094257,ATT,,,3,,,0.0,0.0,2.43,0.0,0.0,,,,0.05,,,,0.06,,,,2.43,,,,,,,,,,,,,,,,,,,,,
33.094257,RATE,-0.061511993408203125,-0.061511993408203125,,0.0,0.0,,,,,,0.016005467623472214,-0.24328498542308807,-0.000615425524301827,,0.01538492739200592,-0.2891665995121002,-0.0007300145807676017,,0.24940913915634155,0.00013585822307504714,-0.0003926586068700999,,,,,,,,,,,,,,,,,,,,,,
33.094257,XKF1,,,,,,,,,,,,,,,,,,,,,,,0.0,0.0,,,0.03219949611508713,,,,,,0.0,,,,,,,0.021450499072670937,,0.021450499072670937,-0.024014238268136978
33.094257,POS,,,,,,,,,,,,,,,,,,,,,,,0.011132000130089637,0.0,,,,,37.4274999,-122.1697,,,-0.011132000130089637,,,,-0.02540445514023304,,,,,,
33.194216999999995,ATT,,,3,,,0.0,0.0,2.43,0.0,0.0,,,,0.05,,,,0.06,,,,2.43,,,,,,,,,,,,,,,,,,,,,
33.194216999999995,RATE,-0.006771087646484375,-0.006771087646484375,,0.0,0.0,,,,,,0.011115726083517075,-0.24391019344329834,-0.0005853234906680882,,0.011485079303383827,-0.28864243626594543,-0.0006931026000529528,,0.2477322369813919,0.00014060296234674752,-0.00039009805186651647,,,,,,,,,,,,,,,,,,,,,,
33.194216999999995,XKF1,,,,,,,,,,,,,,,,,,,,,,,0.0,0.0,,,0.03226939257660927,,,,,,0.0,,,,,,,0.021478863433003426,,0.021478863433003426,-0.0240826103836298
33.194216999999995,POS,,,,,,,,,,,,,,,,,,,,,,,0.011132000130089637,0.0,,,,,37.4274999,-122.1697,,,-0.011132000130089637,,,,-0.025418590754270554,,,,,,
33.294177,ATT,,,3,,,0.0,0.0,2.42,0.0,0.0,,,,0.05,,,,0.06,,,,2.42,,,,,,,,,,,,,,,,,,,,,
33.294177,RATE,-0.02269744873046875,-0.02269744873046875,,0.0,0.0,,,,,,0.013516970910131931,-0.24334445595741272,-0.0006159473559819162,,0.013783968985080719,-0.28911685943603516,-0.0007109744474291801,,0.24874423444271088,0.00013747128832619637,-0.00038955025956965983,,,,,,,,,,,,,,,,,,,,,,
33.294177,XKF1,,,,,,,,,,,,,,,,,,,,,,,0.0,0.0,,,0.03239659664385584,,,,,,0.0,,,,,,,0.021586254239082336,,0.021586254239082336,-0.02415725775063038
33.294177,POS,,,,,,,,,,,,,,,,,,,,,,,0.011132000130089637,0.0,,,,,37.4274999,-122.1697,,,-0.011132000130089637,,,,-0.025433912873268127,,,,,,
33.39497,ATT,,,3,,,0.0,0.0,2.42,0.0,0.0,,,,0.05,,,,0.06,,,,2.42,,,,,,,,,,,,,,,,,,,,,
33.39497,RATE,-0.06589889526367188,-0.06589889526367188,,0.0,0.0,,,,,,0.01399221271276474,-0.24353036284446716,-0.0006088342634029686,,0.012148666195571423,-0.28896117210388184,-0.0007032517460174859,,0.2460743933916092,0.00013633105845656246,-0.0003863231395371258,,,,,,,,,,,,,,,,,,,,,,
33.39497,XKF1,,,,,,,,,,,,,,,,,,,,,,,0.0,0.0,,,0.03246376492413283,,,,,,0.0,,,,,,,0.02162875048816204,,0.02162875048816204,-0.024209361523389816
33.39497,POS,,,,,,,,,,,,,,,,,,,,,,,0.011132000130089637,0.0,,,,,37.4274999,-122.1697,,,-0.011132000130089637,,,,-0.025452004745602608,,,,,,
33.49493,ATT,,,3,,,0.0,0.0,2.41,0.0,0.0,,,,0.05,,,,0.06,,,,2.41,,,,,,,,,,,,,,,,,,,,,
33.49493,RATE,-0.0804901123046875,-0.0804901123046875,,0.0,0.0,,,,,,0.013023698702454567,-0.24410250782966614,-0.0005946970777586102,,0.015006406232714653,-0.2884807288646698,-0.0007113405154086649,,0.2419491857290268,0.00013614630734082311,-0.0003807636385317892,,,,,,,,,,,,,,,,,,,,,,
33.49493,XKF1,,,,,,,,,,,,,,,,,,,,,,,0.0,0.0,,,0.03256353379590614,,,,,,0.0,,,,,,,0.021693827584385872,,0.021693827584385872,-0.024285007268190384
33.49493,POS,,,,,,,,,,,,,,,,,,,,,,,0.011132000130089637,0.0,,,,,37.4274999,-122.1697,,,-0.011132000130089637,,,,-0.025472089648246765,,,,,,
33.59489,ATT,,,3,,,0.0,0.0,2.4,0.0,0.0,,,,0.05,,,,0.06,,,,2.4,,,,,,,,,,,,,,,,,,,,,
33.59489,RATE,-0.040435791015625,-0.040435791015625,,0.0,0.0,,,,,,0.012041796930134296,-0.24448475241661072,-0.0006019232096150517,,0.014235161244869232,-0.288158655166626,-0.0007116645574569702,,0.2460835576057434,0.0001393375569023192,-0.0003808319161180407,,,,,,,,,,,,,,,,,,,,,,
33.59489,XKF1,,,,,,,,,,,,,,,,,,,,,,,0.0,0.0,,,0.03266978949349941,,,,,,0.0,,,,,,,0.021769864484667778,,0.021769864484667778,-0.024359559640288353
33.59489,POS,,,,,,,,,,,,,,,,,,,,,,,0.011132000130089637,0.0,,,,,37.4274999,-122.1697,,,-0.011132000130089637,,,,-0.025494659319519997,,,,,,
33.694849999999995,ATT,,,3,,,0.0,0.0,2.4,0.0,0.0,,,,0.05,,,,0.06,,,,2.4,,,,,,,,,,,,,,,,,,,,,
33.694849999999995,RATE,0.07534027099609375,0.07534027099609375,,0.0,0.0,,,,,,0.007949653081595898,-0.2506476640701294,-0.000597071775700897,,0.017053795978426933,-0.2964990437030792,-0.0007411274127662182,,0.2413060963153839,0.00014105209265835583,-0.0003757995436899364,,,,,,,,,,,,,,,,,,,,,,
33.694849999999995,XKF1,,,,,,,,,,,,,,,,,,,,,,,0.0,0.0,,,0.032761316810943866,,,,,,0.0,,,,,,,0.021823255345225334,,0.021823255345225334,-0.024434594437479973
33.694849999999995,POS,,,,,,,,,,,,,,,,,,,,,,,0.011132000130089637,0.0,,,,,37.4274999,-122.1697,,,-0.011132000130089637,,,,-0.025518637150526047,,,,,,
33.79481,ATT,,,3,,,0.0,0.0,2.39,0.0,0.0,,,,0.05,,,,0.06,,,,2.39,,,,,,,,,,,,,,,,,,,,,
33.79481,RATE,-0.00934600830078125,-0.00934600830078125,,0.0,0.0,,,,,,0.015516444109380245,-0.25078728795051575,-0.0006191651918925345,,0.018386565148830414,-0.2963815927505493,-0.0007409215322695673,,0.24342121183872223,0.00014231221575755626,-0.0003769942850340158,,,,,,,,,,,,,,,,,,,,,,
33.79481,XKF1,,,,,,,,,,,,,,,,,,,,,,,0.0,0.0,,,0.03282660770568583,,,,,,0.0,,,,,,,0.02186557464301586,,0.02186557464301586,-0.024484338238835335
33.79481,POS,,,,,,,,,,,,,,,,,,,,,,,0.011132000130089637,0.0,,,,,37.4274999,-122.1697,,,-0.011132000130089637,,,,-0.025539521127939224,,,,,,
33.89477,ATT,,,3,,,0.0,0.0,2.39,0.0,0.0,,,,0.05,,,,0.06,,,,2.39,,,,,,,,,,,,,,,,,,,,,
33.89477,RATE,-0.01068115234375,-0.01068115234375,,0.0,0.0,,,,,,0.016769176349043846,-0.2516733705997467,-0.0006501818425022066,,0.01033762190490961,-0.29563361406326294,-0.0007116012857295573,,0.2390548139810562,0.00014387020200956613,-0.00037349804188124835,,,,,,,,,,,,,,,,,,,,,,
33.89477,XKF1,,,,,,,,,,,,,,,,,,,,,,,0.0,0.0,,,0.03289804341533602,,,,,,0.0,,,,,,,0.021915454417467117,,0.021915454417467117,-0.024535568431019783
33.89477,POS,,,,,,,,,,,,,,,,,,,,,,,0.011132000130089637,0.0,,,,,37.4274999,-122.1697,,,-0.011132000130089637,,,,-0.02555808238685131,,,,,,
33.99473,ATT,,,3,,,0.0,0.0,2.38,0.0,0.0,,,,0.05,,,,0.06,,,,2.38,,,,,,,,,,,,,,,,,,,,,
33.99473,RATE,0.030040740966796875,0.030040740966796875,,0.0,0.0,,,,,,0.007456231862306595,-0.25144532322883606,-0.0005905696307308972,,0.018571503460407257,-0.2958265542984009,-0.0007507990230806172,,0.24084575474262238,0.00014331573038361967,-0.0003720640961546451,,,,,,,,,,,,,,,,,,,,,,
33.99473,XKF1,,,,,,,,,,,,,,,,,,,,,,,0.0,0.0,,,0.032959276463234856,,,,,,0.0,,,,,,,0.021917013451457024,,0.021917013451457024,-0.024616222828626633
33.99473,POS,,,,,,,,,,,,,,,,,,,,,,,0.011132000130089637,0.0,,,,,37.4274999,-122.1697,,,-0.011132000130089637,,,,-0.025575194507837296,,,,,,
34.09469,ATT,,,3,,,0.0,0.0,2.38,0.0,0.0,,,,0.05,,,,0.06,,,,2.38,,,,,,,,,,,,,,,,,,,,,
34.09469,RATE,0.019359588623046875,0.019359588623046875,,0.0,0.0,,,,,,0.010685295797884464,-0.25129640102386475,-0.0006139681790955365,,0.017674611881375313,-0.2959524095058441,-0.0007361590978689492,,0.23505987226963043,0.0001442439534002915,-0.00036781025119125843,,,,,,,,,,,,,,,,,,,,,,
34.09469,XKF1,,,,,,,,,,,,,,,,,,,,,,,0.0,0.0,,,0.03310469155170251,,,,,,0.0,,,,,,,0.021998059004545212,,0.021998059004545212,-0.024738755077123642
34.09469,POS,,,,,,,,,,,,,,,,,,,,,,,0.011132000130089637,0.0,,,,,37.4274999,-122.1697,,,-0.011132000130089637,,,,-0.025590814650058746,,,,,,
34.194649999999996,ATT,,,3,,,0.0,0.0,2.37,0.0,0.0,,,,0.05,,,,0.06,,,,2.37,,,,,,,,,,,,,,,,,,,,,
34.194649999999996,RATE,0.0858306884765625,0.0858306884765625,,0.0,0.0,,,,,,0.009841960854828358,-0.2511204779148102,-0.0006127411033958197,,0.014102793298661709,-0.2961008846759796,-0.0007265622261911631,,0.2352914810180664,0.00014383664529304951,-0.000369309593224898,,,,,,,,,,,,,,,,,,,,,,
34.194649999999996,XKF1,,,,,,,,,,,,,,,,,,,,,,,0.0,0.0,,,0.033159325903564914,,,,,,0.0,,,,,,,0.02199968323111534,,0.02199968323111534,-0.02481037750840187
34.194649999999996,POS,,,,,,,,,,,,,,,,,,,,,,,0.011132000130089637,0.0,,,,,37.4274999,-122.1697,,,-0.011132000130089637,,,,-0.02560250274837017,,,,,,
34.29461,ATT,,,3,,,0.0,0.0,2.37,0.0,0.0,,,,0.05,,,,0.06,,,,2.37,,,,,,,,,,,,,,,,,,,,,
34.29461,RATE,-0.09250640869140625,-0.09250640869140625,,0.0,0.0,,,,,,0.01677144505083561,-0.25118717551231384,-0.00063563376897946,,0.0211139228194952,-0.29604458808898926,-0.0007592512993142009,,0.2337685078382492,0.0001473508309572935,-0.0003657971974462271,,,,,,,,,,,,,,,,,,,,,,
34.29461,XKF1,,,,,,,,,,,,,,,,,,,,,,,0.0,0.0,,,0.033210600871499685,,,,,,0.0,,,,,,,0.022029751911759377,,0.022029751911759377,-0.024852244183421135
34.29461,POS,,,,,,,,,,,,,,,,,,,,,,,0.011132000130089637,0.0,,,,,37.4274999,-122.1697,,,-0.011132000130089637,,,,-0.025610998272895813,,,,,,
34.39457,ATT,,,3,,,0.0,0.0,2.36,0.0,0.0,,,,0.05,,,,0.06,,,,2.36,,,,,,,,,,,,,,,,,,,,,
34.39457,RATE,-0.052928924560546875,-0.052928924560546875,,0.0,0.0,,,,,,0.010434219613671303,-0.2514495551586151,-0.0006158057949505746,,0.014815895818173885,-0.29582300782203674,-0.0007416940061375499,,0.23295046389102936,0.00014552958600688726,-0.0003649729769676924,,,,,,,,,,,,,,,,,,,,,,
34.39457,XKF1,,,,,,,,,,,,,,,,,,,,,,,0.0,0.0,,,0.033294786259193514,,,,,,0.0,,,,,,,0.02207254059612751,,0.02207254059612751,-0.02492680773139
34.39457,POS,,,,,,,,,,,,,,,,,,,,,,,0.011132000130089637,0.0,,,,,37.4274999,-122.1697,,,-0.011132000130089637,,,,-0.0256197527050972,,,,,,
34.49453,ATT,,,3,,,0.0,0.0,2.36,0.0,0.0,,,,0.05,,,,0.06,,,,2.36,,,,,,,,,,,,,,,,,,,,,
34.49453,RATE,0.059223175048828125,0.059223175048828125,,0.0,0.0,,,,,,0.013003251515328884,-0.25150763988494873,-0.0006135014700703323,,0.014205005951225758,-0.2957738935947418,-0.0007258201949298382,,0.22845475375652313,0.00014641467714682221,-0.0003611009451560676,,,,,,,,,,,,,,,,,,,,,,
34.49453,XKF1,,,,,,,,,,,,,,,,,,,,,,,0.0,0.0,,,0.033422379080821525,,,,,,0.0,,,,,,,0.02215602621436119,,0.02215602621436119,-0.025023307651281357
34.49453,POS,,,,,,,,,,,,,,,,,,,,,,,0.011132000130089637,0.0,,,,,37.4274999,-122.1697,,,-0.011132000130089637,,,,-0.025628454983234406,,,,,,
34.59449,ATT,,,3,,,0.0,0.0,2.35,0.0,0.0,,,,0.05,,,,0.06,,,,2.35,,,,,,,,,,,,,,,,,,,,,
34.59449,RATE,-0.07171630859375,-0.07171630859375,,0.0,0.0,,,,,,0.01505251508206129,-0.2524394989013672,-0.0006264782859943807,,0.016434863209724426,-0.2949833273887634,-0.0007332160021178424,,0.22640500962734222,0.00014693208504468203,-0.00035915576154366136,,,,,,,,,,,,,,,,,,,,,,
34.59449,XKF1,,,,,,,,,,,,,,,,,,,,,,,0.0,0.0,,,0.03355813895204195,,,,,,0.0,,,,,,,0.02226930856704712,,0.02226930856704712,-0.02510431408882141
34.59449,POS,,,,,,,,,,,,,,,,,,,,,,,0.011132000130089637,0.0,,,,,37.4274999,-122.1697,,,-0.011132000130089637,,,,-0.025635143741965294,,,,,,
34.694449999999996,ATT,,,3,,,0.0,0.0,2.35,0.0,0.0,,,,0.05,,,,0.06,,,,2.35,,,,,,,,,,,,,,,,,,,,,
34.694449999999996,RATE,-0.0614166259765625,-0.0614166259765625,,0.0,0.0,,,,,,0.014328007586300373,-0.25985008478164673,-0.0006458088173530996,,0.015128684230148792,-0.3019110858440399,-0.000756684981752187,,0.23095247149467468,0.00015042850282043219,-0.00035822155768983066,,,,,,,,,,,,,,,,,,,,,,
34.694449999999996,XKF1,,,,,,,,,,,,,,,,,,,,,,,0.0,0.0,,,0.033641241293673914,,,,,,0.0,,,,,,,0.02227681130170822,,0.02227681130170822,-0.025208665058016777
34.694449999999996,POS,,,,,,,,,,,,,,,,,,,,,,,0.011132000130089637,0.0,,,,,37.4274999,-122.1697,,,-0.011132000130089637,,,,-0.025639954954385757,,,,,,
34.79441,ATT,,,3,,,0.0,0.0,2.34,0.0,0.0,,,,0.05,,,,0.06,,,,2.34,,,,,,,,,,,,,,,,,,,,,
34.79441,RATE,-0.060176849365234375,-0.060176849365234375,,0.0,0.0,,,,,,0.01254943199455738,-0.2598583400249481,-0.0006415597745217383,,0.017294341698288918,-0.30190402269363403,-0.0007488648407161236,,0.226355642080307,0.00015092568355612457,-0.0003589571570046246,,,,,,,,,,,,,,,,,,,,,,
34.79441,XKF1,,,,,,,,,,,,,,,,,,,,,,,0.0,0.0,,,0.03372094344054594,,,,,,0.0,,,,,,,0.022327590733766556,,0.022327590733766556,-0.02527015469968319
34.79441,POS,,,,,,,,,,,,,,,,,,,,,,,0.011132000130089637,0.0,,,,,37.4274999,-122.1697,,,-0.011132000130089637,,,,-0.025648580864071846,,,,,,
34.894369999999995,ATT,,,3,,,0.0,0.0,2.34,0.0,0.0,,,,0.05,,,,0.06,,,,2.34,,,,,,,,,,,,,,,,,,,,,
34.894369999999995,RATE,0.10461807250976562,0.10461807250976562,,0.0,0.0,,,,,,0.01597653143107891,-0.259723037481308,-0.00066234334371984,,0.014489901252090931,-0.3020198345184326,-0.0007361884345300496,,0.22321167588233948,0.0001503530947957188,-0.0003565678489394486,,,,,,,,,,,,,,,,,,,,,,
34.894369999999995,XKF1,,,,,,,,,,,,,,,,,,,,,,,0.0,0.0,,,0.033636601476311874,,,,,,0.0,,,,,,,0.022235209122300148,,0.022235209122300148,-0.025239184498786926
34.894369999999995,POS,,,,,,,,,,,,,,,,,,,,,,,0.011132000130089637,0.0,,,,,37.4274999,-122.1697,,,-0.011132000130089637,,,,-0.025664309039711952,,,,,,
34.99433,ATT,,,3,,,0.0,0.0,2.33,0.0,0.0,,,,0.05,,,,0.06,,,,2.33,,,,,,,,,,,,,,,,,,,,,
34.99433,RATE,-0.03376007080078125,-0.03376007080078125,,0.0,0.0,,,,,,0.01290648989379406,-0.2594830393791199,-0.0006483464385382831,,0.019161079078912735,-0.3022249639034271,-0.0007560219964943826,,0.22327920794487,0.0001512938761152327,-0.000355435156961903,,,,,,,,,,,,,,,,,,,,,,
34.99433,XKF1,,,,,,,,,,,,,,,,,,,,,,,0.0,0.0,,,0.033700913280261674,,,,,,0.0,,,,,,,0.02226843126118183,,0.02226843126118183,-0.025295622646808624
34.99433,POS,,,,,,,,,,,,,,,,,,,,,,,0.011132000130089637,0.0,,,,,37.4274999,-122.1697,,,-0.011132000130089637,,,,-0.025673847645521164,,,,,,
35.09429,ATT,,,3,,,0.0,0.0,2.33,0.0,0.0,,,,0.05,,,,0.06,,,,2.33,,,,,,,,,,,,,,,,,,,,,
35.09429,RATE,0.024509429931640625,0.024509429931640625,,0.0,0.0,,,,,,0.017057331278920174,-0.259932279586792,-0.0006574562867172062,,0.015469685196876526,-0.3018406927585602,-0.0007416612352244556,,0.22263813018798828,0.00015413484652526677,-0.00035315993591211736,,,,,,,,,,,,,,,,,,,,,,
35.09429,XKF1,,,,,,,,,,,,,,,,,,,,,,,0.0,0.0,,,0.033856089865007634,,,,,,0.0,,,,,,,0.022407259792089462,,0.022407259792089462,-0.025380101054906845
35.09429,POS,,,,,,,,,,,,,,,,,,,,,,,0.011132000130089637,0.0,,,,,37.4274999,-122.1697,,,-0.011132000130089637,,,,-0.02568170800805092,,,,,,
35.19425,ATT,,,3,,,0.0,0.0,2.33,0.0,0.0,,,,0.05,,,,0.06,,,,2.33,,,,,,,,,,,,,,,,,,,,,
35.19425,RATE,0.109100341796875,0.109100341796875,,0.0,0.0,,,,,,0.014080568216741085,-0.2595389783382416,-0.0006580353947356343,,0.01689756102859974,-0.30217719078063965,-0.0007491455762647092,,0.2200208306312561,0.00015445677854586393,-0.0003502736799418926,,,,,,,,,,,,,,,,,,,,,,
35.19425,XKF1,,,,,,,,,,,,,,,,,,,,,,,0.0,0.0,,,0.03395099738812416,,,,,,0.0,,,,,,,0.022489305585622787,,0.022489305585622787,-0.025434255599975586
35.19425,POS,,,,,,,,,,,,,,,,,,,,,,,0.011132000130089637,0.0,,,,,37.4274999,-122.1697,,,-0.011132000130089637,,,,-0.025691958144307137,,,,,,
35.29421,ATT,,,3,,,0.0,0.0,2.32,0.0,0.0,,,,0.05,,,,0.06,,,,2.32,,,,,,,,,,,,,,,,,,,,,
35.29421,RATE,0.039196014404296875,0.039196014404296875,,0.0,0.0,,,,,,0.015430044382810593,-0.2601121664047241,-0.000659088371321559,,0.014275631867349148,-0.30168649554252625,-0.0007471733842976391,,0.22044801712036133,0.00015388666361104697,-0.00034782334114424884,,,,,,,,,,,,,,,,,,,,,,
35.29421,XKF1,,,,,,,,,,,,,,,,,,,,,,,0.0,0.0,,,0.03404745260237016,,,,,,0.0,,,,,,,0.022570017725229263,,0.022570017725229263,-0.025491632521152496
35.29421,POS,,,,,,,,,,,,,,,,,,,,,,,0.011132000130089637,0.0,,,,,37.4274999,-122.1697,,,-0.011132000130089637,,,,-0.025702860206365585,,,,,,
35.394169999999995,ATT,,,3,,,0.0,0.0,2.32,0.0,0.0,,,,0.05,,,,0.06,,,,2.32,,,,,,,,,,,,,,,,,,,,,
35.394169999999995,RATE,-0.09784698486328125,-0.09784698486328125,,0.0,0.0,,,,,,0.010596144944429398,-0.26023295521736145,-0.0006334399222396314,,0.019268885254859924,-0.3015829026699066,-0.0007690370548516512,,0.22082190215587616,0.00015892043302301317,-0.00034632516326382756,,,,,,,,,,,,,,,,,,,,,,
35.394169999999995,XKF1,,,,,,,,,,,,,,,,,,,,,,,0.0,0.0,,,0.03413709248376167,,,,,,0.0,,,,,,,0.02264053374528885,,0.02264053374528885,-0.025548920035362244
35.394169999999995,POS,,,,,,,,,,,,,,,,,,,,,,,0.011132000130089637,0.0,,,,,37.4274999,-122.1697,,,-0.011132000130089637,,,,-0.025715166702866554,,,,,,
35.494963,ATT,,,3,,,0.0,0.0,2.31,0.0,0.0,,,,0.05,,,,0.06,,,,2.31,,,,,,,,,,,,,,,,,,,,,
35.494963,RATE,0.061798095703125,0.061798095703125,,0.0,0.0,,,,,,0.00994069967418909,-0.2657506763935089,-0.0006528191152028739,,0.01848965510725975,-0.30980098247528076,-0.0007806181092746556,,0.2168692648410797,0.00015573394193779677,-0.000344002473866567,,,,,,,,,,,,,,,,,,,,,,
35.494963,XKF1,,,,,,,,,,,,,,,,,,,,,,,0.0,0.0,,,0.03418787790937587,,,,,,0.0,,,,,,,0.022694503888487816,,0.022694503888487816,-0.02556893602013588
35.494963,POS,,,,,,,,,,,,,,,,,,,,,,,0.011132000130089637,0.0,,,,,37.4274999,-122.1697,,,-0.011132000130089637,,,,-0.02572704665362835,,,,,,
35.594923,ATT,,,3,,,0.0,0.0,2.31,0.0,0.0,,,,0.05,,,,0.06,,,,2.31,,,,,,,,,,,,,,,,,,,,,
35.594923,RATE,-0.057697296142578125,-0.057697296142578125,,0.0,0.0,,,,,,0.013318327255547047,-0.26591742038726807,-0.0006630833959206939,,0.01639666222035885,-0.30965864658355713,-0.0007652852800674736,,0.21860624849796295,0.0001569939631735906,-0.0003404177841730416,,,,,,,,,,,,,,,,,,,,,,
35.594923,XKF1,,,,,,,,,,,,,,,,,,,,,,,0.0,0.0,,,0.034279761460933665,,,,,,0.0,,,,,,,0.02277064323425293,,0.02277064323425293,-0.02562420442700386
35.594923,POS,,,,,,,,,,,,,,,,,,,,,,,0.011132000130089637,0.0,,,,,37.4274999,-122.1697,,,-0.011132000130089637,,,,-0.025734860450029373,,,,,,
35.694883,ATT,,,3,,,0.0,0.0,2.3,0.0,0.0,,,,0.05,,,,0.06,,,,2.3,,,,,,,,,,,,,,,,,,,,,
35.694883,RATE,-0.039386749267578125,-0.039386749267578125,,0.0,0.0,,,,,,0.013805333524942398,-0.266247421503067,-0.0006635406753048301,,0.016327157616615295,-0.30937641859054565,-0.000767582911066711,,0.2141609489917755,0.000156662572408095,-0.00033913057995960116,,,,,,,,,,,,,,,,,,,,,,
35.694883,XKF1,,,,,,,,,,,,,,,,,,,,,,,0.0,0.0,,,0.03441977000558141,,,,,,0.0,,,,,,,0.022863909602165222,,0.022863909602165222,-0.025728626176714897
35.694883,POS,,,,,,,,,,,,,,,,,,,,,,,0.011132000130089637,0.0,,,,,37.4274999,-122.1697,,,-0.011132000130089637,,,,-0.025742994621396065,,,,,,
35.794843,ATT,,,3,,,0.0,0.0,2.3,0.0,0.0,,,,0.05,,,,0.06,,,,2.3,,,,,,,,,,,,,,,,,,,,,
35.794843,RATE,0.09870529174804688,0.09870529174804688,,0.0,0.0,,,,,,0.01381202694028616,-0.26675817370414734,-0.0006618535262532532,,0.015712957829236984,-0.3089384138584137,-0.0007664573495276272,,0.2155890017747879,0.0001570929161971435,-0.00034033640986308455,,,,,,,,,,,,,,,,,,,,,,
35.794843,XKF1,,,,,,,,,,,,,,,,,,,,,,,0.0,0.0,,,0.034574358508968284,,,,,,0.0,,,,,,,0.022962288931012154,,0.022962288931012154,-0.025848008692264557
35.794843,POS,,,,,,,,,,,,,,,,,,,,,,,0.011132000130089637,0.0,,,,,37.4274999,-122.1697,,,-0.011132000130089637,,,,-0.02574995346367359,,,,,,
35.894802999999996,ATT,,,3,,,0.0,0.0,2.29,0.0,0.0,,,,0.05,,,,0.06,,,,2.29,,,,,,,,,,,,,,,,,,,,,
35.894802999999996,RATE,-0.07495880126953125,-0.07495880126953125,,0.0,0.0,,,,,,0.009931898675858974,-0.26693427562713623,-0.0006445336621254683,,0.018816694617271423,-0.3087870478630066,-0.0007780647720210254,,0.21156230568885803,0.00016020222392398864,-0.00033700716448947787,,,,,,,,,,,,,,,,,,,,,,
35.894802999999996,XKF1,,,,,,,,,,,,,,,,,,,,,,,0.0,0.0,,,0.034693661728228666,,,,,,0.0,,,,,,,0.023050053045153618,,0.023050053045153618,-0.02592962048947811
35.894802999999996,POS,,,,,,,,,,,,,,,,,,,,,,,0.011132000130089637,0.0,,,,,37.4274999,-122.1697,,,-0.011132000130089637,,,,-0.025757191702723503,,,,,,
35.994763,ATT,,,3,,,0.0,0.0,2.29,0.0,0.0,,,,0.05,,,,0.06,,,,2.29,,,,,,,,,,,,,,,,,,,,,
35.994763,RATE,-0.11949539184570312,-0.11949539184570312,,0.0,0.0,,,,,,0.012920026667416096,-0.26711830496788025,-0.0006705685518682003,,0.014019186608493328,-0.30862870812416077,-0.0007620685501024127,,0.21375450491905212,0.00016009091632440686,-0.00033331793383695185,,,,,,,,,,,,,,,,,,,,,,
35.994763,XKF1,,,,,,,,,,,,,,,,,,,,,,,0.0,0.0,,,0.03475153270178444,,,,,,0.0,,,,,,,0.023066382855176926,,0.023066382855176926,-0.025992518290877342
35.994763,POS,,,,,,,,,,,,,,,,,,,,,,,0.011132000130089637,0.0,,,,,37.4274999,-122.1697,,,-0.011132000130089637,,,,-0.025766709819436073,,,,,,
36.094722999999995,ATT,,,3,,,0.0,0.0,2.28,0.0,0.0,,,,0.05,,,,0.06,,,,2.28,,,,,,,,,,,,,,,,,,,,,
36.094722999999995,RATE,0.045680999755859375,0.045680999755859375,,0.0,0.0,,,,,,0.009761885739862919,-0.2670968472957611,-0.0006369670736603439,,0.014960470609366894,-0.3086472451686859,-0.0007532406598329544,,0.21275055408477783,0.00016035344742704183,-0.00033074768725782633,,,,,,,,,,,,,,,,,,,,,,
36.094722999999995,XKF1,,,,,,,,,,,,,,,,,,,,,,,0.0,0.0,,,0.03482853638651137,,,,,,0.0,,,,,,,0.02312123216688633,,0.02312123216688633,-0.026046795770525932
36.094722999999995,POS,,,,,,,,,,,,,,,,,,,,,,,0.011132000130089637,0.0,,,,,37.4274999,-122.1697,,,-0.011132000130089637,,,,-0.025779874995350838,,,,,,
36.194683,ATT,,,3,,,0.0,0.0,2.28,0.0,0.0,,,,0.05,,,,0.06,,,,2.28,,,,,,,,,,,,,,,,,,,,,
36.194683,RATE,0.008296966552734375,0.008296966552734375,,0.0,0.0,,,,,,0.009000863879919052,-0.26725220680236816,-0.0006450657383538783,,0.01938268542289734,-0.3085133731365204,-0.0007824882050044835,,0.2086317092180252,0.00016321642033290118,-0.00033011165214702487,,,,,,,,,,,,,,,,,,,,,,
36.194683,XKF1,,,,,,,,,,,,,,,,,,,,,,,0.0,0.0,,,0.034893642202909914,,,,,,0.0,,,,,,,0.02318081445991993,,0.02318081445991993,-0.02608095295727253
36.194683,POS,,,,,,,,,,,,,,,,,,,,,,,0.011132000130089637,0.0,,,,,37.4274999,-122.1697,,,-0.011132000130089637,,,,-0.02579498663544655,,,,,,
36.294643,ATT,,,3,,,0.0,0.0,2.27,0.0,0.0,,,,0.05,,,,0.06,,,,2.27,,,,,,,,,,,,,,,,,,,,,
36.294643,RATE,-0.07143020629882812,-0.07143020629882812,,0.0,0.0,,,,,,0.012420015409588814,-0.2674042284488678,-0.0006590374396182597,,0.012998193502426147,-0.30838221311569214,-0.0007537924684584141,,0.2105107605457306,0.00016321698785759509,-0.0003278127987869084,,,,,,,,,,,,,,,,,,,,,,
36.294643,XKF1,,,,,,,,,,,,,,,,,,,,,,,0.0,0.0,,,0.03496637148609998,,,,,,0.0,,,,,,,0.023221455514431,,0.023221455514431,-0.02614213339984417
36.294643,POS,,,,,,,,,,,,,,,,,,,,,,,0.011132000130089637,0.0,,,,,37.4274999,-122.1697,,,-0.011132000130089637,,,,-0.02581075020134449,,,,,,
36.394603,ATT,,,3,,,0.0,0.0,2.27,0.0,0.0,,,,0.05,,,,0.06,,,,2.27,,,,,,,,,,,,,,,,,,,,,
36.394603,RATE,0.01964569091796875,0.01964569091796875,,0.0,0.0,,,,,,0.008741830475628376,-0.2671900987625122,-0.0006358942482620478,,0.01680273935198784,-0.3085668981075287,-0.0007733740494586527,,0.20907415449619293,0.00016631312610115856,-0.0003265621780883521,,,,,,,,,,,,,,,,,,,,,,
36.394603,XKF1,,,,,,,,,,,,,,,,,,,,,,,0.0,0.0,,,0.0350849495226446,,,,,,0.0,,,,,,,0.023279063403606415,,0.023279063403606415,-0.02624955028295517
36.394603,POS,,,,,,,,,,,,,,,,,,,,,,,0.011132000130089637,0.0,,,,,37.4274999,-122.1697,,,-0.011132000130089637,,,,-0.02582523413002491,,,,,,
36.494563,ATT,,,3,,,0.0,0.0,2.27,0.0,0.0,,,,0.06,,,,0.06,,,,2.27,,,,,,,,,,,,,,,,,,,,,
36.494563,RATE,0.0640869140625,0.0640869140625,,0.0,0.0,,,,,,0.014030545949935913,-0.27330031991004944,-0.0006762550328858197,,0.018505651503801346,-0.31597399711608887,-0.0007992608589120209,,0.20822085440158844,0.0001639424590393901,-0.00032612186623737216,,,,,,,,,,,,,,,,,,,,,,
36.494563,XKF1,,,,,,,,,,,,,,,,,,,,,,,0.0,0.0,,,0.03519958899838061,,,,,,0.0,,,,,,,0.023359743878245354,,0.023359743878245354,-0.026331225410103798
36.494563,POS,,,,,,,,,,,,,,,,,,,,,,,0.011132000130089637,0.0,,,,,37.4274999,-122.1697,,,-0.011132000130089637,,,,-0.025834551081061363,,,,,,
36.594522999999995,ATT,,,3,,,0.0,0.0,2.26,0.0,0.0,,,,0.06,,,,0.06,,,,2.26,,,,,,,,,,,,,,,,,,,,,
36.594522999999995,RATE,-0.015735626220703125,-0.015735626220703125,,0.0,0.0,,,,,,0.014431515708565712,-0.27301865816116333,-0.000671635614708066,,0.012237448245286942,-0.3162161409854889,-0.0007642542477697134,,0.20361214876174927,0.0001654278748901561,-0.0003243658575229347,,,,,,,,,,,,,,,,,,,,,,
36.594522999999995,XKF1,,,,,,,,,,,,,,,,,,,,,,,0.0,0.0,,,0.03525230545759052,,,,,,0.0,,,,,,,0.02341080643236637,,0.02341080643236637,-0.02635638788342476
36.594522999999995,POS,,,,,,,,,,,,,,,,,,,,,,,0.011132000130089637,0.0,,,,,37.4274999,-122.1697,,,-0.011132000130089637,,,,-0.025839118286967278,,,,,,
36.694483,ATT,,,3,,,0.0,0.0,2.26,0.0,0.0,,,,0.06,,,,0.07,,,,2.26,,,,,,,,,,,,,,,,,,,,,
36.694483,RATE,0.017833709716796875,0.017833709716796875,,0.0,0.0,,,,,,0.01051269005984068,-0.2723246216773987,-0.0006653242744505405,,0.02003977634012699,-0.31681105494499207,-0.0008065568399615586,,0.19980794191360474,0.00016575500194448978,-0.00032115913927555084,,,,,,,,,,,,,,,,,,,,,,
36.694483,XKF1,,,,,,,,,,,,,,,,,,,,,,,0.0,0.0,,,0.03531368896443012,,,,,,0.0,,,,,,,0.023451270535588264,,0.023451270535588264,-0.026402547955513
36.694483,POS,,,,,,,,,,,,,,,,,,,,,,,0.011132000130089637,0.0,,,,,37.4274999,-122.1697,,,-0.011132000130089637,,,,-0.025843845680356026,,,,,,
36.794443,ATT,,,3,,,0.0,0.0,2.25,0.0,0.0,,,,0.06,,,,0.07,,,,2.25,,,,,,,,,,,,,,,,,,,,,
36.794443,RATE,-0.09679794311523438,-0.09679794311523438,,0.0,0.0,,,,,,0.014149826020002365,-0.27229392528533936,-0.0006753082852810621,,0.01644904911518097,-0.31683728098869324,-0.0007849060348235071,,0.20361973345279694,0.00016782469174358994,-0.0003191332798451185,,,,,,,,,,,,,,,,,,,,,,
36.794443,XKF1,,,,,,,,,,,,,,,,,,,,,,,0.0,0.0,,,0.03540663793253264,,,,,,0.0,,,,,,,0.023496495559811592,,0.023496495559811592,-0.02648668922483921
36.794443,POS,,,,,,,,,,,,,,,,,,,,,,,0.011132000130089637,0.0,,,,,37.4274999,-122.1697,,,-0.011132000130089637,,,,-0.025849001482129097,,,,,,
36.894403,ATT,,,3,,,0.0,0.0,2.25,0.0,0.0,,,,0.06,,,,0.07,,,,2.25,,,,,,,,,,,,,,,,,,,,,
36.894403,RATE,-0.06952285766601562,-0.06952285766601562,,0.0,0.0,,,,,,0.01475248672068119,-0.27251964807510376,-0.0006826037424616516,,0.015369358472526073,-0.31664416193962097,-0.0007794499397277832,,0.20356523990631104,0.00016725031309761107,-0.00031804144964553416,,,,,,,,,,,,,,,,,,,,,,
36.894403,XKF1,,,,,,,,,,,,,,,,,,,,,,,0.0,0.0,,,0.03552321689996807,,,,,,0.0,,,,,,,0.023593181744217873,,0.023593181744217873,-0.026556745171546936
36.894403,POS,,,,,,,,,,,,,,,,,,,,,,,0.011132000130089637,0.0,,,,,37.4274999,-122.1697,,,-0.011132000130089637,,,,-0.02585877664387226,,,,,,
36.994363,ATT,,,3,,,0.0,0.0,2.24,0.0,0.0,,,,0.06,,,,0.07,,,,2.24,,,,,,,,,,,,,,,,,,,,,
36.994363,RATE,-0.06570816040039062,-0.06570816040039062,,0.0,0.0,,,,,,0.015943419188261032,-0.27142179012298584,-0.0007014303118921816,,0.02154380828142166,-0.3175809383392334,-0.0008092905627563596,,0.20032647252082825,0.0001707333722151816,-0.00031512524583376944,,,,,,,,,,,,,,,,,,,,,,
36.994363,XKF1,,,,,,,,,,,,,,,,,,,,,,,0.0,0.0,,,0.03564930445869082,,,,,,0.0,,,,,,,0.023698559030890465,,0.023698559030890465,-0.02663177065551281
36.994363,POS,,,,,,,,,,,,,,,,,,,,,,,0.011132000130089637,0.0,,,,,37.4274999,-122.1697,,,-0.011132000130089637,,,,-0.025875652208924294,,,,,,
37.094322999999996,ATT,,,3,,,0.0,0.0,2.24,0.0,0.0,,,,0.06,,,,0.07,,,,2.24,,,,,,,,,,,,,,,,,,,,,
37.094322999999996,RATE,0.038814544677734375,0.038814544677734375,,0.0,0.0,,,,,,0.012089439667761326,-0.27199408411979675,-0.000663170765619725,,0.0171190295368433,-0.3170934021472931,-0.0007984768017195165,,0.19833429157733917,0.00017154212400782853,-0.0003156152961309999,,,,,,,,,,,,,,,,,,,,,,
37.094322999999996,XKF1,,,,,,,,,,,,,,,,,,,,,,,0.0,0.0,,,0.03572818106175923,,,,,,0.0,,,,,,,0.023788880556821823,,0.023788880556821823,-0.02665693312883377
37.094322999999996,POS,,,,,,,,,,,,,,,,,,,,,,,0.011132000130089637,0.0,,,,,37.4274999,-122.1697,,,-0.011132000130089637,,,,-0.025894299149513245,,,,,,
37.194283,ATT,,,3,,,0.0,0.0,2.23,0.0,0.0,,,,0.06,,,,0.07,,,,2.23,,,,,,,,,,,,,,,,,,,,,
37.194283,RATE,-0.050830841064453125,-0.050830841064453125,,0.0,0.0,,,,,,0.015908915549516678,-0.27327436208724976,-0.0006762667326256633,,0.016599418595433235,-0.315996378660202,-0.0007946939440444112,,0.1983218640089035,0.00016978869098238647,-0.0003137882158625871,,,,,,,,,,,,,,,,,,,,,,
37.194283,XKF1,,,,,,,,,,,,,,,,,,,,,,,0.0,0.0,,,0.03577439116387601,,,,,,0.0,,,,,,,0.023865483701229095,,0.023865483701229095,-0.026650436222553253
37.194283,POS,,,,,,,,,,,,,,,,,,,,,,,0.011132000130089637,0.0,,,,,37.4274999,-122.1697,,,-0.011132000130089637,,,,-0.025909315794706345,,,,,,
37.294243,ATT,,,3,,,0.0,0.0,2.23,0.0,0.0,,,,0.06,,,,0.07,,,,2.23,,,,,,,,,,,,,,,,,,,,,
37.294243,RATE,-0.021076202392578125,-0.021076202392578125,,0.0,0.0,,,,,,0.014084323309361935,-0.2734558582305908,-0.0006876311963424087,,0.01753099635243416,-0.31584009528160095,-0.0007837924640625715,,0.20227405428886414,0.00017040343664120883,-0.0003124302893411368,,,,,,,,,,,,,,,,,,,,,,
37.294243,XKF1,,,,,,,,,,,,,,,,,,,,,,,0.0,0.0,,,0.035888149506620344,,,,,,0.0,,,,,,,0.023937277495861053,,0.023937277495861053,-0.02673884853720665
37.294243,POS,,,,,,,,,,,,,,,,,,,,,,,0.011132000130089637,0.0,,,,,37.4274999,-122.1697,,,-0.011132000130089637,,,,-0.025919968262314796,,,,,,
37.394203,ATT,,,3,,,0.0,0.0,2.23,0.0,0.0,,,,0.06,,,,0.07,,,,2.23,,,,,,,,,,,,,,,,,,,,,
37.394203,RATE,0.09756088256835938,0.09756088256835938,,0.0,0.0,,,,,,0.01794358156621456,-0.2804749011993408,-0.0007174101192504168,,0.015783175826072693,-0.322177529335022,-0.00081048090942204,,0.19847795367240906,0.00017373777518514544,-0.0003124397771898657,,,,,,,,,,,,,,,,,,,,,,
37.394203,XKF1,,,,,,,,,,,,,,,,,,,,,,,0.0,0.0,,,0.035936033565029724,,,,,,0.0,,,,,,,0.02394700050354004,,0.02394700050354004,-0.026794396340847015
37.394203,POS,,,,,,,,,,,,,,,,,,,,,,,0.011132000130089637,0.0,,,,,37.4274999,-122.1697,,,-0.011132000130089637,,,,-0.025930525735020638,,,,,,
37.494996,ATT,,,3,,,0.0,0.0,2.22,0.0,0.0,,,,0.06,,,,0.07,,,,2.22,,,,,,,,,,,,,,,,,,,,,
37.494996,RATE,-0.01811981201171875,-0.01811981201171875,,0.0,0.0,,,,,,0.014230579137802124,-0.2798757553100586,-0.000695176306180656,,0.019962448626756668,-0.3226955235004425,-0.0008176814881153405,,0.1978577971458435,0.0001719055144349113,-0.0003096600412391126,,,,,,,,,,,,,,,,,,,,,,
37.494996,XKF1,,,,,,,,,,,,,,,,,,,,,,,0.0,0.0,,,0.035996442130272026,,,,,,0.0,,,,,,,0.0240035317838192,,0.0240035317838192,-0.02682488225400448
37.494996,POS,,,,,,,,,,,,,,,,,,,,,,,0.011132000130089637,0.0,,,,,37.4274999,-122.1697,,,-0.011132000130089637,,,,-0.025940677151083946,,,,,,
37.594955999999996,ATT,,,3,,,0.0,0.0,2.22,0.0,0.0,,,,0.06,,,,0.07,,,,2.22,,,,,,,,,,,,,,,,,,,,,
37.594955999999996,RATE,0.010585784912109375,0.010585784912109375,,0.0,0.0,,,,,,0.010084833949804306,-0.27941790223121643,-0.0006803919677622616,,0.01825946941971779,-0.3230900764465332,-0.0008053378551267087,,0.19340123236179352,0.0001702580921119079,-0.00030860453261993825,,,,,,,,,,,,,,,,,,,,,,
37.594955999999996,XKF1,,,,,,,,,,,,,,,,,,,,,,,0.0,0.0,,,0.03615167283715087,,,,,,0.0,,,,,,,0.024135535582900047,,0.024135535582900047,-0.026915039867162704
37.594955999999996,POS,,,,,,,,,,,,,,,,,,,,,,,0.011132000130089637,0.0,,,,,37.4274999,-122.1697,,,-0.011132000130089637,,,,-0.025952426716685295,,,,,,
37.694916,ATT,,,3,,,0.0,0.0,2.21,0.0,0.0,,,,0.06,,,,0.07,,,,2.21,,,,,,,,,,,,,,,,,,,,,
37.694916,RATE,-0.01468658447265625,-0.01468658447265625,,0.0,0.0,,,,,,0.014344877563416958,-0.27950626611709595,-0.0006823842995800078,,0.01681320182979107,-0.3230140507221222,-0.0008077440434135497,,0.19878149032592773,0.00017193658277392387,-0.00030591117683798075,,,,,,,,,,,,,,,,,,,,,,
37.694916,XKF1,,,,,,,,,,,,,,,,,,,,,,,0.0,0.0,,,0.03626982952123338,,,,,,0.0,,,,,,,0.02422475628554821,,0.02422475628554821,-0.026993734762072563
37.694916,POS,,,,,,,,,,,,,,,,,,,,,,,0.011132000130089637,0.0,,,,,37.4274999,-122.1697,,,-0.011132000130089637,,,,-0.025963054969906807,,,,,,
37.794875999999995,ATT,,,3,,,0.0,0.0,2.21,0.0,0.0,,,,0.06,,,,0.07,,,,2.21,,,,,,,,,,,,,,,,,,,,,
37.794875999999995,RATE,0.042438507080078125,0.042438507080078125,,0.0,0.0,,,,,,0.01141274906694889,-0.27837875485420227,-0.0006959171150811017,,0.01963816024363041,-0.3239814341068268,-0.0008192314417101443,,0.19125595688819885,0.0001747620408423245,-0.00030576810240745544,,,,,,,,,,,,,,,,,,,,,,
37.794875999999995,XKF1,,,,,,,,,,,,,,,,,,,,,,,0.0,0.0,,,0.036334951478572054,,,,,,0.0,,,,,,,0.024262329563498497,,0.024262329563498497,-0.02704751491546631
37.794875999999995,POS,,,,,,,,,,,,,,,,,,,,,,,0.011132000130089637,0.0,,,,,37.4274999,-122.1697,,,-0.011132000130089637,,,,-0.02597210928797722,,,,,,
37.894836,ATT,,,3,,,0.0,0.0,2.2,0.0,0.0,,,,0.06,,,,0.07,,,,2.2,,,,,,,,,,,,,,,,,,,,,
37.894836,RATE,-0.001430511474609375,-0.001430511474609375,,0.0,0.0,,,,,,0.013026874512434006,-0.2781158983707428,-0.0007097824709489942,,0.020739451050758362,-0.3242059350013733,-0.0008256190340034664,,0.1970851570367813,0.00017598057456780225,-0.00030462926952168345,,,,,,,,,,,,,,,,,,,,,,
37.894836,XKF1,,,,,,,,,,,,,,,,,,,,,,,0.0,0.0,,,0.036385560324907126,,,,,,0.0,,,,,,,0.024264443665742874,,0.024264443665742874,-0.027113571763038635
37.894836,POS,,,,,,,,,,,,,,,,,,,,,,,0.011132000130089637,0.0,,,,,37.4274999,-122.1697,,,-0.011132000130089637,,,,-0.025978930294513702,,,,,,
37.994796,ATT,,,3,,,0.0,0.0,2.2,0.0,0.0,,,,0.06,,,,0.07,,,,2.2,,,,,,,,,,,,,,,,,,,,,
37.994796,RATE,-0.0217437744140625,-0.0217437744140625,,0.0,0.0,,,,,,0.012242964468896389,-0.27804481983184814,-0.0007038075127638876,,0.01586332730948925,-0.32426661252975464,-0.0007901412900537252,,0.1905926614999771,0.00017483453848399222,-0.0003010221989825368,,,,,,,,,,,,,,,,,,,,,,
37.994796,XKF1,,,,,,,,,,,,,,,,,,,,,,,0.0,0.0,,,0.03651514115915135,,,,,,0.0,,,,,,,0.024353299289941788,,0.024353299289941788,-0.02720794640481472
37.994796,POS,,,,,,,,,,,,,,,,,,,,,,,0.011132000130089637,0.0,,,,,37.4274999,-122.1697,,,-0.011132000130089637,,,,-0.02598581463098526,,,,,,
38.094756,ATT,,,3,,,0.0,0.0,2.2,0.0,0.0,,,,0.06,,,,0.07,,,,2.2,,,,,,,,,,,,,,,,,,,,,
38.094756,RATE,-0.03108978271484375,-0.03108978271484375,,0.0,0.0,,,,,,0.011270378716289997,-0.27776914834976196,-0.0006733695045113564,,0.01664300076663494,-0.32450157403945923,-0.0008035454666242003,,0.19273798167705536,0.00017675830167718232,-0.000300108251394704,,,,,,,,,,,,,,,,,,,,,,
38.094756,XKF1,,,,,,,,,,,,,,,,,,,,,,,0.0,0.0,,,0.03659051730631008,,,,,,0.0,,,,,,,0.024387218058109283,,0.024387218058109283,-0.027278738096356392
38.094756,POS,,,,,,,,,,,,,,,,,,,,,,,0.011132000130089637,0.0,,,,,37.4274999,-122.1697,,,-0.011132000130089637,,,,-0.02599296346306801,,,,,,
38.194716,ATT,,,3,,,0.0,0.0,2.19,0.0,0.0,,,,0.06,,,,0.07,,,,2.19,,,,,,,,,,,,,,,,,,,,,
38.194716,RATE,-0.09183883666992188,-0.09183883666992188,,0.0,0.0,,,,,,0.014982810243964195,-0.2781534194946289,-0.0006888547795824707,,0.01630556955933571,-0.3241739273071289,-0.0008155086543411016,,0.1898668110370636,0.00017706207290757447,-0.00029703485779464245,,,,,,,,,,,,,,,,,,,,,,
38.194716,XKF1,,,,,,,,,,,,,,,,,,,,,,,0.0,0.0,,,0.03665099176374372,,,,,,0.0,,,,,,,0.024470364674925804,,0.024470364674925804,-0.027285462245345116
38.194716,POS,,,,,,,,,,,,,,,,,,,,,,,0.011132000130089637,0.0,,,,,37.4274999,-122.1697,,,-0.011132000130089637,,,,-0.025996124371886253,,,,,,
38.294675999999995,ATT,,,3,,,0.0,0.0,2.19,0.0,0.0,,,,0.06,,,,0.07,,,,2.19,,,,,,,,,,,,,,,,,,,,,
38.294675999999995,RATE,-0.0110626220703125,-0.0110626220703125,,0.0,0.0,,,,,,0.015974802896380424,-0.2777846157550812,-0.0007026297389529645,,0.01653108187019825,-0.32448843121528625,-0.0008114087977446616,,0.18926537036895752,0.00017770420527085662,-0.00029550312319770455,,,,,,,,,,,,,,,,,,,,,,
38.294675999999995,XKF1,,,,,,,,,,,,,,,,,,,,,,,0.0,0.0,,,0.03674349723821441,,,,,,0.0,,,,,,,0.02453630045056343,,0.02453630045056343,-0.027350585907697678
38.294675999999995,POS,,,,,,,,,,,,,,,,,,,,,,,0.011132000130089637,0.0,,,,,37.4274999,-122.1697,,,-0.011132000130089637,,,,-0.025997094810009003,,,,,,
38.394636,ATT,,,3,,,0.0,0.0,2.18,0.0,0.0,,,,0.06,,,,0.07,,,,2.18,,,,,,,,,,,,,,,,,,,,,
38.394636,RATE,0.042629241943359375,0.042629241943359375,,0.0,0.0,,,,,,0.013685519807040691,-0.27758559584617615,-0.0006875506951473653,,0.01762228086590767,-0.3246578276157379,-0.0008009420125745237,,0.18957559764385223,0.00017789434059523046,-0.00029494910268113017,,,,,,,,,,,,,,,,,,,,,,
38.394636,XKF1,,,,,,,,,,,,,,,,,,,,,,,0.0,0.0,,,0.03682398165797867,,,,,,0.0,,,,,,,0.024570435285568237,,0.024570435285568237,-0.027428075671195984
38.394636,POS,,,,,,,,,,,,,,,,,,,,,,,0.011132000130089637,0.0,,,,,37.4274999,-122.1697,,,-0.011132000130089637,,,,-0.025996312499046326,,,,,,
38.494596,ATT,,,3,,,0.0,0.0,2.18,0.0,0.0,,,,0.06,,,,0.07,,,,2.18,,,,,,,,,,,,,,,,,,,,,
38.494596,RATE,-0.027179718017578125,-0.027179718017578125,,0.0,0.0,,,,,,0.014444305561482906,-0.2774410843849182,-0.0006982230115681887,,0.017665855586528778,-0.32478073239326477,-0.0008123532170429826,,0.18503740429878235,0.00017899285012390465,-0.0002943089057225734,,,,,,,,,,,,,,,,,,,,,,
38.494596,XKF1,,,,,,,,,,,,,,,,,,,,,,,0.0,0.0,,,0.03694525501885697,,,,,,0.0,,,,,,,0.02463594451546669,,0.02463594451546669,-0.027532201260328293
38.494596,POS,,,,,,,,,,,,,,,,,,,,,,,0.011132000130089637,0.0,,,,,37.4274999,-122.1697,,,-0.011132000130089637,,,,-0.02599235624074936,,,,,,
38.594556,ATT,,,3,,,0.0,0.0,2.18,0.0,0.0,,,,0.06,,,,0.07,,,,2.18,,,,,,,,,,,,,,,,,,,,,
38.594556,RATE,-0.010776519775390625,-0.010776519775390625,,0.0,0.0,,,,,,0.01769745908677578,-0.27801284193992615,-0.0007067291880957782,,0.01716386340558529,-0.324293851852417,-0.0008097456302493811,,0.1912607103586197,0.00017901050159707665,-0.000295859994366765,,,,,,,,,,,,,,,,,,,,,,
38.594556,XKF1,,,,,,,,,,,,,,,,,,,,,,,0.0,0.0,,,0.03705488794155257,,,,,,0.0,,,,,,,0.024755913764238358,,0.024755913764238358,-0.027571896091103554
38.594556,POS,,,,,,,,,,,,,,,,,,,,,,,0.011132000130089637,0.0,,,,,37.4274999,-122.1697,,,-0.011132000130089637,,,,-0.025989044457674026,,,,,,
38.694516,ATT,,,3,,,0.0,0.0,2.17,0.0,0.0,,,,0.06,,,,0.07,,,,2.17,,,,,,,,,,,,,,,,,,,,,
38.694516,RATE,0.0736236572265625,0.0736236572265625,,0.0,0.0,,,,,,0.015133953653275967,-0.2840684652328491,-0.0007084283279255033,,0.02173577807843685,-0.33119744062423706,-0.0008484667050652206,,0.19107796251773834,0.00017798435874283314,-0.00029286177596077323,,,,,,,,,,,,,,,,,,,,,,
38.694516,XKF1,,,,,,,,,,,,,,,,,,,,,,,0.0,0.0,,,0.03721974585873291,,,,,,0.0,,,,,,,0.02488088607788086,,0.02488088607788086,-0.02768123894929886
38.694516,POS,,,,,,,,,,,,,,,,,,,,,,,0.011132000130089637,0.0,,,,,37.4274999,-122.1697,,,-0.011132000130089637,,,,-0.025985781103372574,,,,,,
38.794475999999996,ATT,,,3,,,0.0,0.0,2.17,0.0,0.0,,,,0.06,,,,0.07,,,,2.17,,,,,,,,,,,,,,,,,,,,,
38.794475999999996,RATE,-0.07114410400390625,-0.07114410400390625,,0.0,0.0,,,,,,0.015630241483449936,-0.28395482897758484,-0.0007296434487216175,,0.016410430893301964,-0.3312944173812866,-0.0008170821820385754,,0.18762318789958954,0.00017895620840135962,-0.00029102491680532694,,,,,,,,,,,,,,,,,,,,,,
38.794475999999996,XKF1,,,,,,,,,,,,,,,,,,,,,,,0.0,0.0,,,0.03729356922933081,,,,,,0.0,,,,,,,0.02492889203131199,,0.02492889203131199,-0.02773735113441944
38.794475999999996,POS,,,,,,,,,,,,,,,,,,,,,,,0.011132000130089637,0.0,,,,,37.4274999,-122.1697,,,-0.011132000130089637,,,,-0.0259801484644413,,,,,,
38.894436,ATT,,,3,,,0.0,0.0,2.16,0.0,0.0,,,,0.06,,,,0.07,,,,2.16,,,,,,,,,,,,,,,,,,,,,
38.894436,RATE,0.039196014404296875,0.039196014404296875,,0.0,0.0,,,,,,0.01504961121827364,-0.2837602496147156,-0.0007110154838301241,,0.01770075224339962,-0.33146029710769653,-0.0008160396246239543,,0.1833503544330597,0.0001825427170842886,-0.0002910642942879349,,,,,,,,,,,,,,,,,,,,,,
38.894436,XKF1,,,,,,,,,,,,,,,,,,,,,,,0.0,0.0,,,0.03739811834567968,,,,,,0.0,,,,,,,0.02501869387924671,,0.02501869387924671,-0.027797197923064232
38.894436,POS,,,,,,,,,,,,,,,,,,,,,,,0.011132000130089637,0.0,,,,,37.4274999,-122.1697,,,-0.011132000130089637,,,,-0.025973539799451828,,,,,,
38.994395999999995,ATT,,,3,,,0.0,0.0,2.16,0.0,0.0,,,,0.06,,,,0.07,,,,2.16,,,,,,,,,,,,,,,,,,,,,
38.994395999999995,RATE,0.026702880859375,0.026702880859375,,0.0,0.0,,,,,,0.011186334304511547,-0.2840726673603058,-0.0006872808444313705,,0.019827572628855705,-0.33119380474090576,-0.0008351434371434152,,0.18252576887607574,0.00018510642985347658,-0.0002880775718949735,,,,,,,,,,,,,,,,,,,,,,
38.994395999999995,XKF1,,,,,,,,,,,,,,,,,,,,,,,0.0,0.0,,,0.037485961596865035,,,,,,0.0,,,,,,,0.025117507204413414,,0.025117507204413414,-0.027826393023133278
38.994395999999995,POS,,,,,,,,,,,,,,,,,,,,,,,0.011132000130089637,0.0,,,,,37.4274999,-122.1697,,,-0.011132000130089637,,,,-0.02596202678978443,,,,,,
39.094356,ATT,,,3,,,0.0,0.0,2.16,0.0,0.0,,,,0.06,,,,0.07,,,,2.16,,,,,,,,,,,,,,,,,,,,,
39.094356,RATE,-0.0148773193359375,-0.0148773193359375,,0.0,0.0,,,,,,0.011231513693928719,-0.28399965167045593,-0.0006969929672777653,,0.012721872888505459,-0.3312562108039856,-0.0007970648584887385,,0.18440762162208557,0.00018462698790244758,-0.0002874532074201852,,,,,,,,,,,,,,,,,,,,,,
39.094356,XKF1,,,,,,,,,,,,,,,,,,,,,,,0.0,0.0,,,0.03756506515870387,,,,,,0.0,,,,,,,0.02515159361064434,,0.02515159361064434,-0.02790217660367489
39.094356,POS,,,,,,,,,,,,,,,,,,,,,,,0.011132000130089637,0.0,,,,,37.4274999,-122.1697,,,-0.011132000130089637,,,,-0.025943437591195107,,,,,,
39.101853,MSG,,,,,,,,,,,,,,,,,,,,,,,,,,,,,,,,,,,,,,,,,EKF3 IMU1 is using GPS,,
39.106851,MSG,,,,,,,,,,,,,,,,,,,,,,,,,,,,,,,,,,,,,,,,,EKF3 IMU0 is using GPS,,
39.124344,EV,,,,,,,,,,,,,,,,,,,,,,,,,,,,10,,,,ARMED,,,,,,,,,,,
39.124344,MSG,,,,,,,,,,,,,,,,,,,,,,,,,,,,,,,,,,,,,,,,,Arming motors,,
39.124344,MODE,,,,,,,,,,,,,,,,,,,,,,,,,,,,,,,GUIDED,,,,2,GCS_COMMAND,,,,,,,
39.194316,ATT,,,3,,,0.0,0.0,2.15,0.0,0.0,,,,0.06,,,,0.07,,,,2.15,,,,,,,,,,,,,,,,,,,,,
39.194316,RATE,-0.02307891845703125,-0.02307891845703125,,0.0,0.0,,,,,,0.0158323273062706,-0.2905621826648712,-0.0007380734896287322,,0.015555820427834988,-0.3374769389629364,-0.0008378780330531299,,0.18712645769119263,0.00018704048125073314,-0.0002871137694455683,,,,,,,,,,,,,,,,,,,,,,
39.194316,XKF1,,,,,,,,,,,,,,,,,,,,,,,0.0025322512616490897,-0.0016851237742230296,,,0.0006219261254901196,,,,,,0.0018901466391980648,-0.0006211474636196001,,,,,,0.0004365743370726704,,0.00043657433707267046,-0.00044293899554759264
39.194316,POS,,,,,,,,,,,,,,,,,,,,,,,0.011132000130089637,0.0,,,,,37.4274999,-122.1697,,,-0.011132000130089637,,,,0.004076922312378883,,,,,,
39.294275999999996,ATT,,,3,,,0.0,0.0,2.15,0.0,0.0,,,,0.06,,,,0.07,,,,2.15,,,,,,,,,,,,,,,,,,,,,
39.294275999999996,RATE,-0.000667572021484375,-0.000667572021484375,,0.0,0.0,,,,,,0.013440508395433426,-0.29082953929901123,-0.0007242826977744699,,0.01893388293683529,-0.33724772930145264,-0.0008433084585703909,,0.17890341579914093,0.00019493844592943788,-0.00028475443832576275,,,,,,,,,,,,,,,,,,,,,,
39.294275999999996,XKF1,,,,,,,,,,,,,,,,,,,,,,,0.004314952059294295,-0.00287375645712018,,,0.0019093229716264824,,,,,,0.00321874744258821,-0.0019087397159915206,,,,,,0.001236018375493586,,0.001236018375493586,-0.001455256948247552
39.294275999999996,POS,,,,,,,,,,,,,,,,,,,,,,,0.011132000130089637,0.0,,,,,37.4274999,-122.1697,,,-0.011132000130089637,,,,0.004102112725377083,,,,,,
39.394236,ATT,,,3,,,0.0,0.0,2.14,0.0,0.0,,,,0.06,,,,0.07,,,,2.14,,,,,,,,,,,,,,,,,,,,,
39.394236,RATE,0.0091552734375,0.0091552734375,,0.0,0.0,,,,,,0.015757691115140915,-0.2971577048301697,-0.0007467596442438662,,0.016291262581944466,-0.3434317708015442,-0.0008507268503308296,,0.17987731099128723,0.00019808669458143413,-0.0002827847492881119,,,,,,,,,,,,,,,,,,,,,,
39.394236,XKF1,,,,,,,,,,,,,,,,,,,,,,,0.005338995833663672,-0.00355917657725513,,,0.0028214333998811555,,,,,,0.003979590255767107,-0.0028209960041534784,,,,,,0.0018435530364513395,,0.0018435530364513397,-0.0021358367521315813
39.394236,POS,,,,,,,,,,,,,,,,,,,,,,,0.011132000130089637,0.0,,,,,37.4274999,-122.1697,,,-0.011132000130089637,,,,0.004102831706404686,,,,,,
39.494195999999995,ATT,,,3,,,0.0,0.0,2.14,0.0,0.0,,,,0.06,,,,0.07,,,,2.14,,,,,,,,,,,,,,,,,,,,,
39.494195999999995,RATE,0.1384735107421875,0.1384735107421875,,0.0,0.0,,,,,,0.017002670094370842,-0.30383729934692383,-0.0007642635609954596,,0.0185390654951334,-0.34908804297447205,-0.0008703946368768811,,0.17589262127876282,0.00020991935161873698,-0.0002805354306474328,,,,,,,,,,,,,,,,,,,,,,
39.494195999999995,XKF1,,,,,,,,,,,,,,,,,,,,,,,0.005709708257039902,-0.003808122593909502,,,0.004080892238857853,,,,,,0.0042542885057628155,-0.004080855879541547,,,,,,0.002708914689719677,,0.002708914689719677,-0.003052124287933111
39.494195999999995,POS,,,,,,,,,,,,,,,,,,,,,,,0.011132000130089637,0.0,,,,,37.4274999,-122.1697,,,-0.011132000130089637,,,,0.004113743081688881,,,,,,
39.594989,ATT,,,3,,,0.0,0.0,2.14,0.0,0.0,,,,0.06,,,,0.07,,,,2.14,,,,,,,,,,,,,,,,,,,,,
39.594989,RATE,0.03719329833984375,0.03719329833984375,,0.0,0.0,,,,,,0.0184017363935709,-0.3104681074619293,-0.0007870992412790656,,0.015718059614300728,-0.3545711636543274,-0.0008628227515146136,,0.1772325038909912,0.0002183102333219722,-0.0002805221010930836,,,,,,,,,,,,,,,,,,,,,,
39.594989,XKF1,,,,,,,,,,,,,,,,,,,,,,,0.005794781412124735,-0.003862476209178567,,,0.004939246090152931,,,,,,0.0043198112398386,-0.004939162677185552,,,,,,0.0033135674893856044,,0.003313567489385605,-0.0036628434900194407
39.594989,POS,,,,,,,,,,,,,,,,,,,,,,,0.011132000130089637,0.0,,,,,37.4274999,-122.1697,,,-0.011132000130089637,,,,0.004106184467673302,,,,,,
39.694949,ATT,,,3,,,0.0,0.0,2.13,0.0,0.0,,,,0.07,,,,0.08,,,,2.13,,,,,,,,,,,,,,,,,,,,,
39.694949,RATE,-0.03986358642578125,-0.03986358642578125,,0.0,0.0,,,,,,0.012915045954287052,-0.31630998849868774,-0.0007738196873106062,,0.014871870167553425,-0.36053937673568726,-0.0008807851118035614,,0.1742171049118042,0.00022321136202663183,-0.00027897139079868793,,,,,,,,,,,,,,,,,,,,,,
39.694949,XKF1,,,,,,,,,,,,,,,,,,,,,,,0.005552145194154293,-0.0036961340811103582,,,0.005915036947111359,,,,,,0.0041430555284023285,-0.005914587039965221,,,,,,0.003991854842752218,,0.003991854842752218,-0.004364946391433477
39.694949,POS,,,,,,,,,,,,,,,,,,,,,,,0.011132000130089637,0.0,,,,,37.4274999,-122.1697,,,-0.011132000130089637,,,,0.004102177917957306,,,,,,
39.757424,EV,,,,,,,,,,,,,,,,,,,,,,,,,,,,15,,,,AUTO_ARMED,,,,,,,,,,,
39.794909,ATT,,,3,,,0.0,0.0,2.13,0.0,0.0,,,,0.07,,,,0.08,,,,2.13,,,,,,,,,,,,,,,,,,,,,
39.794909,RATE,0.010776519775390625,0.010776519775390625,,0.0,0.0,,,,,,0.0093928137794137,-0.32033053040504456,-0.0007745220209471881,,0.01838827319443226,-0.3675977289676666,-0.0009037367417477071,,0.17615778744220734,0.00023140710254665464,-0.0002779618662316352,,,,,,,,,,,,,,,,,,,,,,
39.794909,XKF1,,,,,,,,,,,,,,,,,,,,,,,0.005189393208743336,-0.0034463575575500727,,,0.006722309964076441,,,,,,0.003879745025187731,-0.006720799994294059,,,,,,0.004569906275719404,,0.004569906275719404,-0.004930051509290934
39.794909,POS,,,,,,,,,,,,,,,,,,,,,,,0.011132000130089637,0.0,,,,,37.4274999,-122.1697,,,-0.011132000130089637,,,,0.004088606685400009,,,,,,
39.894869,ATT,,,3,,,0.0,0.0,2.13,0.0,0.0,,,,0.07,,,,0.08,,,,2.13,,,,,,,,,,,,,,,,,,,,,
39.894869,RATE,-0.014400482177734375,-0.014400482177734375,,0.0,0.0,,,,,,0.01362762600183487,-0.3256881833076477,-0.000789553567301482,,0.015479713678359985,-0.3736196458339691,-0.0009049051441252232,,0.1737397462129593,0.00023757762392051518,-0.0002770170394796878,,,,,,,,,,,,,,,,,,,,,,
39.894869,XKF1,,,,,,,,,,,,,,,,,,,,,,,0.004621160447411217,-0.0030577010475099087,,,0.007653108567211192,,,,,,0.003464908106252551,-0.007650979923921524,,,,,,0.005197783932089806,,0.005197783932089806,-0.005617215763777494
39.894869,POS,,,,,,,,,,,,,,,,,,,,,,,0.011132000130089637,0.0,,,,,37.4274999,-122.1697,,,-0.011132000130089637,,,,0.004084073007106781,,,,,,
39.994828999999996,ATT,,,3,,,0.0,0.0,2.12,0.0,0.0,,,,0.07,,,,0.08,,,,2.12,,,,,,,,,,,,,,,,,,,,,
39.994828999999996,RATE,-0.0179290771484375,-0.0179290771484375,,0.0,0.0,,,,,,0.015769165009260178,-0.33048906922340393,-0.0008198569412343204,,0.019122958183288574,-0.37995532155036926,-0.0009232803131453693,,0.17356917262077332,0.00024715063045732677,-0.00027204665821045637,,,,,,,,,,,,,,,,,,,,,,
39.994828999999996,XKF1,,,,,,,,,,,,,,,,,,,,,,,0.004079639901182503,-0.0026890067383646965,,,0.008286855852407765,,,,,,0.0030680131167173386,-0.008283688245996254,,,,,,0.005632308311760426,,0.005632308311760426,-0.006078575737774372
39.994828999999996,POS,,,,,,,,,,,,,,,,,,,,,,,0.011132000130089637,0.0,,,,,37.4274999,-122.1697,,,-0.011132000130089637,,,,0.0040755495429039,,,,,,
40.094789,ATT,,,3,,,0.0,0.0,2.12,0.0,0.0,,,,0.07,,,,0.08,,,,2.12,,,,,,,,,,,,,,,,,,,,,
40.094789,RATE,-0.006103515625,-0.006103515625,,0.0,0.0,,,,,,0.016122380271553993,-0.3409722149372101,-0.0008614874095655978,,0.017794298008084297,-0.39137759804725647,-0.0009769154712557793,,0.17343203723430634,0.0002549395721871406,-0.0002706365776248276,,,,,,,,,,,,,,,,,,,,,,
40.094789,XKF1,,,,,,,,,,,,,,,,,,,,,,,0.0034046257146521826,-0.0022314053494483232,,,0.009021093175485788,,,,,,0.0025714405346661806,-0.009016604735182673,,,,,,0.00612442335113883,,0.00612442335113883,-0.006623561028391123
40.094789,POS,,,,,,,,,,,,,,,,,,,,,,,0.011132000130089637,0.0,,,,,37.4274999,-122.1697,,,-0.011132000130089637,,,,0.004072895273566246,,,,,,
40.194749,ATT,,,3,,,0.0,0.0,2.12,0.0,0.0,,,,0.07,,,,0.08,,,,2.12,,,,,,,,,,,,,,,,,,,,,
40.194749,RATE,-0.00019073486328125,-0.00019073486328125,,0.0,0.0,,,,,,0.013489680364727974,-0.3464357554912567,-0.0008470449829474092,,0.01711280643939972,-0.3966677188873291,-0.0009810923365876079,,0.17095206677913666,0.0002632737741805613,-0.0002702297060750425,,,,,,,,,,,,,,,,,,,,,,
40.194749,XKF1,,,,,,,,,,,,,,,,,,,,,,,0.00284393408400863,-0.0018503504106774926,,,0.00940506862644566,,,,,,0.002159667667001486,-0.009396824315489324,,,,,,0.006412843242287636,,0.006412843242287636,-0.006879735272377729
40.194749,POS,,,,,,,,,,,,,,,,,,,,,,,0.011132000130089637,0.0,,,,,37.4274999,-122.1697,,,-0.011132000130089637,,,,0.0040663667023181915,,,,,,
40.294709,ATT,,,3,,,0.0,0.0,2.11,0.0,0.0,,,,0.07,,,,0.08,,,,2.11,,,,,,,,,,,,,,,,,,,,,
40.294709,RATE,0.05321502685546875,0.05321502685546875,,0.0,0.0,,,,,,0.012669081799685955,-0.3513741195201874,-0.0008601636509411037,,0.017326366156339645,-0.4022734761238098,-0.0009943649638444185,,0.1682261973619461,0.00026792980497702956,-0.0002691067347768694,,,,,,,,,,,,,,,,,,,,,,
40.294709,XKF1,,,,,,,,,,,,,,,,,,,,,,,0.0021820920623115037,-0.0013999061193317175,,,0.009903967075941307,,,,,,0.0016738544218242168,-0.009888247756974443,,,,,,0.006771604064851998,,0.006771604064851999,-0.007227305322885513
40.294709,POS,,,,,,,,,,,,,,,,,,,,,,,0.011132000130089637,0.0,,,,,37.4274999,-122.1697,,,-0.011132000130089637,,,,0.004067312926054001,,,,,,
40.394669,ATT,,,3,,,0.0,0.0,2.11,0.0,0.0,,,,0.07,,,,0.08,,,,2.11,,,,,,,,,,,,,,,,,,,,,
40.394669,RATE,0.08726119995117188,0.08726119995117188,,0.0,0.0,,,,,,0.013422052375972271,-0.3518141210079193,-0.0008656295831315219,,0.016240037977695465,-0.40188872814178467,-0.0009768817108124495,,0.17149119079113007,0.00027373695047572255,-0.0002679910103324801,,,,,,,,,,,,,,,,,,,,,,
40.394669,XKF1,,,,,,,,,,,,,,,,,,,,,,,0.001694640101401591,-0.001066886237822473,,,0.010034575219372595,,,,,,0.0013166468124836683,-0.01000544438856556,,,,,,0.006892710458487271,,0.006892710458487272,-0.00729268416762352
40.394669,POS,,,,,,,,,,,,,,,,,,,,,,,0.011132000130089637,0.0,,,,,37.4274999,-122.1697,,,-0.011132000130089637,,,,0.004059948027133942,,,,,,
40.494628999999996,ATT,,,3,,,0.0,0.0,2.11,0.0,0.0,,,,0.07,,,,0.09,,,,2.11,,,,,,,,,,,,,,,,,,,,,
40.494628999999996,RATE,-0.0492095947265625,-0.0492095947265625,,0.0,0.0,,,,,,0.014606996439397335,-0.3569883704185486,-0.0008668198133818805,,0.017106918618083,-0.40715062618255615,-0.000997080933302641,,0.16875740885734558,0.0002833921171259135,-0.0002691590634640306,,,,,,,,,,,,,,,,,,,,,,
40.494628999999996,XKF1,,,,,,,,,,,,,,,,,,,,,,,0.0011184243570797905,-0.0006714360788464546,,,0.010329646324500981,,,,,,0.0008944532601162791,-0.01026464629469358,,,,,,0.007087585981935262,,0.007087585981935263,-0.0075145005248487
40.494628999999996,POS,,,,,,,,,,,,,,,,,,,,,,,0.011132000130089637,0.0,,,,,37.4274999,-122.1697,,,-0.011132000130089637,,,,0.004057690501213074,,,,,,
40.594589,ATT,,,3,,,0.0,0.0,2.1,0.0,0.0,,,,0.08,,,,0.09,,,,2.1,,,,,,,,,,,,,,,,,,,,,
40.594589,RATE,-0.057220458984375,-0.057220458984375,,0.0,0.0,,,,,,0.013924876227974892,-0.36184030771255493,-0.0008738713222555816,,0.018380185589194298,-0.4125634431838989,-0.0010151980677619576,,0.16623744368553162,0.00029112817719578743,-0.0002656654396560043,,,,,,,,,,,,,,,,,,,,,,
40.594589,XKF1,,,,,,,,,,,,,,,,,,,,,,,0.0007495826278207564,-0.0004170356842223555,,,0.010188829419031159,,,,,,0.0006228606216609478,-0.0100437978424889,,,,,,0.007011345122009515,,0.007011345122009516,-0.007392785977572203
40.594589,POS,,,,,,,,,,,,,,,,,,,,,,,0.011132000130089637,0.0,,,,,37.4274999,-122.1697,,,-0.011132000130089637,,,,0.0040455833077430725,,,,,,
40.694548999999995,ATT,,,3,,,0.0,0.0,2.1,0.0,0.0,,,,0.08,,,,0.09,,,,2.1,,,,,,,,,,,,,,,,,,,,,
40.694548999999995,RATE,-0.003814697265625,-0.003814697265625,,0.0,0.0,,,,,,0.013323470950126648,-0.3713386654853821,-0.0009105583885684609,,0.016737880185246468,-0.42319491505622864,-0.001049678074195981,,0.17127400636672974,0.000297805032460019,-0.00026868670829571784,,,,,,,,,,,,,,,,,,,,,,
40.694548999999995,XKF1,,,,,,,,,,,,,,,,,,,,,,,0.0003065831193460577,-0.00010248659236822277,,,0.010269157894749277,,,,,,0.0002889458555728197,-0.009392444149289901,,,,,,0.0070527377538383,,0.007052737753838301,-0.007464214228093624
40.694548999999995,POS,,,,,,,,,,,,,,,,,,,,,,,0.011132000130089637,0.0,,,,,37.4274999,-122.1697,,,-0.011132000130089637,,,,0.004040643572807312,,,,,,
40.794509,ATT,,,3,,,0.0,0.0,2.1,0.0,0.0,,,,0.08,,,,0.09,,,,2.1,,,,,,,,,,,,,,,,,,,,,
40.794509,RATE,-0.051212310791015625,-0.051212310791015625,,0.0,0.0,,,,,,0.01718851551413536,-0.3766195774078369,-0.0009373648790642619,,0.016920702531933784,-0.427865207195282,-0.0010572709143161774,,0.16683676838874817,0.000308650778606534,-0.00026651390362530947,,,,,,,,,,,,,,,,,,,,,,
40.794509,XKF1,,,,,,,,,,,,,,,,,,,,,,,0.00012535049738993882,5.988130942569114e-05,,,0.009994253732826475,,,,,,0.00011012254981324077,-0.003080889800375664,,,,,,0.006880756933242082,,0.006880756933242083,-0.007248468231409788
40.794509,POS,,,,,,,,,,,,,,,,,,,,,,,0.011132000130089637,0.0,,,,,37.4274999,-122.1697,,,-0.011132000130089637,,,,0.0040308889001607895,,,,,,
40.894469,ATT,,,3,,,0.0,0.0,2.09,0.0,0.0,,,,0.08,,,,0.09,,,,2.09,,,,,,,,,,,,,,,,,,,,,
40.894469,RATE,-0.14524459838867188,-0.14524459838867188,,0.0,0.0,,,,,,0.01779347099363804,-0.38157492876052856,-0.0009441053261980414,,0.019191892817616463,-0.4327080547809601,-0.0010740335565060377,,0.16689826548099518,0.00031895763822831213,-0.00026229690411128104,,,,,,,,,,,,,,,,,,,,,,
40.894469,XKF1,,,,,,,,,,,,,,,,,,,,,,,0.00032227464863379554,0.0002876101352740079,,,0.009982694556304487,,,,,,-0.00014540068514179438,0.009364897433889949,,,,,,0.006797762122005223,,0.006797762122005224,-0.0073105827905237675
40.894469,POS,,,,,,,,,,,,,,,,,,,,,,,0.011132000130089637,0.0,,,,,37.4274999,-122.1697,,,-0.011132000130089637,,,,0.004025164991617203,,,,,,
40.994429,ATT,,,3,,,0.0,0.0,2.09,0.0,0.0,,,,0.08,,,,0.09,,,,2.09,,,,,,,,,,,,,,,,,,,,,
40.994429,RATE,-0.08449554443359375,-0.08449554443359375,,0.0,0.0,,,,,,0.013376064598560333,-0.3859250545501709,-0.0009414500673301518,,0.019085705280303955,-0.437975138425827,-0.0010723823215812445,,0.16510777175426483,0.0003274581104051322,-0.00026050108135677874,,,,,,,,,,,,,,,,,,,,,,
40.994429,XKF1,,,,,,,,,,,,,,,,,,,,,,,0.0004474768234420261,0.00037035433342680335,,,0.009607727397256486,,,,,,-0.00025114373420365155,0.009367865456136906,,,,,,0.006555941887199879,,0.006555941887199879,-0.007023393176496029
40.994429,POS,,,,,,,,,,,,,,,,,,,,,,,0.011132000130089637,0.0,,,,,37.4274999,-122.1697,,,-0.011132000130089637,,,,0.004012929275631905,,,,,,
41.094389,ATT,,,3,,,0.0,0.0,2.09,0.0,0.0,,,,0.08,,,,0.09,,,,2.09,,,,,,,,,,,,,,,,,,,,,
41.094389,RATE,-0.02956390380859375,-0.02956390380859375,,0.0,0.0,,,,,,0.01735108532011509,-0.3904860317707062,-0.0009601659839972854,,0.017690204083919525,-0.44295114278793335,-0.0010782257886603475,,0.16954147815704346,0.0003360338741913438,-0.0002595930709503591,,,,,,,,,,,,,,,,,,,,,,
41.094389,XKF1,,,,,,,,,,,,,,,,,,,,,,,0.0008467894530942882,0.0006384153966791928,,,0.009727290442342168,,,,,,-0.0005563076119869947,0.009671408299390382,,,,,,0.0066075026988983146,,0.006607502698898315,-0.0071387034840881824
41.094389,POS,,,,,,,,,,,,,,,,,,,,,,,0.011132000130089637,0.0,,,,,37.4274999,-122.1697,,,-0.011132000130089637,,,,0.004012817516922951,,,,,,
41.126875999999996,EV,,,,,,,,,,,,,,,,,,,,,,,,,,,,57,,,,MOTORS_INTERLOCK_ENABLED,,,,,,,,,,,
41.194348999999995,ATT,,,3,,,0.0,0.0,2.08,0.0,0.0,,,,0.08,,,,0.09,,,,2.08,,,,,,,,,,,,,,,,,,,,,
41.194348999999995,RATE,0.018024444580078125,0.018024444580078125,,0.0,0.0,,,,,,0.01630391925573349,-0.39965298771858215,-0.0009705297416076064,,0.020022636279463768,-0.4525613486766815,-0.0011140392161905766,,0.16174040734767914,0.00034486595541238785,-0.00026064427220262587,,,,,,,,,,,,,,,,,,,,,,
41.194348999999995,XKF1,,,,,,,,,,,,,,,,,,,,,,,0.000845649028496936,0.0006302485708147287,,,0.00926998187327804,,,,,,-0.0005638342117890716,0.009226405742647154,,,,,,0.0062777018174529076,,0.0062777018174529076,-0.006820778828114271
41.194348999999995,POS,,,,,,,,,,,,,,,,,,,,,,,0.011132000130089637,0.0,,,,,37.4274999,-122.1697,,,-0.011132000130089637,,,,0.004003981128334999,,,,,,
41.294309,ATT,,,3,,,0.0,0.0,2.08,0.0,0.0,,,,0.08,,,,0.1,,,,2.08,,,,,,,,,,,,,,,,,,,,,
41.294309,RATE,0.000476837158203125,0.000476837158203125,,0.0,0.0,,,,,,0.016628095880150795,-0.40454065799713135,-0.0010068268748000264,,0.01868363842368126,-0.4569527804851532,-0.0011273628333583474,,0.1657092273235321,0.0003552228445187211,-0.0002579774591140449,,,,,,,,,,,,,,,,,,,,,,
41.294309,XKF1,,,,,,,,,,,,,,,,,,,,,,,0.0011307388270925145,0.0008147836779244244,,,0.009277146383652686,,,,,,-0.0007840266916900873,0.009259065277110517,,,,,,0.0062704505398869514,,0.0062704505398869514,-0.006837170105427504
41.294309,POS,,,,,,,,,,,,,,,,,,,,,,,0.011132000130089637,0.0,,,,,37.4274999,-122.1697,,,-0.011132000130089637,,,,0.004010137170553207,,,,,,
41.394269,ATT,,,3,,,0.0,0.0,2.08,0.0,0.0,,,,0.09,,,,0.1,,,,2.08,,,,,,,,,,,,,,,,,,,,,
41.394269,RATE,-0.0003814697265625,-0.0003814697265625,,0.0,0.0,,,,,,0.018698828294873238,-0.4090801775455475,-0.0010300246067345142,,0.019270727410912514,-0.46155938506126404,-0.0011337273754179478,,0.16610948741436005,0.00036662822822108865,-0.00026070376043207943,,,,,,,,,,,,,,,,,,,,,,
41.394269,XKF1,,,,,,,,,,,,,,,,,,,,,,,0.001041156494286726,0.0007486697286367416,,,0.008768028907260889,,,,,,-0.0007235333323478699,0.008751504838491225,,,,,,0.00591908348724246,,0.00591908348724246,-0.006468599662184715
41.394269,POS,,,,,,,,,,,,,,,,,,,,,,,0.011132000130089637,0.0,,,,,37.4274999,-122.1697,,,-0.011132000130089637,,,,0.004002798348665237,,,,,,
41.494229,ATT,,,3,,,0.0,0.0,2.07,0.0,0.0,,,,0.09,,,,0.1,,,,2.07,,,,,,,,,,,,,,,,,,,,,
41.494229,RATE,0.032901763916015625,0.032901763916015625,,0.0,0.0,,,,,,0.01855831779539585,-0.41395020484924316,-0.0010141999227926135,,0.01749349758028984,-0.46578261256217957,-0.0011375340400263667,,0.1656806766986847,0.0003755207872018218,-0.00025895208818838,,,,,,,,,,,,,,,,,,,,,,
41.494229,XKF1,,,,,,,,,,,,,,,,,,,,,,,0.0012476565297203472,0.0008824570686556399,,,0.008754912422230645,,,,,,-0.0008819956565275788,0.00874669057325105,,,,,,0.005918300710618496,,0.005918300710618496,-0.006451527588069439
41.494229,POS,,,,,,,,,,,,,,,,,,,,,,,0.011132000130089637,0.0,,,,,37.4274999,-122.1697,,,-0.011132000130089637,,,,0.004004865884780884,,,,,,
41.594189,ATT,,,3,,,0.0,0.0,2.07,0.0,0.0,,,,0.09,,,,0.1,,,,2.07,,,,,,,,,,,,,,,,,,,,,
41.594189,RATE,-0.012683868408203125,-0.012683868408203125,,0.0,0.0,,,,,,0.011531936004757881,-0.42239686846733093,-0.0010140310041606426,,0.017870932817459106,-0.4751194417476654,-0.0011740424670279026,,0.1666196584701538,0.0003827098698820919,-0.0002580452128313482,,,,,,,,,,,,,,,,,,,,,,
41.594189,XKF1,,,,,,,,,,,,,,,,,,,,,,,0.0011110688009550508,0.0007866699015721679,,,0.00824611050681386,,,,,,-0.0007846173248253763,0.00823740480001007,,,,,,0.0055648162961006165,,0.0055648162961006165,-0.006085323169827461
41.594189,POS,,,,,,,,,,,,,,,,,,,,,,,0.011132000130089637,0.0,,,,,37.4274999,-122.1697,,,-0.011132000130089637,,,,0.003991110250353813,,,,,,
41.694981999999996,ATT,,,3,,,0.0,0.0,2.07,0.0,0.0,,,,0.09,,,,0.1,,,,2.07,,,,,,,,,,,,,,,,,,,,,
41.694981999999996,RATE,-0.08630752563476562,-0.08630752563476562,,0.03125004097819328,0.5001869201660156,,,,,,0.015108805149793625,-0.4270338714122772,-0.0010494348825886846,,0.021019386127591133,-0.47929561138153076,-0.0011910933535546064,,0.16247126460075378,0.011486790142953396,-0.00025240262039005756,,,,,,,,,,,,,,,,,,,,,,
41.694981999999996,XKF1,,,,,,,,,,,,,,,,,,,,,,,0.0011316404700080012,0.0007984302937984467,,,0.008038356083229174,,,,,,-0.0008019471424631774,0.008032198637535985,,,,,,0.005444205366075039,,0.005444205366075039,-0.005914033856242895
41.694981999999996,POS,,,,,,,,,,,,,,,,,,,,,,,0.011132000130089637,0.0,,,,,37.4274999,-122.1697,,,-0.011132000130089637,,,,0.003982830792665482,,,,,,
41.794942,ATT,,,3,,,0.0,0.0,2.07,0.0,0.0,,,,0.09,,,,0.1,,,,2.07,,,,,,,,,,,,,,,,,,,,,
41.794942,RATE,-0.08859634399414062,-0.08859634399414062,,0.0812501609325409,0.5002012848854065,,,,,,0.012246130965650082,-0.4314880967140198,-0.0010404580971226096,,0.022062430158257484,-0.48355454206466675,-0.0012020415160804987,,0.1626543253660202,0.023616816848516464,-0.00023427077394444495,,,,,,,,,,,,,,,,,,,,,,
41.794942,XKF1,,,,,,,,,,,,,,,,,,,,,,,0.0010282130623420064,0.0007274507079273462,,,0.007700841995769667,,,,,,-0.0007266619359143078,0.007694075698406379,,,,,,0.005215389654040337,,0.005215389654040337,-0.005665922537446022
41.794942,POS,,,,,,,,,,,,,,,,,,,,,,,0.011132000130089637,0.0,,,,,37.4274999,-122.1697,,,-0.011132000130089637,,,,0.003972554579377174,,,,,,
41.894901999999995,ATT,,,3,,,0.0,0.0,2.07,0.0,0.0,,,,0.09,,,,0.1,,,,2.06,,,,,,,,,,,,,,,,,,,,,
41.894901999999995,RATE,-0.0152587890625,-0.0152587890625,,0.1312502920627594,0.5002028942108154,,,,,,0.017303241416811943,-0.43964964151382446,-0.0011002053506672382,,0.017257489264011383,-0.49250829219818115,-0.0012060110457241535,,0.15997855365276337,0.03640371561050415,-0.0002137566771125421,,,,,,,,,,,,,,,,,,,,,,
41.894901999999995,XKF1,,,,,,,,,,,,,,,,,,,,,,,0.0010834818434812192,0.0007635884685441852,,,0.007639813395669976,,,,,,-0.0007686777971684933,0.007633043343271377,,,,,,0.005151291843503714,,0.005151291843503714,-0.005641891621053219
41.894901999999995,POS,,,,,,,,,,,,,,,,,,,,,,,0.011132000130089637,0.0,,,,,37.4274999,-122.1697,,,-0.011132000130089637,,,,0.003967145457863808,,,,,,
41.994862,ATT,,,3,,,0.0,0.0,2.07,0.0,0.0,,,,0.09,,,,0.11,,,,2.06,,,,,,,,,,,,,,,,,,,,,
41.994862,RATE,0.006389617919921875,0.006389617919921875,,0.1812504231929779,0.5002013444900513,,,,,,0.014068195596337318,-0.4442689120769501,-0.0010764310136437416,,0.016103671863675117,-0.49639296531677246,-0.0012092175893485546,,0.15889276564121246,0.047672320157289505,-0.0001950317673617974,,,,,,,,,,,,,,,,,,,,,,
41.994862,XKF1,,,,,,,,,,,,,,,,,,,,,,,0.0010257269285452114,0.0007230389164760709,,,0.007468046930012838,,,,,,-0.0007275509997271001,0.007463798549534175,,,,,,0.0050826119258999825,,0.0050826119258999825,-0.005471634212881327
41.994862,POS,,,,,,,,,,,,,,,,,,,,,,,0.011132000130089637,0.0,,,,,37.4274999,-122.1697,,,-0.011132000130089637,,,,0.003958515822887421,,,,,,
42.094822,ATT,,,3,,,0.0,0.0,2.07,0.0,0.0,,,,0.1,,,,0.11,,,,2.06,,,,,,,,,,,,,,,,,,,,,
42.094822,RATE,-0.09489059448242188,-0.09489059448242188,,0.2312505692243576,0.500201404094696,,,,,,0.013389031402766705,-0.4520750641822815,-0.001095550716854632,,0.020195096731185913,-0.5052310228347778,-0.001241579302586615,,0.16091817617416382,0.05967366322875023,-0.00017508477321825922,,,,,,,,,,,,,,,,,,,,,,
42.094822,XKF1,,,,,,,,,,,,,,,,,,,,,,,0.001118441921949649,0.0007874147850088775,,,0.00751253206503472,,,,,,-0.0007942860247567296,0.007508760224407708,,,,,,0.00511733815073967,,0.00511733815073967,-0.005500089842826128
42.094822,POS,,,,,,,,,,,,,,,,,,,,,,,0.011132000130089637,0.0,,,,,37.4274999,-122.1697,,,-0.011132000130089637,,,,0.003950921818614006,,,,,,
42.194782,ATT,,,3,,,0.0,0.0,2.07,0.0,0.0,,,,0.1,,,,0.11,,,,2.06,,,,,,,,,,,,,,,,,,,,,
42.194782,RATE,-0.01163482666015625,-0.01163482666015625,,0.2812507450580597,0.5002008080482483,,,,,,0.016955161467194557,-0.4561939835548401,-0.0011284865904599428,,0.020283019170165062,-0.5093545913696289,-0.0012540684547275305,,0.15684188902378082,0.07218974828720093,-0.00015223692753352225,,,,,,,,,,,,,,,,,,,,,,
42.194782,XKF1,,,,,,,,,,,,,,,,,,,,,,,0.0010899360875561844,0.0007697175024077296,,,0.007415354674503673,,,,,,-0.0007716836407780647,0.007410610469464456,,,,,,0.005045632366091013,,0.005045632366091013,-0.0054340665228664875
42.194782,POS,,,,,,,,,,,,,,,,,,,,,,,0.011132000130089637,0.0,,,,,37.4274999,-122.1697,,,-0.011132000130089637,,,,0.003937743604183197,,,,,,
42.294742,ATT,,,3,,,0.0,0.0,2.07,0.0,0.0,,,,0.1,,,,0.11,,,,2.05,,,,,,,,,,,,,,,,,,,,,
42.294742,RATE,-0.01068115234375,-0.01068115234375,,0.3312509059906006,0.5002041459083557,,,,,,0.0145342405885458,-0.4638683497905731,-0.0011352989822626114,,0.0200082715600729,-0.517909586429596,-0.0012826514430344105,,0.1581059992313385,0.08377909660339355,-0.00013396663416642696,,,,,,,,,,,,,,,,,,,,,,
42.294742,XKF1,,,,,,,,,,,,,,,,,,,,,,,0.0012147633211301463,0.0008541346760466695,,,0.007497160503856776,,,,,,-0.0008637730497866869,0.007493078461587766,,,,,,0.005092702805995941,,0.005092702805995941,-0.005501980893313885
42.294742,POS,,,,,,,,,,,,,,,,,,,,,,,0.011132000130089637,0.0,,,,,37.4274999,-122.1697,,,-0.011132000130089637,,,,0.003926511853933334,,,,,,
42.357217,EV,,,,,,,,,,,,,,,,,,,,,,,,,,,,28,,,,NOT_LANDED,,,,,,,,,,,
42.394701999999995,ATT,,,3,,,-0.01,-0.01,2.07,0.0,0.0,,,,0.1,,,,0.11,,,,2.05,,,,,,,,,,,,,,,,,,,,,
42.394701999999995,RATE,67.26446533203125,71.71046447753906,,0.3628864586353302,0.029406312853097916,,,,,,0.016938338056206703,-0.8784512281417847,-0.0024048422928899527,,0.018833080306649208,-0.9300208687782288,-0.00253489357419312,,0.1586298942565918,0.09500613808631897,-0.00011556946265045553,,,,,,,,,,,,,,,,,,,,,,
42.394701999999995,XKF1,,,,,,,,,,,,,,,,,,,,,,,0.0012165007474797265,0.0008537722751498222,,,0.007559938507733948,,,,,,-0.000866571965161711,0.007555911995841117,,,,,,0.005127197131514549,,0.005127197131514549,-0.0055555845610797405
42.394701999999995,POS,,,,,,,,,,,,,,,,,,,,,,,0.011132000130089637,0.0,,,,,37.4274999,-122.1697,,,-0.011132000130089637,,,,0.005311287939548492,,,,,,
42.494662,ATT,,,3,,,-0.04,-0.04,2.07,0.0,0.0,,,,0.1,,,,0.11,,,,2.05,,,,,,,,,,,,,,,,,,,,,
42.494662,RATE,60.59122085571289,110.34733581542969,,0.3777177333831787,0.178599014878273,,,,,,0.01719389669597149,-0.9070960879325867,-0.0024378630332648754,,0.021926265209913254,-0.9507022500038147,-0.002577797509729862,,0.15607744455337524,0.10612089186906815,-9.754173515830189e-05,,,,,,,,,,,,,,,,,,,,,,
42.494662,XKF1,,,,,,,,,,,,,,,,,,,,,,,0.0013823191419765392,0.0009635372553020716,,,0.007848714118284158,,,,,,-0.000991162029094994,0.007845427422325638,,,,,,0.005305759143084288,,0.005305759143084288,-0.005783704109489918
42.494662,POS,,,,,,,,,,,,,,,,,,,,,,,0.011132000130089637,0.0,,,,,37.4274999,-122.1697,,,-0.011132000130089637,,,,0.012639360502362251,,,,,,
42.594622,ATT,,,3,,,-0.05,-0.05,2.07,0.0,0.0,,,,0.1,,,,0.11,,,,2.05,,,,,,,,,,,,,,,,,,,,,
42.594622,RATE,55.05847930908203,132.15362548828125,,0.39486563205718994,0.1865159273147583,,,,,,0.017557382583618164,-0.741705060005188,-0.0021563046611845493,,0.01733509637415409,-0.7891287207603455,-0.002296270104125142,,0.15382160246372223,0.11752372980117798,-7.891304267104715e-05,,,,,,,,,,,,,,,,,,,,,,
42.594622,XKF1,,,,,,,,,,,,,,,,,,,,,,,0.001428044843586011,0.0009913714602589607,,,0.007923582053472987,,,,,,-0.0010278592817485332,0.007921615951313197,,,,,,0.005372270941734314,,0.005372270941734314,-0.005824247375130653
42.594622,POS,,,,,,,,,,,,,,,,,,,,,,,0.011132000130089637,0.0,,,,,37.4274999,-122.1697,,,-0.011132000130089637,,,,0.026271404698491096,,,,,,
42.694582,ATT,,,3,,,-0.06,-0.06,2.07,0.0,0.0,,,,0.1,,,,0.12,,,,2.04,,,,,,,,,,,,,,,,,,,,,
42.694582,RATE,54.06951904296875,158.6126708984375,,0.415303498506546,0.21460452675819397,,,,,,0.016819864511489868,-0.8718101382255554,-0.0027991507668048143,,0.021907618269324303,-0.9212153553962708,-0.0029554131906479597,,0.15672346949577332,0.12876290082931519,-6.053831020835787e-05,,,,,,,,,,,,,,,,,,,,,,
42.694582,XKF1,,,,,,,,,,,,,,,,,,,,,,,0.0016281369622943521,0.001126049435697496,,,0.008233501907097616,,,,,,-0.0011759432964026928,0.00823205511894567,,,,,,0.005581963341683149,,0.005581963341683149,-0.006052457261830568
42.694582,POS,,,,,,,,,,,,,,,,,,,,,,,0.011132000130089637,0.0,,,,,37.4274999,-122.1697,,,-0.011132000130089637,,,,0.04517652466893196,,,,,,
42.794542,ATT,,,3,,,-0.06,-0.06,2.07,0.0,0.0,,,,0.11,,,,0.12,,,,2.04,,,,,,,,,,,,,,,,,,,,,
42.794542,RATE,57.06892013549805,187.37843322753906,,0.4380408525466919,0.23519541323184967,,,,,,0.016928616911172867,-0.7878934144973755,-0.0027835352811962366,,0.01832106150686741,-0.8382384777069092,-0.002960488200187683,,0.15485575795173645,0.14011578261852264,-4.3426818592706695e-05,,,,,,,,,,,,,,,,,,,,,,
42.794542,XKF1,,,,,,,,,,,,,,,,,,,,,,,0.0016985250650053717,0.0011703880736604333,,,0.008417755314057094,,,,,,-0.0012309261364862323,0.008415902589589812,,,,,,0.005671089980751276,,0.005671089980751276,-0.0062207188457250595
42.794542,POS,,,,,,,,,,,,,,,,,,,,,,,0.011132000130089637,0.0,,,,,37.4274999,-122.1697,,,-0.011132000130089637,,,,0.06925637274980545,,,,,,
42.894501999999996,ATT,,,3,,,-0.06,-0.06,2.07,0.0,0.0,,,,0.11,,,,0.12,,,,2.04,,,,,,,,,,,,,,,,,,,,,
42.894501999999996,RATE,61.42139434814453,216.69485473632812,,0.4628986120223999,0.2594575881958008,,,,,,0.016004685312509537,-0.8089122176170349,-0.0030047576874494553,,0.022001143544912338,-0.8558494448661804,-0.0032013519667088985,,0.1546773761510849,0.1501206010580063,-2.686956213437952e-05,,,,,,,,,,,,,,,,,,,,,,
42.894501999999996,XKF1,,,,,,,,,,,,,,,,,,,,,,,0.0019308251086716413,0.0013220333494246006,,,0.00873349175762689,,,,,,-0.0014072360936552286,0.008732218609748594,,,,,,0.005870256572961807,,0.005870256572961807,-0.006466371938586235
42.894501999999996,POS,,,,,,,,,,,,,,,,,,,,,,,0.011132000130089637,0.0,,,,,37.4274999,-122.1697,,,-0.011132000130089637,,,,0.0991402342915535,,,,,,
42.994462,ATT,,,3,,,-0.06,-0.06,2.07,0.0,0.0,,,,0.08,,,,0.09,,,,2.04,,,,,,,,,,,,,,,,,,,,,
42.994462,RATE,338.224609375,232.9765625,,0.4772583246231079,0.2872178852558136,,,,,,-0.9151679873466492,-0.6975834965705872,0.00023821619106456637,,-0.9314810037612915,-1.252276062965393,-0.0013833933044224977,,0.1542283594608307,0.158765971660614,-9.297717951994855e-06,,,,,,,,,,,,,,,,,,,,,,
42.994462,XKF1,,,,,,,,,,,,,,,,,,,,,,,0.0020340665255595323,0.0013997352216392756,,,0.01077141182489082,,,,,,-0.0014758617617189884,0.0106938164306903,,,,,,0.008295319974422455,,0.008295319974422455,-0.006871024612337351
42.994462,POS,,,,,,,,,,,,,,,,,,,,,,,0.011132000130089637,0.0,,,,,37.4274999,-122.1697,,,-0.011132000130089637,,,,0.13631749153137207,,,,,,
43.094422,ATT,,,3,,,0.03,-0.06,2.07,0.0,0.0,,,,0.08,,,,0.0,,,,2.03,,,,,,,,,,,,,,,,,,,,,
43.094422,RATE,359.20819091796875,97.08711242675781,,0.338484525680542,0.8451620936393738,,,,,,0.4203047454357147,0.5386765003204346,-0.0016319083515554667,,-0.28402283787727356,0.3087345361709595,-0.000641323218587786,,0.15323251485824585,0.1690870225429535,5.6220710575871635e-06,,,,,,,,,,,,,,,,,,,,,,
43.094422,XKF1,,,,,,,,,,,,,,,,,,,,,,,0.0018491229806711174,0.0015740622766315937,,,0.004676757960370822,,,,,,-0.0009703523828648031,0.0035427820691119358,,,,,,0.00461788522079587,,0.00461788522079587,0.000739730428904295
43.094422,POS,,,,,,,,,,,,,,,,,,,,,,,0.011132000130089637,0.0,,,,,37.4274999,-122.1697,,,-0.011132000130089637,,,,0.2088201493024826,,,,,,
43.194382,ATT,,,3,,,0.02,-0.07,2.07,0.0,0.0,,,,0.04,,,,-0.06,,,,2.03,,,,,,,,,,,,,,,,,,,,,
43.194382,RATE,170.2548065185547,-23.116104125976562,,0.2850100100040436,0.43272730708122253,,,,,,-0.9882818460464478,-1.1620912551879883,-0.0012719889637082815,,-0.929191529750824,-0.46569904685020447,-0.00022064120275899768,,0.14723646640777588,0.18007953464984894,2.6551793780527078e-05,,,,,,,,,,,,,,,,,,,,,,
43.194382,XKF1,,,,,,,,,,,,,,,,,,,,,,,0.001677498452667822,0.0016292148502543569,,,0.008742702016236583,,,,,,-0.00039957481203600764,0.008229410231779661,,,,,,0.007289492525160313,,0.007289492525160313,-0.004826814401894808
43.194382,POS,,,,,,,,,,,,,,,,,,,,,,,0.011132000130089637,0.0,,,,,37.4274999,-122.1697,,,-0.011132000130089637,,,,0.3224765658378601,,,,,,
43.294342,ATT,,,3,,,0.02,-0.1,2.07,0.0,0.0,,,,-0.02,,,,-0.13,,,,2.03,,,,,,,,,,,,,,,,,,,,,
43.294342,RATE,-95.97540283203125,-50.89007568359375,,0.2974476218223572,0.4631893038749695,,,,,,0.006208620499819517,0.9366074204444885,0.0014720920007675886,,-0.8786734938621521,-0.8602813482284546,-0.0006223121890798211,,0.15405480563640594,0.19298547506332397,4.524141695583239e-05,,,,,,,,,,,,,,,,,,,,,,
43.294342,XKF1,,,,,,,,,,,,,,,,,,,,,,,0.002059031068551455,0.0020565285813063383,,,0.011232637702891379,,,,,,-0.00010148465662496164,0.01117067419099053,,,,,,0.011215168982744217,,0.011215168982744217,0.0006262063980102539
43.294342,POS,,,,,,,,,,,,,,,,,,,,,,,0.011132000130089637,0.0,,,,,37.4274999,-122.1697,,,-0.011132000130089637,,,,0.44920194149017334,,,,,,
43.394301999999996,ATT,,,3,,,0.05,-0.18,2.07,0.0,0.0,,,,0.0,,,,-0.23,,,,2.03,,,,,,,,,,,,,,,,,,,,,
43.394301999999996,RATE,-82.05099487304688,22.78478240966797,,0.36587363481521606,0.46592387557029724,,,,,,-0.17972008883953094,0.10516192764043808,-2.6148947654291987e-05,,-1.1555562019348145,-0.7234703898429871,-4.497317422647029e-05,,0.15736959874629974,0.20206612348556519,5.911299376748502e-05,,,,,,,,,,,,,,,,,,,,,,
43.394301999999996,XKF1,,,,,,,,,,,,,,,,,,,,,,,0.002725339175213456,0.002617965452373028,,,0.013670180279256034,,,,,,0.0007574500050395727,0.01315203116311713,,,,,,0.013669978827238083,,0.013669978827238083,7.421408372465521e-05
43.394301999999996,POS,,,,,,,,,,,,,,,,,,,,,,,0.011132000130089637,0.0,,,,,37.4274999,-122.1697,,,-0.011132000130089637,,,,0.559908390045166,,,,,,
43.494262,ATT,,,3,,,0.09,-0.15,2.07,0.0,0.0,,,,0.02,,,,-0.23,,,,2.03,,,,,,,,,,,,,,,,,,,,,
43.494262,RATE,35.1252555847168,112.77234649658203,,0.4286194443702698,0.5396755933761597,,,,,,0.5662699341773987,0.8302857875823975,-0.00043641406227834523,,0.6447014808654785,1.0793315172195435,-0.00044971733586862683,,0.16429503262043,0.20551754534244537,6.095604840083979e-05,,,,,,,,,,,,,,,,,,,,,,
43.494262,XKF1,,,,,,,,,,,,,,,,,,,,,,,0.0035029485476305152,0.0031710974872112274,,,0.008632892057438972,,,,,,0.0014882168034091592,0.00855496919941268,,,,,,0.008236188441514969,,0.008236188441514969,0.00258689490146935
43.494262,POS,,,,,,,,,,,,,,,,,,,,,,,0.011132000130089637,0.0,,,,,37.4274999,-122.1697,,,-0.011132000130089637,,,,0.6651443243026733,,,,,,
43.594221999999995,ATT,,,3,,,0.11,-0.07,2.07,0.0,0.0,,,,0.04,,,,-0.15,,,,2.02,,,,,,,,,,,,,,,,,,,,,
43.594221999999995,RATE,144.45181274414062,143.88121032714844,,0.4125491976737976,0.3185039162635803,,,,,,0.09073998779058456,0.4964814782142639,0.0005402474198490381,,0.999025285243988,0.9783996343612671,-0.0010433485731482506,,0.16425016522407532,0.20819401741027832,6.178362673381343e-05,,,,,,,,,,,,,,,,,,,,,,
43.594221999999995,XKF1,,,,,,,,,,,,,,,,,,,,,,,0.003642942087285662,0.002789881778880954,,,0.005669219902649731,,,,,,0.002342559862881899,0.005655280982219226,,,,,,0.004586478695273399,,0.004586478695273399,0.003332306630909443
43.594221999999995,POS,,,,,,,,,,,,,,,,,,,,,,,0.011132000130089637,0.0,,,,,37.4274999,-122.1697,,,-0.011132000130089637,,,,0.7729554176330566,,,,,,
43.694182,ATT,,,3,,,0.09,0.0,2.07,0.0,0.0,,,,0.04,,,,-0.08,,,,2.02,,,,,,,,,,,,,,,,,,,,,
43.694182,RATE,-1.1693954467773438,134.9534454345703,,0.4001285135746002,0.3366122245788574,,,,,,-0.3799391984939575,-0.06104916334152222,7.330607331823558e-05,,0.33064544200897217,0.04396475479006767,2.9031536541879177e-05,,0.17096026241779327,0.20939674973487854,5.778689228463918e-05,,,,,,,,,,,,,,,,,,,,,,
43.694182,XKF1,,,,,,,,,,,,,,,,,,,,,,,0.0036909541630226316,0.002351475181058049,,,0.0065527378530972884,,,,,,0.002844944130629301,0.004774692768257693,,,,,,0.006501087918877602,,0.006501087918877602,0.0008211146341636777
43.694182,POS,,,,,,,,,,,,,,,,,,,,,,,0.011132000130089637,0.0,,,,,37.4274999,-122.1697,,,-0.011132000130089637,,,,0.8956502079963684,,,,,,
43.794975,ATT,,,3,,,0.03,0.01,2.07,0.0,0.0,,,,-0.01,,,,-0.06,,,,2.03,,,,,,,,,,,,,,,,,,,,,
43.794975,RATE,119.13328552246094,125.58148193359375,,0.38850659132003784,0.19704531133174896,,,,,,-0.6626715660095215,-0.4215185046195984,-0.00018105184426531196,,0.8199493288993835,1.6879576444625854,0.0016178460791707039,,0.18116168677806854,0.20476554334163666,4.837515371036716e-05,,,,,,,,,,,,,,,,,,,,,,
43.794975,XKF1,,,,,,,,,,,,,,,,,,,,,,,0.003567680513566206,0.0016503232764080167,,,0.0052159524856606595,,,,,,0.0031630329322069883,-0.004990329328508959,,,,,,-0.003653781488537789,,-0.0036537814885377884,-0.003722370369359851
43.794975,POS,,,,,,,,,,,,,,,,,,,,,,,0.011132000130089637,0.0,,,,,37.4274999,-122.1697,,,-0.011132000130089637,,,,1.0293383598327637,,,,,,
43.894935,ATT,,,3,,,0.05,0.1,2.07,0.0,0.0,,,,-0.01,,,,0.04,,,,2.03,,,,,,,,,,,,,,,,,,,,,
43.894935,RATE,255.63211059570312,141.9021453857422,,0.4198934733867645,0.16635145246982574,,,,,,0.7419025897979736,1.2937840223312378,0.0002527407486923039,,0.7224223613739014,0.8770669102668762,0.0005466974107548594,,0.18815214931964874,0.19919046759605408,2.7179994503967464e-05,,,,,,,,,,,,,,,,,,,,,,
43.894935,XKF1,,,,,,,,,,,,,,,,,,,,,,,0.0034577073726694925,0.0005878543015569448,,,0.005965989397226433,,,,,,0.003407369600608945,-0.0004944595362070811,,,,,,-0.005942973308265209,,-0.005942973308265209,0.0005235434509813786
43.894935,POS,,,,,,,,,,,,,,,,,,,,,,,0.011132000130089637,0.0,,,,,37.4274999,-122.1697,,,-0.011132000130089637,,,,1.1726433038711548,,,,,,
43.994895,ATT,,,3,,,0.06,0.12,2.07,0.0,0.0,,,,0.01,,,,0.08,,,,2.03,,,,,,,,,,,,,,,,,,,,,
43.994895,RATE,69.10523986816406,121.68987274169922,,0.39784812927246094,0.36567479372024536,,,,,,-0.3339795470237732,0.3141152858734131,0.0016394583508372307,,-0.15284544229507446,0.08015567064285278,0.0003449240466579795,,0.1839532107114792,0.1901220977306366,1.0912216566794086e-05,,,,,,,,,,,,,,,,,,,,,,
43.994895,XKF1,,,,,,,,,,,,,,,,,,,,,,,0.004007986208719201,-0.0007048940751701593,,,0.0058410311486818385,,,,,,0.003945513628423214,0.0003062753877569324,,,,,,-0.0057959421537816525,,-0.0057959421537816525,-0.0007243613945320249
43.994895,POS,,,,,,,,,,,,,,,,,,,,,,,0.011132000130089637,0.0,,,,,37.4274999,-122.1697,,,-0.011132000130089637,,,,1.3287285566329956,,,,,,
44.094854999999995,ATT,,,3,,,0.16,0.1,2.07,0.0,0.0,,,,0.1,,,,0.06,,,,2.03,,,,,,,,,,,,,,,,,,,,,
44.094854999999995,RATE,131.36053466796875,144.05438232421875,,0.42169874906539917,0.24481520056724548,,,,,,1.303078532218933,1.1815714836120605,-0.0009601304773241282,,-0.08370094746351242,-0.08077467232942581,-0.00020669371588155627,,0.1767890453338623,0.18536296486854553,1.2090553354937583e-05,,,,,,,,,,,,,,,,,,,,,,
44.094854999999995,XKF1,,,,,,,,,,,,,,,,,,,,,,,0.005023458325463198,-0.0016229571774601936,,,0.005589326837761578,,,,,,0.004754066001623869,0.004939838854843241,,,,,,0.0008788857958279553,,0.000878885795827955,0.005519794765859842
44.094854999999995,POS,,,,,,,,,,,,,,,,,,,,,,,0.011132000130089637,0.0,,,,,37.4274999,-122.1697,,,-0.011132000130089637,,,,1.4927672147750854,,,,,,
44.194815,ATT,,,3,,,0.21,0.0,2.07,0.0,0.0,,,,0.15,,,,-0.02,,,,2.03,,,,,,,,,,,,,,,,,,,,,
44.194815,RATE,17.941570281982422,137.74977111816406,,0.41504624485969543,0.3205941617488861,,,,,,0.46048933267593384,1.588331937789917,0.001426814473234117,,-0.9285266399383545,-0.06673150509595871,0.0032652467489242554,,0.1809384524822235,0.1813337653875351,1.0034524166258052e-05,,,,,,,,,,,,,,,,,,,,,,
44.194815,XKF1,,,,,,,,,,,,,,,,,,,,,,,0.0061881586871902,-0.0021168659441173077,,,0.008958726738245203,,,,,,0.005814824718981981,0.006509606747968751,,,,,,0.003556821728125215,,0.0035568217281252146,0.008222396485507488
44.194815,POS,,,,,,,,,,,,,,,,,,,,,,,0.011132000130089637,0.0,,,,,37.4274999,-122.1697,,,-0.011132000130089637,,,,1.6664119958877563,,,,,,
44.294775,ATT,,,3,,,0.24,-0.08,2.07,0.0,0.0,,,,0.22,,,,-0.11,,,,2.03,,,,,,,,,,,,,,,,,,,,,
44.294775,RATE,133.0646514892578,130.6094970703125,,0.4086713492870331,0.11254271119832993,,,,,,-0.1932847946882248,-0.778992772102356,-0.0018759241793304682,,-0.9499627947807312,-0.17619621753692627,0.0018000784330070019,,0.17792032659053802,0.17442062497138977,-1.5700388189543446e-07,,,,,,,,,,,,,,,,,,,,,,
44.294775,XKF1,,,,,,,,,,,,,,,,,,,,,,,0.007010437207634272,-0.0019260912667959929,,,0.009790210329062389,,,,,,0.006740652956068516,-1.4494471427347593e-06,,,,,,0.00941384956240654,,0.00941384956240654,0.002688429784029722
44.294775,POS,,,,,,,,,,,,,,,,,,,,,,,0.011132000130089637,0.0,,,,,37.4274999,-122.1697,,,-0.011132000130089637,,,,1.852100133895874,,,,,,
44.394735,ATT,,,3,,,0.17,-0.1,2.07,0.0,0.0,,,,0.15,,,,-0.15,,,,2.03,,,,,,,,,,,,,,,,,,,,,
44.394735,RATE,82.99903869628906,126.86141967773438,,0.42034512758255005,0.45076480507850647,,,,,,-0.7313156723976135,-0.41966482996940613,0.0004978587385267019,,0.26677754521369934,0.946593165397644,0.0006516464636661112,,0.17495782673358917,0.16714265942573547,-1.3114086868881714e-05,,,,,,,,,,,,,,,,,,,,,,
44.394735,XKF1,,,,,,,,,,,,,,,,,,,,,,,0.007202085242137923,-0.001962454756721854,,,0.0072527082582014716,,,,,,0.006929560098797083,-0.0014256670030509586,,,,,,0.007230591494590044,,0.007230591494590044,0.0005659714806824923
44.394735,POS,,,,,,,,,,,,,,,,,,,,,,,0.011132000130089637,0.0,,,,,37.4274999,-122.1697,,,-0.011132000130089637,,,,2.051534652709961,,,,,,
44.494695,ATT,,,3,,,0.12,-0.03,2.07,0.0,0.0,,,,0.09,,,,-0.09,,,,2.03,,,,,,,,,,,,,,,,,,,,,
44.494695,RATE,38.100242614746094,114.65928649902344,,0.40748944878578186,0.18098559975624084,,,,,,-0.14695608615875244,-0.34696123003959656,-0.0007489261915907264,,0.5700201988220215,0.723140299320221,0.0009705748525448143,,0.16672511398792267,0.16568447649478912,-5.322856850398239e-06,,,,,,,,,,,,,,,,,,,,,,
44.494695,XKF1,,,,,,,,,,,,,,,,,,,,,,,0.007124178564987793,-0.0021344206761568785,,,0.008649967425366846,,,,,,0.006796923466026783,-0.0073635553356317055,,,,,,0.006536369677633047,,0.006536369677633047,-0.005665492732077837
44.494695,POS,,,,,,,,,,,,,,,,,,,,,,,0.011132000130089637,0.0,,,,,37.4274999,-122.1697,,,-0.011132000130089637,,,,2.263267755508423,,,,,,
44.594654999999996,ATT,,,3,,,0.0,0.01,2.07,0.0,0.0,,,,-0.01,,,,-0.02,,,,2.03,,,,,,,,,,,,,,,,,,,,,
44.594654999999996,RATE,73.95219421386719,98.24844360351562,,0.39352890849113464,0.14966334402561188,,,,,,-0.9403563141822815,-0.23692411184310913,0.0008703479543328285,,1.020550012588501,1.2673484086990356,0.0003725358983501792,,0.1623764932155609,0.1665235012769699,1.9879453247995116e-06,,,,,,,,,,,,,,,,,,,,,,
44.594654999999996,XKF1,,,,,,,,,,,,,,,,,,,,,,,0.007200013297087408,-0.003018799936398864,,,0.010980601954295493,,,,,,0.00653659226372838,-0.010869383138491156,,,,,,0.003142033470794558,,0.0031420334707945585,-0.01052146591246128
44.594654999999996,POS,,,,,,,,,,,,,,,,,,,,,,,0.011132000130089637,0.0,,,,,37.4274999,-122.1697,,,-0.011132000130089637,,,,2.4876656532287598,,,,,,
44.694615,ATT,,,3,,,0.01,0.1,2.07,0.0,0.0,,,,-0.02,,,,0.07,,,,2.03,,,,,,,,,,,,,,,,,,,,,
44.694615,RATE,-61.337852478027344,94.61033630371094,,0.41678133606910706,0.29379063844680786,,,,,,0.19571393728256226,0.6747819781303406,0.0009270226000808179,,0.8643917441368103,0.9268044829368591,0.00011389655992388725,,0.17287515103816986,0.1667049527168274,2.451567070238525e-06,,,,,,,,,,,,,,,,,,,,,,
44.694615,XKF1,,,,,,,,,,,,,,,,,,,,,,,0.007415254532681095,-0.004156344570219517,,,0.007742335597284016,,,,,,0.00614091195166111,-0.005396403529376836,,,,,,-0.0015729549340903763,,-0.001572954934090376,-0.007580868899822235
44.694615,POS,,,,,,,,,,,,,,,,,,,,,,,0.011132000130089637,0.0,,,,,37.4274999,-122.1697,,,-0.011132000130089637,,,,2.7217187881469727,,,,,,
44.737097999999996,MSG,,,,,,,,,,,,,,,,,,,,,,,,,,,,,,,,,,,,,,,,,EKF3 IMU0 MAG0 in-flight yaw alignment complete,,
44.737097999999996,EV,,,,,,,,,,,,,,,,,,,,,,,,,,,,62,,,,EKF_YAW_RESET,,,,,,,,,,,
44.744595,MSG,,,,,,,,,,,,,,,,,,,,,,,,,,,,,,,,,,,,,,,,,EKF3 IMU1 MAG0 in-flight yaw alignment complete,,
44.794574999999995,ATT,,,3,,,0.11,0.12,0.36,0.0,0.0,,,,0.06,,,,0.1,,,,0.33,,,,,,,,,,,,,,,,,,,,,
44.794574999999995,RATE,180.45748901367188,48.16062927246094,,0.39148178696632385,0.7009360790252686,,,,,,1.196664571762085,1.8799961805343628,0.0019486176315695047,,0.06521275639533997,0.6342085599899292,0.0012328641023486853,,0.17428693175315857,0.14182284474372864,-1.879697447293438e-05,,,,,,,,,,,,,,,,,,,,,,
44.794574999999995,XKF1,,,,,,,,,,,,,,,,,,,,,,,0.0089489343161019,-0.005945201497524977,,,0.0013168023562889466,,,,,,0.0066886474378407,0.00039032869425880047,,,,,,-0.0011992902727797627,,-0.0011992902727797627,-0.0005437566433101892
44.794574999999995,POS,,,,,,,,,,,,,,,,,,,,,,,0.011132000130089637,0.0,,,,,37.4274999,-122.1697,,,-0.011132000130089637,,,,2.961740255355835,,,,,,
44.894535,ATT,,,3,,,0.17,0.13,0.36,0.0,0.0,,,,0.15,,,,0.11,,,,0.35,,,,,,,,,,,,,,,,,,,,,
44.894535,RATE,24.29027557373047,-23.369354248046875,,0.3529728055000305,0.031457118690013885,,,,,,0.009214763529598713,-0.23539631068706512,-4.813994746655226e-05,,0.07988881319761276,-0.43908628821372986,-0.0019809750374406576,,0.1621519923210144,0.06405174732208252,-8.05580202722922e-05,,,,,,,,,,,,,,,,,,,,,,
44.894535,XKF1,,,,,,,,,,,,,,,,,,,,,,,0.010253971991796328,-0.007325399201363325,,,0.005529615056402752,,,,,,0.007175128441303968,-0.005516936760344914,,,,,,0.004203146323561668,,0.004203146323561668,-0.0035930771846324205
44.894535,POS,,,,,,,,,,,,,,,,,,,,,,,0.011132000130089637,0.0,,,,,37.4274999,-122.1697,,,-0.011132000130089637,,,,3.217989683151245,,,,,,
44.994495,ATT,,,3,,,0.17,0.1,0.36,0.0,0.0,,,,0.15,,,,0.08,,,,0.37,,,,,,,,,,,,,,,,,,,,,
44.994495,RATE,52.133750915527344,-50.927162170410156,,0.35232627391815186,0.24343618750572205,,,,,,0.12209893018007278,0.5342875719070435,0.0007765936315990984,,0.2437160164117813,0.37417423725128174,-0.0009718213696032763,,0.15624406933784485,-0.018151620402932167,-0.0001933323947014287,,,,,,,,,,,,,,,,,,,,,,
44.994495,XKF1,,,,,,,,,,,,,,,,,,,,,,,0.011672529947510585,-0.008870700374245644,,,0.0026120654964220257,,,,,,0.007586740422993898,-0.002342338185447564,,,,,,0.002531452802941203,,0.002531452802941203,-0.0006439199205487967
44.994495,POS,,,,,,,,,,,,,,,,,,,,,,,0.014215138165498133,-0.008840176817682208,,,,,37.4274999,-122.1697001,,,-0.011132000130089637,,,,3.4797580242156982,,,,,,
45.094454999999996,ATT,,,3,,,0.23,0.01,0.36,0.0,0.0,,,,0.19,,,,0.01,,,,0.38,,,,,,,,,,,,,,,,,,,,,
45.094454999999996,RATE,-102.095703125,-35.30837631225586,,0.39403149485588074,1.4146523475646973,,,,,,0.8155026435852051,0.9892366528511047,0.0011968688340857625,,-1.179409146308899,-1.197541356086731,-0.0011530040064826608,,0.13431212306022644,-0.0715119019150734,-0.00028333088266663253,,,,,,,,,,,,,,,,,,,,,,
45.094454999999996,XKF1,,,,,,,,,,,,,,,,,,,,,,,0.012446137421432598,-0.00947101041674614,,,0.010672510839553855,,,,,,0.008075041696429253,-0.008805601634670705,,,,,,0.010613126680254936,,0.010613126680254936,-0.0011242907494306564
45.094454999999996,POS,,,,,,,,,,,,,,,,,,,,,,,0.014215138165498133,-0.008840176817682208,,,,,37.4274999,-122.1697001,,,-0.011132000130089637,,,,3.741447925567627,,,,,,
45.194415,ATT,,,3,,,0.2,0.07,0.36,0.0,0.0,,,,0.2,,,,0.03,,,,0.38,,,,,,,,,,,,,,,,,,,,,
45.194415,RATE,-1.7310142517089844,20.945280075073242,,0.43190163373947144,0.11604051291942596,,,,,,-0.8004699349403381,-0.8921933174133301,0.0011880119564011693,,0.7711775302886963,1.5393131971359253,0.0018242081860080361,,0.10520647466182709,-0.10068009048700333,-0.00031647353898733854,,,,,,,,,,,,,,,,,,,,,,
45.194415,XKF1,,,,,,,,,,,,,,,,,,,,,,,0.013752615704530107,-0.010863155126571655,,,0.005610010532841758,,,,,,0.00843364093452692,-0.0055298194885751864,,,,,,0.0037883850745856758,,0.003788385074585676,-0.004137675277888775
45.194415,POS,,,,,,,,,,,,,,,,,,,,,,,0.014215138165498133,-0.008840176817682208,,,,,37.4274999,-122.1697001,,,-0.011132000130089637,,,,3.988952398300171,,,,,,
45.294374999999995,ATT,,,3,,,0.13,0.18,0.36,0.0,0.0,,,,0.12,,,,0.15,,,,0.39,,,,,,,,,,,,,,,,,,,,,
45.294374999999995,RATE,156.99166870117188,15.69545841217041,,0.39584288001060486,0.8490397930145264,,,,,,-0.8975476622581482,-0.6128872036933899,0.0012965176720172167,,1.1250883340835571,1.2762573957443237,5.165798938833177e-05,,0.07647655159235,-0.11796238273382187,-0.00032399038900621235,,,,,,,,,,,,,,,,,,,,,,
45.294374999999995,XKF1,,,,,,,,,,,,,,,,,,,,,,,0.014621244479198652,-0.012135885655879974,,,0.0073526166816836195,,,,,,0.008154818788170815,-0.004078537774014864,,,,,,-2.682619742699944e-05,,-2.6826197426998988e-05,-0.007352567743510008
45.294374999999995,POS,,,,,,,,,,,,,,,,,,,,,,,0.014215138165498133,-0.008840176817682208,,,,,37.4274999,-122.1697001,,,-0.011132000130089637,,,,4.2348222732543945,,,,,,
45.394335,ATT,,,3,,,0.13,0.26,0.36,0.0,0.0,,,,0.1,,,,0.24,,,,0.39,,,,,,,,,,,,,,,,,,,,,
45.394335,RATE,-181.43344116210938,-7.73250675201416,,0.3847087323665619,0.36905398964881897,,,,,,0.246980220079422,0.30125272274017334,-0.00033192214323207736,,0.5264437794685364,0.6186279058456421,0.0006632598233409226,,0.04676957428455353,-0.10660950839519501,-0.00029066854040138423,,,,,,,,,,,,,,,,,,,,,,
45.394335,XKF1,,,,,,,,,,,,,,,,,,,,,,,0.016453133190064563,-0.014355920255184174,,,0.005977247891881746,,,,,,0.008038230240345001,-0.0017712727548978673,,,,,,-0.0012435429962351923,,-0.0012435429962351918,-0.00584645988419652
45.394335,POS,,,,,,,,,,,,,,,,,,,,,,,0.014215138165498133,-0.008840176817682208,,,,,37.4274999,-122.1697001,,,-0.011132000130089637,,,,4.4910125732421875,,,,,,
45.494295,ATT,,,3,,,0.18,0.29,0.36,0.0,0.0,,,,0.16,,,,0.28,,,,0.38,,,,,,,,,,,,,,,,,,,,,
45.494295,RATE,176.68838500976562,21.5352840423584,,0.4143025577068329,0.6648941040039062,,,,,,0.5804191827774048,0.4641304612159729,-0.000634491560049355,,-0.10981317609548569,-0.4804883301258087,-0.0009615911985747516,,0.02707354910671711,-0.08664320409297943,-0.00023403069644700736,,,,,,,,,,,,,,,,,,,,,,
45.494295,XKF1,,,,,,,,,,,,,,,,,,,,,,,0.017926860675681406,-0.016040047630667686,,,0.0027780394699754617,,,,,,0.00800557341426611,-0.0020933223443916687,,,,,,0.001057414337992668,,0.0010574143379926682,-0.0025689254980534315
45.494295,POS,,,,,,,,,,,,,,,,,,,,,,,0.014215138165498133,-0.008840176817682208,,,,,37.4274999,-122.1697001,,,-0.011132000130089637,,,,4.7393059730529785,,,,,,
45.594255,ATT,,,3,,,0.2,0.27,0.36,0.0,0.0,,,,0.19,,,,0.26,,,,0.38,,,,,,,,,,,,,,,,,,,,,
45.594255,RATE,-138.1672821044922,-22.206958770751953,,0.36817169189453125,0.1563934087753296,,,,,,0.11734338104724884,0.0,0.00023487312137149274,,0.007426750380545855,0.0,-0.00012111894466215745,,0.005402906332165003,-0.06089772656559944,-0.00017311179544776678,,,,,,,,,,,,,,,,,,,,,,
45.594255,XKF1,,,,,,,,,,,,,,,,,,,,,,,0.01995867428993574,-0.018197618424892426,,,0.003014176352237731,,,,,,0.008197277784347534,-0.002770794859217642,,,,,,0.0020389731507748365,,0.0020389731507748365,-0.0022198755759745836
45.594255,POS,,,,,,,,,,,,,,,,,,,,,,,0.020892973258199977,-0.017680353635364417,,,,,37.4274999,-122.1697002,,,-0.011132000130089637,,,,4.995589256286621,,,,,,
45.694215,ATT,,,3,,,0.22,0.3,0.36,0.0,0.0,,,,0.21,,,,0.28,,,,0.37,,,,,,,,,,,,,,,,,,,,,
45.694215,RATE,1.1325836181640625,9.094623565673828,,0.4133298099040985,0.12208385765552521,,,,,,-0.06821870803833008,-0.5054705142974854,-2.8316921088844538e-05,,0.20633362233638763,-0.2737979590892792,-0.0006389911868609488,,-0.011343196965754032,-0.033887363970279694,-0.00010331946396036074,,,,,,,,,,,,,,,,,,,,,,
45.694215,XKF1,,,,,,,,,,,,,,,,,,,,,,,0.021341263458036844,-0.01966848410665989,,,0.005999638494528397,,,,,,0.008282527327537537,-0.005667749599003579,,,,,,0.004459792282432318,,0.004459792282432318,-0.004013217519968748
45.694215,POS,,,,,,,,,,,,,,,,,,,,,,,0.020892973258199977,-0.017680353635364417,,,,,37.4274999,-122.1697002,,,-0.011132000130089637,,,,5.246718406677246,,,,,,
45.794174999999996,ATT,,,3,,,0.12,0.34,0.36,0.0,0.0,,,,0.12,,,,0.31,,,,0.36,,,,,,,,,,,,,,,,,,,,,
45.794174999999996,RATE,92.65069580078125,-10.717735290527344,,0.380468487739563,0.31649795174598694,,,,,,-0.7717480659484863,-0.7644960284233093,0.0004405530635267496,,0.7927208542823792,1.4049427509307861,0.0016630645841360092,,-0.014838646166026592,0.0028119501657783985,-3.87505569960922e-05,,,,,,,,,,,,,,,,,,,,,,
45.794174999999996,XKF1,,,,,,,,,,,,,,,,,,,,,,,0.02312275479616911,-0.02172071859240532,,,0.011592651001601582,,,,,,0.007929197512567043,-0.002259456424903746,,,,,,-0.0017766299424692995,,-0.0017766299424692988,-0.011455703526735306
45.794174999999996,POS,,,,,,,,,,,,,,,,,,,,,,,0.020892973258199977,-0.017680353635364417,,,,,37.4274999,-122.1697002,,,-0.011132000130089637,,,,5.496976852416992,,,,,,
45.894968,ATT,,,3,,,0.0,0.43,0.36,0.0,0.0,,,,0.0,,,,0.42,,,,0.35,,,,,,,,,,,,,,,,,,,,,
45.894968,RATE,37.55912780761719,-32.58116912841797,,0.3679525852203369,0.17246419191360474,,,,,,-0.9309623837471008,-0.32085657119750977,0.001044370816089213,,0.7860370874404907,-0.0375322625041008,-0.0022266367450356483,,-0.007389290723949671,0.035749249160289764,1.3074070011498407e-05,,,,,,,,,,,,,,,,,,,,,,
45.894968,XKF1,,,,,,,,,,,,,,,,,,,,,,,0.02459375473053626,-0.023647911846637726,,,0.011915812888955204,,,,,,0.00675492687150836,-0.0033632586805050803,,,,,,9.418289118911998e-05,,9.418289118912071e-05,-0.011915440671145916
45.894968,POS,,,,,,,,,,,,,,,,,,,,,,,0.020892973258199977,-0.017680353635364417,,,,,37.4274999,-122.1697002,,,-0.011132000130089637,,,,5.753308296203613,,,,,,
45.994928,ATT,,,3,,,0.08,0.46,0.36,0.0,0.0,,,,0.05,,,,0.45,,,,0.35,,,,,,,,,,,,,,,,,,,,,
45.994928,RATE,15.594959259033203,-49.80289077758789,,0.3554721474647522,0.0795561745762825,,,,,,0.6189199686050415,0.6256119012832642,0.0005804204847663641,,0.8448044061660767,0.7365090250968933,-0.0021093394607305527,,-0.008505073375999928,0.06815388798713684,6.311998004093766e-05,,,,,,,,,,,,,,,,,,,,,,
45.994928,XKF1,,,,,,,,,,,,,,,,,,,,,,,0.02670037550739071,-0.025957582518458366,,,0.009527088687908221,,,,,,0.006254115607589483,-0.00014522904734707564,,,,,,-0.002090112771838904,,-0.0020901127718389034,-0.009294990450143814
45.994928,POS,,,,,,,,,,,,,,,,,,,,,,,0.020892973258199977,-0.017680353635364417,,,,,37.4274999,-122.1697002,,,-0.011132000130089637,,,,6.011918067932129,,,,,,
46.094888,ATT,,,3,,,0.1,0.48,0.36,0.0,0.0,,,,0.09,,,,0.49,,,,0.34,,,,,,,,,,,,,,,,,,,,,
46.094888,RATE,59.229278564453125,-44.02082061767578,,0.36170142889022827,0.3160540461540222,,,,,,0.07746592164039612,0.5894150733947754,0.0016149975126609206,,-0.19155873358249664,-1.1920983791351318,-0.002161797834560275,,-0.002775978296995163,0.09521035104990005,0.00010978801583405584,,,,,,,,,,,,,,,,,,,,,,
46.094888,XKF1,,,,,,,,,,,,,,,,,,,,,,,0.02819890519673389,-0.027614589780569077,,,0.008221806711874804,,,,,,0.005710751749575138,-0.005941322541056632,,,,,,0.004667267203330994,,0.004667267203330994,-0.006768657360225916
46.094888,POS,,,,,,,,,,,,,,,,,,,,,,,0.02876212838162201,-0.026520531709311384,,,,,37.4274999,-122.1697003,,,-0.011132000130089637,,,,6.26920747756958,,,,,,
46.194848,ATT,,,3,,,0.16,0.4,0.36,0.0,0.0,,,,0.15,,,,0.4,,,,0.34,,,,,,,,,,,,,,,,,,,,,
46.194848,RATE,-34.47465896606445,-41.51783752441406,,0.3676043748855591,0.5367439389228821,,,,,,0.7907894849777222,0.7789448499679565,0.0001047083642333746,,-0.22284194827079773,-0.32612183690071106,-0.0016218401724472642,,0.006290964316576719,0.1179792582988739,0.00014152878429740667,,,,,,,,,,,,,,,,,,,,,,
46.194848,XKF1,,,,,,,,,,,,,,,,,,,,,,,0.02926345405129984,-0.028703128919005394,,,0.009342133199476193,,,,,,0.005699134431779385,-0.009206819673055141,,,,,,0.008721989579498768,,0.008721989579498768,-0.0033469912596046925
46.194848,POS,,,,,,,,,,,,,,,,,,,,,,,0.02876212838162201,-0.026520531709311384,,,,,37.4274999,-122.1697003,,,-0.011132000130089637,,,,6.528163909912109,,,,,,
46.294807999999996,ATT,,,3,,,0.13,0.42,0.36,0.0,0.0,,,,0.14,,,,0.4,,,,0.33,,,,,,,,,,,,,,,,,,,,,
46.294807999999996,RATE,-65.19699096679688,-47.14439392089844,,0.34977805614471436,0.03347158059477806,,,,,,-0.602755606174469,-0.6260196566581726,4.6698536607436836e-05,,0.2198258489370346,0.6948633193969727,9.746021532919258e-05,,0.020151525735855103,0.1315355896949768,0.00015355244977399707,,,,,,,,,,,,,,,,,,,,,,
46.294807999999996,XKF1,,,,,,,,,,,,,,,,,,,,,,,0.029939036029025864,-0.029444219544529915,,,0.007624036644792889,,,,,,0.00542068388313055,-0.004293377280720794,,,,,,0.003081716131418943,,0.0030817161314189434,-0.006973446812480688
46.294807999999996,POS,,,,,,,,,,,,,,,,,,,,,,,0.02876212838162201,-0.026520531709311384,,,,,37.4274999,-122.1697003,,,-0.011132000130089637,,,,6.784946918487549,,,,,,
46.394768,ATT,,,3,,,0.08,0.44,0.36,0.0,0.0,,,,0.09,,,,0.43,,,,0.33,,,,,,,,,,,,,,,,,,,,,
46.394768,RATE,-99.70664978027344,8.190263748168945,,0.408087819814682,0.2825160026550293,,,,,,-1.005380392074585,-0.5052478909492493,0.0009776790393516421,,-0.5511646270751953,-0.9167768955230713,-1.839693868532777e-05,,0.03215547651052475,0.14495538175106049,0.00015940533194225281,,,,,,,,,,,,,,,,,,,,,,
46.394768,XKF1,,,,,,,,,,,,,,,,,,,,,,,0.031022132783505244,-0.030613336712121964,,,0.014178436030218022,,,,,,0.005019595380872488,-0.012333560178440872,,,,,,0.011039410717785358,,0.011039410717785358,-0.008897160179913044
46.394768,POS,,,,,,,,,,,,,,,,,,,,,,,0.02876212838162201,-0.026520531709311384,,,,,37.4274999,-122.1697003,,,-0.011132000130089637,,,,7.033896446228027,,,,,,
46.494727999999995,ATT,,,3,,,0.11,0.35,0.36,0.0,0.0,,,,0.1,,,,0.34,,,,0.33,,,,,,,,,,,,,,,,,,,,,
46.494727999999995,RATE,40.33470153808594,46.208499908447266,,0.41903796792030334,0.12958382070064545,,,,,,0.5492628216743469,0.6583074331283569,0.00010992007446475327,,-0.6319249868392944,0.137286975979805,0.0023106751032173634,,0.04959382861852646,0.15095750987529755,0.00015442563744727522,,,,,,,,,,,,,,,,,,,,,,
46.494727999999995,XKF1,,,,,,,,,,,,,,,,,,,,,,,0.03098340532356038,-0.0306293535977602,,,0.015749193100802316,,,,,,0.004670557100325823,-0.015284300867339513,,,,,,0.01453707180917263,,0.01453707180917263,-0.006058929488062859
46.494727999999995,POS,,,,,,,,,,,,,,,,,,,,,,,0.02876212838162201,-0.026520531709311384,,,,,37.4274999,-122.1697003,,,-0.011132000130089637,,,,7.273677349090576,,,,,,
46.594688,ATT,,,3,,,0.2,0.32,0.36,0.0,0.0,,,,0.18,,,,0.31,,,,0.33,,,,,,,,,,,,,,,,,,,,,
46.594688,RATE,23.046588897705078,-0.2545231878757477,,0.3616895079612732,0.09007024019956589,,,,,,0.8257413506507874,0.6206872463226318,-0.0006456042174249887,,-0.5226649045944214,-0.24442189931869507,0.001034814864397049,,0.05939619243144989,0.15999624133110046,0.00014947405725251883,,,,,,,,,,,,,,,,,,,,,,
46.594688,XKF1,,,,,,,,,,,,,,,,,,,,,,,0.031130541016785133,-0.030678680166602135,,,0.01897923010310197,,,,,,0.005284805316478014,-0.018948701657805943,,,,,,0.018856333568692207,,0.018856333568692207,-0.002156353322789073
46.594688,POS,,,,,,,,,,,,,,,,,,,,,,,0.02876212838162201,-0.026520531709311384,,,,,37.4274999,-122.1697003,,,-0.011132000130089637,,,,7.522136211395264,,,,,,
46.694648,ATT,,,3,,,0.15,0.24,0.36,0.0,0.0,,,,0.17,,,,0.24,,,,0.33,,,,,,,,,,,,,,,,,,,,,
46.694648,RATE,-7.729339599609375,-0.12751831114292145,,0.3854944705963135,0.25308409333229065,,,,,,-1.129754662513733,-1.5355801582336426,-0.0002749831764958799,,-1.2777886390686035,-1.1944429874420166,0.0002181667077820748,,0.07798732817173004,0.1545378863811493,0.00012971239630132914,,,,,,,,,,,,,,,,,,,,,,
46.694648,XKF1,,,,,,,,,,,,,,,,,,,,,,,0.030239179886676865,-0.029756203293800354,,,0.027299178968093554,,,,,,0.005382969975471497,-0.026775804404386393,,,,,,0.025401130318641663,,0.025401130318641663,-0.01000138744711876
46.694648,POS,,,,,,,,,,,,,,,,,,,,,,,0.02876212838162201,-0.026520531709311384,,,,,37.4274999,-122.1697003,,,-0.011132000130089637,,,,7.773224830627441,,,,,,
46.794608,ATT,,,3,,,0.07,0.24,0.36,0.0,0.0,,,,0.07,,,,0.22,,,,0.33,,,,,,,,,,,,,,,,,,,,,
46.794608,RATE,40.85197448730469,12.959199905395508,,0.38959792256355286,0.2634645700454712,,,,,,-0.3746115267276764,-0.1613970398902893,-0.00018001109128817916,,0.33367544412612915,0.2798368036746979,0.00018365398864261806,,0.09563102573156357,0.14426222443580627,9.777846571523696e-05,,,,,,,,,,,,,,,,,,,,,,
46.794608,XKF1,,,,,,,,,,,,,,,,,,,,,,,0.029386028339090164,-0.028928952291607857,,,0.026347084185706835,,,,,,0.005162788089364767,-0.025573036293800373,,,,,,0.024061499163508415,,0.024061499163508415,-0.01073373667895794
46.794608,POS,,,,,,,,,,,,,,,,,,,,,,,0.02876212838162201,-0.026520531709311384,,,,,37.4274999,-122.1697003,,,-0.011132000130089637,,,,8.018149375915527,,,,,,
46.894568,ATT,,,3,,,0.12,0.23,0.36,0.0,0.0,,,,0.11,,,,0.23,,,,0.34,,,,,,,,,,,,,,,,,,,,,
46.894568,RATE,-149.77645874023438,-0.9647811651229858,,0.3822098970413208,0.7676374316215515,,,,,,0.1541241705417633,-0.2924855947494507,-6.535230204463005e-05,,-0.8600695133209229,-1.6841824054718018,-0.0004435054725036025,,0.10160932689905167,0.12374412268400192,5.409397999756038e-05,,,,,,,,,,,,,,,,,,,,,,
46.894568,XKF1,,,,,,,,,,,,,,,,,,,,,,,0.028009419032953092,-0.02754736691713333,,,0.030899234351796832,,,,,,0.005066569894552231,-0.030894863781394652,,,,,,0.030291207134723663,,0.030291207134723663,-0.00609962735325098
46.894568,POS,,,,,,,,,,,,,,,,,,,,,,,0.02876212838162201,-0.026520531709311384,,,,,37.4274999,-122.1697003,,,-0.011132000130089637,,,,8.268491744995117,,,,,,
46.994527999999995,ATT,,,3,,,0.15,0.21,0.36,0.0,0.0,,,,0.14,,,,0.19,,,,0.34,,,,,,,,,,,,,,,,,,,,,
46.994527999999995,RATE,-40.82460403442383,1.3733242750167847,,0.3769415318965912,0.1710352897644043,,,,,,0.5822060704231262,0.3548811972141266,-0.001900095958262682,,0.4409983158111572,0.49512308835983276,-0.00011509651085361838,,0.0983036607503891,0.11782484501600266,3.444874528213404e-05,,,,,,,,,,,,,,,,,,,,,,
46.994527999999995,XKF1,,,,,,,,,,,,,,,,,,,,,,,0.026672346564342257,-0.026081329211592674,,,0.02549570358285153,,,,,,0.0055837566033005714,-0.02549570357519947,,,,,,0.024930628016591072,,0.024930628016591072,-0.005338041577488184
46.994527999999995,POS,,,,,,,,,,,,,,,,,,,,,,,0.02876212838162201,-0.026520531709311384,,,,,37.4274999,-122.1697003,,,-0.011132000130089637,,,,8.516899108886719,,,,,,
47.094488,ATT,,,3,,,0.16,0.22,0.36,0.0,0.0,,,,0.17,,,,0.21,,,,0.34,,,,,,,,,,,,,,,,,,,,,
47.094488,RATE,-137.7505340576172,7.025122165679932,,0.38779398798942566,0.1482866406440735,,,,,,0.1140575036406517,0.006811812985688448,-4.1103019611909986e-05,,-0.1335495412349701,-0.09769601374864578,6.70867448206991e-05,,0.10073209553956985,0.10419633984565735,1.1991896826657467e-05,,,,,,,,,,,,,,,,,,,,,,
47.094488,XKF1,,,,,,,,,,,,,,,,,,,,,,,0.02510680490021629,-0.024403801187872887,,,0.02695883419165053,,,,,,0.0058996728621423244,-0.026915817027108303,,,,,,0.026519885286688805,,0.026519885286688805,-0.004845041316002607
47.094488,POS,,,,,,,,,,,,,,,,,,,,,,,0.02876212838162201,-0.026520531709311384,,,,,37.4274999,-122.1697003,,,-0.011132000130089637,,,,8.766158103942871,,,,,,
47.194448,ATT,,,3,,,0.14,0.17,0.36,0.0,0.0,,,,0.15,,,,0.16,,,,0.34,,,,,,,,,,,,,,,,,,,,,
47.194448,RATE,109.85736846923828,13.800688743591309,,0.38894015550613403,0.5268197655677795,,,,,,-0.475443959236145,-1.120863914489746,-0.0012300073867663741,,-0.25256067514419556,-0.015121972188353539,-4.8258749302476645e-05,,0.09738829731941223,0.0926656723022461,-3.562458914529998e-06,,,,,,,,,,,,,,,,,,,,,,
47.194448,XKF1,,,,,,,,,,,,,,,,,,,,,,,0.023554483316419912,-0.02272101864218712,,,0.029165009703198734,,,,,,0.006210394203662872,-0.0290155830451792,,,,,,0.027211472392082214,,0.027211472392082214,-0.010494453832507133
47.194448,POS,,,,,,,,,,,,,,,,,,,,,,,0.02876212838162201,-0.026520531709311384,,,,,37.4274999,-122.1697003,,,-0.011132000130089637,,,,9.012109756469727,,,,,,
47.294408,ATT,,,3,,,0.14,0.19,0.36,0.0,0.0,,,,0.13,,,,0.18,,,,0.35,,,,,,,,,,,,,,,,,,,,,
47.294408,RATE,-103.00569152832031,-0.3850879967212677,,0.38581034541130066,0.688114583492279,,,,,,0.578447163105011,0.700685977935791,-0.0007872750284150243,,0.04096287116408348,-0.3676750659942627,0.0004618625098373741,,0.10723385959863663,0.07239355146884918,-3.1064013455761597e-05,,,,,,,,,,,,,,,,,,,,,,
47.294408,XKF1,,,,,,,,,,,,,,,,,,,,,,,0.021938524614210822,-0.021028175950050354,,,0.02856928411944894,,,,,,0.006254172883927822,-0.02850701241639129,,,,,,0.027861548587679863,,0.027861548587679863,-0.006319660227745771
47.294408,POS,,,,,,,,,,,,,,,,,,,,,,,0.02876212838162201,-0.026520531709311384,,,,,37.4274999,-122.1697003,,,-0.011132000130089637,,,,9.263632774353027,,,,,,
47.394368,ATT,,,3,,,0.23,0.08,0.36,0.0,0.0,,,,0.23,,,,0.08,,,,0.35,,,,,,,,,,,,,,,,,,,,,
47.394368,RATE,33.41550827026367,-16.3222713470459,,0.36719244718551636,0.04767942056059837,,,,,,0.7182577252388,-0.9591173529624939,-0.0055645545944571495,,-0.9642289876937866,1.1730148792266846,0.005849308334290981,,0.10230813920497894,0.05564960092306137,-6.149802356958389e-05,,,,,,,,,,,,,,,,,,,,,,
47.394368,XKF1,,,,,,,,,,,,,,,,,,,,,,,0.020583392307705443,-0.01932777278125286,,,0.020594542751809202,,,,,,0.007079070433974266,-0.020226383559266366,,,,,,0.020325813442468643,,0.020325813442468643,-0.0033160969614982605
47.394368,POS,,,,,,,,,,,,,,,,,,,,,,,0.02876212838162201,-0.026520531709311384,,,,,37.4274999,-122.1697003,,,-0.011132000130089637,,,,9.515826225280762,,,,,,
47.494327999999996,ATT,,,3,,,0.33,0.23,0.36,0.0,0.0,,,,0.32,,,,0.21,,,,0.36,,,,,,,,,,,,,,,,,,,,,
47.494327999999996,RATE,-169.62747192382812,-10.634235382080078,,0.3862658441066742,0.8624823093414307,,,,,,1.350592017173767,0.5249838829040527,-0.0026926971040666103,,0.9319205284118652,0.3484719693660736,-0.0006697766948491335,,0.09252071380615234,0.03568203002214432,-8.457482181256637e-05,,,,,,,,,,,,,,,,,,,,,,
47.494327999999996,XKF1,,,,,,,,,,,,,,,,,,,,,,,0.019894616521060057,-0.018150409683585167,,,0.020700802554947502,,,,,,0.008146066218614578,-0.018376907736822396,,,,,,0.02066774293780327,,0.02066774293780327,0.0011694564018398523
47.494327999999996,POS,,,,,,,,,,,,,,,,,,,,,,,0.02876212838162201,-0.026520531709311384,,,,,37.4274999,-122.1697003,,,-0.011132000130089637,,,,9.770010948181152,,,,,,
47.594288,ATT,,,3,,,0.28,0.21,0.36,0.0,0.0,,,,0.29,,,,0.21,,,,0.36,,,,,,,,,,,,,,,,,,,,,
47.594288,RATE,123.93531799316406,5.357909679412842,,0.3879871666431427,0.523862898349762,,,,,,-0.4805327355861664,-0.5120851397514343,-0.0009831221541389823,,-0.21873144805431366,-1.5090200901031494,-0.002960517071187496,,0.08541661500930786,0.018846116960048676,-9.965891513274983e-05,,,,,,,,,,,,,,,,,,,,,,
47.594288,XKF1,,,,,,,,,,,,,,,,,,,,,,,0.019413505727566262,-0.017274651676416397,,,0.030631771182479783,,,,,,0.008858364075422287,-0.02842683791662162,,,,,,0.030501969158649445,,0.030501969158649445,-0.0028169634751975536
47.594288,POS,,,,,,,,,,,,,,,,,,,,,,,0.020892973258199977,-0.017680353635364417,,,,,37.4274999,-122.1697002,,,-0.011132000130089637,,,,10.016274452209473,,,,,,
47.694247999999995,ATT,,,3,,,0.26,0.05,0.36,0.0,0.0,,,,0.26,,,,0.06,,,,0.36,,,,,,,,,,,,,,,,,,,,,
47.694247999999995,RATE,-220.2636260986328,12.826376914978027,,0.4025239050388336,0.9341970682144165,,,,,,-0.14241737127304077,-0.03356056287884712,0.0002713086432777345,,-0.815457820892334,0.1834654062986374,0.0012837270041927695,,0.08603241294622421,0.0007745693437755108,-0.00012250972213223577,,,,,,,,,,,,,,,,,,,,,,
47.694247999999995,XKF1,,,,,,,,,,,,,,,,,,,,,,,0.0178067315891218,-0.015229541808366776,,,0.025405445798175164,,,,,,0.009227174334228039,-0.023089841741462277,,,,,,0.025239210575819016,,0.025239210575819016,-0.002901538508012891
47.694247999999995,POS,,,,,,,,,,,,,,,,,,,,,,,0.020892973258199977,-0.017680353635364417,,,,,37.4274999,-122.1697002,,,-0.011132000130089637,,,,10.265609741210938,,,,,,
47.794208,ATT,,,3,,,0.21,0.09,0.36,0.0,0.0,,,,0.21,,,,0.08,,,,0.36,,,,,,,,,,,,,,,,,,,,,
47.794208,RATE,67.72270202636719,20.01696014404297,,0.3987939655780792,0.12323438376188278,,,,,,-0.543782114982605,0.929887592792511,0.004597554914653301,,-0.07436026632785797,0.5483031272888184,0.0021115404088050127,,0.06824694573879242,-0.006159237585961819,-0.00013152793690096587,,,,,,,,,,,,,,,,,,,,,,
47.794208,XKF1,,,,,,,,,,,,,,,,,,,,,,,0.01711863391425542,-0.014240068383514881,,,0.022450923528113533,,,,,,0.009500951506197453,-0.01922049240270155,,,,,,0.022427920252084732,,0.022427920252084732,-0.001016051392070949
47.794208,POS,,,,,,,,,,,,,,,,,,,,,,,0.020892973258199977,-0.017680353635364417,,,,,37.4274999,-122.1697002,,,-0.011132000130089637,,,,10.509575843811035,,,,,,
47.894168,ATT,,,3,,,0.31,0.13,0.36,0.0,0.0,,,,0.29,,,,0.12,,,,0.37,,,,,,,,,,,,,,,,,,,,,
47.894168,RATE,196.6136932373047,23.12434196472168,,0.3979015350341797,0.8202227354049683,,,,,,0.5880947113037109,0.14854781329631805,-0.0007439428591169417,,0.20100395381450653,0.6877008676528931,0.0012197569012641907,,0.06634826958179474,-0.013016639277338982,-0.00013019185280427337,,,,,,,,,,,,,,,,,,,,,,
47.894168,XKF1,,,,,,,,,,,,,,,,,,,,,,,0.016450819764804836,-0.013070237822830677,,,0.019318637114931037,,,,,,0.009989912621676922,-0.016147186606695126,,,,,,0.01926933042705059,,0.01926933042705059,-0.0013793639373034239
47.894168,POS,,,,,,,,,,,,,,,,,,,,,,,0.020892973258199977,-0.017680353635364417,,,,,37.4274999,-122.1697002,,,-0.011132000130089637,,,,10.754037857055664,,,,,,
47.994960999999996,ATT,,,3,,,0.26,0.2,0.36,0.0,0.0,,,,0.27,,,,0.19,,,,0.37,,,,,,,,,,,,,,,,,,,,,
47.994960999999996,RATE,130.64669799804688,-11.707402229309082,,0.36804038286209106,0.4256731867790222,,,,,,-0.7270594239234924,-1.2850173711776733,-0.0005800105864182115,,0.4401220381259918,0.13605265319347382,-0.0002448026498313993,,0.05228104814887047,-0.016933146864175797,-0.00012921556481160223,,,,,,,,,,,,,,,,,,,,,,
47.994960999999996,XKF1,,,,,,,,,,,,,,,,,,,,,,,0.01622114686070145,-0.01269912626594305,,,0.020662143988471562,,,,,,0.010092462413012981,-0.019928035537628664,,,,,,0.01899745687842369,,0.01899745687842369,-0.008125320076942444
47.994960999999996,POS,,,,,,,,,,,,,,,,,,,,,,,0.020892973258199977,-0.017680353635364417,,,,,37.4274999,-122.1697002,,,-0.011132000130089637,,,,11.005334854125977,,,,,,
48.094921,ATT,,,3,,,0.28,0.13,0.36,0.0,0.0,,,,0.26,,,,0.14,,,,0.37,,,,,,,,,,,,,,,,,,,,,
48.094921,RATE,-16.582584381103516,-25.956775665283203,,0.3685930371284485,0.297526091337204,,,,,,0.27107304334640503,-0.323820561170578,-0.00010040344204753637,,-0.8501321077346802,-1.6997557878494263,-0.001948777586221695,,0.05191073194146156,-0.01899845153093338,-0.00012424717715475708,,,,,,,,,,,,,,,,,,,,,,
48.094921,XKF1,,,,,,,,,,,,,,,,,,,,,,,0.015409487483643423,-0.011656315997242928,,,0.027627556766447684,,,,,,0.01007881946861744,-0.024839201604481324,,,,,,0.026700420305132866,,0.026700420305132866,-0.007097143679857254
48.094921,POS,,,,,,,,,,,,,,,,,,,,,,,0.020892973258199977,-0.017680353635364417,,,,,37.4274999,-122.1697002,,,-0.011132000130089637,,,,11.261035919189453,,,,,,
48.194880999999995,ATT,,,3,,,0.22,0.07,0.36,0.0,0.0,,,,0.21,,,,0.06,,,,0.37,,,,,,,,,,,,,,,,,,,,,
48.194880999999995,RATE,44.91071701049805,-37.986778259277344,,0.3505175709724426,0.4964620769023895,,,,,,-0.3707256317138672,-0.07414919883012772,0.0002741839562077075,,-0.2386476695537567,-0.31441935896873474,-0.0006288199801929295,,0.04062160849571228,-0.019605383276939392,-0.00011507401359267533,,,,,,,,,,,,,,,,,,,,,,
48.194880999999995,XKF1,,,,,,,,,,,,,,,,,,,,,,,0.014462887814558777,-0.01062009297311306,,,0.024603234907134522,,,,,,0.009817777201533318,-0.021901471463586522,,,,,,0.023691289126873016,,0.023691289126873016,-0.006636413745582104
48.194880999999995,POS,,,,,,,,,,,,,,,,,,,,,,,0.020892973258199977,-0.017680353635364417,,,,,37.4274999,-122.1697002,,,-0.011132000130089637,,,,11.515551567077637,,,,,,
48.294841,ATT,,,3,,,0.2,0.1,0.36,0.0,0.0,,,,0.2,,,,0.08,,,,0.37,,,,,,,,,,,,,,,,,,,,,
48.294841,RATE,-51.06210708618164,-32.850196838378906,,0.36595043540000916,0.18699917197227478,,,,,,-0.559367835521698,-0.5918128490447998,0.00037196764606051147,,0.7162066698074341,0.7541409134864807,-0.00013301149010658264,,0.027046101167798042,-0.016300056129693985,-9.613143629394472e-05,,,,,,,,,,,,,,,,,,,,,,
48.294841,XKF1,,,,,,,,,,,,,,,,,,,,,,,0.013303962455573455,-0.009480929933488369,,,0.02038210574571859,,,,,,0.009333133697509766,-0.019414270158414598,,,,,,0.01818918250501156,,0.01818918250501156,-0.009196949191391468
48.294841,POS,,,,,,,,,,,,,,,,,,,,,,,0.020892973258199977,-0.017680353635364417,,,,,37.4274999,-122.1697002,,,-0.011132000130089637,,,,11.773545265197754,,,,,,
48.394801,ATT,,,3,,,0.11,0.17,0.36,0.0,0.0,,,,0.12,,,,0.15,,,,0.36,,,,,,,,,,,,,,,,,,,,,
48.394801,RATE,-62.93134689331055,-37.5242919921875,,0.35424643754959106,0.09034939855337143,,,,,,-0.8687469959259033,-0.49645113945007324,-0.00020764634246006608,,0.4541052281856537,0.7895565032958984,0.0022040531039237976,,0.017264990136027336,-0.007444074843078852,-7.350753003265709e-05,,,,,,,,,,,,,,,,,,,,,,
48.394801,XKF1,,,,,,,,,,,,,,,,,,,,,,,0.01227460227008891,-0.009056897833943367,,,0.017780716238364767,,,,,,0.008284833282232285,-0.01776890617276026,,,,,,0.012673566117882729,,0.012673566117882729,-0.012471350841224194
48.394801,POS,,,,,,,,,,,,,,,,,,,,,,,0.020892973258199977,-0.017680353635364417,,,,,37.4274999,-122.1697002,,,-0.011132000130089637,,,,12.028205871582031,,,,,,
48.494761,ATT,,,3,,,0.11,0.21,0.36,0.0,0.0,,,,0.1,,,,0.21,,,,0.36,,,,,,,,,,,,,,,,,,,,,
48.494761,RATE,41.977500915527344,-22.07436752319336,,0.36528247594833374,0.3448384404182434,,,,,,-0.07883300632238388,0.27828356623649597,0.0006488021463155746,,0.27038151025772095,0.24839825928211212,0.00029888239805586636,,0.00045345386024564505,0.0075975749641656876,-3.753361670533195e-05,,,,,,,,,,,,,,,,,,,,,,
48.494761,XKF1,,,,,,,,,,,,,,,,,,,,,,,0.011248461848382811,-0.008652132004499435,,,0.016197685446947607,,,,,,0.007188080810010433,-0.015988363735892488,,,,,,0.010639313608407974,,0.010639313608407974,-0.012213517911732197
48.494761,POS,,,,,,,,,,,,,,,,,,,,,,,0.014215138165498133,-0.008840176817682208,,,,,37.4274999,-122.1697001,,,-0.011132000130089637,,,,12.280128479003906,,,,,,
48.594721,ATT,,,3,,,0.13,0.23,0.36,0.0,0.0,,,,0.12,,,,0.24,,,,0.36,,,,,,,,,,,,,,,,,,,,,
48.594721,RATE,-5.388164520263672,-35.16807174682617,,0.3488554060459137,0.03384191915392876,,,,,,0.0546366423368454,0.14258843660354614,0.00015780891408212483,,0.24568209052085876,-0.22190150618553162,-0.0005872434703633189,,0.0035421934444457293,0.02165827713906765,-8.4338144006324e-06,,,,,,,,,,,,,,,,,,,,,,
48.594721,XKF1,,,,,,,,,,,,,,,,,,,,,,,0.010716463035273502,-0.008545693941414356,,,0.016130983905182788,,,,,,0.006466350983828306,-0.015998666170863617,,,,,,0.011513771489262581,,0.011513771489262581,-0.011297862976789474
48.594721,POS,,,,,,,,,,,,,,,,,,,,,,,0.014215138165498133,-0.008840176817682208,,,,,37.4274999,-122.1697001,,,-0.011132000130089637,,,,12.534211158752441,,,,,,
48.694680999999996,ATT,,,3,,,0.13,0.18,0.36,0.0,0.0,,,,0.13,,,,0.19,,,,0.35,,,,,,,,,,,,,,,,,,,,,
48.694680999999996,RATE,-31.00109100341797,-23.747671127319336,,0.36042818427085876,0.04721912369132042,,,,,,-0.18117228150367737,0.0811641663312912,0.0003175328020006418,,-0.6357831954956055,-0.6086469888687134,0.00012102093023713678,,0.0028686528094112873,0.037559352815151215,2.207108263974078e-05,,,,,,,,,,,,,,,,,,,,,,
48.694680999999996,XKF1,,,,,,,,,,,,,,,,,,,,,,,0.009767651114342383,-0.007941173389554024,,,0.016868774438569222,,,,,,0.005687246564775705,-0.016835762974744407,,,,,,0.013073431327939034,,0.013073431327939034,-0.010660250671207905
48.694680999999996,POS,,,,,,,,,,,,,,,,,,,,,,,0.014215138165498133,-0.008840176817682208,,,,,37.4274999,-122.1697001,,,-0.011132000130089637,,,,12.786883354187012,,,,,,
48.794641,ATT,,,3,,,0.12,0.14,0.36,0.0,0.0,,,,0.12,,,,0.15,,,,0.35,,,,,,,,,,,,,,,,,,,,,
48.794641,RATE,-29.436397552490234,-15.27056884765625,,0.360265851020813,0.11902503669261932,,,,,,-0.3531322181224823,-0.415454626083374,0.000288905284833163,,-0.2849601209163666,-0.03642546012997627,0.0003689947188831866,,0.005741541273891926,0.049882397055625916,4.109681322006509e-05,,,,,,,,,,,,,,,,,,,,,,
48.794641,XKF1,,,,,,,,,,,,,,,,,,,,,,,0.009053045314487891,-0.007496883627027273,,,0.018973819335037785,,,,,,0.005074875894933939,-0.018434502068316726,,,,,,0.012747835367918015,,0.012747835367918015,-0.014053416438400745
48.794641,POS,,,,,,,,,,,,,,,,,,,,,,,0.014215138165498133,-0.008840176817682208,,,,,37.4274999,-122.1697001,,,-0.011132000130089637,,,,13.036675453186035,,,,,,
48.894601,ATT,,,3,,,0.12,0.14,0.36,0.0,0.0,,,,0.11,,,,0.16,,,,0.35,,,,,,,,,,,,,,,,,,,,,
48.894601,RATE,-43.92862319946289,1.8595564365386963,,0.3734346330165863,0.08829579502344131,,,,,,0.13235723972320557,0.03344694897532463,-0.00034487215452827513,,-0.1128925159573555,-0.39423051476478577,-0.0011112922802567482,,0.010174933820962906,0.06058790162205696,5.498000609804876e-05,,,,,,,,,,,,,,,,,,,,,,
48.894601,XKF1,,,,,,,,,,,,,,,,,,,,,,,0.0081531606350156,-0.006874999962747097,,,0.018439104335639177,,,,,,0.004382739309221506,-0.018301952924119028,,,,,,0.014226089231669903,,0.014226089231669903,-0.011731110513210297
48.894601,POS,,,,,,,,,,,,,,,,,,,,,,,0.014215138165498133,-0.008840176817682208,,,,,37.4274999,-122.1697001,,,-0.011132000130089637,,,,13.284343719482422,,,,,,
48.994561,ATT,,,3,,,0.1,0.12,0.36,0.0,0.0,,,,0.09,,,,0.13,,,,0.35,,,,,,,,,,,,,,,,,,,,,
48.994561,RATE,76.09681701660156,19.217670440673828,,0.3874789774417877,0.160662442445755,,,,,,-0.2980213761329651,0.5230556130409241,0.001979486783966422,,0.08774176985025406,-0.16947700083255768,-0.0003785928711295128,,0.01627240516245365,0.0677039846777916,6.44841420580633e-05,,,,,,,,,,,,,,,,,,,,,,
48.994561,XKF1,,,,,,,,,,,,,,,,,,,,,,,0.007672563035888344,-0.00655028223991394,,,0.018745272107212437,,,,,,0.003995250444859266,-0.018704709556741056,,,,,,0.01661052368581295,,0.01661052368581295,-0.00868767686188221
48.994561,POS,,,,,,,,,,,,,,,,,,,,,,,0.014215138165498133,-0.008840176817682208,,,,,37.4274999,-122.1697001,,,-0.011132000130089637,,,,13.528678894042969,,,,,,
49.094521,ATT,,,3,,,0.05,0.05,0.36,0.0,0.0,,,,0.05,,,,0.07,,,,0.35,,,,,,,,,,,,,,,,,,,,,
49.094521,RATE,-120.18670654296875,9.317205429077148,,0.371116042137146,0.30418235063552856,,,,,,-0.5210198163986206,-0.19491198658943176,0.00025404925690963864,,-0.6563361883163452,-0.6270719766616821,-0.00026768489624373615,,0.013805979862809181,0.07486230134963989,7.155527418944985e-05,,,,,,,,,,,,,,,,,,,,,,
49.094521,XKF1,,,,,,,,,,,,,,,,,,,,,,,0.006449689843200981,-0.005607710685580969,,,0.02263939385414017,,,,,,0.003186232876032591,-0.02244643440588697,,,,,,0.01805904135107994,,0.01805904135107994,-0.01365332119166851
49.094521,POS,,,,,,,,,,,,,,,,,,,,,,,0.014215138165498133,-0.008840176817682208,,,,,37.4274999,-122.1697001,,,-0.011132000130089637,,,,13.776288986206055,,,,,,
49.194480999999996,ATT,,,3,,,0.11,0.09,0.36,0.0,0.0,,,,0.09,,,,0.08,,,,0.35,,,,,,,,,,,,,,,,,,,,,
49.194480999999996,RATE,-109.6549072265625,35.645450592041016,,0.4016970098018646,0.3417297899723053,,,,,,1.245179295539856,0.6953278183937073,-0.002194104017689824,,0.6464619040489197,0.4172542691230774,-0.0003320265095680952,,0.016658911481499672,0.0785965844988823,7.780041778460145e-05,,,,,,,,,,,,,,,,,,,,,,
49.194480999999996,XKF1,,,,,,,,,,,,,,,,,,,,,,,0.006193858552437081,-0.005338672082871199,,,0.018821235075738012,,,,,,0.0031404560431838036,-0.0187047930133424,,,,,,0.015062350779771805,,0.015062350779771805,-0.011285587213933468
49.194480999999996,POS,,,,,,,,,,,,,,,,,,,,,,,0.014215138165498133,-0.008840176817682208,,,,,37.4274999,-122.1697001,,,-0.011132000130089637,,,,14.020417213439941,,,,,,
49.294441,ATT,,,3,,,0.11,0.06,0.36,0.0,0.0,,,,0.1,,,,0.06,,,,0.34,,,,,,,,,,,,,,,,,,,,,
49.294441,RATE,79.45356750488281,40.052085876464844,,0.39316239953041077,0.39420440793037415,,,,,,-0.038094911724328995,0.3441828787326813,0.001151172909885645,,-0.8915175199508667,-0.8942182660102844,0.0015546680660918355,,0.03541460260748863,0.0807303935289383,7.281808211700991e-05,,,,,,,,,,,,,,,,,,,,,,
49.294441,XKF1,,,,,,,,,,,,,,,,,,,,,,,0.005457023169172941,-0.004632197320461273,,,0.020195307682529688,,,,,,0.0028847616631537676,-0.020121877613290335,,,,,,0.01799003779888153,,0.01799003779888153,-0.009176545776426792
49.294441,POS,,,,,,,,,,,,,,,,,,,,,,,0.014215138165498133,-0.008840176817682208,,,,,37.4274999,-122.1697001,,,-0.011132000130089637,,,,14.262296676635742,,,,,,
49.394400999999995,ATT,,,3,,,0.17,0.02,0.36,0.0,0.0,,,,0.15,,,,0.01,,,,0.35,,,,,,,,,,,,,,,,,,,,,
49.394400999999995,RATE,14.764785766601562,8.001898765563965,,0.37336671352386475,0.3529123365879059,,,,,,0.5784938931465149,1.1904284954071045,0.0012573071289807558,,-0.17233024537563324,0.7515965700149536,0.001985731301829219,,0.034969836473464966,0.07909354567527771,6.457637209678069e-05,,,,,,,,,,,,,,,,,,,,,,
49.394400999999995,XKF1,,,,,,,,,,,,,,,,,,,,,,,0.005477302232228578,-0.00423142034560442,,,0.01620994223049838,,,,,,0.0034779191482812166,-0.013010311191883665,,,,,,0.01619061641395092,,0.01619061641395092,-0.0007913073059171438
49.394400999999995,POS,,,,,,,,,,,,,,,,,,,,,,,0.014215138165498133,-0.008840176817682208,,,,,37.4274999,-122.1697001,,,-0.011132000130089637,,,,14.512506484985352,,,,,,
49.494361,ATT,,,3,,,0.15,0.11,0.36,0.0,0.0,,,,0.17,,,,0.09,,,,0.35,,,,,,,,,,,,,,,,,,,,,
49.494361,RATE,45.4737663269043,-8.182342529296875,,0.36857637763023376,0.15567977726459503,,,,,,-1.2051823139190674,-1.5436216592788696,-0.00039961468428373337,,0.8292592167854309,0.22603753209114075,-0.00035528180887922645,,0.036999981850385666,0.07707830518484116,5.7638648286229e-05,,,,,,,,,,,,,,,,,,,,,,
49.494361,XKF1,,,,,,,,,,,,,,,,,,,,,,,0.005418636426007598,-0.003951249178498983,,,0.01831949305760489,,,,,,0.003707998199388385,-0.018314523529071244,,,,,,0.013646858744323254,,0.013646858744323254,-0.012221582233905792
49.494361,POS,,,,,,,,,,,,,,,,,,,,,,,0.014215138165498133,-0.008840176817682208,,,,,37.4274999,-122.1697001,,,-0.011132000130089637,,,,14.767021179199219,,,,,,
49.594321,ATT,,,3,,,0.11,0.07,0.36,0.0,0.0,,,,0.11,,,,0.07,,,,0.35,,,,,,,,,,,,,,,,,,,,,
49.594321,RATE,1.54876708984375,-24.412254333496094,,0.3569262623786926,0.012355190701782703,,,,,,0.1094939336180687,0.29484158754348755,-0.0002185534976888448,,-0.789159893989563,-0.7343121767044067,0.0019935988821089268,,0.04599936306476593,0.07676225900650024,4.538092252914794e-05,,,,,,,,,,,,,,,,,,,,,,
49.594321,XKF1,,,,,,,,,,,,,,,,,,,,,,,0.005652536746092286,-0.004138123244047165,,,0.019389828704502496,,,,,,0.0038505983538925648,-0.018901819856447597,,,,,,0.016782457008957863,,0.016782457008957863,-0.009711570106446743
49.594321,POS,,,,,,,,,,,,,,,,,,,,,,,0.014215138165498133,-0.008840176817682208,,,,,37.4274999,-122.1697001,,,-0.011132000130089637,,,,15.021557807922363,,,,,,
49.694281,ATT,,,3,,,0.13,0.06,0.36,0.0,0.0,,,,0.13,,,,0.05,,,,0.35,,,,,,,,,,,,,,,,,,,,,
49.694281,RATE,50.990962982177734,-13.516582489013672,,0.36831042170524597,0.48332077264785767,,,,,,0.3779173195362091,-0.03367909789085388,-0.0015770820900797844,,0.20423536002635956,0.3472985029220581,0.00025829748483374715,,0.044030629098415375,0.0782695934176445,4.763417018693872e-05,,,,,,,,,,,,,,,,,,,,,,
49.694281,XKF1,,,,,,,,,,,,,,,,,,,,,,,0.0053685512925475964,-0.003818418364971876,,,0.016684523257739454,,,,,,0.0037737281527370214,-0.01653597490586545,,,,,,0.013322854414582253,,0.013322854414582253,-0.010043648071587086
49.694281,POS,,,,,,,,,,,,,,,,,,,,,,,0.014215138165498133,-0.008840176817682208,,,,,37.4274999,-122.1697001,,,-0.011132000130089637,,,,15.274494171142578,,,,,,
49.794241,ATT,,,3,,,0.18,0.17,0.36,0.0,0.0,,,,0.16,,,,0.13,,,,0.35,,,,,,,,,,,,,,,,,,,,,
49.794241,RATE,-50.03805160522461,33.42831039428711,,0.4221608340740204,0.5842834115028381,,,,,,0.7500364184379578,0.959409236907959,0.00042777921771630645,,1.270503282546997,2.396639108657837,0.0034707379527390003,,0.04597469046711922,0.07357414066791534,3.9357073546852916e-05,,,,,,,,,,,,,,,,,,,,,,
49.794241,XKF1,,,,,,,,,,,,,,,,,,,,,,,0.0067091705752534364,-0.0048654954880476,,,0.006156875347435247,,,,,,0.004619515500962734,-0.0039453937499832475,,,,,,-0.0003932559338863943,,-0.0003932559338863939,-0.006144303362816572
49.794241,POS,,,,,,,,,,,,,,,,,,,,,,,0.014215138165498133,-0.008840176817682208,,,,,37.4274999,-122.1697001,,,-0.011132000130089637,,,,15.52011775970459,,,,,,
49.894200999999995,ATT,,,3,,,0.16,0.38,0.36,0.0,0.0,,,,0.16,,,,0.36,,,,0.35,,,,,,,,,,,,,,,,,,,,,
49.894200999999995,RATE,38.46406936645508,24.543399810791016,,0.38496288657188416,0.400848388671875,,,,,,-0.48472946882247925,-0.5305325984954834,-0.00011301132326480001,,1.443007469177246,0.5596820712089539,-0.0016279544215649366,,0.0557185634970665,0.06597847491502762,2.219550879090093e-05,,,,,,,,,,,,,,,,,,,,,,
49.894200999999995,XKF1,,,,,,,,,,,,,,,,,,,,,,,0.008166629111550324,-0.006539550144225359,,,0.009789565100195676,,,,,,0.004891637247055769,-0.0029527707249019258,,,,,,-0.003226173343136907,,-0.0032261733431369066,-0.009242693893611431
49.894200999999995,POS,,,,,,,,,,,,,,,,,,,,,,,0.014215138165498133,-0.008840176817682208,,,,,37.4274999,-122.1697001,,,-0.011132000130089637,,,,15.764451026916504,,,,,,
49.994994,ATT,,,3,,,0.11,0.33,0.36,0.0,0.0,,,,0.11,,,,0.35,,,,0.35,,,,,,,,,,,,,,,,,,,,,
49.994994,RATE,-152.6028594970703,-0.10222441703081131,,0.3672178089618683,0.2512628734111786,,,,,,-0.6052173972129822,-0.9526798129081726,-4.570855526253581e-05,,-0.7960312366485596,-0.2922250032424927,0.0018811345798894763,,0.0532383993268013,0.04547279700636864,-2.2422582333092578e-06,,,,,,,,,,,,,,,,,,,,,,
49.994994,XKF1,,,,,,,,,,,,,,,,,,,,,,,0.009514636190048402,-0.007906101644039154,,,0.014852367176323948,,,,,,0.005293567664921284,-0.006509783183094694,,,,,,-0.0020180214196443566,,-0.0020180214196443558,-0.01471463218331337
49.994994,POS,,,,,,,,,,,,,,,,,,,,,,,0.014215138165498133,-0.008840176817682208,,,,,37.4274999,-122.1697001,,,-0.011132000130089637,,,,16.016462326049805,,,,,,
50.094954,ATT,,,3,,,0.02,0.31,0.36,0.0,0.0,,,,0.04,,,,0.31,,,,0.36,,,,,,,,,,,,,,,,,,,,,
50.094954,RATE,213.5556182861328,14.794395446777344,,0.38897907733917236,0.7214713096618652,,,,,,-1.369571328163147,-1.9087432622909546,-0.0008584749302826822,,-0.722558856010437,0.9116936326026917,0.005842145532369614,,0.04765947908163071,0.027336755767464638,-2.2655131033388898e-05,,,,,,,,,,,,,,,,,,,,,,
50.094954,XKF1,,,,,,,,,,,,,,,,,,,,,,,0.010201195178552943,-0.00891894195228815,,,0.019751560717389965,,,,,,0.004951450042426586,-0.006278924748610619,,,,,,-0.003599996911361815,,-0.0035999969113618135,-0.019420715048909187
50.094954,POS,,,,,,,,,,,,,,,,,,,,,,,0.014215138165498133,-0.008840176817682208,,,,,37.4274999,-122.1697001,,,-0.011132000130089637,,,,16.26409339904785,,,,,,
50.194914,ATT,,,3,,,-0.03,0.34,0.36,0.0,0.0,,,,-0.04,,,,0.35,,,,0.36,,,,,,,,,,,,,,,,,,,,,
50.194914,RATE,-2.7581214904785156,-13.841499328613281,,0.3613758385181427,0.11139848083257675,,,,,,0.08222018927335739,0.7383913993835449,0.0005500261904671788,,-0.13446460664272308,-0.5048303008079529,-0.000772964907810092,,0.04310300946235657,0.006375119090080261,-4.725965118268505e-05,,,,,,,,,,,,,,,,,,,,,,
50.194914,XKF1,,,,,,,,,,,,,,,,,,,,,,,0.01095259554423987,-0.01003305148333311,,,0.016363256910422733,,,,,,0.004392860922962427,-0.0076359981351091025,,,,,,0.0011903593549504865,,0.0011903593549504876,-0.01631990261375904
50.194914,POS,,,,,,,,,,,,,,,,,,,,,,,0.014215138165498133,-0.008840176817682208,,,,,37.4274999,-122.1697001,,,-0.011132000130089637,,,,16.51650619506836,,,,,,
50.294874,ATT,,,3,,,-0.08,0.25,0.36,0.0,0.0,,,,-0.07,,,,0.27,,,,0.36,,,,,,,,,,,,,,,,,,,,,
50.294874,RATE,6.9950103759765625,-24.459428787231445,,0.36057230830192566,0.046165019273757935,,,,,,-1.0358655452728271,-0.749965488910675,0.0005976409302093089,,-0.668769896030426,-0.6788138151168823,-0.00026111025363206863,,0.0387062206864357,-0.00686671445146203,-7.167924923123792e-05,,,,,,,,,,,,,,,,,,,,,,
50.294874,XKF1,,,,,,,,,,,,,,,,,,,,,,,0.010934858841595315,-0.010390149429440498,,,0.024204274403491977,,,,,,0.0034082154743373394,-0.013426721794316534,,,,,,0.006480959709733723,,0.006480959709733725,-0.02332046441733837
50.294874,POS,,,,,,,,,,,,,,,,,,,,,,,0.014215138165498133,-0.008840176817682208,,,,,37.4274999,-122.1697001,,,-0.011132000130089637,,,,16.77308464050293,,,,,,
50.394833999999996,ATT,,,3,,,-0.08,0.25,0.36,0.0,0.0,,,,-0.08,,,,0.24,,,,0.37,,,,,,,,,,,,,,,,,,,,,
50.394833999999996,RATE,-57.2871208190918,-44.420387268066406,,0.3444276452064514,0.20637407898902893,,,,,,0.28812459111213684,0.16482269763946533,-0.00021695520263165236,,0.12873205542564392,0.6384801268577576,0.0014907796867191792,,0.03645864874124527,-0.02429463528096676,-9.45571664487943e-05,,,,,,,,,,,,,,,,,,,,,,
50.394833999999996,XKF1,,,,,,,,,,,,,,,,,,,,,,,0.011170503825723856,-0.01082002092152834,,,0.02202936440690803,,,,,,0.002776202978566289,-0.00964446901259465,,,,,,0.004419488832354544,,0.004419488832354546,-0.0215814970433712
50.394833999999996,POS,,,,,,,,,,,,,,,,,,,,,,,0.014215138165498133,-0.008840176817682208,,,,,37.4274999,-122.1697001,,,-0.011132000130089637,,,,17.03022003173828,,,,,,
50.494794,ATT,,,3,,,-0.06,0.26,0.36,0.0,0.0,,,,-0.06,,,,0.26,,,,0.37,,,,,,,,,,,,,,,,,,,,,
50.494794,RATE,2.342510223388672,-22.42292022705078,,0.3721415400505066,0.20722155272960663,,,,,,0.16340766847133636,0.22953130304813385,0.0003063771582674235,,-0.13721847534179688,-0.2273169606924057,0.0002399938239250332,,0.02865942008793354,-0.03338456153869629,-0.00010668238246580586,,,,,,,,,,,,,,,,,,,,,,
50.494794,XKF1,,,,,,,,,,,,,,,,,,,,,,,0.01127773064339987,-0.011066985316574574,,,0.021364735088246243,,,,,,0.002170033287256956,-0.011374541237008812,,,,,,0.007682091556489467,,0.007682091556489468,-0.019935831427574158
50.494794,POS,,,,,,,,,,,,,,,,,,,,,,,0.014215138165498133,-0.008840176817682208,,,,,37.4274999,-122.1697001,,,-0.011132000130089637,,,,17.283681869506836,,,,,,
50.594753999999995,ATT,,,3,,,-0.11,0.27,0.36,0.0,0.0,,,,-0.1,,,,0.25,,,,0.37,,,,,,,,,,,,,,,,,,,,,
50.594753999999995,RATE,-124.53871154785156,-0.5667229890823364,,0.392357736825943,1.2510496377944946,,,,,,-1.1442819833755493,-0.909473717212677,0.00020810705609619617,,0.5885624289512634,2.2496237754821777,0.0032265647314488888,,0.01586909033358097,-0.04506250470876694,-0.00010527730046305805,,,,,,,,,,,,,,,,,,,,,,
50.594753999999995,XKF1,,,,,,,,,,,,,,,,,,,,,,,0.01167368432197764,-0.011534906923770905,,,0.020084850118301995,,,,,,0.0017946665175259113,-0.0008543250119438059,,,,,,-0.002240802859887482,,-0.0022408028598874807,-0.019959459081292152
50.594753999999995,POS,,,,,,,,,,,,,,,,,,,,,,,0.014215138165498133,-0.008840176817682208,,,,,37.4274999,-122.1697001,,,-0.011132000130089637,,,,17.533056259155273,,,,,,
50.694714,ATT,,,3,,,-0.07,0.4,0.36,0.0,0.0,,,,-0.07,,,,0.38,,,,0.37,,,,,,,,,,,,,,,,,,,,,
50.694714,RATE,125.27780151367188,17.32598114013672,,0.39216598868370056,0.18887361884117126,,,,,,0.47656869888305664,-0.23329409956932068,-0.002469063736498356,,0.5919386744499207,0.6338983178138733,0.00041310637607239187,,-0.002603336004540324,-0.047268252819776535,-9.776962542673573e-05,,,,,,,,,,,,,,,,,,,,,,
50.694714,XKF1,,,,,,,,,,,,,,,,,,,,,,,0.012608939106702207,-0.012494288384914398,,,0.021120178439408655,,,,,,0.0016964973183348775,-0.003113102043220326,,,,,,0.00027417385717853774,,0.00027417385717853904,-0.021118398755788803
50.694714,POS,,,,,,,,,,,,,,,,,,,,,,,0.014215138165498133,-0.008840176817682208,,,,,37.4274999,-122.1697001,,,-0.011132000130089637,,,,17.777719497680664,,,,,,
50.794674,ATT,,,3,,,-0.04,0.32,0.36,0.0,0.0,,,,-0.05,,,,0.33,,,,0.37,,,,,,,,,,,,,,,,,,,,,
50.794674,RATE,117.37794494628906,7.785937786102295,,0.3706260621547699,0.713131308555603,,,,,,0.0956261157989502,-0.19176065921783447,0.0003134903672616929,,-1.4402285814285278,-1.4972323179244995,0.001107618911191821,,-0.010599539615213871,-0.06076248362660408,-9.368913742946461e-05,,,,,,,,,,,,,,,,,,,,,,
50.794674,XKF1,,,,,,,,,,,,,,,,,,,,,,,0.013346303827225013,-0.013122216798365116,,,0.02238580960977124,,,,,,0.002435416216030717,-0.013630488922606432,,,,,,0.010161236859858034,,0.010161236859858036,-0.01994677260518074
50.794674,POS,,,,,,,,,,,,,,,,,,,,,,,0.014215138165498133,-0.008840176817682208,,,,,37.4274999,-122.1697001,,,-0.011132000130089637,,,,18.024169921875,,,,,,
50.894633999999996,ATT,,,3,,,-0.03,0.3,0.36,0.0,0.0,,,,-0.05,,,,0.28,,,,0.38,,,,,,,,,,,,,,,,,,,,,
50.894633999999996,RATE,62.583351135253906,13.747631072998047,,0.3871898651123047,0.10078027844429016,,,,,,0.19447025656700134,0.3624104857444763,0.0010500387288630009,,0.7330304980278015,2.134854316711426,0.0026377220638096333,,-0.011130760423839092,-0.061887871474027634,-9.5444280304946e-05,,,,,,,,,,,,,,,,,,,,,,
50.894633999999996,XKF1,,,,,,,,,,,,,,,,,,,,,,,0.013831302291820842,-0.013487710617482662,,,0.01881223475977697,,,,,,0.003063753480091691,-0.005133887731474451,,,,,,0.0009974543936550606,,0.0009974543936550617,-0.01878577284514904
50.894633999999996,POS,,,,,,,,,,,,,,,,,,,,,,,0.014215138165498133,-0.008840176817682208,,,,,37.4274999,-122.1697001,,,-0.011132000130089637,,,,18.271421432495117,,,,,,
50.994594,ATT,,,3,,,0.0,0.43,0.36,0.0,0.0,,,,-0.01,,,,0.41,,,,0.37,,,,,,,,,,,,,,,,,,,,,
50.994594,RATE,46.657371520996094,-13.33789348602295,,0.3531883955001831,0.22012728452682495,,,,,,-0.14372071623802185,0.17241977155208588,0.001934463856741786,,0.89239501953125,0.26044872403144836,-0.0014340041670948267,,-0.011871161870658398,-0.05947735905647278,-9.748002048581839e-05,,,,,,,,,,,,,,,,,,,,,,
50.994594,XKF1,,,,,,,,,,,,,,,,,,,,,,,0.015533256798212684,-0.014805253595113754,,,0.01587433434756215,,,,,,0.004699631128460169,-0.008349385511095852,,,,,,0.0038732467219233504,,0.0038732467219233513,-0.015394559130072594
50.994594,POS,,,,,,,,,,,,,,,,,,,,,,,0.014215138165498133,-0.008840176817682208,,,,,37.4274999,-122.1697001,,,-0.011132000130089637,,,,18.52104949951172,,,,,,
51.094553999999995,ATT,,,3,,,-0.04,0.38,0.36,0.0,0.0,,,,-0.04,,,,0.39,,,,0.37,,,,,,,,,,,,,,,,,,,,,
51.094553999999995,RATE,8.36639404296875,-15.25701904296875,,0.3643013834953308,0.047734953463077545,,,,,,-0.38696053624153137,0.0032095988281071186,0.000800427224021405,,-0.5897773504257202,-0.5748526453971863,0.0007833544514141977,,-0.017595848068594933,-0.04513974487781525,-7.954453030833974e-05,,,,,,,,,,,,,,,,,,,,,,
51.094553999999995,XKF1,,,,,,,,,,,,,,,,,,,,,,,0.01639420362147917,-0.015338379889726639,,,0.020919203882974264,,,,,,0.005788265261799097,-0.014504165437458184,,,,,,0.008247723802924154,,0.008247723802924156,-0.019224675372242928
51.094553999999995,POS,,,,,,,,,,,,,,,,,,,,,,,0.014215138165498133,-0.008840176817682208,,,,,37.4274999,-122.1697001,,,-0.011132000130089637,,,,18.772960662841797,,,,,,
51.194514,ATT,,,3,,,0.0,0.37,0.36,0.0,0.0,,,,-0.01,,,,0.38,,,,0.37,,,,,,,,,,,,,,,,,,,,,
51.194514,RATE,-92.34905242919922,-10.405787467956543,,0.36653122305870056,0.20122401416301727,,,,,,0.7106283903121948,1.0368751287460327,0.0011037017684429884,,-0.0183245912194252,-0.0658339411020279,-0.0005118806147947907,,-0.019465025514364243,-0.036213647574186325,-5.535445234272629e-05,,,,,,,,,,,,,,,,,,,,,,
51.194514,XKF1,,,,,,,,,,,,,,,,,,,,,,,0.017491408700815798,-0.015596592798829079,,,0.016196478009417595,,,,,,0.007918059825897217,-0.012508619823353207,,,,,,0.006495998241007327,,0.006495998241007328,-0.014836708083748817
51.194514,POS,,,,,,,,,,,,,,,,,,,,,,,0.008840176817682208,-0.008840176817682208,,,,,37.4275,-122.1697001,,,0.0,,,,19.023038864135742,,,,,,
51.294474,ATT,,,3,,,0.18,0.28,0.36,0.0,0.0,,,,0.14,,,,0.3,,,,0.37,,,,,,,,,,,,,,,,,,,,,
51.294474,RATE,25.761032104492188,8.430562973022461,,0.3815321922302246,0.10769102722406387,,,,,,3.0579912662506104,3.1000185012817383,-0.0015574906719848514,,-1.0904432535171509,-0.26890066266059875,0.002315544756129384,,-0.024760115891695023,-0.01923588663339615,-2.766926263575442e-05,,,,,,,,,,,,,,,,,,,,,,
51.294474,XKF1,,,,,,,,,,,,,,,,,,,,,,,0.018402243617497312,-0.01510638277977705,,,0.009830016468747056,,,,,,0.010509032756090164,-0.009161858284118977,,,,,,0.009555262513458729,,0.009555262513458729,-0.002307852264493704
51.294474,POS,,,,,,,,,,,,,,,,,,,,,,,0.008840176817682208,-0.008840176817682208,,,,,37.4275,-122.1697001,,,0.0,,,,19.269874572753906,,,,,,
51.394434,ATT,,,3,,,0.36,0.29,0.36,0.0,0.0,,,,0.34,,,,0.29,,,,0.36,,,,,,,,,,,,,,,,,,,,,
51.394434,RATE,-84.08222198486328,18.503358840942383,,0.39163193106651306,0.591529130935669,,,,,,1.7436391115188599,1.4470564126968384,-0.0006465540500357747,,-0.26258206367492676,-0.2505095601081848,0.0004438217729330063,,-0.02434435486793518,-0.00121202296577394,-1.3566559573519044e-06,,,,,,,,,,,,,,,,,,,,,,
51.394434,XKF1,,,,,,,,,,,,,,,,,,,,,,,0.020687609023727068,-0.014593984931707382,,,0.012328013351062298,,,,,,0.014662631787359715,-0.0069010925547800155,,,,,,0.012108668684959412,,0.012108668684959412,0.002315179444849491
51.394434,POS,,,,,,,,,,,,,,,,,,,,,,,0.008840176817682208,-0.008840176817682208,,,,,37.4275,-122.1697001,,,0.0,,,,19.516054153442383,,,,,,
51.494394,ATT,,,3,,,0.38,0.26,0.36,0.0,0.0,,,,0.4,,,,0.26,,,,0.36,,,,,,,,,,,,,,,,,,,,,
51.494394,RATE,57.3613166809082,3.1999876499176025,,0.3679457902908325,0.03169115260243416,,,,,,-0.3413792848587036,-0.9623740911483765,-0.0003428452764637768,,-0.40124598145484924,-0.1681932955980301,0.0014946057926863432,,-0.030729101970791817,0.02324008382856846,3.30495422531385e-05,,,,,,,,,,,,,,,,,,,,,,
51.494394,XKF1,,,,,,,,,,,,,,,,,,,,,,,0.02226922401837823,-0.013641368597745895,,,0.016620430694586585,,,,,,0.01760202832520008,-0.014870686371552096,,,,,,0.014976585283875465,,0.014976585283875465,-0.007206983398646116
51.494394,POS,,,,,,,,,,,,,,,,,,,,,,,0.008840176817682208,-0.008840176817682208,,,,,37.4275,-122.1697001,,,0.0,,,,19.764484405517578,,,,,,
51.594353999999996,ATT,,,3,,,0.27,0.25,0.36,0.0,0.0,,,,0.29,,,,0.24,,,,0.35,,,,,,,,,,,,,,,,,,,,,
51.594353999999996,RATE,95.32356262207031,37.06479263305664,,0.41654273867607117,0.19210904836654663,,,,,,-0.6354432106018066,-0.5110045671463013,-0.0006798055255785584,,0.11656985431909561,-0.07027268409729004,-0.0012588798999786377,,-0.02707429602742195,0.06266382336616516,8.577460539527237e-05,,,,,,,,,,,,,,,,,,,,,,
51.594353999999996,XKF1,,,,,,,,,,,,,,,,,,,,,,,0.024271973872537236,-0.013027100823819637,,,0.017959540368720637,,,,,,0.020479828119277954,-0.01650860529886141,,,,,,0.014827368780970573,,0.014827368780970573,-0.010133815929293633
51.594353999999996,POS,,,,,,,,,,,,,,,,,,,,,,,0.008840176817682208,-0.008840176817682208,,,,,37.4275,-122.1697001,,,0.0,,,,20.009550094604492,,,,,,
51.694314,ATT,,,3,,,0.33,0.18,0.36,0.0,0.0,,,,0.32,,,,0.19,,,,0.34,,,,,,,,,,,,,,,,,,,,,
51.694314,RATE,-32.676029205322266,45.068641662597656,,0.40744560956954956,0.04300333559513092,,,,,,1.141743540763855,0.675589919090271,-0.0019985020626336336,,-0.9959046244621277,-1.4177955389022827,-0.00143440964166075,,-0.012133704498410225,0.09898440539836884,0.0001338497968390584,,,,,,,,,,,,,,,,,,,,,,
51.694314,XKF1,,,,,,,,,,,,,,,,,,,,,,,0.025323521080733737,-0.011741958558559418,,,0.02004339177105776,,,,,,0.022436736151576042,-0.01562861011825078,,,,,,0.018365340307354927,,0.018365340307354927,-0.008028189651668072
51.694314,POS,,,,,,,,,,,,,,,,,,,,,,,0.014215138165498133,-0.008840176817682208,,,,,37.4275001,-122.1697001,,,0.011132000130089637,,,,20.25278663635254,,,,,,
51.794274,ATT,,,3,,,0.41,0.27,0.36,0.0,0.0,,,,0.4,,,,0.25,,,,0.34,,,,,,,,,,,,,,,,,,,,,
51.794274,RATE,138.9529266357422,32.404571533203125,,0.3892991244792938,0.929856538772583,,,,,,1.1011937856674194,0.36878108978271484,-0.0028973594307899475,,1.7560818195343018,1.593464732170105,-0.0021976258140057325,,0.0065670134499669075,0.12786449491977692,0.00016299192793667316,,,,,,,,,,,,,,,,,,,,,,
51.794274,XKF1,,,,,,,,,,,,,,,,,,,,,,,0.02846947662148486,-0.01149174477905035,,,0.010980319609228753,,,,,,0.02604709006845951,-0.009440044612432703,,,,,,0.008941588923335075,,0.008941588923335075,-0.006373021751642227
51.794274,POS,,,,,,,,,,,,,,,,,,,,,,,0.014215138165498133,-0.008840176817682208,,,,,37.4275001,-122.1697001,,,0.011132000130089637,,,,20.49678611755371,,,,,,
51.894234,ATT,,,3,,,0.39,0.32,0.36,0.0,0.0,,,,0.39,,,,0.32,,,,0.33,,,,,,,,,,,,,,,,,,,,,
51.894234,RATE,56.57520294189453,-15.405006408691406,,0.35247910022735596,0.40435436367988586,,,,,,-0.3155897259712219,-0.2894659638404846,0.000676326104439795,,0.16547949612140656,-0.26971444487571716,-0.0006433248636312783,,0.01802646368741989,0.14779694378376007,0.00018414825899526477,,,,,,,,,,,,,,,,,,,,,,
51.894234,XKF1,,,,,,,,,,,,,,,,,,,,,,,0.03023246036519677,-0.01112010795623064,,,0.014729512615831981,,,,,,0.028113072738051414,-0.01352701386795551,,,,,,0.010395972989499569,,0.010395972989499569,-0.010434667579829693
51.894234,POS,,,,,,,,,,,,,,,,,,,,,,,0.014215138165498133,-0.008840176817682208,,,,,37.4275001,-122.1697001,,,0.011132000130089637,,,,20.75105094909668,,,,,,
51.994194,ATT,,,3,,,0.32,0.33,0.36,0.0,0.0,,,,0.33,,,,0.34,,,,0.33,,,,,,,,,,,,,,,,,,,,,
51.994194,RATE,-38.21096420288086,1.4226739406585693,,0.39739131927490234,0.5903334021568298,,,,,,-1.3316293954849243,-1.0205520391464233,0.0016083086375147104,,0.24499939382076263,-1.014019250869751,-0.0037674293853342533,,0.02532089874148369,0.1543637067079544,0.0001886561221908778,,,,,,,,,,,,,,,,,,,,,,
51.994194,XKF1,,,,,,,,,,,,,,,,,,,,,,,0.03283318349860407,-0.011185357347130775,,,0.02294916684597343,,,,,,0.030869171023368835,-0.021801967925525332,,,,,,0.014163812622427939,,0.01416381262242794,-0.018056873232126236
51.994194,POS,,,,,,,,,,,,,,,,,,,,,,,0.014215138165498133,-0.008840176817682208,,,,,37.4275001,-122.1697001,,,0.011132000130089637,,,,21.00393295288086,,,,,,
52.094986999999996,ATT,,,3,,,0.4,0.25,0.36,0.0,0.0,,,,0.34,,,,0.24,,,,0.33,,,,,,,,,,,,,,,,,,,,,
52.094986999999996,RATE,-101.92460632324219,-1.1781721115112305,,0.3748495280742645,0.14471080899238586,,,,,,3.0994393825531006,7.788269996643066,0.009403981268405914,,0.9146972298622131,1.385453462600708,-0.0009033656679093838,,0.06052098423242569,0.14506039023399353,0.00015827163588255644,,,,,,,,,,,,,,,,,,,,,,
52.094986999999996,XKF1,,,,,,,,,,,,,,,,,,,,,,,0.034962052882609805,-0.010764927603304386,,,0.020348700204900604,,,,,,0.033263515681028366,0.0128514402555779,,,,,,0.011053407564759256,,0.011053407564759254,0.017084840685129166
52.094986999999996,POS,,,,,,,,,,,,,,,,,,,,,,,0.014215138165498133,-0.008840176817682208,,,,,37.4275001,-122.1697001,,,0.011132000130089637,,,,21.254831314086914,,,,,,
52.194947,ATT,,,3,,,0.85,0.25,0.37,0.0,0.0,,,,0.82,,,,0.25,,,,0.34,,,,,,,,,,,,,,,,,,,,,
52.194947,RATE,130.07974243164062,24.758438110351562,,0.39989781379699707,0.794185996055603,,,,,,2.252263069152832,-0.037523698061704636,-0.002999322023242712,,-0.6622155904769897,-0.8391665816307068,3.7490506656467915e-05,,0.06764563173055649,0.11853175610303879,0.00011086861923104152,,,,,,,,,,,,,,,,,,,,,,
52.194947,XKF1,,,,,,,,,,,,,,,,,,,,,,,0.03983733634948321,-0.010810784064233303,,,0.016875541684220178,,,,,,0.03834240883588791,-0.002104475418887615,,,,,,0.016686581075191498,,0.016686581075191498,0.0025183167308568954
52.194947,POS,,,,,,,,,,,,,,,,,,,,,,,0.023954840816264294,-0.008840176817682208,,,,,37.4275002,-122.1697001,,,0.0222639994692031,,,,21.500864028930664,,,,,,
52.294906999999995,ATT,,,3,,,0.65,0.27,0.36,0.0,0.0,,,,0.69,,,,0.26,,,,0.34,,,,,,,,,,,,,,,,,,,,,
52.294906999999995,RATE,59.20000076293945,3.2873635292053223,,0.38270798325538635,0.07933889329433441,,,,,,-1.9726107120513916,-1.646988868713379,0.0020474272314459085,,0.5760599970817566,0.34352168440818787,-0.0011811559088528156,,0.07665497064590454,0.09235172718763351,5.483447603182867e-05,,,,,,,,,,,,,,,,,,,,,,
52.294906999999995,XKF1,,,,,,,,,,,,,,,,,,,,,,,0.042435250896316314,-0.01088277529925108,,,0.015855240443276283,,,,,,0.04101604223251343,-0.012451599485716192,,,,,,0.012680629268288612,,0.012680629268288612,-0.009517893195152283
52.294906999999995,POS,,,,,,,,,,,,,,,,,,,,,,,0.023954840816264294,-0.008840176817682208,,,,,37.4275002,-122.1697001,,,0.0222639994692031,,,,21.752426147460938,,,,,,
52.394867,ATT,,,3,,,0.58,0.24,0.36,0.0,0.0,,,,0.59,,,,0.25,,,,0.35,,,,,,,,,,,,,,,,,,,,,
52.394867,RATE,41.341495513916016,-1.8424503803253174,,0.3818133771419525,0.46570274233818054,,,,,,-0.38399946689605713,-0.7504686713218689,-0.0018604801734909415,,-0.6092736124992371,-1.727704405784607,-0.0029018279165029526,,0.07783573120832443,0.07706599682569504,1.6056932508945465e-05,,,,,,,,,,,,,,,,,,,,,,
52.394867,XKF1,,,,,,,,,,,,,,,,,,,,,,,0.04443099076465409,-0.011122295632958412,,,0.02668461254178725,,,,,,0.04301636293530464,-0.02095011250500131,,,,,,0.021245762705802917,,0.021245762705802917,-0.016145776957273483
52.394867,POS,,,,,,,,,,,,,,,,,,,,,,,0.023954840816264294,-0.008840176817682208,,,,,37.4275002,-122.1697001,,,0.0222639994692031,,,,22.006738662719727,,,,,,
52.494827,ATT,,,3,,,0.62,0.05,0.36,0.0,0.0,,,,0.6,,,,0.09,,,,0.35,,,,,,,,,,,,,,,,,,,,,
52.494827,RATE,6.1870574951171875,-27.356704711914062,,0.35817357897758484,0.22259466350078583,,,,,,0.030467018485069275,-0.18088458478450775,0.0005267844535410404,,-3.0135622024536133,-2.843200922012329,-0.0013123985845595598,,0.06838226318359375,0.06683949381113052,-4.311665634304518e-06,,,,,,,,,,,,,,,,,,,,,,
52.494827,XKF1,,,,,,,,,,,,,,,,,,,,,,,0.04563930990644486,-0.010128284804522991,,,0.03365202530881044,,,,,,0.04450128600001335,-0.022583857708643698,,,,,,0.029338229447603226,,0.029338229447603226,-0.016484146937727928
52.494827,POS,,,,,,,,,,,,,,,,,,,,,,,0.023954840816264294,-0.008840176817682208,,,,,37.4275002,-122.1697001,,,0.0222639994692031,,,,22.26279067993164,,,,,,
52.594787,ATT,,,3,,,0.38,0.1,0.36,0.0,0.0,,,,0.41,,,,0.05,,,,0.35,,,,,,,,,,,,,,,,,,,,,
52.594787,RATE,-254.68592834472656,-32.644874572753906,,0.36185067892074585,0.6684809923171997,,,,,,-3.7498912811279297,-2.3753576278686523,0.0036197728477418423,,2.700052261352539,4.4527106285095215,0.002033611759543419,,0.06777744740247726,0.05076592415571213,-1.7081081750802696e-05,,,,,,,,,,,,,,,,,,,,,,
52.594787,XKF1,,,,,,,,,,,,,,,,,,,,,,,0.045730701709621326,-0.00955154187977314,,,0.03281696174450532,,,,,,0.04472208768129349,-0.03275690514827736,,,,,,0.008782477118074892,,0.008782477118074894,-0.03161994740366936
52.594787,POS,,,,,,,,,,,,,,,,,,,,,,,0.03454622288187012,-0.008840176817682208,,,,,37.4275003,-122.1697001,,,0.033395999599292736,,,,22.520376205444336,,,,,,
52.694747,ATT,,,3,,,0.32,0.39,0.36,0.0,0.0,,,,0.3,,,,0.34,,,,0.36,,,,,,,,,,,,,,,,,,,,,
52.694747,RATE,114.72892761230469,-26.04795265197754,,0.3591092824935913,0.7999196648597717,,,,,,-0.25181689858436584,-0.046696603298187256,-0.00021567457588389516,,2.0650689601898193,1.5131505727767944,-0.00032885733526200056,,0.07471314072608948,0.027844417840242386,-5.0827362429117784e-05,,,,,,,,,,,,,,,,,,,,,,
52.694747,XKF1,,,,,,,,,,,,,,,,,,,,,,,0.04519976603788194,-0.010372239165008068,,,0.03482578700664788,,,,,,0.04399358481168747,-0.034695782768935444,,,,,,0.005035715177655218,,0.00503571517765522,-0.03445978835225105
52.694747,POS,,,,,,,,,,,,,,,,,,,,,,,0.023954840816264294,-0.008840176817682208,,,,,37.4275002,-122.1697001,,,0.0222639994692031,,,,22.77298355102539,,,,,,
52.794706999999995,ATT,,,3,,,0.32,0.48,0.36,0.0,0.0,,,,0.3,,,,0.47,,,,0.37,,,,,,,,,,,,,,,,,,,,,
52.794706999999995,RATE,75.51631927490234,-24.867042541503906,,0.36576804518699646,0.44075149297714233,,,,,,0.05849030986428261,0.31880250573158264,0.0006388354813680053,,1.158358097076416,0.9492011070251465,-0.0004306513874325901,,0.06850843131542206,-0.013861775398254395,-9.489494550507516e-05,,,,,,,,,,,,,,,,,,,,,,
52.794706999999995,XKF1,,,,,,,,,,,,,,,,,,,,,,,0.04521487940845748,-0.011959416791796684,,,0.03515959698380598,,,,,,0.04360456019639969,-0.03378073494955521,,,,,,-0.0004675276868511013,,-0.00046752768685109913,-0.0351564884185791
52.794706999999995,POS,,,,,,,,,,,,,,,,,,,,,,,0.023954840816264294,-0.008840176817682208,,,,,37.4275002,-122.1697001,,,0.0222639994692031,,,,23.026443481445312,,,,,,
52.894667,ATT,,,3,,,0.33,0.46,0.36,0.0,0.0,,,,0.31,,,,0.49,,,,0.38,,,,,,,,,,,,,,,,,,,,,
52.894667,RATE,128.12432861328125,-28.607765197753906,,0.3606189489364624,0.4697321951389313,,,,,,-0.11199174076318741,0.17407648265361786,0.0005799430655315518,,-0.9179143309593201,-1.533674955368042,-0.0018729617586359382,,0.06373966485261917,-0.048977602273225784,-0.00014317316527012736,,,,,,,,,,,,,,,,,,,,,,
52.894667,XKF1,,,,,,,,,,,,,,,,,,,,,,,0.04463285736542442,-0.01317689847201109,,,0.03319967683224037,,,,,,0.04264342039823532,-0.0327640837777554,,,,,,0.004551474936306475,,0.004551474936306477,-0.03288620710372925
52.894667,POS,,,,,,,,,,,,,,,,,,,,,,,0.023954840816264294,-0.008840176817682208,,,,,37.4275002,-122.1697001,,,0.0222639994692031,,,,23.280153274536133,,,,,,
52.994627,ATT,,,3,,,0.36,0.43,0.36,0.0,0.0,,,,0.37,,,,0.44,,,,0.39,,,,,,,,,,,,,,,,,,,,,
52.994627,RATE,-52.25515365600586,-35.60396194458008,,0.3570769429206848,0.4652007520198822,,,,,,-0.6338889598846436,-2.2755305767059326,-0.0027093454264104366,,-0.009609208442270756,-0.30337393283843994,-0.0009658531052991748,,0.05040844902396202,-0.10549455881118774,-0.00020406662952154875,,,,,,,,,,,,,,,,,,,,,,
52.994627,XKF1,,,,,,,,,,,,,,,,,,,,,,,0.04459444669793188,-0.014514584094285965,,,0.04196610106864247,,,,,,0.04216623678803444,-0.04133711300043778,,,,,,0.0066099762916564915,,0.006609976291656494,-0.04144227132201195
52.994627,POS,,,,,,,,,,,,,,,,,,,,,,,0.023954840816264294,-0.008840176817682208,,,,,37.4275002,-122.1697001,,,0.0222639994692031,,,,23.535253524780273,,,,,,
53.094587,ATT,,,3,,,0.2,0.42,0.36,0.0,0.0,,,,0.22,,,,0.43,,,,0.4,,,,,,,,,,,,,,,,,,,,,
53.094587,RATE,-43.11809539794922,-26.48334312438965,,0.35593870282173157,0.20488987863063812,,,,,,-1.5157361030578613,-1.257112741470337,0.0012401206186041236,,-0.0431901291012764,-0.21721182763576508,-0.00023882913228590041,,0.037511106580495834,-0.14315281808376312,-0.00025978463236242533,,,,,,,,,,,,,,,,,,,,,,
53.094587,XKF1,,,,,,,,,,,,,,,,,,,,,,,0.04322110744993117,-0.015529009513556957,,,0.04660942393868632,,,,,,0.040335021913051605,-0.04551435667441464,,,,,,0.006979652680456636,,0.006979652680456638,-0.04608386754989624
53.094587,POS,,,,,,,,,,,,,,,,,,,,,,,0.023954840816264294,-0.008840176817682208,,,,,37.4275002,-122.1697001,,,0.0222639994692031,,,,23.787187576293945,,,,,,
53.194547,ATT,,,3,,,0.17,0.39,0.36,0.0,0.0,,,,0.16,,,,0.39,,,,0.4,,,,,,,,,,,,,,,,,,,,,
53.194547,RATE,102.75039672851562,-9.882196426391602,,0.3688395023345947,0.376426100730896,,,,,,-0.0399077869951725,-0.5693283081054688,-0.002033142140135169,,-0.4397934675216675,-0.07956811785697937,0.0006579502369277179,,0.0063722929917275906,-0.18504101037979126,-0.0002960213168989867,,,,,,,,,,,,,,,,,,,,,,
53.194547,XKF1,,,,,,,,,,,,,,,,,,,,,,,0.04222961457719077,-0.01663251221179962,,,0.0495877972678801,,,,,,0.03881623223423958,-0.04774290086723466,,,,,,0.006486906204372642,,0.006486906204372644,-0.04916166886687279
53.194547,POS,,,,,,,,,,,,,,,,,,,,,,,0.028430275711575848,-0.017680353635364417,,,,,37.4275002,-122.1697002,,,0.0222639994692031,,,,24.03489112854004,,,,,,
53.294506999999996,ATT,,,3,,,0.15,0.32,0.36,0.0,0.0,,,,0.14,,,,0.32,,,,0.41,,,,,,,,,,,,,,,,,,,,,
53.294506999999996,RATE,-105.95340728759766,-38.09493637084961,,0.3318905234336853,0.08436097949743271,,,,,,0.24411296844482422,0.5137017369270325,-0.0007661579875275493,,-0.6183204054832458,-0.31837427616119385,0.0002526838215999305,,-0.014680704101920128,-0.19696474075317383,-0.0003072534454986453,,,,,,,,,,,,,,,,,,,,,,
53.294506999999996,XKF1,,,,,,,,,,,,,,,,,,,,,,,0.040510736915183615,-0.016904138028621674,,,0.04711119300371555,,,,,,0.036815349012613297,-0.04680055089035399,,,,,,0.014620222151279446,,0.01462022215127945,-0.04478519409894943
53.294506999999996,POS,,,,,,,,,,,,,,,,,,,,,,,0.028430275711575848,-0.017680353635364417,,,,,37.4275002,-122.1697002,,,0.0222639994692031,,,,24.288660049438477,,,,,,
53.394467,ATT,,,3,,,0.19,0.33,0.36,0.0,0.0,,,,0.18,,,,0.32,,,,0.41,,,,,,,,,,,,,,,,,,,,,
53.394467,RATE,-125.36334991455078,-7.438973903656006,,0.3769581913948059,0.6155513525009155,,,,,,0.2525866627693176,-0.7845963835716248,-0.002861174289137125,,0.5028451681137085,0.3163115084171295,-0.0008996372343972325,,-0.03450727462768555,-0.2046702355146408,-0.00029928694129921496,,,,,,,,,,,,,,,,,,,,,,
53.394467,XKF1,,,,,,,,,,,,,,,,,,,,,,,0.039503441749922055,-0.01735778898000717,,,0.05246830792164011,,,,,,0.03548561781644821,-0.051822573656608625,,,,,,0.015399110503494736,,0.01539911050349474,-0.050157658755779266
53.394467,POS,,,,,,,,,,,,,,,,,,,,,,,0.028430275711575848,-0.017680353635364417,,,,,37.4275002,-122.1697002,,,0.0222639994692031,,,,24.53914451599121,,,,,,
53.494426999999995,ATT,,,3,,,0.1,0.35,0.36,0.0,0.0,,,,0.1,,,,0.35,,,,0.4,,,,,,,,,,,,,,,,,,,,,
53.494426999999995,RATE,19.38924789428711,39.10719680786133,,0.40206262469291687,0.35510697960853577,,,,,,-0.8821315765380859,-0.9021154046058655,3.046882920898497e-05,,-0.24425409734249115,-0.7367753982543945,-0.00040353427175432444,,-0.06749552488327026,-0.18130828440189362,-0.00025034116697497666,,,,,,,,,,,,,,,,,,,,,,
53.494426999999995,XKF1,,,,,,,,,,,,,,,,,,,,,,,0.03758486908674203,-0.01756071299314499,,,0.05305907510336762,,,,,,0.03323016315698624,-0.05238896508724935,,,,,,0.017045501619577404,,0.017045501619577408,-0.05024655535817146
53.494426999999995,POS,,,,,,,,,,,,,,,,,,,,,,,0.028430275711575848,-0.017680353635364417,,,,,37.4275002,-122.1697002,,,0.0222639994692031,,,,24.779054641723633,,,,,,
53.594387,ATT,,,3,,,0.03,0.31,0.36,0.0,0.0,,,,0.03,,,,0.29,,,,0.39,,,,,,,,,,,,,,,,,,,,,
53.594387,RATE,-171.16136169433594,44.087223052978516,,0.3962884545326233,0.3861244022846222,,,,,,-0.40061336755752563,-0.5911160707473755,-0.0008638878352940083,,-0.14387808740139008,0.6967374086380005,0.0024913065135478973,,-0.08324440568685532,-0.14613179862499237,-0.00018047737830784172,,,,,,,,,,,,,,,,,,,,,,
53.594387,XKF1,,,,,,,,,,,,,,,,,,,,,,,0.03579229568032373,-0.017706701532006264,,,0.05428794944576197,,,,,,0.0311056450009346,-0.05266691736263073,,,,,,0.01461154222488403,,0.014611542224884033,-0.05228464677929878
53.594387,POS,,,,,,,,,,,,,,,,,,,,,,,0.028430275711575848,-0.017680353635364417,,,,,37.4275002,-122.1697002,,,0.0222639994692031,,,,25.018627166748047,,,,,,
53.694347,ATT,,,3,,,0.04,0.34,0.36,0.0,0.0,,,,0.02,,,,0.33,,,,0.38,,,,,,,,,,,,,,,,,,,,,
53.694347,RATE,120.59030151367188,59.73223876953125,,0.40152478218078613,1.0097020864486694,,,,,,0.6112494468688965,1.523388147354126,0.0016377395950257778,,0.017443237826228142,-0.40295547246932983,-0.0005822429084219038,,-0.0969371646642685,-0.09337034076452255,-9.56001749727875e-05,,,,,,,,,,,,,,,,,,,,,,
53.694347,XKF1,,,,,,,,,,,,,,,,,,,,,,,0.033194484899278794,-0.017385205253958702,,,0.04636344566271155,,,,,,0.028277702629566193,-0.045916453060561774,,,,,,0.01857698895037174,,0.018576988950371742,-0.04247898980975151
53.694347,POS,,,,,,,,,,,,,,,,,,,,,,,0.028430275711575848,-0.017680353635364417,,,,,37.4275002,-122.1697002,,,0.0222639994692031,,,,25.254425048828125,,,,,,
53.794306999999996,ATT,,,3,,,0.17,0.28,0.36,0.0,0.0,,,,0.15,,,,0.28,,,,0.37,,,,,,,,,,,,,,,,,,,,,
53.794306999999996,RATE,85.43901062011719,28.096837997436523,,0.37642917037010193,0.4230773448944092,,,,,,0.8805298805236816,-0.20421260595321655,-0.0020496188662946224,,-0.5117631554603577,-0.3719085156917572,0.00018021813593804836,,-0.09646481275558472,-0.038476768881082535,1.8614337022881955e-06,,,,,,,,,,,,,,,,,,,,,,
53.794306999999996,XKF1,,,,,,,,,,,,,,,,,,,,,,,0.03258346243013264,-0.017354222014546394,,,0.04771336341082357,,,,,,0.02757740020751953,-0.04727621938173685,,,,,,0.019725816324353215,,0.019725816324353218,-0.04344487562775612
53.794306999999996,POS,,,,,,,,,,,,,,,,,,,,,,,0.028430275711575848,-0.017680353635364417,,,,,37.4275002,-122.1697002,,,0.0222639994692031,,,,25.496212005615234,,,,,,
53.894267,ATT,,,3,,,0.15,0.27,0.36,0.0,0.0,,,,0.14,,,,0.27,,,,0.36,,,,,,,,,,,,,,,,,,,,,
53.894267,RATE,-3.878307342529297,21.12839698791504,,0.3892571032047272,0.11068888008594513,,,,,,0.02967127598822117,0.15216213464736938,1.9675197108881548e-05,,-0.06940881907939911,-0.24357575178146362,-0.0002803663373924792,,-0.08896495401859283,0.017342088744044304,8.402027742704377e-05,,,,,,,,,,,,,,,,,,,,,,
53.894267,XKF1,,,,,,,,,,,,,,,,,,,,,,,0.030748690045708474,-0.0166461318731308,,,0.044870392702154614,,,,,,0.02585320547223091,-0.04478179933218878,,,,,,0.02187353931367397,,0.021873539313673973,-0.03917780518531799
53.894267,POS,,,,,,,,,,,,,,,,,,,,,,,0.028430275711575848,-0.017680353635364417,,,,,37.4275002,-122.1697002,,,0.0222639994692031,,,,25.742624282836914,,,,,,
53.994226999999995,ATT,,,3,,,0.18,0.17,0.36,0.0,0.0,,,,0.17,,,,0.19,,,,0.35,,,,,,,,,,,,,,,,,,,,,
53.994226999999995,RATE,-37.79144287109375,39.362648010253906,,0.39678487181663513,0.820785641670227,,,,,,0.8019323348999023,0.8693660497665405,-0.00022015311697032303,,-1.1048089265823364,-0.7488381862640381,0.0006600835477001965,,-0.07685260474681854,0.07346271723508835,0.0001640882546780631,,,,,,,,,,,,,,,,,,,,,,
53.994226999999995,XKF1,,,,,,,,,,,,,,,,,,,,,,,0.030416305979371255,-0.0161831583827734,,,0.043159537815682734,,,,,,0.025753777474164963,-0.04290626677743899,,,,,,0.026781652122735974,,0.026781652122735977,-0.033845070749521255
53.994226999999995,POS,,,,,,,,,,,,,,,,,,,,,,,0.028430275711575848,-0.017680353635364417,,,,,37.4275002,-122.1697002,,,0.0222639994692031,,,,25.981122970581055,,,,,,
54.094187,ATT,,,3,,,0.33,0.34,0.36,0.0,0.0,,,,0.31,,,,0.29,,,,0.34,,,,,,,,,,,,,,,,,,,,,
54.094187,RATE,118.36404418945312,88.89157104492188,,0.45503106713294983,0.06649544090032578,,,,,,1.531744122505188,0.4769077003002167,-0.0028920238837599754,,2.854357957839966,2.8355579376220703,-0.0013876206940039992,,-0.05530088022351265,0.12311817705631256,0.00022636591165792197,,,,,,,,,,,,,,,,,,,,,,
54.094187,XKF1,,,,,,,,,,,,,,,,,,,,,,,0.030129248798409718,-0.0159551203250885,,,0.02867393552860438,,,,,,0.02555789053440094,-0.028448971573143057,,,,,,0.012024446390569208,,0.01202444639056921,-0.02603089064359665
54.094187,POS,,,,,,,,,,,,,,,,,,,,,,,0.028430275711575848,-0.017680353635364417,,,,,37.4275002,-122.1697002,,,0.0222639994692031,,,,26.21437644958496,,,,,,
54.19498,ATT,,,3,,,0.31,0.41,0.36,0.0,0.0,,,,0.31,,,,0.4,,,,0.33,,,,,,,,,,,,,,,,,,,,,
54.19498,RATE,-102.56623840332031,51.6280403137207,,0.40817567706108093,0.5580689907073975,,,,,,-0.21944883465766907,-0.3998241722583771,-0.001093538012355566,,0.23344887793064117,-0.1186169981956482,-0.00013374281115829945,,-0.03986263647675514,0.17162735760211945,0.0002755124296527356,,,,,,,,,,,,,,,,,,,,,,
54.19498,XKF1,,,,,,,,,,,,,,,,,,,,,,,0.03145960590026429,-0.017272694036364555,,,0.03152347729257456,,,,,,0.026293741539120674,-0.03134283523419787,,,,,,0.014392031356692312,,0.014392031356692314,-0.028046373277902603
54.19498,POS,,,,,,,,,,,,,,,,,,,,,,,0.028430275711575848,-0.017680353635364417,,,,,37.4275002,-122.1697002,,,0.0222639994692031,,,,26.453393936157227,,,,,,
54.29494,ATT,,,3,,,0.18,0.38,0.36,0.0,0.0,,,,0.22,,,,0.37,,,,0.32,,,,,,,,,,,,,,,,,,,,,
54.29494,RATE,77.84529113769531,84.58392333984375,,0.45460575819015503,0.34054669737815857,,,,,,-2.6619298458099365,-3.3030080795288086,0.000805892632342875,,-1.095130205154419,0.22557087242603302,0.005256472155451775,,-0.008460530079901218,0.2085944414138794,0.0003099731693509966,,,,,,,,,,,,,,,,,,,,,,
54.29494,XKF1,,,,,,,,,,,,,,,,,,,,,,,0.03146257166472756,-0.017975060269236565,,,0.0429721474728289,,,,,,0.025822289288043976,-0.041009973381655115,,,,,,0.012893957085907458,,0.01289395708590746,-0.04099208861589432
54.29494,POS,,,,,,,,,,,,,,,,,,,,,,,0.028430275711575848,-0.017680353635364417,,,,,37.4275002,-122.1697002,,,0.0222639994692031,,,,26.68819236755371,,,,,,
54.3949,ATT,,,3,,,-0.03,0.35,0.36,0.0,0.0,,,,-0.02,,,,0.37,,,,0.31,,,,,,,,,,,,,,,,,,,,,
54.3949,RATE,133.43858337402344,28.224811553955078,,0.3895496129989624,0.5224100947380066,,,,,,-1.5908043384552002,-1.2969725131988525,0.000308388436678797,,-1.3331172466278076,-2.061279296875,-0.0008974046213552356,,0.01985526643693447,0.2308482825756073,0.00032025203108787537,,,,,,,,,,,,,,,,,,,,,,
54.3949,XKF1,,,,,,,,,,,,,,,,,,,,,,,0.03070756479850304,-0.01869945600628853,,,0.05569736660856505,,,,,,0.024357439950108528,-0.054581331925717354,,,,,,0.02443769015371799,,0.024437690153717995,-0.05004993453621864
54.3949,POS,,,,,,,,,,,,,,,,,,,,,,,0.028430275711575848,-0.017680353635364417,,,,,37.4275002,-122.1697002,,,0.0222639994692031,,,,26.92992401123047,,,,,,
54.494859999999996,ATT,,,3,,,-0.13,0.15,0.36,0.0,0.0,,,,-0.15,,,,0.15,,,,0.31,,,,,,,,,,,,,,,,,,,,,
54.494859999999996,RATE,87.05282592773438,-19.04692840576172,,0.37156882882118225,0.25445473194122314,,,,,,-0.4892614483833313,0.3242717981338501,0.0013394771376624703,,-1.4589823484420776,-0.3457164764404297,0.002137081464752555,,0.04483785107731819,0.23962336778640747,0.0003089282545261085,,,,,,,,,,,,,,,,,,,,,,
54.494859999999996,XKF1,,,,,,,,,,,,,,,,,,,,,,,0.028194696027732065,-0.01775873452425003,,,0.05586919339023166,,,,,,0.021899046376347542,-0.05528875280539901,,,,,,0.028585335239768025,,0.028585335239768028,-0.04800255596637726
54.494859999999996,POS,,,,,,,,,,,,,,,,,,,,,,,0.020892973258199977,-0.017680353635364417,,,,,37.4275001,-122.1697002,,,0.011132000130089637,,,,27.186260223388672,,,,,,
54.59482,ATT,,,3,,,-0.04,0.17,0.36,0.0,0.0,,,,-0.08,,,,0.15,,,,0.31,,,,,,,,,,,,,,,,,,,,,
54.59482,RATE,20.247268676757812,-46.904541015625,,0.36095577478408813,0.14097945392131805,,,,,,1.0232248306274414,1.001330018043518,-0.0007469297270290554,,0.34941545128822327,-0.14393000304698944,-0.0018085413612425327,,0.06104520335793495,0.24602128565311432,0.0002951249771285802,,,,,,,,,,,,,,,,,,,,,,
54.59482,XKF1,,,,,,,,,,,,,,,,,,,,,,,0.02680873993464032,-0.01722937636077404,,,0.052010689089251154,,,,,,0.020539160817861557,-0.051950429579382874,,,,,,0.03146979212760925,,0.03146979212760925,-0.04140970855951309
54.59482,POS,,,,,,,,,,,,,,,,,,,,,,,0.020892973258199977,-0.017680353635364417,,,,,37.4275001,-122.1697002,,,0.011132000130089637,,,,27.4454345703125,,,,,,
54.69478,ATT,,,3,,,0.0,0.18,0.36,0.0,0.0,,,,-0.02,,,,0.15,,,,0.31,,,,,,,,,,,,,,,,,,,,,
54.69478,RATE,-101.48391723632812,-66.28779602050781,,0.350629985332489,0.16194365918636322,,,,,,0.40352368354797363,0.3022499978542328,1.0490533895790577e-05,,0.3169991075992584,0.7154126763343811,0.000815254112239927,,0.08447287231683731,0.24325771629810333,0.0002680526813492179,,,,,,,,,,,,,,,,,,,,,,
54.69478,XKF1,,,,,,,,,,,,,,,,,,,,,,,0.02514383197689155,-0.016340048983693123,,,0.047400506730364333,,,,,,0.019110601395368576,-0.04695821854449388,,,,,,0.025606356561183926,,0.02560635656118393,-0.03988887742161751
54.69478,POS,,,,,,,,,,,,,,,,,,,,,,,0.020892973258199977,-0.017680353635364417,,,,,37.4275001,-122.1697002,,,0.011132000130089637,,,,27.70921516418457,,,,,,
54.79474,ATT,,,3,,,0.05,0.21,0.36,0.0,0.0,,,,0.03,,,,0.19,,,,0.31,,,,,,,,,,,,,,,,,,,,,
54.79474,RATE,-89.54133605957031,-51.187747955322266,,0.3684328496456146,0.15457160770893097,,,,,,0.34554097056388855,0.3874610960483551,0.00046857542474754155,,0.2382165938615799,0.8299464583396912,0.0009630941785871983,,0.10814953595399857,0.2486848086118698,0.00024325888080056757,,,,,,,,,,,,,,,,,,,,,,
54.79474,XKF1,,,,,,,,,,,,,,,,,,,,,,,0.024655380771931242,-0.01596039906144142,,,0.04063084253651221,,,,,,0.018792377784848213,-0.04011512929797502,,,,,,0.021049581468105313,,0.021049581468105316,-0.034753136336803436
54.79474,POS,,,,,,,,,,,,,,,,,,,,,,,0.020892973258199977,-0.017680353635364417,,,,,37.4275001,-122.1697002,,,0.011132000130089637,,,,27.969478607177734,,,,,,
54.8947,ATT,,,3,,,0.13,0.21,0.36,0.0,0.0,,,,0.11,,,,0.21,,,,0.31,,,,,,,,,,,,,,,,,,,,,
54.8947,RATE,50.38270950317383,-26.421215057373047,,0.3893848657608032,0.12085502594709396,,,,,,0.8099675178527832,0.7016423940658569,0.0009696796769276261,,-0.5206778645515442,-0.5852855443954468,-0.0002243462367914617,,0.13153615593910217,0.23899298906326294,0.00020297868468333036,,,,,,,,,,,,,,,,,,,,,,
54.8947,XKF1,,,,,,,,,,,,,,,,,,,,,,,0.02412459481626497,-0.015314794145524502,,,0.038893641288655696,,,,,,0.018640095368027687,-0.03883783199873334,,,,,,0.026264373213052746,,0.02626437321305275,-0.028686199337244034
54.8947,POS,,,,,,,,,,,,,,,,,,,,,,,0.020892973258199977,-0.017680353635364417,,,,,37.4275001,-122.1697002,,,0.011132000130089637,,,,28.225372314453125,,,,,,
54.994659999999996,ATT,,,3,,,0.19,0.21,0.36,0.0,0.0,,,,0.18,,,,0.2,,,,0.31,,,,,,,,,,,,,,,,,,,,,
54.994659999999996,RATE,-92.50802612304688,-27.08831024169922,,0.37461385130882263,0.20914141833782196,,,,,,0.6308561563491821,0.20323379337787628,-0.0013006870867684484,,0.2953245937824249,0.4298885762691498,0.00013262919674161822,,0.14589281380176544,0.23346379399299622,0.00016943190712481737,,,,,,,,,,,,,,,,,,,,,,
54.994659999999996,XKF1,,,,,,,,,,,,,,,,,,,,,,,0.024553147018122546,-0.014938370324671268,,,0.03578905050110351,,,,,,0.019485946744680405,-0.03578151167221126,,,,,,0.02235276810824871,,0.02235276810824871,-0.02795013226568699
54.994659999999996,POS,,,,,,,,,,,,,,,,,,,,,,,0.020892973258199977,-0.017680353635364417,,,,,37.4275001,-122.1697002,,,0.011132000130089637,,,,28.48038673400879,,,,,,
55.09462,ATT,,,3,,,0.14,0.22,0.36,0.0,0.0,,,,0.15,,,,0.22,,,,0.32,,,,,,,,,,,,,,,,,,,,,
55.09462,RATE,-32.79561996459961,-15.625911712646484,,0.37862902879714966,0.20733433961868286,,,,,,-0.7193832993507385,-0.6498753428459167,7.41983822081238e-05,,-0.02238409034907818,0.17285382747650146,-6.365027365973219e-05,,0.1635725349187851,0.20867858827114105,0.00011672491382341832,,,,,,,,,,,,,,,,,,,,,,
55.09462,XKF1,,,,,,,,,,,,,,,,,,,,,,,0.024313423732669384,-0.014363261871039867,,,0.03537237821517146,,,,,,0.019617320969700813,-0.03537231985427238,,,,,,0.02094819769263267,,0.020948197692632675,-0.028502248227596283
55.09462,POS,,,,,,,,,,,,,,,,,,,,,,,0.020892973258199977,-0.017680353635364417,,,,,37.4275001,-122.1697002,,,0.011132000130089637,,,,28.732946395874023,,,,,,
55.194579999999995,ATT,,,3,,,0.17,0.3,0.36,0.0,0.0,,,,0.15,,,,0.29,,,,0.32,,,,,,,,,,,,,,,,,,,,,
55.194579999999995,RATE,125.58012390136719,-4.251505374908447,,0.38567227125167847,0.4867788255214691,,,,,,0.4282972812652588,0.6115813255310059,0.0003005539474543184,,0.7290991544723511,-0.01956530287861824,-0.001961374655365944,,0.1778711974620819,0.18696527183055878,6.61696758470498e-05,,,,,,,,,,,,,,,,,,,,,,
55.194579999999995,XKF1,,,,,,,,,,,,,,,,,,,,,,,0.025065764337674597,-0.014571485109627247,,,0.03224609954742418,,,,,,0.020395204424858093,-0.03222039382396155,,,,,,0.01977812685072422,,0.01977812685072422,-0.02546834573149681
55.194579999999995,POS,,,,,,,,,,,,,,,,,,,,,,,0.020892973258199977,-0.017680353635364417,,,,,37.4275001,-122.1697002,,,0.011132000130089637,,,,28.98231315612793,,,,,,
55.29454,ATT,,,3,,,0.19,0.25,0.36,0.0,0.0,,,,0.18,,,,0.26,,,,0.33,,,,,,,,,,,,,,,,,,,,,
55.29454,RATE,-151.14651489257812,-3.3489692211151123,,0.39116084575653076,1.144023060798645,,,,,,0.4093048572540283,0.626502275466919,-4.073041782248765e-05,,-0.3755969703197479,-0.3625476062297821,0.00017977510287892073,,0.18708670139312744,0.1486702412366867,-1.2366490409476683e-07,,,,,,,,,,,,,,,,,,,,,,
55.29454,XKF1,,,,,,,,,,,,,,,,,,,,,,,0.025123649829697545,-0.014107085764408112,,,0.031030899681451736,,,,,,0.0207891296595335,-0.030646976147221734,,,,,,0.021235087886452675,,0.021235087886452675,-0.022627146914601326
55.29454,POS,,,,,,,,,,,,,,,,,,,,,,,0.020892973258199977,-0.017680353635364417,,,,,37.4275001,-122.1697002,,,0.011132000130089637,,,,29.234420776367188,,,,,,
55.3945,ATT,,,3,,,0.27,0.24,0.36,0.0,0.0,,,,0.25,,,,0.24,,,,0.34,,,,,,,,,,,,,,,,,,,,,
55.3945,RATE,-76.28965759277344,-6.647561073303223,,0.3720631003379822,0.0742800310254097,,,,,,0.9341509938240051,0.7064365148544312,0.0004173695342615247,,-0.07268992811441422,0.8877079486846924,0.0034637879580259323,,0.18657521903514862,0.11262515187263489,-6.407812907127663e-05,,,,,,,,,,,,,,,,,,,,,,
55.3945,XKF1,,,,,,,,,,,,,,,,,,,,,,,0.026037895193911018,-0.013860326260328293,,,0.025679926852937057,,,,,,0.022042308002710342,-0.02464162991620469,,,,,,0.01923619583249092,,0.01923619583249092,-0.017012566328048706
55.3945,POS,,,,,,,,,,,,,,,,,,,,,,,0.020892973258199977,-0.017680353635364417,,,,,37.4275001,-122.1697002,,,0.011132000130089637,,,,29.484163284301758,,,,,,
55.49446,ATT,,,3,,,0.28,0.19,0.36,0.0,0.0,,,,0.27,,,,0.21,,,,0.35,,,,,,,,,,,,,,,,,,,,,
55.49446,RATE,36.928462982177734,-10.193982124328613,,0.3676692247390747,0.42208132147789,,,,,,-0.07221712172031403,-0.35527530312538147,6.68605207465589e-05,,-0.98979651927948,-0.5709604024887085,0.001388792647048831,,0.17309688031673431,0.0735829547047615,-0.00011486934090498835,,,,,,,,,,,,,,,,,,,,,,
55.49446,XKF1,,,,,,,,,,,,,,,,,,,,,,,0.026249115440874517,-0.012960265390574932,,,0.03217370056551024,,,,,,0.02282646670937538,-0.030897515016698514,,,,,,0.023057201877236366,,0.023057201877236366,-0.022439083084464073
55.49446,POS,,,,,,,,,,,,,,,,,,,,,,,0.028430275711575848,-0.017680353635364417,,,,,37.4275002,-122.1697002,,,0.0222639994692031,,,,29.73475456237793,,,,,,
55.59442,ATT,,,3,,,0.23,0.16,0.36,0.0,0.0,,,,0.23,,,,0.16,,,,0.35,,,,,,,,,,,,,,,,,,,,,
55.59442,RATE,-151.0001220703125,6.9199299812316895,,0.3939344584941864,0.3367696702480316,,,,,,-0.3280068039894104,0.04921383038163185,0.0004879285115748644,,-0.4066137671470642,-0.3132631778717041,0.00022447349329013377,,0.1648256778717041,0.0452689453959465,-0.00015770058962516487,,,,,,,,,,,,,,,,,,,,,,
55.59442,XKF1,,,,,,,,,,,,,,,,,,,,,,,0.026567453809112122,-0.011976825073361397,,,0.032308310506241014,,,,,,0.023714663460850716,-0.03078222967998119,,,,,,0.02263554558157921,,0.02263554558157921,-0.023053394630551338
55.59442,POS,,,,,,,,,,,,,,,,,,,,,,,0.028430275711575848,-0.017680353635364417,,,,,37.4275002,-122.1697002,,,0.0222639994692031,,,,29.984094619750977,,,,,,
55.694379999999995,ATT,,,3,,,0.25,0.19,0.36,0.0,0.0,,,,0.23,,,,0.18,,,,0.36,,,,,,,,,,,,,,,,,,,,,
55.694379999999995,RATE,0.6192207336425781,87.16773223876953,,0.48093724250793457,1.508947730064392,,,,,,0.10938668996095657,0.07561991363763809,4.900783096672967e-05,,0.1974937915802002,0.046971097588539124,-0.00037746026646345854,,0.15155640244483948,0.012212812900543213,-0.0001911136059788987,,,,,,,,,,,,,,,,,,,,,,
55.694379999999995,XKF1,,,,,,,,,,,,,,,,,,,,,,,0.026019236969931206,-0.010781332850456238,,,0.030393209638484336,,,,,,0.023680446669459343,-0.028768372499604167,,,,,,0.02084365487098694,,0.02084365487098694,-0.022119883447885513
55.694379999999995,POS,,,,,,,,,,,,,,,,,,,,,,,0.028430275711575848,-0.017680353635364417,,,,,37.4275002,-122.1697002,,,0.0222639994692031,,,,30.22160530090332,,,,,,
55.79434,ATT,,,3,,,0.23,0.22,0.36,0.0,0.0,,,,0.22,,,,0.21,,,,0.36,,,,,,,,,,,,,,,,,,,,,
55.79434,RATE,55.30595779418945,53.12720489501953,,0.4066919684410095,0.17557910084724426,,,,,,-0.2072857916355133,-0.5921264886856079,-0.0012498777359724045,,0.25463613867759705,0.3326140344142914,0.0010169647866860032,,0.14338941872119904,-0.000703421188518405,-0.00021599186584353447,,,,,,,,,,,,,,,,,,,,,,
55.79434,XKF1,,,,,,,,,,,,,,,,,,,,,,,0.02700648927085727,-0.010611431673169136,,,0.032073912862237736,,,,,,0.024834411218762398,-0.03143194985766622,,,,,,0.018221771344542503,,0.018221771344542503,-0.026395130902528763
55.79434,POS,,,,,,,,,,,,,,,,,,,,,,,0.028430275711575848,-0.017680353635364417,,,,,37.4275002,-122.1697002,,,0.0222639994692031,,,,30.45927619934082,,,,,,
55.8943,ATT,,,3,,,0.23,0.16,0.36,0.0,0.0,,,,0.21,,,,0.17,,,,0.36,,,,,,,,,,,,,,,,,,,,,
55.8943,RATE,11.3006591796875,38.420677185058594,,0.410703182220459,0.07704188674688339,,,,,,0.3427123725414276,0.6473625302314758,-1.0213581845164299e-05,,-0.7549871802330017,-1.3743013143539429,-0.0013357861898839474,,0.11759975552558899,-0.012135567143559456,-0.0002142262674169615,,,,,,,,,,,,,,,,,,,,,,
55.8943,XKF1,,,,,,,,,,,,,,,,,,,,,,,0.026629234289551915,-0.00958174653351307,,,0.03244349817527646,,,,,,0.024845648556947708,-0.028114998788118777,,,,,,0.025222299620509148,,0.025222299620509148,-0.02040627785027027
55.8943,POS,,,,,,,,,,,,,,,,,,,,,,,0.028430275711575848,-0.017680353635364417,,,,,37.4275002,-122.1697002,,,0.0222639994692031,,,,30.704233169555664,,,,,,
55.99426,ATT,,,3,,,0.34,0.09,0.36,0.0,0.0,,,,0.31,,,,0.09,,,,0.36,,,,,,,,,,,,,,,,,,,,,
55.99426,RATE,21.731281280517578,7.151415824890137,,0.38277414441108704,0.23035110533237457,,,,,,1.2087346315383911,0.732833206653595,-0.0012110647512599826,,-0.14224259555339813,-0.17744848132133484,-0.0006276760250329971,,0.09948395192623138,-0.012462240643799305,-0.0001946131233125925,,,,,,,,,,,,,,,,,,,,,,
55.99426,XKF1,,,,,,,,,,,,,,,,,,,,,,,0.027905766212309106,-0.00894396472722292,,,0.03218515884969816,,,,,,0.026433639228343964,-0.026387788547992907,,,,,,0.025912733748555183,,0.025912733748555183,-0.019089648500084877
55.99426,POS,,,,,,,,,,,,,,,,,,,,,,,0.028430275711575848,-0.017680353635364417,,,,,37.4275002,-122.1697002,,,0.0222639994692031,,,,30.951175689697266,,,,,,
56.09422,ATT,,,3,,,0.27,0.02,0.36,0.0,0.0,,,,0.28,,,,0.02,,,,0.37,,,,,,,,,,,,,,,,,,,,,
56.09422,RATE,49.44744110107422,-8.011373519897461,,0.39005133509635925,0.43813085556030273,,,,,,-1.397780418395996,-1.8478795289993286,-0.00012271112063899636,,-1.062260389328003,-0.1707306206226349,0.00214857654646039,,0.0814613550901413,-0.014741433784365654,-0.00017176065011881292,,,,,,,,,,,,,,,,,,,,,,
56.09422,XKF1,,,,,,,,,,,,,,,,,,,,,,,0.02750092874966678,-0.00741119310259819,,,0.03874944177845975,,,,,,0.02648349106311798,-0.034532039329043786,,,,,,0.026235630735754963,,0.026235630735754967,-0.028516853228211403
56.09422,POS,,,,,,,,,,,,,,,,,,,,,,,0.023954840816264294,-0.008840176817682208,,,,,37.4275002,-122.1697001,,,0.0222639994692031,,,,31.204879760742188,,,,,,
56.194179999999996,ATT,,,3,,,0.13,0.09,0.36,0.0,0.0,,,,0.14,,,,0.07,,,,0.36,,,,,,,,,,,,,,,,,,,,,
56.194179999999996,RATE,63.42334747314453,-22.082929611206055,,0.3767387270927429,0.04655435308814049,,,,,,-1.3016188144683838,-1.7029600143432617,-0.0002534182567615062,,0.9962567090988159,0.45358455181121826,-0.0023696895223110914,,0.062596894800663,0.0015224887756630778,-0.00013769710494671017,,,,,,,,,,,,,,,,,,,,,,
56.194179999999996,XKF1,,,,,,,,,,,,,,,,,,,,,,,0.027273451185716086,-0.007360193878412247,,,0.0434283231242519,,,,,,0.026261543855071068,-0.041471429960456926,,,,,,0.023603044450283047,,0.02360304445028305,-0.03645429387688637
56.194179999999996,POS,,,,,,,,,,,,,,,,,,,,,,,0.023954840816264294,-0.008840176817682208,,,,,37.4275002,-122.1697001,,,0.0222639994692031,,,,31.45814323425293,,,,,,
56.294973,ATT,,,3,,,0.06,0.1,0.36,0.0,0.0,,,,0.05,,,,0.09,,,,0.36,,,,,,,,,,,,,,,,,,,,,
56.294973,RATE,-80.4434814453125,-15.256998062133789,,0.3906065821647644,0.6353845596313477,,,,,,-0.25024208426475525,0.19149120151996613,0.0008166682673618197,,-0.0633043572306633,-0.3201165199279785,-0.000402928504627198,,0.05675378814339638,0.018001576885581017,-9.769495954969898e-05,,,,,,,,,,,,,,,,,,,,,,
56.294973,XKF1,,,,,,,,,,,,,,,,,,,,,,,0.026178808997237978,-0.007029653061181307,,,0.04134462064224627,,,,,,0.025217335671186447,-0.03909434019967151,,,,,,0.02345766685903072,,0.023457666859030724,-0.034045785665512085
56.294973,POS,,,,,,,,,,,,,,,,,,,,,,,0.023954840816264294,-0.008840176817682208,,,,,37.4275002,-122.1697001,,,0.0222639994692031,,,,31.7126522064209,,,,,,
56.394932999999995,ATT,,,3,,,0.1,0.1,0.36,0.0,0.0,,,,0.08,,,,0.09,,,,0.35,,,,,,,,,,,,,,,,,,,,,
56.394932999999995,RATE,-129.1415252685547,-21.953033447265625,,0.37012961506843567,0.06768456846475601,,,,,,0.5256426334381104,0.7297601103782654,0.00038813723949715495,,0.23997381329536438,0.4918082654476166,-3.536639269441366e-06,,0.0460270531475544,0.032221727073192596,-5.805819091619924e-05,,,,,,,,,,,,,,,,,,,,,,
56.394932999999995,XKF1,,,,,,,,,,,,,,,,,,,,,,,0.025711506027646235,-0.007031441666185856,,,0.0376117989063668,,,,,,0.024731364101171494,-0.036125194423423886,,,,,,0.019950050860643383,,0.019950050860643387,-0.03188483789563179
56.394932999999995,POS,,,,,,,,,,,,,,,,,,,,,,,0.023954840816264294,-0.008840176817682208,,,,,37.4275002,-122.1697001,,,0.0222639994692031,,,,31.965784072875977,,,,,,
56.494893,ATT,,,3,,,0.18,0.13,0.36,0.0,0.0,,,,0.15,,,,0.12,,,,0.35,,,,,,,,,,,,,,,,,,,,,
56.494893,RATE,39.988040924072266,25.592716217041016,,0.43022802472114563,0.40247848629951477,,,,,,1.2613760232925415,0.9537467956542969,-0.001287281047552824,,0.009111377410590649,-0.2876116633415222,-8.704548235982656e-05,,0.04718168452382088,0.04181824252009392,-3.251479211030528e-05,,,,,,,,,,,,,,,,,,,,,,
56.494893,XKF1,,,,,,,,,,,,,,,,,,,,,,,0.025145835100069378,-0.00698885740712285,,,0.035038854676252805,,,,,,0.02415510080754757,-0.033040941580983196,,,,,,0.020386319607496258,,0.02038631960749626,-0.028497707098722458
56.494893,POS,,,,,,,,,,,,,,,,,,,,,,,0.023954840816264294,-0.008840176817682208,,,,,37.4275002,-122.1697001,,,0.0222639994692031,,,,32.21257019042969,,,,,,
56.594853,ATT,,,3,,,0.17,0.12,0.36,0.0,0.0,,,,0.16,,,,0.11,,,,0.35,,,,,,,,,,,,,,,,,,,,,
56.594853,RATE,14.8681640625,-1.6580032110214233,,0.3859957754611969,0.4690244197845459,,,,,,-0.35667961835861206,-0.3960244357585907,0.00041232220246456563,,0.23533785343170166,0.1307441145181656,-0.0008806805708445609,,0.03916887566447258,0.054613154381513596,-3.574867150746286e-06,,,,,,,,,,,,,,,,,,,,,,
56.594853,XKF1,,,,,,,,,,,,,,,,,,,,,,,0.024881960714051733,-0.0073849293403327465,,,0.03666988908650381,,,,,,0.023760782554745674,-0.035301659015544315,,,,,,0.019953722134232518,,0.01995372213423252,-0.030765723437070847
56.594853,POS,,,,,,,,,,,,,,,,,,,,,,,0.023954840816264294,-0.008840176817682208,,,,,37.4275002,-122.1697001,,,0.0222639994692031,,,,32.463157653808594,,,,,,
56.694812999999996,ATT,,,3,,,0.18,0.12,0.36,0.0,0.0,,,,0.17,,,,0.11,,,,0.35,,,,,,,,,,,,,,,,,,,,,
56.694812999999996,RATE,-9.914970397949219,-51.35511779785156,,0.3376518785953522,0.09300123155117035,,,,,,0.2500452995300293,0.43969962000846863,0.0009560174075886607,,-0.061461497098207474,-0.1240139976143837,-0.00014197804557625204,,0.03046930767595768,0.0696106106042862,2.6262870960636064e-05,,,,,,,,,,,,,,,,,,,,,,
56.694812999999996,XKF1,,,,,,,,,,,,,,,,,,,,,,,0.024322249059271082,-0.007523851934820414,,,0.0333719114081991,,,,,,0.023129276931285858,-0.031699123923532774,,,,,,0.019727207720279694,,0.019727207720279694,-0.02691694162786007
56.694812999999996,POS,,,,,,,,,,,,,,,,,,,,,,,0.023954840816264294,-0.008840176817682208,,,,,37.4275002,-122.1697001,,,0.0222639994692031,,,,32.721641540527344,,,,,,
56.794773,ATT,,,3,,,0.18,0.13,0.36,0.0,0.0,,,,0.17,,,,0.12,,,,0.34,,,,,,,,,,,,,,,,,,,,,
56.794773,RATE,-14.888572692871094,-52.06119918823242,,0.35543546080589294,0.3342374861240387,,,,,,0.352334588766098,0.567475438117981,-0.0005463740089908242,,-0.01798226870596409,0.30887237191200256,0.0012726843124255538,,0.043210797011852264,0.08807940781116486,5.2727042202604935e-05,,,,,,,,,,,,,,,,,,,,,,
56.794773,XKF1,,,,,,,,,,,,,,,,,,,,,,,0.02430937583658593,-0.0081981485709548,,,0.030719533979427758,,,,,,0.022885281592607498,-0.029765953190684678,,,,,,0.017188020050525665,,0.017188020050525665,-0.02546098455786705
56.794773,POS,,,,,,,,,,,,,,,,,,,,,,,0.023954840816264294,-0.008840176817682208,,,,,37.4275002,-122.1697001,,,0.0222639994692031,,,,32.981937408447266,,,,,,
56.894732999999995,ATT,,,3,,,0.24,0.15,0.36,0.0,0.0,,,,0.23,,,,0.14,,,,0.34,,,,,,,,,,,,,,,,,,,,,
56.894732999999995,RATE,6.093692779541016,-44.052337646484375,,0.36314207315444946,0.21162596344947815,,,,,,0.3021853566169739,0.11131830513477325,0.0003811206843238324,,0.1186811551451683,-0.1544913798570633,-6.273480539675802e-05,,0.04091364145278931,0.10340461134910583,7.262075087055564e-05,,,,,,,,,,,,,,,,,,,,,,
56.894732999999995,XKF1,,,,,,,,,,,,,,,,,,,,,,,0.024183730877208397,-0.00866427831351757,,,0.030609378198999983,,,,,,0.022578377276659012,-0.029050250357253424,,,,,,0.01941211335361004,,0.01941211335361004,-0.023666514083743095
56.894732999999995,POS,,,,,,,,,,,,,,,,,,,,,,,0.023954840816264294,-0.008840176817682208,,,,,37.4275002,-122.1697001,,,0.0222639994692031,,,,33.24089431762695,,,,,,
56.994693,ATT,,,3,,,0.23,0.11,0.36,0.0,0.0,,,,0.23,,,,0.11,,,,0.33,,,,,,,,,,,,,,,,,,,,,
56.994693,RATE,39.866065979003906,-40.83472442626953,,0.3523726761341095,0.5380150079727173,,,,,,-0.6244096159934998,-0.0045446911826729774,0.004085789434611797,,-0.39631327986717224,-2.631044626235962,-0.005389268510043621,,0.04700598865747452,0.12576796114444733,9.844959276961163e-05,,,,,,,,,,,,,,,,,,,,,,
56.994693,XKF1,,,,,,,,,,,,,,,,,,,,,,,0.02440560232493605,-0.009229869581758976,,,0.04067493012416557,,,,,,0.02259298413991928,-0.03559377650417129,,,,,,0.031684864312410355,,0.031684864312410355,-0.02550528012216091
56.994693,POS,,,,,,,,,,,,,,,,,,,,,,,0.028430275711575848,-0.017680353635364417,,,,,37.4275002,-122.1697002,,,0.0222639994692031,,,,33.49687957763672,,,,,,
57.094653,ATT,,,3,,,0.13,-0.09,0.36,0.0,0.0,,,,0.14,,,,-0.09,,,,0.33,,,,,,,,,,,,,,,,,,,,,
57.094653,RATE,-8.076000213623047,-38.48487091064453,,0.3563214838504791,0.17824268341064453,,,,,,-1.0199720859527588,-0.5628611445426941,0.001346962759271264,,-1.2033313512802124,-0.2884872853755951,0.0016491314163431525,,0.06652697920799255,0.13888618350028992,0.00010576021304586902,,,,,,,,,,,,,,,,,,,,,,
57.094653,XKF1,,,,,,,,,,,,,,,,,,,,,,,0.023149065546607443,-0.00828030239790678,,,0.04193216001575661,,,,,,0.02161748893558979,-0.037664893710066386,,,,,,0.030683105811476704,,0.030683105811476707,-0.028580641373991966
57.094653,POS,,,,,,,,,,,,,,,,,,,,,,,0.014215138165498133,-0.008840176817682208,,,,,37.4275001,-122.1697001,,,0.011132000130089637,,,,33.75377655029297,,,,,,
57.194613,ATT,,,3,,,0.13,-0.07,0.36,0.0,0.0,,,,0.12,,,,-0.1,,,,0.33,,,,,,,,,,,,,,,,,,,,,
57.194613,RATE,24.95260238647461,-4.769359588623047,,0.3854314088821411,0.1863502562046051,,,,,,-0.5308471322059631,-0.3340935707092285,0.0013375245034694672,,0.5743433833122253,0.25625431537628174,-0.002537026535719633,,0.06363842636346817,0.15889404714107513,0.00012371412594802678,,,,,,,,,,,,,,,,,,,,,,
57.194613,XKF1,,,,,,,,,,,,,,,,,,,,,,,0.022366323760774503,-0.00792771391570568,,,0.041637832672727394,,,,,,0.020914200693368912,-0.03729516274946883,,,,,,0.0305315051227808,,0.0305315051227808,-0.028311416506767273
57.194613,POS,,,,,,,,,,,,,,,,,,,,,,,0.014215138165498133,-0.008840176817682208,,,,,37.4275001,-122.1697001,,,0.011132000130089637,,,,34.00374984741211,,,,,,
57.294573,ATT,,,3,,,0.17,-0.07,0.36,0.0,0.0,,,,0.17,,,,-0.09,,,,0.32,,,,,,,,,,,,,,,,,,,,,
57.294573,RATE,74.79572296142578,0.5480088591575623,,0.3747154772281647,0.3017614483833313,,,,,,0.711723268032074,-1.0041908025741577,-0.004567796364426613,,0.047866445034742355,-0.019781822338700294,-0.0011658079456537962,,0.07521768659353256,0.17148782312870026,0.0001424202200723812,,,,,,,,,,,,,,,,,,,,,,
57.294573,XKF1,,,,,,,,,,,,,,,,,,,,,,,0.021472773409055856,-0.0073156277649104595,,,0.04323297024292637,,,,,,0.02018815465271473,-0.040098336315188825,,,,,,0.028856415301561352,,0.028856415301561356,-0.03219312056899071
57.294573,POS,,,,,,,,,,,,,,,,,,,,,,,0.014215138165498133,-0.008840176817682208,,,,,37.4275001,-122.1697001,,,0.011132000130089637,,,,34.25216293334961,,,,,,
57.394532999999996,ATT,,,3,,,0.05,-0.03,0.36,0.0,0.0,,,,0.05,,,,-0.05,,,,0.32,,,,,,,,,,,,,,,,,,,,,
57.394532999999996,RATE,9.134387969970703,-7.346191883087158,,0.3642808198928833,0.1324581503868103,,,,,,-0.7757625579833984,-0.037124063819646835,0.0016427412629127502,,0.8926149010658264,0.8683586716651917,-0.0005928496248088777,,0.08033900707960129,0.18924833834171295,0.00015567413356620818,,,,,,,,,,,,,,,,,,,,,,
57.394532999999996,XKF1,,,,,,,,,,,,,,,,,,,,,,,0.02075008791553746,-0.007647358346730471,,,0.0396957389061014,,,,,,0.01928948052227497,-0.03761504561322383,,,,,,0.02565316297113895,,0.025653162971138954,-0.030293017625808716
57.394532999999996,POS,,,,,,,,,,,,,,,,,,,,,,,0.014215138165498133,-0.008840176817682208,,,,,37.4275001,-122.1697001,,,0.011132000130089637,,,,34.502662658691406,,,,,,
57.494493,ATT,,,3,,,0.02,0.02,0.36,0.0,0.0,,,,0.02,,,,0.01,,,,0.32,,,,,,,,,,,,,,,,,,,,,
57.494493,RATE,-53.688716888427734,29.98223114013672,,0.4132571816444397,0.8337655067443848,,,,,,-0.2429857701063156,-0.017071599140763283,0.0006269385921768844,,0.6474667191505432,0.9698472619056702,9.866592154139653e-05,,0.09694138914346695,0.19356808066368103,0.00015884458844084293,,,,,,,,,,,,,,,,,,,,,,
57.494493,XKF1,,,,,,,,,,,,,,,,,,,,,,,0.01965871132938476,-0.008070861920714378,,,0.03769996408804389,,,,,,0.017925571650266647,-0.03747096224354773,,,,,,0.019166888669133183,,0.019166888669133186,-0.03246409818530083
57.494493,POS,,,,,,,,,,,,,,,,,,,,,,,0.014215138165498133,-0.008840176817682208,,,,,37.4275001,-122.1697001,,,0.011132000130089637,,,,34.74846267700195,,,,,,
57.594453,ATT,,,3,,,0.0,0.15,0.36,0.0,0.0,,,,0.0,,,,0.13,,,,0.32,,,,,,,,,,,,,,,,,,,,,
57.594453,RATE,100.55609130859375,38.18439865112305,,0.3960317075252533,0.5377746820449829,,,,,,-0.21679997444152832,0.26636213064193726,0.0016852709231898189,,1.2796934843063354,0.7791359424591064,-0.0015418867114931345,,0.11304045468568802,0.19229118525981903,0.0001402567431796342,,,,,,,,,,,,,,,,,,,,,,
57.594453,XKF1,,,,,,,,,,,,,,,,,,,,,,,0.019484843900780407,-0.01000394206494093,,,0.03598641047378259,,,,,,0.01672065444290638,-0.03592150947668145,,,,,,0.016589051112532612,,0.016589051112532616,-0.0319347009062767
57.594453,POS,,,,,,,,,,,,,,,,,,,,,,,0.020892973258199977,-0.017680353635364417,,,,,37.4275001,-122.1697002,,,0.011132000130089637,,,,34.98809051513672,,,,,,
57.694413,ATT,,,3,,,-0.01,0.23,0.36,0.0,0.0,,,,0.0,,,,0.21,,,,0.32,,,,,,,,,,,,,,,,,,,,,
57.694413,RATE,64.5620346069336,16.406648635864258,,0.3784622848033905,0.04254152625799179,,,,,,-0.9360293745994568,-2.0970427989959717,-0.0011539642000570893,,0.7991530895233154,1.662382960319519,0.002610518131405115,,0.1204926073551178,0.17953574657440186,0.0001195011573145166,,,,,,,,,,,,,,,,,,,,,,
57.694413,XKF1,,,,,,,,,,,,,,,,,,,,,,,0.019220006606161997,-0.01184607669711113,,,0.042298540841713216,,,,,,0.015135359950363636,-0.03723363892491386,,,,,,0.007143554277718065,,0.007143554277718067,-0.04169096052646637
57.694413,POS,,,,,,,,,,,,,,,,,,,,,,,0.020892973258199977,-0.017680353635364417,,,,,37.4275001,-122.1697002,,,0.011132000130089637,,,,35.234153747558594,,,,,,
57.794373,ATT,,,3,,,-0.11,0.33,0.36,0.0,0.0,,,,-0.12,,,,0.32,,,,0.33,,,,,,,,,,,,,,,,,,,,,
57.794373,RATE,45.3791618347168,9.923257827758789,,0.3770067095756531,0.24099428951740265,,,,,,-0.47628894448280334,0.5255054831504822,0.0021734656766057014,,0.7838532328605652,1.338797926902771,0.00297716585919261,,0.12681511044502258,0.16217149794101715,8.423104009125382e-05,,,,,,,,,,,,,,,,,,,,,,
57.794373,XKF1,,,,,,,,,,,,,,,,,,,,,,,0.019955115313036797,-0.014766985550522804,,,0.03397230557353149,,,,,,0.01342172734439373,-0.025627860956683807,,,,,,0.003965379670262335,,0.003965379670262337,-0.03374008461833
57.794373,POS,,,,,,,,,,,,,,,,,,,,,,,0.020892973258199977,-0.017680353635364417,,,,,37.4275001,-122.1697002,,,0.011132000130089637,,,,35.481605529785156,,,,,,
57.894332999999996,ATT,,,3,,,-0.03,0.37,0.36,0.0,0.0,,,,-0.05,,,,0.38,,,,0.33,,,,,,,,,,,,,,,,,,,,,
57.894332999999996,RATE,58.16831588745117,3.622311592102051,,0.3760108947753906,0.3313392698764801,,,,,,0.33772823214530945,0.1359105259180069,-0.0008010038291104138,,-0.3290059566497803,-0.7489713430404663,-0.00040990771958604455,,0.12604989111423492,0.14085638523101807,5.462537592393346e-05,,,,,,,,,,,,,,,,,,,,,,
57.894332999999996,XKF1,,,,,,,,,,,,,,,,,,,,,,,0.020362261249849942,-0.016744980588555336,,,0.03291252017983447,,,,,,0.011585650965571404,-0.025326535682337642,,,,,,0.008868020027875899,,0.0088680200278759,-0.031695302575826645
57.894332999999996,POS,,,,,,,,,,,,,,,,,,,,,,,0.020892973258199977,-0.017680353635364417,,,,,37.4275001,-122.1697002,,,0.011132000130089637,,,,35.73163604736328,,,,,,
57.994293,ATT,,,3,,,-0.09,0.33,0.36,0.0,0.0,,,,-0.09,,,,0.33,,,,0.34,,,,,,,,,,,,,,,,,,,,,
57.994293,RATE,78.14321899414062,-6.198580741882324,,0.3745930790901184,0.0975826159119606,,,,,,-0.42332157492637634,-0.028811665251851082,4.48894570581615e-05,,-0.5761882662773132,-0.36051008105278015,0.0013684692094102502,,0.12690812349319458,0.11649494618177414,1.893198350444436e-05,,,,,,,,,,,,,,,,,,,,,,
57.994293,XKF1,,,,,,,,,,,,,,,,,,,,,,,0.022245033322831856,-0.01953556016087532,,,0.034501765967989484,,,,,,0.010639708489179611,-0.025523790549622245,,,,,,0.011311612091958521,,0.011311612091958523,-0.032594773918390274
57.994293,POS,,,,,,,,,,,,,,,,,,,,,,,0.017680353635364417,-0.017680353635364417,,,,,37.4275,-122.1697002,,,0.0,,,,35.98262023925781,,,,,,
58.094252999999995,ATT,,,3,,,-0.03,0.27,0.36,0.0,0.0,,,,-0.06,,,,0.28,,,,0.34,,,,,,,,,,,,,,,,,,,,,
58.094252999999995,RATE,-201.52764892578125,3.5905685424804688,,0.3857472836971283,0.42225882411003113,,,,,,1.3600131273269653,1.8264280557632446,-0.00044707738561555743,,-0.25326302647590637,-0.01605081744492054,-0.00021012034267187119,,0.11990060657262802,0.09019613265991211,-2.0936087821610272e-05,,,,,,,,,,,,,,,,,,,,,,
58.094252999999995,XKF1,,,,,,,,,,,,,,,,,,,,,,,0.022791855332555278,-0.020774414762854576,,,0.027353620525241262,,,,,,0.009375092573463917,-0.02240416692307724,,,,,,0.013965912163257597,,0.013965912163257599,-0.023519648239016533
58.094252999999995,POS,,,,,,,,,,,,,,,,,,,,,,,0.017680353635364417,-0.017680353635364417,,,,,37.4275,-122.1697002,,,0.0,,,,36.2342529296875,,,,,,
58.194213,ATT,,,3,,,0.08,0.33,0.36,0.0,0.0,,,,0.06,,,,0.31,,,,0.34,,,,,,,,,,,,,,,,,,,,,
58.194213,RATE,-152.49041748046875,22.74041748046875,,0.39387771487236023,0.11757989227771759,,,,,,1.1614593267440796,0.8342259526252747,-0.0009105055360123515,,0.26831021904945374,0.9028448462486267,0.002943214029073715,,0.12244706600904465,0.08435942232608795,-4.3308944441378117e-05,,,,,,,,,,,,,,,,,,,,,,
58.194213,XKF1,,,,,,,,,,,,,,,,,,,,,,,0.025557405541422842,-0.023711951449513435,,,0.022393225971982317,,,,,,0.009535425342619419,-0.018302289026549748,,,,,,0.012166692875325678,,0.01216669287532568,-0.018799684941768646
58.194213,POS,,,,,,,,,,,,,,,,,,,,,,,0.017680353635364417,-0.017680353635364417,,,,,37.4275,-122.1697002,,,0.0,,,,36.478782653808594,,,,,,
58.294173,ATT,,,3,,,0.11,0.41,0.36,0.0,0.0,,,,0.11,,,,0.39,,,,0.35,,,,,,,,,,,,,,,,,,,,,
58.294173,RATE,110.43415069580078,19.833967208862305,,0.38145896792411804,0.7316320538520813,,,,,,-1.5771467587910593e-05,-0.28310060501098633,-0.000242301553953439,,0.7465386986732483,0.08257550746202469,-0.0011785372626036406,,0.12494118511676788,0.07460051029920578,-5.947455792920664e-05,,,,,,,,,,,,,,,,,,,,,,
58.294173,XKF1,,,,,,,,,,,,,,,,,,,,,,,0.027233681691456346,-0.025625115260481834,,,0.022147255386385314,,,,,,0.009221002459526062,-0.01788418613314474,,,,,,0.012404681183397768,,0.01240468118339777,-0.01834733784198761
58.294173,POS,,,,,,,,,,,,,,,,,,,,,,,0.026520531709311384,-0.026520531709311384,,,,,37.4275,-122.1697003,,,0.0,,,,36.723697662353516,,,,,,
58.394966,ATT,,,3,,,0.07,0.39,0.36,0.0,0.0,,,,0.09,,,,0.38,,,,0.34,,,,,,,,,,,,,,,,,,,,,
58.394966,RATE,-242.4671630859375,2.0353617668151855,,0.3820236027240753,0.9917618036270142,,,,,,-0.4674459397792816,-1.3304100036621094,-0.0016035400331020355,,0.022417541593313217,0.006712098140269518,-0.0004861294582951814,,0.10592202842235565,0.09120242297649384,-5.122441871208139e-05,,,,,,,,,,,,,,,,,,,,,,
58.394966,XKF1,,,,,,,,,,,,,,,,,,,,,,,0.029646513895915574,-0.028311677277088165,,,0.026375144621105358,,,,,,0.0087957214564085,-0.020265588234503033,,,,,,0.014344885945320128,,0.01434488594532013,-0.02213306352496147
58.394966,POS,,,,,,,,,,,,,,,,,,,,,,,0.026520531709311384,-0.026520531709311384,,,,,37.4275,-122.1697003,,,0.0,,,,36.97669219970703,,,,,,
58.494926,ATT,,,3,,,0.12,0.39,0.36,0.0,0.0,,,,0.1,,,,0.38,,,,0.34,,,,,,,,,,,,,,,,,,,,,
58.494926,RATE,14.993476867675781,-1.5093709230422974,,0.36932408809661865,0.5727971196174622,,,,,,1.234365701675415,0.6236385703086853,-0.0008854172192513943,,0.06882535666227341,-0.21423880755901337,-0.001245121005922556,,0.10637388378381729,0.10512788593769073,-1.7629658032092266e-05,,,,,,,,,,,,,,,,,,,,,,
58.494926,XKF1,,,,,,,,,,,,,,,,,,,,,,,0.03104908442831195,-0.029901748523116112,,,0.024183839255428982,,,,,,0.0083624804392457,-0.021368952022668673,,,,,,0.017529498785734177,,0.017529498785734177,-0.016660574823617935
58.494926,POS,,,,,,,,,,,,,,,,,,,,,,,0.026520531709311384,-0.026520531709311384,,,,,37.4275,-122.1697003,,,0.0,,,,37.22715759277344,,,,,,
58.594885999999995,ATT,,,3,,,-0.18,0.43,0.36,0.0,0.0,,,,-0.14,,,,0.41,,,,0.33,,,,,,,,,,,,,,,,,,,,,
58.594885999999995,RATE,-77.53172302246094,-18.694364547729492,,0.36024394631385803,0.12484905868768692,,,,,,-3.349268913269043,-2.1963467597961426,0.0038556093350052834,,1.1650090217590332,0.8692029118537903,-0.0017834421014413238,,0.1017761155962944,0.1368546336889267,2.1696043404517695e-05,,,,,,,,,,,,,,,,,,,,,,
58.594885999999995,XKF1,,,,,,,,,,,,,,,,,,,,,,,0.03300128139628142,-0.032333265990018845,,,0.03606016124926758,,,,,,0.006606397219002247,-0.021793031163523394,,,,,,0.015600596554577349,,0.01560059655457735,-0.032510869204998016
58.594885999999995,POS,,,,,,,,,,,,,,,,,,,,,,,0.026520531709311384,-0.026520531709311384,,,,,37.4275,-122.1697003,,,0.0,,,,37.481624603271484,,,,,,
58.694846,ATT,,,3,,,-0.23,0.46,0.36,0.0,0.0,,,,-0.25,,,,0.45,,,,0.33,,,,,,,,,,,,,,,,,,,,,
58.694846,RATE,27.721595764160156,36.920631408691406,,0.4347091019153595,0.47146886587142944,,,,,,-0.44794130325317383,0.520085871219635,0.002135850954800844,,0.20398437976837158,0.217391237616539,-0.0003448519273661077,,0.11240674555301666,0.1493133157491684,5.244293424766511e-05,,,,,,,,,,,,,,,,,,,,,,
58.694846,XKF1,,,,,,,,,,,,,,,,,,,,,,,0.03410933190157899,-0.03380884230136871,,,0.03060314026048179,,,,,,0.0045175994746387005,-0.01770601458582972,,,,,,0.01424408610910177,,0.014244086109101772,-0.027086125686764717
58.694846,POS,,,,,,,,,,,,,,,,,,,,,,,0.026520531709311384,-0.026520531709311384,,,,,37.4275,-122.1697003,,,0.0,,,,37.7305793762207,,,,,,
58.794806,ATT,,,3,,,-0.05,0.45,0.36,0.0,0.0,,,,-0.09,,,,0.45,,,,0.32,,,,,,,,,,,,,,,,,,,,,
58.794806,RATE,-87.74404907226562,26.002866744995117,,0.39256712794303894,0.11282344907522202,,,,,,1.8862708806991577,1.686881422996521,-0.00014050837489776313,,-0.41564667224884033,-0.6662458181381226,-0.0004500230716075748,,0.1225348711013794,0.16685473918914795,6.889500218676403e-05,,,,,,,,,,,,,,,,,,,,,,
58.794806,XKF1,,,,,,,,,,,,,,,,,,,,,,,0.03595011192175841,-0.035704609006643295,,,0.027286494321208544,,,,,,0.004194215405732393,-0.023173189900095655,,,,,,0.021334132179617882,,0.021334132179617882,-0.017011983320116997
58.794806,POS,,,,,,,,,,,,,,,,,,,,,,,0.03536070852699359,-0.03536070852699359,,,,,37.4275,-122.1697004,,,0.0,,,,37.97344207763672,,,,,,
58.894766,ATT,,,3,,,0.0,0.37,0.36,0.0,0.0,,,,0.0,,,,0.38,,,,0.33,,,,,,,,,,,,,,,,,,,,,
58.894766,RATE,-99.28140258789062,27.49532699584961,,0.39637845754623413,0.14106124639511108,,,,,,0.31817179918289185,-0.01779644377529621,-0.0003539169847499579,,-0.7656857371330261,-0.38282087445259094,0.0008080257684923708,,0.13308745622634888,0.1643926501274109,6.343316636048257e-05,,,,,,,,,,,,,,,,,,,,,,
58.894766,XKF1,,,,,,,,,,,,,,,,,,,,,,,0.03630604970561787,-0.036122214049100876,,,0.030498509540963843,,,,,,0.0036489584017544985,-0.026941804876181304,,,,,,0.02536883018910885,,0.02536883018910885,-0.016928719356656075
58.894766,POS,,,,,,,,,,,,,,,,,,,,,,,0.03536070852699359,-0.03536070852699359,,,,,37.4275,-122.1697004,,,0.0,,,,38.21807861328125,,,,,,
58.994726,ATT,,,3,,,-0.01,0.43,0.36,0.0,0.0,,,,0.0,,,,0.41,,,,0.32,,,,,,,,,,,,,,,,,,,,,
58.994726,RATE,49.321651458740234,29.38152313232422,,0.4060365855693817,0.16330698132514954,,,,,,-0.18027642369270325,-0.4874292016029358,-0.000542689929716289,,1.2623488903045654,1.5755512714385986,-0.0003422803711146116,,0.1373017132282257,0.18597237765789032,7.015332084847614e-05,,,,,,,,,,,,,,,,,,,,,,
58.994726,XKF1,,,,,,,,,,,,,,,,,,,,,,,0.0377399786830574,-0.03758091479539871,,,0.02651109902259687,,,,,,0.003461334155872464,-0.021557463943912763,,,,,,0.020051350817084312,,0.020051350817084312,-0.017343059182167053
58.994726,POS,,,,,,,,,,,,,,,,,,,,,,,0.03536070852699359,-0.03536070852699359,,,,,37.4275,-122.1697004,,,0.0,,,,38.46232604980469,,,,,,
59.094685999999996,ATT,,,3,,,-0.05,0.49,0.36,0.0,0.0,,,,-0.04,,,,0.48,,,,0.32,,,,,,,,,,,,,,,,,,,,,
59.094685999999996,RATE,14.927864074707031,-8.060844421386719,,0.3677745759487152,0.26471906900405884,,,,,,-0.17728155851364136,-0.17076432704925537,-8.634027471998706e-05,,0.17052572965621948,-0.07500269263982773,-0.00041592601337470114,,0.138138547539711,0.19215314090251923,8.359716593986377e-05,,,,,,,,,,,,,,,,,,,,,,
59.094685999999996,XKF1,,,,,,,,,,,,,,,,,,,,,,,0.03836202247131844,-0.038261089473962784,,,0.027851415798343594,,,,,,0.0027809711173176765,-0.023054641814507542,,,,,,0.021861180663108826,,0.021861180663108826,-0.0172565970569849
59.094685999999996,POS,,,,,,,,,,,,,,,,,,,,,,,0.03536070852699359,-0.03536070852699359,,,,,37.4275,-122.1697004,,,0.0,,,,38.71419906616211,,,,,,
59.194646,ATT,,,3,,,-0.01,0.47,0.36,0.0,0.0,,,,-0.02,,,,0.47,,,,0.31,,,,,,,,,,,,,,,,,,,,,
59.194646,RATE,40.000247955322266,-56.13972091674805,,0.3508641719818115,0.5136922001838684,,,,,,0.5992424488067627,0.41224604845046997,-0.00032208504853770137,,-0.36504629254341125,-0.14620348811149597,0.0005187583155930042,,0.14425410330295563,0.22257278859615326,0.0001076084517990239,,,,,,,,,,,,,,,,,,,,,,
59.194646,XKF1,,,,,,,,,,,,,,,,,,,,,,,0.039471508560130014,-0.039355333894491196,,,0.02703030013532629,,,,,,0.003026166232302785,-0.024244606638371746,,,,,,0.023256968706846237,,0.023256968706846237,-0.013774996623396873
59.194646,POS,,,,,,,,,,,,,,,,,,,,,,,0.03536070852699359,-0.03536070852699359,,,,,37.4275,-122.1697004,,,0.0,,,,38.97172546386719,,,,,,
59.294605999999995,ATT,,,3,,,0.07,0.47,0.36,0.0,0.0,,,,0.05,,,,0.47,,,,0.31,,,,,,,,,,,,,,,,,,,,,
59.294605999999995,RATE,13.804244995117188,-83.432373046875,,0.3510246276855469,0.24877069890499115,,,,,,1.6021661758422852,1.9288524389266968,-0.0001929049612954259,,-0.1889672428369522,-0.5030933022499084,-0.001057273824699223,,0.15197381377220154,0.2327517420053482,0.00013078335905447602,,,,,,,,,,,,,,,,,,,,,,
59.294605999999995,XKF1,,,,,,,,,,,,,,,,,,,,,,,0.03963193491416211,-0.0394829697906971,,,0.026919894671709965,,,,,,0.003432981437072158,-0.02683436351314466,,,,,,0.026547765359282494,,0.026547765359282494,-0.004460592288523912
59.294605999999995,POS,,,,,,,,,,,,,,,,,,,,,,,0.03536070852699359,-0.03536070852699359,,,,,37.4275,-122.1697004,,,0.0,,,,39.231319427490234,,,,,,
59.394566,ATT,,,3,,,0.2,0.48,0.36,0.0,0.0,,,,0.19,,,,0.46,,,,0.3,,,,,,,,,,,,,,,,,,,,,
59.394566,RATE,-160.3812255859375,-90.98136901855469,,0.35703811049461365,0.441893070936203,,,,,,0.9878799319267273,0.11125671863555908,-0.002262392546981573,,0.03134826198220253,0.9168473482131958,0.0030288686975836754,,0.15818488597869873,0.2725772559642792,0.00015760315000079572,,,,,,,,,,,,,,,,,,,,,,
59.394566,XKF1,,,,,,,,,,,,,,,,,,,,,,,0.040603204770001275,-0.04026741907000542,,,0.022553463738579006,,,,,,0.00521106505766511,-0.02254073366617452,,,,,,0.022257084026932716,,0.022257084026932716,-0.0036443020217120647
59.394566,POS,,,,,,,,,,,,,,,,,,,,,,,0.03536070852699359,-0.03536070852699359,,,,,37.4275,-122.1697004,,,0.0,,,,39.486305236816406,,,,,,
59.494526,ATT,,,3,,,0.22,0.55,0.36,0.0,0.0,,,,0.23,,,,0.54,,,,0.3,,,,,,,,,,,,,,,,,,,,,
59.494526,RATE,-53.44247817993164,-69.72381591796875,,0.3740444779396057,0.08182239532470703,,,,,,0.08571053296327591,-0.4333159029483795,-0.0007890441338531673,,0.32508400082588196,-0.14474985003471375,-0.0005804416141472757,,0.1724151372909546,0.2829662561416626,0.00017911955364979804,,,,,,,,,,,,,,,,,,,,,,
59.494526,XKF1,,,,,,,,,,,,,,,,,,,,,,,0.04104784400382436,-0.040509384125471115,,,0.024243360544450723,,,,,,0.00662686163559556,-0.024227126619298864,,,,,,0.02405252680182457,,0.02405252680182457,-0.0030358664225786924
59.494526,POS,,,,,,,,,,,,,,,,,,,,,,,0.03536070852699359,-0.03536070852699359,,,,,37.4275,-122.1697004,,,0.0,,,,39.73157501220703,,,,,,
59.594485999999996,ATT,,,3,,,0.27,0.45,0.36,0.0,0.0,,,,0.26,,,,0.45,,,,0.3,,,,,,,,,,,,,,,,,,,,,
59.594485999999996,RATE,-35.41698455810547,-81.94544982910156,,0.35302114486694336,0.14771337807178497,,,,,,1.1157196760177612,1.3402800559997559,-0.0005221504834480584,,-1.042550802230835,-0.2865102291107178,0.002440068405121565,,0.18806064128875732,0.3084500730037689,0.00019071651331614703,,,,,,,,,,,,,,,,,,,,,,
59.594485999999996,XKF1,,,,,,,,,,,,,,,,,,,,,,,0.04148699879789116,-0.04058026894927025,,,0.03106791833093592,,,,,,0.008626287803053856,-0.02891968160315776,,,,,,0.030648009851574898,,0.030648009851574898,0.005090681836009026
59.594485999999996,POS,,,,,,,,,,,,,,,,,,,,,,,0.03536070852699359,-0.03536070852699359,,,,,37.4275,-122.1697004,,,0.0,,,,39.97203826904297,,,,,,
59.694446,ATT,,,3,,,0.34,0.36,0.37,0.0,0.0,,,,0.33,,,,0.35,,,,0.3,,,,,,,,,,,,,,,,,,,,,
59.694446,RATE,-63.02471160888672,-75.08757019042969,,0.36772748827934265,0.5012710690498352,,,,,,0.3292042016983032,0.5978865027427673,0.0015686147380620241,,-1.0071227550506592,-0.0882234200835228,0.002680896781384945,,0.2014678716659546,0.30261459946632385,0.0001915114844450727,,,,,,,,,,,,,,,,,,,,,,
59.694446,XKF1,,,,,,,,,,,,,,,,,,,,,,,0.04071982746361914,-0.039367567747831345,,,0.03405091058068576,,,,,,0.010406678542494774,-0.030645118307433838,,,,,,0.033421050757169724,,0.033421050757169724,0.006519039627164602
59.694446,POS,,,,,,,,,,,,,,,,,,,,,,,0.03536070852699359,-0.03536070852699359,,,,,37.4275,-122.1697004,,,0.0,,,,40.20822525024414,,,,,,
59.794405999999995,ATT,,,3,,,0.36,0.36,0.37,0.0,0.0,,,,0.36,,,,0.34,,,,0.3,,,,,,,,,,,,,,,,,,,,,
59.794405999999995,RATE,-224.01409912109375,-66.24117279052734,,0.36280524730682373,0.48895522952079773,,,,,,0.01851470209658146,-0.5287407636642456,-0.00015825295122340322,,-0.2978823781013489,0.6734346747398376,0.002088661305606365,,0.20824582874774933,0.3143129348754883,0.00018308169092051685,,,,,,,,,,,,,,,,,,,,,,
59.794405999999995,XKF1,,,,,,,,,,,,,,,,,,,,,,,0.04070279127505924,-0.03882959485054016,,,0.03214300161032796,,,,,,0.012205727398395538,-0.03067075932332217,,,,,,0.032142993062734604,,0.032142993062734604,-2.3441214580088854e-05
59.794405999999995,POS,,,,,,,,,,,,,,,,,,,,,,,0.03536070852699359,-0.03536070852699359,,,,,37.4275,-122.1697004,,,0.0,,,,40.43496322631836,,,,,,
59.894366,ATT,,,3,,,0.27,0.35,0.36,0.0,0.0,,,,0.28,,,,0.35,,,,0.3,,,,,,,,,,,,,,,,,,,,,
59.894366,RATE,-18.08328628540039,-64.59009552001953,,0.3557604253292084,0.6182796359062195,,,,,,-0.7186307311058044,-0.5176364779472351,-4.308110510464758e-05,,-0.534988522529602,-1.2315102815628052,-0.001463698921725154,,0.2286507785320282,0.29030802845954895,0.00015603388601448387,,,,,,,,,,,,,,,,,,,,,,
59.894366,XKF1,,,,,,,,,,,,,,,,,,,,,,,0.039375389813619724,-0.03719526529312134,,,0.040553725783778395,,,,,,0.012920277193188667,-0.03879634259405047,,,,,,0.040523119270801544,,0.040523119270801544,-0.0015752712497487664
59.894366,POS,,,,,,,,,,,,,,,,,,,,,,,0.03536070852699359,-0.03536070852699359,,,,,37.4275,-122.1697004,,,0.0,,,,40.65605545043945,,,,,,
59.994326,ATT,,,3,,,0.2,0.22,0.36,0.0,0.0,,,,0.21,,,,0.22,,,,0.3,,,,,,,,,,,,,,,,,,,,,
59.994326,RATE,28.737163543701172,-61.77375793457031,,0.3658580482006073,0.14419560134410858,,,,,,-0.8152779936790466,-0.5754404664039612,0.0006442922167479992,,-1.2178431749343872,-1.0543946027755737,0.0009417106630280614,,0.24148830771446228,0.28203317523002625,0.00011530396295711398,,,,,,,,,,,,,,,,,,,,,,
59.994326,XKF1,,,,,,,,,,,,,,,,,,,,,,,0.03818596997213009,-0.03579141944646835,,,0.0460827217296358,,,,,,0.013309492729604244,-0.04513276549961818,,,,,,0.04554706811904907,,0.04554706811904907,-0.0070058424025774
59.994326,POS,,,,,,,,,,,,,,,,,,,,,,,0.03536070852699359,-0.03536070852699359,,,,,37.4275,-122.1697004,,,0.0,,,,40.87262725830078,,,,,,
60.094286,ATT,,,3,,,0.07,0.2,0.36,0.0,0.0,,,,0.1,,,,0.18,,,,0.31,,,,,,,,,,,,,,,,,,,,,
60.094286,RATE,-69.52400207519531,-34.682960510253906,,0.39486321806907654,0.06938841193914413,,,,,,-2.494595527648926,-2.664397954940796,0.0011036935029551387,,0.39821943640708923,0.6844516396522522,-1.4144403394311666e-05,,0.24814565479755402,0.24276365339756012,6.092841795179993e-05,,,,,,,,,,,,,,,,,,,,,,
60.094286,XKF1,,,,,,,,,,,,,,,,,,,,,,,0.03565853648371062,-0.033387720584869385,,,0.04652822333334087,,,,,,0.012521634809672832,-0.0463629968162791,,,,,,0.04203479364514351,,0.04203479364514351,-0.019948726519942284
60.094286,POS,,,,,,,,,,,,,,,,,,,,,,,0.03536070852699359,-0.03536070852699359,,,,,37.4275,-122.1697004,,,0.0,,,,41.08169174194336,,,,,,
60.194246,ATT,,,3,,,-0.08,0.22,0.36,0.0,0.0,,,,-0.07,,,,0.21,,,,0.32,,,,,,,,,,,,,,,,,,,,,
60.194246,RATE,-17.87281036376953,-60.451351165771484,,0.3460308015346527,0.4183575212955475,,,,,,-1.3597315549850464,-0.6200728416442871,0.001139103202149272,,0.05870538949966431,-0.47489431500434875,-0.0018318870570510626,,0.2488374561071396,0.21681931614875793,2.4050405045272782e-06,,,,,,,,,,,,,,,,,,,,,,
60.194246,XKF1,,,,,,,,,,,,,,,,,,,,,,,0.034125215937908446,-0.0323433019220829,,,0.049465332142641316,,,,,,0.010883068665862083,-0.048840796572312675,,,,,,0.04379160329699516,,0.04379160329699516,-0.023002490401268005
60.194246,POS,,,,,,,,,,,,,,,,,,,,,,,0.03536070852699359,-0.03536070852699359,,,,,37.4275,-122.1697004,,,0.0,,,,41.284271240234375,,,,,,
60.294205999999996,ATT,,,3,,,-0.01,0.2,0.36,0.0,0.0,,,,-0.04,,,,0.19,,,,0.33,,,,,,,,,,,,,,,,,,,,,
60.294205999999996,RATE,-23.44350814819336,-85.07818603515625,,0.3369673490524292,0.11586026847362518,,,,,,1.3542615175247192,1.5215309858322144,-0.001052394974976778,,-0.22942589223384857,-0.5062150955200195,0.0004793879634235054,,0.24657182395458221,0.17383483052253723,-4.6722991100978106e-05,,,,,,,,,,,,,,,,,,,,,,
60.294205999999996,XKF1,,,,,,,,,,,,,,,,,,,,,,,0.031609949851677595,-0.030215654522180557,,,0.049435979882303534,,,,,,0.009284565225243568,-0.04942375158151519,,,,,,0.04692075401544571,,0.04692075401544571,-0.015567881986498833
60.294205999999996,POS,,,,,,,,,,,,,,,,,,,,,,,0.03536070852699359,-0.03536070852699359,,,,,37.4275,-122.1697004,,,0.0,,,,41.489471435546875,,,,,,
60.394999,ATT,,,3,,,0.01,0.06,0.36,0.0,0.0,,,,0.01,,,,0.07,,,,0.33,,,,,,,,,,,,,,,,,,,,,
60.394999,RATE,-35.88685989379883,-92.34807586669922,,0.33568519353866577,0.20729529857635498,,,,,,-0.27939027547836304,-0.6613568067550659,-0.0007063694065436721,,-1.339671015739441,-1.0117385387420654,2.102959479088895e-05,,0.23217351734638214,0.1529790312051773,-8.895420614862815e-05,,,,,,,,,,,,,,,,,,,,,,
60.394999,XKF1,,,,,,,,,,,,,,,,,,,,,,,0.02967122758582475,-0.028420142829418182,,,0.05355755051767488,,,,,,0.008525094017386436,-0.05336587225524515,,,,,,0.04981497675180435,,0.04981497675180435,-0.019669247791171074
60.394999,POS,,,,,,,,,,,,,,,,,,,,,,,0.03536070852699359,-0.03536070852699359,,,,,37.4275,-122.1697004,,,0.0,,,,41.68900680541992,,,,,,
60.494959,ATT,,,3,,,-0.04,-0.06,0.36,0.0,0.0,,,,-0.04,,,,-0.05,,,,0.34,,,,,,,,,,,,,,,,,,,,,
60.494959,RATE,-49.120521545410156,-71.18036651611328,,0.3612416684627533,0.1438741385936737,,,,,,-0.6196783185005188,-0.8843955993652344,-0.0006684939726255834,,-2.4486069679260254,-1.292382001876831,0.005166181363165379,,0.223661407828331,0.12227442115545273,-0.00011983325384790078,,,,,,,,,,,,,,,,,,,,,,
60.494959,XKF1,,,,,,,,,,,,,,,,,,,,,,,0.026292478513526108,-0.025302516296505928,,,0.05972427052483718,,,,,,0.007146824151277542,-0.059011205520488115,,,,,,0.054288189858198166,,0.054288189858198166,-0.024895399808883667
60.494959,POS,,,,,,,,,,,,,,,,,,,,,,,0.026520531709311384,-0.026520531709311384,,,,,37.4275,-122.1697003,,,0.0,,,,41.881099700927734,,,,,,
60.594919,ATT,,,3,,,-0.06,0.0,0.36,0.0,0.0,,,,-0.08,,,,-0.01,,,,0.34,,,,,,,,,,,,,,,,,,,,,
60.594919,RATE,-146.91725158691406,-74.86990356445312,,0.34335485100746155,0.07772894203662872,,,,,,0.1593869924545288,0.16891063749790192,-0.00020137717365287244,,0.8393335342407227,0.6583369374275208,-0.0003263737016823143,,0.2041471153497696,0.1156630665063858,-0.00012473398237489164,,,,,,,,,,,,,,,,,,,,,,
60.594919,XKF1,,,,,,,,,,,,,,,,,,,,,,,0.02399153993541875,-0.023208850994706154,,,0.051579638333972055,,,,,,0.006078093778342009,-0.050641826741364845,,,,,,0.04650921747088432,,0.04650921747088432,-0.022301385179162025
60.594919,POS,,,,,,,,,,,,,,,,,,,,,,,0.026520531709311384,-0.026520531709311384,,,,,37.4275,-122.1697003,,,0.0,,,,42.06593322753906,,,,,,
60.694879,ATT,,,3,,,-0.05,0.01,0.36,0.0,0.0,,,,-0.07,,,,0.0,,,,0.34,,,,,,,,,,,,,,,,,,,,,
60.694879,RATE,-6.940460205078125,-68.97371673583984,,0.3427424728870392,0.43020099401474,,,,,,1.1307694911956787,0.5043113827705383,-0.003647382603958249,,-0.0320163369178772,-0.6747592091560364,-0.002342585241422057,,0.19775919616222382,0.09512506425380707,-0.0001364304916933179,,,,,,,,,,,,,,,,,,,,,,
60.694879,XKF1,,,,,,,,,,,,,,,,,,,,,,,0.02112736686075845,-0.020573249086737633,,,0.05347933966215587,,,,,,0.004806979559361935,-0.05299205092074142,,,,,,0.04996336251497269,,0.04996336251497269,-0.019070977345108986
60.694879,POS,,,,,,,,,,,,,,,,,,,,,,,0.026520531709311384,-0.026520531709311384,,,,,37.4275,-122.1697003,,,0.0,,,,42.24431610107422,,,,,,
60.794838999999996,ATT,,,3,,,0.0,0.0,0.36,0.0,0.0,,,,-0.01,,,,-0.01,,,,0.34,,,,,,,,,,,,,,,,,,,,,
60.794838999999996,RATE,-221.79928588867188,-62.078121185302734,,0.3765806257724762,0.8840365409851074,,,,,,0.2151661068201065,0.0,-7.046994869597256e-05,,-0.014190083369612694,0.0,-0.0006166725652292371,,0.1881004273891449,0.09270266443490982,-0.0001390454708598554,,,,,,,,,,,,,,,,,,,,,,
60.794838999999996,XKF1,,,,,,,,,,,,,,,,,,,,,,,0.01922339425881926,-0.01869048736989498,,,0.04717277643512214,,,,,,0.004494949243962765,-0.046890532045234586,,,,,,0.04438583552837372,,0.04438583552837372,-0.01597399264574051
60.794838999999996,POS,,,,,,,,,,,,,,,,,,,,,,,0.026520531709311384,-0.026520531709311384,,,,,37.4275,-122.1697003,,,0.0,,,,42.41691589355469,,,,,,
60.894799,ATT,,,3,,,0.0,0.0,0.36,0.0,0.0,,,,0.0,,,,-0.02,,,,0.35,,,,,,,,,,,,,,,,,,,,,
60.894799,RATE,-245.7064208984375,-104.3620376586914,,0.33894506096839905,0.15406931936740875,,,,,,0.0011795050231739879,4.363200059742667e-05,-1.8672453734325245e-05,,-0.014497216790914536,0.08902052044868469,0.00015129547682590783,,0.17762455344200134,0.07762739807367325,-0.0001430194388376549,,,,,,,,,,,,,,,,,,,,,,
60.894799,XKF1,,,,,,,,,,,,,,,,,,,,,,,0.016846625764726602,-0.016418589279055595,,,0.045545288257859265,,,,,,0.003773423610255122,-0.04513019489124249,,,,,,0.04260936379432678,,0.04260936379432678,-0.016087740659713745
60.894799,POS,,,,,,,,,,,,,,,,,,,,,,,0.017680353635364417,-0.017680353635364417,,,,,37.4275,-122.1697002,,,0.0,,,,42.581398010253906,,,,,,
60.994758999999995,ATT,,,3,,,0.0,0.0,0.36,0.0,0.0,,,,-0.01,,,,-0.02,,,,0.35,,,,,,,,,,,,,,,,,,,,,
60.994758999999995,RATE,-73.28071594238281,-84.17862701416016,,0.36148306727409363,0.8045593500137329,,,,,,0.016435910016298294,0.011536376550793648,-0.00012055275874445215,,0.09813524782657623,0.08826985955238342,-0.0005327528342604637,,0.1568203568458557,0.08014063537120819,-0.00012791166955139488,,,,,,,,,,,,,,,,,,,,,,
60.994758999999995,XKF1,,,,,,,,,,,,,,,,,,,,,,,0.016101129850114238,-0.015773897990584373,,,0.03525043074511127,,,,,,0.0032296322751790285,-0.03408298226573715,,,,,,0.03158567100763321,,0.03158567100763321,-0.01565050333738327
60.994758999999995,POS,,,,,,,,,,,,,,,,,,,,,,,0.017680353635364417,-0.017680353635364417,,,,,37.4275,-122.1697002,,,0.0,,,,42.733367919921875,,,,,,
61.094719,ATT,,,3,,,0.0,0.0,0.36,0.0,0.0,,,,-0.01,,,,-0.02,,,,0.35,,,,,,,,,,,,,,,,,,,,,
61.094719,RATE,-10.114097595214844,-131.7019805908203,,0.31324318051338196,0.5019323229789734,,,,,,-0.02590680494904518,0.03328437730669975,0.00019817272550426424,,0.049708060920238495,0.08256394416093826,0.00013061022036708891,,0.14277683198451996,0.07555274665355682,-0.0001059581627487205,,,,,,,,,,,,,,,,,,,,,,
61.094719,XKF1,,,,,,,,,,,,,,,,,,,,,,,0.015349863571259609,-0.015135489404201508,,,0.02953277686152952,,,,,,0.0025564178358763456,-0.027524725872431204,,,,,,0.025357648730278015,,0.025357648730278015,-0.01513851247727871
61.094719,POS,,,,,,,,,,,,,,,,,,,,,,,0.017680353635364417,-0.017680353635364417,,,,,37.4275,-122.1697002,,,0.0,,,,42.883975982666016,,,,,,
61.194679,ATT,,,3,,,0.0,0.0,0.36,0.0,0.0,,,,-0.01,,,,-0.01,,,,0.35,,,,,,,,,,,,,,,,,,,,,
61.194679,RATE,-169.13815307617188,-150.6993408203125,,0.318109393119812,0.3660949468612671,,,,,,-0.02136954478919506,0.0,0.0001495922915637493,,0.09246338903903961,0.0,-0.00043394952081143856,,0.13726046681404114,0.07791698724031448,-9.421175491297618e-05,,,,,,,,,,,,,,,,,,,,,,
61.194679,XKF1,,,,,,,,,,,,,,,,,,,,,,,0.0157780175303215,-0.01566167362034321,,,0.029169109544240113,,,,,,0.0019125419203191996,-0.024027040120760165,,,,,,0.02184508554637432,,0.02184508554637432,-0.019329490140080452
61.194679,POS,,,,,,,,,,,,,,,,,,,,,,,0.017680353635364417,-0.017680353635364417,,,,,37.4275,-122.1697002,,,0.0,,,,43.031105041503906,,,,,,
61.294639,ATT,,,3,,,0.0,0.0,0.36,0.0,0.0,,,,-0.01,,,,-0.01,,,,0.35,,,,,,,,,,,,,,,,,,,,,
61.294639,RATE,-53.74717712402344,-138.8698272705078,,0.33066967129707336,0.27511876821517944,,,,,,0.01716148480772972,0.0,-7.740673027001321e-07,,0.08742519468069077,0.0,-0.0002481455449014902,,0.13139736652374268,0.07253920286893845,-8.59782230691053e-05,,,,,,,,,,,,,,,,,,,,,,
61.294639,XKF1,,,,,,,,,,,,,,,,,,,,,,,0.01614140900951586,-0.016120631247758865,,,0.024616570499742873,,,,,,0.0008187386556528509,-0.015180261402519544,,,,,,0.014177775941789149,,0.01417777594178915,-0.02012377232313156
61.294639,POS,,,,,,,,,,,,,,,,,,,,,,,0.017680353635364417,-0.017680353635364417,,,,,37.4275,-122.1697002,,,0.0,,,,43.16456985473633,,,,,,
61.394599,ATT,,,3,,,0.0,0.0,0.36,0.0,0.0,,,,-0.01,,,,-0.01,,,,0.35,,,,,,,,,,,,,,,,,,,,,
61.394599,RATE,-136.2141571044922,-137.80410766601562,,0.3285609781742096,0.42087244987487793,,,,,,0.014336850494146347,0.05990183353424072,3.945805292460136e-05,,0.001709811738692224,0.06585153937339783,0.0002953200601041317,,0.1213645339012146,0.07069890201091766,-8.137932309182361e-05,,,,,,,,,,,,,,,,,,,,,,
61.394599,XKF1,,,,,,,,,,,,,,,,,,,,,,,0.017736503726236707,-0.01773008704185486,,,0.020171414681324745,,,,,,0.0004770512750837952,-0.01308670806800568,,,,,,0.012669109739363192,,0.012669109739363194,-0.015696484595537186
61.394599,POS,,,,,,,,,,,,,,,,,,,,,,,0.017680353635364417,-0.017680353635364417,,,,,37.4275,-122.1697002,,,0.0,,,,43.285892486572266,,,,,,
61.494558999999995,ATT,,,3,,,0.0,0.0,0.36,0.0,0.0,,,,-0.01,,,,-0.01,,,,0.35,,,,,,,,,,,,,,,,,,,,,
61.494558999999995,RATE,-188.72927856445312,-144.8969268798828,,0.31537479162216187,0.43598636984825134,,,,,,-0.039352741092443466,0.0,0.0002129343047272414,,0.010911430232226849,0.0,0.00015992147382348776,,0.11433310061693192,0.06479981541633606,-7.683064904995263e-05,,,,,,,,,,,,,,,,,,,,,,
61.494558999999995,XKF1,,,,,,,,,,,,,,,,,,,,,,,0.018984393107684922,-0.018984392285346985,,,0.016793412660324167,,,,,,5.587769919657148e-06,-0.007771146763232483,,,,,,0.007766764611005782,,0.007766764611005783,-0.014889461919665337
61.494558999999995,POS,,,,,,,,,,,,,,,,,,,,,,,0.017680353635364417,-0.017680353635364417,,,,,37.4275,-122.1697002,,,0.0,,,,43.39823532104492,,,,,,
61.594519,ATT,,,3,,,0.0,0.0,0.36,0.0,0.0,,,,-0.02,,,,-0.01,,,,0.35,,,,,,,,,,,,,,,,,,,,,
61.594519,RATE,-192.36856079101562,-140.3389892578125,,0.3106345534324646,0.152696430683136,,,,,,-0.031675130128860474,0.07317335158586502,0.0005397561471909285,,-0.006493990775197744,0.050698284059762955,0.00028515359736047685,,0.11084213107824326,0.06265876442193985,-7.487116090487689e-05,,,,,,,,,,,,,,,,,,,,,,
61.594519,XKF1,,,,,,,,,,,,,,,,,,,,,,,0.02116186020556268,-0.02116122841835022,,,0.013167200224228305,,,,,,0.00016352121019735932,-0.007219486438951827,,,,,,0.007134182844310998,,0.007134182844310999,-0.01106700487434864
61.594519,POS,,,,,,,,,,,,,,,,,,,,,,,0.017680353635364417,-0.017680353635364417,,,,,37.4275,-122.1697002,,,0.0,,,,43.497806549072266,,,,,,
61.694479,ATT,,,3,,,0.0,0.0,0.36,0.0,0.0,,,,-0.01,,,,-0.01,,,,0.35,,,,,,,,,,,,,,,,,,,,,
61.694479,RATE,10.41727066040039,-135.32334899902344,,0.31040477752685547,0.7049660086631775,,,,,,-0.051180485635995865,0.0,0.0007022999343462288,,0.03041129745543003,0.0,0.0001762679312378168,,0.10271991044282913,0.05892520770430565,-7.03938421793282e-05,,,,,,,,,,,,,,,,,,,,,,
61.694479,XKF1,,,,,,,,,,,,,,,,,,,,,,,0.02299372774658411,-0.02299157716333866,,,0.0076304181880089824,,,,,,0.00031447611399926245,0.00022313551116866679,,,,,,-0.0003274282207712536,,-0.0003274282207712531,-0.007623389828950167
61.694479,POS,,,,,,,,,,,,,,,,,,,,,,,0.017680353635364417,-0.017680353635364417,,,,,37.4275,-122.1697002,,,0.0,,,,43.5859375,,,,,,
61.794439,ATT,,,3,,,0.0,0.0,0.36,0.0,0.0,,,,-0.02,,,,-0.01,,,,0.35,,,,,,,,,,,,,,,,,,,,,
61.794439,RATE,-182.03158569335938,-144.2092742919922,,0.30267053842544556,0.2184704840183258,,,,,,-0.08926514536142349,0.07064248621463776,0.0008126272005029023,,-0.10826794803142548,0.05416912958025932,0.0008035123464651406,,0.10416676104068756,0.05788775905966759,-7.052918226690963e-05,,,,,,,,,,,,,,,,,,,,,,
61.794439,XKF1,,,,,,,,,,,,,,,,,,,,,,,0.026207233397105692,-0.026176312938332558,,,0.007352431733932857,,,,,,0.001272683497518301,0.006439315643059015,,,,,,-0.006604052614420652,,-0.006604052614420652,-0.0032318325247615576
61.794439,POS,,,,,,,,,,,,,,,,,,,,,,,0.017680353635364417,-0.017680353635364417,,,,,37.4275,-122.1697002,,,0.0,,,,43.66605758666992,,,,,,
61.89439899999999,ATT,,,3,,,0.0,0.0,0.36,0.0,0.0,,,,-0.01,,,,-0.01,,,,0.35,,,,,,,,,,,,,,,,,,,,,
61.89439899999999,RATE,-144.21539306640625,-118.98137664794922,,0.32587191462516785,0.03633132576942444,,,,,,-0.07603626698255539,0.06344866752624512,0.00083775888197124,,-0.14356553554534912,0.06244135648012161,0.001200288301333785,,0.09662603586912155,0.054619453847408295,-6.980114994803444e-05,,,,,,,,,,,,,,,,,,,,,,
61.89439899999999,XKF1,,,,,,,,,,,,,,,,,,,,,,,0.02858186125661644,-0.028495820239186287,,,0.006849412798717622,,,,,,0.0022160825319588184,0.006681365127380003,,,,,,-0.006544336210936308,,-0.006544336210936308,0.0020214151591062546
61.89439899999999,POS,,,,,,,,,,,,,,,,,,,,,,,0.026520531709311384,-0.026520531709311384,,,,,37.4275,-122.1697003,,,0.0,,,,43.732181549072266,,,,,,
61.994359,ATT,,,3,,,0.0,0.0,0.36,0.0,0.0,,,,-0.02,,,,-0.01,,,,0.35,,,,,,,,,,,,,,,,,,,,,
61.994359,RATE,-161.4593505859375,-117.3089828491211,,0.3128308653831482,0.11204075813293457,,,,,,-0.04993487894535065,0.07562733441591263,0.0006020554574206471,,0.030344173312187195,0.046959150582551956,0.00024376355577260256,,0.09192898124456406,0.045829884707927704,-7.009990804363042e-05,,,,,,,,,,,,,,,,,,,,,,
61.994359,XKF1,,,,,,,,,,,,,,,,,,,,,,,0.0321003587778082,-0.03173486143350601,,,0.01179458322169041,,,,,,0.004830279853194952,0.007405598113775948,,,,,,-0.005939948372542857,,-0.005939948372542858,0.010189661756157875
61.994359,POS,,,,,,,,,,,,,,,,,,,,,,,0.026520531709311384,-0.026520531709311384,,,,,37.4275,-122.1697003,,,0.0,,,,43.78540802001953,,,,,,
62.094319,ATT,,,3,,,0.0,0.0,0.36,0.0,0.0,,,,-0.02,,,,0.0,,,,0.36,,,,,,,,,,,,,,,,,,,,,
62.094319,RATE,-57.80048370361328,-105.2384033203125,,0.3235827386379242,0.1165531724691391,,,,,,-0.04597080126404762,0.0,0.0002399391814833507,,0.039608776569366455,0.0,-7.789055962348357e-05,,0.08669784665107727,0.03802673518657684,-7.416300650220364e-05,,,,,,,,,,,,,,,,,,,,,,
62.094319,XKF1,,,,,,,,,,,,,,,,,,,,,,,0.03457502729373468,-0.03388003632426262,,,0.011531110835092383,,,,,,0.0068975104950368404,0.009182340275107592,,,,,,-0.007606288418173789,,-0.00760628841817379,0.008666654117405415
62.094319,POS,,,,,,,,,,,,,,,,,,,,,,,0.026520531709311384,-0.026520531709311384,,,,,37.4275,-122.1697003,,,0.0,,,,43.828067779541016,,,,,,
62.194278999999995,ATT,,,3,,,0.0,0.0,0.36,0.0,0.0,,,,-0.02,,,,0.0,,,,0.35,,,,,,,,,,,,,,,,,,,,,
62.194278999999995,RATE,-206.21046447753906,-100.48265075683594,,0.3227422535419464,0.28376445174217224,,,,,,-0.028406990692019463,0.0,6.404799205483869e-05,,0.038738418370485306,0.0,-3.7649020669050515e-05,,0.08067050576210022,0.048470389097929,-6.580973422387615e-05,,,,,,,,,,,,,,,,,,,,,,
62.194278999999995,XKF1,,,,,,,,,,,,,,,,,,,,,,,0.03831251195859874,-0.03710245341062546,,,0.02065660574029011,,,,,,0.009552828036248684,0.018403992704234266,,,,,,-0.015483863651752472,,-0.015483863651752472,0.01367279514670372
62.194278999999995,POS,,,,,,,,,,,,,,,,,,,,,,,0.03536070852699359,-0.03536070852699359,,,,,37.4275,-122.1697004,,,0.0,,,,43.85969543457031,,,,,,
62.294239000000005,ATT,,,3,,,0.0,0.0,0.36,0.0,0.0,,,,-0.02,,,,0.0,,,,0.35,,,,,,,,,,,,,,,,,,,,,
62.294239000000005,RATE,16.679000854492188,-79.38929748535156,,0.33953386545181274,0.15076565742492676,,,,,,0.06429772078990936,0.0,-0.0005028573214076459,,-0.009899865835905075,0.0,0.0003018973220605403,,0.07652546465396881,0.06260425597429276,-4.322998211137019e-05,,,,,,,,,,,,,,,,,,,,,,
62.294239000000005,XKF1,,,,,,,,,,,,,,,,,,,,,,,0.04183226757702139,-0.03994070738554001,,,0.02295178829604413,,,,,,0.012436981312930584,0.01717689739490086,,,,,,-0.011874318122863768,,-0.01187431812286377,0.019641414284706116
62.294239000000005,POS,,,,,,,,,,,,,,,,,,,,,,,0.03536070852699359,-0.03536070852699359,,,,,37.4275,-122.1697004,,,0.0,,,,43.87752151489258,,,,,,
62.394199,ATT,,,3,,,0.0,0.0,0.36,0.0,0.0,,,,-0.02,,,,0.0,,,,0.35,,,,,,,,,,,,,,,,,,,,,
62.394199,RATE,-28.784751892089844,-68.26737976074219,,0.31486737728118896,0.17292292416095734,,,,,,0.013372273184359074,0.0,-2.2189538867678493e-05,,0.019386058673262596,0.0,8.728687680559233e-05,,0.07511553913354874,0.07183948904275894,-2.2404969058698043e-05,,,,,,,,,,,,,,,,,,,,,,
62.394199,XKF1,,,,,,,,,,,,,,,,,,,,,,,0.04598407337334393,-0.04297579824924469,,,0.025378321946352977,,,,,,0.016358966007828712,0.01943757842392507,,,,,,-0.012361205182969568,,-0.01236120518296957,0.02216438204050064
62.394199,POS,,,,,,,,,,,,,,,,,,,,,,,0.03536070852699359,-0.03536070852699359,,,,,37.4275,-122.1697004,,,0.0,,,,43.889347076416016,,,,,,
62.494991999999996,ATT,,,3,,,0.0,0.0,0.36,0.0,0.0,,,,-0.02,,,,0.0,,,,0.35,,,,,,,,,,,,,,,,,,,,,
62.494991999999996,RATE,-55.8344841003418,-41.69456481933594,,0.3196963667869568,0.11156938970088959,,,,,,0.01414282713085413,0.0,-4.727690975414589e-05,,-0.00024480625870637596,0.0,5.3658735851058736e-05,,0.07260506600141525,0.08024077862501144,-8.294042345369235e-06,,,,,,,,,,,,,,,,,,,,,,
62.494991999999996,XKF1,,,,,,,,,,,,,,,,,,,,,,,0.04986119012562818,-0.045637696981430054,,,0.023627885531711638,,,,,,0.020083298906683922,0.019105020252776786,,,,,,-0.011887084692716597,,-0.011887084692716599,0.020419945940375328
62.494991999999996,POS,,,,,,,,,,,,,,,,,,,,,,,0.044200886600940556,-0.044200886600940556,,,,,37.4275,-122.1697005,,,0.0,,,,43.89515686035156,,,,,,
62.59495199999999,ATT,,,3,,,0.0,0.0,0.36,0.0,0.0,,,,-0.02,,,,0.0,,,,0.34,,,,,,,,,,,,,,,,,,,,,
62.59495199999999,RATE,-0.4924774169921875,-10.816505432128906,,0.3365524411201477,0.04013614356517792,,,,,,0.013820507563650608,0.0,-4.832116246689111e-05,,-0.0003552432172000408,0.0,-8.398681075050263e-07,,0.07128781080245972,0.10947234183549881,2.6359282855992205e-05,,,,,,,,,,,,,,,,,,,,,,
62.59495199999999,XKF1,,,,,,,,,,,,,,,,,,,,,,,0.05447022997879686,-0.04889397695660591,,,0.025023205644717713,,,,,,0.024008018895983696,0.0231840797130354,,,,,,-0.01666056178510189,,-0.01666056178510189,0.018670471385121346
62.59495199999999,POS,,,,,,,,,,,,,,,,,,,,,,,0.04558113429046629,-0.044200886600940556,,,,,37.4275001,-122.1697005,,,0.011132000130089637,,,,43.89368438720703,,,,,,
62.694912,ATT,,,3,,,0.0,0.0,0.36,0.0,0.0,,,,-0.02,,,,-0.01,,,,0.33,,,,,,,,,,,,,,,,,,,,,
62.694912,RATE,-22.078609466552734,-1.4235343933105469,,0.3303211033344269,0.22472114861011505,,,,,,0.09157712012529373,0.0,-0.0002462521370034665,,-0.0023430383298546076,0.0,-7.209790965134744e-06,,0.06945609301328659,0.13527581095695496,7.044403173495084e-05,,,,,,,,,,,,,,,,,,,,,,
62.694912,XKF1,,,,,,,,,,,,,,,,,,,,,,,0.05913666525045219,-0.05232523754239082,,,0.02661248963500378,,,,,,0.027553850784897804,0.02602256680229609,,,,,,-0.02042892388999462,,-0.02042892388999462,0.017055312171578407
62.694912,POS,,,,,,,,,,,,,,,,,,,,,,,0.04558113429046629,-0.044200886600940556,,,,,37.4275001,-122.1697005,,,0.011132000130089637,,,,43.89023208618164,,,,,,
62.794872,ATT,,,3,,,0.0,0.7,0.36,0.0,0.0,,,,-0.02,,,,0.21,,,,0.33,,,,,,,,,,,,,,,,,,,,,
62.794872,RATE,-18.938541412353516,19.132179260253906,,0.34266066551208496,0.10383795946836472,,,,,,0.07028944790363312,0.08744154870510101,-2.0145243979641236e-05,,7.734624862670898,51.3546257019043,0.151833638548851,,0.07742378115653992,0.1468806266784668,0.00010551602463237941,,,,,,,,,,,,,,,,,,,,,,
62.794872,XKF1,,,,,,,,,,,,,,,,,,,,,,,0.06462375102765837,-0.05656087026000023,,,0.030038513107576614,,,,,,0.03125855326652527,0.030011567083024295,,,,,,-0.0256518367677927,,-0.0256518367677927,0.015629956498742104
62.794872,POS,,,,,,,,,,,,,,,,,,,,,,,0.05419664044453935,-0.05304106341862277,,,,,37.4275001,-122.1697006,,,0.011132000130089637,,,,43.883052825927734,,,,,,
62.894831999999994,ATT,,,3,,,0.0,13.67,0.36,0.0,0.0,,,,-0.01,,,,11.19,,,,0.35,,,,,,,,,,,,,,,,,,,,,
62.894831999999994,RATE,31.833744049072266,44.69389343261719,,0.36467188596725464,0.04659678414463997,,,,,,0.12512485682964325,0.08268499374389648,-0.00014396358164958656,,157.05035400390625,191.17774963378906,0.08141421526670456,,0.4222736656665802,0.035864364355802536,-0.00023779933690093458,,,,,,,,,,,,,,,,,,,,,,
62.894831999999994,XKF1,,,,,,,,,,,,,,,,,,,,,,,0.06669436401423419,-0.057497911155223846,,,0.06958881594431389,,,,,,0.03379539027810097,-0.057262362434071776,,,,,,0.06940357387065887,,0.06940357387065887,0.005074173677712679
62.894831999999994,POS,,,,,,,,,,,,,,,,,,,,,,,0.05752425645710719,-0.05304106341862277,,,,,37.4275002,-122.1697006,,,0.0222639994692031,,,,43.871646881103516,,,,,,
62.994792000000004,ATT,,,3,,,0.0,31.67,0.36,0.0,0.04,,,,-0.02,,,,29.82,,,,0.38,,,,,,,,,,,,,,,,,,,,,
62.994792000000004,RATE,-37.22944259643555,41.1092414855957,,0.375752329826355,0.34164905548095703,,,,,,0.004282722249627113,-0.03530265390872955,-0.0001471005380153656,,188.02359008789062,188.29689025878906,0.006981099024415016,,0.4276091158390045,-0.11542046070098877,-0.0006740319076925516,,,,,,,,,,,,,,,,,,,,,,
62.994792000000004,XKF1,,,,,,,,,,,,,,,,,,,,,,,0.051149301320581285,-0.03602102771401405,,,0.441296860845709,,,,,,0.03631441295146942,-0.3094425737299264,,,,,,0.4412928819656372,,0.4412928819656372,0.001873958040960133
62.994792000000004,POS,,,,,,,,,,,,,,,,,,,,,,,0.04178594715805391,-0.03536070852699359,,,,,37.4275002,-122.1697004,,,0.0222639994692031,,,,43.86009979248047,,,,,,
63.094752,ATT,,,3,,,0.0,39.54,0.36,0.04,0.09,,,,-0.03,,,,40.9,,,,0.35,,,,,,,,,,,,,,,,,,,,,
63.094752,RATE,7.083892822265625,49.12613296508789,,0.4515908360481262,0.7441014647483826,,,,,,0.029313627630472183,0.1554236114025116,0.00028040760662406683,,20.472837448120117,-6.1043500900268555,-0.005728956311941147,,0.6050131916999817,-0.028726521879434586,-0.0009507638169452548,,,,,,,,,,,,,,,,,,,,,,
63.094752,XKF1,,,,,,,,,,,,,,,,,,,,,,,0.055834164206053666,0.04062097147107124,,,1.130856408358593,,,,,,0.03830653429031372,0.8228510637472303,,,,,,1.1308563947677612,,1.1308563947677612,0.00017532415222376585
63.094752,POS,,,,,,,,,,,,,,,,,,,,,,,0.04178594822114844,0.03536070978325835,,,,,37.4275002,-122.1696996,,,0.0222639994692031,,,,43.8487663269043,,,,,,
63.194711999999996,ATT,,,3,,,0.0,39.54,0.36,0.04,0.1,,,,-0.04,,,,41.2,,,,0.25,,,,,,,,,,,,,,,,,,,,,
63.194711999999996,RATE,126.2734375,35.27922821044922,,0.4539966583251953,0.5514547228813171,,,,,,0.37808310985565186,0.4582896828651428,9.741577378008515e-05,,-4.666595935821533,-7.494661331176758,-0.0001704581081867218,,0.5243759155273438,0.2757924199104309,-0.000650772824883461,,,,,,,,,,,,,,,,,,,,,,
63.194711999999996,XKF1,,,,,,,,,,,,,,,,,,,,,,,0.20181576162590428,0.19763469696044922,,,1.9539589281628724,,,,,,0.04086720198392868,1.912236707690791,,,,,,1.9539494514465332,,1.9539494514465332,-0.006085568107664585
63.194711999999996,POS,,,,,,,,,,,,,,,,,,,,,,,0.19575411623791408,0.19448390255165618,,,,,37.4275002,-122.1696978,,,0.0222639994692031,,,,43.83854675292969,,,,,,
63.29467199999999,ATT,,,3,,,0.0,39.54,0.36,0.05,0.08,,,,-0.06,,,,40.64,,,,0.22,,,,,,,,,,,,,,,,,,,,,
63.29467199999999,RATE,7.935142517089844,8.410037994384766,,0.4370396137237549,0.24702347815036774,,,,,,0.3892551064491272,0.6128571033477783,0.0006664693355560303,,-5.820392608642578,-4.965801239013672,0.000837392988614738,,0.458799809217453,0.3126426637172699,-0.0004744713951367885,,,,,,,,,,,,,,,,,,,,,,
63.29467199999999,XKF1,,,,,,,,,,,,,,,,,,,,,,,0.43270367102384844,0.4305473566055298,,,2.691382097789839,,,,,,0.04314441606402397,2.67753345639584,,,,,,2.691378593444824,,2.691378593444824,-0.0043431613594293594
63.29467199999999,POS,,,,,,,,,,,,,,,,,,,,,,,0.42491219338344655,0.4243285123740412,,,,,37.4275002,-122.1696952,,,0.0222639994692031,,,,43.83554458618164,,,,,,
63.394632,ATT,,,3,,,0.0,39.54,0.36,0.05,0.06,,,,-0.04,,,,40.16,,,,359.95,,,,,,,,,,,,,,,,,,,,,
63.394632,RATE,80.49211120605469,-13.516274452209473,,0.4190419614315033,0.5359967947006226,,,,,,1.2621920108795166,1.3519591093063354,-8.915172656998038e-05,,-3.9336795806884766,-2.804313898086548,0.0008778693154454231,,0.4219732880592346,1.359140396118164,0.00042976223630830646,,,,,,,,,,,,,,,,,,,,,,
63.394632,XKF1,,,,,,,,,,,,,,,,,,,,,,,0.7314950037764195,0.7298758029937744,,,3.368402309802441,,,,,,0.04864414408802986,3.3619435931540207,,,,,,3.3683664798736572,,3.3683664798736572,0.01553634274750948
63.394632,POS,,,,,,,,,,,,,,,,,,,,,,,0.7256634145995385,0.7248945430192076,,,,,37.4275003,-122.1696918,,,0.033395999599292736,,,,43.835960388183594,,,,,,
63.494592,ATT,,,3,,,0.0,39.54,0.36,0.05,0.05,,,,0.02,,,,39.86,,,,359.8,,,,,,,,,,,,,,,,,,,,,
63.494592,RATE,28.189849853515625,-21.794736862182617,,0.42368167638778687,0.21470864117145538,,,,,,1.4720323085784912,1.5421605110168457,0.00023618995328433812,,-2.2926855087280273,-1.4351212978363037,0.0003073294647037983,,0.5010957717895508,2.0769073963165283,0.0016833471599966288,,,,,,,,,,,,,,,,,,,,,,
63.494592,XKF1,,,,,,,,,,,,,,,,,,,,,,,1.0942247854795975,1.0927770137786865,,,3.9920163845445025,,,,,,0.056269701570272446,3.988244688693054,,,,,,3.991889476776123,,3.991889476776123,0.03183111175894737
63.494592,POS,,,,,,,,,,,,,,,,,,,,,,,1.0882531704602192,1.087341813900679,,,,,37.4275004,-122.1696877,,,0.04452799972938237,,,,43.839595794677734,,,,,,
63.59455199999999,ATT,,,3,,,0.0,39.54,0.36,0.05,0.04,,,,0.1,,,,39.67,,,,359.68,,,,,,,,,,,,,,,,,,,,,
63.59455199999999,RATE,-80.09796142578125,-9.20207691192627,,0.4367104470729828,0.15602673590183258,,,,,,1.6402944326400757,1.584376335144043,-0.00023487614816986024,,-1.2875585556030273,-0.5987381339073181,0.00010174961062148213,,0.697743833065033,2.7207024097442627,0.0026546071749180555,,,,,,,,,,,,,,,,,,,,,,
63.59455199999999,XKF1,,,,,,,,,,,,,,,,,,,,,,,1.5157502760606296,1.5142724514007568,,,4.598938732457363,,,,,,0.06691668182611465,4.596267310201628,,,,,,4.598705291748047,,4.598705291748047,0.046336859464645386
63.59455199999999,POS,,,,,,,,,,,,,,,,,,,,,,,1.5126946852963672,1.5116703262747202,,,,,37.4275005,-122.1696829,,,0.05565999985947201,,,,43.840152740478516,,,,,,
63.694512,ATT,,,3,,,0.0,39.54,0.36,0.04,0.03,,,,0.16,,,,39.57,,,,359.72,,,,,,,,,,,,,,,,,,,,,
63.694512,RATE,65.50149536132812,-17.776798248291016,,0.4139094948768616,0.7024295926094055,,,,,,1.3981431722640991,1.272263765335083,-0.0005432694451883435,,-0.6969174146652222,-0.14748498797416687,0.00022008357336744666,,0.9782939553260803,2.7856717109680176,0.002970423549413681,,,,,,,,,,,,,,,,,,,,,,
63.694512,XKF1,,,,,,,,,,,,,,,,,,,,,,,1.9977751263332784,1.9962427616119385,,,5.1802936288299275,,,,,,0.0782322958111763,5.178102286011409,,,,,,5.180030345916748,,5.180030345916748,0.05222735181450844
63.694512,POS,,,,,,,,,,,,,,,,,,,,,,,1.9901610244597885,1.9890399020673841,,,,,37.4275006,-122.1696775,,,0.06679199998956165,,,,43.84130859375,,,,,,
63.794472,ATT,,,3,,,0.0,39.54,0.36,0.04,0.03,,,,0.18,,,,39.51,,,,359.79,,,,,,,,,,,,,,,,,,,,,
63.794472,RATE,-51.91965103149414,12.03919506072998,,0.47016438841819763,0.7145554423332214,,,,,,1.0832589864730835,0.9846912026405334,-0.00015821860870346427,,-0.25168293714523315,0.11420144140720367,-0.00014323281357064843,,1.2357370853424072,2.592979907989502,0.002631370211020112,,,,,,,,,,,,,,,,,,,,,,
63.794472,XKF1,,,,,,,,,,,,,,,,,,,,,,,2.533516605993046,2.531895160675049,,,5.7229901076482275,,,,,,0.09062719345092773,5.721136726308097,,,,,,5.722684860229492,,5.722684860229492,0.05910805985331535
63.794472,POS,,,,,,,,,,,,,,,,,,,,,,,2.529491276464821,2.5282907206088825,,,,,37.4275007,-122.1696714,,,0.07792400011965128,,,,43.84050750732422,,,,,,
63.894431999999995,ATT,,,3,,,0.0,39.54,0.36,0.04,0.02,,,,0.16,,,,39.49,,,,359.91,,,,,,,,,,,,,,,,,,,,,
63.894431999999995,RATE,-59.31129455566406,8.372184753417969,,0.4436081349849701,0.41819438338279724,,,,,,0.7435919642448425,0.6954593062400818,-6.182283686939627e-05,,-0.10301326215267181,0.23497526347637177,5.3225387091515586e-05,,1.4581694602966309,2.103492021560669,0.0018253945745527744,,,,,,,,,,,,,,,,,,,,,,
63.894431999999995,XKF1,,,,,,,,,,,,,,,,,,,,,,,3.125589541673308,3.1238884925842285,,,6.251716040266469,,,,,,0.10310513526201248,6.250251214470491,,,,,,6.25131368637085,,6.25131368637085,0.07092702388763428
63.894431999999995,POS,,,,,,,,,,,,,,,,,,,,,,,3.1218530955981794,3.1205826025690038,,,,,37.4275008,-122.1696647,,,0.08905599945876475,,,,43.839019775390625,,,,,,
63.994392000000005,ATT,,,3,,,0.0,39.54,0.36,0.04,0.02,,,,0.12,,,,39.47,,,,0.02,,,,,,,,,,,,,,,,,,,,,
63.994392000000005,RATE,18.1427001953125,4.350822925567627,,0.43656226992607117,0.1745276004076004,,,,,,0.5355661511421204,0.5312309861183167,0.0002016580110648647,,0.025512630119919777,0.2869284451007843,3.370401100255549e-05,,1.5920664072036743,1.565667986869812,0.0008192367968149483,,,,,,,,,,,,,,,,,,,,,,
63.994392000000005,XKF1,,,,,,,,,,,,,,,,,,,,,,,3.767657182903006,3.765845775604248,,,6.741588319654235,,,,,,0.11681713163852692,6.7403129700133695,,,,,,6.741137981414795,,6.741137981414795,0.07792167365550995
63.994392000000005,POS,,,,,,,,,,,,,,,,,,,,,,,3.7584109647048622,3.7570753711300653,,,,,37.4275009,-122.1696575,,,0.10018799958885438,,,,43.838401794433594,,,,,,
64.094352,ATT,,,3,,,0.0,39.54,0.36,0.04,0.02,,,,0.05,,,,39.47,,,,0.15,,,,,,,,,,,,,,,,,,,,,
64.094352,RATE,-108.1748046875,17.725921630859375,,0.4667588472366333,0.6916422247886658,,,,,,0.3653751611709595,0.36533278226852417,0.00035421433858573437,,0.11790306866168976,0.2837212085723877,-0.0005180850857868791,,1.6187889575958252,0.9144254326820374,-0.00022671099577564746,,,,,,,,,,,,,,,,,,,,,,
64.094352,XKF1,,,,,,,,,,,,,,,,,,,,,,,4.458237973323811,4.456361770629883,,,7.194113713125121,,,,,,0.12932747602462769,7.192910146796827,,,,,,7.193700313568115,,7.193700313568115,0.07712273299694061
64.094352,POS,,,,,,,,,,,,,,,,,,,,,,,4.4568398367708495,4.455449381183697,,,,,37.427501,-122.1696496,,,0.11131999971894402,,,,43.83802032470703,,,,,,
64.194312,ATT,,,3,,,0.0,39.54,0.36,0.05,0.01,,,,-0.01,,,,39.46,,,,0.29,,,,,,,,,,,,,,,,,,,,,
64.194312,RATE,75.76770782470703,-11.377099990844727,,0.41305011510849,0.3188277781009674,,,,,,0.2723720967769623,0.25320300459861755,8.375048491870984e-05,,0.14751018583774567,0.35507744550704956,-6.995735748205334e-05,,1.543511986732483,0.24038277566432953,-0.0012427371693775058,,,,,,,,,,,,,,,,,,,,,,
64.194312,XKF1,,,,,,,,,,,,,,,,,,,,,,,5.181347468286401,5.17943000793457,,,7.619933813918837,,,,,,0.14094814658164978,7.618709821063742,,,,,,7.619605541229248,,7.619605541229248,0.07072994112968445
64.194312,POS,,,,,,,,,,,,,,,,,,,,,,,5.172953265639742,5.171503746128957,,,,,37.4275011,-122.1696415,,,0.12245199984903365,,,,43.837345123291016,,,,,,
64.29427199999999,ATT,,,3,,,0.0,39.54,0.36,0.05,0.01,,,,-0.09,,,,39.45,,,,0.41,,,,,,,,,,,,,,,,,,,,,
64.29427199999999,RATE,52.701663970947266,27.377365112304688,,0.483799546957016,0.45018836855888367,,,,,,0.1756153106689453,0.16679586470127106,0.00012028756464133039,,0.17502525448799133,0.38278138637542725,0.00018353882478550076,,1.3899521827697754,-0.4043574333190918,-0.002136545954272151,,,,,,,,,,,,,,,,,,,,,,
64.29427199999999,XKF1,,,,,,,,,,,,,,,,,,,,,,,5.947064995912923,5.945150852203369,,,7.9977280456211775,,,,,,0.15087547898292542,7.996608804520276,,,,,,7.997429370880127,,7.997429370880127,0.06911837309598923
64.29427199999999,POS,,,,,,,,,,,,,,,,,,,,,,,5.942100911044464,5.940599174492841,,,,,37.4275012,-122.1696328,,,0.1335839999791233,,,,43.8339729309082,,,,,,
64.394232,ATT,,,3,,,0.0,39.54,0.36,0.04,0.01,,,,-0.16,,,,39.44,,,,0.5,,,,,,,,,,,,,,,,,,,,,
64.394232,RATE,167.89227294921875,52.50386428833008,,0.48750635981559753,1.4826381206512451,,,,,,0.14033551514148712,0.12508881092071533,6.44250467303209e-05,,0.19791093468666077,0.4271641671657562,0.00018010400526691228,,1.1399484872817993,-0.9230669736862183,-0.0028076630551368,,,,,,,,,,,,,,,,,,,,,,
64.394232,XKF1,,,,,,,,,,,,,,,,,,,,,,,6.744492869654585,6.742580890655518,,,8.415857844602957,,,,,,0.16058331727981567,8.414798568954472,,,,,,8.415592193603516,,8.415592193603516,0.06686771661043167
64.394232,POS,,,,,,,,,,,,,,,,,,,,,,,6.737769443723128,6.736215135822301,,,,,37.4275013,-122.1696238,,,0.14471600010921293,,,,43.82041549682617,,,,,,
64.494192,ATT,,,3,,,0.0,39.54,0.36,0.04,0.01,,,,-0.21,,,,39.45,,,,0.58,,,,,,,,,,,,,,,,,,,,,
64.494192,RATE,17.45615005493164,31.07466697692871,,0.4608173966407776,0.258871465921402,,,,,,0.15257441997528076,0.0847126916050911,-0.0003008915518876165,,0.2550419270992279,0.39905083179473877,3.6906996683683246e-05,,0.8439325094223022,-1.320090413093567,-0.0031844940967857838,,,,,,,,,,,,,,,,,,,,,,
64.494192,XKF1,,,,,,,,,,,,,,,,,,,,,,,7.587471137145023,7.585582733154297,,,8.766243152633233,,,,,,0.1692715436220169,8.76530139739015,,,,,,8.765986442565918,,8.765986442565918,0.06708725541830063
64.494192,POS,,,,,,,,,,,,,,,,,,,,,,,7.586473112792773,7.584872160570383,,,,,37.4275014,-122.1696142,,,0.1558479994483264,,,,43.81404113769531,,,,,,
64.594985,ATT,,,3,,,0.0,39.54,0.36,0.04,0.01,,,,-0.24,,,,39.45,,,,0.63,,,,,,,,,,,,,,,,,,,,,
64.594985,RATE,91.650390625,80.38131713867188,,0.5391824245452881,0.519184410572052,,,,,,0.07864383608102798,0.047983814030885696,-7.466500392183661e-05,,0.25367075204849243,0.3746216297149658,0.00019767096091527492,,0.5047159194946289,-1.5982030630111694,-0.003311599139124155,,,,,,,,,,,,,,,,,,,,,,
64.594985,XKF1,,,,,,,,,,,,,,,,,,,,,,,8.457830634436935,8.455967903137207,,,9.129919313085074,,,,,,0.17749890685081482,9.129109123752,,,,,,9.129651069641113,,9.129651069641113,0.0699857845902443
64.594985,POS,,,,,,,,,,,,,,,,,,,,,,,8.452646407573793,8.451209540210094,,,,,37.4275014,-122.1696044,,,0.1558479994483264,,,,43.800785064697266,,,,,,
64.694945,ATT,,,3,,,0.0,39.54,0.36,0.03,0.0,,,,-0.26,,,,39.46,,,,0.66,,,,,,,,,,,,,,,,,,,,,
64.694945,RATE,-0.0766754150390625,80.47766876220703,,0.5123961567878723,0.7230921387672424,,,,,,0.00540288956835866,0.03639897331595421,8.042969420785084e-05,,0.31056123971939087,0.3428483009338379,-0.0003623910015448928,,0.16076169908046722,-1.7358272075653076,-0.0031917106825858355,,,,,,,,,,,,,,,,,,,,,,
64.694945,XKF1,,,,,,,,,,,,,,,,,,,,,,,9.374393620563067,9.372567176818848,,,9.514335685559356,,,,,,0.18504126369953156,9.513547030644814,,,,,,9.514111518859863,,9.514111518859863,0.06531113386154175
64.694945,POS,,,,,,,,,,,,,,,,,,,,,,,9.372075622423983,9.370587983268429,,,,,37.4275015,-122.169594,,,0.16697999957841603,,,,43.78717803955078,,,,,,
64.794905,ATT,,,3,,,0.0,39.54,0.36,0.03,0.0,,,,-0.25,,,,39.48,,,,0.66,,,,,,,,,,,,,,,,,,,,,
64.794905,RATE,167.01754760742188,57.15332794189453,,0.48336851596832275,1.4344245195388794,,,,,,-0.00569632463157177,0.018207453191280365,0.00030156056163832545,,0.16070784628391266,0.2348213940858841,-0.00030940520809963346,,-0.15341122448444366,-1.732850432395935,-0.0028556054458022118,,,,,,,,,,,,,,,,,,,,,,
64.794905,XKF1,,,,,,,,,,,,,,,,,,,,,,,10.335386952745292,10.333612442016602,,,9.870705967566405,,,,,,0.19151334464550018,9.870038320778905,,,,,,9.870471000671387,,9.870471000671387,0.06810670346021652
64.794905,POS,,,,,,,,,,,,,,,,,,,,,,,10.32686323876375,10.32532713611002,,,,,37.4275016,-122.1695832,,,0.17811199970850566,,,,43.77816390991211,,,,,,
64.894865,ATT,,,3,,,0.0,39.54,0.36,0.04,0.0,,,,-0.23,,,,39.5,,,,0.64,,,,,,,,,,,,,,,,,,,,,
64.894865,RATE,-31.630516052246094,35.027191162109375,,0.49023866653442383,0.3164502680301666,,,,,,0.03836282715201378,0.000587661110330373,3.093923442065716e-05,,0.04683873429894447,0.17804010212421417,0.0001773786061676219,,-0.4129287898540497,-1.5962603092193604,-0.0023642864543944597,,,,,,,,,,,,,,,,,,,,,,
64.894865,XKF1,,,,,,,,,,,,,,,,,,,,,,,11.337695186514825,11.335956573486328,,,10.138693431295334,,,,,,0.19854648411273956,10.138129045498623,,,,,,10.138447761535645,,10.138447761535645,0.07057960331439972
64.894865,POS,,,,,,,,,,,,,,,,,,,,,,,11.334506878257354,11.333107353626502,,,,,37.4275016,-122.1695718,,,0.17811199970850566,,,,43.776939392089844,,,,,,
64.99482499999999,ATT,,,3,,,0.0,39.54,0.36,0.04,0.0,,,,-0.19,,,,39.5,,,,0.59,,,,,,,,,,,,,,,,,,,,,
64.99482499999999,RATE,196.28553771972656,14.243735313415527,,0.4738159775733948,0.8594954609870911,,,,,,0.008991784416139126,0.003933865576982498,-8.204226105590351e-06,,0.04247406870126724,0.12583255767822266,-2.4537574063288048e-05,,-0.6253628134727478,-1.337481141090393,-0.0017339939950034022,,,,,,,,,,,,,,,,,,,,,,
64.99482499999999,XKF1,,,,,,,,,,,,,,,,,,,,,,,12.363060041855366,12.361355781555176,,,10.421732414019498,,,,,,0.2052726000547409,10.421217288260223,,,,,,10.421501159667969,,10.421501159667969,0.06942685693502426
64.99482499999999,POS,,,,,,,,,,,,,,,,,,,,,,,12.360016765475484,12.358567924778345,,,,,37.4275017,-122.1695602,,,0.1892439998385953,,,,43.7766227722168,,,,,,
65.094785,ATT,,,3,,,0.0,39.54,0.36,0.04,0.0,,,,-0.15,,,,39.51,,,,0.53,,,,,,,,,,,,,,,,,,,,,
65.094785,RATE,-77.81009674072266,-14.723196029663086,,0.46600279211997986,1.223292589187622,,,,,,0.010232283733785152,0.004195889923721552,-8.614117177785374e-06,,0.005412408150732517,0.08892159163951874,9.882902668323368e-05,,-0.7712442278862,-1.0020122528076172,-0.00102015002630651,,,,,,,,,,,,,,,,,,,,,,
65.094785,XKF1,,,,,,,,,,,,,,,,,,,,,,,13.412821428276116,13.411153793334961,,,10.584902959217722,,,,,,0.21150082349777222,10.584415203782758,,,,,,10.584701538085938,,10.584701538085938,0.06529935449361801
65.094785,POS,,,,,,,,,,,,,,,,,,,,,,,13.411884228097561,13.410549028895767,,,,,37.4275017,-122.1695483,,,0.1892439998385953,,,,43.78475570678711,,,,,,
65.194745,ATT,,,3,,,0.0,39.54,0.36,0.04,0.0,,,,-0.09,,,,39.51,,,,0.47,,,,,,,,,,,,,,,,,,,,,
65.194745,RATE,-196.2249298095703,-19.605831146240234,,0.4578525424003601,0.16027235984802246,,,,,,0.00900554470717907,-0.0015826693270355463,-2.6357851311331615e-05,,0.03970478102564812,0.12588410079479218,-0.00012409234477672726,,-0.832949161529541,-0.6363449692726135,-0.0003217700868844986,,,,,,,,,,,,,,,,,,,,,,
65.194745,XKF1,,,,,,,,,,,,,,,,,,,,,,,14.481804948249517,14.480171203613281,,,10.768247293929534,,,,,,0.2175235003232956,10.767833279707038,,,,,,10.768036842346191,,10.768036842346191,0.06732269376516342
65.194745,POS,,,,,,,,,,,,,,,,,,,,,,,14.481596815109585,14.480210487904817,,,,,37.4275018,-122.1695362,,,0.20037599996868494,,,,43.791587829589844,,,,,,
65.294705,ATT,,,3,,,0.0,39.54,0.36,0.03,0.0,,,,-0.04,,,,39.52,,,,0.41,,,,,,,,,,,,,,,,,,,,,
65.294705,RATE,219.80752563476562,21.692380905151367,,0.4925655126571655,2.4874258041381836,,,,,,-0.05356481298804283,-0.00790051743388176,0.0002838639193214476,,0.15898069739341736,0.08866925537586212,-0.0010467907413840294,,-0.8342102766036987,-0.26443201303482056,0.00031628255965188146,,,,,,,,,,,,,,,,,,,,,,
65.294705,XKF1,,,,,,,,,,,,,,,,,,,,,,,15.571952438618856,15.570356369018555,,,11.020278186160821,,,,,,0.22294683754444122,11.019825077748587,,,,,,11.020126342773438,,11.020126342773438,0.05785058066248894
65.294705,POS,,,,,,,,,,,,,,,,,,,,,,,15.56898905723944,15.567552300549231,,,,,37.4275019,-122.1695239,,,0.21150800009877457,,,,43.78727340698242,,,,,,
65.394665,ATT,,,3,,,0.0,39.54,0.36,0.03,0.0,,,,0.0,,,,39.52,,,,0.36,,,,,,,,,,,,,,,,,,,,,
65.394665,RATE,267.6285705566406,-43.70532989501953,,0.4131512939929962,1.0477306842803955,,,,,,0.014224586077034473,0.0,-3.5081469832221046e-05,,-0.04975142329931259,0.0,-0.00018774456111714244,,-0.7717810869216919,0.07442618161439896,0.0008480187389068305,,,,,,,,,,,,,,,,,,,,,,
65.394665,XKF1,,,,,,,,,,,,,,,,,,,,,,,16.686610854311333,16.68505859375,,,11.152082442586535,,,,,,0.22759948670864105,11.151711742840327,,,,,,11.151914596557617,,11.151914596557617,0.06118527054786682
65.394665,POS,,,,,,,,,,,,,,,,,,,,,,,16.682755474776975,16.681414646159222,,,,,37.4275019,-122.1695113,,,0.21150800009877457,,,,43.79460906982422,,,,,,
65.494625,ATT,,,3,,,0.0,39.54,0.36,0.04,0.0,,,,0.05,,,,39.53,,,,0.31,,,,,,,,,,,,,,,,,,,,,
65.494625,RATE,-78.39717864990234,-51.73488235473633,,0.44548895955085754,1.2760118246078491,,,,,,0.017790282145142555,0.0,-0.00011650556552922353,,-0.012378347106277943,0.0,-0.00016979890642687678,,-0.6809850335121155,0.38464027643203735,0.0012762703699991107,,,,,,,,,,,,,,,,,,,,,,
65.494625,XKF1,,,,,,,,,,,,,,,,,,,,,,,17.809328384125063,17.80782127380371,,,11.216741532438775,,,,,,0.23168723285198212,11.216365932959427,,,,,,11.2166109085083,,11.2166109085083,0.05413254722952843
65.494625,POS,,,,,,,,,,,,,,,,,,,,,,,17.805373452609086,17.804117168586895,,,,,37.4275019,-122.1694986,,,0.21150800009877457,,,,43.807456970214844,,,,,,
65.594585,ATT,,,3,,,0.0,39.54,0.36,0.04,0.0,,,,0.09,,,,39.53,,,,0.26,,,,,,,,,,,,,,,,,,,,,
65.594585,RATE,-155.95750427246094,-19.129539489746094,,0.47681769728660583,0.8803029656410217,,,,,,-0.03643406182527542,0.0,9.643221710575745e-05,,-0.06720799207687378,0.0,0.0001231819624081254,,-0.5436298251152039,0.6417908072471619,0.0015808262396603823,,,,,,,,,,,,,,,,,,,,,,
65.594585,XKF1,,,,,,,,,,,,,,,,,,,,,,,18.940109456935154,18.938650131225586,,,11.304186218319995,,,,,,0.2351115643978119,11.30383450511017,,,,,,11.304070472717285,,11.304070472717285,0.0511547289788723
65.594585,POS,,,,,,,,,,,,,,,,,,,,,,,18.936968690885628,18.93565986783225,,,,,37.427502,-122.1694858,,,0.22263999943788804,,,,43.81129837036133,,,,,,
65.694545,ATT,,,3,,,0.0,39.54,0.36,0.03,0.0,,,,0.11,,,,39.52,,,,0.23,,,,,,,,,,,,,,,,,,,,,
65.694545,RATE,127.23893737792969,-8.16246509552002,,0.45572906732559204,1.3757904767990112,,,,,,-0.027712468057870865,0.0,3.7686273572035134e-05,,-0.09456771612167358,0.0,0.00045110355131328106,,-0.376081258058548,0.8360515832901001,0.0017424083780497313,,,,,,,,,,,,,,,,,,,,,,
65.694545,XKF1,,,,,,,,,,,,,,,,,,,,,,,20.084751530595412,20.083335876464844,,,11.474770976398421,,,,,,0.23846198618412018,11.47443025265787,,,,,,11.474671363830566,,11.474671363830566,0.04781268537044525
65.694545,POS,,,,,,,,,,,,,,,,,,,,,,,20.07727722761485,20.07604274515155,,,,,37.427502,-122.1694729,,,0.22263999943788804,,,,43.81074523925781,,,,,,
65.794505,ATT,,,3,,,0.0,39.54,0.36,0.03,0.0,,,,0.13,,,,39.53,,,,0.21,,,,,,,,,,,,,,,,,,,,,
65.794505,RATE,-455.3406677246094,-18.6785888671875,,0.4500502645969391,1.3397254943847656,,,,,,-0.01771944761276245,0.0,-4.442136560101062e-05,,-0.07297681272029877,0.0,0.0001988714502658695,,-0.21288873255252838,0.9584962129592896,0.0017752775456756353,,,,,,,,,,,,,,,,,,,,,,
65.794505,XKF1,,,,,,,,,,,,,,,,,,,,,,,21.24411705485175,21.24274253845215,,,11.532533270641224,,,,,,0.24165861308574677,11.532226287032511,,,,,,11.532437324523926,,11.532437324523926,0.047042474150657654
65.794505,POS,,,,,,,,,,,,,,,,,,,,,,,21.24411282870498,21.242946154180164,,,,,37.427502,-122.1694597,,,0.22263999943788804,,,,43.81696319580078,,,,,,
65.894465,ATT,,,3,,,0.0,39.54,0.36,0.03,0.0,,,,0.14,,,,39.53,,,,0.2,,,,,,,,,,,,,,,,,,,,,
65.894465,RATE,195.68833923339844,45.44267654418945,,0.5092649459838867,1.6225701570510864,,,,,,-0.002346496796235442,0.0,-2.6584286388242617e-05,,-0.0626821368932724,0.0,4.3904874473810196e-05,,-0.027716204524040222,1.0051027536392212,0.001684020971879363,,,,,,,,,,,,,,,,,,,,,,
65.894465,XKF1,,,,,,,,,,,,,,,,,,,,,,,22.410516001111052,22.409177780151367,,,11.697083057831486,,,,,,0.24490539729595184,11.696804684747004,,,,,,11.696988105773926,,11.696988105773926,0.047130830585956573
65.894465,POS,,,,,,,,,,,,,,,,,,,,,,,22.402229149728917,22.401009386391095,,,,,37.4275021,-122.1694466,,,0.23377199956797767,,,,43.806297302246094,,,,,,
65.99442499999999,ATT,,,3,,,0.0,39.54,0.36,0.03,0.0,,,,0.13,,,,39.54,,,,0.21,,,,,,,,,,,,,,,,,,,,,
65.99442499999999,RATE,2.884960174560547,0.46889474987983704,,0.4519898295402527,0.06469769030809402,,,,,,-0.009118229150772095,0.0,-5.788736598333344e-05,,-0.09211146086454391,0.0,8.058997627813369e-05,,0.13117380440235138,0.97077476978302,0.0014666401548311114,,,,,,,,,,,,,,,,,,,,,,
65.99442499999999,XKF1,,,,,,,,,,,,,,,,,,,,,,,23.594658003496285,23.593358993530273,,,11.783748252597643,,,,,,0.24758373200893402,11.783437742921837,,,,,,11.783686637878418,,11.783686637878418,0.038106441497802734
65.99442499999999,POS,,,,,,,,,,,,,,,,,,,,,,,23.586751654261235,23.585593150311336,,,,,37.4275021,-122.1694332,,,0.23377199956797767,,,,43.80605697631836,,,,,,
66.094385,ATT,,,3,,,0.0,39.54,0.36,0.03,0.0,,,,0.12,,,,39.54,,,,0.22,,,,,,,,,,,,,,,,,,,,,
66.094385,RATE,34.08670425415039,24.707767486572266,,0.4944266378879547,0.909799337387085,,,,,,0.0022904679644852877,0.0,-1.8709572032094002e-05,,-0.013814725913107395,0.0,-0.00032498635118827224,,0.2671760320663452,0.8752319812774658,0.0011738238390535116,,,,,,,,,,,,,,,,,,,,,,
66.094385,XKF1,,,,,,,,,,,,,,,,,,,,,,,24.786002220679375,24.784744262695312,,,11.911741981008813,,,,,,0.2497156709432602,11.911460079034526,,,,,,11.911681175231934,,11.911681175231934,0.0380605012178421
66.094385,POS,,,,,,,,,,,,,,,,,,,,,,,24.780119800886627,24.779017091049262,,,,,37.4275021,-122.1694197,,,0.23377199956797767,,,,43.802947998046875,,,,,,
66.194345,ATT,,,3,,,0.0,39.54,0.36,0.02,0.0,,,,0.1,,,,39.53,,,,0.25,,,,,,,,,,,,,,,,,,,,,
66.194345,RATE,147.38282775878906,33.193687438964844,,0.48924145102500916,1.2472776174545288,,,,,,0.022914187982678413,0.0,-0.0003822679864242673,,-0.02664089761674404,0.0,4.733388777822256e-06,,0.3745226263999939,0.7276433110237122,0.0008244472555816174,,,,,,,,,,,,,,,,,,,,,,
66.194345,XKF1,,,,,,,,,,,,,,,,,,,,,,,25.977985300909783,25.976757049560547,,,12.013925317890484,,,,,,0.2526133060455322,12.01372147762888,,,,,,12.013833999633789,,12.013833999633789,0.046842001378536224
66.194345,POS,,,,,,,,,,,,,,,,,,,,,,,25.973493075878363,25.972441033043452,,,,,37.4275021,-122.1694062,,,0.23377199956797767,,,,43.79544448852539,,,,,,
66.294305,ATT,,,3,,,0.0,39.54,0.36,0.02,0.0,,,,0.07,,,,39.52,,,,0.28,,,,,,,,,,,,,,,,,,,,,
66.294305,RATE,-16.055870056152344,83.41068267822266,,0.5898304581642151,1.3427237272262573,,,,,,-0.05269130319356918,0.0,0.00015154524589888752,,0.04762580618262291,0.0,-0.0001561254757689312,,0.43465685844421387,0.5431482791900635,0.00044038574560545385,,,,,,,,,,,,,,,,,,,,,,
66.294305,XKF1,,,,,,,,,,,,,,,,,,,,,,,27.182052779533127,27.18085289001465,,,12.12875359763641,,,,,,0.2554006278514862,12.128520440571428,,,,,,12.128691673278809,,12.128691673278809,0.03875727951526642
66.294305,POS,,,,,,,,,,,,,,,,,,,,,,,27.17571065194164,27.174705151855324,,,,,37.4275021,-122.1693926,,,0.23377199956797767,,,,43.78619384765625,,,,,,
66.394265,ATT,,,3,,,0.0,39.54,0.36,0.02,0.0,,,,0.05,,,,39.52,,,,0.32,,,,,,,,,,,,,,,,,,,,,
66.394265,RATE,-14.25027847290039,72.60829162597656,,0.5377527475357056,0.7041738033294678,,,,,,-0.0803893655538559,-0.05297624692320824,4.56392954220064e-05,,0.09984282404184341,0.07154139876365662,-0.0002204178599640727,,0.4593976140022278,0.3383294641971588,7.168839510995895e-05,,,,,,,,,,,,,,,,,,,,,,
66.394265,XKF1,,,,,,,,,,,,,,,,,,,,,,,28.39642045074305,28.395263671875,,,12.304247471900377,,,,,,0.25631117820739746,12.303998020284864,,,,,,12.304203987121582,,12.304203987121582,0.03271227702498436
66.394265,POS,,,,,,,,,,,,,,,,,,,,,,,28.39570575379266,28.39464962430256,,,,,37.4275022,-122.1693788,,,0.2449039996980673,,,,43.77253723144531,,,,,,
66.494225,ATT,,,3,,,0.0,39.54,0.36,0.02,0.0,,,,0.02,,,,39.52,,,,0.35,,,,,,,,,,,,,,,,,,,,,
66.494225,RATE,71.9583511352539,76.56143188476562,,0.5663074254989624,1.1720234155654907,,,,,,-0.07418567687273026,-0.04970884695649147,0.0004184761201031506,,0.07183507084846497,0.07384908199310303,-0.0005123706068843603,,0.45283758640289307,0.13247093558311462,-0.0002713656867854297,,,,,,,,,,,,,,,,,,,,,,
66.494225,XKF1,,,,,,,,,,,,,,,,,,,,,,,29.62741479193287,29.626298904418945,,,12.415093896502853,,,,,,0.25713902711868286,12.414838788823385,,,,,,12.415061950683594,,12.415061950683594,0.028164155781269073
66.494225,POS,,,,,,,,,,,,,,,,,,,,,,,29.62444659742811,29.62343427482374,,,,,37.4275022,-122.1693649,,,0.2449039996980673,,,,43.76295471191406,,,,,,
66.594185,ATT,,,3,,,0.0,39.54,0.36,0.02,0.0,,,,0.0,,,,39.52,,,,0.38,,,,,,,,,,,,,,,,,,,,,
66.594185,RATE,271.4883728027344,5.061688423156738,,0.44923901557922363,1.5848301649093628,,,,,,-0.04546087235212326,-0.04913654923439026,-8.557130058761686e-05,,0.0700475350022316,0.07423108071088791,5.960147245787084e-05,,0.42082929611206055,-0.05888397619128227,-0.0005647515645250678,,,,,,,,,,,,,,,,,,,,,,
66.594185,XKF1,,,,,,,,,,,,,,,,,,,,,,,30.864422626116966,30.86334800720215,,,12.513480112515394,,,,,,0.2575535476207733,12.513244318888178,,,,,,12.513449668884277,,12.513449668884277,0.027602728456258774
66.594185,POS,,,,,,,,,,,,,,,,,,,,,,,30.86203083003095,30.86105910341887,,,,,37.4275022,-122.1693509,,,0.2449039996980673,,,,43.76097106933594,,,,,,
66.69497799999999,ATT,,,3,,,0.0,39.54,0.36,0.02,0.0,,,,-0.02,,,,39.51,,,,0.41,,,,,,,,,,,,,,,,,,,,,
66.69497799999999,RATE,-210.33067321777344,-43.20468521118164,,0.4543103277683258,1.7374464273452759,,,,,,-0.07909135520458221,-0.0625903531908989,0.00010097032645717263,,0.1042780950665474,0.1092325821518898,-0.00034972341381944716,,0.3595232367515564,-0.2246193289756775,-0.000791659695096314,,,,,,,,,,,,,,,,,,,,,,
66.69497799999999,XKF1,,,,,,,,,,,,,,,,,,,,,,,32.106156146320906,32.10512161254883,,,12.461220894064194,,,,,,0.2577377259731293,12.460985624314846,,,,,,12.461198806762695,,12.461198806762695,0.023462075740098953
66.69497799999999,POS,,,,,,,,,,,,,,,,,,,,,,,32.09961819174417,32.09868393075774,,,,,37.4275022,-122.1693369,,,0.2449039996980673,,,,43.77549743652344,,,,,,
66.794938,ATT,,,3,,,0.0,39.54,0.36,0.02,0.0,,,,-0.05,,,,39.52,,,,0.43,,,,,,,,,,,,,,,,,,,,,
66.794938,RATE,8.867263793945312,-24.549530029296875,,0.48218247294425964,0.27648600935935974,,,,,,-0.018909011036157608,0.0,2.182176467613317e-05,,0.05388973280787468,0.0,-0.000148293242091313,,0.30242422223091125,-0.3588050305843353,-0.0009577606106176972,,,,,,,,,,,,,,,,,,,,,,
66.794938,XKF1,,,,,,,,,,,,,,,,,,,,,,,33.352782528894416,33.35179138183594,,,12.482258127474934,,,,,,0.25712651014328003,12.482015794622168,,,,,,12.482244491577148,,12.482244491577148,0.01845029555261135
66.794938,POS,,,,,,,,,,,,,,,,,,,,,,,33.34604827478758,33.345148936170546,,,,,37.4275022,-122.1693228,,,0.2449039996980673,,,,43.78260803222656,,,,,,
66.894898,ATT,,,3,,,0.0,39.54,0.36,0.02,0.0,,,,-0.06,,,,39.53,,,,0.45,,,,,,,,,,,,,,,,,,,,,
66.894898,RATE,50.00877380371094,-38.566200256347656,,0.45710471272468567,0.362516850233078,,,,,,-0.028043115511536598,0.0,0.00031852221582084894,,0.029865475371479988,0.0,-4.8124202294275165e-06,,0.21702277660369873,-0.4588748514652252,-0.001052906853146851,,,,,,,,,,,,,,,,,,,,,,
66.894898,XKF1,,,,,,,,,,,,,,,,,,,,,,,34.60313928943379,34.60219192504883,,,12.497223048362985,,,,,,0.25605207681655884,12.496958010088735,,,,,,12.497218132019043,,12.497218132019043,0.011085182428359985
66.894898,POS,,,,,,,,,,,,,,,,,,,,,,,34.60132083108358,34.60045411965731,,,,,37.4275022,-122.1693086,,,0.2449039996980673,,,,43.79254150390625,,,,,,
66.994858,ATT,,,3,,,0.0,39.54,0.36,0.02,0.0,,,,-0.07,,,,39.54,,,,0.46,,,,,,,,,,,,,,,,,,,,,
66.994858,RATE,-106.78043365478516,-80.25244903564453,,0.40201443433761597,0.47593218088150024,,,,,,-0.05972365289926529,0.0,0.00014745345106348395,,-0.06066882982850075,0.0,0.0004943865351378918,,0.12942248582839966,-0.5125946998596191,-0.0010657500242814422,,,,,,,,,,,,,,,,,,,,,,
66.994858,XKF1,,,,,,,,,,,,,,,,,,,,,,,35.868247991321766,35.86735153198242,,,12.455268249157045,,,,,,0.25359031558036804,12.454935944953005,,,,,,12.455267906188965,,12.455267906188965,-0.00292292982339859
66.994858,POS,,,,,,,,,,,,,,,,,,,,,,,35.86536135487476,35.864599478705486,,,,,37.4275021,-122.1692943,,,0.23377199956797767,,,,43.81060791015625,,,,,,
67.094818,ATT,,,3,,,0.0,39.54,0.36,0.01,0.0,,,,-0.07,,,,39.55,,,,0.46,,,,,,,,,,,,,,,,,,,,,
67.094818,RATE,112.10613250732422,11.065064430236816,,0.5458351373672485,0.2371707558631897,,,,,,-0.023421775549650192,0.0,2.275428778375499e-05,,-0.01061970554292202,0.0,-2.5220715542673133e-05,,0.021350054070353508,-0.5251128077507019,-0.0009977888548746705,,,,,,,,,,,,,,,,,,,,,,
67.094818,XKF1,,,,,,,,,,,,,,,,,,,,,,,37.12052163238934,37.11967468261719,,,12.50483286095686,,,,,,0.25075429677963257,12.504491627324951,,,,,,12.504830360412598,,12.504830360412598,-0.007908082567155361
67.094818,POS,,,,,,,,,,,,,,,,,,,,,,,37.1206407740764,37.11990466219224,,,,,37.4275021,-122.1692801,,,0.23377199956797767,,,,43.81313705444336,,,,,,
67.194778,ATT,,,3,,,0.0,39.54,0.36,0.01,0.0,,,,-0.07,,,,39.55,,,,0.45,,,,,,,,,,,,,,,,,,,,,
67.194778,RATE,40.14997482299805,-56.23334503173828,,0.39156442880630493,1.462651252746582,,,,,,0.015443798154592514,-0.038985203951597214,-0.0002653544070199132,,-0.057238344103097916,-0.08003003895282745,0.00014659433509223163,,-0.08012609928846359,-0.4824102818965912,-0.0008348468109034002,,,,,,,,,,,,,,,,,,,,,,
67.194778,XKF1,,,,,,,,,,,,,,,,,,,,,,,38.38448222588821,38.38368225097656,,,12.525055990229518,,,,,,0.24781566858291626,12.524784382983144,,,,,,12.525055885314941,,12.525055885314941,-0.0016211483161896467
67.194778,POS,,,,,,,,,,,,,,,,,,,,,,,38.38476189037609,38.38405002124042,,,,,37.4275021,-122.1692658,,,0.23377199956797767,,,,43.81877899169922,,,,,,
67.294738,ATT,,,3,,,0.0,39.54,0.36,0.01,0.0,,,,-0.06,,,,39.56,,,,0.44,,,,,,,,,,,,,,,,,,,,,
67.294738,RATE,35.69040298461914,-92.6455078125,,0.36944493651390076,1.2605215311050415,,,,,,0.020138775929808617,0.0,-0.00017046844004653394,,-0.021517282351851463,0.0,7.971993181854486e-05,,-0.14671193063259125,-0.4057296812534332,-0.0006285855197347701,,,,,,,,,,,,,,,,,,,,,,
67.294738,XKF1,,,,,,,,,,,,,,,,,,,,,,,39.64279503088684,39.64203643798828,,,12.478623044279857,,,,,,0.2452445924282074,12.478359555854185,,,,,,12.478622436523438,,12.478622436523438,-0.003894602181389928
67.294738,POS,,,,,,,,,,,,,,,,,,,,,,,39.64004453068026,39.63935520472718,,,,,37.4275021,-122.1692516,,,0.23377199956797767,,,,43.83346176147461,,,,,,
67.39469799999999,ATT,,,3,,,0.0,39.54,0.36,0.01,0.0,,,,-0.04,,,,39.55,,,,0.42,,,,,,,,,,,,,,,,,,,,,
67.39469799999999,RATE,-47.870635986328125,-65.03668212890625,,0.42308783531188965,0.08898509293794632,,,,,,-0.028864001855254173,0.0,0.00018010666826739907,,-0.032372958958148956,0.0,7.916603863122873e-06,,-0.17753180861473083,-0.29347512125968933,-0.0004109003348276019,,,,,,,,,,,,,,,,,,,,,,
67.39469799999999,XKF1,,,,,,,,,,,,,,,,,,,,,,,40.89573488786429,40.895015716552734,,,12.43494657339981,,,,,,0.24253156781196594,12.434748573077002,,,,,,12.434946060180664,,12.434946060180664,0.0035726327914744616
67.39469799999999,POS,,,,,,,,,,,,,,,,,,,,,,,40.895266434319204,40.894660386957675,,,,,37.427502,-122.1692374,,,0.22263999943788804,,,,43.84375762939453,,,,,,
67.494658,ATT,,,3,,,0.0,39.54,0.36,0.01,0.0,,,,-0.02,,,,39.55,,,,0.4,,,,,,,,,,,,,,,,,,,,,
67.494658,RATE,150.88758850097656,-41.86790084838867,,0.4372674524784088,0.5727934837341309,,,,,,-0.12870246171951294,0.0,0.0006484210607595742,,-0.04172924533486366,0.0,6.803616997785866e-05,,-0.20314183831214905,-0.17614828050136566,-0.0001976134954020381,,,,,,,,,,,,,,,,,,,,,,
67.494658,XKF1,,,,,,,,,,,,,,,,,,,,,,,42.14535428447584,42.14466857910156,,,12.418094182679978,,,,,,0.2404123991727829,12.417871510021396,,,,,,12.41809368133545,,12.41809368133545,-0.0035286664497107267
67.494658,POS,,,,,,,,,,,,,,,,,,,,,,,42.14171351410431,42.14112539237048,,,,,37.427502,-122.1692233,,,0.22263999943788804,,,,43.849388122558594,,,,,,
67.594618,ATT,,,3,,,0.0,39.54,0.36,0.01,0.0,,,,0.0,,,,39.55,,,,0.37,,,,,,,,,,,,,,,,,,,,,
67.594618,RATE,151.96609497070312,-138.1564178466797,,0.2766610383987427,2.1168222427368164,,,,,,-0.041425567120313644,0.0,0.0002122328442055732,,0.05306354910135269,0.0,-0.00027233321452513337,,-0.2138168215751648,-0.029774382710456848,4.07699408242479e-05,,,,,,,,,,,,,,,,,,,,,,
67.594618,XKF1,,,,,,,,,,,,,,,,,,,,,,,43.39080499288564,43.39015579223633,,,12.253829380234453,,,,,,0.23735681176185608,12.253629017871082,,,,,,12.253829002380371,,12.253829002380371,-0.0030430771876126528
67.594618,POS,,,,,,,,,,,,,,,,,,,,,,,43.38816162382508,43.3875903977833,,,,,37.427502,-122.1692092,,,0.22263999943788804,,,,43.868988037109375,,,,,,
67.69457799999999,ATT,,,3,,,0.0,39.54,0.36,0.02,0.0,,,,0.0,,,,39.56,,,,0.35,,,,,,,,,,,,,,,,,,,,,
67.69457799999999,RATE,-141.40853881835938,-149.0493927001953,,0.3338121771812439,1.771546483039856,,,,,,-0.010017422959208488,0.0,5.465342474053614e-05,,-0.018855001777410507,0.0,0.00023125999723561108,,-0.2063356190919876,0.10491419583559036,0.000263239664491266,,,,,,,,,,,,,,,,,,,,,,
67.69457799999999,XKF1,,,,,,,,,,,,,,,,,,,,,,,44.6104684114707,44.60984802246094,,,12.007569087162235,,,,,,0.23526857793331146,12.007457193944443,,,,,,12.007563591003418,,12.007563591003418,0.011488732881844044
67.69457799999999,POS,,,,,,,,,,,,,,,,,,,,,,,44.60809047435434,44.60753487023053,,,,,37.427502,-122.1691954,,,0.22263999943788804,,,,43.89678955078125,,,,,,
67.794538,ATT,,,3,,,0.0,39.54,0.36,0.02,0.0,,,,0.03,,,,39.55,,,,0.32,,,,,,,,,,,,,,,,,,,,,
67.794538,RATE,-38.278961181640625,-81.1513671875,,0.4010081887245178,0.6370987892150879,,,,,,-0.010705285705626011,0.0,0.00010737921547843143,,-0.029226982966065407,0.0,0.0002544844173826277,,-0.17701521515846252,0.2495127022266388,0.0004670994821935892,,,,,,,,,,,,,,,,,,,,,,
67.794538,XKF1,,,,,,,,,,,,,,,,,,,,,,,45.81194794809718,45.81135177612305,,,11.903520724250821,,,,,,0.23371616005897522,11.903430614369768,,,,,,11.903512001037598,,11.903512001037598,0.014410892501473427
67.794538,POS,,,,,,,,,,,,,,,,,,,,,,,45.81034001168099,45.809798989042406,,,,,37.427502,-122.1691818,,,0.22263999943788804,,,,43.906246185302734,,,,,,
67.894498,ATT,,,3,,,0.0,39.54,0.36,0.02,0.0,,,,0.05,,,,39.55,,,,0.31,,,,,,,,,,,,,,,,,,,,,
67.894498,RATE,-125.07896423339844,-59.1292724609375,,0.375036358833313,0.1965475231409073,,,,,,0.039924051612615585,0.0,-0.0001454140292480588,,-0.015284417197108269,0.0,3.3713463380991016e-06,,-0.13658832013607025,0.3646717667579651,0.0006234842585399747,,,,,,,,,,,,,,,,,,,,,,
67.894498,XKF1,,,,,,,,,,,,,,,,,,,,,,,47.00511764293574,47.004547119140625,,,11.856109268275636,,,,,,0.23159177601337433,11.855993740533826,,,,,,11.856107711791992,,11.856107711791992,0.006075168959796429
67.894498,POS,,,,,,,,,,,,,,,,,,,,,,,47.003750217127084,47.003222931036596,,,,,37.427502,-122.1691683,,,0.22263999943788804,,,,43.910736083984375,,,,,,
67.994458,ATT,,,3,,,0.0,39.54,0.36,0.02,0.01,,,,0.07,,,,39.55,,,,0.29,,,,,,,,,,,,,,,,,,,,,
67.994458,RATE,196.71725463867188,18.625768661499023,,0.45979568362236023,1.0839475393295288,,,,,,0.04389992728829384,0.0,-8.639553561806679e-05,,-0.03248563036322594,0.0,-1.2600597983691841e-05,,-0.0836072638630867,0.4899437725543976,0.00075836869655177,,,,,,,,,,,,,,,,,,,,,,
67.994458,XKF1,,,,,,,,,,,,,,,,,,,,,,,48.1981626713575,48.1976203918457,,,11.894053605612333,,,,,,0.22863389551639557,11.893928492430007,,,,,,11.89405345916748,,11.89405345916748,0.0018664527451619506
67.994458,POS,,,,,,,,,,,,,,,,,,,,,,,48.197161101582346,48.19664687177452,,,,,37.427502,-122.1691548,,,0.22263999943788804,,,,43.90347671508789,,,,,,
68.094418,ATT,,,3,,,0.0,39.54,0.36,0.03,0.01,,,,0.07,,,,39.56,,,,0.28,,,,,,,,,,,,,,,,,,,,,
68.094418,RATE,42.58155822753906,79.49225616455078,,0.5347899794578552,2.0950584411621094,,,,,,-0.03890005126595497,0.0,-3.5567696613725275e-05,,0.020405346527695656,0.0,-0.00027778802905231714,,-0.00044345203787088394,0.5562328696250916,0.0008085297886282206,,,,,,,,,,,,,,,,,,,,,,
68.094418,XKF1,,,,,,,,,,,,,,,,,,,,,,,49.39670537373674,49.39619064331055,,,11.947186761278953,,,,,,0.22550323605537415,11.947074019263313,,,,,,11.947186470031738,,11.947186470031738,0.0026380238123238087
68.094418,POS,,,,,,,,,,,,,,,,,,,,,,,49.390572616991825,49.39007081251244,,,,,37.427502,-122.1691413,,,0.22263999943788804,,,,43.88951873779297,,,,,,
68.194378,ATT,,,3,,,0.0,39.54,0.36,0.03,0.01,,,,0.08,,,,39.56,,,,0.27,,,,,,,,,,,,,,,,,,,,,
68.194378,RATE,-401.81976318359375,85.09475708007812,,0.47470736503601074,0.7013097405433655,,,,,,0.0011173996608704329,0.0,-3.0154060368658975e-05,,0.060561273247003555,0.0,-0.0004333176475483924,,0.08938450366258621,0.5883830785751343,0.0007891403511166573,,,,,,,,,,,,,,,,,,,,,,
68.194378,XKF1,,,,,,,,,,,,,,,,,,,,,,,50.60579119791628,50.60530471801758,,,12.037448289570188,,,,,,0.22189448773860931,12.037319299880455,,,,,,12.037447929382324,,12.037447929382324,-0.0029447386041283607
68.194378,POS,,,,,,,,,,,,,,,,,,,,,,,50.601617148922145,50.60117510939826,,,,,37.4275019,-122.1691276,,,0.21150800009877457,,,,43.871238708496094,,,,,,
68.294338,ATT,,,3,,,0.0,39.54,0.36,0.03,0.01,,,,0.07,,,,39.56,,,,0.27,,,,,,,,,,,,,,,,,,,,,
68.294338,RATE,-21.45986557006836,108.5274658203125,,0.49424493312835693,0.8722183704376221,,,,,,0.024276142939925194,-0.03152390941977501,8.40227585285902e-07,,-0.11238713562488556,-0.08325200527906418,0.0005890706088393927,,0.15453849732875824,0.5588907599449158,0.0006913554389029741,,,,,,,,,,,,,,,,,,,,,,
68.294338,XKF1,,,,,,,,,,,,,,,,,,,,,,,51.82166430423052,51.82120132446289,,,12.172387390093078,,,,,,0.21905376017093658,12.172254377131736,,,,,,12.172386169433594,,12.172386169433594,-0.005451300647109747
68.294338,POS,,,,,,,,,,,,,,,,,,,,,,,51.82155121520425,51.8211195818455,,,,,37.4275019,-122.1691138,,,0.21150800009877457,,,,43.84782028198242,,,,,,
68.39429799999999,ATT,,,3,,,0.0,39.54,0.36,0.03,0.0,,,,0.07,,,,39.55,,,,0.28,,,,,,,,,,,,,,,,,,,,,
68.39429799999999,RATE,380.487060546875,101.47611999511719,,0.5158215761184692,0.6722692251205444,,,,,,0.013964255340397358,0.0,-0.00010480599303264171,,-0.0168348029255867,0.0,-0.00032586976885795593,,0.19920121133327484,0.5207169651985168,0.0005665302742272615,,,,,,,,,,,,,,,,,,,,,,
68.39429799999999,XKF1,,,,,,,,,,,,,,,,,,,,,,,53.04246577771227,53.042030334472656,,,12.287494362547353,,,,,,0.21492737531661987,12.287341278715505,,,,,,12.28748893737793,,12.28748893737793,-0.011546577326953411
68.39429799999999,POS,,,,,,,,,,,,,,,,,,,,,,,53.041485761420354,53.041064055549,,,,,37.4275019,-122.1691,,,0.21150800009877457,,,,43.8308219909668,,,,,,
68.494258,ATT,,,3,,,0.0,39.54,0.36,0.03,0.0,,,,0.06,,,,39.55,,,,0.29,,,,,,,,,,,,,,,,,,,,,
68.494258,RATE,-154.8594512939453,7.71343994140625,,0.4185272753238678,1.887391209602356,,,,,,0.015474950894713402,0.0,-0.00011997157707810402,,-0.004286407493054867,0.0,-2.426802893751301e-05,,0.24048416316509247,0.45369866490364075,0.00043253006879240274,,,,,,,,,,,,,,,,,,,,,,
68.494258,XKF1,,,,,,,,,,,,,,,,,,,,,,,54.26973706541756,54.269325256347656,,,12.280178644480372,,,,,,0.2114175260066986,12.280052563921492,,,,,,12.280176162719727,,12.280176162719727,-0.007807235233485699
68.494258,POS,,,,,,,,,,,,,,,,,,,,,,,54.27021862053912,54.269848706070185,,,,,37.4275018,-122.1690861,,,0.20037599996868494,,,,43.833900451660156,,,,,,
68.594218,ATT,,,3,,,0.0,39.54,0.36,0.03,0.0,,,,0.05,,,,39.53,,,,0.3,,,,,,,,,,,,,,,,,,,,,
68.594218,RATE,-10.762691497802734,30.13878631591797,,0.48455557227134705,0.7237687110900879,,,,,,-0.0024332948960363865,0.0,9.505287744104862e-05,,-0.03765197470784187,0.0,0.00030419003451243043,,0.2690393924713135,0.38090866804122925,0.00027881230926141143,,,,,,,,,,,,,,,,,,,,,,
68.594218,XKF1,,,,,,,,,,,,,,,,,,,,,,,55.487909603726614,55.48752212524414,,,12.282936405182758,,,,,,0.20736584067344666,12.282803817424124,,,,,,12.282931327819824,,12.282931327819824,-0.011168250814080238
68.594218,POS,,,,,,,,,,,,,,,,,,,,,,,55.481314841288494,55.48095300169974,,,,,37.4275018,-122.1690724,,,0.20037599996868494,,,,43.83306121826172,,,,,,
68.694178,ATT,,,3,,,0.0,39.54,0.36,0.03,0.0,,,,0.03,,,,39.52,,,,0.32,,,,,,,,,,,,,,,,,,,,,
68.694178,RATE,374.1628723144531,35.58270263671875,,0.47526511549949646,1.1004161834716797,,,,,,-0.03474164381623268,0.0,0.0001720107684377581,,0.010762671008706093,0.0,5.141463770996779e-05,,0.28314003348350525,0.28394612669944763,0.00011175308463862166,,,,,,,,,,,,,,,,,,,,,,
68.694178,XKF1,,,,,,,,,,,,,,,,,,,,,,,56.71285998128995,56.712493896484375,,,12.361000108972544,,,,,,0.2037726640701294,12.360859201853085,,,,,,12.360991477966309,,12.360991477966309,-0.014607383869588375
68.694178,POS,,,,,,,,,,,,,,,,,,,,,,,56.71009165153135,56.709737652220916,,,,,37.4275018,-122.1690585,,,0.20037599996868494,,,,43.82753372192383,,,,,,
68.794971,ATT,,,3,,,0.0,39.54,0.36,0.02,0.0,,,,0.02,,,,39.52,,,,0.33,,,,,,,,,,,,,,,,,,,,,
68.794971,RATE,-64.20602416992188,-13.729987144470215,,0.4365096390247345,0.7505050301551819,,,,,,-0.029229888692498207,0.0,-5.561868965742178e-05,,0.011524336412549019,0.0,9.91642227745615e-05,,0.28348541259765625,0.19679991900920868,-4.360191451269202e-05,,,,,,,,,,,,,,,,,,,,,,
68.794971,XKF1,,,,,,,,,,,,,,,,,,,,,,,57.9378700179613,57.93752670288086,,,12.31801672539937,,,,,,0.1994536817073822,12.317868887520842,,,,,,12.31800365447998,,12.31800365447998,-0.017944788560271263
68.794971,POS,,,,,,,,,,,,,,,,,,,,,,,57.929991235128995,57.92968212592442,,,,,37.4275017,-122.1690447,,,0.1892439998385953,,,,43.83675003051758,,,,,,
68.894931,ATT,,,3,,,0.0,39.54,0.36,0.02,0.0,,,,0.0,,,,39.53,,,,0.34,,,,,,,,,,,,,,,,,,,,,
68.894931,RATE,261.6551513671875,-12.429777145385742,,0.4364387094974518,1.088850498199463,,,,,,-0.015473906882107258,0.0,-0.0001180636027129367,,0.06798069924116135,0.0,-0.00034960065386258066,,0.26827529072761536,0.10728646069765091,-0.00017438844952266663,,,,,,,,,,,,,,,,,,,,,,
68.894931,XKF1,,,,,,,,,,,,,,,,,,,,,,,59.167497661643964,59.16717529296875,,,12.359844618727983,,,,,,0.19531357288360596,12.359696639257296,,,,,,12.35982894897461,,12.35982894897461,-0.019681239500641823
68.894931,POS,,,,,,,,,,,,,,,,,,,,,,,59.16760959800397,59.167306954519546,,,,,37.4275017,-122.1690307,,,0.1892439998385953,,,,43.84047317504883,,,,,,
68.994891,ATT,,,3,,,0.0,39.54,0.36,0.02,0.0,,,,0.0,,,,39.53,,,,0.36,,,,,,,,,,,,,,,,,,,,,
68.994891,RATE,228.9051971435547,-81.48673248291016,,0.3415105938911438,2.1503641605377197,,,,,,-0.07582838833332062,0.0,0.0005507733440026641,,0.011724543757736683,0.0,-5.8279489167034626e-05,,0.24387556314468384,0.03189203888177872,-0.00027895745006389916,,,,,,,,,,,,,,,,,,,,,,
68.994891,XKF1,,,,,,,,,,,,,,,,,,,,,,,60.40361501643334,60.40331268310547,,,12.283184066763543,,,,,,0.1911124289035797,12.283058041915046,,,,,,12.283172607421875,,12.283172607421875,-0.016778387129306793
68.994891,POS,,,,,,,,,,,,,,,,,,,,,,,60.39638809114289,60.39609160504073,,,,,37.4275017,-122.1690168,,,0.1892439998385953,,,,43.85380935668945,,,,,,
69.09485099999999,ATT,,,3,,,0.0,39.54,0.36,0.02,0.0,,,,-0.01,,,,39.54,,,,0.37,,,,,,,,,,,,,,,,,,,,,
69.09485099999999,RATE,41.90244674682617,-53.139564514160156,,0.42453283071517944,0.2917269766330719,,,,,,-0.0073083993047475815,0.0,6.755757567589171e-06,,0.01162740308791399,0.0,-6.320214015431702e-05,,0.22298181056976318,-0.046931516379117966,-0.0003783149004448205,,,,,,,,,,,,,,,,,,,,,,
69.09485099999999,XKF1,,,,,,,,,,,,,,,,,,,,,,,61.63992491510591,61.63964080810547,,,12.216581931931861,,,,,,0.1871485710144043,12.216455654563275,,,,,,12.216567993164062,,12.216567993164062,-0.01845448464155197
69.09485099999999,POS,,,,,,,,,,,,,,,,,,,,,,,61.63397379004066,61.6337164323796,,,,,37.4275016,-122.1690028,,,0.17811199970850566,,,,43.86541748046875,,,,,,
69.194811,ATT,,,3,,,0.0,39.54,0.36,0.02,0.0,,,,-0.02,,,,39.54,,,,0.38,,,,,,,,,,,,,,,,,,,,,
69.194811,RATE,232.85845947265625,-100.52925872802734,,0.31501948833465576,1.7887438535690308,,,,,,0.00012850960774812847,0.0,1.3921267054683995e-06,,0.015230691060423851,0.0,-7.122209353838116e-05,,0.19292552769184113,-0.10215934365987778,-0.00044872722355648875,,,,,,,,,,,,,,,,,,,,,,
69.194811,XKF1,,,,,,,,,,,,,,,,,,,,,,,62.86454375132936,62.86427688598633,,,12.148129313143276,,,,,,0.18317386507987976,12.148030985111477,,,,,,12.14812183380127,,12.14812183380127,-0.01348035503178835
69.194811,POS,,,,,,,,,,,,,,,,,,,,,,,62.8627534099656,62.86250108290078,,,,,37.4275016,-122.1689889,,,0.17811199970850566,,,,43.874752044677734,,,,,,
69.294771,ATT,,,3,,,0.0,39.54,0.36,0.02,0.0,,,,-0.03,,,,39.54,,,,0.39,,,,,,,,,,,,,,,,,,,,,
69.294771,RATE,-113.36279296875,-153.6185760498047,,0.2841964662075043,0.537925124168396,,,,,,0.001792777911759913,0.0,-1.4283816199167632e-05,,0.032239798456430435,0.0,-0.00038034538738429546,,0.1657836139202118,-0.15251919627189636,-0.0004969184519723058,,,,,,,,,,,,,,,,,,,,,,
69.294771,XKF1,,,,,,,,,,,,,,,,,,,,,,,64.07038243543505,64.07012939453125,,,11.904780770286195,,,,,,0.18006885051727295,11.904705812022724,,,,,,11.904777526855469,,11.904777526855469,-0.008787755854427814
69.294771,POS,,,,,,,,,,,,,,,,,,,,,,,64.06501279352882,64.06476520171265,,,,,37.4275016,-122.1689753,,,0.17811199970850566,,,,43.899864196777344,,,,,,
69.394731,ATT,,,3,,,0.0,39.54,0.36,0.02,0.0,,,,-0.03,,,,39.53,,,,0.39,,,,,,,,,,,,,,,,,,,,,
69.394731,RATE,158.62969970703125,-82.73313903808594,,0.3643034100532532,1.2339204549789429,,,,,,0.00833513867110014,0.0,-3.237911005271599e-05,,0.02912241220474243,0.0,-0.00015798851381987333,,0.11857440322637558,-0.17387089133262634,-0.0005036074435338378,,,,,,,,,,,,,,,,,,,,,,
69.394731,XKF1,,,,,,,,,,,,,,,,,,,,,,,65.25916672884746,65.25892639160156,,,11.844500223935201,,,,,,0.17711114883422852,11.844432993994616,,,,,,11.844497680664062,,11.844497680664062,-0.0077619291841983795
69.394731,POS,,,,,,,,,,,,,,,,,,,,,,,65.25840277291587,65.25818914245058,,,,,37.4275015,-122.1689618,,,0.16697999957841603,,,,43.90843200683594,,,,,,
69.494691,ATT,,,3,,,0.0,39.54,0.36,0.02,0.0,,,,-0.04,,,,39.52,,,,0.39,,,,,,,,,,,,,,,,,,,,,
69.494691,RATE,-82.30429077148438,-22.40729331970215,,0.4429202377796173,2.3673317432403564,,,,,,-0.03327827900648117,0.0,0.00037677568616345525,,0.018182311207056046,0.0,-0.0001976527855731547,,0.08121233433485031,-0.1860002726316452,-0.0004794140113517642,,,,,,,,,,,,,,,,,,,,,,
69.494691,XKF1,,,,,,,,,,,,,,,,,,,,,,,66.44286289166092,66.44263458251953,,,11.77804152719482,,,,,,0.17418086528778076,11.777973742411728,,,,,,11.778038024902344,,11.778038024902344,-0.009082966484129429
69.494691,POS,,,,,,,,,,,,,,,,,,,,,,,66.44298272810924,66.44277290637082,,,,,37.4275015,-122.1689484,,,0.16697999957841603,,,,43.911014556884766,,,,,,
69.594651,ATT,,,3,,,0.0,39.54,0.36,0.02,0.01,,,,-0.03,,,,39.53,,,,0.39,,,,,,,,,,,,,,,,,,,,,
69.594651,RATE,-52.197837829589844,-36.44393539428711,,0.3588220179080963,0.4327121376991272,,,,,,0.003588814288377762,0.0,4.9923095502890646e-05,,-0.06144024804234505,0.0,0.0004101927042938769,,0.03150789439678192,-0.16416791081428528,-0.0004148192529100925,,,,,,,,,,,,,,,,,,,,,,
69.594651,XKF1,,,,,,,,,,,,,,,,,,,,,,,67.62709935989149,67.62688446044922,,,11.782228971185448,,,,,,0.17048755288124084,11.782170129104685,,,,,,11.7822265625,,11.7822265625,-0.00753388088196516
69.594651,POS,,,,,,,,,,,,,,,,,,,,,,,67.62756281673191,67.62735667029106,,,,,37.4275015,-122.168935,,,0.16697999957841603,,,,43.91090774536133,,,,,,
69.694611,ATT,,,3,,,0.0,39.54,0.36,0.02,0.01,,,,-0.03,,,,39.53,,,,0.38,,,,,,,,,,,,,,,,,,,,,
69.694611,RATE,-221.14886474609375,58.78864669799805,,0.5048573017120361,1.9594988822937012,,,,,,-0.0072005633264780045,0.06318051367998123,0.00041947048157453537,,-0.013793233782052994,0.062712661921978,0.00019921967759728432,,0.002271076198667288,-0.13699035346508026,-0.00032555239158682525,,,,,,,,,,,,,,,,,,,,,,
69.694611,XKF1,,,,,,,,,,,,,,,,,,,,,,,68.80705042730082,68.80684661865234,,,11.766286567904915,,,,,,0.16747209429740906,11.766218737185817,,,,,,11.766281127929688,,11.766281127929688,-0.011314441449940205
69.694611,POS,,,,,,,,,,,,,,,,,,,,,,,68.80330288110606,68.80310025739362,,,,,37.4275015,-122.1689217,,,0.16697999957841603,,,,43.898868560791016,,,,,,
69.794571,ATT,,,3,,,0.0,39.54,0.36,0.02,0.01,,,,-0.03,,,,39.53,,,,0.37,,,,,,,,,,,,,,,,,,,,,
69.794571,RATE,44.54793930053711,157.75244140625,,0.5636972188949585,0.1123492643237114,,,,,,0.033307887613773346,0.06223254278302193,-0.00024547442444600165,,0.008952400647103786,0.06365348398685455,-0.00019129773136228323,,-0.027732359245419502,-0.08732787519693375,-0.00021484956960193813,,,,,,,,,,,,,,,,,,,,,,
69.794571,XKF1,,,,,,,,,,,,,,,,,,,,,,,69.99662053679393,69.99642944335938,,,11.945497329366535,,,,,,0.16355963051319122,11.945417743249035,,,,,,11.945487022399902,,11.945487022399902,-0.015692150220274925
69.794571,POS,,,,,,,,,,,,,,,,,,,,,,,69.99669769652384,69.99652419813154,,,,,37.4275014,-122.1689082,,,0.1558479994483264,,,,43.861873626708984,,,,,,
69.894531,ATT,,,3,,,0.0,39.54,0.36,0.03,0.01,,,,-0.02,,,,39.52,,,,0.36,,,,,,,,,,,,,,,,,,,,,
69.894531,RATE,348.5834045410156,148.6509552001953,,0.5328302979469299,0.3358035683631897,,,,,,0.02551380731165409,0.0,4.202771378913894e-05,,0.038178808987140656,0.0,-0.00024514261167496443,,-0.04335397481918335,-0.04198059067130089,-0.00011454532796051353,,,,,,,,,,,,,,,,,,,,,,
69.894531,XKF1,,,,,,,,,,,,,,,,,,,,,,,71.20491406594469,71.2047348022461,,,12.122665835611768,,,,,,0.15977759659290314,12.122587882273205,,,,,,12.122654914855957,,12.122654914855957,-0.01627197675406933
69.894531,POS,,,,,,,,,,,,,,,,,,,,,,,71.1989588856456,71.19878831694342,,,,,37.4275014,-122.1688946,,,0.1558479994483264,,,,43.83088684082031,,,,,,
69.994491,ATT,,,3,,,0.0,39.54,0.36,0.03,0.01,,,,-0.01,,,,39.53,,,,0.36,,,,,,,,,,,,,,,,,,,,,
69.994491,RATE,81.37045288085938,97.18639373779297,,0.4775775074958801,0.09216830134391785,,,,,,0.026285246014595032,0.0,-6.578315515071154e-05,,0.02327839471399784,0.0,-0.0003868325729854405,,-0.056727148592472076,0.017345566302537918,-1.0326235496904701e-05,,,,,,,,,,,,,,,,,,,,,,
69.994491,XKF1,,,,,,,,,,,,,,,,,,,,,,,72.4283356901533,72.42816925048828,,,12.217618766136214,,,,,,0.15527352690696716,12.217527856172925,,,,,,12.21760082244873,,12.21760082244873,-0.020939387381076813
69.994491,POS,,,,,,,,,,,,,,,,,,,,,,,72.42771754430825,72.4275729674646,,,,,37.4275013,-122.1688807,,,0.14471600010921293,,,,43.816043853759766,,,,,,
70.09445099999999,ATT,,,3,,,0.0,39.54,0.36,0.03,0.0,,,,0.0,,,,39.53,,,,0.35,,,,,,,,,,,,,,,,,,,,,
70.09445099999999,RATE,-216.15542602539062,159.27957153320312,,0.5892593860626221,0.5229784250259399,,,,,,0.02836310677230358,0.0,-7.032324356259778e-05,,-0.06757039576768875,0.0,0.00014982432185206562,,-0.055728740990161896,0.06840989738702774,8.494175563100725e-05,,,,,,,,,,,,,,,,,,,,,,
70.09445099999999,XKF1,,,,,,,,,,,,,,,,,,,,,,,73.6590210903219,73.65886688232422,,,12.31815791464249,,,,,,0.15072357654571533,12.318042312465048,,,,,,12.31812572479248,,12.31812572479248,-0.028160935267806053
70.09445099999999,POS,,,,,,,,,,,,,,,,,,,,,,,73.65649978290645,73.65635761798578,,,,,37.4275013,-122.1688668,,,0.14471600010921293,,,,43.79304885864258,,,,,,
70.194411,ATT,,,3,,,0.0,39.54,0.36,0.03,0.0,,,,0.0,,,,39.53,,,,0.34,,,,,,,,,,,,,,,,,,,,,
70.194411,RATE,394.045654296875,163.54530334472656,,0.5462772250175476,3.23639178276062,,,,,,0.010803848505020142,0.0,-0.00010879695764742792,,-0.04473242908716202,0.0,6.73032263875939e-05,,-0.037502389401197433,0.12173652648925781,0.00015777125372551382,,,,,,,,,,,,,,,,,,,,,,
70.194411,XKF1,,,,,,,,,,,,,,,,,,,,,,,74.90734443835728,74.9072036743164,,,12.556795263972845,,,,,,0.14521880447864532,12.556678410199101,,,,,,12.55675983428955,,12.55675983428955,-0.029828933998942375
70.194411,POS,,,,,,,,,,,,,,,,,,,,,,,74.90296242254374,74.90282262339859,,,,,37.4275013,-122.1688527,,,0.14471600010921293,,,,43.760032653808594,,,,,,
70.294371,ATT,,,3,,,0.0,39.54,0.36,0.03,0.0,,,,0.0,,,,39.52,,,,0.33,,,,,,,,,,,,,,,,,,,,,
70.294371,RATE,77.9876708984375,154.83065795898438,,0.5964970588684082,0.47798261046409607,,,,,,-0.011533710174262524,0.0,0.0001539195654913783,,-0.0422053262591362,0.0,0.0001263708691112697,,-0.008844752795994282,0.14877645671367645,0.00019006404909305274,,,,,,,,,,,,,,,,,,,,,,
70.294371,XKF1,,,,,,,,,,,,,,,,,,,,,,,76.17148581843128,76.17135620117188,,,12.681731565420945,,,,,,0.14052139222621918,12.681627515390154,,,,,,12.681700706481934,,12.681700706481934,-0.027976572513580322
70.294371,POS,,,,,,,,,,,,,,,,,,,,,,,76.16708512550217,76.16696798370303,,,,,37.4275012,-122.1688384,,,0.1335839999791233,,,,43.739742279052734,,,,,,
70.394331,ATT,,,3,,,0.0,39.54,0.36,0.03,0.0,,,,0.01,,,,39.51,,,,0.33,,,,,,,,,,,,,,,,,,,,,
70.394331,RATE,18.603897094726562,50.352333068847656,,0.45889362692832947,0.4343254864215851,,,,,,0.0670173242688179,0.02348323166370392,-0.00025746505707502365,,0.1076880618929863,0.12368448078632355,1.642616552999243e-05,,0.01980438083410263,0.1720469743013382,0.00019780651200562716,,,,,,,,,,,,,,,,,,,,,,
70.394331,XKF1,,,,,,,,,,,,,,,,,,,,,,,77.4360161543337,77.43589782714844,,,12.763329726963468,,,,,,0.13537192344665527,12.763217145794707,,,,,,12.763291358947754,,12.763291358947754,-0.03129545971751213
70.394331,POS,,,,,,,,,,,,,,,,,,,,,,,77.4312285733449,77.43111334400747,,,,,37.4275012,-122.1688241,,,0.1335839999791233,,,,43.732627868652344,,,,,,
70.494291,ATT,,,3,,,0.0,39.54,0.36,0.03,0.0,,,,0.01,,,,39.5,,,,0.33,,,,,,,,,,,,,,,,,,,,,
70.494291,RATE,-30.414295196533203,32.86167907714844,,0.5127631425857544,0.8634679317474365,,,,,,0.04178592935204506,0.014293051324784756,-7.747227209620178e-05,,0.19967001676559448,0.15352419018745422,-0.0002554824168328196,,0.038613248616456985,0.17653879523277283,0.0001917888585012406,,,,,,,,,,,,,,,,,,,,,,
70.494291,XKF1,,,,,,,,,,,,,,,,,,,,,,,78.70431922861188,78.70420837402344,,,12.774295022868527,,,,,,0.13209639489650726,12.774240893487528,,,,,,12.774285316467285,,12.774285316467285,-0.01574753224849701
70.494291,POS,,,,,,,,,,,,,,,,,,,,,,,78.704194139721,78.7040988811296,,,,,37.4275011,-122.1688097,,,0.12245199984903365,,,,43.736358642578125,,,,,,
70.594251,ATT,,,3,,,0.0,39.54,0.36,0.04,0.0,,,,0.01,,,,39.5,,,,0.33,,,,,,,,,,,,,,,,,,,,,
70.594251,RATE,253.67669677734375,7.594475746154785,,0.48465099930763245,0.593952476978302,,,,,,0.04038751870393753,0.007804905064404011,-0.00018233385344501585,,0.16852803528308868,0.15399044752120972,1.2582731869770214e-05,,0.04498816281557083,0.18410280346870422,0.0001852092973422259,,,,,,,,,,,,,,,,,,,,,,
70.594251,XKF1,,,,,,,,,,,,,,,,,,,,,,,79.96981487100493,79.96971130371094,,,12.80877580998821,,,,,,0.12870316207408905,12.80873692952446,,,,,,12.808771133422852,,12.808771133422852,-0.010945416055619717
70.594251,POS,,,,,,,,,,,,,,,,,,,,,,,79.96833799417064,79.96824424143404,,,,,37.4275011,-122.1687954,,,0.12245199984903365,,,,43.73821258544922,,,,,,
70.694211,ATT,,,3,,,0.0,39.54,0.36,0.04,0.0,,,,0.01,,,,39.5,,,,0.33,,,,,,,,,,,,,,,,,,,,,
70.694211,RATE,349.3498840332031,-79.9567642211914,,0.3965473771095276,0.7310758829116821,,,,,,0.03975939005613327,0.0026111623737961054,-0.00018945321789942682,,0.11423943936824799,0.12586694955825806,-0.00017606369510758668,,0.0632312148809433,0.17763559520244598,0.00017124234000220895,,,,,,,,,,,,,,,,,,,,,,
70.694211,XKF1,,,,,,,,,,,,,,,,,,,,,,,81.2386389758037,81.23854064941406,,,12.76821328648658,,,,,,0.12639538943767548,12.768196875006065,,,,,,12.768213272094727,,12.768213272094727,-0.0006062313914299011
70.694211,POS,,,,,,,,,,,,,,,,,,,,,,,81.23248189423242,81.23238960048222,,,,,37.4275011,-122.1687811,,,0.12245199984903365,,,,43.758148193359375,,,,,,
70.79417099999999,ATT,,,3,,,0.0,39.54,0.36,0.03,0.0,,,,0.01,,,,39.51,,,,0.33,,,,,,,,,,,,,,,,,,,,,
70.79417099999999,RATE,11.224842071533203,-195.84951782226562,,0.2850843667984009,0.3729853630065918,,,,,,0.008705252781510353,0.0032179311383515596,1.840348522819113e-05,,0.1289634108543396,0.12585291266441345,4.1786901419982314e-05,,0.07193541526794434,0.19120198488235474,0.00015844785957597196,,,,,,,,,,,,,,,,,,,,,,
70.79417099999999,XKF1,,,,,,,,,,,,,,,,,,,,,,,82.48911329294596,82.48902130126953,,,12.514039106652124,,,,,,0.1231934055685997,12.514023149466077,,,,,,12.514039039611816,,12.514039039611816,-0.0012953339610248804
70.79417099999999,POS,,,,,,,,,,,,,,,,,,,,,,,82.48778567318612,82.48769478396898,,,,,37.4275011,-122.1687669,,,0.12245199984903365,,,,43.80088806152344,,,,,,
70.894964,ATT,,,3,,,0.0,39.54,0.36,0.04,0.0,,,,0.01,,,,39.51,,,,0.33,,,,,,,,,,,,,,,,,,,,,
70.894964,RATE,-323.71868896484375,-103.05606079101562,,0.4680631458759308,2.1170573234558105,,,,,,-0.006147206760942936,0.004896641708910465,1.4499752069241367e-05,,0.12427318096160889,0.08888575434684753,-7.72124039940536e-05,,0.082018181681633,0.19176694750785828,0.0001505448017269373,,,,,,,,,,,,,,,,,,,,,,
70.894964,XKF1,,,,,,,,,,,,,,,,,,,,,,,83.71828606461679,83.71820068359375,,,12.338277818356165,,,,,,0.1195654571056366,12.338240224955564,,,,,,12.338271141052246,,12.338271141052246,-0.012836386449635029
70.894964,POS,,,,,,,,,,,,,,,,,,,,,,,83.71655344701998,83.71647943449017,,,,,37.427501,-122.168753,,,0.11131999971894402,,,,43.83169937133789,,,,,,
70.994924,ATT,,,3,,,0.0,39.54,0.36,0.04,0.0,,,,0.02,,,,39.52,,,,0.33,,,,,,,,,,,,,,,,,,,,,
70.994924,RATE,273.8233642578125,-66.86512756347656,,0.40391409397125244,2.6402463912963867,,,,,,-0.008923053741455078,0.002165687968954444,1.3079565178486519e-05,,0.038319431245326996,0.08899419009685516,0.00035612823558039963,,0.10329686850309372,0.2120160013437271,0.0001491018629167229,,,,,,,,,,,,,,,,,,,,,,
70.994924,XKF1,,,,,,,,,,,,,,,,,,,,,,,84.9485861891724,84.9485092163086,,,12.397411425216282,,,,,,0.11435674875974655,12.397369790190545,,,,,,12.397401809692383,,12.397401809692383,-0.015440696850419044
70.994924,POS,,,,,,,,,,,,,,,,,,,,,,,84.94533702690605,84.94526408501135,,,,,37.427501,-122.1687391,,,0.11131999971894402,,,,43.83568572998047,,,,,,
71.094884,ATT,,,3,,,0.0,39.54,0.36,0.06,0.0,,,,0.01,,,,39.52,,,,0.33,,,,,,,,,,,,,,,,,,,,,
71.094884,RATE,-160.63851928710938,-104.59414672851562,,0.35169950127601624,0.24167737364768982,,,,,,-0.0024676392786204815,0.006433327216655016,-7.69127109379042e-06,,0.010313034988939762,0.08878776431083679,-3.594163354136981e-05,,0.10963021963834763,0.20499201118946075,0.00013643463898915797,,,,,,,,,,,,,,,,,,,,,,
71.094884,XKF1,,,,,,,,,,,,,,,,,,,,,,,86.17879608740876,86.17872619628906,,,12.300549901793369,,,,,,0.10975545644760132,12.3005140083127,,,,,,12.300541877746582,,12.300541877746582,-0.014049922116100788
71.094884,POS,,,,,,,,,,,,,,,,,,,,,,,86.174106975989,86.17404873553252,,,,,37.4275009,-122.1687252,,,0.10018799958885438,,,,43.85356521606445,,,,,,
71.194844,ATT,,,3,,,0.0,39.54,0.36,0.06,0.01,,,,0.01,,,,39.52,,,,0.33,,,,,,,,,,,,,,,,,,,,,
71.194844,RATE,-268.12481689453125,-72.756591796875,,0.40244895219802856,1.1628122329711914,,,,,,-0.02414444088935852,0.0,0.0003020883013959974,,-0.00489811273291707,0.0,0.0002513159124646336,,0.12189414352178574,0.20206952095031738,0.00011690996325341985,,,,,,,,,,,,,,,,,,,,,,
71.194844,XKF1,,,,,,,,,,,,,,,,,,,,,,,87.41050106673677,87.41043853759766,,,12.243891353352499,,,,,,0.10455334931612015,12.243857403716396,,,,,,12.24388313293457,,12.24388313293457,-0.014188013970851898
71.194844,POS,,,,,,,,,,,,,,,,,,,,,,,87.402890807716,87.40283338605371,,,,,37.4275009,-122.1687113,,,0.10018799958885438,,,,43.868980407714844,,,,,,
71.294804,ATT,,,3,,,0.0,39.54,0.36,0.05,0.01,,,,0.01,,,,39.52,,,,0.33,,,,,,,,,,,,,,,,,,,,,
71.294804,RATE,-125.3975830078125,-91.3165283203125,,0.3406316339969635,0.5662408471107483,,,,,,-0.03390819951891899,0.0108417933806777,0.00011858296056743711,,0.03717951849102974,0.08835785835981369,0.0002719844051171094,,0.14026899635791779,0.17331121861934662,7.230752089526504e-05,,,,,,,,,,,,,,,,,,,,,,
71.294804,XKF1,,,,,,,,,,,,,,,,,,,,,,,88.62937448447026,88.62931823730469,,,12.200715535351483,,,,,,0.09985138475894928,12.200671624762396,,,,,,12.200700759887695,,12.200700759887695,-0.018987949937582016
71.294804,POS,,,,,,,,,,,,,,,,,,,,,,,88.62282260541531,88.6227778597572,,,,,37.4275008,-122.1686975,,,0.08905599945876475,,,,43.88447189331055,,,,,,
71.394764,ATT,,,3,,,0.0,39.54,0.36,0.05,0.01,,,,0.01,,,,39.53,,,,0.34,,,,,,,,,,,,,,,,,,,,,
71.394764,RATE,-313.6431579589844,-7.170535087585449,,0.47236788272857666,1.7133190631866455,,,,,,0.02461506798863411,0.0,-8.058224193518981e-05,,0.024311771616339684,0.0,2.606522866699379e-05,,0.14204160869121552,0.15657609701156616,2.609247894724831e-05,,,,,,,,,,,,,,,,,,,,,,
71.394764,XKF1,,,,,,,,,,,,,,,,,,,,,,,89.84345559869676,89.8434066772461,,,12.151367857805834,,,,,,0.09375789016485214,12.151309813956665,,,,,,12.151342391967773,,12.151342391967773,-0.024877477437257767
71.394764,POS,,,,,,,,,,,,,,,,,,,,,,,89.84276647027643,89.84272233220445,,,,,37.4275008,-122.1686837,,,0.08905599945876475,,,,43.893497467041016,,,,,,
71.494724,ATT,,,3,,,0.0,39.54,0.36,0.04,0.01,,,,0.0,,,,39.53,,,,0.34,,,,,,,,,,,,,,,,,,,,,
71.494724,RATE,-26.954078674316406,23.037704467773438,,0.4575642943382263,0.10928356647491455,,,,,,0.020339559763669968,0.0,-5.025100108468905e-05,,0.024782000109553337,0.0,-0.00017086353909689933,,0.13936085999011993,0.12415613979101181,-1.3436382687359583e-05,,,,,,,,,,,,,,,,,,,,,,
71.494724,XKF1,,,,,,,,,,,,,,,,,,,,,,,91.06251978095331,91.0624771118164,,,12.244107881055825,,,,,,0.08815393596887589,12.244048372244963,,,,,,12.24407958984375,,12.24407958984375,-0.026321103796362877
71.494724,POS,,,,,,,,,,,,,,,,,,,,,,,91.06270014640245,91.06266680590795,,,,,37.4275007,-122.1686699,,,0.07792400011965128,,,,43.89107894897461,,,,,,
71.594684,ATT,,,3,,,0.0,39.54,0.36,0.04,0.01,,,,0.0,,,,39.54,,,,0.35,,,,,,,,,,,,,,,,,,,,,
71.594684,RATE,74.4680404663086,-10.202312469482422,,0.4098151922225952,0.8890625834465027,,,,,,-0.008035032078623772,0.0,-7.477588223991916e-05,,-0.0070326803252100945,0.0,-6.694191688438877e-05,,0.14028461277484894,0.10066800564527512,-5.419988156063482e-05,,,,,,,,,,,,,,,,,,,,,,
71.594684,XKF1,,,,,,,,,,,,,,,,,,,,,,,92.28841995793327,92.28838348388672,,,12.239008579079158,,,,,,0.0820503681898117,12.238976384733837,,,,,,12.238996505737305,,12.238996505737305,-0.017191024497151375
71.594684,POS,,,,,,,,,,,,,,,,,,,,,,,92.28264417809993,92.28261127835518,,,,,37.4275007,-122.1686561,,,0.07792400011965128,,,,43.8988151550293,,,,,,
71.694644,ATT,,,3,,,0.0,39.54,0.36,0.03,0.01,,,,0.0,,,,39.55,,,,0.35,,,,,,,,,,,,,,,,,,,,,
71.694644,RATE,-235.45260620117188,-12.513376235961914,,0.41333121061325073,0.20740988850593567,,,,,,-0.023225240409374237,0.0,1.6074789527920075e-05,,-0.03161698207259178,0.0,0.00010879640467464924,,0.1310931146144867,0.0656653419137001,-9.436542313778773e-05,,,,,,,,,,,,,,,,,,,,,,
71.694644,XKF1,,,,,,,,,,,,,,,,,,,,,,,93.51273491557791,93.51270294189453,,,12.222521360785715,,,,,,0.07732976227998734,12.22249105564319,,,,,,12.222509384155273,,12.222509384155273,-0.017110496759414673
71.694644,POS,,,,,,,,,,,,,,,,,,,,,,,93.5114197837531,93.51139593013264,,,,,37.4275006,-122.1686422,,,0.06679199998956165,,,,43.905555725097656,,,,,,
71.79460399999999,ATT,,,3,,,0.0,39.54,0.36,0.03,0.0,,,,0.0,,,,39.54,,,,0.35,,,,,,,,,,,,,,,,,,,,,
71.79460399999999,RATE,-53.57561111450195,42.06610870361328,,0.4885236620903015,0.12314607203006744,,,,,,0.0015911272494122386,0.0,-2.8251215553609654e-05,,0.0148976631462574,0.0,5.1861592510249466e-05,,0.11888224631547928,0.05346094071865082,-0.00012052890815539286,,,,,,,,,,,,,,,,,,,,,,
71.79460399999999,XKF1,,,,,,,,,,,,,,,,,,,,,,,94.73595080261141,94.73592376708984,,,12.273528677733585,,,,,,0.07157143950462341,12.27348623587607,,,,,,12.273507118225098,,12.273507118225098,-0.02300482615828514
71.79460399999999,POS,,,,,,,,,,,,,,,,,,,,,,,94.7313639490149,94.73134040257986,,,,,37.4275006,-122.1686284,,,0.06679199998956165,,,,43.89949035644531,,,,,,
71.894564,ATT,,,3,,,0.0,39.54,0.36,0.03,0.0,,,,0.0,,,,39.54,,,,0.35,,,,,,,,,,,,,,,,,,,,,
71.894564,RATE,168.5153045654297,42.506065368652344,,0.46925219893455505,0.42234426736831665,,,,,,0.008170000277459621,0.0,-0.00027878329274244606,,-0.015586401335895061,0.0,2.5457527954131365e-05,,0.08952026069164276,0.03619272634387016,-0.00012162659550085664,,,,,,,,,,,,,,,,,,,,,,
71.894564,XKF1,,,,,,,,,,,,,,,,,,,,,,,95.96745298287345,95.9674301147461,,,12.36497415418159,,,,,,0.06625097244977951,12.364935634176604,,,,,,12.364953994750977,,12.364953994750977,-0.02232803776860237
71.894564,POS,,,,,,,,,,,,,,,,,,,,,,,95.96014119540664,95.96012505310105,,,,,37.4275005,-122.1686145,,,0.05565999985947201,,,,43.89146041870117,,,,,,
71.994524,ATT,,,3,,,0.0,39.54,0.36,0.03,0.0,,,,0.0,,,,39.54,,,,0.35,,,,,,,,,,,,,,,,,,,,,
71.994524,RATE,-111.09981536865234,-10.113144874572754,,0.39394837617874146,0.8182346224784851,,,,,,-0.001650091027840972,0.0,3.2725874916650355e-06,,-0.01254989206790924,0.0,2.5152925445581786e-05,,0.0803631991147995,0.03620533645153046,-0.00010065617243526503,,,,,,,,,,,,,,,,,,,,,,
71.994524,XKF1,,,,,,,,,,,,,,,,,,,,,,,97.20391427201798,97.20389556884766,,,12.357777017105798,,,,,,0.06029960513114929,12.357736501032555,,,,,,12.35775375366211,,12.35775375366211,-0.023978497833013535
71.994524,POS,,,,,,,,,,,,,,,,,,,,,,,97.19776581846084,97.19774988169618,,,,,37.4275005,-122.1686005,,,0.05565999985947201,,,,43.89506530761719,,,,,,
72.094484,ATT,,,3,,,0.0,39.54,0.36,0.03,0.0,,,,-0.01,,,,39.54,,,,0.35,,,,,,,,,,,,,,,,,,,,,
72.094484,RATE,-172.9824981689453,-8.836779594421387,,0.41994428634643555,0.4006298780441284,,,,,,0.005383302923291922,0.0,-1.6688991308910772e-05,,-0.0044143968261778355,0.0,3.5359714729565894e-06,,0.06961402297019958,0.025451501831412315,-9.582959319232032e-05,,,,,,,,,,,,,,,,,,,,,,
72.094484,XKF1,,,,,,,,,,,,,,,,,,,,,,,98.43772169134094,98.43770599365234,,,12.342548869008935,,,,,,0.055592168122529984,12.342530773232168,,,,,,12.342540740966797,,12.342540740966797,-0.014164796099066734
72.094484,POS,,,,,,,,,,,,,,,,,,,,,,,98.4353847803263,98.43537470903505,,,,,37.4275004,-122.1685865,,,0.04452799972938237,,,,43.897918701171875,,,,,,
72.194444,ATT,,,3,,,0.0,39.54,0.36,0.03,0.0,,,,0.0,,,,39.53,,,,0.35,,,,,,,,,,,,,,,,,,,,,
72.194444,RATE,-186.37986755371094,26.689659118652344,,0.46318069100379944,0.7578732967376709,,,,,,0.008550369180738926,0.0,-7.43876225897111e-05,,0.004168219864368439,0.0,-1.9190081729902886e-05,,0.0475645586848259,0.034117311239242554,-7.006862142588943e-05,,,,,,,,,,,,,,,,,,,,,,
72.194444,XKF1,,,,,,,,,,,,,,,,,,,,,,,99.67004937952768,99.67003631591797,,,12.3677677710675,,,,,,0.051030393689870834,12.367755134881458,,,,,,12.367762565612793,,12.367762565612793,-0.011347232386469841
72.194444,POS,,,,,,,,,,,,,,,,,,,,,,,99.664169306676,99.66415935955622,,,,,37.4275004,-122.1685726,,,0.04452799972938237,,,,43.89142608642578,,,,,,
72.294404,ATT,,,3,,,0.0,39.54,0.36,0.03,0.0,,,,0.0,,,,39.53,,,,0.35,,,,,,,,,,,,,,,,,,,,,
72.294404,RATE,-154.69398498535156,71.19414520263672,,0.5242752432823181,0.9499398469924927,,,,,,0.01619160734117031,0.0,-6.555942673003301e-05,,0.005478422157466412,0.0,-1.8117478248314e-05,,0.04759930819272995,0.033235080540180206,-5.032750414102338e-05,,,,,,,,,,,,,,,,,,,,,,
72.294404,XKF1,,,,,,,,,,,,,,,,,,,,,,,100.90775660190813,100.90774536132812,,,12.439575349967424,,,,,,0.047629017382860184,12.439570377377853,,,,,,12.439574241638184,,12.439574241638184,-0.005251122638583183
72.294404,POS,,,,,,,,,,,,,,,,,,,,,,,100.90179401326337,100.90178418815135,,,,,37.4275004,-122.1685586,,,0.04452799972938237,,,,43.878902435302734,,,,,,
72.394364,ATT,,,3,,,0.0,39.54,0.36,0.03,0.0,,,,0.0,,,,39.52,,,,0.35,,,,,,,,,,,,,,,,,,,,,
72.394364,RATE,-137.1324462890625,79.05398559570312,,0.5190300941467285,0.8744310140609741,,,,,,-0.0067352051846683025,0.0,0.00028282374842092395,,0.008673833683133125,0.0,0.0001119480439228937,,0.03714793920516968,0.05120556801557541,-3.144648871966638e-05,,,,,,,,,,,,,,,,,,,,,,
72.394364,XKF1,,,,,,,,,,,,,,,,,,,,,,,102.14769896255608,102.14768981933594,,,12.514612341569666,,,,,,0.04321941360831261,12.514606138821238,,,,,,12.514610290527344,,12.514610290527344,-0.007164914160966873
72.394364,POS,,,,,,,,,,,,,,,,,,,,,,,102.14825465275104,102.14824919356417,,,,,37.4275003,-122.1685445,,,0.033395999599292736,,,,43.865814208984375,,,,,,
72.47933,MSG,,,,,,,,,,,,,,,,,,,,,,,,,,,,,,,,,,,,,,,,,Fence Breached,,
72.47933,MODE,,,,,,,,,,,,,,,,,,,,,,,,,,,,,,,RTL,,,,10,FENCE_BREACHED,,,,,,,
72.47933,ERR,,,,,,,,,,,,,,,,,,,,,,,,,2,2,,,,,,,,,,,,9,FAILSAFE_FENCE,,,,
72.49432399999999,ATT,,,3,,,0.0,39.2,0.37,0.03,0.0,,,,0.0,,,,39.48,,,,0.35,,,,,,,,,,,,,,,,,,,,,
72.49432399999999,RATE,207.00035095214844,-6.043009281158447,,0.5072440505027771,0.9022170305252075,,,,,,0.14208431541919708,0.8227761387825012,0.003463735803961754,,-1.245518445968628,-55.210357666015625,-0.14812108874320984,,0.034514784812927246,0.0725596696138382,3.369421392562799e-06,,,,,,,,,,,,,,,,,,,,,,
72.49432399999999,XKF1,,,,,,,,,,,,,,,,,,,,,,,103.39861308507484,103.39860534667969,,,12.623668966977279,,,,,,0.04000348225235939,12.623662932758014,,,,,,12.623666763305664,,12.623666763305664,-0.00745901046320796
72.49432399999999,POS,,,,,,,,,,,,,,,,,,,,,,,103.39471959235115,103.39471419897698,,,,,37.4275003,-122.1685304,,,0.033395999599292736,,,,43.850669860839844,,,,,,
72.594284,ATT,,,3,,,0.0,25.64,0.38,0.03,0.0,,,,0.0,,,,27.84,,,,0.38,,,,,,,,,,,,,,,,,,,,,
72.594284,RATE,274.2707214355469,4.905462741851807,,0.4742265045642853,1.099912405014038,,,,,,-0.41212737560272217,-1.0717252492904663,-0.0005907483864575624,,-139.35855102539062,-138.34300231933594,0.01902671530842781,,0.21943891048431396,0.0439457967877388,-0.0002066052838927135,,,,,,,,,,,,,,,,,,,,,,
72.594284,XKF1,,,,,,,,,,,,,,,,,,,,,,,104.64725329678453,104.64724731445312,,,12.546283281370862,,,,,,0.035384587943553925,12.54626958838968,,,,,,12.54627513885498,,12.54627513885498,-0.014293934218585491
72.594284,POS,,,,,,,,,,,,,,,,,,,,,,,104.64118453351917,104.6411792043898,,,,,37.4275003,-122.1685163,,,0.033395999599292736,,,,43.83924865722656,,,,,,
72.694244,ATT,,,3,,,0.0,16.96,0.37,0.03,0.04,,,,-0.01,,,,17.58,,,,0.38,,,,,,,,,,,,,,,,,,,,,
72.694244,RATE,-8.7066650390625,-46.932350158691406,,0.35688936710357666,0.2237609326839447,,,,,,-0.02404199168086052,-0.21266181766986847,-0.0007671507773920894,,-73.33670043945312,-49.23768615722656,0.03444547951221466,,0.19372248649597168,-0.0557808093726635,-0.00034545359085313976,,,,,,,,,,,,,,,,,,,,,,
72.694244,XKF1,,,,,,,,,,,,,,,,,,,,,,,105.87614915261824,105.87614440917969,,,12.174553310388573,,,,,,0.031692806631326675,12.174541769222422,,,,,,12.174546241760254,,12.174546241760254,-0.013119250535964966
72.694244,POS,,,,,,,,,,,,,,,,,,,,,,,105.86996619592277,105.86996385491098,,,,,37.4275002,-122.1685024,,,0.0222639994692031,,,,43.837894439697266,,,,,,
72.794204,ATT,,,3,,,-0.02,14.59,0.37,0.04,0.06,,,,-0.03,,,,14.06,,,,0.39,,,,,,,,,,,,,,,,,,,,,
72.794204,RATE,140.39430236816406,-24.619962692260742,,0.3606467545032501,0.6253739595413208,,,,,,0.25806957483291626,0.6027705669403076,0.00047435169108211994,,-18.882587432861328,-6.286742687225342,0.017220109701156616,,0.17293262481689453,-0.11266675591468811,-0.0004386122163850814,,,,,,,,,,,,,,,,,,,,,,
72.794204,XKF1,,,,,,,,,,,,,,,,,,,,,,,107.05531652845244,107.05531311035156,,,11.707785921709663,,,,,,0.027052758261561394,11.70778019223741,,,,,,11.707782745361328,,11.707782745361328,-0.008624152280390263
72.794204,POS,,,,,,,,,,,,,,,,,,,,,,,107.05454993393917,107.05454761883122,,,,,37.4275002,-122.168489,,,0.0222639994692031,,,,43.835777282714844,,,,,,
72.811697,ERR,,,,,,,,,,,,,,,,,,,,,,,,,0,0,,,,,,,,,,,,9,FAILSAFE_FENCE,,,,
72.894997,ATT,,,3,,,0.01,14.51,0.38,0.04,0.06,,,,0.0,,,,13.75,,,,0.41,,,,,,,,,,,,,,,,,,,,,
72.894997,RATE,233.93907165527344,2.8315391540527344,,0.38231849670410156,0.3258562684059143,,,,,,0.14683522284030914,-0.3342052698135376,-0.0012151505798101425,,1.3937350511550903,4.219291687011719,0.003842573845759034,,0.1430027186870575,-0.1771502047777176,-0.0004957782803103328,,,,,,,,,,,,,,,,,,,,,,
72.894997,XKF1,,,,,,,,,,,,,,,,,,,,,,,108.19015003594926,108.19014739990234,,,11.223223966534947,,,,,,0.023882810026407242,11.223218698087068,,,,,,11.223220825195312,,11.223220825195312,-0.008397136814892292
72.894997,POS,,,,,,,,,,,,,,,,,,,,,,,108.18609260897028,108.18609031807658,,,,,37.4275002,-122.1684762,,,0.0222639994692031,,,,43.83303451538086,,,,,,
72.994957,ATT,,,3,,,-0.01,14.56,0.37,0.05,0.05,,,,-0.02,,,,14.0,,,,0.41,,,,,,,,,,,,,,,,,,,,,
72.994957,RATE,91.904541015625,-2.7795677185058594,,0.3493605852127075,0.06995268911123276,,,,,,-0.29093658924102783,-0.1396026462316513,-0.0003751214244402945,,2.197587251663208,3.4246413707733154,0.00172105198726058,,0.09772098809480667,-0.19710654020309448,-0.0005173406098037958,,,,,,,,,,,,,,,,,,,,,,
72.994957,XKF1,,,,,,,,,,,,,,,,,,,,,,,109.28096180924827,109.28096008300781,,,10.756276293482411,,,,,,0.019423965364694595,10.756274135998275,,,,,,10.756275177001953,,10.756275177001953,-0.004900851286947727
72.994957,POS,,,,,,,,,,,,,,,,,,,,,,,109.27343269774549,109.27343213072099,,,,,37.4275001,-122.1684639,,,0.011132000130089637,,,,43.83057403564453,,,,,,
73.094917,ATT,,,3,,,0.02,14.08,0.38,0.04,0.04,,,,0.0,,,,13.83,,,,0.42,,,,,,,,,,,,,,,,,,,,,
73.094917,RATE,47.032928466796875,-4.921785354614258,,0.34517496824264526,0.19989584386348724,,,,,,0.48220163583755493,0.7317893505096436,0.0005091066705062985,,-6.105654239654541,-7.4084391593933105,-0.0011181593872606754,,0.0514601469039917,-0.19390717148780823,-0.0004742303572129458,,,,,,,,,,,,,,,,,,,,,,
73.094917,XKF1,,,,,,,,,,,,,,,,,,,,,,,110.33230711666606,110.33230590820312,,,10.367764635543226,,,,,,0.01632988080382347,10.367764631156625,,,,,,10.367764472961426,,10.367764472961426,0.0018360881367698312
73.094917,POS,,,,,,,,,,,,,,,,,,,,,,,110.32541379645619,110.32541323483841,,,,,37.4275001,-122.168452,,,0.011132000130089637,,,,43.83131408691406,,,,,,
73.144897,ERR,,,,,,,,,,,,,,,,,,,,,,,,,0,0,,,,,,,,,,,,9,FAILSAFE_FENCE,,,,
73.19487699999999,ATT,,,3,,,0.11,13.24,0.4,0.04,0.04,,,,0.09,,,,13.11,,,,0.43,,,,,,,,,,,,,,,,,,,,,
73.19487699999999,RATE,8.40768814086914,-17.31297492980957,,0.3246691823005676,0.06254812330007553,,,,,,0.8958306312561035,0.11798751354217529,-0.0014133425429463387,,-7.634674549102783,-9.062433242797852,-0.004715971183031797,,0.01747766323387623,-0.16853544116020203,-0.0004009413532912731,,,,,,,,,,,,,,,,,,,,,,
73.19487699999999,XKF1,,,,,,,,,,,,,,,,,,,,,,,111.35766681132704,111.357666015625,,,9.97593796490858,,,,,,0.01331221405416727,9.975937372071206,,,,,,9.975936889648438,,9.975936889648438,0.004631787538528442
73.19487699999999,POS,,,,,,,,,,,,,,,,,,,,,,,111.3508743636922,111.35087380724651,,,,,37.4275001,-122.1684404,,,0.011132000130089637,,,,43.83488845825195,,,,,,
73.294837,ATT,,,3,,,0.04,12.36,0.38,0.04,0.03,,,,0.05,,,,12.28,,,,0.42,,,,,,,,,,,,,,,,,,,,,
73.294837,RATE,-1.7592430114746094,-11.911478042602539,,0.33949369192123413,0.1629427969455719,,,,,,-0.9223181009292603,-0.9334579706192017,-0.00020958528330083936,,-9.704312324523926,-12.213010787963867,-0.004189409781247377,,-0.006649095565080643,-0.14770925045013428,-0.00032819496118463576,,,,,,,,,,,,,,,,,,,,,,
73.294837,XKF1,,,,,,,,,,,,,,,,,,,,,,,112.33644920035047,112.3364486694336,,,9.607222918852788,,,,,,0.01092165894806385,9.607222767997378,,,,,,9.607222557067871,,9.607222557067871,0.0026365690864622593
73.294837,POS,,,,,,,,,,,,,,,,,,,,,,,112.33213349179742,112.33213349179742,,,,,37.4275,-122.1684293,,,0.0,,,,43.84067916870117,,,,,,
73.394797,ATT,,,3,,,0.01,10.97,0.38,0.04,0.03,,,,0.01,,,,10.96,,,,0.4,,,,,,,,,,,,,,,,,,,,,
73.394797,RATE,-28.018856048583984,-12.495686531066895,,0.3307307958602905,0.09198640286922455,,,,,,-0.05443691089749336,-0.28777000308036804,-0.001247099251486361,,-14.045304298400879,-14.60189437866211,-0.0017282598419114947,,-0.030597493052482605,-0.08418028801679611,-0.00022854655981063843,,,,,,,,,,,,,,,,,,,,,,
73.394797,XKF1,,,,,,,,,,,,,,,,,,,,,,,113.28210475878515,113.2821044921875,,,9.259959414528446,,,,,,0.007771839387714863,9.25995856166456,,,,,,9.259958267211914,,9.259958267211914,0.0046095778234303
73.394797,POS,,,,,,,,,,,,,,,,,,,,,,,113.27803246782133,113.27803246782133,,,,,37.4275,-122.1684186,,,0.0,,,,43.84547805786133,,,,,,
73.47726399999999,ERR,,,,,,,,,,,,,,,,,,,,,,,,,0,0,,,,,,,,,,,,9,FAILSAFE_FENCE,,,,
73.49475699999999,ATT,,,3,,,0.0,9.41,0.38,0.03,0.03,,,,0.0,,,,9.41,,,,0.38,,,,,,,,,,,,,,,,,,,,,
73.49475699999999,RATE,92.66729736328125,-14.224535942077637,,0.329917848110199,0.2712766230106354,,,,,,-0.1426200419664383,-0.2692773640155792,-0.000344830215908587,,-16.525789260864258,-16.0235595703125,0.0011736362939700484,,-0.04558119922876358,-0.030697427690029144,-0.00011616857227636501,,,,,,,,,,,,,,,,,,,,,,
73.49475699999999,XKF1,,,,,,,,,,,,,,,,,,,,,,,114.1940003758363,114.19400024414062,,,8.927485718554294,,,,,,0.005484315101057291,8.92748472491428,,,,,,8.927484512329102,,8.927484512329102,0.00464080972597003
73.49475699999999,POS,,,,,,,,,,,,,,,,,,,,,,,114.18857073406198,114.18857073406198,,,,,37.4275,-122.1684083,,,0.0,,,,43.85106658935547,,,,,,
73.594717,ATT,,,3,,,0.0,8.23,0.37,0.03,0.03,,,,0.0,,,,8.1,,,,0.36,,,,,,,,,,,,,,,,,,,,,
73.594717,RATE,-17.176151275634766,-38.031097412109375,,0.3080672025680542,0.10595627129077911,,,,,,0.33634939789772034,1.2052956819534302,0.002082363236695528,,-9.009635925292969,-7.191908359527588,-0.0007926796097308397,,-0.050346557050943375,0.04383375123143196,1.4681463653687388e-06,,,,,,,,,,,,,,,,,,,,,,
73.594717,XKF1,,,,,,,,,,,,,,,,,,,,,,,115.07130435141374,115.07130432128906,,,8.552999647455707,,,,,,0.002633054042235017,8.552990252040601,,,,,,8.552989959716797,,8.552989959716797,0.012873164378106594
73.594717,POS,,,,,,,,,,,,,,,,,,,,,,,115.06374829051938,115.06374829051938,,,,,37.4275,-122.1683984,,,0.0,,,,43.8618049621582,,,,,,
73.694677,ATT,,,3,,,0.16,6.97,0.4,0.03,0.03,,,,0.15,,,,6.93,,,,0.37,,,,,,,,,,,,,,,,,,,,,
73.694677,RATE,14.543342590332031,-20.576969146728516,,0.32769283652305603,0.29100245237350464,,,,,,1.4254601001739502,0.745604395866394,-0.0015256151091307402,,-15.231268882751465,-16.600875854492188,-0.002645795000717044,,-0.04264828562736511,0.10095202177762985,0.00011078498209826648,,,,,,,,,,,,,,,,,,,,,,
73.694677,XKF1,,,,,,,,,,,,,,,,,,,,,,,115.91328431434349,115.91328430175781,,,8.231974280955553,,,,,,0.00170812604483217,8.23195199671775,,,,,,8.231951713562012,,8.231951713562012,0.01927557773888111
73.694677,POS,,,,,,,,,,,,,,,,,,,,,,,115.91240531526746,115.91240531526746,,,,,37.4275,-122.1683888,,,0.0,,,,43.86949157714844,,,,,,
73.794637,ATT,,,3,,,0.14,5.4,0.4,0.03,0.03,,,,0.16,,,,5.35,,,,0.36,,,,,,,,,,,,,,,,,,,,,
73.794637,RATE,-13.241004943847656,-22.014568328857422,,0.3157472610473633,0.21541984379291534,,,,,,-0.4832531213760376,-0.43289056420326233,0.000340129598043859,,-14.185016632080078,-14.578999519348145,-0.0037532884161919355,,-0.03174210712313652,0.15636825561523438,0.0001869725965661928,,,,,,,,,,,,,,,,,,,,,,
73.794637,XKF1,,,,,,,,,,,,,,,,,,,,,,,116.72286987316333,116.72286987304688,,,7.897632403511066,,,,,,0.00016488379333168268,7.897606401468989,,,,,,7.897606372833252,,7.897606372833252,0.020277099683880806
73.794637,POS,,,,,,,,,,,,,,,,,,,,,,,116.71686145341461,116.71686145341461,,,,,37.4275,-122.1683797,,,0.0,,,,43.87590408325195,,,,,,
73.809631,ERR,,,,,,,,,,,,,,,,,,,,,,,,,0,0,,,,,,,,,,,,9,FAILSAFE_FENCE,,,,
73.894597,ATT,,,3,,,0.07,3.91,0.39,0.02,0.03,,,,0.1,,,,3.86,,,,0.35,,,,,,,,,,,,,,,,,,,,,
73.894597,RATE,-36.9110107421875,21.01329231262207,,0.3589076101779938,0.0325809083878994,,,,,,-1.0823131799697876,-1.2021598815917969,-0.00045858847443014383,,-13.298931121826172,-14.463915824890137,-0.005562910810112953,,-0.02424507588148117,0.19705034792423248,0.000255038496106863,,,,,,,,,,,,,,,,,,,,,,
73.894597,XKF1,,,,,,,,,,,,,,,,,,,,,,,117.49787140205076,117.49787139892578,,,7.558415147440337,,,,,,-0.0008569465717300773,7.558399087000115,,,,,,7.558399200439453,,7.558399200439453,0.015526359900832176
73.894597,POS,,,,,,,,,,,,,,,,,,,,,,,117.494797587201,117.49479705985243,,,,,37.4274999,-122.1683709,,,-0.011132000130089637,,,,43.87662124633789,,,,,,
73.994557,ATT,,,3,,,0.0,2.23,0.39,0.02,0.03,,,,0.01,,,,2.21,,,,0.33,,,,,,,,,,,,,,,,,,,,,
73.994557,RATE,-3.0486106872558594,23.6690673828125,,0.3415237367153168,0.1730227768421173,,,,,,-0.7522379755973816,-0.2981427311897278,0.0006932722171768546,,-17.215423583984375,-16.878068923950195,0.0007215169607661664,,0.008589871227741241,0.2554623484611511,0.0003032039094250649,,,,,,,,,,,,,,,,,,,,,,
73.994557,XKF1,,,,,,,,,,,,,,,,,,,,,,,118.23882298021654,118.23882293701172,,,7.220596242766429,,,,,,-0.0031964003574103117,7.2205767895242285,,,,,,7.220577239990234,,7.220577239990234,0.016565699130296707
73.994557,POS,,,,,,,,,,,,,,,,,,,,,,,118.23737248054363,118.237371956507,,,,,37.4274999,-122.1683625,,,-0.011132000130089637,,,,43.874267578125,,,,,,
74.094517,ATT,,,3,,,-0.01,0.42,0.39,0.02,0.04,,,,-0.01,,,,0.44,,,,0.32,,,,,,,,,,,,,,,,,,,,,
74.094517,RATE,16.153526306152344,26.550195693969727,,0.3499600291252136,0.06947477161884308,,,,,,-0.26470857858657837,-0.18297748267650604,0.0002529715420678258,,-19.81857681274414,-21.623624801635742,-0.002686392515897751,,0.03278089314699173,0.28455427289009094,0.0003372658684384078,,,,,,,,,,,,,,,,,,,,,,
74.094517,XKF1,,,,,,,,,,,,,,,,,,,,,,,118.94564065397164,118.94564056396484,,,6.8952182515250415,,,,,,-0.0046272920444607735,6.895194789619744,,,,,,6.895195484161377,,6.895195484161377,0.017719237133860588
74.094517,POS,,,,,,,,,,,,,,,,,,,,,,,118.94458666429915,118.94458614337832,,,,,37.4274999,-122.1683545,,,-0.011132000130089637,,,,43.87310791015625,,,,,,
74.141998,ERR,,,,,,,,,,,,,,,,,,,,,,,,,0,0,,,,,,,,,,,,9,FAILSAFE_FENCE,,,,
74.19447699999999,ATT,,,3,,,-0.14,-1.72,0.39,0.02,0.04,,,,-0.12,,,,-1.7,,,,0.32,,,,,,,,,,,,,,,,,,,,,
74.19447699999999,RATE,14.15090560913086,28.072246551513672,,0.3603428304195404,0.2630241811275482,,,,,,-1.5181851387023926,-1.3158135414123535,2.5326036848127842e-05,,-20.55924415588379,-20.836023330688477,-0.0025221505202353,,0.06144445016980171,0.30584657192230225,0.0003534796414896846,,,,,,,,,,,,,,,,,,,,,,
74.19447699999999,XKF1,,,,,,,,,,,,,,,,,,,,,,,119.61856101463107,119.61856079101562,,,6.545669897794593,,,,,,-0.0073141721077263355,6.545661785201262,,,,,,6.5456624031066895,,6.5456624031066895,0.009905324317514896
74.19447699999999,POS,,,,,,,,,,,,,,,,,,,,,,,119.6164401397176,119.61643962172263,,,,,37.4274999,-122.1683469,,,-0.011132000130089637,,,,43.871910095214844,,,,,,
74.294437,ATT,,,3,,,-0.07,-4.01,0.38,0.02,0.04,,,,-0.09,,,,-3.98,,,,0.32,,,,,,,,,,,,,,,,,,,,,
74.294437,RATE,45.45269012451172,0.13849449157714844,,0.3306702673435211,0.49374741315841675,,,,,,1.136106252670288,1.341275930404663,-0.00019556633196771145,,-24.4331111907959,-25.92877197265625,-0.00248909299261868,,0.08717752248048782,0.3179765045642853,0.00034115996095351875,,,,,,,,,,,,,,,,,,,,,,
74.294437,XKF1,,,,,,,,,,,,,,,,,,,,,,,120.25627929454826,120.25627899169922,,,6.200979971663454,,,,,,-0.008534576743841171,6.20094681484172,,,,,,6.200948238372803,,6.200948238372803,0.01983819529414177
74.294437,POS,,,,,,,,,,,,,,,,,,,,,,,120.25293290553695,120.2529323902837,,,,,37.4274999,-122.1683397,,,-0.011132000130089637,,,,43.873687744140625,,,,,,
74.394397,ATT,,,3,,,-0.01,-6.43,0.38,0.02,0.04,,,,-0.01,,,,-6.48,,,,0.31,,,,,,,,,,,,,,,,,,,,,
74.394397,RATE,-44.63205337524414,-5.988922119140625,,0.34530916810035706,0.19500122964382172,,,,,,0.262186199426651,0.1939590722322464,-0.0005117086111567914,,-21.32512855529785,-21.64444923400879,-0.005897208582609892,,0.11159147322177887,0.2977953553199768,0.00030421678093262017,,,,,,,,,,,,,,,,,,,,,,
74.394397,XKF1,,,,,,,,,,,,,,,,,,,,,,,120.85724677197122,120.85724639892578,,,5.807941305626415,,,,,,-0.009495814330875874,5.807882660378334,,,,,,5.807884693145752,,5.807884693145752,0.02564372681081295
74.394397,POS,,,,,,,,,,,,,,,,,,,,,,,120.85406496300811,120.85406445031776,,,,,37.4274999,-122.1683329,,,-0.011132000130089637,,,,43.878318786621094,,,,,,
74.47436499999999,ERR,,,,,,,,,,,,,,,,,,,,,,,,,0,0,,,,,,,,,,,,9,FAILSAFE_FENCE,,,,
74.494357,ATT,,,3,,,0.1,-8.89,0.36,0.02,0.04,,,,0.09,,,,-8.9,,,,0.3,,,,,,,,,,,,,,,,,,,,,
74.494357,RATE,-102.66790771484375,24.911399841308594,,0.3837239146232605,0.49546536803245544,,,,,,1.1224110126495361,0.6894208788871765,-0.0014118242543190718,,-24.715280532836914,-23.761003494262695,-0.0006423593149520457,,0.1319875419139862,0.26149144768714905,0.0002376046177232638,,,,,,,,,,,,,,,,,,,,,,
74.494357,XKF1,,,,,,,,,,,,,,,,,,,,,,,121.41876251675613,121.41876220703125,,,5.397222597694831,,,,,,-0.008672532625496387,5.397136430995307,,,,,,5.397138595581055,,5.397138595581055,0.03011227585375309
74.494357,POS,,,,,,,,,,,,,,,,,,,,,,,121.41983630961371,121.41983579931231,,,,,37.4274999,-122.1683265,,,-0.011132000130089637,,,,43.876548767089844,,,,,,
74.594317,ATT,,,3,,,0.0,-11.27,0.38,0.01,0.04,,,,0.03,,,,-11.28,,,,0.32,,,,,,,,,,,,,,,,,,,,,
74.594317,RATE,-17.952632904052734,40.71788787841797,,0.3894914388656616,0.4214787781238556,,,,,,-2.2921700477600098,-2.8419978618621826,-0.000985003774985671,,-24.66214370727539,-25.599178314208984,-0.00012881821021437645,,0.15096834301948547,0.20730727910995483,0.00014217504940461367,,,,,,,,,,,,,,,,,,,,,,
74.594317,XKF1,,,,,,,,,,,,,,,,,,,,,,,121.93618049077129,121.9361801147461,,,4.9704997015508345,,,,,,-0.009576124139130116,4.970472489994516,,,,,,4.970473766326904,,4.970473766326904,0.016056817024946213
74.594317,POS,,,,,,,,,,,,,,,,,,,,,,,121.93256659430008,121.9325660861445,,,,,37.4274999,-122.1683207,,,-0.011132000130089637,,,,43.86840057373047,,,,,,
74.694277,ATT,,,3,,,-0.04,-13.71,0.39,0.01,0.04,,,,-0.05,,,,-13.72,,,,0.35,,,,,,,,,,,,,,,,,,,,,
74.694277,RATE,105.96542358398438,18.491058349609375,,0.35879072546958923,0.8759148716926575,,,,,,-0.04475393891334534,0.3304925262928009,-0.00010776432463899255,,-25.129667282104492,-25.963611602783203,-0.0022425781935453415,,0.1491996794939041,0.17925627529621124,6.10017086728476e-05,,,,,,,,,,,,,,,,,,,,,,
74.694277,XKF1,,,,,,,,,,,,,,,,,,,,,,,122.40870705045558,122.40870666503906,,,4.517401933284841,,,,,,-0.009713736362755299,4.51735040622889,,,,,,4.517352104187012,,4.517352104187012,0.021217767149209976
74.694277,POS,,,,,,,,,,,,,,,,,,,,,,,122.40993616811106,122.40993566193717,,,,,37.4274999,-122.1683153,,,-0.011132000130089637,,,,43.86198425292969,,,,,,
74.794237,ATT,,,3,,,0.0,-16.14,0.38,0.01,0.04,,,,-0.01,,,,-16.22,,,,0.35,,,,,,,,,,,,,,,,,,,,,
74.794237,RATE,-53.53384017944336,13.07127571105957,,0.37909001111984253,0.46203747391700745,,,,,,0.25088241696357727,-0.04568871110677719,-0.0007029721746221185,,-22.250219345092773,-18.6841983795166,0.0050217751413583755,,0.14589272439479828,0.14349380135536194,1.1937654562643729e-05,,,,,,,,,,,,,,,,,,,,,,
74.794237,XKF1,,,,,,,,,,,,,,,,,,,,,,,122.83788341973485,122.83788299560547,,,4.077137773810707,,,,,,-0.010207757353782654,4.077079888982925,,,,,,4.077081680297852,,4.077081680297852,0.02138688415288925
74.794237,POS,,,,,,,,,,,,,,,,,,,,,,,122.83426467873652,122.8342641743112,,,,,37.4274999,-122.1683105,,,-0.011132000130089637,,,,43.860801696777344,,,,,,
74.806732,ERR,,,,,,,,,,,,,,,,,,,,,,,,,0,0,,,,,,,,,,,,9,FAILSAFE_FENCE,,,,
74.89419699999999,ATT,,,3,,,0.0,-17.38,0.38,0.01,0.04,,,,0.0,,,,-17.64,,,,0.36,,,,,,,,,,,,,,,,,,,,,
74.89419699999999,RATE,53.09123992919922,19.1614990234375,,0.38584184646606445,0.08425603061914444,,,,,,0.1752358078956604,-0.35852834582328796,-0.0013427617959678173,,-9.06019115447998,-5.642865180969238,0.004192708060145378,,0.1359059363603592,0.09409230947494507,-4.627968155546114e-05,,,,,,,,,,,,,,,,,,,,,,
74.89419699999999,XKF1,,,,,,,,,,,,,,,,,,,,,,,123.2208789933718,123.22087860107422,,,3.595363920626338,,,,,,-0.009832522831857204,3.5953093573061023,,,,,,3.595310926437378,,3.595310926437378,0.01952086016535759
74.89419699999999,POS,,,,,,,,,,,,,,,,,,,,,,,123.21439230295343,123.2143918000843,,,,,37.4274999,-122.1683062,,,-0.011132000130089637,,,,43.85645294189453,,,,,,
74.99499,ATT,,,3,,,-0.03,-17.97,0.39,0.01,0.04,,,,-0.03,,,,-18.21,,,,0.38,,,,,,,,,,,,,,,,,,,,,
74.99499,RATE,-15.831470489501953,-0.059207916259765625,,0.36767226457595825,0.26938068866729736,,,,,,-0.23912127315998077,0.19764436781406403,0.0010612860787659883,,-4.829257965087891,-4.413142204284668,0.00045105634490028024,,0.13395534455776215,0.06441400945186615,-0.00010721505532274023,,,,,,,,,,,,,,,,,,,,,,
74.99499,XKF1,,,,,,,,,,,,,,,,,,,,,,,123.55645797164317,123.55645751953125,,,3.144812006210926,,,,,,-0.01056989561766386,3.1447307917631147,,,,,,3.144732713699341,,3.144732713699341,0.022331900894641876
74.99499,POS,,,,,,,,,,,,,,,,,,,,,,,123.55031904075831,123.55031853925647,,,,,37.4274999,-122.1683024,,,-0.011132000130089637,,,,43.85603713989258,,,,,,
75.09495,ATT,,,3,,,-0.03,-18.45,0.39,0.01,0.04,,,,-0.01,,,,-18.62,,,,0.38,,,,,,,,,,,,,,,,,,,,,
75.09495,RATE,-67.68646240234375,-27.701778411865234,,0.3389368951320648,0.21806293725967407,,,,,,-0.019389759749174118,-1.2842886447906494,-0.004226386081427336,,-3.8679399490356445,-4.001110553741455,-0.0012688469141721725,,0.1285383105278015,0.027250206097960472,-0.00014739354082848877,,,,,,,,,,,,,,,,,,,,,,
75.09495,XKF1,,,,,,,,,,,,,,,,,,,,,,,123.84840438179957,123.84840393066406,,,2.716220879775964,,,,,,-0.010570942424237728,2.7161534282217628,,,,,,2.7161550521850586,,2.7161550521850586,0.018910320475697517
75.09495,POS,,,,,,,,,,,,,,,,,,,,,,,123.84204489214818,123.84204439182768,,,,,37.4274999,-122.1682991,,,-0.011132000130089637,,,,43.860107421875,,,,,,
75.139932,ERR,,,,,,,,,,,,,,,,,,,,,,,,,0,0,,,,,,,,,,,,9,FAILSAFE_FENCE,,,,
75.19491,ATT,,,3,,,-0.02,-18.88,0.39,0.01,0.03,,,,-0.02,,,,-18.99,,,,0.38,,,,,,,,,,,,,,,,,,,,,
75.19491,RATE,60.286617279052734,-44.34120559692383,,0.3318077623844147,0.44124916195869446,,,,,,0.6060336232185364,0.32911595702171326,-0.0018108274089172482,,-3.286980390548706,-3.17326283454895,0.00040782149881124496,,0.11682635545730591,0.013489101082086563,-0.00018223699589725584,,,,,,,,,,,,,,,,,,,,,,
75.19491,XKF1,,,,,,,,,,,,,,,,,,,,,,,124.09922076390085,124.0992202758789,,,2.317973150340129,,,,,,-0.011005738750100136,2.317853276615752,,,,,,2.3178553581237793,,2.3178553581237793,0.023368023335933685
75.19491,POS,,,,,,,,,,,,,,,,,,,,,,,124.09841003390257,124.09840953461564,,,,,37.4274999,-122.1682962,,,-0.011132000130089637,,,,43.867183685302734,,,,,,
75.29487,ATT,,,3,,,-0.02,-19.28,0.39,0.01,0.03,,,,-0.02,,,,-19.34,,,,0.39,,,,,,,,,,,,,,,,,,,,,
75.29487,RATE,-60.25390625,-42.30591583251953,,0.34347593784332275,0.10661248117685318,,,,,,0.08466654270887375,0.3237704634666443,0.0003541049954947084,,-3.7777516841888428,-2.8769984245300293,0.003175640944391489,,0.10956285893917084,-0.012829500250518322,-0.00020753081480506808,,,,,,,,,,,,,,,,,,,,,,
75.29487,XKF1,,,,,,,,,,,,,,,,,,,,,,,124.3134617689534,124.31346130371094,,,1.9433166325473283,,,,,,-0.010755082592368126,1.9431463948862182,,,,,,1.9431486129760742,,1.9431486129760742,0.025553908199071884
75.29487,POS,,,,,,,,,,,,,,,,,,,,,,,124.31057428923744,124.31057379080266,,,,,37.4274999,-122.1682938,,,-0.011132000130089637,,,,43.87504196166992,,,,,,
75.39483,ATT,,,3,,,0.02,-19.24,0.37,0.01,0.03,,,,0.01,,,,-19.37,,,,0.38,,,,,,,,,,,,,,,,,,,,,
75.39483,RATE,-107.90472412109375,-23.872215270996094,,0.35880494117736816,0.2969742715358734,,,,,,0.5155999660491943,1.0579038858413696,0.0017953275237232447,,2.6023051738739014,4.957464218139648,0.004520861431956291,,0.09674752503633499,-0.020663844421505928,-0.00021619079052470624,,,,,,,,,,,,,,,,,,,,,,
75.39483,XKF1,,,,,,,,,,,,,,,,,,,,,,,124.48721358849747,124.48721313476562,,,1.5554957836912533,,,,,,-0.010628622956573963,1.5551842153725306,,,,,,1.5551868677139282,,1.5551868677139282,0.03099902532994747
75.39483,POS,,,,,,,,,,,,,,,,,,,,,,,124.4873778349333,124.48737733720642,,,,,37.4274999,-122.1682918,,,-0.011132000130089637,,,,43.877864837646484,,,,,,
75.47229899999999,ERR,,,,,,,,,,,,,,,,,,,,,,,,,0,0,,,,,,,,,,,,9,FAILSAFE_FENCE,,,,
75.49479,ATT,,,3,,,0.04,-18.28,0.36,0.01,0.02,,,,0.05,,,,-18.49,,,,0.37,,,,,,,,,,,,,,,,,,,,,
75.49479,RATE,34.08355712890625,6.374398231506348,,0.37558647990226746,0.39547204971313477,,,,,,0.27557671070098877,0.10699234157800674,-0.0012398166581988335,,12.200024604797363,12.455876350402832,-0.0006172568537294865,,0.07816827297210693,-0.03363571688532829,-0.00021336282952688634,,,,,,,,,,,,,,,,,,,,,,
75.49479,XKF1,,,,,,,,,,,,,,,,,,,,,,,124.62060584156511,124.62060546875,,,1.1525548799441074,,,,,,-0.009639548137784004,1.1521153900833259,,,,,,1.1521178483963013,,1.1521178483963013,0.031736645847558975
75.49479,POS,,,,,,,,,,,,,,,,,,,,,,,124.61998049546278,124.61997999826552,,,,,37.4274999,-122.1682903,,,-0.011132000130089637,,,,43.87379837036133,,,,,,
75.59475,ATT,,,3,,,0.07,-17.27,0.35,0.01,0.02,,,,0.08,,,,-17.38,,,,0.36,,,,,,,,,,,,,,,,,,,,,
75.59475,RATE,-9.079551696777344,6.42116641998291,,0.3683739900588989,0.0454520508646965,,,,,,0.44849348068237305,0.4766910672187805,-0.00012929325748700649,,10.557110786437988,9.704048156738281,-0.0007708165794610977,,0.05781525745987892,-0.029076918959617615,-0.00019734897068701684,,,,,,,,,,,,,,,,,,,,,,
75.59475,XKF1,,,,,,,,,,,,,,,,,,,,,,,124.71491273162314,124.71491241455078,,,0.7993745751838282,,,,,,-0.008893104270100594,0.7985999550552069,,,,,,0.7986024618148804,,0.7986024618148804,0.035125765949487686
75.59475,POS,,,,,,,,,,,,,,,,,,,,,,,124.70838226831222,124.7083817714674,,,,,37.4274999,-122.1682893,,,-0.011132000130089637,,,,43.8704719543457,,,,,,
75.69471,ATT,,,3,,,0.1,-16.34,0.34,0.01,0.01,,,,0.11,,,,-16.39,,,,0.35,,,,,,,,,,,,,,,,,,,,,
75.69471,RATE,-1.8631935119628906,17.85832405090332,,0.37257206439971924,0.29548704624176025,,,,,,0.107111856341362,-0.31374692916870117,-0.0007292794762179255,,10.155998229980469,10.542083740234375,0.0021247300319373608,,0.044490277767181396,-0.026042848825454712,-0.0001694740349194035,,,,,,,,,,,,,,,,,,,,,,
75.69471,XKF1,,,,,,,,,,,,,,,,,,,,,,,124.77583334220638,124.77583312988281,,,0.4704902771249474,,,,,,-0.007279127836227417,0.46926109485111367,,,,,,0.46926307678222656,,0.46926307678222656,0.0339597649872303
75.69471,POS,,,,,,,,,,,,,,,,,,,,,,,124.77026350955838,124.77026301295997,,,,,37.4274999,-122.1682886,,,-0.011132000130089637,,,,43.864810943603516,,,,,,
75.79467,ATT,,,3,,,0.09,-15.28,0.35,0.01,0.01,,,,0.1,,,,-15.3,,,,0.35,,,,,,,,,,,,,,,,,,,,,
75.79467,RATE,111.80229187011719,5.060953140258789,,0.3531976342201233,0.507522463798523,,,,,,0.16292570531368256,0.8353719115257263,0.0016151366289705038,,11.082965850830078,10.160687446594238,-0.0017873148899525404,,0.03497441112995148,-0.013663308694958687,-0.00013605234562419355,,,,,,,,,,,,,,,,,,,,,,
75.79467,XKF1,,,,,,,,,,,,,,,,,,,,,,,124.80436721164705,124.80436706542969,,,0.17605465216023056,,,,,,-0.006041285581886768,0.17214428105702073,,,,,,0.17214606702327728,,0.17214606702327728,0.036891356110572815
75.79467,POS,,,,,,,,,,,,,,,,,,,,,,,124.80562421794467,124.80562372148697,,,,,37.4274999,-122.1682882,,,-0.011132000130089637,,,,43.860557556152344,,,,,,
75.804666,ERR,,,,,,,,,,,,,,,,,,,,,,,,,0,0,,,,,,,,,,,,9,FAILSAFE_FENCE,,,,
75.89462999999999,ATT,,,3,,,0.11,-14.44,0.34,0.02,0.01,,,,0.12,,,,-14.39,,,,0.34,,,,,,,,,,,,,,,,,,,,,
75.89462999999999,RATE,30.434036254882812,-21.239078521728516,,0.33382245898246765,0.07203879952430725,,,,,,0.12002990394830704,-0.18232427537441254,-0.0008160234428942204,,7.553394317626953,6.63738489151001,-0.00046230637235566974,,0.03687559813261032,-0.010286601260304451,-0.00012147684174124151,,,,,,,,,,,,,,,,,,,,,,
75.89462999999999,XKF1,,,,,,,,,,,,,,,,,,,,,,,124.80648047609381,124.80648040771484,,,0.08125547842326333,,,,,,-0.004131377208977938,-0.07400599168748513,,,,,,-0.0740048810839653,,-0.0740048810839653,0.0335519053041935
75.89462999999999,POS,,,,,,,,,,,,,,,,,,,,,,,124.80562421794467,124.80562372148697,,,,,37.4274999,-122.1682882,,,-0.011132000130089637,,,,43.86265182495117,,,,,,
75.99459,ATT,,,3,,,0.1,-13.64,0.34,0.02,0.01,,,,0.1,,,,-13.61,,,,0.34,,,,,,,,,,,,,,,,,,,,,
75.99459,RATE,18.575191497802734,-34.49039840698242,,0.32082897424697876,0.4632979929447174,,,,,,-0.3059794008731842,0.14931243658065796,0.0013665364822372794,,9.177581787109375,9.642721176147461,0.00013621861580759287,,0.038798097521066666,-0.0035518084187060595,-0.00010961497901007533,,,,,,,,,,,,,,,,,,,,,,
75.99459,XKF1,,,,,,,,,,,,,,,,,,,,,,,124.78406527539602,124.78406524658203,,,0.309112228957567,,,,,,-0.0026816141325980425,-0.3071009632340041,,,,,,-0.30710020661354065,,-0.30710020661354065,0.035211265087127686
75.99459,POS,,,,,,,,,,,,,,,,,,,,,,,124.77910368634086,124.77910318977764,,,,,37.4274999,-122.1682885,,,-0.011132000130089637,,,,43.8661994934082,,,,,,
76.09455,ATT,,,3,,,0.15,-12.76,0.33,0.02,0.01,,,,0.14,,,,-12.73,,,,0.34,,,,,,,,,,,,,,,,,,,,,
76.09455,RATE,-8.32986831665039,-26.146312713623047,,0.33566418290138245,0.12857408821582794,,,,,,0.4455273151397705,0.22889861464500427,-0.0004336833953857422,,8.573617935180664,8.796582221984863,0.0006105591310188174,,0.038832888007164,-0.007517716847360134,-0.00011167061165906489,,,,,,,,,,,,,,,,,,,,,,
76.09455,XKF1,,,,,,,,,,,,,,,,,,,,,,,124.74069213944144,124.74069213867188,,,0.50902874088231,,,,,,-0.0004381677426863462,-0.5077232806145726,,,,,,-0.5077231526374817,,-0.5077231526374817,0.03643431514501572
76.09455,POS,,,,,,,,,,,,,,,,,,,,,,,124.73490279991589,124.73490230317671,,,,,37.4274999,-122.168289,,,-0.011132000130089637,,,,43.869258880615234,,,,,,
76.137033,ERR,,,,,,,,,,,,,,,,,,,,,,,,,0,0,,,,,,,,,,,,9,FAILSAFE_FENCE,,,,
76.19451,ATT,,,3,,,0.13,-11.77,0.34,0.02,0.0,,,,0.14,,,,-11.76,,,,0.33,,,,,,,,,,,,,,,,,,,,,
76.19451,RATE,79.10709381103516,-16.473033905029297,,0.3372710943222046,0.45817744731903076,,,,,,-0.8929025530815125,-1.684613585472107,-0.00041887443512678146,,10.520843505859375,10.204329490661621,-0.0013264109147712588,,0.03241094574332237,-0.000943548686336726,-0.00010329854558221996,,,,,,,,,,,,,,,,,,,,,,
76.19451,XKF1,,,,,,,,,,,,,,,,,,,,,,,124.67661286189507,124.6766128540039,,,0.690656558201295,,,,,,0.0014027422294020653,-0.6900097942394653,,,,,,-0.690010130405426,,-0.690010130405426,0.029874760657548904
76.19451,POS,,,,,,,,,,,,,,,,,,,,,,,124.67302155866987,124.67302106168414,,,,,37.4274999,-122.1682897,,,-0.011132000130089637,,,,43.86854934692383,,,,,,
76.29447,ATT,,,3,,,0.06,-10.77,0.35,0.02,0.0,,,,0.06,,,,-10.76,,,,0.35,,,,,,,,,,,,,,,,,,,,,
76.29447,RATE,-102.95648193359375,-3.6421492099761963,,0.34706270694732666,0.14940236508846283,,,,,,-0.2434006780385971,0.3115219473838806,0.0012032206868752837,,10.198503494262695,10.633377075195312,0.00062131870072335,,0.015107790008187294,-0.0007259321282617748,-8.090282790362835e-05,,,,,,,,,,,,,,,,,,,,,,
76.29447,XKF1,,,,,,,,,,,,,,,,,,,,,,,124.5962295978658,124.59622955322266,,,0.8532887742417314,,,,,,0.003335376502946019,-0.8527461493202038,,,,,,-0.8527469635009766,,-0.8527469635009766,0.030403099954128265
76.29447,POS,,,,,,,,,,,,,,,,,,,,,,,124.6023001406417,124.60229964337388,,,,,37.4274999,-122.1682905,,,-0.011132000130089637,,,,43.86729049682617,,,,,,
76.39443,ATT,,,3,,,0.07,-9.62,0.35,0.02,0.0,,,,0.06,,,,-9.63,,,,0.35,,,,,,,,,,,,,,,,,,,,,
76.39443,RATE,-52.34518051147461,5.142422199249268,,0.34029483795166016,0.3492201566696167,,,,,,-0.2980514466762543,0.4174129068851471,0.0019111386500298977,,11.84106731414795,10.959970474243164,-0.001780439866706729,,0.012717487290501595,0.0018791707698255777,-6.667714478680864e-05,,,,,,,,,,,,,,,,,,,,,,
76.39443,XKF1,,,,,,,,,,,,,,,,,,,,,,,124.49862682411292,124.49862670898438,,,1.0002533646458407,,,,,,0.005354128312319517,-0.9998343663558309,,,,,,-0.9998356103897095,,-0.9998356103897095,0.028905807062983513
76.39443,POS,,,,,,,,,,,,,,,,,,,,,,,124.50505818975427,124.50505769209806,,,,,37.4274999,-122.1682916,,,-0.011132000130089637,,,,43.8624153137207,,,,,,
76.4694,ERR,,,,,,,,,,,,,,,,,,,,,,,,,0,0,,,,,,,,,,,,9,FAILSAFE_FENCE,,,,
76.49439,ATT,,,3,,,0.04,-8.68,0.35,0.02,0.01,,,,0.05,,,,-8.62,,,,0.35,,,,,,,,,,,,,,,,,,,,,
76.49439,RATE,41.82624816894531,3.0336382389068604,,0.3383498787879944,0.3291701376438141,,,,,,-0.7202149033546448,-2.2843265533447266,-0.004788536578416824,,8.269472122192383,5.89163875579834,-0.0026185126043856144,,0.001258436474017799,0.013302312232553959,-4.489290586207062e-05,,,,,,,,,,,,,,,,,,,,,,
76.49439,XKF1,,,,,,,,,,,,,,,,,,,,,,,124.38936637264332,124.38936614990234,,,1.106628104094441,,,,,,0.007444005459547043,-1.1065083556376707,,,,,,-1.1065093278884888,,-1.1065093278884888,0.016213206574320793
76.49439,POS,,,,,,,,,,,,,,,,,,,,,,,124.39897606208513,124.39897556400454,,,,,37.4274999,-122.1682928,,,-0.011132000130089637,,,,43.85910415649414,,,,,,
76.59434999999999,ATT,,,3,,,-0.09,-8.13,0.37,0.02,0.01,,,,-0.09,,,,-8.05,,,,0.37,,,,,,,,,,,,,,,,,,,,,
76.59434999999999,RATE,-24.00217056274414,-14.531854629516602,,0.32820385694503784,0.5455339550971985,,,,,,-0.9345197081565857,-0.09165014326572418,0.0007523499662056565,,6.01697301864624,6.24163818359375,0.0008065894362516701,,0.004500731825828552,0.021835554391145706,-2.64509508269839e-05,,,,,,,,,,,,,,,,,,,,,,
76.59434999999999,XKF1,,,,,,,,,,,,,,,,,,,,,,,124.26923396109845,124.26923370361328,,,1.203606462598974,,,,,,0.00799968559294939,-1.203491453653122,,,,,,-1.203492522239685,,-1.203492522239685,0.01656096987426281
76.59434999999999,POS,,,,,,,,,,,,,,,,,,,,,,,124.27521357959601,124.27521308101942,,,,,37.4274999,-122.1682942,,,-0.011132000130089637,,,,43.86044692993164,,,,,,
76.69431,ATT,,,3,,,0.04,-7.44,0.36,0.02,0.0,,,,0.0,,,,-7.39,,,,0.35,,,,,,,,,,,,,,,,,,,,,
76.69431,RATE,-110.83850860595703,1.9428043365478516,,0.34517839550971985,0.21415108442306519,,,,,,1.7648853063583374,1.0786452293395996,-0.002566862851381302,,6.6643171310424805,5.3206586837768555,-0.0033045089803636074,,0.0028823749162256718,0.023280052468180656,-2.06479035114171e-05,,,,,,,,,,,,,,,,,,,,,,
76.69431,XKF1,,,,,,,,,,,,,,,,,,,,,,,124.14131966360127,124.14131927490234,,,1.2881532227418013,,,,,,0.009823807515203953,-1.2879689419533218,,,,,,-1.2879706621170044,,-1.2879706621170044,0.02168637327849865
76.69431,POS,,,,,,,,,,,,,,,,,,,,,,,124.14261092032574,124.14261042121659,,,,,37.4274999,-122.1682957,,,-0.011132000130089637,,,,43.85965347290039,,,,,,
76.79427,ATT,,,3,,,0.01,-6.93,0.36,0.02,0.0,,,,0.01,,,,-6.89,,,,0.35,,,,,,,,,,,,,,,,,,,,,
76.79427,RATE,49.4044303894043,17.150089263916016,,0.3501531183719635,0.2728584408760071,,,,,,-0.05926748737692833,-0.13932223618030548,-0.0005070142215117812,,5.474667072296143,5.488377571105957,-0.0005729621625505388,,0.006252828054130077,0.033292271196842194,-8.095703378785402e-06,,,,,,,,,,,,,,,,,,,,,,
76.79427,XKF1,,,,,,,,,,,,,,,,,,,,,,,124.00442556030792,124.00442504882812,,,1.3686626544389675,,,,,,0.011262837797403336,-1.368542099837498,,,,,,-1.3685437440872192,,-1.3685437440872192,0.018041124567389488
76.79427,POS,,,,,,,,,,,,,,,,,,,,,,,124.01000776141376,124.01000776141376,,,,,37.4275,-122.1682972,,,0.0,,,,43.85369873046875,,,,,,
76.801767,ERR,,,,,,,,,,,,,,,,,,,,,,,,,0,0,,,,,,,,,,,,9,FAILSAFE_FENCE,,,,
76.89423,ATT,,,3,,,-0.04,-6.54,0.37,0.02,0.0,,,,-0.04,,,,-6.49,,,,0.36,,,,,,,,,,,,,,,,,,,,,
76.89423,RATE,-36.95974349975586,18.832256317138672,,0.3535044193267822,0.36900708079338074,,,,,,-0.316121369600296,0.10744477808475494,0.0007673063664697111,,2.8403661251068115,2.5286526679992676,-5.61494380235672e-06,,0.0033504795283079147,0.03831218183040619,5.319499905453995e-06,,,,,,,,,,,,,,,,,,,,,,
76.89423,XKF1,,,,,,,,,,,,,,,,,,,,,,,123.86184756564872,123.86184692382812,,,1.4283086525686437,,,,,,0.012609289027750492,-1.4282269496868951,,,,,,-1.428228497505188,,-1.428228497505188,0.01513161975890398
76.89423,POS,,,,,,,,,,,,,,,,,,,,,,,123.868564923537,123.868564923537,,,,,37.4275,-122.1682988,,,0.0,,,,43.84950256347656,,,,,,
76.99419,ATT,,,3,,,0.01,-6.21,0.36,0.02,0.0,,,,0.0,,,,-6.18,,,,0.35,,,,,,,,,,,,,,,,,,,,,
76.99419,RATE,47.95255661010742,26.270206451416016,,0.35637521743774414,0.012111498974263668,,,,,,0.8790597915649414,0.9020322561264038,-0.00012137467274442315,,3.115785598754883,2.041351556777954,-0.002449221443384886,,0.003889979561790824,0.04112616926431656,1.220855483552441e-05,,,,,,,,,,,,,,,,,,,,,,
76.99419,XKF1,,,,,,,,,,,,,,,,,,,,,,,123.71157157408035,123.7115707397461,,,1.4872390881117636,,,,,,0.014367797411978245,-1.4871285460510766,,,,,,-1.4871306419372559,,-1.4871306419372559,0.017959928140044212
76.99419,POS,,,,,,,,,,,,,,,,,,,,,,,123.71828190884254,123.71828190884254,,,,,37.4275,-122.1683005,,,0.0,,,,43.84325408935547,,,,,,
77.094983,ATT,,,3,,,0.18,-5.99,0.34,0.01,0.0,,,,0.13,,,,-5.95,,,,0.34,,,,,,,,,,,,,,,,,,,,,
77.094983,RATE,29.225826263427734,-3.3614370822906494,,0.32201486825942993,0.22336383163928986,,,,,,2.653088092803955,2.984710931777954,0.0004423985374160111,,2.3920400142669678,0.7406301498413086,-0.004318052437156439,,0.00482719112187624,0.04296690225601196,1.6333018720615655e-05,,,,,,,,,,,,,,,,,,,,,,
77.094983,XKF1,,,,,,,,,,,,,,,,,,,,,,,123.55552791964811,123.55552673339844,,,1.5398434148619418,,,,,,0.017121197655797005,-1.5395522495708907,,,,,,-1.5395563840866089,,-1.5395563840866089,0.029730161651968956
77.094983,POS,,,,,,,,,,,,,,,,,,,,,,,123.55915871733042,123.55915871733042,,,,,37.4275,-122.1683023,,,0.0,,,,43.84238815307617,,,,,,
77.134967,ERR,,,,,,,,,,,,,,,,,,,,,,,,,0,0,,,,,,,,,,,,9,FAILSAFE_FENCE,,,,
77.194943,ATT,,,3,,,0.32,-6.04,0.33,0.01,0.0,,,,0.31,,,,-5.98,,,,0.32,,,,,,,,,,,,,,,,,,,,,
77.194943,RATE,-57.736968994140625,-26.817319869995117,,0.31137216091156006,0.15062107145786285,,,,,,0.8257519006729126,0.45331379771232605,0.000514081446453929,,-1.3327816724777222,-1.4351074695587158,-0.000962563615757972,,0.008724868297576904,0.04987058788537979,2.3648753995075822e-05,,,,,,,,,,,,,,,,,,,,,,
77.194943,XKF1,,,,,,,,,,,,,,,,,,,,,,,123.39314445884919,123.39314270019531,,,1.580745398692979,,,,,,0.02083294652402401,-1.5804721791781335,,,,,,-1.5804771184921265,,-1.5804771184921265,0.029122043401002884
77.194943,POS,,,,,,,,,,,,,,,,,,,,,,,123.40003552456201,123.40003552456201,,,,,37.4275,-122.1683041,,,0.0,,,,43.847721099853516,,,,,,
77.294903,ATT,,,3,,,0.25,-6.14,0.33,0.01,0.0,,,,0.27,,,,-6.12,,,,0.32,,,,,,,,,,,,,,,,,,,,,
77.294903,RATE,-181.2100830078125,4.954231262207031,,0.35683301091194153,0.6205340027809143,,,,,,-0.9895039200782776,-0.6420032382011414,0.001480280072428286,,-0.9183192253112793,-0.2750905752182007,0.0011557497782632709,,0.00827584508806467,0.05325901135802269,2.544596281950362e-05,,,,,,,,,,,,,,,,,,,,,,
77.294903,XKF1,,,,,,,,,,,,,,,,,,,,,,,123.22688525769829,123.22688293457031,,,1.6280172914134634,,,,,,0.023927884176373482,-1.6278531070659257,,,,,,-1.6278575658798218,,-1.6278575658798218,0.02280452474951744
77.294903,POS,,,,,,,,,,,,,,,,,,,,,,,123.23207265777292,123.23207215497594,,,,,37.4275001,-122.168306,,,0.011132000130089637,,,,43.84844207763672,,,,,,
77.394863,ATT,,,3,,,0.24,-6.01,0.34,0.01,0.0,,,,0.23,,,,-6.05,,,,0.32,,,,,,,,,,,,,,,,,,,,,
77.394863,RATE,78.64083862304688,12.28409194946289,,0.3408886790275574,0.7458482980728149,,,,,,0.48660168051719666,1.2515052556991577,0.0012580384500324726,,1.805922031402588,1.7122071981430054,-0.0005864417180418968,,0.008313772268593311,0.06085238978266716,3.476427809800953e-05,,,,,,,,,,,,,,,,,,,,,,
77.394863,XKF1,,,,,,,,,,,,,,,,,,,,,,,123.05131062444549,123.05130767822266,,,1.6919354305191543,,,,,,0.02692718245089054,-1.6917532398754196,,,,,,-1.691758632659912,,-1.691758632659912,0.024458738043904305
77.394863,POS,,,,,,,,,,,,,,,,,,,,,,,123.05526911209157,123.05526860857218,,,,,37.4275001,-122.168308,,,0.011132000130089637,,,,43.84247589111328,,,,,,
77.467334,ERR,,,,,,,,,,,,,,,,,,,,,,,,,0,0,,,,,,,,,,,,9,FAILSAFE_FENCE,,,,
77.494823,ATT,,,3,,,0.32,-6.06,0.33,0.01,0.0,,,,0.31,,,,-6.04,,,,0.31,,,,,,,,,,,,,,,,,,,,,
77.494823,RATE,-0.13208389282226562,10.24885368347168,,0.34835976362228394,0.12897281348705292,,,,,,0.4320705235004425,0.3196180760860443,7.227504102047533e-05,,-1.5003641843795776,-2.6695640087127686,-0.0021292315796017647,,0.010976766236126423,0.06490012258291245,4.089482536073774e-05,,,,,,,,,,,,,,,,,,,,,,
77.494823,XKF1,,,,,,,,,,,,,,,,,,,,,,,122.87250890977002,122.87250518798828,,,1.7410108959812458,,,,,,0.03024250827729702,-1.7408626720169262,,,,,,-1.7408682107925415,,-1.7408682107925415,0.022289292886853218
77.494823,POS,,,,,,,,,,,,,,,,,,,,,,,122.87846556515602,122.87846506091215,,,,,37.4275001,-122.16831,,,0.011132000130089637,,,,43.840232849121094,,,,,,
77.59478299999999,ATT,,,3,,,0.33,-6.36,0.33,0.01,0.0,,,,0.33,,,,-6.34,,,,0.31,,,,,,,,,,,,,,,,,,,,,
77.59478299999999,RATE,58.37087631225586,18.795330047607422,,0.35312286019325256,0.17987178266048431,,,,,,0.11984079331159592,-0.060448095202445984,-0.0005504238069988787,,-3.3302462100982666,-3.410933494567871,-3.827852196991444e-06,,0.010726723819971085,0.06937821209430695,4.58429531136062e-05,,,,,,,,,,,,,,,,,,,,,,
77.59478299999999,XKF1,,,,,,,,,,,,,,,,,,,,,,,122.68758090114875,122.68757629394531,,,1.7918978174633355,,,,,,0.03362280875444412,-1.7917977609816782,,,,,,-1.7918028831481934,,-1.7918028831481934,0.018444949761033058
77.59478299999999,POS,,,,,,,,,,,,,,,,,,,,,,,122.69282335771788,122.6928213376907,,,,,37.4275002,-122.1683121,,,0.0222639994692031,,,,43.8355827331543,,,,,,
77.694743,ATT,,,3,,,0.27,-6.8,0.33,0.01,0.0,,,,0.28,,,,-6.77,,,,0.32,,,,,,,,,,,,,,,,,,,,,
77.694743,RATE,-13.274383544921875,19.971717834472656,,0.35554593801498413,0.049122635275125504,,,,,,-0.6809980869293213,-1.114867925643921,-0.0012380153639242053,,-5.372207164764404,-5.999338626861572,-0.0016739227576181293,,0.017259398475289345,0.06980101764202118,4.534062827588059e-05,,,,,,,,,,,,,,,,,,,,,,
77.694743,XKF1,,,,,,,,,,,,,,,,,,,,,,,122.498693157281,122.49868774414062,,,1.842175862377553,,,,,,0.036417100578546524,-1.8421520374084674,,,,,,-1.8421547412872314,,-1.8421547412872314,0.008821398951113224
77.694743,POS,,,,,,,,,,,,,,,,,,,,,,,122.50717963630126,122.50717761321299,,,,,37.4275002,-122.1683142,,,0.0222639994692031,,,,43.832176208496094,,,,,,
77.794703,ATT,,,3,,,0.23,-7.26,0.34,0.01,0.0,,,,0.23,,,,-7.27,,,,0.32,,,,,,,,,,,,,,,,,,,,,
77.794703,RATE,25.643253326416016,18.77578353881836,,0.35552576184272766,0.054975952953100204,,,,,,-0.06102452427148819,0.07217936217784882,0.000766005483455956,,-4.195148944854736,-4.074947834014893,-0.0008280623587779701,,0.02599579095840454,0.07464545965194702,4.676815660786815e-05,,,,,,,,,,,,,,,,,,,,,,
77.794703,XKF1,,,,,,,,,,,,,,,,,,,,,,,122.30282455684686,122.30281829833984,,,1.9073286644503273,,,,,,0.039126284420490265,-1.9073163805483544,,,,,,-1.9073184728622437,,-1.9073184728622437,0.006235167384147644
77.794703,POS,,,,,,,,,,,,,,,,,,,,,,,122.3126957382227,122.3126937119176,,,,,37.4275002,-122.1683164,,,0.0222639994692031,,,,43.829044342041016,,,,,,
77.799701,ERR,,,,,,,,,,,,,,,,,,,,,,,,,0,0,,,,,,,,,,,,9,FAILSAFE_FENCE,,,,
77.894663,ATT,,,3,,,0.28,-7.73,0.33,0.01,0.0,,,,0.26,,,,-7.74,,,,0.32,,,,,,,,,,,,,,,,,,,,,
77.894663,RATE,-31.93378448486328,18.602737426757812,,0.35847511887550354,0.1607593446969986,,,,,,0.5951256155967712,0.46947768330574036,0.00013329785724636167,,-5.0270891189575195,-5.074211120605469,-0.000478466710774228,,0.034436214715242386,0.07371774315834045,3.7565136153716594e-05,,,,,,,,,,,,,,,,,,,,,,
77.894663,XKF1,,,,,,,,,,,,,,,,,,,,,,,122.10121867124171,122.10121154785156,,,1.9817304980478603,,,,,,0.041707903146743774,-1.981717253844632,,,,,,-1.9817196130752563,,-1.9817196130752563,0.006568260490894318
77.894663,POS,,,,,,,,,,,,,,,,,,,,,,,122.10937166222736,122.10936963254827,,,,,37.4275002,-122.1683187,,,0.0222639994692031,,,,43.826927185058594,,,,,,
77.994623,ATT,,,3,,,0.29,-8.25,0.33,0.01,0.0,,,,0.28,,,,-8.25,,,,0.31,,,,,,,,,,,,,,,,,,,,,
77.994623,RATE,-27.160072326660156,13.572535514831543,,0.35206592082977295,0.06032956391572952,,,,,,0.05322504788637161,-0.17789432406425476,-0.0007019061595201492,,-5.616573333740234,-6.717258453369141,-0.0021820745896548033,,0.03493838384747505,0.07395053654909134,2.7774880436481908e-05,,,,,,,,,,,,,,,,,,,,,,
77.994623,XKF1,,,,,,,,,,,,,,,,,,,,,,,121.8909229738502,121.89091491699219,,,2.054343678459214,,,,,,0.044318344444036484,-2.0543418995553036,,,,,,-2.054342746734619,,-2.054342746734619,0.0019565694965422153
77.994623,POS,,,,,,,,,,,,,,,,,,,,,,,121.89720740957303,121.89720537636124,,,,,37.4275002,-122.1683211,,,0.0222639994692031,,,,43.825340270996094,,,,,,
78.094583,ATT,,,3,,,0.13,-9.32,0.35,0.0,0.0,,,,0.15,,,,-9.25,,,,0.34,,,,,,,,,,,,,,,,,,,,,
78.094583,RATE,-7.341575622558594,28.189985275268555,,0.3786259889602661,0.3185473382472992,,,,,,-1.695398211479187,-0.9912490248680115,0.0013273325748741627,,-11.271982192993164,-10.663928031921387,0.0015510583762079477,,0.039106614887714386,0.0665760338306427,1.74720844370313e-05,,,,,,,,,,,,,,,,,,,,,,
78.094583,XKF1,,,,,,,,,,,,,,,,,,,,,,,121.67626280402612,121.67625427246094,,,2.112271892038514,,,,,,0.04556509479880333,-2.1122554997854945,,,,,,-2.1122522354125977,,-2.1122522354125977,-0.00911262258887291
78.094583,POS,,,,,,,,,,,,,,,,,,,,,,,121.68504570287706,121.68504112017422,,,,,37.4275003,-122.1683235,,,0.033395999599292736,,,,43.82279968261719,,,,,,
78.132068,ERR,,,,,,,,,,,,,,,,,,,,,,,,,0,0,,,,,,,,,,,,9,FAILSAFE_FENCE,,,,
78.194543,ATT,,,3,,,0.15,-9.93,0.35,0.0,0.0,,,,0.13,,,,-9.97,,,,0.34,,,,,,,,,,,,,,,,,,,,,
78.194543,RATE,43.92356872558594,15.170836448669434,,0.35392776131629944,0.2776974141597748,,,,,,0.3650054633617401,1.7062301635742188,0.002598108956590295,,-5.325379848480225,-5.791386127471924,-0.0029282004106789827,,0.03456073999404907,0.07484522461891174,2.2344756871461868e-05,,,,,,,,,,,,,,,,,,,,,,
78.194543,XKF1,,,,,,,,,,,,,,,,,,,,,,,121.45102077564171,121.45101165771484,,,2.2235081374621077,,,,,,0.047061268240213394,-2.223507505563261,,,,,,-2.2235066890716553,,-2.2235066890716553,-0.00253791525028646
78.194543,POS,,,,,,,,,,,,,,,,,,,,,,,121.45520110047083,121.45519650909557,,,,,37.4275003,-122.1683261,,,0.033395999599292736,,,,43.82011413574219,,,,,,
78.29450299999999,ATT,,,3,,,0.3,-10.67,0.32,0.01,0.0,,,,0.27,,,,-10.68,,,,0.31,,,,,,,,,,,,,,,,,,,,,
78.29450299999999,RATE,74.05119323730469,-19.383512496948242,,0.3244929909706116,0.5618886351585388,,,,,,0.9605314135551453,0.705924928188324,0.0008043202105909586,,-7.9150590896606445,-9.12375545501709,-0.0037331462372094393,,0.036247506737709045,0.07585643231868744,2.9410850402200595e-05,,,,,,,,,,,,,,,,,,,,,,
78.29450299999999,XKF1,,,,,,,,,,,,,,,,,,,,,,,121.21704329597465,121.21703338623047,,,2.3207218931286167,,,,,,0.04901489242911339,-2.320712973633498,,,,,,-2.3207101821899414,,-2.3207101821899414,-0.007372620049864054
78.29450299999999,POS,,,,,,,,,,,,,,,,,,,,,,,121.22536007593789,121.22535189801692,,,,,37.4275004,-122.1683287,,,0.04452799972938237,,,,43.82411575317383,,,,,,
78.394463,ATT,,,3,,,0.28,-11.78,0.33,0.01,0.0,,,,0.28,,,,-11.74,,,,0.31,,,,,,,,,,,,,,,,,,,,,
78.394463,RATE,42.6788330078125,-23.277618408203125,,0.3423224091529846,0.11433256417512894,,,,,,0.36159658432006836,-1.1948288679122925,-0.005368765443563461,,-11.6744384765625,-12.132575035095215,-0.0021548098884522915,,0.03965292125940323,0.07504506409168243,2.9974380595376715e-05,,,,,,,,,,,,,,,,,,,,,,
78.394463,XKF1,,,,,,,,,,,,,,,,,,,,,,,120.97358251492784,120.97357177734375,,,2.4076586225367445,,,,,,0.05096987262368202,-2.407611716970124,,,,,,-2.4076051712036133,,-2.4076051712036133,-0.01604313775897026
78.394463,POS,,,,,,,,,,,,,,,,,,,,,,,120.97783512795618,120.97782693330291,,,,,37.4275004,-122.1683315,,,0.04452799972938237,,,,43.83104705810547,,,,,,
78.464435,ERR,,,,,,,,,,,,,,,,,,,,,,,,,0,0,,,,,,,,,,,,9,FAILSAFE_FENCE,,,,
78.494423,ATT,,,3,,,0.18,-12.77,0.35,0.0,0.01,,,,0.18,,,,-12.79,,,,0.33,,,,,,,,,,,,,,,,,,,,,
78.494423,RATE,37.00895309448242,-31.224382400512695,,0.33329662680625916,0.08151900768280029,,,,,,-0.45652198791503906,0.4629635512828827,0.0012497252319008112,,-9.032766342163086,-7.795910358428955,0.0017376015894114971,,0.03333670645952225,0.07356379926204681,2.33053979172837e-05,,,,,,,,,,,,,,,,,,,,,,
78.494423,XKF1,,,,,,,,,,,,,,,,,,,,,,,120.72089741315492,120.72088623046875,,,2.525932039431938,,,,,,0.05196121335029602,-2.525902297627278,,,,,,-2.5258967876434326,,-2.5258967876434326,-0.013344886712729931
78.494423,POS,,,,,,,,,,,,,,,,,,,,,,,120.73031017878685,120.73030196733264,,,,,37.4275004,-122.1683343,,,0.04452799972938237,,,,43.83832550048828,,,,,,
78.594383,ATT,,,3,,,0.25,-13.51,0.33,0.0,0.01,,,,0.23,,,,-13.56,,,,0.32,,,,,,,,,,,,,,,,,,,,,
78.594383,RATE,20.03936767578125,-48.598323822021484,,0.3226058781147003,0.46256589889526367,,,,,,0.5410789847373962,0.2919720411300659,-0.0011240923777222633,,-7.746739864349365,-8.830552101135254,-0.0025455313734710217,,0.03423516824841499,0.08566213399171829,3.859426942653954e-05,,,,,,,,,,,,,,,,,,,,,,
78.594383,XKF1,,,,,,,,,,,,,,,,,,,,,,,120.45542577281489,120.45541381835938,,,2.639148707126309,,,,,,0.05366523936390877,-2.6391137770546034,,,,,,-2.6391074657440186,,-2.6391074657440186,-0.014754069969058037
78.594383,POS,,,,,,,,,,,,,,,,,,,,,,,120.46510487600254,120.46509664647073,,,,,37.4275004,-122.1683373,,,0.04452799972938237,,,,43.84879684448242,,,,,,
78.694343,ATT,,,3,,,0.17,-14.26,0.35,0.0,0.01,,,,0.18,,,,-14.3,,,,0.33,,,,,,,,,,,,,,,,,,,,,
78.694343,RATE,-53.199195861816406,-35.557281494140625,,0.33354392647743225,0.04848169907927513,,,,,,-1.586778163909912,-1.248110294342041,0.0019550425931811333,,-8.021161079406738,-9.18301773071289,-0.00023036019410938025,,0.04030214995145798,0.08025434613227844,3.955986176151782e-05,,,,,,,,,,,,,,,,,,,,,,
78.694343,XKF1,,,,,,,,,,,,,,,,,,,,,,,120.179844584014,120.1798324584961,,,2.766876578358379,,,,,,0.05398597568273544,-2.7667850434899908,,,,,,-2.7667746543884277,,-2.7667746543884277,-0.023748930543661118
78.694343,POS,,,,,,,,,,,,,,,,,,,,,,,120.182219220876,120.18221097197345,,,,,37.4275004,-122.1683405,,,0.04452799972938237,,,,43.85639572143555,,,,,,
78.794303,ATT,,,3,,,0.16,-14.99,0.36,0.0,0.01,,,,0.14,,,,-15.05,,,,0.34,,,,,,,,,,,,,,,,,,,,,
78.794303,RATE,-57.95316696166992,-19.577600479125977,,0.3451475203037262,0.16093474626541138,,,,,,0.014941412024199963,-0.10197266936302185,-0.00019959508790634573,,-5.938615322113037,-5.005980491638184,0.0005360086215659976,,0.05187458544969559,0.08527102321386337,3.1203177059069276e-05,,,,,,,,,,,,,,,,,,,,,,
78.794303,XKF1,,,,,,,,,,,,,,,,,,,,,,,119.89299502053423,119.89298248291016,,,2.9209427560967702,,,,,,0.0548301599919796,-2.9208416686332352,,,,,,-2.920830249786377,,-2.920830249786377,-0.025636620819568634
78.794303,POS,,,,,,,,,,,,,,,,,,,,,,,119.89933356584086,119.89932529747618,,,,,37.4275004,-122.1683437,,,0.04452799972938237,,,,43.859779357910156,,,,,,
78.796802,ERR,,,,,,,,,,,,,,,,,,,,,,,,,0,0,,,,,,,,,,,,9,FAILSAFE_FENCE,,,,
78.894263,ATT,,,3,,,0.19,-15.52,0.35,0.0,0.01,,,,0.17,,,,-15.58,,,,0.34,,,,,,,,,,,,,,,,,,,,,
78.894263,RATE,13.213253021240234,-0.9431852102279663,,0.3554033935070038,0.040100112557411194,,,,,,0.4102271497249603,0.278851181268692,-0.0003067918005399406,,-4.872589111328125,-4.543771266937256,0.0012971832184121013,,0.05475667864084244,0.08087186515331268,2.4556158678024076e-05,,,,,,,,,,,,,,,,,,,,,,
78.894263,XKF1,,,,,,,,,,,,,,,,,,,,,,,119.5916798027945,119.59166717529297,,,3.078379423230737,,,,,,0.05495714768767357,-3.078300668071607,,,,,,-3.0782902240753174,,-3.0782902240753174,-0.023434370756149292
78.894263,POS,,,,,,,,,,,,,,,,,,,,,,,119.59876755597507,119.59875926683101,,,,,37.4275004,-122.1683471,,,0.04452799972938237,,,,43.859031677246094,,,,,,
78.994223,ATT,,,3,,,0.19,-16.06,0.35,0.0,0.01,,,,0.17,,,,-16.07,,,,0.34,,,,,,,,,,,,,,,,,,,,,
78.994223,RATE,79.60615539550781,-8.950117111206055,,0.3408708870410919,0.2969042658805847,,,,,,0.14300209283828735,0.366271436214447,0.00048456891090609133,,-4.846351623535156,-8.477700233459473,-0.010435888543725014,,0.05970953404903412,0.08136063814163208,1.3257022146717645e-05,,,,,,,,,,,,,,,,,,,,,,
78.994223,XKF1,,,,,,,,,,,,,,,,,,,,,,,119.27567074861668,119.2756576538086,,,3.225671322679115,,,,,,0.05589082092046738,-3.225578000377188,,,,,,-3.2255661487579346,,-3.2255661487579346,-0.026048069819808006
78.994223,POS,,,,,,,,,,,,,,,,,,,,,,,119.2805211938104,119.28051288255048,,,,,37.4275004,-122.1683507,,,0.04452799972938237,,,,43.859840393066406,,,,,,
79.094183,ATT,,,3,,,0.2,-17.39,0.34,0.0,0.01,,,,0.19,,,,-17.29,,,,0.33,,,,,,,,,,,,,,,,,,,,,
79.094183,RATE,-6.241130828857422,-25.83611488342285,,0.32662782073020935,0.05597302317619324,,,,,,-0.4771369993686676,-0.40466687083244324,0.0010725934989750385,,-14.774930000305176,-14.852753639221191,-0.00047032907605171204,,0.0579906664788723,0.07549850642681122,5.314819645718671e-06,,,,,,,,,,,,,,,,,,,,,,
79.094183,XKF1,,,,,,,,,,,,,,,,,,,,,,,118.94795781782986,118.94794464111328,,,3.3470491534488613,,,,,,0.05598827451467514,-3.346952166275517,,,,,,-3.3469398021698,,-3.3469398021698,-0.02705542929470539
79.094183,POS,,,,,,,,,,,,,,,,,,,,,,,118.95343465556567,118.95342632145227,,,,,37.4275004,-122.1683544,,,0.04452799972938237,,,,43.864044189453125,,,,,,
79.129169,ERR,,,,,,,,,,,,,,,,,,,,,,,,,0,0,,,,,,,,,,,,9,FAILSAFE_FENCE,,,,
79.194976,ATT,,,3,,,0.32,-18.74,0.31,0.01,0.01,,,,0.28,,,,-18.7,,,,0.3,,,,,,,,,,,,,,,,,,,,,
79.194976,RATE,-54.57124710083008,-24.798194885253906,,0.33879268169403076,0.5712801218032837,,,,,,1.8047592639923096,1.5576083660125732,-0.001320693176239729,,-12.748663902282715,-10.740211486816406,0.003129890887066722,,0.058615561574697495,0.07606174796819687,-6.182362994877622e-07,,,,,,,,,,,,,,,,,,,,,,
79.194976,XKF1,,,,,,,,,,,,,,,,,,,,,,,118.60887030338728,118.60885620117188,,,3.4926228287434085,,,,,,0.05783852934837341,-3.492583434642677,,,,,,-3.49257493019104,,-3.49257493019104,-0.018291551619768143
79.194976,POS,,,,,,,,,,,,,,,,,,,,,,,118.61750793999586,118.6174995822801,,,,,37.4275004,-122.1683582,,,0.04452799972938237,,,,43.868507385253906,,,,,,
79.29493599999999,ATT,,,3,,,0.36,-19.65,0.29,0.01,0.01,,,,0.36,,,,-19.67,,,,0.28,,,,,,,,,,,,,,,,,,,,,
79.29493599999999,RATE,-74.28216552734375,-27.73794937133789,,0.3312447667121887,0.3060486614704132,,,,,,-0.491122305393219,-1.0377615690231323,0.00024178193416446447,,-9.391714096069336,-8.589214324951172,0.0022976556792855263,,0.060799382627010345,0.06245560944080353,-1.2467437045415863e-05,,,,,,,,,,,,,,,,,,,,,,
79.29493599999999,XKF1,,,,,,,,,,,,,,,,,,,,,,,118.25240283654445,118.25238800048828,,,3.6615427848277764,,,,,,0.0592351108789444,-3.6614817050760227,,,,,,-3.661470651626587,,-3.661470651626587,-0.022983307018876076
79.29493599999999,POS,,,,,,,,,,,,,,,,,,,,,,,118.25506541035445,118.25505231139863,,,,,37.4275005,-122.1683623,,,0.05565999985947201,,,,43.87261962890625,,,,,,
79.394896,ATT,,,3,,,0.33,-20.38,0.3,0.01,0.01,,,,0.31,,,,-20.44,,,,0.29,,,,,,,,,,,,,,,,,,,,,
79.394896,RATE,3.1126976013183594,-18.451669692993164,,0.3416404724121094,0.03492223843932152,,,,,,0.2034183144569397,2.0529944896698,0.0035646697506308556,,-7.239009380340576,-6.364424228668213,0.0026840553618967533,,0.060099296271800995,0.0637882724404335,-2.171780215576291e-05,,,,,,,,,,,,,,,,,,,,,,
79.394896,XKF1,,,,,,,,,,,,,,,,,,,,,,,117.87612941938679,117.87611389160156,,,3.8415001446034074,,,,,,0.06050380319356918,-3.841481431983313,,,,,,-3.841474771499634,,-3.841474771499634,-0.013962124474346638
79.394896,POS,,,,,,,,,,,,,,,,,,,,,,,117.88377800265559,117.88376486244321,,,,,37.4275005,-122.1683665,,,0.05565999985947201,,,,43.874996185302734,,,,,,
79.462369,ERR,,,,,,,,,,,,,,,,,,,,,,,,,0,0,,,,,,,,,,,,9,FAILSAFE_FENCE,,,,
79.494856,ATT,,,3,,,0.41,-21.04,0.27,0.01,0.01,,,,0.41,,,,-21.09,,,,0.26,,,,,,,,,,,,,,,,,,,,,
79.494856,RATE,-122.15576171875,-14.157611846923828,,0.33974331617355347,0.09132130444049835,,,,,,-0.3125867247581482,-0.7450584173202515,2.0544743165373802e-05,,-7.209600925445557,-6.881350040435791,0.0024005011655390263,,0.057327017188072205,0.05091817304491997,-2.689255961740855e-05,,,,,,,,,,,,,,,,,,,,,,
79.494856,XKF1,,,,,,,,,,,,,,,,,,,,,,,117.47800538580172,117.47798919677734,,,4.027735332816318,,,,,,0.06167421117424965,-4.0276917431999815,,,,,,-4.027681350708008,,-4.027681350708008,-0.020853018388152122
79.494856,POS,,,,,,,,,,,,,,,,,,,,,,,117.48597006773993,117.48595688303475,,,,,37.4275005,-122.168371,,,0.05565999985947201,,,,43.87643814086914,,,,,,
79.594816,ATT,,,3,,,0.35,-21.51,0.3,0.01,0.01,,,,0.36,,,,-21.59,,,,0.28,,,,,,,,,,,,,,,,,,,,,
79.594816,RATE,-9.154033660888672,18.309795379638672,,0.37442025542259216,0.036851365119218826,,,,,,-0.5916958451271057,-0.30270591378211975,0.0007339714211411774,,-3.6012141704559326,-2.0652852058410645,0.0033552576787769794,,0.05262201279401779,0.04697859659790993,-3.733457924681716e-05,,,,,,,,,,,,,,,,,,,,,,
79.594816,XKF1,,,,,,,,,,,,,,,,,,,,,,,117.06168509796487,117.0616683959961,,,4.252314316056835,,,,,,0.06253255903720856,-4.252261631702467,,,,,,-4.252249717712402,,-4.252249717712402,-0.023438872769474983
79.594816,POS,,,,,,,,,,,,,,,,,,,,,,,117.07048177897668,117.0704685474784,,,,,37.4275005,-122.1683757,,,0.05565999985947201,,,,43.87199783325195,,,,,,
79.694776,ATT,,,3,,,0.39,-21.95,0.28,0.01,0.01,,,,0.37,,,,-21.96,,,,0.28,,,,,,,,,,,,,,,,,,,,,
79.694776,RATE,5.325603485107422,-6.001767635345459,,0.33352991938591003,0.2893868684768677,,,,,,0.491830438375473,0.9020606279373169,0.0006737988442182541,,-5.886534214019775,-8.560567855834961,-0.004887021146714687,,0.0538034550845623,0.04273797944188118,-4.304491085349582e-05,,,,,,,,,,,,,,,,,,,,,,
79.694776,XKF1,,,,,,,,,,,,,,,,,,,,,,,116.62484164190562,116.62482452392578,,,4.429519699660956,,,,,,0.06318831443786621,-4.42949123687439,,,,,,-4.4294819831848145,,-4.4294819831848145,-0.01827923208475113
79.694776,POS,,,,,,,,,,,,,,,,,,,,,,,116.62847296185691,116.62845968021273,,,,,37.4275005,-122.1683807,,,0.05565999985947201,,,,43.870880126953125,,,,,,
79.794736,ERR,,,,,,,,,,,,,,,,,,,,,,,,,0,0,,,,,,,,,,,,9,FAILSAFE_FENCE,,,,
79.794736,ATT,,,3,,,0.45,-23.01,0.26,0.01,0.01,,,,0.44,,,,-22.96,,,,0.25,,,,,,,,,,,,,,,,,,,,,
79.794736,RATE,5.181598663330078,-7.872352123260498,,0.3489517569541931,0.10940002650022507,,,,,,0.3362641930580139,-0.35240888595581055,-0.0015323960687965155,,-10.182440757751465,-9.475846290588379,0.0016067293472588062,,0.052165910601615906,0.044083453714847565,-4.082265877514146e-05,,,,,,,,,,,,,,,,,,,,,,
79.794736,XKF1,,,,,,,,,,,,,,,,,,,,,,,116.1702220835565,116.17020416259766,,,4.610873407573585,,,,,,0.064527228474617,-4.610827222651105,,,,,,-4.610815048217773,,-4.610815048217773,-0.023198530077934265
79.794736,POS,,,,,,,,,,,,,,,,,,,,,,,116.17762396931548,116.17761063612937,,,,,37.4275005,-122.1683858,,,0.05565999985947201,,,,43.872982025146484,,,,,,
79.894696,ATT,,,3,,,0.41,-23.69,0.27,0.01,0.01,,,,0.41,,,,-23.73,,,,0.26,,,,,,,,,,,,,,,,,,,,,
79.894696,RATE,-9.65576171875,1.3814215660095215,,0.358425498008728,0.12428510934114456,,,,,,-0.44489651918411255,-0.5165085196495056,0.00046205081162042916,,-5.838562965393066,-4.279908180236816,0.004120734520256519,,0.054464325308799744,0.03731320798397064,-4.53009779448621e-05,,,,,,,,,,,,,,,,,,,,,,
79.894696,XKF1,,,,,,,,,,,,,,,,,,,,,,,115.69560544210835,115.69558715820312,,,4.828132708943063,,,,,,0.0650440976023674,-4.8280751239388735,,,,,,-4.828061103820801,,-4.828061103820801,-0.026295112445950508
79.894696,POS,,,,,,,,,,,,,,,,,,,,,,,115.70025444727816,115.70024105908044,,,,,37.4275005,-122.1683912,,,0.05565999985947201,,,,43.872337341308594,,,,,,
79.99465599999999,ATT,,,3,,,0.35,-24.46,0.3,0.01,0.01,,,,0.35,,,,-24.45,,,,0.29,,,,,,,,,,,,,,,,,,,,,
79.99465599999999,RATE,-99.84664916992188,-17.104347229003906,,0.34121254086494446,0.6462656259536743,,,,,,-0.4641757011413574,-0.41016969084739685,-0.00036694988375529647,,-9.269941329956055,-9.312956809997559,0.0007760629523545504,,0.04256998002529144,0.03910420835018158,-4.3159663619007915e-05,,,,,,,,,,,,,,,,,,,,,,
79.99465599999999,XKF1,,,,,,,,,,,,,,,,,,,,,,,115.20015285799532,115.20013427734375,,,5.007703574975039,,,,,,0.06542925536632538,-5.007632482837728,,,,,,-5.0076165199279785,,-5.0076165199279785,-0.029527684673666954
79.99465599999999,POS,,,,,,,,,,,,,,,,,,,,,,,115.20520457412448,115.20519112839615,,,,,37.4275005,-122.1683968,,,0.05565999985947201,,,,43.87480163574219,,,,,,
80.094616,ATT,,,3,,,0.3,-25.23,0.32,0.0,0.01,,,,0.29,,,,-25.23,,,,0.31,,,,,,,,,,,,,,,,,,,,,
80.094616,RATE,-100.81625366210938,-7.465212821960449,,0.35486137866973877,0.5442876815795898,,,,,,-1.069379448890686,-0.7550633549690247,0.0022768161725252867,,-8.142716407775879,-9.183391571044922,2.9298942536115646e-05,,0.03596680238842964,0.039477452635765076,-3.104464849457145e-05,,,,,,,,,,,,,,,,,,,,,,
80.094616,XKF1,,,,,,,,,,,,,,,,,,,,,,,114.68575609144865,114.68573760986328,,,5.200623469507033,,,,,,0.06510874629020691,-5.200508116330123,,,,,,-5.2004876136779785,,-5.2004876136779785,-0.03759057819843292
80.094616,POS,,,,,,,,,,,,,,,,,,,,,,,114.6924743486574,114.69246084282022,,,,,37.4275005,-122.1684026,,,0.05565999985947201,,,,43.874778747558594,,,,,,
80.12710299999999,ERR,,,,,,,,,,,,,,,,,,,,,,,,,0,0,,,,,,,,,,,,9,FAILSAFE_FENCE,,,,
80.194576,ATT,,,3,,,0.18,-25.97,0.38,0.0,0.01,,,,0.19,,,,-26.0,,,,0.36,,,,,,,,,,,,,,,,,,,,,
80.194576,RATE,-133.02955627441406,15.194119453430176,,0.3830985724925995,0.9671642184257507,,,,,,-1.990536093711853,-1.4252581596374512,0.0029117856174707413,,-5.590951442718506,-4.203990459442139,0.002101532183587551,,0.0338059663772583,0.04480396956205368,-1.8946728232549503e-05,,,,,,,,,,,,,,,,,,,,,,
80.194576,XKF1,,,,,,,,,,,,,,,,,,,,,,,114.15081320984535,114.15079498291016,,,5.421885405041097,,,,,,0.06450766324996948,-5.421726694167958,,,,,,-5.4217023849487305,,-5.4217023849487305,-0.04454878717660904
80.194576,POS,,,,,,,,,,,,,,,,,,,,,,,114.15322359391641,114.15321002427872,,,,,37.4275005,-122.1684087,,,0.05565999985947201,,,,43.87107467651367,,,,,,
80.294536,ATT,,,3,,,0.17,-26.09,0.39,0.01,0.01,,,,0.14,,,,-26.22,,,,0.39,,,,,,,,,,,,,,,,,,,,,
80.294536,RATE,10.046577453613281,64.3863754272461,,0.4311506450176239,0.41431522369384766,,,,,,0.32580313086509705,0.6650035977363586,-0.00025469285901635885,,0.6470394134521484,2.893115997314453,0.003424069145694375,,0.028757965192198753,0.05091564729809761,-4.094037649338134e-06,,,,,,,,,,,,,,,,,,,,,,
80.294536,XKF1,,,,,,,,,,,,,,,,,,,,,,,113.59242486148167,113.5924072265625,,,5.684123402813507,,,,,,0.06329602003097534,-5.683995446887618,,,,,,-5.68397331237793,,-5.68397331237793,-0.041306689381599426
80.294536,POS,,,,,,,,,,,,,,,,,,,,,,,113.59629248826772,113.59627885210186,,,,,37.4275005,-122.168415,,,0.05565999985947201,,,,43.85850143432617,,,,,,
80.394496,ATT,,,3,,,0.26,-25.65,0.34,0.01,0.01,,,,0.23,,,,-25.79,,,,0.34,,,,,,,,,,,,,,,,,,,,,
80.394496,RATE,146.32052612304688,48.590450286865234,,0.38691452145576477,0.7758266925811768,,,,,,1.336028814315796,1.3897784948349,-0.0011811127187684178,,4.861610412597656,3.875478744506836,-0.002362331375479698,,0.02885991334915161,0.06391897052526474,9.215458703693002e-06,,,,,,,,,,,,,,,,,,,,,,
80.394496,XKF1,,,,,,,,,,,,,,,,,,,,,,,113.00638061754117,113.00636291503906,,,5.942354928227033,,,,,,0.06325338780879974,-5.9422802550246185,,,,,,-5.942262649536133,,-5.942262649536133,-0.033116415143013
80.394496,POS,,,,,,,,,,,,,,,,,,,,,,,113.01284085352475,113.01282714695942,,,,,37.4275005,-122.1684216,,,0.05565999985947201,,,,43.846187591552734,,,,,,
80.45947,ERR,,,,,,,,,,,,,,,,,,,,,,,,,0,0,,,,,,,,,,,,9,FAILSAFE_FENCE,,,,
80.494456,ATT,,,3,,,0.31,-25.98,0.32,0.01,0.0,,,,0.3,,,,-25.89,,,,0.31,,,,,,,,,,,,,,,,,,,,,
80.494456,RATE,-86.50360107421875,0.9604983329772949,,0.3454553186893463,0.12288498133420944,,,,,,0.2702556848526001,0.17532682418823242,-0.00012588257959578186,,-6.745917320251465,-9.852828979492188,-0.003961123060435057,,0.028926145285367966,0.0710630789399147,3.101059701293707e-05,,,,,,,,,,,,,,,,,,,,,,
80.494456,XKF1,,,,,,,,,,,,,,,,,,,,,,,112.40164413499653,112.40162658691406,,,6.094646921038608,,,,,,0.06280817091464996,-6.09456880375569,,,,,,-6.094550609588623,,-6.094550609588623,-0.034263089299201965
80.494456,POS,,,,,,,,,,,,,,,,,,,,,,,112.40286869105388,112.40285491010768,,,,,37.4275005,-122.1684285,,,0.05565999985947201,,,,43.84502029418945,,,,,,
80.594416,ATT,,,3,,,0.29,-26.81,0.33,0.01,0.0,,,,0.29,,,,-26.73,,,,0.31,,,,,,,,,,,,,,,,,,,,,
80.594416,RATE,108.62837219238281,1.3226814270019531,,0.37005504965782166,0.2192595899105072,,,,,,-0.3637727200984955,-0.46688568592071533,0.00014839950017631054,,-7.127673625946045,-5.923617839813232,0.0010984021937474608,,0.035140883177518845,0.07245856523513794,3.649670543381944e-05,,,,,,,,,,,,,,,,,,,,,,
80.594416,XKF1,,,,,,,,,,,,,,,,,,,,,,,111.7822133437091,111.78219604492188,,,6.26673779399288,,,,,,0.062188368290662766,-6.26664531470988,,,,,,-6.26662540435791,,-6.26662540435791,-0.03753158822655678
80.594416,POS,,,,,,,,,,,,,,,,,,,,,,,111.7840563536728,111.78404249643825,,,,,37.4275005,-122.1684355,,,0.05565999985947201,,,,43.84482192993164,,,,,,
80.69437599999999,ATT,,,3,,,0.28,-27.22,0.33,0.01,0.0,,,,0.26,,,,-27.22,,,,0.32,,,,,,,,,,,,,,,,,,,,,
80.69437599999999,RATE,-302.00787353515625,34.9254150390625,,0.41922417283058167,1.1205425262451172,,,,,,0.12171748280525208,0.3154158592224121,0.0004111162561457604,,-3.0704140663146973,-1.1212326288223267,0.0010673035867512226,,0.04578114300966263,0.06458224356174469,2.4959907023003325e-05,,,,,,,,,,,,,,,,,,,,,,
80.69437599999999,XKF1,,,,,,,,,,,,,,,,,,,,,,,111.14552435918286,111.1455078125,,,6.458137722880111,,,,,,0.06064799427986145,-6.458059926413713,,,,,,-6.458041667938232,,-6.458041667938232,-0.03522304445505142
80.69437599999999,POS,,,,,,,,,,,,,,,,,,,,,,,111.14756366446596,111.14754972787718,,,,,37.4275005,-122.1684427,,,0.05565999985947201,,,,43.841827392578125,,,,,,
80.791837,ERR,,,,,,,,,,,,,,,,,,,,,,,,,0,0,,,,,,,,,,,,9,FAILSAFE_FENCE,,,,
80.794336,ATT,,,3,,,0.3,-26.79,0.32,0.01,0.0,,,,0.28,,,,-26.93,,,,0.32,,,,,,,,,,,,,,,,,,,,,
80.794336,RATE,60.926055908203125,59.423885345458984,,0.42059338092803955,0.5456962585449219,,,,,,0.36727601289749146,0.6737722754478455,0.0010844857897609472,,6.2362775802612305,8.601963996887207,0.0036856646183878183,,0.0543031245470047,0.05610701069235802,-6.4343294070567936e-06,,,,,,,,,,,,,,,,,,,,,,
80.794336,XKF1,,,,,,,,,,,,,,,,,,,,,,,110.49091466170017,110.49089813232422,,,6.71599374084686,,,,,,0.06043750047683716,-6.715929847789765,,,,,,-6.715912818908691,,-6.715912818908691,-0.032968711107969284
80.794336,POS,,,,,,,,,,,,,,,,,,,,,,,110.49339062352446,110.49337660442448,,,,,37.4275005,-122.1684501,,,0.05565999985947201,,,,43.829010009765625,,,,,,
80.894296,ATT,,,3,,,0.33,-26.43,0.31,0.01,0.0,,,,0.32,,,,-26.44,,,,0.3,,,,,,,,,,,,,,,,,,,,,
80.894296,RATE,-81.28004455566406,26.956161499023438,,0.38181647658348083,0.1529027372598648,,,,,,0.698643684387207,0.7905696630477905,-6.163341458886862e-05,,0.6627237200737,-1.9295709133148193,-0.0016198083758354187,,0.04584958404302597,0.04841148108243942,-1.6491620044689626e-05,,,,,,,,,,,,,,,,,,,,,,
80.894296,XKF1,,,,,,,,,,,,,,,,,,,,,,,109.81372160380012,109.81370544433594,,,6.885613553865897,,,,,,0.05957400053739548,-6.885575392740978,,,,,,-6.885561943054199,,-6.885561943054199,-0.026659736409783363
80.894296,POS,,,,,,,,,,,,,,,,,,,,,,,109.82153723094457,109.82152312608017,,,,,37.4275005,-122.1684577,,,0.05565999985947201,,,,43.824134826660156,,,,,,
80.994256,ATT,,,3,,,0.34,-27.06,0.3,0.01,0.0,,,,0.34,,,,-26.95,,,,0.29,,,,,,,,,,,,,,,,,,,,,
80.994256,RATE,175.52432250976562,56.71005630493164,,0.4395749866962433,0.4689282476902008,,,,,,-0.2816789746284485,-0.783383309841156,-0.0011280057951807976,,-6.092600345611572,-3.2556302547454834,0.006690559908747673,,0.048676542937755585,0.04472767561674118,-2.2327838451019488e-05,,,,,,,,,,,,,,,,,,,,,,
80.994256,XKF1,,,,,,,,,,,,,,,,,,,,,,,109.12691617186722,109.12689971923828,,,7.046158785182552,,,,,,0.0599236935377121,-7.046099018397287,,,,,,-7.046082019805908,,-7.046082019805908,-0.032890670001506805
80.994256,POS,,,,,,,,,,,,,,,,,,,,,,,109.13200348808431,109.13198929410048,,,,,37.4275005,-122.1684655,,,0.05565999985947201,,,,43.81718826293945,,,,,,
81.094216,ATT,,,3,,,0.17,-27.19,0.39,0.01,0.0,,,,0.19,,,,-27.13,,,,0.37,,,,,,,,,,,,,,,,,,,,,
81.094216,RATE,46.01602554321289,5.2070465087890625,,0.36677712202072144,0.5391196608543396,,,,,,-1.9487212896347046,-1.9597597122192383,-3.599701449275017e-05,,-2.3973939418792725,-5.26049280166626,-0.007855218835175037,,0.0363580696284771,0.036874767392873764,-2.27642958634533e-05,,,,,,,,,,,,,,,,,,,,,,
81.094216,XKF1,,,,,,,,,,,,,,,,,,,,,,,108.42063168287382,108.42061614990234,,,7.195971510845977,,,,,,0.05803610011935234,-7.195838138600206,,,,,,-7.1958136558532715,,-7.1958136558532715,-0.04766356199979782
81.094216,POS,,,,,,,,,,,,,,,,,,,,,,,108.42478939253877,108.42477510597291,,,,,37.4275005,-122.1684735,,,0.05565999985947201,,,,43.81741714477539,,,,,,
81.12420399999999,ERR,,,,,,,,,,,,,,,,,,,,,,,,,0,0,,,,,,,,,,,,9,FAILSAFE_FENCE,,,,
81.194176,ATT,,,3,,,0.21,-27.67,0.37,0.01,0.0,,,,0.18,,,,-27.62,,,,0.37,,,,,,,,,,,,,,,,,,,,,
81.194176,RATE,-62.13111877441406,12.839460372924805,,0.4046553075313568,0.12772709131240845,,,,,,1.0256376266479492,0.9227428436279297,-0.0007685106247663498,,-3.6251463890075684,-2.154611587524414,0.004301761277019978,,0.03326067700982094,0.03594375029206276,-2.7020332709071226e-05,,,,,,,,,,,,,,,,,,,,,,
81.194176,XKF1,,,,,,,,,,,,,,,,,,,,,,,107.70159154287337,107.70157623291016,,,7.349742380314884,,,,,,0.05742660164833069,-7.349664679361825,,,,,,-7.349645614624023,,-7.349645614624023,-0.03771467134356499
81.194176,POS,,,,,,,,,,,,,,,,,,,,,,,107.70873512257148,107.70872074102765,,,,,37.4275005,-122.1684816,,,0.05565999985947201,,,,43.82073211669922,,,,,,
81.294969,ATT,,,3,,,0.24,-27.56,0.35,0.01,0.0,,,,0.23,,,,-27.62,,,,0.35,,,,,,,,,,,,,,,,,,,,,
81.294969,RATE,143.2309112548828,16.271432876586914,,0.4031217396259308,0.8980035781860352,,,,,,0.26735708117485046,0.19504499435424805,-0.00025245489086955786,,2.6538562774658203,3.2395946979522705,0.00019435060676187277,,0.026304805651307106,0.03524847701191902,-2.2455966245615855e-05,,,,,,,,,,,,,,,,,,,,,,
81.294969,XKF1,,,,,,,,,,,,,,,,,,,,,,,106.96098294685602,106.96096801757812,,,7.535511637881794,,,,,,0.05651283264160156,-7.535449552218331,,,,,,-7.5354323387146,,-7.5354323387146,-0.03457041084766388
81.294969,POS,,,,,,,,,,,,,,,,,,,,,,,106.96616032575571,106.96614584437307,,,,,37.4275005,-122.16849,,,0.05565999985947201,,,,43.820289611816406,,,,,,
81.394929,ATT,,,3,,,0.22,-27.32,0.36,0.01,0.0,,,,0.22,,,,-27.37,,,,0.35,,,,,,,,,,,,,,,,,,,,,
81.394929,RATE,-5.95703125,8.727161407470703,,0.3991353213787079,0.175852432847023,,,,,,-0.5477065443992615,-0.6151120662689209,0.0005313298897817731,,2.351799249649048,1.445711374282837,-0.0025735755916684866,,0.027051953598856926,0.04409020021557808,-1.18388888949994e-05,,,,,,,,,,,,,,,,,,,,,,
81.394929,XKF1,,,,,,,,,,,,,,,,,,,,,,,106.1975167748433,106.19750213623047,,,7.688396615346957,,,,,,0.055759917944669724,-7.688315450165545,,,,,,-7.688295841217041,,-7.688295841217041,-0.039364613592624664
81.394929,POS,,,,,,,,,,,,,,,,,,,,,,,106.2059051778718,106.20589059282688,,,,,37.4275005,-122.1684986,,,0.05565999985947201,,,,43.822025299072266,,,,,,
81.457404,ERR,,,,,,,,,,,,,,,,,,,,,,,,,0,0,,,,,,,,,,,,9,FAILSAFE_FENCE,,,,
81.494889,ATT,,,3,,,0.22,-27.25,0.36,0.01,0.0,,,,0.21,,,,-27.26,,,,0.35,,,,,,,,,,,,,,,,,,,,,
81.494889,RATE,59.22718048095703,-0.04377778246998787,,0.3936866223812103,0.21006685495376587,,,,,,0.14750556647777557,0.22891589999198914,4.0016460843617097e-05,,0.5675216317176819,-0.5896058678627014,-0.002450738102197647,,0.014267629943788052,0.05309443175792694,1.230339148605708e-05,,,,,,,,,,,,,,,,,,,,,,
81.494889,XKF1,,,,,,,,,,,,,,,,,,,,,,,105.41842547195274,105.41841125488281,,,7.8308899644856265,,,,,,0.0547492653131485,-7.830827807166182,,,,,,-7.830810546875,,-7.830810546875,-0.03526775911450386
81.494889,POS,,,,,,,,,,,,,,,,,,,,,,,105.42796439095144,105.42795498764531,,,,,37.4275004,-122.1685074,,,0.04452799972938237,,,,43.82436752319336,,,,,,
81.594849,ATT,,,3,,,0.23,-27.35,0.36,0.01,0.0,,,,0.22,,,,-27.33,,,,0.35,,,,,,,,,,,,,,,,,,,,,
81.594849,RATE,-161.99664306640625,-1.2088412046432495,,0.40061476826667786,0.42040443420410156,,,,,,0.0785471498966217,0.01131655927747488,-9.360052354168147e-05,,-1.3947572708129883,-2.1490612030029297,-0.0015124871861189604,,0.024653958156704903,0.0686730295419693,3.402195579838008e-05,,,,,,,,,,,,,,,,,,,,,,
81.594849,XKF1,,,,,,,,,,,,,,,,,,,,,,,104.61732372717672,104.6173095703125,,,7.946135214953367,,,,,,0.05442523583769798,-7.946074127405386,,,,,,-7.946056842803955,,-7.946056842803955,-0.03529171645641327
81.594849,POS,,,,,,,,,,,,,,,,,,,,,,,104.62350832510685,104.62349884949816,,,,,37.4275004,-122.1685165,,,0.04452799972938237,,,,43.82807159423828,,,,,,
81.69480899999999,ATT,,,3,,,0.2,-27.51,0.37,0.01,0.0,,,,0.19,,,,-27.51,,,,0.36,,,,,,,,,,,,,,,,,,,,,
81.69480899999999,RATE,164.46676635742188,18.866788864135742,,0.4207323491573334,0.5846779346466064,,,,,,-0.4772900938987732,0.5353837609291077,0.0022667436860501766,,-0.9862220287322998,-0.0951007828116417,0.002124983351677656,,0.030665161088109016,0.07501617074012756,4.493729647947475e-05,,,,,,,,,,,,,,,,,,,,,,
81.69480899999999,XKF1,,,,,,,,,,,,,,,,,,,,,,,103.81139997932458,103.81138610839844,,,8.063719469583901,,,,,,0.05366488918662071,-8.063668841179428,,,,,,-8.063652992248535,,-8.063652992248535,-0.03274301066994667
81.69480899999999,POS,,,,,,,,,,,,,,,,,,,,,,,103.81905226038276,103.81904271135102,,,,,37.4275004,-122.1685256,,,0.04452799972938237,,,,43.82571029663086,,,,,,
81.789771,ERR,,,,,,,,,,,,,,,,,,,,,,,,,0,0,,,,,,,,,,,,9,FAILSAFE_FENCE,,,,
81.794769,ATT,,,3,,,0.28,-27.45,0.33,0.01,0.0,,,,0.25,,,,-27.48,,,,0.33,,,,,,,,,,,,,,,,,,,,,
81.794769,RATE,8.551788330078125,37.03471374511719,,0.4443401098251343,0.14590850472450256,,,,,,1.101199746131897,0.7944736480712891,-0.0012943188194185495,,1.0279241800308228,2.420908212661743,0.002843275899067521,,0.03109198808670044,0.08520549535751343,5.178279388928786e-05,,,,,,,,,,,,,,,,,,,,,,
81.794769,XKF1,,,,,,,,,,,,,,,,,,,,,,,102.99101144490001,102.99099731445312,,,8.191080286170543,,,,,,0.05395014211535454,-8.191040269865955,,,,,,-8.191025733947754,,-8.191025733947754,-0.02989448606967926
81.794769,POS,,,,,,,,,,,,,,,,,,,,,,,102.99691584356576,102.99690621831225,,,,,37.4275004,-122.1685349,,,0.04452799972938237,,,,43.82191848754883,,,,,,
81.894729,ATT,,,3,,,0.27,-27.25,0.34,0.01,0.0,,,,0.26,,,,-27.27,,,,0.32,,,,,,,,,,,,,,,,,,,,,
81.894729,RATE,42.83409118652344,-8.92076587677002,,0.3719800114631653,0.35829514265060425,,,,,,-0.27747979760169983,-0.6017496585845947,-0.0002772894222289324,,1.3235669136047363,-0.9220049977302551,-0.004079107195138931,,0.04323142394423485,0.08661286532878876,5.280249388306402e-05,,,,,,,,,,,,,,,,,,,,,,
81.894729,XKF1,,,,,,,,,,,,,,,,,,,,,,,102.15917090007187,102.1591567993164,,,8.291981400599227,,,,,,0.053675346076488495,-8.291927084989139,,,,,,-8.291910171508789,,-8.291910171508789,-0.03436939790844917
81.894729,POS,,,,,,,,,,,,,,,,,,,,,,,102.16593925199724,102.1659295484558,,,,,37.4275004,-122.1685443,,,0.04452799972938237,,,,43.82341384887695,,,,,,
81.994689,ATT,,,3,,,0.23,-27.61,0.36,0.01,0.0,,,,0.23,,,,-27.55,,,,0.34,,,,,,,,,,,,,,,,,,,,,
81.994689,RATE,-46.76532745361328,-6.632689952850342,,0.4039526879787445,0.35478290915489197,,,,,,-0.27674373984336853,-0.34122276306152344,-0.0003654539759736508,,-4.5474348068237305,-4.983328819274902,0.00044057611376047134,,0.04884645715355873,0.0887485072016716,4.2560845031403005e-05,,,,,,,,,,,,,,,,,,,,,,
81.994689,XKF1,,,,,,,,,,,,,,,,,,,,,,,101.31845747903108,101.31844329833984,,,8.36045853958137,,,,,,0.0536053292453289,-8.360402331179555,,,,,,-8.360384941101074,,-8.360384941101074,-0.03508031740784645
81.994689,POS,,,,,,,,,,,,,,,,,,,,,,,101.32612248449229,101.3261127005254,,,,,37.4275004,-122.1685538,,,0.04452799972938237,,,,43.829105377197266,,,,,,
82.094649,ATT,,,3,,,0.24,-27.74,0.35,0.01,0.0,,,,0.22,,,,-27.76,,,,0.34,,,,,,,,,,,,,,,,,,,,,
82.094649,RATE,-69.36769104003906,-17.6173095703125,,0.38655713200569153,0.038419414311647415,,,,,,0.19983582198619843,0.833541750907898,0.0013682551216334105,,0.6935375928878784,0.13534557819366455,-0.004214105661958456,,0.050324685871601105,0.0839419737458229,3.310712054371834e-05,,,,,,,,,,,,,,,,,,,,,,
82.094649,XKF1,,,,,,,,,,,,,,,,,,,,,,,100.46991619056661,100.46990203857422,,,8.45588197995804,,,,,,0.05332634225487709,-8.455845840497842,,,,,,-8.455831527709961,,-8.455831527709961,-0.0292101688683033
82.094649,POS,,,,,,,,,,,,,,,,,,,,,,,100.47746554238196,100.47745567577732,,,,,37.4275004,-122.1685634,,,0.04452799972938237,,,,43.834659576416016,,,,,,
82.12213799999999,ERR,,,,,,,,,,,,,,,,,,,,,,,,,0,0,,,,,,,,,,,,9,FAILSAFE_FENCE,,,,
82.194609,ATT,,,3,,,0.31,-27.83,0.32,0.01,0.0,,,,0.28,,,,-27.83,,,,0.31,,,,,,,,,,,,,,,,,,,,,
82.194609,RATE,-85.09578704833984,-34.1599006652832,,0.3779224753379822,0.3379868268966675,,,,,,0.6263900399208069,0.8564670085906982,0.001151881879195571,,-1.510575771331787,-1.7762041091918945,-0.0002989410422742367,,0.05949358269572258,0.08973603695631027,2.757741640380118e-05,,,,,,,,,,,,,,,,,,,,,,
82.194609,XKF1,,,,,,,,,,,,,,,,,,,,,,,99.61152604440416,99.61151123046875,,,8.528638814258793,,,,,,0.054325658828020096,-8.528609407222502,,,,,,-8.528595924377441,,-8.528595924377441,-0.027047786861658096
82.194609,POS,,,,,,,,,,,,,,,,,,,,,,,99.61996842448855,99.61995847295529,,,,,37.4275004,-122.1685731,,,0.04452799972938237,,,,43.84354782104492,,,,,,
82.294569,ATT,,,3,,,0.32,-28.13,0.31,0.01,0.0,,,,0.31,,,,-28.09,,,,0.29,,,,,,,,,,,,,,,,,,,,,
82.294569,RATE,-16.198062896728516,-56.92781448364258,,0.3440788686275482,0.5532772541046143,,,,,,0.022205514833331108,-0.2546173930168152,-0.0007535156910307705,,-4.409831523895264,-5.992321014404297,-0.0024160428438335657,,0.05757791921496391,0.08625812083482742,2.3591870558448136e-05,,,,,,,,,,,,,,,,,,,,,,
82.294569,XKF1,,,,,,,,,,,,,,,,,,,,,,,98.74894709424493,98.74893188476562,,,8.565130946956591,,,,,,0.05480729788541794,-8.56509401471769,,,,,,-8.565078735351562,,-8.565078735351562,-0.02990644983947277
82.294569,POS,,,,,,,,,,,,,,,,,,,,,,,98.75363113215079,98.75362109331557,,,,,37.4275004,-122.1685829,,,0.04452799972938237,,,,43.85364532470703,,,,,,
82.39452899999999,ATT,,,3,,,0.29,-29.22,0.33,0.01,0.0,,,,0.28,,,,-29.07,,,,0.31,,,,,,,,,,,,,,,,,,,,,
82.39452899999999,RATE,8.109283447265625,-91.29276275634766,,0.32456639409065247,0.19144749641418457,,,,,,-0.28390470147132874,-0.11446328461170197,0.00038197278627194464,,-13.188310623168945,-13.66793441772461,0.00015112129040062428,,0.06510385870933533,0.0862646996974945,1.7868758732220158e-05,,,,,,,,,,,,,,,,,,,,,,
82.39452899999999,XKF1,,,,,,,,,,,,,,,,,,,,,,,97.8866505216149,97.88663482666016,,,8.536258867372876,,,,,,0.055431514978408813,-8.53621540939229,,,,,,-8.536198616027832,,-8.536198616027832,-0.03207239508628845
82.39452899999999,POS,,,,,,,,,,,,,,,,,,,,,,,97.89613401851774,97.89612389174981,,,,,37.4275004,-122.1685926,,,0.04452799972938237,,,,43.870445251464844,,,,,,
82.454505,ERR,,,,,,,,,,,,,,,,,,,,,,,,,0,0,,,,,,,,,,,,9,FAILSAFE_FENCE,,,,
82.494489,ATT,,,3,,,0.24,-30.21,0.35,0.01,0.0,,,,0.24,,,,-30.18,,,,0.34,,,,,,,,,,,,,,,,,,,,,
82.494489,RATE,-18.070411682128906,-75.02275085449219,,0.3566620647907257,0.2900576591491699,,,,,,-0.5946508646011353,-0.889371395111084,-0.0011412949534133077,,-8.349024772644043,-5.839887619018555,0.0032839039340615273,,0.06817664206027985,0.07685840129852295,7.689461199333891e-06,,,,,,,,,,,,,,,,,,,,,,
82.494489,XKF1,,,,,,,,,,,,,,,,,,,,,,,97.0256122735195,97.02559661865234,,,8.563511059573463,,,,,,0.05511665716767311,-8.563448808962011,,,,,,-8.56342887878418,,-8.56342887878418,-0.03751673549413681
82.494489,POS,,,,,,,,,,,,,,,,,,,,,,,97.02979672929561,97.0297865121101,,,,,37.4275004,-122.1686024,,,0.04452799972938237,,,,43.883888244628906,,,,,,
82.594449,ATT,,,3,,,0.22,-30.36,0.37,0.01,0.0,,,,0.2,,,,-30.48,,,,0.36,,,,,,,,,,,,,,,,,,,,,
82.594449,RATE,-31.738662719726562,-58.915191650390625,,0.35710611939430237,0.14627456665039062,,,,,,-0.10131143778562546,-0.407562255859375,-0.0016128730494529009,,0.4631642997264862,2.6000053882598877,0.0020259518641978502,,0.06371775269508362,0.07797028869390488,3.4124059311579913e-06,,,,,,,,,,,,,,,,,,,,,,
82.594449,XKF1,,,,,,,,,,,,,,,,,,,,,,,96.15824943304796,96.15823364257812,,,8.636634545526537,,,,,,0.05510687455534935,-8.636565444981514,,,,,,-8.636544227600098,,-8.636544227600098,-0.03949781879782677
82.594449,POS,,,,,,,,,,,,,,,,,,,,,,,96.1634594417026,96.16344913247039,,,,,37.4275004,-122.1686122,,,0.04452799972938237,,,,43.890865325927734,,,,,,
82.694409,ATT,,,3,,,0.19,-30.08,0.38,0.01,0.0,,,,0.18,,,,-30.23,,,,0.37,,,,,,,,,,,,,,,,,,,,,
82.694409,RATE,66.16105651855469,-19.95023536682129,,0.39304879307746887,0.15514400601387024,,,,,,-0.2793123722076416,0.06503713130950928,0.0008338851621374488,,3.795194149017334,5.794270992279053,0.003485481720417738,,0.06512615829706192,0.0733194425702095,-2.3316752049140632e-06,,,,,,,,,,,,,,,,,,,,,,
82.694409,XKF1,,,,,,,,,,,,,,,,,,,,,,,95.28425631017193,95.28424072265625,,,8.728131508383711,,,,,,0.05450219660997391,-8.728067034394337,,,,,,-8.728046417236328,,-8.728046417236328,-0.03854044899344444
82.694409,POS,,,,,,,,,,,,,,,,,,,,,,,95.28828197993059,95.28827157601299,,,,,37.4275004,-122.1686221,,,0.04452799972938237,,,,43.89064025878906,,,,,,
82.786872,ERR,,,,,,,,,,,,,,,,,,,,,,,,,0,0,,,,,,,,,,,,9,FAILSAFE_FENCE,,,,
82.794369,ATT,,,3,,,0.22,-29.61,0.37,0.01,0.0,,,,0.2,,,,-29.72,,,,0.36,,,,,,,,,,,,,,,,,,,,,
82.794369,RATE,141.36294555664062,-20.87313461303711,,0.37141600251197815,0.22567977011203766,,,,,,0.057375844568014145,-0.2620409429073334,-0.0006116475560702384,,3.4541683197021484,2.8914072513580322,0.0016888441750779748,,0.06506266444921494,0.07905840873718262,-5.1584956963779405e-06,,,,,,,,,,,,,,,,,,,,,,
82.794369,XKF1,,,,,,,,,,,,,,,,,,,,,,,94.40090239563047,94.40088653564453,,,8.790442183363597,,,,,,0.054721053689718246,-8.790371824369723,,,,,,-8.790349960327148,,-8.790349960327148,-0.040266040712594986
82.794369,POS,,,,,,,,,,,,,,,,,,,,,,,94.40426434282332,94.40425384148165,,,,,37.4275004,-122.1686321,,,0.04452799972938237,,,,43.888916015625,,,,,,
82.894329,ATT,,,3,,,0.18,-29.72,0.39,0.01,0.0,,,,0.17,,,,-29.68,,,,0.38,,,,,,,,,,,,,,,,,,,,,
82.894329,RATE,-158.74977111816406,-23.77546501159668,,0.3603755831718445,0.47432559728622437,,,,,,0.10676413774490356,0.1368839591741562,-0.0018235312309116125,,-3.3158273696899414,-4.11943244934082,0.002881500404328108,,0.05765201151371002,0.07670078426599503,9.180652341456152e-06,,,,,,,,,,,,,,,,,,,,,,
82.894329,XKF1,,,,,,,,,,,,,,,,,,,,,,,93.51611329302479,93.51609802246094,,,8.813425362730769,,,,,,0.053442373871803284,-8.813353397099279,,,,,,-8.813331604003906,,-8.813331604003906,-0.04065294936299324
82.894329,POS,,,,,,,,,,,,,,,,,,,,,,,93.52024670755789,93.5202361069503,,,,,37.4275004,-122.1686421,,,0.04452799972938237,,,,43.88959884643555,,,,,,
82.994289,ATT,,,3,,,0.24,-29.71,0.36,0.01,0.0,,,,0.21,,,,-29.75,,,,0.35,,,,,,,,,,,,,,,,,,,,,
82.994289,RATE,1.9184112548828125,18.837669372558594,,0.4022376537322998,0.4248320460319519,,,,,,1.4217664003372192,1.7157078981399536,6.953638512641191e-05,,2.296868324279785,4.052695274353027,0.002252133097499609,,0.05902614817023277,0.08065430819988251,1.3472244972945191e-05,,,,,,,,,,,,,,,,,,,,,,
82.994289,XKF1,,,,,,,,,,,,,,,,,,,,,,,92.63321737726166,92.6332015991211,,,8.887638192262221,,,,,,0.054066251963377,-8.887597988188402,,,,,,-8.887580871582031,,-8.887580871582031,-0.031920019537210464
82.994289,POS,,,,,,,,,,,,,,,,,,,,,,,92.63622907418703,92.63621837241897,,,,,37.4275004,-122.1686521,,,0.04452799972938237,,,,43.881011962890625,,,,,,
83.094249,ATT,,,3,,,0.3,-29.28,0.32,0.01,0.0,,,,0.29,,,,-29.38,,,,0.31,,,,,,,,,,,,,,,,,,,,,
83.094249,RATE,38.24291229248047,120.36873626708984,,0.5202709436416626,1.2867382764816284,,,,,,0.3158896565437317,-0.18442298471927643,-0.0010695736855268478,,4.556046962738037,8.741289138793945,0.010464106686413288,,0.06400998681783676,0.07643166929483414,1.6184932974283583e-05,,,,,,,,,,,,,,,,,,,,,,
83.094249,XKF1,,,,,,,,,,,,,,,,,,,,,,,91.74260007082682,91.74258422851562,,,8.988515054249962,,,,,,0.05391502007842064,-8.988471803915532,,,,,,-8.98845386505127,,-8.98845386505127,-0.03316619247198105
83.094249,POS,,,,,,,,,,,,,,,,,,,,,,,91.75221144276549,91.75220063788763,,,,,37.4275004,-122.1686621,,,0.04452799972938237,,,,43.85859298706055,,,,,,
83.194209,ATT,,,3,,,0.32,-27.84,0.31,0.02,0.0,,,,0.31,,,,-28.02,,,,0.3,,,,,,,,,,,,,,,,,,,,,
83.194209,RATE,188.25225830078125,53.40620040893555,,0.3751116693019867,1.041971206665039,,,,,,0.9912788271903992,1.1147980690002441,-0.0010180136887356639,,15.407181739807129,10.402998924255371,-0.011756796389818192,,0.06510112434625626,0.08107009530067444,3.118144377367571e-06,,,,,,,,,,,,,,,,,,,,,,
83.194209,XKF1,,,,,,,,,,,,,,,,,,,,,,,90.83976129850889,90.8397445678711,,,9.107289713203443,,,,,,0.05513269454240799,-9.107268569837963,,,,,,-9.107254981994629,,-9.107254981994629,-0.025151802226901054
83.194209,POS,,,,,,,,,,,,,,,,,,,,,,,90.84167328482596,90.84166237164698,,,,,37.4275004,-122.1686724,,,0.04452799972938237,,,,43.84041976928711,,,,,,
83.294169,ATT,,,3,,,0.34,-28.17,0.3,0.02,0.01,,,,0.34,,,,-27.98,,,,0.28,,,,,,,,,,,,,,,,,,,,,
83.294169,RATE,56.53181076049805,14.126435279846191,,0.3795848786830902,0.5972036123275757,,,,,,-0.1424049288034439,-0.42430731654167175,-0.0007291178917512298,,-7.453934192657471,-9.684808731079102,-0.0006595058366656303,,0.06766781955957413,0.06952785700559616,-3.4533240977907553e-06,,,,,,,,,,,,,,,,,,,,,,
83.294169,XKF1,,,,,,,,,,,,,,,,,,,,,,,89.9339464340887,89.93392944335938,,,9.08612382672169,,,,,,0.055281881242990494,-9.086090678643657,,,,,,-9.086073875427246,,-9.086073875427246,-0.030128471553325653
83.294169,POS,,,,,,,,,,,,,,,,,,,,,,,89.93997530606993,89.93996428348028,,,,,37.4275004,-122.1686826,,,0.04452799972938237,,,,43.83744430541992,,,,,,
83.39496199999999,ATT,,,3,,,0.3,-29.04,0.32,0.02,0.01,,,,0.3,,,,-28.85,,,,0.31,,,,,,,,,,,,,,,,,,,,,
83.39496199999999,RATE,59.075355529785156,-4.735966682434082,,0.3714374303817749,0.5961427092552185,,,,,,-0.5331328511238098,-0.7227867841720581,0.0002026856382144615,,-8.853903770446777,-8.455397605895996,0.0006850621430203319,,0.06077812984585762,0.07004554569721222,-6.986750122450758e-06,,,,,,,,,,,,,,,,,,,,,,
83.39496199999999,XKF1,,,,,,,,,,,,,,,,,,,,,,,89.03280890547627,89.03279113769531,,,9.09037989999541,,,,,,0.05624793842434883,-9.09032111952651,,,,,,-9.090298652648926,,-9.090298652648926,-0.03843347355723381
83.39496199999999,POS,,,,,,,,,,,,,,,,,,,,,,,89.03828359126983,89.0382661940573,,,,,37.4275005,-122.1686928,,,0.05565999985947201,,,,43.83407211303711,,,,,,
83.494922,ATT,,,3,,,0.22,-29.84,0.37,0.01,0.0,,,,0.22,,,,-29.7,,,,0.35,,,,,,,,,,,,,,,,,,,,,
83.494922,RATE,-270.5045166015625,-21.939659118652344,,0.35184401273727417,0.48549455404281616,,,,,,-1.0696640014648438,-0.5396457314491272,0.0004871776618529111,,-9.11153793334961,-8.493992805480957,0.001451750984415412,,0.055998705327510834,0.06567919254302979,-4.03751982958056e-06,,,,,,,,,,,,,,,,,,,,,,
83.494922,XKF1,,,,,,,,,,,,,,,,,,,,,,,88.12873321988913,88.12871551513672,,,9.077748364925192,,,,,,0.05586228147149086,-9.077686490473248,,,,,,-9.07766342163086,,-9.07766342163086,-0.03927060589194298
83.494922,POS,,,,,,,,,,,,,,,,,,,,,,,88.13658568108863,88.1365681058906,,,,,37.4275005,-122.168703,,,0.05565999985947201,,,,43.83619689941406,,,,,,
83.594882,ATT,,,3,,,0.26,-29.95,0.34,0.01,0.0,,,,0.24,,,,-30.03,,,,0.34,,,,,,,,,,,,,,,,,,,,,
83.594882,RATE,7.008934020996094,38.06359100341797,,0.436633825302124,0.32972583174705505,,,,,,0.7942760586738586,0.6975142359733582,-0.0005088679608888924,,1.661791443824768,5.615353584289551,0.00788028072565794,,0.04608173295855522,0.0762232095003128,1.4111268683336675e-05,,,,,,,,,,,,,,,,,,,,,,
83.594882,XKF1,,,,,,,,,,,,,,,,,,,,,,,87.21562472440937,87.21560668945312,,,9.16236918200616,,,,,,0.05608796328306198,-9.162321889822593,,,,,,-9.162301063537598,,-9.162301063537598,-0.03533056005835533
83.594882,POS,,,,,,,,,,,,,,,,,,,,,,,87.2172074220386,87.217189661576,,,,,37.4275005,-122.1687134,,,0.05565999985947201,,,,43.82932662963867,,,,,,
83.694842,ATT,,,3,,,0.27,-29.0,0.34,0.02,0.0,,,,0.26,,,,-29.21,,,,0.32,,,,,,,,,,,,,,,,,,,,,
83.694842,RATE,165.92092895507812,58.19810485839844,,0.4386635422706604,0.3486393690109253,,,,,,-0.007437969092279673,-0.6346732974052429,-0.0018365473952144384,,10.257673263549805,11.058159828186035,0.0010584226110950112,,0.057380560785532,0.0748216062784195,1.8701652152230963e-05,,,,,,,,,,,,,,,,,,,,,,
83.694842,XKF1,,,,,,,,,,,,,,,,,,,,,,,86.28307618531889,86.2830581665039,,,9.272981640828986,,,,,,0.05576232820749283,-9.272927722735517,,,,,,-9.272905349731445,,-9.272905349731445,-0.03761497139930725
83.694842,POS,,,,,,,,,,,,,,,,,,,,,,,86.28898899195724,86.28897104044371,,,,,37.4275005,-122.1687239,,,0.05565999985947201,,,,43.818939208984375,,,,,,
83.794802,ATT,,,3,,,0.25,-28.27,0.35,0.02,0.01,,,,0.23,,,,-28.35,,,,0.34,,,,,,,,,,,,,,,,,,,,,
83.794802,RATE,63.072776794433594,14.670306205749512,,0.38507527112960815,0.07264064252376556,,,,,,0.042609602212905884,0.9608247876167297,0.002805932890623808,,5.669338703155518,4.121196746826172,-0.00022955844178795815,,0.04977521300315857,0.09028763324022293,3.187829497619532e-05,,,,,,,,,,,,,,,,,,,,,,
83.794802,XKF1,,,,,,,,,,,,,,,,,,,,,,,85.34575187124072,85.34573364257812,,,9.329810085678186,,,,,,0.055780619382858276,-9.329769161165599,,,,,,-9.32974910736084,,-9.32974910736084,-0.03373171389102936
83.794802,POS,,,,,,,,,,,,,,,,,,,,,,,85.35193039109274,85.35191224249375,,,,,37.4275005,-122.1687345,,,0.05565999985947201,,,,43.818782806396484,,,,,,
83.894762,ATT,,,3,,,0.31,-28.53,0.32,0.02,0.01,,,,0.28,,,,-28.39,,,,0.31,,,,,,,,,,,,,,,,,,,,,
83.894762,RATE,-130.1616668701172,-28.602706909179688,,0.34693408012390137,0.5436177849769592,,,,,,0.4558374285697937,0.6467683911323547,0.0008090429473668337,,-6.257416725158691,-10.704108238220215,-0.007717295549809933,,0.053442515432834625,0.0945778340101242,4.3606287363218144e-05,,,,,,,,,,,,,,,,,,,,,,
83.894762,XKF1,,,,,,,,,,,,,,,,,,,,,,,84.40816041001032,84.40814208984375,,,9.290971735777026,,,,,,0.055612433701753616,-9.290937084946414,,,,,,-9.290918350219727,,-9.290918350219727,-0.03149610385298729
83.894762,POS,,,,,,,,,,,,,,,,,,,,,,,84.41486518858255,84.4148534445438,,,,,37.4275004,-122.1687451,,,0.04452799972938237,,,,43.82648849487305,,,,,,
83.994722,ATT,,,3,,,0.36,-29.18,0.29,0.02,0.01,,,,0.34,,,,-29.11,,,,0.28,,,,,,,,,,,,,,,,,,,,,
83.994722,RATE,15.253734588623047,32.28736114501953,,0.4392675757408142,0.20660026371479034,,,,,,0.5799394249916077,0.2752232849597931,-0.00038789090467616916,,-4.049895286560059,0.6392702460289001,0.009642948396503925,,0.05369765684008598,0.100229412317276,5.3896983445156366e-05,,,,,,,,,,,,,,,,,,,,,,
83.994722,XKF1,,,,,,,,,,,,,,,,,,,,,,,83.47128661355211,83.47126770019531,,,9.332645833955906,,,,,,0.05619113892316818,-9.332618040825354,,,,,,-9.332600593566895,,-9.332600593566895,-0.02905895747244358
83.994722,POS,,,,,,,,,,,,,,,,,,,,,,,83.47781320138144,83.47779464533757,,,,,37.4275005,-122.1687557,,,0.05565999985947201,,,,43.82473373413086,,,,,,
84.09468199999999,ATT,,,3,,,0.31,-28.6,0.32,0.02,0.0,,,,0.31,,,,-28.74,,,,0.29,,,,,,,,,,,,,,,,,,,,,
84.09468199999999,RATE,-21.463584899902344,66.36170959472656,,0.46046385169029236,0.41104382276535034,,,,,,-1.0552886724472046,-0.5580995082855225,0.0015284999972209334,,6.5751633644104,10.496204376220703,0.007725668139755726,,0.057328857481479645,0.09783125668764114,4.887032264377922e-05,,,,,,,,,,,,,,,,,,,,,,
84.09468199999999,XKF1,,,,,,,,,,,,,,,,,,,,,,,82.52754591517375,82.52752685546875,,,9.42900184903863,,,,,,0.05608833208680153,-9.428969320145395,,,,,,-9.428950309753418,,-9.428950309753418,-0.03117571771144867
84.09468199999999,POS,,,,,,,,,,,,,,,,,,,,,,,82.53191443928478,82.53189567056992,,,,,37.4275005,-122.1687664,,,0.05565999985947201,,,,43.81657028198242,,,,,,
84.194642,ATT,,,3,,,0.33,-27.8,0.31,0.02,0.0,,,,0.32,,,,-27.9,,,,0.29,,,,,,,,,,,,,,,,,,,,,
84.194642,RATE,198.7989501953125,63.99525451660156,,0.4468666613101959,0.21854770183563232,,,,,,-0.08151513338088989,-0.8609030246734619,-0.001945745781995356,,5.741008281707764,4.491801738739014,-0.0010168072767555714,,0.06442096829414368,0.1014823317527771,4.589015952660702e-05,,,,,,,,,,,,,,,,,,,,,,
84.194642,XKF1,,,,,,,,,,,,,,,,,,,,,,,81.57366632316905,81.57364654541016,,,9.469762087414189,,,,,,0.05680394545197487,-9.469716822428719,,,,,,-9.469694137573242,,-9.469694137573242,-0.03587384894490242
84.194642,POS,,,,,,,,,,,,,,,,,,,,,,,81.57717550610299,81.57715651772833,,,,,37.4275005,-122.1687772,,,0.05565999985947201,,,,43.808387756347656,,,,,,
84.294602,ATT,,,3,,,0.25,-27.82,0.35,0.02,0.01,,,,0.24,,,,-27.72,,,,0.33,,,,,,,,,,,,,,,,,,,,,
84.294602,RATE,110.89591979980469,-19.102859497070312,,0.3475528955459595,0.6315670013427734,,,,,,-0.8727008700370789,-0.8088767528533936,0.0007537830388173461,,-3.8957133293151855,-8.731687545776367,-0.0070678191259503365,,0.08066575229167938,0.0936158150434494,2.110913919750601e-05,,,,,,,,,,,,,,,,,,,,,,
84.294602,XKF1,,,,,,,,,,,,,,,,,,,,,,,80.61999198962805,80.6199722290039,,,9.439464798292512,,,,,,0.05644645541906357,-9.439406239217186,,,,,,-9.439380645751953,,-9.439380645751953,-0.039858534932136536
84.294602,POS,,,,,,,,,,,,,,,,,,,,,,,80.62243657686741,80.62241736363048,,,,,37.4275005,-122.168788,,,0.05565999985947201,,,,43.81462478637695,,,,,,
84.394562,ATT,,,3,,,0.24,-28.75,0.35,0.02,0.01,,,,0.22,,,,-28.59,,,,0.34,,,,,,,,,,,,,,,,,,,,,
84.394562,RATE,-78.89471435546875,-44.213584899902344,,0.35905691981315613,0.039451390504837036,,,,,,0.15077529847621918,0.40116140246391296,0.0006934572011232376,,-9.39367961883545,-8.989398956298828,0.0014219647273421288,,0.09386622905731201,0.08985798060894012,9.105433491640724e-07,,,,,,,,,,,,,,,,,,,,,,
84.394562,XKF1,,,,,,,,,,,,,,,,,,,,,,,79.67113233904671,79.67111206054688,,,9.40020850985832,,,,,,0.0568438358604908,-9.400154455557658,,,,,,-9.400129318237305,,-9.400129318237305,-0.038585349917411804
84.394562,POS,,,,,,,,,,,,,,,,,,,,,,,79.67653783019428,79.67651838886282,,,,,37.4275005,-122.1687987,,,0.05565999985947201,,,,43.8296012878418,,,,,,
84.494522,ATT,,,3,,,0.3,-29.39,0.32,0.02,0.0,,,,0.29,,,,-29.33,,,,0.31,,,,,,,,,,,,,,,,,,,,,
84.494522,RATE,-76.42831420898438,-59.7830810546875,,0.34683695435523987,0.31298235058784485,,,,,,0.48721590638160706,-0.4618793725967407,-0.0027875034138560295,,-6.903757095336914,-5.55936861038208,0.0033257133327424526,,0.08733376115560532,0.07792970538139343,-1.6185073036467656e-05,,,,,,,,,,,,,,,,,,,,,,
84.494522,XKF1,,,,,,,,,,,,,,,,,,,,,,,78.72556086606892,78.72554016113281,,,9.381865743067214,,,,,,0.05709654092788696,-9.38180555701409,,,,,,-9.381778717041016,,-9.381778717041016,-0.04040947183966637
84.494522,POS,,,,,,,,,,,,,,,,,,,,,,,78.73063908774571,78.73061941283892,,,,,37.4275005,-122.1688094,,,0.05565999985947201,,,,43.84391403198242,,,,,,
84.49952,MODE,,,,,,,,,,,,,,,,,,,,,,,,,,,,,,,LAND,,,,2,GCS_COMMAND,,,,,,,
84.594482,ATT,,,3,,,0.24,-29.49,0.36,0.02,0.0,,,,0.23,,,,-29.55,,,,0.34,,,,,,,,,,,,,,,,,,,,,
84.594482,RATE,-43.43080520629883,-130.622802734375,,0.3258515000343323,0.09152205288410187,,,,,,-0.6507859826087952,-0.4989337921142578,0.00020006172417197376,,-0.3252659738063812,0.8752094507217407,0.00024087796919047832,,0.09027013927698135,0.07605991512537003,-2.8850781745859422e-05,,,,,,,,,,,,,,,,,,,,,,
84.594482,XKF1,,,,,,,,,,,,,,,,,,,,,,,77.7793868695249,77.77936553955078,,,9.355814302036109,,,,,,0.057602640241384506,-9.35574258580113,,,,,,-9.355712890625,,-9.355712890625,-0.043561019003391266
84.594482,POS,,,,,,,,,,,,,,,,,,,,,,,77.78474035097791,77.78472043681501,,,,,37.4275005,-122.1688201,,,0.05565999985947201,,,,43.85968017578125,,,,,,
84.694442,ATT,,,3,,,0.23,-29.07,0.36,0.01,0.0,,,,0.22,,,,-29.23,,,,0.35,,,,,,,,,,,,,,,,,,,,,
84.694442,RATE,-77.65140533447266,-190.758056640625,,0.3156326115131378,0.7743375301361084,,,,,,0.5094549655914307,0.4976128041744232,-0.0009548126836307347,,5.738548278808594,10.321710586547852,0.010945884510874748,,0.08498109877109528,0.06686245650053024,-3.8656457036267966e-05,,,,,,,,,,,,,,,,,,,,,,
84.694442,XKF1,,,,,,,,,,,,,,,,,,,,,,,76.8394531524137,76.83943176269531,,,9.303210282674648,,,,,,0.057333655655384064,-9.30314054383623,,,,,,-9.30311107635498,,-9.30311107635498,-0.042963527143001556
84.694442,POS,,,,,,,,,,,,,,,,,,,,,,,76.84768179585558,76.84766163886503,,,,,37.4275005,-122.1688307,,,0.05565999985947201,,,,43.87110137939453,,,,,,
84.794402,ATT,,,3,,,0.25,-27.72,0.35,0.01,0.0,,,,0.24,,,,-28.01,,,,0.34,,,,,,,,,,,,,,,,,,,,,
84.794402,RATE,-103.38372802734375,-174.77273559570312,,0.3440016806125641,0.41771945357322693,,,,,,0.06119445338845253,0.09789609163999557,-0.0007264968007802963,,17.525949478149414,23.143396377563477,0.009497834369540215,,0.07902569323778152,0.06711526960134506,-3.876344271702692e-05,,,,,,,,,,,,,,,,,,,,,,
84.794402,XKF1,,,,,,,,,,,,,,,,,,,,,,,75.90537933596053,75.90535736083984,,,9.238421751572567,,,,,,0.057758629322052,-9.238370323320645,,,,,,-9.238344192504883,,-9.238344192504883,-0.03785552456974983
84.794402,POS,,,,,,,,,,,,,,,,,,,,,,,75.9106232467283,75.91060284091508,,,,,37.4275005,-122.1688413,,,0.05565999985947201,,,,43.869415283203125,,,,,,
84.894362,ATT,,,3,,,0.37,-25.11,0.29,0.01,0.01,,,,0.34,,,,-25.48,,,,0.29,,,,,,,,,,,,,,,,,,,,,
84.894362,RATE,-166.79124450683594,-191.537841796875,,0.29114750027656555,0.7117549180984497,,,,,,2.140373706817627,1.5235519409179688,-0.003124878043308854,,29.624231338500977,30.67414093017578,0.0015676163602620363,,0.07721985131502151,0.05468681827187538,-4.332526805228554e-05,,,,,,,,,,,,,,,,,,,,,,
84.894362,XKF1,,,,,,,,,,,,,,,,,,,,,,,74.97943047178396,74.97940826416016,,,9.165431268866621,,,,,,0.05770814046263695,-9.165404886476807,,,,,,-9.165385246276855,,-9.165385246276855,-0.029045337811112404
84.894362,POS,,,,,,,,,,,,,,,,,,,,,,,74.9824048782027,74.98238421978279,,,,,37.4275005,-122.1688518,,,0.05565999985947201,,,,43.857357025146484,,,,,,
84.994322,ATT,,,3,,,0.42,-22.16,0.27,0.01,0.02,,,,0.41,,,,-22.5,,,,0.26,,,,,,,,,,,,,,,,,,,,,
84.994322,RATE,-191.26548767089844,-151.32156372070312,,0.34150785207748413,0.7808421850204468,,,,,,0.7161036729812622,0.3682516813278198,-0.0014497274532914162,,32.31719970703125,36.8686637878418,0.009526174515485764,,0.06414660066366196,0.05987998843193054,-3.577392635634169e-05,,,,,,,,,,,,,,,,,,,,,,
84.994322,XKF1,,,,,,,,,,,,,,,,,,,,,,,74.06740628496924,74.0673828125,,,9.06821547321592,,,,,,0.058966848999261856,-9.06819252423064,,,,,,-9.0681734085083,,-9.0681734085083,-0.027620678767561913
84.994322,POS,,,,,,,,,,,,,,,,,,,,,,,74.07186686590842,74.07184595354214,,,,,37.4275005,-122.1688621,,,0.05565999985947201,,,,43.83196258544922,,,,,,
85.09428199999999,ATT,,,3,,,0.38,-19.59,0.28,0.01,0.02,,,,0.38,,,,-19.55,,,,0.27,,,,,,,,,,,,,,,,,,,,,
85.09428199999999,RATE,-260.88714599609375,-161.8817138671875,,0.2863452136516571,0.22168922424316406,,,,,,-1.7824561595916748,-0.1778302639722824,0.007944128476083279,,15.43702507019043,4.525772571563721,-0.007739820051938295,,0.06533153355121613,0.0573769249022007,-2.33624941756716e-05,,,,,,,,,,,,,,,,,,,,,,
85.09428199999999,XKF1,,,,,,,,,,,,,,,,,,,,,,,73.1692513420133,73.16922760009766,,,8.84629609458236,,,,,,0.05894366651773453,-8.846274772935732,,,,,,-8.846256256103516,,-8.846256256103516,-0.026548905298113823
85.09428199999999,POS,,,,,,,,,,,,,,,,,,,,,,,73.17016903419486,73.17014786411917,,,,,37.4275005,-122.1688723,,,0.05565999985947201,,,,43.793521881103516,,,,,,
85.194242,ATT,,,3,,,0.4,-19.24,0.27,0.02,0.03,,,,0.39,,,,-19.0,,,,0.26,,,,,,,,,,,,,,,,,,,,,
85.194242,RATE,32.05432891845703,-140.87039184570312,,0.3005006015300751,1.210050344467163,,,,,,-0.10847557336091995,1.1604140996932983,0.004402875434607267,,5.35233736038208,3.041994333267212,-0.0030012736096978188,,0.061462197452783585,0.055806271731853485,-1.9632147086667828e-05,,,,,,,,,,,,,,,,,,,,,,
85.194242,XKF1,,,,,,,,,,,,,,,,,,,,,,,72.2971592341933,72.29713439941406,,,8.639926912289017,,,,,,0.05992468073964119,-8.63991245948365,,,,,,-8.639896392822266,,-8.639896392822266,-0.022964559495449066
85.194242,POS,,,,,,,,,,,,,,,,,,,,,,,72.3038319082129,72.30381048447946,,,,,37.4275005,-122.1688821,,,0.05565999985947201,,,,43.74345016479492,,,,,,
85.294202,ATT,,,3,,,0.58,-18.92,0.21,0.02,0.02,,,,0.56,,,,-18.74,,,,0.21,,,,,,,,,,,,,,,,,,,,,
85.294202,RATE,-25.432968139648438,-145.4659423828125,,0.30037596821784973,0.13424357771873474,,,,,,1.3961560726165771,1.04662024974823,-0.000560055545065552,,3.79276442527771,4.759829998016357,0.0015116144204512239,,0.060872260481119156,0.04635577276349068,-3.002022822329309e-05,,,,,,,,,,,,,,,,,,,,,,
85.294202,XKF1,,,,,,,,,,,,,,,,,,,,,,,71.4450332555131,71.44500732421875,,,8.453139065267155,,,,,,0.060871370136737823,-8.453136962619922,,,,,,-8.453128814697266,,-8.453128814697266,-0.01316430326551199
85.294202,POS,,,,,,,,,,,,,,,,,,,,,,,71.44633496377428,71.44631328291369,,,,,37.4275005,-122.1688918,,,0.05565999985947201,,,,43.68446731567383,,,,,,
85.394995,ATT,,,3,,,0.54,-18.22,0.23,0.01,0.02,,,,0.55,,,,-18.18,,,,0.21,,,,,,,,,,,,,,,,,,,,,
85.394995,RATE,9.357261657714844,-132.3511962890625,,0.30141040682792664,0.37989187240600586,,,,,,-0.6602069139480591,-0.8827519416809082,-0.0007526191766373813,,8.899162292480469,8.021203994750977,-0.005122419446706772,,0.05124712362885475,0.0661134198307991,-8.364507266378496e-06,,,,,,,,,,,,,,,,,,,,,,
85.394995,XKF1,,,,,,,,,,,,,,,,,,,,,,,70.60856352568939,70.60853576660156,,,8.275218193231284,,,,,,0.06261036545038223,-8.275207990415476,,,,,,-8.275193214416504,,-8.275193214416504,-0.02033247798681259
85.394995,POS,,,,,,,,,,,,,,,,,,,,,,,70.61535854905055,70.61533661305724,,,,,37.4275005,-122.1689012,,,0.05565999985947201,,,,43.61060333251953,,,,,,
85.494955,ATT,,,3,,,0.61,-17.73,0.2,0.01,0.02,,,,0.6,,,,-17.66,,,,0.19,,,,,,,,,,,,,,,,,,,,,
85.494955,RATE,-25.992870330810547,-138.22808837890625,,0.29172927141189575,0.18993034958839417,,,,,,0.5065142512321472,-0.21080473065376282,-0.0015896691475063562,,5.345367431640625,5.505471706390381,-0.0018246860709041357,,0.046664461493492126,0.06736089289188385,4.759463081427384e-06,,,,,,,,,,,,,,,,,,,,,,
85.494955,XKF1,,,,,,,,,,,,,,,,,,,,,,,69.79023625560687,69.79020690917969,,,8.088515972293457,,,,,,0.06400146335363388,-8.088506307660772,,,,,,-8.088491439819336,,-8.088491439819336,-0.019921395927667618
85.494955,POS,,,,,,,,,,,,,,,,,,,,,,,69.79322231440909,69.79320012001847,,,,,37.4275005,-122.1689105,,,0.05565999985947201,,,,43.527286529541016,,,,,,
85.594915,ATT,,,3,,,0.59,-16.99,0.21,0.01,0.02,,,,0.57,,,,-17.0,,,,0.19,,,,,,,,,,,,,,,,,,,,,
85.594915,RATE,-66.06474304199219,-127.84881591796875,,0.29764077067375183,0.09408293664455414,,,,,,0.32812610268592834,0.3311479687690735,-0.0003541303158272058,,8.555560111999512,9.359478950500488,0.0010149131994694471,,0.047640834003686905,0.09492126852273941,3.869480860885233e-05,,,,,,,,,,,,,,,,,,,,,,
85.594915,XKF1,,,,,,,,,,,,,,,,,,,,,,,68.986047328834,68.98601531982422,,,7.918589290170066,,,,,,0.06645561754703522,-7.918578912837241,,,,,,-7.918562889099121,,-7.918562889099121,-0.020447928458452225
85.594915,POS,,,,,,,,,,,,,,,,,,,,,,,68.9887664350637,68.98874398187132,,,,,37.4275005,-122.1689196,,,0.05565999985947201,,,,43.43136215209961,,,,,,
85.694875,ATT,,,3,,,0.62,-15.87,0.2,0.01,0.02,,,,0.61,,,,-15.94,,,,0.18,,,,,,,,,,,,,,,,,,,,,
85.694875,RATE,-72.23710632324219,-122.11744689941406,,0.2895408570766449,0.1375158280134201,,,,,,0.2624569237232208,-0.2761775255203247,-0.000995546579360962,,12.399619102478027,12.503517150878906,0.00028208078583702445,,0.0420084111392498,0.10862262547016144,6.935273268027231e-05,,,,,,,,,,,,,,,,,,,,,,
85.694875,XKF1,,,,,,,,,,,,,,,,,,,,,,,68.19198944367781,68.19195556640625,,,7.754123315335131,,,,,,0.06797290593385696,-7.754109008761766,,,,,,-7.754090309143066,,-7.754090309143066,-0.022624479606747627
85.694875,POS,,,,,,,,,,,,,,,,,,,,,,,68.19315073569777,68.19312802054188,,,,,37.4275005,-122.1689286,,,0.05565999985947201,,,,43.322113037109375,,,,,,
85.79483499999999,ATT,,,3,,,0.4,-15.09,0.26,0.01,0.02,,,,0.43,,,,-15.05,,,,0.22,,,,,,,,,,,,,,,,,,,,,
85.79483499999999,RATE,-210.4442596435547,-132.02200317382812,,0.27517828345298767,0.5143179297447205,,,,,,-3.3362553119659424,-3.3856747150421143,-0.00042222090996801853,,7.339154243469238,7.006097793579102,-0.00012024445459246635,,0.05218566209077835,0.1430852860212326,0.0001032273139571771,,,,,,,,,,,,,,,,,,,,,,
85.79483499999999,XKF1,,,,,,,,,,,,,,,,,,,,,,,67.42022407997894,67.4201889038086,,,7.555150327615424,,,,,,0.0688706710934639,-7.5550679446616495,,,,,,-7.555027961730957,,-7.555027961730957,-0.04299965500831604
85.79483499999999,POS,,,,,,,,,,,,,,,,,,,,,,,67.42405556644205,67.424032592178,,,,,37.4275005,-122.1689373,,,0.05565999985947201,,,,43.20585632324219,,,,,,
85.894795,ATT,,,3,,,0.28,-13.82,0.29,0.01,0.02,,,,0.27,,,,-13.9,,,,0.26,,,,,,,,,,,,,,,,,,,,,
85.894795,RATE,-55.43537139892578,-106.67745971679688,,0.29252222180366516,0.39673465490341187,,,,,,-0.7187436819076538,0.1590920239686966,0.0014677537837997079,,15.503914833068848,16.382333755493164,0.00030841794796288013,,0.0636797696352005,0.13793741166591644,0.00011546911991899833,,,,,,,,,,,,,,,,,,,,,,
85.894795,XKF1,,,,,,,,,,,,,,,,,,,,,,,66.66608085616735,66.66604614257812,,,7.408316673022962,,,,,,0.06803261488676071,-7.408244618080516,,,,,,-7.408207416534424,,-7.408207416534424,-0.04023433104157448
85.894795,POS,,,,,,,,,,,,,,,,,,,,,,,66.67264075063844,66.67261751744947,,,,,37.4275005,-122.1689458,,,0.05565999985947201,,,,43.07380294799805,,,,,,
85.994755,ATT,,,3,,,0.34,-12.58,0.28,0.01,0.02,,,,0.3,,,,-12.59,,,,0.25,,,,,,,,,,,,,,,,,,,,,
85.994755,RATE,-105.92899322509766,-58.496307373046875,,0.2989412844181061,0.1665787547826767,,,,,,0.7523231506347656,0.6361339092254639,-0.0005145168979652226,,10.96801471710205,11.313163757324219,0.0044273072853684425,,0.06963302940130234,0.15369808673858643,0.00011359481868566945,,,,,,,,,,,,,,,,,,,,,,
85.994755,XKF1,,,,,,,,,,,,,,,,,,,,,,,65.92662561009467,65.92658996582031,,,7.214886427416447,,,,,,0.06855517625808716,-7.214804294476009,,,,,,-7.214764595031738,,-7.214764595031738,-0.0419284962117672
85.994755,POS,,,,,,,,,,,,,,,,,,,,,,,65.93006611566088,65.9300426207949,,,,,37.4275005,-122.1689542,,,0.05565999985947201,,,,42.93090057373047,,,,,,
86.094715,ATT,,,3,,,0.38,-11.04,0.27,0.01,0.02,,,,0.34,,,,-11.14,,,,0.24,,,,,,,,,,,,,,,,,,,,,
86.094715,RATE,-52.993106842041016,2.6653366088867188,,0.32670116424560547,0.04301758483052254,,,,,,0.28450191020965576,0.9062399864196777,0.0026797493919730186,,16.861343383789062,20.344369888305664,0.010550069622695446,,0.07766805589199066,0.15257114171981812,0.00011690370592987165,,,,,,,,,,,,,,,,,,,,,,
86.094715,XKF1,,,,,,,,,,,,,,,,,,,,,,,65.20568590875696,65.20565032958984,,,7.068161013237648,,,,,,0.06811700761318207,-7.068080046403134,,,,,,-7.06804084777832,,-7.06804084777832,-0.04121508449316025
86.094715,POS,,,,,,,,,,,,,,,,,,,,,,,65.21401200869089,65.21398825584964,,,,,37.4275005,-122.1689623,,,0.05565999985947201,,,,42.77543258666992,,,,,,
86.194675,ATT,,,3,,,0.39,-9.1,0.27,0.01,0.03,,,,0.37,,,,-9.16,,,,0.23,,,,,,,,,,,,,,,,,,,,,
86.194675,RATE,14.314842224121094,31.47995376586914,,0.32373303174972534,0.34254875779151917,,,,,,0.22618624567985535,0.6341878771781921,0.000609117210842669,,17.5577335357666,15.861686706542969,-0.000654194038361311,,0.08234637975692749,0.16710305213928223,0.00011896590876858681,,,,,,,,,,,,,,,,,,,,,,
86.194675,XKF1,,,,,,,,,,,,,,,,,,,,,,,64.49844191536849,64.49840545654297,,,6.891519724131359,,,,,,0.06857895851135254,-6.891445025356876,,,,,,-6.891407012939453,,-6.891407012939453,-0.039414338767528534
86.194675,POS,,,,,,,,,,,,,,,,,,,,,,,64.5067980822316,64.50677406897832,,,,,37.4275005,-122.1689703,,,0.05565999985947201,,,,42.613121032714844,,,,,,
86.294635,ATT,,,3,,,0.36,-7.9,0.27,0.01,0.03,,,,0.36,,,,-7.82,,,,0.24,,,,,,,,,,,,,,,,,,,,,
86.294635,RATE,-58.434295654296875,26.986831665039062,,0.31122690439224243,0.456758588552475,,,,,,-0.6940253973007202,-0.6634254455566406,0.0003105848445557058,,11.233580589294434,11.338362693786621,0.0008829107973724604,,0.09464667737483978,0.1626777946949005,0.00011194626858923584,,,,,,,,,,,,,,,,,,,,,,
86.294635,XKF1,,,,,,,,,,,,,,,,,,,,,,,63.814058105838576,63.814022064208984,,,6.675158446501615,,,,,,0.06782273948192596,-6.675054516845433,,,,,,-6.675011157989502,,-6.675011157989502,-0.04434328153729439
86.294635,POS,,,,,,,,,,,,,,,,,,,,,,,63.81726450845445,63.817240235742375,,,,,37.4275005,-122.1689781,,,0.05565999985947201,,,,42.453102111816406,,,,,,
86.394595,ATT,,,3,,,0.3,-6.54,0.28,0.01,0.03,,,,0.29,,,,-6.52,,,,0.25,,,,,,,,,,,,,,,,,,,,,
86.394595,RATE,-114.75028991699219,44.65937042236328,,0.32910969853401184,0.5306766033172607,,,,,,-0.6447259783744812,-0.2903860807418823,0.001292396686039865,,14.7088623046875,15.533616065979004,0.0004108893917873502,,0.10000424832105637,0.15924806892871857,0.00010039291373686865,,,,,,,,,,,,,,,,,,,,,,
86.394595,XKF1,,,,,,,,,,,,,,,,,,,,,,,63.149633261356364,63.14959716796875,,,6.471998543977375,,,,,,0.06751716136932373,-6.471871264644151,,,,,,-6.4718241691589355,,-6.4718241691589355,-0.04750870168209076
86.394595,POS,,,,,,,,,,,,,,,,,,,,,,,63.15425146300667,63.154226935471996,,,,,37.4275005,-122.1689856,,,0.05565999985947201,,,,42.29165267944336,,,,,,
86.49455499999999,ATT,,,3,,,0.35,-4.94,0.28,0.01,0.03,,,,0.32,,,,-4.98,,,,0.25,,,,,,,,,,,,,,,,,,,,,
86.49455499999999,RATE,13.548469543457031,80.96459197998047,,0.35917967557907104,0.08466506004333496,,,,,,1.195807933807373,0.28092554211616516,-0.003002117620781064,,16.417858123779297,18.94367027282715,0.004650816321372986,,0.10030263662338257,0.13411854207515717,7.105363329173997e-05,,,,,,,,,,,,,,,,,,,,,,
86.49455499999999,XKF1,,,,,,,,,,,,,,,,,,,,,,,62.506863707711936,62.50682830810547,,,6.2844338155947375,,,,,,0.0665239468216896,-6.284320657724757,,,,,,-6.284276962280273,,-6.284276962280273,-0.04440094530582428
86.49455499999999,POS,,,,,,,,,,,,,,,,,,,,,,,62.50891876959035,62.50889398883699,,,,,37.4275005,-122.1689929,,,0.05565999985947201,,,,42.123863220214844,,,,,,
86.594515,ATT,,,3,,,0.32,-3.14,0.28,0.01,0.03,,,,0.31,,,,-3.15,,,,0.25,,,,,,,,,,,,,,,,,,,,,
86.594515,RATE,71.40512084960938,75.36305236816406,,0.3460613489151001,0.035580411553382874,,,,,,-0.11684440821409225,-0.5745105147361755,-0.0011824268149212003,,17.5920352935791,16.00465202331543,-0.0045709689147770405,,0.11289943754673004,0.13904918730258942,5.290557965054177e-05,,,,,,,,,,,,,,,,,,,,,,
86.594515,XKF1,,,,,,,,,,,,,,,,,,,,,,,61.88208915130171,61.88205337524414,,,6.067466650442842,,,,,,0.06654166430234909,-6.067325449784039,,,,,,-6.067277431488037,,-6.067277431488037,-0.04791788384318352
86.594515,POS,,,,,,,,,,,,,,,,,,,,,,,61.89010660369296,61.89008157516756,,,,,37.4275005,-122.1689999,,,0.05565999985947201,,,,41.95692825317383,,,,,,
86.694475,ATT,,,3,,,0.19,-1.78,0.28,0.0,0.03,,,,0.2,,,,-1.7,,,,0.26,,,,,,,,,,,,,,,,,,,,,
86.694475,RATE,-7.553958892822266,43.193817138671875,,0.31894081830978394,0.16049040853977203,,,,,,-1.3440160751342773,-1.1996594667434692,0.0010772220557555556,,12.204564094543457,11.782236099243164,-0.0008845661068335176,,0.11157802492380142,0.12822146713733673,3.7918627640465274e-05,,,,,,,,,,,,,,,,,,,,,,
86.694475,XKF1,,,,,,,,,,,,,,,,,,,,,,,61.28222660298165,61.28219223022461,,,5.8244255093979564,,,,,,0.06490667909383774,-5.82422630670524,,,,,,-5.824172019958496,,-5.824172019958496,-0.05433963984251022
86.694475,POS,,,,,,,,,,,,,,,,,,,,,,,61.28897479039894,61.288949516389756,,,,,37.4275005,-122.1690067,,,0.05565999985947201,,,,41.79732894897461,,,,,,
86.794435,ATT,,,3,,,0.17,-0.33,0.28,0.0,0.03,,,,0.15,,,,-0.3,,,,0.26,,,,,,,,,,,,,,,,,,,,,
86.794435,RATE,36.82403564453125,47.44597625732422,,0.3416452407836914,0.15522031486034393,,,,,,0.8326603174209595,1.4784903526306152,0.0002864073612727225,,15.363968849182129,15.56005859375,-0.0016604037955403328,,0.12369712442159653,0.11229725927114487,1.2083361070835963e-05,,,,,,,,,,,,,,,,,,,,,,
86.794435,XKF1,,,,,,,,,,,,,,,,,,,,,,,60.70468121405606,60.704647064208984,,,5.594489109482221,,,,,,0.06439029425382614,-5.594329627579867,,,,,,-5.5942816734313965,,-5.5942816734313965,-0.04817628487944603
86.794435,POS,,,,,,,,,,,,,,,,,,,,,,,60.70552332816955,60.70549781124732,,,,,37.4275005,-122.1690133,,,0.05565999985947201,,,,41.63911056518555,,,,,,
86.894395,ATT,,,3,,,0.24,1.01,0.28,0.0,0.03,,,,0.22,,,,1.08,,,,0.26,,,,,,,,,,,,,,,,,,,,,
86.894395,RATE,35.23454666137695,46.3744010925293,,0.3400796353816986,0.14271466434001923,,,,,,0.4615510404109955,0.1233268529176712,-0.000684590544551611,,12.321147918701172,10.2639741897583,-0.0034228558652102947,,0.12882296741008759,0.08872566372156143,-2.701774428714998e-05,,,,,,,,,,,,,,,,,,,,,,
86.894395,XKF1,,,,,,,,,,,,,,,,,,,,,,,60.153826207607146,60.15379333496094,,,5.328721259801679,,,,,,0.06288743764162064,-5.32855146888006,,,,,,-5.3285040855407715,,-5.3285040855407715,-0.048108991235494614
86.894395,POS,,,,,,,,,,,,,,,,,,,,,,,60.15743256529362,60.15740681588814,,,,,37.4275005,-122.1690195,,,0.05565999985947201,,,,41.481014251708984,,,,,,
86.994355,ATT,,,3,,,0.15,2.33,0.28,0.0,0.03,,,,0.16,,,,2.37,,,,0.26,,,,,,,,,,,,,,,,,,,,,
86.994355,RATE,109.62248229980469,63.332359313964844,,0.3605343997478485,0.475323885679245,,,,,,-0.8982623815536499,-1.3283804655075073,-6.549042882397771e-05,,13.649996757507324,10.886218070983887,-0.007194214966148138,,0.1252845823764801,0.08479337394237518,-5.583062375080772e-05,,,,,,,,,,,,,,,,,,,,,,
86.994355,XKF1,,,,,,,,,,,,,,,,,,,,,,,59.6279053954282,59.627872467041016,,,5.074767381831941,,,,,,0.06266498565673828,-5.074509881821475,,,,,,-5.074453353881836,,-5.074453353881836,-0.05645475164055824
86.994355,POS,,,,,,,,,,,,,,,,,,,,,,,59.63586232810224,59.63583635349453,,,,,37.4275005,-122.1690254,,,0.05565999985947201,,,,41.320526123046875,,,,,,
87.094315,ATT,,,3,,,0.1,3.38,0.28,0.0,0.03,,,,0.08,,,,3.43,,,,0.26,,,,,,,,,,,,,,,,,,,,,
87.094315,RATE,24.362659454345703,42.22229766845703,,0.339292049407959,0.2544942796230316,,,,,,-0.31523048877716064,0.02087307535111904,0.0012420308776199818,,10.96207046508789,11.836996078491211,0.0009710447629913688,,0.12196345627307892,0.05863504111766815,-7.550803275080398e-05,,,,,,,,,,,,,,,,,,,,,,
87.094315,XKF1,,,,,,,,,,,,,,,,,,,,,,,59.13060445832532,59.13057327270508,,,4.813987466859485,,,,,,0.06072930246591568,-4.8137404277937605,,,,,,-4.813687801361084,,-4.813687801361084,-0.053712960332632065
87.094315,POS,,,,,,,,,,,,,,,,,,,,,,,59.13197244068531,59.13194624473629,,,,,37.4275005,-122.1690311,,,0.05565999985947201,,,,41.164329528808594,,,,,,
87.194275,ATT,,,3,,,0.12,4.57,0.28,0.0,0.03,,,,0.1,,,,4.58,,,,0.27,,,,,,,,,,,,,,,,,,,,,
87.194275,RATE,22.603607177734375,17.311063766479492,,0.32199767231941223,0.5725633502006531,,,,,,0.05570989102125168,-0.2582240402698517,-0.0007368148071691394,,12.36506175994873,13.685644149780273,0.0032786219380795956,,0.11538642644882202,0.057606637477874756,-9.69154789345339e-05,,,,,,,,,,,,,,,,,,,,,,
87.194275,XKF1,,,,,,,,,,,,,,,,,,,,,,,58.65819300759764,58.65816116333008,,,4.550175861801236,,,,,,0.0611216276884079,-4.549904260095672,,,,,,-4.549849987030029,,-4.549849987030029,-0.05445611849427223
87.194275,POS,,,,,,,,,,,,,,,,,,,,,,,58.66344325093044,58.66341684576131,,,,,37.4275005,-122.1690364,,,0.05565999985947201,,,,41.012916564941406,,,,,,
87.294235,ATT,,,3,,,0.09,5.98,0.28,0.0,0.03,,,,0.08,,,,5.96,,,,0.27,,,,,,,,,,,,,,,,,,,,,
87.294235,RATE,103.74813079833984,9.491180419921875,,0.33114561438560486,0.3980819582939148,,,,,,-0.2544318437576294,-0.18596285581588745,0.000250590150244534,,13.982853889465332,13.92982006072998,0.0003920316230505705,,0.1094561368227005,0.044893909245729446,-9.846129250945523e-05,,,,,,,,,,,,,,,,,,,,,,
87.294235,XKF1,,,,,,,,,,,,,,,,,,,,,,,58.21300901294717,58.21297836303711,,,4.291996843123945,,,,,,0.0597364716231823,-4.291719328347686,,,,,,-4.2916669845581055,,-4.2916669845581055,-0.05321085453033447
87.294235,POS,,,,,,,,,,,,,,,,,,,,,,,58.22143458412907,58.22140797849564,,,,,37.4275005,-122.1690414,,,0.05565999985947201,,,,40.86375427246094,,,,,,
87.394195,ATT,,,3,,,0.14,7.45,0.28,0.0,0.03,,,,0.11,,,,7.46,,,,0.27,,,,,,,,,,,,,,,,,,,,,
87.394195,RATE,-48.46639633178711,5.257415771484375,,0.340215265750885,0.35091036558151245,,,,,,0.99473637342453,1.3046869039535522,0.00034018358564935625,,14.37746810913086,12.619928359985352,-0.0033683236688375473,,0.09548364579677582,0.04762238636612892,-9.070854139281437e-05,,,,,,,,,,,,,,,,,,,,,,
87.394195,XKF1,,,,,,,,,,,,,,,,,,,,,,,57.79139057175696,57.791358947753906,,,4.026184072190684,,,,,,0.06045816093683243,-4.025952508694414,,,,,,-4.025905132293701,,-4.025905132293701,-0.04739249870181084
87.394195,POS,,,,,,,,,,,,,,,,,,,,,,,57.79710626708537,57.797079466121595,,,,,37.4275005,-122.1690462,,,0.05565999985947201,,,,40.71574783325195,,,,,,
87.49498799999999,ATT,,,3,,,0.23,8.46,0.3,0.01,0.03,,,,0.21,,,,8.54,,,,0.28,,,,,,,,,,,,,,,,,,,,,
87.49498799999999,RATE,14.585018157958984,29.326213836669922,,0.36248257756233215,0.04171283543109894,,,,,,0.6857397556304932,0.2585991322994232,-0.0010196121875196695,,8.949901580810547,7.5581746101379395,-0.0026824974920600653,,0.09324362128973007,0.043175000697374344,-8.77645579748787e-05,,,,,,,,,,,,,,,,,,,,,,
87.49498799999999,XKF1,,,,,,,,,,,,,,,,,,,,,,,57.39943818819091,57.39940643310547,,,3.733153812043435,,,,,,0.060377538204193115,-3.732927559037729,,,,,,-3.732882261276245,,-3.732882261276245,-0.045026745647192
87.49498799999999,POS,,,,,,,,,,,,,,,,,,,,,,,57.40813864482777,57.40811166227455,,,,,37.4275005,-122.1690506,,,0.05565999985947201,,,,40.562477111816406,,,,,,
87.594948,ATT,,,3,,,0.15,9.24,0.28,0.01,0.03,,,,0.17,,,,9.29,,,,0.28,,,,,,,,,,,,,,,,,,,,,
87.594948,RATE,1.2858390808105469,26.822423934936523,,0.35298991203308105,0.027004268020391464,,,,,,-1.1816684007644653,-1.386285662651062,5.9804588090628386e-05,,7.87374210357666,8.281462669372559,0.0005365731776691973,,0.08942753076553345,0.05300721526145935,-7.569464651169255e-05,,,,,,,,,,,,,,,,,,,,,,
87.594948,XKF1,,,,,,,,,,,,,,,,,,,,,,,57.03618408554211,57.03615188598633,,,3.439250528983353,,,,,,0.06060592830181122,-3.438904870759816,,,,,,-3.4388511180877686,,-3.4388511180877686,-0.05241363123059273
87.594948,POS,,,,,,,,,,,,,,,,,,,,,,,57.036851372774414,57.0368242145754,,,,,37.4275005,-122.1690548,,,0.05565999985947201,,,,40.40859603881836,,,,,,
87.694908,ATT,,,3,,,0.05,10.15,0.27,0.01,0.02,,,,0.06,,,,10.16,,,,0.26,,,,,,,,,,,,,,,,,,,,,
87.694908,RATE,304.8088073730469,-8.415003776550293,,0.31862005591392517,0.8138186931610107,,,,,,-0.8622503280639648,-0.38354429602622986,0.0004555680206976831,,9.368456840515137,9.70194149017334,-0.0004618930397555232,,0.07396579533815384,0.04485137015581131,-5.9941223298665136e-05,,,,,,,,,,,,,,,,,,,,,,
87.694908,XKF1,,,,,,,,,,,,,,,,,,,,,,,56.703007125853155,56.70297622680664,,,3.1541489498332465,,,,,,0.05919574946165085,-3.1537599804006726,,,,,,-3.1537065505981445,,-3.1537065505981445,-0.052826039493083954
87.694908,POS,,,,,,,,,,,,,,,,,,,,,,,56.70976496706107,56.709737652220916,,,,,37.4275005,-122.1690585,,,0.05565999985947201,,,,40.25990295410156,,,,,,
87.794868,ATT,,,3,,,0.07,11.36,0.27,0.01,0.02,,,,0.05,,,,11.31,,,,0.26,,,,,,,,,,,,,,,,,,,,,
87.794868,RATE,-30.880451202392578,-33.440704345703125,,0.32577770948410034,0.7850638628005981,,,,,,0.06787814944982529,-0.04527437686920166,-0.0004386780201457441,,13.630502700805664,13.590508460998535,-0.00199527689255774,,0.06983286887407303,0.049385834485292435,-4.9715599743649364e-05,,,,,,,,,,,,,,,,,,,,,,
87.794868,XKF1,,,,,,,,,,,,,,,,,,,,,,,56.393390660654575,56.39336013793945,,,2.8890498491068075,,,,,,0.05867331475019455,-2.8886354196871387,,,,,,-2.888582944869995,,-2.888582944869995,-0.051938436925411224
87.794868,POS,,,,,,,,,,,,,,,,,,,,,,,56.40035891070072,56.400331446014334,,,,,37.4275005,-122.169062,,,0.05565999985947201,,,,40.12026596069336,,,,,,
87.894828,ATT,,,3,,,0.06,12.47,0.27,0.01,0.02,,,,0.04,,,,12.48,,,,0.25,,,,,,,,,,,,,,,,,,,,,
87.894828,RATE,-98.95066833496094,-9.794821739196777,,0.3452605903148651,0.38552504777908325,,,,,,0.03203386813402176,0.757520318031311,0.002355522708967328,,10.082446098327637,8.303346633911133,-0.0024957626592367887,,0.06652168184518814,0.04679829254746437,-4.5821667299605906e-05,,,,,,,,,,,,,,,,,,,,,,
87.894828,XKF1,,,,,,,,,,,,,,,,,,,,,,,56.115370313029764,56.11534118652344,,,2.596777701476736,,,,,,0.0571741946041584,-2.596393026356359,,,,,,-2.596346139907837,,-2.596346139907837,-0.047340814024209976
87.894828,POS,,,,,,,,,,,,,,,,,,,,,,,56.117473373395434,56.117445770260794,,,,,37.4275005,-122.1690652,,,0.05565999985947201,,,,39.97502899169922,,,,,,
87.994788,ATT,,,3,,,0.1,13.05,0.28,0.01,0.02,,,,0.09,,,,13.14,,,,0.26,,,,,,,,,,,,,,,,,,,,,
87.994788,RATE,22.298526763916016,-1.2977025508880615,,0.34361401200294495,0.017490295693278313,,,,,,-0.03565182536840439,-0.6652374863624573,-0.0009035712573677301,,4.253768444061279,3.6206624507904053,0.0008732543792575598,,0.06942322850227356,0.05736450478434563,-3.8736903661629185e-05,,,,,,,,,,,,,,,,,,,,,,
87.994788,XKF1,,,,,,,,,,,,,,,,,,,,,,,55.86734607640228,55.86731719970703,,,2.2859237851423218,,,,,,0.05680253356695175,-2.285437811822788,,,,,,-2.285388708114624,,-2.285388708114624,-0.04945709556341171
87.994788,POS,,,,,,,,,,,,,,,,,,,,,,,55.86994853097373,55.86992080554678,,,,,37.4275005,-122.169068,,,0.05565999985947201,,,,39.825523376464844,,,,,,
88.094748,ATT,,,3,,,0.05,13.62,0.27,0.0,0.02,,,,0.05,,,,13.65,,,,0.25,,,,,,,,,,,,,,,,,,,,,
88.094748,RATE,-22.32189178466797,-6.265185356140137,,0.33510687947273254,0.012834711000323296,,,,,,-0.3548857271671295,-0.2804547846317291,0.0002976499090436846,,6.459376335144043,7.551815032958984,0.0016615367494523525,,0.06418704986572266,0.05296732112765312,-3.0900369893061e-05,,,,,,,,,,,,,,,,,,,,,,
88.094748,XKF1,,,,,,,,,,,,,,,,,,,,,,,55.65058972209963,55.65056228637695,,,1.995769693129367,,,,,,0.05525963753461838,-1.9952158760143333,,,,,,-1.9951682090759277,,-1.9951682090759277,-0.048994749784469604
88.094748,POS,,,,,,,,,,,,,,,,,,,,,,,55.657774361274626,55.65775654935976,,,,,37.4275004,-122.1690704,,,0.04452799972938237,,,,39.67743682861328,,,,,,
88.19470799999999,ATT,,,3,,,0.04,14.41,0.26,0.0,0.02,,,,0.03,,,,14.41,,,,0.25,,,,,,,,,,,,,,,,,,,,,
88.19470799999999,RATE,-7.936763763427734,4.315701007843018,,0.34782397747039795,0.0744665190577507,,,,,,-0.2415892332792282,-0.26496315002441406,0.00037322749267332256,,7.5590667724609375,6.607132911682129,-0.0022951362188905478,,0.06457895040512085,0.059913091361522675,-2.0736842998303473e-05,,,,,,,,,,,,,,,,,,,,,,
88.19470799999999,XKF1,,,,,,,,,,,,,,,,,,,,,,,55.46136116988012,55.461334228515625,,,1.6999197241505921,,,,,,0.054666340351104736,-1.6992239969415404,,,,,,-1.699175238609314,,-1.699175238609314,-0.0503048412501812
88.19470799999999,POS,,,,,,,,,,,,,,,,,,,,,,,55.46329052118106,55.46327264680811,,,,,37.4275004,-122.1690726,,,0.04452799972938237,,,,39.52781677246094,,,,,,
88.294668,ATT,,,3,,,-0.02,14.74,0.24,0.0,0.02,,,,-0.03,,,,14.84,,,,0.23,,,,,,,,,,,,,,,,,,,,,
88.294668,RATE,72.59779357910156,14.298806190490723,,0.356671005487442,0.1457630693912506,,,,,,-1.021369218826294,0.4354392886161804,0.0039580161683261395,,0.44088101387023926,-4.152326583862305,-0.005715854465961456,,0.06781847774982452,0.05719725042581558,-2.03014315047767e-05,,,,,,,,,,,,,,,,,,,,,,
88.294668,XKF1,,,,,,,,,,,,,,,,,,,,,,,55.30385060670384,55.30382537841797,,,1.3897851332181776,,,,,,0.052824635058641434,-1.3891325624584103,,,,,,-1.3890912532806396,,-1.3890912532806396,-0.04391134902834892
88.294668,POS,,,,,,,,,,,,,,,,,,,,,,,55.31300755505049,55.312989632113656,,,,,37.4275004,-122.1690743,,,0.04452799972938237,,,,39.37611770629883,,,,,,
88.394628,ATT,,,3,,,0.06,13.7,0.27,0.0,0.02,,,,0.04,,,,13.96,,,,0.25,,,,,,,,,,,,,,,,,,,,,
88.394628,RATE,81.59933471679688,14.003497123718262,,0.35295021533966064,0.1772049367427826,,,,,,0.7648004293441772,0.4919942617416382,-0.000575965503230691,,-13.711594581604004,-16.624088287353516,-0.00522499019280076,,0.057256702333688736,0.06877010315656662,-1.0372541510150768e-05,,,,,,,,,,,,,,,,,,,,,,
88.394628,XKF1,,,,,,,,,,,,,,,,,,,,,,,55.17632496548644,55.176300048828125,,,1.1023486406529917,,,,,,0.05243680626153946,-1.101557616624537,,,,,,-1.1015174388885498,,-1.1015174388885498,-0.04280020296573639
88.394628,POS,,,,,,,,,,,,,,,,,,,,,,,55.180404938317835,55.180386972310835,,,,,37.4275004,-122.1690758,,,0.04452799972938237,,,,39.224388122558594,,,,,,
88.494588,ATT,,,3,,,0.04,12.14,0.26,0.01,0.02,,,,0.04,,,,12.33,,,,0.25,,,,,,,,,,,,,,,,,,,,,
88.494588,RATE,11.32965087890625,-12.695826530456543,,0.32292184233665466,0.15807391703128815,,,,,,-1.106824517250061,-1.373414397239685,0.0007200106629170477,,-16.950414657592773,-17.503725051879883,-0.0016495386371389031,,0.058024123311042786,0.06226629391312599,-1.5577388694509864e-06,,,,,,,,,,,,,,,,,,,,,,
88.494588,XKF1,,,,,,,,,,,,,,,,,,,,,,,55.07577582184408,55.07575225830078,,,0.8634321119044422,,,,,,0.050946641713380814,-0.8621157314165089,,,,,,-0.8620712757110596,,-0.8620712757110596,-0.04845748096704483
88.494588,POS,,,,,,,,,,,,,,,,,,,,,,,55.08316302001485,55.08314502229127,,,,,37.4275004,-122.1690769,,,0.04452799972938237,,,,39.077396392822266,,,,,,
88.594548,ATT,,,3,,,-0.04,10.46,0.25,0.01,0.01,,,,-0.03,,,,10.56,,,,0.23,,,,,,,,,,,,,,,,,,,,,
88.594548,RATE,-24.69310760498047,-10.8876371383667,,0.3357500731945038,0.11822447180747986,,,,,,-0.8613296747207642,-0.6853060126304626,0.00035016139736399055,,-17.639894485473633,-16.588523864746094,0.0008910540491342545,,0.05490940436720848,0.06157470867037773,-7.687931429245509e-07,,,,,,,,,,,,,,,,,,,,,,
88.594548,XKF1,,,,,,,,,,,,,,,,,,,,,,,54.99668828396727,54.996665954589844,,,0.65729894631685,,,,,,0.049558885395526886,-0.6554156054123735,,,,,,-0.6553705334663391,,-0.6553705334663391,-0.05031270906329155
88.594548,POS,,,,,,,,,,,,,,,,,,,,,,,55.003601449664,55.003583425907074,,,,,37.4275004,-122.1690778,,,0.04452799972938237,,,,38.93172836303711,,,,,,
88.694508,ATT,,,3,,,-0.09,8.89,0.24,0.01,0.01,,,,-0.1,,,,8.9,,,,0.22,,,,,,,,,,,,,,,,,,,,,
88.694508,RATE,78.41987609863281,2.674837350845337,,0.3475826382637024,0.048748552799224854,,,,,,-0.6172856092453003,-0.03355543687939644,0.0011518981773406267,,-16.108163833618164,-15.982847213745117,-0.0008506570593453944,,0.05421283468604088,0.05712253972887993,-2.089065674226731e-06,,,,,,,,,,,,,,,,,,,,,,
88.694508,XKF1,,,,,,,,,,,,,,,,,,,,,,,54.938103898647604,54.93808364868164,,,0.47256761497528826,,,,,,0.04716978967189789,-0.47014704462482265,,,,,,-0.4701058566570282,,-0.4701058566570282,-0.0481729619204998
88.694508,POS,,,,,,,,,,,,,,,,,,,,,,,54.94172022847171,54.9417021844145,,,,,37.4275004,-122.1690785,,,0.04452799972938237,,,,38.782623291015625,,,,,,
88.794468,ATT,,,3,,,-0.05,7.64,0.24,0.01,0.01,,,,-0.06,,,,7.54,,,,0.23,,,,,,,,,,,,,,,,,,,,,
88.794468,RATE,-54.86135482788086,-3.367342472076416,,0.3362325131893158,0.2649589776992798,,,,,,0.2419409602880478,0.5750834345817566,0.0007097071502357721,,-11.1493558883667,-10.034402847290039,0.0009150959667749703,,0.05596008524298668,0.06508792191743851,-4.5165597839513794e-07,,,,,,,,,,,,,,,,,,,,,,
88.794468,XKF1,,,,,,,,,,,,,,,,,,,,,,,54.89530591299672,54.895286560058594,,,0.34105057812727574,,,,,,0.04609523341059685,-0.3380978916832398,,,,,,-0.3380601704120636,,-0.3380601704120636,-0.04506459832191467
88.794468,POS,,,,,,,,,,,,,,,,,,,,,,,54.89751935639899,54.89750129781356,,,,,37.4275004,-122.169079,,,0.04452799972938237,,,,38.634681701660156,,,,,,
88.894428,ATT,,,3,,,-0.01,6.56,0.25,0.02,0.01,,,,-0.03,,,,6.46,,,,0.23,,,,,,,,,,,,,,,,,,,,,
88.894428,RATE,10.439300537109375,-5.687174320220947,,0.32597270607948303,0.3668329417705536,,,,,,0.1964181661605835,0.061214055866003036,-0.0002264973009005189,,-10.672182083129883,-10.16369915008545,0.0005014409543946385,,0.049369070678949356,0.060633037239313126,4.315145815780852e-06,,,,,,,,,,,,,,,,,,,,,,
88.894428,XKF1,,,,,,,,,,,,,,,,,,,,,,,54.866598934707575,54.866580963134766,,,0.21788633965379117,,,,,,0.04440808296203613,-0.21349202944463158,,,,,,-0.21345672011375427,,-0.21345672011375427,-0.04371139034628868
88.894428,POS,,,,,,,,,,,,,,,,,,,,,,,54.87099092771249,54.870980764847985,,,,,37.4275003,-122.1690793,,,0.033395999599292736,,,,38.48552703857422,,,,,,
88.994388,ATT,,,3,,,0.02,5.6,0.25,0.02,0.01,,,,0.0,,,,5.5,,,,0.24,,,,,,,,,,,,,,,,,,,,,
88.994388,RATE,86.32678985595703,-3.8110880851745605,,0.32868632674217224,0.4627548158168793,,,,,,0.6265693306922913,1.4226030111312866,0.0013799108564853668,,-9.052472114562988,-8.548802375793457,0.0003877206763718277,,0.04976826161146164,0.07049589604139328,1.3725253666052595e-05,,,,,,,,,,,,,,,,,,,,,,
88.994388,XKF1,,,,,,,,,,,,,,,,,,,,,,,54.849913140584256,54.84989547729492,,,0.11432251415584596,,,,,,0.04401885345578194,-0.10961312585535044,,,,,,-0.10958702862262726,,-0.10958702862262726,-0.032562561333179474
88.994388,POS,,,,,,,,,,,,,,,,,,,,,,,54.85331057735283,54.85330041121262,,,,,37.4275003,-122.1690795,,,0.033395999599292736,,,,38.336055755615234,,,,,,
89.094348,ATT,,,3,,,0.09,4.8,0.26,0.02,0.01,,,,0.08,,,,4.69,,,,0.25,,,,,,,,,,,,,,,,,,,,,
89.094348,RATE,-64.43252563476562,-23.76137924194336,,0.3090800344944,0.18814824521541595,,,,,,0.14512796700000763,-0.47469794750213623,-0.0010706228204071522,,-7.257869243621826,-5.9900312423706055,0.0018872864311560988,,0.05097268149256706,0.060046594589948654,1.8903812815551646e-05,,,,,,,,,,,,,,,,,,,,,,
89.094348,XKF1,,,,,,,,,,,,,,,,,,,,,,,54.84319079399418,54.84317398071289,,,0.04694036512246759,,,,,,0.042944006621837616,-0.028940056101467288,,,,,,-0.028911108151078228,,-0.028911108151078224,-0.036980342119932175
89.094348,POS,,,,,,,,,,,,,,,,,,,,,,,54.84447040091753,54.844460233138676,,,,,37.4275003,-122.1690796,,,0.033395999599292736,,,,38.19050979614258,,,,,,
89.19430799999999,ATT,,,3,,,0.0,4.25,0.25,0.02,0.01,,,,0.02,,,,4.13,,,,0.24,,,,,,,,,,,,,,,,,,,,,
89.19430799999999,RATE,-50.02574920654297,-8.132380485534668,,0.33091697096824646,0.022394591942429543,,,,,,-1.7600905895233154,-2.0415568351745605,0.0011002032551914454,,-5.131857395172119,-4.133928298950195,0.00205649109557271,,0.05465672165155411,0.0523550808429718,5.786246219940949e-06,,,,,,,,,,,,,,,,,,,,,,
89.19430799999999,XKF1,,,,,,,,,,,,,,,,,,,,,,,54.84380848520118,54.84379196166992,,,0.05688867916589623,,,,,,0.04257260262966156,0.037217809730378165,,,,,,0.037251196801662445,,0.037251196801662445,-0.04299616441130638
89.19430799999999,POS,,,,,,,,,,,,,,,,,,,,,,,54.84447040091753,54.844460233138676,,,,,37.4275003,-122.1690796,,,0.033395999599292736,,,,38.04300308227539,,,,,,
89.294268,ATT,,,3,,,-0.16,3.73,0.24,0.02,0.01,,,,-0.15,,,,3.67,,,,0.23,,,,,,,,,,,,,,,,,,,,,
89.294268,RATE,26.55782699584961,14.933931350708008,,0.3481241762638092,0.12665081024169922,,,,,,-1.2686238288879395,-0.21693319082260132,0.0019163438118994236,,-5.574789524078369,-6.156788349151611,-0.00038988894084468484,,0.051952704787254333,0.04233734682202339,-1.7061931430362165e-05,,,,,,,,,,,,,,,,,,,,,,
89.294268,XKF1,,,,,,,,,,,,,,,,,,,,,,,54.851222484899665,54.8512077331543,,,0.11349950342004021,,,,,,0.04022812843322754,0.10418030775892301,,,,,,0.10421331226825714,,0.10421331226825714,-0.044963572174310684
89.294268,POS,,,,,,,,,,,,,,,,,,,,,,,54.85331057735283,54.85330041121262,,,,,37.4275003,-122.1690795,,,0.033395999599292736,,,,37.89060592651367,,,,,,
89.394228,ATT,,,3,,,-0.13,3.19,0.24,0.02,0.0,,,,-0.15,,,,3.14,,,,0.23,,,,,,,,,,,,,,,,,,,,,
89.394228,RATE,-29.891300201416016,3.469061851501465,,0.3262023627758026,0.15594348311424255,,,,,,0.5082328915596008,0.7793318629264832,0.00022261167760007083,,-4.215371608734131,-3.8462963104248047,0.00036712773726321757,,0.050488054752349854,0.04488219693303108,-1.9496936147334054e-05,,,,,,,,,,,,,,,,,,,,,,
89.394228,XKF1,,,,,,,,,,,,,,,,,,,,,,,54.865515755439674,54.865501403808594,,,0.1581245854258417,,,,,,0.0396839901804924,0.1523438144153094,,,,,,0.15237441658973694,,0.15237441658973694,-0.0422542504966259
89.394228,POS,,,,,,,,,,,,,,,,,,,,,,,54.86215075253239,54.8621405880303,,,,,37.4275003,-122.1690794,,,0.033395999599292736,,,,37.739810943603516,,,,,,
89.494188,ATT,,,3,,,-0.04,2.79,0.25,0.02,0.0,,,,-0.06,,,,2.75,,,,0.24,,,,,,,,,,,,,,,,,,,,,
89.494188,RATE,20.749950408935547,-0.8527373671531677,,0.3282058537006378,0.019361454993486404,,,,,,0.9023942351341248,0.5067633390426636,-0.0011551446514204144,,-3.8983731269836426,-2.4364161491394043,0.003728369250893593,,0.05613330379128456,0.035732634365558624,-2.6359681214671582e-05,,,,,,,,,,,,,,,,,,,,,,
89.494188,XKF1,,,,,,,,,,,,,,,,,,,,,,,54.884225942245365,54.884212493896484,,,0.19049208344376176,,,,,,0.038421403616666794,0.1869372765707401,,,,,,0.18696287274360657,,0.18696287274360657,-0.03649819269776344
89.494188,POS,,,,,,,,,,,,,,,,,,,,,,,54.87983110414938,54.87982094292193,,,,,37.4275003,-122.1690792,,,0.033395999599292736,,,,37.59016418457031,,,,,,
89.594981,ATT,,,3,,,0.0,2.58,0.25,0.02,0.0,,,,-0.01,,,,2.54,,,,0.24,,,,,,,,,,,,,,,,,,,,,
89.594981,RATE,83.81529235839844,-18.05152702331543,,0.3103635609149933,0.273291677236557,,,,,,0.5877097845077515,0.586567223072052,0.000273410085355863,,-2.456191301345825,-3.1975111961364746,-0.0013837057631462812,,0.05210870876908302,0.03204037994146347,-3.613019362092018e-05,,,,,,,,,,,,,,,,,,,,,,
89.594981,XKF1,,,,,,,,,,,,,,,,,,,,,,,54.907034384076226,54.907020568847656,,,0.2235943991364959,,,,,,0.03895004838705063,0.22105366932970266,,,,,,0.22107745707035065,,0.22107745707035065,-0.03345464542508125
89.594981,POS,,,,,,,,,,,,,,,,,,,,,,,54.906351630950674,54.90634147463124,,,,,37.4275003,-122.1690789,,,0.033395999599292736,,,,37.442352294921875,,,,,,
89.694941,ATT,,,3,,,0.03,2.21,0.25,0.01,0.0,,,,0.02,,,,2.21,,,,0.24,,,,,,,,,,,,,,,,,,,,,
89.694941,RATE,-54.90827560424805,-19.153141021728516,,0.3157980740070343,0.04649293050169945,,,,,,0.44850894808769226,0.01916208490729332,-0.0010658743558451533,,-3.684429407119751,-3.769585609436035,8.47462797537446e-05,,0.04431111365556717,0.02421623468399048,-3.81812933483161e-05,,,,,,,,,,,,,,,,,,,,,,
89.694941,XKF1,,,,,,,,,,,,,,,,,,,,,,,54.933206861134096,54.93319320678711,,,0.25518762833316055,,,,,,0.03873182088136673,0.25309897242781415,,,,,,0.25312188267707825,,0.25312188267707825,-0.03240429237484932
89.694941,POS,,,,,,,,,,,,,,,,,,,,,,,54.93287215775672,54.93286200634056,,,,,37.4275003,-122.1690786,,,0.033395999599292736,,,,37.29582977294922,,,,,,
89.794901,ATT,,,3,,,0.04,1.8,0.25,0.01,0.0,,,,0.03,,,,1.82,,,,0.25,,,,,,,,,,,,,,,,,,,,,
89.794901,RATE,-11.301231384277344,14.20279598236084,,0.35413748025894165,0.4909811317920685,,,,,,0.1674647480249405,0.5816897749900818,0.0013128301361575723,,-4.191604137420654,-4.367691516876221,-0.0002123567828675732,,0.042031459510326385,0.019837910309433937,-4.4090284063713625e-05,,,,,,,,,,,,,,,,,,,,,,
89.794901,XKF1,,,,,,,,,,,,,,,,,,,,,,,54.96354570825081,54.963531494140625,,,0.2863081718536006,,,,,,0.03952866792678833,0.2847603866159154,,,,,,0.28478169441223145,,0.28478169441223145,-0.0295255109667778
89.794901,POS,,,,,,,,,,,,,,,,,,,,,,,54.95939268582375,54.959382539306134,,,,,37.4275003,-122.1690783,,,0.033395999599292736,,,,37.14363098144531,,,,,,
89.89486099999999,ATT,,,3,,,0.1,1.57,0.25,0.01,0.0,,,,0.09,,,,1.52,,,,0.25,,,,,,,,,,,,,,,,,,,,,
89.89486099999999,RATE,107.42378234863281,-6.0187859535217285,,0.3129672408103943,0.40595269203186035,,,,,,0.3582136631011963,0.9722403883934021,0.002249840646982193,,-0.8188303112983704,0.7007811665534973,0.001957973465323448,,0.03684435412287712,0.013027457520365715,-4.169881867710501e-05,,,,,,,,,,,,,,,,,,,,,,
89.89486099999999,XKF1,,,,,,,,,,,,,,,,,,,,,,,54.99560461433754,54.99559020996094,,,0.2889425880886343,,,,,,0.03980395197868347,0.2880168638980955,,,,,,0.28803351521492004,,0.28803351521492004,-0.02290225587785244
89.89486099999999,POS,,,,,,,,,,,,,,,,,,,,,,,54.994753387826705,54.99474324783313,,,,,37.4275003,-122.1690779,,,0.033395999599292736,,,,36.991485595703125,,,,,,
89.994821,ATT,,,3,,,0.19,1.49,0.25,0.01,0.0,,,,0.18,,,,1.47,,,,0.25,,,,,,,,,,,,,,,,,,,,,
89.994821,RATE,4.737567901611328,-17.615774154663086,,0.31350624561309814,0.09841082245111465,,,,,,0.9088855981826782,0.7876563668251038,0.00019372734823264182,,-1.514970302581787,-1.844279170036316,0.0001652384817134589,,0.02891094982624054,0.01078336127102375,-4.210443148622289e-05,,,,,,,,,,,,,,,,,,,,,,
89.994821,XKF1,,,,,,,,,,,,,,,,,,,,,,,55.028530510784684,55.02851486206055,,,0.30308316707421556,,,,,,0.0415000282227993,0.3023908371971407,,,,,,0.3024061918258667,,0.3024061918258667,-0.020246019586920738
89.994821,POS,,,,,,,,,,,,,,,,,,,,,,,55.02127391590474,55.0212637807987,,,,,37.4275003,-122.1690776,,,0.033395999599292736,,,,36.84687042236328,,,,,,
90.094781,ATT,,,3,,,0.18,1.31,0.25,0.01,0.0,,,,0.19,,,,1.31,,,,0.25,,,,,,,,,,,,,,,,,,,,,
90.094781,RATE,-107.52506256103516,-2.1249194145202637,,0.33533161878585815,0.5097688436508179,,,,,,-0.29136162996292114,-0.2509576678276062,0.0004390077665448189,,-1.4112358093261719,-1.5116444826126099,0.00017407731502316892,,0.023709094151854515,0.005419842433184385,-3.9920669223647565e-05,,,,,,,,,,,,,,,,,,,,,,
90.094781,XKF1,,,,,,,,,,,,,,,,,,,,,,,55.062176606768126,55.06216049194336,,,0.310802835064717,,,,,,0.04212640970945358,0.3100031029445114,,,,,,0.3100200593471527,,0.3100200593471527,-0.02204461582005024
90.094781,POS,,,,,,,,,,,,,,,,,,,,,,,55.05663461792236,55.05662448932569,,,,,37.4275003,-122.1690772,,,0.033395999599292736,,,,36.69956588745117,,,,,,
90.194741,ATT,,,3,,,0.15,1.06,0.25,0.01,0.0,,,,0.16,,,,1.09,,,,0.25,,,,,,,,,,,,,,,,,,,,,
90.194741,RATE,21.47216796875,16.594337463378906,,0.3389376699924469,0.28691181540489197,,,,,,-0.41715899109840393,-0.3736025393009186,4.3135532905580476e-05,,-3.0835113525390625,-3.884124994277954,-0.0017811006400734186,,0.021876389160752296,0.0018199363257735968,-4.303729656385258e-05,,,,,,,,,,,,,,,,,,,,,,
90.194741,XKF1,,,,,,,,,,,,,,,,,,,,,,,55.09800127455137,55.097984313964844,,,0.32756980878268543,,,,,,0.04323180019855499,0.32655664064321044,,,,,,0.32657673954963684,,0.32657673954963684,-0.02548750303685665
90.194741,POS,,,,,,,,,,,,,,,,,,,,,,,55.0919953212046,55.091985199108954,,,,,37.4275003,-122.1690768,,,0.033395999599292736,,,,36.545650482177734,,,,,,
90.294701,ATT,,,3,,,0.14,0.76,0.25,0.01,0.0,,,,0.14,,,,0.77,,,,0.25,,,,,,,,,,,,,,,,,,,,,
90.294701,RATE,91.40977478027344,-8.328893661499023,,0.30988892912864685,0.3149441182613373,,,,,,0.19275705516338348,0.4700174331665039,0.000408915220759809,,-2.510141611099243,-1.9015276432037354,0.0014738637255504727,,0.019021403044462204,-0.003266630694270134,-4.409169559949078e-05,,,,,,,,,,,,,,,,,,,,,,
90.294701,XKF1,,,,,,,,,,,,,,,,,,,,,,,55.134401220176386,55.13438415527344,,,0.33078358179418654,,,,,,0.04337886720895767,0.32995015112941145,,,,,,0.32996851205825806,,0.32996851205825806,-0.02320687472820282
90.294701,POS,,,,,,,,,,,,,,,,,,,,,,,55.12735602449517,55.12734590889221,,,,,37.4275003,-122.1690764,,,0.033395999599292736,,,,36.39584732055664,,,,,,
90.394661,ATT,,,3,,,0.16,0.58,0.25,0.01,0.0,,,,0.15,,,,0.59,,,,0.26,,,,,,,,,,,,,,,,,,,,,
90.394661,RATE,16.07646942138672,-14.072117805480957,,0.31881800293922424,0.1859169602394104,,,,,,-0.0435677208006382,0.03686027228832245,0.0003893639368470758,,-2.0635483264923096,-2.182731866836548,0.0003252795431762934,,0.01359086949378252,-0.0064035337418317795,-4.436696326592937e-05,,,,,,,,,,,,,,,,,,,,,,
90.394661,XKF1,,,,,,,,,,,,,,,,,,,,,,,55.1718928272167,55.171875,,,0.33613222237320556,,,,,,0.044352252036333084,0.33520853292383956,,,,,,0.33522844314575195,,0.33522844314575195,-0.024632535874843597
90.394661,POS,,,,,,,,,,,,,,,,,,,,,,,55.17155690299196,55.17154679549315,,,,,37.4275003,-122.1690759,,,0.033395999599292736,,,,36.25010299682617,,,,,,
90.494621,ATT,,,3,,,0.18,0.49,0.25,0.01,0.0,,,,0.16,,,,0.46,,,,0.26,,,,,,,,,,,,,,,,,,,,,
90.494621,RATE,2.293682098388672,-6.41183614730835,,0.3277081549167633,0.2169617861509323,,,,,,0.14376945793628693,1.2213654518127441,0.0037182956002652645,,0.247017040848732,1.2621713876724243,3.4104567021131516e-05,,0.011075758375227451,-0.009060770273208618,-4.19439711549785e-05,,,,,,,,,,,,,,,,,,,,,,
90.494621,XKF1,,,,,,,,,,,,,,,,,,,,,,,55.20844159307329,55.20842361450195,,,0.31945298732678484,,,,,,0.04455488175153732,0.31881991459171266,,,,,,0.3188360333442688,,0.3188360333442688,-0.019844267517328262
90.494621,POS,,,,,,,,,,,,,,,,,,,,,,,55.20692546139656,55.206907504020144,,,,,37.4275004,-122.1690755,,,0.04452799972938237,,,,36.10222625732422,,,,,,
90.594581,ATT,,,3,,,0.16,0.39,0.25,0.01,0.0,,,,0.16,,,,0.4,,,,0.26,,,,,,,,,,,,,,,,,,,,,
90.594581,RATE,125.65975189208984,3.232106924057007,,0.3315982222557068,0.17165736854076385,,,,,,-0.36346375942230225,-0.26509422063827515,-0.00020629023492801934,,-1.573862075805664,-1.6938523054122925,0.0009130785474553704,,0.0041694301180541515,-0.010585405863821507,-3.889871732098982e-05,,,,,,,,,,,,,,,,,,,,,,
90.594581,XKF1,,,,,,,,,,,,,,,,,,,,,,,55.2454829398911,55.24546432495117,,,0.32426366724930045,,,,,,0.04535176232457161,0.32319459186879074,,,,,,0.3232160806655884,,0.3232160806655884,-0.026044022291898727
90.594581,POS,,,,,,,,,,,,,,,,,,,,,,,55.242286159685264,55.242268213803406,,,,,37.4275004,-122.1690751,,,0.04452799972938237,,,,35.951175689697266,,,,,,
90.694541,ATT,,,3,,,0.07,0.22,0.25,0.0,0.0,,,,0.08,,,,0.24,,,,0.26,,,,,,,,,,,,,,,,,,,,,
90.694541,RATE,-70.95994567871094,-5.988966941833496,,0.32402679324150085,0.5475672483444214,,,,,,-1.3716566562652588,-1.4063130617141724,-0.0003693759208545089,,-1.6476538181304932,-1.5558902025222778,-0.0002858478983398527,,-0.0020621800795197487,-0.01084959041327238,-3.321649273857474e-05,,,,,,,,,,,,,,,,,,,,,,
90.694541,XKF1,,,,,,,,,,,,,,,,,,,,,,,55.28162290813644,55.2816047668457,,,0.3206883066728313,,,,,,0.04478570818901062,0.31880480290443775,,,,,,0.3188328146934509,,0.3188328146934509,-0.03444744274020195
90.694541,POS,,,,,,,,,,,,,,,,,,,,,,,55.27764685798867,55.27762892358666,,,,,37.4275004,-122.1690747,,,0.04452799972938237,,,,35.80303955078125,,,,,,
90.794501,ATT,,,3,,,0.11,0.11,0.25,0.0,0.0,,,,0.08,,,,0.12,,,,0.26,,,,,,,,,,,,,,,,,,,,,
90.794501,RATE,31.672382354736328,-20.418785095214844,,0.30431312322616577,0.07490671426057816,,,,,,1.2028158903121948,1.5549843311309814,-0.00021101132733747363,,-0.8152076005935669,-0.10461064428091049,0.0012273140018805861,,-0.013845620676875114,-0.009186250157654285,-2.050630428129807e-05,,,,,,,,,,,,,,,,,,,,,,
90.794501,XKF1,,,,,,,,,,,,,,,,,,,,,,,55.31819843312619,55.318180084228516,,,0.30740813870394773,,,,,,0.045056138187646866,0.3063547761818767,,,,,,0.3063753843307495,,0.3063753843307495,-0.02517712488770485
90.794501,POS,,,,,,,,,,,,,,,,,,,,,,,55.31300755505049,55.312989632113656,,,,,37.4275004,-122.1690743,,,0.04452799972938237,,,,35.655784606933594,,,,,,
90.89446099999999,ATT,,,3,,,0.27,0.15,0.25,0.0,0.0,,,,0.24,,,,0.15,,,,0.25,,,,,,,,,,,,,,,,,,,,,
90.89446099999999,RATE,-12.60232925415039,-20.87002182006836,,0.3109273612499237,0.1634259670972824,,,,,,1.7555899620056152,1.8288676738739014,0.0006317771039903164,,-0.07514963299036026,-1.1227601766586304,-0.001536614610813558,,-0.01572004146873951,-0.0025132924783974886,-4.813118721358478e-07,,,,,,,,,,,,,,,,,,,,,,
90.89446099999999,XKF1,,,,,,,,,,,,,,,,,,,,,,,55.352359293554436,55.35234069824219,,,0.29726153877038214,,,,,,0.04537167027592659,0.29685076102689606,,,,,,0.29686346650123596,,0.29686346650123596,-0.015378708951175213
90.89446099999999,POS,,,,,,,,,,,,,,,,,,,,,,,55.34836825338322,55.34835034189691,,,,,37.4275004,-122.1690739,,,0.04452799972938237,,,,35.50945281982422,,,,,,
90.994421,ATT,,,3,,,0.24,0.03,0.25,0.0,0.0,,,,0.25,,,,0.04,,,,0.25,,,,,,,,,,,,,,,,,,,,,
90.994421,RATE,-39.537620544433594,-29.177997589111328,,0.29707929491996765,0.036591894924640656,,,,,,-1.2496782541275024,-1.1692904233932495,0.0017381127690896392,,-0.7250522375106812,-0.1334071010351181,0.0014368193224072456,,-0.012493383139371872,-0.00048818119103088975,4.235934284224641e-06,,,,,,,,,,,,,,,,,,,,,,
90.994421,XKF1,,,,,,,,,,,,,,,,,,,,,,,55.386745589814176,55.38672637939453,,,0.28549248901664226,,,,,,0.04613030329346657,0.284470011526632,,,,,,0.28449001908302307,,0.28449001908302307,-0.023903772234916687
90.994421,POS,,,,,,,,,,,,,,,,,,,,,,,55.38372895173058,55.38371105168017,,,,,37.4275004,-122.1690735,,,0.04452799972938237,,,,35.3631706237793,,,,,,
91.094381,ATT,,,3,,,0.16,-0.11,0.25,0.0,0.0,,,,0.16,,,,-0.09,,,,0.25,,,,,,,,,,,,,,,,,,,,,
91.094381,RATE,-81.51283264160156,-0.5650596022605896,,0.33416083455085754,0.7958986163139343,,,,,,-0.8353608250617981,-0.10321024060249329,0.003416458610445261,,-1.7139285802841187,-1.0792025327682495,0.0018928891513496637,,-0.007941952906548977,0.0016178445657715201,4.160160642641131e-06,,,,,,,,,,,,,,,,,,,,,,
91.094381,XKF1,,,,,,,,,,,,,,,,,,,,,,,55.419188998779894,55.41917037963867,,,0.27965905376065237,,,,,,0.04542813077569008,0.2783670003541374,,,,,,0.2783889174461365,,0.2783889174461365,-0.02662324160337448
91.094381,POS,,,,,,,,,,,,,,,,,,,,,,,55.41908964883627,55.41907176020717,,,,,37.4275004,-122.1690731,,,0.04452799972938237,,,,35.21322250366211,,,,,,
91.194341,ATT,,,3,,,0.25,-0.19,0.25,0.0,0.0,,,,0.21,,,,-0.18,,,,0.25,,,,,,,,,,,,,,,,,,,,,
91.194341,RATE,59.08317565917969,8.677386283874512,,0.3204466998577118,0.3165745437145233,,,,,,1.2467094659805298,2.4813766479492188,0.003281665500253439,,-0.5000007152557373,-0.9484939575195312,-0.002012234879657626,,-0.007490189746022224,-0.0013585258275270462,-1.3383178156800568e-06,,,,,,,,,,,,,,,,,,,,,,
91.194341,XKF1,,,,,,,,,,,,,,,,,,,,,,,55.45286601021699,55.45284652709961,,,0.2680280020042524,,,,,,0.046484287828207016,0.26767066093016645,,,,,,0.26768216490745544,,0.26768216490745544,-0.013611335307359695
91.194341,POS,,,,,,,,,,,,,,,,,,,,,,,55.44561017324543,55.445592293172744,,,,,37.4275004,-122.1690728,,,0.04452799972938237,,,,35.05729293823242,,,,,,
91.294301,ATT,,,3,,,0.34,-0.3,0.25,0.0,0.0,,,,0.34,,,,-0.29,,,,0.25,,,,,,,,,,,,,,,,,,,,,
91.294301,RATE,-0.8319854736328125,28.067102432250977,,0.34570884704589844,0.35432228446006775,,,,,,0.13653011620044708,-0.46400153636932373,-0.0007298165000975132,,-1.06233811378479,-1.0789715051651,0.00039661722257733345,,-0.0074834395200014114,-0.0013252319768071175,-1.8080863810610026e-06,,,,,,,,,,,,,,,,,,,,,,
91.294301,XKF1,,,,,,,,,,,,,,,,,,,,,,,55.48339891870508,55.48337936401367,,,0.25887221557864837,,,,,,0.0465824119746685,0.25818870810534605,,,,,,0.2582044005393982,,0.2582044005393982,-0.018582560122013092
91.294301,POS,,,,,,,,,,,,,,,,,,,,,,,55.48097087037659,55.48095300169974,,,,,37.4275004,-122.1690724,,,0.04452799972938237,,,,34.9011344909668,,,,,,
91.394261,ATT,,,3,,,0.28,-0.4,0.25,0.0,0.0,,,,0.29,,,,-0.39,,,,0.25,,,,,,,,,,,,,,,,,,,,,
91.394261,RATE,54.952144622802734,31.22086524963379,,0.3383311927318573,0.042925309389829636,,,,,,-0.5652369856834412,-0.6263347864151001,0.00030411852640099823,,-1.1481428146362305,-0.7057248950004578,0.0019678431563079357,,-0.009635365568101406,-0.0022567573469132185,-4.680876372731291e-06,,,,,,,,,,,,,,,,,,,,,,
91.394261,XKF1,,,,,,,,,,,,,,,,,,,,,,,55.51422563414441,55.51420593261719,,,0.24726929645867102,,,,,,0.046769965440034866,0.24630327986202863,,,,,,0.24632158875465393,,0.24632158875465393,-0.02162821963429451
91.394261,POS,,,,,,,,,,,,,,,,,,,,,,,55.5074913948048,55.50747353466531,,,,,37.4275004,-122.1690721,,,0.04452799972938237,,,,34.743141174316406,,,,,,
91.494221,ATT,,,3,,,0.35,-0.43,0.25,0.0,0.0,,,,0.33,,,,-0.43,,,,0.25,,,,,,,,,,,,,,,,,,,,,
91.494221,RATE,23.110198974609375,18.3475284576416,,0.32788941264152527,0.13363531231880188,,,,,,1.1362006664276123,0.8879178166389465,0.0008279560715891421,,-0.5695616006851196,-0.25100067257881165,0.0018786212895065546,,-0.004591041244566441,-0.0015931891975924373,-4.430246917763725e-06,,,,,,,,,,,,,,,,,,,,,,
91.494221,XKF1,,,,,,,,,,,,,,,,,,,,,,,55.54224815601318,55.54222869873047,,,0.23212926152099086,,,,,,0.046490881592035294,0.23162237116301404,,,,,,0.23163512349128723,,0.23163512349128723,-0.015138151124119759
91.494221,POS,,,,,,,,,,,,,,,,,,,,,,,55.53401191798493,55.533994066374625,,,,,37.4275004,-122.1690718,,,0.04452799972938237,,,,34.588687896728516,,,,,,
91.59418099999999,ATT,,,3,,,0.31,-0.39,0.25,0.0,0.0,,,,0.34,,,,-0.39,,,,0.25,,,,,,,,,,,,,,,,,,,,,
91.59418099999999,RATE,-70.40348052978516,27.630146026611328,,0.3449026942253113,0.5995019674301147,,,,,,-1.0304778814315796,-3.06850266456604,-0.005272984970360994,,0.19672971963882446,0.20395436882972717,-7.854730938561261e-05,,-0.005063201300799847,-0.006340233143419027,-8.630101547169033e-06,,,,,,,,,,,,,,,,,,,,,,
91.59418099999999,XKF1,,,,,,,,,,,,,,,,,,,,,,,55.569565822998314,55.56954574584961,,,0.21613246834372896,,,,,,0.04723723605275154,0.21419036449422516,,,,,,0.21421486139297485,,0.21421486139297485,-0.028726939111948013
91.59418099999999,POS,,,,,,,,,,,,,,,,,,,,,,,55.569372615152325,55.56935477490162,,,,,37.4275004,-122.1690714,,,0.04452799972938237,,,,34.43449401855469,,,,,,
91.694974,ATT,,,3,,,0.13,-0.4,0.25,0.0,0.0,,,,0.14,,,,-0.38,,,,0.26,,,,,,,,,,,,,,,,,,,,,
91.694974,RATE,-15.587043762207031,22.063152313232422,,0.3324835002422333,0.2068084180355072,,,,,,-1.1718772649765015,-0.43274375796318054,0.0014436745550483465,,-0.36722779273986816,-0.8909506797790527,-0.001121431472711265,,-0.013135184533894062,-0.008951492607593536,-8.411431736021768e-06,,,,,,,,,,,,,,,,,,,,,,
91.694974,XKF1,,,,,,,,,,,,,,,,,,,,,,,55.594715452113405,55.594696044921875,,,0.20486784216794898,,,,,,0.046452924609184265,0.2027406484930126,,,,,,0.20276518166065216,,0.20276518166065216,-0.02927650697529316
91.694974,POS,,,,,,,,,,,,,,,,,,,,,,,55.58705296436957,55.58703512979324,,,,,37.4275004,-122.1690712,,,0.04452799972938237,,,,34.280487060546875,,,,,,
91.794934,ATT,,,3,,,0.24,-0.25,0.25,0.0,0.0,,,,0.19,,,,-0.3,,,,0.26,,,,,,,,,,,,,,,,,,,,,
91.794934,RATE,31.293201446533203,16.863672256469727,,0.3296130299568176,0.3534837067127228,,,,,,2.312375068664551,2.794527292251587,0.0004661252605728805,,3.3662774562835693,4.386626243591309,0.001516729244031012,,-0.004315375350415707,-0.017129670828580856,-1.6678808606229722e-05,,,,,,,,,,,,,,,,,,,,,,
91.794934,XKF1,,,,,,,,,,,,,,,,,,,,,,,55.61791653121705,55.617897033691406,,,0.16767819753163768,,,,,,0.04657062515616417,0.16678762602674,,,,,,0.16680201888084412,,0.16680201888084412,-0.01711912453174591
91.794934,POS,,,,,,,,,,,,,,,,,,,,,,,55.61357348883035,55.61355566275882,,,,,37.4275004,-122.1690709,,,0.04452799972938237,,,,34.128868103027344,,,,,,
91.894894,ATT,,,3,,,0.36,-0.12,0.25,0.0,0.0,,,,0.34,,,,-0.1,,,,0.26,,,,,,,,,,,,,,,,,,,,,
91.894894,RATE,145.02439880371094,-7.565587043762207,,0.31182602047920227,0.34447532892227173,,,,,,0.8823304772377014,-0.5510396957397461,-0.002846590941771865,,-0.0815451517701149,-0.418594092130661,0.0018299790099263191,,-0.012656920589506626,-0.017046554014086723,-2.2402206013794057e-05,,,,,,,,,,,,,,,,,,,,,,
91.894894,XKF1,,,,,,,,,,,,,,,,,,,,,,,55.63839771796501,55.63837814331055,,,0.15996186163430795,,,,,,0.04667123779654503,0.15812591253436348,,,,,,0.15814612805843353,,0.15814612805843353,-0.02403329685330391
91.894894,POS,,,,,,,,,,,,,,,,,,,,,,,55.63125383680035,55.63123601639418,,,,,37.4275004,-122.1690707,,,0.04452799972938237,,,,33.981468200683594,,,,,,
91.994854,ATT,,,3,,,0.21,-0.16,0.25,0.0,0.0,,,,0.22,,,,-0.12,,,,0.26,,,,,,,,,,,,,,,,,,,,,
91.994854,RATE,-89.4754409790039,-30.201045989990234,,0.3070524334907532,0.7261807322502136,,,,,,-1.3228724002838135,-0.6950531601905823,0.0017797357868403196,,-1.0227861404418945,-1.8504433631896973,-0.0002508973120711744,,-0.010940846055746078,-0.017969217151403427,-2.3734652131679468e-05,,,,,,,,,,,,,,,,,,,,,,
91.994854,XKF1,,,,,,,,,,,,,,,,,,,,,,,55.65863022249447,55.65861129760742,,,0.1534334691222674,,,,,,0.0458984337747097,0.15168919800925518,,,,,,0.15170817077159882,,0.15170817077159882,-0.022944724187254906
91.994854,POS,,,,,,,,,,,,,,,,,,,,,,,55.657774361274626,55.65775654935976,,,,,37.4275004,-122.1690704,,,0.04452799972938237,,,,33.83992385864258,,,,,,
92.094814,ATT,,,3,,,0.22,-0.35,0.25,0.0,0.0,,,,0.21,,,,-0.31,,,,0.26,,,,,,,,,,,,,,,,,,,,,
92.094814,RATE,54.35152053833008,-20.673368453979492,,0.31133022904396057,0.5202184915542603,,,,,,-0.00535464147105813,0.29897353053092957,0.0016553516034036875,,-1.6235522031784058,-1.2541347742080688,0.0006148134707473218,,-0.009659044444561005,-0.016565458849072456,-2.239683090010658e-05,,,,,,,,,,,,,,,,,,,,,,
92.094814,XKF1,,,,,,,,,,,,,,,,,,,,,,,55.67780600668753,55.67778778076172,,,0.14932325765214072,,,,,,0.04505062475800514,0.1472828899478276,,,,,,0.1473027467727661,,0.1473027467727661,-0.024481341242790222
92.094814,POS,,,,,,,,,,,,,,,,,,,,,,,55.67545471050989,55.67543690425139,,,,,37.4275004,-122.1690702,,,0.04452799972938237,,,,33.6949348449707,,,,,,
92.194774,ATT,,,3,,,0.2,-0.32,0.25,0.0,0.0,,,,0.2,,,,-0.32,,,,0.26,,,,,,,,,,,,,,,,,,,,,
92.194774,RATE,-25.12960433959961,-21.39737892150879,,0.3140452802181244,0.309783935546875,,,,,,-0.5731766819953918,-1.3546568155288696,-0.0012573471758514643,,0.5596783757209778,0.20773430168628693,-0.0015410896157845855,,-0.004408220294862986,-0.02155635692179203,-2.8999565984122455e-05,,,,,,,,,,,,,,,,,,,,,,
92.194774,XKF1,,,,,,,,,,,,,,,,,,,,,,,55.695910057320404,55.695892333984375,,,0.13625322050261385,,,,,,0.04443235695362091,0.13207994788933,,,,,,0.13210660219192505,,0.13210660219192505,-0.03335844352841377
92.194774,POS,,,,,,,,,,,,,,,,,,,,,,,55.693127270728056,55.693117257886755,,,,,37.4275003,-122.16907,,,0.033395999599292736,,,,33.55076599121094,,,,,,
92.29473399999999,ATT,,,3,,,0.13,-0.45,0.25,0.0,0.0,,,,0.12,,,,-0.42,,,,0.26,,,,,,,,,,,,,,,,,,,,,
92.29473399999999,RATE,-65.99264526367188,-8.864128112792969,,0.3200733959674835,0.25840139389038086,,,,,,-0.4173250198364258,0.04185963422060013,0.0013465508818626404,,-1.4048782587051392,-1.0382534265518188,0.0012890389189124107,,-0.004103726241737604,-0.026565130800008774,-4.2836556531256065e-05,,,,,,,,,,,,,,,,,,,,,,
92.29473399999999,XKF1,,,,,,,,,,,,,,,,,,,,,,,55.71320472956796,55.71318817138672,,,0.13441151027474643,,,,,,0.04295367747545242,0.13125108803529256,,,,,,0.13127338886260986,,0.13127338886260986,-0.028874754905700684
92.29473399999999,POS,,,,,,,,,,,,,,,,,,,,,,,55.71080762244201,55.710797612778386,,,,,37.4275003,-122.1690698,,,0.033395999599292736,,,,33.403160095214844,,,,,,
92.394694,ATT,,,3,,,0.15,-0.43,0.25,0.0,0.0,,,,0.14,,,,-0.44,,,,0.26,,,,,,,,,,,,,,,,,,,,,
92.394694,RATE,129.90426635742188,4.878316879272461,,0.3272877633571625,0.3449529707431793,,,,,,0.5604745745658875,0.5739407539367676,-0.0008793160086497664,,1.0733143091201782,1.593557596206665,0.00030474847881123424,,-0.010360199958086014,-0.0334947407245636,-5.040945688961074e-05,,,,,,,,,,,,,,,,,,,,,,
92.394694,XKF1,,,,,,,,,,,,,,,,,,,,,,,55.72993891889188,55.729923248291016,,,0.11714491680126336,,,,,,0.0417928583920002,0.11403988736628341,,,,,,0.1140599474310875,,0.1140599474310875,-0.02670692652463913
92.394694,POS,,,,,,,,,,,,,,,,,,,,,,,55.72848797415799,55.72847796767002,,,,,37.4275003,-122.1690696,,,0.033395999599292736,,,,33.252296447753906,,,,,,
92.494654,ATT,,,3,,,0.17,-0.29,0.25,0.0,0.0,,,,0.17,,,,-0.31,,,,0.26,,,,,,,,,,,,,,,,,,,,,
92.494654,RATE,-13.277053833007812,21.567089080810547,,0.34373125433921814,0.09787575155496597,,,,,,0.21554633975028992,-0.8346537351608276,-0.0026184371672570705,,1.6345267295837402,1.4119088649749756,-0.00026430562138557434,,-0.004085320048034191,-0.0365961417555809,-5.624431651085615e-05,,,,,,,,,,,,,,,,,,,,,,
92.494654,XKF1,,,,,,,,,,,,,,,,,,,,,,,55.74436891321415,55.744354248046875,,,0.10428988643218767,,,,,,0.04043514281511307,0.10018690376429051,,,,,,0.10020788758993149,,0.10020788758993149,-0.028892207890748978
92.494654,POS,,,,,,,,,,,,,,,,,,,,,,,55.737328149388595,55.737318144487695,,,,,37.4275003,-122.1690695,,,0.033395999599292736,,,,33.09989547729492,,,,,,
92.59461399999999,ATT,,,3,,,0.13,-0.24,0.25,0.0,0.0,,,,0.13,,,,-0.22,,,,0.26,,,,,,,,,,,,,,,,,,,,,
92.59461399999999,RATE,-5.994987487792969,-4.523716926574707,,0.3005211055278778,0.5936127305030823,,,,,,0.03855058178305626,-0.16119785606861115,-0.0010664938017725945,,0.25801631808280945,-0.6829428672790527,-0.002352287760004401,,-0.004096909426152706,-0.04067763686180115,-6.348978058667853e-05,,,,,,,,,,,,,,,,,,,,,,
92.59461399999999,XKF1,,,,,,,,,,,,,,,,,,,,,,,55.758081757951985,55.7580680847168,,,0.09696638476768674,,,,,,0.039048515260219574,0.09228077551886955,,,,,,0.09230160713195801,,0.09230160713195801,-0.029713517054915428
92.59461399999999,POS,,,,,,,,,,,,,,,,,,,,,,,55.755008501107596,55.754998499379326,,,,,37.4275003,-122.1690693,,,0.033395999599292736,,,,32.94969940185547,,,,,,
92.694574,ATT,,,3,,,0.06,-0.3,0.25,0.0,0.0,,,,0.06,,,,-0.28,,,,0.26,,,,,,,,,,,,,,,,,,,,,
92.694574,RATE,36.499595642089844,-31.86210823059082,,0.28681549429893494,0.2507809102535248,,,,,,-0.9031103253364563,-0.9794710278511047,0.00012428965419530869,,-0.16433091461658478,-0.08362731337547302,-0.0005995581159368157,,-0.009734326973557472,-0.0406402125954628,-6.365866283886135e-05,,,,,,,,,,,,,,,,,,,,,,
92.694574,XKF1,,,,,,,,,,,,,,,,,,,,,,,55.77061552184568,55.77060317993164,,,0.09167794901608094,,,,,,0.037102993577718735,0.0858047056454076,,,,,,0.08582616597414017,,0.08582616597414017,-0.03222911059856415
92.694574,POS,,,,,,,,,,,,,,,,,,,,,,,55.76384867759598,55.76383867745327,,,,,37.4275003,-122.1690692,,,0.033395999599292736,,,,32.805213928222656,,,,,,
92.794534,ATT,,,3,,,0.01,-0.29,0.26,0.0,0.0,,,,0.01,,,,-0.28,,,,0.26,,,,,,,,,,,,,,,,,,,,,
92.794534,RATE,147.023681640625,-43.269866943359375,,0.28201374411582947,0.8732898235321045,,,,,,-0.0896473303437233,0.4539073705673218,0.0003583914367482066,,0.42162996530532837,0.2891697585582733,-0.0013356038834899664,,-0.0127013074234128,-0.041419778019189835,-5.9493475419003516e-05,,,,,,,,,,,,,,,,,,,,,,
92.794534,XKF1,,,,,,,,,,,,,,,,,,,,,,,55.782611561776235,55.78260040283203,,,0.08213973130751903,,,,,,0.03528384864330292,0.07717215868280988,,,,,,0.07718993723392487,,0.07718993723392487,-0.028082896023988724
92.794534,POS,,,,,,,,,,,,,,,,,,,,,,,55.781529029317994,55.7815190323449,,,,,37.4275003,-122.169069,,,0.033395999599292736,,,,32.662315368652344,,,,,,
92.894494,ATT,,,3,,,0.04,-0.28,0.25,0.0,0.0,,,,0.02,,,,-0.26,,,,0.26,,,,,,,,,,,,,,,,,,,,,
92.894494,RATE,67.99640655517578,-51.34820556640625,,0.2805708944797516,0.4019957184791565,,,,,,0.09492671489715576,0.2509148120880127,0.0009059453150257468,,0.13223576545715332,-0.04699857532978058,-0.0005561556899920106,,-0.02087712287902832,-0.036459147930145264,-4.639413964468986e-05,,,,,,,,,,,,,,,,,,,,,,
92.894494,XKF1,,,,,,,,,,,,,,,,,,,,,,,55.79322291625942,55.793212890625,,,0.07559256270639012,,,,,,0.03344734385609627,0.07032300942447833,,,,,,0.0703396201133728,,0.0703396201133728,-0.027687061578035355
92.894494,POS,,,,,,,,,,,,,,,,,,,,,,,55.79036920455162,55.79035920916258,,,,,37.4275003,-122.1690689,,,0.033395999599292736,,,,32.52130126953125,,,,,,
92.994454,ATT,,,3,,,0.02,-0.3,0.26,0.0,0.0,,,,0.02,,,,-0.29,,,,0.26,,,,,,,,,,,,,,,,,,,,,
92.994454,RATE,-65.58780670166016,0.9583438038825989,,0.3369411826133728,0.35979732871055603,,,,,,-0.33041515946388245,-0.856041431427002,-0.0009922687895596027,,-0.4401697814464569,1.3046866655349731,0.004390298388898373,,-0.02046189270913601,-0.03585142269730568,-4.3915719288634136e-05,,,,,,,,,,,,,,,,,,,,,,
92.994454,XKF1,,,,,,,,,,,,,,,,,,,,,,,55.80361321379652,55.80360412597656,,,0.06534864901315254,,,,,,0.031847547739744186,0.05695446523144172,,,,,,0.05697274208068848,,0.05697274208068848,-0.03200863301753998
92.994454,POS,,,,,,,,,,,,,,,,,,,,,,,55.799203827671704,55.799199385980266,,,,,37.4275002,-122.1690688,,,0.0222639994692031,,,,32.37236785888672,,,,,,
93.094414,ATT,,,3,,,-0.09,-0.14,0.26,0.0,0.0,,,,-0.09,,,,-0.14,,,,0.26,,,,,,,,,,,,,,,,,,,,,
93.094414,RATE,-37.95976638793945,9.127105712890625,,0.3205893635749817,0.23987023532390594,,,,,,-0.9468631744384766,0.29475730657577515,0.0036458540707826614,,1.0871309041976929,0.009099881164729595,-0.003024318255484104,,-0.02266574651002884,-0.033398959785699844,-4.032665310660377e-05,,,,,,,,,,,,,,,,,,,,,,
93.094414,XKF1,,,,,,,,,,,,,,,,,,,,,,,55.81193560154731,55.811927795410156,,,0.05957338617738741,,,,,,0.02951865829527378,0.05144241601778394,,,,,,0.05145829916000366,,0.05145829916000366,-0.030017191544175148
93.094414,POS,,,,,,,,,,,,,,,,,,,,,,,55.80804400504208,55.80803956405421,,,,,37.4275002,-122.1690687,,,0.0222639994692031,,,,32.21986770629883,,,,,,
93.194374,ATT,,,3,,,0.03,-0.12,0.26,0.0,0.0,,,,0.0,,,,-0.1,,,,0.26,,,,,,,,,,,,,,,,,,,,,
93.194374,RATE,69.71502685546875,-14.106006622314453,,0.2906627953052521,0.4327027201652527,,,,,,0.9127758145332336,0.464027464389801,-0.000899593229405582,,-0.2886021137237549,-0.9277118444442749,-0.0015529559459537268,,-0.025742556899785995,-0.031134936958551407,-2.94971887342399e-05,,,,,,,,,,,,,,,,,,,,,,
93.194374,XKF1,,,,,,,,,,,,,,,,,,,,,,,55.81988104986434,55.81987380981445,,,0.05413252699565666,,,,,,0.028430219739675522,0.048262535754383155,,,,,,0.048275016248226166,,0.048275016248226166,-0.02449190244078636
93.194374,POS,,,,,,,,,,,,,,,,,,,,,,,55.816884181156404,55.8168797408719,,,,,37.4275002,-122.1690686,,,0.0222639994692031,,,,32.07231521606445,,,,,,
93.29433399999999,ATT,,,3,,,0.01,-0.17,0.26,0.0,0.0,,,,0.0,,,,-0.15,,,,0.26,,,,,,,,,,,,,,,,,,,,,
93.29433399999999,RATE,-48.195743560791016,0.8242949843406677,,0.32000747323036194,0.22024106979370117,,,,,,-0.37475326657295227,-0.38478001952171326,0.0002729094121605158,,-0.2528401017189026,-0.16617919504642487,-3.462286258582026e-05,,-0.019175061956048012,-0.02673608809709549,-2.7343339752405882e-05,,,,,,,,,,,,,,,,,,,,,,
93.29433399999999,XKF1,,,,,,,,,,,,,,,,,,,,,,,55.826697084426414,55.826690673828125,,,0.05067707715556642,,,,,,0.026753785088658333,0.04432753028122669,,,,,,0.044339295476675034,,0.044339295476675034,-0.02453962154686451
93.29433399999999,POS,,,,,,,,,,,,,,,,,,,,,,,55.82572435852722,55.82571991894584,,,,,37.4275002,-122.1690685,,,0.0222639994692031,,,,31.923768997192383,,,,,,
93.394294,ATT,,,3,,,0.0,-0.17,0.26,0.0,0.0,,,,0.0,,,,-0.17,,,,0.26,,,,,,,,,,,,,,,,,,,,,
93.394294,RATE,23.22835922241211,1.2711291313171387,,0.3033277988433838,0.7104131579399109,,,,,,0.15716208517551422,-0.07120279967784882,-0.000868842180352658,,-0.2766020894050598,0.47014710307121277,0.0021715848706662655,,-0.029966240748763084,-0.02244839444756508,-1.5688010535086505e-05,,,,,,,,,,,,,,,,,,,,,,
93.394294,XKF1,,,,,,,,,,,,,,,,,,,,,,,55.83414297397779,55.834136962890625,,,0.044034424284197404,,,,,,0.025908449664711952,0.03708419374694592,,,,,,0.03709520772099495,,0.03709520772099495,-0.023727117106318474
93.394294,POS,,,,,,,,,,,,,,,,,,,,,,,55.834564534641984,55.83456009576352,,,,,37.4275002,-122.1690684,,,0.0222639994692031,,,,31.77130889892578,,,,,,
93.494254,ATT,,,3,,,-0.05,-0.15,0.26,0.0,0.0,,,,-0.04,,,,-0.15,,,,0.26,,,,,,,,,,,,,,,,,,,,,
93.494254,RATE,-8.555793762207031,16.086462020874023,,0.3258291482925415,0.09830036014318466,,,,,,-0.8253027200698853,-0.716401219367981,0.0001939465873874724,,-0.009631544351577759,-0.0925072655081749,-0.0004683182924054563,,-0.02200409770011902,-0.016814960166811943,-1.0851887054741383e-05,,,,,,,,,,,,,,,,,,,,,,
93.494254,XKF1,,,,,,,,,,,,,,,,,,,,,,,55.840127519584556,55.84012222290039,,,0.04525685873365725,,,,,,0.02432149276137352,0.037215825389743065,,,,,,0.03722703829407692,,0.03722703829407692,-0.02573578990995884
93.494254,POS,,,,,,,,,,,,,,,,,,,,,,,55.834564534641984,55.83456009576352,,,,,37.4275002,-122.1690684,,,0.0222639994692031,,,,31.617748260498047,,,,,,
93.594214,ATT,,,3,,,-0.01,-0.23,0.26,0.0,0.0,,,,-0.03,,,,-0.22,,,,0.26,,,,,,,,,,,,,,,,,,,,,
93.594214,RATE,109.17634582519531,10.58560562133789,,0.3145098388195038,0.2984248697757721,,,,,,1.1952660083770752,1.4768117666244507,-6.573623977601528e-05,,-0.5974407196044922,-0.33720600605010986,0.001213159877806902,,-0.021790817379951477,-0.0147921834141016,-8.080024599621538e-06,,,,,,,,,,,,,,,,,,,,,,
93.594214,XKF1,,,,,,,,,,,,,,,,,,,,,,,55.84745517599629,55.847450256347656,,,0.04095369185419548,,,,,,0.023441409692168236,0.037411259831080214,,,,,,0.03741824999451637,,0.03741824999451637,-0.016645703464746475
93.594214,POS,,,,,,,,,,,,,,,,,,,,,,,55.843404710756985,55.843400272581206,,,,,37.4275002,-122.1690683,,,0.0222639994692031,,,,31.464622497558594,,,,,,
93.694174,ATT,,,3,,,0.07,-0.17,0.25,0.0,0.0,,,,0.06,,,,-0.19,,,,0.26,,,,,,,,,,,,,,,,,,,,,
93.694174,RATE,-53.15065383911133,12.284798622131348,,0.3233311176300049,0.32755574584007263,,,,,,0.6195648312568665,0.10345504432916641,-0.0011113338405266404,,0.7466008067131042,1.4265998601913452,0.0015235410537570715,,-0.030168231576681137,-0.007999860681593418,5.434485501609743e-06,,,,,,,,,,,,,,,,,,,,,,
93.694174,XKF1,,,,,,,,,,,,,,,,,,,,,,,55.85302815557248,55.853023529052734,,,0.031901328081978986,,,,,,0.02273346111178398,0.02818606852575174,,,,,,0.028192147612571716,,0.028192147612571716,-0.014929753728210926
93.694174,POS,,,,,,,,,,,,,,,,,,,,,,,55.85224488812846,55.85224045065515,,,,,37.4275002,-122.1690682,,,0.0222639994692031,,,,31.312795639038086,,,,,,
93.794967,ATT,,,3,,,-0.01,-0.11,0.26,0.0,0.0,,,,0.01,,,,-0.11,,,,0.26,,,,,,,,,,,,,,,,,,,,,
93.794967,RATE,-117.44232177734375,31.38719940185547,,0.33846476674079895,0.3481161296367645,,,,,,-1.4474815130233765,-2.2044551372528076,-0.0010253195650875568,,0.2631728947162628,-0.07545416057109833,-0.0005450509488582611,,-0.030702460557222366,-0.0014399979263544083,2.02290484594414e-05,,,,,,,,,,,,,,,,,,,,,,
93.794967,XKF1,,,,,,,,,,,,,,,,,,,,,,,55.85857064413176,55.85856628417969,,,0.037454597180322215,,,,,,0.022069919854402542,0.02731096421512469,,,,,,0.027321089059114456,,0.027321089059114456,-0.02562040090560913
93.794967,POS,,,,,,,,,,,,,,,,,,,,,,,55.85224156002359,55.85224045065515,,,,,37.4275001,-122.1690682,,,0.011132000130089637,,,,31.157346725463867,,,,,,
93.894927,ATT,,,3,,,-0.07,-0.19,0.26,0.0,0.0,,,,-0.06,,,,-0.18,,,,0.25,,,,,,,,,,,,,,,,,,,,,
93.894927,RATE,68.05924987792969,40.14136505126953,,0.3400264382362366,0.1884179562330246,,,,,,-0.23119816184043884,-0.6379875540733337,-0.001885951030999422,,-0.675003707408905,-0.5076883435249329,0.00043670530430972576,,-0.024887992069125175,0.003924435470253229,2.561559267633129e-05,,,,,,,,,,,,,,,,,,,,,,
93.894927,XKF1,,,,,,,,,,,,,,,,,,,,,,,55.863826914086474,55.86382293701172,,,0.03616437130733546,,,,,,0.021079592406749725,0.02802007150224401,,,,,,0.0280286967754364,,0.0280286967754364,-0.022852875292301178
93.894927,POS,,,,,,,,,,,,,,,,,,,,,,,55.86108173666572,55.86108062747284,,,,,37.4275001,-122.1690681,,,0.011132000130089637,,,,30.99949073791504,,,,,,
93.99488699999999,ATT,,,3,,,-0.08,-0.28,0.26,0.0,0.0,,,,-0.09,,,,-0.27,,,,0.25,,,,,,,,,,,,,,,,,,,,,
93.99488699999999,RATE,16.593265533447266,25.2698917388916,,0.3316039443016052,0.1676289290189743,,,,,,0.21479259431362152,0.7312378883361816,0.00037623633397743106,,-0.8223697543144226,-0.32630783319473267,0.0014688827795907855,,-0.019860349595546722,0.002973018679767847,2.4073266104096547e-05,,,,,,,,,,,,,,,,,,,,,,
93.99488699999999,XKF1,,,,,,,,,,,,,,,,,,,,,,,55.86952585141109,55.86952209472656,,,0.034491203556836776,,,,,,0.020488249137997627,0.03011919954684604,,,,,,0.030125360935926437,,0.030125360935926437,-0.01679600402712822
93.99488699999999,POS,,,,,,,,,,,,,,,,,,,,,,,55.86992191456416,55.86992080554678,,,,,37.4275001,-122.169068,,,0.011132000130089637,,,,30.84695053100586,,,,,,
94.094847,ATT,,,3,,,-0.04,-0.25,0.26,0.0,0.0,,,,-0.05,,,,-0.26,,,,0.25,,,,,,,,,,,,,,,,,,,,,
94.094847,RATE,-3.5337448120117188,22.118370056152344,,0.3363511264324188,0.349802166223526,,,,,,0.08848237246274948,0.20773428678512573,0.0006962761981412768,,0.46692922711372375,0.8078144788742065,0.0015180781483650208,,-0.022160684689879417,0.004639526829123497,2.409825538052246e-05,,,,,,,,,,,,,,,,,,,,,,
94.094847,XKF1,,,,,,,,,,,,,,,,,,,,,,,55.874210121132315,55.87420654296875,,,0.02991718679979865,,,,,,0.01999635249376297,0.025589466040896625,,,,,,0.025595011189579964,,0.025595011189579964,-0.015489785932004452
94.094847,POS,,,,,,,,,,,,,,,,,,,,,,,55.86992191456416,55.86992080554678,,,,,37.4275001,-122.169068,,,0.011132000130089637,,,,30.694169998168945,,,,,,
94.194807,ATT,,,3,,,-0.05,-0.18,0.26,0.0,0.0,,,,-0.04,,,,-0.19,,,,0.25,,,,,,,,,,,,,,,,,,,,,
94.194807,RATE,74.1140365600586,36.93441390991211,,0.35343214869499207,0.0964411199092865,,,,,,-0.7601384520530701,-1.2103755474090576,-0.0006828512996435165,,0.7697120308876038,0.9841765761375427,0.0016783301252871752,,-0.01509830355644226,0.0037670552264899015,2.0041061361553147e-05,,,,,,,,,,,,,,,,,,,,,,
94.194807,XKF1,,,,,,,,,,,,,,,,,,,,,,,55.87818495410916,55.87818145751953,,,0.02840246605749708,,,,,,0.01976780593395233,0.021353076637217923,,,,,,0.021359700709581375,,0.021359700709581375,-0.018720664083957672
94.194807,POS,,,,,,,,,,,,,,,,,,,,,,,55.86992191456416,55.86992080554678,,,,,37.4275001,-122.169068,,,0.011132000130089637,,,,30.54007911682129,,,,,,
94.294767,ATT,,,3,,,-0.1,-0.21,0.26,0.0,0.0,,,,-0.1,,,,-0.19,,,,0.25,,,,,,,,,,,,,,,,,,,,,
94.294767,RATE,126.88179016113281,2.359179973602295,,0.30887892842292786,0.6227365732192993,,,,,,-0.2475259155035019,-0.540936291217804,-0.0013517485931515694,,-0.6939145922660828,-0.4196295142173767,0.0013218943495303392,,-0.008478119038045406,0.0024545725900679827,8.707736924407072e-06,,,,,,,,,,,,,,,,,,,,,,
94.294767,XKF1,,,,,,,,,,,,,,,,,,,,,,,55.88184683537264,55.88184356689453,,,0.030263528556782576,,,,,,0.01911274902522564,0.022056048087336577,,,,,,0.022063134238123894,,0.022063134238123894,-0.020714711397886276
94.294767,POS,,,,,,,,,,,,,,,,,,,,,,,55.87876209120639,55.87876098236447,,,,,37.4275001,-122.1690679,,,0.011132000130089637,,,,30.390718460083008,,,,,,
94.394727,ATT,,,3,,,-0.13,-0.2,0.26,0.0,0.0,,,,-0.13,,,,-0.2,,,,0.26,,,,,,,,,,,,,,,,,,,,,
94.394727,RATE,125.39615631103516,-20.142900466918945,,0.3039776086807251,0.5594815015792847,,,,,,0.10389221459627151,-0.00019754406821448356,-0.0008177411509677768,,0.19067470729351044,0.6594113707542419,0.0012763341655954719,,-0.006956020835787058,-0.0034946103114634752,-1.645485099288635e-07,,,,,,,,,,,,,,,,,,,,,,
94.394727,XKF1,,,,,,,,,,,,,,,,,,,,,,,55.88557748297268,55.88557434082031,,,0.02741349291693736,,,,,,0.01874038390815258,0.01733756181623914,,,,,,0.017344681546092033,,0.017344681546092033,-0.021228792145848274
94.394727,POS,,,,,,,,,,,,,,,,,,,,,,,55.87876209120639,55.87876098236447,,,,,37.4275001,-122.1690679,,,0.011132000130089637,,,,30.24821662902832,,,,,,
94.494687,ATT,,,3,,,-0.16,-0.15,0.26,0.0,0.0,,,,-0.17,,,,-0.15,,,,0.26,,,,,,,,,,,,,,,,,,,,,
94.494687,RATE,-137.6573486328125,-29.341642379760742,,0.30842697620391846,0.5029653906822205,,,,,,-0.24197977781295776,0.0,0.0016576657071709633,,0.33651623129844666,0.0,-0.0014638341963291168,,-0.006167397368699312,-0.006450583226978779,-6.8365075094334316e-06,,,,,,,,,,,,,,,,,,,,,,
94.494687,XKF1,,,,,,,,,,,,,,,,,,,,,,,55.88840773272216,55.888404846191406,,,0.02624843248327498,,,,,,0.0179623831063509,0.01534102086797549,,,,,,0.015347865410149096,,0.015347865410149097,-0.02129373699426651
94.494687,POS,,,,,,,,,,,,,,,,,,,,,,,55.887602269104946,55.887601160438415,,,,,37.4275001,-122.1690678,,,0.011132000130089637,,,,30.10805892944336,,,,,,
94.594647,ATT,,,3,,,-0.09,-0.12,0.26,0.0,0.0,,,,-0.11,,,,-0.13,,,,0.26,,,,,,,,,,,,,,,,,,,,,
94.594647,RATE,15.971660614013672,-17.168842315673828,,0.31435245275497437,0.33356720209121704,,,,,,1.4978665113449097,1.7822481393814087,-0.000422024168074131,,-0.3323146104812622,1.8826758861541748,0.008327395655214787,,-0.00634000962600112,-0.012131399475038052,-1.4925769391993526e-05,,,,,,,,,,,,,,,,,,,,,,
94.594647,XKF1,,,,,,,,,,,,,,,,,,,,,,,55.890940685441905,55.89093780517578,,,0.0113398484438163,,,,,,0.017943287268280983,0.0009689623437078162,,,,,,0.0009725895361043506,,0.0009725895361043513,-0.011298063211143017
94.594647,POS,,,,,,,,,,,,,,,,,,,,,,,55.887602269104946,55.887601160438415,,,,,37.4275001,-122.1690678,,,0.011132000130089637,,,,29.962848663330078,,,,,,
94.694607,ATT,,,3,,,-0.1,0.12,0.26,0.0,0.0,,,,-0.09,,,,0.09,,,,0.26,,,,,,,,,,,,,,,,,,,,,
94.694607,RATE,50.2166748046875,-5.379952907562256,,0.324546217918396,0.3093450665473938,,,,,,-1.30735182762146,-1.7021291255950928,-0.00023823848459869623,,2.790281295776367,2.711531639099121,-0.0005739507032558322,,-0.013610188849270344,-0.012442617677152157,-1.933015664690174e-05,,,,,,,,,,,,,,,,,,,,,,
94.694607,XKF1,,,,,,,,,,,,,,,,,,,,,,,55.8914936701164,55.8914909362793,,,0.021322105257174248,,,,,,0.01748131774365902,-0.007646660624498411,,,,,,-0.00764043489471078,,-0.007640434894710779,-0.0199061781167984
94.694607,POS,,,,,,,,,,,,,,,,,,,,,,,55.887602269104946,55.887601160438415,,,,,37.4275001,-122.1690678,,,0.011132000130089637,,,,29.815338134765625,,,,,,
94.794567,ATT,,,3,,,-0.16,0.22,0.26,0.0,0.0,,,,-0.17,,,,0.23,,,,0.26,,,,,,,,,,,,,,,,,,,,,
94.794567,RATE,-16.556358337402344,17.263608932495117,,0.353974848985672,0.7080463171005249,,,,,,0.11637406796216965,0.6635881066322327,0.0006871766527183354,,0.2798292934894562,-1.0794038772583008,-0.0025073096621781588,,-0.015656577423214912,-0.00999369379132986,-1.3174406376492698e-05,,,,,,,,,,,,,,,,,,,,,,
94.794567,XKF1,,,,,,,,,,,,,,,,,,,,,,,55.891329373009455,55.891326904296875,,,0.015713014684476813,,,,,,0.016612021252512932,-0.001923334432029943,,,,,,-0.0019186992431059488,,-0.001918699243105948,-0.015595429576933384
94.794567,POS,,,,,,,,,,,,,,,,,,,,,,,55.887602269104946,55.887601160438415,,,,,37.4275001,-122.1690678,,,0.011132000130089637,,,,29.66557502746582,,,,,,
94.894527,ATT,,,3,,,0.0,0.09,0.26,0.0,0.0,,,,-0.04,,,,0.12,,,,0.26,,,,,,,,,,,,,,,,,,,,,
94.894527,RATE,31.792926788330078,3.6375179290771484,,0.319902628660202,0.09147343039512634,,,,,,2.4927103519439697,1.9181180000305176,-0.0011710573453456163,,-1.3371696472167969,-1.5275627374649048,-0.00127540179528296,,-0.026754334568977356,-0.0022089434787631035,8.704993888386525e-06,,,,,,,,,,,,,,,,,,,,,,
94.894527,XKF1,,,,,,,,,,,,,,,,,,,,,,,55.891634477971024,55.891632080078125,,,0.006586400415962867,,,,,,0.016372058540582657,0.004872712710266785,,,,,,0.004874010570347309,,0.004874010570347309,-0.0044299764558672905
94.894527,POS,,,,,,,,,,,,,,,,,,,,,,,55.887602269104946,55.887601160438415,,,,,37.4275001,-122.1690678,,,0.011132000130089637,,,,29.515342712402344,,,,,,
94.99448699999999,ATT,,,3,,,0.06,0.03,0.26,0.0,0.0,,,,0.06,,,,0.04,,,,0.25,,,,,,,,,,,,,,,,,,,,,
94.99448699999999,RATE,32.43913650512695,5.501692771911621,,0.3325721025466919,0.04024064540863037,,,,,,0.2703145146369934,-0.24368706345558167,-0.00040432740934193134,,-0.18881605565547943,0.4678713083267212,0.0005483321147039533,,-0.02477669157087803,0.0049072857946157455,2.165689511457458e-05,,,,,,,,,,,,,,,,,,,,,,
94.99448699999999,XKF1,,,,,,,,,,,,,,,,,,,,,,,55.89216477149905,55.89216232299805,,,0.00558723674597679,,,,,,0.016544003039598465,0.0029748161302971675,,,,,,0.0029762159101665016,,0.002976215910166502,-0.004728567786514759
94.99448699999999,POS,,,,,,,,,,,,,,,,,,,,,,,55.887602269104946,55.887601160438415,,,,,37.4275001,-122.1690678,,,0.011132000130089637,,,,29.36774253845215,,,,,,
95.094447,ATT,,,3,,,-0.05,-0.04,0.26,0.0,0.0,,,,-0.02,,,,-0.02,,,,0.25,,,,,,,,,,,,,,,,,,,,,
95.094447,RATE,-59.85679626464844,-4.6389007568359375,,0.31639364361763,0.09997563809156418,,,,,,-1.1285372972488403,-1.323556661605835,-0.00039975118124857545,,-1.2965797185897827,-0.9715585708618164,0.0011895964853465557,,-0.027094079181551933,0.013467350043356419,3.885426849592477e-05,,,,,,,,,,,,,,,,,,,,,,
95.094447,XKF1,,,,,,,,,,,,,,,,,,,,,,,55.89306868376211,55.89306640625,,,0.01477041287879034,,,,,,0.015956010669469833,0.010847471288836157,,,,,,0.01085033267736435,,0.01085033267736435,-0.010021745227277279
95.094447,POS,,,,,,,,,,,,,,,,,,,,,,,55.887602269104946,55.887601160438415,,,,,37.4275001,-122.1690678,,,0.011132000130089637,,,,29.22041893005371,,,,,,
95.194407,ATT,,,3,,,-0.26,-0.04,0.26,0.0,0.0,,,,-0.23,,,,-0.05,,,,0.25,,,,,,,,,,,,,,,,,,,,,
95.194407,RATE,2.151012420654297,1.4616667032241821,,0.33029884099960327,0.08507944643497467,,,,,,-1.778989315032959,-0.5690609812736511,0.00269918330013752,,0.10099011659622192,0.5580441355705261,0.0014822925440967083,,-0.022471385076642036,0.021512072533369064,4.8957852413877845e-05,,,,,,,,,,,,,,,,,,,,,,
95.194407,XKF1,,,,,,,,,,,,,,,,,,,,,,,55.89388457495765,55.893882751464844,,,0.02051198791182264,,,,,,0.014277401380240917,0.01210565843416765,,,,,,0.012109887786209582,,0.012109887786209583,-0.016555732116103172
95.194407,POS,,,,,,,,,,,,,,,,,,,,,,,55.887602269104946,55.887601160438415,,,,,37.4275001,-122.1690678,,,0.011132000130089637,,,,29.072696685791016,,,,,,
95.294367,ATT,,,3,,,-0.21,0.01,0.26,0.0,0.0,,,,-0.23,,,,0.0,,,,0.25,,,,,,,,,,,,,,,,,,,,,
95.294367,RATE,54.31251525878906,19.979881286621094,,0.348947137594223,0.10300497710704803,,,,,,0.6660890579223633,1.309647798538208,0.0014414233155548573,,0.4257565140724182,0.06719638407230377,-0.0008332583820447326,,-0.01820235326886177,0.027776744216680527,5.355524262995459e-05,,,,,,,,,,,,,,,,,,,,,,
95.294367,XKF1,,,,,,,,,,,,,,,,,,,,,,,55.894525107672834,55.89452362060547,,,0.013725478426191214,,,,,,0.01289332564920187,0.010416930233939352,,,,,,0.010418991558253765,,0.010418991558253765,-0.008934952318668365
95.294367,POS,,,,,,,,,,,,,,,,,,,,,,,55.887602269104946,55.887601160438415,,,,,37.4275001,-122.1690678,,,0.011132000130089637,,,,28.9205379486084,,,,,,
95.394327,ATT,,,3,,,-0.03,0.07,0.26,0.0,0.0,,,,-0.06,,,,0.06,,,,0.25,,,,,,,,,,,,,,,,,,,,,
95.394327,RATE,29.470062255859375,2.4549219608306885,,0.322966605424881,0.03732159733772278,,,,,,1.4834028482437134,1.1199054718017578,4.343295586295426e-05,,0.8609682321548462,0.7742002606391907,-0.0007006865926086903,,-0.01805945113301277,0.030189979821443558,5.989972851239145e-05,,,,,,,,,,,,,,,,,,,,,,
95.394327,XKF1,,,,,,,,,,,,,,,,,,,,,,,55.89454805603607,55.89454650878906,,,0.008328565037676221,,,,,,0.013151628896594048,0.008198400669504892,,,,,,0.008198745548725128,,0.008198745548725128,-0.0014647754142060876
95.394327,POS,,,,,,,,,,,,,,,,,,,,,,,55.887602269104946,55.887601160438415,,,,,37.4275001,-122.1690678,,,0.011132000130089637,,,,28.77096939086914,,,,,,
95.494287,ATT,,,3,,,0.02,0.11,0.26,0.0,0.0,,,,0.02,,,,0.11,,,,0.25,,,,,,,,,,,,,,,,,,,,,
95.494287,RATE,-37.7716064453125,-8.8617525100708,,0.3221262991428375,0.5002467632293701,,,,,,0.496877521276474,0.08392548561096191,-0.0011229589581489563,,0.17309415340423584,-0.21245077252388,-0.0008929256000556052,,-0.012747247703373432,0.033278170973062515,6.270997982937843e-05,,,,,,,,,,,,,,,,,,,,,,
95.494287,XKF1,,,,,,,,,,,,,,,,,,,,,,,55.89455195049071,55.89455032348633,,,0.009266309855957612,,,,,,0.013486339710652828,0.00926418665587906,,,,,,0.009264138527214527,,0.009264138527214527,0.0002005883725360036
95.494287,POS,,,,,,,,,,,,,,,,,,,,,,,55.887602269104946,55.887601160438415,,,,,37.4275001,-122.1690678,,,0.011132000130089637,,,,28.62430191040039,,,,,,
95.594247,ATT,,,3,,,0.0,0.09,0.26,0.0,0.0,,,,0.01,,,,0.08,,,,0.25,,,,,,,,,,,,,,,,,,,,,
95.594247,RATE,151.9054412841797,-15.701494216918945,,0.3138299286365509,0.3867133557796478,,,,,,-0.41623350977897644,-1.0885260105133057,-0.0008234644192270935,,-0.21982841193675995,0.6005592942237854,0.0027321060188114643,,-0.010417899116873741,0.03492176532745361,5.9823614719789475e-05,,,,,,,,,,,,,,,,,,,,,,
95.594247,XKF1,,,,,,,,,,,,,,,,,,,,,,,55.89439944190841,55.8943977355957,,,0.011362096271287564,,,,,,0.013811105862259865,0.009205417030153719,,,,,,0.009207062423229218,,0.009207062423229218,-0.006657870020717382
95.594247,POS,,,,,,,,,,,,,,,,,,,,,,,55.887602269104946,55.887601160438415,,,,,37.4275001,-122.1690678,,,0.011132000130089637,,,,28.477319717407227,,,,,,
95.69420699999999,ATT,,,3,,,-0.08,0.17,0.26,0.0,0.0,,,,-0.07,,,,0.15,,,,0.25,,,,,,,,,,,,,,,,,,,,,
95.69420699999999,RATE,-132.35769653320312,-31.895523071289062,,0.306229829788208,0.5500749945640564,,,,,,-0.6563481092453003,-0.6039665341377258,0.00011670912499539554,,1.0759289264678955,1.3476390838623047,0.0007552421884611249,,-0.0011349186534062028,0.03609084710478783,5.706608499167487e-05,,,,,,,,,,,,,,,,,,,,,,
95.69420699999999,XKF1,,,,,,,,,,,,,,,,,,,,,,,55.89407130819304,55.89406967163086,,,0.006839495690134475,,,,,,0.013525836169719696,0.00440733336795899,,,,,,0.004408598877489567,,0.004408598877489567,-0.005229049362242222
95.69420699999999,POS,,,,,,,,,,,,,,,,,,,,,,,55.887602269104946,55.887601160438415,,,,,37.4275001,-122.1690678,,,0.011132000130089637,,,,28.334917068481445,,,,,,
95.795,ATT,,,3,,,-0.14,0.25,0.26,0.0,0.0,,,,-0.13,,,,0.25,,,,0.25,,,,,,,,,,,,,,,,,,,,,
95.795,RATE,18.708324432373047,-29.118330001831055,,0.3028866946697235,0.018360374495387077,,,,,,-0.38993117213249207,-0.5314695239067078,-0.0005205881898291409,,0.6519600749015808,0.11497872322797775,-0.0003474180994089693,,-0.004708254709839821,0.03666023164987564,5.886114377062768e-05,,,,,,,,,,,,,,,,,,,,,,
95.795,XKF1,,,,,,,,,,,,,,,,,,,,,,,55.89287344675573,55.89287185668945,,,0.013159837149527358,,,,,,0.013332169502973557,0.007816782925530268,,,,,,0.00781930796802044,,0.00781930796802044,-0.010584882460534573
95.795,POS,,,,,,,,,,,,,,,,,,,,,,,55.887602269104946,55.887601160438415,,,,,37.4275001,-122.1690678,,,0.011132000130089637,,,,28.189044952392578,,,,,,
95.89496,ATT,,,3,,,-0.18,0.24,0.26,0.0,0.0,,,,-0.19,,,,0.25,,,,0.25,,,,,,,,,,,,,,,,,,,,,
95.89496,RATE,30.944156646728516,-30.225440979003906,,0.30360981822013855,0.15647022426128387,,,,,,-0.27735862135887146,0.09581497311592102,0.0009585453663021326,,-0.19131144881248474,-0.6912466287612915,-0.0015798669774085283,,0.0008823050302453339,0.0346095934510231,5.1128652557963505e-05,,,,,,,,,,,,,,,,,,,,,,
95.89496,XKF1,,,,,,,,,,,,,,,,,,,,,,,55.89201883316889,55.89201736450195,,,0.013957573967228342,,,,,,0.012813021428883076,0.011201622558153495,,,,,,0.011203531175851822,,0.011203531175851822,-0.00832434743642807
95.89496,POS,,,,,,,,,,,,,,,,,,,,,,,55.887602269104946,55.887601160438415,,,,,37.4275001,-122.1690678,,,0.011132000130089637,,,,28.043895721435547,,,,,,
95.99492,ATT,,,3,,,-0.16,0.17,0.26,0.0,0.0,,,,-0.17,,,,0.18,,,,0.25,,,,,,,,,,,,,,,,,,,,,
95.99492,RATE,-81.53114318847656,-40.0740852355957,,0.29138755798339844,0.3775017559528351,,,,,,0.33576831221580505,0.2689063549041748,4.216307570459321e-05,,-0.8108221292495728,-0.5610353946685791,0.0008458052761852741,,0.006926131900399923,0.02916673943400383,3.812191789620556e-05,,,,,,,,,,,,,,,,,,,,,,
95.99492,XKF1,,,,,,,,,,,,,,,,,,,,,,,55.891396994829066,55.891395568847656,,,0.017172319412452054,,,,,,0.012625378556549549,0.015350171601534297,,,,,,0.015351910144090652,,0.015351910144090652,-0.007694635074585676
95.99492,POS,,,,,,,,,,,,,,,,,,,,,,,55.887602269104946,55.887601160438415,,,,,37.4275001,-122.1690678,,,0.011132000130089637,,,,27.901029586791992,,,,,,
96.09488,ATT,,,3,,,-0.14,0.22,0.26,0.0,0.0,,,,-0.16,,,,0.21,,,,0.25,,,,,,,,,,,,,,,,,,,,,
96.09488,RATE,-146.46359252929688,-9.226545333862305,,0.32366079092025757,0.6260675191879272,,,,,,0.20278802514076233,0.4948422312736511,0.001020759460516274,,0.8103762269020081,0.5763217806816101,-0.0008998650591820478,,0.009920336306095123,0.023557601496577263,2.6642015654942952e-05,,,,,,,,,,,,,,,,,,,,,,
96.09488,XKF1,,,,,,,,,,,,,,,,,,,,,,,55.89074082587002,55.89073944091797,,,0.013228420236389383,,,,,,0.012442346662282944,0.011701884393699402,,,,,,0.011703257448971272,,0.011703257448971272,-0.006166430655866861
96.09488,POS,,,,,,,,,,,,,,,,,,,,,,,55.887602269104946,55.887601160438415,,,,,37.4275001,-122.1690678,,,0.011132000130089637,,,,27.752735137939453,,,,,,
96.19484,ATT,,,3,,,-0.17,0.19,0.26,0.0,0.0,,,,-0.17,,,,0.2,,,,0.25,,,,,,,,,,,,,,,,,,,,,
96.19484,RATE,79.52452087402344,13.353950500488281,,0.3271222710609436,0.2916308641433716,,,,,,-0.8058391213417053,-0.10349903255701065,0.002226489596068859,,-1.1287111043930054,-1.838810920715332,0.0008028685115277767,,0.010257646441459656,0.016641877591609955,1.2567820704134647e-05,,,,,,,,,,,,,,,,,,,,,,
96.19484,XKF1,,,,,,,,,,,,,,,,,,,,,,,55.89001984204167,55.890018463134766,,,0.023837113688145964,,,,,,0.012415082193911076,0.02271213437400641,,,,,,0.022713741287589073,,0.022713741287589073,-0.007231455296278
96.19484,POS,,,,,,,,,,,,,,,,,,,,,,,55.887602269104946,55.887601160438415,,,,,37.4275001,-122.1690678,,,0.011132000130089637,,,,27.59630584716797,,,,,,
96.2948,ATT,,,3,,,-0.07,0.19,0.26,0.0,0.0,,,,-0.09,,,,0.16,,,,0.25,,,,,,,,,,,,,,,,,,,,,
96.2948,RATE,5.789089202880859,8.969803810119629,,0.3200853765010834,0.2069753110408783,,,,,,1.65941321849823,1.7556804418563843,-0.0011618767166510224,,1.058896541595459,2.8475522994995117,0.005346549209207296,,0.010192690417170525,0.010508021339774132,3.9175561141746584e-06,,,,,,,,,,,,,,,,,,,,,,
96.2948,XKF1,,,,,,,,,,,,,,,,,,,,,,,55.88962703788214,55.889625549316406,,,0.011558763405333726,,,,,,0.012899254448711872,0.011052196868252942,,,,,,0.011051415465772152,,0.011051415465772152,0.0033869200851768255
96.2948,POS,,,,,,,,,,,,,,,,,,,,,,,55.887602269104946,55.887601160438415,,,,,37.4275001,-122.1690678,,,0.011132000130089637,,,,27.443571090698242,,,,,,
96.39476,ATT,,,3,,,0.06,0.41,0.26,0.0,0.0,,,,0.05,,,,0.38,,,,0.26,,,,,,,,,,,,,,,,,,,,,
96.39476,RATE,33.85324478149414,16.39298439025879,,0.32120808959007263,0.5954588055610657,,,,,,1.3574209213256836,1.0208756923675537,-0.0012923894682899117,,1.528661847114563,1.2126407623291016,0.0004210429033264518,,0.004270459059625864,0.005447997711598873,-4.195952897134703e-06,,,,,,,,,,,,,,,,,,,,,,
96.39476,XKF1,,,,,,,,,,,,,,,,,,,,,,,55.887796362548066,55.887794494628906,,,0.011003487041171085,,,,,,0.01444949023425579,0.007656755961786183,,,,,,0.007654712535440923,,0.007654712535440922,0.007904562167823315
96.39476,POS,,,,,,,,,,,,,,,,,,,,,,,55.887602269104946,55.887601160438415,,,,,37.4275001,-122.1690678,,,0.011132000130089637,,,,27.290029525756836,,,,,,
96.49472,ATT,,,3,,,0.08,0.43,0.26,0.0,0.0,,,,0.09,,,,0.43,,,,0.26,,,,,,,,,,,,,,,,,,,,,
96.49472,RATE,-40.21177291870117,11.39758014678955,,0.32001355290412903,0.14136546850204468,,,,,,-0.26129913330078125,-0.13942644000053406,0.0015894884709268808,,-0.18352095782756805,-0.34598228335380554,0.0001724350149743259,,0.001807455439120531,0.001528142369352281,-7.941690455481876e-06,,,,,,,,,,,,,,,,,,,,,,
96.49472,XKF1,,,,,,,,,,,,,,,,,,,,,,,55.88647685459917,55.886474609375,,,0.012977999940194202,,,,,,0.015841569751501083,0.011439889439051424,,,,,,0.011438151821494102,,0.011438151821494102,0.006131652742624283
96.49472,POS,,,,,,,,,,,,,,,,,,,,,,,55.887602269104946,55.887601160438415,,,,,37.4275001,-122.1690678,,,0.011132000130089637,,,,27.138118743896484,,,,,,
96.59468,ATT,,,3,,,0.01,0.39,0.26,0.0,0.0,,,,0.04,,,,0.4,,,,0.26,,,,,,,,,,,,,,,,,,,,,
96.59468,RATE,10.280704498291016,33.817020416259766,,0.34638985991477966,0.07819516211748123,,,,,,-0.8476042747497559,-0.9218692183494568,-0.00018718067440204322,,-0.30298009514808655,0.1087455302476883,0.001004157355055213,,0.0010040911147370934,-0.0005207578651607037,-8.545824130123947e-06,,,,,,,,,,,,,,,,,,,,,,
96.59468,XKF1,,,,,,,,,,,,,,,,,,,,,,,55.885401392424875,55.885398864746094,,,0.01248988890812479,,,,,,0.01680835150182247,0.012476140455354693,,,,,,0.012475963681936264,,0.012475963681936264,0.0005896228831261396
96.59468,POS,,,,,,,,,,,,,,,,,,,,,,,55.887602269104946,55.887601160438415,,,,,37.4275001,-122.1690678,,,0.011132000130089637,,,,26.98325538635254,,,,,,
96.69463999999999,ATT,,,3,,,0.02,0.4,0.26,0.0,0.0,,,,0.01,,,,0.41,,,,0.26,,,,,,,,,,,,,,,,,,,,,
96.69463999999999,RATE,29.405975341796875,47.411643981933594,,0.35642775893211365,0.2640289068222046,,,,,,0.2668214440345764,0.7984287738800049,0.0014093604404479265,,-0.10986443608999252,-0.6234541535377502,-0.0012185758678242564,,0.008065933361649513,-0.004539739806205034,-1.7797776308725588e-05,,,,,,,,,,,,,,,,,,,,,,
96.69463999999999,XKF1,,,,,,,,,,,,,,,,,,,,,,,55.88468835628398,55.88468551635742,,,0.019959535065624666,,,,,,0.017816195264458656,0.01945935286887873,,,,,,0.01945793628692627,,0.01945793628692627,0.0044465442188084126
96.69463999999999,POS,,,,,,,,,,,,,,,,,,,,,,,55.887602269104946,55.887601160438415,,,,,37.4275001,-122.1690678,,,0.011132000130089637,,,,26.82578468322754,,,,,,
96.7946,ATT,,,3,,,0.06,0.31,0.26,0.0,0.0,,,,0.05,,,,0.32,,,,0.26,,,,,,,,,,,,,,,,,,,,,
96.7946,RATE,71.67396545410156,36.11599349975586,,0.3382655680179596,0.2555735111236572,,,,,,0.512138843536377,1.121281385421753,0.0014364984817802906,,-0.7032663822174072,-0.11564876139163971,0.0018531340174376965,,-0.00047140978858806193,-0.008469104766845703,-2.172077620343771e-05,,,,,,,,,,,,,,,,,,,,,,
96.7946,XKF1,,,,,,,,,,,,,,,,,,,,,,,55.88433411744176,55.88433074951172,,,0.02370217474446458,,,,,,0.019401779398322105,0.02279871115447864,,,,,,0.02279645949602127,,0.02279645949602127,0.006489570252597332
96.7946,POS,,,,,,,,,,,,,,,,,,,,,,,55.887602269104946,55.887601160438415,,,,,37.4275001,-122.1690678,,,0.011132000130089637,,,,26.670162200927734,,,,,,
96.89456,ATT,,,3,,,0.05,0.3,0.26,0.0,0.0,,,,0.06,,,,0.3,,,,0.26,,,,,,,,,,,,,,,,,,,,,
96.89456,RATE,36.565494537353516,-8.709306716918945,,0.2987864911556244,0.2983451783657074,,,,,,-1.1569757461547852,-1.217776894569397,0.0015041222795844078,,-0.6698232293128967,-0.5933878421783447,0.0014128079637885094,,0.003061779076233506,-0.011217131279408932,-2.345255416003056e-05,,,,,,,,,,,,,,,,,,,,,,
96.89456,XKF1,,,,,,,,,,,,,,,,,,,,,,,55.8844947912981,55.884490966796875,,,0.027656438148557252,,,,,,0.020675120875239372,0.027637838550059978,,,,,,0.027638211846351624,,0.027638211846351624,-0.0010039008921012282
96.89456,POS,,,,,,,,,,,,,,,,,,,,,,,55.887602269104946,55.887601160438415,,,,,37.4275001,-122.1690678,,,0.011132000130089637,,,,26.5224666595459,,,,,,
96.99452,ATT,,,3,,,-0.02,0.29,0.26,0.0,0.0,,,,-0.01,,,,0.28,,,,0.26,,,,,,,,,,,,,,,,,,,,,
96.99452,RATE,-72.05638885498047,-9.606263160705566,,0.3216598927974701,0.1938641518354416,,,,,,-0.5956413149833679,-0.3744439482688904,0.0002640065795276314,,0.17379887402057648,-0.3276795446872711,-0.0012669041752815247,,-0.005533570423722267,-0.011249379254877567,-2.109724300680682e-05,,,,,,,,,,,,,,,,,,,,,,
96.99452,XKF1,,,,,,,,,,,,,,,,,,,,,,,55.88460199285659,55.88459777832031,,,0.03078980923821563,,,,,,0.0217038094997406,0.03063042251004001,,,,,,0.03063163533806801,,0.03063163533806801,-0.003116932697594166
96.99452,POS,,,,,,,,,,,,,,,,,,,,,,,55.887602269104946,55.887601160438415,,,,,37.4275001,-122.1690678,,,0.011132000130089637,,,,26.378156661987305,,,,,,
97.09448,ATT,,,3,,,0.0,0.28,0.26,0.0,0.0,,,,0.0,,,,0.27,,,,0.26,,,,,,,,,,,,,,,,,,,,,
97.09448,RATE,16.577911376953125,-8.179756164550781,,0.31677159667015076,0.26721590757369995,,,,,,-0.005438338033854961,0.12479536980390549,0.0006728178705088794,,0.004046033136546612,-0.12934498488903046,-0.0007944062235765159,,-0.012983502820134163,-0.009203811176121235,-1.4675276361231226e-05,,,,,,,,,,,,,,,,,,,,,,
97.09448,XKF1,,,,,,,,,,,,,,,,,,,,,,,55.8851745618374,55.885169982910156,,,0.030882569341250013,,,,,,0.022622738033533096,0.03064671053323069,,,,,,0.03064825013279915,,0.03064825013279915,-0.003797084791585803
97.09448,POS,,,,,,,,,,,,,,,,,,,,,,,55.887602269104946,55.887601160438415,,,,,37.4275001,-122.1690678,,,0.011132000130089637,,,,26.230730056762695,,,,,,
97.19444,ATT,,,3,,,0.0,0.28,0.26,0.0,0.0,,,,0.0,,,,0.27,,,,0.26,,,,,,,,,,,,,,,,,,,,,
97.19444,RATE,143.15634155273438,-6.137969017028809,,0.32236307859420776,0.5116880536079407,,,,,,0.2724356949329376,0.6869199275970459,0.0007497631013393402,,-0.15144546329975128,-0.41446977853775024,-0.0010352503741160035,,-0.00783221609890461,-0.005093597806990147,-9.772638804861344e-07,,,,,,,,,,,,,,,,,,,,,,
97.19444,XKF1,,,,,,,,,,,,,,,,,,,,,,,55.88556801726315,55.885562896728516,,,0.03372970924627236,,,,,,0.023923376575112343,0.03360064357874504,,,,,,0.033601902425289154,,0.033601902425289154,-0.002933502895757556
97.19444,POS,,,,,,,,,,,,,,,,,,,,,,,55.887602269104946,55.887601160438415,,,,,37.4275001,-122.1690678,,,0.011132000130089637,,,,26.083351135253906,,,,,,
97.2944,ATT,,,3,,,0.04,0.26,0.26,0.0,0.0,,,,0.03,,,,0.25,,,,0.26,,,,,,,,,,,,,,,,,,,,,
97.2944,RATE,-65.05451202392578,-11.38851547241211,,0.3217426538467407,0.3062005341053009,,,,,,0.14142288267612457,-0.12448205053806305,-0.0009197136969305575,,-0.12047750502824783,-0.13888873159885406,-0.00033190008252859116,,-0.008156019262969494,-0.0027916133403778076,-4.1221437641070224e-07,,,,,,,,,,,,,,,,,,,,,,
97.2944,XKF1,,,,,,,,,,,,,,,,,,,,,,,55.886853929993336,55.88684844970703,,,0.033870015861614956,,,,,,0.024749785661697388,0.03358189694414311,,,,,,0.03358384594321251,,0.03358384594321251,-0.004393548239022493
97.2944,POS,,,,,,,,,,,,,,,,,,,,,,,55.887602269104946,55.887601160438415,,,,,37.4275001,-122.1690678,,,0.011132000130089637,,,,25.93722152709961,,,,,,
97.39435999999999,ATT,,,3,,,0.12,0.22,0.26,0.0,0.0,,,,0.1,,,,0.21,,,,0.26,,,,,,,,,,,,,,,,,,,,,
97.39435999999999,RATE,-3.4013748168945312,-17.417537689208984,,0.31187763810157776,0.03133914992213249,,,,,,1.2334377765655518,0.6877416968345642,-0.0006853692466393113,,-0.8061737418174744,-1.002702236175537,-0.00015442569565493613,,-0.007227420806884766,0.000284648675005883,2.1267869669827633e-06,,,,,,,,,,,,,,,,,,,,,,
97.39435999999999,XKF1,,,,,,,,,,,,,,,,,,,,,,,55.887289583416646,55.88728332519531,,,0.039597866324422304,,,,,,0.02644825167953968,0.03958858658635725,,,,,,0.039588987827301025,,0.039588987827301025,-0.0008384868851862848
97.39435999999999,POS,,,,,,,,,,,,,,,,,,,,,,,55.887602269104946,55.887601160438415,,,,,37.4275001,-122.1690678,,,0.011132000130089637,,,,25.79072380065918,,,,,,
97.49432,ATT,,,3,,,0.09,0.13,0.26,0.0,0.0,,,,0.1,,,,0.13,,,,0.26,,,,,,,,,,,,,,,,,,,,,
97.49432,RATE,-7.3390960693359375,-20.065006256103516,,0.3080461919307709,0.20662766695022583,,,,,,-0.6230685710906982,-0.6296160221099854,0.0005703729693777859,,-0.7699705958366394,-0.8768756985664368,-0.0001596221700310707,,-0.01941981539130211,0.005072248168289661,1.3980148651171476e-05,,,,,,,,,,,,,,,,,,,,,,
97.49432,XKF1,,,,,,,,,,,,,,,,,,,,,,,55.88913632457854,55.889129638671875,,,0.044438548498723675,,,,,,0.02733750268816948,0.04412450253108166,,,,,,0.044127076864242554,,0.044127076864242554,-0.005252207163721323
97.49432,POS,,,,,,,,,,,,,,,,,,,,,,,55.887602269104946,55.887601160438415,,,,,37.4275001,-122.1690678,,,0.011132000130089637,,,,25.64374542236328,,,,,,
97.59428,ATT,,,3,,,0.05,0.1,0.26,0.0,0.0,,,,0.04,,,,0.08,,,,0.25,,,,,,,,,,,,,,,,,,,,,
97.59428,RATE,-125.799560546875,-11.998930931091309,,0.3187890648841858,0.3945434093475342,,,,,,-0.35737645626068115,-0.19404444098472595,0.0002756727044470608,,-0.15022724866867065,0.12052202224731445,0.0009872212540358305,,-0.024992218241095543,0.015338820405304432,4.143551268498413e-05,,,,,,,,,,,,,,,,,,,,,,
97.59428,XKF1,,,,,,,,,,,,,,,,,,,,,,,55.8900106876905,55.8900032043457,,,0.04332196001274939,,,,,,0.028922108933329582,0.042738176621430875,,,,,,0.042741838842630386,,0.042741838842630386,-0.007065934594720602
97.59428,POS,,,,,,,,,,,,,,,,,,,,,,,55.887602269104946,55.887601160438415,,,,,37.4275001,-122.1690678,,,0.011132000130089637,,,,25.496936798095703,,,,,,
97.69424,ATT,,,3,,,0.11,0.19,0.26,0.0,0.0,,,,0.09,,,,0.15,,,,0.25,,,,,,,,,,,,,,,,,,,,,
97.69424,RATE,-157.4027099609375,25.92909812927246,,0.34753334522247314,0.22053280472755432,,,,,,1.3732370138168335,1.646062970161438,-0.00034979480551555753,,1.33168363571167,1.5489238500595093,-0.0007298914715647697,,-0.01834762841463089,0.025059090927243233,5.7678556913742796e-05,,,,,,,,,,,,,,,,,,,,,,
97.69424,XKF1,,,,,,,,,,,,,,,,,,,,,,,55.89132736540427,55.891319274902344,,,0.03506466992351562,,,,,,0.030072873458266258,0.03504532635484053,,,,,,0.03504594787955284,,0.03504594787955284,-0.0011456937063485384
97.69424,POS,,,,,,,,,,,,,,,,,,,,,,,55.887602269104946,55.887601160438415,,,,,37.4275001,-122.1690678,,,0.011132000130089637,,,,25.341964721679688,,,,,,
97.7942,ATT,,,3,,,0.2,0.32,0.26,0.0,0.0,,,,0.18,,,,0.29,,,,0.25,,,,,,,,,,,,,,,,,,,,,
97.7942,RATE,10.404396057128906,26.230510711669922,,0.32876288890838623,0.5417724847793579,,,,,,0.9880532622337341,1.1601790189743042,0.0001499351637903601,,1.5145347118377686,1.9285783767700195,0.0012847234029322863,,-0.012755955569446087,0.0327971875667572,6.910256342962384e-05,,,,,,,,,,,,,,,,,,,,,,
97.7942,XKF1,,,,,,,,,,,,,,,,,,,,,,,55.89072220924739,55.89071273803711,,,0.02599849090889987,,,,,,0.032537754625082016,0.02599204600617356,,,,,,0.02599237859249115,,0.02599237859249115,-0.0005637239082716405
97.7942,POS,,,,,,,,,,,,,,,,,,,,,,,55.887602269104946,55.887601160438415,,,,,37.4275001,-122.1690678,,,0.011132000130089637,,,,25.185853958129883,,,,,,
97.894993,ATT,,,3,,,0.29,0.45,0.26,0.0,0.0,,,,0.27,,,,0.44,,,,0.25,,,,,,,,,,,,,,,,,,,,,
97.894993,RATE,73.90013122558594,23.306026458740234,,0.33893150091171265,0.0505015105009079,,,,,,1.3100271224975586,1.491301417350769,-8.202128810808063e-05,,1.524117350578308,0.5217804908752441,-0.00258548348210752,,-0.009527520276606083,0.037867266684770584,6.935445708222687e-05,,,,,,,,,,,,,,,,,,,,,,
97.894993,XKF1,,,,,,,,,,,,,,,,,,,,,,,55.89046022922549,55.89044952392578,,,0.026782986248739024,,,,,,0.03459260240197182,0.026206120571129962,,,,,,0.026202693581581116,,0.026202693581581116,0.005545015912503004
97.894993,POS,,,,,,,,,,,,,,,,,,,,,,,55.887605595104084,55.887601160438415,,,,,37.4275002,-122.1690678,,,0.0222639994692031,,,,25.031761169433594,,,,,,
97.994953,ATT,,,3,,,0.38,0.47,0.26,0.0,0.0,,,,0.39,,,,0.47,,,,0.25,,,,,,,,,,,,,,,,,,,,,
97.994953,RATE,4.694843292236328,8.81820297241211,,0.3248332440853119,0.05704735964536667,,,,,,0.0030031620990484953,-0.5458779335021973,-0.0012565028155222535,,0.490874707698822,0.12284182012081146,-0.000706874649040401,,-0.0032990046311169863,0.041576847434043884,7.146791904233396e-05,,,,,,,,,,,,,,,,,,,,,,
97.994953,XKF1,,,,,,,,,,,,,,,,,,,,,,,55.88931776287557,55.889305114746094,,,0.02527922454133549,,,,,,0.037600405514240265,0.025157853409900347,,,,,,0.025156183168292046,,0.025156183168292046,0.0024911125656217337
97.994953,POS,,,,,,,,,,,,,,,,,,,,,,,55.887605595104084,55.887601160438415,,,,,37.4275002,-122.1690678,,,0.0222639994692031,,,,24.880691528320312,,,,,,
98.09491299999999,ATT,,,3,,,0.31,0.39,0.26,0.0,0.0,,,,0.34,,,,0.41,,,,0.25,,,,,,,,,,,,,,,,,,,,,
98.09491299999999,RATE,46.935081481933594,-10.86026668548584,,0.30452391505241394,0.6815572381019592,,,,,,-0.994425356388092,-1.6632474660873413,-0.0010598563821986318,,-1.1731630563735962,-1.3056517839431763,-0.0009160729241557419,,0.004157784394919872,0.042527616024017334,6.647347618127242e-05,,,,,,,,,,,,,,,,,,,,,,
98.09491299999999,XKF1,,,,,,,,,,,,,,,,,,,,,,,55.889158888939185,55.88914489746094,,,0.033371412161890775,,,,,,0.03954672813415527,0.03285539458290839,,,,,,0.032859522849321365,,0.032859522849321365,-0.0058226203545928
98.09491299999999,POS,,,,,,,,,,,,,,,,,,,,,,,55.887605595104084,55.887601160438415,,,,,37.4275002,-122.1690678,,,0.0222639994692031,,,,24.731952667236328,,,,,,
98.194873,ATT,,,3,,,0.24,0.23,0.26,0.0,0.0,,,,0.25,,,,0.24,,,,0.25,,,,,,,,,,,,,,,,,,,,,
98.194873,RATE,-17.936229705810547,-0.5473312139511108,,0.33090919256210327,0.10729066282510757,,,,,,-0.5777732133865356,-0.3812684118747711,0.00040423046448267996,,-1.4191757440567017,-0.25423240661621094,0.002167960861697793,,0.009109738282859325,0.040502410382032394,5.799191785627045e-05,,,,,,,,,,,,,,,,,,,,,,
98.194873,XKF1,,,,,,,,,,,,,,,,,,,,,,,55.889724596537356,55.88970947265625,,,0.03673613433230545,,,,,,0.04111616313457489,0.036351279520848816,,,,,,0.03635517135262489,,0.03635517135262489,-0.005276843905448914
98.194873,POS,,,,,,,,,,,,,,,,,,,,,,,55.887605595104084,55.887601160438415,,,,,37.4275002,-122.1690678,,,0.0222639994692031,,,,24.58286476135254,,,,,,
98.294833,ATT,,,3,,,0.3,0.14,0.26,0.0,0.0,,,,0.29,,,,0.13,,,,0.25,,,,,,,,,,,,,,,,,,,,,
98.294833,RATE,26.23281478881836,1.4454419612884521,,0.32744964957237244,0.10939386487007141,,,,,,0.4857681095600128,0.805911123752594,0.0008167275227606297,,-1.222394585609436,-0.10695283114910126,0.003928052727133036,,0.007773055229336023,0.03728674352169037,4.961777085554786e-05,,,,,,,,,,,,,,,,,,,,,,
98.294833,XKF1,,,,,,,,,,,,,,,,,,,,,,,55.89106461670024,55.891048431396484,,,0.04339840626277668,,,,,,0.04253501445055008,0.043269479584976005,,,,,,0.04327201098203659,,0.04327201098203659,-0.0033097933046519756
98.294833,POS,,,,,,,,,,,,,,,,,,,,,,,55.887605595104084,55.887601160438415,,,,,37.4275002,-122.1690678,,,0.0222639994692031,,,,24.43308448791504,,,,,,
98.39479299999999,ATT,,,3,,,0.37,0.05,0.26,0.0,0.0,,,,0.36,,,,0.06,,,,0.25,,,,,,,,,,,,,,,,,,,,,
98.39479299999999,RATE,-19.70958709716797,-2.8473405838012695,,0.32464835047721863,0.051144544035196304,,,,,,0.8246527314186096,0.804448664188385,-0.000380987417884171,,-2.2246904373168945,-1.8687934875488281,0.0013811009703204036,,0.01863647811114788,0.0323721319437027,3.646521508926526e-05,,,,,,,,,,,,,,,,,,,,,,
98.39479299999999,XKF1,,,,,,,,,,,,,,,,,,,,,,,55.89223331324078,55.892215728759766,,,0.05480275335807415,,,,,,0.04433589428663254,0.0547525102316605,,,,,,0.0547543540596962,,0.0547543540596962,-0.002302712993696332
98.39479299999999,POS,,,,,,,,,,,,,,,,,,,,,,,55.887611138435915,55.887601160438415,,,,,37.4275003,-122.1690678,,,0.033395999599292736,,,,24.285123825073242,,,,,,
98.494753,ATT,,,3,,,0.38,0.0,0.26,0.0,0.0,,,,0.38,,,,-0.02,,,,0.25,,,,,,,,,,,,,,,,,,,,,
98.494753,RATE,11.992168426513672,18.87097930908203,,0.35267460346221924,0.3303912878036499,,,,,,-0.08476579189300537,-0.33389654755592346,-0.0002587416092865169,,-0.1685200035572052,0.5894474983215332,0.0013897863682359457,,0.02992682158946991,0.020869752392172813,5.176284503249917e-06,,,,,,,,,,,,,,,,,,,,,,
98.494753,XKF1,,,,,,,,,,,,,,,,,,,,,,,55.89411114588211,55.89409255981445,,,0.0517889538039502,,,,,,0.04558182880282402,0.05125767679509077,,,,,,0.05126369372010231,,0.05126369372010231,-0.007357271388173103
98.494753,POS,,,,,,,,,,,,,,,,,,,,,,,55.887611138435915,55.887601160438415,,,,,37.4275003,-122.1690678,,,0.033395999599292736,,,,24.13336753845215,,,,,,
98.594713,ATT,,,3,,,0.32,0.09,0.26,0.0,0.0,,,,0.33,,,,0.06,,,,0.26,,,,,,,,,,,,,,,,,,,,,
98.594713,RATE,7.030963897705078,-8.986799240112305,,0.31142133474349976,0.10530724376440048,,,,,,-0.671367347240448,-0.6328473091125488,0.00018905691104009748,,1.131833553314209,1.5373430252075195,0.0015230444259941578,,0.027033334597945213,0.011419571936130524,-1.335930937784724e-05,,,,,,,,,,,,,,,,,,,,,,
98.594713,XKF1,,,,,,,,,,,,,,,,,,,,,,,55.89450478650331,55.89448547363281,,,0.046759475090342964,,,,,,0.04646467790007591,0.0452655133793462,,,,,,0.0452752448618412,,0.0452752448618412,-0.011687630787491798
98.594713,POS,,,,,,,,,,,,,,,,,,,,,,,55.887611138435915,55.887601160438415,,,,,37.4275003,-122.1690678,,,0.033395999599292736,,,,23.98444175720215,,,,,,
98.694673,ATT,,,3,,,0.24,0.19,0.26,0.0,0.0,,,,0.25,,,,0.18,,,,0.26,,,,,,,,,,,,,,,,,,,,,
98.694673,RATE,-67.68980407714844,-4.083315849304199,,0.32944193482398987,0.3604705035686493,,,,,,-0.7706379890441895,-0.5412988662719727,-0.00018806697335094213,,0.6081182956695557,0.35474416613578796,0.00014391991135198623,,0.022462056949734688,0.0033530420623719692,-2.302700340806041e-05,,,,,,,,,,,,,,,,,,,,,,
98.694673,XKF1,,,,,,,,,,,,,,,,,,,,,,,55.895008399316715,55.894989013671875,,,0.04676582714113947,,,,,,0.046552348881959915,0.04340357452782781,,,,,,0.04341806098818779,,0.04341806098818779,-0.01737568899989128
98.694673,POS,,,,,,,,,,,,,,,,,,,,,,,55.887611138435915,55.887601160438415,,,,,37.4275003,-122.1690678,,,0.033395999599292736,,,,23.835975646972656,,,,,,
98.794633,ATT,,,3,,,0.24,0.23,0.26,0.0,0.0,,,,0.23,,,,0.22,,,,0.26,,,,,,,,,,,,,,,,,,,,,
98.794633,RATE,-62.26301193237305,12.575277328491211,,0.3411514461040497,0.25801539421081543,,,,,,0.17117483913898468,0.21701377630233765,-0.00017552005010657012,,0.7443599104881287,0.6145849823951721,-0.0005032220506109297,,0.02096381224691868,-0.0035712793469429016,-3.332088090246543e-05,,,,,,,,,,,,,,,,,,,,,,
98.794633,XKF1,,,,,,,,,,,,,,,,,,,,,,,55.8948255905696,55.894805908203125,,,0.044609591380235944,,,,,,0.04690719023346901,0.04114489957648187,,,,,,0.04115935042500496,,0.04115935042500496,-0.017202427610754967
98.794633,POS,,,,,,,,,,,,,,,,,,,,,,,55.887611138435915,55.887601160438415,,,,,37.4275003,-122.1690678,,,0.033395999599292736,,,,23.683326721191406,,,,,,
98.894593,ATT,,,3,,,0.28,0.18,0.26,0.0,0.0,,,,0.26,,,,0.2,,,,0.26,,,,,,,,,,,,,,,,,,,,,
98.894593,RATE,-54.30479049682617,21.441143035888672,,0.3466510772705078,0.40488454699516296,,,,,,0.3405040204524994,0.36608263850212097,5.083604992250912e-05,,-0.9475700855255127,-2.166750192642212,-0.002990689128637314,,0.015180421993136406,-0.007787270471453667,-3.46624874509871e-05,,,,,,,,,,,,,,,,,,,,,,
98.894593,XKF1,,,,,,,,,,,,,,,,,,,,,,,55.89550090550692,55.89548110961914,,,0.05346933144924938,,,,,,0.04704255238175392,0.050781783669915204,,,,,,0.05079585313796997,,0.05079585313796997,-0.01669582910835743
98.894593,POS,,,,,,,,,,,,,,,,,,,,,,,55.887611138435915,55.887601160438415,,,,,37.4275003,-122.1690678,,,0.033395999599292736,,,,23.529451370239258,,,,,,
98.994553,ATT,,,3,,,0.29,0.03,0.26,0.0,0.0,,,,0.29,,,,0.04,,,,0.26,,,,,,,,,,,,,,,,,,,,,
98.994553,RATE,97.41792297363281,23.240888595581055,,0.3443310856819153,0.27218639850616455,,,,,,0.1663850098848343,-0.7365193963050842,-0.0021774962078779936,,-1.0494306087493896,-0.5720019936561584,0.0007808667724020779,,0.011057402938604355,-0.010784107260406017,-3.466827911324799e-05,,,,,,,,,,,,,,,,,,,,,,
98.994553,XKF1,,,,,,,,,,,,,,,,,,,,,,,55.89651974772822,55.89649963378906,,,0.05652473175336734,,,,,,0.047419384121894836,0.05233015857225661,,,,,,0.052348267287015915,,0.052348267287015915,-0.02132379449903965
98.994553,POS,,,,,,,,,,,,,,,,,,,,,,,55.89645131367555,55.89644133725609,,,,,37.4275003,-122.1690677,,,0.033395999599292736,,,,23.375587463378906,,,,,,
99.09451299999999,ATT,,,3,,,0.24,0.02,0.26,0.0,0.0,,,,0.24,,,,0.0,,,,0.26,,,,,,,,,,,,,,,,,,,,,
99.09451299999999,RATE,-96.78802490234375,32.85499954223633,,0.36263519525527954,0.6653850078582764,,,,,,-0.2866039574146271,-0.16719791293144226,3.87188556487672e-05,,-0.017497828230261803,0.5908887386322021,0.0012355683138594031,,0.0013069873675704002,-0.010675805620849133,-2.7699443307938054e-05,,,,,,,,,,,,,,,,,,,,,,
99.09451299999999,XKF1,,,,,,,,,,,,,,,,,,,,,,,55.89783931296458,55.89781951904297,,,0.0534857307684061,,,,,,0.04704120010137558,0.048897196652235214,,,,,,0.04891541972756386,,0.04891541972756386,-0.02163342572748661
99.09451299999999,POS,,,,,,,,,,,,,,,,,,,,,,,55.89645131367555,55.89644133725609,,,,,37.4275003,-122.1690677,,,0.033395999599292736,,,,23.222129821777344,,,,,,
99.194473,ATT,,,3,,,0.2,0.08,0.26,0.0,0.0,,,,0.21,,,,0.05,,,,0.26,,,,,,,,,,,,,,,,,,,,,
99.194473,RATE,152.7723388671875,34.120574951171875,,0.35066065192222595,0.4890994131565094,,,,,,-0.2641763687133789,-0.25021809339523315,-0.0004264279268682003,,0.6064830422401428,0.5556489825248718,0.00017645559273660183,,-0.0014762046048417687,-0.006514316890388727,-1.7261527318623848e-05,,,,,,,,,,,,,,,,,,,,,,
99.194473,XKF1,,,,,,,,,,,,,,,,,,,,,,,55.897823726031035,55.897804260253906,,,0.05305314106775057,,,,,,0.046649638563394547,0.04713050449350571,,,,,,0.04715081676840782,,0.04715081676840782,-0.024319462478160858
99.194473,POS,,,,,,,,,,,,,,,,,,,,,,,55.89645131367555,55.89644133725609,,,,,37.4275003,-122.1690677,,,0.033395999599292736,,,,23.065635681152344,,,,,,
99.294433,ATT,,,3,,,0.21,0.1,0.26,0.0,0.0,,,,0.21,,,,0.08,,,,0.26,,,,,,,,,,,,,,,,,,,,,
99.294433,RATE,90.36521911621094,3.236562967300415,,0.33065879344940186,0.06459153443574905,,,,,,0.3689787685871124,0.3684295117855072,-0.0002800704096443951,,-0.08612525463104248,0.13497568666934967,0.0010897638276219368,,-0.005867775995284319,-0.0012791503686457872,-4.967470431438414e-06,,,,,,,,,,,,,,,,,,,,,,
99.294433,XKF1,,,,,,,,,,,,,,,,,,,,,,,55.89825423445525,55.89823532104492,,,0.051646651905062096,,,,,,0.04598318040370941,0.046062022111572766,,,,,,0.04608122259378433,,0.04608122259378433,-0.023321611806750298
99.294433,POS,,,,,,,,,,,,,,,,,,,,,,,55.89645131367555,55.89644133725609,,,,,37.4275003,-122.1690677,,,0.033395999599292736,,,,22.916685104370117,,,,,,
99.394393,ATT,,,3,,,0.24,0.14,0.26,0.0,0.0,,,,0.23,,,,0.13,,,,0.26,,,,,,,,,,,,,,,,,,,,,
99.394393,RATE,-6.324863433837891,-28.287384033203125,,0.3051847517490387,0.3847230076789856,,,,,,-0.22567547857761383,-0.7742661833763123,-0.0013334449613466859,,0.515985369682312,-0.038735195994377136,-0.0008361994987353683,,0.0002875683130696416,0.0031879600137472153,1.095116431315546e-06,,,,,,,,,,,,,,,,,,,,,,
99.394393,XKF1,,,,,,,,,,,,,,,,,,,,,,,55.897670372811106,55.89765167236328,,,0.05326293656704739,,,,,,0.0457233265042305,0.04605068850512163,,,,,,0.04607256501913071,,0.04607256501913071,-0.02672562748193741
99.394393,POS,,,,,,,,,,,,,,,,,,,,,,,55.89645131367555,55.89644133725609,,,,,37.4275003,-122.1690677,,,0.033395999599292736,,,,22.7739315032959,,,,,,
99.494353,ATT,,,3,,,0.21,0.1,0.26,0.0,0.0,,,,0.2,,,,0.09,,,,0.26,,,,,,,,,,,,,,,,,,,,,
99.494353,RATE,-32.19432830810547,-15.721068382263184,,0.3326954245567322,0.14231367409229279,,,,,,0.014552618376910686,0.00611457834020257,-0.00034018431324511766,,-0.3143264651298523,-0.29483431577682495,0.00016247745952568948,,0.003009718842804432,0.0048249633982777596,9.293626135331579e-07,,,,,,,,,,,,,,,,,,,,,,
99.494353,XKF1,,,,,,,,,,,,,,,,,,,,,,,55.89876430227413,55.898746490478516,,,0.05190391304653204,,,,,,0.044624146074056625,0.0460990769813332,,,,,,0.046118102967739105,,0.046118102967739105,-0.02381463348865509
99.494353,POS,,,,,,,,,,,,,,,,,,,,,,,55.89645131367555,55.89644133725609,,,,,37.4275003,-122.1690677,,,0.033395999599292736,,,,22.629186630249023,,,,,,
99.594313,ATT,,,3,,,0.24,0.09,0.26,0.0,0.0,,,,0.23,,,,0.07,,,,0.26,,,,,,,,,,,,,,,,,,,,,
99.594313,RATE,54.54282760620117,-13.139543533325195,,0.3263292610645294,0.28201261162757874,,,,,,0.145518496632576,0.11928190290927887,0.00018936634296551347,,0.29228711128234863,0.9387163519859314,0.000602099928073585,,0.010715646669268608,0.006012772675603628,-3.6426108636078425e-06,,,,,,,,,,,,,,,,,,,,,,
99.594313,XKF1,,,,,,,,,,,,,,,,,,,,,,,55.898001370122,55.89798355102539,,,0.049015925012037276,,,,,,0.044632986187934875,0.04328222553356111,,,,,,0.043300580233335495,,0.043300580233335495,-0.022969994693994522
99.594313,POS,,,,,,,,,,,,,,,,,,,,,,,55.89645131367555,55.89644133725609,,,,,37.4275003,-122.1690677,,,0.033395999599292736,,,,22.481609344482422,,,,,,
99.694273,ATT,,,3,,,0.2,0.13,0.26,0.0,0.0,,,,0.21,,,,0.12,,,,0.26,,,,,,,,,,,,,,,,,,,,,
99.694273,RATE,-16.59393310546875,-35.74120330810547,,0.3018864691257477,0.09129835665225983,,,,,,-0.7216490507125854,-0.789630115032196,0.0008168381755240262,,0.24821296334266663,-0.1415022313594818,-0.000833742436952889,,0.0033345664851367474,0.00610909890383482,-3.050420900763129e-06,,,,,,,,,,,,,,,,,,,,,,
99.694273,XKF1,,,,,,,,,,,,,,,,,,,,,,,55.89857666643883,55.8985595703125,,,0.05195297081402812,,,,,,0.04371839389204979,0.04458738600161095,,,,,,0.0446082279086113,,0.0446082279086113,-0.026631131768226624
99.694273,POS,,,,,,,,,,,,,,,,,,,,,,,55.89645131367555,55.89644133725609,,,,,37.4275003,-122.1690677,,,0.033395999599292736,,,,22.33746337890625,,,,,,
99.79423299999999,ATT,,,3,,,0.14,0.16,0.26,0.0,0.0,,,,0.14,,,,0.14,,,,0.25,,,,,,,,,,,,,,,,,,,,,
99.79423299999999,RATE,-39.142608642578125,-39.324974060058594,,0.3086060583591461,0.22791661322116852,,,,,,-0.3005104660987854,0.13943737745285034,0.0010951738804578781,,0.33390650153160095,0.7484083771705627,0.00162178510800004,,-0.003223155625164509,0.011822974309325218,1.1971320418524556e-05,,,,,,,,,,,,,,,,,,,,,,
99.79423299999999,XKF1,,,,,,,,,,,,,,,,,,,,,,,55.897424242777824,55.89740753173828,,,0.04891345601274921,,,,,,0.04322277009487152,0.04061595296397227,,,,,,0.04063701629638672,,0.04063701629638672,-0.027224237099289894
99.79423299999999,POS,,,,,,,,,,,,,,,,,,,,,,,55.89645131367555,55.89644133725609,,,,,37.4275003,-122.1690677,,,0.033395999599292736,,,,22.196243286132812,,,,,,
99.894193,ATT,,,3,,,0.15,0.23,0.26,0.0,0.0,,,,0.14,,,,0.21,,,,0.25,,,,,,,,,,,,,,,,,,,,,
99.894193,RATE,0.24881362915039062,-15.780189514160156,,0.3273596465587616,0.21654485166072845,,,,,,-0.0007481725187972188,-0.3610835075378418,-0.0008445585262961686,,0.7118203043937683,0.4666609466075897,0.00019539898494258523,,0.0017449666047468781,0.015417744405567646,1.9425106074777432e-05,,,,,,,,,,,,,,,,,,,,,,
99.894193,XKF1,,,,,,,,,,,,,,,,,,,,,,,55.89746531133306,55.8974494934082,,,0.04811161169683517,,,,,,0.04205191507935524,0.03708940837405936,,,,,,0.03711245208978653,,0.03711245208978653,-0.030616875737905502
99.894193,POS,,,,,,,,,,,,,,,,,,,,,,,55.89645131367555,55.89644133725609,,,,,37.4275003,-122.1690677,,,0.033395999599292736,,,,22.04903793334961,,,,,,
99.994986,ATT,,,3,,,0.15,0.27,0.26,0.0,0.0,,,,0.15,,,,0.27,,,,0.25,,,,,,,,,,,,,,,,,,,,,
99.994986,RATE,-29.815196990966797,-1.775871753692627,,0.33370068669319153,0.08006169646978378,,,,,,0.31212231516838074,0.20355172455310822,-0.0016260768752545118,,0.24394772946834564,-0.7532061338424683,-0.0019323211163282394,,0.004822760354727507,0.018627000972628593,2.0078779925825074e-05,,,,,,,,,,,,,,,,,,,,,,
99.994986,XKF1,,,,,,,,,,,,,,,,,,,,,,,55.89590114594162,55.8958854675293,,,0.04882328957631432,,,,,,0.04186547175049782,0.04076366334140874,,,,,,0.040783777832984924,,0.040783777832984924,-0.0268402136862278
99.994986,POS,,,,,,,,,,,,,,,,,,,,,,,55.89645131367555,55.89644133725609,,,,,37.4275003,-122.1690677,,,0.033395999599292736,,,,21.899700164794922,,,,,,
100.094946,ATT,,,3,,,0.13,0.18,0.26,0.0,0.0,,,,0.13,,,,0.18,,,,0.25,,,,,,,,,,,,,,,,,,,,,
100.094946,RATE,-187.91299438476562,15.787606239318848,,0.34567996859550476,0.7272839546203613,,,,,,-0.4885629415512085,-0.723755955696106,-0.000503925490193069,,-0.7192984819412231,-0.4348818361759186,0.0008756014285609126,,-0.0032451802399009466,0.024044761434197426,3.5111406759824604e-05,,,,,,,,,,,,,,,,,,,,,,
100.094946,XKF1,,,,,,,,,,,,,,,,,,,,,,,55.896091217449325,55.89607620239258,,,0.052137607095771955,,,,,,0.04097030311822891,0.041852211407776264,,,,,,0.04187498986721039,,0.04187498986721039,-0.031061476096510887
100.094946,POS,,,,,,,,,,,,,,,,,,,,,,,55.89645131367555,55.89644133725609,,,,,37.4275003,-122.1690677,,,0.033395999599292736,,,,21.74705696105957,,,,,,
100.194906,ATT,,,3,,,0.09,0.17,0.26,0.0,0.0,,,,0.09,,,,0.16,,,,0.25,,,,,,,,,,,,,,,,,,,,,
100.194906,RATE,140.93809509277344,21.547277450561523,,0.33586981892585754,0.8211493492126465,,,,,,-0.06613297015428543,-0.8138048648834229,-0.001610747305676341,,0.0642070546746254,-0.8640313148498535,-0.0032242885790765285,,-0.0052119712345302105,0.03094607964158058,4.877882747678086e-05,,,,,,,,,,,,,,,,,,,,,,
100.194906,XKF1,,,,,,,,,,,,,,,,,,,,,,,55.89556063119643,55.895545959472656,,,0.0593448876667274,,,,,,0.040498990565538406,0.045885445831766326,,,,,,0.04591270163655281,,0.04591270163655281,-0.037601057440042496
100.194906,POS,,,,,,,,,,,,,,,,,,,,,,,55.887611138435915,55.887601160438415,,,,,37.4275003,-122.1690678,,,0.033395999599292736,,,,21.5911808013916,,,,,,
100.294866,ATT,,,3,,,-0.08,0.08,0.26,0.0,0.0,,,,-0.07,,,,0.08,,,,0.25,,,,,,,,,,,,,,,,,,,,,
100.294866,RATE,-77.69059753417969,-5.963487148284912,,0.317570298910141,0.4402984082698822,,,,,,-1.540610909461975,-0.8713022470474243,0.001321676536463201,,-0.645539402961731,-0.5801618695259094,-0.00032291008392348886,,0.0010089470306411386,0.03550441190600395,5.537929609999992e-05,,,,,,,,,,,,,,,,,,,,,,
100.294866,XKF1,,,,,,,,,,,,,,,,,,,,,,,55.89659297038793,55.89657974243164,,,0.06240341220276026,,,,,,0.03845510631799698,0.04788169452870437,,,,,,0.047909215092659,,0.047909215092659,-0.03998615965247154
100.294866,POS,,,,,,,,,,,,,,,,,,,,,,,55.89645131367555,55.89644133725609,,,,,37.4275003,-122.1690677,,,0.033395999599292736,,,,21.441070556640625,,,,,,
100.394826,ATT,,,3,,,0.01,0.1,0.26,0.0,0.0,,,,-0.02,,,,0.08,,,,0.25,,,,,,,,,,,,,,,,,,,,,
100.394826,RATE,21.436023712158203,4.500523567199707,,0.33671680092811584,0.17932595312595367,,,,,,1.6412360668182373,2.3640921115875244,0.0018885371973738074,,0.42561888694763184,0.9121923446655273,0.0014396528713405132,,-0.0039475723169744015,0.04289212450385094,6.652540469076484e-05,,,,,,,,,,,,,,,,,,,,,,
100.394826,XKF1,,,,,,,,,,,,,,,,,,,,,,,55.89642848472471,55.89641571044922,,,0.05178476115127823,,,,,,0.03778984770178795,0.04386696343985667,,,,,,0.04388555884361267,,0.04388555884361267,-0.027490347623825073
100.394826,POS,,,,,,,,,,,,,,,,,,,,,,,55.89645131367555,55.89644133725609,,,,,37.4275003,-122.1690677,,,0.033395999599292736,,,,21.291166305541992,,,,,,
100.494786,ATT,,,3,,,0.12,0.15,0.26,0.0,0.0,,,,0.11,,,,0.13,,,,0.25,,,,,,,,,,,,,,,,,,,,,
100.494786,RATE,62.03041076660156,-20.770992279052734,,0.30811405181884766,0.023629426956176758,,,,,,0.7542529106140137,-0.1024138554930687,-0.001364709110930562,,0.19144563376903534,-0.08309230953454971,-0.00018716488557402045,,0.00010576788190519437,0.04501315951347351,6.530218524858356e-05,,,,,,,,,,,,,,,,,,,,,,
100.494786,XKF1,,,,,,,,,,,,,,,,,,,,,,,55.897095610415974,55.8970832824707,,,0.052202685754171,,,,,,0.037124015390872955,0.04356741396906356,,,,,,0.043586503714323044,,0.043586503714323044,-0.028728680685162544
100.494786,POS,,,,,,,,,,,,,,,,,,,,,,,55.89645131367555,55.89644133725609,,,,,37.4275003,-122.1690677,,,0.033395999599292736,,,,21.1444149017334,,,,,,
100.594746,ATT,,,3,,,0.06,0.24,0.26,0.0,0.0,,,,0.07,,,,0.22,,,,0.25,,,,,,,,,,,,,,,,,,,,,
100.594746,RATE,-26.154613494873047,-31.653291702270508,,0.306435227394104,0.17150220274925232,,,,,,-0.8274945020675659,-1.4864124059677124,-0.0012698426144197583,,1.7665492296218872,0.9990379214286804,-0.0027648808900266886,,0.005732876714318991,0.048869434744119644,7.226334128063172e-05,,,,,,,,,,,,,,,,,,,,,,
100.594746,XKF1,,,,,,,,,,,,,,,,,,,,,,,55.89632465071217,55.89631271362305,,,0.05183263862135489,,,,,,0.0365305170416832,0.037262660921979156,,,,,,0.03728619962930679,,0.03728619962930679,-0.03600502386689186
100.594746,POS,,,,,,,,,,,,,,,,,,,,,,,55.89645131367555,55.89644133725609,,,,,37.4275003,-122.1690677,,,0.033395999599292736,,,,21.002037048339844,,,,,,
100.694706,ATT,,,3,,,-0.1,0.17,0.26,0.0,0.0,,,,-0.08,,,,0.19,,,,0.25,,,,,,,,,,,,,,,,,,,,,
100.694706,RATE,-69.94352722167969,-18.830121994018555,,0.31903165578842163,0.14071878790855408,,,,,,-1.7405085563659668,-1.9031555652618408,-0.0004923919914290309,,-1.317750096321106,-1.882200837135315,-0.001107223448343575,,0.01107009593397379,0.04976533353328705,6.793808279326186e-05,,,,,,,,,,,,,,,,,,,,,,
100.694706,XKF1,,,,,,,,,,,,,,,,,,,,,,,55.896960474293046,55.896949768066406,,,0.06325053114617868,,,,,,0.03459611162543297,0.04619320831584965,,,,,,0.04621994122862816,,0.04621994122862816,-0.04317808151245117
100.694706,POS,,,,,,,,,,,,,,,,,,,,,,,55.89645131367555,55.89644133725609,,,,,37.4275003,-122.1690677,,,0.033395999599292736,,,,20.855798721313477,,,,,,
100.79466599999999,ATT,,,3,,,-0.2,0.1,0.26,0.0,0.0,,,,-0.2,,,,0.1,,,,0.25,,,,,,,,,,,,,,,,,,,,,
100.79466599999999,RATE,-85.24627685546875,-20.7615966796875,,0.3087727129459381,0.13824649155139923,,,,,,-0.6198837757110596,-0.6297779083251953,-0.0008331678109243512,,-0.5470618605613708,-0.46808087825775146,0.0011592316441237926,,0.011433176696300507,0.04901505634188652,6.095993012422696e-05,,,,,,,,,,,,,,,,,,,,,,
100.79466599999999,XKF1,,,,,,,,,,,,,,,,,,,,,,,55.897115871231,55.8971061706543,,,0.06694523516881165,,,,,,0.03293126821517944,0.04839565306412626,,,,,,0.04842289537191391,,0.04842289537191391,-0.04622648283839226
100.79466599999999,POS,,,,,,,,,,,,,,,,,,,,,,,55.89644577122041,55.89644133725609,,,,,37.4275002,-122.1690677,,,0.0222639994692031,,,,20.708690643310547,,,,,,
100.894626,ATT,,,3,,,-0.24,0.11,0.26,0.0,0.0,,,,-0.26,,,,0.09,,,,0.25,,,,,,,,,,,,,,,,,,,,,
100.894626,RATE,-26.505565643310547,8.34610366821289,,0.33885225653648376,0.12028538435697556,,,,,,0.08956904709339142,0.7031505107879639,0.0008534165099263191,,0.2720804214477539,0.36944466829299927,0.0001618235546629876,,0.014677569270133972,0.04667726904153824,5.7585453760111704e-05,,,,,,,,,,,,,,,,,,,,,,
100.894626,XKF1,,,,,,,,,,,,,,,,,,,,,,,55.89812543721635,55.89811706542969,,,0.05951525191306522,,,,,,0.030593043193221092,0.04313396397078604,,,,,,0.043156400322914124,,0.043156400322914124,-0.04098280519247055
100.894626,POS,,,,,,,,,,,,,,,,,,,,,,,55.89644577122041,55.89644133725609,,,,,37.4275002,-122.1690677,,,0.0222639994692031,,,,20.55607032775879,,,,,,
100.994586,ATT,,,3,,,-0.16,0.18,0.26,0.0,0.0,,,,-0.18,,,,0.16,,,,0.25,,,,,,,,,,,,,,,,,,,,,
100.994586,RATE,-16.516971588134766,19.812524795532227,,0.3415756821632385,0.31036344170570374,,,,,,0.9108389019966125,0.7066173553466797,-0.00020526298612821847,,0.7638188600540161,0.24187764525413513,-0.0013216356746852398,,0.02675081603229046,0.04199785366654396,4.0599144995212555e-05,,,,,,,,,,,,,,,,,,,,,,
100.994586,XKF1,,,,,,,,,,,,,,,,,,,,,,,55.89752615555814,55.897518157958984,,,0.055676615896416225,,,,,,0.029901370406150818,0.04176365399834118,,,,,,0.04178334400057793,,0.04178334400057793,-0.03679725155234337
100.994586,POS,,,,,,,,,,,,,,,,,,,,,,,55.89644577122041,55.89644133725609,,,,,37.4275002,-122.1690677,,,0.0222639994692031,,,,20.401086807250977,,,,,,
101.094546,ATT,,,3,,,-0.11,0.15,0.26,0.0,0.0,,,,-0.12,,,,0.16,,,,0.25,,,,,,,,,,,,,,,,,,,,,
101.094546,RATE,-36.637020111083984,10.265804290771484,,0.3272934854030609,0.12018204480409622,,,,,,0.5022766590118408,0.3257341980934143,1.6743142623454332e-05,,-0.32894089818000793,-0.2604353725910187,0.00042564436444081366,,0.02975538559257984,0.033392034471035004,2.0973826394765638e-05,,,,,,,,,,,,,,,,,,,,,,
101.094546,XKF1,,,,,,,,,,,,,,,,,,,,,,,55.89811311213825,55.89810562133789,,,0.05304741176483243,,,,,,0.02893861010670662,0.041527518826354214,,,,,,0.0415446013212204,,0.0415446013212204,-0.03298596665263176
101.094546,POS,,,,,,,,,,,,,,,,,,,,,,,55.89644577122041,55.89644133725609,,,,,37.4275002,-122.1690677,,,0.0222639994692031,,,,20.24765396118164,,,,,,
101.194506,ATT,,,3,,,-0.1,0.18,0.26,0.0,0.0,,,,-0.09,,,,0.18,,,,0.25,,,,,,,,,,,,,,,,,,,,,
101.194506,RATE,-63.85688781738281,23.823759078979492,,0.3435560166835785,0.1412896364927292,,,,,,-0.49934765696525574,-2.139831781387329,-0.002937959972769022,,0.3392581045627594,-1.1307992935180664,-0.004369009286165237,,0.038803573697805405,0.02297545038163662,-2.5563367671566084e-06,,,,,,,,,,,,,,,,,,,,,,
101.194506,XKF1,,,,,,,,,,,,,,,,,,,,,,,55.897514239167684,55.89750671386719,,,0.06555307049400493,,,,,,0.02900501899421215,0.052525806696878105,,,,,,0.05254615098237991,,0.05254615098237991,-0.039193201810121536
101.194506,POS,,,,,,,,,,,,,,,,,,,,,,,55.89644577122041,55.89644133725609,,,,,37.4275002,-122.1690677,,,0.0222639994692031,,,,20.09368133544922,,,,,,
101.294466,ATT,,,3,,,-0.36,-0.15,0.26,0.0,0.0,,,,-0.35,,,,-0.12,,,,0.25,,,,,,,,,,,,,,,,,,,,,
101.294466,RATE,95.49169921875,12.448233604431152,,0.3307575583457947,0.13535188138484955,,,,,,-2.3785154819488525,-0.880366861820221,0.0036885752342641354,,-3.6168181896209717,-1.9186733961105347,0.003497643629088998,,0.03258667141199112,0.012439502403140068,-1.941089067258872e-05,,,,,,,,,,,,,,,,,,,,,,
101.294466,XKF1,,,,,,,,,,,,,,,,,,,,,,,55.899924154708835,55.89991760253906,,,0.07470531752930415,,,,,,0.027065319940447807,0.05993984932997206,,,,,,0.059961430728435516,,0.059961430728435516,-0.04455907642841339
101.294466,POS,,,,,,,,,,,,,,,,,,,,,,,55.89644577122041,55.89644133725609,,,,,37.4275002,-122.1690677,,,0.0222639994692031,,,,19.940542221069336,,,,,,
101.394426,ATT,,,3,,,-0.25,-0.15,0.26,0.0,0.0,,,,-0.28,,,,-0.18,,,,0.26,,,,,,,,,,,,,,,,,,,,,
101.394426,RATE,15.161895751953125,-12.513480186462402,,0.3124832212924957,0.010773551650345325,,,,,,1.5923482179641724,1.1786352396011353,-0.001666058786213398,,0.11867673695087433,0.720298171043396,0.0010792096145451069,,0.035301726311445236,0.0031234808266162872,-3.51841990777757e-05,,,,,,,,,,,,,,,,,,,,,,
101.394426,XKF1,,,,,,,,,,,,,,,,,,,,,,,55.9012096901313,55.90120315551758,,,0.06580053912445374,,,,,,0.02702934667468071,0.054816221231678314,,,,,,0.05483381450176239,,0.05483381450176239,-0.03637256845831871
101.394426,POS,,,,,,,,,,,,,,,,,,,,,,,55.89644577122041,55.89644133725609,,,,,37.4275002,-122.1690677,,,0.0222639994692031,,,,19.79407501220703,,,,,,
101.49438599999999,ATT,,,3,,,-0.17,-0.08,0.26,0.0,0.0,,,,-0.18,,,,-0.11,,,,0.26,,,,,,,,,,,,,,,,,,,,,
101.49438599999999,RATE,10.253429412841797,-21.820117950439453,,0.3104967474937439,0.15040269494056702,,,,,,0.6197035312652588,-0.014632362872362137,-0.0014523182762786746,,0.41603073477745056,0.2603091299533844,0.0002527250035200268,,0.030570045113563538,-0.00783894956111908,-4.866912786383182e-05,,,,,,,,,,,,,,,,,,,,,,
101.49438599999999,XKF1,,,,,,,,,,,,,,,,,,,,,,,55.90350580991168,55.903499603271484,,,0.06339594278320558,,,,,,0.026342852041125298,0.05370013590731311,,,,,,0.05371600762009621,,0.05371600762009621,-0.03366951271891594
101.49438599999999,POS,,,,,,,,,,,,,,,,,,,,,,,55.89644577122041,55.89644133725609,,,,,37.4275002,-122.1690677,,,0.0222639994692031,,,,19.648174285888672,,,,,,
101.594346,ATT,,,3,,,-0.1,0.0,0.26,0.0,0.0,,,,-0.13,,,,-0.03,,,,0.26,,,,,,,,,,,,,,,,,,,,,
101.594346,RATE,65.79771423339844,-16.907176971435547,,0.31964200735092163,0.11931231617927551,,,,,,1.2597016096115112,2.138517141342163,0.0015239301137626171,,1.3163336515426636,1.1660726070404053,-0.0004279895802028477,,0.026917634531855583,-0.010879790410399437,-5.300842167343944e-05,,,,,,,,,,,,,,,,,,,,,,
101.594346,XKF1,,,,,,,,,,,,,,,,,,,,,,,55.90326616554958,55.90325927734375,,,0.05049374240645569,,,,,,0.027751510962843895,0.04647234130851801,,,,,,0.0464821383357048,,0.0464821383357048,-0.019723813980817795
101.594346,POS,,,,,,,,,,,,,,,,,,,,,,,55.89644577122041,55.89644133725609,,,,,37.4275002,-122.1690677,,,0.0222639994692031,,,,19.501392364501953,,,,,,
101.694306,ATT,,,3,,,0.02,0.06,0.26,0.0,0.0,,,,0.0,,,,0.05,,,,0.26,,,,,,,,,,,,,,,,,,,,,
101.694306,RATE,-40.515708923339844,-12.676621437072754,,0.32118624448776245,0.14689455926418304,,,,,,1.0846673250198364,0.5555477738380432,-0.0011365666287019849,,0.3222964406013489,-0.05966773256659508,-0.0003919095906894654,,0.01943136751651764,-0.014722749590873718,-5.270596739137545e-05,,,,,,,,,,,,,,,,,,,,,,
101.694306,XKF1,,,,,,,,,,,,,,,,,,,,,,,55.90415547746725,55.90414810180664,,,0.04875498483012724,,,,,,0.02871689572930336,0.04455407168854926,,,,,,0.04456423595547676,,0.04456423595547676,-0.01977567747235298
101.694306,POS,,,,,,,,,,,,,,,,,,,,,,,55.89644577122041,55.89644133725609,,,,,37.4275002,-122.1690677,,,0.0222639994692031,,,,19.353174209594727,,,,,,
101.794266,ATT,,,3,,,0.0,0.05,0.26,0.0,0.0,,,,0.01,,,,0.04,,,,0.26,,,,,,,,,,,,,,,,,,,,,
101.794266,RATE,-1.1659622192382812,-2.237797260284424,,0.32832083106040955,0.28704047203063965,,,,,,-0.9096676707267761,-0.5537428855895996,0.0020370925776660442,,-0.24315035343170166,-0.1697738915681839,0.0002915923250839114,,0.01222512498497963,-0.013145612552762032,-4.7071116568986326e-05,,,,,,,,,,,,,,,,,,,,,,
101.794266,XKF1,,,,,,,,,,,,,,,,,,,,,,,55.903202949189485,55.903194427490234,,,0.050350652026379186,,,,,,0.030867142602801323,0.045406430311277036,,,,,,0.04541843757033348,,0.04541843757033348,-0.02173369936645031
101.794266,POS,,,,,,,,,,,,,,,,,,,,,,,55.89644577122041,55.89644133725609,,,,,37.4275002,-122.1690677,,,0.0222639994692031,,,,19.202999114990234,,,,,,
101.894226,ATT,,,3,,,-0.04,-0.01,0.26,0.0,0.0,,,,-0.02,,,,0.0,,,,0.26,,,,,,,,,,,,,,,,,,,,,
101.894226,RATE,91.66278839111328,4.396428108215332,,0.3296297490596771,0.10175266116857529,,,,,,-0.5932289958000183,-1.0959765911102295,-0.0020913388580083847,,-1.7123609781265259,-1.0833649635314941,0.004932519979774952,,0.013044353574514389,-0.01327001303434372,-4.4099317165091634e-05,,,,,,,,,,,,,,,,,,,,,,
101.894226,XKF1,,,,,,,,,,,,,,,,,,,,,,,55.90417989550796,55.904170989990234,,,0.05465417862491825,,,,,,0.03155489265918732,0.047720835737809705,,,,,,0.04773586615920067,,0.04773586615920067,-0.02661515213549137
101.894226,POS,,,,,,,,,,,,,,,,,,,,,,,55.89644577122041,55.89644133725609,,,,,37.4275002,-122.1690677,,,0.0222639994692031,,,,19.050485610961914,,,,,,
101.994186,ATT,,,3,,,-0.05,0.01,0.26,0.0,0.0,,,,-0.06,,,,0.0,,,,0.26,,,,,,,,,,,,,,,,,,,,,
101.994186,RATE,56.320858001708984,-2.444766044616699,,0.32298552989959717,0.12627948820590973,,,,,,0.3338046967983246,0.7159774899482727,0.00038436881732195616,,0.7249946594238281,0.9879250526428223,0.0006569692632183433,,0.008250628598034382,-0.009848687797784805,-3.694111728691496e-05,,,,,,,,,,,,,,,,,,,,,,
101.994186,XKF1,,,,,,,,,,,,,,,,,,,,,,,55.903490472142686,55.903480529785156,,,0.04671288449517356,,,,,,0.03334103897213936,0.04097000289386029,,,,,,0.040983378887176514,,0.040983378887176514,-0.022415535524487495
101.994186,POS,,,,,,,,,,,,,,,,,,,,,,,55.89644577122041,55.89644133725609,,,,,37.4275002,-122.1690677,,,0.0222639994692031,,,,18.900625228881836,,,,,,
102.094979,ATT,,,3,,,-0.01,0.13,0.26,0.0,0.0,,,,-0.01,,,,0.11,,,,0.26,,,,,,,,,,,,,,,,,,,,,
102.094979,RATE,186.23944091796875,-8.637312889099121,,0.314781129360199,0.5120481252670288,,,,,,0.41442030668258667,-0.5088156461715698,-0.002719430485740304,,1.0577311515808105,-0.15716587007045746,-0.0034503941424191,,0.00666636461392045,-0.007328294217586517,-2.8413891413947567e-05,,,,,,,,,,,,,,,,,,,,,,
102.094979,XKF1,,,,,,,,,,,,,,,,,,,,,,,55.90335374220593,55.903343200683594,,,0.048653572316627085,,,,,,0.034330930560827255,0.04096917033971635,,,,,,0.04098527878522873,,0.04098527878522873,-0.026217876002192497
102.094979,POS,,,,,,,,,,,,,,,,,,,,,,,55.89645131367555,55.89644133725609,,,,,37.4275003,-122.1690677,,,0.033395999599292736,,,,18.750244140625,,,,,,
102.194939,ATT,,,3,,,0.01,0.11,0.26,0.0,0.0,,,,0.0,,,,0.1,,,,0.26,,,,,,,,,,,,,,,,,,,,,
102.194939,RATE,-27.272510528564453,-19.414459228515625,,0.31237903237342834,0.43672385811805725,,,,,,1.1584982872009277,1.705138921737671,0.0008958249818533659,,0.25669148564338684,0.17137329280376434,-0.0006778720999136567,,-0.0034824293106794357,0.0015626313397660851,-8.87243641045643e-06,,,,,,,,,,,,,,,,,,,,,,
102.194939,XKF1,,,,,,,,,,,,,,,,,,,,,,,55.9023172944993,55.902305603027344,,,0.04258464805476643,,,,,,0.03615467622876167,0.03929328620359705,,,,,,0.039303895086050034,,0.039303895086050034,-0.016390731558203697
102.194939,POS,,,,,,,,,,,,,,,,,,,,,,,55.89645131367555,55.89644133725609,,,,,37.4275003,-122.1690677,,,0.033395999599292736,,,,18.604053497314453,,,,,,
102.294899,ATT,,,3,,,0.17,0.18,0.26,0.0,0.0,,,,0.15,,,,0.17,,,,0.25,,,,,,,,,,,,,,,,,,,,,
102.294899,RATE,-47.81608581542969,-19.37191390991211,,0.30764052271842957,0.13846400380134583,,,,,,1.860871434211731,1.3856455087661743,-0.0008125885506160557,,0.8551926612854004,0.657429039478302,-0.0009771871846169233,,-0.002080239588394761,0.009338684380054474,7.4310573836555704e-06,,,,,,,,,,,,,,,,,,,,,,
102.294899,XKF1,,,,,,,,,,,,,,,,,,,,,,,55.90196367920364,55.90195083618164,,,0.03487817469036224,,,,,,0.03789327293634415,0.03267464040487884,,,,,,0.03268290311098099,,0.03268290311098099,-0.012178461067378521
102.294899,POS,,,,,,,,,,,,,,,,,,,,,,,55.89645131367555,55.89644133725609,,,,,37.4275003,-122.1690677,,,0.033395999599292736,,,,18.45598793029785,,,,,,
102.394859,ATT,,,3,,,0.21,0.25,0.26,0.0,0.0,,,,0.21,,,,0.24,,,,0.25,,,,,,,,,,,,,,,,,,,,,
102.394859,RATE,160.6031494140625,-2.1748290061950684,,0.32562151551246643,0.12169364094734192,,,,,,0.20630791783332825,0.46002891659736633,0.0009633920271880925,,0.6624038219451904,1.2075166702270508,0.0014059282839298248,,-0.0031992699950933456,0.01933891512453556,2.3259492081706412e-05,,,,,,,,,,,,,,,,,,,,,,
102.394859,XKF1,,,,,,,,,,,,,,,,,,,,,,,55.90034799150145,55.900333404541016,,,0.02504461894318255,,,,,,0.040383562445640564,0.023275605268419385,,,,,,0.023282278329133987,,0.023282278329133987,-0.009228675626218319
102.394859,POS,,,,,,,,,,,,,,,,,,,,,,,55.89645131367555,55.89644133725609,,,,,37.4275003,-122.1690677,,,0.033395999599292736,,,,18.303733825683594,,,,,,
102.49481899999999,ATT,,,3,,,0.29,0.48,0.26,0.0,0.0,,,,0.29,,,,0.47,,,,0.25,,,,,,,,,,,,,,,,,,,,,
102.49481899999999,RATE,-187.05482482910156,-35.027381896972656,,0.2881711423397064,0.6265100240707397,,,,,,0.5290603637695312,0.05043984577059746,-0.0006185530219227076,,1.333294153213501,0.4344860315322876,-0.0013161780079826713,,-0.0069464524276554585,0.026886072009801865,3.668475619633682e-05,,,,,,,,,,,,,,,,,,,,,,
102.49481899999999,XKF1,,,,,,,,,,,,,,,,,,,,,,,55.89855276588855,55.898536682128906,,,0.020569701132354096,,,,,,0.04240421578288078,0.018398442602187908,,,,,,0.01840541511774063,,0.01840541511774063,-0.009184405207633972
102.49481899999999,POS,,,,,,,,,,,,,,,,,,,,,,,55.89645131367555,55.89644133725609,,,,,37.4275003,-122.1690677,,,0.033395999599292736,,,,18.159326553344727,,,,,,
102.594779,ATT,,,3,,,0.21,0.52,0.26,0.0,0.0,,,,0.24,,,,0.53,,,,0.25,,,,,,,,,,,,,,,,,,,,,
102.594779,RATE,-9.243965148925781,-3.7134909629821777,,0.3219491243362427,0.0325641892850399,,,,,,-2.1808242797851562,-3.191312074661255,0.0013490294804796576,,1.0189470052719116,-0.22494235634803772,-0.006024682428687811,,-0.003121323185041547,0.03574836626648903,4.981885649613105e-05,,,,,,,,,,,,,,,,,,,,,,
102.594779,XKF1,,,,,,,,,,,,,,,,,,,,,,,55.89608986932199,55.89607238769531,,,0.03150545626576365,,,,,,0.04420756548643112,0.01673864324243079,,,,,,0.01675974763929844,,0.01675974763929844,-0.026677792891860008
102.594779,POS,,,,,,,,,,,,,,,,,,,,,,,55.89645131367555,55.89644133725609,,,,,37.4275003,-122.1690677,,,0.033395999599292736,,,,18.009876251220703,,,,,,
102.694739,ATT,,,3,,,0.0,0.49,0.25,0.0,0.0,,,,0.01,,,,0.51,,,,0.25,,,,,,,,,,,,,,,,,,,,,
102.694739,RATE,-68.84965515136719,1.002489686012268,,0.3195515275001526,0.36061275005340576,,,,,,-1.5070438385009766,-0.35727226734161377,0.002913805190473795,,-0.4809607267379761,-0.7764406204223633,-0.0012901072623208165,,-0.0003497070283629,0.04147954657673836,5.961632268736139e-05,,,,,,,,,,,,,,,,,,,,,,
102.694739,XKF1,,,,,,,,,,,,,,,,,,,,,,,55.89486521078486,55.89484786987305,,,0.03319706535971244,,,,,,0.04402880370616913,0.0206427793095936,,,,,,0.020663252100348473,,0.020663252100348473,-0.02598220854997635
102.694739,POS,,,,,,,,,,,,,,,,,,,,,,,55.89645131367555,55.89644133725609,,,,,37.4275003,-122.1690677,,,0.033395999599292736,,,,17.858884811401367,,,,,,
102.794699,ATT,,,3,,,0.06,0.34,0.25,0.0,0.0,,,,0.03,,,,0.37,,,,0.24,,,,,,,,,,,,,,,,,,,,,
102.794699,RATE,-7.305812835693359,8.308544158935547,,0.3195843994617462,0.22943668067455292,,,,,,1.0154205560684204,1.4454963207244873,0.0003175540769007057,,-1.5106054544448853,-1.538011074066162,-0.00012923229951411486,,0.005454446189105511,0.046681903302669525,6.386885797837749e-05,,,,,,,,,,,,,,,,,,,,,,
102.794699,XKF1,,,,,,,,,,,,,,,,,,,,,,,55.894068644224255,55.89405059814453,,,0.03741017975575271,,,,,,0.04491477832198143,0.03137013738440071,,,,,,0.03138650581240654,,0.03138650581240654,-0.020357033237814903
102.794699,POS,,,,,,,,,,,,,,,,,,,,,,,55.89645131367555,55.89644133725609,,,,,37.4275003,-122.1690677,,,0.033395999599292736,,,,17.706811904907227,,,,,,
102.894659,ATT,,,3,,,0.14,0.29,0.26,0.0,0.0,,,,0.13,,,,0.27,,,,0.24,,,,,,,,,,,,,,,,,,,,,
102.894659,RATE,-27.590370178222656,24.70919418334961,,0.3385700583457947,0.21967284381389618,,,,,,0.08908123522996902,-1.4399760961532593,-0.001667531207203865,,-0.08104295283555984,0.9398258328437805,0.0018575660651549697,,0.01066469307988882,0.047573599964380264,6.369010952766985e-05,,,,,,,,,,,,,,,,,,,,,,
102.894659,XKF1,,,,,,,,,,,,,,,,,,,,,,,55.894538129197585,55.8945198059082,,,0.03740541953317856,,,,,,0.04525862634181976,0.024897570092917487,,,,,,0.024920165538787842,,0.024920165538787842,-0.027895353734493256
102.894659,POS,,,,,,,,,,,,,,,,,,,,,,,55.89645131367555,55.89644133725609,,,,,37.4275003,-122.1690677,,,0.033395999599292736,,,,17.551902770996094,,,,,,
102.994619,ATT,,,3,,,0.08,0.45,0.25,0.0,0.0,,,,0.07,,,,0.41,,,,0.24,,,,,,,,,,,,,,,,,,,,,
102.994619,RATE,-12.211322784423828,25.029993057250977,,0.33094432950019836,0.041280824691057205,,,,,,0.2593202292919159,0.3016837239265442,0.0005840040394105017,,1.9597113132476807,2.206780433654785,0.00041401589987799525,,0.011600682511925697,0.049106478691101074,6.225101242307574e-05,,,,,,,,,,,,,,,,,,,,,,
102.994619,XKF1,,,,,,,,,,,,,,,,,,,,,,,55.89354280175847,55.893524169921875,,,0.03119782813782846,,,,,,0.04563768580555916,0.018196747840673048,,,,,,0.018217433243989944,,0.018217433243989944,-0.025326460599899292
102.994619,POS,,,,,,,,,,,,,,,,,,,,,,,55.89645131367555,55.89644133725609,,,,,37.4275003,-122.1690677,,,0.033395999599292736,,,,17.39611053466797,,,,,,
103.094579,ATT,,,3,,,0.09,0.56,0.25,0.0,0.0,,,,0.08,,,,0.56,,,,0.24,,,,,,,,,,,,,,,,,,,,,
103.094579,RATE,21.973419189453125,29.457439422607422,,0.33860692381858826,0.12892009317874908,,,,,,0.15562637150287628,-0.04345523566007614,-0.0003491425304673612,,0.8618308305740356,-0.12451736629009247,-0.0014940043911337852,,0.01971880905330181,0.04792549088597298,5.669724487233907e-05,,,,,,,,,,,,,,,,,,,,,,
103.094579,XKF1,,,,,,,,,,,,,,,,,,,,,,,55.89300853547898,55.89299011230469,,,0.03336707989397417,,,,,,0.04538119584321976,0.0207167172181689,,,,,,0.020737947896122932,,0.020737947896122932,-0.02613999880850315
103.094579,POS,,,,,,,,,,,,,,,,,,,,,,,55.89645131367555,55.89644133725609,,,,,37.4275003,-122.1690677,,,0.033395999599292736,,,,17.239660263061523,,,,,,
103.19453899999999,ATT,,,3,,,0.07,0.41,0.25,0.0,0.0,,,,0.06,,,,0.46,,,,0.24,,,,,,,,,,,,,,,,,,,,,
103.19453899999999,RATE,23.887157440185547,30.053327560424805,,0.3378967046737671,0.15262888371944427,,,,,,-0.32854971289634705,-1.513635277748108,-0.002359880832955241,,-2.3457651138305664,-3.9566612243652344,-0.002624848857522011,,0.013922053389251232,0.049349840730428696,5.772610165877268e-05,,,,,,,,,,,,,,,,,,,,,,
103.19453899999999,XKF1,,,,,,,,,,,,,,,,,,,,,,,55.89314984938478,55.893131256103516,,,0.05250046888822875,,,,,,0.04559028148651123,0.03881704694682773,,,,,,0.03884586691856384,,0.03884586691856384,-0.03531710430979729
103.19453899999999,POS,,,,,,,,,,,,,,,,,,,,,,,55.89645131367555,55.89644133725609,,,,,37.4275003,-122.1690677,,,0.033395999599292736,,,,17.083581924438477,,,,,,
103.294499,ATT,,,3,,,-0.07,0.2,0.25,0.0,0.0,,,,-0.06,,,,0.21,,,,0.24,,,,,,,,,,,,,,,,,,,,,
103.294499,RATE,-20.04995346069336,41.87789535522461,,0.35370659828186035,0.16313287615776062,,,,,,-0.9411243200302124,-0.186224102973938,0.0014222441241145134,,-1.3684232234954834,-0.9455803632736206,0.0005648175138048828,,0.015849607065320015,0.04656520113348961,5.5655051255598664e-05,,,,,,,,,,,,,,,,,,,,,,
103.294499,XKF1,,,,,,,,,,,,,,,,,,,,,,,55.89518967974253,55.895172119140625,,,0.05298121575345202,,,,,,0.04430695250630379,0.040669031710682396,,,,,,0.04069593548774719,,0.04069593548774719,-0.03392418101429939
103.294499,POS,,,,,,,,,,,,,,,,,,,,,,,55.89645131367555,55.89644133725609,,,,,37.4275003,-122.1690677,,,0.033395999599292736,,,,16.92595672607422,,,,,,
103.394459,ATT,,,3,,,0.02,0.18,0.25,0.0,0.0,,,,0.0,,,,0.16,,,,0.24,,,,,,,,,,,,,,,,,,,,,
103.394459,RATE,41.69349670410156,39.57011413574219,,0.3470192849636078,0.17391328513622284,,,,,,1.2657710313796997,1.331766963005066,0.0008933466160669923,,-0.02104259468615055,-0.19359257817268372,-0.0008966869208961725,,0.02687041088938713,0.04248146712779999,4.013723446405493e-05,,,,,,,,,,,,,,,,,,,,,,
103.394459,XKF1,,,,,,,,,,,,,,,,,,,,,,,55.896624051872415,55.8966064453125,,,0.05140345207373549,,,,,,0.04436546191573143,0.04272943562324896,,,,,,0.04275210201740265,,0.04275210201740265,-0.0285407193005085
103.394459,POS,,,,,,,,,,,,,,,,,,,,,,,55.89645131367555,55.89644133725609,,,,,37.4275003,-122.1690677,,,0.033395999599292736,,,,16.768409729003906,,,,,,
103.494419,ATT,,,3,,,0.0,0.15,0.25,0.0,0.0,,,,0.0,,,,0.14,,,,0.25,,,,,,,,,,,,,,,,,,,,,
103.494419,RATE,7.428264617919922,20.74834632873535,,0.33409804105758667,0.17869624495506287,,,,,,-1.1037179231643677,-0.8147063255310059,0.002466171747073531,,-0.24871224164962769,-0.45096495747566223,-0.0011525078443810344,,0.027206437662243843,0.0356266163289547,2.898798447859008e-05,,,,,,,,,,,,,,,,,,,,,,
103.494419,XKF1,,,,,,,,,,,,,,,,,,,,,,,55.89903805701404,55.89902114868164,,,0.05462648971521224,,,,,,0.04347779601812363,0.04410389054463595,,,,,,0.04412894695997238,,0.04412894695997238,-0.03219766169786453
103.494419,POS,,,,,,,,,,,,,,,,,,,,,,,55.89645131367555,55.89644133725609,,,,,37.4275003,-122.1690677,,,0.033395999599292736,,,,16.614816665649414,,,,,,
103.594379,ATT,,,3,,,-0.01,0.1,0.25,0.0,0.0,,,,0.0,,,,0.08,,,,0.25,,,,,,,,,,,,,,,,,,,,,
103.594379,RATE,111.09237670898438,9.086954116821289,,0.33329901099205017,0.07721337676048279,,,,,,-0.23195551335811615,0.05205072462558746,0.0013517914339900017,,-0.4776151776313782,-0.13205204904079437,0.0005129690398462117,,0.03189575672149658,0.027573898434638977,9.654650966695044e-06,,,,,,,,,,,,,,,,,,,,,,
103.594379,XKF1,,,,,,,,,,,,,,,,,,,,,,,55.901414327852336,55.901397705078125,,,0.053987011312252864,,,,,,0.04311000928282738,0.0439947848650732,,,,,,0.04401890188455582,,0.04401890188455582,-0.03125593811273575
103.594379,POS,,,,,,,,,,,,,,,,,,,,,,,55.89645131367555,55.89644133725609,,,,,37.4275003,-122.1690677,,,0.033395999599292736,,,,16.464553833007812,,,,,,
103.694339,ATT,,,3,,,0.03,0.11,0.25,0.0,0.0,,,,0.02,,,,0.09,,,,0.25,,,,,,,,,,,,,,,,,,,,,
103.694339,RATE,-56.810760498046875,-26.197040557861328,,0.3054305613040924,0.2680772840976715,,,,,,0.3851633369922638,0.7418658137321472,0.0017567345639690757,,0.6478357315063477,0.6745875477790833,-0.0013468709075823426,,0.025069162249565125,0.020409589633345604,2.4846142423484707e-06,,,,,,,,,,,,,,,,,,,,,,
103.694339,XKF1,,,,,,,,,,,,,,,,,,,,,,,55.904293806854746,55.90427780151367,,,0.04210380122396068,,,,,,0.04230288788676262,0.03533728767231836,,,,,,0.035354599356651306,,0.035354599356651306,-0.022864434868097305
103.694339,POS,,,,,,,,,,,,,,,,,,,,,,,55.89645131367555,55.89644133725609,,,,,37.4275003,-122.1690677,,,0.033395999599292736,,,,16.320470809936523,,,,,,
103.794299,ATT,,,3,,,0.13,0.18,0.25,0.0,0.0,,,,0.11,,,,0.17,,,,0.25,,,,,,,,,,,,,,,,,,,,,
103.794299,RATE,64.37797546386719,-13.419374465942383,,0.32789915800094604,0.0515364408493042,,,,,,1.0253509283065796,1.5014264583587646,0.0016585788689553738,,0.2862597405910492,0.46512943506240845,0.0014660698361694813,,0.03430832549929619,0.012465314008295536,-1.394817081745714e-05,,,,,,,,,,,,,,,,,,,,,,
103.794299,XKF1,,,,,,,,,,,,,,,,,,,,,,,55.90601865112563,55.906002044677734,,,0.040237223993945095,,,,,,0.04309060797095299,0.03574465283574358,,,,,,0.03575888276100159,,0.03575888276100159,-0.01844821125268936
103.794299,POS,,,,,,,,,,,,,,,,,,,,,,,55.90529148891569,55.90528151407378,,,,,37.4275003,-122.1690676,,,0.033395999599292736,,,,16.173967361450195,,,,,,
103.89425899999999,ATT,,,3,,,0.15,0.11,0.25,0.0,0.0,,,,0.15,,,,0.13,,,,0.25,,,,,,,,,,,,,,,,,,,,,
103.89425899999999,RATE,68.45054626464844,-1.5355180501937866,,0.3381010591983795,0.09701491892337799,,,,,,0.05553680285811424,-0.10165064036846161,-0.0010590777965262532,,-1.2195193767547607,-1.590295433998108,0.00036211684346199036,,0.03982287645339966,0.0006623237277381122,-3.83333426725585e-05,,,,,,,,,,,,,,,,,,,,,,
103.89425899999999,XKF1,,,,,,,,,,,,,,,,,,,,,,,55.908803363092716,55.90878677368164,,,0.04834500577741483,,,,,,0.04306957125663757,0.04374409447835508,,,,,,0.04375993832945824,,0.04375993832945824,-0.020550118759274483
103.89425899999999,POS,,,,,,,,,,,,,,,,,,,,,,,55.90529148891569,55.90528151407378,,,,,37.4275003,-122.1690676,,,0.033395999599292736,,,,16.024763107299805,,,,,,
103.994219,ATT,,,3,,,0.18,0.08,0.25,0.0,0.0,,,,0.16,,,,0.07,,,,0.26,,,,,,,,,,,,,,,,,,,,,
103.994219,RATE,29.12454605102539,-16.02434539794922,,0.3123466372489929,0.30825626850128174,,,,,,0.6020143628120422,0.9592032432556152,7.044302765280008e-05,,0.014793016016483307,0.905221700668335,0.0018624343210831285,,0.03490745648741722,-0.009915392845869064,-5.614123438135721e-05,,,,,,,,,,,,,,,,,,,,,,
103.994219,XKF1,,,,,,,,,,,,,,,,,,,,,,,55.91072286065327,55.91070556640625,,,0.03755109938755464,,,,,,0.04397575929760933,0.033233246275073396,,,,,,0.03324698656797409,,0.03324698656797409,-0.017456315457820892
103.994219,POS,,,,,,,,,,,,,,,,,,,,,,,55.90529148891569,55.90528151407378,,,,,37.4275003,-122.1690676,,,0.033395999599292736,,,,15.877163887023926,,,,,,
104.094179,ATT,,,3,,,0.18,0.35,0.25,0.0,0.0,,,,0.18,,,,0.32,,,,0.26,,,,,,,,,,,,,,,,,,,,,
104.094179,RATE,14.737224578857422,-23.42966079711914,,0.3154066801071167,0.27672186493873596,,,,,,-0.27872198820114136,-0.49309319257736206,-0.0010817417642101645,,2.6115756034851074,0.86125248670578,-0.003466617548838258,,0.0315222293138504,-0.01930650696158409,-6.825882155681029e-05,,,,,,,,,,,,,,,,,,,,,,
104.094179,XKF1,,,,,,,,,,,,,,,,,,,,,,,55.91170706753268,55.91168975830078,,,0.0313650349792082,,,,,,0.043995194137096405,0.0234626244702314,,,,,,0.023478996008634567,,0.023478996008634567,-0.02079668641090393
104.094179,POS,,,,,,,,,,,,,,,,,,,,,,,55.90529148891569,55.90528151407378,,,,,37.4275003,-122.1690676,,,0.033395999599292736,,,,15.73153305053711,,,,,,
104.19497199999999,ATT,,,3,,,0.14,0.27,0.25,0.0,0.0,,,,0.14,,,,0.29,,,,0.26,,,,,,,,,,,,,,,,,,,,,
104.19497199999999,RATE,-64.41793823242188,-45.887088775634766,,0.2843882739543915,0.10505054146051407,,,,,,-0.31692057847976685,-0.46539217233657837,-0.0006378166144713759,,-0.9530071020126343,-1.3497087955474854,-0.0005910109612159431,,0.031936485320329666,-0.02651864103972912,-7.923895464045927e-05,,,,,,,,,,,,,,,,,,,,,,
104.19497199999999,XKF1,,,,,,,,,,,,,,,,,,,,,,,55.91251993703068,55.91250228881836,,,0.0360598169108359,,,,,,0.04442422464489937,0.027782082121735774,,,,,,0.027800338342785835,,0.027800338342785835,-0.02296631410717964
104.19497199999999,POS,,,,,,,,,,,,,,,,,,,,,,,55.90529148891569,55.90528151407378,,,,,37.4275003,-122.1690676,,,0.033395999599292736,,,,15.588090896606445,,,,,,
104.294932,ATT,,,3,,,0.07,0.25,0.25,0.0,0.0,,,,0.07,,,,0.23,,,,0.26,,,,,,,,,,,,,,,,,,,,,
104.294932,RATE,-97.56936645507812,-30.080373764038086,,0.31009072065353394,0.201909601688385,,,,,,-1.241655945777893,-0.6677979230880737,0.004376687575131655,,0.25562217831611633,2.299647092819214,0.005409490317106247,,0.02086755447089672,-0.03186711296439171,-8.174272807082161e-05,,,,,,,,,,,,,,,,,,,,,,
104.294932,XKF1,,,,,,,,,,,,,,,,,,,,,,,55.91344271936965,55.91342544555664,,,0.031007296534730652,,,,,,0.04395084083080292,0.016321636579049444,,,,,,0.01634235493838787,,0.01634235493838787,-0.026351088657975197
104.294932,POS,,,,,,,,,,,,,,,,,,,,,,,55.90529148891569,55.90528151407378,,,,,37.4275003,-122.1690676,,,0.033395999599292736,,,,15.442800521850586,,,,,,
104.394892,ATT,,,3,,,-0.02,0.17,0.25,0.0,0.0,,,,-0.01,,,,0.2,,,,0.26,,,,,,,,,,,,,,,,,,,,,
104.394892,RATE,-26.373004913330078,7.872450828552246,,0.34112048149108887,0.28618183732032776,,,,,,-1.6891666650772095,-1.3332140445709229,0.0017754989676177502,,-1.8477860689163208,-2.3967976570129395,-0.000754870823584497,,0.012379297986626625,-0.031223082914948463,-7.388260564766824e-05,,,,,,,,,,,,,,,,,,,,,,
104.394892,XKF1,,,,,,,,,,,,,,,,,,,,,,,55.914266070357954,55.914249420166016,,,0.04559767740287084,,,,,,0.04315050691366196,0.032272474882567674,,,,,,0.032297324389219284,,0.032297324389219284,-0.032187435775995255
104.394892,POS,,,,,,,,,,,,,,,,,,,,,,,55.91413166541258,55.914121692147724,,,,,37.4275003,-122.1690675,,,0.033395999599292736,,,,15.290011405944824,,,,,,
104.494852,ATT,,,3,,,-0.04,0.07,0.25,0.0,0.0,,,,-0.05,,,,0.07,,,,0.26,,,,,,,,,,,,,,,,,,,,,
104.494852,RATE,148.6103973388672,20.317188262939453,,0.3318482041358948,0.6981284618377686,,,,,,-0.24676336348056793,-0.23359036445617676,-0.0002576020488049835,,-0.8507585525512695,-0.19619475305080414,0.0014818973140791059,,0.005674953572452068,-0.029236985370516777,-6.397719698725268e-05,,,,,,,,,,,,,,,,,,,,,,
104.494852,XKF1,,,,,,,,,,,,,,,,,,,,,,,55.915768064086585,55.91575241088867,,,0.045925252175641314,,,,,,0.041839227080345154,0.031803297675350076,,,,,,0.031828079372644424,,0.031828079372644424,-0.03310743346810341
104.494852,POS,,,,,,,,,,,,,,,,,,,,,,,55.91413166541258,55.914121692147724,,,,,37.4275003,-122.1690675,,,0.033395999599292736,,,,15.132061004638672,,,,,,
104.594812,ATT,,,3,,,0.04,0.17,0.25,0.0,0.0,,,,0.01,,,,0.14,,,,0.26,,,,,,,,,,,,,,,,,,,,,
104.594812,RATE,-19.166278839111328,8.018600463867188,,0.32224515080451965,0.01684625633060932,,,,,,1.0295071601867676,1.2460492849349976,-0.00017542572459205985,,1.214103102684021,0.8764111399650574,-0.0013495408929884434,,0.0002822922542691231,-0.02233314700424671,-4.618782986653969e-05,,,,,,,,,,,,,,,,,,,,,,
104.594812,XKF1,,,,,,,,,,,,,,,,,,,,,,,55.916118737541716,55.91610336303711,,,0.03385402301229467,,,,,,0.04146522656083107,0.024883723048276685,,,,,,0.024900738149881363,,0.024900738149881363,-0.022935738787055016
104.594812,POS,,,,,,,,,,,,,,,,,,,,,,,55.91413166541258,55.914121692147724,,,,,37.4275003,-122.1690675,,,0.033395999599292736,,,,14.981035232543945,,,,,,
104.694772,ATT,,,3,,,0.14,0.17,0.25,0.0,0.0,,,,0.13,,,,0.16,,,,0.26,,,,,,,,,,,,,,,,,,,,,
104.694772,RATE,-15.55471420288086,2.765968084335327,,0.31532156467437744,0.18077875673770905,,,,,,0.8264108896255493,0.817833423614502,0.0003150293487124145,,-0.3288653790950775,-0.36933663487434387,0.00046657235361635685,,0.0010006827069446445,-0.01702694408595562,-3.732605910045095e-05,,,,,,,,,,,,,,,,,,,,,,
104.694772,XKF1,,,,,,,,,,,,,,,,,,,,,,,55.91687005185705,55.91685485839844,,,0.03213488355571747,,,,,,0.041220638900995255,0.026608073665312867,,,,,,0.026621349155902863,,0.026621349155902863,-0.01799873635172844
104.694772,POS,,,,,,,,,,,,,,,,,,,,,,,55.91413166541258,55.914121692147724,,,,,37.4275003,-122.1690675,,,0.033395999599292736,,,,14.829715728759766,,,,,,
104.794732,ATT,,,3,,,0.17,0.25,0.25,0.0,0.0,,,,0.17,,,,0.23,,,,0.26,,,,,,,,,,,,,,,,,,,,,
104.794732,RATE,8.905887603759766,-1.6495225429534912,,0.32366469502449036,0.45766308903694153,,,,,,-0.06903626769781113,-0.1626555174589157,0.00017230867524631321,,1.3228521347045898,1.4694759845733643,-0.0003334805369377136,,-0.003917166963219643,-0.010401862673461437,-2.4296381525346078e-05,,,,,,,,,,,,,,,,,,,,,,
104.794732,XKF1,,,,,,,,,,,,,,,,,,,,,,,55.916851043150764,55.91683578491211,,,0.025069753026110045,,,,,,0.041308414191007614,0.01724892885741984,,,,,,0.01726236380636692,,0.01726236380636692,-0.018179750069975853
104.794732,POS,,,,,,,,,,,,,,,,,,,,,,,55.91413166541258,55.914121692147724,,,,,37.4275003,-122.1690675,,,0.033395999599292736,,,,14.6809663772583,,,,,,
104.89469199999999,ATT,,,3,,,0.13,0.22,0.25,0.0,0.0,,,,0.16,,,,0.24,,,,0.26,,,,,,,,,,,,,,,,,,,,,
104.89469199999999,RATE,13.39874267578125,6.0541534423828125,,0.3294495642185211,0.06898849457502365,,,,,,-0.9917974472045898,-2.0776827335357666,-0.001651490107178688,,-1.0721032619476318,-1.6595443487167358,-0.0005600409349426627,,-0.0030412885826081038,-0.00421069236472249,-1.2372264791338239e-05,,,,,,,,,,,,,,,,,,,,,,
104.89469199999999,XKF1,,,,,,,,,,,,,,,,,,,,,,,55.91751432205277,55.91749954223633,,,0.037272701607785695,,,,,,0.04065588489174843,0.026418955431679256,,,,,,0.026438064873218536,,0.026438064873218536,-0.02627323754131794
104.89469199999999,POS,,,,,,,,,,,,,,,,,,,,,,,55.91413166541258,55.914121692147724,,,,,37.4275003,-122.1690675,,,0.033395999599292736,,,,14.530335426330566,,,,,,
104.994652,ATT,,,3,,,0.02,0.12,0.25,0.0,0.0,,,,0.03,,,,0.13,,,,0.25,,,,,,,,,,,,,,,,,,,,,
104.994652,RATE,-29.775238037109375,12.906636238098145,,0.3316713571548462,0.029681138694286346,,,,,,-0.9869486689567566,-0.05868182331323624,0.0029871556907892227,,-0.7302371263504028,-1.671281099319458,-0.0027719885110855103,,-0.002390125999227166,0.002858337014913559,2.4971275252028136e-06,,,,,,,,,,,,,,,,,,,,,,
104.994652,XKF1,,,,,,,,,,,,,,,,,,,,,,,55.91868824688374,55.91867446899414,,,0.041401237932609795,,,,,,0.039254080504179,0.03389556901035023,,,,,,0.03391224890947342,,0.03391224890947342,-0.02374914474785328
104.994652,POS,,,,,,,,,,,,,,,,,,,,,,,55.91413166541258,55.914121692147724,,,,,37.4275003,-122.1690675,,,0.033395999599292736,,,,14.378506660461426,,,,,,
105.094612,ATT,,,3,,,0.07,-0.01,0.25,0.0,0.0,,,,0.06,,,,-0.01,,,,0.25,,,,,,,,,,,,,,,,,,,,,
105.094612,RATE,-109.90524291992188,22.03688621520996,,0.3409583568572998,0.4213649034500122,,,,,,0.7418951988220215,-0.23698875308036804,-0.003139215987175703,,-0.8515971899032593,0.21953120827674866,0.0018328472506254911,,0.00672014569863677,0.006451962515711784,1.27057910503936e-06,,,,,,,,,,,,,,,,,,,,,,
105.094612,XKF1,,,,,,,,,,,,,,,,,,,,,,,55.92076248332128,55.92074966430664,,,0.040850297629112124,,,,,,0.03786420449614525,0.031116065314538616,,,,,,0.031133979558944702,,0.031133979558944702,-0.026446590200066566
105.094612,POS,,,,,,,,,,,,,,,,,,,,,,,55.91413166541258,55.914121692147724,,,,,37.4275003,-122.1690675,,,0.033395999599292736,,,,14.22545051574707,,,,,,
105.194572,ATT,,,3,,,0.03,0.03,0.25,0.0,0.0,,,,0.03,,,,0.01,,,,0.25,,,,,,,,,,,,,,,,,,,,,
105.194572,RATE,-53.5588264465332,34.43334197998047,,0.3426925241947174,0.2880740165710449,,,,,,0.21653282642364502,0.6026610136032104,0.0004648898611776531,,0.43623480200767517,0.19772417843341827,-0.000983639620244503,,0.009550665505230427,0.010329830460250378,1.9964338662248338e-06,,,,,,,,,,,,,,,,,,,,,,
105.194572,XKF1,,,,,,,,,,,,,,,,,,,,,,,55.922005061368985,55.921993255615234,,,0.03678657509087449,,,,,,0.03633734583854675,0.030228958154141027,,,,,,0.030242573469877243,,0.030242573469877243,-0.02094370685517788
105.194572,POS,,,,,,,,,,,,,,,,,,,,,,,55.91413166541258,55.914121692147724,,,,,37.4275003,-122.1690675,,,0.033395999599292736,,,,14.069107055664062,,,,,,
105.294532,ATT,,,3,,,0.03,0.09,0.25,0.0,0.0,,,,0.03,,,,0.07,,,,0.25,,,,,,,,,,,,,,,,,,,,,
105.294532,RATE,-52.54240036010742,14.416202545166016,,0.3229079842567444,0.09372176975011826,,,,,,-0.4389475882053375,-0.43978920578956604,0.0004954526666551828,,0.756068766117096,0.26944759488105774,-0.0014309694524854422,,0.0012742571998387575,0.012498242780566216,3.991729499830399e-06,,,,,,,,,,,,,,,,,,,,,,
105.294532,XKF1,,,,,,,,,,,,,,,,,,,,,,,55.92305300063659,55.92304229736328,,,0.033667027780629535,,,,,,0.034599412232637405,0.025191185314493273,,,,,,0.02520499937236309,,0.02520499937236309,-0.022319873794913292
105.294532,POS,,,,,,,,,,,,,,,,,,,,,,,55.922971840653716,55.92296186896541,,,,,37.4275003,-122.1690674,,,0.033395999599292736,,,,13.916667938232422,,,,,,
105.394492,ATT,,,3,,,-0.07,0.16,0.25,0.0,0.0,,,,-0.06,,,,0.14,,,,0.25,,,,,,,,,,,,,,,,,,,,,
105.394492,RATE,100.68721771240234,5.701545715332031,,0.32363203167915344,0.5408110022544861,,,,,,-1.08938467502594,-0.7590510249137878,0.0007808480877429247,,0.7424125075340271,0.44795089960098267,-0.0008713629213161767,,-0.0006418710108846426,0.019662227481603622,1.9675406292662956e-05,,,,,,,,,,,,,,,,,,,,,,
105.394492,XKF1,,,,,,,,,,,,,,,,,,,,,,,55.923089706106914,55.92308044433594,,,0.03416531753221326,,,,,,0.032185301184654236,0.020598615938161143,,,,,,0.020614299923181534,,0.020614299923181534,-0.027245542034506798
105.394492,POS,,,,,,,,,,,,,,,,,,,,,,,55.92296630082699,55.92296186896541,,,,,37.4275002,-122.1690674,,,0.0222639994692031,,,,13.766894340515137,,,,,,
105.494452,ATT,,,3,,,-0.16,0.11,0.25,0.0,0.0,,,,-0.15,,,,0.11,,,,0.25,,,,,,,,,,,,,,,,,,,,,
105.494452,RATE,-28.549957275390625,-5.9950947761535645,,0.3258175551891327,0.4114227890968323,,,,,,-0.8998885154724121,-0.357028603553772,0.0012725150445476174,,-0.5255677700042725,-0.25269120931625366,0.0006178604671731591,,0.006941880099475384,0.024541640654206276,2.7398666134104133e-05,,,,,,,,,,,,,,,,,,,,,,
105.494452,XKF1,,,,,,,,,,,,,,,,,,,,,,,55.923652667919505,55.92364501953125,,,0.034968108009090476,,,,,,0.029248103499412537,0.02161880469781289,,,,,,0.021633176133036613,,0.021633176133036613,-0.02747315540909767
105.494452,POS,,,,,,,,,,,,,,,,,,,,,,,55.92296630082699,55.92296186896541,,,,,37.4275002,-122.1690674,,,0.0222639994692031,,,,13.620574951171875,,,,,,
105.59441199999999,ATT,,,3,,,0.02,0.18,0.25,0.0,0.0,,,,-0.01,,,,0.17,,,,0.25,,,,,,,,,,,,,,,,,,,,,
105.59441199999999,RATE,-29.288578033447266,-1.3050163984298706,,0.33109933137893677,0.16969192028045654,,,,,,2.2110695838928223,1.8142164945602417,-0.00031072538695298135,,0.7803856134414673,0.30493226647377014,-0.0019339686259627342,,0.00994687620550394,0.028125261887907982,2.9441387596307322e-05,,,,,,,,,,,,,,,,,,,,,,
105.59441199999999,XKF1,,,,,,,,,,,,,,,,,,,,,,,55.92338470401244,55.923377990722656,,,0.02307933279952993,,,,,,0.027401819825172424,0.01869938093504676,,,,,,0.018706006929278374,,0.018706006929278374,-0.013518169522285461
105.59441199999999,POS,,,,,,,,,,,,,,,,,,,,,,,55.92296630082699,55.92296186896541,,,,,37.4275002,-122.1690674,,,0.0222639994692031,,,,13.472845077514648,,,,,,
105.694372,ATT,,,3,,,0.08,0.17,0.25,0.0,0.0,,,,0.09,,,,0.16,,,,0.25,,,,,,,,,,,,,,,,,,,,,
105.694372,RATE,-45.79906463623047,11.571237564086914,,0.341577410697937,0.1190219521522522,,,,,,0.016429513692855835,0.053812120109796524,0.0017502260161563754,,-0.6560236811637878,1.7136262655258179,0.008318565785884857,,0.012822066433727741,0.02912023477256298,2.9931863537058234e-05,,,,,,,,,,,,,,,,,,,,,,
105.694372,XKF1,,,,,,,,,,,,,,,,,,,,,,,55.92384557878866,55.9238395690918,,,0.014656218348993576,,,,,,0.02592625468969345,0.009193143884160879,,,,,,0.00919843465089798,,0.00919843465089798,-0.011410238221287727
105.694372,POS,,,,,,,,,,,,,,,,,,,,,,,55.92296630082699,55.92296186896541,,,,,37.4275002,-122.1690674,,,0.0222639994692031,,,,13.321901321411133,,,,,,
105.794332,ATT,,,3,,,0.03,0.38,0.25,0.0,0.0,,,,0.06,,,,0.35,,,,0.25,,,,,,,,,,,,,,,,,,,,,
105.794332,RATE,-17.83885955810547,3.819732666015625,,0.3273186981678009,0.07846403867006302,,,,,,-0.8561260104179382,-2.048264503479004,-0.0032251724041998386,,2.4917349815368652,2.41953706741333,-0.0014631004305556417,,0.01319503877311945,0.029964573681354523,2.6730564059107564e-05,,,,,,,,,,,,,,,,,,,,,,
105.794332,XKF1,,,,,,,,,,,,,,,,,,,,,,,55.92214720406691,55.922142028808594,,,0.01792147674504461,,,,,,0.024058742448687553,0.001700419635894543,,,,,,0.0017080948455259193,,0.0017080948455259204,-0.017839891836047173
105.794332,POS,,,,,,,,,,,,,,,,,,,,,,,55.92296630082699,55.92296186896541,,,,,37.4275002,-122.1690674,,,0.0222639994692031,,,,13.172178268432617,,,,,,
105.894292,ATT,,,3,,,-0.08,0.43,0.25,0.0,0.0,,,,-0.07,,,,0.45,,,,0.25,,,,,,,,,,,,,,,,,,,,,
105.894292,RATE,-128.8555145263672,12.397300720214844,,0.34575769305229187,0.6403326392173767,,,,,,-0.5643004775047302,-0.44963496923446655,-0.0007032615831121802,,-0.4616979956626892,-1.3144248723983765,-0.0010258897673338652,,0.015646636486053467,0.028892816975712776,2.2815274860477075e-05,,,,,,,,,,,,,,,,,,,,,,
105.894292,XKF1,,,,,,,,,,,,,,,,,,,,,,,55.92098277185386,55.92097854614258,,,0.01851606522599795,,,,,,0.021739637479186058,0.006897528937556512,,,,,,0.006904208566993474,,0.006904208566993475,-0.017180703580379486
105.894292,POS,,,,,,,,,,,,,,,,,,,,,,,55.92296297693092,55.92296186896541,,,,,37.4275001,-122.1690674,,,0.011132000130089637,,,,13.022055625915527,,,,,,
105.994252,ATT,,,3,,,-0.02,0.3,0.25,0.0,0.0,,,,-0.05,,,,0.34,,,,0.25,,,,,,,,,,,,,,,,,,,,,
105.994252,RATE,59.278297424316406,23.389423370361328,,0.34377729892730713,0.4563395380973816,,,,,,1.068142056465149,1.5083763599395752,0.0012450465001165867,,-1.5739812850952148,-2.181610584259033,-0.0019448659149929881,,0.02785675972700119,0.024740181863307953,1.0449879482621327e-05,,,,,,,,,,,,,,,,,,,,,,
105.994252,XKF1,,,,,,,,,,,,,,,,,,,,,,,55.92004743435516,55.9200439453125,,,0.019054816283531808,,,,,,0.01975385658442974,0.017896115135639924,,,,,,0.017898425459861755,,0.017898425459861755,-0.006537001579999924
105.994252,POS,,,,,,,,,,,,,,,,,,,,,,,55.92296297693092,55.92296186896541,,,,,37.4275001,-122.1690674,,,0.011132000130089637,,,,12.867375373840332,,,,,,
106.094212,ATT,,,3,,,0.01,0.12,0.25,0.0,0.0,,,,0.02,,,,0.15,,,,0.25,,,,,,,,,,,,,,,,,,,,,
106.094212,RATE,-11.730766296386719,4.999661445617676,,0.3318497836589813,0.26458045840263367,,,,,,-0.03814977407455444,-0.36505693197250366,-0.00023865330149419606,,-1.515897274017334,-0.9915208220481873,0.000996195012703538,,0.028742870315909386,0.017480041831731796,-5.451577635540161e-06,,,,,,,,,,,,,,,,,,,,,,
106.094212,XKF1,,,,,,,,,,,,,,,,,,,,,,,55.92087090395484,55.920867919921875,,,0.023324866897599914,,,,,,0.018268536776304245,0.022112548204979012,,,,,,0.02211497165262699,,0.02211497165262699,-0.007414677646011114
106.094212,POS,,,,,,,,,,,,,,,,,,,,,,,55.92296297693092,55.92296186896541,,,,,37.4275001,-122.1690674,,,0.011132000130089637,,,,12.717061042785645,,,,,,
106.194172,ATT,,,3,,,0.02,0.07,0.25,0.0,0.0,,,,0.02,,,,0.07,,,,0.25,,,,,,,,,,,,,,,,,,,,,
106.194172,RATE,-14.745807647705078,-34.58454895019531,,0.28881943225860596,0.5270086526870728,,,,,,0.4333781599998474,0.8291033506393433,-0.00020903945551253855,,-0.8405334949493408,-1.471405029296875,-0.0021972532849758863,,0.027803519740700722,0.01138191670179367,-1.6921474525588565e-05,,,,,,,,,,,,,,,,,,,,,,
106.194172,XKF1,,,,,,,,,,,,,,,,,,,,,,,55.92106866502202,55.92106628417969,,,0.029001443445242737,,,,,,0.01631804183125496,0.02899591691142273,,,,,,0.028995750471949577,,0.028995750471949577,0.0005746098468080163
106.194172,POS,,,,,,,,,,,,,,,,,,,,,,,55.92296297693092,55.92296186896541,,,,,37.4275001,-122.1690674,,,0.011132000130089637,,,,12.573266983032227,,,,,,
106.294965,ATT,,,3,,,0.07,0.05,0.25,0.0,0.0,,,,0.08,,,,0.03,,,,0.25,,,,,,,,,,,,,,,,,,,,,
106.294965,RATE,-125.96177673339844,-24.992576599121094,,0.3203989863395691,0.37180283665657043,,,,,,0.053823646157979965,-0.3201676309108734,-0.001271008630283177,,0.5498788356781006,0.2843436300754547,-0.0015010494971647859,,0.02416164055466652,0.0068762958981096745,-2.2343776436173357e-05,,,,,,,,,,,,,,,,,,,,,,
106.294965,XKF1,,,,,,,,,,,,,,,,,,,,,,,55.92182742973613,55.92182540893555,,,0.026366899573280856,,,,,,0.015033752657473087,0.026278220786093247,,,,,,0.026277638971805573,,0.026277638971805573,0.002167736878618598
106.294965,POS,,,,,,,,,,,,,,,,,,,,,,,55.92296297693092,55.92296186896541,,,,,37.4275001,-122.1690674,,,0.011132000130089637,,,,12.429399490356445,,,,,,
106.394925,ATT,,,3,,,-0.05,0.15,0.25,0.0,0.0,,,,-0.01,,,,0.13,,,,0.25,,,,,,,,,,,,,,,,,,,,,
106.394925,RATE,37.76140213012695,3.2573604583740234,,0.34207865595817566,0.07730592042207718,,,,,,-2.155712604522705,-1.9254423379898071,0.0009740391978994012,,0.9476895928382874,0.2504544258117676,-0.0025184741243720055,,0.026835620403289795,0.004051428288221359,-2.5984354579122737e-05,,,,,,,,,,,,,,,,,,,,,,
106.394925,XKF1,,,,,,,,,,,,,,,,,,,,,,,55.92157900438574,55.92157745361328,,,0.02340406257724671,,,,,,0.013169786892831326,0.021803667540264762,,,,,,0.021805670112371445,,0.021805670112371445,-0.008500758558511734
106.394925,POS,,,,,,,,,,,,,,,,,,,,,,,55.92296186896541,55.92296186896541,,,,,37.4275,-122.1690674,,,0.0,,,,12.27804946899414,,,,,,
106.494885,ATT,,,3,,,-0.14,0.16,0.25,0.0,0.0,,,,-0.14,,,,0.15,,,,0.25,,,,,,,,,,,,,,,,,,,,,
106.494885,RATE,97.95188903808594,-17.210071563720703,,0.3099370300769806,0.5312108993530273,,,,,,-0.23247261345386505,0.9690290093421936,0.0010579278459772468,,0.09086783975362778,0.3732896149158478,0.0009403390577062964,,0.01991206966340542,0.0012806616723537445,-2.9564989745267667e-05,,,,,,,,,,,,,,,,,,,,,,
106.494885,XKF1,,,,,,,,,,,,,,,,,,,,,,,55.92177309157985,55.92177200317383,,,0.01799831656847227,,,,,,0.011033185757696629,0.01787222534013636,,,,,,0.01787264458835125,,0.01787264458835125,-0.0021231991704553366
106.494885,POS,,,,,,,,,,,,,,,,,,,,,,,55.92296186896541,55.92296186896541,,,,,37.4275,-122.1690674,,,0.0,,,,12.129939079284668,,,,,,
106.59484499999999,ATT,,,3,,,-0.06,0.21,0.25,0.0,0.0,,,,-0.08,,,,0.2,,,,0.25,,,,,,,,,,,,,,,,,,,,,
106.59484499999999,RATE,-94.37751770019531,-22.71986198425293,,0.3154832422733307,0.3437144458293915,,,,,,0.40033158659935,0.5002615451812744,-0.00010186767758568749,,0.31137457489967346,0.025353405624628067,-0.00026369080296717584,,0.020347006618976593,-0.0010759581346064806,-3.0409704777412117e-05,,,,,,,,,,,,,,,,,,,,,,
106.59484499999999,XKF1,,,,,,,,,,,,,,,,,,,,,,,55.92145233707887,55.921451568603516,,,0.019344511582992423,,,,,,0.00927084218710661,0.019342635128539003,,,,,,0.019342679530382156,,0.019342679530382156,-0.00026622728910297155
106.59484499999999,POS,,,,,,,,,,,,,,,,,,,,,,,55.92296186896541,55.92296186896541,,,,,37.4275,-122.1690674,,,0.0,,,,11.98521614074707,,,,,,
106.694805,ATT,,,3,,,-0.04,0.2,0.25,0.0,0.0,,,,-0.04,,,,0.2,,,,0.25,,,,,,,,,,,,,,,,,,,,,
106.694805,RATE,-37.549495697021484,14.680665969848633,,0.3530851900577545,0.3216022253036499,,,,,,0.20680008828639984,0.3654547333717346,0.0008270873222500086,,-0.3502834439277649,-0.8164056539535522,-0.0009947167709469795,,0.016067225486040115,-0.004112360533326864,-3.5652134101837873e-05,,,,,,,,,,,,,,,,,,,,,,
106.694805,XKF1,,,,,,,,,,,,,,,,,,,,,,,55.92155130233662,55.92155075073242,,,0.021374659907471463,,,,,,0.00785449706017971,0.021205802092974485,,,,,,0.021205425262451172,,0.021205425262451172,0.002684404142200947
106.694805,POS,,,,,,,,,,,,,,,,,,,,,,,55.92296186896541,55.92296186896541,,,,,37.4275,-122.1690674,,,0.0,,,,11.833768844604492,,,,,,
106.794765,ATT,,,3,,,-0.05,0.14,0.25,0.0,0.0,,,,-0.04,,,,0.14,,,,0.25,,,,,,,,,,,,,,,,,,,,,
106.794765,RATE,-32.56711959838867,13.278470039367676,,0.33784034848213196,0.21756979823112488,,,,,,-0.45130255818367004,-0.4139072597026825,0.0006880250293761492,,-0.3609911799430847,-0.1476595252752304,0.00034807249903678894,,0.02283223532140255,-0.005336965434253216,-3.459773142822087e-05,,,,,,,,,,,,,,,,,,,,,,
106.794765,XKF1,,,,,,,,,,,,,,,,,,,,,,,55.92171513341055,55.921714782714844,,,0.02123811850697317,,,,,,0.006262827664613724,0.021179521201847937,,,,,,0.02117934450507164,,0.02117934450507164,0.001578937633894384
106.794765,POS,,,,,,,,,,,,,,,,,,,,,,,55.92296186896541,55.92296186896541,,,,,37.4275,-122.1690674,,,0.0,,,,11.681206703186035,,,,,,
106.894725,ATT,,,3,,,-0.06,0.1,0.25,0.0,0.0,,,,-0.05,,,,0.09,,,,0.25,,,,,,,,,,,,,,,,,,,,,
106.894725,RATE,19.498443603515625,46.962982177734375,,0.3426152467727661,0.047788821160793304,,,,,,-0.24049589037895203,-0.6670675873756409,-0.0006438296404667199,,-0.28713318705558777,0.6380921602249146,0.0017637636046856642,,0.012797226198017597,-0.007137445732951164,-3.839325290755369e-05,,,,,,,,,,,,,,,,,,,,,,
106.894725,XKF1,,,,,,,,,,,,,,,,,,,,,,,55.92236731333824,55.922367095947266,,,0.018799856813463578,,,,,,0.004930926486849785,0.018779123675891716,,,,,,0.018779201433062553,,0.018779201433062553,-0.0008810276631265879
106.894725,POS,,,,,,,,,,,,,,,,,,,,,,,55.92296186896541,55.92296186896541,,,,,37.4275,-122.1690674,,,0.0,,,,11.528127670288086,,,,,,
106.994685,ATT,,,3,,,-0.11,0.2,0.25,0.0,0.0,,,,-0.1,,,,0.19,,,,0.25,,,,,,,,,,,,,,,,,,,,,
106.994685,RATE,38.94033432006836,87.19401550292969,,0.34898465871810913,0.13354159891605377,,,,,,-0.5873978734016418,-0.0917181670665741,0.0014498194213956594,,0.8447562456130981,-0.21135196089744568,-0.0032426691614091396,,0.009338975884020329,-0.004764375276863575,-2.8716283850371838e-05,,,,,,,,,,,,,,,,,,,,,,
106.994685,XKF1,,,,,,,,,,,,,,,,,,,,,,,55.92208872867327,55.922088623046875,,,0.019899395295190258,,,,,,0.003437106031924486,0.019741323998906157,,,,,,0.01974117010831833,,0.01974117010831833,0.0025044232606887817
106.994685,POS,,,,,,,,,,,,,,,,,,,,,,,55.92296186896541,55.92296186896541,,,,,37.4275,-122.1690674,,,0.0,,,,11.376680374145508,,,,,,
107.094645,ATT,,,3,,,-0.05,0.09,0.25,0.0,0.0,,,,-0.06,,,,0.1,,,,0.25,,,,,,,,,,,,,,,,,,,,,
107.094645,RATE,80.73005676269531,119.98234558105469,,0.35925737023353577,0.044401898980140686,,,,,,1.0717377662658691,1.2808195352554321,2.2977532353252172e-05,,-1.7376739978790283,-1.3580214977264404,0.0020642653107643127,,0.008816433139145374,-0.0035854687448590994,-2.739002593443729e-05,,,,,,,,,,,,,,,,,,,,,,
107.094645,XKF1,,,,,,,,,,,,,,,,,,,,,,,55.92277151737551,55.92277145385742,,,0.027044934814864953,,,,,,0.0026653732638806105,0.025546005374797603,,,,,,0.025545582175254822,,0.025545582175254822,0.008879849687218666
107.094645,POS,,,,,,,,,,,,,,,,,,,,,,,55.92296186896541,55.92296186896541,,,,,37.4275,-122.1690674,,,0.0,,,,11.229833602905273,,,,,,
107.194605,ATT,,,3,,,0.0,0.08,0.25,0.0,0.0,,,,0.0,,,,0.06,,,,0.25,,,,,,,,,,,,,,,,,,,,,
107.194605,RATE,89.10284423828125,132.04356384277344,,0.3586187958717346,0.07526079565286636,,,,,,0.29257112741470337,0.1296604722738266,-0.00033154539414681494,,0.4998021423816681,0.7321888208389282,-0.00011088402243331075,,0.000992485205642879,0.002057373523712158,-1.1434482075856067e-05,,,,,,,,,,,,,,,,,,,,,,
107.194605,XKF1,,,,,,,,,,,,,,,,,,,,,,,55.92317204996219,55.92317199707031,,,0.024114973505349805,,,,,,0.0024322341196238995,0.02171142039562321,,,,,,0.021710963919758797,,0.021710963919758797,0.01049599889665842
107.194605,POS,,,,,,,,,,,,,,,,,,,,,,,55.92296186896541,55.92296186896541,,,,,37.4275,-122.1690674,,,0.0,,,,11.092555046081543,,,,,,
107.29456499999999,ATT,,,3,,,0.02,0.16,0.25,0.0,0.0,,,,0.02,,,,0.12,,,,0.25,,,,,,,,,,,,,,,,,,,,,
107.29456499999999,RATE,107.59544372558594,146.1705780029297,,0.3761504292488098,0.1341174691915512,,,,,,0.6625571846961975,1.2515039443969727,-1.445578527636826e-05,,0.5071810483932495,3.063736915588379,0.00826924666762352,,0.005278808996081352,0.00812049675732851,3.742430862985202e-07,,,,,,,,,,,,,,,,,,,,,,
107.29456499999999,XKF1,,,,,,,,,,,,,,,,,,,,,,,55.92342382967196,55.923423767089844,,,0.017905817473748257,,,,,,0.0026456781197339296,0.0019480222146412657,,,,,,0.0019471801351755868,,0.0019471801351755857,0.017799628898501396
107.29456499999999,POS,,,,,,,,,,,,,,,,,,,,,,,55.92296186896541,55.92296186896541,,,,,37.4275,-122.1690674,,,0.0,,,,10.963553428649902,,,,,,
107.394525,ATT,,,3,,,0.13,0.46,0.25,0.0,0.0,,,,0.12,,,,0.43,,,,0.25,,,,,,,,,,,,,,,,,,,,,
107.394525,RATE,75.29135131835938,149.84666442871094,,0.37928688526153564,0.3044482469558716,,,,,,0.8892430067062378,1.036269187927246,0.00017170340288430452,,2.2168335914611816,0.9824235439300537,-0.0017961949342861772,,0.015090909786522388,0.009055763483047485,-8.027666808629874e-06,,,,,,,,,,,,,,,,,,,,,,
107.394525,XKF1,,,,,,,,,,,,,,,,,,,,,,,55.921806453267834,55.92180633544922,,,0.02027657306834363,,,,,,0.0036300495266914368,0.0006815917789484539,,,,,,0.0006802763091400278,,0.0006802763091400266,0.020265158265829086
107.394525,POS,,,,,,,,,,,,,,,,,,,,,,,55.92296297693092,55.92296186896541,,,,,37.4274999,-122.1690674,,,-0.011132000130089637,,,,10.844379425048828,,,,,,
107.494485,ATT,,,3,,,0.26,0.32,0.25,0.0,0.0,,,,0.25,,,,0.35,,,,0.25,,,,,,,,,,,,,,,,,,,,,
107.494485,RATE,129.33692932128906,161.97561645507812,,0.3936386704444885,0.2355543076992035,,,,,,0.9918661713600159,-0.1523830145597458,-0.0021984842605888844,,-1.9681041240692139,-1.822514533996582,0.0013962257653474808,,0.012497945688664913,0.009549738839268684,-7.621820714120986e-06,,,,,,,,,,,,,,,,,,,,,,
107.494485,XKF1,,,,,,,,,,,,,,,,,,,,,,,55.921539563727606,55.921539306640625,,,0.02342234331652049,,,,,,0.005362219642847776,0.01136265865220497,,,,,,0.01136069465428591,,0.011360694654285908,0.02048269473016262
107.494485,POS,,,,,,,,,,,,,,,,,,,,,,,55.92296297693092,55.92296186896541,,,,,37.4274999,-122.1690674,,,-0.011132000130089637,,,,10.733277320861816,,,,,,
107.594445,ATT,,,3,,,0.11,0.22,0.25,0.0,0.0,,,,0.15,,,,0.23,,,,0.25,,,,,,,,,,,,,,,,,,,,,
107.594445,RATE,73.37693786621094,172.5196533203125,,0.4039219617843628,0.15524984896183014,,,,,,-1.8078163862228394,-2.886622905731201,-0.002430330030620098,,-1.0956079959869385,1.3498296737670898,0.005682757589966059,,0.009373427368700504,0.012694655917584896,3.62933860742487e-07,,,,,,,,,,,,,,,,,,,,,,
107.594445,XKF1,,,,,,,,,,,,,,,,,,,,,,,55.92178378851076,55.921783447265625,,,0.009869218891167481,,,,,,0.006177869625389576,0.00494908483962869,,,,,,0.0049481415189802655,,0.004948141518980265,0.008539167232811451
107.594445,POS,,,,,,,,,,,,,,,,,,,,,,,55.92296297693092,55.92296186896541,,,,,37.4274999,-122.1690674,,,-0.011132000130089637,,,,10.632038116455078,,,,,,
107.694405,ATT,,,3,,,-0.1,0.28,0.25,0.0,0.0,,,,-0.08,,,,0.28,,,,0.25,,,,,,,,,,,,,,,,,,,,,
107.694405,RATE,168.0611572265625,145.9117889404297,,0.3718284070491791,0.3733919858932495,,,,,,-1.6390388011932373,-0.8227700591087341,0.0010129108559340239,,-0.09915938973426819,0.019325457513332367,0.0011807564878836274,,0.004835453815758228,0.014442763291299343,9.660403520683758e-06,,,,,,,,,,,,,,,,,,,,,,
107.694405,XKF1,,,,,,,,,,,,,,,,,,,,,,,55.921768508984954,55.92176818847656,,,0.010605016367681729,,,,,,0.005987219046801329,0.009931604912195318,,,,,,0.009931206703186035,,0.009931206703186035,0.0037198797799646854
107.694405,POS,,,,,,,,,,,,,,,,,,,,,,,55.92296297693092,55.92296186896541,,,,,37.4274999,-122.1690674,,,-0.011132000130089637,,,,10.544815063476562,,,,,,
107.794365,ATT,,,3,,,-0.13,0.31,0.25,0.0,0.0,,,,-0.14,,,,0.31,,,,0.25,,,,,,,,,,,,,,,,,,,,,
107.794365,RATE,142.0186004638672,124.52214050292969,,0.38455691933631897,0.06228238344192505,,,,,,-0.7258694767951965,-0.33685266971588135,0.0010413175914436579,,0.6236807703971863,0.3357367515563965,-0.001258032862097025,,0.009134558029472828,0.017580006271600723,1.1497088053147309e-05,,,,,,,,,,,,,,,,,,,,,,
107.794365,XKF1,,,,,,,,,,,,,,,,,,,,,,,55.9211047299642,55.921104431152344,,,0.009572805414659259,,,,,,0.005780984181910753,0.009560792958921403,,,,,,0.009560743346810341,,0.009560743346810341,0.0004804062482435256
107.794365,POS,,,,,,,,,,,,,,,,,,,,,,,55.92296297693092,55.92296186896541,,,,,37.4274999,-122.1690674,,,-0.011132000130089637,,,,10.474267959594727,,,,,,
107.894325,ATT,,,3,,,-0.11,0.29,0.25,0.0,0.0,,,,-0.13,,,,0.29,,,,0.25,,,,,,,,,,,,,,,,,,,,,
107.894325,RATE,120.05748748779297,68.79510498046875,,0.36924415826797485,0.11965999007225037,,,,,,0.8373150825500488,0.8261317610740662,-0.0014738538302481174,,-0.43234601616859436,-0.17946097254753113,0.0011444356059655547,,0.015861913561820984,0.018415391445159912,8.757380783208646e-06,,,,,,,,,,,,,,,,,,,,,,
107.894325,XKF1,,,,,,,,,,,,,,,,,,,,,,,55.92123441496401,55.921234130859375,,,0.01253565227424425,,,,,,0.005636928603053093,0.012052399252488154,,,,,,0.012052051723003387,,0.012052051723003387,0.0034482788760215044
107.894325,POS,,,,,,,,,,,,,,,,,,,,,,,55.92296297693092,55.92296186896541,,,,,37.4274999,-122.1690674,,,-0.011132000130089637,,,,10.414581298828125,,,,,,
107.994285,ATT,,,3,,,-0.04,0.22,0.25,0.0,0.0,,,,-0.05,,,,0.23,,,,0.25,,,,,,,,,,,,,,,,,,,,,
107.994285,RATE,77.79112243652344,17.545827865600586,,0.3515554964542389,0.05478166416287422,,,,,,0.9254364967346191,0.26737165451049805,-0.001967658521607518,,-0.8933808207511902,-0.8834802508354187,-5.457052611745894e-05,,0.009686168283224106,0.021841151639819145,1.4098849533183966e-05,,,,,,,,,,,,,,,,,,,,,,
107.994285,XKF1,,,,,,,,,,,,,,,,,,,,,,,55.920818658348644,55.92081832885742,,,0.01853713017088338,,,,,,0.006070489063858986,0.01819129617216481,,,,,,0.018190909177064896,,0.018190909177064896,0.0035659526474773884
107.994285,POS,,,,,,,,,,,,,,,,,,,,,,,55.92296297693092,55.92296186896541,,,,,37.4274999,-122.1690674,,,-0.011132000130089637,,,,10.365830421447754,,,,,,
108.094245,ATT,,,3,,,0.05,0.15,0.25,0.0,0.0,,,,0.02,,,,0.14,,,,0.25,,,,,,,,,,,,,,,,,,,,,
108.094245,RATE,1.0343551635742188,-7.916839599609375,,0.3463060259819031,0.19177912175655365,,,,,,1.7517311573028564,3.4436779022216797,0.00502343475818634,,-0.41388043761253357,0.3985634744167328,0.0019612647593021393,,0.013437403365969658,0.023129502311348915,1.6372556274291128e-05,,,,,,,,,,,,,,,,,,,,,,
108.094245,XKF1,,,,,,,,,,,,,,,,,,,,,,,55.92153211750307,55.921531677246094,,,0.030705782957720296,,,,,,0.007017099764198065,0.01891121039006302,,,,,,0.018908174708485603,,0.018908174708485603,0.02419351227581501
108.094245,POS,,,,,,,,,,,,,,,,,,,,,,,55.92296297693092,55.92296186896541,,,,,37.4274999,-122.1690674,,,-0.011132000130089637,,,,10.321662902832031,,,,,,
108.194205,ATT,,,3,,,0.36,0.18,0.25,0.0,0.0,,,,0.33,,,,0.15,,,,0.25,,,,,,,,,,,,,,,,,,,,,
108.194205,RATE,-19.365978240966797,-33.65521240234375,,0.3302445113658905,0.16681046783924103,,,,,,2.536121368408203,1.840620517730713,-0.0012288989964872599,,0.7918843626976013,1.5096054077148438,0.000602227752096951,,0.01271407026797533,0.0247909314930439,1.346471890428802e-05,,,,,,,,,,,,,,,,,,,,,,
108.194205,XKF1,,,,,,,,,,,,,,,,,,,,,,,55.92107478370754,55.92107391357422,,,0.0332701126766479,,,,,,0.009864967316389084,0.014991264026542639,,,,,,0.014986024238169195,,0.014986024238169193,0.029703862965106964
108.194205,POS,,,,,,,,,,,,,,,,,,,,,,,55.92296297693092,55.92296186896541,,,,,37.4274999,-122.1690674,,,-0.011132000130089637,,,,10.281246185302734,,,,,,
108.29499799999999,ATT,,,3,,,0.32,0.11,0.25,0.0,0.0,,,,0.37,,,,0.15,,,,0.25,,,,,,,,,,,,,,,,,,,,,
108.29499799999999,RATE,-25.759315490722656,-46.25028991699219,,0.3314727246761322,0.13684159517288208,,,,,,-1.917956829071045,-3.6992363929748535,-0.0023736292496323586,,-3.005981683731079,-4.717716693878174,-0.0012866714969277382,,0.011714041233062744,0.023991843685507774,1.5320576494559646e-05,,,,,,,,,,,,,,,,,,,,,,
108.29499799999999,XKF1,,,,,,,,,,,,,,,,,,,,,,,55.92181531056189,55.92181396484375,,,0.03935377210766668,,,,,,0.012268251739442348,0.037555332614422086,,,,,,0.03755275160074234,,0.03755275160074234,0.011769036762416363
108.29499799999999,POS,,,,,,,,,,,,,,,,,,,,,,,55.92296186896541,55.92296186896541,,,,,37.4275,-122.1690674,,,0.0,,,,10.243154525756836,,,,,,
108.394958,ATT,,,3,,,0.06,-0.1,0.25,0.0,0.0,,,,0.09,,,,-0.11,,,,0.25,,,,,,,,,,,,,,,,,,,,,
108.394958,RATE,44.16799545288086,-41.665645599365234,,0.3408444821834564,0.11157017201185226,,,,,,-2.000434398651123,-0.6692290902137756,0.002544031012803316,,-1.000788688659668,0.491830438375473,0.002885460387915373,,0.017678717151284218,0.025560660287737846,1.423621506546624e-05,,,,,,,,,,,,,,,,,,,,,,
108.394958,XKF1,,,,,,,,,,,,,,,,,,,,,,,55.923474730018356,55.9234733581543,,,0.034083933029007946,,,,,,0.012387041933834553,0.032238639840124345,,,,,,0.032236188650131226,,0.032236188650131226,0.011069897562265396
108.394958,POS,,,,,,,,,,,,,,,,,,,,,,,55.92296186896541,55.92296186896541,,,,,37.4275,-122.1690674,,,0.0,,,,10.204084396362305,,,,,,
108.494918,ATT,,,3,,,0.09,0.0,0.25,0.0,0.0,,,,0.08,,,,-0.03,,,,0.25,,,,,,,,,,,,,,,,,,,,,
108.494918,RATE,13.061714172363281,-32.968231201171875,,0.3478562831878662,0.21896782517433167,,,,,,0.23364214599132538,-0.47244134545326233,-0.0026557017117738724,,1.122511863708496,0.832247257232666,-0.002128672320395708,,0.015102801844477654,0.02336004003882408,1.1697460649884306e-05,,,,,,,,,,,,,,,,,,,,,,
108.494918,XKF1,,,,,,,,,,,,,,,,,,,,,,,55.924676447790276,55.92467498779297,,,0.027667991416908344,,,,,,0.012778879143297672,0.026806091819528616,,,,,,0.026804525405168533,,0.026804525405168533,0.006858218926936388
108.494918,POS,,,,,,,,,,,,,,,,,,,,,,,55.92296186896541,55.92296186896541,,,,,37.4275,-122.1690674,,,0.0,,,,10.163052558898926,,,,,,
108.594878,ATT,,,3,,,0.12,0.08,0.25,0.0,0.0,,,,0.1,,,,0.05,,,,0.25,,,,,,,,,,,,,,,,,,,,,
108.594878,RATE,12.277507781982422,-47.633670806884766,,0.3220963478088379,0.028275182470679283,,,,,,1.0018993616104126,1.13356614112854,-0.00023851016885600984,,1.3286805152893066,0.9612273573875427,-0.0008617187268100679,,0.018650025129318237,0.023160798475146294,6.098690391809214e-06,,,,,,,,,,,,,,,,,,,,,,
108.594878,XKF1,,,,,,,,,,,,,,,,,,,,,,,55.924844390928655,55.924842834472656,,,0.029483839809266308,,,,,,0.013194283470511436,0.02640036512373439,,,,,,0.02639726735651493,,0.02639726735651493,0.013133205473423004
108.594878,POS,,,,,,,,,,,,,,,,,,,,,,,55.92296186896541,55.92296186896541,,,,,37.4275,-122.1690674,,,0.0,,,,10.123067855834961,,,,,,
108.694838,ATT,,,3,,,0.16,0.07,0.25,0.0,0.0,,,,0.15,,,,0.07,,,,0.25,,,,,,,,,,,,,,,,,,,,,
108.694838,RATE,14.602279663085938,-47.595584869384766,,0.32406285405158997,0.14576582610607147,,,,,,0.42987358570098877,0.36020609736442566,0.00019854019046761096,,-0.38579314947128296,-0.6533188819885254,-0.000209878635359928,,0.02112470753490925,0.020613383501768112,6.367992568812042e-07,,,,,,,,,,,,,,,,,,,,,,
108.694838,XKF1,,,,,,,,,,,,,,,,,,,,,,,55.925390033551366,55.92538833618164,,,0.029339207317832804,,,,,,0.013778683729469776,0.027030425923612898,,,,,,0.027027614414691925,,0.027027614414691925,0.011414777487516403
108.694838,POS,,,,,,,,,,,,,,,,,,,,,,,55.92296186896541,55.92296186896541,,,,,37.4275,-122.1690674,,,0.0,,,,10.082268714904785,,,,,,
108.794798,ATT,,,3,,,0.15,0.03,0.25,0.0,0.0,,,,0.15,,,,0.03,,,,0.25,,,,,,,,,,,,,,,,,,,,,
108.794798,RATE,92.4521484375,-41.12416076660156,,0.32316821813583374,0.5887669920921326,,,,,,-0.5872535705566406,-0.4904194176197052,0.0006671330193057656,,-0.3306746780872345,0.14276818931102753,0.0014390356373041868,,0.016611861065030098,0.020308051258325577,1.949960733327316e-06,,,,,,,,,,,,,,,,,,,,,,
108.794798,XKF1,,,,,,,,,,,,,,,,,,,,,,,55.92561516426407,55.92561340332031,,,0.026104658200505226,,,,,,0.014034376479685307,0.024528851452988547,,,,,,0.024526609107851982,,0.024526609107851982,0.008938603103160858
108.794798,POS,,,,,,,,,,,,,,,,,,,,,,,55.92296186896541,55.92296186896541,,,,,37.4275,-122.1690674,,,0.0,,,,10.039067268371582,,,,,,
108.894758,ATT,,,3,,,0.15,-0.11,0.25,0.0,0.0,,,,0.14,,,,-0.09,,,,0.25,,,,,,,,,,,,,,,,,,,,,
108.894758,RATE,-55.86862564086914,-44.670806884765625,,0.3148435950279236,0.07190177589654922,,,,,,0.5181294083595276,0.4991133511066437,0.0003168005496263504,,-2.5206491947174072,-2.18276309967041,0.0005524814478121698,,0.018544450402259827,0.019992826506495476,4.79852496937383e-06,,,,,,,,,,,,,,,,,,,,,,
108.894758,XKF1,,,,,,,,,,,,,,,,,,,,,,,55.92687790746987,55.926876068115234,,,0.03895733851644295,,,,,,0.014343595132231712,0.03759753242356411,,,,,,0.03759491443634033,,0.03759491443634033,0.010212572291493416
108.894758,POS,,,,,,,,,,,,,,,,,,,,,,,55.92296186896541,55.92296186896541,,,,,37.4275,-122.1690674,,,0.0,,,,9.996439933776855,,,,,,
108.99471799999999,ATT,,,3,,,0.2,-0.2,0.25,0.0,0.0,,,,0.18,,,,-0.21,,,,0.25,,,,,,,,,,,,,,,,,,,,,
108.99471799999999,RATE,-90.45581817626953,-19.769018173217773,,0.34297803044319153,0.5556623935699463,,,,,,0.7598687410354614,0.8477344512939453,0.0004612624179571867,,-0.5184005498886108,0.15821383893489838,0.0011236071586608887,,0.010894318111240864,0.020873205736279488,5.223530479270266e-06,,,,,,,,,,,,,,,,,,,,,,
108.99471799999999,XKF1,,,,,,,,,,,,,,,,,,,,,,,55.928045309902515,55.928043365478516,,,0.039301407986261236,,,,,,0.014747734181582928,0.03690448032188121,,,,,,0.03690091520547867,,0.03690091520547867,0.013524907641112804
108.99471799999999,POS,,,,,,,,,,,,,,,,,,,,,,,55.92296186896541,55.92296186896541,,,,,37.4275,-122.1690674,,,0.0,,,,9.95056438446045,,,,,,
109.094678,ATT,,,3,,,0.13,-0.11,0.25,0.0,0.0,,,,0.16,,,,-0.14,,,,0.25,,,,,,,,,,,,,,,,,,,,,
109.094678,RATE,-11.082744598388672,-6.057711124420166,,0.3374701142311096,0.17696088552474976,,,,,,-2.1856260299682617,-2.142871618270874,0.002648139139637351,,0.8157049417495728,1.1194871664047241,0.0011072210036218166,,0.015509865246713161,0.019803093746304512,7.130479843908688e-06,,,,,,,,,,,,,,,,,,,,,,
109.094678,XKF1,,,,,,,,,,,,,,,,,,,,,,,55.9288120806026,55.928810119628906,,,0.031382329992072994,,,,,,0.014810464344918728,0.031224995452384167,,,,,,0.031224163249135017,,0.031224163249135017,0.0031467864755541086
109.094678,POS,,,,,,,,,,,,,,,,,,,,,,,55.92296186896541,55.92296186896541,,,,,37.4275,-122.1690674,,,0.0,,,,9.899808883666992,,,,,,
109.194638,ATT,,,3,,,0.04,-0.06,0.25,0.0,0.0,,,,0.04,,,,-0.08,,,,0.25,,,,,,,,,,,,,,,,,,,,,
109.194638,RATE,144.4661102294922,-30.030811309814453,,0.3053393065929413,0.6611920595169067,,,,,,-0.7173300981521606,-0.4085672199726105,0.0008990383939817548,,0.3978264629840851,0.26267561316490173,-0.0003346661396790296,,0.017003536224365234,0.02297094650566578,6.6730585785990115e-06,,,,,,,,,,,,,,,,,,,,,,
109.194638,XKF1,,,,,,,,,,,,,,,,,,,,,,,55.92842659832912,55.92842483520508,,,0.02973675857117165,,,,,,0.01404341496527195,0.02970104091128962,,,,,,0.02970067411661148,,0.02970067411661148,0.0014645024202764034
109.194638,POS,,,,,,,,,,,,,,,,,,,,,,,55.92296186896541,55.92296186896541,,,,,37.4275,-122.1690674,,,0.0,,,,9.853015899658203,,,,,,
109.294598,ATT,,,3,,,0.01,-0.04,0.25,0.0,0.0,,,,0.0,,,,-0.05,,,,0.25,,,,,,,,,,,,,,,,,,,,,
109.294598,RATE,-71.03862762451172,-36.98179244995117,,0.31509464979171753,0.47180938720703125,,,,,,-0.3122481405735016,-0.4058624804019928,6.826470780652016e-05,,0.30931606888771057,0.4129122495651245,7.257510151248425e-05,,0.025082923471927643,0.023045631125569344,5.470962150866399e-06,,,,,,,,,,,,,,,,,,,,,,
109.294598,XKF1,,,,,,,,,,,,,,,,,,,,,,,55.92820516533279,55.92820358276367,,,0.028160762506042155,,,,,,0.013304905034601688,0.027948570876081383,,,,,,0.027949390932917595,,0.027949390932917595,-0.003443848341703415
109.294598,POS,,,,,,,,,,,,,,,,,,,,,,,55.92296186896541,55.92296186896541,,,,,37.4275,-122.1690674,,,0.0,,,,9.80952262878418,,,,,,
109.394558,ATT,,,3,,,-0.03,0.03,0.25,0.0,0.0,,,,-0.04,,,,0.01,,,,0.25,,,,,,,,,,,,,,,,,,,,,
109.394558,RATE,48.90155792236328,-16.40622901916504,,0.32936739921569824,0.13299717009067535,,,,,,-0.1724422127008438,0.1730354279279709,0.0007463924121111631,,0.8603109121322632,0.8821765780448914,-8.849809091771021e-05,,0.020427281036973,0.023825544863939285,1.932936129378504e-06,,,,,,,,,,,,,,,,,,,,,,
109.394558,XKF1,,,,,,,,,,,,,,,,,,,,,,,55.926869815905015,55.9268684387207,,,0.02153384590969573,,,,,,0.01241141464561224,0.021452556488456818,,,,,,0.021452970802783966,,0.021452970802783966,-0.0018645544769242406
109.394558,POS,,,,,,,,,,,,,,,,,,,,,,,55.92296186896541,55.92296186896541,,,,,37.4275,-122.1690674,,,0.0,,,,9.759921073913574,,,,,,
109.494518,ATT,,,3,,,0.03,0.07,0.25,0.0,0.0,,,,0.01,,,,0.06,,,,0.25,,,,,,,,,,,,,,,,,,,,,
109.494518,RATE,5.226421356201172,-9.555048942565918,,0.32770541310310364,0.05225249379873276,,,,,,0.8367562890052795,0.6924890875816345,8.523068390786648e-05,,0.23277294635772705,-5.882783807464875e-05,-0.00041894864989444613,,0.023801155388355255,0.023137344047427177,3.3584235552552855e-06,,,,,,,,,,,,,,,,,,,,,,
109.494518,XKF1,,,,,,,,,,,,,,,,,,,,,,,55.925813081754846,55.925811767578125,,,0.021495892829529736,,,,,,0.012124058790504932,0.021424496564559563,,,,,,0.02142411656677723,,0.02142411656677723,0.0017551745986565948
109.494518,POS,,,,,,,,,,,,,,,,,,,,,,,55.92296186896541,55.92296186896541,,,,,37.4275,-122.1690674,,,0.0,,,,9.70890998840332,,,,,,
109.594478,ATT,,,3,,,0.02,0.12,0.25,0.0,0.0,,,,0.02,,,,0.11,,,,0.25,,,,,,,,,,,,,,,,,,,,,
109.594478,RATE,74.20892333984375,-7.760167598724365,,0.3239178955554962,0.28685614466667175,,,,,,-0.2810511291027069,-0.4042845070362091,-0.00014269705570768565,,0.5987838506698608,0.5039687156677246,0.0001992412144318223,,0.02220391109585762,0.022562997415661812,-8.047892947615765e-07,,,,,,,,,,,,,,,,,,,,,,
109.594478,XKF1,,,,,,,,,,,,,,,,,,,,,,,55.92401250879124,55.92401123046875,,,0.016677123033152556,,,,,,0.011957334354519844,0.01659836130114195,,,,,,0.01659870706498623,,0.01659870706498623,-0.0016153502510860562
109.594478,POS,,,,,,,,,,,,,,,,,,,,,,,55.92296186896541,55.92296186896541,,,,,37.4275,-122.1690674,,,0.0,,,,9.65779972076416,,,,,,
109.69443799999999,ATT,,,3,,,0.01,0.11,0.25,0.0,0.0,,,,0.01,,,,0.12,,,,0.25,,,,,,,,,,,,,,,,,,,,,
109.69443799999999,RATE,-36.118316650390625,6.137864589691162,,0.33971741795539856,0.19345435500144958,,,,,,0.05054111033678055,-0.46273815631866455,-0.001567373052239418,,-0.4704679548740387,-0.6939675211906433,-0.00019067316316068172,,0.022889165207743645,0.019846336916089058,-5.475766556628514e-06,,,,,,,,,,,,,,,,,,,,,,
109.69443799999999,XKF1,,,,,,,,,,,,,,,,,,,,,,,55.92287572793628,55.922874450683594,,,0.021860103367322647,,,,,,0.01195220835506916,0.021571625233740843,,,,,,0.021572381258010864,,0.021572381258010864,-0.0035350369289517403
109.69443799999999,POS,,,,,,,,,,,,,,,,,,,,,,,55.92296186896541,55.92296186896541,,,,,37.4275,-122.1690674,,,0.0,,,,9.60490894317627,,,,,,
109.794398,ATT,,,3,,,-0.03,0.1,0.25,0.0,0.0,,,,-0.02,,,,0.09,,,,0.25,,,,,,,,,,,,,,,,,,,,,
109.794398,RATE,60.628414154052734,5.135092735290527,,0.32985106110572815,0.15752023458480835,,,,,,-0.3004617989063263,0.1715419739484787,0.0010145038831979036,,0.3165487051010132,0.820330798625946,0.0005914451321586967,,0.027547501027584076,0.017885779961943626,-1.0285166354151443e-05,,,,,,,,,,,,,,,,,,,,,,
109.794398,XKF1,,,,,,,,,,,,,,,,,,,,,,,55.921483401362224,55.92148208618164,,,0.016101846168072424,,,,,,0.01212821900844574,0.01610130731289613,,,,,,0.016101278364658356,,0.016101278364658356,0.0001352222025161609
109.794398,POS,,,,,,,,,,,,,,,,,,,,,,,55.92296186896541,55.92296186896541,,,,,37.4275,-122.1690674,,,0.0,,,,9.55094051361084,,,,,,
109.894358,ATT,,,3,,,0.08,0.22,0.25,0.0,0.0,,,,0.06,,,,0.2,,,,0.25,,,,,,,,,,,,,,,,,,,,,
109.894358,RATE,-194.13290405273438,25.25581169128418,,0.35401856899261475,0.586507260799408,,,,,,1.2030863761901855,0.7769401669502258,-0.0006603897782042623,,1.5357633829116821,1.181890606880188,-0.00048283327487297356,,0.021289153024554253,0.01600710116326809,-7.360798917943612e-06,,,,,,,,,,,,,,,,,,,,,,
109.894358,XKF1,,,,,,,,,,,,,,,,,,,,,,,55.92049555228466,55.920494079589844,,,0.01170095465342769,,,,,,0.012833847664296627,0.011171008691802455,,,,,,0.011170209385454655,,0.011170209385454655,0.0034840726293623447
109.894358,POS,,,,,,,,,,,,,,,,,,,,,,,55.92296186896541,55.92296186896541,,,,,37.4275,-122.1690674,,,0.0,,,,9.495282173156738,,,,,,
109.99431799999999,ATT,,,3,,,0.13,0.29,0.26,0.0,0.0,,,,0.13,,,,0.29,,,,0.25,,,,,,,,,,,,,,,,,,,,,
109.99431799999999,RATE,150.02841186523438,63.18160629272461,,0.37887880206108093,0.4785805940628052,,,,,,0.31306517124176025,0.329304575920105,0.0005547984037548304,,0.49234750866889954,0.17521975934505463,-0.00011468757293187082,,0.023807978257536888,0.01647576317191124,-8.007051292224787e-06,,,,,,,,,,,,,,,,,,,,,,
109.99431799999999,XKF1,,,,,,,,,,,,,,,,,,,,,,,55.918149856395125,55.918148040771484,,,0.012378848196767748,,,,,,0.014249653555452824,0.009485375767050764,,,,,,0.009483348578214645,,0.009483348578214645,0.007956254296004772
109.99431799999999,POS,,,,,,,,,,,,,,,,,,,,,,,55.92296186896541,55.92296186896541,,,,,37.4275,-122.1690674,,,0.0,,,,9.430082321166992,,,,,,
110.094278,ATT,,,3,,,0.19,0.31,0.26,0.0,0.0,,,,0.19,,,,0.32,,,,0.25,,,,,,,,,,,,,,,,,,,,,
110.094278,RATE,9.393596649169922,32.389869689941406,,0.3454037010669708,0.24479924142360687,,,,,,0.3459203839302063,0.07288273423910141,-0.000506398850120604,,-0.03228463977575302,-0.38887593150138855,-0.0008487620507366955,,0.024408914148807526,0.014100814238190651,-1.3783628673991188e-05,,,,,,,,,,,,,,,,,,,,,,
110.094278,XKF1,,,,,,,,,,,,,,,,,,,,,,,55.91675790867083,55.91675567626953,,,0.01332944835418671,,,,,,0.01580054685473442,0.0111286142150831,,,,,,0.01112654060125351,,0.01112654060125351,0.007339910604059696
110.094278,POS,,,,,,,,,,,,,,,,,,,,,,,55.92296186896541,55.92296186896541,,,,,37.4275,-122.1690674,,,0.0,,,,9.372136116027832,,,,,,
110.194238,ATT,,,3,,,0.15,0.31,0.26,0.0,0.0,,,,0.16,,,,0.32,,,,0.25,,,,,,,,,,,,,,,,,,,,,
110.194238,RATE,-4.378509521484375,29.735994338989258,,0.35239312052726746,0.024315765127539635,,,,,,-0.5426414012908936,-0.8440698981285095,-0.001107172342017293,,-0.03173081949353218,-0.7464790344238281,-0.0014168041525408626,,0.03417876735329628,0.01021108403801918,-2.4885610400815494e-05,,,,,,,,,,,,,,,,,,,,,,
110.194238,XKF1,,,,,,,,,,,,,,,,,,,,,,,55.914896764511376,55.914894104003906,,,0.01459653003199204,,,,,,0.017248883843421936,0.014495939365028764,,,,,,0.014495410956442356,,0.014495410956442356,0.0017151531064882874
110.194238,POS,,,,,,,,,,,,,,,,,,,,,,,55.92296186896541,55.92296186896541,,,,,37.4275,-122.1690674,,,0.0,,,,9.317946434020996,,,,,,
110.294198,ATT,,,3,,,0.07,0.17,0.25,0.0,0.0,,,,0.08,,,,0.19,,,,0.25,,,,,,,,,,,,,,,,,,,,,
110.294198,RATE,8.279132843017578,15.820988655090332,,0.34117990732192993,0.039538029581308365,,,,,,-1.100226879119873,-0.1250331699848175,0.0035164603032171726,,-1.617512583732605,-2.1456539630889893,-0.0017329405527561903,,0.04012569412589073,0.0006403138977475464,-4.6043853217270225e-05,,,,,,,,,,,,,,,,,,,,,,
110.294198,XKF1,,,,,,,,,,,,,,,,,,,,,,,55.91487029453908,55.91486740112305,,,0.02727379148965356,,,,,,0.0179880503565073,0.027238368539486666,,,,,,0.027237920090556145,,0.027237920090556145,0.0013983602402731776
110.294198,POS,,,,,,,,,,,,,,,,,,,,,,,55.92296186896541,55.92296186896541,,,,,37.4275,-122.1690674,,,0.0,,,,9.265098571777344,,,,,,
110.394991,ATT,,,3,,,0.14,0.01,0.26,0.0,0.0,,,,0.13,,,,0.0,,,,0.26,,,,,,,,,,,,,,,,,,,,,
110.394991,RATE,-38.971805572509766,20.753576278686523,,0.3531745374202728,0.08075707405805588,,,,,,0.39587387442588806,-0.04791557043790817,-0.00046128476969897747,,-0.6258723735809326,0.29097896814346313,0.0011858062352985144,,0.03600948303937912,-0.006183082703500986,-5.9740341384895146e-05,,,,,,,,,,,,,,,,,,,,,,
110.394991,XKF1,,,,,,,,,,,,,,,,,,,,,,,55.914897579477966,55.914894104003906,,,0.02799319303680527,,,,,,0.01971450075507164,0.02799090497516325,,,,,,0.027990777045488358,,0.027990777045488358,0.0003677727363537997
110.394991,POS,,,,,,,,,,,,,,,,,,,,,,,55.92296186896541,55.92296186896541,,,,,37.4275,-122.1690674,,,0.0,,,,9.213797569274902,,,,,,
110.494951,ATT,,,3,,,0.12,0.07,0.26,0.0,0.0,,,,0.13,,,,0.04,,,,0.26,,,,,,,,,,,,,,,,,,,,,
110.494951,RATE,43.001651763916016,9.868080139160156,,0.3426356911659241,0.2848505973815918,,,,,,-0.02412816323339939,-0.9538726210594177,-0.0028045119252055883,,0.7894275784492493,0.5070207118988037,-0.0016363330651074648,,0.02423948049545288,-0.010761119425296783,-6.0877096984768286e-05,,,,,,,,,,,,,,,,,,,,,,
110.494951,XKF1,,,,,,,,,,,,,,,,,,,,,,,55.91512315106472,55.91511917114258,,,0.027218861108759457,,,,,,0.021096816286444664,0.026807666355873068,,,,,,0.026809442788362503,,0.026809442788362503,-0.0047032092697918415
110.494951,POS,,,,,,,,,,,,,,,,,,,,,,,55.9141228002884,55.914121692147724,,,,,37.4275001,-122.1690675,,,0.011132000130089637,,,,9.16327953338623,,,,,,
110.594911,ATT,,,3,,,0.13,0.19,0.26,0.0,0.0,,,,0.12,,,,0.15,,,,0.26,,,,,,,,,,,,,,,,,,,,,
110.594911,RATE,40.581417083740234,-6.44649076461792,,0.3353081941604614,0.0239812470972538,,,,,,0.3578873574733734,0.8876357674598694,0.0008676359429955482,,2.2686767578125,2.7420313358306885,-0.0005917064845561981,,0.022416306659579277,-0.009926144964993,-5.4069245379650965e-05,,,,,,,,,,,,,,,,,,,,,,
110.594911,XKF1,,,,,,,,,,,,,,,,,,,,,,,55.914452458651425,55.91444778442383,,,0.01478055467139552,,,,,,0.022862933576107025,0.014765530677418261,,,,,,0.014765257015824318,,0.014765257015824318,0.0006722958059981465
110.594911,POS,,,,,,,,,,,,,,,,,,,,,,,55.9141228002884,55.914121692147724,,,,,37.4275001,-122.1690675,,,0.011132000130089637,,,,9.116883277893066,,,,,,
110.69487099999999,ATT,,,3,,,0.2,0.29,0.26,0.0,0.0,,,,0.18,,,,0.29,,,,0.26,,,,,,,,,,,,,,,,,,,,,
110.69487099999999,RATE,38.481712341308594,-3.918578863143921,,0.3471391797065735,0.11444293707609177,,,,,,0.5679339170455933,0.8418911099433899,0.0009937591385096312,,0.17658276855945587,-0.9427675008773804,-0.0017643552273511887,,0.022950822487473488,-0.01195377204567194,-5.7042685511987656e-05,,,,,,,,,,,,,,,,,,,,,,
110.69487099999999,XKF1,,,,,,,,,,,,,,,,,,,,,,,55.91388867747163,55.913883209228516,,,0.021922650657828464,,,,,,0.024728555232286453,0.02186041713305569,,,,,,0.021859684959053993,,0.021859684959053993,0.0016603569965809584
110.69487099999999,POS,,,,,,,,,,,,,,,,,,,,,,,55.9141228002884,55.914121692147724,,,,,37.4275001,-122.1690675,,,0.011132000130089637,,,,9.06931209564209,,,,,,
110.794831,ATT,,,3,,,0.28,0.17,0.26,0.0,0.0,,,,0.24,,,,0.2,,,,0.26,,,,,,,,,,,,,,,,,,,,,
110.794831,RATE,-14.835834503173828,-25.907716751098633,,0.3200860619544983,0.02913765422999859,,,,,,1.3889940977096558,3.1317250728607178,0.004122193902730942,,-0.9080691933631897,-1.456924557685852,-0.0025861654430627823,,0.014571628533303738,-0.012423080392181873,-5.268790846457705e-05,,,,,,,,,,,,,,,,,,,,,,
110.794831,XKF1,,,,,,,,,,,,,,,,,,,,,,,55.91402722016764,55.91402053833008,,,0.027612588489822277,,,,,,0.027335267513990402,0.02576404211282787,,,,,,0.02575918287038803,,0.02575918287038803,0.009945830330252647
110.794831,POS,,,,,,,,,,,,,,,,,,,,,,,55.9141228002884,55.914121692147724,,,,,37.4275001,-122.1690675,,,0.011132000130089637,,,,9.024310111999512,,,,,,
110.894791,ATT,,,3,,,0.41,0.09,0.26,0.0,0.0,,,,0.41,,,,0.1,,,,0.26,,,,,,,,,,,,,,,,,,,,,
110.894791,RATE,-94.31571960449219,-7.372984886169434,,0.35008689761161804,0.5394185781478882,,,,,,0.4204084873199463,-0.6008392572402954,-0.0014132671058177948,,-0.43078938126564026,0.06514489650726318,0.0006707972497679293,,0.021482005715370178,-0.011584917083382607,-5.0265469326404855e-05,,,,,,,,,,,,,,,,,,,,,,
110.894791,XKF1,,,,,,,,,,,,,,,,,,,,,,,55.914818345820834,55.91481018066406,,,0.025789628312847132,,,,,,0.030217651277780533,0.025463042822857603,,,,,,0.025460828095674515,,0.025460828095674515,0.004105016589164734
110.894791,POS,,,,,,,,,,,,,,,,,,,,,,,55.9141228002884,55.914121692147724,,,,,37.4275001,-122.1690675,,,0.011132000130089637,,,,8.97675609588623,,,,,,
110.994751,ATT,,,3,,,0.35,0.14,0.26,0.0,0.0,,,,0.37,,,,0.13,,,,0.26,,,,,,,,,,,,,,,,,,,,,
110.994751,RATE,92.00811767578125,56.44035339355469,,0.40425005555152893,0.2804349362850189,,,,,,-0.6684663891792297,-0.8970001935958862,-0.0004546349518932402,,0.8046767115592957,0.42244333028793335,-0.0017122415592893958,,0.01829877682030201,-0.010615578852593899,-5.129020428285003e-05,,,,,,,,,,,,,,,,,,,,,,
110.994751,XKF1,,,,,,,,,,,,,,,,,,,,,,,55.914907598668904,55.91489791870117,,,0.024503831360377256,,,,,,0.03290150314569473,0.02450095038527589,,,,,,0.024501167237758636,,0.024501167237758636,-0.0003613244043663144
110.994751,POS,,,,,,,,,,,,,,,,,,,,,,,55.9141228002884,55.914121692147724,,,,,37.4275001,-122.1690675,,,0.011132000130089637,,,,8.915570259094238,,,,,,
111.094711,ATT,,,3,,,0.31,0.09,0.26,0.0,0.0,,,,0.32,,,,0.09,,,,0.26,,,,,,,,,,,,,,,,,,,,,
111.094711,RATE,-62.49990463256836,37.8667106628418,,0.3612104654312134,0.11552998423576355,,,,,,-0.37636587023735046,0.01335572823882103,0.0013138873036950827,,-0.8045455813407898,-0.37296178936958313,0.0014309239340946078,,0.01823567785322666,-0.009892666712403297,-4.925198663841002e-05,,,,,,,,,,,,,,,,,,,,,,
111.094711,XKF1,,,,,,,,,,,,,,,,,,,,,,,55.91573664928676,55.91572570800781,,,0.026044611278335468,,,,,,0.034979697316884995,0.025982655100749225,,,,,,0.025983773171901703,,0.025983773171901703,-0.0017791313584893942
111.094711,POS,,,,,,,,,,,,,,,,,,,,,,,55.914126124709995,55.914121692147724,,,,,37.4275002,-122.1690675,,,0.0222639994692031,,,,8.858480453491211,,,,,,
111.194671,ATT,,,3,,,0.29,0.11,0.26,0.0,0.0,,,,0.3,,,,0.1,,,,0.26,,,,,,,,,,,,,,,,,,,,,
111.194671,RATE,-60.250186920166016,30.185131072998047,,0.3621341586112976,0.0849032923579216,,,,,,-0.7311447262763977,-0.8092129826545715,0.000691693858243525,,0.4016140103340149,0.5875951051712036,8.722272468730807e-05,,0.018535539507865906,-0.009643073193728924,-4.9898641009349376e-05,,,,,,,,,,,,,,,,,,,,,,
111.194671,XKF1,,,,,,,,,,,,,,,,,,,,,,,55.91616155564998,55.9161491394043,,,0.02505281972229615,,,,,,0.03726308420300484,0.023629741559193153,,,,,,0.02363528311252594,,0.02363528311252594,-0.008307657204568386
111.194671,POS,,,,,,,,,,,,,,,,,,,,,,,55.914126124709995,55.914121692147724,,,,,37.4275002,-122.1690675,,,0.0222639994692031,,,,8.806987762451172,,,,,,
111.294631,ATT,,,3,,,0.28,0.21,0.26,0.0,0.0,,,,0.27,,,,0.18,,,,0.26,,,,,,,,,,,,,,,,,,,,,
111.294631,RATE,-54.85639572143555,31.944379806518555,,0.36961641907691956,0.06164053454995155,,,,,,0.3631565570831299,-0.10572129487991333,-0.0018969563534483314,,1.8312246799468994,1.982439398765564,-0.001472020405344665,,0.013435008935630322,-0.00856853649020195,-4.520477887126617e-05,,,,,,,,,,,,,,,,,,,,,,
111.294631,XKF1,,,,,,,,,,,,,,,,,,,,,,,55.91633048823448,55.916316986083984,,,0.01762467919606646,,,,,,0.038858477026224136,0.014176033793664281,,,,,,0.014183307997882366,,0.014183307997882366,-0.010462461039423943
111.294631,POS,,,,,,,,,,,,,,,,,,,,,,,55.914126124709995,55.914121692147724,,,,,37.4275002,-122.1690675,,,0.0222639994692031,,,,8.754206657409668,,,,,,
111.39459099999999,ATT,,,3,,,0.25,0.3,0.26,0.0,0.0,,,,0.25,,,,0.29,,,,0.26,,,,,,,,,,,,,,,,,,,,,
111.39459099999999,RATE,147.45826721191406,29.614585876464844,,0.3661557137966156,0.6905415058135986,,,,,,-0.35315316915512085,-0.48081085085868835,-0.00014660434680990875,,0.7341768741607666,0.43156853318214417,8.759344927966595e-05,,0.01711985655128956,-0.0061950101517140865,-4.418069511302747e-05,,,,,,,,,,,,,,,,,,,,,,
111.39459099999999,XKF1,,,,,,,,,,,,,,,,,,,,,,,55.9155153284266,55.91550064086914,,,0.020538615880385098,,,,,,0.0405280701816082,0.013658542472570851,,,,,,0.013669656589627264,,0.013669656589627266,-0.015328901819884777
111.39459099999999,POS,,,,,,,,,,,,,,,,,,,,,,,55.914126124709995,55.914121692147724,,,,,37.4275002,-122.1690675,,,0.0222639994692031,,,,8.700055122375488,,,,,,
111.494551,ATT,,,3,,,0.23,0.29,0.26,0.0,0.0,,,,0.22,,,,0.29,,,,0.26,,,,,,,,,,,,,,,,,,,,,
111.494551,RATE,-42.60053634643555,-7.586374282836914,,0.34161683917045593,0.18475954234600067,,,,,,0.2983984351158142,0.515447735786438,0.00031267706071957946,,-0.4223572611808777,-0.39133700728416443,8.137230179272592e-05,,0.013709276914596558,-0.0050061228685081005,-4.328466093284078e-05,,,,,,,,,,,,,,,,,,,,,,
111.494551,XKF1,,,,,,,,,,,,,,,,,,,,,,,55.915172795450935,55.915157318115234,,,0.02164334116033388,,,,,,0.04160331189632416,0.014793939228319512,,,,,,0.014805689454078673,,0.014805689454078674,-0.01578688621520996
111.494551,POS,,,,,,,,,,,,,,,,,,,,,,,55.91413166541258,55.914121692147724,,,,,37.4275003,-122.1690675,,,0.033395999599292736,,,,8.654455184936523,,,,,,
111.594511,ATT,,,3,,,0.25,0.25,0.26,0.0,0.0,,,,0.24,,,,0.27,,,,0.26,,,,,,,,,,,,,,,,,,,,,
111.594511,RATE,53.10029983520508,14.667375564575195,,0.3767350912094116,0.15086482465267181,,,,,,0.5560129880905151,0.43670397996902466,-0.0009287482243962586,,-0.7514868378639221,-1.4144971370697021,-0.0010219444520771503,,0.01133708655834198,-0.000817975087556988,-3.136250961688347e-05,,,,,,,,,,,,,,,,,,,,,,
111.594511,XKF1,,,,,,,,,,,,,,,,,,,,,,,55.914811597480586,55.914794921875,,,0.027359740161156568,,,,,,0.04318363592028618,0.0219505742887434,,,,,,0.021963180974125862,,0.021963180974125862,-0.01631484180688858
111.594511,POS,,,,,,,,,,,,,,,,,,,,,,,55.91413166541258,55.914121692147724,,,,,37.4275003,-122.1690675,,,0.033395999599292736,,,,8.605709075927734,,,,,,
111.694471,ATT,,,3,,,0.27,0.11,0.26,0.0,0.0,,,,0.27,,,,0.12,,,,0.26,,,,,,,,,,,,,,,,,,,,,
111.694471,RATE,2.774810791015625,-6.531977653503418,,0.34883472323417664,0.07982564717531204,,,,,,0.08084479719400406,0.00901731289923191,-0.0001874523877631873,,-1.4105215072631836,-1.0467445850372314,0.001206036889925599,,0.007643161807209253,0.0028429082594811916,-2.1345862478483468e-05,,,,,,,,,,,,,,,,,,,,,,
111.694471,XKF1,,,,,,,,,,,,,,,,,,,,,,,55.91562115851069,55.91560363769531,,,0.03363882960143445,,,,,,0.04426481947302818,0.02815851450404035,,,,,,0.02817307412624359,,0.02817307412624359,-0.0183806624263525
111.694471,POS,,,,,,,,,,,,,,,,,,,,,,,55.91413166541258,55.914121692147724,,,,,37.4275003,-122.1690675,,,0.033395999599292736,,,,8.559500694274902,,,,,,
111.794431,ATT,,,3,,,0.22,0.1,0.26,0.0,0.0,,,,0.22,,,,0.09,,,,0.25,,,,,,,,,,,,,,,,,,,,,
111.794431,RATE,-0.07467269897460938,-18.9169864654541,,0.34654274582862854,0.16312646865844727,,,,,,-0.5239994525909424,-0.3941342532634735,2.9924558475613594e-05,,0.16223423182964325,0.41937556862831116,0.0003377711109351367,,0.006298188120126724,0.008637878112494946,-1.0067271432490088e-05,,,,,,,,,,,,,,,,,,,,,,
111.794431,XKF1,,,,,,,,,,,,,,,,,,,,,,,55.916068239001035,55.91604995727539,,,0.034261859345782415,,,,,,0.045215971767902374,0.024486645359316307,,,,,,0.024506015703082085,,0.024506015703082085,-0.023944314569234848
111.794431,POS,,,,,,,,,,,,,,,,,,,,,,,55.91413166541258,55.914121692147724,,,,,37.4275003,-122.1690675,,,0.033395999599292736,,,,8.517163276672363,,,,,,
111.894391,ATT,,,3,,,0.18,0.09,0.26,0.0,0.0,,,,0.17,,,,0.08,,,,0.25,,,,,,,,,,,,,,,,,,,,,
111.894391,RATE,97.16339111328125,-29.47895050048828,,0.3358583152294159,0.36215516924858093,,,,,,-0.7013392448425293,-0.5079565048217773,2.391725138295442e-05,,-0.6631994843482971,-0.8358181118965149,-5.4720425396226346e-05,,0.0052054510451853275,0.014441951178014278,1.3026847227592953e-06,,,,,,,,,,,,,,,,,,,,,,
111.894391,XKF1,,,,,,,,,,,,,,,,,,,,,,,55.917372641960775,55.917354583740234,,,0.0397085283183776,,,,,,0.044939249753952026,0.028777186674212748,,,,,,0.028799166902899742,,0.028799166902899742,-0.027338163927197456
111.894391,POS,,,,,,,,,,,,,,,,,,,,,,,55.91413166541258,55.914121692147724,,,,,37.4275003,-122.1690675,,,0.033395999599292736,,,,8.473773002624512,,,,,,
111.994351,ATT,,,3,,,0.18,0.04,0.26,0.0,0.0,,,,0.16,,,,0.03,,,,0.25,,,,,,,,,,,,,,,,,,,,,
111.994351,RATE,-24.504947662353516,-32.80907440185547,,0.34175118803977966,0.3137901723384857,,,,,,0.356237530708313,0.5558667778968811,4.35876427218318e-06,,-0.4141102731227875,0.16500504314899445,0.0013109921710565686,,0.0019710499327629805,0.02144329808652401,1.0587440556264482e-05,,,,,,,,,,,,,,,,,,,,,,
111.994351,XKF1,,,,,,,,,,,,,,,,,,,,,,,55.91799490190891,55.91797637939453,,,0.03711176784979165,,,,,,0.04551355168223381,0.025799330722348232,,,,,,0.025821035727858543,,0.025821035727858543,-0.02665628306567669
111.994351,POS,,,,,,,,,,,,,,,,,,,,,,,55.91413166541258,55.914121692147724,,,,,37.4275003,-122.1690675,,,0.033395999599292736,,,,8.432357788085938,,,,,,
112.094311,ATT,,,3,,,0.18,0.12,0.26,0.0,0.0,,,,0.18,,,,0.09,,,,0.25,,,,,,,,,,,,,,,,,,,,,
112.094311,RATE,-50.134944915771484,-33.85938262939453,,0.33576351404190063,0.43958839774131775,,,,,,0.13735659420490265,-0.49538272619247437,-0.0014970340998843312,,0.5120037794113159,0.7802864909172058,0.0007974507752805948,,0.008168745785951614,0.026583541184663773,1.9599037841544487e-05,,,,,,,,,,,,,,,,,,,,,,
112.094311,XKF1,,,,,,,,,,,,,,,,,,,,,,,55.918902444966896,55.91888427734375,,,0.03772775491672182,,,,,,0.04507578909397125,0.02010621309660509,,,,,,0.020131940022110936,,0.02013194002211094,-0.031907498836517334
112.094311,POS,,,,,,,,,,,,,,,,,,,,,,,55.91413166541258,55.914121692147724,,,,,37.4275003,-122.1690675,,,0.033395999599292736,,,,8.388449668884277,,,,,,
112.194271,ATT,,,3,,,0.09,0.18,0.26,0.0,0.0,,,,0.09,,,,0.17,,,,0.25,,,,,,,,,,,,,,,,,,,,,
112.194271,RATE,-1.1418342590332031,-22.24672508239746,,0.342502623796463,0.00965338759124279,,,,,,-0.6755393147468567,-0.44250622391700745,0.0009465749026276171,,0.688266396522522,0.359645277261734,-0.0007869938854128122,,0.006834137719124556,0.03220020979642868,2.6543866624706425e-05,,,,,,,,,,,,,,,,,,,,,,
112.194271,XKF1,,,,,,,,,,,,,,,,,,,,,,,55.91867713164466,55.91865921020508,,,0.04008898751213806,,,,,,0.044769253581762314,0.020561992098853808,,,,,,0.020589537918567654,,0.020589537918567657,-0.03439764305949211
112.194271,POS,,,,,,,,,,,,,,,,,,,,,,,55.91413166541258,55.914121692147724,,,,,37.4275003,-122.1690675,,,0.033395999599292736,,,,8.342185020446777,,,,,,
112.294231,ATT,,,3,,,0.09,0.13,0.26,0.0,0.0,,,,0.08,,,,0.15,,,,0.25,,,,,,,,,,,,,,,,,,,,,
112.294231,RATE,67.5087890625,-11.306065559387207,,0.349002480506897,0.13500741124153137,,,,,,0.2709389328956604,0.47234708070755005,-0.00037637632340192795,,-0.6647118926048279,-0.5264591574668884,0.0005000337259843946,,0.017654631286859512,0.03413282334804535,2.4913835659390315e-05,,,,,,,,,,,,,,,,,,,,,,
112.294231,XKF1,,,,,,,,,,,,,,,,,,,,,,,55.91943535163883,55.91941833496094,,,0.037926055528800025,,,,,,0.04362482950091362,0.023172626128669382,,,,,,0.02319604158401489,,0.023196041584014893,-0.03000548854470253
112.294231,POS,,,,,,,,,,,,,,,,,,,,,,,55.91413166541258,55.914121692147724,,,,,37.4275003,-122.1690675,,,0.033395999599292736,,,,8.292686462402344,,,,,,
112.39419099999999,ATT,,,3,,,0.13,0.09,0.26,0.0,0.0,,,,0.12,,,,0.1,,,,0.25,,,,,,,,,,,,,,,,,,,,,
112.39419099999999,RATE,29.059123992919922,-20.579378128051758,,0.3341403305530548,0.04828304424881935,,,,,,0.25961723923683167,0.06077979877591133,-0.0003808679757639766,,-0.6860121488571167,0.11704165488481522,0.0031460351310670376,,0.01986054889857769,0.03488728031516075,2.247981319669634e-05,,,,,,,,,,,,,,,,,,,,,,
112.39419099999999,XKF1,,,,,,,,,,,,,,,,,,,,,,,55.91966423030141,55.919647216796875,,,0.03689581469008375,,,,,,0.04362085089087486,0.021564630434496253,,,,,,0.02158797718584537,,0.021587977185845375,-0.029920902103185654
112.39419099999999,POS,,,,,,,,,,,,,,,,,,,,,,,55.91413166541258,55.914121692147724,,,,,37.4275003,-122.1690675,,,0.033395999599292736,,,,8.244765281677246,,,,,,
112.494984,ATT,,,3,,,0.11,0.18,0.26,0.0,0.0,,,,0.11,,,,0.16,,,,0.25,,,,,,,,,,,,,,,,,,,,,
112.494984,RATE,72.71194458007812,-28.475677490234375,,0.3249823749065399,0.20060279965400696,,,,,,-0.20733070373535156,0.19434650242328644,0.0007570540765300393,,0.7863644361495972,0.34462425112724304,-0.0007079641800373793,,0.013643776066601276,0.034422602504491806,1.9203958800062537e-05,,,,,,,,,,,,,,,,,,,,,,
112.494984,XKF1,,,,,,,,,,,,,,,,,,,,,,,55.91996498108711,55.91994857788086,,,0.03481665160746863,,,,,,0.04283145070075989,0.019176196822173176,,,,,,0.019198449328541752,,0.019198449328541756,-0.029045116156339645
112.494984,POS,,,,,,,,,,,,,,,,,,,,,,,55.91413166541258,55.914121692147724,,,,,37.4275003,-122.1690675,,,0.033395999599292736,,,,8.196968078613281,,,,,,
112.594944,ATT,,,3,,,0.27,0.11,0.26,0.0,0.0,,,,0.22,,,,0.13,,,,0.25,,,,,,,,,,,,,,,,,,,,,
112.594944,RATE,-70.33815002441406,-21.93395233154297,,0.3355683386325836,0.24589648842811584,,,,,,1.2974737882614136,3.9661052227020264,0.009070063009858131,,-1.0106672048568726,-2.65280818939209,-0.0027015337254852057,,0.016536861658096313,0.03559029847383499,1.9953457012888975e-05,,,,,,,,,,,,,,,,,,,,,,
112.594944,XKF1,,,,,,,,,,,,,,,,,,,,,,,55.920354616000566,55.92033767700195,,,0.03595013802939344,,,,,,0.04352550208568573,0.035046115450857306,,,,,,0.035052340477705,,0.035052340477705,-0.0079840999096632
112.594944,POS,,,,,,,,,,,,,,,,,,,,,,,55.91413166541258,55.914121692147724,,,,,37.4275003,-122.1690675,,,0.033395999599292736,,,,8.149296760559082,,,,,,
112.694904,ATT,,,3,,,0.54,-0.2,0.26,0.0,0.0,,,,0.54,,,,-0.17,,,,0.25,,,,,,,,,,,,,,,,,,,,,
112.694904,RATE,-32.89213180541992,-13.802589416503906,,0.3364781141281128,0.16945070028305054,,,,,,1.0079882144927979,-0.5919494032859802,-0.002389530884101987,,-3.139742851257324,-1.4217326641082764,0.004422503523528576,,0.017361273989081383,0.035546235740184784,2.330100687686354e-05,,,,,,,,,,,,,,,,,,,,,,
112.694904,XKF1,,,,,,,,,,,,,,,,,,,,,,,55.92295744748359,55.92293930053711,,,0.040432328796687005,,,,,,0.04505176469683647,0.03891171528611081,,,,,,0.03892055153846741,,0.03892055153846741,-0.010952802374958992
112.694904,POS,,,,,,,,,,,,,,,,,,,,,,,55.922971840653716,55.92296186896541,,,,,37.4275003,-122.1690674,,,0.033395999599292736,,,,8.098647117614746,,,,,,
112.794864,ATT,,,3,,,0.45,-0.14,0.26,0.0,0.0,,,,0.48,,,,-0.17,,,,0.25,,,,,,,,,,,,,,,,,,,,,
112.794864,RATE,18.265914916992188,-12.002107620239258,,0.33082103729248047,0.2132308930158615,,,,,,-0.8841537833213806,-0.8054159879684448,0.0002729653788264841,,0.6081188917160034,0.847302258014679,0.0002811322337947786,,0.019322151318192482,0.03480934724211693,2.0558898540912196e-05,,,,,,,,,,,,,,,,,,,,,,
112.794864,XKF1,,,,,,,,,,,,,,,,,,,,,,,55.92472062310639,55.92470169067383,,,0.036178853759700896,,,,,,0.04601718857884407,0.03391438092731115,,,,,,0.033924736082553864,,0.033924736082553864,-0.012570669874548912
112.794864,POS,,,,,,,,,,,,,,,,,,,,,,,55.922971840653716,55.92296186896541,,,,,37.4275003,-122.1690674,,,0.033395999599292736,,,,8.04738998413086,,,,,,
112.894824,ATT,,,3,,,0.5,-0.26,0.26,0.0,0.0,,,,0.5,,,,-0.25,,,,0.25,,,,,,,,,,,,,,,,,,,,,
112.894824,RATE,-83.98904418945312,-12.682113647460938,,0.32835233211517334,0.12062983959913254,,,,,,0.5770519971847534,0.32899463176727295,-0.001162398257292807,,-1.5105665922164917,-2.824803352355957,-0.005180422216653824,,0.02174794301390648,0.03205554559826851,1.4565153833245859e-05,,,,,,,,,,,,,,,,,,,,,,
112.894824,XKF1,,,,,,,,,,,,,,,,,,,,,,,55.927685289936505,55.92766571044922,,,0.050304527752420065,,,,,,0.046798188239336014,0.04981861626476841,,,,,,0.04982443526387215,,0.04982443526387215,-0.006933337077498436
112.894824,POS,,,,,,,,,,,,,,,,,,,,,,,55.922971840653716,55.92296186896541,,,,,37.4275003,-122.1690674,,,0.033395999599292736,,,,7.996715545654297,,,,,,
112.994784,ATT,,,3,,,0.49,-0.41,0.26,0.0,0.0,,,,0.48,,,,-0.42,,,,0.25,,,,,,,,,,,,,,,,,,,,,
112.994784,RATE,83.40386962890625,15.487937927246094,,0.3488743305206299,0.8480710983276367,,,,,,-1.0188547372817993,1.8364156484603882,0.009972495958209038,,-0.08834513276815414,0.39793187379837036,-0.001926890341565013,,0.027647705748677254,0.02926422841846943,7.866064152040053e-06,,,,,,,,,,,,,,,,,,,,,,
112.994784,XKF1,,,,,,,,,,,,,,,,,,,,,,,55.93129509464733,55.9312744140625,,,0.04345882987405243,,,,,,0.0480976440012455,0.04345177704139705,,,,,,0.0434524342417717,,0.0434524342417717,-0.0007455551531165838
112.994784,POS,,,,,,,,,,,,,,,,,,,,,,,55.93181201715161,55.931802047039355,,,,,37.4275003,-122.1690673,,,0.033395999599292736,,,,7.940210819244385,,,,,,
113.09474399999999,ATT,,,3,,,0.63,-0.32,0.26,0.0,0.0,,,,0.63,,,,-0.35,,,,0.25,,,,,,,,,,,,,,,,,,,,,
113.09474399999999,RATE,68.2535171508789,3.697316884994507,,0.3364322781562805,0.1727975606918335,,,,,,0.37032774090766907,-0.6827682256698608,-0.00077418377622962,,1.4246655702590942,1.5560994148254395,-0.0004177914815954864,,0.024879785254597664,0.02250189147889614,-4.600417469191598e-06,,,,,,,,,,,,,,,,,,,,,,
113.09474399999999,XKF1,,,,,,,,,,,,,,,,,,,,,,,55.93440146956967,55.93437957763672,,,0.035415081894839044,,,,,,0.04948761314153671,0.03456009040105847,,,,,,0.03456692025065422,,0.03456692025065422,-0.007704287767410278
113.09474399999999,POS,,,,,,,,,,,,,,,,,,,,,,,55.93181201715161,55.931802047039355,,,,,37.4275003,-122.1690673,,,0.033395999599292736,,,,7.886573791503906,,,,,,
113.194704,ATT,,,3,,,0.47,-0.16,0.26,0.0,0.0,,,,0.5,,,,-0.19,,,,0.25,,,,,,,,,,,,,,,,,,,,,
113.194704,RATE,-20.76864242553711,-3.9382219314575195,,0.3322140574455261,0.05403416231274605,,,,,,-1.8288928270339966,-1.5729901790618896,0.0004152042092755437,,1.6763077974319458,1.6094087362289429,0.0009932798566296697,,0.0288182832300663,0.019528552889823914,-1.3029783985984977e-05,,,,,,,,,,,,,,,,,,,,,,
113.194704,XKF1,,,,,,,,,,,,,,,,,,,,,,,55.935794249228884,55.93577194213867,,,0.030282597314813465,,,,,,0.04995527118444443,0.02539171932241639,,,,,,0.025406446307897568,,0.025406446307897568,-0.01647871918976307
113.194704,POS,,,,,,,,,,,,,,,,,,,,,,,55.93181201715161,55.931802047039355,,,,,37.4275003,-122.1690673,,,0.033395999599292736,,,,7.83624792098999,,,,,,
113.294664,ATT,,,3,,,0.49,-0.06,0.26,0.0,0.0,,,,0.48,,,,-0.07,,,,0.25,,,,,,,,,,,,,,,,,,,,,
113.294664,RATE,-35.573673248291016,2.3314626216888428,,0.34132203459739685,0.092678003013134,,,,,,0.4044942259788513,-0.004819952417165041,-0.0009533011470921338,,1.7131937742233276,1.5463751554489136,-0.0014842355158179998,,0.0163837019354105,0.018481241539120674,-8.788374543655664e-06,,,,,,,,,,,,,,,,,,,,,,
113.294664,XKF1,,,,,,,,,,,,,,,,,,,,,,,55.936770904537475,55.93674850463867,,,0.021923375478255694,,,,,,0.050059519708156586,0.01621582495680178,,,,,,0.016229022294282913,,0.016229022294282913,-0.014739512465894222
113.294664,POS,,,,,,,,,,,,,,,,,,,,,,,55.93181201715161,55.931802047039355,,,,,37.4275003,-122.1690673,,,0.033395999599292736,,,,7.784219264984131,,,,,,
113.394624,ATT,,,3,,,0.47,0.0,0.26,0.0,0.0,,,,0.46,,,,0.0,,,,0.25,,,,,,,,,,,,,,,,,,,,,
113.394624,RATE,39.942264556884766,0.8394351005554199,,0.3359256982803345,0.22018709778785706,,,,,,-0.052118174731731415,-0.1683422029018402,-0.0006517149158753455,,0.41666877269744873,0.3608549237251282,-0.0001324411277892068,,0.005572814028710127,0.023318562656641006,6.65282550471602e-06,,,,,,,,,,,,,,,,,,,,,,
113.394624,XKF1,,,,,,,,,,,,,,,,,,,,,,,55.9366455594071,55.936622619628906,,,0.021650539438116914,,,,,,0.05065913498401642,0.012102634842073674,,,,,,0.012118888087570666,,0.012118888087570667,-0.01794097013771534
113.394624,POS,,,,,,,,,,,,,,,,,,,,,,,55.93181201715161,55.931802047039355,,,,,37.4275003,-122.1690673,,,0.033395999599292736,,,,7.731332302093506,,,,,,
113.494584,ATT,,,3,,,0.44,0.03,0.26,0.0,0.0,,,,0.43,,,,0.04,,,,0.25,,,,,,,,,,,,,,,,,,,,,
113.494584,RATE,177.20298767089844,-21.512985229492188,,0.3105260729789734,0.7701882123947144,,,,,,-0.26487472653388977,-0.2570064961910248,3.3426691516069695e-05,,0.35589465498924255,0.20494146645069122,0.0002153061213903129,,0.0056290896609425545,0.028077730908989906,1.9732609871425666e-05,,,,,,,,,,,,,,,,,,,,,,
113.494584,XKF1,,,,,,,,,,,,,,,,,,,,,,,55.936481355846915,55.936458587646484,,,0.021572890600219222,,,,,,0.050469253212213516,0.007867635422758885,,,,,,0.007885755971074103,,0.007885755971074104,-0.020079951733350754
113.494584,POS,,,,,,,,,,,,,,,,,,,,,,,55.93181201715161,55.931802047039355,,,,,37.4275003,-122.1690673,,,0.033395999599292736,,,,7.681360721588135,,,,,,
113.594544,ATT,,,3,,,0.37,0.07,0.26,0.0,0.0,,,,0.36,,,,0.08,,,,0.25,,,,,,,,,,,,,,,,,,,,,
113.594544,RATE,-49.5417594909668,-24.172012329101562,,0.32652556896209717,0.36898931860923767,,,,,,-0.7373691201210022,-0.4731322228908539,0.0014233342371881008,,0.519859790802002,0.047476910054683685,-0.0006181376520544291,,0.009159363806247711,0.033252548426389694,2.8259548344067298e-05,,,,,,,,,,,,,,,,,,,,,,
113.594544,XKF1,,,,,,,,,,,,,,,,,,,,,,,55.93551222322993,55.935489654541016,,,0.02605220685918959,,,,,,0.050247207283973694,0.008284856991249435,,,,,,0.008307041600346564,,0.008307041600346565,-0.024692317470908165
113.594544,POS,,,,,,,,,,,,,,,,,,,,,,,55.93181201715161,55.931802047039355,,,,,37.4275003,-122.1690673,,,0.033395999599292736,,,,7.636036396026611,,,,,,
113.694504,ATT,,,3,,,0.32,0.0,0.26,0.0,0.0,,,,0.33,,,,0.02,,,,0.25,,,,,,,,,,,,,,,,,,,,,
113.694504,RATE,73.96363830566406,-27.815950393676758,,0.3122318387031555,0.21739821135997772,,,,,,-0.4251585304737091,-1.3663185834884644,-0.0029038202483206987,,-1.0219700336456299,-1.172927737236023,-0.000192903884453699,,0.005271745380014181,0.038454558700323105,3.799418482230976e-05,,,,,,,,,,,,,,,,,,,,,,
113.694504,XKF1,,,,,,,,,,,,,,,,,,,,,,,55.93530912877953,55.93528747558594,,,0.03426389641877511,,,,,,0.049217432737350464,0.011940861461719885,,,,,,0.011969115585088728,,0.01196911558508873,-0.03210537135601044
113.694504,POS,,,,,,,,,,,,,,,,,,,,,,,55.93181201715161,55.931802047039355,,,,,37.4275003,-122.1690673,,,0.033395999599292736,,,,7.588003635406494,,,,,,
113.794464,ATT,,,3,,,0.23,0.0,0.26,0.0,0.0,,,,0.23,,,,-0.01,,,,0.25,,,,,,,,,,,,,,,,,,,,,
113.794464,RATE,-67.11101531982422,-53.02547836303711,,0.29319944977760315,0.33561015129089355,,,,,,-0.3777630031108856,-0.03794744983315468,0.0003032848471775651,,0.4175349175930023,0.7333083152770996,0.00016430014511570334,,0.011249388568103313,0.041575782001018524,4.207491292618215e-05,,,,,,,,,,,,,,,,,,,,,,
113.794464,XKF1,,,,,,,,,,,,,,,,,,,,,,,55.9347817925495,55.93476104736328,,,0.03503003778901369,,,,,,0.048174209892749786,0.008616590033126625,,,,,,0.00864582974463701,,0.008645829744637012,-0.03394632786512375
113.794464,POS,,,,,,,,,,,,,,,,,,,,,,,55.93181201715161,55.931802047039355,,,,,37.4275003,-122.1690673,,,0.033395999599292736,,,,7.546490669250488,,,,,,
113.894424,ATT,,,3,,,0.15,0.07,0.26,0.0,0.0,,,,0.14,,,,0.06,,,,0.25,,,,,,,,,,,,,,,,,,,,,
113.894424,RATE,-47.04790115356445,-29.38376235961914,,0.3175288736820221,0.09874188154935837,,,,,,-1.2988700866699219,-1.1288151741027832,0.001395452651195228,,1.0950897932052612,0.8208450078964233,-0.001240891288034618,,0.01125822588801384,0.0426240973174572,4.20830947405193e-05,,,,,,,,,,,,,,,,,,,,,,
113.894424,XKF1,,,,,,,,,,,,,,,,,,,,,,,55.93416588645637,55.934146881103516,,,0.039473550886284604,,,,,,0.04610961675643921,0.004068254254820888,,,,,,0.004100619815289972,,0.004100619815289974,-0.039259981364011765
113.894424,POS,,,,,,,,,,,,,,,,,,,,,,,55.93181201715161,55.931802047039355,,,,,37.4275003,-122.1690673,,,0.033395999599292736,,,,7.49924373626709,,,,,,
113.994384,ATT,,,3,,,0.08,0.02,0.26,0.0,0.0,,,,0.07,,,,0.03,,,,0.25,,,,,,,,,,,,,,,,,,,,,
113.994384,RATE,-8.52823257446289,-32.06221008300781,,0.300613135099411,0.3202432096004486,,,,,,-0.5865291953086853,-0.5492280125617981,7.444192306138575e-05,,-0.7354087829589844,-1.4486463069915771,-0.0015403052093461156,,0.014439459890127182,0.044777411967515945,4.198243186692707e-05,,,,,,,,,,,,,,,,,,,,,,
113.994384,XKF1,,,,,,,,,,,,,,,,,,,,,,,55.933534983333345,55.93351745605469,,,0.046295511548703226,,,,,,0.044280074536800385,0.015061869536311162,,,,,,0.015096521005034443,,0.015096521005034447,-0.043764933943748474
113.994384,POS,,,,,,,,,,,,,,,,,,,,,,,55.93181201715161,55.931802047039355,,,,,37.4275003,-122.1690673,,,0.033395999599292736,,,,7.449591636657715,,,,,,
114.09434399999999,ATT,,,3,,,0.09,-0.09,0.26,0.0,0.0,,,,0.05,,,,-0.06,,,,0.25,,,,,,,,,,,,,,,,,,,,,
114.09434399999999,RATE,-109.17949676513672,-14.975762367248535,,0.3195608854293823,0.3850637674331665,,,,,,1.3548710346221924,2.2222678661346436,0.0009346584556624293,,-1.3700183629989624,-2.577974319458008,-0.0015963574405759573,,0.024289019405841827,0.0438193678855896,3.813756848103367e-05,,,,,,,,,,,,,,,,,,,,,,
114.09434399999999,XKF1,,,,,,,,,,,,,,,,,,,,,,,55.934086200244664,55.9340705871582,,,0.04070759886284945,,,,,,0.041792429983615875,0.022489429115488117,,,,,,0.022514775395393368,,0.02251477539539337,-0.03391450271010399
114.09434399999999,POS,,,,,,,,,,,,,,,,,,,,,,,55.93181201715161,55.931802047039355,,,,,37.4275003,-122.1690673,,,0.033395999599292736,,,,7.39838981628418,,,,,,
114.194304,ATT,,,3,,,0.19,-0.2,0.26,0.0,0.0,,,,0.18,,,,-0.21,,,,0.25,,,,,,,,,,,,,,,,,,,,,
114.194304,RATE,-17.409610748291016,4.672397613525391,,0.326720267534256,0.08198720961809158,,,,,,-0.01874060556292534,-0.43726295232772827,0.0007103795651346445,,-0.5111148357391357,0.33651959896087646,0.0023985484149307013,,0.016887016594409943,0.04368182271718979,3.766339068533853e-05,,,,,,,,,,,,,,,,,,,,,,
114.194304,XKF1,,,,,,,,,,,,,,,,,,,,,,,55.934585619728274,55.9345703125,,,0.03975253484835735,,,,,,0.04138123616576195,0.019976135604019698,,,,,,0.020001556724309918,,0.02000155672430992,-0.034354064613580704
114.194304,POS,,,,,,,,,,,,,,,,,,,,,,,55.93181201715161,55.931802047039355,,,,,37.4275003,-122.1690673,,,0.033395999599292736,,,,7.3420023918151855,,,,,,
114.294264,ATT,,,3,,,0.15,-0.13,0.26,0.0,0.0,,,,0.15,,,,-0.16,,,,0.25,,,,,,,,,,,,,,,,,,,,,
114.294264,RATE,-2.023792266845703,28.296737670898438,,0.3452814519405365,0.12846918404102325,,,,,,-0.6535654067993164,-0.9325236082077026,0.0003864449681714177,,1.040112853050232,1.2548515796661377,-5.697977030649781e-05,,0.019777927547693253,0.043285831809043884,3.8867921830387786e-05,,,,,,,,,,,,,,,,,,,,,,
114.294264,XKF1,,,,,,,,,,,,,,,,,,,,,,,55.93523684609447,55.93522262573242,,,0.04036586891075326,,,,,,0.03988531604409218,0.013317654102593049,,,,,,0.01334482245147228,,0.013344822451472282,-0.03809618204832077
114.294264,POS,,,,,,,,,,,,,,,,,,,,,,,55.93181201715161,55.931802047039355,,,,,37.4275003,-122.1690673,,,0.033395999599292736,,,,7.282455921173096,,,,,,
114.394224,ATT,,,3,,,0.09,-0.02,0.26,0.0,0.0,,,,0.09,,,,-0.05,,,,0.25,,,,,,,,,,,,,,,,,,,,,
114.394224,RATE,-39.20631408691406,29.982616424560547,,0.3392597734928131,0.2140807807445526,,,,,,-0.2981918752193451,-0.2734350860118866,-0.00010464104707352817,,1.09613037109375,1.4814088344573975,0.0012072303798049688,,0.02973840944468975,0.040999636054039,2.5376397388754413e-05,,,,,,,,,,,,,,,,,,,,,,
114.394224,XKF1,,,,,,,,,,,,,,,,,,,,,,,55.934377926975976,55.934364318847656,,,0.0397260483302186,,,,,,0.0390169732272625,0.006355997311101196,,,,,,0.006383349653333423,,0.0063833496533334255,-0.039209842681884766
114.394224,POS,,,,,,,,,,,,,,,,,,,,,,,55.93181201715161,55.931802047039355,,,,,37.4275003,-122.1690673,,,0.033395999599292736,,,,7.223642826080322,,,,,,
114.494184,ATT,,,3,,,0.03,0.03,0.26,0.0,0.0,,,,0.03,,,,0.03,,,,0.25,,,,,,,,,,,,,,,,,,,,,
114.494184,RATE,-26.466655731201172,29.365903854370117,,0.34060823917388916,0.26831111311912537,,,,,,-0.7876351475715637,-0.6578067541122437,-0.0005125391180627048,,0.028889965265989304,-0.0459749661386013,0.000685833627358079,,0.03354504704475403,0.035769809037446976,1.3520900211005937e-05,,,,,,,,,,,,,,,,,,,,,,
114.494184,XKF1,,,,,,,,,,,,,,,,,,,,,,,55.933804366470646,55.93379211425781,,,0.03954197457631208,,,,,,0.03702196106314659,0.007896284101151646,,,,,,0.007921927608549593,,0.007921927608549595,-0.03874029964208603
114.494184,POS,,,,,,,,,,,,,,,,,,,,,,,55.93181201715161,55.931802047039355,,,,,37.4275003,-122.1690673,,,0.033395999599292736,,,,7.165823459625244,,,,,,
114.594977,ATT,,,3,,,0.02,0.19,0.26,0.0,0.0,,,,0.01,,,,0.17,,,,0.25,,,,,,,,,,,,,,,,,,,,,
114.594977,RATE,19.807910919189453,27.272918701171875,,0.3393179178237915,0.22952763736248016,,,,,,0.0760704055428505,0.08098825067281723,-0.0001413105783285573,,1.5875179767608643,0.9774779677391052,-0.0006489127408713102,,0.0373651497066021,0.03006582148373127,5.143083967595885e-07,,,,,,,,,,,,,,,,,,,,,,
114.594977,XKF1,,,,,,,,,,,,,,,,,,,,,,,55.93166756851907,55.93165588378906,,,0.03886631946042036,,,,,,0.03615373745560646,-0.0016962060521941611,,,,,,-0.00167110678739846,,-0.0016711067873984575,-0.03883037716150284
114.594977,POS,,,,,,,,,,,,,,,,,,,,,,,55.93181201715161,55.931802047039355,,,,,37.4275003,-122.1690673,,,0.033395999599292736,,,,7.109026908874512,,,,,,
114.694937,ATT,,,3,,,-0.02,0.18,0.26,0.0,0.0,,,,-0.02,,,,0.19,,,,0.25,,,,,,,,,,,,,,,,,,,,,
114.694937,RATE,-109.13705444335938,18.949939727783203,,0.33470621705055237,0.40102460980415344,,,,,,-0.5033642649650574,-0.5476551651954651,0.00010496222239453346,,-0.5323216915130615,-0.9487817883491516,-0.0004327921778894961,,0.024467239156365395,0.026658182963728905,6.261853968680953e-08,,,,,,,,,,,,,,,,,,,,,,
114.694937,XKF1,,,,,,,,,,,,,,,,,,,,,,,55.93020158004353,55.93019104003906,,,0.04212903325303353,,,,,,0.03433670103549957,0.002605340026943979,,,,,,0.002631153911352155,,0.0026311539113521576,-0.042046789079904556
114.694937,POS,,,,,,,,,,,,,,,,,,,,,,,55.93181201715161,55.931802047039355,,,,,37.4275003,-122.1690673,,,0.033395999599292736,,,,7.054985046386719,,,,,,
114.79489699999999,ATT,,,3,,,-0.08,0.13,0.26,0.0,0.0,,,,-0.08,,,,0.14,,,,0.25,,,,,,,,,,,,,,,,,,,,,
114.79489699999999,RATE,-38.20343017578125,34.816375732421875,,0.35222986340522766,0.04557545855641365,,,,,,-0.363221138715744,-0.40188759565353394,-0.0011658919975161552,,-0.27588677406311035,-0.3662870526313782,-0.0007045148522593081,,0.022895220667123795,0.02516617253422737,2.2940491817280417e-06,,,,,,,,,,,,,,,,,,,,,,
114.79489699999999,XKF1,,,,,,,,,,,,,,,,,,,,,,,55.92881969223279,55.928810119628906,,,0.04327992866004426,,,,,,0.032722603529691696,0.0038511017091425385,,,,,,0.00387632264755666,,0.0038763226475566626,-0.04310598969459534
114.79489699999999,POS,,,,,,,,,,,,,,,,,,,,,,,55.93180647820047,55.931802047039355,,,,,37.4275002,-122.1690673,,,0.0222639994692031,,,,6.998663425445557,,,,,,
114.894857,ATT,,,3,,,-0.03,0.13,0.26,0.0,0.0,,,,-0.06,,,,0.13,,,,0.25,,,,,,,,,,,,,,,,,,,,,
114.894857,RATE,73.14653015136719,30.434959411621094,,0.344255268573761,0.3143661618232727,,,,,,0.795053243637085,0.9111048579216003,0.00029470896697603166,,0.07256894558668137,0.051704198122024536,-4.619250830728561e-06,,0.02132229693233967,0.023435331881046295,3.3984845231316285e-06,,,,,,,,,,,,,,,,,,,,,,
114.894857,XKF1,,,,,,,,,,,,,,,,,,,,,,,55.92788789414797,55.927879333496094,,,0.035475858653332026,,,,,,0.03094443865120411,0.0041225282704337,,,,,,0.0041420231573283655,,0.004142023157328367,-0.03523322567343712
114.894857,POS,,,,,,,,,,,,,,,,,,,,,,,55.93180647820047,55.931802047039355,,,,,37.4275002,-122.1690673,,,0.0222639994692031,,,,6.942183017730713,,,,,,
114.994817,ATT,,,3,,,0.0,0.17,0.26,0.0,0.0,,,,-0.01,,,,0.15,,,,0.25,,,,,,,,,,,,,,,,,,,,,
114.994817,RATE,13.054084777832031,20.050312042236328,,0.3419720232486725,0.04274338483810425,,,,,,-0.2004878968000412,0.15777958929538727,0.0020602245349437,,1.4571037292480469,1.1689914464950562,-0.002613042015582323,,0.020495297387242317,0.022603914141654968,1.8646977650860208e-07,,,,,,,,,,,,,,,,,,,,,,
114.994817,XKF1,,,,,,,,,,,,,,,,,,,,,,,55.92643798209263,55.926429748535156,,,0.034235629389536816,,,,,,0.030347108840942383,0.0009860780756919254,,,,,,0.0010046473471447804,,0.0010046473471447825,-0.03422088548541069
114.994817,POS,,,,,,,,,,,,,,,,,,,,,,,55.93180647820047,55.931802047039355,,,,,37.4275002,-122.1690673,,,0.0222639994692031,,,,6.890682220458984,,,,,,
115.094777,ATT,,,3,,,0.03,0.17,0.26,0.0,0.0,,,,0.03,,,,0.17,,,,0.25,,,,,,,,,,,,,,,,,,,,,
115.094777,RATE,0.9018898010253906,19.852174758911133,,0.3486858308315277,0.12373299151659012,,,,,,0.11936300992965698,-0.9683715105056763,-0.0028153560124337673,,-0.02680124156177044,-0.0384092815220356,0.0006343507557176054,,0.028280245140194893,0.018182091414928436,-1.1870851267303806e-05,,,,,,,,,,,,,,,,,,,,,,
115.094777,XKF1,,,,,,,,,,,,,,,,,,,,,,,55.9255105470726,55.92550277709961,,,0.03750963692321153,,,,,,0.02948015183210373,0.004318071697522928,,,,,,0.004337712191045282,,0.004337712191045284,-0.037257980555295944
115.094777,POS,,,,,,,,,,,,,,,,,,,,,,,55.93180647820047,55.931802047039355,,,,,37.4275002,-122.1690673,,,0.0222639994692031,,,,6.839136123657227,,,,,,
115.194737,ATT,,,3,,,-0.06,0.1,0.26,0.0,0.0,,,,-0.05,,,,0.11,,,,0.25,,,,,,,,,,,,,,,,,,,,,
115.194737,RATE,57.465171813964844,15.68880558013916,,0.3437515199184418,0.2311730533838272,,,,,,-0.49758264422416687,-0.4648863673210144,-0.0006705200066789985,,-0.8511167168617249,-0.7945628762245178,0.00032105797436088324,,0.0287052970379591,0.01430654339492321,-1.6992897144518793e-05,,,,,,,,,,,,,,,,,,,,,,
115.194737,XKF1,,,,,,,,,,,,,,,,,,,,,,,55.92485020362261,55.924842834472656,,,0.03638104236202769,,,,,,0.0287095308303833,0.009843467351001759,,,,,,0.009861445985734461,,0.009861445985734463,-0.03501902520656586
115.194737,POS,,,,,,,,,,,,,,,,,,,,,,,55.93180647820047,55.931802047039355,,,,,37.4275002,-122.1690673,,,0.0222639994692031,,,,6.787229537963867,,,,,,
115.294697,ATT,,,3,,,-0.11,0.06,0.25,0.0,0.0,,,,-0.1,,,,0.06,,,,0.25,,,,,,,,,,,,,,,,,,,,,
115.294697,RATE,-36.32984161376953,4.374444007873535,,0.33879905939102173,0.2057928889989853,,,,,,-0.6089369058609009,-0.6129108667373657,-0.00016298920672852546,,-0.22705966234207153,0.0667470395565033,0.0003821742138825357,,0.037462878972291946,0.006818496156483889,-3.277675568824634e-05,,,,,,,,,,,,,,,,,,,,,,
115.294697,XKF1,,,,,,,,,,,,,,,,,,,,,,,55.92489144286142,55.92488479614258,,,0.03793500474400008,,,,,,0.027265986427664757,0.010636632368557835,,,,,,0.0106543842703104,,0.010654384270310402,-0.036408085376024246
115.294697,POS,,,,,,,,,,,,,,,,,,,,,,,55.93180647820047,55.931802047039355,,,,,37.4275002,-122.1690673,,,0.0222639994692031,,,,6.738171100616455,,,,,,
115.394657,ATT,,,3,,,-0.11,0.06,0.25,0.0,0.0,,,,-0.12,,,,0.06,,,,0.26,,,,,,,,,,,,,,,,,,,,,
115.394657,RATE,0.7193565368652344,1.6949905157089233,,0.33516237139701843,0.3157128393650055,,,,,,-0.17185696959495544,0.15592072904109955,0.0015024624299257994,,-0.38834404945373535,-0.3398960530757904,0.0009762572008185089,,0.040138740092515945,-0.0022928614635020494,-5.46596638741903e-05,,,,,,,,,,,,,,,,,,,,,,
115.394657,XKF1,,,,,,,,,,,,,,,,,,,,,,,55.9246202251313,55.92461395263672,,,0.03582688795715727,,,,,,0.026487236842513084,0.01233568115252162,,,,,,0.01235161069780588,,0.012351610697805882,-0.03363039717078209
115.394657,POS,,,,,,,,,,,,,,,,,,,,,,,55.93180647820047,55.931802047039355,,,,,37.4275002,-122.1690673,,,0.0222639994692031,,,,6.68878173828125,,,,,,
115.494617,ATT,,,3,,,-0.14,0.09,0.25,0.0,0.0,,,,-0.13,,,,0.08,,,,0.26,,,,,,,,,,,,,,,,,,,,,
115.494617,RATE,-21.695709228515625,3.6075985431671143,,0.34352853894233704,0.16595245897769928,,,,,,-0.9543594121932983,-1.4488542079925537,0.00022995250765234232,,0.819661557674408,0.5725451111793518,-0.001905751763843,,0.03657060116529465,-0.011322790756821632,-6.773740460630506e-05,,,,,,,,,,,,,,,,,,,,,,
115.494617,XKF1,,,,,,,,,,,,,,,,,,,,,,,55.92463483586277,55.92462921142578,,,0.039263300141305975,,,,,,0.02508164942264557,0.009949791723135459,,,,,,0.009966825135052202,,0.009966825135052204,-0.03797721862792969
115.494617,POS,,,,,,,,,,,,,,,,,,,,,,,55.93180647820047,55.931802047039355,,,,,37.4275002,-122.1690673,,,0.0222639994692031,,,,6.639533519744873,,,,,,
115.594577,ATT,,,3,,,-0.12,0.1,0.25,0.0,0.0,,,,-0.15,,,,0.08,,,,0.26,,,,,,,,,,,,,,,,,,,,,
115.594577,RATE,-8.92038345336914,-15.258857727050781,,0.32223615050315857,0.05834995210170746,,,,,,0.7925416827201843,1.2206617593765259,0.00048496632371097803,,0.04229670763015747,0.5532856583595276,0.0011345279635861516,,0.03749573230743408,-0.017376111820340157,-7.837123121134937e-05,,,,,,,,,,,,,,,,,,,,,,
115.594577,XKF1,,,,,,,,,,,,,,,,,,,,,,,55.924298869300806,55.924293518066406,,,0.030671943378624753,,,,,,0.024464832618832588,0.008806630257111696,,,,,,0.008819482289254664,,0.008819482289254665,-0.029376603662967682
115.594577,POS,,,,,,,,,,,,,,,,,,,,,,,55.93180647820047,55.931802047039355,,,,,37.4275002,-122.1690673,,,0.0222639994692031,,,,6.592617511749268,,,,,,
115.694537,ATT,,,3,,,-0.07,0.14,0.26,0.0,0.0,,,,-0.08,,,,0.12,,,,0.26,,,,,,,,,,,,,,,,,,,,,
115.694537,RATE,29.92563247680664,-17.492509841918945,,0.33151140809059143,0.17717750370502472,,,,,,0.15548621118068695,0.27157050371170044,0.0011206874623894691,,0.38269293308258057,0.6428467035293579,0.0009392342763021588,,0.030242817476391792,-0.02339373528957367,-8.411068847635761e-05,,,,,,,,,,,,,,,,,,,,,,
115.694537,XKF1,,,,,,,,,,,,,,,,,,,,,,,55.92414596154165,55.92414093017578,,,0.02783937350537291,,,,,,0.023722345009446144,0.007368521740723698,,,,,,0.00737990904599428,,0.007379909045994282,-0.026843391358852386
115.694537,POS,,,,,,,,,,,,,,,,,,,,,,,55.93180647820047,55.931802047039355,,,,,37.4275002,-122.1690673,,,0.0222639994692031,,,,6.546843528747559,,,,,,
115.79449699999999,ATT,,,3,,,0.0,0.16,0.26,0.0,0.0,,,,-0.02,,,,0.16,,,,0.26,,,,,,,,,,,,,,,,,,,,,
115.79449699999999,RATE,34.07182693481445,-20.568851470947266,,0.3253292739391327,0.07850799709558487,,,,,,0.7369181513786316,0.7171070575714111,1.8879101844504476e-05,,-0.03905791789293289,0.06524429470300674,0.0009865855099633336,,0.01520061306655407,-0.02355816960334778,-7.601398101542145e-05,,,,,,,,,,,,,,,,,,,,,,
115.79449699999999,XKF1,,,,,,,,,,,,,,,,,,,,,,,55.923650239050446,55.92364501953125,,,0.024193519137064284,,,,,,0.024161728098988533,0.008001917869494547,,,,,,0.008011781610548495,,0.008011781610548496,-0.022828441113233566
115.79449699999999,POS,,,,,,,,,,,,,,,,,,,,,,,55.93180647820047,55.931802047039355,,,,,37.4275002,-122.1690673,,,0.0222639994692031,,,,6.500236511230469,,,,,,
115.894457,ATT,,,3,,,0.03,0.21,0.26,0.0,0.0,,,,0.03,,,,0.2,,,,0.26,,,,,,,,,,,,,,,,,,,,,
115.894457,RATE,-73.00767517089844,-18.199893951416016,,0.33285537362098694,0.6448712348937988,,,,,,0.23863694071769714,-0.229590505361557,-0.0008174084941856563,,0.767939031124115,0.9866467714309692,5.4378382628783584e-05,,0.0026640938594937325,-0.018170401453971863,-5.3623210988007486e-05,,,,,,,,,,,,,,,,,,,,,,
115.894457,XKF1,,,,,,,,,,,,,,,,,,,,,,,55.92328409273927,55.92327880859375,,,0.021170833480723766,,,,,,0.024310769513249397,0.003918257209267748,,,,,,0.00392730114981532,,0.003927301149815321,-0.020803377032279968
115.894457,POS,,,,,,,,,,,,,,,,,,,,,,,55.93180647820047,55.931802047039355,,,,,37.4275002,-122.1690673,,,0.0222639994692031,,,,6.454305648803711,,,,,,
115.994417,ATT,,,3,,,0.01,0.25,0.26,0.0,0.0,,,,0.01,,,,0.25,,,,0.26,,,,,,,,,,,,,,,,,,,,,
115.994417,RATE,-17.074871063232422,7.422888278961182,,0.3499850630760193,0.042513374239206314,,,,,,0.09247967600822449,0.14100274443626404,-0.0006030363147147,,0.4283183813095093,-0.12208230793476105,-0.0014867938589304686,,-7.70330589148216e-05,-0.009430757723748684,-3.262070458731614e-05,,,,,,,,,,,,,,,,,,,,,,
115.994417,XKF1,,,,,,,,,,,,,,,,,,,,,,,55.92260546312931,55.92259979248047,,,0.02001948240843701,,,,,,0.025184020400047302,0.005817309492540611,,,,,,0.005825935397297143,,0.005825935397297144,-0.019153019413352013
115.994417,POS,,,,,,,,,,,,,,,,,,,,,,,55.93180647820047,55.931802047039355,,,,,37.4275002,-122.1690673,,,0.0222639994692031,,,,6.402673721313477,,,,,,
116.094377,ATT,,,3,,,0.01,0.2,0.26,0.0,0.0,,,,0.01,,,,0.21,,,,0.26,,,,,,,,,,,,,,,,,,,,,
116.094377,RATE,20.972824096679688,5.1134114265441895,,0.3378634750843048,0.10438413172960281,,,,,,-0.15000370144844055,0.038044992834329605,0.0006395316449925303,,-0.4267498850822449,-0.22523632645606995,0.00014031186583451927,,-0.002657023724168539,-0.0023977465461939573,-1.9906314264517277e-05,,,,,,,,,,,,,,,,,,,,,,
116.094377,XKF1,,,,,,,,,,,,,,,,,,,,,,,55.9226245729304,55.9226188659668,,,0.019664087786670278,,,,,,0.02526453509926796,0.007465197757457584,,,,,,0.007473415695130824,,0.007473415695130825,-0.018188579007983208
116.094377,POS,,,,,,,,,,,,,,,,,,,,,,,55.93180647820047,55.931802047039355,,,,,37.4275002,-122.1690673,,,0.0222639994692031,,,,6.350611686706543,,,,,,
116.194337,ATT,,,3,,,0.07,0.12,0.26,0.0,0.0,,,,0.05,,,,0.13,,,,0.25,,,,,,,,,,,,,,,,,,,,,
116.194337,RATE,-23.97909164428711,1.2599000930786133,,0.3358413577079773,0.027877863496541977,,,,,,0.9964531064033508,1.1308414936065674,0.0002398623910266906,,-0.950892984867096,-1.2458428144454956,-0.0010063119698315859,,0.0030828898306936026,0.006821015849709511,-3.4780318856064696e-06,,,,,,,,,,,,,,,,,,,,,,
116.194337,XKF1,,,,,,,,,,,,,,,,,,,,,,,55.922804566814705,55.92279815673828,,,0.019785554289429855,,,,,,0.02677571401000023,0.015331373676555264,,,,,,0.015337360091507435,,0.015337360091507435,-0.012499341741204262
116.194337,POS,,,,,,,,,,,,,,,,,,,,,,,55.93180647820047,55.931802047039355,,,,,37.4275002,-122.1690673,,,0.0222639994692031,,,,6.302026271820068,,,,,,
116.294297,ATT,,,3,,,0.12,0.07,0.26,0.0,0.0,,,,0.12,,,,0.06,,,,0.25,,,,,,,,,,,,,,,,,,,,,
116.294297,RATE,93.44949340820312,-12.462309837341309,,0.3158304691314697,0.6995855569839478,,,,,,0.2782423794269562,-0.12289580702781677,-0.0005599638679996133,,0.06431156396865845,0.2680695950984955,-0.0004541335511021316,,0.011286867782473564,0.010590380989015102,-4.481767973629758e-06,,,,,,,,,,,,,,,,,,,,,,
116.294297,XKF1,,,,,,,,,,,,,,,,,,,,,,,55.92367092516815,55.92366409301758,,,0.018959566556458952,,,,,,0.02764340490102768,0.013832940780720308,,,,,,0.01383934821933508,,0.01383934821933508,-0.012959074229001999
116.294297,POS,,,,,,,,,,,,,,,,,,,,,,,55.93180647820047,55.931802047039355,,,,,37.4275002,-122.1690673,,,0.0222639994692031,,,,6.253443717956543,,,,,,
116.394257,ATT,,,3,,,0.13,-0.09,0.26,0.0,0.0,,,,0.14,,,,-0.07,,,,0.25,,,,,,,,,,,,,,,,,,,,,
116.394257,RATE,-128.0712127685547,-51.140193939208984,,0.2904288172721863,0.4278498589992523,,,,,,0.2961854338645935,0.07979319989681244,-0.0002875090576708317,,-3.1801681518554688,-1.9798413515090942,0.0038436937611550093,,0.009818336926400661,0.014693951234221458,-1.5605392036377452e-06,,,,,,,,,,,,,,,,,,,,,,
116.394257,XKF1,,,,,,,,,,,,,,,,,,,,,,,55.92488490937711,55.92487716674805,,,0.02948615837166372,,,,,,0.029428068548440933,0.026882588120620984,,,,,,0.026888959109783173,,0.026888959109783173,-0.01210030633956194
116.394257,POS,,,,,,,,,,,,,,,,,,,,,,,55.93180647820047,55.931802047039355,,,,,37.4275002,-122.1690673,,,0.0222639994692031,,,,6.214487552642822,,,,,,
116.49421699999999,ATT,,,3,,,0.08,-0.1,0.26,0.0,0.0,,,,0.1,,,,-0.13,,,,0.25,,,,,,,,,,,,,,,,,,,,,
116.49421699999999,RATE,3.415393829345703,-28.70309829711914,,0.32050785422325134,0.05843975767493248,,,,,,-0.759903609752655,-0.8089818954467773,-0.00020423033856786788,,0.2122303545475006,0.4702121615409851,0.0008482070406898856,,0.009030470624566078,0.01786941848695278,3.3983510547841433e-06,,,,,,,,,,,,,,,,,,,,,,
116.49421699999999,XKF1,,,,,,,,,,,,,,,,,,,,,,,55.92662850421487,55.92662048339844,,,0.03009088399312435,,,,,,0.029952535405755043,0.024498123444204094,,,,,,0.02450747787952423,,0.02450747787952423,-0.01745980605483055
116.49421699999999,POS,,,,,,,,,,,,,,,,,,,,,,,55.93180647820047,55.931802047039355,,,,,37.4275002,-122.1690673,,,0.0222639994692031,,,,6.17004919052124,,,,,,
116.594177,ATT,,,3,,,0.11,-0.05,0.26,0.0,0.0,,,,0.11,,,,-0.09,,,,0.25,,,,,,,,,,,,,,,,,,,,,
116.594177,RATE,-67.31491088867188,-24.791210174560547,,0.317574143409729,0.34382569789886475,,,,,,1.0893748998641968,0.18154487013816833,-0.003021092852577567,,0.6602715253829956,2.2848122119903564,0.0035813949070870876,,0.0038389666005969048,0.025763286277651787,1.770341805240605e-05,,,,,,,,,,,,,,,,,,,,,,
116.594177,XKF1,,,,,,,,,,,,,,,,,,,,,,,55.92725879057504,55.927249908447266,,,0.022624357194510277,,,,,,0.03151993080973625,0.012372456159667308,,,,,,0.012383129447698591,,0.012383129447698593,-0.018934614956378937
116.594177,POS,,,,,,,,,,,,,,,,,,,,,,,55.93180647820047,55.931802047039355,,,,,37.4275002,-122.1690673,,,0.0222639994692031,,,,6.123027324676514,,,,,,
116.69497,ATT,,,3,,,0.0,0.08,0.26,0.0,0.0,,,,0.02,,,,0.06,,,,0.25,,,,,,,,,,,,,,,,,,,,,
116.69497,RATE,-27.750873565673828,-3.0491943359375,,0.3331604599952698,0.1348864585161209,,,,,,-0.9624245762825012,-0.5901907086372375,0.0002962076978292316,,0.7529700398445129,0.2551984488964081,-0.00036217281012795866,,0.007262698840349913,0.03174098581075668,2.729660081968177e-05,,,,,,,,,,,,,,,,,,,,,,
116.69497,XKF1,,,,,,,,,,,,,,,,,,,,,,,55.92748013050231,55.92747116088867,,,0.02641472547334239,,,,,,0.03167484328150749,0.014309150360048789,,,,,,0.014321723021566866,,0.014321723021566868,-0.022195179015398026
116.69497,POS,,,,,,,,,,,,,,,,,,,,,,,55.93180647820047,55.931802047039355,,,,,37.4275002,-122.1690673,,,0.0222639994692031,,,,6.071664810180664,,,,,,
116.79493,ATT,,,3,,,-0.01,0.12,0.26,0.0,0.0,,,,-0.02,,,,0.11,,,,0.25,,,,,,,,,,,,,,,,,,,,,
116.79493,RATE,77.91671752929688,-3.340420722961426,,0.3240879774093628,0.10576306283473969,,,,,,-0.02069718763232231,0.2030908763408661,-0.0005809181602671742,,0.648857593536377,0.692872941493988,0.0002447166189085692,,0.00842008925974369,0.03858666867017746,3.698865475598723e-05,,,,,,,,,,,,,,,,,,,,,,
116.79493,XKF1,,,,,,,,,,,,,,,,,,,,,,,55.927098962736245,55.92708969116211,,,0.024986077556810857,,,,,,0.03220348432660103,0.009526424454191907,,,,,,0.009539723396301268,,0.00953972339630127,-0.023093240335583687
116.79493,POS,,,,,,,,,,,,,,,,,,,,,,,55.93180647820047,55.931802047039355,,,,,37.4275002,-122.1690673,,,0.0222639994692031,,,,6.019551753997803,,,,,,
116.89489,ATT,,,3,,,0.06,0.14,0.26,0.0,0.0,,,,0.03,,,,0.15,,,,0.25,,,,,,,,,,,,,,,,,,,,,
116.89489,RATE,-28.107070922851562,6.975076675415039,,0.33989807963371277,0.5081655383110046,,,,,,1.0364190340042114,1.2013243436813354,0.00022103008814156055,,0.05338616669178009,-0.0965314507484436,-0.00042004528222605586,,-0.0011405214900150895,0.046517740935087204,5.5377724493155256e-05,,,,,,,,,,,,,,,,,,,,,,
116.89489,XKF1,,,,,,,,,,,,,,,,,,,,,,,55.92691602570173,55.92690658569336,,,0.01908840940970293,,,,,,0.03249463066458702,0.009486302553003347,,,,,,0.009495925158262251,,0.009495925158262253,-0.016558827832341194
116.89489,POS,,,,,,,,,,,,,,,,,,,,,,,55.93180647820047,55.931802047039355,,,,,37.4275002,-122.1690673,,,0.0222639994692031,,,,5.967525959014893,,,,,,
116.99485,ATT,,,3,,,0.09,0.14,0.26,0.0,0.0,,,,0.08,,,,0.14,,,,0.24,,,,,,,,,,,,,,,,,,,,,
116.99485,RATE,20.001602172851562,25.07516860961914,,0.3461717665195465,0.09175325930118561,,,,,,0.03950640186667442,0.15205247700214386,0.0003257034404668957,,-0.037186287343502045,0.340622216463089,0.0008655848214402795,,0.008028940297663212,0.053322967141866684,6.384098378475755e-05,,,,,,,,,,,,,,,,,,,,,,
116.99485,XKF1,,,,,,,,,,,,,,,,,,,,,,,55.92637502708492,55.92636489868164,,,0.01924470916058478,,,,,,0.03365842625498772,0.008038121353956127,,,,,,0.008048643358051775,,0.008048643358051777,-0.017480794340372086
116.99485,POS,,,,,,,,,,,,,,,,,,,,,,,55.93180647820047,55.931802047039355,,,,,37.4275002,-122.1690673,,,0.0222639994692031,,,,5.910233974456787,,,,,,
117.09481,ATT,,,3,,,0.11,0.13,0.26,0.0,0.0,,,,0.1,,,,0.14,,,,0.24,,,,,,,,,,,,,,,,,,,,,
117.09481,RATE,8.793926239013672,24.59084701538086,,0.33792412281036377,0.07118607312440872,,,,,,0.01094525121152401,0.33332785964012146,0.001101488946005702,,-0.4250190556049347,-0.46835705637931824,0.00018081199959851801,,0.013634431175887585,0.0574033297598362,6.756759830750525e-05,,,,,,,,,,,,,,,,,,,,,,
117.09481,XKF1,,,,,,,,,,,,,,,,,,,,,,,55.926276221217705,55.926265716552734,,,0.01821199956812948,,,,,,0.034277886152267456,0.009997852191561072,,,,,,0.010007180273532866,,0.010007180273532867,-0.015216217376291752
117.09481,POS,,,,,,,,,,,,,,,,,,,,,,,55.93180647820047,55.931802047039355,,,,,37.4275002,-122.1690673,,,0.0222639994692031,,,,5.853666305541992,,,,,,
117.19476999999999,ATT,,,3,,,0.07,0.11,0.26,0.0,0.0,,,,0.07,,,,0.12,,,,0.24,,,,,,,,,,,,,,,,,,,,,
117.19476999999999,RATE,-21.235370635986328,17.909103393554688,,0.33360546827316284,0.07072027772665024,,,,,,-0.6023702025413513,-0.5541911721229553,0.0004973676986992359,,-0.3681015074253082,-0.5345850586891174,-0.000581566127948463,,0.014021364971995354,0.06065814942121506,6.910759111633524e-05,,,,,,,,,,,,,,,,,,,,,,
117.19476999999999,XKF1,,,,,,,,,,,,,,,,,,,,,,,55.92598323217486,55.92597198486328,,,0.024731200329204863,,,,,,0.03546877205371857,0.01235216420943431,,,,,,0.012365750037133692,,0.012365750037133694,-0.021417761221528053
117.19476999999999,POS,,,,,,,,,,,,,,,,,,,,,,,55.93180647820047,55.931802047039355,,,,,37.4275002,-122.1690673,,,0.0222639994692031,,,,5.800053119659424,,,,,,
117.29473,ATT,,,3,,,0.1,0.15,0.26,0.0,0.0,,,,0.08,,,,0.13,,,,0.24,,,,,,,,,,,,,,,,,,,,,
117.29473,RATE,-50.79326629638672,5.281979560852051,,0.32172709703445435,0.11510355025529861,,,,,,0.9484086632728577,1.561622142791748,0.0015528774820268154,,1.0702885389328003,0.8279860019683838,-0.0014848997816443443,,0.018048634752631187,0.06160535663366318,6.949849193915725e-05,,,,,,,,,,,,,,,,,,,,,,
117.29473,XKF1,,,,,,,,,,,,,,,,,,,,,,,55.92586919582294,55.92585754394531,,,0.015957897854281842,,,,,,0.03610100597143173,0.007881210309356821,,,,,,0.007890165783464909,,0.007890165783464909,-0.013870825059711933
117.29473,POS,,,,,,,,,,,,,,,,,,,,,,,55.93180647820047,55.931802047039355,,,,,37.4275002,-122.1690673,,,0.0222639994692031,,,,5.748547554016113,,,,,,
117.39469,ATT,,,3,,,0.15,0.22,0.26,0.0,0.0,,,,0.15,,,,0.2,,,,0.24,,,,,,,,,,,,,,,,,,,,,
117.39469,RATE,-27.958297729492188,20.674415588378906,,0.34829095005989075,0.1602887362241745,,,,,,0.24281373620033264,0.023404307663440704,-0.0002523265138734132,,0.8564316630363464,0.8087518215179443,-0.0003912714892067015,,0.02173747681081295,0.06090980023145676,6.139044853625819e-05,,,,,,,,,,,,,,,,,,,,,,
117.39469,XKF1,,,,,,,,,,,,,,,,,,,,,,,55.92493188963618,55.92491912841797,,,0.01833668708048255,,,,,,0.03778015822172165,0.004189789808225816,,,,,,0.004201848525553941,,0.004201848525553942,-0.017848769202828407
117.39469,POS,,,,,,,,,,,,,,,,,,,,,,,55.93180647820047,55.931802047039355,,,,,37.4275002,-122.1690673,,,0.0222639994692031,,,,5.6961283683776855,,,,,,
117.49465,ATT,,,3,,,0.15,0.22,0.26,0.0,0.0,,,,0.14,,,,0.22,,,,0.24,,,,,,,,,,,,,,,,,,,,,
117.49465,RATE,-47.72768020629883,11.36139965057373,,0.33453431725502014,0.24828220903873444,,,,,,-0.1270475834608078,-0.24211028218269348,-7.571923197247088e-05,,-0.3307504951953888,-0.5378115773200989,9.795278310775757e-05,,0.02758537232875824,0.05828743427991867,5.427123323897831e-05,,,,,,,,,,,,,,,,,,,,,,
117.49465,XKF1,,,,,,,,,,,,,,,,,,,,,,,55.92442504553577,55.92441177368164,,,0.02147334458645468,,,,,,0.0385284498333931,0.008109184510186145,,,,,,0.008122880943119524,,0.008122880943119526,-0.019877709448337555
117.49465,POS,,,,,,,,,,,,,,,,,,,,,,,55.93180647820047,55.931802047039355,,,,,37.4275002,-122.1690673,,,0.0222639994692031,,,,5.64473819732666,,,,,,
117.59461,ATT,,,3,,,0.11,0.18,0.26,0.0,0.0,,,,0.1,,,,0.18,,,,0.24,,,,,,,,,,,,,,,,,,,,,
117.59461,RATE,-70.80631256103516,10.019685745239258,,0.33932971954345703,0.2498774230480194,,,,,,-0.46181437373161316,-0.35539788007736206,0.0006354405777528882,,0.1790040135383606,0.5554419159889221,0.0002347045810893178,,0.03278011083602905,0.05392151325941086,4.406496373121627e-05,,,,,,,,,,,,,,,,,,,,,,
117.59461,XKF1,,,,,,,,,,,,,,,,,,,,,,,55.92396798932053,55.923954010009766,,,0.02357337367686523,,,,,,0.03954183682799339,0.006891904667720985,,,,,,0.006907842587679623,,0.0069078425876796246,-0.02253853715956211
117.59461,POS,,,,,,,,,,,,,,,,,,,,,,,55.93180647820047,55.931802047039355,,,,,37.4275002,-122.1690673,,,0.0222639994692031,,,,5.595637798309326,,,,,,
117.69457,ATT,,,3,,,0.06,0.17,0.26,0.0,0.0,,,,0.05,,,,0.17,,,,0.25,,,,,,,,,,,,,,,,,,,,,
117.69457,RATE,-7.985877990722656,58.01145553588867,,0.397848516702652,0.6595800518989563,,,,,,-0.7477483153343201,-0.5782738924026489,0.0006010517245158553,,-0.4262586832046509,-0.6430362462997437,-0.0006818495457991958,,0.03869485482573509,0.04589327797293663,2.743871846178081e-05,,,,,,,,,,,,,,,,,,,,,,
117.69457,XKF1,,,,,,,,,,,,,,,,,,,,,,,55.92394123885592,55.923927307128906,,,0.02812031143354775,,,,,,0.039474472403526306,0.012978847731663539,,,,,,0.01299645286053419,,0.012996452860534191,-0.024936802685260773
117.69457,POS,,,,,,,,,,,,,,,,,,,,,,,55.93180647820047,55.931802047039355,,,,,37.4275002,-122.1690673,,,0.0222639994692031,,,,5.5386643409729,,,,,,
117.79453,ATT,,,3,,,0.04,0.13,0.26,0.0,0.0,,,,0.03,,,,0.12,,,,0.25,,,,,,,,,,,,,,,,,,,,,
117.79453,RATE,118.53675842285156,47.91961669921875,,0.3554516136646271,0.7005122303962708,,,,,,-0.040200237184762955,-0.2433011829853058,-0.0007748625939711928,,-0.014507688581943512,0.6928098797798157,0.0014588952763006091,,0.03988433629274368,0.03682627156376839,8.738628821447492e-06,,,,,,,,,,,,,,,,,,,,,,
117.79453,XKF1,,,,,,,,,,,,,,,,,,,,,,,55.92388040752077,55.923866271972656,,,0.029284906704487065,,,,,,0.03976215794682503,0.010023772742922907,,,,,,0.010043334215879439,,0.01004333421587944,-0.02750885672867298
117.79453,POS,,,,,,,,,,,,,,,,,,,,,,,55.93180647820047,55.931802047039355,,,,,37.4275002,-122.1690673,,,0.0222639994692031,,,,5.477411270141602,,,,,,
117.89449,ATT,,,3,,,0.07,0.05,0.26,0.0,0.0,,,,0.06,,,,0.08,,,,0.25,,,,,,,,,,,,,,,,,,,,,
117.89449,RATE,-7.098865509033203,11.886337280273438,,0.3370179831981659,0.0900634229183197,,,,,,0.4292396903038025,-0.41770580410957336,-0.002203414449468255,,-2.156317949295044,-2.688403606414795,0.00011618284042924643,,0.04112986475229263,0.0278119258582592,-6.537452463817317e-06,,,,,,,,,,,,,,,,,,,,,,
117.89449,XKF1,,,,,,,,,,,,,,,,,,,,,,,55.924616477586156,55.92460250854492,,,0.035459185376838,,,,,,0.039527539163827896,0.023316863801754007,,,,,,0.023335739970207214,,0.023335739970207214,-0.026698259636759758
117.89449,POS,,,,,,,,,,,,,,,,,,,,,,,55.93180647820047,55.931802047039355,,,,,37.4275002,-122.1690673,,,0.0222639994692031,,,,5.426222324371338,,,,,,
117.99445,ATT,,,3,,,0.11,-0.14,0.26,0.0,0.0,,,,0.09,,,,-0.12,,,,0.25,,,,,,,,,,,,,,,,,,,,,
117.99445,RATE,-282.32843017578125,34.468658447265625,,0.3726332187652588,0.8501275181770325,,,,,,0.7331418395042419,0.7085242867469788,-9.696613415144384e-05,,-1.9669766426086426,-1.394186019897461,0.0007930026622489095,,0.05129547417163849,0.016038579866290092,-2.9196487957960926e-05,,,,,,,,,,,,,,,,,,,,,,
117.99445,XKF1,,,,,,,,,,,,,,,,,,,,,,,55.92626097997413,55.926246643066406,,,0.03730938787230469,,,,,,0.04004521295428276,0.03043229117620392,,,,,,0.030447738245129585,,0.030447738245129585,-0.021562134847044945
117.99445,POS,,,,,,,,,,,,,,,,,,,,,,,55.93180647820047,55.931802047039355,,,,,37.4275002,-122.1690673,,,0.0222639994692031,,,,5.373042106628418,,,,,,
118.09441,ATT,,,3,,,0.14,-0.12,0.26,0.0,0.0,,,,0.13,,,,-0.15,,,,0.26,,,,,,,,,,,,,,,,,,,,,
118.09441,RATE,81.42471313476562,37.74347686767578,,0.3583654761314392,0.7800289392471313,,,,,,0.08032529056072235,0.3977508246898651,0.0018004693556576967,,1.0142440795898438,1.6138352155685425,0.00018250482389703393,,0.04292509704828262,0.002136946888640523,-5.440415770863183e-05,,,,,,,,,,,,,,,,,,,,,,
118.09441,XKF1,,,,,,,,,,,,,,,,,,,,,,,55.92793945542721,55.92792510986328,,,0.02966422484741731,,,,,,0.04005790129303932,0.021903823352102017,,,,,,0.021918145939707756,,0.021918145939707756,-0.019989024847745895
118.09441,POS,,,,,,,,,,,,,,,,,,,,,,,55.93180647820047,55.931802047039355,,,,,37.4275002,-122.1690673,,,0.0222639994692031,,,,5.315767288208008,,,,,,
118.19436999999999,ATT,,,3,,,0.2,0.01,0.26,0.0,0.0,,,,0.19,,,,-0.01,,,,0.26,,,,,,,,,,,,,,,,,,,,,
118.19436999999999,RATE,39.743614196777344,-3.7433314323425293,,0.3298807442188263,0.3952893316745758,,,,,,0.9937031865119934,0.8665266036987305,-0.0003533406706992537,,1.1705126762390137,1.4093705415725708,0.001188519294373691,,0.036236461251974106,-0.00393469026312232,-5.8833553339354694e-05,,,,,,,,,,,,,,,,,,,,,,
118.19436999999999,XKF1,,,,,,,,,,,,,,,,,,,,,,,55.927879177106846,55.92786407470703,,,0.022547301587380886,,,,,,0.04110097512602806,0.015745906175656174,,,,,,0.015757761895656586,,0.015757761895656586,-0.016126802191138268
118.19436999999999,POS,,,,,,,,,,,,,,,,,,,,,,,55.93180647820047,55.931802047039355,,,,,37.4275002,-122.1690673,,,0.0222639994692031,,,,5.270713806152344,,,,,,
118.29433,ATT,,,3,,,0.22,0.02,0.26,0.0,0.0,,,,0.22,,,,0.02,,,,0.26,,,,,,,,,,,,,,,,,,,,,
118.29433,RATE,6.771755218505859,-23.785018920898438,,0.32887840270996094,0.08097731322050095,,,,,,-0.14620310068130493,-0.4253179132938385,-2.912187483161688e-05,,-0.36693134903907776,-0.5039127469062805,0.00022256001830101013,,0.03554277867078781,-0.011086948215961456,-6.750348984496668e-05,,,,,,,,,,,,,,,,,,,,,,
118.29433,XKF1,,,,,,,,,,,,,,,,,,,,,,,55.928584861438424,55.92856979370117,,,0.02593864087362051,,,,,,0.04105404019355774,0.018650195334564943,,,,,,0.018663423135876656,,0.018663423135876656,-0.018013598397374153
118.29433,POS,,,,,,,,,,,,,,,,,,,,,,,55.93180647820047,55.931802047039355,,,,,37.4275002,-122.1690673,,,0.0222639994692031,,,,5.228890895843506,,,,,,
118.39429,ATT,,,3,,,0.16,0.02,0.26,0.0,0.0,,,,0.17,,,,0.02,,,,0.26,,,,,,,,,,,,,,,,,,,,,
118.39429,RATE,61.164283752441406,-27.76213836669922,,0.3314845561981201,0.03353634476661682,,,,,,-0.6514357924461365,-0.4991678297519684,0.000183546231710352,,0.23778177797794342,0.28512686491012573,0.00019107069238089025,,0.02103644236922264,-0.01325253676623106,-6.373575160978362e-05,,,,,,,,,,,,,,,,,,,,,,
118.39429,XKF1,,,,,,,,,,,,,,,,,,,,,,,55.92861952275788,55.92860412597656,,,0.027387946822005925,,,,,,0.041499894112348557,0.015927966198694347,,,,,,0.01594449393451214,,0.01594449393451214,-0.022268200293183327
118.39429,POS,,,,,,,,,,,,,,,,,,,,,,,55.93180647820047,55.931802047039355,,,,,37.4275002,-122.1690673,,,0.0222639994692031,,,,5.185463905334473,,,,,,
118.49425,ATT,,,3,,,0.12,0.05,0.26,0.0,0.0,,,,0.11,,,,0.05,,,,0.26,,,,,,,,,,,,,,,,,,,,,
118.49425,RATE,120.92599487304688,-33.002811431884766,,0.3272819221019745,0.41036456823349,,,,,,-0.34289005398750305,-0.04076344147324562,0.0007703016744926572,,0.3194442093372345,0.2605956196784973,-0.0002454091445542872,,0.021255841478705406,-0.013790457509458065,-5.598802090389654e-05,,,,,,,,,,,,,,,,,,,,,,
118.49425,XKF1,,,,,,,,,,,,,,,,,,,,,,,55.92895478611369,55.92893981933594,,,0.02629964299495225,,,,,,0.040916405618190765,0.014092570439236061,,,,,,0.014108811505138872,,0.014108811505138874,-0.022194879129529
118.49425,POS,,,,,,,,,,,,,,,,,,,,,,,55.93180647820047,55.931802047039355,,,,,37.4275002,-122.1690673,,,0.0222639994692031,,,,5.142350673675537,,,,,,
118.59421,ATT,,,3,,,0.13,0.08,0.26,0.0,0.0,,,,0.11,,,,0.07,,,,0.26,,,,,,,,,,,,,,,,,,,,,
118.59421,RATE,-46.37002944946289,-41.93663787841797,,0.32070106267929077,0.2918868660926819,,,,,,0.1506221890449524,0.38114020228385925,0.00029356428422033787,,0.21205000579357147,0.15660232305526733,-0.00010373600525781512,,0.012306973338127136,-0.01049788948148489,-4.868818723480217e-05,,,,,,,,,,,,,,,,,,,,,,
118.59421,XKF1,,,,,,,,,,,,,,,,,,,,,,,55.92845565174119,55.92844009399414,,,0.0258003255826196,,,,,,0.04171619936823845,0.013300714295891664,,,,,,0.01331720035523176,,0.013317200355231762,-0.022097714245319366
118.59421,POS,,,,,,,,,,,,,,,,,,,,,,,55.93180647820047,55.931802047039355,,,,,37.4275002,-122.1690673,,,0.0222639994692031,,,,5.1010589599609375,,,,,,
118.69417,ATT,,,3,,,0.15,0.07,0.26,0.0,0.0,,,,0.14,,,,0.07,,,,0.26,,,,,,,,,,,,,,,,,,,,,
118.69417,RATE,11.104965209960938,-41.86394500732422,,0.31360360980033875,0.22228102385997772,,,,,,0.13146866858005524,-0.06305218487977982,-0.00039768937858752906,,-0.35920149087905884,-0.17776049673557281,0.0015075566479936242,,0.011221980676054955,-0.005989138502627611,-3.6478362744674087e-05,,,,,,,,,,,,,,,,,,,,,,
118.69417,XKF1,,,,,,,,,,,,,,,,,,,,,,,55.928497530454074,55.92848205566406,,,0.026670017081321076,,,,,,0.041604846715927124,0.013280417947261824,,,,,,0.01329761929810047,,0.013297619298100471,-0.023118458688259125
118.69417,POS,,,,,,,,,,,,,,,,,,,,,,,55.93180647820047,55.931802047039355,,,,,37.4275002,-122.1690673,,,0.0222639994692031,,,,5.057788372039795,,,,,,
118.794963,ATT,,,3,,,0.06,0.0,0.26,0.0,0.0,,,,0.08,,,,0.01,,,,0.26,,,,,,,,,,,,,,,,,,,,,
118.794963,RATE,-93.4814453125,-55.17311477661133,,0.29939740896224976,0.16810142993927002,,,,,,-1.1023775339126587,-1.9707541465759277,-0.002262244001030922,,-1.4667621850967407,-2.0027778148651123,-0.00022186210844665766,,0.012442036531865597,-0.0021481418516486883,-3.1344403396360576e-05,,,,,,,,,,,,,,,,,,,,,,
118.794963,XKF1,,,,,,,,,,,,,,,,,,,,,,,55.928436812003795,55.92842102050781,,,0.03911902439633103,,,,,,0.042028408497571945,0.021849748434863536,,,,,,0.021874126046895977,,0.02187412604689598,-0.03243178501725197
118.794963,POS,,,,,,,,,,,,,,,,,,,,,,,55.93180647820047,55.931802047039355,,,,,37.4275002,-122.1690673,,,0.0222639994692031,,,,5.017455577850342,,,,,,
118.89492299999999,ATT,,,3,,,0.02,-0.05,0.26,0.0,0.0,,,,0.01,,,,-0.07,,,,0.26,,,,,,,,,,,,,,,,,,,,,
118.89492299999999,RATE,-55.498600006103516,-42.264122009277344,,0.3088379204273224,0.06585603952407837,,,,,,0.0009619761258363724,0.4025830626487732,0.0005168315838091075,,-0.02503189630806446,0.3555949032306671,0.0006377034005708992,,0.018153348937630653,0.001496081822551787,-2.642170511535369e-05,,,,,,,,,,,,,,,,,,,,,,
118.89492299999999,XKF1,,,,,,,,,,,,,,,,,,,,,,,55.92888293668556,55.92886734008789,,,0.035264242677765234,,,,,,0.04176841303706169,0.019391325335952284,,,,,,0.01941331662237644,,0.019413316622376442,-0.029439598321914673
118.89492299999999,POS,,,,,,,,,,,,,,,,,,,,,,,55.93180647820047,55.931802047039355,,,,,37.4275002,-122.1690673,,,0.0222639994692031,,,,4.973421096801758,,,,,,
118.994883,ATT,,,3,,,0.1,0.1,0.26,0.0,0.0,,,,0.09,,,,0.06,,,,0.25,,,,,,,,,,,,,,,,,,,,,
118.994883,RATE,-57.39116668701172,-22.094093322753906,,0.3253934383392334,0.2897186577320099,,,,,,0.4545130133628845,-0.47894689440727234,-0.001626602839678526,,2.171367645263672,1.2354910373687744,-0.00410443963482976,,0.01408705860376358,0.004017655272036791,-2.7034766389988363e-05,,,,,,,,,,,,,,,,,,,,,,
118.994883,XKF1,,,,,,,,,,,,,,,,,,,,,,,55.928101457116384,55.92808532714844,,,0.0318579098564053,,,,,,0.04247630760073662,0.010556578976657058,,,,,,0.010579404421150683,,0.010579404421150684,-0.03005000203847885
118.994883,POS,,,,,,,,,,,,,,,,,,,,,,,55.93180647820047,55.931802047039355,,,,,37.4275002,-122.1690673,,,0.0222639994692031,,,,4.925440311431885,,,,,,
119.094843,ATT,,,3,,,0.03,0.19,0.26,0.0,0.0,,,,0.05,,,,0.18,,,,0.25,,,,,,,,,,,,,,,,,,,,,
119.094843,RATE,-70.29753112792969,-4.478303909301758,,0.3301573693752289,0.13066859543323517,,,,,,-0.4912518560886383,-1.938344955444336,-0.005316541064530611,,1.250748634338379,0.9064521193504333,-0.0015396459493786097,,0.02080697752535343,0.00654818769544363,-2.309176852577366e-05,,,,,,,,,,,,,,,,,,,,,,
119.094843,XKF1,,,,,,,,,,,,,,,,,,,,,,,55.927219961864395,55.92720413208008,,,0.03559589066707654,,,,,,0.04207887127995491,0.003222673687994477,,,,,,0.0032493446487933376,,0.0032493446487933397,-0.03544727340340614
119.094843,POS,,,,,,,,,,,,,,,,,,,,,,,55.93180647820047,55.931802047039355,,,,,37.4275002,-122.1690673,,,0.0222639994692031,,,,4.873458385467529,,,,,,
119.194803,ATT,,,3,,,-0.04,0.29,0.25,0.0,0.0,,,,-0.03,,,,0.29,,,,0.25,,,,,,,,,,,,,,,,,,,,,
119.194803,RATE,-2.2975921630859375,18.435752868652344,,0.3457454741001129,0.0767962634563446,,,,,,-0.43683284521102905,-0.1674230396747589,-0.00031109247356653214,,1.022751808166504,0.5002564191818237,-0.0019621464889496565,,0.017316531389951706,0.008693546056747437,-2.0969049728591926e-05,,,,,,,,,,,,,,,,,,,,,,
119.194803,XKF1,,,,,,,,,,,,,,,,,,,,,,,55.92561362655225,55.92559814453125,,,0.03493235113535715,,,,,,0.041613493114709854,0.0008324206425012236,,,,,,0.0008584057213738539,,0.0008584057213738561,-0.0349218025803566
119.194803,POS,,,,,,,,,,,,,,,,,,,,,,,55.93180647820047,55.931802047039355,,,,,37.4275002,-122.1690673,,,0.0222639994692031,,,,4.818384170532227,,,,,,
119.294763,ATT,,,3,,,0.01,0.27,0.26,0.0,0.0,,,,0.0,,,,0.29,,,,0.25,,,,,,,,,,,,,,,,,,,,,
119.294763,RATE,-5.203819274902344,13.60678768157959,,0.3336252272129059,0.039668187499046326,,,,,,1.0406553745269775,0.8957535624504089,-0.0014185950858518481,,-0.2907302677631378,-0.47104400396347046,-0.00044178051757626235,,0.008890384808182716,0.011708404868841171,-9.98948780761566e-06,,,,,,,,,,,,,,,,,,,,,,
119.294763,XKF1,,,,,,,,,,,,,,,,,,,,,,,55.92450697745236,55.92449188232422,,,0.02983561394164558,,,,,,0.04108984023332596,0.003215182464398113,,,,,,0.0032369752880185825,,0.0032369752880185843,-0.02965949848294258
119.294763,POS,,,,,,,,,,,,,,,,,,,,,,,55.93180647820047,55.931802047039355,,,,,37.4275002,-122.1690673,,,0.0222639994692031,,,,4.7642951011657715,,,,,,
119.394723,ATT,,,3,,,0.06,0.15,0.26,0.0,0.0,,,,0.05,,,,0.18,,,,0.25,,,,,,,,,,,,,,,,,,,,,
119.394723,RATE,30.336856842041016,58.34609603881836,,0.38163837790489197,0.3429250717163086,,,,,,0.45991751551628113,0.29873135685920715,-0.0004412872949615121,,-1.9926735162734985,-2.117051601409912,0.0004968480207026005,,0.004014130216091871,0.017702000215649605,4.157238890911685e-06,,,,,,,,,,,,,,,,,,,,,,
119.394723,XKF1,,,,,,,,,,,,,,,,,,,,,,,55.92400742298632,55.92399215698242,,,0.03268537003818305,,,,,,0.04132156819105148,0.014947909225821076,,,,,,0.014969382435083388,,0.01496938243508339,-0.029055997729301453
119.394723,POS,,,,,,,,,,,,,,,,,,,,,,,55.93180647820047,55.931802047039355,,,,,37.4275002,-122.1690673,,,0.0222639994692031,,,,4.704536437988281,,,,,,
119.494683,ATT,,,3,,,0.06,0.0,0.26,0.0,0.0,,,,0.06,,,,0.01,,,,0.25,,,,,,,,,,,,,,,,,,,,,
119.494683,RATE,161.34567260742188,41.91828536987305,,0.35108482837677,0.5258936285972595,,,,,,0.008762585930526257,0.1095457375049591,-4.009980330010876e-05,,-1.096578598022461,-0.6231439709663391,0.00022290952620096505,,0.0015949492808431387,0.024458734318614006,1.9142531527904794e-05,,,,,,,,,,,,,,,,,,,,,,
119.494683,XKF1,,,,,,,,,,,,,,,,,,,,,,,55.92450697310614,55.92449188232422,,,0.03362338665716654,,,,,,0.041083924472332,0.018648115971354767,,,,,,0.01866866461932659,,0.01866866461932659,-0.027964496985077858
119.494683,POS,,,,,,,,,,,,,,,,,,,,,,,55.93180647820047,55.931802047039355,,,,,37.4275002,-122.1690673,,,0.0222639994692031,,,,4.646315574645996,,,,,,
119.594643,ATT,,,3,,,0.08,0.0,0.26,0.0,0.0,,,,0.08,,,,-0.01,,,,0.25,,,,,,,,,,,,,,,,,,,,,
119.594643,RATE,-42.17662811279297,4.600127696990967,,0.33116304874420166,0.4443231225013733,,,,,,0.07602173089981079,-0.308308482170105,-0.0011177333071827888,,0.10045775771141052,0.5349394679069519,0.0012271521845832467,,0.006277477368712425,0.033085163682699203,3.338593160151504e-05,,,,,,,,,,,,,,,,,,,,,,
119.594643,XKF1,,,,,,,,,,,,,,,,,,,,,,,55.92470551461124,55.92469024658203,,,0.033710667998923416,,,,,,0.041324567049741745,0.01780354862921929,,,,,,0.017824696376919743,,0.017824696376919746,-0.02861274778842926
119.594643,POS,,,,,,,,,,,,,,,,,,,,,,,55.93180647820047,55.931802047039355,,,,,37.4275002,-122.1690673,,,0.0222639994692031,,,,4.599151134490967,,,,,,
119.694603,ATT,,,3,,,0.04,0.03,0.26,0.0,0.0,,,,0.04,,,,0.01,,,,0.25,,,,,,,,,,,,,,,,,,,,,
119.694603,RATE,-173.7806396484375,1.6823853254318237,,0.33479881286621094,0.3152175545692444,,,,,,-0.25383687019348145,0.30147409439086914,0.001183205284178257,,0.12927506864070892,0.34359705448150635,0.0015338725643232465,,0.018334509804844856,0.03732435777783394,3.2800377084640786e-05,,,,,,,,,,,,,,,,,,,,,,
119.694603,XKF1,,,,,,,,,,,,,,,,,,,,,,,55.92498747444675,55.92497253417969,,,0.030450819383273535,,,,,,0.04087870195508003,0.016641009297510563,,,,,,0.01665964536368847,,0.01665964536368847,-0.025489382445812225
119.694603,POS,,,,,,,,,,,,,,,,,,,,,,,55.93180647820047,55.931802047039355,,,,,37.4275002,-122.1690673,,,0.0222639994692031,,,,4.5509257316589355,,,,,,
119.794563,ATT,,,3,,,0.12,0.04,0.26,0.0,0.0,,,,0.11,,,,0.03,,,,0.25,,,,,,,,,,,,,,,,,,,,,
119.794563,RATE,19.633865356445312,8.680696487426758,,0.3400331139564514,0.11177415400743484,,,,,,0.6688129305839539,0.20164810121059418,-0.000612486619502306,,-0.014933127909898758,0.6444580554962158,0.0019846956711262465,,0.012069164775311947,0.04101390019059181,3.2148134778253734e-05,,,,,,,,,,,,,,,,,,,,,,
119.794563,XKF1,,,,,,,,,,,,,,,,,,,,,,,55.92488476371066,55.924869537353516,,,0.029034130009772452,,,,,,0.04126819968223572,0.015465078628511625,,,,,,0.015483207069337366,,0.015483207069337368,-0.024561168625950813
119.794563,POS,,,,,,,,,,,,,,,,,,,,,,,55.93180647820047,55.931802047039355,,,,,37.4275002,-122.1690673,,,0.0222639994692031,,,,4.498504161834717,,,,,,
119.89452299999999,ATT,,,3,,,0.07,0.18,0.26,0.0,0.0,,,,0.08,,,,0.16,,,,0.25,,,,,,,,,,,,,,,,,,,,,
119.89452299999999,RATE,90.78034973144531,-10.835287094116211,,0.3215476870536804,0.40519624948501587,,,,,,-0.8843160271644592,-0.9623292684555054,-0.0007826898945495486,,1.452562928199768,0.9124944806098938,-0.00041778883314691484,,0.007310396991670132,0.046231649816036224,4.68039361294359e-05,,,,,,,,,,,,,,,,,,,,,,
119.89452299999999,XKF1,,,,,,,,,,,,,,,,,,,,,,,55.9242932427388,55.924278259277344,,,0.030423375023693463,,,,,,0.04093749821186066,0.01068695569361693,,,,,,0.01070780400186777,,0.010707804001867771,-0.028476739302277565
119.89452299999999,POS,,,,,,,,,,,,,,,,,,,,,,,55.93180647820047,55.931802047039355,,,,,37.4275002,-122.1690673,,,0.0222639994692031,,,,4.449760913848877,,,,,,
119.994483,ATT,,,3,,,0.01,0.16,0.26,0.0,0.0,,,,0.01,,,,0.17,,,,0.24,,,,,,,,,,,,,,,,,,,,,
119.994483,RATE,13.502120971679688,-11.748579978942871,,0.33130383491516113,0.06990215927362442,,,,,,-0.5140549540519714,-0.061896856874227524,0.0009579176548868418,,-0.5563352108001709,-0.428702175617218,0.00177914765663445,,0.008230597712099552,0.05421968922019005,5.938707909081131e-05,,,,,,,,,,,,,,,,,,,,,,
119.994483,XKF1,,,,,,,,,,,,,,,,,,,,,,,55.923446114570986,55.923431396484375,,,0.030493817563642986,,,,,,0.04057304561138153,0.012019847218885429,,,,,,0.012040176428854464,,0.012040176428854465,-0.028016192838549614
119.994483,POS,,,,,,,,,,,,,,,,,,,,,,,55.93180647820047,55.931802047039355,,,,,37.4275002,-122.1690673,,,0.0222639994692031,,,,4.403103828430176,,,,,,
120.094443,ATT,,,3,,,-0.02,0.13,0.26,0.0,0.0,,,,-0.02,,,,0.14,,,,0.24,,,,,,,,,,,,,,,,,,,,,
120.094443,RATE,47.608280181884766,2.1888997554779053,,0.3496416509151459,0.30944564938545227,,,,,,-0.35376885533332825,-0.2608034610748291,0.00021154162823222578,,-0.3531769812107086,-0.36918559670448303,0.0005226910579949617,,0.016292748972773552,0.05892670154571533,6.651478179264814e-05,,,,,,,,,,,,,,,,,,,,,,
120.094443,XKF1,,,,,,,,,,,,,,,,,,,,,,,55.923041109972004,55.92302703857422,,,0.03498273408178395,,,,,,0.039671532809734344,0.014165822098161881,,,,,,0.014188509434461592,,0.014188509434461594,-0.031976208090782166
120.094443,POS,,,,,,,,,,,,,,,,,,,,,,,55.93180647820047,55.931802047039355,,,,,37.4275002,-122.1690673,,,0.0222639994692031,,,,4.353382110595703,,,,,,
120.194403,ATT,,,3,,,0.05,0.18,0.26,0.0,0.0,,,,0.02,,,,0.18,,,,0.24,,,,,,,,,,,,,,,,,,,,,
120.194403,RATE,-26.600933074951172,-0.09317150712013245,,0.3380352854728699,0.18716299533843994,,,,,,1.4512395858764648,1.4013274908065796,0.00017333868891000748,,0.6193557977676392,0.46969327330589294,-0.0009729689336381853,,0.023397192358970642,0.06103065609931946,6.269789446378127e-05,,,,,,,,,,,,,,,,,,,,,,
120.194403,XKF1,,,,,,,,,,,,,,,,,,,,,,,55.922022561375336,55.9220085144043,,,0.026548769420829156,,,,,,0.039636723697185516,0.010641081112956578,,,,,,0.010658318176865576,,0.010658318176865578,-0.024315373972058296
120.194403,POS,,,,,,,,,,,,,,,,,,,,,,,55.92296630082699,55.92296186896541,,,,,37.4275002,-122.1690674,,,0.0222639994692031,,,,4.302694320678711,,,,,,
120.294363,ATT,,,3,,,0.12,0.16,0.26,0.0,0.0,,,,0.12,,,,0.17,,,,0.24,,,,,,,,,,,,,,,,,,,,,
120.294363,RATE,31.2957763671875,-8.172932624816895,,0.32752546668052673,0.15313509106636047,,,,,,0.6693530678749084,-0.3504176437854767,-0.001794179668650031,,-0.7743301391601562,-1.5049800872802734,-0.0006524620112031698,,0.02067398838698864,0.060283809900283813,5.965257150819525e-05,,,,,,,,,,,,,,,,,,,,,,
120.294363,XKF1,,,,,,,,,,,,,,,,,,,,,,,55.921869620120255,55.92185592651367,,,0.031828326640871096,,,,,,0.03913494572043419,0.018301859300756472,,,,,,0.018320078030228615,,0.018320078030228615,-0.026027237996459007
120.294363,POS,,,,,,,,,,,,,,,,,,,,,,,55.92296630082699,55.92296186896541,,,,,37.4275002,-122.1690674,,,0.0222639994692031,,,,4.252779483795166,,,,,,
120.394323,ATT,,,3,,,0.05,0.03,0.26,0.0,0.0,,,,0.07,,,,0.04,,,,0.24,,,,,,,,,,,,,,,,,,,,,
120.394323,RATE,-44.99034881591797,-4.5698747634887695,,0.3370794355869293,0.35905587673187256,,,,,,-0.7852115631103516,-0.763092577457428,0.0007068447303026915,,-1.1941022872924805,-0.8182349801063538,0.0006900950684212148,,0.02522081322968006,0.060978494584560394,5.9824615163961425e-05,,,,,,,,,,,,,,,,,,,,,,
120.394323,XKF1,,,,,,,,,,,,,,,,,,,,,,,55.92183166099864,55.921817779541016,,,0.03456113665611608,,,,,,0.039402447640895844,0.02055316240060254,,,,,,0.020572734996676445,,0.020572734996676445,-0.0277711134403944
120.394323,POS,,,,,,,,,,,,,,,,,,,,,,,55.92296630082699,55.92296186896541,,,,,37.4275002,-122.1690674,,,0.0222639994692031,,,,4.203328609466553,,,,,,
120.494283,ATT,,,3,,,0.05,0.03,0.26,0.0,0.0,,,,0.04,,,,0.01,,,,0.24,,,,,,,,,,,,,,,,,,,,,
120.494283,RATE,-31.959056854248047,1.8987531661987305,,0.33744943141937256,0.1443033516407013,,,,,,0.11747568845748901,-0.044798415154218674,-0.0005820453516207635,,0.019458629190921783,0.3199229836463928,0.0014596994733437896,,0.03787858784198761,0.0554928258061409,4.32152628491167e-05,,,,,,,,,,,,,,,,,,,,,,
120.494283,XKF1,,,,,,,,,,,,,,,,,,,,,,,55.922441545887054,55.922428131103516,,,0.03357258189232604,,,,,,0.03873467072844505,0.01992510188171288,,,,,,0.019943812862038612,,0.019943812862038612,-0.027006713673472404
120.494283,POS,,,,,,,,,,,,,,,,,,,,,,,55.92296630082699,55.92296186896541,,,,,37.4275002,-122.1690674,,,0.0222639994692031,,,,4.151733875274658,,,,,,
120.59424299999999,ATT,,,3,,,0.08,0.06,0.26,0.0,0.0,,,,0.06,,,,0.04,,,,0.24,,,,,,,,,,,,,,,,,,,,,
120.59424299999999,RATE,87.66403198242188,15.257179260253906,,0.34954386949539185,0.29113537073135376,,,,,,0.6949930787086487,0.9943922758102417,0.0003930836683139205,,0.42264315485954285,0.2520938515663147,-0.0009815758094191551,,0.041121628135442734,0.04971541836857796,2.4428201868431643e-05,,,,,,,,,,,,,,,,,,,,,,
120.59424299999999,XKF1,,,,,,,,,,,,,,,,,,,,,,,55.92198814418893,55.921974182128906,,,0.02884761327120368,,,,,,0.03951673209667206,0.019296339446509308,,,,,,0.019311487674713135,,0.019311487674713135,-0.02143014781177044
120.59424299999999,POS,,,,,,,,,,,,,,,,,,,,,,,55.92296630082699,55.92296186896541,,,,,37.4275002,-122.1690674,,,0.0222639994692031,,,,4.098464488983154,,,,,,
120.694203,ATT,,,3,,,0.16,0.11,0.26,0.0,0.0,,,,0.14,,,,0.1,,,,0.25,,,,,,,,,,,,,,,,,,,,,
120.694203,RATE,-81.0983657836914,19.44767189025879,,0.35237181186676025,0.2781670391559601,,,,,,0.7748790383338928,1.0176156759262085,0.0012781675904989243,,0.5590040683746338,0.30342304706573486,-0.0003407576004974544,,0.04278681427240372,0.042695436626672745,1.3642977137351409e-05,,,,,,,,,,,,,,,,,,,,,,
120.694203,XKF1,,,,,,,,,,,,,,,,,,,,,,,55.922018802727834,55.92200469970703,,,0.02434227778103452,,,,,,0.0397157222032547,0.017171753370471044,,,,,,0.017184002324938774,,0.017184002324938774,-0.017241129651665688
120.694203,POS,,,,,,,,,,,,,,,,,,,,,,,55.92296630082699,55.92296186896541,,,,,37.4275002,-122.1690674,,,0.0222639994692031,,,,4.045337200164795,,,,,,
120.794996,ATT,,,3,,,0.25,0.13,0.26,0.0,0.0,,,,0.24,,,,0.13,,,,0.25,,,,,,,,,,,,,,,,,,,,,
120.794996,RATE,45.323753356933594,14.769105911254883,,0.341084748506546,0.3014559745788574,,,,,,0.6828091144561768,0.7291743159294128,0.0011654095724225044,,0.14778867363929749,0.33443015813827515,0.000577709055505693,,0.03843846544623375,0.03618887439370155,-1.2353543752396945e-06,,,,,,,,,,,,,,,,,,,,,,
120.794996,XKF1,,,,,,,,,,,,,,,,,,,,,,,55.92092902509659,55.92091369628906,,,0.020201872012009375,,,,,,0.041405338793992996,0.015078183654417493,,,,,,0.015088134445250034,,0.015088134445250034,-0.013433682732284069
120.794996,POS,,,,,,,,,,,,,,,,,,,,,,,55.92296630082699,55.92296186896541,,,,,37.4275002,-122.1690674,,,0.0222639994692031,,,,3.9912679195404053,,,,,,
120.894956,ATT,,,3,,,0.27,0.17,0.26,0.0,0.0,,,,0.28,,,,0.16,,,,0.25,,,,,,,,,,,,,,,,,,,,,
120.894956,RATE,42.488861083984375,4.079590797424316,,0.33463817834854126,0.19624194502830505,,,,,,-0.07403810322284698,-0.6114884614944458,-0.0009509358205832541,,0.3332604467868805,-0.0038848435506224632,-0.001029514940455556,,0.03774487227201462,0.029641060158610344,-7.961420124047436e-06,,,,,,,,,,,,,,,,,,,,,,
120.894956,XKF1,,,,,,,,,,,,,,,,,,,,,,,55.92008683037363,55.92007064819336,,,0.022748259180145728,,,,,,0.042541950941085815,0.015955340038795122,,,,,,0.01596767082810402,,0.01596767082810402,-0.016202369704842567
120.894956,POS,,,,,,,,,,,,,,,,,,,,,,,55.92296630082699,55.92296186896541,,,,,37.4275002,-122.1690674,,,0.0222639994692031,,,,3.9397900104522705,,,,,,
120.994916,ATT,,,3,,,0.2,0.19,0.26,0.0,0.0,,,,0.22,,,,0.18,,,,0.25,,,,,,,,,,,,,,,,,,,,,
120.994916,RATE,-12.081623077392578,-2.5186963081359863,,0.3341618478298187,0.06685113906860352,,,,,,-0.5837363004684448,-0.5520644187927246,0.0001929895515786484,,0.6450218558311462,0.04741561785340309,-0.0019116131588816643,,0.03491857647895813,0.026790423318743706,-9.06921923160553e-06,,,,,,,,,,,,,,,,,,,,,,
120.994916,XKF1,,,,,,,,,,,,,,,,,,,,,,,55.91885912782727,55.91884231567383,,,0.025376296307750793,,,,,,0.04336164891719818,0.01628171541099211,,,,,,0.016296803951263428,,0.016296803951263428,-0.019451750442385674
120.994916,POS,,,,,,,,,,,,,,,,,,,,,,,55.92296630082699,55.92296186896541,,,,,37.4275002,-122.1690674,,,0.0222639994692031,,,,3.8902039527893066,,,,,,
121.094876,ATT,,,3,,,0.14,0.18,0.26,0.0,0.0,,,,0.15,,,,0.19,,,,0.25,,,,,,,,,,,,,,,,,,,,,
121.094876,RATE,-0.2788543701171875,6.193597793579102,,0.3438446819782257,0.0256354957818985,,,,,,-0.6518390774726868,-0.5307944416999817,0.0005209762020967901,,-0.2420961856842041,-0.7199532389640808,-0.0012364113936200738,,0.03138917312026024,0.022592106834053993,-1.3165798918635119e-05,,,,,,,,,,,,,,,,,,,,,,
121.094876,XKF1,,,,,,,,,,,,,,,,,,,,,,,55.91818390305305,55.91816711425781,,,0.029352642433155867,,,,,,0.04333125427365303,0.017948212840379965,,,,,,0.01796620525419712,,0.01796620525419712,-0.023211916908621788
121.094876,POS,,,,,,,,,,,,,,,,,,,,,,,55.92296630082699,55.92296186896541,,,,,37.4275002,-122.1690674,,,0.0222639994692031,,,,3.8384299278259277,,,,,,
121.194836,ATT,,,3,,,0.14,0.15,0.26,0.0,0.0,,,,0.13,,,,0.14,,,,0.25,,,,,,,,,,,,,,,,,,,,,
121.194836,RATE,-5.755138397216797,-5.6001434326171875,,0.3272473216056824,0.14571385085582733,,,,,,-0.1670386642217636,0.3728812336921692,0.0016894610598683357,,-0.18277904391288757,-0.010150396265089512,0.0007357546710409224,,0.033745329827070236,0.02079704962670803,-1.4255588212108705e-05,,,,,,,,,,,,,,,,,,,,,,
121.194836,XKF1,,,,,,,,,,,,,,,,,,,,,,,55.917489775551076,55.91747283935547,,,0.02851284990375842,,,,,,0.04352078586816788,0.019768078644605426,,,,,,0.01978406496345997,,0.01978406496345997,-0.02053225226700306
121.194836,POS,,,,,,,,,,,,,,,,,,,,,,,55.92296630082699,55.92296186896541,,,,,37.4275002,-122.1690674,,,0.0222639994692031,,,,3.7883036136627197,,,,,,
121.294796,ATT,,,3,,,0.19,0.14,0.26,0.0,0.0,,,,0.18,,,,0.14,,,,0.25,,,,,,,,,,,,,,,,,,,,,
121.294796,RATE,-1.764678955078125,-19.41455078125,,0.31859275698661804,0.07798466086387634,,,,,,0.48244336247444153,0.579051673412323,-9.448397759115323e-05,,-0.15140265226364136,0.37674838304519653,0.0019721705466508865,,0.032189786434173584,0.015932677313685417,-2.230248719570227e-05,,,,,,,,,,,,,,,,,,,,,,
121.294796,XKF1,,,,,,,,,,,,,,,,,,,,,,,55.917264624041934,55.9172477722168,,,0.026042220918084676,,,,,,0.043412160128355026,0.017321020770390584,,,,,,0.01733611337840557,,0.01733611337840557,-0.019433384761214256
121.294796,POS,,,,,,,,,,,,,,,,,,,,,,,55.92296630082699,55.92296186896541,,,,,37.4275002,-122.1690674,,,0.0222639994692031,,,,3.7410974502563477,,,,,,
121.394756,ATT,,,3,,,0.26,0.17,0.26,0.0,0.0,,,,0.25,,,,0.16,,,,0.25,,,,,,,,,,,,,,,,,,,,,
121.394756,RATE,-41.45088195800781,-1.1810849905014038,,0.3469294607639313,0.3708431124687195,,,,,,1.010001540184021,0.519054114818573,-0.0026173144578933716,,0.28762346506118774,0.36167776584625244,0.0001657536340644583,,0.032286155968904495,0.013322951272130013,-2.6081679607159458e-05,,,,,,,,,,,,,,,,,,,,,,
121.394756,XKF1,,,,,,,,,,,,,,,,,,,,,,,55.91671935958136,55.91670227050781,,,0.0246079958728447,,,,,,0.043716467916965485,0.01810799348576542,,,,,,0.018121015280485153,,0.018121015280485153,-0.0166487917304039
121.394756,POS,,,,,,,,,,,,,,,,,,,,,,,55.92296630082699,55.92296186896541,,,,,37.4275002,-122.1690674,,,0.0222639994692031,,,,3.6922130584716797,,,,,,
121.494716,ATT,,,3,,,0.23,0.15,0.26,0.0,0.0,,,,0.24,,,,0.14,,,,0.25,,,,,,,,,,,,,,,,,,,,,
121.494716,RATE,103.68318176269531,-4.197459697723389,,0.3349445164203644,0.19434022903442383,,,,,,-1.074766993522644,-1.1072062253952026,0.0008558465633541346,,-0.05248834192752838,0.8497678637504578,0.0019444279605522752,,0.03281021490693092,0.009377830661833286,-3.1352621590485796e-05,,,,,,,,,,,,,,,,,,,,,,
121.494716,XKF1,,,,,,,,,,,,,,,,,,,,,,,55.9166161307929,55.91659927368164,,,0.02552332933365257,,,,,,0.04341871663928032,0.014326454229593666,,,,,,0.014342851936817167,,0.01434285193681717,-0.021112151443958282
121.494716,POS,,,,,,,,,,,,,,,,,,,,,,,55.92296630082699,55.92296186896541,,,,,37.4275002,-122.1690674,,,0.0222639994692031,,,,3.6425116062164307,,,,,,
121.59467599999999,ATT,,,3,,,0.15,0.35,0.26,0.0,0.0,,,,0.16,,,,0.31,,,,0.25,,,,,,,,,,,,,,,,,,,,,
121.59467599999999,RATE,-61.525630950927734,-14.033256530761719,,0.3268015682697296,0.23077335953712463,,,,,,-1.9345742464065552,-1.2047960758209229,0.00454351119697094,,2.204033136367798,2.1350719928741455,0.0002184727054554969,,0.033569734543561935,0.005491830408573151,-4.098698263987899e-05,,,,,,,,,,,,,,,,,,,,,,
121.59467599999999,XKF1,,,,,,,,,,,,,,,,,,,,,,,55.914990527845234,55.914974212646484,,,0.022096188882171453,,,,,,0.042714495211839676,0.005919159708625566,,,,,,0.005935420747846363,,0.005935420747846365,-0.021284086629748344
121.59467599999999,POS,,,,,,,,,,,,,,,,,,,,,,,55.92296630082699,55.92296186896541,,,,,37.4275002,-122.1690674,,,0.0222639994692031,,,,3.596632719039917,,,,,,
121.694636,ATT,,,3,,,0.15,0.39,0.26,0.0,0.0,,,,0.13,,,,0.39,,,,0.25,,,,,,,,,,,,,,,,,,,,,
121.694636,RATE,142.91648864746094,17.92618751525879,,0.3631814122200012,0.20635752379894257,,,,,,0.24091821908950806,1.1248618364334106,0.0011430059093981981,,-0.8466044068336487,-0.7337605953216553,0.003168483031913638,,0.029752137139439583,0.0016253613866865635,-4.590722528519109e-05,,,,,,,,,,,,,,,,,,,,,,
121.694636,XKF1,,,,,,,,,,,,,,,,,,,,,,,55.913708169833335,55.913692474365234,,,0.021001059551271753,,,,,,0.041894908994436264,0.009876748658269686,,,,,,0.009890632703900335,,0.009890632703900337,-0.018526194617152214
121.694636,POS,,,,,,,,,,,,,,,,,,,,,,,55.92296630082699,55.92296186896541,,,,,37.4275002,-122.1690674,,,0.0222639994692031,,,,3.5438485145568848,,,,,,
121.794596,ATT,,,3,,,0.2,0.3,0.26,0.0,0.0,,,,0.19,,,,0.31,,,,0.26,,,,,,,,,,,,,,,,,,,,,
121.794596,RATE,57.74955749511719,17.299955368041992,,0.3498939573764801,0.023067735135555267,,,,,,0.06260577589273453,-0.37473446130752563,-0.0009111110121011734,,-1.2995424270629883,-1.3647879362106323,0.0005581150180660188,,0.024539075791835785,-0.0005140880239196122,-4.914179226034321e-05,,,,,,,,,,,,,,,,,,,,,,
121.794596,XKF1,,,,,,,,,,,,,,,,,,,,,,,55.91278482283902,55.91276931762695,,,0.02824963169489385,,,,,,0.04163987189531326,0.01739954465958362,,,,,,0.01741611398756504,,0.01741611398756504,-0.022242316976189613
121.794596,POS,,,,,,,,,,,,,,,,,,,,,,,55.914126124709995,55.914121692147724,,,,,37.4275002,-122.1690675,,,0.0222639994692031,,,,3.4893877506256104,,,,,,
121.894556,ATT,,,3,,,0.15,0.22,0.26,0.0,0.0,,,,0.14,,,,0.22,,,,0.26,,,,,,,,,,,,,,,,,,,,,
121.894556,RATE,-69.04220581054688,11.4243803024292,,0.3444841504096985,0.26477861404418945,,,,,,-0.35561978816986084,-0.12982700765132904,0.00037722510751336813,,-0.3044221103191376,0.26478222012519836,0.0007082208758220077,,0.021128149703145027,-0.0004467095423024148,-3.980633846367709e-05,,,,,,,,,,,,,,,,,,,,,,
121.894556,XKF1,,,,,,,,,,,,,,,,,,,,,,,55.91264305911876,55.912628173828125,,,0.02830985945869732,,,,,,0.040798917412757874,0.017280200154787977,,,,,,0.017296558246016502,,0.017296558246016502,-0.022411542013287544
121.894556,POS,,,,,,,,,,,,,,,,,,,,,,,55.914126124709995,55.914121692147724,,,,,37.4275002,-122.1690675,,,0.0222639994692031,,,,3.437241792678833,,,,,,
121.994516,ATT,,,3,,,0.1,0.28,0.26,0.0,0.0,,,,0.1,,,,0.25,,,,0.25,,,,,,,,,,,,,,,,,,,,,
121.994516,RATE,32.51523971557617,5.267333030700684,,0.337392657995224,0.06520205736160278,,,,,,-0.7933622002601624,-0.5798490047454834,0.0003598781768232584,,1.0995928049087524,1.4338136911392212,-0.0005809256108477712,,0.020366443321108818,0.001913050189614296,-3.5786230000667274e-05,,,,,,,,,,,,,,,,,,,,,,
121.994516,XKF1,,,,,,,,,,,,,,,,,,,,,,,55.91177653928233,55.91176223754883,,,0.029264688797965704,,,,,,0.039990879595279694,0.013563054766110501,,,,,,0.013581599108874796,,0.013581599108874798,-0.02592223323881626
121.994516,POS,,,,,,,,,,,,,,,,,,,,,,,55.914126124709995,55.914121692147724,,,,,37.4275002,-122.1690675,,,0.0222639994692031,,,,3.3855347633361816,,,,,,
122.094476,ATT,,,3,,,0.12,0.36,0.26,0.0,0.0,,,,0.11,,,,0.34,,,,0.25,,,,,,,,,,,,,,,,,,,,,
122.094476,RATE,-13.890743255615234,10.779500007629395,,0.3502905070781708,0.14713381230831146,,,,,,0.38211923837661743,-0.5521985292434692,-0.0027043879963457584,,0.7938868403434753,1.1717581748962402,0.0007273261435329914,,0.015061594545841217,0.0048727188259363174,-2.6717985747382045e-05,,,,,,,,,,,,,,,,,,,,,,
122.094476,XKF1,,,,,,,,,,,,,,,,,,,,,,,55.91092518681586,55.910911560058594,,,0.030816630450936584,,,,,,0.039035484194755554,0.009407167552730718,,,,,,0.009427653625607489,,0.00942765362560749,-0.029339121654629707
122.094476,POS,,,,,,,,,,,,,,,,,,,,,,,55.914126124709995,55.914121692147724,,,,,37.4275002,-122.1690675,,,0.0222639994692031,,,,3.334296226501465,,,,,,
122.194436,ATT,,,3,,,0.06,0.39,0.25,0.0,0.0,,,,0.05,,,,0.39,,,,0.25,,,,,,,,,,,,,,,,,,,,,
122.194436,RATE,7.942104339599609,12.087961196899414,,0.3463433086872101,0.040548376739025116,,,,,,-0.22435680031776428,0.8642724752426147,0.002158522140234709,,-0.140333890914917,-1.2234066724777222,-0.0022613531909883022,,0.016155172139406204,0.0095934197306633,-2.0888721337541938e-05,,,,,,,,,,,,,,,,,,,,,,
122.194436,XKF1,,,,,,,,,,,,,,,,,,,,,,,55.909825960782,55.909812927246094,,,0.027861553193699897,,,,,,0.038175977766513824,0.018844571685554853,,,,,,0.01885857991874218,,0.01885857991874218,-0.02050902508199215
122.194436,POS,,,,,,,,,,,,,,,,,,,,,,,55.914126124709995,55.914121692147724,,,,,37.4275002,-122.1690675,,,0.0222639994692031,,,,3.281766414642334,,,,,,
122.29439599999999,ATT,,,3,,,0.19,0.24,0.26,0.0,0.0,,,,0.16,,,,0.26,,,,0.25,,,,,,,,,,,,,,,,,,,,,
122.29439599999999,RATE,84.0658187866211,-0.3785116970539093,,0.3320333957672119,0.437705397605896,,,,,,1.3217509984970093,0.9376747012138367,-0.0009471200173720717,,-1.291137456893921,-1.3456764221191406,-0.0004810062819160521,,0.012221096083521843,0.013401670381426811,-8.862652975949459e-06,,,,,,,,,,,,,,,,,,,,,,
122.29439599999999,XKF1,,,,,,,,,,,,,,,,,,,,,,,55.910386252151234,55.91037368774414,,,0.02997107882675337,,,,,,0.037482816725969315,0.024242693804476474,,,,,,0.02425450272858143,,0.02425450272858143,-0.017606381326913834
122.29439599999999,POS,,,,,,,,,,,,,,,,,,,,,,,55.914126124709995,55.914121692147724,,,,,37.4275002,-122.1690675,,,0.0222639994692031,,,,3.231102228164673,,,,,,
122.394356,ATT,,,3,,,0.24,0.33,0.26,0.0,0.0,,,,0.23,,,,0.31,,,,0.25,,,,,,,,,,,,,,,,,,,,,
122.394356,RATE,-42.20867156982422,-23.511152267456055,,0.3162077069282532,0.07577664405107498,,,,,,0.6364639401435852,0.08266189694404602,-0.0012648962438106537,,1.9063951969146729,1.5241962671279907,-0.001677714055404067,,0.00955076515674591,0.02065248414874077,4.954497853759676e-06,,,,,,,,,,,,,,,,,,,,,,
122.394356,XKF1,,,,,,,,,,,,,,,,,,,,,,,55.90953192681639,55.90951919555664,,,0.02168661469418369,,,,,,0.037730589509010315,0.014943711039196122,,,,,,0.014954313635826109,,0.01495431363582611,-0.015705978497862816
122.394356,POS,,,,,,,,,,,,,,,,,,,,,,,55.914126124709995,55.914121692147724,,,,,37.4275002,-122.1690675,,,0.0222639994692031,,,,3.186349868774414,,,,,,
122.494316,ATT,,,3,,,0.24,0.36,0.26,0.0,0.0,,,,0.24,,,,0.36,,,,0.25,,,,,,,,,,,,,,,,,,,,,
122.494316,RATE,-11.86532974243164,-13.994641304016113,,0.3340313732624054,0.08946547657251358,,,,,,0.09581009298563004,-0.04801386222243309,-0.0007846193038858473,,0.0845387801527977,-0.41427531838417053,-0.0012922489549964666,,0.01529883686453104,0.025789394974708557,1.0907599062193185e-05,,,,,,,,,,,,,,,,,,,,,,
122.494316,XKF1,,,,,,,,,,,,,,,,,,,,,,,55.90945159114422,55.90943908691406,,,0.023777840003178004,,,,,,0.03739263489842415,0.018181364827804313,,,,,,0.018191609531641006,,0.018191609531641006,-0.01531179342418909
122.494316,POS,,,,,,,,,,,,,,,,,,,,,,,55.914126124709995,55.914121692147724,,,,,37.4275002,-122.1690675,,,0.0222639994692031,,,,3.140005350112915,,,,,,
122.594276,ATT,,,3,,,0.17,0.32,0.26,0.0,0.0,,,,0.19,,,,0.33,,,,0.25,,,,,,,,,,,,,,,,,,,,,
122.594276,RATE,-166.8406524658203,1.895687460899353,,0.3457541763782501,0.4582228362560272,,,,,,-0.9343819618225098,-0.4457132816314697,0.0014357874169945717,,-0.6250861883163452,-0.7403579354286194,0.000649702618829906,,-0.0018460253486409783,0.03509899973869324,2.9852069928892888e-05,,,,,,,,,,,,,,,,,,,,,,
122.594276,XKF1,,,,,,,,,,,,,,,,,,,,,,,55.90874925608226,55.90873718261719,,,0.029050871968808414,,,,,,0.0367426797747612,0.022079896955653024,,,,,,0.022092299535870552,,0.022092299535870552,-0.01886487379670143
122.594276,POS,,,,,,,,,,,,,,,,,,,,,,,55.914126124709995,55.914121692147724,,,,,37.4275002,-122.1690675,,,0.0222639994692031,,,,3.0902628898620605,,,,,,
122.694236,ATT,,,3,,,0.13,0.21,0.26,0.0,0.0,,,,0.15,,,,0.23,,,,0.25,,,,,,,,,,,,,,,,,,,,,
122.694236,RATE,-36.89403533935547,12.655714988708496,,0.3435673415660858,0.2551147937774658,,,,,,-0.6010847091674805,-0.3665851354598999,0.0006012417143210769,,-1.6262978315353394,-2.283189058303833,-0.0007409859681501985,,0.0032478682696819305,0.04403410479426384,5.035650610807352e-05,,,,,,,,,,,,,,,,,,,,,,
122.694236,XKF1,,,,,,,,,,,,,,,,,,,,,,,55.90959531919081,55.909584045410156,,,0.03834888625070233,,,,,,0.035505279898643494,0.033138591120293256,,,,,,0.03315084055066109,,0.03315084055066109,-0.019278455525636673
122.694236,POS,,,,,,,,,,,,,,,,,,,,,,,55.914126124709995,55.914121692147724,,,,,37.4275002,-122.1690675,,,0.0222639994692031,,,,3.036799192428589,,,,,,
122.794196,ATT,,,3,,,0.12,0.03,0.26,0.0,0.0,,,,0.12,,,,0.04,,,,0.24,,,,,,,,,,,,,,,,,,,,,
122.794196,RATE,119.68756103515625,29.404624938964844,,0.35855063796043396,0.6814497709274292,,,,,,-0.620703399181366,-0.8568975329399109,-0.0001274636888410896,,-1.650019645690918,-0.92521733045578,0.0015020181890577078,,0.008778420276939869,0.052859339863061905,6.153343565529212e-05,,,,,,,,,,,,,,,,,,,,,,
122.794196,XKF1,,,,,,,,,,,,,,,,,,,,,,,55.910582604057154,55.91057205200195,,,0.04454303161052973,,,,,,0.03435029834508896,0.038481079392794125,,,,,,0.03849485516548157,,0.03849485516548157,-0.0224104393273592
122.794196,POS,,,,,,,,,,,,,,,,,,,,,,,55.914126124709995,55.914121692147724,,,,,37.4275002,-122.1690675,,,0.0222639994692031,,,,2.9825937747955322,,,,,,
122.894989,ATT,,,3,,,0.09,0.02,0.26,0.0,0.0,,,,0.08,,,,0.0,,,,0.24,,,,,,,,,,,,,,,,,,,,,
122.894989,RATE,2.3763656616210938,-3.5699195861816406,,0.32643207907676697,0.05346270278096199,,,,,,-0.298616498708725,0.4885583519935608,0.0027538943104445934,,0.17569248378276825,0.2714284062385559,-0.0004236489476170391,,0.01616806536912918,0.0580754429101944,6.539133755723014e-05,,,,,,,,,,,,,,,,,,,,,,
122.894989,XKF1,,,,,,,,,,,,,,,,,,,,,,,55.912023664733695,55.91201400756836,,,0.04179301608983146,,,,,,0.03286188095808029,0.03793743459645374,,,,,,0.03794773295521736,,0.03794773295521736,-0.017510732635855675
122.894989,POS,,,,,,,,,,,,,,,,,,,,,,,55.914126124709995,55.914121692147724,,,,,37.4275002,-122.1690675,,,0.0222639994692031,,,,2.934941530227661,,,,,,
122.99494899999999,ATT,,,3,,,0.13,0.05,0.26,0.0,0.0,,,,0.12,,,,0.02,,,,0.24,,,,,,,,,,,,,,,,,,,,,
122.99494899999999,RATE,-87.97264099121094,-29.676912307739258,,0.3163537383079529,0.5609098076820374,,,,,,0.08323625475168228,0.31345388293266296,0.0011277012526988983,,0.37252113223075867,0.706751823425293,0.0012051207013428211,,0.023666204884648323,0.06131250038743019,6.274617771850899e-05,,,,,,,,,,,,,,,,,,,,,,
122.99494899999999,XKF1,,,,,,,,,,,,,,,,,,,,,,,55.912900400112456,55.91289138793945,,,0.038427473377336804,,,,,,0.03174576163291931,0.03466993793877279,,,,,,0.034679342061281204,,0.034679342061281204,-0.01655336655676365
122.99494899999999,POS,,,,,,,,,,,,,,,,,,,,,,,55.914126124709995,55.914121692147724,,,,,37.4275002,-122.1690675,,,0.0222639994692031,,,,2.893986225128174,,,,,,
123.094909,ATT,,,3,,,0.13,0.05,0.26,0.0,0.0,,,,0.14,,,,0.04,,,,0.24,,,,,,,,,,,,,,,,,,,,,
123.094909,RATE,-33.91284942626953,-22.082395553588867,,0.33238670229911804,0.4597901403903961,,,,,,-0.21211481094360352,-0.21940861642360687,0.0002638333826325834,,-0.34687039256095886,-0.4975336492061615,0.0008195539703592658,,0.031195661053061485,0.060858193784952164,5.757916369475424e-05,,,,,,,,,,,,,,,,,,,,,,
123.094909,XKF1,,,,,,,,,,,,,,,,,,,,,,,55.91414705524954,55.91413879394531,,,0.04087561478027842,,,,,,0.030394859611988068,0.037431769754757004,,,,,,0.03744069114327431,,0.03744069114327431,-0.016401540488004684
123.094909,POS,,,,,,,,,,,,,,,,,,,,,,,55.914126124709995,55.914121692147724,,,,,37.4275002,-122.1690675,,,0.0222639994692031,,,,2.8501200675964355,,,,,,
123.194869,ATT,,,3,,,0.12,0.01,0.26,0.0,0.0,,,,0.12,,,,0.0,,,,0.24,,,,,,,,,,,,,,,,,,,,,
123.194869,RATE,-55.03711700439453,-22.496139526367188,,0.3219335079193115,0.06412708014249802,,,,,,-0.08350148051977158,-0.24373206496238708,-0.0004387844819575548,,-0.4814003109931946,0.2823793888092041,0.0020814251620322466,,0.03634943440556526,0.05720914527773857,4.222949064569548e-05,,,,,,,,,,,,,,,,,,,,,,
123.194869,XKF1,,,,,,,,,,,,,,,,,,,,,,,55.91514184699366,55.91513442993164,,,0.03854310093035294,,,,,,0.02880020998418331,0.03482717377093669,,,,,,0.03483567386865616,,0.03483567386865616,-0.01649383082985878
123.194869,POS,,,,,,,,,,,,,,,,,,,,,,,55.914126124709995,55.914121692147724,,,,,37.4275002,-122.1690675,,,0.0222639994692031,,,,2.803372859954834,,,,,,
123.294829,ATT,,,3,,,0.07,0.03,0.26,0.0,0.0,,,,0.08,,,,0.02,,,,0.24,,,,,,,,,,,,,,,,,,,,,
123.294829,RATE,-12.089347839355469,-10.352970123291016,,0.33160600066185,0.3086719512939453,,,,,,-0.8276007771492004,-1.3207646608352661,-0.000736493559088558,,0.3805796205997467,0.008603923954069614,-0.002125790808349848,,0.03909359499812126,0.050084564834833145,2.69864103756845e-05,,,,,,,,,,,,,,,,,,,,,,
123.294829,XKF1,,,,,,,,,,,,,,,,,,,,,,,55.916258628316015,55.91625213623047,,,0.04101887429671965,,,,,,0.026944873854517937,0.035584736376779884,,,,,,0.03559456393122673,,0.03559456393122673,-0.020385658368468285
123.294829,POS,,,,,,,,,,,,,,,,,,,,,,,55.914126124709995,55.914121692147724,,,,,37.4275002,-122.1690675,,,0.0222639994692031,,,,2.754265785217285,,,,,,
123.394789,ATT,,,3,,,0.0,0.1,0.26,0.0,0.0,,,,0.0,,,,0.08,,,,0.25,,,,,,,,,,,,,,,,,,,,,
123.394789,RATE,-19.371795654296875,-14.676334381103516,,0.32647523283958435,0.1967497617006302,,,,,,-0.6965135335922241,-0.6039924621582031,0.00040878949221223593,,0.955220103263855,0.6189422011375427,-0.0002901703701354563,,0.04250028356909752,0.04437056556344032,1.4703356100653764e-05,,,,,,,,,,,,,,,,,,,,,,
123.394789,XKF1,,,,,,,,,,,,,,,,,,,,,,,55.916349195792975,55.916343688964844,,,0.03670615722855453,,,,,,0.02481619268655777,0.03041718183942342,,,,,,0.030426297336816788,,0.030426297336816788,-0.02053247205913067
123.394789,POS,,,,,,,,,,,,,,,,,,,,,,,55.914126124709995,55.914121692147724,,,,,37.4275002,-122.1690675,,,0.0222639994692031,,,,2.7058112621307373,,,,,,
123.494749,ATT,,,3,,,-0.02,0.14,0.26,0.0,0.0,,,,-0.02,,,,0.13,,,,0.25,,,,,,,,,,,,,,,,,,,,,
123.494749,RATE,-13.262748718261719,3.550999164581299,,0.3446703851222992,0.10157456248998642,,,,,,-0.2922055125236511,0.0,0.000979456352069974,,0.3318083882331848,0.0,-4.9849200877361e-05,,0.04550730809569359,0.03586604446172714,-1.2412074283929542e-06,,,,,,,,,,,,,,,,,,,,,,
123.494749,XKF1,,,,,,,,,,,,,,,,,,,,,,,55.916615268338504,55.91661071777344,,,0.03415407012303026,,,,,,0.02255890890955925,0.02888672497688524,,,,,,0.028894074261188507,,0.028894074261188507,-0.018210792914032936
123.494749,POS,,,,,,,,,,,,,,,,,,,,,,,55.9141228002884,55.914121692147724,,,,,37.4275001,-122.1690675,,,0.011132000130089637,,,,2.6543166637420654,,,,,,
123.594709,ATT,,,3,,,0.0,0.2,0.26,0.0,0.0,,,,-0.01,,,,0.18,,,,0.25,,,,,,,,,,,,,,,,,,,,,
123.594709,RATE,48.070335388183594,-11.402987480163574,,0.3144986927509308,0.531758189201355,,,,,,0.49129486083984375,0.747347354888916,0.00020904844859614968,,1.1292582750320435,1.0375016927719116,0.0003936682769563049,,0.04173799231648445,0.029076365754008293,-1.3246576600067783e-05,,,,,,,,,,,,,,,,,,,,,,
123.594709,XKF1,,,,,,,,,,,,,,,,,,,,,,,55.91603847623755,55.91603469848633,,,0.02620800337848663,,,,,,0.02055416628718376,0.02285841820021181,,,,,,0.022863129153847694,,0.022863129153847694,-0.012811587192118168
123.594709,POS,,,,,,,,,,,,,,,,,,,,,,,55.9141228002884,55.914121692147724,,,,,37.4275001,-122.1690675,,,0.011132000130089637,,,,2.6030449867248535,,,,,,
123.694669,ATT,,,3,,,0.02,0.28,0.26,0.0,0.0,,,,0.02,,,,0.28,,,,0.25,,,,,,,,,,,,,,,,,,,,,
123.694669,RATE,-10.144329071044922,-2.210867404937744,,0.3372626006603241,0.19462212920188904,,,,,,-0.012106070294976234,-0.5882746577262878,-0.0019365616608411074,,0.7794986963272095,0.6607689261436462,-0.0003999905311502516,,0.04770391061902046,0.01927948370575905,-2.969226989080198e-05,,,,,,,,,,,,,,,,,,,,,,
123.694669,XKF1,,,,,,,,,,,,,,,,,,,,,,,55.91543892685577,55.915435791015625,,,0.022925019810122124,,,,,,0.01872655190527439,0.01727127464891327,,,,,,0.017276322469115257,,0.017276322469115257,-0.015069346874952316
123.694669,POS,,,,,,,,,,,,,,,,,,,,,,,55.9141228002884,55.914121692147724,,,,,37.4275001,-122.1690675,,,0.011132000130089637,,,,2.552473306655884,,,,,,
123.794629,ATT,,,3,,,0.03,0.36,0.26,0.0,0.0,,,,0.02,,,,0.35,,,,0.25,,,,,,,,,,,,,,,,,,,,,
123.794629,RATE,7.723140716552734,30.70579719543457,,0.35637882351875305,0.5746260285377502,,,,,,0.6320120096206665,1.1069362163543701,0.0006889459909871221,,0.8891526460647583,0.24853642284870148,-0.0018940794980153441,,0.036338355392217636,0.012573537416756153,-3.7061847251607105e-05,,,,,,,,,,,,,,,,,,,,,,
123.794629,XKF1,,,,,,,,,,,,,,,,,,,,,,,55.91406504908014,55.9140625,,,0.017013405934594567,,,,,,0.016883686184883118,0.015968715403806583,,,,,,0.015970487147569656,,0.015970487147569656,-0.005865110550075769
123.794629,POS,,,,,,,,,,,,,,,,,,,,,,,55.9141228002884,55.914121692147724,,,,,37.4275001,-122.1690675,,,0.011132000130089637,,,,2.493913412094116,,,,,,
123.894589,ATT,,,3,,,0.08,0.29,0.26,0.0,0.0,,,,0.08,,,,0.31,,,,0.25,,,,,,,,,,,,,,,,,,,,,
123.894589,RATE,-107.18545532226562,25.250417709350586,,0.3459756672382355,0.3390475809574127,,,,,,0.02283679135143757,-0.261989951133728,0.0002433019399177283,,-0.936954140663147,-0.9148588180541992,0.0003189999843016267,,0.03949044644832611,0.0060216705314815044,-4.331180389272049e-05,,,,,,,,,,,,,,,,,,,,,,
123.894589,XKF1,,,,,,,,,,,,,,,,,,,,,,,55.91359165032524,55.91358947753906,,,0.021151617786015927,,,,,,0.015587705187499523,0.01929491457135247,,,,,,0.01929732970893383,,0.01929732970893383,-0.008660485036671162
123.894589,POS,,,,,,,,,,,,,,,,,,,,,,,55.9141228002884,55.914121692147724,,,,,37.4275001,-122.1690675,,,0.011132000130089637,,,,2.4381017684936523,,,,,,
123.99454899999999,ATT,,,3,,,0.13,0.26,0.26,0.0,0.0,,,,0.12,,,,0.23,,,,0.26,,,,,,,,,,,,,,,,,,,,,
123.99454899999999,RATE,175.2713165283203,45.528751373291016,,0.3743561804294586,0.2897874712944031,,,,,,1.1459732055664062,1.2889026403427124,-0.0015243560774251819,,0.7848497629165649,2.9705138206481934,0.00441772723570466,,0.035663165152072906,-0.0007354275439865887,-5.3702518926002085e-05,,,,,,,,,,,,,,,,,,,,,,
123.99454899999999,XKF1,,,,,,,,,,,,,,,,,,,,,,,55.91316035569929,55.91315841674805,,,0.011580244190762054,,,,,,0.014725005254149437,0.01149129636018442,,,,,,0.011490918695926666,,0.011490918695926666,0.0014355636667460203
123.99454899999999,POS,,,,,,,,,,,,,,,,,,,,,,,55.9141228002884,55.914121692147724,,,,,37.4275001,-122.1690675,,,0.011132000130089637,,,,2.380711317062378,,,,,,
124.094509,ATT,,,3,,,0.17,0.38,0.26,0.0,0.0,,,,0.17,,,,0.37,,,,0.26,,,,,,,,,,,,,,,,,,,,,
124.094509,RATE,25.823211669921875,17.947769165039062,,0.34142568707466125,0.03856108710169792,,,,,,0.08122479915618896,-0.21046516299247742,-0.000931049813516438,,0.07965739071369171,-0.4054868817329407,-0.00012349209282547235,,0.03149725869297981,-0.006732341833412647,-5.9484795201569796e-05,,,,,,,,,,,,,,,,,,,,,,
124.094509,XKF1,,,,,,,,,,,,,,,,,,,,,,,55.912629993820566,55.912628173828125,,,0.016171221351048003,,,,,,0.014266083016991615,0.016012625317773442,,,,,,0.016012048348784447,,0.016012048348784447,0.0022633399348706007
124.094509,POS,,,,,,,,,,,,,,,,,,,,,,,55.9141228002884,55.914121692147724,,,,,37.4275001,-122.1690675,,,0.011132000130089637,,,,2.3289642333984375,,,,,,
124.194469,ATT,,,3,,,0.14,0.29,0.26,0.0,0.0,,,,0.15,,,,0.31,,,,0.26,,,,,,,,,,,,,,,,,,,,,
124.194469,RATE,-2.1749496459960938,-3.9627461433410645,,0.3317164480686188,0.18337614834308624,,,,,,-0.11867760866880417,-0.6257901787757874,-0.0023879441432654858,,-0.9119535088539124,-1.1033848524093628,0.00024638831382617354,,0.02166620083153248,-0.007040062453597784,-4.944670217810199e-05,,,,,,,,,,,,,,,,,,,,,,
124.194469,XKF1,,,,,,,,,,,,,,,,,,,,,,,55.9126641757026,55.912662506103516,,,0.021751186271774445,,,,,,0.013663947582244873,0.02170794680815189,,,,,,0.02170761115849018,,0.02170761115849018,0.0013761257287114859
124.194469,POS,,,,,,,,,,,,,,,,,,,,,,,55.9141228002884,55.914121692147724,,,,,37.4275001,-122.1690675,,,0.011132000130089637,,,,2.2831623554229736,,,,,,
124.294429,ATT,,,3,,,0.06,0.17,0.26,0.0,0.0,,,,0.08,,,,0.19,,,,0.26,,,,,,,,,,,,,,,,,,,,,
124.294429,RATE,18.401050567626953,-15.123635292053223,,0.32808196544647217,0.1563379466533661,,,,,,-1.030471682548523,-1.2807903289794922,-0.0011012469185516238,,-1.708762764930725,-1.5242204666137695,0.0011440395610406995,,0.019539784640073776,-0.006687599699944258,-4.418849857756868e-05,,,,,,,,,,,,,,,,,,,,,,
124.294429,XKF1,,,,,,,,,,,,,,,,,,,,,,,55.91365196606021,55.91365051269531,,,0.0283304837715964,,,,,,0.012748563662171364,0.027995388185021976,,,,,,0.027996378019452095,,0.027996378019452095,-0.004338101949542761
124.294429,POS,,,,,,,,,,,,,,,,,,,,,,,55.9141228002884,55.914121692147724,,,,,37.4275001,-122.1690675,,,0.011132000130089637,,,,2.2382266521453857,,,,,,
124.394389,ATT,,,3,,,-0.04,0.09,0.26,0.0,0.0,,,,-0.03,,,,0.09,,,,0.26,,,,,,,,,,,,,,,,,,,,,
124.394389,RATE,-111.41548156738281,6.537010192871094,,0.3551819622516632,0.30979058146476746,,,,,,-1.0604228973388672,-0.8447296023368835,0.00016883846546988934,,-0.5093858242034912,-0.7799330353736877,-0.001435611629858613,,0.0151982381939888,-0.00487199891358614,-4.270015415386297e-05,,,,,,,,,,,,,,,,,,,,,,
124.394389,XKF1,,,,,,,,,,,,,,,,,,,,,,,55.91476931980388,55.91476821899414,,,0.03292270694881984,,,,,,0.011095181107521057,0.0318491943292526,,,,,,0.031850848346948624,,0.031850848346948624,-0.00833235215395689
124.394389,POS,,,,,,,,,,,,,,,,,,,,,,,55.914121692147724,55.914121692147724,,,,,37.4275,-122.1690675,,,0.0,,,,2.189697265625,,,,,,
124.494349,ATT,,,3,,,0.0,0.11,0.26,0.0,0.0,,,,-0.01,,,,0.08,,,,0.26,,,,,,,,,,,,,,,,,,,,,
124.494349,RATE,30.666828155517578,-0.17403729259967804,,0.33424127101898193,0.4254654049873352,,,,,,0.7159624695777893,0.7357131838798523,-8.551168139092624e-05,,0.5601285696029663,0.5852394104003906,-0.0008792212465777993,,0.003957140725106001,0.0011333813890814781,-2.338503509236034e-05,,,,,,,,,,,,,,,,,,,,,,
124.494349,XKF1,,,,,,,,,,,,,,,,,,,,,,,55.91646666132209,55.916465759277344,,,0.02757270783042621,,,,,,0.010043819434940815,0.027556411614889118,,,,,,0.027556581422686577,,0.027556581422686577,-0.0009428877965547144
124.494349,POS,,,,,,,,,,,,,,,,,,,,,,,55.914121692147724,55.914121692147724,,,,,37.4275,-122.1690675,,,0.0,,,,2.1392173767089844,,,,,,
124.594309,ATT,,,3,,,0.02,0.09,0.26,0.0,0.0,,,,0.02,,,,0.08,,,,0.25,,,,,,,,,,,,,,,,,,,,,
124.594309,RATE,53.00798416137695,-4.899245262145996,,0.3367301821708679,0.3969920575618744,,,,,,-0.09914910048246384,-0.351910263299942,-1.0122254025191069e-05,,-0.14307713508605957,0.1451224684715271,0.000504296796862036,,0.009410619735717773,0.01106775552034378,-4.6133636715239845e-06,,,,,,,,,,,,,,,,,,,,,,
124.594309,XKF1,,,,,,,,,,,,,,,,,,,,,,,55.91697766434513,55.91697692871094,,,0.028001161043358022,,,,,,0.009070219472050667,0.027887479754204053,,,,,,0.027887888252735138,,0.027887888252735138,-0.00251608993858099
124.594309,POS,,,,,,,,,,,,,,,,,,,,,,,55.914121692147724,55.914121692147724,,,,,37.4275,-122.1690675,,,0.0,,,,2.093475818634033,,,,,,
124.69426899999999,ATT,,,3,,,-0.03,0.16,0.26,0.0,0.0,,,,-0.02,,,,0.14,,,,0.25,,,,,,,,,,,,,,,,,,,,,
124.69426899999999,RATE,81.82020568847656,-11.590356826782227,,0.3363041579723358,0.09945332258939743,,,,,,-0.3002941608428955,-0.556201696395874,-0.0015317501965910196,,0.7573043704032898,0.402468204498291,-0.0008668967057019472,,0.00884824339300394,0.018652968108654022,5.289797172736144e-06,,,,,,,,,,,,,,,,,,,,,,
124.69426899999999,XKF1,,,,,,,,,,,,,,,,,,,,,,,55.91790065682632,55.91790008544922,,,0.02554161092062367,,,,,,0.007993773557245731,0.025079492354699643,,,,,,0.025080183520913124,,0.025080183520913124,-0.0048330407589674
124.69426899999999,POS,,,,,,,,,,,,,,,,,,,,,,,55.914121692147724,55.914121692147724,,,,,37.4275,-122.1690675,,,0.0,,,,2.0478906631469727,,,,,,
124.794229,ATT,,,3,,,-0.1,0.16,0.26,0.0,0.0,,,,-0.09,,,,0.15,,,,0.25,,,,,,,,,,,,,,,,,,,,,
124.794229,RATE,7.887554168701172,-20.680082321166992,,0.3322424292564392,0.24936702847480774,,,,,,-0.8419957756996155,-0.5604939460754395,0.0012207201216369867,,0.19266027212142944,0.20412662625312805,0.0004272136720828712,,0.004263332113623619,0.028791701421141624,2.2311132852337323e-05,,,,,,,,,,,,,,,,,,,,,,
124.794229,XKF1,,,,,,,,,,,,,,,,,,,,,,,55.91778984241196,55.917789459228516,,,0.027301868485542214,,,,,,0.006546261720359325,0.026732121351233765,,,,,,0.02673277072608471,,0.02673277072608471,-0.005545357707887888
124.794229,POS,,,,,,,,,,,,,,,,,,,,,,,55.914121692147724,55.914121692147724,,,,,37.4275,-122.1690675,,,0.0,,,,2.0034594535827637,,,,,,
124.894189,ATT,,,3,,,-0.1,0.16,0.26,0.0,0.0,,,,-0.11,,,,0.15,,,,0.25,,,,,,,,,,,,,,,,,,,,,
124.894189,RATE,-1.5458106994628906,12.403016090393066,,0.3675689101219177,0.17084334790706635,,,,,,0.018460366874933243,0.4231153726577759,0.0004690992645919323,,-0.059833865612745285,-0.5255393385887146,-0.0013985816622152925,,0.005875223316252232,0.03729719668626785,3.770098555833101e-05,,,,,,,,,,,,,,,,,,,,,,
124.894189,XKF1,,,,,,,,,,,,,,,,,,,,,,,55.91852213809101,55.918521881103516,,,0.026098137426283998,,,,,,0.005361037328839302,0.025968585879888574,,,,,,0.02596883475780487,,0.02596883475780487,-0.0025946865789592266
124.894189,POS,,,,,,,,,,,,,,,,,,,,,,,55.914121692147724,55.914121692147724,,,,,37.4275,-122.1690675,,,0.0,,,,1.9530439376831055,,,,,,
124.994982,ATT,,,3,,,-0.12,0.18,0.26,0.0,0.0,,,,-0.11,,,,0.17,,,,0.24,,,,,,,,,,,,,,,,,,,,,
124.994982,RATE,-15.551948547363281,6.857307434082031,,0.3394556939601898,0.16815043985843658,,,,,,-0.617780864238739,-1.413246989250183,-0.0032293563708662987,,0.4777764678001404,-0.14253240823745728,-0.0011239479063078761,,0.006800153758376837,0.04578651860356331,5.04706877109129e-05,,,,,,,,,,,,,,,,,,,,,,
124.994982,XKF1,,,,,,,,,,,,,,,,,,,,,,,55.91829697366185,55.918296813964844,,,0.026383349020680336,,,,,,0.0042261057533323765,0.024688451618762094,,,,,,0.02468915469944477,,0.02468915469944477,-0.00930197536945343
124.994982,POS,,,,,,,,,,,,,,,,,,,,,,,55.914121692147724,55.914121692147724,,,,,37.4275,-122.1690675,,,0.0,,,,1.8988572359085083,,,,,,
125.094942,ATT,,,3,,,-0.19,0.13,0.25,0.0,0.0,,,,-0.19,,,,0.13,,,,0.24,,,,,,,,,,,,,,,,,,,,,
125.094942,RATE,4.548931121826172,-15.509270668029785,,0.32070809602737427,0.07530772686004639,,,,,,-0.46173039078712463,-0.26436886191368103,0.0013064640806987882,,-0.5380271077156067,0.734072208404541,0.0034976813476532698,,0.011958020739257336,0.052327174693346024,5.902579869143665e-05,,,,,,,,,,,,,,,,,,,,,,
125.094942,XKF1,,,,,,,,,,,,,,,,,,,,,,,55.918861465269686,55.918861389160156,,,0.020270144772538058,,,,,,0.002917518839240074,0.018116566040607376,,,,,,0.018117040395736694,,0.018117040395736694,-0.009091293439269066
125.094942,POS,,,,,,,,,,,,,,,,,,,,,,,55.914121692147724,55.914121692147724,,,,,37.4275,-122.1690675,,,0.0,,,,1.8495713472366333,,,,,,
125.194902,ATT,,,3,,,-0.16,0.25,0.26,0.0,0.0,,,,-0.17,,,,0.23,,,,0.24,,,,,,,,,,,,,,,,,,,,,
125.194902,RATE,101.34391784667969,-25.756589889526367,,0.3167929947376251,0.34124675393104553,,,,,,0.5445816516876221,0.26620885729789734,-0.0011491002514958382,,0.8048447370529175,0.04490545392036438,-0.0010293576633557677,,0.020573217421770096,0.05484694987535477,5.546836109715514e-05,,,,,,,,,,,,,,,,,,,,,,
125.194902,XKF1,,,,,,,,,,,,,,,,,,,,,,,55.91873554163891,55.91873550415039,,,0.02232432447588291,,,,,,0.002047589048743248,0.02178928535621575,,,,,,0.021789463236927986,,0.021789463236927986,-0.004857443273067474
125.194902,POS,,,,,,,,,,,,,,,,,,,,,,,55.914121692147724,55.914121692147724,,,,,37.4275,-122.1690675,,,0.0,,,,1.8025530576705933,,,,,,
125.294862,ATT,,,3,,,-0.12,0.17,0.26,0.0,0.0,,,,-0.14,,,,0.18,,,,0.24,,,,,,,,,,,,,,,,,,,,,
125.294862,RATE,-72.96218872070312,-24.310701370239258,,0.32359451055526733,0.07498551160097122,,,,,,0.5598205924034119,0.5217344760894775,-0.00043578288750723004,,-0.7288229465484619,-0.3323217034339905,0.0013484921073541045,,0.021208710968494415,0.055150456726551056,5.596510891336948e-05,,,,,,,,,,,,,,,,,,,,,,
125.294862,XKF1,,,,,,,,,,,,,,,,,,,,,,,55.91954805648316,55.91954803466797,,,0.02203612313381611,,,,,,0.001561983022838831,0.022013123911752114,,,,,,0.02201315201818943,,0.02201315201818943,-0.001005913014523685
125.294862,POS,,,,,,,,,,,,,,,,,,,,,,,55.914121692147724,55.914121692147724,,,,,37.4275,-122.1690675,,,0.0,,,,1.7562068700790405,,,,,,
125.394822,ATT,,,3,,,-0.07,0.22,0.26,0.0,0.0,,,,-0.08,,,,0.2,,,,0.24,,,,,,,,,,,,,,,,,,,,,
125.394822,RATE,-50.83789825439453,-17.332725524902344,,0.3250134587287903,0.1598316878080368,,,,,,0.753362774848938,0.572883665561676,-0.000921342521905899,,1.2941200733184814,1.105303406715393,-0.0016125051770359278,,0.02252938598394394,0.05468268319964409,5.227914152783342e-05,,,,,,,,,,,,,,,,,,,,,,
125.394822,XKF1,,,,,,,,,,,,,,,,,,,,,,,55.91986849154682,55.91986846923828,,,0.01669475101218924,,,,,,0.00157955102622509,0.016535071536419275,,,,,,0.01653500646352768,,0.01653500646352768,0.002303968882188201
125.394822,POS,,,,,,,,,,,,,,,,,,,,,,,55.914121692147724,55.914121692147724,,,,,37.4275,-122.1690675,,,0.0,,,,1.7075080871582031,,,,,,
125.494782,ATT,,,3,,,-0.05,0.26,0.26,0.0,0.0,,,,-0.05,,,,0.26,,,,0.24,,,,,,,,,,,,,,,,,,,,,
125.494782,RATE,10.215091705322266,-25.910503387451172,,0.31864553689956665,0.34099486470222473,,,,,,0.12585636973381042,0.3492777943611145,0.0008322261273860931,,-0.08290485292673111,-0.8443140983581543,-0.0012879163259640336,,0.027722230181097984,0.05113774910569191,4.219870606902987e-05,,,,,,,,,,,,,,,,,,,,,,
125.494782,XKF1,,,,,,,,,,,,,,,,,,,,,,,55.9202003780182,55.92020034790039,,,0.019269451729509415,,,,,,0.001835316768847406,0.01852906163610363,,,,,,0.018528888002038002,,0.018528888002038002,0.00529075413942337
125.494782,POS,,,,,,,,,,,,,,,,,,,,,,,55.914121692147724,55.914121692147724,,,,,37.4275,-122.1690675,,,0.0,,,,1.6609517335891724,,,,,,
125.594742,ATT,,,3,,,0.01,0.15,0.26,0.0,0.0,,,,0.0,,,,0.16,,,,0.24,,,,,,,,,,,,,,,,,,,,,
125.594742,RATE,40.15092849731445,-30.98285675048828,,0.30822378396987915,0.31607896089553833,,,,,,1.0107532739639282,0.7497912645339966,-0.001101585221476853,,-1.4614386558532715,-1.3919953107833862,0.0003004827012773603,,0.031472764909267426,0.04855039715766907,3.749671668629162e-05,,,,,,,,,,,,,,,,,,,,,,
125.594742,XKF1,,,,,,,,,,,,,,,,,,,,,,,55.92094427368643,55.92094421386719,,,0.026034889596856226,,,,,,0.0025865607894957066,0.02428698894773485,,,,,,0.024286555126309395,,0.024286555126309395,0.009379697032272816
125.594742,POS,,,,,,,,,,,,,,,,,,,,,,,55.914121692147724,55.914121692147724,,,,,37.4275,-122.1690675,,,0.0,,,,1.614871859550476,,,,,,
125.69470199999999,ATT,,,3,,,0.04,0.09,0.26,0.0,0.0,,,,0.04,,,,0.08,,,,0.25,,,,,,,,,,,,,,,,,,,,,
125.69470199999999,RATE,-34.7381591796875,-24.355390548706055,,0.3154640197753906,0.08333282172679901,,,,,,-0.18518611788749695,-0.20492415130138397,0.0010469038970768452,,-0.049524325877428055,0.3864302933216095,-0.0001602635602466762,,0.03130917251110077,0.04342184588313103,2.4547500288463198e-05,,,,,,,,,,,,,,,,,,,,,,
125.69470199999999,XKF1,,,,,,,,,,,,,,,,,,,,,,,55.92213451308693,55.92213439941406,,,0.02372103415783479,,,,,,0.0035656217951327562,0.02197880943764189,,,,,,0.021978240460157394,,0.021978240460157394,0.008924371562898159
125.69470199999999,POS,,,,,,,,,,,,,,,,,,,,,,,55.914121692147724,55.914121692147724,,,,,37.4275,-122.1690675,,,0.0,,,,1.5677592754364014,,,,,,
125.79466199999999,ATT,,,3,,,0.04,0.12,0.26,0.0,0.0,,,,0.04,,,,0.11,,,,0.25,,,,,,,,,,,,,,,,,,,,,
125.79466199999999,RATE,-23.064231872558594,-26.829151153564453,,0.3091563284397125,0.0528760701417923,,,,,,0.05694704130291939,-0.13188035786151886,-5.692018021363765e-05,,0.2730007469654083,-0.0007091074367053807,-0.0006831248756498098,,0.03685632720589638,0.038768235594034195,1.562091347295791e-05,,,,,,,,,,,,,,,,,,,,,,
125.79466199999999,XKF1,,,,,,,,,,,,,,,,,,,,,,,55.922695352479934,55.92269515991211,,,0.023199457493340032,,,,,,0.004640886094421148,0.02152618480614323,,,,,,0.021525466814637184,,0.021525466814637184,0.008652693592011929
125.79466199999999,POS,,,,,,,,,,,,,,,,,,,,,,,55.92296186896541,55.92296186896541,,,,,37.4275,-122.1690674,,,0.0,,,,1.520037055015564,,,,,,
125.894622,ATT,,,3,,,0.07,0.05,0.26,0.0,0.0,,,,0.07,,,,0.06,,,,0.25,,,,,,,,,,,,,,,,,,,,,
125.894622,RATE,30.56621551513672,-18.28495216369629,,0.31503525376319885,0.33270859718322754,,,,,,0.4634491503238678,0.11018794029951096,-0.0007270246278494596,,-0.5756714940071106,-0.33107274770736694,0.0004407279484439641,,0.033767182379961014,0.03283737972378731,4.38069992014789e-06,,,,,,,,,,,,,,,,,,,,,,
125.894622,XKF1,,,,,,,,,,,,,,,,,,,,,,,55.92387421513894,55.92387390136719,,,0.027292681404108444,,,,,,0.005924074910581112,0.02478390396151735,,,,,,0.02478269301354885,,0.02478269301354885,0.011432785540819168
125.894622,POS,,,,,,,,,,,,,,,,,,,,,,,55.92296186896541,55.92296186896541,,,,,37.4275,-122.1690674,,,0.0,,,,1.4705837965011597,,,,,,
125.99458200000001,ATT,,,3,,,0.09,0.13,0.26,0.0,0.0,,,,0.09,,,,0.1,,,,0.25,,,,,,,,,,,,,,,,,,,,,
125.99458200000001,RATE,-0.9526252746582031,6.2507524490356445,,0.3413156569004059,0.26172032952308655,,,,,,0.17636705935001373,0.20433351397514343,-6.779124669265002e-05,,1.04327392578125,0.5922031402587891,-0.0013523949310183525,,0.0319632962346077,0.02970968931913376,3.944927357224515e-06,,,,,,,,,,,,,,,,,,,,,,
125.99458200000001,XKF1,,,,,,,,,,,,,,,,,,,,,,,55.92437412488169,55.924373626708984,,,0.024105984049212194,,,,,,0.0074645825661718845,0.02090278738772915,,,,,,0.020901184529066086,,0.020901184529066086,0.01200995221734047
125.99458200000001,POS,,,,,,,,,,,,,,,,,,,,,,,55.92296186896541,55.92296186896541,,,,,37.4275,-122.1690674,,,0.0,,,,1.4178276062011719,,,,,,
126.09454199999999,ATT,,,3,,,0.02,0.14,0.26,0.0,0.0,,,,0.03,,,,0.13,,,,0.25,,,,,,,,,,,,,,,,,,,,,
126.09454199999999,RATE,14.581489562988281,44.431373596191406,,0.37305521965026855,0.6221529841423035,,,,,,-1.241194486618042,-1.308440923690796,0.00011347263352945447,,0.68163001537323,0.22737857699394226,-0.0016822011675685644,,0.03341119736433029,0.022841744124889374,-9.11811730475165e-06,,,,,,,,,,,,,,,,,,,,,,
126.09454199999999,XKF1,,,,,,,,,,,,,,,,,,,,,,,55.925179166086636,55.92517852783203,,,0.019514934260681,,,,,,0.008449201472103596,0.01912070935326032,,,,,,0.019120119512081146,,0.019120119512081146,0.0039055971428751945
126.09454199999999,POS,,,,,,,,,,,,,,,,,,,,,,,55.92296186896541,55.92296186896541,,,,,37.4275,-122.1690674,,,0.0,,,,1.3585516214370728,,,,,,
126.194502,ATT,,,3,,,-0.02,0.1,0.26,0.0,0.0,,,,-0.02,,,,0.1,,,,0.25,,,,,,,,,,,,,,,,,,,,,
126.194502,RATE,4.331111907958984,20.069997787475586,,0.32115599513053894,0.5489840507507324,,,,,,0.18979622423648834,0.6716033220291138,0.0007631395128555596,,-0.7532116174697876,-1.1911464929580688,-0.0006750430911779404,,0.029570043087005615,0.018799811601638794,-1.2976103789696936e-05,,,,,,,,,,,,,,,,,,,,,,
126.194502,XKF1,,,,,,,,,,,,,,,,,,,,,,,55.926056648250594,55.926055908203125,,,0.024406735723042333,,,,,,0.00909812469035387,0.023704991959710018,,,,,,0.0237040463835001,,0.0237040463835001,0.005814373027533293
126.194502,POS,,,,,,,,,,,,,,,,,,,,,,,55.92296186896541,55.92296186896541,,,,,37.4275,-122.1690674,,,0.0,,,,1.301003098487854,,,,,,
126.29446200000001,ATT,,,3,,,0.0,0.0,0.26,0.0,0.0,,,,0.0,,,,0.01,,,,0.25,,,,,,,,,,,,,,,,,,,,,
126.29446200000001,RATE,22.70660400390625,0.18493148684501648,,0.31084638833999634,0.6788813471794128,,,,,,-0.28762170672416687,-0.5412309169769287,0.0001149984891526401,,-1.1126235723495483,-0.7121407389640808,0.0009997605811804533,,0.026628606021404266,0.01582823134958744,-1.355257882096339e-05,,,,,,,,,,,,,,,,,,,,,,
126.29446200000001,XKF1,,,,,,,,,,,,,,,,,,,,,,,55.927586460073286,55.92758560180664,,,0.025780319299426868,,,,,,0.009798038750886917,0.02564202627065305,,,,,,0.025641558691859245,,0.025641558691859245,0.0026712040416896343
126.29446200000001,POS,,,,,,,,,,,,,,,,,,,,,,,55.92296186896541,55.92296186896541,,,,,37.4275,-122.1690674,,,0.0,,,,1.2482861280441284,,,,,,
126.39442199999999,ATT,,,3,,,-0.04,-0.03,0.26,0.0,0.0,,,,-0.04,,,,-0.03,,,,0.25,,,,,,,,,,,,,,,,,,,,,
126.39442199999999,RATE,-8.016109466552734,16.481689453125,,0.3436283767223358,0.0696505457162857,,,,,,-0.8561778664588928,-0.13735249638557434,0.0033039357513189316,,-0.3991544842720032,-0.7792816758155823,-0.0011422266252338886,,0.02798261120915413,0.01297535840421915,-1.8649563571671024e-05,,,,,,,,,,,,,,,,,,,,,,
126.39442199999999,XKF1,,,,,,,,,,,,,,,,,,,,,,,55.928997964933096,55.92899703979492,,,0.029141791997856662,,,,,,0.010172713547945023,0.029024670145301475,,,,,,0.029024194926023483,,0.029024194926023483,0.0026153679937124252
126.39442199999999,POS,,,,,,,,,,,,,,,,,,,,,,,55.92296186896541,55.92296186896541,,,,,37.4275,-122.1690674,,,0.0,,,,1.194425106048584,,,,,,
126.494382,ATT,,,3,,,-0.03,-0.12,0.26,0.0,0.0,,,,-0.04,,,,-0.12,,,,0.25,,,,,,,,,,,,,,,,,,,,,
126.494382,RATE,1.6963005065917969,22.658946990966797,,0.34533727169036865,0.04457585886120796,,,,,,-0.16833142936229706,0.06708057969808578,0.0013288849731907248,,-0.526597261428833,-0.1135479211807251,-0.0003103534982074052,,0.02694564312696457,0.008138265460729599,-2.608911381685175e-05,,,,,,,,,,,,,,,,,,,,,,
126.494382,XKF1,,,,,,,,,,,,,,,,,,,,,,,55.93129066213113,55.93128967285156,,,0.029022989876050138,,,,,,0.010519665665924549,0.028968096588915648,,,,,,0.028967760503292084,,0.028967760503292084,0.0017896348144859076
126.494382,POS,,,,,,,,,,,,,,,,,,,,,,,55.931802047039355,55.931802047039355,,,,,37.4275,-122.1690673,,,0.0,,,,1.1393977403640747,,,,,,
126.59434200000001,ATT,,,3,,,0.0,-0.16,0.26,0.0,0.0,,,,-0.02,,,,-0.16,,,,0.25,,,,,,,,,,,,,,,,,,,,,
126.59434200000001,RATE,-3.0488967895507812,21.668405532836914,,0.3458283245563507,0.16375356912612915,,,,,,0.4469092786312103,0.9754583835601807,0.0013475283049046993,,-0.6105524301528931,-0.3990062177181244,-0.0008832206949591637,,0.027728967368602753,0.006382417865097523,-2.9316870495676994e-05,,,,,,,,,,,,,,,,,,,,,,
126.59434200000001,XKF1,,,,,,,,,,,,,,,,,,,,,,,55.93282053236878,55.93281936645508,,,0.02982189422955817,,,,,,0.01142040640115738,0.029592238832173608,,,,,,0.029591483995318413,,0.029591483995318413,0.0036999257281422615
126.59434200000001,POS,,,,,,,,,,,,,,,,,,,,,,,55.931802047039355,55.931802047039355,,,,,37.4275,-122.1690673,,,0.0,,,,1.086513876914978,,,,,,
126.694302,ATT,,,3,,,0.04,-0.13,0.26,0.0,0.0,,,,0.03,,,,-0.14,,,,0.25,,,,,,,,,,,,,,,,,,,,,
126.694302,RATE,-76.19800567626953,5.540241718292236,,0.3279535174369812,0.2189536690711975,,,,,,0.6051110029220581,0.4902750253677368,-0.00037490949034690857,,0.26722681522369385,0.055959466844797134,-8.794627501629293e-05,,0.027364006265997887,0.003478270024061203,-3.398168337298557e-05,,,,,,,,,,,,,,,,,,,,,,
126.694302,XKF1,,,,,,,,,,,,,,,,,,,,,,,55.934594558028486,55.934593200683594,,,0.027987767283233017,,,,,,0.012322543188929558,0.027543380670852022,,,,,,0.02754228562116623,,0.02754228562116623,0.004973692819476128
126.694302,POS,,,,,,,,,,,,,,,,,,,,,,,55.931802047039355,55.931802047039355,,,,,37.4275,-122.1690673,,,0.0,,,,1.0360170602798462,,,,,,
126.794262,ATT,,,3,,,0.11,-0.1,0.26,0.0,0.0,,,,0.1,,,,-0.11,,,,0.25,,,,,,,,,,,,,,,,,,,,,
126.794262,RATE,12.496757507324219,11.898455619812012,,0.3401118218898773,0.016406413167715073,,,,,,0.783255934715271,0.14022094011306763,-0.0016522470396012068,,0.3400644063949585,0.18032442033290863,-0.00015481612354051322,,0.026513146236538887,0.0023363945074379444,-3.569789259927347e-05,,,,,,,,,,,,,,,,,,,,,,
126.794262,XKF1,,,,,,,,,,,,,,,,,,,,,,,55.935552391511266,55.935550689697266,,,0.025015551675091972,,,,,,0.013797963969409466,0.024293513229346152,,,,,,0.02429204061627388,,0.02429204061627388,0.005972820799797773
126.794262,POS,,,,,,,,,,,,,,,,,,,,,,,55.931802047039355,55.931802047039355,,,,,37.4275,-122.1690673,,,0.0,,,,0.9853371977806091,,,,,,
126.89422199999998,ATT,,,3,,,0.08,-0.09,0.26,0.0,0.0,,,,0.09,,,,-0.1,,,,0.26,,,,,,,,,,,,,,,,,,,,,
126.89422199999998,RATE,33.306121826171875,1.0279228687286377,,0.3292613625526428,0.20860326290130615,,,,,,-0.3829571306705475,-1.12703275680542,-0.0023032277822494507,,0.42796072363853455,0.5432886481285095,-7.997528882697225e-05,,0.026896018534898758,0.0004327766946516931,-3.78055774490349e-05,,,,,,,,,,,,,,,,,,,,,,
126.89422199999998,XKF1,,,,,,,,,,,,,,,,,,,,,,,55.93682675389272,55.936824798583984,,,0.019727293649193307,,,,,,0.014790115877985954,0.01970573980551657,,,,,,0.019705982878804207,,0.019705982878804207,-0.0009167079697363079
126.89422199999998,POS,,,,,,,,,,,,,,,,,,,,,,,55.931802047039355,55.931802047039355,,,,,37.4275,-122.1690673,,,0.0,,,,0.9360494613647461,,,,,,
126.994182,ATT,,,3,,,0.01,0.0,0.26,0.0,0.0,,,,0.01,,,,-0.01,,,,0.25,,,,,,,,,,,,,,,,,,,,,
126.994182,RATE,-149.74737548828125,-17.785869598388672,,0.31530430912971497,0.2867123484611511,,,,,,-0.15471036732196808,0.041634805500507355,0.00030827359296381474,,0.8485181927680969,-0.1251378208398819,-0.0020550470799207687,,0.01875670626759529,0.00192801165394485,-3.254345938330516e-05,,,,,,,,,,,,,,,,,,,,,,
126.994182,XKF1,,,,,,,,,,,,,,,,,,,,,,,55.936765885612566,55.936763763427734,,,0.017954026051366784,,,,,,0.015408319421112537,0.01795276411924819,,,,,,0.017952704802155495,,0.017952704802155495,0.0002178112481487915
126.994182,POS,,,,,,,,,,,,,,,,,,,,,,,55.931802047039355,55.931802047039355,,,,,37.4275,-122.1690673,,,0.0,,,,0.8915243148803711,,,,,,
127.094975,ATT,,,3,,,0.03,0.0,0.26,0.0,0.0,,,,0.01,,,,-0.01,,,,0.25,,,,,,,,,,,,,,,,,,,,,
127.094975,RATE,-36.70454025268555,3.6720798015594482,,0.3416203558444977,0.054356928914785385,,,,,,0.0384029857814312,-0.03177599236369133,0.00047256494872272015,,0.32010555267333984,0.12799695134162903,-0.0006435913383029401,,0.016186093911528587,0.0035953226033598185,-2.7213636712986045e-05,,,,,,,,,,,,,,,,,,,,,,
127.094975,XKF1,,,,,,,,,,,,,,,,,,,,,,,55.937059786391906,55.93705749511719,,,0.014394112968147674,,,,,,0.01601044461131096,0.01438416183751903,,,,,,0.01438431441783905,,0.01438431441783905,-0.0005310243577696383
127.094975,POS,,,,,,,,,,,,,,,,,,,,,,,55.931802047039355,55.931802047039355,,,,,37.4275,-122.1690673,,,0.0,,,,0.8420388698577881,,,,,,
127.19493499999999,ATT,,,3,,,0.04,0.02,0.26,0.0,0.0,,,,0.03,,,,0.01,,,,0.25,,,,,,,,,,,,,,,,,,,,,
127.19493499999999,RATE,-67.59223937988281,-12.376097679138184,,0.31976500153541565,0.27421870827674866,,,,,,0.43914803862571716,0.32644686102867126,-0.0006163215730339289,,0.3349364101886749,0.4731788635253906,0.0006775436922907829,,0.012893149629235268,0.00826895423233509,-1.4967975403124001e-05,,,,,,,,,,,,,,,,,,,,,,
127.19493499999999,XKF1,,,,,,,,,,,,,,,,,,,,,,,55.936671006878754,55.936668395996094,,,0.010196185118182169,,,,,,0.017090586945414543,0.010147358731583346,,,,,,0.010147053748369217,,0.010147053748369217,0.0009997455636039376
127.19493499999999,POS,,,,,,,,,,,,,,,,,,,,,,,55.931802047039355,55.931802047039355,,,,,37.4275,-122.1690673,,,0.0,,,,0.793639063835144,,,,,,
127.294895,ATT,,,3,,,0.1,0.03,0.26,0.0,0.0,,,,0.09,,,,0.03,,,,0.25,,,,,,,,,,,,,,,,,,,,,
127.294895,RATE,-4.782199859619141,-7.090607166290283,,0.3292970657348633,0.02690170332789421,,,,,,0.6692768335342407,-0.011669090017676353,-0.0014302990166470408,,-0.23544906079769135,-0.18614430725574493,0.00037838169373571873,,0.015414529480040073,0.011142008006572723,-9.931975910149049e-06,,,,,,,,,,,,,,,,,,,,,,
127.294895,XKF1,,,,,,,,,,,,,,,,,,,,,,,55.936579825212156,55.93657684326172,,,0.010572879639080966,,,,,,0.01826472580432892,0.010522103366105994,,,,,,0.010521764867007732,,0.010521764867007732,0.0010383871849626303
127.294895,POS,,,,,,,,,,,,,,,,,,,,,,,55.931802047039355,55.931802047039355,,,,,37.4275,-122.1690673,,,0.0,,,,0.7446371912956238,,,,,,
127.394855,ATT,,,3,,,0.07,0.06,0.26,0.0,0.0,,,,0.08,,,,0.05,,,,0.25,,,,,,,,,,,,,,,,,,,,,
127.394855,RATE,-11.189079284667969,-8.086795806884766,,0.32426542043685913,0.20062552392482758,,,,,,0.007125108037143946,-1.016332983970642,-0.003718411084264517,,0.5085110068321228,0.3124237358570099,-0.00027840438997372985,,0.017226777970790863,0.013879227451980114,-6.180366199259879e-06,,,,,,,,,,,,,,,,,,,,,,
127.394855,XKF1,,,,,,,,,,,,,,,,,,,,,,,55.936057748629075,55.93605422973633,,,0.009251879368325893,,,,,,0.019841017201542854,0.007946806139638768,,,,,,0.007948486134409904,,0.007948486134409904,-0.004734853748232126
127.394855,POS,,,,,,,,,,,,,,,,,,,,,,,55.931802047039355,55.931802047039355,,,,,37.4275,-122.1690673,,,0.0,,,,0.6946900486946106,,,,,,
127.49481499999999,ATT,,,3,,,-0.02,0.16,0.26,0.0,0.0,,,,-0.01,,,,0.14,,,,0.25,,,,,,,,,,,,,,,,,,,,,
127.49481499999999,RATE,-27.98938751220703,-7.228124141693115,,0.3274654448032379,0.22363267838954926,,,,,,-0.5477010607719421,-0.20233146846294403,-0.00024419312831014395,,1.141143560409546,0.8345102071762085,0.00032234020181931555,,0.019366033375263214,0.0157468244433403,-3.7540157791227102e-06,,,,,,,,,,,,,,,,,,,,,,
127.49481499999999,XKF1,,,,,,,,,,,,,,,,,,,,,,,55.935256890901655,55.93525314331055,,,0.007081400974855667,,,,,,0.020475471392273903,0.0022738391610086987,,,,,,0.0022762939333915706,,0.002276293933391571,-0.0067055742256343365
127.49481499999999,POS,,,,,,,,,,,,,,,,,,,,,,,55.931803154829744,55.931802047039355,,,,,37.4275001,-122.1690673,,,0.011132000130089637,,,,0.645490825176239,,,,,,
127.594775,ATT,,,3,,,-0.03,0.2,0.26,0.0,0.0,,,,-0.02,,,,0.2,,,,0.25,,,,,,,,,,,,,,,,,,,,,
127.594775,RATE,27.282428741455078,25.38905906677246,,0.3657417297363281,0.37135234475135803,,,,,,-0.21272683143615723,-0.6716629266738892,-0.0014846546109765768,,0.1415715217590332,-0.032943498343229294,-0.0002813321480061859,,0.01859649084508419,0.01851475238800049,-3.068265925776359e-07,,,,,,,,,,,,,,,,,,,,,,
127.594775,XKF1,,,,,,,,,,,,,,,,,,,,,,,55.93381531800762,55.93381118774414,,,0.011824882203586627,,,,,,0.02149518020451069,6.468303933482257e-05,,,,,,6.922722968738454e-05,,6.922722968738526e-05,-0.01182467956095934
127.594775,POS,,,,,,,,,,,,,,,,,,,,,,,55.931803154829744,55.931802047039355,,,,,37.4275001,-122.1690673,,,0.011132000130089637,,,,0.5919065475463867,,,,,,
127.69473500000001,ATT,,,3,,,-0.03,0.17,0.26,0.0,0.0,,,,-0.04,,,,0.19,,,,0.25,,,,,,,,,,,,,,,,,,,,,
127.69473500000001,RATE,93.5599365234375,16.58810043334961,,0.33892226219177246,0.28088727593421936,,,,,,0.3724871873855591,0.794927716255188,0.0007500341162085533,,-0.23687608540058136,-1.5544753074645996,-0.0045937905088067055,,0.025871602818369865,0.017017584294080734,-8.992393304652069e-06,,,,,,,,,,,,,,,,,,,,,,
127.69473500000001,XKF1,,,,,,,,,,,,,,,,,,,,,,,55.93296484025307,55.932960510253906,,,0.010775476632615046,,,,,,0.02200862020254135,0.0066020712462360465,,,,,,0.006605421658605336,,0.006605421658605337,-0.008513477630913258
127.69473500000001,POS,,,,,,,,,,,,,,,,,,,,,,,55.931803154829744,55.931802047039355,,,,,37.4275001,-122.1690673,,,0.011132000130089637,,,,0.5381451845169067,,,,,,
127.79469499999999,ATT,,,3,,,0.02,0.02,0.26,0.0,0.0,,,,0.0,,,,0.04,,,,0.25,,,,,,,,,,,,,,,,,,,,,
127.79469499999999,RATE,-51.1439323425293,-1.9320318698883057,,0.32926714420318604,0.2222646027803421,,,,,,0.5632961392402649,1.4306650161743164,0.0017999167321249843,,-1.04075026512146,-0.47309860587120056,0.0004155508358962834,,0.030522387474775314,0.013048049062490463,-2.1171799744479358e-05,,,,,,,,,,,,,,,,,,,,,,
127.79469499999999,XKF1,,,,,,,,,,,,,,,,,,,,,,,55.932671620550536,55.93266677856445,,,0.009027015354628614,,,,,,0.02327338419854641,0.009026188642882422,,,,,,0.009026238694787025,,0.009026238694787025,-0.0001184113061754033
127.79469499999999,POS,,,,,,,,,,,,,,,,,,,,,,,55.931803154829744,55.931802047039355,,,,,37.4275001,-122.1690673,,,0.011132000130089637,,,,0.49163952469825745,,,,,,
127.894655,ATT,,,3,,,0.12,-0.07,0.26,0.0,0.0,,,,0.11,,,,-0.06,,,,0.25,,,,,,,,,,,,,,,,,,,,,
127.894655,RATE,7.6335906982421875,-8.899452209472656,,0.3202553391456604,0.468290239572525,,,,,,0.40919896960258484,0.27264344692230225,0.0004800593014806509,,-1.2177519798278809,-1.3507131338119507,0.0005729456897825003,,0.025241916999220848,0.010447634384036064,-2.353166746615898e-05,,,,,,,,,,,,,,,,,,,,,,
127.894655,XKF1,,,,,,,,,,,,,,,,,,,,,,,55.93330543106783,55.93330001831055,,,0.020317663754923394,,,,,,0.02460704743862152,0.020019137191870293,,,,,,0.020020661875605583,,0.020020661875605583,-0.0034612943418323994
127.894655,POS,,,,,,,,,,,,,,,,,,,,,,,55.931803154829744,55.931802047039355,,,,,37.4275001,-122.1690673,,,0.011132000130089637,,,,0.44405072927474976,,,,,,
127.99461500000001,ATT,,,3,,,0.15,-0.06,0.26,0.0,0.0,,,,0.15,,,,-0.09,,,,0.25,,,,,,,,,,,,,,,,,,,,,
127.99461500000001,RATE,-32.88717269897461,12.326639175415039,,0.356836199760437,0.7405121922492981,,,,,,0.38621267676353455,0.273702472448349,6.94240297889337e-05,,0.7085852026939392,1.038205623626709,0.0004111320013180375,,0.029400542378425598,0.007873747497797012,-2.9322000045794994e-05,,,,,,,,,,,,,,,,,,,,,,
127.99461500000001,XKF1,,,,,,,,,,,,,,,,,,,,,,,55.93347789143329,55.9334716796875,,,0.013573219785918798,,,,,,0.02636074833571911,0.013264895325753565,,,,,,0.013266249559819698,,0.013266249559819698,-0.002870351541787386
127.99461500000001,POS,,,,,,,,,,,,,,,,,,,,,,,55.931803154829744,55.931802047039355,,,,,37.4275001,-122.1690673,,,0.011132000130089637,,,,0.3945573568344116,,,,,,
128.094575,ATT,,,3,,,0.14,0.0,0.26,0.0,0.0,,,,0.14,,,,-0.01,,,,0.25,,,,,,,,,,,,,,,,,,,,,
128.094575,RATE,-9.031867980957031,21.909082412719727,,0.3558490574359894,0.3437884449958801,,,,,,-0.3114326596260071,-0.3489238917827606,0.00033351691672578454,,0.8844618797302246,0.8829071521759033,-0.0007234108634293079,,0.02676398865878582,0.004508059937506914,-3.5922126699006185e-05,,,,,,,,,,,,,,,,,,,,,,
128.094575,XKF1,,,,,,,,,,,,,,,,,,,,,,,55.93360437328705,55.933597564697266,,,0.01042494649246714,,,,,,0.027598150074481964,0.009143391718459027,,,,,,0.009145861491560936,,0.009145861491560936,-0.005003271624445915
128.094575,POS,,,,,,,,,,,,,,,,,,,,,,,55.931803154829744,55.931802047039355,,,,,37.4275001,-122.1690673,,,0.011132000130089637,,,,0.34189778566360474,,,,,,
128.194535,ATT,,,3,,,0.15,0.07,0.26,0.0,0.0,,,,0.15,,,,0.05,,,,0.25,,,,,,,,,,,,,,,,,,,,,
128.194535,RATE,114.18838500976562,3.287005662918091,,0.32672446966171265,0.6835988163948059,,,,,,0.2496117502450943,0.14134171605110168,-0.0003417337138671428,,0.5769516825675964,0.12168970704078674,-0.0008525677258148789,,0.019802279770374298,0.006287509109824896,-2.9236984119052067e-05,,,,,,,,,,,,,,,,,,,,,,
128.194535,XKF1,,,,,,,,,,,,,,,,,,,,,,,55.9328385408404,55.932830810546875,,,0.010434953105516407,,,,,,0.029406707733869553,0.009309452214094903,,,,,,0.00931192934513092,,0.00931192934513092,-0.004709163215011358
128.194535,POS,,,,,,,,,,,,,,,,,,,,,,,55.931803154829744,55.931802047039355,,,,,37.4275001,-122.1690673,,,0.011132000130089637,,,,0.29184627532958984,,,,,,
128.294495,ATT,,,3,,,0.17,0.07,0.26,0.0,0.0,,,,0.16,,,,0.07,,,,0.25,,,,,,,,,,,,,,,,,,,,,
128.294495,RATE,-30.237770080566406,-10.053470611572266,,0.3245353102684021,0.1739359200000763,,,,,,0.49904394149780273,0.6136828660964966,-0.0005133688682690263,,-0.11137659847736359,-0.4995388984680176,-0.0006374182412400842,,0.01586732268333435,0.008795525878667831,-2.0716515791718848e-05,,,,,,,,,,,,,,,,,,,,,,
128.294495,XKF1,,,,,,,,,,,,,,,,,,,,,,,55.93243869942956,55.932430267333984,,,0.011054401360819874,,,,,,0.030712461099028587,0.010249522720366477,,,,,,0.010251794941723347,,0.010251794941723347,-0.004135273862630129
128.294495,POS,,,,,,,,,,,,,,,,,,,,,,,55.931803154829744,55.931802047039355,,,,,37.4275001,-122.1690673,,,0.011132000130089637,,,,0.24509552121162415,,,,,,
128.394455,ATT,,,3,,,0.19,0.08,0.26,0.0,0.0,,,,0.19,,,,0.08,,,,0.25,,,,,,,,,,,,,,,,,,,,,
128.394455,RATE,4.5627593994140625,-24.33606719970703,,0.3113971948623657,0.3362932503223419,,,,,,0.004475648049265146,0.1012108102440834,0.0005772225558757782,,0.3848283290863037,0.30678004026412964,-0.00030254709417931736,,0.01891510747373104,0.011493493802845478,-1.9590188458096236e-05,,,,,,,,,,,,,,,,,,,,,,
128.394455,XKF1,,,,,,,,,,,,,,,,,,,,,,,55.93139835416554,55.93138885498047,,,0.010140314218812936,,,,,,0.032597627490758896,0.00815259194276194,,,,,,0.008156104944646358,,0.008156104944646358,-0.006025273818522692
128.394455,POS,,,,,,,,,,,,,,,,,,,,,,,55.931803154829744,55.931802047039355,,,,,37.4275001,-122.1690673,,,0.011132000130089637,,,,0.19858983159065247,,,,,,
128.494415,ATT,,,3,,,0.08,0.09,0.26,0.0,0.0,,,,0.1,,,,0.1,,,,0.25,,,,,,,,,,,,,,,,,,,,,
128.494415,RATE,33.916473388671875,-19.55308723449707,,0.3263438045978546,0.03919977694749832,,,,,,-1.790847897529602,-2.642718553543091,-0.0009678946225903928,,-0.2093867063522339,-0.7232215404510498,-0.0009720668895170093,,0.02384571172297001,0.011110804975032806,-2.2318763512885198e-05,,,,,,,,,,,,,,,,,,,,,,
128.494415,XKF1,,,,,,,,,,,,,,,,,,,,,,,55.930734935574684,55.93072509765625,,,0.0229935833993757,,,,,,0.033173542469739914,0.010932089194351267,,,,,,0.01094408519566059,,0.010944085195660591,-0.02022206410765648
128.494415,POS,,,,,,,,,,,,,,,,,,,,,,,55.93180647820047,55.931802047039355,,,,,37.4275002,-122.1690673,,,0.0222639994692031,,,,0.15207426249980927,,,,,,
128.580214,MSG,,,,,,,,,,,,,,,,,,,,,,,,,,,,,,,,,,,,,,,,,SIM Hit ground at 0.437161 m/s,,
128.59437499999999,ATT,,,3,,,-0.02,0.08,0.25,0.0,0.0,,,,-0.01,,,,0.08,,,,0.25,,,,,,,,,,,,,,,,,,,,,
128.59437499999999,RATE,239.44654846191406,-35.85923385620117,,0.3146306574344635,0.45170828700065613,,,,,,0.7809261083602905,0.3762529194355011,-0.005165701266378164,,0.32728803157806396,-0.3054760992527008,-0.002302288543432951,,0.029091930016875267,0.010059214197099209,-2.8372749511618167e-05,,,,,,,,,,,,,,,,,,,,,,
128.59437499999999,XKF1,,,,,,,,,,,,,,,,,,,,,,,55.92964790198084,55.92963790893555,,,0.02301531412879911,,,,,,0.033433739095926285,0.012583940693054336,,,,,,0.012595457956194876,,0.012595457956194878,-0.019262894988059998
128.59437499999999,POS,,,,,,,,,,,,,,,,,,,,,,,55.93180647820047,55.931802047039355,,,,,37.4275002,-122.1690673,,,0.0222639994692031,,,,0.10702405124902725,,,,,,
128.694335,ATT,,,3,,,-0.08,-0.12,0.25,0.0,0.0,,,,0.07,,,,0.1,,,,0.25,,,,,,,,,,,,,,,,,,,,,
128.694335,RATE,281.6132507324219,-193.45204162597656,,0.14080187678337097,1.3796650171279907,,,,,,0.5557143688201904,-2.2349448204040527,-0.007456886116415262,,0.14465899765491486,-4.001631736755371,-0.0111229894682765,,0.030680149793624878,0.004318874794989824,-3.717124127433635e-05,,,,,,,,,,,,,,,,,,,,,,
128.694335,XKF1,,,,,,,,,,,,,,,,,,,,,,,55.93044084939765,55.9304313659668,,,0.04194636132135696,,,,,,0.032570306211709976,0.029694263263682914,,,,,,0.029711510986089703,,0.029711510986089706,-0.02960951440036297
128.694335,POS,,,,,,,,,,,,,,,,,,,,,,,55.93180647820047,55.931802047039355,,,,,37.4275002,-122.1690673,,,0.0222639994692031,,,,0.08526790887117386,,,,,,
128.794295,ATT,,,3,,,-0.19,-0.33,0.26,0.0,0.0,,,,0.1,,,,0.11,,,,0.25,,,,,,,,,,,,,,,,,,,,,
128.794295,RATE,62.75520324707031,-321.9525146484375,,0.06729673594236374,0.40895405411720276,,,,,,0.21512649953365326,-1.932141900062561,-0.005718982312828302,,0.06407542526721954,-3.2100627422332764,-0.008692115545272827,,0.028699221089482307,0.003195951459929347,-4.3690019083442166e-05,,,,,,,,,,,,,,,,,,,,,,
128.794295,XKF1,,,,,,,,,,,,,,,,,,,,,,,55.93171086680139,55.93170166015625,,,0.04929246492660645,,,,,,0.03209184855222702,0.036147724859180975,,,,,,0.036166947335004807,,0.036166947335004807,-0.03349177539348602
128.794295,POS,,,,,,,,,,,,,,,,,,,,,,,55.93180647820047,55.931802047039355,,,,,37.4275002,-122.1690673,,,0.0222639994692031,,,,0.09358631074428558,,,,,,
128.894255,ATT,,,3,,,-0.22,-0.38,0.26,0.0,0.0,,,,0.11,,,,0.11,,,,0.25,,,,,,,,,,,,,,,,,,,,,
128.894255,RATE,-53.90644073486328,-366.0598449707031,,0.05017310380935669,0.09119145572185516,,,,,,0.08886092901229858,-1.5052874088287354,-0.005007636267691851,,0.03789333626627922,-2.2574727535247803,-0.0072114537470042706,,0.03012010082602501,0.0021818738896399736,-4.621181506081484e-05,,,,,,,,,,,,,,,,,,,,,,
128.894255,XKF1,,,,,,,,,,,,,,,,,,,,,,,55.93387300247379,55.93386459350586,,,0.048838889009712116,,,,,,0.030670706182718277,0.03548833587178258,,,,,,0.035506729036569595,,0.035506729036569595,-0.03353370353579521
128.894255,POS,,,,,,,,,,,,,,,,,,,,,,,55.93180647820047,55.931802047039355,,,,,37.4275002,-122.1690673,,,0.0222639994692031,,,,0.10607857257127762,,,,,,
128.994215,ATT,,,3,,,-0.18,-0.33,0.26,0.0,0.0,,,,0.11,,,,0.11,,,,0.25,,,,,,,,,,,,,,,,,,,,,
128.994215,RATE,-65.11697387695312,-365.2149963378906,,0.037719447165727615,0.17745204269886017,,,,,,0.04554755613207817,-0.8909235596656799,-0.0037726527079939842,,0.025827260687947273,-1.341561198234558,-0.005553289316594601,,0.030026331543922424,0.0031099829357117414,-4.810794416698627e-05,,,,,,,,,,,,,,,,,,,,,,
128.994215,XKF1,,,,,,,,,,,,,,,,,,,,,,,55.93458639330718,55.93457794189453,,,0.0446263270610691,,,,,,0.030748210847377777,0.03176216974534609,,,,,,0.031779397279024124,,0.031779397279024124,-0.0313301607966423
128.994215,POS,,,,,,,,,,,,,,,,,,,,,,,55.93180647820047,55.931802047039355,,,,,37.4275002,-122.1690673,,,0.0222639994692031,,,,0.10854364931583405,,,,,,
129.094175,ATT,,,3,,,-0.15,-0.28,0.26,0.0,0.0,,,,0.11,,,,0.11,,,,0.25,,,,,,,,,,,,,,,,,,,,,
129.094175,RATE,-31.162548065185547,-362.3721008300781,,0.00811013299971819,0.3723134398460388,,,,,,0.0252092145383358,-1.1564196348190308,-0.00488238874822855,,0.023732652887701988,-1.6383981704711914,-0.006932151038199663,,0.027167370542883873,0.002476215362548828,-4.720176730188541e-05,,,,,,,,,,,,,,,,,,,,,,
129.094175,XKF1,,,,,,,,,,,,,,,,,,,,,,,55.93576858322046,55.935760498046875,,,0.04236903055085548,,,,,,0.030074918642640114,0.029614656898732813,,,,,,0.029630944132804867,,0.02963094413280487,-0.030284350737929344
129.094175,POS,,,,,,,,,,,,,,,,,,,,,,,55.93180647820047,55.931802047039355,,,,,37.4275002,-122.1690673,,,0.0222639994692031,,,,0.105636365711689,,,,,,
129.194968,ATT,,,3,,,-0.14,-0.27,0.26,0.0,0.0,,,,0.11,,,,0.11,,,,0.25,,,,,,,,,,,,,,,,,,,,,
129.194968,RATE,-0.5627632141113281,-374.8615417480469,,0.0,0.4074370563030243,,,,,,0.020194901153445244,-1.0215086936950684,-0.004685296211391687,,0.022983459755778313,-1.7539925575256348,-0.007529990281909704,,0.030783649533987045,0.0012020871508866549,-4.872881982009858e-05,,,,,,,,,,,,,,,,,,,,,,
129.194968,XKF1,,,,,,,,,,,,,,,,,,,,,,,55.93592527461931,55.935916900634766,,,0.04101387293831389,,,,,,0.030607402324676514,0.028563452836229537,,,,,,0.028579553589224812,,0.028579553589224815,-0.029416779056191444
129.194968,POS,,,,,,,,,,,,,,,,,,,,,,,55.93180647820047,55.931802047039355,,,,,37.4275002,-122.1690673,,,0.0222639994692031,,,,0.10152257978916168,,,,,,
129.294928,ATT,,,3,,,-0.14,-0.29,0.26,0.0,0.0,,,,0.11,,,,0.11,,,,0.25,,,,,,,,,,,,,,,,,,,,,
129.294928,RATE,11.179256439208984,-399.2416687011719,,0.0,0.4074370563030243,,,,,,0.018721695989370346,-1.3473933935165405,-0.0058531085960567,,0.01650482602417469,-2.158724308013916,-0.008987476117908955,,0.028978444635868073,0.0004802831681445241,-4.951024311594665e-05,,,,,,,,,,,,,,,,,,,,,,
129.294928,XKF1,,,,,,,,,,,,,,,,,,,,,,,55.93666522459248,55.9366569519043,,,0.041349006074903716,,,,,,0.030421918258070946,0.0288121879168596,,,,,,0.028828313574194905,,0.028828313574194908,-0.029642345383763313
129.294928,POS,,,,,,,,,,,,,,,,,,,,,,,55.93180647820047,55.931802047039355,,,,,37.4275002,-122.1690673,,,0.0222639994692031,,,,0.09751668572425842,,,,,,
129.312421,EV,,,,,,,,,,,,,,,,,,,,,,,,,,,,17,,,,LAND_COMPLETE_MAYBE,,,,,,,,,,,
129.394888,ATT,,,3,,,-0.19,-0.32,0.26,0.0,0.0,,,,0.11,,,,0.11,,,,0.25,,,,,,,,,,,,,,,,,,,,,
129.394888,RATE,8.946609497070312,-427.9967041015625,,0.0,0.4074370563030243,,,,,,0.014809451065957546,-2.499511241912842,-0.00942445918917656,,0.02107780985534191,-2.373918294906616,-0.010033548809587955,,0.029071012511849403,0.0069593628868460655,-4.925977191305719e-05,,,,,,,,,,,,,,,,,,,,,,
129.394888,XKF1,,,,,,,,,,,,,,,,,,,,,,,55.936852424378806,55.93684387207031,,,0.0411748411914101,,,,,,0.030931834131479263,0.02878635802645394,,,,,,0.028802633285522457,,0.02880263328552246,-0.029424069449305534
129.394888,POS,,,,,,,,,,,,,,,,,,,,,,,55.93180647820047,55.931802047039355,,,,,37.4275002,-122.1690673,,,0.0222639994692031,,,,0.09519612789154053,,,,,,
129.494848,ATT,,,3,,,-0.3,-0.36,0.26,0.0,0.0,,,,0.11,,,,0.11,,,,0.26,,,,,,,,,,,,,,,,,,,,,
129.494848,RATE,2.9821395874023438,-455.5216979980469,,0.0,0.4074370563030243,,,,,,0.017639344558119774,-2.713608980178833,-0.009948640130460262,,0.019083615392446518,-2.459254264831543,-0.010649126954376698,,0.02898218110203743,0.004724607337266207,-4.504148819250986e-05,,,,,,,,,,,,,,,,,,,,,,
129.494848,XKF1,,,,,,,,,,,,,,,,,,,,,,,55.93767625968152,55.93766784667969,,,0.041389645135563154,,,,,,0.03067910484969616,0.028955897608705972,,,,,,0.028972113505005833,,0.028972113505005836,-0.02955874428153038
129.494848,POS,,,,,,,,,,,,,,,,,,,,,,,55.93180647820047,55.931802047039355,,,,,37.4275002,-122.1690673,,,0.0222639994692031,,,,0.09348949044942856,,,,,,
129.594808,ATT,,,3,,,-0.34,-0.36,0.26,0.0,0.0,,,,0.11,,,,0.11,,,,0.26,,,,,,,,,,,,,,,,,,,,,
129.594808,RATE,-0.875091552734375,-480.59698486328125,,0.0,0.4074370563030243,,,,,,0.019249193370342255,-2.282039165496826,-0.009353908710181713,,0.01902131736278534,-2.128756046295166,-0.010381154716014862,,0.032158706337213516,0.0017070190515369177,-5.073407373856753e-05,,,,,,,,,,,,,,,,,,,,,,
129.594808,XKF1,,,,,,,,,,,,,,,,,,,,,,,55.937832939388194,55.93782424926758,,,0.04067865727047655,,,,,,0.031180329620838165,0.0284444277302546,,,,,,0.02846063300967216,,0.028460633009672165,-0.02906450629234314
129.594808,POS,,,,,,,,,,,,,,,,,,,,,,,55.93180647820047,55.931802047039355,,,,,37.4275002,-122.1690673,,,0.0222639994692031,,,,0.0920194536447525,,,,,,
129.694768,ATT,,,3,,,-0.36,-0.37,0.26,0.0,0.0,,,,0.11,,,,0.11,,,,0.26,,,,,,,,,,,,,,,,,,,,,
129.694768,RATE,-1.7777442932128906,-504.1649169921875,,0.0,0.4074370563030243,,,,,,0.015961244702339172,-2.257540225982666,-0.010002080351114273,,0.02230287529528141,-2.195204257965088,-0.011121010407805443,,0.030433988198637962,-0.001411851728335023,-5.475542275235057e-05,,,,,,,,,,,,,,,,,,,,,,
129.694768,XKF1,,,,,,,,,,,,,,,,,,,,,,,55.93857287074439,55.93856430053711,,,0.04046303684504009,,,,,,0.03096466138958931,0.02824964775081139,,,,,,0.028265679255127903,,0.028265679255127907,-0.028953561559319496
129.694768,POS,,,,,,,,,,,,,,,,,,,,,,,55.93180647820047,55.931802047039355,,,,,37.4275002,-122.1690673,,,0.0222639994692031,,,,0.09033207595348358,,,,,,
129.794728,ATT,,,3,,,-0.35,-0.35,0.26,0.0,0.0,,,,0.11,,,,0.11,,,,0.26,,,,,,,,,,,,,,,,,,,,,
129.794728,RATE,-0.93994140625,-527.5321655273438,,0.0,0.4074370563030243,,,,,,0.017448771744966507,-2.0203745365142822,-0.009907174855470657,,0.022450458258390427,-1.9942651987075806,-0.011070131324231625,,0.02966945432126522,-0.0020602631848305464,-5.821146260132082e-05,,,,,,,,,,,,,,,,,,,,,,
129.794728,XKF1,,,,,,,,,,,,,,,,,,,,,,,55.93862657083287,55.93861770629883,,,0.039644386902094014,,,,,,0.031491898000240326,0.027597693933036103,,,,,,0.027613712474703785,,0.02761371247470379,-0.028445743024349213
129.794728,POS,,,,,,,,,,,,,,,,,,,,,,,55.93180647820047,55.931802047039355,,,,,37.4275002,-122.1690673,,,0.0222639994692031,,,,0.08856625109910965,,,,,,
129.894688,ATT,,,3,,,-0.35,-0.35,0.26,0.0,0.0,,,,0.1,,,,0.11,,,,0.26,,,,,,,,,,,,,,,,,,,,,
129.894688,RATE,-0.098419189453125,-551.2281494140625,,0.0,0.4074370563030243,,,,,,0.018871445208787918,-2.083516836166382,-0.010630343109369278,,0.01729167066514492,-2.0957159996032715,-0.011843901127576828,,0.029484925791621208,-0.004064403008669615,-5.9772417444037274e-05,,,,,,,,,,,,,,,,,,,,,,
129.894688,XKF1,,,,,,,,,,,,,,,,,,,,,,,55.93926733061461,55.93925857543945,,,0.039509665493143165,,,,,,0.0312972217798233,0.02745398484338933,,,,,,0.02746987715363502,,0.027469877153635025,-0.02839752659201622
129.894688,POS,,,,,,,,,,,,,,,,,,,,,,,55.93180647820047,55.931802047039355,,,,,37.4275002,-122.1690673,,,0.0222639994692031,,,,0.08667594939470291,,,,,,
129.994648,ATT,,,3,,,-0.34,-0.34,0.26,0.0,0.0,,,,0.1,,,,0.1,,,,0.26,,,,,,,,,,,,,,,,,,,,,
129.994648,RATE,0.4378318786621094,-575.381591796875,,0.0,0.4074370563030243,,,,,,0.018559638410806656,-1.9500964879989624,-0.010697158984839916,,0.021761776879429817,-1.9343078136444092,-0.011848129332065582,,0.029215974733233452,-0.00398831395432353,-6.25342654529959e-05,,,,,,,,,,,,,,,,,,,,,,
129.994648,XKF1,,,,,,,,,,,,,,,,,,,,,,,55.939233300819524,55.93922424316406,,,0.0387569973301214,,,,,,0.031833261251449585,0.026886655086471582,,,,,,0.026902535930275917,,0.026902535930275917,-0.02789907529950142
129.994648,POS,,,,,,,,,,,,,,,,,,,,,,,55.93180647820047,55.931802047039355,,,,,37.4275002,-122.1690673,,,0.0222639994692031,,,,0.08496157079935074,,,,,,
130.094608,ATT,,,3,,,-0.34,-0.34,0.26,0.0,0.0,,,,0.1,,,,0.1,,,,0.26,,,,,,,,,,,,,,,,,,,,,
130.094608,RATE,0.3542900085449219,-599.6744995117188,,0.0,0.4074370563030243,,,,,,0.017014387995004654,-2.021986246109009,-0.011425631120800972,,0.024590468034148216,-2.028219223022461,-0.012672564014792442,,0.030664093792438507,-0.005833735223859549,-6.348034366965294e-05,,,,,,,,,,,,,,,,,,,,,,
130.094608,XKF1,,,,,,,,,,,,,,,,,,,,,,,55.939805401868945,55.939796447753906,,,0.03858746961558429,,,,,,0.031650952994823456,0.026726921474748463,,,,,,0.026742665097117424,,0.026742665097117424,-0.02781766839325428
130.094608,POS,,,,,,,,,,,,,,,,,,,,,,,55.93180647820047,55.931802047039355,,,,,37.4275002,-122.1690673,,,0.0222639994692031,,,,0.08322340995073318,,,,,,
130.1146,EV,,,,,,,,,,,,,,,,,,,,,,,,,,,,18,,,,LAND_COMPLETE,,,,,,,,,,,
130.194568,ATT,,,3,,,-0.2,-0.2,0.26,0.0,0.0,,,,0.1,,,,0.1,,,,0.26,,,,,,,,,,,,,,,,,,,,,
130.194568,RATE,0.21648406982421875,0.21648406982421875,,0.0,0.4074370563030243,,,,,,0.018987305462360382,-0.03792643919587135,-0.0044139688834548,,0.020701369270682335,-0.04874514043331146,-0.0051908111199736595,,0.031822096556425095,0.0007463053334504366,-5.6509452406316996e-05,,,,,,,,,,,,,,,,,,,,,,
130.194568,XKF1,,,,,,,,,,,,,,,,,,,,,,,55.939706530627895,55.939697265625,,,0.03784767750749588,,,,,,0.03219569846987724,0.026204465164397592,,,,,,0.026220178231596947,,0.026220178231596947,-0.027293752878904343
130.194568,POS,,,,,,,,,,,,,,,,,,,,,,,55.93180647820047,55.931802047039355,,,,,37.4275002,-122.1690673,,,0.0222639994692031,,,,0.08166568726301193,,,,,,
130.29452799999999,ATT,,,3,,,-0.1,-0.1,0.26,0.0,0.0,,,,0.1,,,,0.1,,,,0.26,,,,,,,,,,,,,,,,,,,,,
130.29452799999999,RATE,0.051212310791015625,0.051212310791015625,,0.0,0.4074370563030243,,,,,,0.01749194785952568,-0.2535252571105957,-0.002980871358886361,,0.023102808743715286,-0.2656105160713196,-0.0034392201341688633,,0.02899221144616604,-0.003427578369155526,-5.4464144341181964e-05,,,,,,,,,,,,,,,,,,,,,,
130.29452799999999,XKF1,,,,,,,,,,,,,,,,,,,,,,,55.94021760158552,55.940208435058594,,,0.03772644276032659,,,,,,0.032024286687374115,0.026088464110046436,,,,,,0.02610406093299389,,0.02610406093299389,-0.02723715268075466
130.29452799999999,POS,,,,,,,,,,,,,,,,,,,,,,,55.9406466543179,55.94064222385703,,,,,37.4275002,-122.1690672,,,0.0222639994692031,,,,0.08000455051660538,,,,,,
130.394488,ATT,,,3,,,-0.05,-0.05,0.26,0.0,0.0,,,,0.1,,,,0.1,,,,0.26,,,,,,,,,,,,,,,,,,,,,
130.394488,RATE,-0.0446319580078125,-0.0446319580078125,,0.0,0.4074370563030243,,,,,,0.01944568194448948,-0.3555096685886383,-0.0022039792966097593,,0.02063971757888794,-0.36866316199302673,-0.002462799893692136,,0.03361625596880913,-0.004560964647680521,-5.6392720580333844e-05,,,,,,,,,,,,,,,,,,,,,,
130.394488,XKF1,,,,,,,,,,,,,,,,,,,,,,,55.940072954343876,55.9400634765625,,,0.03705230240449131,,,,,,0.032563406974077225,0.02559632986283651,,,,,,0.025611920282244682,,0.025611920282244682,-0.026775037869811058
130.394488,POS,,,,,,,,,,,,,,,,,,,,,,,55.9406466543179,55.94064222385703,,,,,37.4275002,-122.1690672,,,0.0222639994692031,,,,0.07845751941204071,,,,,,
130.494448,ATT,,,3,,,-0.02,-0.02,0.26,0.0,0.0,,,,0.1,,,,0.1,,,,0.26,,,,,,,,,,,,,,,,,,,,,
130.494448,RATE,0.07581710815429688,0.07581710815429688,,0.0,0.4074370563030243,,,,,,0.018256228417158127,-0.41316527128219604,-0.001790309208445251,,0.02066022902727127,-0.4273442327976227,-0.0019567261915653944,,0.029534444212913513,-0.006038435734808445,-5.611890446743928e-05,,,,,,,,,,,,,,,,,,,,,,
130.494448,XKF1,,,,,,,,,,,,,,,,,,,,,,,55.940538248087925,55.940528869628906,,,0.03689451302645321,,,,,,0.032392468303442,0.025456087921877403,,,,,,0.02547154761850834,,0.02547154761850834,-0.026690922677516937
130.494448,POS,,,,,,,,,,,,,,,,,,,,,,,55.9406466543179,55.94064222385703,,,,,37.4275002,-122.1690672,,,0.0222639994692031,,,,0.07683433592319489,,,,,,
130.594408,ATT,,,3,,,-0.01,-0.01,0.26,0.0,0.0,,,,0.1,,,,0.1,,,,0.26,,,,,,,,,,,,,,,,,,,,,
130.594408,RATE,0.12454986572265625,0.12454986572265625,,0.0,0.4074370563030243,,,,,,0.01676315814256668,-0.4340849220752716,-0.0015520084416493773,,0.020995020866394043,-0.45001500844955444,-0.0016753467498347163,,0.03184625133872032,-0.006032923236489296,-5.755747406510636e-05,,,,,,,,,,,,,,,,,,,,,,
130.594408,XKF1,,,,,,,,,,,,,,,,,,,,,,,55.940340200062046,55.940330505371094,,,0.036169166362157945,,,,,,0.032934002578258514,0.024918632885222395,,,,,,0.024934062734246254,,0.024934062734246254,-0.026201166212558746
130.594408,POS,,,,,,,,,,,,,,,,,,,,,,,55.9406466543179,55.94064222385703,,,,,37.4275002,-122.1690672,,,0.0222639994692031,,,,0.0753733217716217,,,,,,
130.621897,EV,,,,,,,,,,,,,,,,,,,,,,,,,,,,11,,,,DISARMED,,,,,,,,,,,
130.621897,MSG,,,,,,,,,,,,,,,,,,,,,,,,,,,,,,,,,,,,,,,,,Disarming motors,,
130.624396,EV,,,,,,,,,,,,,,,,,,,,,,,,,,,,56,,,,MOTORS_INTERLOCK_DISABLED,,,,,,,,,,,
130.694368,ATT,,,3,,,0.0,0.0,0.26,0.0,0.0,,,,0.1,,,,0.1,,,,0.26,,,,,,,,,,,,,,,,,,,,,
130.694368,RATE,0.07343292236328125,0.07343292236328125,,0.0,0.4074370563030243,,,,,,0.014192966744303703,-0.4483530819416046,-0.0013640729011967778,,0.022930271923542023,-0.4646877646446228,-0.0014633836690336466,,0.031060878187417984,0.00043472019024193287,-5.0503964303061366e-05,,,,,,,,,,,,,,,,,,,,,,
130.694368,XKF1,,,,,,,,,,,,,,,,,,,,,,,55.940961758365525,55.94095230102539,,,0.03621299094879707,,,,,,0.032528530806303024,0.024916599963105385,,,,,,0.024931875988841057,,0.024931875988841057,-0.026263706386089325
130.694368,POS,,,,,,,,,,,,,,,,,,,,,,,55.9406466543179,55.94064222385703,,,,,37.4275002,-122.1690672,,,0.0222639994692031,,,,0.07376869022846222,,,,,,
