time_s,type,AEKF,ClimbRt,DesPitch,DesRoll,DesYaw,ErrRP,ErrYaw,Pitch,PitchRt,Roll,RollRt,Thrust,Type,Yaw,YawRt,distance_m,east_m,ecode,ecode_name,ground_speed_m_s,id,lat,lon,mode,name,north_m,radial_speed_m_s,reason,reason_name,rel_alt_m,subsys,subsys_name,target_bearing_speed_m_s,text,ve_m_s,vn_m_s
0.0,MSG,,,,,,,,,,,,,,,,,,,,,,,,,,,,,,,,,,ArduCopter V4.4.1 (e010f979),,
0.0,MSG,,,,,,,,,,,,,,,,,,,,,,,,,,,,,,,,,,5dbfb12414a3456d9014d88183e338b1,,
0.0,MSG,,,,,,,,,,,,,,,,,,,,,,,,,,,,,,,,,,Param space used: 285/4096,,
0.0,MSG,,,,,,,,,,,,,,,,,,,,,,,,,,,,,,,,,,RC Protocol: SITL,,
0.0,MSG,,,,,,,,,,,,,,,,,,,,,,,,,,,,,,,,,,New mission,,
0.0,MSG,,,,,,,,,,,,,,,,,,,,,,,,,,,,,,,,,,New rally,,
0.0,MSG,,,,,,,,,,,,,,,,,,,,,,,,,,,,,,,,,,New fence,,
0.0,MSG,,,,,,,,,,,,,,,,,,,,,,,,,,,,,,,,,,Frame: QUAD/PLUS,,
0.0,MODE,,,,,,,,,,,,,,,,,,,,,,,,STABILIZE,,,,26,INITIALISED,,,,,,,
0.09496199999999977,ERR,,,,,,,,,,,,,,,,,,0,0,,,,,,,,,,,,3,COMPASS,,,,
0.09496199999999977,ATT,0,,0.0,0.0,0.0,1.0,1.0,0.0,,0.0,,,,0.0,,,,,,,,,,,,,,,,,,,,,,
0.19492200000000004,ATT,0,,0.0,0.0,77.08,1.0,0.8,0.0,,0.0,,,,77.08,,,,,,,,,,,,,,,,,,,,,,
0.29488199999999987,MSG,,,,,,,,,,,,,,,,,,,,,,,,,,,,,,,,,,RC7: SaveWaypoint LOW,,
0.29488199999999987,ATT,0,,0.0,0.0,77.08,0.8,0.64,0.0,,0.0,,,,77.08,,,,,,,,,,,,,,,,,,,,,,
0.3948419999999997,ATT,0,,0.0,0.0,77.08,0.8,0.51,0.0,,0.0,,,,77.08,,,,,,,,,,,,,,,,,,,,,,
0.49480199999999996,ATT,0,,0.0,0.0,77.08,0.64,0.4,0.0,,0.0,,,,77.08,,,,,,,,,,,,,,,,,,,,,,
0.5947619999999998,ATT,0,,0.0,0.0,77.08,0.64,0.32,0.0,,0.0,,,,77.08,,,,,,,,,,,,,,,,,,,,,,
0.6947220000000001,ATT,0,,0.0,0.0,77.08,0.51,0.26,0.0,,0.0,,,,77.08,,,,,,,,,,,,,,,,,,,,,,
0.7946819999999999,ATT,0,,0.0,0.0,77.08,0.51,0.2,0.0,,0.0,,,,77.08,,,,,,,,,,,,,,,,,,,,,,
0.8946419999999997,ATT,0,,0.0,0.0,77.08,0.4,0.16,0.0,,0.0,,,,77.08,,,,,,,,,,,,,,,,,,,,,,
0.994602,ATT,0,,0.0,0.0,77.08,0.4,0.13,0.0,,0.0,,,,77.08,,,,,,,,,,,,,,,,,,,,,,
1.0945619999999998,ATT,0,,0.0,0.0,77.08,0.32,0.1,0.0,,0.0,,,,77.08,,,,,,,,,,,,,,,,,,,,,,
1.0945619999999998,XKF1,,,,,,,,,,,,,,,,0.0,0.0,,,0.0,,,,,,0.0,,,,,,,0.0,,0.0,0.0
1.194522,ATT,0,,0.0,0.0,77.08,0.32,0.08,0.0,,0.0,,,,77.08,,,,,,,,,,,,,,,,,,,,,,
1.194522,XKF1,,,,,,,,,,,,,,,,0.0,0.0,,,0.0,,,,,,0.0,,,,,,,0.0,,0.0,0.0
1.294482,ATT,0,,0.0,0.0,77.08,0.26,0.06,0.0,,0.0,,,,77.08,,,,,,,,,,,,,,,,,,,,,,
1.294482,XKF1,,,,,,,,,,,,,,,,0.0,0.0,,,0.0,,,,,,0.0,,,,,,,0.0,,0.0,0.0
1.3944419999999997,ATT,0,,0.0,0.0,77.08,0.26,0.05,0.0,,0.0,,,,77.08,,,,,,,,,,,,,,,,,,,,,,
1.3944419999999997,XKF1,,,,,,,,,,,,,,,,0.0,0.0,,,0.0,,,,,,0.0,,,,,,,0.0,,0.0,0.0
1.494402,ATT,0,,0.0,0.0,77.08,0.2,0.04,0.0,,0.0,,,,77.08,,,,,,,,,,,,,,,,,,,,,,
1.494402,XKF1,,,,,,,,,,,,,,,,0.0,0.0,,,0.0,,,,,,0.0,,,,,,,0.0,,0.0,0.0
1.5943619999999998,ATT,0,,0.0,0.0,77.08,0.2,0.03,0.0,,0.0,,,,77.08,,,,,,,,,,,,,,,,,,,,,,
1.5943619999999998,XKF1,,,,,,,,,,,,,,,,0.0,0.0,,,0.0,,,,,,0.0,,,,,,,0.0,,0.0,0.0
1.694322,ATT,0,,0.0,0.0,77.08,0.16,0.02,0.0,,0.0,,,,77.08,,,,,,,,,,,,,,,,,,,,,,
1.694322,XKF1,,,,,,,,,,,,,,,,0.0,0.0,,,0.0,,,,,,0.0,,,,,,,0.0,,0.0,0.0
1.794282,ATT,0,,0.0,0.0,77.08,0.16,0.02,0.0,,0.0,,,,77.08,,,,,,,,,,,,,,,,,,,,,,
1.794282,XKF1,,,,,,,,,,,,,,,,0.0,0.0,,,0.0,,,,,,0.0,,,,,,,0.0,,0.0,0.0
1.8942420000000002,ATT,0,,0.0,0.0,77.08,0.13,0.01,0.0,,0.0,,,,77.08,,,,,,,,,,,,,,,,,,,,,,
1.8942420000000002,XKF1,,,,,,,,,,,,,,,,0.0,0.0,,,0.0,,,,,,0.0,,,,,,,0.0,,0.0,0.0
1.9942019999999996,ATT,0,,0.0,0.0,77.08,0.13,0.01,0.0,,0.0,,,,77.08,,,,,,,,,,,,,,,,,,,,,,
1.9942019999999996,XKF1,,,,,,,,,,,,,,,,0.0,0.0,,,0.0,,,,,,0.0,,,,,,,0.0,,0.0,0.0
2.0016989999999995,MSG,,,,,,,,,,,,,,,,,,,,,,,,,,,,,,,,,,EKF3 IMU0 initialised,,
2.0016989999999995,MSG,,,,,,,,,,,,,,,,,,,,,,,,,,,,,,,,,,EKF3 IMU1 initialised,,
2.0041979999999997,MSG,,,,,,,,,,,,,,,,,,,,,,,,,,,,,,,,,,AHRS: EKF3 active,,
2.094995,ATT,3,,0.0,0.0,0.0,0.1,0.01,0.0,,0.0,,,,0.0,,,,,,,,,,,,,,,,,,,,,,
2.094995,XKF1,,,,,,,,,,,,,,,,0.0,0.0,,,7.803341444357705e-05,,,,,,0.0,,,,,,,-5.871184839634225e-05,,-5.871184839634225e-05,5.140167922945693e-05
2.194955,ATT,3,,0.0,0.0,0.0,0.1,0.0,0.0,,0.0,,,,0.0,,,,,,,,,,,,,,,,,,,,,,
2.194955,XKF1,,,,,,,,,,,,,,,,0.0,0.0,,,9.229844427604841e-05,,,,,,0.0,,,,,,,-7.745997572783381e-05,,-7.745997572783381e-05,5.018919182475656e-05
2.2949149999999996,ATT,3,,0.0,0.0,0.0,0.08,0.0,0.0,,0.0,,,,0.0,,,,,,,,,,,,,,,,,,,,,,
2.2949149999999996,XKF1,,,,,,,,,,,,,,,,0.0,0.0,,,0.00010359111817109924,,,,,,0.0,,,,,,,-0.0001017536997096613,,-0.0001017536997096613,1.9424323909333907e-05
2.394875,ATT,3,,0.0,0.0,0.0,0.08,0.0,0.0,,0.0,,,,0.0,,,,,,,,,,,,,,,,,,,,,,
2.394875,XKF1,,,,,,,,,,,,,,,,0.0,0.0,,,0.0001443900038931119,,,,,,0.0,,,,,,,-0.00013812283577863127,,-0.00013812283577863127,-4.207796882838011e-05
2.494835,ATT,3,,0.0,0.0,0.0,0.06,0.0,0.0,,0.0,,,,0.0,,,,,,,,,,,,,,,,,,,,,,
2.494835,XKF1,,,,,,,,,,,,,,,,0.0,0.0,,,0.00017163558372817878,,,,,,0.0,,,,,,,-0.0001577213261043653,,-0.0001577213261043653,-6.769606261514127e-05
2.5947949999999995,ATT,3,,0.0,0.0,0.0,0.06,0.0,0.0,,0.0,,,,0.0,,,,,,,,,,,,,,,,,,,,,,
2.5947949999999995,XKF1,,,,,,,,,,,,,,,,0.0,0.0,,,0.0001930018433188232,,,,,,0.0,,,,,,,-0.00016953008889686316,,-0.00016953008889686316,-9.224565292242914e-05
2.694755,ATT,3,,0.0,0.0,0.0,0.05,0.0,0.0,,0.0,,,,0.0,,,,,,,,,,,,,,,,,,,,,,
2.694755,XKF1,,,,,,,,,,,,,,,,0.0,0.0,,,0.0002669866981359791,,,,,,0.0,,,,,,,-0.0002269250835524872,,-0.0002269250835524872,-0.00014066592848394066
2.794715,ATT,3,,0.0,0.0,0.0,0.05,0.0,0.0,,0.0,,,,0.0,,,,,,,,,,,,,,,,,,,,,,
2.794715,XKF1,,,,,,,,,,,,,,,,0.0,0.0,,,0.0002905381692743594,,,,,,0.0,,,,,,,-0.00023964641150087118,,-0.00023964641150087118,-0.0001642620627535507
2.8946749999999994,ATT,3,,0.0,0.0,0.0,0.04,0.0,0.0,,0.0,,,,0.0,,,,,,,,,,,,,,,,,,,,,,
2.8946749999999994,XKF1,,,,,,,,,,,,,,,,0.0,0.0,,,0.0003828271273056083,,,,,,0.0,,,,,,,-0.00032119135721586645,,-0.00032119135721586645,-0.00020830919675063342
2.9946349999999997,ATT,3,,0.0,0.0,0.0,0.04,0.0,0.0,,0.0,,,,0.0,,,,,,,,,,,,,,,,,,,,,,
2.9946349999999997,XKF1,,,,,,,,,,,,,,,,0.0,0.0,,,0.0004329106620257365,,,,,,0.0,,,,,,,-0.00036829482996836305,,-0.00036829482996836305,-0.000227531447308138
3.094595,ATT,3,,0.0,0.0,0.0,0.03,0.0,0.0,,0.0,,,,0.0,,,,,,,,,,,,,,,,,,,,,,
3.094595,XKF1,,,,,,,,,,,,,,,,0.0,0.0,,,0.0004559304076910646,,,,,,0.0,,,,,,,-0.0003810269117821008,,-0.0003810269117821008,-0.0002503817668184638
3.1945550000000003,ATT,3,,0.0,0.0,0.0,0.03,0.0,0.0,,0.0,,,,0.0,,,,,,,,,,,,,,,,,,,,,,
3.1945550000000003,XKF1,,,,,,,,,,,,,,,,0.0,0.0,,,0.0004517120883349466,,,,,,0.0,,,,,,,-0.00037649497971870005,,-0.00037649497971870005,-0.00024959034635685384
3.2945149999999996,ATT,3,,0.0,0.0,0.0,0.02,0.0,0.0,,0.0,,,,0.0,,,,,,,,,,,,,,,,,,,,,,
3.2945149999999996,XKF1,,,,,,,,,,,,,,,,0.0,0.0,,,0.000449382126231936,,,,,,0.0,,,,,,,-0.00033523188903927803,,-0.00033523188903927803,-0.0002992722438648343
3.3469939999999996,MSG,,,,,,,,,,,,,,,,,,,,,,,,,,,,,,,,,,EKF3 IMU1 tilt alignment complete,,
3.351992,MSG,,,,,,,,,,,,,,,,,,,,,,,,,,,,,,,,,,EKF3 IMU0 tilt alignment complete,,
3.394475,ATT,3,,0.0,0.0,0.0,0.02,0.0,0.0,,0.0,,,,0.0,,,,,,,,,,,,,,,,,,,,,,
3.394475,XKF1,,,,,,,,,,,,,,,,0.0,0.0,,,0.000413323176311576,,,,,,0.0,,,,,,,-0.00027968815993517637,,-0.00027968815993517637,-0.0003043198667000979
3.4369579999999997,MSG,,,,,,,,,,,,,,,,,,,,,,,,,,,,,,,,,,EKF3 IMU0 MAG0 initial yaw alignment complete,,
3.4369579999999997,EV,,,,,,,,,,,,,,,,,,,,,62,,,,EKF_YAW_RESET,,,,,,,,,,,
3.4444549999999996,MSG,,,,,,,,,,,,,,,,,,,,,,,,,,,,,,,,,,EKF3 IMU1 MAG0 initial yaw alignment complete,,
3.494435,ATT,3,,0.0,0.0,77.08,0.02,0.0,0.0,,0.0,,,,77.08,,,,,,,,,,,,,,,,,,,,,,
3.494435,XKF1,,,,,,,,,,,,,,,,0.0,0.0,,,0.0004057707758220518,,,,,,0.0,,,,,,,-0.0002821593079715967,,-0.0002821593079715967,-0.0002916094090323895
3.5943949999999996,ATT,3,,0.0,0.0,77.08,0.02,0.0,0.0,,0.0,,,,77.08,,,,,,,,,,,,,,,,,,,,,,
3.5943949999999996,XKF1,,,,,,,,,,,,,,,,0.0,0.0,,,0.0004100923692878912,,,,,,0.0,,,,,,,-0.0003307018196210265,,-0.0003307018196210265,-0.00024251197464764118
3.694355,ATT,3,,0.0,0.0,77.08,0.01,0.0,0.0,,0.0,,,,77.08,,,,,,,,,,,,,,,,,,,,,,
3.694355,XKF1,,,,,,,,,,,,,,,,0.0,0.0,,,0.00042197181307759965,,,,,,0.0,,,,,,,-0.00035293641849420965,,-0.00035293641849420965,-0.00023129222972784191
3.794315,ATT,3,,0.0,0.0,77.08,0.01,0.0,0.0,,0.0,,,,77.08,,,,,,,,,,,,,,,,,,,,,,
3.794315,XKF1,,,,,,,,,,,,,,,,0.0,0.0,,,0.0005032301999877249,,,,,,0.0,,,,,,,-0.0004211375489830971,,-0.0004211375489830971,-0.00027547014178708196
3.8692849999999996,MSG,,,,,,,,,,,,,,,,,,,,,,,,,,,,,,,,,,No ap_message for mavlink id (253),,
3.8942749999999995,ATT,3,,0.0,0.0,77.08,0.01,0.0,0.0,,0.0,,,,77.08,,,,,,,,,,,,,,,,,,,,,,
3.8942749999999995,XKF1,,,,,,,,,,,,,,,,0.0,0.0,,,0.000615274828150278,,,,,,0.0,,,,,,,-0.0005510152550414205,,-0.0005510152550414205,-0.0002737613976933062
3.9942349999999998,ATT,3,,0.0,0.0,77.08,0.01,0.0,0.0,,0.0,,,,77.08,,,,,,,,,,,,,,,,,,,,,,
3.9942349999999998,XKF1,,,,,,,,,,,,,,,,0.0,0.0,,,0.0007253158640446731,,,,,,0.0,,,,,,,-0.0006878795684315264,,-0.0006878795684315264,-0.00023001043882686645
4.094195,ATT,3,,0.0,0.0,77.08,0.01,0.0,0.0,,0.0,,,,77.08,,,,,,,,,,,,,,,,,,,,,,
4.094195,XKF1,,,,,,,,,,,,,,,,0.0,0.0,,,0.0008504853627393141,,,,,,0.0,,,,,,,-0.0008175887633115053,,-0.0008175887633115053,-0.00023425192921422422
4.1949879999999995,ATT,3,,0.0,0.0,77.08,0.01,0.0,0.0,,0.0,,,,77.08,,,,,,,,,,,,,,,,,,,,,,
4.1949879999999995,XKF1,,,,,,,,,,,,,,,,0.0,0.0,,,0.0009643917267217234,,,,,,0.0,,,,,,,-0.0009297651122324169,,-0.0009297651122324169,-0.000256102008279413
4.294948,ATT,3,,0.0,0.0,77.08,0.0,0.0,0.0,,0.0,,,,77.08,,,,,,,,,,,,,,,,,,,,,,
4.294948,XKF1,,,,,,,,,,,,,,,,0.0,0.0,,,0.001077998361875938,,,,,,0.0,,,,,,,-0.001034154323861003,,-0.001034154323861003,-0.0003043111937586218
4.394908,ATT,3,,0.0,0.0,77.08,0.0,0.0,0.0,,0.0,,,,77.08,,,,,,,,,,,,,,,,,,,,,,
4.394908,XKF1,,,,,,,,,,,,,,,,0.0,0.0,,,0.0011870409440702257,,,,,,0.0,,,,,,,-0.001140436390414834,,-0.001140436390414834,-0.000329349422827363
4.494868,ATT,3,,0.0,0.0,77.08,0.0,0.0,0.0,,0.0,,,,77.08,,,,,,,,,,,,,,,,,,,,,,
4.494868,XKF1,,,,,,,,,,,,,,,,0.0,0.0,,,0.0013257127989142472,,,,,,0.0,,,,,,,-0.0012644199887290597,,-0.0012644199887290597,-0.0003984426148235798
4.594828,ATT,3,,0.0,0.0,77.08,0.0,0.0,0.0,,0.0,,,,77.08,,,,,,,,,,,,,,,,,,,,,,
4.594828,XKF1,,,,,,,,,,,,,,,,0.0,0.0,,,0.001449466384196693,,,,,,0.0,,,,,,,-0.0013843716587871313,,-0.0013843716587871313,-0.00042949727503582835
4.694788,ATT,3,,0.0,0.0,77.08,0.0,0.0,0.0,,0.0,,,,77.08,,,,,,,,,,,,,,,,,,,,,,
4.694788,XKF1,,,,,,,,,,,,,,,,0.0,0.0,,,0.0015054369913118683,,,,,,0.0,,,,,,,-0.0014201131416484714,,-0.0014201131416484714,-0.000499619054608047
4.794748,ATT,3,,0.0,0.0,77.08,0.0,0.0,0.0,,0.0,,,,77.08,,,,,,,,,,,,,,,,,,,,,,
4.794748,XKF1,,,,,,,,,,,,,,,,0.0,0.0,,,0.00158963613797953,,,,,,0.0,,,,,,,-0.001479832106269896,,-0.001479832106269896,-0.0005805514520034194
4.894708,ATT,3,,0.0,0.0,77.08,0.0,0.0,0.0,,0.0,,,,77.08,,,,,,,,,,,,,,,,,,,,,,
4.894708,XKF1,,,,,,,,,,,,,,,,0.0,0.0,,,0.0016796016479425574,,,,,,0.0,,,,,,,-0.0015542911132797599,,-0.0015542911132797599,-0.0006365852896124125
4.994668,ATT,3,,0.0,0.0,77.08,0.0,0.0,0.0,,0.0,,,,77.08,,,,,,,,,,,,,,,,,,,,,,
4.994668,XKF1,,,,,,,,,,,,,,,,0.0,0.0,,,0.001746065513116129,,,,,,0.0,,,,,,,-0.0016152637545019388,,-0.0016152637545019388,-0.0006630744901485741
5.094628,ATT,3,,0.0,0.0,77.08,0.0,0.0,0.0,,0.01,,,,77.08,,,,,,,,,,,,,,,,,,,,,,
5.094628,XKF1,,,,,,,,,,,,,,,,0.0,0.0,,,0.0017932916070378798,,,,,,0.0,,,,,,,-0.001639230060391128,,-0.001639230060391128,-0.0007271998329088092
5.1945879999999995,ATT,3,,0.0,0.0,77.08,0.0,0.0,0.0,,0.01,,,,77.08,,,,,,,,,,,,,,,,,,,,,,
5.1945879999999995,XKF1,,,,,,,,,,,,,,,,0.0,0.0,,,0.0018298132119881226,,,,,,0.0,,,,,,,-0.001657547545619309,,-0.001657547545619309,-0.0007750822696834803
5.294548,ATT,3,,0.0,0.0,77.08,0.0,0.0,0.0,,0.01,,,,77.08,,,,,,,,,,,,,,,,,,,,,,
5.294548,XKF1,,,,,,,,,,,,,,,,0.0,0.0,,,0.0018452871976999145,,,,,,0.0,,,,,,,-0.001668799901381135,,-0.001668799901381135,-0.0007875225273892283
5.394508,ATT,3,,0.0,0.0,77.08,0.0,0.0,0.0,,0.01,,,,77.08,,,,,,,,,,,,,,,,,,,,,,
5.394508,XKF1,,,,,,,,,,,,,,,,0.0,0.0,,,0.0018286763396535477,,,,,,0.0,,,,,,,-0.0016474227886646986,,-0.0016474227886646986,-0.0007937602349556983
5.4944679999999995,ATT,3,,0.0,0.0,77.08,0.0,0.0,0.0,,0.01,,,,77.08,,,,,,,,,,,,,,,,,,,,,,
5.4944679999999995,XKF1,,,,,,,,,,,,,,,,0.0,0.0,,,0.0018233471321616854,,,,,,0.0,,,,,,,-0.0016315255779772997,,-0.0016315255779772997,-0.0008140755817294121
5.594428,ATT,3,,0.0,0.0,77.08,0.0,0.0,0.0,,0.01,,,,77.08,,,,,,,,,,,,,,,,,,,,,,
5.594428,XKF1,,,,,,,,,,,,,,,,0.0,0.0,,,0.00178574437523157,,,,,,0.0,,,,,,,-0.0015737962676212192,,-0.0015737962676212192,-0.0008438295335508883
5.694388,ATT,3,,0.0,0.0,77.08,0.0,0.0,0.0,,0.01,,,,77.08,,,,,,,,,,,,,,,,,,,,,,
5.694388,XKF1,,,,,,,,,,,,,,,,0.0,0.0,,,0.0017223759847509895,,,,,,0.0,,,,,,,-0.0015246685361489654,,-0.0015246685361489654,-0.0008012271136976779
5.794347999999999,ATT,3,,0.0,0.0,77.08,0.0,0.0,0.0,,0.01,,,,77.08,,,,,,,,,,,,,,,,,,,,,,
5.794347999999999,XKF1,,,,,,,,,,,,,,,,0.0,0.0,,,0.001671649596011258,,,,,,0.0,,,,,,,-0.00143499206751585,,-0.00143499206751585,-0.0008574439561925828
5.8943080000000005,ATT,3,,0.0,0.0,77.08,0.0,0.0,0.0,,0.01,,,,77.08,,,,,,,,,,,,,,,,,,,,,,
5.8943080000000005,XKF1,,,,,,,,,,,,,,,,0.0,0.0,,,0.001610716847680002,,,,,,0.0,,,,,,,-0.0013649269239977002,,-0.0013649269239977002,-0.0008552094805054367
5.994268,ATT,3,,0.0,0.0,77.08,0.0,0.0,0.0,,0.01,,,,77.08,,,,,,,,,,,,,,,,,,,,,,
5.994268,XKF1,,,,,,,,,,,,,,,,0.0,0.0,,,0.0015490669489313371,,,,,,0.0,,,,,,,-0.0012922525638714433,,-0.0012922525638714433,-0.0008542199502699077
6.094227999999999,MSG,,,,,,,,,,,,,,,,,,,,,,,,,,,,,,,,,,GPS 1: detected as u-blox at 230400 baud,,
6.094227999999999,ATT,3,,0.0,0.0,77.08,0.0,0.0,0.0,,0.01,,,,77.08,,,,,,,,,,,,,,,,,,,,,,
6.094227999999999,XKF1,,,,,,,,,,,,,,,,0.0,0.0,,,0.0015321052449371625,,,,,,0.0,,,,,,,-0.0012596226297318935,,-0.0012596226297318935,-0.0008721796330064535
6.1941880000000005,ATT,3,,0.0,0.0,77.08,0.0,0.0,0.0,,0.01,,,,77.08,,,,,,,,,,,,,,,,,,,,,,
6.1941880000000005,XKF1,,,,,,,,,,,,,,,,0.0,0.0,,,0.0015014783281603976,,,,,,0.0,,,,,,,-0.001220565871335566,,-0.001220565871335566,-0.000874446181114763
6.294981,ATT,3,,0.0,0.0,77.08,0.0,0.0,0.0,,0.01,,,,77.08,,,,,,,,,,,,,,,,,,,,,,
6.294981,XKF1,,,,,,,,,,,,,,,,0.0,0.0,,,0.0014175597266339927,,,,,,0.0,,,,,,,-0.0011096663074567914,,-0.0011096663074567914,-0.0008821089868433774
6.294981,POS,,,,,,,,,,,,,,,,0.011132000130089637,0.0,,,,,37.4274999,-122.1697,,,-0.011132000130089637,,,,-0.027388732880353928,,,,,,
6.394940999999999,ATT,3,,0.0,0.0,77.27,0.0,0.04,0.0,,0.01,,,,77.27,,,,,,,,,,,,,,,,,,,,,,
6.394940999999999,XKF1,,,,,,,,,,,,,,,,0.0,0.0,,,0.0014209923755558326,,,,,,0.0,,,,,,,-0.001083971350453794,,-0.001083971350453794,-0.0009188174153678119
6.394940999999999,POS,,,,,,,,,,,,,,,,0.011132000130089637,0.0,,,,,37.4274999,-122.1697,,,-0.011132000130089637,,,,-0.027388732880353928,,,,,,
6.427427999999999,MODE,,,,,,,,,,,,,,,,,,,,,,,,GUIDED,,,,2,GCS_COMMAND,,,,,,,
6.447419999999999,MSG,,,,,,,,,,,,,,,,,,,,,,,,,,,,,,,,,,Arm: Accels inconsistent,,
6.447419999999999,MSG,,,,,,,,,,,,,,,,,,,,,,,,,,,,,,,,,,Arm: AHRS: waiting for home,,
6.447419999999999,MSG,,,,,,,,,,,,,,,,,,,,,,,,,,,,,,,,,,Arm: Fence requires position,,
6.4949010000000005,ATT,3,,0.0,0.0,77.74,0.0,0.07,0.0,,0.01,,,,77.74,,,,,,,,,,,,,,,,,,,,,,
6.4949010000000005,XKF1,,,,,,,,,,,,,,,,0.0,0.0,,,0.001455547256272119,,,,,,0.0,,,,,,,-0.001103013171814382,,-0.001103013171814382,-0.0009497261489741504
6.4949010000000005,POS,,,,,,,,,,,,,,,,0.011132000130089637,0.0,,,,,37.4274999,-122.1697,,,-0.011132000130089637,,,,-0.027388732880353928,,,,,,
6.594861,ATT,3,,0.0,0.0,78.36,0.0,0.09,0.0,,0.01,,,,78.36,,,,,,,,,,,,,,,,,,,,,,
6.594861,XKF1,,,,,,,,,,,,,,,,0.0,0.0,,,0.0015428527318130283,,,,,,0.0,,,,,,,-0.0011528927134349942,,-0.0011528927134349942,-0.001025296514853835
6.594861,POS,,,,,,,,,,,,,,,,0.011132000130089637,0.0,,,,,37.4274999,-122.1697,,,-0.011132000130089637,,,,-0.027388732880353928,,,,,,
6.694820999999999,ATT,3,,0.0,0.0,78.99,0.0,0.11,0.0,,0.01,,,,78.99,,,,,,,,,,,,,,,,,,,,,,
6.694820999999999,XKF1,,,,,,,,,,,,,,,,0.0,0.0,,,0.001560370314314555,,,,,,0.0,,,,,,,-0.0011093895882368088,,-0.0011093895882368088,-0.001097274012863636
6.694820999999999,POS,,,,,,,,,,,,,,,,0.011132000130089637,0.0,,,,,37.4274999,-122.1697,,,-0.011132000130089637,,,,-0.027388732880353928,,,,,,
6.794781,ATT,3,,0.0,0.0,79.58,0.0,0.12,0.0,,0.01,,,,79.58,,,,,,,,,,,,,,,,,,,,,,
6.794781,XKF1,,,,,,,,,,,,,,,,0.0,0.0,,,0.0016969246445212242,,,,,,0.0,,,,,,,-0.0011962017742916942,,-0.0011962017742916942,-0.0012036006664857268
6.794781,POS,,,,,,,,,,,,,,,,0.011132000130089637,0.0,,,,,37.4274999,-122.1697,,,-0.011132000130089637,,,,-0.027388732880353928,,,,,,
6.894741,ATT,3,,0.0,0.0,80.15,0.0,0.12,0.0,,0.01,,,,80.15,,,,,,,,,,,,,,,,,,,,,,
6.894741,XKF1,,,,,,,,,,,,,,,,0.0,0.0,,,0.0017433072933815802,,,,,,0.0,,,,,,,-0.0012113724369555712,,-0.0012113724369555712,-0.0012536734575405717
6.894741,POS,,,,,,,,,,,,,,,,0.011132000130089637,0.0,,,,,37.4274999,-122.1697,,,-0.011132000130089637,,,,-0.027388732880353928,,,,,,
6.994700999999999,ATT,3,,0.0,0.0,80.68,0.0,0.12,0.0,,0.01,,,,80.68,,,,,,,,,,,,,,,,,,,,,,
6.994700999999999,XKF1,,,,,,,,,,,,,,,,0.0,0.0,,,0.0017640243416442833,,,,,,0.0,,,,,,,-0.0011728281388059258,,-0.0011728281388059258,-0.0013176706852391362
6.994700999999999,POS,,,,,,,,,,,,,,,,0.011132000130089637,0.0,,,,,37.4274999,-122.1697,,,-0.011132000130089637,,,,-0.027388732880353928,,,,,,
7.094661,ATT,3,,0.0,0.0,81.2,0.0,0.12,0.0,,0.01,,,,81.2,,,,,,,,,,,,,,,,,,,,,,
7.094661,XKF1,,,,,,,,,,,,,,,,0.0,0.0,,,0.001727154787069574,,,,,,0.0,,,,,,,-0.001116173341870308,,-0.001116173341870308,-0.00131803669501096
7.094661,POS,,,,,,,,,,,,,,,,0.011132000130089637,0.0,,,,,37.4274999,-122.1697,,,-0.011132000130089637,,,,-0.027388732880353928,,,,,,
7.194621,ATT,3,,0.0,0.0,81.71,0.0,0.12,0.0,,0.01,,,,81.71,,,,,,,,,,,,,,,,,,,,,,
7.194621,XKF1,,,,,,,,,,,,,,,,0.0,0.0,,,0.0017303458403585094,,,,,,0.0,,,,,,,-0.0011108480393886566,,-0.0011108480393886566,-0.00132669263985008
7.194621,POS,,,,,,,,,,,,,,,,0.011132000130089637,0.0,,,,,37.4274999,-122.1697,,,-0.011132000130089637,,,,-0.027388732880353928,,,,,,
7.294580999999999,ATT,3,,0.0,0.0,82.2,0.0,0.11,0.0,,0.01,,,,82.2,,,,,,,,,,,,,,,,,,,,,,
7.294580999999999,XKF1,,,,,,,,,,,,,,,,0.0,0.0,,,0.0017057093182071344,,,,,,0.0,,,,,,,-0.0010780610609799623,,-0.0010780610609799623,-0.0013218277599662542
7.294580999999999,POS,,,,,,,,,,,,,,,,0.011132000130089637,0.0,,,,,37.4274999,-122.1697,,,-0.011132000130089637,,,,-0.027388732880353928,,,,,,
7.394541,ATT,3,,0.0,0.0,82.68,0.0,0.11,0.0,,0.01,,,,82.68,,,,,,,,,,,,,,,,,,,,,,
7.394541,XKF1,,,,,,,,,,,,,,,,0.0,0.0,,,0.0017845202048611202,,,,,,0.0,,,,,,,-0.0010730305220931768,,-0.0010730305220931768,-0.0014258744195103645
7.394541,POS,,,,,,,,,,,,,,,,0.011132000130089637,0.0,,,,,37.4274999,-122.1697,,,-0.011132000130089637,,,,-0.027388732880353928,,,,,,
7.494501,ATT,3,,0.0,0.0,83.15,0.0,0.1,0.0,,0.01,,,,83.15,,,,,,,,,,,,,,,,,,,,,,
7.494501,XKF1,,,,,,,,,,,,,,,,0.0,0.0,,,0.0017907594886282909,,,,,,0.0,,,,,,,-0.00101414043456316,,-0.00101414043456316,-0.0014759196201339364
7.494501,POS,,,,,,,,,,,,,,,,0.011132000130089637,0.0,,,,,37.4274999,-122.1697,,,-0.011132000130089637,,,,-0.027388732880353928,,,,,,
7.594460999999999,ATT,3,,0.0,0.0,83.6,0.0,0.1,0.0,,0.01,,,,83.6,,,,,,,,,,,,,,,,,,,,,,
7.594460999999999,XKF1,,,,,,,,,,,,,,,,0.0,0.0,,,0.0017693975699958414,,,,,,0.0,,,,,,,-0.000970614142715931,,-0.0009706141427159309,-0.0014794174348935485
7.594460999999999,POS,,,,,,,,,,,,,,,,0.011132000130089637,0.0,,,,,37.4274999,-122.1697,,,-0.011132000130089637,,,,-0.027388732880353928,,,,,,
7.694421,ATT,3,,0.0,0.0,84.03,0.0,0.09,0.0,,0.01,,,,84.03,,,,,,,,,,,,,,,,,,,,,,
7.694421,XKF1,,,,,,,,,,,,,,,,0.0,0.0,,,0.0017432508099182436,,,,,,0.0,,,,,,,-0.0009283090475946666,,-0.0009283090475946665,-0.0014755221782252192
7.694421,POS,,,,,,,,,,,,,,,,0.011132000130089637,0.0,,,,,37.4274999,-122.1697,,,-0.011132000130089637,,,,-0.027388732880353928,,,,,,
7.794381,ATT,3,,0.0,0.0,84.46,0.0,0.09,0.0,,0.01,,,,84.46,,,,,,,,,,,,,,,,,,,,,,
7.794381,XKF1,,,,,,,,,,,,,,,,0.0,0.0,,,0.0017802255584159013,,,,,,0.0,,,,,,,-0.0008834918844513596,,-0.0008834918844513595,-0.001545524224638939
7.794381,POS,,,,,,,,,,,,,,,,0.011132000130089637,0.0,,,,,37.4274999,-122.1697,,,-0.011132000130089637,,,,-0.027388732880353928,,,,,,
7.894341000000001,ATT,3,,0.0,0.0,84.87,0.0,0.08,0.0,,0.01,,,,84.87,,,,,,,,,,,,,,,,,,,,,,
7.894341000000001,XKF1,,,,,,,,,,,,,,,,0.0,0.0,,,0.0017626848174507534,,,,,,0.0,,,,,,,-0.0008726115920580925,,-0.0008726115920580924,-0.00153153738938272
7.894341000000001,POS,,,,,,,,,,,,,,,,0.011132000130089637,0.0,,,,,37.4274999,-122.1697,,,-0.011132000130089637,,,,-0.027388732880353928,,,,,,
7.994301,ATT,3,,0.0,0.0,85.26,0.0,0.07,0.0,,0.01,,,,85.26,,,,,,,,,,,,,,,,,,,,,,
7.994301,XKF1,,,,,,,,,,,,,,,,0.0,0.0,,,0.0017450582275798825,,,,,,0.0,,,,,,,-0.0008256968576461078,,-0.0008256968576461077,-0.001537352567538619
7.994301,POS,,,,,,,,,,,,,,,,0.011132000130089637,0.0,,,,,37.4274999,-122.1697,,,-0.011132000130089637,,,,-0.027388732880353928,,,,,,
8.094261,ATT,3,,0.0,0.0,85.63,0.0,0.07,0.0,,0.01,,,,85.63,,,,,,,,,,,,,,,,,,,,,,
8.094261,XKF1,,,,,,,,,,,,,,,,0.0,0.0,,,0.00174996641393027,,,,,,0.0,,,,,,,-0.0007582029793411494,,-0.0007582029793411493,-0.0015771844191476703
8.094261,POS,,,,,,,,,,,,,,,,0.011132000130089637,0.0,,,,,37.4274999,-122.1697,,,-0.011132000130089637,,,,-0.027388732880353928,,,,,,
8.194221,ATT,3,,0.0,0.0,86.0,0.0,0.06,0.0,,0.01,,,,86.0,,,,,,,,,,,,,,,,,,,,,,
8.194221,XKF1,,,,,,,,,,,,,,,,0.0,0.0,,,0.001703031015088965,,,,,,0.0,,,,,,,-0.0007364650955423714,,-0.0007364650955423713,-0.001535556511953473
8.194221,POS,,,,,,,,,,,,,,,,0.011132000130089637,0.0,,,,,37.4274999,-122.1697,,,-0.011132000130089637,,,,-0.027388732880353928,,,,,,
8.294181,ATT,3,,0.0,0.0,86.36,0.0,0.06,0.0,,0.01,,,,86.36,,,,,,,,,,,,,,,,,,,,,,
8.294181,XKF1,,,,,,,,,,,,,,,,0.0,0.0,,,0.0016782189533587335,,,,,,0.0,,,,,,,-0.0006933734402991832,,-0.0006933734402991831,-0.0015282840467989445
8.294181,POS,,,,,,,,,,,,,,,,0.011132000130089637,0.0,,,,,37.4274999,-122.1697,,,-0.011132000130089637,,,,-0.027388732880353928,,,,,,
8.394974,ATT,3,,0.0,0.0,86.7,0.0,0.05,0.0,,0.01,,,,86.7,,,,,,,,,,,,,,,,,,,,,,
8.394974,XKF1,,,,,,,,,,,,,,,,0.0,0.0,,,0.0016935335460160211,,,,,,0.0,,,,,,,-0.000717967690434307,,-0.0007179676904343069,-0.001533811679109931
8.394974,POS,,,,,,,,,,,,,,,,0.011132000130089637,0.0,,,,,37.4274999,-122.1697,,,-0.011132000130089637,,,,-0.027388732880353928,,,,,,
8.494934,ATT,3,,0.0,0.0,87.04,0.0,0.05,0.0,,0.01,,,,87.04,,,,,,,,,,,,,,,,,,,,,,
8.494934,XKF1,,,,,,,,,,,,,,,,0.0,0.0,,,0.0017074989333407938,,,,,,0.0,,,,,,,-0.0007070319843478502,,-0.0007070319843478501,-0.0015542388428002596
8.494934,POS,,,,,,,,,,,,,,,,0.011132000130089637,0.0,,,,,37.4274999,-122.1697,,,-0.011132000130089637,,,,-0.027388732880353928,,,,,,
8.594894,ATT,3,,0.0,0.0,87.36,0.0,0.04,0.0,,0.01,,,,87.36,,,,,,,,,,,,,,,,,,,,,,
8.594894,XKF1,,,,,,,,,,,,,,,,0.0,0.0,,,0.001726583152637053,,,,,,0.0,,,,,,,-0.0006680726073682309,,-0.0006680726073682308,-0.001592095592059195
8.594894,POS,,,,,,,,,,,,,,,,0.011132000130089637,0.0,,,,,37.4274999,-122.1697,,,-0.011132000130089637,,,,-0.027388732880353928,,,,,,
8.694854,ATT,3,,0.0,0.0,87.67,0.0,0.04,0.0,,0.01,,,,87.67,,,,,,,,,,,,,,,,,,,,,,
8.694854,XKF1,,,,,,,,,,,,,,,,0.0,0.0,,,0.0017016797559002133,,,,,,0.0,,,,,,,-0.0006796758389100433,,-0.0006796758389100432,-0.0015600495971739292
8.694854,POS,,,,,,,,,,,,,,,,0.011132000130089637,0.0,,,,,37.4274999,-122.1697,,,-0.011132000130089637,,,,-0.027388732880353928,,,,,,
8.794814,ATT,3,,0.0,0.0,87.97,0.0,0.04,0.0,,0.01,,,,87.97,,,,,,,,,,,,,,,,,,,,,,
8.794814,XKF1,,,,,,,,,,,,,,,,0.0,0.0,,,0.0017342827882454019,,,,,,0.0,,,,,,,-0.0007222396670840682,,-0.0007222396670840681,-0.001576739246957004
8.794814,POS,,,,,,,,,,,,,,,,0.011132000130089637,0.0,,,,,37.4274999,-122.1697,,,-0.011132000130089637,,,,-0.027388732880353928,,,,,,
8.894774,ATT,3,,0.0,0.0,88.26,0.0,0.03,0.0,,0.01,,,,88.26,,,,,,,,,,,,,,,,,,,,,,
8.894774,XKF1,,,,,,,,,,,,,,,,0.0,0.0,,,0.001740829624006027,,,,,,0.0,,,,,,,-0.0007182567496784032,,-0.0007182567496784031,-0.0015857474645599723
8.894774,POS,,,,,,,,,,,,,,,,0.011132000130089637,0.0,,,,,37.4274999,-122.1697,,,-0.011132000130089637,,,,-0.027388732880353928,,,,,,
8.994734,ATT,3,,0.0,0.0,88.53,0.0,0.03,0.0,,0.01,,,,88.53,,,,,,,,,,,,,,,,,,,,,,
8.994734,XKF1,,,,,,,,,,,,,,,,0.0,0.0,,,0.0017415440774896694,,,,,,0.0,,,,,,,-0.0007360961171798409,,-0.0007360961171798408,-0.0015783340204507113
8.994734,POS,,,,,,,,,,,,,,,,0.011132000130089637,0.0,,,,,37.4274999,-122.1697,,,-0.011132000130089637,,,,-0.027388732880353928,,,,,,
9.094694,ATT,3,,0.0,0.0,88.8,0.0,0.03,0.0,,0.01,,,,88.8,,,,,,,,,,,,,,,,,,,,,,
9.094694,XKF1,,,,,,,,,,,,,,,,0.0,0.0,,,0.0017558438419906924,,,,,,0.0,,,,,,,-0.0007154231425374747,,-0.0007154231425374746,-0.0016034828731790185
9.094694,POS,,,,,,,,,,,,,,,,0.011132000130089637,0.0,,,,,37.4274999,-122.1697,,,-0.011132000130089637,,,,-0.027388732880353928,,,,,,
9.194654,ATT,3,,0.0,0.0,89.05,0.0,0.02,0.0,,0.01,,,,89.05,,,,,,,,,,,,,,,,,,,,,,
9.194654,XKF1,,,,,,,,,,,,,,,,0.0,0.0,,,0.0017951277755065326,,,,,,0.0,,,,,,,-0.000718256225809455,,-0.0007182562258094549,-0.0016451722476631403
9.194654,POS,,,,,,,,,,,,,,,,0.011132000130089637,0.0,,,,,37.4274999,-122.1697,,,-0.011132000130089637,,,,-0.027388732880353928,,,,,,
9.294614,ATT,3,,0.0,0.0,89.29,0.0,0.02,0.0,,0.01,,,,89.29,,,,,,,,,,,,,,,,,,,,,,
9.294614,XKF1,,,,,,,,,,,,,,,,0.0,0.0,,,0.0017330642850602296,,,,,,0.0,,,,,,,-0.0006784825236536564,,-0.0006784825236536562,-0.0015947329811751842
9.294614,POS,,,,,,,,,,,,,,,,0.011132000130089637,0.0,,,,,37.4274999,-122.1697,,,-0.011132000130089637,,,,-0.027388732880353928,,,,,,
9.394574,ATT,3,,0.0,0.0,89.52,0.0,0.02,0.0,,0.01,,,,89.52,,,,,,,,,,,,,,,,,,,,,,
9.394574,XKF1,,,,,,,,,,,,,,,,0.0,0.0,,,0.0017540231435002162,,,,,,0.0,,,,,,,-0.000668331515043974,,-0.0006683315150439739,-0.0016217059455811977
9.394574,POS,,,,,,,,,,,,,,,,0.011132000130089637,0.0,,,,,37.4274999,-122.1697,,,-0.011132000130089637,,,,-0.027388732880353928,,,,,,
9.494534,ATT,3,,0.0,0.0,89.74,0.0,0.02,0.0,,0.01,,,,89.74,,,,,,,,,,,,,,,,,,,,,,
9.494534,XKF1,,,,,,,,,,,,,,,,0.0,0.0,,,0.0017484702737235044,,,,,,0.0,,,,,,,-0.0006400655256584288,,-0.0006400655256584287,-0.0016271030763164163
9.494534,POS,,,,,,,,,,,,,,,,0.011132000130089637,0.0,,,,,37.4274999,-122.1697,,,-0.011132000130089637,,,,-0.027388732880353928,,,,,,
9.594494,ATT,3,,0.0,0.0,89.96,0.0,0.02,0.0,,0.01,,,,89.96,,,,,,,,,,,,,,,,,,,,,,
9.594494,XKF1,,,,,,,,,,,,,,,,0.0,0.0,,,0.0017867716651256255,,,,,,0.0,,,,,,,-0.0006472368841059507,,-0.0006472368841059506,-0.0016654240898787975
9.594494,POS,,,,,,,,,,,,,,,,0.011132000130089637,0.0,,,,,37.4274999,-122.1697,,,-0.011132000130089637,,,,-0.027388732880353928,,,,,,
9.694454,ATT,3,,0.0,0.0,90.16,0.0,0.01,0.0,,0.01,,,,90.16,,,,,,,,,,,,,,,,,,,,,,
9.694454,XKF1,,,,,,,,,,,,,,,,0.0,0.0,,,0.001778219682326071,,,,,,0.0,,,,,,,-0.0006172827561385931,,-0.000617282756138593,-0.0016676412196829915
9.694454,POS,,,,,,,,,,,,,,,,0.011132000130089637,0.0,,,,,37.4274999,-122.1697,,,-0.011132000130089637,,,,-0.027388732880353928,,,,,,
9.794414,ATT,3,,0.0,0.0,90.35,0.0,0.01,0.0,,0.01,,,,90.35,,,,,,,,,,,,,,,,,,,,,,
9.794414,XKF1,,,,,,,,,,,,,,,,0.0,0.0,,,0.0018344211907911135,,,,,,0.0,,,,,,,-0.0006288604927249254,,-0.0006288604927249253,-0.001723263063468039
9.794414,POS,,,,,,,,,,,,,,,,0.011132000130089637,0.0,,,,,37.4274999,-122.1697,,,-0.011132000130089637,,,,-0.027388732880353928,,,,,,
9.894374,ATT,3,,0.0,0.0,90.54,0.0,0.01,0.0,,0.01,,,,90.54,,,,,,,,,,,,,,,,,,,,,,
9.894374,XKF1,,,,,,,,,,,,,,,,0.0,0.0,,,0.0018667701088835994,,,,,,0.0,,,,,,,-0.000628011825028807,,-0.0006280118250288069,-0.0017579623963683844
9.894374,POS,,,,,,,,,,,,,,,,0.011132000130089637,0.0,,,,,37.4274999,-122.1697,,,-0.011132000130089637,,,,-0.027388732880353928,,,,,,
9.994334,ATT,3,,0.0,0.0,90.71,0.0,0.01,0.0,,0.01,,,,90.71,,,,,,,,,,,,,,,,,,,,,,
9.994334,XKF1,,,,,,,,,,,,,,,,0.0,0.0,,,0.0018749298353703259,,,,,,0.0,,,,,,,-0.0006373045034706594,,-0.0006373045034706593,-0.0017632937524467707
9.994334,POS,,,,,,,,,,,,,,,,0.011132000130089637,0.0,,,,,37.4274999,-122.1697,,,-0.011132000130089637,,,,-0.027388732880353928,,,,,,
10.094294,ATT,3,,0.0,0.0,90.88,0.0,0.01,0.0,,0.01,,,,90.88,,,,,,,,,,,,,,,,,,,,,,
10.094294,XKF1,,,,,,,,,,,,,,,,0.0,0.0,,,0.0018932797578509707,,,,,,0.0,,,,,,,-0.0006495415582321585,,-0.0006495415582321584,-0.0017783711664378643
10.094294,POS,,,,,,,,,,,,,,,,0.011132000130089637,0.0,,,,,37.4274999,-122.1697,,,-0.011132000130089637,,,,-0.027388732880353928,,,,,,
10.194253999999999,ATT,3,,0.0,0.0,91.04,0.0,0.01,0.0,,0.01,,,,91.04,,,,,,,,,,,,,,,,,,,,,,
10.194253999999999,XKF1,,,,,,,,,,,,,,,,0.0,0.0,,,0.0019146009214398138,,,,,,0.0,,,,,,,-0.0006734798662364484,,-0.0006734798662364483,-0.0017922392580658197
10.194253999999999,POS,,,,,,,,,,,,,,,,0.011132000130089637,0.0,,,,,37.4274999,-122.1697,,,-0.011132000130089637,,,,-0.027388732880353928,,,,,,
10.294214,ATT,3,,0.0,0.0,91.2,0.0,0.01,0.0,,0.01,,,,91.2,,,,,,,,,,,,,,,,,,,,,,
10.294214,XKF1,,,,,,,,,,,,,,,,0.0,0.0,,,0.0018817134670597775,,,,,,0.0,,,,,,,-0.0006324131973087789,,-0.0006324131973087788,-0.001772258197888732
10.294214,POS,,,,,,,,,,,,,,,,0.011132000130089637,0.0,,,,,37.4274999,-122.1697,,,-0.011132000130089637,,,,-0.027388732880353928,,,,,,
10.394174,ATT,3,,0.0,0.0,91.34,0.0,0.01,0.0,,0.01,,,,91.34,,,,,,,,,,,,,,,,,,,,,,
10.394174,XKF1,,,,,,,,,,,,,,,,0.0,0.0,,,0.001968384736916526,,,,,,0.0,,,,,,,-0.0006129860994406046,,-0.0006129860994406044,-0.0018705043476074934
10.394174,POS,,,,,,,,,,,,,,,,0.011132000130089637,0.0,,,,,37.4274999,-122.1697,,,-0.011132000130089637,,,,-0.027388732880353928,,,,,,
10.494966999999999,ATT,3,,0.0,0.0,91.48,0.0,0.0,0.0,,0.01,,,,91.48,,,,,,,,,,,,,,,,,,,,,,
10.494966999999999,XKF1,,,,,,,,,,,,,,,,0.0,0.0,,,0.0019708464148146085,,,,,,0.0,,,,,,,-0.0006191449356265367,,-0.0006191449356265366,-0.0018710679141804576
10.494966999999999,POS,,,,,,,,,,,,,,,,0.011132000130089637,0.0,,,,,37.4274999,-122.1697,,,-0.011132000130089637,,,,-0.027388732880353928,,,,,,
10.594927,ATT,3,,0.0,0.0,91.61,0.0,0.0,0.0,,0.01,,,,91.61,,,,,,,,,,,,,,,,,,,,,,
10.594927,XKF1,,,,,,,,,,,,,,,,0.0,0.0,,,0.0019615909076211974,,,,,,0.0,,,,,,,-0.0006495033740065993,,-0.0006495033740065992,-0.001850941451266408
10.594927,POS,,,,,,,,,,,,,,,,0.011132000130089637,0.0,,,,,37.4274999,-122.1697,,,-0.011132000130089637,,,,-0.027388732880353928,,,,,,
10.694887,ATT,3,,0.0,0.0,91.74,0.0,0.0,0.0,,0.01,,,,91.74,,,,,,,,,,,,,,,,,,,,,,
10.694887,XKF1,,,,,,,,,,,,,,,,0.0,0.0,,,0.0020279390013048107,,,,,,0.0,,,,,,,-0.0006792754284106196,,-0.0006792754284106195,-0.0019107908010482788
10.694887,POS,,,,,,,,,,,,,,,,0.011132000130089637,0.0,,,,,37.4274999,-122.1697,,,-0.011132000130089637,,,,-0.027388732880353928,,,,,,
10.794847,ATT,3,,0.0,0.0,91.86,0.0,0.0,0.0,,0.01,,,,91.86,,,,,,,,,,,,,,,,,,,,,,
10.794847,XKF1,,,,,,,,,,,,,,,,0.0,0.0,,,0.0020562569376198396,,,,,,0.0,,,,,,,-0.0007651742198504509,,-0.0007651742198504508,-0.0019085861276835203
10.794847,POS,,,,,,,,,,,,,,,,0.011132000130089637,0.0,,,,,37.4274999,-122.1697,,,-0.011132000130089637,,,,-0.027388732880353928,,,,,,
10.894807,ATT,3,,0.0,0.0,91.97,0.0,0.0,0.0,,0.01,,,,91.97,,,,,,,,,,,,,,,,,,,,,,
10.894807,XKF1,,,,,,,,,,,,,,,,0.0,0.0,,,0.0021098535883610856,,,,,,0.0,,,,,,,-0.0008491199696436525,,-0.0008491199696436524,-0.0019314443925395608
10.894807,POS,,,,,,,,,,,,,,,,0.011132000130089637,0.0,,,,,37.4274999,-122.1697,,,-0.011132000130089637,,,,-0.027388732880353928,,,,,,
10.994767,ATT,3,,0.0,0.0,92.07,0.0,0.0,0.0,,0.01,,,,92.07,,,,,,,,,,,,,,,,,,,,,,
10.994767,XKF1,,,,,,,,,,,,,,,,0.0,0.0,,,0.0021608341421652097,,,,,,0.0,,,,,,,-0.0008841601666063071,,-0.000884160166606307,-0.0019716655369848013
10.994767,POS,,,,,,,,,,,,,,,,0.011132000130089637,0.0,,,,,37.4274999,-122.1697,,,-0.011132000130089637,,,,-0.027388732880353928,,,,,,
11.094727,ATT,3,,0.0,0.0,92.18,0.0,0.0,0.0,,0.01,,,,92.18,,,,,,,,,,,,,,,,,,,,,,
11.094727,XKF1,,,,,,,,,,,,,,,,0.0,0.0,,,0.002206458575950025,,,,,,0.0,,,,,,,-0.000935515738092363,,-0.0009355157380923629,-0.001998316729441285
11.094727,POS,,,,,,,,,,,,,,,,0.011132000130089637,0.0,,,,,37.4274999,-122.1697,,,-0.011132000130089637,,,,-0.027388732880353928,,,,,,
11.194687,ATT,3,,0.0,0.0,92.27,0.0,0.0,0.0,,0.01,,,,92.27,,,,,,,,,,,,,,,,,,,,,,
11.194687,XKF1,,,,,,,,,,,,,,,,0.0,0.0,,,0.0022270553464352892,,,,,,0.0,,,,,,,-0.0009673031745478512,,-0.0009673031745478511,-0.0020060159731656313
11.194687,POS,,,,,,,,,,,,,,,,0.011132000130089637,0.0,,,,,37.4274999,-122.1697,,,-0.011132000130089637,,,,-0.027388732880353928,,,,,,
11.294647,ATT,3,,0.0,0.0,92.36,0.0,0.0,0.0,,0.01,,,,92.36,,,,,,,,,,,,,,,,,,,,,,
11.294647,XKF1,,,,,,,,,,,,,,,,0.0,0.0,,,0.0022961831851318337,,,,,,0.0,,,,,,,-0.0010338962310925128,,-0.0010338962310925126,-0.0020502477418631315
11.294647,POS,,,,,,,,,,,,,,,,0.011132000130089637,0.0,,,,,37.4274999,-122.1697,,,-0.011132000130089637,,,,-0.027388732880353928,,,,,,
11.394607,ATT,3,,0.0,0.0,92.45,0.0,0.0,0.0,,0.01,,,,92.45,,,,,,,,,,,,,,,,,,,,,,
11.394607,XKF1,,,,,,,,,,,,,,,,0.0,0.0,,,0.0023031329542848793,,,,,,0.0,,,,,,,-0.0011219397420063617,,-0.0011219397420063615,-0.0020113857463002205
11.394607,POS,,,,,,,,,,,,,,,,0.011132000130089637,0.0,,,,,37.4274999,-122.1697,,,-0.011132000130089637,,,,-0.027388732880353928,,,,,,
11.494567,ATT,3,,0.0,0.0,92.53,0.0,0.0,0.0,,0.01,,,,92.53,,,,,,,,,,,,,,,,,,,,,,
11.494567,XKF1,,,,,,,,,,,,,,,,0.0,0.0,,,0.0023675706084512636,,,,,,0.0,,,,,,,-0.0012188472319394352,,-0.001218847231939435,-0.0020297295413911343
11.494567,POS,,,,,,,,,,,,,,,,0.011132000130089637,0.0,,,,,37.4274999,-122.1697,,,-0.011132000130089637,,,,-0.027388732880353928,,,,,,
11.594527,ATT,3,,0.0,0.0,92.61,0.0,0.0,0.0,,0.01,,,,92.61,,,,,,,,,,,,,,,,,,,,,,
11.594527,XKF1,,,,,,,,,,,,,,,,0.0,0.0,,,0.0024414537378236387,,,,,,0.0,,,,,,,-0.001258831471204758,,-0.0012588314712047577,-0.0020918985828757286
11.594527,POS,,,,,,,,,,,,,,,,0.011132000130089637,0.0,,,,,37.4274999,-122.1697,,,-0.011132000130089637,,,,-0.027388732880353928,,,,,,
11.694487,ATT,3,,0.0,0.0,92.68,0.0,0.0,0.0,,0.01,,,,92.68,,,,,,,,,,,,,,,,,,,,,,
11.694487,XKF1,,,,,,,,,,,,,,,,0.0,0.0,,,0.002472096167415335,,,,,,0.0,,,,,,,-0.0013281059218570592,,-0.001328105921857059,-0.002085040556266904
11.694487,POS,,,,,,,,,,,,,,,,0.011132000130089637,0.0,,,,,37.4274999,-122.1697,,,-0.011132000130089637,,,,-0.027388732880353928,,,,,,
11.794447,ATT,3,,0.0,0.0,92.75,0.0,0.0,0.0,,0.01,,,,92.75,,,,,,,,,,,,,,,,,,,,,,
11.794447,XKF1,,,,,,,,,,,,,,,,0.0,0.0,,,0.002546902386292004,,,,,,0.0,,,,,,,-0.0014012590982019903,,-0.0014012590982019901,-0.00212677801027894
11.794447,POS,,,,,,,,,,,,,,,,0.011132000130089637,0.0,,,,,37.4274999,-122.1697,,,-0.011132000130089637,,,,-0.027388732880353928,,,,,,
11.894407,ATT,3,,0.0,0.0,92.82,0.0,0.0,0.0,,0.01,,,,92.82,,,,,,,,,,,,,,,,,,,,,,
11.894407,XKF1,,,,,,,,,,,,,,,,0.0,0.0,,,0.002619608795928696,,,,,,0.0,,,,,,,-0.0014622536255046727,,-0.0014622536255046725,-0.002173514338210225
11.894407,POS,,,,,,,,,,,,,,,,0.011132000130089637,0.0,,,,,37.4274999,-122.1697,,,-0.011132000130089637,,,,-0.027388732880353928,,,,,,
11.994367,ATT,3,,0.0,0.0,92.88,0.0,0.0,0.0,,0.01,,,,92.88,,,,,,,,,,,,,,,,,,,,,,
11.994367,XKF1,,,,,,,,,,,,,,,,0.0,0.0,,,0.0026719351767403926,,,,,,0.0,,,,,,,-0.0015295579796656968,,-0.0015295579796656966,-0.002190819475799799
11.994367,POS,,,,,,,,,,,,,,,,0.011132000130089637,0.0,,,,,37.4274999,-122.1697,,,-0.011132000130089637,,,,-0.027388732880353928,,,,,,
12.094327,ATT,3,,0.0,0.0,92.93,0.0,0.0,0.0,,0.01,,,,92.93,,,,,,,,,,,,,,,,,,,,,,
12.094327,XKF1,,,,,,,,,,,,,,,,0.0,0.0,,,0.002808278261759325,,,,,,0.0,,,,,,,-0.0016388846561312678,,-0.0016388846561312675,-0.0022804569453001022
12.094327,POS,,,,,,,,,,,,,,,,0.011132000130089637,0.0,,,,,37.4274999,-122.1697,,,-0.011132000130089637,,,,-0.027388732880353928,,,,,,
12.194287,ATT,3,,0.0,0.0,92.99,0.0,0.0,0.0,,0.01,,,,92.99,,,,,,,,,,,,,,,,,,,,,,
12.194287,XKF1,,,,,,,,,,,,,,,,0.0,0.0,,,0.0028748523024733135,,,,,,0.0,,,,,,,-0.0016851382097229364,,-0.0016851382097229362,-0.002329181181266904
12.194287,POS,,,,,,,,,,,,,,,,0.011132000130089637,0.0,,,,,37.4274999,-122.1697,,,-0.011132000130089637,,,,-0.027388732880353928,,,,,,
12.294247,ATT,3,,0.0,0.0,93.04,0.0,0.0,0.0,,0.01,,,,93.04,,,,,,,,,,,,,,,,,,,,,,
12.294247,XKF1,,,,,,,,,,,,,,,,0.0,0.0,,,0.0030073802900803274,,,,,,0.0,,,,,,,-0.0018244876991957428,,-0.0018244876991957426,-0.002390728099271655
12.294247,POS,,,,,,,,,,,,,,,,0.011132000130089637,0.0,,,,,37.4274999,-122.1697,,,-0.011132000130089637,,,,-0.027388732880353928,,,,,,
12.394207,ATT,3,,0.0,0.0,93.09,0.0,0.0,0.0,,0.01,,,,93.09,,,,,,,,,,,,,,,,,,,,,,
12.394207,XKF1,,,,,,,,,,,,,,,,0.0,0.0,,,0.003129185259783976,,,,,,0.0,,,,,,,-0.001887055113911629,,-0.0018870551139116287,-0.0024961617309600115
12.394207,POS,,,,,,,,,,,,,,,,0.011132000130089637,0.0,,,,,37.4274999,-122.1697,,,-0.011132000130089637,,,,-0.027388732880353928,,,,,,
12.495,ATT,3,,0.0,0.0,93.14,0.0,0.0,0.0,,0.01,,,,93.14,,,,,,,,,,,,,,,,,,,,,,
12.495,XKF1,,,,,,,,,,,,,,,,0.0,0.0,,,0.003278331661493322,,,,,,0.0,,,,,,,-0.001990213058888912,,-0.001990213058888912,-0.00260509317740798
12.495,POS,,,,,,,,,,,,,,,,0.011132000130089637,0.0,,,,,37.4274999,-122.1697,,,-0.011132000130089637,,,,-0.027388732880353928,,,,,,
12.59496,ATT,3,,0.0,0.0,93.18,0.0,0.0,0.0,,0.01,,,,93.18,,,,,,,,,,,,,,,,,,,,,,
12.59496,XKF1,,,,,,,,,,,,,,,,0.0,0.0,,,0.0033704629910106545,,,,,,0.0,,,,,,,-0.002104301704093814,,-0.002104301704093814,-0.002632856834679842
12.59496,POS,,,,,,,,,,,,,,,,0.011132000130089637,0.0,,,,,37.4274999,-122.1697,,,-0.011132000130089637,,,,-0.027388732880353928,,,,,,
12.69492,ATT,3,,0.0,0.0,93.22,0.0,0.0,0.0,,0.01,,,,93.22,,,,,,,,,,,,,,,,,,,,,,
12.69492,XKF1,,,,,,,,,,,,,,,,0.0,0.0,,,0.0034647740431455808,,,,,,0.0,,,,,,,-0.0021857095416635275,,-0.0021857095416635275,-0.002688369946554303
12.69492,POS,,,,,,,,,,,,,,,,0.011132000130089637,0.0,,,,,37.4274999,-122.1697,,,-0.011132000130089637,,,,-0.027388732880353928,,,,,,
12.79488,ATT,3,,0.0,0.0,93.26,0.0,0.0,0.0,,0.01,,,,93.26,,,,,,,,,,,,,,,,,,,,,,
12.79488,XKF1,,,,,,,,,,,,,,,,0.0,0.0,,,0.0035881768356693907,,,,,,0.0,,,,,,,-0.002266191178932786,,-0.002266191178932786,-0.0027819760143756866
12.79488,POS,,,,,,,,,,,,,,,,0.011132000130089637,0.0,,,,,37.4274999,-122.1697,,,-0.011132000130089637,,,,-0.027388732880353928,,,,,,
12.89484,ATT,3,,0.0,0.0,93.29,0.0,0.0,0.0,,0.01,,,,93.29,,,,,,,,,,,,,,,,,,,,,,
12.89484,XKF1,,,,,,,,,,,,,,,,0.0,0.0,,,0.0037414664567155245,,,,,,0.0,,,,,,,-0.0023670534137636423,,-0.0023670534137636423,-0.002897521248087287
12.89484,POS,,,,,,,,,,,,,,,,0.011132000130089637,0.0,,,,,37.4274999,-122.1697,,,-0.011132000130089637,,,,-0.027388732880353928,,,,,,
12.9948,ATT,3,,0.0,0.0,93.32,0.0,0.0,0.0,,0.01,,,,93.32,,,,,,,,,,,,,,,,,,,,,,
12.9948,XKF1,,,,,,,,,,,,,,,,0.0,0.0,,,0.0038777791934272903,,,,,,0.0,,,,,,,-0.002484747674316168,,-0.002484747674316168,-0.0029771127738058567
12.9948,POS,,,,,,,,,,,,,,,,0.011132000130089637,0.0,,,,,37.4274999,-122.1697,,,-0.011132000130089637,,,,-0.027388732880353928,,,,,,
13.094759999999999,ATT,3,,0.0,0.0,93.36,0.0,0.0,0.0,,0.02,,,,93.36,,,,,,,,,,,,,,,,,,,,,,
13.094759999999999,XKF1,,,,,,,,,,,,,,,,0.0,0.0,,,0.003947651591359798,,,,,,0.0,,,,,,,-0.0025492901913821697,,-0.0025492901913821697,-0.0030141454190015793
13.094759999999999,POS,,,,,,,,,,,,,,,,0.011132000130089637,0.0,,,,,37.4274999,-122.1697,,,-0.011132000130089637,,,,-0.027388732880353928,,,,,,
13.19472,ATT,3,,0.0,0.0,93.38,0.0,0.0,0.0,,0.02,,,,93.38,,,,,,,,,,,,,,,,,,,,,,
13.19472,XKF1,,,,,,,,,,,,,,,,0.0,0.0,,,0.004146601278060283,,,,,,0.0,,,,,,,-0.00269046938046813,,-0.00269046938046813,-0.003155261743813753
13.19472,POS,,,,,,,,,,,,,,,,0.011132000130089637,0.0,,,,,37.4274999,-122.1697,,,-0.011132000130089637,,,,-0.027388732880353928,,,,,,
13.29468,ATT,3,,0.0,0.0,93.41,0.0,0.0,0.0,,0.02,,,,93.41,,,,,,,,,,,,,,,,,,,,,,
13.29468,XKF1,,,,,,,,,,,,,,,,0.0,0.0,,,0.004268481034451829,,,,,,0.0,,,,,,,-0.0027783336117863655,,-0.0027783336117863655,-0.0032404926605522633
13.29468,POS,,,,,,,,,,,,,,,,0.011132000130089637,0.0,,,,,37.4274999,-122.1697,,,-0.011132000130089637,,,,-0.027388732880353928,,,,,,
13.39464,ATT,3,,0.0,0.0,93.44,0.0,0.0,0.0,,0.02,,,,93.44,,,,,,,,,,,,,,,,,,,,,,
13.39464,XKF1,,,,,,,,,,,,,,,,0.0,0.0,,,0.004351704520276333,,,,,,0.0,,,,,,,-0.0028099326882511377,,-0.0028099326882511377,-0.003322891891002655
13.39464,POS,,,,,,,,,,,,,,,,0.011132000130089637,0.0,,,,,37.4274999,-122.1697,,,-0.011132000130089637,,,,-0.027388732880353928,,,,,,
13.4946,ATT,3,,0.0,0.0,93.46,0.0,0.0,0.0,,0.02,,,,93.46,,,,,,,,,,,,,,,,,,,,,,
13.4946,XKF1,,,,,,,,,,,,,,,,0.0,0.0,,,0.004470910253343085,,,,,,0.0,,,,,,,-0.0029066468123346567,,-0.0029066468123346567,-0.003397122723981738
13.4946,POS,,,,,,,,,,,,,,,,0.011132000130089637,0.0,,,,,37.4274999,-122.1697,,,-0.011132000130089637,,,,-0.027388732880353928,,,,,,
13.59456,ATT,3,,0.0,0.0,93.48,0.0,0.0,0.0,,0.02,,,,93.48,,,,,,,,,,,,,,,,,,,,,,
13.59456,XKF1,,,,,,,,,,,,,,,,0.0,0.0,,,0.004533405118636238,,,,,,0.0,,,,,,,-0.002985129365697503,,-0.002985129365697503,-0.0034118564799427986
13.59456,POS,,,,,,,,,,,,,,,,0.011132000130089637,0.0,,,,,37.4274999,-122.1697,,,-0.011132000130089637,,,,-0.027388732880353928,,,,,,
13.69452,ATT,3,,0.0,0.0,93.5,0.0,0.0,0.0,,0.02,,,,93.5,,,,,,,,,,,,,,,,,,,,,,
13.69452,XKF1,,,,,,,,,,,,,,,,0.0,0.0,,,0.004652784447247253,,,,,,0.0,,,,,,,-0.003061596304178238,,-0.003061596304178238,-0.0035035740584135056
13.69452,POS,,,,,,,,,,,,,,,,0.011132000130089637,0.0,,,,,37.4274999,-122.1697,,,-0.011132000130089637,,,,-0.027388732880353928,,,,,,
13.794479999999998,ATT,3,,0.0,0.0,93.52,0.0,0.0,0.0,,0.02,,,,93.52,,,,,,,,,,,,,,,,,,,,,,
13.794479999999998,XKF1,,,,,,,,,,,,,,,,0.0,0.0,,,0.0047958064223903455,,,,,,0.0,,,,,,,-0.0031621668022125964,,-0.003162166802212596,-0.0036056151147931814
13.794479999999998,POS,,,,,,,,,,,,,,,,0.011132000130089637,0.0,,,,,37.4274999,-122.1697,,,-0.011132000130089637,,,,-0.027388732880353928,,,,,,
13.894440000000001,ATT,3,,0.0,0.0,93.53,0.0,0.0,0.0,,0.02,,,,93.53,,,,,,,,,,,,,,,,,,,,,,
13.894440000000001,XKF1,,,,,,,,,,,,,,,,0.0,0.0,,,0.004975528868673183,,,,,,0.0,,,,,,,-0.0032775721047073607,,-0.0032775721047073603,-0.0037434487603604794
13.894440000000001,POS,,,,,,,,,,,,,,,,0.011132000130089637,0.0,,,,,37.4274999,-122.1697,,,-0.011132000130089637,,,,-0.027388732880353928,,,,,,
13.9944,ATT,3,,0.0,0.0,93.55,0.0,0.0,0.0,,0.02,,,,93.55,,,,,,,,,,,,,,,,,,,,,,
13.9944,XKF1,,,,,,,,,,,,,,,,0.0,0.0,,,0.005070605096544989,,,,,,0.0,,,,,,,-0.003354467917233706,,-0.0033544679172337055,-0.003802444087341428
13.9944,POS,,,,,,,,,,,,,,,,0.011132000130089637,0.0,,,,,37.4274999,-122.1697,,,-0.011132000130089637,,,,-0.027388732880353928,,,,,,
14.09436,ATT,3,,0.0,0.0,93.56,0.0,0.0,0.0,,0.02,,,,93.56,,,,,,,,,,,,,,,,,,,,,,
14.09436,XKF1,,,,,,,,,,,,,,,,0.0,0.0,,,0.005236383250095063,,,,,,0.0,,,,,,,-0.0034746646415442233,,-0.003474664641544223,-0.003917450085282326
14.09436,POS,,,,,,,,,,,,,,,,0.011132000130089637,0.0,,,,,37.4274999,-122.1697,,,-0.011132000130089637,,,,-0.027388732880353928,,,,,,
14.19432,ATT,3,,0.0,0.0,93.58,0.0,0.0,0.0,,0.02,,,,93.58,,,,,,,,,,,,,,,,,,,,,,
14.19432,XKF1,,,,,,,,,,,,,,,,0.0,0.0,,,0.005398274427639604,,,,,,0.0,,,,,,,-0.0035821660421788697,,-0.0035821660421788692,-0.004038496408611536
14.19432,POS,,,,,,,,,,,,,,,,0.011132000130089637,0.0,,,,,37.4274999,-122.1697,,,-0.011132000130089637,,,,-0.027388732880353928,,,,,,
14.294279999999999,ATT,3,,0.0,0.0,93.59,0.0,0.0,0.0,,0.02,,,,93.59,,,,,,,,,,,,,,,,,,,,,,
14.294279999999999,XKF1,,,,,,,,,,,,,,,,0.0,0.0,,,0.00556080796049943,,,,,,0.0,,,,,,,-0.0036507209297269587,,-0.0036507209297269583,-0.0041946182027459145
14.294279999999999,POS,,,,,,,,,,,,,,,,0.011132000130089637,0.0,,,,,37.4274999,-122.1697,,,-0.011132000130089637,,,,-0.027388732880353928,,,,,,
14.394239999999998,ATT,3,,0.0,0.0,93.6,0.0,0.0,0.0,,0.02,,,,93.6,,,,,,,,,,,,,,,,,,,,,,
14.394239999999998,XKF1,,,,,,,,,,,,,,,,0.0,0.0,,,0.005715676520130958,,,,,,0.0,,,,,,,-0.003736515995115042,,-0.0037365159951150417,-0.00432520592585206
14.394239999999998,POS,,,,,,,,,,,,,,,,0.011132000130089637,0.0,,,,,37.4274999,-122.1697,,,-0.011132000130089637,,,,-0.027388732880353928,,,,,,
14.494200000000001,ATT,3,,0.0,0.0,93.61,0.0,0.0,0.0,,0.02,,,,93.61,,,,,,,,,,,,,,,,,,,,,,
14.494200000000001,XKF1,,,,,,,,,,,,,,,,0.0,0.0,,,0.00580914487753863,,,,,,0.0,,,,,,,-0.0038086136337369685,,-0.003808613633736968,-0.0043864138424396515
14.494200000000001,POS,,,,,,,,,,,,,,,,0.011132000130089637,0.0,,,,,37.4274999,-122.1697,,,-0.011132000130089637,,,,-0.027388732880353928,,,,,,
14.594993,ATT,3,,0.0,0.0,93.62,0.0,0.0,0.0,,0.02,,,,93.62,,,,,,,,,,,,,,,,,,,,,,
14.594993,XKF1,,,,,,,,,,,,,,,,0.0,0.0,,,0.0059692219370223384,,,,,,0.0,,,,,,,-0.0039020639378577475,,-0.003902063937857747,-0.004517245572060347
14.594993,POS,,,,,,,,,,,,,,,,0.011132000130089637,0.0,,,,,37.4274999,-122.1697,,,-0.011132000130089637,,,,-0.027388732880353928,,,,,,
14.694953,ATT,3,,0.0,0.0,93.62,0.0,0.0,0.0,,0.02,,,,93.62,,,,,,,,,,,,,,,,,,,,,,
14.694953,XKF1,,,,,,,,,,,,,,,,0.0,0.0,,,0.006147962744518056,,,,,,0.0,,,,,,,-0.004017690662294626,,-0.004017690662294626,-0.004653558600693941
14.694953,POS,,,,,,,,,,,,,,,,0.011132000130089637,0.0,,,,,37.4274999,-122.1697,,,-0.011132000130089637,,,,-0.027388732880353928,,,,,,
14.794913,ATT,3,,0.0,0.0,93.63,0.0,0.0,0.0,,0.02,,,,93.63,,,,,,,,,,,,,,,,,,,,,,
14.794913,XKF1,,,,,,,,,,,,,,,,0.0,0.0,,,0.006289060017783527,,,,,,0.0,,,,,,,-0.004098518285900354,,-0.004098518285900354,-0.004770159721374512
14.794913,POS,,,,,,,,,,,,,,,,0.011132000130089637,0.0,,,,,37.4274999,-122.1697,,,-0.011132000130089637,,,,-0.027388732880353928,,,,,,
14.894872999999999,ATT,3,,0.0,0.0,93.64,0.0,0.0,0.0,,0.02,,,,93.64,,,,,,,,,,,,,,,,,,,,,,
14.894872999999999,XKF1,,,,,,,,,,,,,,,,0.0,0.0,,,0.006450596296793755,,,,,,0.0,,,,,,,-0.0042483387514948845,,-0.0042483387514948845,-0.0048540509305894375
14.894872999999999,POS,,,,,,,,,,,,,,,,0.011132000130089637,0.0,,,,,37.4274999,-122.1697,,,-0.011132000130089637,,,,-0.027388732880353928,,,,,,
14.994833000000002,ATT,3,,0.0,0.0,93.64,0.0,0.0,0.0,,0.02,,,,93.64,,,,,,,,,,,,,,,,,,,,,,
14.994833000000002,XKF1,,,,,,,,,,,,,,,,0.0,0.0,,,0.0065505474405352666,,,,,,0.0,,,,,,,-0.004306573420763016,,-0.004306573420763016,-0.004935898818075657
14.994833000000002,POS,,,,,,,,,,,,,,,,0.011132000130089637,0.0,,,,,37.4274999,-122.1697,,,-0.011132000130089637,,,,-0.027388732880353928,,,,,,
15.094793000000001,ATT,3,,0.0,0.0,93.64,0.0,0.0,0.0,,0.02,,,,93.64,,,,,,,,,,,,,,,,,,,,,,
15.094793000000001,XKF1,,,,,,,,,,,,,,,,0.0,0.0,,,0.006694312027110433,,,,,,0.0,,,,,,,-0.004410185851156712,,-0.004410185851156712,-0.0050362758338451385
15.094793000000001,POS,,,,,,,,,,,,,,,,0.011132000130089637,0.0,,,,,37.4274999,-122.1697,,,-0.011132000130089637,,,,-0.027388732880353928,,,,,,
15.194753,ATT,3,,0.0,0.0,93.65,0.0,0.0,0.0,,0.02,,,,93.65,,,,,,,,,,,,,,,,,,,,,,
15.194753,XKF1,,,,,,,,,,,,,,,,0.0,0.0,,,0.006773348451184268,,,,,,0.0,,,,,,,-0.004465165082365274,,-0.004465165082365274,-0.005093186628073454
15.194753,POS,,,,,,,,,,,,,,,,0.011132000130089637,0.0,,,,,37.4274999,-122.1697,,,-0.011132000130089637,,,,-0.027388732880353928,,,,,,
15.294713,ATT,3,,0.0,0.0,93.65,0.0,0.0,0.0,,0.02,,,,93.65,,,,,,,,,,,,,,,,,,,,,,
15.294713,XKF1,,,,,,,,,,,,,,,,0.0,0.0,,,0.0069074362049691106,,,,,,0.0,,,,,,,-0.0045267753303050995,,-0.0045267753303050995,-0.00521737290546298
15.294713,POS,,,,,,,,,,,,,,,,0.011132000130089637,0.0,,,,,37.4274999,-122.1697,,,-0.011132000130089637,,,,-0.027388732880353928,,,,,,
15.394673,ATT,3,,0.0,0.0,93.65,0.0,0.0,0.0,,0.02,,,,93.65,,,,,,,,,,,,,,,,,,,,,,
15.394673,XKF1,,,,,,,,,,,,,,,,0.0,0.0,,,0.007053373019913692,,,,,,0.0,,,,,,,-0.004601058084517717,,-0.004601058084517717,-0.005346057936549187
15.394673,POS,,,,,,,,,,,,,,,,0.011132000130089637,0.0,,,,,37.4274999,-122.1697,,,-0.011132000130089637,,,,-0.027388732880353928,,,,,,
15.494632999999999,ATT,3,,0.0,0.0,93.65,0.0,0.0,0.0,,0.02,,,,93.65,,,,,,,,,,,,,,,,,,,,,,
15.494632999999999,XKF1,,,,,,,,,,,,,,,,0.0,0.0,,,0.00717347427755626,,,,,,0.0,,,,,,,-0.004667818080633879,,-0.004667818080633879,-0.00544703658670187
15.494632999999999,POS,,,,,,,,,,,,,,,,0.011132000130089637,0.0,,,,,37.4274999,-122.1697,,,-0.011132000130089637,,,,-0.027388732880353928,,,,,,
15.594593000000001,ATT,3,,0.0,0.0,93.65,0.0,0.0,0.0,,0.02,,,,93.65,,,,,,,,,,,,,,,,,,,,,,
15.594593000000001,XKF1,,,,,,,,,,,,,,,,0.0,0.0,,,0.007287803054583901,,,,,,0.0,,,,,,,-0.004716517869383097,,-0.004716517869383097,-0.005555765703320503
15.594593000000001,POS,,,,,,,,,,,,,,,,0.011132000130089637,0.0,,,,,37.4274999,-122.1697,,,-0.011132000130089637,,,,-0.027388732880353928,,,,,,
15.694553,ATT,3,,0.0,0.0,93.65,0.0,0.0,0.0,,0.02,,,,93.65,,,,,,,,,,,,,,,,,,,,,,
15.694553,XKF1,,,,,,,,,,,,,,,,0.0,0.0,,,0.007415383444592694,,,,,,0.0,,,,,,,-0.00477657001465559,,-0.00477657001465559,-0.005672062281519175
15.694553,POS,,,,,,,,,,,,,,,,0.011132000130089637,0.0,,,,,37.4274999,-122.1697,,,-0.011132000130089637,,,,-0.027388732880353928,,,,,,
15.794513,ATT,3,,0.0,0.0,93.65,0.0,0.0,0.0,,0.02,,,,93.65,,,,,,,,,,,,,,,,,,,,,,
15.794513,XKF1,,,,,,,,,,,,,,,,0.0,0.0,,,0.00751947251006953,,,,,,0.0,,,,,,,-0.004839472938328981,,-0.004839472938328981,-0.005755168851464987
15.794513,POS,,,,,,,,,,,,,,,,0.011132000130089637,0.0,,,,,37.4274999,-122.1697,,,-0.011132000130089637,,,,-0.027388732880353928,,,,,,
15.894473,ATT,3,,0.0,0.0,93.65,0.0,0.0,0.0,,0.02,,,,93.65,,,,,,,,,,,,,,,,,,,,,,
15.894473,XKF1,,,,,,,,,,,,,,,,0.0,0.0,,,0.007657854429198354,,,,,,0.0,,,,,,,-0.0049377018585801125,,-0.0049377018585801125,-0.0058533609844744205
15.894473,POS,,,,,,,,,,,,,,,,0.011132000130089637,0.0,,,,,37.4274999,-122.1697,,,-0.011132000130089637,,,,-0.027388732880353928,,,,,,
15.994432999999999,ATT,3,,0.0,0.0,93.65,0.0,0.0,0.01,,0.02,,,,93.65,,,,,,,,,,,,,,,,,,,,,,
15.994432999999999,XKF1,,,,,,,,,,,,,,,,0.0,0.0,,,0.0077405040358935725,,,,,,0.0,,,,,,,-0.004997678566724062,,-0.004997678566724062,-0.005910889245569706
15.994432999999999,POS,,,,,,,,,,,,,,,,0.011132000130089637,0.0,,,,,37.4274999,-122.1697,,,-0.011132000130089637,,,,-0.027388732880353928,,,,,,
16.094392999999997,ATT,3,,0.0,0.0,93.65,0.0,0.0,0.01,,0.02,,,,93.65,,,,,,,,,,,,,,,,,,,,,,
16.094392999999997,XKF1,,,,,,,,,,,,,,,,0.0,0.0,,,0.007897712900818412,,,,,,0.0,,,,,,,-0.005074773449450731,,-0.005074773449450731,-0.006051491014659405
16.094392999999997,POS,,,,,,,,,,,,,,,,0.011132000130089637,0.0,,,,,37.4274999,-122.1697,,,-0.011132000130089637,,,,-0.027388732880353928,,,,,,
16.194353,ATT,3,,0.0,0.0,93.64,0.0,0.0,0.01,,0.02,,,,93.64,,,,,,,,,,,,,,,,,,,,,,
16.194353,XKF1,,,,,,,,,,,,,,,,0.0,0.0,,,0.008023918550057574,,,,,,0.0,,,,,,,-0.005126399919390678,,-0.005126399919390678,-0.006172786466777325
16.194353,POS,,,,,,,,,,,,,,,,0.011132000130089637,0.0,,,,,37.4274999,-122.1697,,,-0.011132000130089637,,,,-0.027388732880353928,,,,,,
16.294313000000002,ATT,3,,0.0,0.0,93.64,0.0,0.0,0.01,,0.02,,,,93.64,,,,,,,,,,,,,,,,,,,,,,
16.294313000000002,XKF1,,,,,,,,,,,,,,,,0.0,0.0,,,0.008172168340530635,,,,,,0.0,,,,,,,-0.0052190818823874,,-0.0052190818823874,-0.006288522854447365
16.294313000000002,POS,,,,,,,,,,,,,,,,0.011132000130089637,0.0,,,,,37.4274999,-122.1697,,,-0.011132000130089637,,,,-0.027388732880353928,,,,,,
16.299311000000003,MSG,,,,,,,,,,,,,,,,,,,,,,,,,,,,,,,,,,EKF3 IMU0 origin set,,
16.299311000000003,EV,,,,,,,,,,,,,,,,,,,,,25,,,,SET_HOME,,,,,,,,,,,
16.301810000000003,MSG,,,,,,,,,,,,,,,,,,,,,,,,,,,,,,,,,,EKF3 IMU1 origin set,,
16.394273,MSG,,,,,,,,,,,,,,,,,,,,,,,,,,,,,,,,,,Field Elevation Set: 16m,,
16.394273,ATT,3,,0.0,0.0,93.63,0.0,0.0,0.01,,0.02,,,,93.63,,,,,,,,,,,,,,,,,,,,,,
16.394273,XKF1,,,,,,,,,,,,,,,,0.0,0.0,,,0.008328752949142043,,,,,,0.0,,,,,,,-0.005330787971615791,,-0.005330787971615791,-0.0063992831856012344
16.394273,POS,,,,,,,,,,,,,,,,0.011132000130089637,0.0,,,,,37.4274999,-122.1697,,,-0.011132000130089637,,,,-0.016604425385594368,,,,,,
16.494233,ATT,3,,0.0,0.0,93.63,0.0,0.0,0.01,,0.02,,,,93.63,,,,,,,,,,,,,,,,,,,,,,
16.494233,XKF1,,,,,,,,,,,,,,,,0.0,0.0,,,0.008456776366278384,,,,,,0.0,,,,,,,-0.0054052285850048065,,-0.0054052285850048065,-0.006503888871520758
16.494233,POS,,,,,,,,,,,,,,,,0.011132000130089637,0.0,,,,,37.4274999,-122.1697,,,-0.011132000130089637,,,,-0.011562185361981392,,,,,,
16.594192999999997,ATT,3,,0.0,0.0,93.63,0.0,0.0,0.01,,0.02,,,,93.63,,,,,,,,,,,,,,,,,,,,,,
16.594192999999997,XKF1,,,,,,,,,,,,,,,,0.0,0.0,,,0.008596155252882903,,,,,,0.0,,,,,,,-0.005476438906043768,,-0.005476438906043768,-0.006625896319746971
16.594192999999997,POS,,,,,,,,,,,,,,,,0.011132000130089637,0.0,,,,,37.4274999,-122.1697,,,-0.011132000130089637,,,,-0.00844862125813961,,,,,,
16.694986,ATT,3,,0.0,0.0,93.62,0.0,0.0,0.01,,0.02,,,,93.62,,,,,,,,,,,,,,,,,,,,,,
16.694986,XKF1,,,,,,,,,,,,,,,,0.0,0.0,,,0.008720225624733638,,,,,,0.0,,,,,,,-0.0055413516238331795,,-0.0055413516238331795,-0.006733183283358812
16.694986,POS,,,,,,,,,,,,,,,,0.011132000130089637,0.0,,,,,37.4274999,-122.1697,,,-0.011132000130089637,,,,-0.00666023651137948,,,,,,
16.794946000000003,ATT,3,,0.0,0.0,93.62,0.0,0.0,0.01,,0.02,,,,93.62,,,,,,,,,,,,,,,,,,,,,,
16.794946000000003,XKF1,,,,,,,,,,,,,,,,0.0,0.0,,,0.008815573352078221,,,,,,0.0,,,,,,,-0.005656637251377106,,-0.005656637251377106,-0.006761419121176004
16.794946000000003,POS,,,,,,,,,,,,,,,,0.011132000130089637,0.0,,,,,37.4274999,-122.1697,,,-0.011132000130089637,,,,-0.005780290812253952,,,,,,
16.894906,ATT,3,,0.0,0.0,93.61,0.0,0.0,0.01,,0.02,,,,93.61,,,,,,,,,,,,,,,,,,,,,,
16.894906,XKF1,,,,,,,,,,,,,,,,0.0,0.0,,,0.008976876336371542,,,,,,0.0,,,,,,,-0.00580737367272377,,-0.00580737367272377,-0.006845342926681042
16.894906,POS,,,,,,,,,,,,,,,,0.011132000130089637,0.0,,,,,37.4274999,-122.1697,,,-0.011132000130089637,,,,-0.0055180201306939125,,,,,,
16.994866000000002,ATT,3,,0.0,0.0,93.61,0.0,0.0,0.01,,0.02,,,,93.61,,,,,,,,,,,,,,,,,,,,,,
16.994866000000002,XKF1,,,,,,,,,,,,,,,,0.0,0.0,,,0.009113235700435266,,,,,,0.0,,,,,,,-0.005902372766286135,,-0.005902372766286135,-0.006943562533706427
16.994866000000002,POS,,,,,,,,,,,,,,,,0.011132000130089637,0.0,,,,,37.4274999,-122.1697,,,-0.011132000130089637,,,,-0.005670621059834957,,,,,,
17.094825999999998,ATT,3,,0.0,0.0,93.6,0.0,0.0,0.01,,0.02,,,,93.6,,,,,,,,,,,,,,,,,,,,,,
17.094825999999998,XKF1,,,,,,,,,,,,,,,,0.0,0.0,,,0.009275598176673621,,,,,,0.0,,,,,,,-0.00597997521981597,,-0.0059799752198159695,-0.007090600673109293
17.094825999999998,POS,,,,,,,,,,,,,,,,0.011132000130089637,0.0,,,,,37.4274999,-122.1697,,,-0.011132000130089637,,,,-0.006101434584707022,,,,,,
17.194786,ATT,3,,0.0,0.0,93.6,0.0,0.0,0.01,,0.02,,,,93.6,,,,,,,,,,,,,,,,,,,,,,
17.194786,XKF1,,,,,,,,,,,,,,,,0.0,0.0,,,0.00939883585978424,,,,,,0.0,,,,,,,-0.00605647498741746,,-0.0060564749874174595,-0.00718729617074132
17.194786,POS,,,,,,,,,,,,,,,,0.011132000130089637,0.0,,,,,37.4274999,-122.1697,,,-0.011132000130089637,,,,-0.006705232430249453,,,,,,
17.294745999999996,ATT,3,,0.0,0.0,93.59,0.0,0.0,0.01,,0.03,,,,93.59,,,,,,,,,,,,,,,,,,,,,,
17.294745999999996,XKF1,,,,,,,,,,,,,,,,0.0,0.0,,,0.009539519087402137,,,,,,0.0,,,,,,,-0.006183520425111056,,-0.006183520425111055,-0.00726405531167984
17.294745999999996,POS,,,,,,,,,,,,,,,,0.011132000130089637,0.0,,,,,37.4274999,-122.1697,,,-0.011132000130089637,,,,-0.007418282795697451,,,,,,
17.394706,ATT,3,,0.0,0.0,93.58,0.0,0.0,0.01,,0.03,,,,93.58,,,,,,,,,,,,,,,,,,,,,,
17.394706,XKF1,,,,,,,,,,,,,,,,0.0,0.0,,,0.009662822089841218,,,,,,0.0,,,,,,,-0.006318129133433104,,-0.0063181291334331036,-0.007311044726520777
17.394706,POS,,,,,,,,,,,,,,,,0.011132000130089637,0.0,,,,,37.4274999,-122.1697,,,-0.011132000130089637,,,,-0.00819661095738411,,,,,,
17.494666000000002,ATT,3,,0.0,0.0,93.58,0.0,0.0,0.01,,0.03,,,,93.58,,,,,,,,,,,,,,,,,,,,,,
17.494666000000002,XKF1,,,,,,,,,,,,,,,,0.0,0.0,,,0.009763619955286918,,,,,,0.0,,,,,,,-0.006384695414453746,,-0.006384695414453745,-0.007386740762740374
17.494666000000002,POS,,,,,,,,,,,,,,,,0.011132000130089637,0.0,,,,,37.4274999,-122.1697,,,-0.011132000130089637,,,,-0.009006659500300884,,,,,,
17.594625999999998,ATT,3,,0.0,0.0,93.57,0.0,0.0,0.01,,0.03,,,,93.57,,,,,,,,,,,,,,,,,,,,,,
17.594625999999998,XKF1,,,,,,,,,,,,,,,,0.0,0.0,,,0.009865233207385391,,,,,,0.0,,,,,,,-0.006512134801596404,,-0.006512134801596403,-0.007410460617393255
17.594625999999998,POS,,,,,,,,,,,,,,,,0.011132000130089637,0.0,,,,,37.4274999,-122.1697,,,-0.011132000130089637,,,,-0.009824707172811031,,,,,,
17.694586,ATT,3,,0.0,0.0,93.56,0.0,0.0,0.01,,0.03,,,,93.56,,,,,,,,,,,,,,,,,,,,,,
17.694586,XKF1,,,,,,,,,,,,,,,,0.0,0.0,,,0.010005753354288001,,,,,,0.0,,,,,,,-0.006625732872635127,,-0.006625732872635126,-0.007497650571167469
17.694586,POS,,,,,,,,,,,,,,,,0.011132000130089637,0.0,,,,,37.4274999,-122.1697,,,-0.011132000130089637,,,,-0.01063945796340704,,,,,,
17.794545999999997,ATT,3,,0.0,0.0,93.55,0.0,0.0,0.01,,0.03,,,,93.55,,,,,,,,,,,,,,,,,,,,,,
17.794545999999997,XKF1,,,,,,,,,,,,,,,,0.0,0.0,,,0.010131315207502238,,,,,,0.0,,,,,,,-0.0067042564041912564,,-0.006704256404191256,-0.007595820818096399
17.794545999999997,POS,,,,,,,,,,,,,,,,0.011132000130089637,0.0,,,,,37.4274999,-122.1697,,,-0.011132000130089637,,,,-0.01144149899482727,,,,,,
17.894506,ATT,3,,0.0,0.0,93.55,0.0,0.0,0.01,,0.03,,,,93.55,,,,,,,,,,,,,,,,,,,,,,
17.894506,XKF1,,,,,,,,,,,,,,,,0.0,0.0,,,0.010239205581285528,,,,,,0.0,,,,,,,-0.006781902164220811,,-0.00678190216422081,-0.007671188563108444
17.894506,POS,,,,,,,,,,,,,,,,0.011132000130089637,0.0,,,,,37.4274999,-122.1697,,,-0.011132000130089637,,,,-0.012220802716910839,,,,,,
17.994466000000003,ATT,3,,0.0,0.0,93.54,0.0,0.0,0.01,,0.03,,,,93.54,,,,,,,,,,,,,,,,,,,,,,
17.994466000000003,XKF1,,,,,,,,,,,,,,,,0.0,0.0,,,0.0103511072384868,,,,,,0.0,,,,,,,-0.006868193857371808,,-0.006868193857371807,-0.007744245231151581
17.994466000000003,POS,,,,,,,,,,,,,,,,0.011132000130089637,0.0,,,,,37.4274999,-122.1697,,,-0.011132000130089637,,,,-0.012975608929991722,,,,,,
18.094426,ATT,3,,0.0,0.0,93.53,0.0,0.0,0.01,,0.03,,,,93.53,,,,,,,,,,,,,,,,,,,,,,
18.094426,XKF1,,,,,,,,,,,,,,,,0.0,0.0,,,0.010504591134352306,,,,,,0.0,,,,,,,-0.006941482890397311,,-0.00694148289039731,-0.007884304039180279
18.094426,POS,,,,,,,,,,,,,,,,0.011132000130089637,0.0,,,,,37.4274999,-122.1697,,,-0.011132000130089637,,,,-0.013704843819141388,,,,,,
18.194386,ATT,3,,0.0,0.0,93.52,0.0,0.0,0.01,,0.03,,,,93.52,,,,,,,,,,,,,,,,,,,,,,
18.194386,XKF1,,,,,,,,,,,,,,,,0.0,0.0,,,0.010588489805845888,,,,,,0.0,,,,,,,-0.006999806500971318,,-0.006999806500971317,-0.007944735698401928
18.194386,POS,,,,,,,,,,,,,,,,0.011132000130089637,0.0,,,,,37.4274999,-122.1697,,,-0.011132000130089637,,,,-0.014404228888452053,,,,,,
18.294345999999997,ATT,3,,0.0,0.0,93.51,0.0,0.0,0.01,,0.03,,,,93.51,,,,,,,,,,,,,,,,,,,,,,
18.294345999999997,XKF1,,,,,,,,,,,,,,,,0.0,0.0,,,0.010744217737357894,,,,,,0.0,,,,,,,-0.0071206577122211465,,-0.007120657712221146,-0.008045772090554237
18.294345999999997,POS,,,,,,,,,,,,,,,,0.011132000130089637,0.0,,,,,37.4274999,-122.1697,,,-0.011132000130089637,,,,-0.015069723129272461,,,,,,
18.394306,ATT,3,,0.0,0.0,93.5,0.0,0.0,0.01,,0.03,,,,93.5,,,,,,,,,,,,,,,,,,,,,,
18.394306,XKF1,,,,,,,,,,,,,,,,0.0,0.0,,,0.010921807852561877,,,,,,0.0,,,,,,,-0.007252738811075688,,-0.007252738811075687,-0.00816600676625967
18.394306,POS,,,,,,,,,,,,,,,,0.011132000130089637,0.0,,,,,37.4274999,-122.1697,,,-0.011132000130089637,,,,-0.01570805534720421,,,,,,
18.494266000000003,ATT,3,,0.0,0.0,93.5,0.0,0.0,0.01,,0.03,,,,93.5,,,,,,,,,,,,,,,,,,,,,,
18.494266000000003,XKF1,,,,,,,,,,,,,,,,0.0,0.0,,,0.010999388526416643,,,,,,0.0,,,,,,,-0.0072910389862954625,,-0.007291038986295462,-0.008235733024775982
18.494266000000003,POS,,,,,,,,,,,,,,,,0.011132000130089637,0.0,,,,,37.4274999,-122.1697,,,-0.011132000130089637,,,,-0.016324171796441078,,,,,,
18.594226,ATT,3,,0.0,0.0,93.49,0.0,0.0,0.01,,0.03,,,,93.49,,,,,,,,,,,,,,,,,,,,,,
18.594226,XKF1,,,,,,,,,,,,,,,,0.0,0.0,,,0.011150608438599423,,,,,,0.0,,,,,,,-0.007388057652860881,,-0.00738805765286088,-0.008351806551218033
18.594226,POS,,,,,,,,,,,,,,,,0.011132000130089637,0.0,,,,,37.4274999,-122.1697,,,-0.011132000130089637,,,,-0.016916150227189064,,,,,,
18.694186000000002,ATT,3,,0.0,0.0,93.48,0.0,0.0,0.01,,0.03,,,,93.48,,,,,,,,,,,,,,,,,,,,,,
18.694186000000002,XKF1,,,,,,,,,,,,,,,,0.0,0.0,,,0.0112714201068516,,,,,,0.0,,,,,,,-0.007459009997546674,,-0.007459009997546673,-0.00845033023506403
18.694186000000002,POS,,,,,,,,,,,,,,,,0.011132000130089637,0.0,,,,,37.4274999,-122.1697,,,-0.011132000130089637,,,,-0.01748460903763771,,,,,,
18.794978999999998,ATT,3,,0.0,0.0,93.47,0.0,0.0,0.01,,0.03,,,,93.47,,,,,,,,,,,,,,,,,,,,,,
18.794978999999998,XKF1,,,,,,,,,,,,,,,,0.0,0.0,,,0.011426336259245176,,,,,,0.0,,,,,,,-0.007546041626483203,,-0.007546041626483202,-0.008580117486417294
18.794978999999998,POS,,,,,,,,,,,,,,,,0.011132000130089637,0.0,,,,,37.4274999,-122.1697,,,-0.011132000130089637,,,,-0.018025321885943413,,,,,,
18.894939,ATT,3,,0.0,0.0,93.46,0.0,0.0,0.01,,0.03,,,,93.46,,,,,,,,,,,,,,,,,,,,,,
18.894939,XKF1,,,,,,,,,,,,,,,,0.0,0.0,,,0.011582128254205836,,,,,,0.0,,,,,,,-0.0076834065839648255,,-0.007683406583964825,-0.008666657842695713
18.894939,POS,,,,,,,,,,,,,,,,0.011132000130089637,0.0,,,,,37.4274999,-122.1697,,,-0.011132000130089637,,,,-0.018539659678936005,,,,,,
18.994898999999997,ATT,3,,0.0,0.0,93.45,0.0,0.0,0.01,,0.03,,,,93.45,,,,,,,,,,,,,,,,,,,,,,
18.994898999999997,XKF1,,,,,,,,,,,,,,,,0.0,0.0,,,0.011751375297207883,,,,,,0.0,,,,,,,-0.007820387370884418,,-0.007820387370884418,-0.008771337568759918
18.994898999999997,POS,,,,,,,,,,,,,,,,0.011132000130089637,0.0,,,,,37.4274999,-122.1697,,,-0.011132000130089637,,,,-0.019031384959816933,,,,,,
19.094859,ATT,3,,0.0,0.0,93.44,0.0,0.0,0.01,,0.03,,,,93.44,,,,,,,,,,,,,,,,,,,,,,
19.094859,XKF1,,,,,,,,,,,,,,,,0.0,0.0,,,0.011892362313675959,,,,,,0.0,,,,,,,-0.007898097857832909,,-0.007898097857832909,-0.008890912868082523
19.094859,POS,,,,,,,,,,,,,,,,0.011132000130089637,0.0,,,,,37.4274999,-122.1697,,,-0.011132000130089637,,,,-0.01950405351817608,,,,,,
19.194819000000003,ATT,3,,0.0,0.0,93.43,0.0,0.0,0.01,,0.03,,,,93.43,,,,,,,,,,,,,,,,,,,,,,
19.194819000000003,XKF1,,,,,,,,,,,,,,,,0.0,0.0,,,0.012065657038494625,,,,,,0.0,,,,,,,-0.008054707199335098,,-0.008054707199335098,-0.008983416482806206
19.194819000000003,POS,,,,,,,,,,,,,,,,0.011132000130089637,0.0,,,,,37.4274999,-122.1697,,,-0.011132000130089637,,,,-0.019956255331635475,,,,,,
19.294779,ATT,3,,0.0,0.0,93.42,0.0,0.0,0.01,,0.03,,,,93.42,,,,,,,,,,,,,,,,,,,,,,
19.294779,XKF1,,,,,,,,,,,,,,,,0.0,0.0,,,0.012246443166955934,,,,,,0.0,,,,,,,-0.008178350515663624,,-0.008178350515663624,-0.00911536905914545
19.294779,POS,,,,,,,,,,,,,,,,0.011132000130089637,0.0,,,,,37.4274999,-122.1697,,,-0.011132000130089637,,,,-0.020387684926390648,,,,,,
19.394739,ATT,3,,0.0,0.0,93.41,0.0,0.0,0.01,,0.03,,,,93.41,,,,,,,,,,,,,,,,,,,,,,
19.394739,XKF1,,,,,,,,,,,,,,,,0.0,0.0,,,0.012352406234552462,,,,,,0.0,,,,,,,-0.008291810750961304,,-0.008291810750961304,-0.009155753068625927
19.394739,POS,,,,,,,,,,,,,,,,0.011132000130089637,0.0,,,,,37.4274999,-122.1697,,,-0.011132000130089637,,,,-0.020801236853003502,,,,,,
19.494698999999997,ATT,3,,0.0,0.0,93.41,0.0,0.0,0.01,,0.03,,,,93.41,,,,,,,,,,,,,,,,,,,,,,
19.494698999999997,XKF1,,,,,,,,,,,,,,,,0.0,0.0,,,0.012504501183365796,,,,,,0.0,,,,,,,-0.008410309441387653,,-0.008410309441387653,-0.009253607131540775
19.494698999999997,POS,,,,,,,,,,,,,,,,0.011132000130089637,0.0,,,,,37.4274999,-122.1697,,,-0.011132000130089637,,,,-0.021193137392401695,,,,,,
19.594659,ATT,3,,0.0,0.0,93.4,0.0,0.0,0.01,,0.03,,,,93.4,,,,,,,,,,,,,,,,,,,,,,
19.594659,XKF1,,,,,,,,,,,,,,,,0.0,0.0,,,0.012639742314643468,,,,,,0.0,,,,,,,-0.008508904837071896,,-0.008508904837071896,-0.009346744045615196
19.594659,POS,,,,,,,,,,,,,,,,0.011132000130089637,0.0,,,,,37.4274999,-122.1697,,,-0.011132000130089637,,,,-0.02156316488981247,,,,,,
19.694619000000003,ATT,3,,0.0,0.0,93.39,0.0,0.0,0.01,,0.03,,,,93.39,,,,,,,,,,,,,,,,,,,,,,
19.694619000000003,XKF1,,,,,,,,,,,,,,,,0.0,0.0,,,0.012872569231313734,,,,,,0.0,,,,,,,-0.008669331669807434,,-0.008669331669807434,-0.0095155518501997
19.694619000000003,POS,,,,,,,,,,,,,,,,0.011132000130089637,0.0,,,,,37.4274999,-122.1697,,,-0.011132000130089637,,,,-0.02191733568906784,,,,,,
19.794579,ATT,3,,0.0,0.0,93.38,0.0,0.0,0.01,,0.03,,,,93.38,,,,,,,,,,,,,,,,,,,,,,
19.794579,XKF1,,,,,,,,,,,,,,,,0.0,0.0,,,0.013050514539159765,,,,,,0.0,,,,,,,-0.008810050785541534,,-0.008810050785541534,-0.009628028608858585
19.794579,POS,,,,,,,,,,,,,,,,0.011132000130089637,0.0,,,,,37.4274999,-122.1697,,,-0.011132000130089637,,,,-0.02225465141236782,,,,,,
19.894539,ATT,3,,0.0,0.0,93.37,0.0,0.0,0.01,,0.03,,,,93.37,,,,,,,,,,,,,,,,,,,,,,
19.894539,XKF1,,,,,,,,,,,,,,,,0.0,0.0,,,0.013166985281208982,,,,,,0.0,,,,,,,-0.00891178846359253,,-0.00891178846359253,-0.009692756459116936
19.894539,POS,,,,,,,,,,,,,,,,0.011132000130089637,0.0,,,,,37.4274999,-122.1697,,,-0.011132000130089637,,,,-0.022575004026293755,,,,,,
19.994498999999998,ATT,3,,0.0,0.0,93.36,0.0,0.0,0.01,,0.03,,,,93.36,,,,,,,,,,,,,,,,,,,,,,
19.994498999999998,XKF1,,,,,,,,,,,,,,,,0.0,0.0,,,0.013322669741660688,,,,,,0.0,,,,,,,-0.009042044170200825,,-0.009042044170200825,-0.009784424677491188
19.994498999999998,POS,,,,,,,,,,,,,,,,0.011132000130089637,0.0,,,,,37.4274999,-122.1697,,,-0.011132000130089637,,,,-0.022877687588334084,,,,,,
20.094459,ATT,3,,0.0,0.0,93.35,0.0,0.0,0.01,,0.03,,,,93.35,,,,,,,,,,,,,,,,,,,,,,
20.094459,XKF1,,,,,,,,,,,,,,,,0.0,0.0,,,0.013416533994138755,,,,,,0.0,,,,,,,-0.009107013233006,,-0.009107013233006,-0.009852192364633083
20.094459,POS,,,,,,,,,,,,,,,,0.011132000130089637,0.0,,,,,37.4274999,-122.1697,,,-0.011132000130089637,,,,-0.023167891427874565,,,,,,
20.194418999999996,ATT,3,,0.0,0.0,93.34,0.0,0.0,0.01,,0.03,,,,93.34,,,,,,,,,,,,,,,,,,,,,,
20.194418999999996,XKF1,,,,,,,,,,,,,,,,0.0,0.0,,,0.013547089312498773,,,,,,0.0,,,,,,,-0.009207703173160553,,-0.009207703173160553,-0.009936892427504063
20.194418999999996,POS,,,,,,,,,,,,,,,,0.011132000130089637,0.0,,,,,37.4274999,-122.1697,,,-0.011132000130089637,,,,-0.023441284894943237,,,,,,
20.294379,ATT,3,,0.0,0.0,93.33,0.0,0.0,0.01,,0.03,,,,93.33,,,,,,,,,,,,,,,,,,,,,,
20.294379,XKF1,,,,,,,,,,,,,,,,0.0,0.0,,,0.013693559836120512,,,,,,0.0,,,,,,,-0.009323380887508392,,-0.009323380887508392,-0.010029364377260208
20.294379,POS,,,,,,,,,,,,,,,,0.011132000130089637,0.0,,,,,37.4274999,-122.1697,,,-0.011132000130089637,,,,-0.023699281737208366,,,,,,
20.394339000000002,ATT,3,,0.0,0.0,93.32,0.0,0.0,0.01,,0.03,,,,93.32,,,,,,,,,,,,,,,,,,,,,,
20.394339000000002,XKF1,,,,,,,,,,,,,,,,0.0,0.0,,,0.013767084854630497,,,,,,0.0,,,,,,,-0.009377999231219292,,-0.009377999231219292,-0.010078975930809975
20.394339000000002,POS,,,,,,,,,,,,,,,,0.011132000130089637,0.0,,,,,37.4274999,-122.1697,,,-0.011132000130089637,,,,-0.02396278642117977,,,,,,
20.494298999999998,ATT,3,,0.0,0.0,93.31,0.0,0.0,0.01,,0.03,,,,93.31,,,,,,,,,,,,,,,,,,,,,,
20.494298999999998,XKF1,,,,,,,,,,,,,,,,0.0,0.0,,,0.013916385772527448,,,,,,0.0,,,,,,,-0.009499085135757923,,-0.009499085135757923,-0.010170210152864456
20.494298999999998,POS,,,,,,,,,,,,,,,,0.011132000130089637,0.0,,,,,37.4274999,-122.1697,,,-0.011132000130089637,,,,-0.02419867366552353,,,,,,
20.594259,ATT,3,,0.0,0.0,93.3,0.0,0.0,0.01,,0.03,,,,93.3,,,,,,,,,,,,,,,,,,,,,,
20.594259,XKF1,,,,,,,,,,,,,,,,0.0,0.0,,,0.01406243514933741,,,,,,0.0,,,,,,,-0.009603620506823063,,-0.009603620506823063,-0.010272417217493057
20.594259,POS,,,,,,,,,,,,,,,,0.011132000130089637,0.0,,,,,37.4274999,-122.1697,,,-0.011132000130089637,,,,-0.024424759671092033,,,,,,
20.694218999999997,ATT,3,,0.0,0.0,93.29,0.0,0.0,0.01,,0.03,,,,93.29,,,,,,,,,,,,,,,,,,,,,,
20.694218999999997,XKF1,,,,,,,,,,,,,,,,0.0,0.0,,,0.014262947894251575,,,,,,0.0,,,,,,,-0.009752313606441021,,-0.009752313606441021,-0.010407884605228901
20.694218999999997,POS,,,,,,,,,,,,,,,,0.011132000130089637,0.0,,,,,37.4274999,-122.1697,,,-0.011132000130089637,,,,-0.024639207869768143,,,,,,
20.794179,ATT,3,,0.0,0.0,93.28,0.0,0.0,0.02,,0.03,,,,93.28,,,,,,,,,,,,,,,,,,,,,,
20.794179,XKF1,,,,,,,,,,,,,,,,0.0,0.0,,,0.014427614871428693,,,,,,0.0,,,,,,,-0.009880512952804565,,-0.009880512952804565,-0.010513397864997387
20.794179,POS,,,,,,,,,,,,,,,,0.011132000130089637,0.0,,,,,37.4274999,-122.1697,,,-0.011132000130089637,,,,-0.024838311597704887,,,,,,
20.894972000000003,ATT,3,,0.0,0.0,93.27,0.0,0.0,0.02,,0.03,,,,93.27,,,,,,,,,,,,,,,,,,,,,,
20.894972000000003,XKF1,,,,,,,,,,,,,,,,0.0,0.0,,,0.014614342502570736,,,,,,0.0,,,,,,,-0.010010010562837124,,-0.010010010562837124,-0.010647943243384361
20.894972000000003,POS,,,,,,,,,,,,,,,,0.011132000130089637,0.0,,,,,37.4274999,-122.1697,,,-0.011132000130089637,,,,-0.025028521195054054,,,,,,
20.994932,ATT,3,,0.0,0.0,93.26,0.0,0.0,0.02,,0.03,,,,93.26,,,,,,,,,,,,,,,,,,,,,,
20.994932,XKF1,,,,,,,,,,,,,,,,0.0,0.0,,,0.014802232622365937,,,,,,0.0,,,,,,,-0.010139183141291142,,-0.010139183141291142,-0.010784389451146126
20.994932,POS,,,,,,,,,,,,,,,,0.011132000130089637,0.0,,,,,37.4274999,-122.1697,,,-0.011132000130089637,,,,-0.02520880289375782,,,,,,
21.094892,ATT,3,,0.0,0.0,93.25,0.0,0.0,0.02,,0.03,,,,93.25,,,,,,,,,,,,,,,,,,,,,,
21.094892,XKF1,,,,,,,,,,,,,,,,0.0,0.0,,,0.014894595525026718,,,,,,0.0,,,,,,,-0.01019242312759161,,-0.01019242312759161,-0.010861099697649479
21.094892,POS,,,,,,,,,,,,,,,,0.011132000130089637,0.0,,,,,37.4274999,-122.1697,,,-0.011132000130089637,,,,-0.025378279387950897,,,,,,
21.194851999999997,ATT,3,,0.0,0.0,93.24,0.0,0.0,0.02,,0.03,,,,93.24,,,,,,,,,,,,,,,,,,,,,,
21.194851999999997,XKF1,,,,,,,,,,,,,,,,0.0,0.0,,,0.015062553077235329,,,,,,0.0,,,,,,,-0.010293043218553066,,-0.010293043218553066,-0.010996988974511623
21.194851999999997,POS,,,,,,,,,,,,,,,,0.011132000130089637,0.0,,,,,37.4274999,-122.1697,,,-0.011132000130089637,,,,-0.025537295266985893,,,,,,
21.294812,ATT,3,,0.0,0.0,93.23,0.0,0.0,0.02,,0.03,,,,93.23,,,,,,,,,,,,,,,,,,,,,,
21.294812,XKF1,,,,,,,,,,,,,,,,0.0,0.0,,,0.015217759233822785,,,,,,0.0,,,,,,,-0.010412842035293579,,-0.010412842035293579,-0.011097428388893604
21.294812,POS,,,,,,,,,,,,,,,,0.011132000130089637,0.0,,,,,37.4274999,-122.1697,,,-0.011132000130089637,,,,-0.02568591758608818,,,,,,
21.394772000000003,ATT,3,,0.0,0.0,93.22,0.0,0.0,0.02,,0.03,,,,93.22,,,,,,,,,,,,,,,,,,,,,,
21.394772000000003,XKF1,,,,,,,,,,,,,,,,0.0,0.0,,,0.01534614612019443,,,,,,0.0,,,,,,,-0.010514778085052967,,-0.010514778085052967,-0.011177819222211838
21.394772000000003,POS,,,,,,,,,,,,,,,,0.011132000130089637,0.0,,,,,37.4274999,-122.1697,,,-0.011132000130089637,,,,-0.025826433673501015,,,,,,
21.494732,ATT,3,,0.0,0.0,93.21,0.0,0.0,0.02,,0.03,,,,93.21,,,,,,,,,,,,,,,,,,,,,,
21.494732,XKF1,,,,,,,,,,,,,,,,0.0,0.0,,,0.015472076026485095,,,,,,0.0,,,,,,,-0.010599412024021149,,-0.010599412024021149,-0.011271095834672451
21.494732,POS,,,,,,,,,,,,,,,,0.011132000130089637,0.0,,,,,37.4274999,-122.1697,,,-0.011132000130089637,,,,-0.025962624698877335,,,,,,
21.594692000000002,ATT,3,,0.0,0.0,93.2,0.0,0.0,0.02,,0.03,,,,93.2,,,,,,,,,,,,,,,,,,,,,,
21.594692000000002,XKF1,,,,,,,,,,,,,,,,0.0,0.0,,,0.015601779398557846,,,,,,0.0,,,,,,,-0.010709147900342941,,-0.010709147900342941,-0.011345909908413887
21.594692000000002,POS,,,,,,,,,,,,,,,,0.011132000130089637,0.0,,,,,37.4274999,-122.1697,,,-0.011132000130089637,,,,-0.0260928925126791,,,,,,
21.694651999999998,ATT,3,,0.0,0.0,93.19,0.0,0.0,0.02,,0.04,,,,93.19,,,,,,,,,,,,,,,,,,,,,,
21.694651999999998,XKF1,,,,,,,,,,,,,,,,0.0,0.0,,,0.01577839061611529,,,,,,0.0,,,,,,,-0.010816430673003197,,-0.010816430673003197,-0.011487490497529507
21.694651999999998,POS,,,,,,,,,,,,,,,,0.011132000130089637,0.0,,,,,37.4274999,-122.1697,,,-0.011132000130089637,,,,-0.02621467038989067,,,,,,
21.794612,ATT,3,,0.0,0.0,93.18,0.0,0.0,0.02,,0.04,,,,93.18,,,,,,,,,,,,,,,,,,,,,,
21.794612,XKF1,,,,,,,,,,,,,,,,0.0,0.0,,,0.015917744612415064,,,,,,0.0,,,,,,,-0.010891101323068142,,-0.010891101323068142,-0.011608553119003773
21.794612,POS,,,,,,,,,,,,,,,,0.011132000130089637,0.0,,,,,37.4274999,-122.1697,,,-0.011132000130089637,,,,-0.026324858888983727,,,,,,
21.894571999999997,ATT,3,,0.0,0.0,93.17,0.0,0.0,0.02,,0.04,,,,93.17,,,,,,,,,,,,,,,,,,,,,,
21.894571999999997,XKF1,,,,,,,,,,,,,,,,0.0,0.0,,,0.01604843144950295,,,,,,0.0,,,,,,,-0.01099096518009901,,-0.01099096518009901,-0.011694051325321198
21.894571999999997,POS,,,,,,,,,,,,,,,,0.011132000130089637,0.0,,,,,37.4274999,-122.1697,,,-0.011132000130089637,,,,-0.02642539143562317,,,,,,
21.994532,ATT,3,,0.0,0.0,93.16,0.0,0.0,0.02,,0.04,,,,93.16,,,,,,,,,,,,,,,,,,,,,,
21.994532,XKF1,,,,,,,,,,,,,,,,0.0,0.0,,,0.01613349988998135,,,,,,0.0,,,,,,,-0.011071620509028435,,-0.011071620509028435,-0.011734949424862862
21.994532,POS,,,,,,,,,,,,,,,,0.011132000130089637,0.0,,,,,37.4274999,-122.1697,,,-0.011132000130089637,,,,-0.026519253849983215,,,,,,
22.094492000000002,ATT,3,,0.0,0.0,93.15,0.0,0.0,0.02,,0.04,,,,93.15,,,,,,,,,,,,,,,,,,,,,,
22.094492000000002,XKF1,,,,,,,,,,,,,,,,0.0,0.0,,,0.016273459324780113,,,,,,0.0,,,,,,,-0.011170436628162861,,-0.011170436628162861,-0.011834138073027134
22.094492000000002,POS,,,,,,,,,,,,,,,,0.011132000130089637,0.0,,,,,37.4274999,-122.1697,,,-0.011132000130089637,,,,-0.02660478837788105,,,,,,
22.194452,ATT,3,,0.0,0.0,93.14,0.0,0.0,0.02,,0.04,,,,93.14,,,,,,,,,,,,,,,,,,,,,,
22.194452,XKF1,,,,,,,,,,,,,,,,0.0,0.0,,,0.016435122604502566,,,,,,0.0,,,,,,,-0.011318236589431763,,-0.011318236589431763,-0.011916827410459518
22.194452,POS,,,,,,,,,,,,,,,,0.011132000130089637,0.0,,,,,37.4274999,-122.1697,,,-0.011132000130089637,,,,-0.026685617864131927,,,,,,
22.294412,ATT,3,,0.0,0.0,93.13,0.0,0.0,0.02,,0.04,,,,93.13,,,,,,,,,,,,,,,,,,,,,,
22.294412,XKF1,,,,,,,,,,,,,,,,0.0,0.0,,,0.0165368685755966,,,,,,0.0,,,,,,,-0.011392992921173573,,-0.011392992921173573,-0.011986147612333298
22.294412,POS,,,,,,,,,,,,,,,,0.011132000130089637,0.0,,,,,37.4274999,-122.1697,,,-0.011132000130089637,,,,-0.026761891320347786,,,,,,
22.394371999999997,ATT,3,,0.0,0.0,93.12,0.0,0.0,0.02,,0.04,,,,93.12,,,,,,,,,,,,,,,,,,,,,,
22.394371999999997,XKF1,,,,,,,,,,,,,,,,0.0,0.0,,,0.016661378455737893,,,,,,0.0,,,,,,,-0.011479593813419342,,-0.011479593813419342,-0.012075614184141159
22.394371999999997,POS,,,,,,,,,,,,,,,,0.011132000130089637,0.0,,,,,37.4274999,-122.1697,,,-0.011132000130089637,,,,-0.02683223970234394,,,,,,
22.494332,ATT,3,,0.0,0.0,93.11,0.0,0.0,0.02,,0.04,,,,93.11,,,,,,,,,,,,,,,,,,,,,,
22.494332,XKF1,,,,,,,,,,,,,,,,0.0,0.0,,,0.016785935712587446,,,,,,0.0,,,,,,,-0.011602921411395073,,-0.011602921411395073,-0.01213012170046568
22.494332,POS,,,,,,,,,,,,,,,,0.011132000130089637,0.0,,,,,37.4274999,-122.1697,,,-0.011132000130089637,,,,-0.026894960552453995,,,,,,
22.594292000000003,ATT,3,,0.0,0.0,93.1,0.0,0.0,0.02,,0.04,,,,93.1,,,,,,,,,,,,,,,,,,,,,,
22.594292000000003,XKF1,,,,,,,,,,,,,,,,0.0,0.0,,,0.01686368682566619,,,,,,0.0,,,,,,,-0.011626699939370155,,-0.011626699939370155,-0.012214899994432926
22.594292000000003,POS,,,,,,,,,,,,,,,,0.011132000130089637,0.0,,,,,37.4274999,-122.1697,,,-0.011132000130089637,,,,-0.026951216161251068,,,,,,
22.694252,ATT,3,,0.0,0.0,93.09,0.0,0.0,0.02,,0.04,,,,93.09,,,,,,,,,,,,,,,,,,,,,,
22.694252,XKF1,,,,,,,,,,,,,,,,0.0,0.0,,,0.017003023668459696,,,,,,0.0,,,,,,,-0.011743314564228058,,-0.011743314564228058,-0.012296234257519245
22.694252,POS,,,,,,,,,,,,,,,,0.011132000130089637,0.0,,,,,37.4274999,-122.1697,,,-0.011132000130089637,,,,-0.027006221935153008,,,,,,
22.764224,MSG,,,,,,,,,,,,,,,,,,,,,,,,,,,,,,,,,,Arm: Need Position Estimate,,
22.764224,MSG,,,,,,,,,,,,,,,,,,,,,,,,,,,,,,,,,,Arm: Fence requires position,,
22.794212,ATT,3,,0.0,0.0,93.08,0.0,0.0,0.02,,0.04,,,,93.08,,,,,,,,,,,,,,,,,,,,,,
22.794212,XKF1,,,,,,,,,,,,,,,,0.0,0.0,,,0.017117195435143458,,,,,,0.0,,,,,,,-0.011788617819547653,,-0.011788617819547653,-0.012410756200551987
22.794212,POS,,,,,,,,,,,,,,,,0.011132000130089637,0.0,,,,,37.4274999,-122.1697,,,-0.011132000130089637,,,,-0.027055000886321068,,,,,,
22.894171999999998,ATT,3,,0.0,0.0,93.07,0.0,0.0,0.02,,0.04,,,,93.07,,,,,,,,,,,,,,,,,,,,,,
22.894171999999998,XKF1,,,,,,,,,,,,,,,,0.0,0.0,,,0.01727100733991554,,,,,,0.0,,,,,,,-0.011877553537487984,,-0.011877553537487984,-0.012538397684693336
22.894171999999998,POS,,,,,,,,,,,,,,,,0.011132000130089637,0.0,,,,,37.4274999,-122.1697,,,-0.011132000130089637,,,,-0.0270980317145586,,,,,,
22.994965,ATT,3,,0.0,0.0,93.06,0.0,0.0,0.02,,0.04,,,,93.06,,,,,,,,,,,,,,,,,,,,,,
22.994965,XKF1,,,,,,,,,,,,,,,,0.0,0.0,,,0.017419549484548186,,,,,,0.0,,,,,,,-0.011994238942861557,,-0.011994238942861557,-0.012632455676794052
22.994965,POS,,,,,,,,,,,,,,,,0.011132000130089637,0.0,,,,,37.4274999,-122.1697,,,-0.011132000130089637,,,,-0.027138972654938698,,,,,,
23.094924999999996,ATT,3,,0.0,0.0,93.05,0.0,0.0,0.02,,0.04,,,,93.05,,,,,,,,,,,,,,,,,,,,,,
23.094924999999996,XKF1,,,,,,,,,,,,,,,,0.0,0.0,,,0.01754310514412497,,,,,,0.0,,,,,,,-0.01206391490995884,,-0.01206391490995884,-0.012736659497022629
23.094924999999996,POS,,,,,,,,,,,,,,,,0.011132000130089637,0.0,,,,,37.4274999,-122.1697,,,-0.011132000130089637,,,,-0.0271800197660923,,,,,,
23.194885,ATT,3,,0.0,0.0,93.04,0.0,0.0,0.02,,0.04,,,,93.04,,,,,,,,,,,,,,,,,,,,,,
23.194885,XKF1,,,,,,,,,,,,,,,,0.0,0.0,,,0.017629601616478495,,,,,,0.0,,,,,,,-0.01208858285099268,,-0.01208858285099268,-0.012832342647016048
23.194885,POS,,,,,,,,,,,,,,,,0.011132000130089637,0.0,,,,,37.4274999,-122.1697,,,-0.011132000130089637,,,,-0.027219563722610474,,,,,,
23.294845000000002,ATT,3,,0.0,0.0,93.03,0.0,0.0,0.02,,0.04,,,,93.03,,,,,,,,,,,,,,,,,,,,,,
23.294845000000002,XKF1,,,,,,,,,,,,,,,,0.0,0.0,,,0.017784852610583147,,,,,,0.0,,,,,,,-0.012216155417263508,,-0.012216155417263508,-0.012925421819090843
23.294845000000002,POS,,,,,,,,,,,,,,,,0.011132000130089637,0.0,,,,,37.4274999,-122.1697,,,-0.011132000130089637,,,,-0.027250124141573906,,,,,,
23.394804999999998,ATT,3,,0.0,0.0,93.02,0.0,0.0,0.02,,0.04,,,,93.02,,,,,,,,,,,,,,,,,,,,,,
23.394804999999998,XKF1,,,,,,,,,,,,,,,,0.0,0.0,,,0.017924810444940376,,,,,,0.0,,,,,,,-0.012315263971686363,,-0.012315263971686363,-0.013024327345192432
23.394804999999998,POS,,,,,,,,,,,,,,,,0.011132000130089637,0.0,,,,,37.4274999,-122.1697,,,-0.011132000130089637,,,,-0.027267687022686005,,,,,,
23.494765,ATT,3,,0.0,0.0,93.01,0.0,0.0,0.02,,0.04,,,,93.01,,,,,,,,,,,,,,,,,,,,,,
23.494765,XKF1,,,,,,,,,,,,,,,,0.0,0.0,,,0.018093885914814332,,,,,,0.0,,,,,,,-0.012471967376768589,,-0.012471967376768589,-0.013108727522194386
23.494765,POS,,,,,,,,,,,,,,,,0.011132000130089637,0.0,,,,,37.4274999,-122.1697,,,-0.011132000130089637,,,,-0.027280941605567932,,,,,,
23.594724999999997,ATT,3,,0.0,0.0,93.0,0.0,0.0,0.02,,0.04,,,,93.0,,,,,,,,,,,,,,,,,,,,,,
23.594724999999997,XKF1,,,,,,,,,,,,,,,,0.0,0.0,,,0.01823672441566507,,,,,,0.0,,,,,,,-0.012574919499456882,,-0.012574919499456882,-0.013207933865487576
23.594724999999997,POS,,,,,,,,,,,,,,,,0.011132000130089637,0.0,,,,,37.4274999,-122.1697,,,-0.011132000130089637,,,,-0.027287594974040985,,,,,,
23.694685,ATT,3,,0.0,0.0,92.99,0.0,0.0,0.02,,0.04,,,,92.99,,,,,,,,,,,,,,,,,,,,,,
23.694685,XKF1,,,,,,,,,,,,,,,,0.0,0.0,,,0.018423928637983172,,,,,,0.0,,,,,,,-0.012693292461335659,,-0.012693292461335659,-0.01335370633751154
23.694685,POS,,,,,,,,,,,,,,,,0.011132000130089637,0.0,,,,,37.4274999,-122.1697,,,-0.011132000130089637,,,,-0.027287153527140617,,,,,,
23.794645000000003,ATT,3,,0.0,0.0,92.98,0.0,0.0,0.02,,0.04,,,,92.98,,,,,,,,,,,,,,,,,,,,,,
23.794645000000003,XKF1,,,,,,,,,,,,,,,,0.0,0.0,,,0.01857717240161361,,,,,,0.0,,,,,,,-0.01284721214324236,,-0.01284721214324236,-0.013418661430478096
23.794645000000003,POS,,,,,,,,,,,,,,,,0.011132000130089637,0.0,,,,,37.4274999,-122.1697,,,-0.011132000130089637,,,,-0.027283554896712303,,,,,,
23.894605,ATT,3,,0.0,0.0,92.97,0.0,0.0,0.02,,0.04,,,,92.97,,,,,,,,,,,,,,,,,,,,,,
23.894605,XKF1,,,,,,,,,,,,,,,,0.0,0.0,,,0.018754722663924226,,,,,,0.0,,,,,,,-0.012986472807824612,,-0.012986472807824612,-0.01353111770004034
23.894605,POS,,,,,,,,,,,,,,,,0.011132000130089637,0.0,,,,,37.4274999,-122.1697,,,-0.011132000130089637,,,,-0.027275724336504936,,,,,,
23.994565,ATT,3,,0.0,0.0,92.96,0.0,0.0,0.02,,0.04,,,,92.96,,,,,,,,,,,,,,,,,,,,,,
23.994565,XKF1,,,,,,,,,,,,,,,,0.0,0.0,,,0.01885886150628557,,,,,,0.0,,,,,,,-0.01306659635156393,,-0.01306659635156393,-0.013598555698990822
23.994565,POS,,,,,,,,,,,,,,,,0.011132000130089637,0.0,,,,,37.4274999,-122.1697,,,-0.011132000130089637,,,,-0.027267826721072197,,,,,,
24.094524999999997,ATT,3,,0.0,0.0,92.95,0.0,0.0,0.02,,0.04,,,,92.95,,,,,,,,,,,,,,,,,,,,,,
24.094524999999997,XKF1,,,,,,,,,,,,,,,,0.0,0.0,,,0.019005782510786103,,,,,,0.0,,,,,,,-0.01315681915730238,,-0.01315681915730238,-0.013715607114136219
24.094524999999997,POS,,,,,,,,,,,,,,,,0.011132000130089637,0.0,,,,,37.4274999,-122.1697,,,-0.011132000130089637,,,,-0.027260173112154007,,,,,,
24.194485,ATT,3,,0.0,0.0,92.94,0.0,0.0,0.02,,0.04,,,,92.94,,,,,,,,,,,,,,,,,,,,,,
24.194485,XKF1,,,,,,,,,,,,,,,,0.0,0.0,,,0.019147136728340976,,,,,,0.0,,,,,,,-0.0132718151435256,,-0.0132718151435256,-0.0138011509552598
24.194485,POS,,,,,,,,,,,,,,,,0.011132000130089637,0.0,,,,,37.4274999,-122.1697,,,-0.011132000130089637,,,,-0.027252530679106712,,,,,,
24.294445000000003,ATT,3,,0.0,0.0,92.93,0.0,0.0,0.02,,0.04,,,,92.93,,,,,,,,,,,,,,,,,,,,,,
24.294445000000003,XKF1,,,,,,,,,,,,,,,,0.0,0.0,,,0.019296597138843657,,,,,,0.0,,,,,,,-0.013384892605245113,,-0.013384892605245113,-0.013899759389460087
24.294445000000003,POS,,,,,,,,,,,,,,,,0.011132000130089637,0.0,,,,,37.4274999,-122.1697,,,-0.011132000130089637,,,,-0.027243949472904205,,,,,,
24.394405,ATT,3,,0.0,0.0,92.92,0.0,0.0,0.02,,0.04,,,,92.92,,,,,,,,,,,,,,,,,,,,,,
24.394405,XKF1,,,,,,,,,,,,,,,,0.0,0.0,,,0.01945709744301889,,,,,,0.0,,,,,,,-0.013513836078345776,,-0.013513836078345776,-0.013998388312757015
24.394405,POS,,,,,,,,,,,,,,,,0.011132000130089637,0.0,,,,,37.4274999,-122.1697,,,-0.011132000130089637,,,,-0.02723492868244648,,,,,,
24.494365000000002,ATT,3,,0.0,0.0,92.91,0.0,0.0,0.02,,0.04,,,,92.91,,,,,,,,,,,,,,,,,,,,,,
24.494365000000002,XKF1,,,,,,,,,,,,,,,,0.0,0.0,,,0.019626855462845445,,,,,,0.0,,,,,,,-0.013642977923154831,,-0.013642977923154831,-0.014109663665294647
24.494365000000002,POS,,,,,,,,,,,,,,,,0.011132000130089637,0.0,,,,,37.4274999,-122.1697,,,-0.011132000130089637,,,,-0.027224434539675713,,,,,,
24.594324999999998,ATT,3,,0.0,0.0,92.9,0.0,0.0,0.02,,0.04,,,,92.9,,,,,,,,,,,,,,,,,,,,,,
24.594324999999998,XKF1,,,,,,,,,,,,,,,,0.0,0.0,,,0.01978907842877327,,,,,,0.0,,,,,,,-0.013759464956820013,,-0.013759464956820011,-0.014222684316337109
24.594324999999998,POS,,,,,,,,,,,,,,,,0.011132000130089637,0.0,,,,,37.4274999,-122.1697,,,-0.011132000130089637,,,,-0.027212101966142654,,,,,,
24.694285,ATT,3,,0.0,0.0,92.89,0.0,0.0,0.03,,0.04,,,,92.89,,,,,,,,,,,,,,,,,,,,,,
24.694285,XKF1,,,,,,,,,,,,,,,,0.0,0.0,,,0.019894418915884133,,,,,,0.0,,,,,,,-0.013836465775966646,,-0.013836465775966644,-0.014294758439064026
24.694285,POS,,,,,,,,,,,,,,,,0.011132000130089637,0.0,,,,,37.4274999,-122.1697,,,-0.011132000130089637,,,,-0.027198350057005882,,,,,,
24.794244999999997,ATT,3,,0.0,0.0,92.88,0.0,0.0,0.03,,0.04,,,,92.88,,,,,,,,,,,,,,,,,,,,,,
24.794244999999997,XKF1,,,,,,,,,,,,,,,,0.0,0.0,,,0.02005835349808176,,,,,,0.0,,,,,,,-0.013986473903059961,,-0.01398647390305996,-0.014377624727785587
24.794244999999997,POS,,,,,,,,,,,,,,,,0.011132000130089637,0.0,,,,,37.4274999,-122.1697,,,-0.011132000130089637,,,,-0.027180524542927742,,,,,,
24.894205,ATT,3,,0.0,0.0,92.88,0.0,0.0,0.03,,0.04,,,,92.88,,,,,,,,,,,,,,,,,,,,,,
24.894205,XKF1,,,,,,,,,,,,,,,,0.0,0.0,,,0.02014226975299886,,,,,,0.0,,,,,,,-0.014050234109163286,,-0.014050234109163284,-0.01443266961723566
24.894205,POS,,,,,,,,,,,,,,,,0.011132000130089637,0.0,,,,,37.4274999,-122.1697,,,-0.011132000130089637,,,,-0.02715912088751793,,,,,,
24.994998000000002,ATT,3,,0.0,0.0,92.87,0.0,0.0,0.03,,0.04,,,,92.87,,,,,,,,,,,,,,,,,,,,,,
24.994998000000002,XKF1,,,,,,,,,,,,,,,,0.0,0.0,,,0.020297660412291568,,,,,,0.0,,,,,,,-0.014188867062330248,,-0.014188867062330246,-0.01451451238244772
24.994998000000002,POS,,,,,,,,,,,,,,,,0.011132000130089637,0.0,,,,,37.4274999,-122.1697,,,-0.011132000130089637,,,,-0.027136677876114845,,,,,,
25.094958,ATT,3,,0.0,0.0,92.86,0.0,0.0,0.03,,0.04,,,,92.86,,,,,,,,,,,,,,,,,,,,,,
25.094958,XKF1,,,,,,,,,,,,,,,,0.0,0.0,,,0.020417141396382545,,,,,,0.0,,,,,,,-0.014259855262935163,,-0.014259855262935162,-0.01461219321936369
25.094958,POS,,,,,,,,,,,,,,,,0.011132000130089637,0.0,,,,,37.4274999,-122.1697,,,-0.011132000130089637,,,,-0.027114616706967354,,,,,,
25.194918,ATT,3,,0.0,0.0,92.85,0.0,0.0,0.03,,0.04,,,,92.85,,,,,,,,,,,,,,,,,,,,,,
25.194918,XKF1,,,,,,,,,,,,,,,,0.0,0.0,,,0.020572604189239226,,,,,,0.0,,,,,,,-0.01441337261348963,,-0.014413372613489628,-0.014679466374218464
25.194918,POS,,,,,,,,,,,,,,,,0.011132000130089637,0.0,,,,,37.4274999,-122.1697,,,-0.011132000130089637,,,,-0.027091113850474358,,,,,,
25.294877999999997,ATT,3,,0.0,0.0,92.84,0.0,0.0,0.03,,0.04,,,,92.84,,,,,,,,,,,,,,,,,,,,,,
25.294877999999997,XKF1,,,,,,,,,,,,,,,,0.0,0.0,,,0.02071775992287709,,,,,,0.0,,,,,,,-0.014548938721418382,,-0.01454893872141838,-0.014749710448086262
25.294877999999997,POS,,,,,,,,,,,,,,,,0.011132000130089637,0.0,,,,,37.4274999,-122.1697,,,-0.011132000130089637,,,,-0.027065329253673553,,,,,,
25.394838,ATT,3,,0.0,0.0,92.83,0.0,0.0,0.03,,0.04,,,,92.83,,,,,,,,,,,,,,,,,,,,,,
25.394838,XKF1,,,,,,,,,,,,,,,,0.0,0.0,,,0.0208327201227548,,,,,,0.0,,,,,,,-0.014642284251749517,,-0.014642284251749516,-0.014819100499153137
25.394838,POS,,,,,,,,,,,,,,,,0.011132000130089637,0.0,,,,,37.4274999,-122.1697,,,-0.011132000130089637,,,,-0.02704119309782982,,,,,,
25.494798000000003,ATT,3,,0.0,0.0,92.82,0.0,0.0,0.03,,0.04,,,,92.82,,,,,,,,,,,,,,,,,,,,,,
25.494798000000003,XKF1,,,,,,,,,,,,,,,,0.0,0.0,,,0.020937193756162726,,,,,,0.0,,,,,,,-0.014724634587764742,,-0.01472463458776474,-0.014884596690535545
25.494798000000003,POS,,,,,,,,,,,,,,,,0.011132000130089637,0.0,,,,,37.4274999,-122.1697,,,-0.011132000130089637,,,,-0.02701684646308422,,,,,,
25.594758,ATT,3,,0.0,0.0,92.81,0.0,0.0,0.03,,0.04,,,,92.81,,,,,,,,,,,,,,,,,,,,,,
25.594758,XKF1,,,,,,,,,,,,,,,,0.0,0.0,,,0.02104153827749014,,,,,,0.0,,,,,,,-0.014834325760602953,,-0.014834325760602951,-0.014922771602869034
25.594758,POS,,,,,,,,,,,,,,,,0.011132000130089637,0.0,,,,,37.4274999,-122.1697,,,-0.011132000130089637,,,,-0.02699088491499424,,,,,,
25.694718,ATT,3,,0.0,0.0,92.8,0.0,0.0,0.03,,0.04,,,,92.8,,,,,,,,,,,,,,,,,,,,,,
25.694718,XKF1,,,,,,,,,,,,,,,,0.0,0.0,,,0.021236065062315936,,,,,,0.0,,,,,,,-0.014975469559431078,,-0.014975469559431076,-0.015056751668453217
25.694718,POS,,,,,,,,,,,,,,,,0.011132000130089637,0.0,,,,,37.4274999,-122.1697,,,-0.011132000130089637,,,,-0.026962244883179665,,,,,,
25.794677999999998,ATT,3,,0.0,0.0,92.79,0.0,0.0,0.03,,0.04,,,,92.79,,,,,,,,,,,,,,,,,,,,,,
25.794677999999998,XKF1,,,,,,,,,,,,,,,,0.0,0.0,,,0.02136714610014443,,,,,,0.0,,,,,,,-0.015116979368031027,,-0.015116979368031025,-0.015100724063813686
25.794677999999998,POS,,,,,,,,,,,,,,,,0.011132000130089637,0.0,,,,,37.4274999,-122.1697,,,-0.011132000130089637,,,,-0.02692963369190693,,,,,,
25.894638,ATT,3,,0.0,0.0,92.79,0.0,0.0,0.03,,0.04,,,,92.79,,,,,,,,,,,,,,,,,,,,,,
25.894638,XKF1,,,,,,,,,,,,,,,,0.0,0.0,,,0.02151635248090499,,,,,,0.0,,,,,,,-0.015251505188643934,,-0.015251505188643932,-0.015177121385931969
25.894638,POS,,,,,,,,,,,,,,,,0.011132000130089637,0.0,,,,,37.4274999,-122.1697,,,-0.011132000130089637,,,,-0.02689325250685215,,,,,,
25.994598000000003,ATT,3,,0.0,0.0,92.78,0.0,0.0,0.03,,0.04,,,,92.78,,,,,,,,,,,,,,,,,,,,,,
25.994598000000003,XKF1,,,,,,,,,,,,,,,,0.0,0.0,,,0.021662375444991118,,,,,,0.0,,,,,,,-0.015379837714135649,,-0.015379837714135647,-0.015255133621394634
25.994598000000003,POS,,,,,,,,,,,,,,,,0.011132000130089637,0.0,,,,,37.4274999,-122.1697,,,-0.011132000130089637,,,,-0.02685662917792797,,,,,,
26.094558,ATT,3,,0.0,0.0,92.77,0.0,0.0,0.03,,0.04,,,,92.77,,,,,,,,,,,,,,,,,,,,,,
26.094558,XKF1,,,,,,,,,,,,,,,,0.0,0.0,,,0.021775453368122113,,,,,,0.0,,,,,,,-0.0154840424656868,,-0.015484042465686798,-0.015310610644519329
26.094558,POS,,,,,,,,,,,,,,,,0.011132000130089637,0.0,,,,,37.4274999,-122.1697,,,-0.011132000130089637,,,,-0.0268196202814579,,,,,,
26.194518000000002,ATT,3,,0.0,0.0,92.76,0.0,0.0,0.03,,0.04,,,,92.76,,,,,,,,,,,,,,,,,,,,,,
26.194518000000002,XKF1,,,,,,,,,,,,,,,,0.0,0.0,,,0.02189455136008813,,,,,,0.0,,,,,,,-0.015596201643347742,,-0.01559620164334774,-0.015366517938673496
26.194518000000002,POS,,,,,,,,,,,,,,,,0.011132000130089637,0.0,,,,,37.4274999,-122.1697,,,-0.011132000130089637,,,,-0.02677873522043228,,,,,,
26.294477999999998,ATT,3,,0.0,0.0,92.75,0.0,0.0,0.03,,0.04,,,,92.75,,,,,,,,,,,,,,,,,,,,,,
26.294477999999998,XKF1,,,,,,,,,,,,,,,,0.0,0.0,,,0.022035071029140294,,,,,,0.0,,,,,,,-0.01569625362753868,,-0.01569625362753868,-0.015465185977518559
26.294477999999998,POS,,,,,,,,,,,,,,,,0.011132000130089637,0.0,,,,,37.4274999,-122.1697,,,-0.011132000130089637,,,,-0.026736345142126083,,,,,,
26.394438,ATT,3,,0.0,0.0,92.74,0.0,0.0,0.03,,0.04,,,,92.74,,,,,,,,,,,,,,,,,,,,,,
26.394438,XKF1,,,,,,,,,,,,,,,,0.0,0.0,,,0.022156410050212516,,,,,,0.0,,,,,,,-0.015823520720005035,,-0.015823520720005035,-0.015508794225752354
26.394438,POS,,,,,,,,,,,,,,,,0.011132000130089637,0.0,,,,,37.4274999,-122.1697,,,-0.011132000130089637,,,,-0.0266899224370718,,,,,,
26.494397999999997,ATT,3,,0.0,0.0,92.73,0.0,0.0,0.03,,0.04,,,,92.73,,,,,,,,,,,,,,,,,,,,,,
26.494397999999997,XKF1,,,,,,,,,,,,,,,,0.0,0.0,,,0.02229415976240657,,,,,,0.0,,,,,,,-0.01595025323331356,,-0.01595025323331356,-0.01557623129338026
26.494397999999997,POS,,,,,,,,,,,,,,,,0.011132000130089637,0.0,,,,,37.4274999,-122.1697,,,-0.011132000130089637,,,,-0.02664361149072647,,,,,,
26.594358,ATT,3,,0.0,0.0,92.72,0.0,0.0,0.03,,0.04,,,,92.72,,,,,,,,,,,,,,,,,,,,,,
26.594358,XKF1,,,,,,,,,,,,,,,,0.0,0.0,,,0.022421145090933646,,,,,,0.0,,,,,,,-0.01606232114136219,,-0.01606232114136219,-0.015643196180462837
26.594358,POS,,,,,,,,,,,,,,,,0.011132000130089637,0.0,,,,,37.4274999,-122.1697,,,-0.011132000130089637,,,,-0.02659803442656994,,,,,,
26.694318000000003,ATT,3,,0.0,0.0,92.71,0.0,0.0,0.03,,0.04,,,,92.71,,,,,,,,,,,,,,,,,,,,,,
26.694318000000003,XKF1,,,,,,,,,,,,,,,,0.0,0.0,,,0.022515176697093124,,,,,,0.0,,,,,,,-0.01615719124674797,,-0.01615719124674797,-0.015680508688092232
26.694318000000003,POS,,,,,,,,,,,,,,,,0.011132000130089637,0.0,,,,,37.4274999,-122.1697,,,-0.011132000130089637,,,,-0.02655445970594883,,,,,,
26.794278,ATT,3,,0.0,0.0,92.71,0.0,0.0,0.03,,0.05,,,,92.71,,,,,,,,,,,,,,,,,,,,,,
26.794278,XKF1,,,,,,,,,,,,,,,,0.0,0.0,,,0.022704621923857485,,,,,,0.0,,,,,,,-0.016321124508976936,,-0.016321124508976936,-0.015783559530973434
26.794278,POS,,,,,,,,,,,,,,,,0.011132000130089637,0.0,,,,,37.4274999,-122.1697,,,-0.011132000130089637,,,,-0.026511067524552345,,,,,,
26.894238,ATT,3,,0.0,0.0,92.7,0.0,0.0,0.03,,0.05,,,,92.7,,,,,,,,,,,,,,,,,,,,,,
26.894238,XKF1,,,,,,,,,,,,,,,,0.0,0.0,,,0.022797864047573845,,,,,,0.0,,,,,,,-0.01641756296157837,,-0.01641756296157837,-0.015817908570170403
26.894238,POS,,,,,,,,,,,,,,,,0.011132000130089637,0.0,,,,,37.4274999,-122.1697,,,-0.011132000130089637,,,,-0.026469675824046135,,,,,,
26.994197999999997,ATT,3,,0.0,0.0,92.69,0.0,0.0,0.03,,0.05,,,,92.69,,,,,,,,,,,,,,,,,,,,,,
26.994197999999997,XKF1,,,,,,,,,,,,,,,,0.0,0.0,,,0.022887279714575205,,,,,,0.0,,,,,,,-0.016494276002049446,,-0.016494276002049446,-0.015867149457335472
26.994197999999997,POS,,,,,,,,,,,,,,,,0.011132000130089637,0.0,,,,,37.4274999,-122.1697,,,-0.011132000130089637,,,,-0.026424285024404526,,,,,,
27.094991,ATT,3,,0.0,0.0,92.68,0.0,0.0,0.03,,0.05,,,,92.68,,,,,,,,,,,,,,,,,,,,,,
27.094991,XKF1,,,,,,,,,,,,,,,,0.0,0.0,,,0.02301065833929426,,,,,,0.0,,,,,,,-0.016593098640441895,,-0.016593098640441895,-0.01594237983226776
27.094991,POS,,,,,,,,,,,,,,,,0.011132000130089637,0.0,,,,,37.4274999,-122.1697,,,-0.011132000130089637,,,,-0.026380354538559914,,,,,,
27.194951000000003,ATT,3,,0.0,0.0,92.67,0.0,0.0,0.03,,0.05,,,,92.67,,,,,,,,,,,,,,,,,,,,,,
27.194951000000003,XKF1,,,,,,,,,,,,,,,,0.0,0.0,,,0.023155576632631375,,,,,,0.0,,,,,,,-0.016695458441972733,,-0.016695458441972733,-0.016045011579990387
27.194951000000003,POS,,,,,,,,,,,,,,,,0.011132000130089637,0.0,,,,,37.4274999,-122.1697,,,-0.011132000130089637,,,,-0.026338333263993263,,,,,,
27.294911,ATT,3,,0.0,0.0,92.66,0.0,0.0,0.03,,0.05,,,,92.66,,,,,,,,,,,,,,,,,,,,,,
27.294911,XKF1,,,,,,,,,,,,,,,,0.0,0.0,,,0.023279773291271712,,,,,,0.0,,,,,,,-0.016803601756691933,,-0.016803601756691933,-0.016111698001623154
27.294911,POS,,,,,,,,,,,,,,,,0.011132000130089637,0.0,,,,,37.4274999,-122.1697,,,-0.011132000130089637,,,,-0.026301218196749687,,,,,,
27.394871000000002,ATT,3,,0.0,0.0,92.66,0.0,0.0,0.03,,0.05,,,,92.66,,,,,,,,,,,,,,,,,,,,,,
27.394871000000002,XKF1,,,,,,,,,,,,,,,,0.0,0.0,,,0.02346202418619444,,,,,,0.0,,,,,,,-0.016963424161076546,,-0.016963424161076546,-0.01620829477906227
27.394871000000002,POS,,,,,,,,,,,,,,,,0.011132000130089637,0.0,,,,,37.4274999,-122.1697,,,-0.011132000130089637,,,,-0.026264145970344543,,,,,,
27.494830999999998,ATT,3,,0.0,0.0,92.65,0.0,0.0,0.03,,0.05,,,,92.65,,,,,,,,,,,,,,,,,,,,,,
27.494830999999998,XKF1,,,,,,,,,,,,,,,,0.0,0.0,,,0.02363280952893325,,,,,,0.0,,,,,,,-0.017101146280765533,,-0.017101146280765533,-0.016311360523104668
27.494830999999998,POS,,,,,,,,,,,,,,,,0.011132000130089637,0.0,,,,,37.4274999,-122.1697,,,-0.011132000130089637,,,,-0.026228763163089752,,,,,,
27.594791,ATT,3,,0.0,0.0,92.64,0.0,0.0,0.03,,0.05,,,,92.64,,,,,,,,,,,,,,,,,,,,,,
27.594791,XKF1,,,,,,,,,,,,,,,,0.0,0.0,,,0.02375742135445767,,,,,,0.0,,,,,,,-0.017197920009493828,,-0.017197920009493828,-0.016390442848205566
27.594791,POS,,,,,,,,,,,,,,,,0.011132000130089637,0.0,,,,,37.4274999,-122.1697,,,-0.011132000130089637,,,,-0.02619452215731144,,,,,,
27.694750999999997,ATT,3,,0.0,0.0,92.63,0.0,0.0,0.03,,0.05,,,,92.63,,,,,,,,,,,,,,,,,,,,,,
27.694750999999997,XKF1,,,,,,,,,,,,,,,,0.0,0.0,,,0.02390042239787328,,,,,,0.0,,,,,,,-0.01729642227292061,,-0.01729642227292061,-0.01649436168372631
27.694750999999997,POS,,,,,,,,,,,,,,,,0.011132000130089637,0.0,,,,,37.4274999,-122.1697,,,-0.011132000130089637,,,,-0.026157569140195847,,,,,,
27.794711,ATT,3,,0.0,0.0,92.62,0.0,0.0,0.03,,0.05,,,,92.62,,,,,,,,,,,,,,,,,,,,,,
27.794711,XKF1,,,,,,,,,,,,,,,,0.0,0.0,,,0.02397196189973849,,,,,,0.0,,,,,,,-0.017372766509652138,,-0.017372766509652138,-0.01651792787015438
27.794711,POS,,,,,,,,,,,,,,,,0.011132000130089637,0.0,,,,,37.4274999,-122.1697,,,-0.011132000130089637,,,,-0.02611507847905159,,,,,,
27.894671000000002,ATT,3,,0.0,0.0,92.62,0.0,0.0,0.03,,0.05,,,,92.62,,,,,,,,,,,,,,,,,,,,,,
27.894671000000002,XKF1,,,,,,,,,,,,,,,,0.0,0.0,,,0.024103923785084642,,,,,,0.0,,,,,,,-0.017476286739110947,,-0.017476286739110947,-0.016600558534264565
27.894671000000002,POS,,,,,,,,,,,,,,,,0.011132000130089637,0.0,,,,,37.4274999,-122.1697,,,-0.011132000130089637,,,,-0.02607443742454052,,,,,,
27.994631,ATT,3,,0.0,0.0,92.61,0.0,0.0,0.03,,0.05,,,,92.61,,,,,,,,,,,,,,,,,,,,,,
27.994631,XKF1,,,,,,,,,,,,,,,,0.0,0.0,,,0.024219306004863318,,,,,,0.0,,,,,,,-0.017599549144506454,,-0.017599549144506454,-0.01663822866976261
27.994631,POS,,,,,,,,,,,,,,,,0.011132000130089637,0.0,,,,,37.4274999,-122.1697,,,-0.011132000130089637,,,,-0.026036255061626434,,,,,,
27.994631,MSG,,,,,,,,,,,,,,,,,,,,,,,,,,,,,,,,,,PreArm: Need Position Estimate,,
27.994631,MSG,,,,,,,,,,,,,,,,,,,,,,,,,,,,,,,,,,PreArm: Fence requires position,,
28.094591,ATT,3,,0.0,0.0,92.6,0.0,0.0,0.03,,0.05,,,,92.6,,,,,,,,,,,,,,,,,,,,,,
28.094591,XKF1,,,,,,,,,,,,,,,,0.0,0.0,,,0.024333589628022605,,,,,,0.0,,,,,,,-0.017695805057883263,,-0.017695805057883263,-0.01670275628566742
28.094591,POS,,,,,,,,,,,,,,,,0.011132000130089637,0.0,,,,,37.4274999,-122.1697,,,-0.011132000130089637,,,,-0.02599548175930977,,,,,,
28.194550999999997,ATT,3,,0.0,0.0,92.59,0.0,0.0,0.03,,0.05,,,,92.59,,,,,,,,,,,,,,,,,,,,,,
28.194550999999997,XKF1,,,,,,,,,,,,,,,,0.0,0.0,,,0.02444824960218006,,,,,,0.0,,,,,,,-0.017789548262953758,,-0.017789548262953758,-0.01677047647535801
28.194550999999997,POS,,,,,,,,,,,,,,,,0.011132000130089637,0.0,,,,,37.4274999,-122.1697,,,-0.011132000130089637,,,,-0.025953060016036034,,,,,,
28.294511,ATT,3,,0.0,0.0,92.58,0.0,0.0,0.03,,0.05,,,,92.58,,,,,,,,,,,,,,,,,,,,,,
28.294511,XKF1,,,,,,,,,,,,,,,,0.0,0.0,,,0.024606297156156188,,,,,,0.0,,,,,,,-0.017922913655638695,,-0.017922913655638695,-0.01685938984155655
28.294511,POS,,,,,,,,,,,,,,,,0.011132000130089637,0.0,,,,,37.4274999,-122.1697,,,-0.011132000130089637,,,,-0.02591095305979252,,,,,,
28.394471000000003,ATT,3,,0.0,0.0,92.58,0.0,0.0,0.03,,0.05,,,,92.58,,,,,,,,,,,,,,,,,,,,,,
28.394471000000003,XKF1,,,,,,,,,,,,,,,,0.0,0.0,,,0.024690606380400586,,,,,,0.0,,,,,,,-0.018001990392804146,,-0.018001990392804146,-0.01689835451543331
28.394471000000003,POS,,,,,,,,,,,,,,,,0.011132000130089637,0.0,,,,,37.4274999,-122.1697,,,-0.011132000130089637,,,,-0.025874990969896317,,,,,,
28.494431,ATT,3,,0.0,0.0,92.57,0.0,0.0,0.03,,0.05,,,,92.57,,,,,,,,,,,,,,,,,,,,,,
28.494431,XKF1,,,,,,,,,,,,,,,,0.0,0.0,,,0.024876490026377204,,,,,,0.0,,,,,,,-0.01811954565346241,,-0.01811954565346241,-0.01704470068216324
28.494431,POS,,,,,,,,,,,,,,,,0.011132000130089637,0.0,,,,,37.4274999,-122.1697,,,-0.011132000130089637,,,,-0.02584115043282509,,,,,,
28.594391,ATT,3,,0.0,0.0,92.56,0.0,0.0,0.04,,0.05,,,,92.56,,,,,,,,,,,,,,,,,,,,,,
28.594391,XKF1,,,,,,,,,,,,,,,,0.0,0.0,,,0.02500787371994942,,,,,,0.0,,,,,,,-0.018224971368908882,,-0.018224971368908882,-0.017124373465776443
28.594391,POS,,,,,,,,,,,,,,,,0.011132000130089637,0.0,,,,,37.4274999,-122.1697,,,-0.011132000130089637,,,,-0.025811104103922844,,,,,,
28.694350999999997,ATT,3,,0.0,0.0,92.55,0.0,0.0,0.04,,0.05,,,,92.55,,,,,,,,,,,,,,,,,,,,,,
28.694350999999997,XKF1,,,,,,,,,,,,,,,,0.0,0.0,,,0.025082885995574067,,,,,,0.0,,,,,,,-0.018281128257513046,,-0.018281128257513046,-0.01717415265738964
28.694350999999997,POS,,,,,,,,,,,,,,,,0.011132000130089637,0.0,,,,,37.4274999,-122.1697,,,-0.011132000130089637,,,,-0.02578389272093773,,,,,,
28.794311,ATT,3,,0.0,0.0,92.54,0.0,0.0,0.04,,0.05,,,,92.54,,,,,,,,,,,,,,,,,,,,,,
28.794311,XKF1,,,,,,,,,,,,,,,,0.0,0.0,,,0.02526367448236995,,,,,,0.0,,,,,,,-0.018393993377685547,,-0.018393993377685547,-0.017318032681941986
28.794311,POS,,,,,,,,,,,,,,,,0.011132000130089637,0.0,,,,,37.4274999,-122.1697,,,-0.011132000130089637,,,,-0.025756625458598137,,,,,,
28.894271000000003,ATT,3,,0.0,0.0,92.54,0.0,0.0,0.04,,0.05,,,,92.54,,,,,,,,,,,,,,,,,,,,,,
28.894271000000003,XKF1,,,,,,,,,,,,,,,,0.0,0.0,,,0.02544212520602987,,,,,,0.0,,,,,,,-0.01851077750325203,,-0.01851077750325203,-0.01745430752635002
28.894271000000003,POS,,,,,,,,,,,,,,,,0.011132000130089637,0.0,,,,,37.4274999,-122.1697,,,-0.011132000130089637,,,,-0.02573276311159134,,,,,,
28.994231,ATT,3,,0.0,0.0,92.53,0.0,0.0,0.04,,0.05,,,,92.53,,,,,,,,,,,,,,,,,,,,,,
28.994231,XKF1,,,,,,,,,,,,,,,,0.0,0.0,,,0.02566263203600881,,,,,,0.0,,,,,,,-0.018679622560739517,,-0.018679622560739517,-0.017596658319234848
28.994231,POS,,,,,,,,,,,,,,,,0.011132000130089637,0.0,,,,,37.4274999,-122.1697,,,-0.011132000130089637,,,,-0.025708546862006187,,,,,,
29.094191000000002,ATT,3,,0.0,0.0,92.52,0.0,0.0,0.04,,0.05,,,,92.52,,,,,,,,,,,,,,,,,,,,,,
29.094191000000002,XKF1,,,,,,,,,,,,,,,,0.0,0.0,,,0.025819625150531732,,,,,,0.0,,,,,,,-0.018810249865055084,,-0.018810249865055084,-0.017686931416392326
29.094191000000002,POS,,,,,,,,,,,,,,,,0.011132000130089637,0.0,,,,,37.4274999,-122.1697,,,-0.011132000130089637,,,,-0.0256865993142128,,,,,,
29.194983999999998,ATT,3,,0.0,0.0,92.51,0.0,0.0,0.04,,0.05,,,,92.51,,,,,,,,,,,,,,,,,,,,,,
29.194983999999998,XKF1,,,,,,,,,,,,,,,,0.0,0.0,,,0.025940871503440165,,,,,,0.0,,,,,,,-0.01893744058907032,,-0.01893744058907032,-0.017728568986058235
29.194983999999998,POS,,,,,,,,,,,,,,,,0.011132000130089637,0.0,,,,,37.4274999,-122.1697,,,-0.011132000130089637,,,,-0.025666875764727592,,,,,,
29.294944,ATT,3,,0.0,0.0,92.51,0.0,0.0,0.04,,0.05,,,,92.51,,,,,,,,,,,,,,,,,,,,,,
29.294944,XKF1,,,,,,,,,,,,,,,,0.0,0.0,,,0.026022916068388767,,,,,,0.0,,,,,,,-0.01897120662033558,,-0.01897120662033558,-0.017812509089708328
29.294944,POS,,,,,,,,,,,,,,,,0.011132000130089637,0.0,,,,,37.4274999,-122.1697,,,-0.011132000130089637,,,,-0.025652773678302765,,,,,,
29.394903999999997,ATT,3,,0.0,0.0,92.5,0.0,0.0,0.04,,0.05,,,,92.5,,,,,,,,,,,,,,,,,,,,,,
29.394903999999997,XKF1,,,,,,,,,,,,,,,,0.0,0.0,,,0.026175772596296307,,,,,,0.0,,,,,,,-0.01909858174622059,,-0.01909858174622059,-0.017900146543979645
29.394903999999997,POS,,,,,,,,,,,,,,,,0.011132000130089637,0.0,,,,,37.4274999,-122.1697,,,-0.011132000130089637,,,,-0.025638019666075706,,,,,,
29.494864,ATT,3,,0.0,0.0,92.49,0.0,0.0,0.04,,0.05,,,,92.49,,,,,,,,,,,,,,,,,,,,,,
29.494864,XKF1,,,,,,,,,,,,,,,,0.0,0.0,,,0.02635176992694758,,,,,,0.0,,,,,,,-0.019227104261517525,,-0.019227104261517525,-0.0180203840136528
29.494864,POS,,,,,,,,,,,,,,,,0.011132000130089637,0.0,,,,,37.4274999,-122.1697,,,-0.011132000130089637,,,,-0.025621792301535606,,,,,,
29.594824000000003,ATT,3,,0.0,0.0,92.48,0.0,0.0,0.04,,0.05,,,,92.48,,,,,,,,,,,,,,,,,,,,,,
29.594824000000003,XKF1,,,,,,,,,,,,,,,,0.0,0.0,,,0.026494930398417185,,,,,,0.0,,,,,,,-0.019312825053930283,,-0.019312825053930283,-0.018138250336050987
29.594824000000003,POS,,,,,,,,,,,,,,,,0.011132000130089637,0.0,,,,,37.4274999,-122.1697,,,-0.011132000130089637,,,,-0.025606049224734306,,,,,,
29.694784,ATT,3,,0.0,0.0,92.48,0.0,0.0,0.04,,0.05,,,,92.48,,,,,,,,,,,,,,,,,,,,,,
29.694784,XKF1,,,,,,,,,,,,,,,,0.0,0.0,,,0.026624337580390848,,,,,,0.0,,,,,,,-0.019377727061510086,,-0.019377727061510086,-0.018258122727274895
29.694784,POS,,,,,,,,,,,,,,,,0.011132000130089637,0.0,,,,,37.4274999,-122.1697,,,-0.011132000130089637,,,,-0.0255900826305151,,,,,,
29.794744,ATT,3,,0.0,0.0,92.47,0.0,0.0,0.04,,0.05,,,,92.47,,,,,,,,,,,,,,,,,,,,,,
29.794744,XKF1,,,,,,,,,,,,,,,,0.0,0.0,,,0.02676025801038072,,,,,,0.0,,,,,,,-0.019476378336548805,,-0.019476378336548805,-0.01835162378847599
29.794744,POS,,,,,,,,,,,,,,,,0.011132000130089637,0.0,,,,,37.4274999,-122.1697,,,-0.011132000130089637,,,,-0.025575991719961166,,,,,,
29.894703999999997,ATT,3,,0.0,0.0,92.46,0.0,0.0,0.04,,0.05,,,,92.46,,,,,,,,,,,,,,,,,,,,,,
29.894703999999997,XKF1,,,,,,,,,,,,,,,,0.0,0.0,,,0.026879391711335392,,,,,,0.0,,,,,,,-0.019585272297263145,,-0.019585272297263145,-0.018409747630357742
29.894703999999997,POS,,,,,,,,,,,,,,,,0.011132000130089637,0.0,,,,,37.4274999,-122.1697,,,-0.011132000130089637,,,,-0.025565573945641518,,,,,,
29.994664,ATT,3,,0.0,0.0,92.46,0.0,0.0,0.04,,0.05,,,,92.46,,,,,,,,,,,,,,,,,,,,,,
29.994664,XKF1,,,,,,,,,,,,,,,,0.0,0.0,,,0.02703285088680536,,,,,,0.0,,,,,,,-0.019686579704284668,,-0.019686579704284668,-0.018526025116443634
29.994664,POS,,,,,,,,,,,,,,,,0.011132000130089637,0.0,,,,,37.4274999,-122.1697,,,-0.011132000130089637,,,,-0.02555244043469429,,,,,,
30.094623999999996,ATT,3,,0.0,0.0,92.45,0.0,0.0,0.04,,0.05,,,,92.45,,,,,,,,,,,,,,,,,,,,,,
30.094623999999996,XKF1,,,,,,,,,,,,,,,,0.0,0.0,,,0.02716053101200933,,,,,,0.0,,,,,,,-0.0197722427546978,,-0.0197722427546978,-0.018621301278471947
30.094623999999996,POS,,,,,,,,,,,,,,,,0.011132000130089637,0.0,,,,,37.4274999,-122.1697,,,-0.011132000130089637,,,,-0.02553674206137657,,,,,,
30.194584,ATT,3,,0.0,0.0,92.44,0.0,0.0,0.04,,0.05,,,,92.44,,,,,,,,,,,,,,,,,,,,,,
30.194584,XKF1,,,,,,,,,,,,,,,,0.0,0.0,,,0.027287272684322742,,,,,,0.0,,,,,,,-0.01990588568150997,,-0.01990588568150997,-0.0186641626060009
30.194584,POS,,,,,,,,,,,,,,,,0.011132000130089637,0.0,,,,,37.4274999,-122.1697,,,-0.011132000130089637,,,,-0.025521274656057358,,,,,,
30.294543999999995,ATT,3,,0.0,0.0,92.43,0.0,0.0,0.04,,0.05,,,,92.43,,,,,,,,,,,,,,,,,,,,,,
30.294543999999995,XKF1,,,,,,,,,,,,,,,,0.0,0.0,,,0.027418649785299766,,,,,,0.0,,,,,,,-0.020032424479722977,,-0.020032424479722977,-0.01872122660279274
30.294543999999995,POS,,,,,,,,,,,,,,,,0.011132000130089637,0.0,,,,,37.4274999,-122.1697,,,-0.011132000130089637,,,,-0.02550562098622322,,,,,,
30.394503999999998,ATT,3,,0.0,0.0,92.43,0.0,0.0,0.04,,0.05,,,,92.43,,,,,,,,,,,,,,,,,,,,,,
30.394503999999998,XKF1,,,,,,,,,,,,,,,,0.0,0.0,,,0.027582820548641588,,,,,,0.0,,,,,,,-0.02018643356859684,,-0.02018643356859684,-0.018796805292367935
30.394503999999998,POS,,,,,,,,,,,,,,,,0.011132000130089637,0.0,,,,,37.4274999,-122.1697,,,-0.011132000130089637,,,,-0.025490233674645424,,,,,,
30.494464,ATT,3,,0.0,0.0,92.42,0.0,0.0,0.04,,0.05,,,,92.42,,,,,,,,,,,,,,,,,,,,,,
30.494464,XKF1,,,,,,,,,,,,,,,,0.0,0.0,,,0.027737344458423137,,,,,,0.0,,,,,,,-0.020301027223467827,,-0.020301027223467827,-0.018900491297245026
30.494464,POS,,,,,,,,,,,,,,,,0.011132000130089637,0.0,,,,,37.4274999,-122.1697,,,-0.011132000130089637,,,,-0.025477474555373192,,,,,,
30.594423999999997,ATT,3,,0.0,0.0,92.41,0.0,0.0,0.04,,0.05,,,,92.41,,,,,,,,,,,,,,,,,,,,,,
30.594423999999997,XKF1,,,,,,,,,,,,,,,,0.0,0.0,,,0.027906792701806907,,,,,,0.0,,,,,,,-0.020437609404325485,,-0.020437609404325485,-0.019002452492713928
30.594423999999997,POS,,,,,,,,,,,,,,,,0.011132000130089637,0.0,,,,,37.4274999,-122.1697,,,-0.011132000130089637,,,,-0.025460761040449142,,,,,,
30.694384,ATT,3,,0.0,0.0,92.41,0.0,0.0,0.04,,0.05,,,,92.41,,,,,,,,,,,,,,,,,,,,,,
30.694384,XKF1,,,,,,,,,,,,,,,,0.0,0.0,,,0.028016286573570453,,,,,,0.0,,,,,,,-0.020520314574241638,,-0.020520314574241638,-0.019074302166700363
30.694384,POS,,,,,,,,,,,,,,,,0.011132000130089637,0.0,,,,,37.4274999,-122.1697,,,-0.011132000130089637,,,,-0.025442950427532196,,,,,,
30.794343999999995,ATT,3,,0.0,0.0,92.4,0.0,0.0,0.04,,0.05,,,,92.4,,,,,,,,,,,,,,,,,,,,,,
30.794343999999995,XKF1,,,,,,,,,,,,,,,,0.0,0.0,,,0.028114659584616116,,,,,,0.0,,,,,,,-0.02056148648262024,,-0.02056148648262024,-0.019174445420503616
30.794343999999995,POS,,,,,,,,,,,,,,,,0.011132000130089637,0.0,,,,,37.4274999,-122.1697,,,-0.011132000130089637,,,,-0.025427239015698433,,,,,,
30.894303999999998,ATT,3,,0.0,0.0,92.39,0.0,0.0,0.04,,0.05,,,,92.39,,,,,,,,,,,,,,,,,,,,,,
30.894303999999998,XKF1,,,,,,,,,,,,,,,,0.0,0.0,,,0.02830896586535873,,,,,,0.0,,,,,,,-0.020721128210425377,,-0.020721128210425377,-0.019288141280412674
30.894303999999998,POS,,,,,,,,,,,,,,,,0.011132000130089637,0.0,,,,,37.4274999,-122.1697,,,-0.011132000130089637,,,,-0.025416608899831772,,,,,,
30.994264,ATT,3,,0.0,0.0,92.38,0.0,0.0,0.04,,0.05,,,,92.38,,,,,,,,,,,,,,,,,,,,,,
30.994264,XKF1,,,,,,,,,,,,,,,,0.0,0.0,,,0.028457286853062588,,,,,,0.0,,,,,,,-0.020834479480981827,,-0.020834479480981827,-0.019384056329727173
30.994264,POS,,,,,,,,,,,,,,,,0.011132000130089637,0.0,,,,,37.4274999,-122.1697,,,-0.011132000130089637,,,,-0.02540714479982853,,,,,,
31.094223999999997,ATT,3,,0.0,0.0,92.38,0.0,0.0,0.04,,0.05,,,,92.38,,,,,,,,,,,,,,,,,,,,,,
31.094223999999997,XKF1,,,,,,,,,,,,,,,,0.0,0.0,,,0.0285516587892129,,,,,,0.0,,,,,,,-0.0208834670484066,,-0.0208834670484066,-0.01946992613375187
31.094223999999997,POS,,,,,,,,,,,,,,,,0.011132000130089637,0.0,,,,,37.4274999,-122.1697,,,-0.011132000130089637,,,,-0.025400735437870026,,,,,,
31.194184,ATT,3,,0.0,0.0,92.37,0.0,0.0,0.04,,0.05,,,,92.37,,,,,,,,,,,,,,,,,,,,,,
31.194184,XKF1,,,,,,,,,,,,,,,,0.0,0.0,,,0.02866923812678374,,,,,,0.0,,,,,,,-0.020958613604307175,,-0.020958613604307175,-0.01956174150109291
31.194184,POS,,,,,,,,,,,,,,,,0.011132000130089637,0.0,,,,,37.4274999,-122.1697,,,-0.011132000130089637,,,,-0.025397831574082375,,,,,,
31.294976999999996,ATT,3,,0.0,0.0,92.36,0.0,0.0,0.04,,0.05,,,,92.36,,,,,,,,,,,,,,,,,,,,,,
31.294976999999996,XKF1,,,,,,,,,,,,,,,,0.0,0.0,,,0.028831004401899157,,,,,,0.0,,,,,,,-0.021065589040517807,,-0.021065589040517807,-0.0196842011064291
31.294976999999996,POS,,,,,,,,,,,,,,,,0.011132000130089637,0.0,,,,,37.4274999,-122.1697,,,-0.011132000130089637,,,,-0.02539697475731373,,,,,,
31.394937,ATT,3,,0.0,0.0,92.36,0.0,0.0,0.04,,0.05,,,,92.36,,,,,,,,,,,,,,,,,,,,,,
31.394937,XKF1,,,,,,,,,,,,,,,,0.0,0.0,,,0.02894283056153652,,,,,,0.0,,,,,,,-0.021146586164832115,,-0.021146586164832115,-0.019761309027671814
31.394937,POS,,,,,,,,,,,,,,,,0.011132000130089637,0.0,,,,,37.4274999,-122.1697,,,-0.011132000130089637,,,,-0.025398369878530502,,,,,,
31.494896999999995,ATT,3,,0.0,0.0,92.35,0.0,0.0,0.04,,0.06,,,,92.35,,,,,,,,,,,,,,,,,,,,,,
31.494896999999995,XKF1,,,,,,,,,,,,,,,,0.0,0.0,,,0.029065134634942574,,,,,,0.0,,,,,,,-0.021263757720589638,,-0.021263757720589638,-0.01981501094996929
31.494896999999995,POS,,,,,,,,,,,,,,,,0.011132000130089637,0.0,,,,,37.4274999,-122.1697,,,-0.011132000130089637,,,,-0.025394784286618233,,,,,,
31.594856999999998,ATT,3,,0.0,0.0,92.34,0.0,0.0,0.04,,0.06,,,,92.34,,,,,,,,,,,,,,,,,,,,,,
31.594856999999998,XKF1,,,,,,,,,,,,,,,,0.0,0.0,,,0.029219548499179245,,,,,,0.0,,,,,,,-0.021381191909313202,,-0.021381191909313202,-0.019915487617254257
31.594856999999998,POS,,,,,,,,,,,,,,,,0.011132000130089637,0.0,,,,,37.4274999,-122.1697,,,-0.011132000130089637,,,,-0.025390544906258583,,,,,,
31.694817,ATT,3,,0.0,0.0,92.34,0.0,0.0,0.04,,0.06,,,,92.34,,,,,,,,,,,,,,,,,,,,,,
31.694817,XKF1,,,,,,,,,,,,,,,,0.0,0.0,,,0.029343356704310514,,,,,,0.0,,,,,,,-0.021493174135684967,,-0.021493174135684967,-0.019976887851953506
31.694817,POS,,,,,,,,,,,,,,,,0.011132000130089637,0.0,,,,,37.4274999,-122.1697,,,-0.011132000130089637,,,,-0.025390246883034706,,,,,,
31.794776999999996,ATT,3,,0.0,0.0,92.33,0.0,0.0,0.04,,0.06,,,,92.33,,,,,,,,,,,,,,,,,,,,,,
31.794776999999996,XKF1,,,,,,,,,,,,,,,,0.0,0.0,,,0.029418597377612894,,,,,,0.0,,,,,,,-0.021556079387664795,,-0.021556079387664795,-0.02001972310245037
31.794776999999996,POS,,,,,,,,,,,,,,,,0.011132000130089637,0.0,,,,,37.4274999,-122.1697,,,-0.011132000130089637,,,,-0.025387713685631752,,,,,,
31.894737,ATT,3,,0.0,0.0,92.32,0.0,0.0,0.04,,0.06,,,,92.32,,,,,,,,,,,,,,,,,,,,,,
31.894737,XKF1,,,,,,,,,,,,,,,,0.0,0.0,,,0.029542385086478776,,,,,,0.0,,,,,,,-0.021665723994374275,,-0.021665723994374275,-0.02008354850113392
31.894737,POS,,,,,,,,,,,,,,,,0.011132000130089637,0.0,,,,,37.4274999,-122.1697,,,-0.011132000130089637,,,,-0.02538306638598442,,,,,,
31.994696999999995,ATT,3,,0.0,0.0,92.32,0.0,0.0,0.04,,0.06,,,,92.32,,,,,,,,,,,,,,,,,,,,,,
31.994696999999995,XKF1,,,,,,,,,,,,,,,,0.0,0.0,,,0.029616795897186955,,,,,,0.0,,,,,,,-0.021727140992879868,,-0.021727140992879868,-0.020126746967434883
31.994696999999995,POS,,,,,,,,,,,,,,,,0.011132000130089637,0.0,,,,,37.4274999,-122.1697,,,-0.011132000130089637,,,,-0.025379585102200508,,,,,,
32.094657,ATT,3,,0.0,0.0,92.31,0.0,0.0,0.04,,0.06,,,,92.31,,,,,,,,,,,,,,,,,,,,,,
32.094657,XKF1,,,,,,,,,,,,,,,,0.0,0.0,,,0.02975264761016291,,,,,,0.0,,,,,,,-0.021824482828378677,,-0.021824482828378677,-0.020221572369337082
32.094657,POS,,,,,,,,,,,,,,,,0.011132000130089637,0.0,,,,,37.4274999,-122.1697,,,-0.011132000130089637,,,,-0.02537720650434494,,,,,,
32.194617,ATT,3,,0.0,0.0,92.3,0.0,0.0,0.04,,0.06,,,,92.3,,,,,,,,,,,,,,,,,,,,,,
32.194617,XKF1,,,,,,,,,,,,,,,,0.0,0.0,,,0.02984195089776381,,,,,,0.0,,,,,,,-0.02188262902200222,,-0.02188262902200222,-0.020290208980441093
32.194617,POS,,,,,,,,,,,,,,,,0.011132000130089637,0.0,,,,,37.4274999,-122.1697,,,-0.011132000130089637,,,,-0.02537238597869873,,,,,,
32.294577,ATT,3,,0.0,0.0,92.3,0.0,0.0,0.04,,0.06,,,,92.3,,,,,,,,,,,,,,,,,,,,,,
32.294577,XKF1,,,,,,,,,,,,,,,,0.0,0.0,,,0.02996495238161224,,,,,,0.0,,,,,,,-0.021993938833475113,,-0.021993938833475113,-0.020351044833660126
32.294577,POS,,,,,,,,,,,,,,,,0.011132000130089637,0.0,,,,,37.4274999,-122.1697,,,-0.011132000130089637,,,,-0.02536873146891594,,,,,,
32.394537,ATT,3,,0.0,0.0,92.29,0.0,0.0,0.04,,0.06,,,,92.29,,,,,,,,,,,,,,,,,,,,,,
32.394537,XKF1,,,,,,,,,,,,,,,,0.0,0.0,,,0.03010835466223379,,,,,,0.0,,,,,,,-0.022120365872979164,,-0.022120365872979164,-0.02042553387582302
32.394537,POS,,,,,,,,,,,,,,,,0.011132000130089637,0.0,,,,,37.4274999,-122.1697,,,-0.011132000130089637,,,,-0.025363769382238388,,,,,,
32.494496999999996,ATT,3,,0.0,0.0,92.28,0.0,0.0,0.04,,0.06,,,,92.28,,,,,,,,,,,,,,,,,,,,,,
32.494496999999996,XKF1,,,,,,,,,,,,,,,,0.0,0.0,,,0.030262795092535662,,,,,,0.0,,,,,,,-0.02224455587565899,,-0.02224455587565899,-0.02051868662238121
32.494496999999996,POS,,,,,,,,,,,,,,,,0.011132000130089637,0.0,,,,,37.4274999,-122.1697,,,-0.011132000130089637,,,,-0.025360874831676483,,,,,,
32.594457,ATT,3,,0.0,0.0,92.28,0.0,0.0,0.04,,0.06,,,,92.28,,,,,,,,,,,,,,,,,,,,,,
32.594457,XKF1,,,,,,,,,,,,,,,,0.0,0.0,,,0.03036114073294002,,,,,,0.0,,,,,,,-0.022341232746839523,,-0.022341232746839523,-0.02055889554321766
32.594457,POS,,,,,,,,,,,,,,,,0.011132000130089637,0.0,,,,,37.4274999,-122.1697,,,-0.011132000130089637,,,,-0.02536136843264103,,,,,,
32.694417,ATT,3,,0.0,0.0,92.27,0.0,0.0,0.04,,0.06,,,,92.27,,,,,,,,,,,,,,,,,,,,,,
32.694417,XKF1,,,,,,,,,,,,,,,,0.0,0.0,,,0.030451300120013996,,,,,,0.0,,,,,,,-0.022416498512029648,,-0.022416498512029648,-0.020610246807336807
32.694417,POS,,,,,,,,,,,,,,,,0.011132000130089637,0.0,,,,,37.4274999,-122.1697,,,-0.011132000130089637,,,,-0.02536490559577942,,,,,,
32.794377,ATT,3,,0.0,0.0,92.27,0.0,0.0,0.04,,0.06,,,,92.27,,,,,,,,,,,,,,,,,,,,,,
32.794377,XKF1,,,,,,,,,,,,,,,,0.0,0.0,,,0.03057596881958846,,,,,,0.0,,,,,,,-0.022503400221467018,,-0.022503400221467018,-0.02069992385804653
32.794377,POS,,,,,,,,,,,,,,,,0.011132000130089637,0.0,,,,,37.4274999,-122.1697,,,-0.011132000130089637,,,,-0.02537175640463829,,,,,,
32.894337,ATT,3,,0.0,0.0,92.26,0.0,0.0,0.05,,0.06,,,,92.26,,,,,,,,,,,,,,,,,,,,,,
32.894337,XKF1,,,,,,,,,,,,,,,,0.0,0.0,,,0.030673925346267967,,,,,,0.0,,,,,,,-0.02254331111907959,,-0.02254331111907959,-0.020801173523068428
32.894337,POS,,,,,,,,,,,,,,,,0.011132000130089637,0.0,,,,,37.4274999,-122.1697,,,-0.011132000130089637,,,,-0.025379842147231102,,,,,,
32.994296999999996,ATT,3,,0.0,0.0,92.25,0.0,0.0,0.05,,0.06,,,,92.25,,,,,,,,,,,,,,,,,,,,,,
32.994296999999996,XKF1,,,,,,,,,,,,,,,,0.0,0.0,,,0.03084292661403972,,,,,,0.0,,,,,,,-0.022692950442433357,,-0.022692950442433357,-0.020888181403279305
32.994296999999996,POS,,,,,,,,,,,,,,,,0.011132000130089637,0.0,,,,,37.4274999,-122.1697,,,-0.011132000130089637,,,,-0.02539253793656826,,,,,,
33.094257,ATT,3,,0.0,0.0,92.25,0.0,0.0,0.05,,0.06,,,,92.25,,,,,,,,,,,,,,,,,,,,,,
33.094257,XKF1,,,,,,,,,,,,,,,,0.0,0.0,,,0.031007676778655208,,,,,,0.0,,,,,,,-0.022824354469776154,,-0.022824354469776154,-0.02098868414759636
33.094257,POS,,,,,,,,,,,,,,,,0.011132000130089637,0.0,,,,,37.4274999,-122.1697,,,-0.011132000130089637,,,,-0.02540571428835392,,,,,,
33.194216999999995,ATT,3,,0.0,0.0,92.24,0.0,0.0,0.05,,0.06,,,,92.24,,,,,,,,,,,,,,,,,,,,,,
33.194216999999995,XKF1,,,,,,,,,,,,,,,,0.0,0.0,,,0.03108819440359758,,,,,,0.0,,,,,,,-0.022902023047208786,,-0.022902023047208786,-0.021023157984018326
33.194216999999995,POS,,,,,,,,,,,,,,,,0.011132000130089637,0.0,,,,,37.4274999,-122.1697,,,-0.011132000130089637,,,,-0.025419846177101135,,,,,,
33.294177,ATT,3,,0.0,0.0,92.23,0.0,0.0,0.05,,0.06,,,,92.23,,,,,,,,,,,,,,,,,,,,,,
33.294177,XKF1,,,,,,,,,,,,,,,,0.0,0.0,,,0.03122648712376196,,,,,,0.0,,,,,,,-0.022985612973570824,,-0.022985612973570824,-0.021136581897735596
33.294177,POS,,,,,,,,,,,,,,,,0.011132000130089637,0.0,,,,,37.4274999,-122.1697,,,-0.011132000130089637,,,,-0.02543516643345356,,,,,,
33.39497,ATT,3,,0.0,0.0,92.23,0.0,0.0,0.05,,0.06,,,,92.23,,,,,,,,,,,,,,,,,,,,,,
33.39497,XKF1,,,,,,,,,,,,,,,,0.0,0.0,,,0.031304352895900216,,,,,,0.0,,,,,,,-0.02304687537252903,,-0.02304687537252903,-0.021184995770454407
33.39497,POS,,,,,,,,,,,,,,,,0.011132000130089637,0.0,,,,,37.4274999,-122.1697,,,-0.011132000130089637,,,,-0.02545325458049774,,,,,,
33.49493,ATT,3,,0.0,0.0,92.22,0.0,0.0,0.05,,0.06,,,,92.22,,,,,,,,,,,,,,,,,,,,,,
33.49493,XKF1,,,,,,,,,,,,,,,,0.0,0.0,,,0.03141473792155435,,,,,,0.0,,,,,,,-0.023131541907787323,,-0.023131541907787323,-0.02125599980354309
33.49493,POS,,,,,,,,,,,,,,,,0.011132000130089637,0.0,,,,,37.4274999,-122.1697,,,-0.011132000130089637,,,,-0.0254733357578516,,,,,,
33.59489,ATT,3,,0.0,0.0,92.22,0.0,0.0,0.05,,0.06,,,,92.22,,,,,,,,,,,,,,,,,,,,,,
33.59489,XKF1,,,,,,,,,,,,,,,,0.0,0.0,,,0.031531608814733984,,,,,,0.0,,,,,,,-0.023214999586343765,,-0.023214999586343765,-0.021337904036045074
33.59489,POS,,,,,,,,,,,,,,,,0.011132000130089637,0.0,,,,,37.4274999,-122.1697,,,-0.011132000130089637,,,,-0.025495903566479683,,,,,,
33.694849999999995,ATT,3,,0.0,0.0,92.21,0.0,0.0,0.05,,0.06,,,,92.21,,,,,,,,,,,,,,,,,,,,,,
33.694849999999995,XKF1,,,,,,,,,,,,,,,,0.0,0.0,,,0.031632988167905385,,,,,,0.0,,,,,,,-0.023298509418964386,,-0.023298509418964386,-0.021396854892373085
33.694849999999995,POS,,,,,,,,,,,,,,,,0.011132000130089637,0.0,,,,,37.4274999,-122.1697,,,-0.011132000130089637,,,,-0.025519879534840584,,,,,,
33.79481,ATT,3,,0.0,0.0,92.2,0.0,0.0,0.05,,0.06,,,,92.2,,,,,,,,,,,,,,,,,,,,,,
33.79481,XKF1,,,,,,,,,,,,,,,,0.0,0.0,,,0.03170860786596882,,,,,,0.0,,,,,,,-0.023357121273875237,,-0.023357121273875237,-0.021444829180836678
33.79481,POS,,,,,,,,,,,,,,,,0.011132000130089637,0.0,,,,,37.4274999,-122.1697,,,-0.011132000130089637,,,,-0.025540761649608612,,,,,,
33.89477,ATT,3,,0.0,0.0,92.2,0.0,0.0,0.05,,0.06,,,,92.2,,,,,,,,,,,,,,,,,,,,,,
33.89477,XKF1,,,,,,,,,,,,,,,,0.0,0.0,,,0.03179027123776234,,,,,,0.0,,,,,,,-0.023417077958583832,,-0.023417077958583832,-0.021500274538993835
33.89477,POS,,,,,,,,,,,,,,,,0.011132000130089637,0.0,,,,,37.4274999,-122.1697,,,-0.011132000130089637,,,,-0.02555932104587555,,,,,,
33.99473,ATT,3,,0.0,0.0,92.19,0.0,0.0,0.05,,0.06,,,,92.19,,,,,,,,,,,,,,,,,,,,,,
33.99473,XKF1,,,,,,,,,,,,,,,,0.0,0.0,,,0.0318609988783802,,,,,,0.0,,,,,,,-0.023506494238972664,,-0.023506494238972664,-0.021507393568754196
33.99473,POS,,,,,,,,,,,,,,,,0.011132000130089637,0.0,,,,,37.4274999,-122.1697,,,-0.011132000130089637,,,,-0.025576433166861534,,,,,,
34.09469,ATT,3,,0.0,0.0,92.19,0.0,0.0,0.05,,0.06,,,,92.19,,,,,,,,,,,,,,,,,,,,,,
34.09469,XKF1,,,,,,,,,,,,,,,,0.0,0.0,,,0.032016069360613617,,,,,,0.0,,,,,,,-0.02363739348948002,,-0.02363739348948002,-0.021594034507870674
34.09469,POS,,,,,,,,,,,,,,,,0.011132000130089637,0.0,,,,,37.4274999,-122.1697,,,-0.011132000130089637,,,,-0.025592051446437836,,,,,,
34.194649999999996,ATT,3,,0.0,0.0,92.18,0.0,0.0,0.05,,0.06,,,,92.18,,,,,,,,,,,,,,,,,,,,,,
34.194649999999996,XKF1,,,,,,,,,,,,,,,,0.0,0.0,,,0.032079950710580125,,,,,,0.0,,,,,,,-0.023717524483799934,,-0.023717524483799934,-0.021600978448987007
34.194649999999996,POS,,,,,,,,,,,,,,,,0.011132000130089637,0.0,,,,,37.4274999,-122.1697,,,-0.011132000130089637,,,,-0.02560373954474926,,,,,,
34.29461,ATT,3,,0.0,0.0,92.17,0.0,0.0,0.05,,0.06,,,,92.17,,,,,,,,,,,,,,,,,,,,,,
34.29461,XKF1,,,,,,,,,,,,,,,,0.0,0.0,,,0.03214073286776273,,,,,,0.0,,,,,,,-0.023767687380313873,,-0.023767687380313873,-0.02163616754114628
34.29461,POS,,,,,,,,,,,,,,,,0.011132000130089637,0.0,,,,,37.4274999,-122.1697,,,-0.011132000130089637,,,,-0.025612233206629753,,,,,,
34.39457,ATT,3,,0.0,0.0,92.17,0.0,0.0,0.05,,0.06,,,,92.17,,,,,,,,,,,,,,,,,,,,,,
34.39457,XKF1,,,,,,,,,,,,,,,,0.0,0.0,,,0.032234155551027405,,,,,,0.0,,,,,,,-0.02385038696229458,,-0.02385038696229458,-0.02168409153819084
34.39457,POS,,,,,,,,,,,,,,,,0.011132000130089637,0.0,,,,,37.4274999,-122.1697,,,-0.011132000130089637,,,,-0.02562098763883114,,,,,,
34.49453,ATT,3,,0.0,0.0,92.16,0.0,0.0,0.05,,0.06,,,,92.16,,,,,,,,,,,,,,,,,,,,,,
34.49453,XKF1,,,,,,,,,,,,,,,,0.0,0.0,,,0.032370998322729584,,,,,,0.0,,,,,,,-0.02395477518439293,,-0.02395477518439293,-0.02177269570529461
34.49453,POS,,,,,,,,,,,,,,,,0.011132000130089637,0.0,,,,,37.4274999,-122.1697,,,-0.011132000130089637,,,,-0.025629689916968346,,,,,,
34.59449,ATT,3,,0.0,0.0,92.16,0.0,0.0,0.05,,0.06,,,,92.16,,,,,,,,,,,,,,,,,,,,,,
34.59449,XKF1,,,,,,,,,,,,,,,,0.0,0.0,,,0.0325161396479411,,,,,,0.0,,,,,,,-0.024043424054980278,,-0.024043424054980278,-0.02189093641936779
34.59449,POS,,,,,,,,,,,,,,,,0.011132000130089637,0.0,,,,,37.4274999,-122.1697,,,-0.011132000130089637,,,,-0.025636378675699234,,,,,,
34.694449999999996,ATT,3,,0.0,0.0,92.15,0.0,0.0,0.05,,0.06,,,,92.15,,,,,,,,,,,,,,,,,,,,,,
34.694449999999996,XKF1,,,,,,,,,,,,,,,,0.0,0.0,,,0.03260756647095867,,,,,,0.0,,,,,,,-0.02415565587580204,,-0.02415565587580204,-0.021903371438384056
34.694449999999996,POS,,,,,,,,,,,,,,,,0.011132000130089637,0.0,,,,,37.4274999,-122.1697,,,-0.011132000130089637,,,,-0.02564118802547455,,,,,,
34.79441,ATT,3,,0.0,0.0,92.15,0.0,0.0,0.05,,0.06,,,,92.15,,,,,,,,,,,,,,,,,,,,,,
34.79441,XKF1,,,,,,,,,,,,,,,,0.0,0.0,,,0.03269603311850536,,,,,,0.0,,,,,,,-0.024224774911999702,,-0.024224774911999702,-0.021958844736218452
34.79441,POS,,,,,,,,,,,,,,,,0.011132000130089637,0.0,,,,,37.4274999,-122.1697,,,-0.011132000130089637,,,,-0.025649813935160637,,,,,,
34.894369999999995,ATT,3,,0.0,0.0,92.14,0.0,0.0,0.05,,0.06,,,,92.14,,,,,,,,,,,,,,,,,,,,,,
34.894369999999995,XKF1,,,,,,,,,,,,,,,,0.0,0.0,,,0.032627518653117714,,,,,,0.0,,,,,,,-0.024208568036556244,,-0.024208568036556244,-0.021874647587537766
34.894369999999995,POS,,,,,,,,,,,,,,,,0.011132000130089637,0.0,,,,,37.4274999,-122.1697,,,-0.011132000130089637,,,,-0.02566555142402649,,,,,,
34.99433,ATT,3,,0.0,0.0,92.14,0.0,0.0,0.05,,0.06,,,,92.14,,,,,,,,,,,,,,,,,,,,,,
34.99433,XKF1,,,,,,,,,,,,,,,,0.0,0.0,,,0.03269995800853771,,,,,,0.0,,,,,,,-0.024272188544273376,,-0.024272188544273376,-0.021912282332777977
34.99433,POS,,,,,,,,,,,,,,,,0.011132000130089637,0.0,,,,,37.4274999,-122.1697,,,-0.011132000130089637,,,,-0.025675088167190552,,,,,,
35.09429,ATT,3,,0.0,0.0,92.13,0.0,0.0,0.05,,0.06,,,,92.13,,,,,,,,,,,,,,,,,,,,,,
35.09429,XKF1,,,,,,,,,,,,,,,,0.0,0.0,,,0.03286375229938271,,,,,,0.0,,,,,,,-0.02436346560716629,,-0.02436346560716629,-0.02205556072294712
35.09429,POS,,,,,,,,,,,,,,,,0.011132000130089637,0.0,,,,,37.4274999,-122.1697,,,-0.011132000130089637,,,,-0.025682950392365456,,,,,,
35.19425,ATT,3,,0.0,0.0,92.13,0.0,0.0,0.05,,0.06,,,,92.13,,,,,,,,,,,,,,,,,,,,,,
35.19425,XKF1,,,,,,,,,,,,,,,,0.0,0.0,,,0.032966896259762006,,,,,,0.0,,,,,,,-0.02442449890077114,,-0.02442449890077114,-0.022141817957162857
35.19425,POS,,,,,,,,,,,,,,,,0.011132000130089637,0.0,,,,,37.4274999,-122.1697,,,-0.011132000130089637,,,,-0.025693196803331375,,,,,,
35.29421,ATT,3,,0.0,0.0,92.12,0.0,0.0,0.05,,0.06,,,,92.12,,,,,,,,,,,,,,,,,,,,,,
35.29421,XKF1,,,,,,,,,,,,,,,,0.0,0.0,,,0.03307138765202819,,,,,,0.0,,,,,,,-0.02448863908648491,,-0.02448863908648491,-0.02222663350403309
35.29421,POS,,,,,,,,,,,,,,,,0.011132000130089637,0.0,,,,,37.4274999,-122.1697,,,-0.011132000130089637,,,,-0.025704098865389824,,,,,,
35.394169999999995,ATT,3,,0.0,0.0,92.12,0.0,0.0,0.05,,0.06,,,,92.12,,,,,,,,,,,,,,,,,,,,,,
35.394169999999995,XKF1,,,,,,,,,,,,,,,,0.0,0.0,,,0.03316888228879815,,,,,,0.0,,,,,,,-0.024552639573812485,,-0.024552639573812485,-0.02230118028819561
35.394169999999995,POS,,,,,,,,,,,,,,,,0.011132000130089637,0.0,,,,,37.4274999,-122.1697,,,-0.011132000130089637,,,,-0.025716403499245644,,,,,,
35.494963,ATT,3,,0.0,0.0,92.11,0.0,0.0,0.05,,0.06,,,,92.11,,,,,,,,,,,,,,,,,,,,,,
35.494963,XKF1,,,,,,,,,,,,,,,,0.0,0.0,,,0.03322755600159458,,,,,,0.0,,,,,,,-0.024579379707574844,,-0.024579379707574844,-0.02235899306833744
35.494963,POS,,,,,,,,,,,,,,,,0.011132000130089637,0.0,,,,,37.4274999,-122.1697,,,-0.011132000130089637,,,,-0.02572828158736229,,,,,,
35.594923,ATT,3,,0.0,0.0,92.1,0.0,0.0,0.05,,0.06,,,,92.1,,,,,,,,,,,,,,,,,,,,,,
35.594923,XKF1,,,,,,,,,,,,,,,,0.0,0.0,,,0.033327189049058625,,,,,,0.0,,,,,,,-0.024641230702400208,,-0.024641230702400208,-0.022439057007431984
35.594923,POS,,,,,,,,,,,,,,,,0.011132000130089637,0.0,,,,,37.4274999,-122.1697,,,-0.011132000130089637,,,,-0.025736093521118164,,,,,,
35.694883,ATT,3,,0.0,0.0,92.1,0.0,0.0,0.05,,0.06,,,,92.1,,,,,,,,,,,,,,,,,,,,,,
35.694883,XKF1,,,,,,,,,,,,,,,,0.0,0.0,,,0.03347472414180355,,,,,,0.0,,,,,,,-0.02475212886929512,,-0.02475212886929512,-0.022536398842930794
35.694883,POS,,,,,,,,,,,,,,,,0.011132000130089637,0.0,,,,,37.4274999,-122.1697,,,-0.011132000130089637,,,,-0.025744227692484856,,,,,,
35.794843,ATT,3,,0.0,0.0,92.09,0.0,0.0,0.05,,0.06,,,,92.09,,,,,,,,,,,,,,,,,,,,,,
35.794843,XKF1,,,,,,,,,,,,,,,,0.0,0.0,,,0.03363632044713224,,,,,,0.0,,,,,,,-0.024877559393644333,,-0.024877559393644333,-0.02263866364955902
35.794843,POS,,,,,,,,,,,,,,,,0.011132000130089637,0.0,,,,,37.4274999,-122.1697,,,-0.011132000130089637,,,,-0.025751182809472084,,,,,,
35.894802999999996,ATT,3,,0.0,0.0,92.09,0.0,0.0,0.05,,0.06,,,,92.09,,,,,,,,,,,,,,,,,,,,,,
35.894802999999996,XKF1,,,,,,,,,,,,,,,,0.0,0.0,,,0.03376313610529859,,,,,,0.0,,,,,,,-0.024965574964880943,,-0.024965574964880943,-0.02273036353290081
35.894802999999996,POS,,,,,,,,,,,,,,,,0.011132000130089637,0.0,,,,,37.4274999,-122.1697,,,-0.011132000130089637,,,,-0.025758419185876846,,,,,,
35.994763,ATT,3,,0.0,0.0,92.08,0.0,0.0,0.05,,0.06,,,,92.08,,,,,,,,,,,,,,,,,,,,,,
35.994763,XKF1,,,,,,,,,,,,,,,,0.0,0.0,,,0.0338280650497399,,,,,,0.0,,,,,,,-0.025035033002495766,,-0.025035033002495766,-0.022750496864318848
35.994763,POS,,,,,,,,,,,,,,,,0.011132000130089637,0.0,,,,,37.4274999,-122.1697,,,-0.011132000130089637,,,,-0.025767933577299118,,,,,,
36.094722999999995,ATT,3,,0.0,0.0,92.08,0.0,0.0,0.05,,0.06,,,,92.08,,,,,,,,,,,,,,,,,,,,,,
36.094722999999995,XKF1,,,,,,,,,,,,,,,,0.0,0.0,,,0.03391228826045706,,,,,,0.0,,,,,,,-0.025095628574490547,,-0.025095628574490547,-0.022809049114584923
36.094722999999995,POS,,,,,,,,,,,,,,,,0.011132000130089637,0.0,,,,,37.4274999,-122.1697,,,-0.011132000130089637,,,,-0.025781096890568733,,,,,,
36.194683,ATT,3,,0.0,0.0,92.07,0.0,0.0,0.05,,0.06,,,,92.07,,,,,,,,,,,,,,,,,,,,,,
36.194683,XKF1,,,,,,,,,,,,,,,,0.0,0.0,,,0.033984624041208944,,,,,,0.0,,,,,,,-0.025135984644293785,,-0.025135984644293785,-0.022872187197208405
36.194683,POS,,,,,,,,,,,,,,,,0.011132000130089637,0.0,,,,,37.4274999,-122.1697,,,-0.011132000130089637,,,,-0.025796206668019295,,,,,,
36.294643,ATT,3,,0.0,0.0,92.07,0.0,0.0,0.05,,0.06,,,,92.07,,,,,,,,,,,,,,,,,,,,,,
36.294643,XKF1,,,,,,,,,,,,,,,,0.0,0.0,,,0.034064207841608934,,,,,,0.0,,,,,,,-0.025203336030244827,,-0.025203336030244827,-0.022916415706276894
36.294643,POS,,,,,,,,,,,,,,,,0.011132000130089637,0.0,,,,,37.4274999,-122.1697,,,-0.011132000130089637,,,,-0.025811968371272087,,,,,,
36.394603,ATT,3,,0.0,0.0,92.06,0.0,0.0,0.05,,0.06,,,,92.06,,,,,,,,,,,,,,,,,,,,,,
36.394603,XKF1,,,,,,,,,,,,,,,,0.0,0.0,,,0.03418938599023087,,,,,,0.0,,,,,,,-0.025316767394542694,,-0.025316767394542694,-0.022977715358138084
36.394603,POS,,,,,,,,,,,,,,,,0.011132000130089637,0.0,,,,,37.4274999,-122.1697,,,-0.011132000130089637,,,,-0.02582644857466221,,,,,,
36.494563,ATT,3,,0.0,0.0,92.06,0.0,0.0,0.05,,0.06,,,,92.06,,,,,,,,,,,,,,,,,,,,,,
36.494563,XKF1,,,,,,,,,,,,,,,,0.0,0.0,,,0.034310801523738776,,,,,,0.0,,,,,,,-0.02540428936481476,,-0.02540428936481476,-0.02306194230914116
36.494563,POS,,,,,,,,,,,,,,,,0.011132000130089637,0.0,,,,,37.4274999,-122.1697,,,-0.011132000130089637,,,,-0.025835761800408363,,,,,,
36.594522999999995,ATT,3,,0.0,0.0,92.05,0.0,0.0,0.05,,0.06,,,,92.05,,,,,,,,,,,,,,,,,,,,,,
36.594522999999995,XKF1,,,,,,,,,,,,,,,,0.0,0.0,,,0.034370327593981995,,,,,,0.0,,,,,,,-0.025435326620936394,,-0.025435326620936394,-0.023116305470466614
36.594522999999995,POS,,,,,,,,,,,,,,,,0.011132000130089637,0.0,,,,,37.4274999,-122.1697,,,-0.011132000130089637,,,,-0.02584032528102398,,,,,,
36.694483,ATT,3,,0.0,0.0,92.05,0.0,0.0,0.05,,0.06,,,,92.05,,,,,,,,,,,,,,,,,,,,,,
36.694483,XKF1,,,,,,,,,,,,,,,,0.0,0.0,,,0.034438236235611916,,,,,,0.0,,,,,,,-0.025487305596470833,,-0.025487305596470833,-0.02316008135676384
36.694483,POS,,,,,,,,,,,,,,,,0.011132000130089637,0.0,,,,,37.4274999,-122.1697,,,-0.011132000130089637,,,,-0.02584504894912243,,,,,,
36.794443,ATT,3,,0.0,0.0,92.04,0.0,0.0,0.05,,0.06,,,,92.04,,,,,,,,,,,,,,,,,,,,,,
36.794443,XKF1,,,,,,,,,,,,,,,,0.0,0.0,,,0.03453740200288585,,,,,,0.0,,,,,,,-0.025577133521437645,,-0.025577133521437645,-0.02320867031812668
36.794443,POS,,,,,,,,,,,,,,,,0.011132000130089637,0.0,,,,,37.4274999,-122.1697,,,-0.011132000130089637,,,,-0.0258502010256052,,,,,,
36.894403,ATT,3,,0.0,0.0,92.04,0.0,0.0,0.05,,0.06,,,,92.04,,,,,,,,,,,,,,,,,,,,,,
36.894403,XKF1,,,,,,,,,,,,,,,,0.0,0.0,,,0.034660449598271956,,,,,,0.0,,,,,,,-0.02565259300172329,,-0.02565259300172329,-0.023308608680963516
36.894403,POS,,,,,,,,,,,,,,,,0.011132000130089637,0.0,,,,,37.4274999,-122.1697,,,-0.011132000130089637,,,,-0.025859970599412918,,,,,,
36.994363,ATT,3,,0.0,0.0,92.03,0.0,0.0,0.05,,0.06,,,,92.03,,,,,,,,,,,,,,,,,,,,,,
36.994363,XKF1,,,,,,,,,,,,,,,,0.0,0.0,,,0.0347927869167952,,,,,,0.0,,,,,,,-0.025732778012752533,,-0.025732778012752533,-0.02341713383793831
36.994363,POS,,,,,,,,,,,,,,,,0.011132000130089637,0.0,,,,,37.4274999,-122.1697,,,-0.011132000130089637,,,,-0.025876842439174652,,,,,,
37.094322999999996,ATT,3,,0.0,0.0,92.02,0.0,0.0,0.05,,0.06,,,,92.02,,,,,,,,,,,,,,,,,,,,,,
37.094322999999996,XKF1,,,,,,,,,,,,,,,,0.0,0.0,,,0.034877958075987106,,,,,,0.0,,,,,,,-0.025763044133782387,,-0.025763044133782387,-0.023510370403528214
37.094322999999996,POS,,,,,,,,,,,,,,,,0.011132000130089637,0.0,,,,,37.4274999,-122.1697,,,-0.011132000130089637,,,,-0.025895481929183006,,,,,,
37.194283,ATT,3,,0.0,0.0,92.02,0.0,0.0,0.05,,0.06,,,,92.02,,,,,,,,,,,,,,,,,,,,,,
37.194283,XKF1,,,,,,,,,,,,,,,,0.0,0.0,,,0.03493051977490748,,,,,,0.0,,,,,,,-0.025761695578694344,,-0.025761695578694344,-0.02358974888920784
37.194283,POS,,,,,,,,,,,,,,,,0.011132000130089637,0.0,,,,,37.4274999,-122.1697,,,-0.011132000130089637,,,,-0.02591049298644066,,,,,,
37.294243,ATT,3,,0.0,0.0,92.01,0.0,0.0,0.05,,0.06,,,,92.01,,,,,,,,,,,,,,,,,,,,,,
37.294243,XKF1,,,,,,,,,,,,,,,,0.0,0.0,,,0.03505000645219304,,,,,,0.0,,,,,,,-0.025855176150798798,,-0.025855176150798798,-0.02366458997130394
37.294243,POS,,,,,,,,,,,,,,,,0.011132000130089637,0.0,,,,,37.4274999,-122.1697,,,-0.011132000130089637,,,,-0.025921139866113663,,,,,,
37.394203,ATT,3,,0.0,0.0,92.01,0.0,0.0,0.05,,0.06,,,,92.01,,,,,,,,,,,,,,,,,,,,,,
37.394203,XKF1,,,,,,,,,,,,,,,,0.0,0.0,,,0.03510336728321685,,,,,,0.0,,,,,,,-0.02591601200401783,,-0.02591601200401783,-0.02367713488638401
37.394203,POS,,,,,,,,,,,,,,,,0.011132000130089637,0.0,,,,,37.4274999,-122.1697,,,-0.011132000130089637,,,,-0.025931691750884056,,,,,,
37.494996,ATT,3,,0.0,0.0,92.0,0.0,0.0,0.05,,0.06,,,,92.0,,,,,,,,,,,,,,,,,,,,,,
37.494996,XKF1,,,,,,,,,,,,,,,,0.0,0.0,,,0.035169589715331344,,,,,,0.0,,,,,,,-0.025951582938432693,,-0.025951582938432693,-0.023736372590065002
37.494996,POS,,,,,,,,,,,,,,,,0.011132000130089637,0.0,,,,,37.4274999,-122.1697,,,-0.011132000130089637,,,,-0.025941837579011917,,,,,,
37.594955999999996,ATT,3,,0.0,0.0,92.0,0.0,0.0,0.05,,0.06,,,,92.0,,,,,,,,,,,,,,,,,,,,,,
37.594955999999996,XKF1,,,,,,,,,,,,,,,,0.0,0.0,,,0.03533067645643262,,,,,,0.0,,,,,,,-0.026046428829431534,,-0.026046428829431534,-0.023871326819062233
37.594955999999996,POS,,,,,,,,,,,,,,,,0.011132000130089637,0.0,,,,,37.4274999,-122.1697,,,-0.011132000130089637,,,,-0.02595357783138752,,,,,,
37.694916,ATT,3,,0.0,0.0,91.99,0.0,0.0,0.05,,0.06,,,,91.99,,,,,,,,,,,,,,,,,,,,,,
37.694916,XKF1,,,,,,,,,,,,,,,,0.0,0.0,,,0.03545446595223522,,,,,,0.0,,,,,,,-0.026129892095923424,,-0.026129892095923424,-0.02396347001194954
37.694916,POS,,,,,,,,,,,,,,,,0.011132000130089637,0.0,,,,,37.4274999,-122.1697,,,-0.011132000130089637,,,,-0.025964198634028435,,,,,,
37.794875999999995,ATT,3,,0.0,0.0,91.99,0.0,0.0,0.05,,0.07,,,,91.99,,,,,,,,,,,,,,,,,,,,,,
37.794875999999995,XKF1,,,,,,,,,,,,,,,,0.0,0.0,,,0.03552464403263623,,,,,,0.0,,,,,,,-0.02618824504315853,,-0.02618824504315853,-0.02400366961956024
37.794875999999995,POS,,,,,,,,,,,,,,,,0.011132000130089637,0.0,,,,,37.4274999,-122.1697,,,-0.011132000130089637,,,,-0.02597324550151825,,,,,,
37.894836,ATT,3,,0.0,0.0,91.99,0.0,0.0,0.05,,0.07,,,,91.99,,,,,,,,,,,,,,,,,,,,,,
37.894836,XKF1,,,,,,,,,,,,,,,,0.0,0.0,,,0.03558050212129316,,,,,,0.0,,,,,,,-0.026259388774633408,,-0.026259388774633408,-0.024008678272366524
37.894836,POS,,,,,,,,,,,,,,,,0.011132000130089637,0.0,,,,,37.4274999,-122.1697,,,-0.011132000130089637,,,,-0.025980057194828987,,,,,,
37.994796,ATT,3,,0.0,0.0,91.98,0.0,0.0,0.05,,0.07,,,,91.98,,,,,,,,,,,,,,,,,,,,,,
37.994796,XKF1,,,,,,,,,,,,,,,,0.0,0.0,,,0.03571561658364662,,,,,,0.0,,,,,,,-0.02635849080979824,,-0.02635849080979824,-0.024100523442029953
37.994796,POS,,,,,,,,,,,,,,,,0.011132000130089637,0.0,,,,,37.4274999,-122.1697,,,-0.011132000130089637,,,,-0.025986934080719948,,,,,,
38.094756,ATT,3,,0.0,0.0,91.98,0.0,0.0,0.05,,0.07,,,,91.98,,,,,,,,,,,,,,,,,,,,,,
38.094756,XKF1,,,,,,,,,,,,,,,,0.0,0.0,,,0.03579625083838979,,,,,,0.0,,,,,,,-0.026434123516082764,,-0.026434123516082764,-0.024137288331985474
38.094756,POS,,,,,,,,,,,,,,,,0.011132000130089637,0.0,,,,,37.4274999,-122.1697,,,-0.011132000130089637,,,,-0.0259940717369318,,,,,,
38.194716,ATT,3,,0.0,0.0,91.97,0.0,0.0,0.05,,0.07,,,,91.97,,,,,,,,,,,,,,,,,,,,,,
38.194716,XKF1,,,,,,,,,,,,,,,,0.0,0.0,,,0.03586242655912155,,,,,,0.0,,,,,,,-0.026445424184203148,,-0.026445424184203148,-0.02422298863530159
38.194716,POS,,,,,,,,,,,,,,,,0.011132000130089637,0.0,,,,,37.4274999,-122.1697,,,-0.011132000130089637,,,,-0.02599722519516945,,,,,,
38.294675999999995,ATT,3,,0.0,0.0,91.97,0.0,0.0,0.05,,0.07,,,,91.97,,,,,,,,,,,,,,,,,,,,,,
38.294675999999995,XKF1,,,,,,,,,,,,,,,,0.0,0.0,,,0.035960275230237565,,,,,,0.0,,,,,,,-0.026515185832977295,,-0.026515185832977295,-0.024291692301630974
38.294675999999995,POS,,,,,,,,,,,,,,,,0.011132000130089637,0.0,,,,,37.4274999,-122.1697,,,-0.011132000130089637,,,,-0.025998184457421303,,,,,,
38.394636,ATT,3,,0.0,0.0,91.96,0.0,0.0,0.05,,0.07,,,,91.96,,,,,,,,,,,,,,,,,,,,,,
38.394636,XKF1,,,,,,,,,,,,,,,,0.0,0.0,,,0.036045820270947555,,,,,,0.0,,,,,,,-0.02659737318754196,,-0.02659737318754196,-0.024328602477908134
38.394636,POS,,,,,,,,,,,,,,,,0.011132000130089637,0.0,,,,,37.4274999,-122.1697,,,-0.011132000130089637,,,,-0.02599739097058773,,,,,,
38.494596,ATT,3,,0.0,0.0,91.96,0.0,0.0,0.05,,0.07,,,,91.96,,,,,,,,,,,,,,,,,,,,,,
38.494596,XKF1,,,,,,,,,,,,,,,,0.0,0.0,,,0.0361721169789416,,,,,,0.0,,,,,,,-0.02670600451529026,,-0.02670600451529026,-0.024396954104304314
38.494596,POS,,,,,,,,,,,,,,,,0.011132000130089637,0.0,,,,,37.4274999,-122.1697,,,-0.011132000130089637,,,,-0.02599342353641987,,,,,,
38.594556,ATT,3,,0.0,0.0,91.95,0.0,0.0,0.05,,0.07,,,,91.95,,,,,,,,,,,,,,,,,,,,,,
38.594556,XKF1,,,,,,,,,,,,,,,,0.0,0.0,,,0.036287312520452024,,,,,,0.0,,,,,,,-0.02674999088048935,,-0.02674999088048935,-0.024519523605704308
38.594556,POS,,,,,,,,,,,,,,,,0.011132000130089637,0.0,,,,,37.4274999,-122.1697,,,-0.011132000130089637,,,,-0.02599010057747364,,,,,,
38.694516,ATT,3,,0.0,0.0,91.95,0.0,0.0,0.06,,0.07,,,,91.95,,,,,,,,,,,,,,,,,,,,,,
38.694516,XKF1,,,,,,,,,,,,,,,,0.0,0.0,,,0.036457432591740516,,,,,,0.0,,,,,,,-0.026863569393754005,,-0.026863569393754005,-0.02464737370610237
38.694516,POS,,,,,,,,,,,,,,,,0.011132000130089637,0.0,,,,,37.4274999,-122.1697,,,-0.011132000130089637,,,,-0.025986826047301292,,,,,,
38.766987,MSG,,,,,,,,,,,,,,,,,,,,,,,,,,,,,,,,,,Arm: Need Position Estimate,,
38.766987,MSG,,,,,,,,,,,,,,,,,,,,,,,,,,,,,,,,,,Arm: Fence requires position,,
38.794475999999996,ATT,3,,0.0,0.0,91.94,0.0,0.0,0.06,,0.07,,,,91.94,,,,,,,,,,,,,,,,,,,,,,
38.794475999999996,XKF1,,,,,,,,,,,,,,,,0.0,0.0,,,0.03653631231364003,,,,,,0.0,,,,,,,-0.02692415565252304,,-0.02692415565252304,-0.024698015302419662
38.794475999999996,POS,,,,,,,,,,,,,,,,0.011132000130089637,0.0,,,,,37.4274999,-122.1697,,,-0.011132000130089637,,,,-0.025981180369853973,,,,,,
38.894436,ATT,3,,0.0,0.0,91.94,0.0,0.0,0.06,,0.07,,,,91.94,,,,,,,,,,,,,,,,,,,,,,
38.894436,XKF1,,,,,,,,,,,,,,,,0.0,0.0,,,0.036645998579405495,,,,,,0.0,,,,,,,-0.026988232508301735,,-0.026988232508301735,-0.024790411815047264
38.894436,POS,,,,,,,,,,,,,,,,0.011132000130089637,0.0,,,,,37.4274999,-122.1697,,,-0.011132000130089637,,,,-0.025974556803703308,,,,,,
38.994395999999995,ATT,3,,0.0,0.0,91.93,0.0,0.0,0.06,,0.07,,,,91.93,,,,,,,,,,,,,,,,,,,,,,
38.994395999999995,XKF1,,,,,,,,,,,,,,,,0.0,0.0,,,0.03673907254789197,,,,,,0.0,,,,,,,-0.027021557092666626,,-0.027021557092666626,-0.02489166334271431
38.994395999999995,POS,,,,,,,,,,,,,,,,0.011132000130089637,0.0,,,,,37.4274999,-122.1697,,,-0.011132000130089637,,,,-0.025963030755519867,,,,,,
39.094356,ATT,3,,0.0,0.0,91.93,0.0,0.0,0.06,,0.07,,,,91.93,,,,,,,,,,,,,,,,,,,,,,
39.094356,XKF1,,,,,,,,,,,,,,,,0.0,0.0,,,0.03682291458279428,,,,,,0.0,,,,,,,-0.02710171602666378,,-0.02710171602666378,-0.0249283779412508
39.094356,POS,,,,,,,,,,,,,,,,0.011132000130089637,0.0,,,,,37.4274999,-122.1697,,,-0.011132000130089637,,,,-0.025944426655769348,,,,,,
39.101853,MSG,,,,,,,,,,,,,,,,,,,,,,,,,,,,,,,,,,EKF3 IMU1 is using GPS,,
39.106851,MSG,,,,,,,,,,,,,,,,,,,,,,,,,,,,,,,,,,EKF3 IMU0 is using GPS,,
39.194316,ATT,3,,0.0,0.0,91.92,0.0,0.0,0.06,,0.07,,,,91.92,,,,,,,,,,,,,,,,,,,,,,
39.194316,XKF1,,,,,,,,,,,,,,,,0.002457003034601627,0.0018133214907720685,,,0.0006206401972326487,,,,,,0.0016579291550442576,-0.0006200894969506182,,,,,,-0.000440001196693629,,-0.000440001196693629,-0.0004377136065158993
39.194316,POS,,,,,,,,,,,,,,,,0.011132000130089637,0.0,,,,,37.4274999,-122.1697,,,-0.011132000130089637,,,,-0.025924017652869225,,,,,,
39.294275999999996,ATT,3,,0.0,0.0,91.92,0.0,0.0,0.06,,0.07,,,,91.92,,,,,,,,,,,,,,,,,,,,,,
39.294275999999996,XKF1,,,,,,,,,,,,,,,,0.004184075013651637,0.0030853382777422667,,,0.0018898482089555384,,,,,,0.0028261584229767323,-0.0018889395818554588,,,,,,-0.001432483782991767,,-0.001432483782991767,-0.001232686685398221
39.294275999999996,POS,,,,,,,,,,,,,,,,0.011132000130089637,0.0,,,,,37.4274999,-122.1697,,,-0.011132000130089637,,,,-0.025905149057507515,,,,,,
39.394236,ATT,3,,0.0,0.0,91.92,0.0,0.0,0.06,,0.07,,,,91.92,,,,,,,,,,,,,,,,,,,,,,
39.394236,XKF1,,,,,,,,,,,,,,,,0.005173327929400231,0.0038111484609544277,,,0.0028064969659107038,,,,,,0.0034983523655682802,-0.0028057174706923147,,,,,,-0.0021116759162396193,,-0.0021116759162396193,-0.0018485805485397577
39.394236,POS,,,,,,,,,,,,,,,,0.011132000130089637,0.0,,,,,37.4274999,-122.1697,,,-0.011132000130089637,,,,-0.025915078818798065,,,,,,
39.494195999999995,ATT,3,,0.0,0.0,91.91,0.0,0.0,0.06,,0.07,,,,91.91,,,,,,,,,,,,,,,,,,,,,,
39.494195999999995,XKF1,,,,,,,,,,,,,,,,0.005524194355045073,0.004067045636475086,,,0.004065100889646264,,,,,,0.0037384305614978075,-0.004064903693548416,,,,,,-0.003019777126610279,,-0.003019777126610279,-0.0027213951107114553
39.494195999999995,POS,,,,,,,,,,,,,,,,0.011132000130089637,0.0,,,,,37.4274999,-122.1697,,,-0.011132000130089637,,,,-0.02591896615922451,,,,,,
39.594989,ATT,3,,0.0,0.0,91.91,0.0,0.0,0.06,,0.07,,,,91.91,,,,,,,,,,,,,,,,,,,,,,
39.594989,XKF1,,,,,,,,,,,,,,,,0.005592962098223337,0.0041188946925103664,,,0.004991709101395149,,,,,,0.0037836399860680103,-0.004991709092983631,,,,,,-0.0036763024982064962,,-0.0036763024982064962,-0.0033766787964850664
39.594989,POS,,,,,,,,,,,,,,,,0.011132000130089637,0.0,,,,,37.4274999,-122.1697,,,-0.011132000130089637,,,,-0.025940511375665665,,,,,,
39.694949,ATT,3,,0.0,0.0,91.9,0.0,0.0,0.06,,0.07,,,,91.9,,,,,,,,,,,,,,,,,,,,,,
39.694949,XKF1,,,,,,,,,,,,,,,,0.005332031105505208,0.003929581493139267,,,0.006057395806576592,,,,,,0.003604017896577716,-0.006057281765973253,,,,,,-0.004438950680196285,,-0.004438950680196285,-0.004121621139347553
39.694949,POS,,,,,,,,,,,,,,,,0.011132000130089637,0.0,,,,,37.4274999,-122.1697,,,-0.011132000130089637,,,,-0.025959689170122147,,,,,,
39.794909,ATT,3,,0.0,0.0,91.9,0.0,0.0,0.06,,0.08,,,,91.9,,,,,,,,,,,,,,,,,,,,,,
39.794909,XKF1,,,,,,,,,,,,,,,,0.0049361250510176966,0.003643960691988468,,,0.007052016785538006,,,,,,0.0033296968322247267,-0.007051287658970295,,,,,,-0.005137018393725157,,-0.005137018393725157,-0.004831354133784771
39.794909,POS,,,,,,,,,,,,,,,,0.011132000130089637,0.0,,,,,37.4274999,-122.1697,,,-0.011132000130089637,,,,-0.025986870750784874,,,,,,
39.894869,ATT,3,,0.0,0.0,91.89,0.0,0.0,0.07,,0.08,,,,91.89,,,,,,,,,,,,,,,,,,,,,,
39.894869,XKF1,,,,,,,,,,,,,,,,0.004316204281991303,0.0031948050018399954,,,0.008195489192176103,,,,,,0.002902213018387556,-0.00819437697877543,,,,,,-0.005974600091576576,,-0.005974600091576576,-0.005609830375760794
39.894869,POS,,,,,,,,,,,,,,,,0.011132000130089637,0.0,,,,,37.4274999,-122.1697,,,-0.011132000130089637,,,,-0.02600552886724472,,,,,,
39.994828999999996,ATT,3,,0.0,0.0,91.89,0.0,0.0,0.07,,0.08,,,,91.89,,,,,,,,,,,,,,,,,,,,,,
39.994828999999996,XKF1,,,,,,,,,,,,,,,,0.0036880566926493124,0.0027380934916436672,,,0.0092081140577329,,,,,,0.002470750128850341,-0.00920620738457933,,,,,,-0.0067093586549162865,,-0.0067093586549162865,-0.006306652911007404
39.994828999999996,POS,,,,,,,,,,,,,,,,0.011132000130089637,0.0,,,,,37.4274999,-122.1697,,,-0.011132000130089637,,,,-0.026026006788015366,,,,,,
40.094789,ATT,3,,0.0,0.0,91.88,0.0,0.0,0.07,,0.08,,,,91.88,,,,,,,,,,,,,,,,,,,,,,
40.094789,XKF1,,,,,,,,,,,,,,,,0.0028870806017717923,0.0021539656445384026,,,0.010345090892861706,,,,,,0.001922411611303687,-0.010341878895153584,,,,,,-0.007544128689914942,,-0.007544128689914942,-0.007078631781041622
40.094789,POS,,,,,,,,,,,,,,,,0.011132000130089637,0.0,,,,,37.4274999,-122.1697,,,-0.011132000130089637,,,,-0.02604079805314541,,,,,,
40.194749,ATT,3,,0.0,0.0,91.88,0.0,0.0,0.07,,0.08,,,,91.88,,,,,,,,,,,,,,,,,,,,,,
40.194749,XKF1,,,,,,,,,,,,,,,,0.0021455936898113004,0.001614040113054216,,,0.011349895722397852,,,,,,0.0014136643148958683,-0.011341875508948855,,,,,,-0.008250939659774303,,-0.008250939659774303,-0.007793723605573177
40.194749,POS,,,,,,,,,,,,,,,,0.011132000130089637,0.0,,,,,37.4274999,-122.1697,,,-0.011132000130089637,,,,-0.026056623086333275,,,,,,
40.294709,ATT,3,,0.0,0.0,91.87,0.0,0.0,0.07,,0.08,,,,91.87,,,,,,,,,,,,,,,,,,,,,,
40.294709,XKF1,,,,,,,,,,,,,,,,0.0012416762243646067,0.0009558521560393274,,,0.012476247597644275,,,,,,0.0007925317040644586,-0.012448560616234342,,,,,,-0.009052773006260395,,-0.009052773006260395,-0.008585106581449509
40.294709,POS,,,,,,,,,,,,,,,,0.011132000130089637,0.0,,,,,37.4274999,-122.1697,,,-0.011132000130089637,,,,-0.026065193116664886,,,,,,
40.394669,ATT,3,,0.0,0.0,91.87,0.0,0.0,0.07,,0.08,,,,91.87,,,,,,,,,,,,,,,,,,,,,,
40.394669,XKF1,,,,,,,,,,,,,,,,0.0004508356669112104,0.0003781955747399479,,,0.013468783798313089,,,,,,0.00024539948208257556,-0.013235701267308459,,,,,,-0.009745114482939243,,-0.009745114482939243,-0.009297358803451061
40.394669,POS,,,,,,,,,,,,,,,,0.011132000130089637,0.0,,,,,37.4274999,-122.1697,,,-0.011132000130089637,,,,-0.02607867866754532,,,,,,
40.494628999999996,ATT,3,,0.0,0.0,91.87,0.0,0.0,0.07,,0.08,,,,91.87,,,,,,,,,,,,,,,,,,,,,,
40.494628999999996,XKF1,,,,,,,,,,,,,,,,0.0005293518708853739,-0.0003222400264348835,,,0.014603947993539569,,,,,,-0.00041996996151283383,0.01442792087260547,,,,,,-0.010576415807008743,,-0.010576415807008743,-0.01007048785686493
40.494628999999996,POS,,,,,,,,,,,,,,,,0.011132000130089637,0.0,,,,,37.4274999,-122.1697,,,-0.011132000130089637,,,,-0.02608783170580864,,,,,,
40.594589,ATT,3,,0.0,0.0,91.86,0.0,0.0,0.07,,0.08,,,,91.86,,,,,,,,,,,,,,,,,,,,,,
40.594589,XKF1,,,,,,,,,,,,,,,,0.0013430001401535652,-0.0009149708785116673,,,0.015514754915399328,,,,,,-0.0009830959606915712,0.01548793786651443,,,,,,-0.01121921744197607,,-0.01121921744197607,-0.010716192424297333
40.594589,POS,,,,,,,,,,,,,,,,0.011132000130089637,0.0,,,,,37.4274999,-122.1697,,,-0.011132000130089637,,,,-0.026103662326931953,,,,,,
40.694548999999995,ATT,3,,0.0,0.0,91.86,0.0,0.0,0.07,,0.09,,,,91.86,,,,,,,,,,,,,,,,,,,,,,
40.694548999999995,XKF1,,,,,,,,,,,,,,,,0.002339050998066678,-0.0016367334173992276,,,0.016595152604134827,,,,,,-0.0016710066702216864,0.01658521062594667,,,,,,-0.012015690095722675,,-0.012015690095722675,-0.011446496471762657
40.694548999999995,POS,,,,,,,,,,,,,,,,0.011132000130089637,0.0,,,,,37.4274999,-122.1697,,,-0.011132000130089637,,,,-0.02611377090215683,,,,,,
40.794509,ATT,3,,0.0,0.0,91.85,0.0,0.0,0.07,,0.09,,,,91.85,,,,,,,,,,,,,,,,,,,,,,
40.794509,XKF1,,,,,,,,,,,,,,,,0.0031515984914250728,-0.002228067722171545,,,0.017479990137857594,,,,,,-0.0022289655171334743,0.017475288221615582,,,,,,-0.012641130946576595,,-0.012641130946576595,-0.012072773650288582
40.794509,POS,,,,,,,,,,,,,,,,0.011132000130089637,0.0,,,,,37.4274999,-122.1697,,,-0.011132000130089637,,,,-0.026126183569431305,,,,,,
40.894469,ATT,3,,0.0,0.0,91.85,0.0,0.0,0.07,,0.09,,,,91.85,,,,,,,,,,,,,,,,,,,,,,
40.894469,XKF1,,,,,,,,,,,,,,,,0.004164729845743629,-0.0029677555430680513,,,0.01855326378864343,,,,,,-0.002921883249655366,0.018549244495276215,,,,,,-0.013488980941474438,,-0.013488980941474438,-0.012738563120365143
40.894469,POS,,,,,,,,,,,,,,,,0.011132000130089637,0.0,,,,,37.4274999,-122.1697,,,-0.011132000130089637,,,,-0.026136156171560287,,,,,,
40.994429,ATT,3,,0.0,0.0,91.84,0.0,0.0,0.07,,0.09,,,,91.84,,,,,,,,,,,,,,,,,,,,,,
40.994429,XKF1,,,,,,,,,,,,,,,,0.0049626089090913945,-0.0035534899216145277,,,0.019352550998042627,,,,,,-0.00346412998624146,0.01935048003297337,,,,,,-0.014053590595722198,,-0.014053590595722198,-0.01330480445176363
40.994429,POS,,,,,,,,,,,,,,,,0.011132000130089637,0.0,,,,,37.4274999,-122.1697,,,-0.011132000130089637,,,,-0.026150088757276535,,,,,,
41.094389,ATT,3,,0.0,0.0,91.84,0.0,0.0,0.08,,0.09,,,,91.84,,,,,,,,,,,,,,,,,,,,,,
41.094389,XKF1,,,,,,,,,,,,,,,,0.006235667485446364,-0.004484120756387711,,,0.020557300944602952,,,,,,-0.004333152435719967,0.020555816744876765,,,,,,-0.014953515492379665,,-0.014953515492379665,-0.01410655863583088
41.094389,POS,,,,,,,,,,,,,,,,0.011132000130089637,0.0,,,,,37.4274999,-122.1697,,,-0.011132000130089637,,,,-0.026156054809689522,,,,,,
41.194348999999995,ATT,3,,0.0,0.0,91.83,0.0,0.0,0.08,,0.09,,,,91.83,,,,,,,,,,,,,,,,,,,,,,
41.194348999999995,XKF1,,,,,,,,,,,,,,,,0.006905978526316452,-0.004977269563823938,,,0.021208793341068524,,,,,,-0.004787413403391838,0.021207560658472964,,,,,,-0.015443204902112486,,-0.015443204902112484,-0.014536861330270767
41.194348999999995,POS,,,,,,,,,,,,,,,,0.011132000130089637,0.0,,,,,37.4274999,-122.1697,,,-0.011132000130089637,,,,-0.026165122166275978,,,,,,
41.294309,ATT,3,,0.0,0.0,91.83,0.0,0.0,0.08,,0.09,,,,91.83,,,,,,,,,,,,,,,,,,,,,,
41.294309,XKF1,,,,,,,,,,,,,,,,0.008115513787569782,-0.005864528473466635,,,0.022298360923275994,,,,,,-0.0056097120977938175,0.022297546575079683,,,,,,-0.016244644299149513,,-0.016244644299149513,-0.015275091864168644
41.294309,POS,,,,,,,,,,,,,,,,0.011132000130089637,0.0,,,,,37.4274999,-122.1697,,,-0.011132000130089637,,,,-0.026163427159190178,,,,,,
41.394269,ATT,3,,0.0,0.0,91.83,0.0,0.0,0.08,,0.09,,,,91.83,,,,,,,,,,,,,,,,,,,,,,
41.394269,XKF1,,,,,,,,,,,,,,,,0.008676270209441945,-0.006276617757976055,,,0.022765444918100883,,,,,,-0.005990136414766312,0.022764758586807342,,,,,,-0.016590606421232224,,-0.016590606421232224,-0.015589010901749134
41.394269,POS,,,,,,,,,,,,,,,,0.011132000130089637,0.0,,,,,37.4274999,-122.1697,,,-0.011132000130089637,,,,-0.02616925910115242,,,,,,
41.494229,ATT,3,,0.0,0.0,91.82,0.0,0.0,0.08,,0.09,,,,91.82,,,,,,,,,,,,,,,,,,,,,,
41.494229,XKF1,,,,,,,,,,,,,,,,0.0098272576310008,-0.007119289133697748,,,0.023742801367304864,,,,,,-0.006774268578737974,0.02374240938393867,,,,,,-0.01729407161474228,,-0.01729407161474228,-0.016267627477645874
41.494229,POS,,,,,,,,,,,,,,,,0.011132000130089637,0.0,,,,,37.4274999,-122.1697,,,-0.011132000130089637,,,,-0.02617071568965912,,,,,,
41.594189,ATT,3,,0.0,0.0,91.82,0.0,0.0,0.08,,0.09,,,,91.82,,,,,,,,,,,,,,,,,,,,,,
41.594189,XKF1,,,,,,,,,,,,,,,,0.010282848605278921,-0.007453651167452335,,,0.024016599996852128,,,,,,-0.007083788514137268,0.024016202791695203,,,,,,-0.01750359870493412,,-0.01750359870493412,-0.016444485634565353
41.594189,POS,,,,,,,,,,,,,,,,0.011132000130089637,0.0,,,,,37.4274999,-122.1697,,,-0.011132000130089637,,,,-0.026181822642683983,,,,,,
41.694981999999996,ATT,3,,0.0,0.0,91.81,0.0,0.0,0.07,,0.09,,,,91.81,,,,,,,,,,,,,,,,,,,,,,
41.694981999999996,XKF1,,,,,,,,,,,,,,,,0.01104771117454748,-0.008012405596673489,,,0.024566068748196446,,,,,,-0.007606134284287691,0.024565853848983236,,,,,,-0.01788724772632122,,-0.01788724772632122,-0.016838589683175087
41.694981999999996,POS,,,,,,,,,,,,,,,,0.011132000130089637,0.0,,,,,37.4274999,-122.1697,,,-0.011132000130089637,,,,-0.026190275326371193,,,,,,
41.794942,ATT,3,,0.0,0.0,91.81,0.0,0.0,0.07,,0.09,,,,91.81,,,,,,,,,,,,,,,,,,,,,,
41.794942,XKF1,,,,,,,,,,,,,,,,0.011515827342857683,-0.008354398421943188,,,0.024835559441672834,,,,,,-0.007925800047814846,0.0248353588861627,,,,,,-0.01808602549135685,,-0.01808602549135685,-0.01702059619128704
41.794942,POS,,,,,,,,,,,,,,,,0.011132000130089637,0.0,,,,,37.4274999,-122.1697,,,-0.011132000130089637,,,,-0.02619882859289646,,,,,,
41.894901999999995,ATT,3,,0.0,0.0,91.81,0.0,0.0,0.07,,0.09,,,,91.81,,,,,,,,,,,,,,,,,,,,,,
41.894901999999995,XKF1,,,,,,,,,,,,,,,,0.012291261746317705,-0.008920498192310333,,,0.02536542678766552,,,,,,-0.008455757051706314,0.0253651257779339,,,,,,-0.01849398948252201,,-0.01849398948252201,-0.017360219731926918
41.894901999999995,POS,,,,,,,,,,,,,,,,0.014215138165498133,-0.008840176817682208,,,,,37.4274999,-122.1697001,,,-0.011132000130089637,,,,-0.02620500884950161,,,,,,
41.994862,ATT,3,,0.0,0.0,91.8,0.0,0.0,0.07,,0.08,,,,91.8,,,,,,,,,,,,,,,,,,,,,,
41.994862,XKF1,,,,,,,,,,,,,,,,0.012750384512697418,-0.009256386198103428,,,0.02562058856970239,,,,,,-0.008768786676228046,0.025620532906138967,,,,,,-0.018636446446180344,,-0.018636446446180344,-0.017581166699528694
41.994862,POS,,,,,,,,,,,,,,,,0.014215138165498133,-0.008840176817682208,,,,,37.4274999,-122.1697001,,,-0.011132000130089637,,,,-0.026212353259325027,,,,,,
42.094822,ATT,3,,0.0,0.0,91.8,0.0,0.0,0.07,,0.08,,,,91.8,,,,,,,,,,,,,,,,,,,,,,
42.094822,XKF1,,,,,,,,,,,,,,,,0.013500712364858792,-0.009801208041608334,,,0.026095425396829474,,,,,,-0.00928469467908144,0.026095378681508272,,,,,,-0.018978605046868324,,-0.018978605046868324,-0.017910437658429146
42.094822,POS,,,,,,,,,,,,,,,,0.014215138165498133,-0.008840176817682208,,,,,37.4274999,-122.1697001,,,-0.011132000130089637,,,,-0.026220865547657013,,,,,,
42.194782,ATT,3,,0.0,0.0,91.79,0.0,0.0,0.07,,0.08,,,,91.79,,,,,,,,,,,,,,,,,,,,,,
42.194782,XKF1,,,,,,,,,,,,,,,,0.013878997240771677,-0.01007486879825592,,,0.026234402236497624,,,,,,-0.009545867331326008,0.026234332822785277,,,,,,-0.01908520795404911,,-0.01908520795404911,-0.017999963834881783
42.194782,POS,,,,,,,,,,,,,,,,0.014215138165498133,-0.008840176817682208,,,,,37.4274999,-122.1697001,,,-0.011132000130089637,,,,-0.02623259648680687,,,,,,
42.294742,ATT,3,,0.0,0.0,91.79,0.0,0.0,0.07,,0.08,,,,91.79,,,,,,,,,,,,,,,,,,,,,,
42.294742,XKF1,,,,,,,,,,,,,,,,0.014577854417785509,-0.010583403520286083,,,0.026592022303702147,,,,,,-0.010025238618254662,0.026591931525217254,,,,,,-0.019353309646248817,,-0.019353309646248817,-0.01823691464960575
42.294742,POS,,,,,,,,,,,,,,,,0.014215138165498133,-0.008840176817682208,,,,,37.4274999,-122.1697001,,,-0.011132000130089637,,,,-0.026244930922985077,,,,,,
42.394701999999995,ATT,3,,0.0,0.0,91.79,0.0,0.0,0.07,,0.08,,,,91.79,,,,,,,,,,,,,,,,,,,,,,
42.394701999999995,XKF1,,,,,,,,,,,,,,,,0.014874648618150535,-0.01080047246068716,,,0.026603104743364678,,,,,,-0.010227656923234463,0.026602978433500145,,,,,,-0.01937277242541313,,-0.01937277242541313,-0.01823241263628006
42.394701999999995,POS,,,,,,,,,,,,,,,,0.014215138165498133,-0.008840176817682208,,,,,37.4274999,-122.1697001,,,-0.011132000130089637,,,,-0.026259174570441246,,,,,,
42.494662,ATT,3,,0.0,0.0,91.78,0.0,0.0,0.07,,0.08,,,,91.78,,,,,,,,,,,,,,,,,,,,,,
42.494662,XKF1,,,,,,,,,,,,,,,,0.015499988404354745,-0.011258075945079327,,,0.02685844923607415,,,,,,-0.010653889738023281,0.02685824802924598,,,,,,-0.019579356536269188,,-0.019579356536269188,-0.01838545873761177
42.494662,POS,,,,,,,,,,,,,,,,0.014215138165498133,-0.008840176817682208,,,,,37.4274999,-122.1697001,,,-0.011132000130089637,,,,-0.02626708522439003,,,,,,
42.594622,ATT,3,,0.0,0.0,91.78,0.0,0.0,0.07,,0.08,,,,91.78,,,,,,,,,,,,,,,,,,,,,,
42.594622,XKF1,,,,,,,,,,,,,,,,0.015699620145368357,-0.011406724341213703,,,0.026680250964247948,,,,,,-0.01078724768012762,0.026680131933218058,,,,,,-0.019439490512013435,,-0.019439490512013435,-0.018274080008268356
42.594622,POS,,,,,,,,,,,,,,,,0.014215138165498133,-0.008840176817682208,,,,,37.4274999,-122.1697001,,,-0.011132000130089637,,,,-0.026276161894202232,,,,,,
42.694582,ATT,3,,0.0,0.0,91.77,0.0,0.0,0.07,,0.08,,,,91.77,,,,,,,,,,,,,,,,,,,,,,
42.694582,XKF1,,,,,,,,,,,,,,,,0.01623326636175096,-0.011796590872108936,,,0.02683102626830051,,,,,,-0.011151653714478016,0.02683090281313319,,,,,,-0.01955372653901577,,-0.01955372653901577,-0.018372690305113792
42.694582,POS,,,,,,,,,,,,,,,,0.023954841551409783,-0.008840176817682208,,,,,37.4274998,-122.1697001,,,-0.022264000260179273,,,,-0.026282841339707375,,,,,,
42.794542,ATT,3,,0.0,0.0,91.77,0.0,0.0,0.07,,0.08,,,,91.77,,,,,,,,,,,,,,,,,,,,,,
42.794542,XKF1,,,,,,,,,,,,,,,,0.016332266803730604,-0.011872674338519573,,,0.02663914567732829,,,,,,-0.011215281672775745,0.026638842639501958,,,,,,-0.019452251493930817,,-0.019452251493930817,-0.018200384452939034
42.794542,POS,,,,,,,,,,,,,,,,0.023954841551409783,-0.008840176817682208,,,,,37.4274998,-122.1697001,,,-0.022264000260179273,,,,-0.026287471875548363,,,,,,
42.894501999999996,ATT,3,,0.0,0.0,91.77,0.0,0.0,0.07,,0.08,,,,91.77,,,,,,,,,,,,,,,,,,,,,,
42.894501999999996,XKF1,,,,,,,,,,,,,,,,0.016785112080787236,-0.012208972126245499,,,0.026674886939840017,,,,,,-0.011518723331391811,0.02667452387906745,,,,,,-0.01949773170053959,,-0.01949773170053959,-0.018204066902399063
42.894501999999996,POS,,,,,,,,,,,,,,,,0.023954841551409783,-0.008840176817682208,,,,,37.4274998,-122.1697001,,,-0.022264000260179273,,,,-0.026291437447071075,,,,,,
42.994462,ATT,3,,0.0,0.0,91.76,0.0,0.0,0.06,,0.08,,,,91.76,,,,,,,,,,,,,,,,,,,,,,
42.994462,XKF1,,,,,,,,,,,,,,,,0.01678942740985495,-0.012217292562127113,,,0.026346348199483054,,,,,,-0.011516190133988857,0.026346125936637658,,,,,,-0.01924571953713894,,-0.01924571953713894,-0.017992563545703888
42.994462,POS,,,,,,,,,,,,,,,,0.023954841551409783,-0.008840176817682208,,,,,37.4274998,-122.1697001,,,-0.022264000260179273,,,,-0.02629833295941353,,,,,,
43.094422,ATT,3,,0.0,0.0,91.76,0.0,0.0,0.06,,0.08,,,,91.76,,,,,,,,,,,,,,,,,,,,,,
43.094422,XKF1,,,,,,,,,,,,,,,,0.017156176218037347,-0.012488202191889286,,,0.026362797579476346,,,,,,-0.011763468384742737,0.026362697348619814,,,,,,-0.01923959329724312,,-0.01923959329724312,-0.018023183569312096
43.094422,POS,,,,,,,,,,,,,,,,0.023954841551409783,-0.008840176817682208,,,,,37.4274998,-122.1697001,,,-0.022264000260179273,,,,-0.026306092739105225,,,,,,
43.194382,ATT,3,,0.0,0.0,91.76,0.0,0.0,0.06,,0.07,,,,91.76,,,,,,,,,,,,,,,,,,,,,,
43.194382,XKF1,,,,,,,,,,,,,,,,0.0170830052536288,-0.012434296309947968,,,0.0260520194291349,,,,,,-0.011713980697095394,0.026051940045251645,,,,,,-0.01900666207075119,,-0.01900666207075119,-0.01781725324690342
43.194382,POS,,,,,,,,,,,,,,,,0.023954841551409783,-0.008840176817682208,,,,,37.4274998,-122.1697001,,,-0.022264000260179273,,,,-0.0263099055737257,,,,,,
43.294342,ATT,3,,0.0,0.0,91.75,0.0,0.0,0.06,,0.07,,,,91.75,,,,,,,,,,,,,,,,,,,,,,
43.294342,XKF1,,,,,,,,,,,,,,,,0.017828935949774947,-0.01297689788043499,,,0.02634091954483676,,,,,,-0.012225836515426636,0.026340892766081307,,,,,,-0.019198132678866386,,-0.019198132678866386,-0.01803540252149105
43.294342,POS,,,,,,,,,,,,,,,,0.023954841551409783,-0.008840176817682208,,,,,37.4274998,-122.1697001,,,-0.022264000260179273,,,,-0.026309555396437645,,,,,,
43.394301999999996,ATT,3,,0.0,0.0,91.75,0.0,0.0,0.06,,0.07,,,,91.75,,,,,,,,,,,,,,,,,,,,,,
43.394301999999996,XKF1,,,,,,,,,,,,,,,,0.017540718379472863,-0.012765989638864994,,,0.02582300549893067,,,,,,-0.012029393576085567,0.02582298377618394,,,,,,-0.01881672441959381,,-0.01881672441959381,-0.017684979364275932
43.394301999999996,POS,,,,,,,,,,,,,,,,0.023954841551409783,-0.008840176817682208,,,,,37.4274998,-122.1697001,,,-0.022264000260179273,,,,-0.026311928406357765,,,,,,
43.494262,ATT,3,,0.0,0.0,91.74,0.0,0.0,0.06,,0.07,,,,91.74,,,,,,,,,,,,,,,,,,,,,,
43.494262,XKF1,,,,,,,,,,,,,,,,0.018096154776783932,-0.01316564530134201,,,0.025944350080543306,,,,,,-0.012415176257491112,0.02594430448714823,,,,,,-0.018842104822397232,,-0.018842104822397232,-0.017834920436143875
43.494262,POS,,,,,,,,,,,,,,,,0.023954841551409783,-0.008840176817682208,,,,,37.4274998,-122.1697001,,,-0.022264000260179273,,,,-0.026316789910197258,,,,,,
43.594221999999995,ATT,3,,0.0,0.0,91.74,0.0,0.0,0.06,,0.07,,,,91.74,,,,,,,,,,,,,,,,,,,,,,
43.594221999999995,XKF1,,,,,,,,,,,,,,,,0.017661609655739634,-0.012842192314565182,,,0.02532725027690873,,,,,,-0.01212479081004858,0.02532725026680608,,,,,,-0.018415577709674835,,-0.018415577709674835,-0.017387814819812775
43.594221999999995,POS,,,,,,,,,,,,,,,,0.023954841551409783,-0.008840176817682208,,,,,37.4274998,-122.1697001,,,-0.022264000260179273,,,,-0.02632148377597332,,,,,,
43.694182,ATT,3,,0.0,0.0,91.74,0.0,0.0,0.06,,0.07,,,,91.74,,,,,,,,,,,,,,,,,,,,,,
43.694182,XKF1,,,,,,,,,,,,,,,,0.018100455743518422,-0.013157106935977936,,,0.025416245146720078,,,,,,-0.012430488131940365,0.025416236317882868,,,,,,-0.018489450216293335,,-0.018489450216293335,-0.01743920147418976
43.694182,POS,,,,,,,,,,,,,,,,0.023954841551409783,-0.008840176817682208,,,,,37.4274998,-122.1697001,,,-0.022264000260179273,,,,-0.026321623474359512,,,,,,
43.794975,ATT,3,,0.0,0.0,91.73,0.0,0.0,0.06,,0.07,,,,91.73,,,,,,,,,,,,,,,,,,,,,,
43.794975,XKF1,,,,,,,,,,,,,,,,0.017578940564695486,-0.012774338945746422,,,0.024740847214761743,,,,,,-0.012076233513653278,0.02474084451078567,,,,,,-0.017986727878451347,,-0.017986727878451347,-0.01698785275220871
43.794975,POS,,,,,,,,,,,,,,,,0.023954841551409783,-0.008840176817682208,,,,,37.4274998,-122.1697001,,,-0.022264000260179273,,,,-0.026324467733502388,,,,,,
43.894935,ATT,3,,0.0,0.0,91.73,0.0,0.0,0.06,,0.07,,,,91.73,,,,,,,,,,,,,,,,,,,,,,
43.894935,XKF1,,,,,,,,,,,,,,,,0.017717952150398685,-0.01287180744111538,,,0.024622787698110542,,,,,,-0.012175483629107475,0.024622787670626808,,,,,,-0.017888858914375305,,-0.017888858914375305,-0.01691952720284462
43.894935,POS,,,,,,,,,,,,,,,,0.023954841551409783,-0.008840176817682208,,,,,37.4274998,-122.1697001,,,-0.022264000260179273,,,,-0.0263298898935318,,,,,,
43.994895,ATT,3,,0.0,0.0,91.73,0.0,0.0,0.05,,0.07,,,,91.73,,,,,,,,,,,,,,,,,,,,,,
43.994895,XKF1,,,,,,,,,,,,,,,,0.017224530643709827,-0.012509324587881565,,,0.02405804821344878,,,,,,-0.01184066105633974,0.024058048213404914,,,,,,-0.017472201958298683,,-0.017472201958298683,-0.016538193449378014
43.994895,POS,,,,,,,,,,,,,,,,0.023954841551409783,-0.008840176817682208,,,,,37.4274998,-122.1697001,,,-0.022264000260179273,,,,-0.02633298933506012,,,,,,
44.094854999999995,ATT,3,,0.0,0.0,91.72,0.0,0.0,0.05,,0.07,,,,91.72,,,,,,,,,,,,,,,,,,,,,,
44.094854999999995,XKF1,,,,,,,,,,,,,,,,0.017397416949770067,-0.012630799785256386,,,0.023944480809154126,,,,,,-0.01196382101625204,0.02394445328979455,,,,,,-0.017359087243676186,,-0.017359087243676186,-0.016492430120706558
44.094854999999995,POS,,,,,,,,,,,,,,,,0.023954841551409783,-0.008840176817682208,,,,,37.4274998,-122.1697001,,,-0.022264000260179273,,,,-0.02633414790034294,,,,,,
44.194815,ATT,3,,0.0,0.0,91.72,0.0,0.0,0.05,,0.07,,,,91.72,,,,,,,,,,,,,,,,,,,,,,
44.194815,XKF1,,,,,,,,,,,,,,,,0.01691329997683864,-0.012271564453840256,,,0.023375729644311904,,,,,,-0.01163909025490284,0.023375619320091832,,,,,,-0.016910923644900322,,-0.016910923644900322,-0.016138320788741112
44.194815,POS,,,,,,,,,,,,,,,,0.023954841551409783,-0.008840176817682208,,,,,37.4274998,-122.1697001,,,-0.022264000260179273,,,,-0.026333283632993698,,,,,,
44.294775,ATT,3,,0.0,0.0,91.72,0.0,0.0,0.05,,0.07,,,,91.72,,,,,,,,,,,,,,,,,,,,,,
44.294775,XKF1,,,,,,,,,,,,,,,,0.017068884418199554,-0.012375338934361935,,,0.02330232883588096,,,,,,-0.011755756102502346,0.023302139772508022,,,,,,-0.016829945147037506,,-0.016829945147037506,-0.016116807237267494
44.294775,POS,,,,,,,,,,,,,,,,0.023954841551409783,-0.008840176817682208,,,,,37.4274998,-122.1697001,,,-0.022264000260179273,,,,-0.02633226104080677,,,,,,
44.394735,ATT,3,,0.0,0.0,91.71,0.0,0.0,0.05,,0.06,,,,91.71,,,,,,,,,,,,,,,,,,,,,,
44.394735,XKF1,,,,,,,,,,,,,,,,0.016595510230774768,-0.012023738585412502,,,0.022777307845625133,,,,,,-0.011438560672104359,0.022777246721695146,,,,,,-0.01646614447236061,,-0.01646614447236061,-0.015737593173980713
44.394735,POS,,,,,,,,,,,,,,,,0.023954841551409783,-0.008840176817682208,,,,,37.4274998,-122.1697001,,,-0.022264000260179273,,,,-0.02633560076355934,,,,,,
44.494695,ATT,3,,0.0,0.0,91.71,0.0,0.0,0.05,,0.06,,,,91.71,,,,,,,,,,,,,,,,,,,,,,
44.494695,XKF1,,,,,,,,,,,,,,,,0.016756556263440085,-0.012134874239563942,,,0.022734679320964953,,,,,,-0.011555388569831848,0.02273455724298385,,,,,,-0.016412684693932533,,-0.016412684693932533,-0.015731796622276306
44.494695,POS,,,,,,,,,,,,,,,,0.023954841551409783,-0.008840176817682208,,,,,37.4274998,-122.1697001,,,-0.022264000260179273,,,,-0.026339543983340263,,,,,,
44.594654999999996,ATT,3,,0.0,0.0,91.71,0.0,0.0,0.05,,0.06,,,,91.71,,,,,,,,,,,,,,,,,,,,,,
44.594654999999996,XKF1,,,,,,,,,,,,,,,,0.01629538676245035,-0.011794042773544788,,,0.022250428092252774,,,,,,-0.011244562454521656,0.022250220315757546,,,,,,-0.01603759452700615,,-0.01603759452700615,-0.015423265285789967
44.594654999999996,POS,,,,,,,,,,,,,,,,0.023954841551409783,-0.008840176817682208,,,,,37.4274998,-122.1697001,,,-0.022264000260179273,,,,-0.026340818032622337,,,,,,
44.694615,ATT,3,,0.0,0.0,91.7,0.0,0.0,0.05,,0.06,,,,91.7,,,,,,,,,,,,,,,,,,,,,,
44.694615,XKF1,,,,,,,,,,,,,,,,0.016462644287381294,-0.011909090913832188,,,0.022259411173719764,,,,,,-0.011366275139153004,0.022259384998440865,,,,,,-0.0160788893699646,,-0.0160788893699646,-0.015393203124403954
44.694615,POS,,,,,,,,,,,,,,,,0.023954841551409783,-0.008840176817682208,,,,,37.4274998,-122.1697001,,,-0.022264000260179273,,,,-0.026343120262026787,,,,,,
44.794574999999995,ATT,3,,0.0,0.0,91.7,0.0,0.0,0.05,,0.06,,,,91.7,,,,,,,,,,,,,,,,,,,,,,
44.794574999999995,XKF1,,,,,,,,,,,,,,,,0.01601304450291157,-0.0115806944668293,,,0.021797362562298073,,,,,,-0.011059164069592953,0.021797275327843764,,,,,,-0.015721281990408897,,-0.015721281990408897,-0.015098553150892258
44.794574999999995,POS,,,,,,,,,,,,,,,,0.014215138165498133,-0.008840176817682208,,,,,37.4274999,-122.1697001,,,-0.011132000130089637,,,,-0.02634274773299694,,,,,,
44.894535,ATT,3,,0.0,0.0,91.7,0.0,0.0,0.05,,0.06,,,,91.7,,,,,,,,,,,,,,,,,,,,,,
44.894535,XKF1,,,,,,,,,,,,,,,,0.01618457735648452,-0.011699410155415535,,,0.021816952495475963,,,,,,-0.011183217167854309,0.02181683937396567,,,,,,-0.015722280368208885,,-0.015722280368208885,-0.015125783160328865
44.894535,POS,,,,,,,,,,,,,,,,0.023954841551409783,-0.008840176817682208,,,,,37.4274998,-122.1697001,,,-0.022264000260179273,,,,-0.026344679296016693,,,,,,
44.994495,ATT,3,,0.0,0.0,91.69,0.0,0.0,0.05,,0.06,,,,91.69,,,,,,,,,,,,,,,,,,,,,,
44.994495,XKF1,,,,,,,,,,,,,,,,0.01574937678036262,-0.011380455456674099,,,0.021396100251622408,,,,,,-0.01088706124573946,0.021396069087181595,,,,,,-0.015435495413839819,,-0.015435495413839817,-0.014816834591329098
44.994495,POS,,,,,,,,,,,,,,,,0.014215138165498133,-0.008840176817682208,,,,,37.4274999,-122.1697001,,,-0.011132000130089637,,,,-0.026347849518060684,,,,,,
45.094454999999996,ATT,3,,0.0,0.0,91.69,0.0,0.0,0.05,,0.06,,,,91.69,,,,,,,,,,,,,,,,,,,,,,
45.094454999999996,XKF1,,,,,,,,,,,,,,,,0.01592582752048272,-0.011505951173603535,,,0.021407915122797563,,,,,,-0.011011133901774883,0.021407915122703118,,,,,,-0.015466645359992983,,-0.015466645359992981,-0.014801409095525742
45.094454999999996,POS,,,,,,,,,,,,,,,,0.014215138165498133,-0.008840176817682208,,,,,37.4274999,-122.1697001,,,-0.011132000130089637,,,,-0.02635064162313938,,,,,,
45.194415,ATT,3,,0.0,0.0,91.69,0.0,0.0,0.05,,0.06,,,,91.69,,,,,,,,,,,,,,,,,,,,,,
45.194415,XKF1,,,,,,,,,,,,,,,,0.015501767012913462,-0.011197862215340137,,,0.02096729064740724,,,,,,-0.010719732381403446,0.020967270765358918,,,,,,-0.015125958248972894,,-0.015125958248972893,-0.014520077966153622
45.194415,POS,,,,,,,,,,,,,,,,0.014215138165498133,-0.008840176817682208,,,,,37.4274999,-122.1697001,,,-0.011132000130089637,,,,-0.026353102177381516,,,,,,
45.294374999999995,ATT,3,,0.0,0.0,91.69,0.0,0.0,0.05,,0.06,,,,91.69,,,,,,,,,,,,,,,,,,,,,,
45.294374999999995,XKF1,,,,,,,,,,,,,,,,0.01588142135006302,-0.011472340673208237,,,0.021145820808875497,,,,,,-0.010982028208673,0.021145811229648294,,,,,,-0.015289122238755228,,-0.015289122238755226,-0.014607822522521019
45.294374999999995,POS,,,,,,,,,,,,,,,,0.014215138165498133,-0.008840176817682208,,,,,37.4274999,-122.1697001,,,-0.011132000130089637,,,,-0.02635425329208374,,,,,,
45.394335,ATT,3,,0.0,0.0,91.68,0.0,0.0,0.05,,0.06,,,,91.68,,,,,,,,,,,,,,,,,,,,,,
45.394335,XKF1,,,,,,,,,,,,,,,,0.015405242395532287,-0.011128704063594341,,,0.02073693013433871,,,,,,-0.010652391240000725,0.020736924943465025,,,,,,-0.01499044243246317,,-0.014990442432463169,-0.014328534714877605
45.394335,POS,,,,,,,,,,,,,,,,0.014215138165498133,-0.008840176817682208,,,,,37.4274999,-122.1697001,,,-0.011132000130089637,,,,-0.026356935501098633,,,,,,
45.494295,ATT,3,,0.0,0.0,91.68,0.0,0.0,0.05,,0.06,,,,91.68,,,,,,,,,,,,,,,,,,,,,,
45.494295,XKF1,,,,,,,,,,,,,,,,0.015744447329407014,-0.011376326903700829,,,0.020944952291534744,,,,,,-0.010884245857596397,0.020944938146988373,,,,,,-0.015150827355682852,,-0.01515082735568285,-0.014461793005466461
45.494295,POS,,,,,,,,,,,,,,,,0.014215138165498133,-0.008840176817682208,,,,,37.4274999,-122.1697001,,,-0.011132000130089637,,,,-0.026359720155596733,,,,,,
45.594255,ATT,3,,0.0,0.0,91.68,0.0,0.0,0.05,,0.06,,,,91.68,,,,,,,,,,,,,,,,,,,,,,
45.594255,XKF1,,,,,,,,,,,,,,,,0.015247339377637944,-0.011018098331987858,,,0.02048168770417681,,,,,,-0.010539585724473,0.02048165490895952,,,,,,-0.014825877733528614,,-0.014825877733528614,-0.01413127314299345
45.594255,POS,,,,,,,,,,,,,,,,0.014215138165498133,-0.008840176817682208,,,,,37.4274999,-122.1697001,,,-0.011132000130089637,,,,-0.026367051526904106,,,,,,
45.694215,ATT,3,,0.0,0.0,91.67,0.0,0.0,0.05,,0.06,,,,91.67,,,,,,,,,,,,,,,,,,,,,,
45.694215,XKF1,,,,,,,,,,,,,,,,0.015557533893111356,-0.011244974099099636,,,0.020590588386323216,,,,,,-0.010751158930361271,0.020590536496984026,,,,,,-0.01491476967930794,,-0.014914769679307938,-0.01419584359973669
45.694215,POS,,,,,,,,,,,,,,,,0.014215138165498133,-0.008840176817682208,,,,,37.4274999,-122.1697001,,,-0.011132000130089637,,,,-0.026373470202088356,,,,,,
45.794174999999996,ATT,3,,0.0,0.0,91.67,0.0,0.0,0.05,,0.06,,,,91.67,,,,,,,,,,,,,,,,,,,,,,
45.794174999999996,XKF1,,,,,,,,,,,,,,,,0.015045891305186205,-0.010876922868192196,,,0.020083100708872415,,,,,,-0.01039573922753334,0.02008305928153233,,,,,,-0.014546559192240238,,-0.014546559192240238,-0.013846607878804207
45.794174999999996,POS,,,,,,,,,,,,,,,,0.014215138165498133,-0.008840176817682208,,,,,37.4274999,-122.1697001,,,-0.011132000130089637,,,,-0.026379557326436043,,,,,,
45.894968,ATT,3,,0.0,0.0,91.67,0.0,0.0,0.05,,0.06,,,,91.67,,,,,,,,,,,,,,,,,,,,,,
45.894968,XKF1,,,,,,,,,,,,,,,,0.015143709678472648,-0.010949306190013885,,,0.020149120887550293,,,,,,-0.010461579076945782,0.020149071488219053,,,,,,-0.014599138870835304,,-0.014599138870835304,-0.013887124136090279
45.894968,POS,,,,,,,,,,,,,,,,0.014215138165498133,-0.008840176817682208,,,,,37.4274999,-122.1697001,,,-0.011132000130089637,,,,-0.02638581208884716,,,,,,
45.994928,ATT,3,,0.0,0.0,91.66,0.0,0.0,0.05,,0.06,,,,91.66,,,,,,,,,,,,,,,,,,,,,,
45.994928,XKF1,,,,,,,,,,,,,,,,0.014709489749643541,-0.010637914761900902,,,0.019808502509340475,,,,,,-0.010158929973840714,0.019808410445391236,,,,,,-0.014367167837917805,,-0.014367167837917805,-0.013636761344969273
45.994928,POS,,,,,,,,,,,,,,,,0.014215138165498133,-0.008840176817682208,,,,,37.4274999,-122.1697001,,,-0.011132000130089637,,,,-0.026391563937067986,,,,,,
46.094888,ATT,3,,0.0,0.0,91.66,0.0,0.0,0.05,,0.06,,,,91.66,,,,,,,,,,,,,,,,,,,,,,
46.094888,XKF1,,,,,,,,,,,,,,,,0.014874184415773154,-0.010761610232293606,,,0.019935060721911955,,,,,,-0.01026786770671606,0.01993489995074379,,,,,,-0.014478352852165699,,-0.014478352852165699,-0.013703428208827972
46.094888,POS,,,,,,,,,,,,,,,,0.014215138165498133,-0.008840176817682208,,,,,37.4274999,-122.1697001,,,-0.011132000130089637,,,,-0.026395365595817566,,,,,,
46.194848,ATT,3,,0.0,0.0,91.66,0.0,0.0,0.04,,0.06,,,,91.66,,,,,,,,,,,,,,,,,,,,,,
46.194848,XKF1,,,,,,,,,,,,,,,,0.014517120225830748,-0.0105058578774333,,,0.019708958746868555,,,,,,-0.010018669068813324,0.01970888112880533,,,,,,-0.014301243238151073,,-0.014301243238151073,-0.013561618514358997
46.194848,POS,,,,,,,,,,,,,,,,0.014215138165498133,-0.008840176817682208,,,,,37.4274999,-122.1697001,,,-0.011132000130089637,,,,-0.02640126273036003,,,,,,
46.294807999999996,ATT,3,,0.0,0.0,91.66,0.0,0.0,0.05,,0.06,,,,91.66,,,,,,,,,,,,,,,,,,,,,,
46.294807999999996,XKF1,,,,,,,,,,,,,,,,0.014731618271965006,-0.010661233216524124,,,0.019908576837634643,,,,,,-0.010166547261178493,0.0199085768158749,,,,,,-0.01440714206546545,,-0.01440714206546545,-0.013739930465817451
46.294807999999996,POS,,,,,,,,,,,,,,,,0.014215138165498133,-0.008840176817682208,,,,,37.4274999,-122.1697001,,,-0.011132000130089637,,,,-0.026408275589346886,,,,,,
46.394768,ATT,3,,0.0,0.0,91.65,0.0,0.0,0.04,,0.06,,,,91.65,,,,,,,,,,,,,,,,,,,,,,
46.394768,XKF1,,,,,,,,,,,,,,,,0.014397462174931562,-0.010415563359856606,,,0.01960057033408562,,,,,,-0.009939967654645443,0.01960056525824278,,,,,,-0.014169908128678799,,-0.014169908128678799,-0.013542380183935165
46.394768,POS,,,,,,,,,,,,,,,,0.014215138165498133,-0.008840176817682208,,,,,37.4274999,-122.1697001,,,-0.011132000130089637,,,,-0.026415249332785606,,,,,,
46.494727999999995,ATT,3,,0.0,0.0,91.65,0.0,0.0,0.04,,0.06,,,,91.65,,,,,,,,,,,,,,,,,,,,,,
46.494727999999995,XKF1,,,,,,,,,,,,,,,,0.01463292959939486,-0.010581402108073235,,,0.019710891600427372,,,,,,-0.01010725274682045,0.019710863112674837,,,,,,-0.014230223372578621,,-0.014230223372578621,-0.013638914562761784
46.494727999999995,POS,,,,,,,,,,,,,,,,0.014215138165498133,-0.008840176817682208,,,,,37.4274999,-122.1697001,,,-0.011132000130089637,,,,-0.026417933404445648,,,,,,
46.594688,ATT,3,,0.0,0.0,91.65,0.0,0.0,0.04,,0.06,,,,91.65,,,,,,,,,,,,,,,,,,,,,,
46.594688,XKF1,,,,,,,,,,,,,,,,0.014313955598471387,-0.010344156064093113,,,0.01946118412655377,,,,,,-0.009893824346363544,0.019461087659173426,,,,,,-0.014021440409123898,,-0.014021440409123898,-0.013495810329914093
46.594688,POS,,,,,,,,,,,,,,,,0.014215138165498133,-0.008840176817682208,,,,,37.4274999,-122.1697001,,,-0.011132000130089637,,,,-0.026419831439852715,,,,,,
46.694648,ATT,3,,0.0,0.0,91.64,0.0,0.0,0.04,,0.06,,,,91.64,,,,,,,,,,,,,,,,,,,,,,
46.694648,XKF1,,,,,,,,,,,,,,,,0.014560584847484499,-0.010517332702875137,,,0.01960529186412374,,,,,,-0.010069575160741806,0.01960528193773341,,,,,,-0.01414755079895258,,-0.01414755079895258,-0.013572555966675282
46.694648,POS,,,,,,,,,,,,,,,,0.014215138165498133,-0.008840176817682208,,,,,37.4274999,-122.1697001,,,-0.011132000130089637,,,,-0.02642166242003441,,,,,,
46.794608,ATT,3,,0.0,0.0,91.64,0.0,0.0,0.04,,0.06,,,,91.64,,,,,,,,,,,,,,,,,,,,,,
46.794608,XKF1,,,,,,,,,,,,,,,,0.014257593124727224,-0.010295710526406765,,,0.019434609984515225,,,,,,-0.009862925857305527,0.019434606979710743,,,,,,-0.014026666060090065,,-0.014026666060090065,-0.0134520148858428
46.794608,POS,,,,,,,,,,,,,,,,0.014215138165498133,-0.008840176817682208,,,,,37.4274999,-122.1697001,,,-0.011132000130089637,,,,-0.02642286941409111,,,,,,
46.894568,ATT,3,,0.0,0.0,91.64,0.0,0.0,0.04,,0.06,,,,91.64,,,,,,,,,,,,,,,,,,,,,,
46.894568,XKF1,,,,,,,,,,,,,,,,0.01451989676220073,-0.010483385995030403,,,0.01962071270297894,,,,,,-0.010046194307506084,0.019620668202816396,,,,,,-0.014137237332761288,,-0.014137237332761288,-0.013605546206235886
46.894568,POS,,,,,,,,,,,,,,,,0.014215138165498133,-0.008840176817682208,,,,,37.4274999,-122.1697001,,,-0.011132000130089637,,,,-0.026425033807754517,,,,,,
46.994527999999995,ATT,3,,0.0,0.0,91.64,0.0,0.0,0.04,,0.06,,,,91.64,,,,,,,,,,,,,,,,,,,,,,
46.994527999999995,XKF1,,,,,,,,,,,,,,,,0.014233217995068733,-0.010273903608322144,,,0.01935138375265819,,,,,,-0.009850451722741127,0.019351383752249363,,,,,,-0.01396841462701559,,-0.01396841462701559,-0.013392514549195766
46.994527999999995,POS,,,,,,,,,,,,,,,,0.014215138165498133,-0.008840176817682208,,,,,37.4274999,-122.1697001,,,-0.011132000130089637,,,,-0.026424946263432503,,,,,,
47.094488,ATT,3,,0.0,0.0,91.63,0.0,0.0,0.04,,0.06,,,,91.63,,,,,,,,,,,,,,,,,,,,,,
47.094488,XKF1,,,,,,,,,,,,,,,,0.014500051721221183,-0.010467060841619968,,,0.019496637836538402,,,,,,-0.010034547187387943,0.01949659108867181,,,,,,-0.014103427529335022,,-0.014103427529335022,-0.01346150878816843
47.094488,POS,,,,,,,,,,,,,,,,0.014215138165498133,-0.008840176817682208,,,,,37.4274999,-122.1697001,,,-0.011132000130089637,,,,-0.026426222175359726,,,,,,
47.194448,ATT,3,,0.0,0.0,91.63,0.0,0.0,0.04,,0.06,,,,91.63,,,,,,,,,,,,,,,,,,,,,,
47.194448,XKF1,,,,,,,,,,,,,,,,0.014215541952177875,-0.010262588039040565,,,0.019268339834882613,,,,,,-0.0098367128521204,0.01926832291506499,,,,,,-0.013927998021245003,,-0.013927998021245003,-0.013314645737409592
47.194448,POS,,,,,,,,,,,,,,,,0.014215138165498133,-0.008840176817682208,,,,,37.4274999,-122.1697001,,,-0.011132000130089637,,,,-0.026430336758494377,,,,,,
47.294408,ATT,3,,0.0,0.0,91.63,0.0,0.0,0.04,,0.06,,,,91.63,,,,,,,,,,,,,,,,,,,,,,
47.294408,XKF1,,,,,,,,,,,,,,,,0.014486786008084273,-0.010458121076226234,,,0.019464991577772768,,,,,,-0.010024703107774258,0.019464991000698522,,,,,,-0.01404864527285099,,-0.01404864527285099,-0.01347299013286829
47.294408,POS,,,,,,,,,,,,,,,,0.014215138165498133,-0.008840176817682208,,,,,37.4274999,-122.1697001,,,-0.011132000130089637,,,,-0.026435228064656258,,,,,,
47.394368,ATT,3,,0.0,0.0,91.62,0.0,0.0,0.04,,0.06,,,,91.62,,,,,,,,,,,,,,,,,,,,,,
47.394368,XKF1,,,,,,,,,,,,,,,,0.01421543626893776,-0.010260491631925106,,,0.019268267975249352,,,,,,-0.00983874686062336,0.019268266746409867,,,,,,-0.013902787119150162,,-0.013902787119150162,-0.013340864330530167
47.394368,POS,,,,,,,,,,,,,,,,0.014215138165498133,-0.008840176817682208,,,,,37.4274999,-122.1697001,,,-0.011132000130089637,,,,-0.026441244408488274,,,,,,
47.494327999999996,ATT,3,,0.0,0.0,91.62,0.0,0.0,0.04,,0.06,,,,91.62,,,,,,,,,,,,,,,,,,,,,,
47.494327999999996,XKF1,,,,,,,,,,,,,,,,0.014680280517376106,-0.010593116283416748,,,0.01957042907836413,,,,,,-0.010163489729166031,0.01957035958773077,,,,,,-0.014085632748901844,,-0.014085632748901844,-0.013586634770035744
47.494327999999996,POS,,,,,,,,,,,,,,,,0.014215138165498133,-0.008840176817682208,,,,,37.4274999,-122.1697001,,,-0.011132000130089637,,,,-0.02644718997180462,,,,,,
47.594288,ATT,3,,0.0,0.0,91.62,0.0,0.0,0.04,,0.06,,,,91.62,,,,,,,,,,,,,,,,,,,,,,
47.594288,XKF1,,,,,,,,,,,,,,,,0.01434962410462076,-0.010351313278079033,,,0.01934553453538717,,,,,,-0.009937908500432968,0.01934553321555108,,,,,,-0.013950237073004246,,-0.013950237073004246,-0.013403006829321384
47.594288,POS,,,,,,,,,,,,,,,,0.014215138165498133,-0.008840176817682208,,,,,37.4274999,-122.1697001,,,-0.011132000130089637,,,,-0.026456259191036224,,,,,,
47.694247999999995,ATT,3,,0.0,0.0,91.62,0.0,0.0,0.05,,0.06,,,,91.62,,,,,,,,,,,,,,,,,,,,,,
47.694247999999995,XKF1,,,,,,,,,,,,,,,,0.014772592583144438,-0.010655450634658337,,,0.01963569716166551,,,,,,-0.01023185532540083,0.019635681265122683,,,,,,-0.014180495403707027,,-0.014180495403707027,-0.01358212623745203
47.694247999999995,POS,,,,,,,,,,,,,,,,0.014215138165498133,-0.008840176817682208,,,,,37.4274999,-122.1697001,,,-0.011132000130089637,,,,-0.026464449241757393,,,,,,
47.794208,ATT,3,,0.0,0.0,91.61,0.0,0.0,0.05,,0.06,,,,91.61,,,,,,,,,,,,,,,,,,,,,,
47.794208,XKF1,,,,,,,,,,,,,,,,0.014415957384483773,-0.010399257764220238,,,0.019394174178727144,,,,,,-0.009983750060200691,0.01939413963533958,,,,,,-0.014015725813806057,,-0.014015725813806057,-0.01340497750788927
47.794208,POS,,,,,,,,,,,,,,,,0.014215138165498133,-0.008840176817682208,,,,,37.4274999,-122.1697001,,,-0.011132000130089637,,,,-0.02647186629474163,,,,,,
47.894168,ATT,3,,0.0,0.0,91.61,0.0,0.0,0.05,,0.06,,,,91.61,,,,,,,,,,,,,,,,,,,,,,
47.894168,XKF1,,,,,,,,,,,,,,,,0.014818828274528774,-0.010694818571209908,,,0.01966417412997817,,,,,,-0.010257608257234097,0.01966399993197796,,,,,,-0.014248895458877087,,-0.014248895458877087,-0.01355170551687479
47.894168,POS,,,,,,,,,,,,,,,,0.014215138165498133,-0.008840176817682208,,,,,37.4274999,-122.1697001,,,-0.011132000130089637,,,,-0.02648242749273777,,,,,,
47.994960999999996,ATT,3,,0.0,0.0,91.61,0.0,0.0,0.05,,0.06,,,,91.61,,,,,,,,,,,,,,,,,,,,,,
47.994960999999996,XKF1,,,,,,,,,,,,,,,,0.014449865784581592,-0.010432888753712177,,,0.019411860109423654,,,,,,-0.009997672401368618,0.019411730521494037,,,,,,-0.014064460061490536,,-0.014064460061490536,-0.013379509560763836
47.994960999999996,POS,,,,,,,,,,,,,,,,0.014215138165498133,-0.008840176817682208,,,,,37.4274999,-122.1697001,,,-0.011132000130089637,,,,-0.026490990072488785,,,,,,
48.094921,ATT,3,,0.0,0.0,91.61,0.0,0.0,0.05,,0.06,,,,91.61,,,,,,,,,,,,,,,,,,,,,,
48.094921,XKF1,,,,,,,,,,,,,,,,0.014656295335984578,-0.010584509931504726,,,0.01954240269818428,,,,,,-0.010137807577848434,0.019542394427007108,,,,,,-0.014125598594546318,,-0.014125598594546318,-0.013504553586244583
48.094921,POS,,,,,,,,,,,,,,,,0.014215138165498133,-0.008840176817682208,,,,,37.4274999,-122.1697001,,,-0.011132000130089637,,,,-0.026499757543206215,,,,,,
48.194880999999995,ATT,3,,0.0,0.0,91.6,0.0,0.0,0.05,,0.06,,,,91.6,,,,,,,,,,,,,,,,,,,,,,
48.194880999999995,XKF1,,,,,,,,,,,,,,,,0.014354917677453458,-0.010367203503847122,,,0.01941052928522466,,,,,,-0.009928985498845577,0.01941039623883347,,,,,,-0.01406800840049982,,-0.01406800840049982,-0.013373847119510174
48.194880999999995,POS,,,,,,,,,,,,,,,,0.014215138165498133,-0.008840176817682208,,,,,37.4274999,-122.1697001,,,-0.011132000130089637,,,,-0.026510033756494522,,,,,,
48.294841,ATT,3,,0.0,0.0,91.6,0.0,0.0,0.05,,0.06,,,,91.6,,,,,,,,,,,,,,,,,,,,,,
48.294841,XKF1,,,,,,,,,,,,,,,,0.014631909803627146,-0.010570507496595383,,,0.019625400284182193,,,,,,-0.010117171332240105,0.019625272443507553,,,,,,-0.014226834289729595,,-0.014226834289729595,-0.013518636114895344
48.294841,POS,,,,,,,,,,,,,,,,0.014215138165498133,-0.008840176817682208,,,,,37.4274999,-122.1697001,,,-0.011132000130089637,,,,-0.026517335325479507,,,,,,
48.394801,ATT,3,,0.0,0.0,91.6,0.0,0.0,0.05,,0.06,,,,91.6,,,,,,,,,,,,,,,,,,,,,,
48.394801,XKF1,,,,,,,,,,,,,,,,0.01437296549008031,-0.01038656197488308,,,0.019494088295887266,,,,,,-0.009934861212968826,0.019493904892381897,,,,,,-0.014145636931061745,,-0.014145636931061745,-0.01341344229876995
48.394801,POS,,,,,,,,,,,,,,,,0.014215138165498133,-0.008840176817682208,,,,,37.4274999,-122.1697001,,,-0.011132000130089637,,,,-0.02651747316122055,,,,,,
48.494761,ATT,3,,0.0,0.0,91.6,0.0,0.0,0.05,,0.06,,,,91.6,,,,,,,,,,,,,,,,,,,,,,
48.494761,XKF1,,,,,,,,,,,,,,,,0.014667021826275762,-0.010603809729218483,,,0.019659770703087675,,,,,,-0.010133150964975357,0.019659543519651844,,,,,,-0.014278547838330269,,-0.014278547838330269,-0.013514054007828236
48.494761,POS,,,,,,,,,,,,,,,,0.014215138165498133,-0.008840176817682208,,,,,37.4274999,-122.1697001,,,-0.011132000130089637,,,,-0.026519261300563812,,,,,,
48.594721,ATT,3,,0.0,0.0,91.59,0.0,0.0,0.05,,0.06,,,,91.59,,,,,,,,,,,,,,,,,,,,,,
48.594721,XKF1,,,,,,,,,,,,,,,,0.014425112140486165,-0.01043171901255846,,,0.01951736178837597,,,,,,-0.009963086806237698,0.01951722415001821,,,,,,-0.014164775609970093,,-0.014164775609970093,-0.01342708244919777
48.594721,POS,,,,,,,,,,,,,,,,0.014215138165498133,-0.008840176817682208,,,,,37.4274999,-122.1697001,,,-0.011132000130089637,,,,-0.026521824300289154,,,,,,
48.694680999999996,ATT,3,,0.0,0.0,91.59,0.0,0.0,0.05,,0.06,,,,91.59,,,,,,,,,,,,,,,,,,,,,,
48.694680999999996,XKF1,,,,,,,,,,,,,,,,0.014731120972239626,-0.010659819468855858,,,0.01971258433174378,,,,,,-0.010167309083044529,0.019712091784781453,,,,,,-0.014360357075929642,,-0.014360357075929642,-0.013504300266504288
48.694680999999996,POS,,,,,,,,,,,,,,,,0.014215138165498133,-0.008840176817682208,,,,,37.4274999,-122.1697001,,,-0.011132000130089637,,,,-0.02652674727141857,,,,,,
48.794641,ATT,3,,0.0,0.0,91.59,0.0,0.0,0.05,,0.06,,,,91.59,,,,,,,,,,,,,,,,,,,,,,
48.794641,XKF1,,,,,,,,,,,,,,,,0.014499924794196687,-0.010499651543796062,,,0.019592796600516243,,,,,,-0.010000256821513176,0.019592379580783803,,,,,,-0.014275350607931614,,-0.014275350607931614,-0.013419837690889835
48.794641,POS,,,,,,,,,,,,,,,,0.014215138165498133,-0.008840176817682208,,,,,37.4274999,-122.1697001,,,-0.011132000130089637,,,,-0.02653435617685318,,,,,,
48.894601,ATT,3,,0.0,0.0,91.58,0.0,0.0,0.05,,0.06,,,,91.58,,,,,,,,,,,,,,,,,,,,,,
48.894601,XKF1,,,,,,,,,,,,,,,,0.014819658826101601,-0.010737803764641285,,,0.019842503417396445,,,,,,-0.010213807225227356,0.019842276258883226,,,,,,-0.014442453160881996,,-0.014442453160881996,-0.013606633991003036
48.894601,POS,,,,,,,,,,,,,,,,0.014215138165498133,-0.008840176817682208,,,,,37.4274999,-122.1697001,,,-0.011132000130089637,,,,-0.0265443604439497,,,,,,
48.994561,ATT,3,,0.0,0.0,91.58,0.0,0.0,0.05,,0.06,,,,91.58,,,,,,,,,,,,,,,,,,,,,,
48.994561,XKF1,,,,,,,,,,,,,,,,0.014597597827519574,-0.010579806752502918,,,0.01971391607390763,,,,,,-0.01005771104246378,0.019713638762986797,,,,,,-0.014359771274030209,,-0.014359771274030209,-0.013506866991519928
48.994561,POS,,,,,,,,,,,,,,,,0.014215138165498133,-0.008840176817682208,,,,,37.4274999,-122.1697001,,,-0.011132000130089637,,,,-0.026552585884928703,,,,,,
49.094521,ATT,3,,0.0,0.0,91.58,0.0,0.0,0.05,,0.06,,,,91.58,,,,,,,,,,,,,,,,,,,,,,
49.094521,XKF1,,,,,,,,,,,,,,,,0.014925114919701667,-0.01082172617316246,,,0.019949364404109077,,,,,,-0.010278584435582161,0.0199490709236269,,,,,,-0.014538958668708801,,-0.014538958668708801,-0.01366000808775425
49.094521,POS,,,,,,,,,,,,,,,,0.014215138165498133,-0.008840176817682208,,,,,37.4274999,-122.1697001,,,-0.011132000130089637,,,,-0.026557238772511482,,,,,,
49.194480999999996,ATT,3,,0.0,0.0,91.58,0.0,0.0,0.05,,0.06,,,,91.58,,,,,,,,,,,,,,,,,,,,,,
49.194480999999996,XKF1,,,,,,,,,,,,,,,,0.014707560673527614,-0.01066821813583374,,,0.01981504457081674,,,,,,-0.010124300606548786,0.019814764981905948,,,,,,-0.014445219188928604,,-0.014445219188928604,-0.013563614338636398
49.194480999999996,POS,,,,,,,,,,,,,,,,0.014215138165498133,-0.008840176817682208,,,,,37.4274999,-122.1697001,,,-0.011132000130089637,,,,-0.026555627584457397,,,,,,
49.294441,ATT,3,,0.0,0.0,91.58,0.0,0.0,0.05,,0.06,,,,91.58,,,,,,,,,,,,,,,,,,,,,,
49.294441,XKF1,,,,,,,,,,,,,,,,0.015034301703971133,-0.01091212872415781,,,0.020007205635039303,,,,,,-0.010341937653720379,0.020006531137980683,,,,,,-0.014634058810770512,,-0.014634058810770512,-0.01364304218441248
49.294441,POS,,,,,,,,,,,,,,,,0.014215138165498133,-0.008840176817682208,,,,,37.4274999,-122.1697001,,,-0.011132000130089637,,,,-0.02655635215342045,,,,,,
49.394400999999995,ATT,3,,0.0,0.0,91.57,0.0,0.0,0.05,,0.06,,,,91.57,,,,,,,,,,,,,,,,,,,,,,
49.394400999999995,XKF1,,,,,,,,,,,,,,,,0.014812491271223032,-0.010760186240077019,,,0.019867274354563508,,,,,,-0.010179798118770123,0.019866515594578908,,,,,,-0.01455089170485735,,-0.01455089170485735,-0.01352701522409916
49.394400999999995,POS,,,,,,,,,,,,,,,,0.014215138165498133,-0.008840176817682208,,,,,37.4274999,-122.1697001,,,-0.011132000130089637,,,,-0.026555463671684265,,,,,,
49.494361,ATT,3,,0.0,0.0,91.57,0.0,0.0,0.05,,0.06,,,,91.57,,,,,,,,,,,,,,,,,,,,,,
49.494361,XKF1,,,,,,,,,,,,,,,,0.015188522987237585,-0.011043692007660866,,,0.020172017712721313,,,,,,-0.010427276603877544,0.02017139526677311,,,,,,-0.014775567688047886,,-0.014775567688047886,-0.013732912950217724
49.494361,POS,,,,,,,,,,,,,,,,0.014215138165498133,-0.008840176817682208,,,,,37.4274999,-122.1697001,,,-0.011132000130089637,,,,-0.026556165888905525,,,,,,
49.594321,ATT,3,,0.0,0.0,91.57,0.0,0.0,0.05,,0.06,,,,91.57,,,,,,,,,,,,,,,,,,,,,,
49.594321,XKF1,,,,,,,,,,,,,,,,0.01494972950759883,-0.01087665744125843,,,0.020001219696587896,,,,,,-0.010256350971758366,0.020000655317823576,,,,,,-0.014654534868896008,,-0.014654534868896008,-0.013612251728773117
49.594321,POS,,,,,,,,,,,,,,,,0.014215138165498133,-0.008840176817682208,,,,,37.4274999,-122.1697001,,,-0.011132000130089637,,,,-0.02655806578695774,,,,,,
49.694281,ATT,3,,0.0,0.0,91.57,0.0,0.0,0.05,,0.06,,,,91.57,,,,,,,,,,,,,,,,,,,,,,
49.694281,XKF1,,,,,,,,,,,,,,,,0.015451650369962516,-0.011248452588915825,,,0.020387333086337535,,,,,,-0.010593668557703495,0.020387070191890726,,,,,,-0.014912310056388378,,-0.014912310056388378,-0.013902027159929276
49.694281,POS,,,,,,,,,,,,,,,,0.014215138165498133,-0.008840176817682208,,,,,37.4274999,-122.1697001,,,-0.011132000130089637,,,,-0.026559535413980484,,,,,,
49.794241,ATT,3,,0.0,0.0,91.56,0.0,0.0,0.05,,0.06,,,,91.56,,,,,,,,,,,,,,,,,,,,,,
49.794241,XKF1,,,,,,,,,,,,,,,,0.015144474569880755,-0.011025616899132729,,,0.020157151589450802,,,,,,-0.010382238775491714,0.020157042010452497,,,,,,-0.014720476232469082,,-0.014720476232469082,-0.01377019751816988
49.794241,POS,,,,,,,,,,,,,,,,0.014215138165498133,-0.008840176817682208,,,,,37.4274999,-122.1697001,,,-0.011132000130089637,,,,-0.026556098833680153,,,,,,
49.894200999999995,ATT,3,,0.0,0.0,91.56,0.0,0.0,0.05,,0.06,,,,91.56,,,,,,,,,,,,,,,,,,,,,,
49.894200999999995,XKF1,,,,,,,,,,,,,,,,0.015590424548668456,-0.01135192345827818,,,0.020461053894556852,,,,,,-0.010686214081943035,0.020460836199026746,,,,,,-0.014962932094931602,,-0.014962932094931602,-0.013955837115645409
49.894200999999995,POS,,,,,,,,,,,,,,,,0.014215138165498133,-0.008840176817682208,,,,,37.4274999,-122.1697001,,,-0.011132000130089637,,,,-0.02655336819589138,,,,,,
49.994994,ATT,3,,0.0,0.0,91.56,0.0,0.0,0.05,,0.06,,,,91.56,,,,,,,,,,,,,,,,,,,,,,
49.994994,XKF1,,,,,,,,,,,,,,,,0.015242247670146428,-0.011100227944552898,,,0.020206291364333256,,,,,,-0.01044562365859747,0.02020622611381198,,,,,,-0.014750456437468529,,-0.014750456437468529,-0.01381007768213749
49.994994,POS,,,,,,,,,,,,,,,,0.014215138165498133,-0.008840176817682208,,,,,37.4274999,-122.1697001,,,-0.011132000130089637,,,,-0.026555610820651054,,,,,,
50.094954,ATT,3,,0.0,0.0,91.56,0.0,0.0,0.05,,0.06,,,,91.56,,,,,,,,,,,,,,,,,,,,,,
50.094954,XKF1,,,,,,,,,,,,,,,,0.015290274785313527,-0.011135182343423367,,,0.02017170232531359,,,,,,-0.010478559881448746,0.020171663545994128,,,,,,-0.01471717283129692,,-0.01471717283129692,-0.013795013539493084
50.094954,POS,,,,,,,,,,,,,,,,0.014215138165498133,-0.008840176817682208,,,,,37.4274999,-122.1697001,,,-0.011132000130089637,,,,-0.026558583602309227,,,,,,
50.194914,ATT,3,,0.0,0.0,91.55,0.0,0.0,0.05,,0.06,,,,91.55,,,,,,,,,,,,,,,,,,,,,,
50.194914,XKF1,,,,,,,,,,,,,,,,0.01504145367339951,-0.010954012162983418,,,0.02000960551468677,,,,,,-0.01030800398439169,0.020009546187505934,,,,,,-0.014605442062020302,,-0.014605442062020302,-0.013677184469997883
50.194914,POS,,,,,,,,,,,,,,,,0.014215138165498133,-0.008840176817682208,,,,,37.4274999,-122.1697001,,,-0.011132000130089637,,,,-0.026561634615063667,,,,,,
50.294874,ATT,3,,0.0,0.0,91.55,0.0,0.0,0.05,,0.06,,,,91.55,,,,,,,,,,,,,,,,,,,,,,
50.294874,XKF1,,,,,,,,,,,,,,,,0.015188486435367798,-0.011061850935220718,,,0.02018183993740067,,,,,,-0.010407957248389721,0.020181685415161944,,,,,,-0.014752540737390518,,-0.014752540737390518,-0.013772044330835342
50.294874,POS,,,,,,,,,,,,,,,,0.014215138165498133,-0.008840176817682208,,,,,37.4274999,-122.1697001,,,-0.011132000130089637,,,,-0.026564352214336395,,,,,,
50.394833999999996,ATT,3,,0.0,0.0,91.55,0.0,0.0,0.05,,0.06,,,,91.55,,,,,,,,,,,,,,,,,,,,,,
50.394833999999996,XKF1,,,,,,,,,,,,,,,,0.01501285777128789,-0.010937321931123734,,,0.020106462500501732,,,,,,-0.010284011252224445,0.020106261877277067,,,,,,-0.014709549024701118,,-0.014709549024701118,-0.013707625679671764
50.394833999999996,POS,,,,,,,,,,,,,,,,0.014215138165498133,-0.008840176817682208,,,,,37.4274999,-122.1697001,,,-0.011132000130089637,,,,-0.026564905419945717,,,,,,
50.494794,ATT,3,,0.0,0.0,91.55,0.0,0.0,0.05,,0.06,,,,91.55,,,,,,,,,,,,,,,,,,,,,,
50.494794,XKF1,,,,,,,,,,,,,,,,0.015198107662451426,-0.011076169088482857,,,0.02021254689005816,,,,,,-0.01040677446871996,0.020212353627605872,,,,,,-0.014791005291044712,,-0.014791005291044712,-0.013775819912552834
50.494794,POS,,,,,,,,,,,,,,,,0.014215138165498133,-0.008840176817682208,,,,,37.4274999,-122.1697001,,,-0.011132000130089637,,,,-0.026565300300717354,,,,,,
50.594753999999995,ATT,3,,0.0,0.0,91.54,0.0,0.0,0.05,,0.06,,,,91.54,,,,,,,,,,,,,,,,,,,,,,
50.594753999999995,XKF1,,,,,,,,,,,,,,,,0.015057464442976728,-0.01097889430820942,,,0.020176077499684877,,,,,,-0.010304907336831093,0.020175648792444677,,,,,,-0.014800744131207466,,-0.014800744131207466,-0.013711749576032162
50.594753999999995,POS,,,,,,,,,,,,,,,,0.014215138165498133,-0.008840176817682208,,,,,37.4274999,-122.1697001,,,-0.011132000130089637,,,,-0.026563679799437523,,,,,,
50.694714,ATT,3,,0.0,0.0,91.54,0.0,0.0,0.05,,0.06,,,,91.54,,,,,,,,,,,,,,,,,,,,,,
50.694714,XKF1,,,,,,,,,,,,,,,,0.015272023783973599,-0.0111412787809968,,,0.020333218994055224,,,,,,-0.010445411317050457,0.020332742093938472,,,,,,-0.014928433112800121,,-0.014928433112800121,-0.013805132359266281
50.694714,POS,,,,,,,,,,,,,,,,0.014215138165498133,-0.008840176817682208,,,,,37.4274999,-122.1697001,,,-0.011132000130089637,,,,-0.026562262326478958,,,,,,
50.794674,ATT,3,,0.0,0.0,91.54,0.0,0.0,0.05,,0.06,,,,91.54,,,,,,,,,,,,,,,,,,,,,,
50.794674,XKF1,,,,,,,,,,,,,,,,0.015151792941933319,-0.011061088182032108,,,0.020287628702247887,,,,,,-0.010355151258409023,0.020287026541233776,,,,,,-0.014916729182004929,,-0.014916729182004929,-0.01375060249119997
50.794674,POS,,,,,,,,,,,,,,,,0.014215138165498133,-0.008840176817682208,,,,,37.4274999,-122.1697001,,,-0.011132000130089637,,,,-0.026557018980383873,,,,,,
50.894633999999996,ATT,3,,0.0,0.0,91.54,0.0,0.0,0.05,,0.06,,,,91.54,,,,,,,,,,,,,,,,,,,,,,
50.894633999999996,XKF1,,,,,,,,,,,,,,,,0.015381302894044272,-0.011236022226512432,,,0.020447719546465303,,,,,,-0.010504107922315598,0.02044733125853199,,,,,,-0.015022804960608482,,-0.015022804960608482,-0.01387171819806099
50.894633999999996,POS,,,,,,,,,,,,,,,,0.014215138165498133,-0.008840176817682208,,,,,37.4274999,-122.1697001,,,-0.011132000130089637,,,,-0.026548203080892563,,,,,,
50.994594,ATT,3,,0.0,0.0,91.53,0.0,0.0,0.05,,0.06,,,,91.53,,,,,,,,,,,,,,,,,,,,,,
50.994594,XKF1,,,,,,,,,,,,,,,,0.015265916630735597,-0.011154025793075562,,,0.02036853438218683,,,,,,-0.010422855615615845,0.02036847561692356,,,,,,-0.014915610663592815,,-0.014915610663592815,-0.013870895840227604
50.994594,POS,,,,,,,,,,,,,,,,0.014215138165498133,-0.008840176817682208,,,,,37.4274999,-122.1697001,,,-0.011132000130089637,,,,-0.02653992362320423,,,,,,
51.094553999999995,ATT,3,,0.0,0.0,91.53,0.0,0.0,0.05,,0.06,,,,91.53,,,,,,,,,,,,,,,,,,,,,,
51.094553999999995,XKF1,,,,,,,,,,,,,,,,0.015496548068189984,-0.01132072601467371,,,0.020516090172579892,,,,,,-0.010582257062196732,0.020516088372785863,,,,,,-0.01499352976679802,,-0.01499352976679802,-0.014003714546561241
51.094553999999995,POS,,,,,,,,,,,,,,,,0.014215138165498133,-0.008840176817682208,,,,,37.4274999,-122.1697001,,,-0.011132000130089637,,,,-0.026531994342803955,,,,,,
51.194514,ATT,3,,0.0,0.0,91.53,0.0,0.0,0.05,,0.06,,,,91.53,,,,,,,,,,,,,,,,,,,,,,
51.194514,XKF1,,,,,,,,,,,,,,,,0.015381291775190696,-0.011233493685722351,,,0.020449029858565688,,,,,,-0.010506795719265938,0.020449028598692385,,,,,,-0.014939541928470135,,-0.014939541928470135,-0.013963270001113415
51.194514,POS,,,,,,,,,,,,,,,,0.014215138165498133,-0.008840176817682208,,,,,37.4274999,-122.1697001,,,-0.011132000130089637,,,,-0.026522306725382805,,,,,,
51.294474,ATT,3,,0.0,0.0,91.53,0.0,0.0,0.05,,0.06,,,,91.53,,,,,,,,,,,,,,,,,,,,,,
51.294474,XKF1,,,,,,,,,,,,,,,,0.015611569727065398,-0.011399674229323864,,,0.02061248667247475,,,,,,-0.010666233487427235,0.020612463131586482,,,,,,-0.01507264468818903,,-0.01507264468818903,-0.014060227200388908
51.294474,POS,,,,,,,,,,,,,,,,0.014215138165498133,-0.008840176817682208,,,,,37.4274999,-122.1697001,,,-0.011132000130089637,,,,-0.026512732729315758,,,,,,
51.394434,ATT,3,,0.0,0.0,91.53,0.0,0.0,0.05,,0.06,,,,91.53,,,,,,,,,,,,,,,,,,,,,,
51.394434,XKF1,,,,,,,,,,,,,,,,0.015495593605595733,-0.011314057745039463,,,0.020596169236082495,,,,,,-0.01058798935264349,0.020596169232240683,,,,,,-0.015037954784929752,,-0.015037954784929752,-0.014073453843593597
51.394434,POS,,,,,,,,,,,,,,,,0.014215138165498133,-0.008840176817682208,,,,,37.4274999,-122.1697001,,,-0.011132000130089637,,,,-0.026504889130592346,,,,,,
51.494394,ATT,3,,0.0,0.0,91.52,0.0,0.0,0.05,,0.06,,,,91.52,,,,,,,,,,,,,,,,,,,,,,
51.494394,XKF1,,,,,,,,,,,,,,,,0.01610885098522156,-0.011760876514017582,,,0.02096200120318051,,,,,,-0.011008036322891712,0.020961992070798404,,,,,,-0.01531746704131365,,-0.015317467041313648,-0.014310160651803017
51.494394,POS,,,,,,,,,,,,,,,,0.014215138165498133,-0.008840176817682208,,,,,37.4274999,-122.1697001,,,-0.011132000130089637,,,,-0.026493806391954422,,,,,,
51.594353999999996,ATT,3,,0.0,0.0,91.52,0.0,0.0,0.05,,0.06,,,,91.52,,,,,,,,,,,,,,,,,,,,,,
51.594353999999996,XKF1,,,,,,,,,,,,,,,,0.015854219387201142,-0.011573991738259792,,,0.020735778749613482,,,,,,-0.010835081338882446,0.020735748166689542,,,,,,-0.015161973424255848,,-0.015161973424255848,-0.01414521411061287
51.594353999999996,POS,,,,,,,,,,,,,,,,0.014215138165498133,-0.008840176817682208,,,,,37.4274999,-122.1697001,,,-0.011132000130089637,,,,-0.02648777887225151,,,,,,
51.694314,ATT,3,,0.0,0.0,91.52,0.0,0.0,0.05,,0.06,,,,91.52,,,,,,,,,,,,,,,,,,,,,,
51.694314,XKF1,,,,,,,,,,,,,,,,0.01635695832717808,-0.011944057419896126,,,0.021090120802986792,,,,,,-0.011175400577485561,0.021089957934214237,,,,,,-0.01545678172260523,,-0.015456781722605228,-0.014348557218909264
51.694314,POS,,,,,,,,,,,,,,,,0.023954841551409783,-0.008840176817682208,,,,,37.4274998,-122.1697001,,,-0.022264000260179273,,,,-0.02648293972015381,,,,,,
51.794274,ATT,3,,0.0,0.0,91.52,0.0,0.0,0.05,,0.06,,,,91.52,,,,,,,,,,,,,,,,,,,,,,
51.794274,XKF1,,,,,,,,,,,,,,,,0.01603140783405981,-0.011707775294780731,,,0.02091260144462361,,,,,,-0.01095143985003233,0.020912563305642288,,,,,,-0.015299778431653978,,-0.015299778431653976,-0.014256706461310387
51.794274,POS,,,,,,,,,,,,,,,,0.014215138165498133,-0.008840176817682208,,,,,37.4274999,-122.1697001,,,-0.011132000130089637,,,,-0.026480600237846375,,,,,,
51.894234,ATT,3,,0.0,0.0,91.51,0.0,0.0,0.05,,0.06,,,,91.51,,,,,,,,,,,,,,,,,,,,,,
51.894234,XKF1,,,,,,,,,,,,,,,,0.01647891921297334,-0.012035185471177101,,,0.02116766938077354,,,,,,-0.011256513185799122,0.0211676440525016,,,,,,-0.015481908805668356,,-0.015481908805668354,-0.014435398392379284
51.894234,POS,,,,,,,,,,,,,,,,0.023954841551409783,-0.008840176817682208,,,,,37.4274998,-122.1697001,,,-0.022264000260179273,,,,-0.02647983469069004,,,,,,
51.994194,ATT,3,,0.0,0.0,91.51,0.0,0.0,0.05,,0.06,,,,91.51,,,,,,,,,,,,,,,,,,,,,,
51.994194,XKF1,,,,,,,,,,,,,,,,0.016111723772839665,-0.011766752228140831,,,0.02097015653936952,,,,,,-0.011005961336195469,0.020970099009589255,,,,,,-0.015348486602306368,,-0.015348486602306366,-0.014288856647908688
51.994194,POS,,,,,,,,,,,,,,,,0.014215138165498133,-0.008840176817682208,,,,,37.4274999,-122.1697001,,,-0.011132000130089637,,,,-0.026479337364435196,,,,,,
52.094986999999996,ATT,3,,0.0,0.0,91.51,0.0,0.0,0.05,,0.06,,,,91.51,,,,,,,,,,,,,,,,,,,,,,
52.094986999999996,XKF1,,,,,,,,,,,,,,,,0.016157883353779774,-0.011802147142589092,,,0.021010256939480308,,,,,,-0.011035692878067493,0.021010105059171242,,,,,,-0.015400901436805727,,-0.015400901436805725,-0.014291365630924702
52.094986999999996,POS,,,,,,,,,,,,,,,,0.014215138165498133,-0.008840176817682208,,,,,37.4274999,-122.1697001,,,-0.011132000130089637,,,,-0.026479845866560936,,,,,,
52.194947,ATT,3,,0.0,0.0,91.51,0.0,0.0,0.05,,0.06,,,,91.51,,,,,,,,,,,,,,,,,,,,,,
52.194947,XKF1,,,,,,,,,,,,,,,,0.015906176089457748,-0.011619986034929752,,,0.02084677918217057,,,,,,-0.010861968621611595,0.02084677240713671,,,,,,-0.015240731649100782,,-0.01524073164910078,-0.014223512262105942
52.194947,POS,,,,,,,,,,,,,,,,0.014215138165498133,-0.008840176817682208,,,,,37.4274999,-122.1697001,,,-0.011132000130089637,,,,-0.026480333879590034,,,,,,
52.294906999999995,ATT,3,,0.0,0.0,91.51,0.0,0.0,0.05,,0.06,,,,91.51,,,,,,,,,,,,,,,,,,,,,,
52.294906999999995,XKF1,,,,,,,,,,,,,,,,0.01603701057749954,-0.01171631645411253,,,0.020924977910014075,,,,,,-0.010950508527457714,0.020924931964383935,,,,,,-0.01531727518886328,,-0.015317275188863277,-0.014256078749895096
52.294906999999995,POS,,,,,,,,,,,,,,,,0.014215138165498133,-0.008840176817682208,,,,,37.4274999,-122.1697001,,,-0.011132000130089637,,,,-0.026476925238966942,,,,,,
52.394867,ATT,3,,0.0,0.0,91.5,0.0,0.0,0.05,,0.06,,,,91.5,,,,,,,,,,,,,,,,,,,,,,
52.394867,XKF1,,,,,,,,,,,,,,,,0.015861148257927817,-0.011589936912059784,,,0.02084432064106675,,,,,,-0.010828175581991673,0.020844295839944522,,,,,,-0.015253135934472086,,-0.015253135934472084,-0.014206602238118649
52.394867,POS,,,,,,,,,,,,,,,,0.014215138165498133,-0.008840176817682208,,,,,37.4274999,-122.1697001,,,-0.011132000130089637,,,,-0.026474738493561745,,,,,,
52.494827,ATT,3,,0.0,0.0,91.5,0.0,0.0,0.05,,0.06,,,,91.5,,,,,,,,,,,,,,,,,,,,,,
52.494827,XKF1,,,,,,,,,,,,,,,,0.016037247107951735,-0.011718480847775936,,,0.020894717796358514,,,,,,-0.010948538780212402,0.020894717060856032,,,,,,-0.015271638520061971,,-0.01527163852006197,-0.014260655269026756
52.494827,POS,,,,,,,,,,,,,,,,0.014215138165498133,-0.008840176817682208,,,,,37.4274999,-122.1697001,,,-0.011132000130089637,,,,-0.026472054421901703,,,,,,
52.594787,ATT,3,,0.0,0.0,91.5,0.0,0.0,0.05,,0.06,,,,91.5,,,,,,,,,,,,,,,,,,,,,,
52.594787,XKF1,,,,,,,,,,,,,,,,0.01587054450269642,-0.011595848016440868,,,0.020804166171668883,,,,,,-0.010835612192749977,0.020804097070868836,,,,,,-0.015237168408930302,,-0.015237168408930302,-0.014164816588163376
52.594787,POS,,,,,,,,,,,,,,,,0.014215138165498133,-0.008840176817682208,,,,,37.4274999,-122.1697001,,,-0.011132000130089637,,,,-0.026465585455298424,,,,,,
52.694747,ATT,3,,0.0,0.0,91.5,0.0,0.0,0.05,,0.06,,,,91.5,,,,,,,,,,,,,,,,,,,,,,
52.694747,XKF1,,,,,,,,,,,,,,,,0.016072527111611893,-0.01174550037831068,,,0.02097417154708619,,,,,,-0.010971296578645706,0.020974104782826807,,,,,,-0.015363605692982675,,-0.015363605692982674,-0.01427849754691124
52.694747,POS,,,,,,,,,,,,,,,,0.014215138165498133,-0.008840176817682208,,,,,37.4274999,-122.1697001,,,-0.011132000130089637,,,,-0.026457950472831726,,,,,,
52.794706999999995,ATT,3,,0.0,0.0,91.5,0.0,0.0,0.05,,0.06,,,,91.5,,,,,,,,,,,,,,,,,,,,,,
52.794706999999995,XKF1,,,,,,,,,,,,,,,,0.015927636474445565,-0.011641436256468296,,,0.02086514775575705,,,,,,-0.01087044458836317,0.020865061925444402,,,,,,-0.015291023068130018,,-0.015291023068130016,-0.014196443371474743
52.794706999999995,POS,,,,,,,,,,,,,,,,0.014215138165498133,-0.008840176817682208,,,,,37.4274999,-122.1697001,,,-0.011132000130089637,,,,-0.026456201449036598,,,,,,
52.894667,ATT,3,,0.0,0.0,91.49,0.0,0.0,0.05,,0.06,,,,91.49,,,,,,,,,,,,,,,,,,,,,,
52.894667,XKF1,,,,,,,,,,,,,,,,0.016141150820270272,-0.011798955500125885,,,0.021004656780418667,,,,,,-0.011014599353075027,0.021004619584403444,,,,,,-0.015381057746708395,,-0.015381057746708393,-0.014304498210549355
52.894667,POS,,,,,,,,,,,,,,,,0.014215138165498133,-0.008840176817682208,,,,,37.4274999,-122.1697001,,,-0.011132000130089637,,,,-0.026458369567990303,,,,,,
52.994627,ATT,3,,0.0,0.0,91.49,0.0,0.0,0.05,,0.06,,,,91.49,,,,,,,,,,,,,,,,,,,,,,
52.994627,XKF1,,,,,,,,,,,,,,,,0.01600128684768266,-0.01169697754085064,,,0.020944585679491128,,,,,,-0.010918878018856049,0.02094456683036196,,,,,,-0.015329700894653799,,-0.015329700894653797,-0.01427150797098875
52.994627,POS,,,,,,,,,,,,,,,,0.014215138165498133,-0.008840176817682208,,,,,37.4274999,-122.1697001,,,-0.011132000130089637,,,,-0.026463817805051804,,,,,,
53.094587,ATT,3,,0.0,0.0,91.49,0.0,0.0,0.05,,0.06,,,,91.49,,,,,,,,,,,,,,,,,,,,,,
53.094587,XKF1,,,,,,,,,,,,,,,,0.016220882705160505,-0.011856313794851303,,,0.021102882580354847,,,,,,-0.011069998145103455,0.021102882010755178,,,,,,-0.015421362593770029,,-0.015421362593770027,-0.014405319467186928
53.094587,POS,,,,,,,,,,,,,,,,0.014215138165498133,-0.008840176817682208,,,,,37.4274999,-122.1697001,,,-0.011132000130089637,,,,-0.02646888792514801,,,,,,
53.194547,ATT,3,,0.0,0.0,91.49,0.0,0.0,0.05,,0.06,,,,91.49,,,,,,,,,,,,,,,,,,,,,,
53.194547,XKF1,,,,,,,,,,,,,,,,0.016081345039729376,-0.01175131369382143,,,0.02099872301248765,,,,,,-0.010977990925312042,0.02099872301231462,,,,,,-0.015344589948654177,,-0.015344589948654175,-0.01433491986244917
53.194547,POS,,,,,,,,,,,,,,,,0.014215138165498133,-0.008840176817682208,,,,,37.4274999,-122.1697001,,,-0.011132000130089637,,,,-0.026472577825188637,,,,,,
53.294506999999996,ATT,3,,0.0,0.0,91.48,0.0,0.0,0.05,,0.06,,,,91.48,,,,,,,,,,,,,,,,,,,,,,
53.294506999999996,XKF1,,,,,,,,,,,,,,,,0.016303104455167135,-0.011910442262887955,,,0.02116145597582073,,,,,,-0.011132501065731049,0.02116143279374735,,,,,,-0.015438367612659933,,-0.015438367612659931,-0.014472872018814087
53.294506999999996,POS,,,,,,,,,,,,,,,,0.023954841551409783,-0.008840176817682208,,,,,37.4274998,-122.1697001,,,-0.022264000260179273,,,,-0.026478243991732597,,,,,,
53.394467,ATT,3,,0.0,0.0,91.48,0.0,0.0,0.05,,0.06,,,,91.48,,,,,,,,,,,,,,,,,,,,,,
53.394467,XKF1,,,,,,,,,,,,,,,,0.01616140801272367,-0.011802099645137787,,,0.021024696615534536,,,,,,-0.011040903627872467,0.021024564429944315,,,,,,-0.015302556566894056,,-0.015302556566894054,-0.014417684637010098
53.394467,POS,,,,,,,,,,,,,,,,0.014215138165498133,-0.008840176817682208,,,,,37.4274999,-122.1697001,,,-0.011132000130089637,,,,-0.02648095414042473,,,,,,
53.494426999999995,ATT,3,,0.0,0.0,91.48,0.0,0.0,0.05,,0.06,,,,91.48,,,,,,,,,,,,,,,,,,,,,,
53.494426999999995,XKF1,,,,,,,,,,,,,,,,0.016376174816983075,-0.01195261999964714,,,0.021173914411673645,,,,,,-0.011194372549653053,0.021173810519185262,,,,,,-0.015408970415592195,,-0.015408970415592194,-0.014522337354719639
53.494426999999995,POS,,,,,,,,,,,,,,,,0.023954841551409783,-0.008840176817682208,,,,,37.4274998,-122.1697001,,,-0.022264000260179273,,,,-0.02648235484957695,,,,,,
53.594387,ATT,3,,0.0,0.0,91.48,0.0,0.0,0.05,,0.06,,,,91.48,,,,,,,,,,,,,,,,,,,,,,
53.594387,XKF1,,,,,,,,,,,,,,,,0.016228640713816935,-0.01183860469609499,,,0.021087302793997016,,,,,,-0.011100280098617077,0.02108719852970924,,,,,,-0.015337509103119375,,-0.015337509103119373,-0.014471874572336674
53.594387,POS,,,,,,,,,,,,,,,,0.014215138165498133,-0.008840176817682208,,,,,37.4274999,-122.1697001,,,-0.011132000130089637,,,,-0.026485683396458626,,,,,,
53.694347,ATT,3,,0.0,0.0,91.48,0.0,0.0,0.05,,0.06,,,,91.48,,,,,,,,,,,,,,,,,,,,,,
53.694347,XKF1,,,,,,,,,,,,,,,,0.01683766071830417,-0.012277308851480484,,,0.021470431726048712,,,,,,-0.011522782035171986,0.0214704070559622,,,,,,-0.01563303731381893,,-0.01563303731381893,-0.014716914854943752
53.694347,POS,,,,,,,,,,,,,,,,0.023954841551409783,-0.008840176817682208,,,,,37.4274998,-122.1697001,,,-0.022264000260179273,,,,-0.02648913860321045,,,,,,
53.794306999999996,ATT,3,,0.0,0.0,91.47,0.0,0.0,0.05,,0.06,,,,91.47,,,,,,,,,,,,,,,,,,,,,,
53.794306999999996,XKF1,,,,,,,,,,,,,,,,0.016554526255810966,-0.01206816267222166,,,0.021319586327806582,,,,,,-0.01133189257234335,0.02131956461286565,,,,,,-0.015521021559834482,,-0.01552102155983448,-0.01461583562195301
53.794306999999996,POS,,,,,,,,,,,,,,,,0.023954841551409783,-0.008840176817682208,,,,,37.4274998,-122.1697001,,,-0.022264000260179273,,,,-0.0264971274882555,,,,,,
53.894267,ATT,3,,0.0,0.0,91.47,0.0,0.0,0.05,,0.06,,,,91.47,,,,,,,,,,,,,,,,,,,,,,
53.894267,XKF1,,,,,,,,,,,,,,,,0.017052940249498192,-0.012429050169885159,,,0.021652479908730007,,,,,,-0.011675679124891758,0.021652462899010256,,,,,,-0.01576283387839794,,-0.01576283387839794,-0.014844627119600773
53.894267,POS,,,,,,,,,,,,,,,,0.023954841551409783,-0.008840176817682208,,,,,37.4274998,-122.1697001,,,-0.022264000260179273,,,,-0.026511158794164658,,,,,,
53.994226999999995,ATT,3,,0.0,0.0,91.47,0.0,0.0,0.05,,0.06,,,,91.47,,,,,,,,,,,,,,,,,,,,,,
53.994226999999995,XKF1,,,,,,,,,,,,,,,,0.016700562955975558,-0.01216857973486185,,,0.02148528429339623,,,,,,-0.011438289657235146,0.021485226637123853,,,,,,-0.01562075223773718,,-0.015620752237737179,-0.014751594513654709
53.994226999999995,POS,,,,,,,,,,,,,,,,0.023954841551409783,-0.008840176817682208,,,,,37.4274998,-122.1697001,,,-0.022264000260179273,,,,-0.02652372419834137,,,,,,
54.094187,ATT,3,,0.0,0.0,91.47,0.0,0.0,0.05,,0.06,,,,91.47,,,,,,,,,,,,,,,,,,,,,,
54.094187,XKF1,,,,,,,,,,,,,,,,0.01715285702893086,-0.01249395776540041,,,0.021815822857068908,,,,,,-0.011752511374652386,0.02181577561412507,,,,,,-0.015859270468354225,,-0.015859270468354225,-0.014980442821979523
54.094187,POS,,,,,,,,,,,,,,,,0.023954841551409783,-0.008840176817682208,,,,,37.4274998,-122.1697001,,,-0.022264000260179273,,,,-0.02653634548187256,,,,,,
54.19498,ATT,3,,0.0,0.0,91.47,0.0,0.0,0.05,,0.06,,,,91.47,,,,,,,,,,,,,,,,,,,,,,
54.19498,XKF1,,,,,,,,,,,,,,,,0.016763151647408114,-0.012207712046802044,,,0.021535524605126623,,,,,,-0.01148803811520338,0.02153551847911951,,,,,,-0.015672041103243828,,-0.015672041103243828,-0.014770441688597202
54.19498,POS,,,,,,,,,,,,,,,,0.023954841551409783,-0.008840176817682208,,,,,37.4274998,-122.1697001,,,-0.022264000260179273,,,,-0.02654607594013214,,,,,,
54.29494,ATT,3,,0.0,0.0,91.47,0.0,0.0,0.05,,0.06,,,,91.47,,,,,,,,,,,,,,,,,,,,,,
54.29494,XKF1,,,,,,,,,,,,,,,,0.016796111990926867,-0.012230198830366135,,,0.021588943458224548,,,,,,-0.01151223760098219,0.0215889097637922,,,,,,-0.015693962574005127,,-0.015693962574005127,-0.014825046993792057
54.29494,POS,,,,,,,,,,,,,,,,0.023954841551409783,-0.008840176817682208,,,,,37.4274998,-122.1697001,,,-0.022264000260179273,,,,-0.02655508741736412,,,,,,
54.3949,ATT,3,,0.0,0.0,91.46,0.0,0.0,0.05,,0.06,,,,91.46,,,,,,,,,,,,,,,,,,,,,,
54.3949,XKF1,,,,,,,,,,,,,,,,0.016524371748475188,-0.012028981000185013,,,0.021421373425592628,,,,,,-0.01132954005151987,0.021421330438872958,,,,,,-0.015564317815005781,,-0.01556431781500578,-0.014718262478709221
54.3949,POS,,,,,,,,,,,,,,,,0.023954841551409783,-0.008840176817682208,,,,,37.4274998,-122.1697001,,,-0.022264000260179273,,,,-0.02656053937971592,,,,,,
54.494859999999996,ATT,3,,0.0,0.0,91.46,0.0,0.0,0.05,,0.06,,,,91.46,,,,,,,,,,,,,,,,,,,,,,
54.494859999999996,XKF1,,,,,,,,,,,,,,,,0.016665944358052305,-0.012127034366130829,,,0.021546844220806674,,,,,,-0.011431917548179626,0.02154672688912328,,,,,,-0.015629777684807777,,-0.015629777684807777,-0.014831606298685074
54.494859999999996,POS,,,,,,,,,,,,,,,,0.023954841551409783,-0.008840176817682208,,,,,37.4274998,-122.1697001,,,-0.022264000260179273,,,,-0.026565376669168472,,,,,,
54.59482,ATT,3,,0.0,0.0,91.46,0.0,0.0,0.05,,0.06,,,,91.46,,,,,,,,,,,,,,,,,,,,,,
54.59482,XKF1,,,,,,,,,,,,,,,,0.016460774030846826,-0.011971529573202133,,,0.021464153487417207,,,,,,-0.011297767981886864,0.021464065904072217,,,,,,-0.01556822005659342,,-0.015568220056593418,-0.014776346273720264
54.59482,POS,,,,,,,,,,,,,,,,0.023954841551409783,-0.008840176817682208,,,,,37.4274998,-122.1697001,,,-0.022264000260179273,,,,-0.0265665240585804,,,,,,
54.69478,ATT,3,,0.0,0.0,91.46,0.0,0.0,0.05,,0.06,,,,91.46,,,,,,,,,,,,,,,,,,,,,,
54.69478,XKF1,,,,,,,,,,,,,,,,0.016640201414336208,-0.012097404338419437,,,0.021601856877371543,,,,,,-0.011425809003412724,0.02160184181200487,,,,,,-0.015686992555856705,,-0.015686992555856705,-0.014851211570203304
54.69478,POS,,,,,,,,,,,,,,,,0.023954841551409783,-0.008840176817682208,,,,,37.4274998,-122.1697001,,,-0.022264000260179273,,,,-0.026566918939352036,,,,,,
54.774747999999995,EV,,,,,,,,,,,,,,,,,,,,,10,,,,ARMED,,,,,,,,,,,
54.774747999999995,MSG,,,,,,,,,,,,,,,,,,,,,,,,,,,,,,,,,,Arming motors,,
54.774747999999995,MODE,,,,,,,,,,,,,,,,,,,,,,,,GUIDED,,,,2,GCS_COMMAND,,,,,,,
54.79474,ATT,3,,0.0,0.0,91.46,0.0,0.0,0.05,,0.06,,,,91.46,,,,,,,,,,,,,,,,,,,,,,
54.79474,XKF1,,,,,,,,,,,,,,,,0.016471452976629813,-0.011971408501267433,,,0.0215405093860841,,,,,,-0.01131344959139824,0.021540487256680414,,,,,,-0.015634361654520035,,-0.015634361654520035,-0.014817566610872746
54.79474,POS,,,,,,,,,,,,,,,,0.023954841551409783,-0.008840176817682208,,,,,37.4274998,-122.1697001,,,-0.022264000260179273,,,,0.003430016338825226,,,,,,
54.8947,ATT,3,,0.0,0.0,91.45,0.0,0.0,0.05,,0.06,,,,91.45,,,,,,,,,,,,,,,,,,,,,,
54.8947,XKF1,,,,,,,,,,,,,,,,0.01668223467503498,-0.012123310007154942,,,0.02168852000923295,,,,,,-0.01145959459245205,0.021688519183622103,,,,,,-0.0157573651522398,,-0.0157573651522398,-0.014902930706739426
54.8947,POS,,,,,,,,,,,,,,,,0.023954841551409783,-0.008840176817682208,,,,,37.4274998,-122.1697001,,,-0.022264000260179273,,,,0.0034276116639375687,,,,,,
54.994659999999996,ATT,3,,0.0,0.0,91.45,0.0,0.0,0.05,,0.06,,,,91.45,,,,,,,,,,,,,,,,,,,,,,
54.994659999999996,XKF1,,,,,,,,,,,,,,,,0.016527070550169644,-0.012010524980723858,,,0.021520430066434712,,,,,,-0.011353032663464546,0.021520414751221736,,,,,,-0.015656916424632072,,-0.015656916424632072,-0.014764480292797089
54.994659999999996,POS,,,,,,,,,,,,,,,,0.023954841551409783,-0.008840176817682208,,,,,37.4274998,-122.1697001,,,-0.022264000260179273,,,,0.003428364172577858,,,,,,
55.09462,ATT,3,,0.0,0.0,91.45,0.0,0.0,0.05,,0.06,,,,91.45,,,,,,,,,,,,,,,,,,,,,,
55.09462,XKF1,,,,,,,,,,,,,,,,0.016728756876775767,-0.012159649282693863,,,0.0214488075403105,,,,,,-0.011488874442875385,0.021448795431374516,,,,,,-0.01560616120696068,,-0.015606161206960678,-0.014713907614350319
55.09462,POS,,,,,,,,,,,,,,,,0.023954841551409783,-0.008840176817682208,,,,,37.4274998,-122.1697001,,,-0.022264000260179273,,,,0.003424413502216339,,,,,,
55.194579999999995,ATT,3,,0.0,0.0,91.45,0.0,0.0,0.05,,0.06,,,,91.45,,,,,,,,,,,,,,,,,,,,,,
55.194579999999995,XKF1,,,,,,,,,,,,,,,,0.016505298982868972,-0.011998220346868038,,,0.02072308964331404,,,,,,-0.011334354989230633,0.020723087362818755,,,,,,-0.01507093943655491,,-0.015070939436554909,-0.01422368548810482
55.194579999999995,POS,,,,,,,,,,,,,,,,0.023954841551409783,-0.008840176817682208,,,,,37.4274998,-122.1697001,,,-0.022264000260179273,,,,0.003419896587729454,,,,,,
55.29454,ATT,3,,0.0,0.0,91.45,0.0,0.0,0.05,,0.06,,,,91.45,,,,,,,,,,,,,,,,,,,,,,
55.29454,XKF1,,,,,,,,,,,,,,,,0.016577025178569963,-0.012051347643136978,,,0.020124082272033154,,,,,,-0.011382564902305603,0.02012406486742602,,,,,,-0.014648186974227428,,-0.014648186974227428,-0.013798887841403484
55.29454,POS,,,,,,,,,,,,,,,,0.023954841551409783,-0.008840176817682208,,,,,37.4274998,-122.1697001,,,-0.022264000260179273,,,,0.0034138020128011703,,,,,,
55.3945,ATT,3,,0.0,0.0,91.44,0.0,0.0,0.05,,0.06,,,,91.44,,,,,,,,,,,,,,,,,,,,,,
55.3945,XKF1,,,,,,,,,,,,,,,,0.016161889747787893,-0.011748997494578362,,,0.01878287734453519,,,,,,-0.011098096147179604,0.018782877181902493,,,,,,-0.013656039722263813,,-0.013656039722263813,-0.012896087020635605
55.3945,POS,,,,,,,,,,,,,,,,0.014215138165498133,-0.008840176817682208,,,,,37.4274999,-122.1697001,,,-0.011132000130089637,,,,0.003407169133424759,,,,,,
55.49446,ATT,3,,0.0,0.0,91.44,0.0,0.0,0.05,,0.06,,,,91.44,,,,,,,,,,,,,,,,,,,,,,
55.49446,XKF1,,,,,,,,,,,,,,,,0.01598184447395015,-0.011618764139711857,,,0.017588490868290656,,,,,,-0.010973772034049034,0.017588474359390788,,,,,,-0.012803327292203903,,-0.012803327292203903,-0.012059428729116917
55.49446,POS,,,,,,,,,,,,,,,,0.014215138165498133,-0.008840176817682208,,,,,37.4274999,-122.1697001,,,-0.011132000130089637,,,,0.0033995769917964935,,,,,,
55.59442,ATT,3,,0.0,0.0,91.44,0.0,0.0,0.05,,0.06,,,,91.44,,,,,,,,,,,,,,,,,,,,,,
55.59442,XKF1,,,,,,,,,,,,,,,,0.015288258406633837,-0.011116963811218739,,,0.015593229554592386,,,,,,-0.010494949296116829,0.015593196267233184,,,,,,-0.011360819451510906,,-0.011360819451510906,-0.0106808515265584
55.59442,POS,,,,,,,,,,,,,,,,0.014215138165498133,-0.008840176817682208,,,,,37.4274999,-122.1697001,,,-0.011132000130089637,,,,0.0033990144729614258,,,,,,
55.694379999999995,ATT,3,,0.0,0.0,91.44,0.0,0.0,0.05,,0.06,,,,91.44,,,,,,,,,,,,,,,,,,,,,,
55.694379999999995,XKF1,,,,,,,,,,,,,,,,0.01512029887248823,-0.010998189449310303,,,0.014410580164477903,,,,,,-0.010376091115176678,0.014410473821620978,,,,,,-0.010519868694245815,,-0.010519868694245815,-0.00984871480613947
55.694379999999995,POS,,,,,,,,,,,,,,,,0.014215138165498133,-0.008840176817682208,,,,,37.4274999,-122.1697001,,,-0.011132000130089637,,,,0.0033993665128946304,,,,,,
55.764351999999995,EV,,,,,,,,,,,,,,,,,,,,,15,,,,AUTO_ARMED,,,,,,,,,,,
55.79434,ATT,3,,0.0,0.0,91.44,0.0,0.0,0.05,,0.06,,,,91.44,,,,,,,,,,,,,,,,,,,,,,
55.79434,XKF1,,,,,,,,,,,,,,,,0.014072998685974966,-0.01023905724287033,,,0.012051319962853862,,,,,,-0.009654584340751171,0.012051248830572868,,,,,,-0.008796503767371178,,-0.008796503767371178,-0.008237465284764767
55.79434,POS,,,,,,,,,,,,,,,,0.014215138165498133,-0.008840176817682208,,,,,37.4274999,-122.1697001,,,-0.011132000130089637,,,,0.0034016072750091553,,,,,,
55.8943,ATT,3,,0.0,0.0,91.44,0.0,0.0,0.05,,0.06,,,,91.44,,,,,,,,,,,,,,,,,,,,,,
55.8943,XKF1,,,,,,,,,,,,,,,,0.013510664587185655,-0.009832779876887798,,,0.010478845181892219,,,,,,-0.009265770204365253,0.010478715876513715,,,,,,-0.007661892101168633,,-0.0076618921011686325,-0.007148538716137409
55.8943,POS,,,,,,,,,,,,,,,,0.014215138165498133,-0.008840176817682208,,,,,37.4274999,-122.1697001,,,-0.011132000130089637,,,,0.003403637558221817,,,,,,
55.99426,ATT,3,,0.0,0.0,91.43,0.0,0.0,0.05,,0.07,,,,91.43,,,,,,,,,,,,,,,,,,,,,,
55.99426,XKF1,,,,,,,,,,,,,,,,0.01225720022832819,-0.008924868889153004,,,0.008209829775698256,,,,,,-0.008401528000831604,0.008209287024794345,,,,,,-0.006042156368494034,,-0.006042156368494034,-0.005558205768465996
55.99426,POS,,,,,,,,,,,,,,,,0.014215138165498133,-0.008840176817682208,,,,,37.4274999,-122.1697001,,,-0.011132000130089637,,,,0.0034088511019945145,,,,,,
56.09422,ATT,3,,0.0,0.0,91.43,0.0,0.0,0.06,,0.07,,,,91.43,,,,,,,,,,,,,,,,,,,,,,
56.09422,XKF1,,,,,,,,,,,,,,,,0.011464351125536874,-0.008354626595973969,,,0.006673460930230951,,,,,,-0.007850577123463154,0.006672421911365082,,,,,,-0.0049431538209319115,,-0.0049431538209319115,-0.004483337048441172
56.09422,POS,,,,,,,,,,,,,,,,0.014215138165498133,-0.008840176817682208,,,,,37.4274999,-122.1697001,,,-0.011132000130089637,,,,0.003416290506720543,,,,,,
56.194179999999996,ATT,3,,0.0,0.0,91.43,0.0,0.0,0.06,,0.07,,,,91.43,,,,,,,,,,,,,,,,,,,,,,
56.194179999999996,XKF1,,,,,,,,,,,,,,,,0.010168170353194958,-0.007414260413497686,,,0.004727698022183477,,,,,,-0.006958479061722755,0.004726962149832986,,,,,,-0.003503810614347458,,-0.003503810614347458,-0.003174025798216462
56.194179999999996,POS,,,,,,,,,,,,,,,,0.014215138165498133,-0.008840176817682208,,,,,37.4274999,-122.1697001,,,-0.011132000130089637,,,,0.0034237056970596313,,,,,,
56.294973,ATT,3,,0.0,0.0,91.43,0.0,0.0,0.06,,0.07,,,,91.43,,,,,,,,,,,,,,,,,,,,,,
56.294973,XKF1,,,,,,,,,,,,,,,,0.009119601661830876,-0.006652121897786856,,,0.003250508975594254,,,,,,-0.0062383017502725124,0.0032495546223193657,,,,,,-0.002424203557893634,,-0.002424203557893634,-0.0021654204465448856
56.294973,POS,,,,,,,,,,,,,,,,0.014215138165498133,-0.008840176817682208,,,,,37.4274999,-122.1697001,,,-0.011132000130089637,,,,0.003428049385547638,,,,,,
56.394932999999995,ATT,3,,0.0,0.0,91.43,0.0,0.0,0.06,,0.07,,,,91.43,,,,,,,,,,,,,,,,,,,,,,
56.394932999999995,XKF1,,,,,,,,,,,,,,,,0.00795505738653756,-0.00580486748367548,,,0.001826879064692988,,,,,,-0.0054393429309129715,0.0018252713429582903,,,,,,-0.0013843089109286666,,-0.0013843089109286666,-0.001192130846902728
56.394932999999995,POS,,,,,,,,,,,,,,,,0.014215138165498133,-0.008840176817682208,,,,,37.4274999,-122.1697001,,,-0.011132000130089637,,,,0.0034325402230024338,,,,,,
56.494893,ATT,3,,0.0,0.0,91.42,0.0,0.0,0.06,,0.07,,,,91.42,,,,,,,,,,,,,,,,,,,,,,
56.494893,XKF1,,,,,,,,,,,,,,,,0.007028494569560366,-0.0051308320835232735,,,0.0007398462702303864,,,,,,-0.004803571384400129,0.0007387126861570284,,,,,,-0.0005672435509040952,,-0.0005672435509040952,-0.0004749813233502209
56.494893,POS,,,,,,,,,,,,,,,,0.014215138165498133,-0.008840176817682208,,,,,37.4274999,-122.1697001,,,-0.011132000130089637,,,,0.003436148166656494,,,,,,
56.594853,ATT,3,,0.0,0.0,91.42,0.0,0.0,0.06,,0.07,,,,91.42,,,,,,,,,,,,,,,,,,,,,,
56.594853,XKF1,,,,,,,,,,,,,,,,0.0060321353406189784,-0.004401814192533493,,,0.0003244630548859877,,,,,,-0.004124401602894068,-0.0003238620532742169,,,,,,0.00022283440921455624,,0.00022283440921455622,0.000235841260291636
56.594853,POS,,,,,,,,,,,,,,,,0.014215138165498133,-0.008840176817682208,,,,,37.4274999,-122.1697001,,,-0.011132000130089637,,,,0.0034342147409915924,,,,,,
56.694812999999996,ATT,3,,0.0,0.0,91.42,0.0,0.0,0.06,,0.08,,,,91.42,,,,,,,,,,,,,,,,,,,,,,
56.694812999999996,XKF1,,,,,,,,,,,,,,,,0.005251679906653215,-0.0038302408065646887,,,0.0010782974388791524,,,,,,-0.0035929649602621794,-0.0010780160933930017,,,,,,0.0007693850784562528,,0.0007693850784562528,0.0007554945186711848
56.694812999999996,POS,,,,,,,,,,,,,,,,0.014215138165498133,-0.008840176817682208,,,,,37.4274999,-122.1697001,,,-0.011132000130089637,,,,0.0034286919981241226,,,,,,
56.77728,EV,,,,,,,,,,,,,,,,,,,,,57,,,,MOTORS_INTERLOCK_ENABLED,,,,,,,,,,,
56.794773,ATT,3,,0.0,0.0,91.42,0.0,0.0,0.07,,0.08,,,,91.42,,,,,,,,,,,,,,,,,,,,,,
56.794773,XKF1,,,,,,,,,,,,,,,,0.004442065862251064,-0.0032395683228969574,,,0.001726204920425575,,,,,,-0.0030392673797905445,-0.0017256607001000163,,,,,,0.0012288575526326895,,0.0012288575526326895,0.0012123087653890252
56.794773,POS,,,,,,,,,,,,,,,,0.014215138165498133,-0.008840176817682208,,,,,37.4274999,-122.1697001,,,-0.011132000130089637,,,,0.003425316885113716,,,,,,
56.894732999999995,ATT,3,,0.0,0.0,91.42,0.0,0.0,0.07,,0.08,,,,91.42,,,,,,,,,,,,,,,,,,,,,,
56.894732999999995,XKF1,,,,,,,,,,,,,,,,0.0038213919003011825,-0.0027888095937669277,,,0.0021729247071434867,,,,,,-0.002612580545246601,-0.0021715381954487433,,,,,,0.0015317032812163234,,0.0015317032812163234,0.001541261444799602
56.894732999999995,POS,,,,,,,,,,,,,,,,0.014215138165498133,-0.008840176817682208,,,,,37.4274999,-122.1697001,,,-0.011132000130089637,,,,0.0034240540117025375,,,,,,
56.994693,ATT,3,,0.0,0.0,91.42,0.0,0.0,0.07,,0.08,,,,91.42,,,,,,,,,,,,,,,,,,,,,,
56.994693,XKF1,,,,,,,,,,,,,,,,0.003190228107567073,-0.002328504342585802,,,0.0025241309875549704,,,,,,-0.0021807390730828047,-0.0025241122287599804,,,,,,0.0018356633372604847,,0.0018356633372604847,0.0017325060907751322
56.994693,POS,,,,,,,,,,,,,,,,0.014215138165498133,-0.008840176817682208,,,,,37.4274999,-122.1697001,,,-0.011132000130089637,,,,0.0034253615885972977,,,,,,
57.094653,ATT,3,,0.0,0.0,91.41,0.0,0.0,0.07,,0.08,,,,91.41,,,,,,,,,,,,,,,,,,,,,,
57.094653,XKF1,,,,,,,,,,,,,,,,0.0027195847441099387,-0.0019826851785182953,,,0.0026995447962531974,,,,,,-0.001861478085629642,-0.0026994282461888677,,,,,,0.001985160168260336,,0.001985160168260336,0.0018293936736881733
57.094653,POS,,,,,,,,,,,,,,,,0.014215138165498133,-0.008840176817682208,,,,,37.4274999,-122.1697001,,,-0.011132000130089637,,,,0.003423776477575302,,,,,,
57.194613,ATT,3,,0.0,0.0,91.41,0.0,0.0,0.07,,0.08,,,,91.41,,,,,,,,,,,,,,,,,,,,,,
57.194613,XKF1,,,,,,,,,,,,,,,,0.002243769702906191,-0.0016306425677612424,,,0.0028517551500338947,,,,,,-0.0015412680804729462,-0.002850941875369741,,,,,,0.0021186801604926586,,0.0021186801604926586,0.0019088482949882746
57.194613,POS,,,,,,,,,,,,,,,,0.014215138165498133,-0.008840176817682208,,,,,37.4274999,-122.1697001,,,-0.011132000130089637,,,,0.0034227054566144943,,,,,,
57.294573,ATT,3,,0.0,0.0,91.41,0.0,0.0,0.07,,0.09,,,,91.41,,,,,,,,,,,,,,,,,,,,,,
57.294573,XKF1,,,,,,,,,,,,,,,,0.0019034135052129076,-0.0013759508728981018,,,0.00287854761367953,,,,,,-0.0013151966268196702,-0.002874566203884755,,,,,,0.002182558411732316,,0.002182558411732316,0.0018768258159980178
57.294573,POS,,,,,,,,,,,,,,,,0.014215138165498133,-0.008840176817682208,,,,,37.4274999,-122.1697001,,,-0.011132000130089637,,,,0.003420773893594742,,,,,,
57.394532999999996,ATT,3,,0.0,0.0,91.41,0.0,0.0,0.07,,0.09,,,,91.41,,,,,,,,,,,,,,,,,,,,,,
57.394532999999996,XKF1,,,,,,,,,,,,,,,,0.0015538783308634947,-0.0011133922962471843,,,0.0029207918316013024,,,,,,-0.0010839259484782815,-0.0029154465719354134,,,,,,0.002212196122854948,,0.002212196122854948,0.0019071479327976704
57.394532999999996,POS,,,,,,,,,,,,,,,,0.014215138165498133,-0.008840176817682208,,,,,37.4274999,-122.1697001,,,-0.011132000130089637,,,,0.003421235829591751,,,,,,
57.494493,ATT,3,,0.0,0.0,91.41,0.0,0.0,0.08,,0.09,,,,91.41,,,,,,,,,,,,,,,,,,,,,,
57.494493,XKF1,,,,,,,,,,,,,,,,0.0013164309031490058,-0.0009320768294855952,,,0.002783587741926659,,,,,,-0.0009296360076405108,-0.002774362351641374,,,,,,0.0021242466755211353,,0.0021242466755211353,0.001798870973289013
57.494493,POS,,,,,,,,,,,,,,,,0.014215138165498133,-0.008840176817682208,,,,,37.4274999,-122.1697001,,,-0.011132000130089637,,,,0.0034191273152828217,,,,,,
57.594453,ATT,3,,0.0,0.0,91.41,0.0,0.0,0.08,,0.09,,,,91.4,,,,,,,,,,,,,,,,,,,,,,
57.594453,XKF1,,,,,,,,,,,,,,,,0.001075977039105947,-0.000751305662561208,,,0.0025976751788342797,,,,,,-0.000770237878896296,-0.0025833761286367402,,,,,,0.0019986964762210846,,0.0019986964762210846,0.001659255474805832
57.594453,POS,,,,,,,,,,,,,,,,0.014215138165498133,-0.008840176817682208,,,,,37.4274999,-122.1697001,,,-0.011132000130089637,,,,0.003418225795030594,,,,,,
57.694413,ATT,3,,0.0,0.0,91.41,0.0,0.0,0.08,,0.09,,,,91.4,,,,,,,,,,,,,,,,,,,,,,
57.694413,XKF1,,,,,,,,,,,,,,,,0.0009310721726214858,-0.0006401607533916831,,,0.0024192311412751717,,,,,,-0.0006760840187780559,-0.0024020494975771525,,,,,,0.0018605270888656378,,0.0018605270888656378,0.0015463241143152118
57.694413,POS,,,,,,,,,,,,,,,,0.014215138165498133,-0.008840176817682208,,,,,37.4274999,-122.1697001,,,-0.011132000130089637,,,,0.003415614366531372,,,,,,
57.794373,ATT,3,,0.0,0.0,91.41,0.0,0.0,0.08,,0.09,,,,91.4,,,,,,,,,,,,,,,,,,,,,,
57.794373,XKF1,,,,,,,,,,,,,,,,0.0007725553835031053,-0.0005207561189308763,,,0.0021742301503800366,,,,,,-0.0005706617957912385,-0.002149285027320678,,,,,,0.0016913508297875524,,0.0016913508297875524,0.0013662390410900116
57.794373,POS,,,,,,,,,,,,,,,,0.014215138165498133,-0.008840176817682208,,,,,37.4274999,-122.1697001,,,-0.011132000130089637,,,,0.003410113975405693,,,,,,
57.894332999999996,ATT,3,,0.0,0.0,91.41,0.0,0.0,0.08,,0.1,,,,91.4,,,,,,,,,,,,,,,,,,,,,,
57.894332999999996,XKF1,,,,,,,,,,,,,,,,0.0007532234754156493,-0.00049852195661515,,,0.0018379365402555728,,,,,,-0.0005646427744068205,-0.001791889631222978,,,,,,0.0014924381393939257,,0.0014924381393939257,0.0010726784821599722
57.894332999999996,POS,,,,,,,,,,,,,,,,0.014215138165498133,-0.008840176817682208,,,,,37.4274999,-122.1697001,,,-0.011132000130089637,,,,0.0034050140529870987,,,,,,
57.994293,ATT,3,,0.0,0.0,91.41,0.0,0.0,0.08,,0.1,,,,91.4,,,,,,,,,,,,,,,,,,,,,,
57.994293,XKF1,,,,,,,,,,,,,,,,0.0006482064713106351,-0.00041540866368450224,,,0.0014950955791644056,,,,,,-0.0004976015188731253,-0.0014434267451838424,,,,,,0.0012241535587236285,,0.0012241535587236285,0.000858346582390368
57.994293,POS,,,,,,,,,,,,,,,,0.014215138165498133,-0.008840176817682208,,,,,37.4274999,-122.1697001,,,-0.011132000130089637,,,,0.00351773202419281,,,,,,
58.004289,EV,,,,,,,,,,,,,,,,,,,,,28,,,,NOT_LANDED,,,,,,,,,,,
58.094252999999995,ATT,3,,0.0,0.0,91.41,0.0,0.0,0.09,,0.1,,,,91.39,,,,,,,,,,,,,,,,,,,,,,
58.094252999999995,XKF1,,,,,,,,,,,,,,,,0.0006856939359576788,-0.0004353548865765333,,,0.0009665224315654492,,,,,,-0.0005297568277455866,-0.0009048561368294933,,,,,,0.0008369561401195824,,0.0008369561401195824,0.00048339428030885756
58.094252999999995,POS,,,,,,,,,,,,,,,,0.014215138165498133,-0.008840176817682208,,,,,37.4274999,-122.1697001,,,-0.011132000130089637,,,,0.007517356425523758,,,,,,
58.194213,ATT,3,,0.0,0.0,91.41,0.0,0.0,0.09,,0.1,,,,91.39,,,,,,,,,,,,,,,,,,,,,,
58.194213,XKF1,,,,,,,,,,,,,,,,0.0006430997772555101,-0.0004037057515233755,,,0.0005037733850322482,,,,,,-0.0005005986313335598,-0.00042432640355571927,,,,,,0.0004777427529916167,,0.0004777427529916167,0.00015984206402208656
58.194213,POS,,,,,,,,,,,,,,,,0.014215138165498133,-0.008840176817682208,,,,,37.4274999,-122.1697001,,,-0.011132000130089637,,,,0.018034718930721283,,,,,,
58.294173,ATT,3,,0.0,0.0,91.41,0.0,0.0,0.09,,0.1,,,,91.39,,,,,,,,,,,,,,,,,,,,,,
58.294173,XKF1,,,,,,,,,,,,,,,,0.0007514520548026653,-0.0004792335967067629,,,0.0002710336270895446,,,,,,-0.0005788051057606936,0.00016017040797805467,,,,,,6.626173853874205e-05,,6.626173853874207e-05,-0.00026280907331965864
58.294173,POS,,,,,,,,,,,,,,,,0.014215138165498133,-0.008840176817682208,,,,,37.4274999,-122.1697001,,,-0.011132000130089637,,,,0.03406810387969017,,,,,,
58.394966,ATT,3,,0.0,0.0,91.41,0.0,0.0,0.09,,0.1,,,,91.39,,,,,,,,,,,,,,,,,,,,,,
58.394966,XKF1,,,,,,,,,,,,,,,,0.0007602507818076365,-0.00048322000657208264,,,0.0007181973399850263,,,,,,-0.000586923910304904,0.0006947674944021561,,,,,,-0.00030113110551610594,,-0.0003011311055161059,-0.0006520180031657219
58.394966,POS,,,,,,,,,,,,,,,,0.014215138165498133,-0.008840176817682208,,,,,37.4274999,-122.1697001,,,-0.011132000130089637,,,,0.05456841364502907,,,,,,
58.494926,ATT,3,,-0.01,-0.01,91.41,0.0,0.0,0.09,,0.11,,,,91.39,,,,,,,,,,,,,,,,,,,,,,
58.494926,XKF1,,,,,,,,,,,,,,,,0.0008959391748823842,-0.0005739940097555518,,,0.0012901022350877752,,,,,,-0.000687922874931246,0.0012768807861391386,,,,,,-0.0006765957223251463,,-0.0006765957223251462,-0.0010984452674165368
58.494926,POS,,,,,,,,,,,,,,,,0.014215138165498133,-0.008840176817682208,,,,,37.4274999,-122.1697001,,,-0.011132000130089637,,,,0.08079301565885544,,,,,,
58.594885999999995,ATT,3,,-0.01,-0.02,91.41,0.0,0.0,0.09,,0.11,,,,91.38,,,,,,,,,,,,,,,,,,,,,,
58.594885999999995,XKF1,,,,,,,,,,,,,,,,0.0009563544077044796,-0.0006141093326732516,,,0.0018012419685320485,,,,,,-0.0007331326487474144,0.0018002569526434028,,,,,,-0.0011103502474725246,,-0.0011103502474725246,-0.0014183070743456483
58.594885999999995,POS,,,,,,,,,,,,,,,,0.014215138165498133,-0.008840176817682208,,,,,37.4274999,-122.1697001,,,-0.011132000130089637,,,,0.11291805654764175,,,,,,
58.694846,ATT,3,,-0.02,-0.03,91.41,0.0,0.0,0.04,,0.05,,,,91.38,,,,,,,,,,,,,,,,,,,,,,
58.694846,XKF1,,,,,,,,,,,,,,,,0.0011545819803714173,-0.0007541237864643335,,,0.002558237161319484,,,,,,-0.0008742750505916774,0.002558237119333119,,,,,,-0.0016705805901438,,-0.0016705805901437998,-0.001937456545419991
58.694846,POS,,,,,,,,,,,,,,,,0.014215138165498133,-0.008840176817682208,,,,,37.4274999,-122.1697001,,,-0.011132000130089637,,,,0.1627303659915924,,,,,,
58.794806,ATT,3,,-0.03,-0.03,91.41,0.0,0.0,0.0,,0.0,,,,91.38,,,,,,,,,,,,,,,,,,,,,,
58.794806,XKF1,,,,,,,,,,,,,,,,0.0012142928678865654,-0.0008037788211368024,,,0.001980266845919614,,,,,,-0.0009101905161514878,0.001979556314806253,,,,,,-0.0013500901404768229,,-0.0013500901404768229,-0.001448693685233593
58.794806,POS,,,,,,,,,,,,,,,,0.014215138165498133,-0.008840176817682208,,,,,37.4274999,-122.1697001,,,-0.011132000130089637,,,,0.25981801748275757,,,,,,
58.894766,ATT,3,,-0.02,-0.02,91.41,0.0,0.0,-0.02,,-0.03,,,,91.38,,,,,,,,,,,,,,,,,,,,,,
58.894766,XKF1,,,,,,,,,,,,,,,,0.0012408177796407486,-0.0008364961249753833,,,0.00031883968981493343,,,,,,-0.0009164622169919312,0.00030970991582416593,,,,,,-0.00026474145124666393,,-0.00026474145124666393,-0.00017768148973118514
58.894766,POS,,,,,,,,,,,,,,,,0.014215138165498133,-0.008840176817682208,,,,,37.4274999,-122.1697001,,,-0.011132000130089637,,,,0.3788495361804962,,,,,,
58.994726,ATT,3,,0.0,0.0,91.41,0.0,0.0,-0.02,,-0.02,,,,91.38,,,,,,,,,,,,,,,,,,,,,,
58.994726,XKF1,,,,,,,,,,,,,,,,0.0008517265843084546,-0.0005839423974975944,,,0.002371316020386756,,,,,,-0.0006200398784130812,-0.0023675754994094337,,,,,,0.0015262836823239925,,0.0015262836823239923,0.001814827206544578
58.994726,POS,,,,,,,,,,,,,,,,0.014215138165498133,-0.008840176817682208,,,,,37.4274999,-122.1697001,,,-0.011132000130089637,,,,0.49239709973335266,,,,,,
59.094685999999996,ATT,3,,0.03,0.04,91.41,0.0,0.0,0.0,,0.0,,,,91.38,,,,,,,,,,,,,,,,,,,,,,
59.094685999999996,XKF1,,,,,,,,,,,,,,,,0.0002992588883346215,-0.0002227231889264658,,,0.004858435102950844,,,,,,-0.00019987561972811818,-0.00482724447587018,,,,,,0.0032255682162940507,,0.00322556821629405,0.0036331943701952696
59.094685999999996,POS,,,,,,,,,,,,,,,,0.014215138165498133,-0.008840176817682208,,,,,37.4274999,-122.1697001,,,-0.011132000130089637,,,,0.6039011478424072,,,,,,
59.194646,ATT,3,,0.06,0.07,91.41,0.0,0.0,0.02,,0.03,,,,91.38,,,,,,,,,,,,,,,,,,,,,,
59.194646,XKF1,,,,,,,,,,,,,,,,0.000651765842004694,0.0004009607946500182,,,0.006799594674012249,,,,,,0.0005138376727700233,0.00678020747171412,,,,,,0.0045756446197628975,,0.0045756446197628975,0.00502970814704895
59.194646,POS,,,,,,,,,,,,,,,,0.011132000130089637,0.0,,,,,37.4274999,-122.1697,,,-0.011132000130089637,,,,0.7161871790885925,,,,,,
59.294605999999995,ATT,3,,0.08,0.09,91.41,0.0,0.0,0.04,,0.05,,,,91.38,,,,,,,,,,,,,,,,,,,,,,
59.294605999999995,XKF1,,,,,,,,,,,,,,,,0.0016285944719912227,0.0010488094994798303,,,0.007790589612933349,,,,,,0.001245920779183507,0.007781422688868189,,,,,,0.005300253164023161,,0.005300253164023161,0.005709693767130375
59.294605999999995,POS,,,,,,,,,,,,,,,,0.011132000130089637,0.0,,,,,37.4274999,-122.1697,,,-0.011132000130089637,,,,0.8350350856781006,,,,,,
59.394566,ATT,3,,0.09,0.11,91.41,0.0,0.0,0.05,,0.07,,,,91.38,,,,,,,,,,,,,,,,,,,,,,
59.394566,XKF1,,,,,,,,,,,,,,,,0.002816015653154035,0.0018508069915696979,,,0.008291167528358687,,,,,,0.002122370759025216,0.00828511386021461,,,,,,0.005684081930667162,,0.005684081930667162,0.006036113947629929
59.394566,POS,,,,,,,,,,,,,,,,0.011132000130089637,0.0,,,,,37.4274999,-122.1697,,,-0.011132000130089637,,,,0.9647654294967651,,,,,,
59.494526,ATT,3,,0.1,0.12,91.41,0.0,0.0,0.07,,0.09,,,,91.38,,,,,,,,,,,,,,,,,,,,,,
59.494526,XKF1,,,,,,,,,,,,,,,,0.0038940931787073215,0.0025823640171438456,,,0.008097438393160586,,,,,,0.002914679702371359,0.008089694434504864,,,,,,0.005629675928503275,,0.005629675928503275,0.005820245482027531
59.494526,POS,,,,,,,,,,,,,,,,0.011132000130089637,0.0,,,,,37.4274999,-122.1697,,,-0.011132000130089637,,,,1.1052879095077515,,,,,,
59.594485999999996,ATT,3,,0.11,0.12,91.41,0.0,0.0,0.07,,0.09,,,,91.38,,,,,,,,,,,,,,,,,,,,,,
59.594485999999996,XKF1,,,,,,,,,,,,,,,,0.005051184713823074,0.0033743956591933966,,,0.00788718387144478,,,,,,0.0037587126716971397,0.007881647329922803,,,,,,0.005485128611326218,,0.005485128611326218,0.005667542107403278
59.594485999999996,POS,,,,,,,,,,,,,,,,0.011132000130089637,0.0,,,,,37.4274999,-122.1697,,,-0.011132000130089637,,,,1.2562429904937744,,,,,,
59.694446,ATT,3,,0.11,0.13,91.41,0.0,0.0,0.08,,0.1,,,,91.39,,,,,,,,,,,,,,,,,,,,,,
59.694446,XKF1,,,,,,,,,,,,,,,,0.006058989460086048,0.0040649608708918095,,,0.007312393566684725,,,,,,0.004493044223636389,0.007308275600980029,,,,,,0.005085059441626072,,0.005085059441626072,0.005254833027720451
59.694446,POS,,,,,,,,,,,,,,,,0.011132000130089637,0.0,,,,,37.4274999,-122.1697,,,-0.011132000130089637,,,,1.4178208112716675,,,,,,
59.794405999999995,ATT,3,,0.12,0.14,91.41,0.0,0.0,0.1,,0.11,,,,91.39,,,,,,,,,,,,,,,,,,,,,,
59.794405999999995,XKF1,,,,,,,,,,,,,,,,0.00713415832473659,0.004820940550416708,,,0.00668898719172969,,,,,,0.0052587781101465225,0.006686193981348924,,,,,,0.004660703241825104,,0.004660703241825104,0.004797957371920347
59.794405999999995,POS,,,,,,,,,,,,,,,,0.011132000130089637,0.0,,,,,37.4274999,-122.1697,,,-0.011132000130089637,,,,1.5892709493637085,,,,,,
59.894366,ATT,3,,0.12,0.14,91.41,0.0,0.0,0.09,,0.11,,,,91.39,,,,,,,,,,,,,,,,,,,,,,
59.894366,XKF1,,,,,,,,,,,,,,,,0.007986022341399238,0.0054154423996806145,,,0.005830927887498094,,,,,,0.005869372747838497,0.005829954917453718,,,,,,0.0040316651575267315,,0.0040316651575267315,0.004212528467178345
59.894366,POS,,,,,,,,,,,,,,,,0.011132000130089637,0.0,,,,,37.4274999,-122.1697,,,-0.011132000130089637,,,,1.7714447975158691,,,,,,
59.994326,ATT,3,,0.13,0.15,91.41,0.0,0.0,0.1,,0.12,,,,91.39,,,,,,,,,,,,,,,,,,,,,,
59.994326,XKF1,,,,,,,,,,,,,,,,0.009155772911271664,0.006398776080459356,,,0.005213608589444725,,,,,,0.0065485755912959576,0.005212113765345353,,,,,,0.0037319255061447625,,0.003731925506144762,0.0036406656727194786
59.994326,POS,,,,,,,,,,,,,,,,0.011132000130089637,0.0,,,,,37.4274999,-122.1697,,,-0.011132000130089637,,,,1.9632205963134766,,,,,,
60.094286,ATT,3,,0.14,0.15,91.41,0.0,0.0,0.12,,0.14,,,,91.39,,,,,,,,,,,,,,,,,,,,,,
60.094286,XKF1,,,,,,,,,,,,,,,,0.010036791299463601,0.00714656850323081,,,0.003918891436435082,,,,,,0.007047250401228666,0.003911807782566887,,,,,,0.0029507214203476906,,0.0029507214203476906,0.0025789442006498575
60.094286,POS,,,,,,,,,,,,,,,,0.011132000130089637,0.0,,,,,37.4274999,-122.1697,,,-0.011132000130089637,,,,2.1661837100982666,,,,,,
60.194246,ATT,3,,0.14,0.15,91.41,0.0,0.0,0.12,,0.14,,,,91.39,,,,,,,,,,,,,,,,,,,,,,
60.194246,XKF1,,,,,,,,,,,,,,,,0.011371449510287422,0.00811071414500475,,,0.002767749612584872,,,,,,0.007970331236720085,0.0027549226265081717,,,,,,0.0021515062544494867,,0.0021515062544494867,0.0017411084845662117
60.194246,POS,,,,,,,,,,,,,,,,0.011132000130089637,0.0,,,,,37.4274999,-122.1697,,,-0.011132000130089637,,,,2.3791399002075195,,,,,,
60.294205999999996,ATT,3,,0.14,0.15,91.41,0.0,0.0,0.12,,0.13,,,,91.39,,,,,,,,,,,,,,,,,,,,,,
60.294205999999996,XKF1,,,,,,,,,,,,,,,,0.012276227685006318,0.008766500279307365,,,0.0013847561153960744,,,,,,0.008593848906457424,0.0013645172701277598,,,,,,0.00113953638356179,,0.00113953638356179,0.0007867695530876517
60.294205999999996,POS,,,,,,,,,,,,,,,,0.011132000130089637,0.0,,,,,37.4274999,-122.1697,,,-0.011132000130089637,,,,2.6032536029815674,,,,,,
60.394999,ATT,3,,0.15,0.16,91.41,0.0,0.0,0.13,,0.14,,,,91.39,,,,,,,,,,,,,,,,,,,,,,
60.394999,XKF1,,,,,,,,,,,,,,,,0.013506702365601716,0.009597050957381725,,,0.0003673220359320069,,,,,,0.009504084475338459,0.00033320650354734825,,,,,,0.00034553674049675465,,0.00034553674049675465,0.00012461877486202866
60.394999,POS,,,,,,,,,,,,,,,,0.01421513894674999,0.008840178073946967,,,,,37.4274999,-122.1696999,,,-0.011132000130089637,,,,2.837141990661621,,,,,,
60.434982999999995,MSG,,,,,,,,,,,,,,,,,,,,,,,,,,,,,,,,,,EKF3 IMU0 MAG0 in-flight yaw alignment complete,,
60.434982999999995,MSG,,,,,,,,,,,,,,,,,,,,,,,,,,,,,,,,,,EKF3 IMU1 MAG0 in-flight yaw alignment complete,,
60.434982999999995,EV,,,,,,,,,,,,,,,,,,,,,62,,,,EKF_YAW_RESET,,,,,,,,,,,
60.494959,ATT,3,,0.15,0.16,89.91,0.0,0.0,0.14,,0.14,,,,89.89,,,,,,,,,,,,,,,,,,,,,,
60.494959,XKF1,,,,,,,,,,,,,,,,0.014358735395793258,0.0101630175486207,,,0.0010706855957703994,,,,,,0.01014329120516777,-0.0010618417282671291,,,,,,-0.0006545512587763369,,-0.0006545512587763369,-0.0008473076741211116
60.494959,POS,,,,,,,,,,,,,,,,0.01421513894674999,0.008840178073946967,,,,,37.4274999,-122.1696999,,,-0.011132000130089637,,,,3.0805463790893555,,,,,,
60.594919,ATT,3,,0.15,0.16,89.91,0.0,0.0,0.14,,0.15,,,,89.89,,,,,,,,,,,,,,,,,,,,,,
60.594919,XKF1,,,,,,,,,,,,,,,,0.01532833281731158,0.010786805301904678,,,0.0021216213826509246,,,,,,0.010890482924878597,-0.0021210100023497562,,,,,,-0.0014564056182280183,,-0.0014564056182280183,-0.0015427767066285014
60.594919,POS,,,,,,,,,,,,,,,,0.01421513894674999,0.008840178073946967,,,,,37.4274999,-122.1696999,,,-0.011132000130089637,,,,3.3295931816101074,,,,,,
60.694879,ATT,3,,0.15,0.16,89.91,0.0,0.0,0.14,,0.15,,,,89.9,,,,,,,,,,,,,,,,,,,,,,
60.694879,XKF1,,,,,,,,,,,,,,,,0.01595387588183676,0.011196096427738667,,,0.003410938284166726,,,,,,0.011365455575287342,-0.0034109182766578153,,,,,,-0.0024020338896661997,,-0.0024020338896661997,-0.0024217211175709963
60.694879,POS,,,,,,,,,,,,,,,,0.008840178073946967,0.008840178073946967,,,,,37.4275,-122.1696999,,,0.0,,,,3.583286762237549,,,,,,
60.794838999999996,ATT,3,,0.16,0.17,89.91,0.0,0.0,0.14,,0.15,,,,89.9,,,,,,,,,,,,,,,,,,,,,,
60.794838999999996,XKF1,,,,,,,,,,,,,,,,0.016894491864781022,0.011927290819585323,,,0.004342095904190737,,,,,,0.011965098790824413,-0.004341875380774393,,,,,,-0.003096299944445491,,-0.003096299944445491,-0.0030441293492913246
60.794838999999996,POS,,,,,,,,,,,,,,,,0.008840178073946967,0.008840178073946967,,,,,37.4275,-122.1696999,,,0.0,,,,3.841366767883301,,,,,,
60.894799,ATT,3,,0.16,0.17,89.91,0.0,0.0,0.15,,0.15,,,,89.91,,,,,,,,,,,,,,,,,,,,,,
60.894799,XKF1,,,,,,,,,,,,,,,,0.01748897053433355,0.012373463250696659,,,0.005486867015054101,,,,,,0.012359672226011753,-0.005485083224612972,,,,,,-0.0039795697666704655,,-0.0039795697666704655,-0.00377739779651165
60.894799,POS,,,,,,,,,,,,,,,,0.008840178073946967,0.008840178073946967,,,,,37.4275,-122.1696999,,,0.0,,,,4.0991530418396,,,,,,
60.994758999999995,ATT,3,,0.17,0.18,89.91,0.0,0.0,0.15,,0.16,,,,89.91,,,,,,,,,,,,,,,,,,,,,,
60.994758999999995,XKF1,,,,,,,,,,,,,,,,0.01856577559000699,0.013051005080342293,,,0.006237035523134506,,,,,,0.013204517774283886,-0.006231535906851665,,,,,,-0.00456676771864295,,-0.00456676771864295,-0.0042479694820940495
60.994758999999995,POS,,,,,,,,,,,,,,,,0.008840178073946967,0.008840178073946967,,,,,37.4275,-122.1696999,,,0.0,,,,4.3571858406066895,,,,,,
61.094719,ATT,3,,0.17,0.18,89.91,0.0,0.0,0.15,,0.17,,,,89.91,,,,,,,,,,,,,,,,,,,,,,
61.094719,XKF1,,,,,,,,,,,,,,,,0.019243480573980804,0.013421033509075642,,,0.007339467455961855,,,,,,0.013790844939649105,-0.007333111556768029,,,,,,-0.0053332033567130566,,-0.0053332033567130566,-0.0050422935746610165
61.094719,POS,,,,,,,,,,,,,,,,0.008840178073946967,0.008840178073946967,,,,,37.4275,-122.1696999,,,0.0,,,,4.615299224853516,,,,,,
61.194679,ATT,3,,0.17,0.2,89.91,0.0,0.0,0.16,,0.19,,,,89.91,,,,,,,,,,,,,,,,,,,,,,
61.194679,XKF1,,,,,,,,,,,,,,,,0.02051362541729035,0.013980837538838387,,,0.008168424492981668,,,,,,0.015011495910584927,-0.008149444062112448,,,,,,-0.005961419548839331,,-0.005961419548839331,-0.005584320519119501
61.194679,POS,,,,,,,,,,,,,,,,0.008840178073946967,0.008840178073946967,,,,,37.4275,-122.1696999,,,0.0,,,,4.872525691986084,,,,,,
61.294639,ATT,3,,0.17,0.2,89.91,0.0,0.0,0.17,,0.2,,,,89.91,,,,,,,,,,,,,,,,,,,,,,
61.294639,XKF1,,,,,,,,,,,,,,,,0.02125427729628393,0.01421420555561781,,,0.009587456974892213,,,,,,0.015801919624209404,-0.009564488384639892,,,,,,-0.006889537442475557,,-0.006889537442475557,-0.006667353678494692
61.294639,POS,,,,,,,,,,,,,,,,0.008840178073946967,0.008840178073946967,,,,,37.4275,-122.1696999,,,0.0,,,,5.129087924957275,,,,,,
61.394599,ATT,3,,0.17,0.21,89.91,0.0,0.0,0.17,,0.2,,,,89.91,,,,,,,,,,,,,,,,,,,,,,
61.394599,XKF1,,,,,,,,,,,,,,,,0.02242749058005256,0.014608676545321941,,,0.010508580015441513,,,,,,0.017017018049955368,-0.010467422888978884,,,,,,-0.007523199543356896,,-0.0075231995433568954,-0.007337010465562344
61.394599,POS,,,,,,,,,,,,,,,,0.008840178073946967,0.008840178073946967,,,,,37.4275,-122.1696999,,,0.0,,,,5.384402751922607,,,,,,
61.494558999999995,ATT,3,,0.17,0.22,89.91,0.0,0.0,0.16,,0.2,,,,89.91,,,,,,,,,,,,,,,,,,,,,,
61.494558999999995,XKF1,,,,,,,,,,,,,,,,0.023031798085249355,0.014688139781355858,,,0.011786284296396953,,,,,,0.017740413546562195,-0.011735561085122609,,,,,,-0.008325502276420593,,-0.008325502276420593,-0.008342811837792397
61.494558999999995,POS,,,,,,,,,,,,,,,,0.008840178073946967,0.008840178073946967,,,,,37.4275,-122.1696999,,,0.0,,,,5.6388068199157715,,,,,,
61.594519,ATT,3,,0.17,0.23,89.91,0.0,0.0,0.16,,0.21,,,,89.91,,,,,,,,,,,,,,,,,,,,,,
61.594519,XKF1,,,,,,,,,,,,,,,,0.024007749395875737,0.014950300566852093,,,0.012620318654948925,,,,,,0.01878458261489868,-0.012557325251969184,,,,,,-0.00880518276244402,,-0.00880518276244402,-0.009041083976626396
61.594519,POS,,,,,,,,,,,,,,,,0.008840178073946967,0.008840178073946967,,,,,37.4275,-122.1696999,,,0.0,,,,5.8919358253479,,,,,,
61.694479,ATT,3,,0.17,0.23,89.91,0.0,0.0,0.16,,0.22,,,,89.9,,,,,,,,,,,,,,,,,,,,,,
61.694479,XKF1,,,,,,,,,,,,,,,,0.024432067878003002,0.014965113252401352,,,0.013839373893124838,,,,,,0.01931246556341648,-0.013786755901879489,,,,,,-0.009397679939866066,,-0.009397679939866066,-0.01015932485461235
61.694479,POS,,,,,,,,,,,,,,,,0.008840178073946967,0.008840178073946967,,,,,37.4275,-122.1696999,,,0.0,,,,6.14439582824707,,,,,,
61.794439,ATT,3,,0.18,0.23,89.91,0.0,0.0,0.17,,0.21,,,,89.9,,,,,,,,,,,,,,,,,,,,,,
61.794439,XKF1,,,,,,,,,,,,,,,,0.02532674942313406,0.015453288331627846,,,0.014455642102048768,,,,,,0.020065894350409508,-0.014422449589740734,,,,,,-0.009575637057423592,,-0.009575637057423592,-0.010829254984855652
61.794439,POS,,,,,,,,,,,,,,,,0.008840178073946967,0.008840178073946967,,,,,37.4275,-122.1696999,,,0.0,,,,6.395863056182861,,,,,,
61.89439899999999,ATT,3,,0.18,0.23,89.91,0.0,0.0,0.17,,0.2,,,,89.89,,,,,,,,,,,,,,,,,,,,,,
61.89439899999999,XKF1,,,,,,,,,,,,,,,,0.025479501041303955,0.015499128960072994,,,0.015533263196850024,,,,,,0.020223302766680717,-0.015500924513392586,,,,,,-0.01022431906312704,,-0.01022431906312704,-0.01169382594525814
61.89439899999999,POS,,,,,,,,,,,,,,,,0.008840178073946967,0.008840178073946967,,,,,37.4275,-122.1696999,,,0.0,,,,6.646974086761475,,,,,,
61.994359,ATT,3,,0.18,0.23,89.91,0.0,0.0,0.18,,0.21,,,,89.89,,,,,,,,,,,,,,,,,,,,,,
61.994359,XKF1,,,,,,,,,,,,,,,,0.02650059302800779,0.01618576981127262,,,0.01578478960501936,,,,,,0.0209833811968565,-0.015760622211820886,,,,,,-0.010317474603652954,,-0.010317474603652954,-0.011946099810302258
61.994359,POS,,,,,,,,,,,,,,,,0.008840178073946967,0.008840178073946967,,,,,37.4275,-122.1696999,,,0.0,,,,6.898021221160889,,,,,,
62.094319,ATT,3,,0.18,0.23,89.91,0.0,0.0,0.18,,0.22,,,,89.89,,,,,,,,,,,,,,,,,,,,,,
62.094319,XKF1,,,,,,,,,,,,,,,,0.02645863811539162,0.01618393138051033,,,0.017016624629810264,,,,,,0.02093179151415825,-0.01699913547686048,,,,,,-0.011008033528923988,,-0.011008033528923988,-0.012976467609405518
62.094319,POS,,,,,,,,,,,,,,,,0.008840178073946967,0.008840178073946967,,,,,37.4275,-122.1696999,,,0.0,,,,7.148739814758301,,,,,,
62.194278999999995,ATT,3,,0.18,0.23,89.91,0.0,0.0,0.17,,0.22,,,,89.89,,,,,,,,,,,,,,,,,,,,,,
62.194278999999995,XKF1,,,,,,,,,,,,,,,,0.02703379657487229,0.016636334359645844,,,0.017616157122885594,,,,,,0.021308649331331253,-0.0176099750784835,,,,,,-0.011204836890101433,,-0.011204836890101433,-0.013593403622508049
62.194278999999995,POS,,,,,,,,,,,,,,,,0.008840178073946967,0.008840178073946967,,,,,37.4275,-122.1696999,,,0.0,,,,7.398886680603027,,,,,,
62.294239000000005,ATT,3,,0.18,0.23,89.91,0.0,0.0,0.16,,0.22,,,,89.89,,,,,,,,,,,,,,,,,,,,,,
62.294239000000005,XKF1,,,,,,,,,,,,,,,,0.026875787882169287,0.01662224717438221,,,0.01856594091948279,,,,,,0.021118922159075737,-0.018565735622518908,,,,,,-0.011551219969987871,,-0.01155121996998787,-0.014534905552864075
62.294239000000005,POS,,,,,,,,,,,,,,,,0.0208929743212945,0.017680354891629176,,,,,37.4275001,-122.1696998,,,0.011132000130089637,,,,7.649347305297852,,,,,,
62.394199,ATT,3,,0.19,0.22,89.91,0.0,0.0,0.15,,0.22,,,,89.89,,,,,,,,,,,,,,,,,,,,,,
62.394199,XKF1,,,,,,,,,,,,,,,,0.027323023304564174,0.017060644924640656,,,0.018822151124420487,,,,,,0.021342024207115173,-0.018814106500903222,,,,,,-0.01131783425807953,,-0.011317834258079529,-0.01503928191959858
62.394199,POS,,,,,,,,,,,,,,,,0.0208929743212945,0.017680354891629176,,,,,37.4275001,-122.1696998,,,0.011132000130089637,,,,7.899155139923096,,,,,,
62.494991999999996,ATT,3,,0.2,0.22,89.91,0.0,0.0,0.16,,0.22,,,,89.89,,,,,,,,,,,,,,,,,,,,,,
62.494991999999996,XKF1,,,,,,,,,,,,,,,,0.027357275702319838,0.017262626439332962,,,0.01939565078087194,,,,,,0.021223153918981552,-0.019354569226572704,,,,,,-0.01123405620455742,,-0.011234056204557419,-0.01581098511815071
62.494991999999996,POS,,,,,,,,,,,,,,,,0.0208929743212945,0.017680354891629176,,,,,37.4275001,-122.1696998,,,0.011132000130089637,,,,8.149066925048828,,,,,,
62.59495199999999,ATT,3,,0.2,0.21,89.91,0.0,0.0,0.18,,0.21,,,,89.9,,,,,,,,,,,,,,,,,,,,,,
62.59495199999999,XKF1,,,,,,,,,,,,,,,,0.02754978283772661,0.017596501857042313,,,0.019860860909178563,,,,,,0.021197963505983353,-0.019792452520901144,,,,,,-0.011374493129551412,,-0.01137449312955141,-0.016281114891171455
62.59495199999999,POS,,,,,,,,,,,,,,,,0.0208929743212945,0.017680354891629176,,,,,37.4275001,-122.1696998,,,0.011132000130089637,,,,8.39858341217041,,,,,,
62.694912,ATT,3,,0.2,0.21,89.91,0.0,0.0,0.19,,0.21,,,,89.9,,,,,,,,,,,,,,,,,,,,,,
62.694912,XKF1,,,,,,,,,,,,,,,,0.02734276374512748,0.017663532868027687,,,0.02066867179293923,,,,,,0.020871663466095924,-0.020593202874479622,,,,,,-0.011956272646784784,,-0.011956272646784782,-0.01685946434736252
62.694912,POS,,,,,,,,,,,,,,,,0.0208929743212945,0.017680354891629176,,,,,37.4275001,-122.1696998,,,0.011132000130089637,,,,8.648240089416504,,,,,,
62.794872,ATT,3,,0.2,0.21,89.91,0.0,0.0,0.19,,0.2,,,,89.9,,,,,,,,,,,,,,,,,,,,,,
62.794872,XKF1,,,,,,,,,,,,,,,,0.027294568057338188,0.017829952761530876,,,0.02117728497454185,,,,,,0.02066606469452381,-0.021101561959158053,,,,,,-0.012429678812623026,,-0.012429678812623024,-0.017145859077572823
62.794872,POS,,,,,,,,,,,,,,,,0.0208929743212945,0.017680354891629176,,,,,37.4275001,-122.1696998,,,0.011132000130089637,,,,8.899576187133789,,,,,,
62.894831999999994,ATT,3,,0.2,0.2,89.91,0.0,0.0,0.19,,0.2,,,,89.9,,,,,,,,,,,,,,,,,,,,,,
62.894831999999994,XKF1,,,,,,,,,,,,,,,,0.026895381122298428,0.017741404473781586,,,0.02182085499889355,,,,,,0.020213957875967026,-0.021749004460321474,,,,,,-0.013016836717724802,,-0.0130168367177248,-0.017513185739517212
62.894831999999994,POS,,,,,,,,,,,,,,,,0.0208929743212945,0.017680354891629176,,,,,37.4275001,-122.1696998,,,0.011132000130089637,,,,9.14912223815918,,,,,,
62.994792000000004,ATT,3,,0.19,0.2,89.91,0.0,0.0,0.19,,0.19,,,,89.9,,,,,,,,,,,,,,,,,,,,,,
62.994792000000004,XKF1,,,,,,,,,,,,,,,,0.02673205237908322,0.01778562180697918,,,0.022058166599347395,,,,,,0.019956810399889946,-0.021996032891358715,,,,,,-0.013399468734860422,,-0.01339946873486042,-0.017521899193525314
62.994792000000004,POS,,,,,,,,,,,,,,,,0.0208929743212945,0.017680354891629176,,,,,37.4275001,-122.1696998,,,0.011132000130089637,,,,9.398353576660156,,,,,,
63.094752,ATT,3,,0.19,0.19,89.91,0.0,0.0,0.19,,0.18,,,,89.9,,,,,,,,,,,,,,,,,,,,,,
63.094752,XKF1,,,,,,,,,,,,,,,,0.02622359906032102,0.017566118389368057,,,0.022452703388064172,,,,,,0.019470712170004845,-0.022409191784085836,,,,,,-0.013973639346659185,,-0.013973639346659184,-0.017574450001120567
63.094752,POS,,,,,,,,,,,,,,,,0.0208929743212945,0.017680354891629176,,,,,37.4275001,-122.1696998,,,0.011132000130089637,,,,9.647836685180664,,,,,,
63.194711999999996,ATT,3,,0.19,0.19,89.91,0.0,0.0,0.19,,0.18,,,,89.9,,,,,,,,,,,,,,,,,,,,,,
63.194711999999996,XKF1,,,,,,,,,,,,,,,,0.02596417954015839,0.01746821217238903,,,0.022525638253313617,,,,,,0.019209377467632294,-0.02249510061414658,,,,,,-0.014266794547438623,,-0.014266794547438622,-0.01743166521191597
63.194711999999996,POS,,,,,,,,,,,,,,,,0.0208929743212945,0.017680354891629176,,,,,37.4275001,-122.1696998,,,0.011132000130089637,,,,9.896956443786621,,,,,,
63.29467199999999,ATT,3,,0.18,0.19,89.91,0.0,0.0,0.18,,0.18,,,,89.9,,,,,,,,,,,,,,,,,,,,,,
63.29467199999999,XKF1,,,,,,,,,,,,,,,,0.02538637747039746,0.017126725986599922,,,0.022807694222268082,,,,,,0.018738821148872375,-0.022793115804882396,,,,,,-0.014775359071791174,,-0.014775359071791172,-0.017374685034155846
63.29467199999999,POS,,,,,,,,,,,,,,,,0.0208929743212945,0.017680354891629176,,,,,37.4275001,-122.1696998,,,0.011132000130089637,,,,10.146289825439453,,,,,,
63.394632,ATT,3,,0.18,0.19,89.91,0.0,0.0,0.18,,0.17,,,,89.91,,,,,,,,,,,,,,,,,,,,,,
63.394632,XKF1,,,,,,,,,,,,,,,,0.02510642992140948,0.016939526423811913,,,0.022621488391755522,,,,,,0.01853065751492977,-0.02261625579952263,,,,,,-0.014900284819304945,,-0.014900284819304943,-0.01702096499502659
63.394632,POS,,,,,,,,,,,,,,,,0.0208929743212945,0.017680354891629176,,,,,37.4275001,-122.1696998,,,0.011132000130089637,,,,10.395301818847656,,,,,,
63.494592,ATT,3,,0.17,0.19,89.91,0.0,0.0,0.18,,0.17,,,,89.9,,,,,,,,,,,,,,,,,,,,,,
63.494592,XKF1,,,,,,,,,,,,,,,,0.024525869525602654,0.016536284238100052,,,0.022701844690073466,,,,,,0.01811269111931324,-0.022701397053048647,,,,,,-0.015200870111584665,,-0.015200870111584663,-0.016861414536833763
63.494592,POS,,,,,,,,,,,,,,,,0.0208929743212945,0.017680354891629176,,,,,37.4275001,-122.1696998,,,0.011132000130089637,,,,10.644615173339844,,,,,,
63.59455199999999,ATT,3,,0.17,0.19,89.91,0.0,0.0,0.17,,0.17,,,,89.9,,,,,,,,,,,,,,,,,,,,,,
63.59455199999999,XKF1,,,,,,,,,,,,,,,,0.02423507232999014,0.016308877617120743,,,0.02252305755108008,,,,,,0.017926495522260666,-0.022522749457666576,,,,,,-0.015243718400597574,,-0.015243718400597572,-0.016580626368522644
63.59455199999999,POS,,,,,,,,,,,,,,,,0.0208929743212945,0.017680354891629176,,,,,37.4275001,-122.1696998,,,0.011132000130089637,,,,10.893705368041992,,,,,,
63.694512,ATT,3,,0.16,0.19,89.91,0.0,0.0,0.17,,0.17,,,,89.9,,,,,,,,,,,,,,,,,,,,,,
63.694512,XKF1,,,,,,,,,,,,,,,,0.023666553307191425,0.015882842242717743,,,0.02249052964473318,,,,,,0.01754540018737316,-0.02248650044642145,,,,,,-0.015406494960188867,,-0.015406494960188866,-0.01638486608862877
63.694512,POS,,,,,,,,,,,,,,,,0.0208929743212945,0.017680354891629176,,,,,37.4275001,-122.1696998,,,0.011132000130089637,,,,11.143156051635742,,,,,,
63.794472,ATT,3,,0.16,0.19,89.91,0.0,0.0,0.17,,0.17,,,,89.9,,,,,,,,,,,,,,,,,,,,,,
63.794472,XKF1,,,,,,,,,,,,,,,,0.02344608127526159,0.01567070372402668,,,0.022256611704351354,,,,,,0.017439832910895348,-0.0222457272820134,,,,,,-0.015386106446385385,,-0.015386106446385384,-0.016081806272268295
63.794472,POS,,,,,,,,,,,,,,,,0.0208929743212945,0.017680354891629176,,,,,37.4275001,-122.1696998,,,0.011132000130089637,,,,11.3922700881958,,,,,,
63.894431999999995,ATT,3,,0.16,0.19,89.91,0.0,0.0,0.17,,0.18,,,,89.9,,,,,,,,,,,,,,,,,,,,,,
63.894431999999995,XKF1,,,,,,,,,,,,,,,,0.02293199365387803,0.015252836048603058,,,0.02225830795807625,,,,,,0.017123881727457047,-0.0222405607400466,,,,,,-0.015456531196832659,,-0.015456531196832657,-0.016016488894820213
63.894431999999995,POS,,,,,,,,,,,,,,,,0.0208929743212945,0.017680354891629176,,,,,37.4275001,-122.1696998,,,0.011132000130089637,,,,11.641831398010254,,,,,,
63.994392000000005,ATT,3,,0.16,0.19,89.91,0.0,0.0,0.16,,0.17,,,,89.9,,,,,,,,,,,,,,,,,,,,,,
63.994392000000005,XKF1,,,,,,,,,,,,,,,,0.022745081237594056,0.015039871446788311,,,0.02199807501053912,,,,,,0.017062854021787643,-0.02197135776813841,,,,,,-0.015341341495513918,,-0.015341341495513916,-0.015765739604830742
63.994392000000005,POS,,,,,,,,,,,,,,,,0.0208929743212945,0.017680354891629176,,,,,37.4275001,-122.1696998,,,0.011132000130089637,,,,11.891088485717773,,,,,,
64.094352,ATT,3,,0.15,0.19,89.91,0.0,0.0,0.16,,0.18,,,,89.89,,,,,,,,,,,,,,,,,,,,,,
64.094352,XKF1,,,,,,,,,,,,,,,,0.021926044419740495,0.014408580958843231,,,0.022130819766681607,,,,,,0.016527075320482254,-0.02209369440917559,,,,,,-0.0154845854267478,,-0.015484585426747799,-0.015811413526535034
64.094352,POS,,,,,,,,,,,,,,,,0.0208929743212945,0.017680354891629176,,,,,37.4275001,-122.1696998,,,0.011132000130089637,,,,12.141098022460938,,,,,,
64.194312,ATT,3,,0.15,0.19,89.91,0.0,0.0,0.15,,0.18,,,,89.89,,,,,,,,,,,,,,,,,,,,,,
64.194312,XKF1,,,,,,,,,,,,,,,,0.02192276821130361,0.014317446388304234,,,0.02163030468182801,,,,,,0.016601761803030968,-0.021587256123336257,,,,,,-0.015131251886487009,,-0.015131251886487007,-0.01545688509941101
64.194312,POS,,,,,,,,,,,,,,,,0.0208929743212945,0.017680354891629176,,,,,37.4275001,-122.1696998,,,0.011132000130089637,,,,12.390128135681152,,,,,,
64.29427199999999,ATT,3,,0.15,0.19,89.91,0.0,0.0,0.15,,0.17,,,,89.9,,,,,,,,,,,,,,,,,,,,,,
64.29427199999999,XKF1,,,,,,,,,,,,,,,,0.021265744384600025,0.013802656903862953,,,0.021462470272200225,,,,,,0.016177717596292496,-0.02141967117446043,,,,,,-0.014933168888092043,,-0.014933168888092041,-0.015415514819324017
64.29427199999999,POS,,,,,,,,,,,,,,,,0.0208929743212945,0.017680354891629176,,,,,37.4275001,-122.1696998,,,0.011132000130089637,,,,12.639908790588379,,,,,,
64.394232,ATT,3,,0.15,0.19,89.91,0.0,0.0,0.15,,0.18,,,,89.9,,,,,,,,,,,,,,,,,,,,,,
64.394232,XKF1,,,,,,,,,,,,,,,,0.02147032070515158,0.013879135251045227,,,0.02078165471568699,,,,,,0.016381217166781425,-0.020743894361397106,,,,,,-0.0143649447709322,,-0.014364944770932198,-0.01501750759780407
64.394232,POS,,,,,,,,,,,,,,,,0.0208929743212945,0.017680354891629176,,,,,37.4275001,-122.1696998,,,0.011132000130089637,,,,12.888747215270996,,,,,,
64.494192,ATT,3,,0.15,0.2,89.91,0.0,0.0,0.15,,0.19,,,,89.9,,,,,,,,,,,,,,,,,,,,,,
64.494192,XKF1,,,,,,,,,,,,,,,,0.02098878621336962,0.013515060767531395,,,0.020723494262469284,,,,,,0.01605840213596821,-0.020693424640055236,,,,,,-0.014178695157170297,,-0.014178695157170296,-0.0151138287037611
64.494192,POS,,,,,,,,,,,,,,,,0.0208929743212945,0.017680354891629176,,,,,37.4275001,-122.1696998,,,0.011132000130089637,,,,13.138347625732422,,,,,,
64.594985,ATT,3,,0.15,0.2,89.91,0.0,0.0,0.15,,0.19,,,,89.9,,,,,,,,,,,,,,,,,,,,,,
64.594985,XKF1,,,,,,,,,,,,,,,,0.02131227830522236,0.013728893361985683,,,0.02020468087034774,,,,,,0.016301248222589493,-0.020187843775242558,,,,,,-0.013635333627462389,,-0.013635333627462387,-0.014909956604242325
64.594985,POS,,,,,,,,,,,,,,,,0.0208929743212945,0.017680354891629176,,,,,37.4275001,-122.1696998,,,0.011132000130089637,,,,13.386972427368164,,,,,,
64.694945,ATT,3,,0.15,0.2,89.91,0.0,0.0,0.16,,0.19,,,,89.9,,,,,,,,,,,,,,,,,,,,,,
64.694945,XKF1,,,,,,,,,,,,,,,,0.021176536370762614,0.013710999861359596,,,0.020140661938506752,,,,,,0.0161385927349329,-0.02013394117179599,,,,,,-0.013432452455163004,,-0.013432452455163002,-0.015007181093096733
64.694945,POS,,,,,,,,,,,,,,,,0.0208929743212945,0.017680354891629176,,,,,37.4275001,-122.1696998,,,0.011132000130089637,,,,13.636085510253906,,,,,,
64.794905,ATT,3,,0.15,0.2,89.91,0.0,0.0,0.17,,0.19,,,,89.9,,,,,,,,,,,,,,,,,,,,,,
64.794905,XKF1,,,,,,,,,,,,,,,,0.021104145539672367,0.013879516161978245,,,0.02019694435580041,,,,,,0.015897924080491066,-0.020196854419402242,,,,,,-0.013328224420547487,,-0.013328224420547485,-0.015174814499914646
64.794905,POS,,,,,,,,,,,,,,,,0.0208929743212945,0.017680354891629176,,,,,37.4275001,-122.1696998,,,0.011132000130089637,,,,13.884852409362793,,,,,,
64.894865,ATT,3,,0.15,0.19,89.91,0.0,0.0,0.17,,0.18,,,,89.9,,,,,,,,,,,,,,,,,,,,,,
64.894865,XKF1,,,,,,,,,,,,,,,,0.020570226235467753,0.013800224289298058,,,0.02045901325621605,,,,,,0.015254114754498005,-0.020453105928262275,,,,,,-0.01335708983242512,,-0.013357089832425117,-0.015497076325118542
64.894865,POS,,,,,,,,,,,,,,,,0.0208929743212945,0.017680354891629176,,,,,37.4275001,-122.1696998,,,0.011132000130089637,,,,14.13612174987793,,,,,,
64.99482499999999,ATT,3,,0.16,0.17,89.91,0.0,0.0,0.17,,0.17,,,,89.9,,,,,,,,,,,,,,,,,,,,,,
64.99482499999999,XKF1,,,,,,,,,,,,,,,,0.02008787506660955,0.013957090675830841,,,0.020389742855723224,,,,,,0.0144472261890769,-0.02034504188494692,,,,,,-0.013165279291570188,,-0.013165279291570187,-0.015569747425615788
64.99482499999999,POS,,,,,,,,,,,,,,,,0.0208929743212945,0.017680354891629176,,,,,37.4275001,-122.1696998,,,0.011132000130089637,,,,14.384984016418457,,,,,,
65.094785,ATT,3,,0.16,0.16,89.91,0.0,0.0,0.16,,0.16,,,,89.89,,,,,,,,,,,,,,,,,,,,,,
65.094785,XKF1,,,,,,,,,,,,,,,,0.019332821906687326,0.013884606771171093,,,0.020348009148436836,,,,,,0.013452720828354359,-0.02025177367270329,,,,,,-0.013169138692319395,,-0.013169138692319393,-0.015511778183281422
65.094785,POS,,,,,,,,,,,,,,,,0.0208929743212945,0.017680354891629176,,,,,37.4275001,-122.1696998,,,0.011132000130089637,,,,14.634332656860352,,,,,,
65.194745,ATT,3,,0.17,0.15,89.91,0.0,0.0,0.16,,0.15,,,,89.88,,,,,,,,,,,,,,,,,,,,,,
65.194745,XKF1,,,,,,,,,,,,,,,,0.018795833847878845,0.014033378101885319,,,0.020032844908608714,,,,,,0.012503906153142452,-0.01985072225169882,,,,,,-0.013028051704168321,,-0.01302805170416832,-0.015217908658087254
65.194745,POS,,,,,,,,,,,,,,,,0.0208929743212945,0.017680354891629176,,,,,37.4275001,-122.1696998,,,0.011132000130089637,,,,14.88321590423584,,,,,,
65.294705,ATT,3,,0.16,0.14,89.91,0.0,0.0,0.16,,0.15,,,,89.88,,,,,,,,,,,,,,,,,,,,,,
65.294705,XKF1,,,,,,,,,,,,,,,,0.018064051438492004,0.013953329995274544,,,0.019902681221583358,,,,,,0.011472337879240513,-0.01962305193478733,,,,,,-0.013046170584857466,,-0.013046170584857464,-0.015030440874397755
65.294705,POS,,,,,,,,,,,,,,,,0.0208929743212945,0.017680354891629176,,,,,37.4275001,-122.1696998,,,0.011132000130089637,,,,15.13255786895752,,,,,,
65.394665,ATT,3,,0.17,0.13,89.91,0.0,0.0,0.17,,0.15,,,,89.88,,,,,,,,,,,,,,,,,,,,,,
65.394665,XKF1,,,,,,,,,,,,,,,,0.017628769346482304,0.014091628603637218,,,0.01961774185171979,,,,,,0.010592427104711533,-0.01919465690104937,,,,,,-0.012908475473523142,,-0.01290847547352314,-0.014772510156035423
65.394665,POS,,,,,,,,,,,,,,,,0.017680354891629176,0.017680354891629176,,,,,37.4275,-122.1696998,,,0.0,,,,15.381522178649902,,,,,,
65.494625,ATT,3,,0.17,0.12,89.91,0.0,0.0,0.16,,0.14,,,,89.88,,,,,,,,,,,,,,,,,,,,,,
65.494625,XKF1,,,,,,,,,,,,,,,,0.016949970961346122,0.013925604522228241,,,0.019398979549816654,,,,,,0.009663283824920654,-0.01887698500280976,,,,,,-0.012960475869476797,,-0.012960475869476795,-0.014434211887419224
65.494625,POS,,,,,,,,,,,,,,,,0.017680354891629176,0.017680354891629176,,,,,37.4275,-122.1696998,,,0.0,,,,15.630919456481934,,,,,,
65.594585,ATT,3,,0.17,0.12,89.91,0.0,0.0,0.16,,0.13,,,,89.88,,,,,,,,,,,,,,,,,,,,,,
65.594585,XKF1,,,,,,,,,,,,,,,,0.01646410032801537,0.0137930978089571,,,0.018825175559752282,,,,,,0.008989830501377583,-0.018272121532078966,,,,,,-0.012834548018872738,,-0.012834548018872738,-0.013771768659353256
65.594585,POS,,,,,,,,,,,,,,,,0.017680354891629176,0.017680354891629176,,,,,37.4275,-122.1696998,,,0.0,,,,15.879860877990723,,,,,,
65.694545,ATT,3,,0.17,0.12,89.91,0.0,0.0,0.16,,0.12,,,,89.89,,,,,,,,,,,,,,,,,,,,,,
65.694545,XKF1,,,,,,,,,,,,,,,,0.01580943694600674,0.013454183004796505,,,0.018319603347240497,,,,,,0.008302003145217896,-0.01781081988439189,,,,,,-0.012905917130410671,,-0.012905917130410671,-0.01300173718482256
65.694545,POS,,,,,,,,,,,,,,,,0.017680354891629176,0.017680354891629176,,,,,37.4275,-122.1696998,,,0.0,,,,16.129316329956055,,,,,,
65.794505,ATT,3,,0.17,0.12,89.91,0.0,0.0,0.16,,0.11,,,,89.9,,,,,,,,,,,,,,,,,,,,,,
65.794505,XKF1,,,,,,,,,,,,,,,,0.015445351590678492,0.013251417316496372,,,0.017552224341582098,,,,,,0.007934659719467163,-0.017148595774437364,,,,,,-0.012790113687515259,,-0.012790113687515259,-0.01202054787427187
65.794505,POS,,,,,,,,,,,,,,,,0.017680354891629176,0.017680354891629176,,,,,37.4275,-122.1696998,,,0.0,,,,16.378353118896484,,,,,,
65.894465,ATT,3,,0.16,0.13,89.91,0.0,0.0,0.16,,0.12,,,,89.9,,,,,,,,,,,,,,,,,,,,,,
65.894465,XKF1,,,,,,,,,,,,,,,,0.014920421612946528,0.012869604863226414,,,0.01698274710510677,,,,,,0.00754932127892971,-0.016705002527928187,,,,,,-0.012861198745667934,,-0.012861198745667934,-0.011090683750808239
65.894465,POS,,,,,,,,,,,,,,,,0.017680354891629176,0.017680354891629176,,,,,37.4275,-122.1696998,,,0.0,,,,16.627918243408203,,,,,,
65.99442499999999,ATT,3,,0.16,0.14,89.91,0.0,0.0,0.16,,0.12,,,,89.91,,,,,,,,,,,,,,,,,,,,,,
65.99442499999999,XKF1,,,,,,,,,,,,,,,,0.01469218574511624,0.012649435549974442,,,0.016404426166376967,,,,,,0.007473426405340433,-0.016243504636813354,,,,,,-0.012819145806133747,,-0.012819145806133747,-0.010235951282083988
65.99442499999999,POS,,,,,,,,,,,,,,,,0.017680354891629176,0.017680354891629176,,,,,37.4275,-122.1696998,,,0.0,,,,16.876972198486328,,,,,,
66.094385,ATT,3,,0.15,0.14,89.91,0.0,0.0,0.16,,0.13,,,,89.91,,,,,,,,,,,,,,,,,,,,,,
66.094385,XKF1,,,,,,,,,,,,,,,,0.014022198737512856,0.012065698392689228,,,0.016289336499089455,,,,,,0.007144297007471323,-0.016198049660667877,,,,,,-0.01306054089218378,,-0.01306054089218378,-0.009734719060361385
66.094385,POS,,,,,,,,,,,,,,,,0.017680354891629176,0.017680354891629176,,,,,37.4275,-122.1696998,,,0.0,,,,17.127172470092773,,,,,,
66.194345,ATT,3,,0.15,0.15,89.91,0.0,0.0,0.15,,0.14,,,,89.91,,,,,,,,,,,,,,,,,,,,,,
66.194345,XKF1,,,,,,,,,,,,,,,,0.01401859963640859,0.011954248882830143,,,0.015806548074253527,,,,,,0.007322367746382952,-0.01577721023403971,,,,,,-0.012951092794537544,,-0.012951092794537544,-0.009061796590685844
66.194345,POS,,,,,,,,,,,,,,,,0.017680354891629176,0.017680354891629176,,,,,37.4275,-122.1696998,,,0.0,,,,17.37615966796875,,,,,,
66.294305,ATT,3,,0.15,0.15,89.91,0.0,0.0,0.15,,0.14,,,,89.91,,,,,,,,,,,,,,,,,,,,,,
66.294305,XKF1,,,,,,,,,,,,,,,,0.013535362004640538,0.011465374380350113,,,0.01561356781953974,,,,,,0.007193831726908684,-0.015605657540379634,,,,,,-0.012954938225448132,,-0.012954938225448132,-0.008715106174349785
66.294305,POS,,,,,,,,,,,,,,,,0.017680354891629176,0.017680354891629176,,,,,37.4275,-122.1696998,,,0.0,,,,17.626270294189453,,,,,,
66.394265,ATT,3,,0.14,0.16,89.91,0.0,0.0,0.14,,0.14,,,,89.9,,,,,,,,,,,,,,,,,,,,,,
66.394265,XKF1,,,,,,,,,,,,,,,,0.013749274184251245,0.011455715633928776,,,0.014964904098832952,,,,,,0.007603230886161327,-0.014963077163208435,,,,,,-0.01259634643793106,,-0.01259634643793106,-0.008079629391431808
66.394265,POS,,,,,,,,,,,,,,,,0.017680354891629176,0.017680354891629176,,,,,37.4275,-122.1696998,,,0.0,,,,17.875181198120117,,,,,,
66.494225,ATT,3,,0.14,0.16,89.91,0.0,0.0,0.14,,0.15,,,,89.9,,,,,,,,,,,,,,,,,,,,,,
66.494225,XKF1,,,,,,,,,,,,,,,,0.013459941090590278,0.01106343138962984,,,0.014847490004623695,,,,,,0.007666192017495632,-0.014833009915604333,,,,,,-0.012565414421260357,,-0.012565414421260357,-0.00790938176214695
66.494225,POS,,,,,,,,,,,,,,,,0.017680354891629176,0.017680354891629176,,,,,37.4275,-122.1696998,,,0.0,,,,18.125205993652344,,,,,,
66.594185,ATT,3,,0.14,0.17,89.91,0.0,0.0,0.14,,0.16,,,,89.9,,,,,,,,,,,,,,,,,,,,,,
66.594185,XKF1,,,,,,,,,,,,,,,,0.013903640582168501,0.011214122176170349,,,0.014240219342522908,,,,,,0.008219165727496147,-0.014201177884762535,,,,,,-0.012077031657099724,,-0.012077031657099724,-0.007545141037553549
66.594185,POS,,,,,,,,,,,,,,,,0.017680354891629176,0.017680354891629176,,,,,37.4275,-122.1696998,,,0.0,,,,18.374052047729492,,,,,,
66.69497799999999,ATT,3,,0.15,0.17,89.91,0.0,0.0,0.15,,0.16,,,,89.9,,,,,,,,,,,,,,,,,,,,,,
66.69497799999999,XKF1,,,,,,,,,,,,,,,,0.014096664933450052,0.011185972951352596,,,0.014000192554984758,,,,,,0.008578459732234478,-0.013945267273585332,,,,,,-0.01181977242231369,,-0.01181977242231369,-0.007503224071115255
66.69497799999999,POS,,,,,,,,,,,,,,,,0.017680354891629176,0.017680354891629176,,,,,37.4275,-122.1696998,,,0.0,,,,18.623485565185547,,,,,,
66.794938,ATT,3,,0.15,0.19,89.91,0.0,0.0,0.15,,0.17,,,,89.89,,,,,,,,,,,,,,,,,,,,,,
66.794938,XKF1,,,,,,,,,,,,,,,,0.014582940007265878,0.011382732540369034,,,0.013705941764760154,,,,,,0.009115675464272499,-0.013622346288611554,,,,,,-0.011577743105590343,,-0.011577743105590343,-0.007335441652685404
66.794938,POS,,,,,,,,,,,,,,,,0.017680354891629176,0.017680354891629176,,,,,37.4275,-122.1696998,,,0.0,,,,18.872411727905273,,,,,,
66.894898,ATT,3,,0.15,0.19,89.91,0.0,0.0,0.16,,0.18,,,,89.89,,,,,,,,,,,,,,,,,,,,,,
66.894898,XKF1,,,,,,,,,,,,,,,,0.014796363353314017,0.011380154639482498,,,0.013879359841528256,,,,,,0.009456450119614601,-0.01378472857166129,,,,,,-0.011636154726147652,,-0.011636154726147652,-0.0075654829852283
66.894898,POS,,,,,,,,,,,,,,,,0.017680354891629176,0.017680354891629176,,,,,37.4275,-122.1696998,,,0.0,,,,19.121904373168945,,,,,,
66.994858,ATT,3,,0.15,0.19,89.91,0.0,0.0,0.17,,0.19,,,,89.89,,,,,,,,,,,,,,,,,,,,,,
66.994858,XKF1,,,,,,,,,,,,,,,,0.015275711925805725,0.011573608964681625,,,0.014049841893496558,,,,,,0.009969902224838734,-0.013943354172338916,,,,,,-0.011690999381244183,,-0.011690999381244183,-0.007792213466018438
66.994858,POS,,,,,,,,,,,,,,,,0.017680354891629176,0.017680354891629176,,,,,37.4275,-122.1696998,,,0.0,,,,19.37295150756836,,,,,,
67.094818,ATT,3,,0.15,0.19,89.91,0.0,0.0,0.17,,0.2,,,,89.89,,,,,,,,,,,,,,,,,,,,,,
67.094818,XKF1,,,,,,,,,,,,,,,,0.015449229510924959,0.01156124658882618,,,0.014586141502862488,,,,,,0.010247744619846344,-0.014498405477338314,,,,,,-0.011909307911992073,,-0.011909307911992073,-0.008421633392572403
67.094818,POS,,,,,,,,,,,,,,,,0.017680354891629176,0.017680354891629176,,,,,37.4275,-122.1696998,,,0.0,,,,19.622583389282227,,,,,,
67.194778,ATT,3,,0.15,0.19,89.91,0.0,0.0,0.16,,0.21,,,,89.88,,,,,,,,,,,,,,,,,,,,,,
67.194778,XKF1,,,,,,,,,,,,,,,,0.015873173950667584,0.011769061908125877,,,0.014945261360527491,,,,,,0.010651142336428165,-0.014889278087069018,,,,,,-0.011906762607395649,,-0.011906762607395649,-0.009032709524035454
67.194778,POS,,,,,,,,,,,,,,,,0.017680354891629176,0.017680354891629176,,,,,37.4275,-122.1696998,,,0.0,,,,19.871601104736328,,,,,,
67.294738,ATT,3,,0.15,0.18,89.91,0.0,0.0,0.16,,0.2,,,,89.88,,,,,,,,,,,,,,,,,,,,,,
67.294738,XKF1,,,,,,,,,,,,,,,,0.015963586085412488,0.011769301258027554,,,0.015642261034458264,,,,,,0.010785157792270184,-0.015620860106687737,,,,,,-0.012069245800375938,,-0.012069245800375938,-0.009950559586286545
67.294738,POS,,,,,,,,,,,,,,,,0.017680354891629176,0.017680354891629176,,,,,37.4275,-122.1696998,,,0.0,,,,20.121164321899414,,,,,,
67.39469799999999,ATT,3,,0.15,0.18,89.91,0.0,0.0,0.15,,0.18,,,,89.88,,,,,,,,,,,,,,,,,,,,,,
67.39469799999999,XKF1,,,,,,,,,,,,,,,,0.0163324771522517,0.012019406072795391,,,0.0157257361261171,,,,,,0.011058195494115353,-0.015718187222326693,,,,,,-0.011897207237780094,,-0.011897207237780094,-0.010283736512064934
67.39469799999999,POS,,,,,,,,,,,,,,,,0.017680354891629176,0.017680354891629176,,,,,37.4275,-122.1696998,,,0.0,,,,20.3702392578125,,,,,,
67.494658,ATT,3,,0.15,0.18,89.91,0.0,0.0,0.14,,0.16,,,,89.88,,,,,,,,,,,,,,,,,,,,,,
67.494658,XKF1,,,,,,,,,,,,,,,,0.016418593530209323,0.012077276594936848,,,0.015661263733491006,,,,,,0.011122481897473335,-0.015658135664052508,,,,,,-0.011729931458830833,,-0.011729931458830833,-0.010377084836363792
67.494658,POS,,,,,,,,,,,,,,,,0.017680354891629176,0.017680354891629176,,,,,37.4275,-122.1696998,,,0.0,,,,20.6198787689209,,,,,,
67.594618,ATT,3,,0.16,0.19,89.91,0.0,0.0,0.14,,0.14,,,,89.88,,,,,,,,,,,,,,,,,,,,,,
67.594618,XKF1,,,,,,,,,,,,,,,,0.01688345356376034,0.012427860870957375,,,0.014990192300198288,,,,,,0.011428004130721092,-0.01498756877534428,,,,,,-0.011222129687666893,,-0.011222129687666893,-0.009938293136656284
67.594618,POS,,,,,,,,,,,,,,,,0.017680354891629176,0.017680354891629176,,,,,37.4275,-122.1696998,,,0.0,,,,20.868955612182617,,,,,,
67.69457799999999,ATT,3,,0.17,0.19,89.91,0.0,0.0,0.13,,0.13,,,,89.88,,,,,,,,,,,,,,,,,,,,,,
67.69457799999999,XKF1,,,,,,,,,,,,,,,,0.01719955208811859,0.012606053613126278,,,0.014347232060056718,,,,,,0.011700940318405628,-0.014340222775900786,,,,,,-0.01081542856991291,,-0.01081542856991291,-0.009427065961062908
67.69457799999999,POS,,,,,,,,,,,,,,,,0.017680354891629176,0.017680354891629176,,,,,37.4275,-122.1696998,,,0.0,,,,21.118648529052734,,,,,,
67.794538,ATT,3,,0.19,0.22,89.91,0.0,0.0,0.14,,0.16,,,,89.88,,,,,,,,,,,,,,,,,,,,,,
67.794538,XKF1,,,,,,,,,,,,,,,,0.018095771827350417,0.013072794303297997,,,0.013525790674121163,,,,,,0.01251235418021679,-0.01350653656236681,,,,,,-0.010256271809339523,,-0.010256271809339523,-0.008817930705845356
67.794538,POS,,,,,,,,,,,,,,,,0.017680354891629176,0.017680354891629176,,,,,37.4275,-122.1696998,,,0.0,,,,21.36774444580078,,,,,,
67.894498,ATT,3,,0.19,0.23,89.91,0.0,0.0,0.15,,0.19,,,,89.88,,,,,,,,,,,,,,,,,,,,,,
67.894498,XKF1,,,,,,,,,,,,,,,,0.01881395859972988,0.013352267444133759,,,0.013509921318140857,,,,,,0.013254508376121521,-0.013486979707423186,,,,,,-0.010126147419214249,,-0.010126147419214249,-0.008943104185163975
67.894498,POS,,,,,,,,,,,,,,,,0.017680354891629176,0.017680354891629176,,,,,37.4275,-122.1696998,,,0.0,,,,21.617408752441406,,,,,,
67.994458,ATT,3,,0.2,0.25,89.91,0.0,0.0,0.16,,0.22,,,,89.88,,,,,,,,,,,,,,,,,,,,,,
67.994458,XKF1,,,,,,,,,,,,,,,,0.02015286027429826,0.013896416872739792,,,0.013585018064078507,,,,,,0.01459545735269785,-0.013560824754347008,,,,,,-0.009937796741724014,,-0.009937796741724014,-0.00926244631409645
67.994458,POS,,,,,,,,,,,,,,,,0.017680354891629176,0.017680354891629176,,,,,37.4275,-122.1696998,,,0.0,,,,21.866498947143555,,,,,,
68.094418,ATT,3,,0.21,0.25,89.91,0.0,0.0,0.19,,0.23,,,,89.88,,,,,,,,,,,,,,,,,,,,,,
68.094418,XKF1,,,,,,,,,,,,,,,,0.021157743102500667,0.014291536994278431,,,0.01445148356838148,,,,,,0.015601348131895065,-0.014433443611351127,,,,,,-0.010281724855303764,,-0.010281724855303764,-0.010155368596315384
68.094418,POS,,,,,,,,,,,,,,,,0.017680354891629176,0.017680354891629176,,,,,37.4275,-122.1696998,,,0.0,,,,22.116161346435547,,,,,,
68.194378,ATT,3,,0.21,0.26,89.91,0.0,0.0,0.21,,0.25,,,,89.88,,,,,,,,,,,,,,,,,,,,,,
68.194378,XKF1,,,,,,,,,,,,,,,,0.0226979715630727,0.015084520913660526,,,0.01539611071485471,,,,,,0.016960399225354195,-0.01537975519319415,,,,,,-0.010751146823167801,,-0.010751146823167801,-0.01102057471871376
68.194378,POS,,,,,,,,,,,,,,,,0.017680354891629176,0.017680354891629176,,,,,37.4275,-122.1696998,,,0.0,,,,22.36526870727539,,,,,,
68.294338,ATT,3,,0.21,0.25,89.91,0.0,0.0,0.22,,0.25,,,,89.88,,,,,,,,,,,,,,,,,,,,,,
68.294338,XKF1,,,,,,,,,,,,,,,,0.02319306863513542,0.01523754931986332,,,0.017264707319711033,,,,,,0.017485294491052628,-0.017244841102177617,,,,,,-0.011953866109251976,,-0.011953866109251976,-0.012456933967769146
68.294338,POS,,,,,,,,,,,,,,,,0.017680354891629176,0.017680354891629176,,,,,37.4275,-122.1696998,,,0.0,,,,22.61564064025879,,,,,,
68.39429799999999,ATT,3,,0.2,0.25,89.91,0.0,0.0,0.21,,0.24,,,,89.89,,,,,,,,,,,,,,,,,,,,,,
68.39429799999999,XKF1,,,,,,,,,,,,,,,,0.02473480250021946,0.016092659905552864,,,0.01820530955359596,,,,,,0.018783949315547943,-0.018181925291399406,,,,,,-0.01252981647849083,,-0.01252981647849083,-0.013207459822297096
68.39429799999999,POS,,,,,,,,,,,,,,,,0.017680354891629176,0.017680354891629176,,,,,37.4275,-122.1696998,,,0.0,,,,22.863536834716797,,,,,,
68.494258,ATT,3,,0.2,0.25,89.91,0.0,0.0,0.21,,0.24,,,,89.89,,,,,,,,,,,,,,,,,,,,,,
68.494258,XKF1,,,,,,,,,,,,,,,,0.025185724580606424,0.01625956781208515,,,0.019703820537871345,,,,,,0.019234010949730873,-0.019675980228120265,,,,,,-0.013502180576324465,,-0.013502180576324463,-0.014350319281220436
68.494258,POS,,,,,,,,,,,,,,,,0.017680354891629176,0.017680354891629176,,,,,37.4275,-122.1696998,,,0.0,,,,23.112483978271484,,,,,,
68.594218,ATT,3,,0.2,0.25,89.91,0.0,0.0,0.2,,0.24,,,,89.9,,,,,,,,,,,,,,,,,,,,,,
68.594218,XKF1,,,,,,,,,,,,,,,,0.02660274952098278,0.017068559303879738,,,0.020373737532852265,,,,,,0.020405160263180733,-0.02034437004396777,,,,,,-0.013891893438994886,,-0.013891893438994884,-0.014903170056641102
68.594218,POS,,,,,,,,,,,,,,,,0.017680354891629176,0.017680354891629176,,,,,37.4275,-122.1696998,,,0.0,,,,23.359909057617188,,,,,,
68.694178,ATT,3,,0.2,0.25,89.91,0.0,0.0,0.2,,0.24,,,,89.9,,,,,,,,,,,,,,,,,,,,,,
68.694178,XKF1,,,,,,,,,,,,,,,,0.026914920974821892,0.017178459092974663,,,0.02179683333905294,,,,,,0.02071988210082054,-0.021769545557518633,,,,,,-0.014733792282640936,,-0.014733792282640934,-0.016062917187809944
68.694178,POS,,,,,,,,,,,,,,,,0.017680354891629176,0.017680354891629176,,,,,37.4275,-122.1696998,,,0.0,,,,23.608661651611328,,,,,,
68.794971,ATT,3,,0.2,0.26,89.91,0.0,0.0,0.2,,0.25,,,,89.9,,,,,,,,,,,,,,,,,,,,,,
68.794971,XKF1,,,,,,,,,,,,,,,,0.028414910389951364,0.017889471724629402,,,0.022351388470795375,,,,,,0.022076547145843506,-0.022317667247056798,,,,,,-0.01500430889427662,,-0.015004308894276619,-0.016566691920161247
68.794971,POS,,,,,,,,,,,,,,,,0.017680354891629176,0.017680354891629176,,,,,37.4275,-122.1696998,,,0.0,,,,23.85606575012207,,,,,,
68.894931,ATT,3,,0.2,0.26,89.91,0.0,0.0,0.2,,0.26,,,,89.91,,,,,,,,,,,,,,,,,,,,,,
68.894931,XKF1,,,,,,,,,,,,,,,,0.02931807996905172,0.018293388187885284,,,0.023452248067686275,,,,,,0.02291073463857174,-0.0234258099477128,,,,,,-0.015486800111830236,,-0.015486800111830235,-0.017611557617783546
68.894931,POS,,,,,,,,,,,,,,,,0.0208929743212945,0.017680354891629176,,,,,37.4275001,-122.1696998,,,0.011132000130089637,,,,24.103994369506836,,,,,,
68.994891,ATT,3,,0.21,0.27,89.91,0.0,0.0,0.21,,0.27,,,,89.91,,,,,,,,,,,,,,,,,,,,,,
68.994891,XKF1,,,,,,,,,,,,,,,,0.030683527639937112,0.019077597185969353,,,0.024236031078572275,,,,,,0.024031732231378555,-0.02422074319365057,,,,,,-0.015733446925878525,,-0.015733446925878525,-0.018434854224324226
68.994891,POS,,,,,,,,,,,,,,,,0.0208929743212945,0.017680354891629176,,,,,37.4275001,-122.1696998,,,0.011132000130089637,,,,24.350006103515625,,,,,,
69.09485099999999,ATT,3,,0.21,0.27,89.91,0.0,0.0,0.21,,0.27,,,,89.91,,,,,,,,,,,,,,,,,,,,,,
69.09485099999999,XKF1,,,,,,,,,,,,,,,,0.0313670449261343,0.019476955756545067,,,0.025510667357310855,,,,,,0.024587389081716537,-0.02550387131704985,,,,,,-0.0162978395819664,,-0.0162978395819664,-0.019625864923000336
69.09485099999999,POS,,,,,,,,,,,,,,,,0.0208929743212945,0.017680354891629176,,,,,37.4275001,-122.1696998,,,0.011132000130089637,,,,24.596206665039062,,,,,,
69.194811,ATT,3,,0.22,0.27,89.91,0.0,0.0,0.21,,0.27,,,,89.91,,,,,,,,,,,,,,,,,,,,,,
69.194811,XKF1,,,,,,,,,,,,,,,,0.03245954294281299,0.02019590511918068,,,0.026328295510392022,,,,,,0.025411559268832207,-0.02632669955381666,,,,,,-0.016607074066996574,,-0.016607074066996574,-0.020429983735084534
69.194811,POS,,,,,,,,,,,,,,,,0.0208929743212945,0.017680354891629176,,,,,37.4275001,-122.1696998,,,0.011132000130089637,,,,24.836362838745117,,,,,,
69.294771,ATT,3,,0.21,0.27,89.91,0.0,0.0,0.21,,0.26,,,,89.91,,,,,,,,,,,,,,,,,,,,,,
69.294771,XKF1,,,,,,,,,,,,,,,,0.032890447255545865,0.020531296730041504,,,0.027391589152668823,,,,,,0.025695279240608215,-0.027391589089574384,,,,,,-0.017100181430578232,,-0.017100181430578232,-0.02139819972217083
69.294771,POS,,,,,,,,,,,,,,,,0.0208929743212945,0.017680354891629176,,,,,37.4275001,-122.1696998,,,0.011132000130089637,,,,25.07305335998535,,,,,,
69.394731,ATT,3,,0.22,0.27,89.91,0.0,0.0,0.21,,0.26,,,,89.91,,,,,,,,,,,,,,,,,,,,,,
69.394731,XKF1,,,,,,,,,,,,,,,,0.033708759789953704,0.0211732629686594,,,0.027996784338226086,,,,,,0.026229247450828552,-0.02799499993332024,,,,,,-0.017338363453745842,,-0.017338363453745842,-0.02198183536529541
69.394731,POS,,,,,,,,,,,,,,,,0.0208929743212945,0.017680354891629176,,,,,37.4275001,-122.1696998,,,0.011132000130089637,,,,25.304588317871094,,,,,,
69.494691,ATT,3,,0.22,0.26,89.91,0.0,0.0,0.21,,0.26,,,,89.91,,,,,,,,,,,,,,,,,,,,,,
69.494691,XKF1,,,,,,,,,,,,,,,,0.03388754801544384,0.021420134231448174,,,0.028997630786590112,,,,,,0.0262591652572155,-0.02899054947180495,,,,,,-0.017828213050961494,,-0.017828213050961494,-0.022869573906064034
69.494691,POS,,,,,,,,,,,,,,,,0.0208929743212945,0.017680354891629176,,,,,37.4275001,-122.1696998,,,0.011132000130089637,,,,25.53183364868164,,,,,,
69.594651,ATT,3,,0.22,0.26,89.91,0.0,0.0,0.21,,0.25,,,,89.91,,,,,,,,,,,,,,,,,,,,,,
69.594651,XKF1,,,,,,,,,,,,,,,,0.03444607978688987,0.02194598875939846,,,0.029626649317363918,,,,,,0.026550065726041794,-0.029610171146044386,,,,,,-0.0181034654378891,,-0.0181034654378891,-0.023452140390872955
69.594651,POS,,,,,,,,,,,,,,,,0.0208929743212945,0.017680354891629176,,,,,37.4275001,-122.1696998,,,0.011132000130089637,,,,25.753202438354492,,,,,,
69.694611,ATT,3,,0.22,0.25,89.91,0.0,0.0,0.21,,0.24,,,,89.9,,,,,,,,,,,,,,,,,,,,,,
69.694611,XKF1,,,,,,,,,,,,,,,,0.034395918542367114,0.022078292444348335,,,0.03048485894710021,,,,,,0.02637476474046707,-0.030460499057228703,,,,,,-0.018617890775203705,,-0.018617890775203705,-0.024139195680618286
69.694611,POS,,,,,,,,,,,,,,,,0.0208929743212945,0.017680354891629176,,,,,37.4275001,-122.1696998,,,0.011132000130089637,,,,25.96970558166504,,,,,,
69.794571,ATT,3,,0.22,0.25,89.91,0.0,0.0,0.21,,0.24,,,,89.9,,,,,,,,,,,,,,,,,,,,,,
69.794571,XKF1,,,,,,,,,,,,,,,,0.034767131827685024,0.0224839448928833,,,0.030833294645234478,,,,,,0.026518402621150017,-0.030800206226467425,,,,,,-0.018829286098480225,,-0.018829286098480225,-0.024416184052824974
69.794571,POS,,,,,,,,,,,,,,,,0.0208929743212945,0.017680354891629176,,,,,37.4275001,-122.1696998,,,0.011132000130089637,,,,26.179931640625,,,,,,
69.894531,ATT,3,,0.22,0.24,89.91,0.0,0.0,0.21,,0.23,,,,89.9,,,,,,,,,,,,,,,,,,,,,,
69.894531,XKF1,,,,,,,,,,,,,,,,0.034567846700110434,0.02250395342707634,,,0.031339836509185114,,,,,,0.026239437982439995,-0.031304625158571915,,,,,,-0.019252203404903412,,-0.019252203404903412,-0.024729294702410698
69.894531,POS,,,,,,,,,,,,,,,,0.0208929743212945,0.017680354891629176,,,,,37.4275001,-122.1696998,,,0.011132000130089637,,,,26.384990692138672,,,,,,
69.994491,ATT,3,,0.22,0.25,89.91,0.0,0.0,0.21,,0.24,,,,89.89,,,,,,,,,,,,,,,,,,,,,,
69.994491,XKF1,,,,,,,,,,,,,,,,0.0348154934135264,0.02279757335782051,,,0.031657567545305354,,,,,,0.026313289999961853,-0.0316152741214643,,,,,,-0.019465666264295578,,-0.019465666264295578,-0.024965764954686165
69.994491,POS,,,,,,,,,,,,,,,,0.0208929743212945,0.017680354891629176,,,,,37.4275001,-122.1696998,,,0.011132000130089637,,,,26.583681106567383,,,,,,
70.09445099999999,ATT,3,,0.22,0.24,89.91,0.0,0.0,0.21,,0.24,,,,89.89,,,,,,,,,,,,,,,,,,,,,,
70.09445099999999,XKF1,,,,,,,,,,,,,,,,0.034487984309393094,0.02270686812698841,,,0.03234025963551986,,,,,,0.025958027690649033,-0.0322968108482021,,,,,,-0.020002856850624084,,-0.020002856850624084,-0.025412164628505707
70.09445099999999,POS,,,,,,,,,,,,,,,,0.0208929743212945,0.017680354891629176,,,,,37.4275001,-122.1696998,,,0.011132000130089637,,,,26.77731704711914,,,,,,
70.194411,ATT,3,,0.22,0.24,89.91,0.0,0.0,0.2,,0.22,,,,89.89,,,,,,,,,,,,,,,,,,,,,,
70.194411,XKF1,,,,,,,,,,,,,,,,0.03460098347652325,0.022883668541908264,,,0.032434509602740746,,,,,,0.025953145697712898,-0.0323874921515526,,,,,,-0.020110296085476875,,-0.020110296085476875,-0.025447463616728783
70.194411,POS,,,,,,,,,,,,,,,,0.0208929743212945,0.017680354891629176,,,,,37.4275001,-122.1696998,,,0.011132000130089637,,,,26.964683532714844,,,,,,
70.294371,ATT,3,,0.22,0.23,89.91,0.0,0.0,0.2,,0.22,,,,89.89,,,,,,,,,,,,,,,,,,,,,,
70.294371,XKF1,,,,,,,,,,,,,,,,0.03364395239135437,0.022362669929862022,,,0.03306467944411681,,,,,,0.025136159732937813,-0.033016755846023475,,,,,,-0.02061622589826584,,-0.02061622589826584,-0.02585042081773281
70.294371,POS,,,,,,,,,,,,,,,,0.0208929743212945,0.017680354891629176,,,,,37.4275001,-122.1696998,,,0.011132000130089637,,,,27.14763641357422,,,,,,
70.394331,ATT,3,,0.21,0.23,89.91,0.0,0.0,0.21,,0.21,,,,89.89,,,,,,,,,,,,,,,,,,,,,,
70.394331,XKF1,,,,,,,,,,,,,,,,0.033911204898427943,0.02258380316197872,,,0.03283795236927392,,,,,,0.025297068059444427,-0.03280127893079402,,,,,,-0.020687224343419075,,-0.020687224343419075,-0.02550235018134117
70.394331,POS,,,,,,,,,,,,,,,,0.0208929743212945,0.017680354891629176,,,,,37.4275001,-122.1696998,,,0.011132000130089637,,,,27.323881149291992,,,,,,
70.494291,ATT,3,,0.21,0.22,89.91,0.0,0.0,0.21,,0.21,,,,89.89,,,,,,,,,,,,,,,,,,,,,,
70.494291,XKF1,,,,,,,,,,,,,,,,0.033076810963670995,0.022080080583691597,,,0.033364772793594594,,,,,,0.02462814375758171,-0.03333974395648585,,,,,,-0.021293530240654945,,-0.021293530240654945,-0.02568644843995571
70.494291,POS,,,,,,,,,,,,,,,,0.0208929743212945,0.017680354891629176,,,,,37.4275001,-122.1696998,,,0.011132000130089637,,,,27.495691299438477,,,,,,
70.594251,ATT,3,,0.21,0.22,89.91,0.0,0.0,0.21,,0.21,,,,89.89,,,,,,,,,,,,,,,,,,,,,,
70.594251,XKF1,,,,,,,,,,,,,,,,0.03339559534251548,0.02227160334587097,,,0.03307233122113512,,,,,,0.02488456293940544,-0.033061686358069844,,,,,,-0.021423712372779846,,-0.021423712372779846,-0.02519530989229679
70.594251,POS,,,,,,,,,,,,,,,,0.0208929743212945,0.017680354891629176,,,,,37.4275001,-122.1696998,,,0.011132000130089637,,,,27.660816192626953,,,,,,
70.694211,ATT,3,,0.2,0.22,89.91,0.0,0.0,0.21,,0.21,,,,89.89,,,,,,,,,,,,,,,,,,,,,,
70.694211,XKF1,,,,,,,,,,,,,,,,0.03258889418868711,0.021718470379710197,,,0.03364323994570005,,,,,,0.024296997115015984,-0.033640457194241455,,,,,,-0.0220966637134552,,-0.0220966637134552,-0.025369372218847275
70.694211,POS,,,,,,,,,,,,,,,,0.0208929743212945,0.017680354891629176,,,,,37.4275001,-122.1696998,,,0.011132000130089637,,,,27.82163429260254,,,,,,
70.77168,GUIA,,0.0,,,,,,0.0,0.0,0.0,0.0,0.0,6,89.99999237060547,0.0,,,,,,,,,,,,,,,,,,,,,
70.79417099999999,ATT,3,,0.17,0.19,89.92,0.0,0.0,0.2,,0.2,,,,89.89,,,,,,,,,,,,,,,,,,,,,,
70.79417099999999,XKF1,,,,,,,,,,,,,,,,0.03312391916525644,0.02216862142086029,,,0.03328415430665588,,,,,,0.024611912667751312,-0.033283001363468255,,,,,,-0.02206924557685852,,-0.02206924557685852,-0.024915523827075958
70.79417099999999,POS,,,,,,,,,,,,,,,,0.0208929743212945,0.017680354891629176,,,,,37.4275001,-122.1696998,,,0.011132000130089637,,,,27.97587776184082,,,,,,
70.80749899999999,GUIA,,0.0,,,,,,0.0,0.0,0.0,0.0,0.0,6,89.99999237060547,0.0,,,,,,,,,,,,,,,,,,,,,
70.834988,GUIA,,0.0,,,,,,0.0,0.0,0.0,0.0,0.0,6,89.99999237060547,0.0,,,,,,,,,,,,,,,,,,,,,
70.882469,GUIA,,0.0,,,,,,0.0,0.0,0.0,0.0,0.0,6,89.99999237060547,0.0,,,,,,,,,,,,,,,,,,,,,
70.882469,GUIA,,0.0,,,,,,0.0,0.0,0.0,0.0,0.0,6,89.99999237060547,0.0,,,,,,,,,,,,,,,,,,,,,
70.894964,ATT,3,,0.08,0.1,89.96,0.0,0.0,0.1,,0.1,,,,89.9,,,,,,,,,,,,,,,,,,,,,,
70.894964,XKF1,,,,,,,,,,,,,,,,0.032847520955945717,0.022063516080379486,,,0.03191949139265816,,,,,,0.02433435618877411,-0.03191865614221801,,,,,,-0.021268535405397415,,-0.021268535405397415,-0.023801330476999283
70.894964,POS,,,,,,,,,,,,,,,,0.0208929743212945,0.017680354891629176,,,,,37.4275001,-122.1696998,,,0.011132000130089637,,,,28.125017166137695,,,,,,
70.94494399999999,GUIA,,0.0,,,,,,0.0,0.0,0.0,0.0,0.0,6,89.99999237060547,0.0,,,,,,,,,,,,,,,,,,,,,
70.94494399999999,GUIA,,0.0,,,,,,0.0,0.0,0.0,0.0,0.0,6,89.99999237060547,0.0,,,,,,,,,,,,,,,,,,,,,
70.974932,GUIA,,0.0,,,,,,0.0,0.0,0.0,0.0,0.0,6,89.99999237060547,0.0,,,,,,,,,,,,,,,,,,,,,
70.994924,ATT,3,,0.04,0.05,89.97,0.0,0.0,0.04,,0.05,,,,89.91,,,,,,,,,,,,,,,,,,,,,,
70.994924,XKF1,,,,,,,,,,,,,,,,0.03373536581398923,0.022792145609855652,,,0.02829871536563276,,,,,,0.024871530011296272,-0.028296024475229473,,,,,,-0.018829531967639923,,-0.018829531967639923,-0.021125009283423424
70.994924,POS,,,,,,,,,,,,,,,,0.0208929743212945,0.017680354891629176,,,,,37.4275001,-122.1696998,,,0.011132000130089637,,,,28.26492691040039,,,,,,
71.017415,GUIA,,0.0,,,,,,0.0,0.0,0.0,0.0,0.0,6,89.99999237060547,0.0,,,,,,,,,,,,,,,,,,,,,
71.017415,GUIA,,0.0,,,,,,0.0,0.0,0.0,0.0,0.0,6,89.99999237060547,0.0,,,,,,,,,,,,,,,,,,,,,
71.07239299999999,GUIA,,0.0,,,,,,0.0,0.0,0.0,0.0,0.0,6,89.99999237060547,0.0,,,,,,,,,,,,,,,,,,,,,
71.08738699999999,GUIA,,0.0,,,,,,0.0,0.0,0.0,0.0,0.0,6,89.99999237060547,0.0,,,,,,,,,,,,,,,,,,,,,
71.094884,ATT,3,,0.02,0.02,89.98,0.0,0.0,0.01,,0.02,,,,89.92,,,,,,,,,,,,,,,,,,,,,,
71.094884,XKF1,,,,,,,,,,,,,,,,0.0340934606540534,0.02315586991608143,,,0.02446488170610268,,,,,,0.025023384019732475,-0.02446009899181686,,,,,,-0.016257965937256813,,-0.016257965937256813,-0.01828138343989849
71.094884,POS,,,,,,,,,,,,,,,,0.0208929743212945,0.017680354891629176,,,,,37.4275001,-122.1696998,,,0.011132000130089637,,,,28.396411895751953,,,,,,
71.097383,GUIA,,0.0,,,,,,0.0,0.0,0.0,0.0,0.0,6,89.99999237060547,0.0,,,,,,,,,,,,,,,,,,,,,
71.159858,GUIA,,0.0,,,,,,0.0,0.0,0.0,0.0,0.0,6,89.99999237060547,0.0,,,,,,,,,,,,,,,,,,,,,
71.167355,GUIA,,0.0,,,,,,0.0,0.0,0.0,0.0,0.0,6,89.99999237060547,0.0,,,,,,,,,,,,,,,,,,,,,
71.192345,GUIA,,0.0,,,,,,0.0,0.0,0.0,0.0,0.0,6,89.99999237060547,0.0,,,,,,,,,,,,,,,,,,,,,
71.194844,ATT,3,,0.01,0.01,89.99,0.0,0.0,0.0,,0.01,,,,89.94,,,,,,,,,,,,,,,,,,,,,,
71.194844,XKF1,,,,,,,,,,,,,,,,0.035665855667294966,0.02439327910542488,,,0.019853982479132583,,,,,,0.026019630953669548,-0.019842855206450422,,,,,,-0.013086442835628988,,-0.013086442835628986,-0.014930694364011288
71.194844,POS,,,,,,,,,,,,,,,,0.0208929743212945,0.017680354891629176,,,,,37.4275001,-122.1696998,,,0.011132000130089637,,,,28.518192291259766,,,,,,
71.232329,GUIA,,0.0,,,,,,0.0,0.0,0.0,0.0,0.0,6,89.99999237060547,0.0,,,,,,,,,,,,,,,,,,,,,
71.234828,GUIA,,0.0,,,,,,0.0,0.0,0.0,0.0,0.0,6,89.99999237060547,0.0,,,,,,,,,,,,,,,,,,,,,
71.294804,ATT,3,,0.0,0.0,89.99,0.0,0.0,-0.01,,0.0,,,,89.96,,,,,,,,,,,,,,,,,,,,,,
71.294804,XKF1,,,,,,,,,,,,,,,,0.03679017819509235,0.025309573858976364,,,0.01570893593534483,,,,,,0.026700986549258232,-0.015686641567749626,,,,,,-0.0101843336597085,,-0.0101843336597085,-0.011960351839661598
71.294804,POS,,,,,,,,,,,,,,,,0.0208929743212945,0.017680354891629176,,,,,37.4275001,-122.1696998,,,0.011132000130089637,,,,28.629663467407227,,,,,,
71.299802,GUIA,,0.0,,,,,,0.0,0.0,0.0,0.0,0.0,6,89.99999237060547,0.0,,,,,,,,,,,,,,,,,,,,,
71.299802,GUIA,,0.0,,,,,,0.0,0.0,0.0,0.0,0.0,6,89.99999237060547,0.0,,,,,,,,,,,,,,,,,,,,,
71.36977399999999,GUIA,,0.0,,,,,,0.0,0.0,0.0,0.0,0.0,6,89.99999237060547,0.0,,,,,,,,,,,,,,,,,,,,,
71.36977399999999,GUIA,,0.0,,,,,,0.0,0.0,0.0,0.0,0.0,6,89.99999237060547,0.0,,,,,,,,,,,,,,,,,,,,,
71.394764,ATT,3,,0.0,0.0,89.99,0.0,0.0,-0.02,,0.0,,,,89.98,,,,,,,,,,,,,,,,,,,,,,
71.394764,XKF1,,,,,,,,,,,,,,,,0.03910910690707536,0.02705209143459797,,,0.010983188249658294,,,,,,0.02824370004236698,-0.010929873107369256,,,,,,-0.006779697723686696,,-0.006779697723686695,-0.00864095613360405
71.394764,POS,,,,,,,,,,,,,,,,0.028762129539978896,0.026520532965576143,,,,,37.4275001,-122.1696997,,,0.011132000130089637,,,,28.729829788208008,,,,,,
71.409758,GUIA,,0.0,,,,,,0.0,0.0,0.0,0.0,0.0,6,89.99999237060547,0.0,,,,,,,,,,,,,,,,,,,,,
71.45474,GUIA,,0.0,,,,,,0.0,0.0,0.0,0.0,0.0,6,89.99999237060547,0.0,,,,,,,,,,,,,,,,,,,,,
71.482229,GUIA,,0.0,,,,,,0.0,0.0,0.0,0.0,0.0,6,89.99999237060547,0.0,,,,,,,,,,,,,,,,,,,,,
71.482229,GUIA,,0.0,,,,,,0.0,0.0,0.0,0.0,0.0,6,89.99999237060547,0.0,,,,,,,,,,,,,,,,,,,,,
71.494724,ATT,3,,0.0,0.0,89.99,0.0,0.0,-0.02,,0.0,,,,89.99,,,,,,,,,,,,,,,,,,,,,,
71.494724,XKF1,,,,,,,,,,,,,,,,0.04098385244993011,0.028495555743575096,,,0.006927105769413043,,,,,,0.029456399381160736,-0.006797515887035902,,,,,,-0.0037677038926631217,,-0.0037677038926631212,-0.00581284798681736
71.494724,POS,,,,,,,,,,,,,,,,0.028762129539978896,0.026520532965576143,,,,,37.4275001,-122.1696997,,,0.011132000130089637,,,,28.820226669311523,,,,,,
71.51471599999999,GUIA,,0.0,,,,,,0.0,0.0,0.0,0.0,0.0,6,89.99999237060547,0.0,,,,,,,,,,,,,,,,,,,,,
71.567195,GUIA,,0.0,,,,,,0.0,0.0,0.0,0.0,0.0,6,89.99999237060547,0.0,,,,,,,,,,,,,,,,,,,,,
71.589686,GUIA,,0.0,,,,,,0.0,0.0,0.0,0.0,0.0,6,89.99999237060547,0.0,,,,,,,,,,,,,,,,,,,,,
71.589686,GUIA,,0.0,,,,,,0.0,0.0,0.0,0.0,0.0,6,89.99999237060547,0.0,,,,,,,,,,,,,,,,,,,,,
71.594684,ATT,3,,0.0,0.0,89.99,0.0,0.0,-0.02,,0.0,,,,90.01,,,,,,,,,,,,,,,,,,,,,,
71.594684,XKF1,,,,,,,,,,,,,,,,0.04394916792802799,0.030714405700564384,,,0.002802327414258383,,,,,,0.03143492713570595,-0.002342674712218777,,,,,,-0.0005372652085497978,,-0.0005372652085497975,-0.0027503427118062973
71.594684,POS,,,,,,,,,,,,,,,,0.028762129539978896,0.026520532965576143,,,,,37.4275001,-122.1696997,,,0.011132000130089637,,,,28.899154663085938,,,,,,
71.667155,GUIA,,0.0,,,,,,0.0,0.0,0.0,0.0,0.0,6,89.99999237060547,0.0,,,,,,,,,,,,,,,,,,,,,
71.672153,GUIA,,0.0,,,,,,0.0,0.0,0.0,0.0,0.0,6,89.99999237060547,0.0,,,,,,,,,,,,,,,,,,,,,
71.694644,GUIA,,0.0,,,,,,0.0,0.0,0.0,0.0,0.0,6,89.99999237060547,0.0,,,,,,,,,,,,,,,,,,,,,
71.694644,ATT,3,,0.0,0.0,89.99,0.0,0.0,-0.01,,0.0,,,,90.02,,,,,,,,,,,,,,,,,,,,,,
71.694644,XKF1,,,,,,,,,,,,,,,,0.04646695991301867,0.032627809792757034,,,0.002181354991256965,,,,,,0.03308480605483055,0.0013991077303837274,,,,,,0.00217400211840868,,0.00217400211840868,-0.0001789535890566185
71.694644,POS,,,,,,,,,,,,,,,,0.028762129539978896,0.026520532965576143,,,,,37.4275001,-122.1696997,,,0.011132000130089637,,,,28.968233108520508,,,,,,
71.737127,GUIA,,0.0,,,,,,0.0,0.0,0.0,0.0,0.0,6,89.99999237060547,0.0,,,,,,,,,,,,,,,,,,,,,
71.737127,GUIA,,0.0,,,,,,0.0,0.0,0.0,0.0,0.0,6,89.99999237060547,0.0,,,,,,,,,,,,,,,,,,,,,
71.79460399999999,ATT,3,,0.0,0.0,89.99,0.0,0.0,-0.01,,0.0,,,,90.03,,,,,,,,,,,,,,,,,,,,,,
71.79460399999999,XKF1,,,,,,,,,,,,,,,,0.04993951270999798,0.03518955409526825,,,0.0057233217749287826,,,,,,0.03543515503406525,0.005454455904635005,,,,,,0.005073533393442631,,0.005073533393442631,0.0026487112045288086
71.79460399999999,POS,,,,,,,,,,,,,,,,0.03462693086519345,0.026520532965576143,,,,,37.4275002,-122.1696997,,,0.0222639994692031,,,,29.02589225769043,,,,,,
71.802101,GUIA,,0.0,,,,,,0.0,0.0,0.0,0.0,0.0,6,89.99999237060547,0.0,,,,,,,,,,,,,,,,,,,,,
71.802101,GUIA,,0.0,,,,,,0.0,0.0,0.0,0.0,0.0,6,89.99999237060547,0.0,,,,,,,,,,,,,,,,,,,,,
71.849582,GUIA,,0.0,,,,,,0.0,0.0,0.0,0.0,0.0,6,89.99999237060547,0.0,,,,,,,,,,,,,,,,,,,,,
71.867075,GUIA,,0.0,,,,,,0.0,0.0,0.0,0.0,0.0,6,89.99999237060547,0.0,,,,,,,,,,,,,,,,,,,,,
71.884568,GUIA,,0.0,,,,,,0.0,0.0,0.0,0.0,0.0,6,89.99999237060547,0.0,,,,,,,,,,,,,,,,,,,,,
71.894564,ATT,3,,0.0,0.0,89.99,0.0,0.0,-0.01,,0.0,,,,90.04,,,,,,,,,,,,,,,,,,,,,,
71.894564,XKF1,,,,,,,,,,,,,,,,0.05305604000560873,0.03750178962945938,,,0.00907092920948537,,,,,,0.03753077611327171,0.008930485696763557,,,,,,0.007437119260430336,,0.007437119260430336,0.005193362478166819
71.894564,POS,,,,,,,,,,,,,,,,0.04178594822114844,0.03536070978325835,,,,,37.4275002,-122.1696996,,,0.0222639994692031,,,,29.073795318603516,,,,,,
71.93454799999999,GUIA,,0.0,,,,,,0.0,0.0,0.0,0.0,0.0,6,89.99999237060547,0.0,,,,,,,,,,,,,,,,,,,,,
71.93454799999999,GUIA,,0.0,,,,,,0.0,0.0,0.0,0.0,0.0,6,89.99999237060547,0.0,,,,,,,,,,,,,,,,,,,,,
71.994524,GUIA,,0.0,,,,,,0.0,0.0,0.0,0.0,0.0,6,89.99999237060547,0.0,,,,,,,,,,,,,,,,,,,,,
71.994524,GUIA,,0.0,,,,,,0.0,0.0,0.0,0.0,0.0,6,89.99999237060547,0.0,,,,,,,,,,,,,,,,,,,,,
71.994524,ATT,3,,0.0,0.0,89.99,0.0,0.0,-0.01,,0.0,,,,90.05,,,,,,,,,,,,,,,,,,,,,,
71.994524,XKF1,,,,,,,,,,,,,,,,0.057422789482524834,0.04063667729496956,,,0.01290936166215281,,,,,,0.04057138413190842,0.012823341815047157,,,,,,0.010125940665602684,,0.010125940665602684,0.008007305674254894
71.994524,POS,,,,,,,,,,,,,,,,0.04178594822114844,0.03536070978325835,,,,,37.4275002,-122.1696996,,,0.0222639994692031,,,,29.110401153564453,,,,,,
72.037007,GUIA,,0.0,,,,,,0.0,0.0,0.0,0.0,0.0,6,89.99999237060547,0.0,,,,,,,,,,,,,,,,,,,,,
72.06449599999999,GUIA,,0.0,,,,,,0.0,0.0,0.0,0.0,0.0,6,89.99999237060547,0.0,,,,,,,,,,,,,,,,,,,,,
72.094484,ATT,3,,0.0,0.0,89.99,0.0,0.0,-0.01,,0.0,,,,90.05,,,,,,,,,,,,,,,,,,,,,,
72.094484,XKF1,,,,,,,,,,,,,,,,0.06136547965582243,0.04350835084915161,,,0.016219756549138133,,,,,,0.04327522963285446,0.016149777806702983,,,,,,0.012511621229350567,,0.012511621229350567,0.010321813635528088
72.094484,POS,,,,,,,,,,,,,,,,0.04178594822114844,0.03536070978325835,,,,,37.4275002,-122.1696996,,,0.0222639994692031,,,,29.137359619140625,,,,,,
72.121973,GUIA,,0.0,,,,,,0.0,0.0,0.0,0.0,0.0,6,89.99999237060547,0.0,,,,,,,,,,,,,,,,,,,,,
72.194444,ATT,3,,0.0,0.0,89.99,0.0,0.0,-0.01,,0.0,,,,90.04,,,,,,,,,,,,,,,,,,,,,,
72.194444,XKF1,,,,,,,,,,,,,,,,0.0664511244042926,0.047248344868421555,,,0.019770500342880238,,,,,,0.0467262864112854,0.019716894987210798,,,,,,0.015042224898934364,,0.015042224898934364,0.012829815037548542
72.194444,POS,,,,,,,,,,,,,,,,0.05539865771479667,0.044200887857205315,,,,,37.4275003,-122.1696995,,,0.033395999599292736,,,,29.153194427490234,,,,,,
72.199442,GUIA,,0.0,,,,,,0.0,0.0,0.0,0.0,0.0,6,89.99999237060547,0.0,,,,,,,,,,,,,,,,,,,,,
72.199442,GUIA,,0.0,,,,,,0.0,0.0,0.0,0.0,0.0,6,89.99999237060547,0.0,,,,,,,,,,,,,,,,,,,,,
72.236927,GUIA,,0.0,,,,,,0.0,0.0,0.0,0.0,0.0,6,89.99999237060547,0.0,,,,,,,,,,,,,,,,,,,,,
72.261917,GUIA,,0.0,,,,,,0.0,0.0,0.0,0.0,0.0,6,89.99999237060547,0.0,,,,,,,,,,,,,,,,,,,,,
72.264416,GUIA,,0.0,,,,,,0.0,0.0,0.0,0.0,0.0,6,89.99999237060547,0.0,,,,,,,,,,,,,,,,,,,,,
72.294404,ATT,3,,0.0,0.0,89.99,0.0,0.0,0.0,,0.0,,,,90.04,,,,,,,,,,,,,,,,,,,,,,
72.294404,XKF1,,,,,,,,,,,,,,,,0.0708039043241879,0.05047045648097992,,,0.0225850380702631,,,,,,0.04965808987617493,0.022546063266340267,,,,,,0.01700146123766899,,0.01700146123766899,0.014867221005260944
72.294404,POS,,,,,,,,,,,,,,,,0.05539865771479667,0.044200887857205315,,,,,37.4275003,-122.1696995,,,0.033395999599292736,,,,29.160663604736328,,,,,,
72.321893,GUIA,,0.0,,,,,,0.0,0.0,0.0,0.0,0.0,6,89.99999237060547,0.0,,,,,,,,,,,,,,,,,,,,,
72.34688299999999,GUIA,,0.0,,,,,,0.0,0.0,0.0,0.0,0.0,6,89.99999237060547,0.0,,,,,,,,,,,,,,,,,,,,,
72.394364,ATT,3,,0.0,0.0,89.99,0.0,0.0,0.0,,0.0,,,,90.03,,,,,,,,,,,,,,,,,,,,,,
72.394364,XKF1,,,,,,,,,,,,,,,,0.07653661582571876,0.05451278015971184,,,0.02594074036919715,,,,,,0.05372346192598343,0.025913193521385366,,,,,,0.019295450299978256,,0.019295450299978256,0.017338039353489876
72.394364,POS,,,,,,,,,,,,,,,,0.06267892254244294,0.05304106467488753,,,,,37.4275003,-122.1696994,,,0.033395999599292736,,,,29.16069221496582,,,,,,
72.411857,GUIA,,0.0,,,,,,0.0,0.0,0.0,0.0,0.0,6,89.99999237060547,0.0,,,,,,,,,,,,,,,,,,,,,
72.426851,GUIA,,0.0,,,,,,0.0,0.0,0.0,0.0,0.0,6,89.99999237060547,0.0,,,,,,,,,,,,,,,,,,,,,
72.481829,GUIA,,0.0,,,,,,0.0,0.0,0.0,0.0,0.0,6,89.99999237060547,0.0,,,,,,,,,,,,,,,,,,,,,
72.481829,GUIA,,0.0,,,,,,0.0,0.0,0.0,0.0,0.0,6,89.99999237060547,0.0,,,,,,,,,,,,,,,,,,,,,
72.49432399999999,ATT,3,,0.0,0.0,89.99,0.0,0.0,0.0,,0.0,,,,90.02,,,,,,,,,,,,,,,,,,,,,,
72.49432399999999,XKF1,,,,,,,,,,,,,,,,0.08151366304377711,0.058052968233823776,,,0.02863147958179634,,,,,,0.05722176283597946,0.028614786743886025,,,,,,0.021065307781100273,,0.021065307781100273,0.019391091540455818
72.49432399999999,POS,,,,,,,,,,,,,,,,0.06925386127679437,0.05304106467488753,,,,,37.4275004,-122.1696994,,,0.04452799972938237,,,,29.157060623168945,,,,,,
72.521813,GUIA,,0.0,,,,,,0.0,0.0,0.0,0.0,0.0,6,89.99999237060547,0.0,,,,,,,,,,,,,,,,,,,,,
72.5543,GUIA,,0.0,,,,,,0.0,0.0,0.0,0.0,0.0,6,89.99999237060547,0.0,,,,,,,,,,,,,,,,,,,,,
72.5543,GUIA,,0.0,,,,,,0.0,0.0,0.0,0.0,0.0,6,89.99999237060547,0.0,,,,,,,,,,,,,,,,,,,,,
72.594284,ATT,3,,0.0,0.0,89.99,0.0,0.0,0.0,,0.0,,,,90.01,,,,,,,,,,,,,,,,,,,,,,
72.594284,XKF1,,,,,,,,,,,,,,,,0.08771834828377471,0.06247918680310249,,,0.03186182301352563,,,,,,0.06156995892524719,0.03185418083565399,,,,,,0.02317858301103115,,0.02317858301103115,0.021861588582396507
72.594284,POS,,,,,,,,,,,,,,,,0.07623667626911348,0.06188124149256973,,,,,37.4275004,-122.1696993,,,0.04452799972938237,,,,29.149795532226562,,,,,,
72.614276,GUIA,,0.0,,,,,,0.0,0.0,0.0,0.0,0.0,6,89.99999237060547,0.0,,,,,,,,,,,,,,,,,,,,,
72.62926999999999,GUIA,,0.0,,,,,,0.0,0.0,0.0,0.0,0.0,6,89.99999237060547,0.0,,,,,,,,,,,,,,,,,,,,,
72.694244,ATT,3,,0.0,0.0,89.99,0.0,0.0,0.0,,-0.01,,,,89.99,,,,,,,,,,,,,,,,,,,,,,
72.694244,XKF1,,,,,,,,,,,,,,,,0.0931930723666291,0.06639348715543747,,,0.034421874086401516,,,,,,0.06539765745401382,0.034419215977385065,,,,,,0.02482144720852375,,0.02482144720852375,0.02384871430695057
72.694244,POS,,,,,,,,,,,,,,,,0.07623667626911348,0.06188124149256973,,,,,37.4275004,-122.1696993,,,0.04452799972938237,,,,29.142047882080078,,,,,,
72.706739,GUIA,,0.0,,,,,,0.0,0.0,0.0,0.0,0.0,6,89.99999237060547,0.0,,,,,,,,,,,,,,,,,,,,,
72.714236,GUIA,,0.0,,,,,,0.0,0.0,0.0,0.0,0.0,6,89.99999237060547,0.0,,,,,,,,,,,,,,,,,,,,,
72.72923,GUIA,,0.0,,,,,,0.0,0.0,0.0,0.0,0.0,6,89.99999237060547,0.0,,,,,,,,,,,,,,,,,,,,,
72.78420799999999,GUIA,,0.0,,,,,,0.0,0.0,0.0,0.0,0.0,6,89.99999237060547,0.0,,,,,,,,,,,,,,,,,,,,,
72.794204,ATT,3,,0.0,0.0,89.99,0.0,0.0,0.0,,0.0,,,,89.98,,,,,,,,,,,,,,,,,,,,,,
72.794204,XKF1,,,,,,,,,,,,,,,,0.10003853630174626,0.0712188184261322,,,0.037512008748197524,,,,,,0.07025374472141266,0.03751187003059768,,,,,,0.026776861399412155,,0.026776861399412155,0.02627071551978588
72.794204,POS,,,,,,,,,,,,,,,,0.08999752646522967,0.0707214195665167,,,,,37.4275005,-122.1696992,,,0.05565999985947201,,,,29.13269805908203,,,,,,
72.801701,GUIA,,0.0,,,,,,-0.0005340576171875,0.0,3.3304461619088066e-12,0.0,0.0,6,89.99999237060547,0.0,,,,,,,,,,,,,,,,,,,,,
72.8042,GUIA,,0.0,,,,,,-1.0869598388671875,0.0,1.7915274597157804e-08,0.0,0.0,6,90.0,0.0,,,,,,,,,,,,,,,,,,,,,
72.861677,GUIA,,0.0,,,,,,-2.1636962890625,0.0,-4.024577648920058e-08,0.0,0.0,6,90.0,0.0,,,,,,,,,,,,,,,,,,,,,
72.8875,GUIA,,0.0,,,,,,-3.2225799560546875,0.0,1.215642342344836e-08,0.0,0.0,6,89.99999237060547,0.0,,,,,,,,,,,,,,,,,,,,,
72.894997,ATT,3,,-0.68,0.0,89.99,0.0,0.0,-0.53,,0.0,,,,89.97,,,,,,,,,,,,,,,,,,,,,,
72.894997,XKF1,,,,,,,,,,,,,,,,0.10617219913269901,0.07558707147836685,,,0.042063423040150504,,,,,,0.07455957680940628,0.04201152058590704,,,,,,0.0313761867582798,,0.0313761867582798,0.028015468269586563
72.894997,POS,,,,,,,,,,,,,,,,0.08999752646522967,0.0707214195665167,,,,,37.4275005,-122.1696992,,,0.05565999985947201,,,,29.12468910217285,,,,,,
72.957472,GUIA,,0.0,,,,,,-6.508330821990967,0.0,3.611500432043613e-09,0.0,0.0,6,89.99999237060547,0.0,,,,,,,,,,,,,,,,,,,,,
72.979963,GUIA,,0.0,,,,,,-7.714920520782471,0.0,-1.9134448336899368e-07,0.0,0.0,6,90.0,0.0,,,,,,,,,,,,,,,,,,,,,
72.994957,ATT,3,,-2.55,0.0,89.99,0.0,0.0,-2.17,,0.0,,,,89.96,,,,,,,,,,,,,,,,,,,,,,
72.994957,XKF1,,,,,,,,,,,,,,,,0.11426129436037685,0.08201680332422256,,,0.06275565179711545,,,,,,0.07955430448055267,0.060451661785637996,,,,,,0.05512290447950363,,0.05512290447950363,0.029995620250701904
72.994957,POS,,,,,,,,,,,,,,,,0.10388079168839529,0.07956159638419891,,,,,37.4275006,-122.1696991,,,0.06679199998956165,,,,29.11611557006836,,,,,,
73.03744,GUIA,,0.0,,,,,,-8.789901733398438,0.0,-1.82190376563085e-07,0.0,0.0,6,89.99999237060547,0.0,,,,,,,,,,,,,,,,,,,,,
73.03744,GUIA,,0.0,,,,,,-9.834823608398438,0.0,2.9388159461518626e-08,0.0,0.0,6,90.0,0.0,,,,,,,,,,,,,,,,,,,,,
73.072426,GUIA,,0.0,,,,,,-10.883025169372559,0.0,1.8135609991531965e-07,0.0,0.0,6,90.0,0.0,,,,,,,,,,,,,,,,,,,,,
73.094917,ATT,3,,-5.81,0.0,89.99,0.0,0.0,-5.44,,0.0,,,,89.95,,,,,,,,,,,,,,,,,,,,,,
73.094917,XKF1,,,,,,,,,,,,,,,,0.12495188503734353,0.0923086404800415,,,0.12610171167235096,,,,,,0.08421453833580017,0.11153332108368288,,,,,,0.12205129861831665,,0.12205129861831665,0.03170366212725639
73.094917,POS,,,,,,,,,,,,,,,,0.11079731490408283,0.08840177445814587,,,,,37.4275006,-122.169699,,,0.06679199998956165,,,,29.10930824279785,,,,,,
73.109911,GUIA,,0.0,,,,,,-11.939621925354004,0.0,1.5672401332267327e-07,0.0,0.0,6,90.0,0.0,,,,,,,,,,,,,,,,,,,,,
73.109911,GUIA,,0.0,,,,,,-13.009872436523438,0.0,-1.0819108098303332e-07,0.0,0.0,6,90.0,0.0,,,,,,,,,,,,,,,,,,,,,
73.169887,GUIA,,0.0,,,,,,-14.05853271484375,0.0,9.50492022866456e-08,0.0,0.0,6,90.0,0.0,,,,,,,,,,,,,,,,,,,,,
73.19487699999999,ATT,3,,-9.3,0.0,89.99,0.0,0.01,-9.13,,0.0,,,,89.94,,,,,,,,,,,,,,,,,,,,,,
73.19487699999999,XKF1,,,,,,,,,,,,,,,,0.14468238604647513,0.11361881345510483,,,0.2525720271810963,,,,,,0.08957543224096298,0.21746754042812788,,,,,,0.25030517578125,,0.25030517578125,0.03376311436295509
73.19487699999999,POS,,,,,,,,,,,,,,,,0.13162662229007982,0.1060821280935103,,,,,37.4275007,-122.1696988,,,0.07792400011965128,,,,29.102636337280273,,,,,,
73.239859,GUIA,,0.0,,,,,,-15.098877906799316,0.0,-2.2911574149020453e-07,0.0,0.0,6,90.0,0.0,,,,,,,,,,,,,,,,,,,,,
73.239859,GUIA,,0.0,,,,,,-18.134382247924805,0.0,1.9679538354466786e-07,0.0,0.0,6,90.0,0.0,,,,,,,,,,,,,,,,,,,,,
73.289839,GUIA,,0.0,,,,,,-19.210128784179688,0.0,-2.3454397535260796e-07,0.0,0.0,6,90.0,0.0,,,,,,,,,,,,,,,,,,,,,
73.294837,ATT,3,,-12.66,0.0,89.99,0.01,0.02,-12.59,,0.0,,,,89.92,,,,,,,,,,,,,,,,,,,,,,
73.294837,XKF1,,,,,,,,,,,,,,,,0.17716446151370807,0.14978307485580444,,,0.43545072805472257,,,,,,0.09461647272109985,0.38590318663752077,,,,,,0.43399786949157715,,0.43399786949157715,0.03554132580757141
73.294837,POS,,,,,,,,,,,,,,,,0.1614875418763976,0.14144283787676865,,,,,37.4275007,-122.1696984,,,0.07792400011965128,,,,29.097864151000977,,,,,,
73.307332,GUIA,,0.0,,,,,,-20.252683639526367,0.0,4.494297911605827e-07,0.0,0.0,6,89.99999237060547,0.0,,,,,,,,,,,,,,,,,,,,,
73.314829,GUIA,,0.0,,,,,,-21.300811767578125,0.0,-2.900957269957871e-07,0.0,0.0,6,90.0,0.0,,,,,,,,,,,,,,,,,,,,,
73.372306,GUIA,,0.0,,,,,,-22.357942581176758,0.0,-3.392488565623353e-07,0.0,0.0,6,90.0,0.0,,,,,,,,,,,,,,,,,,,,,
73.3873,GUIA,,0.0,,,,,,-23.415679931640625,0.0,1.2400779780818993e-07,0.0,0.0,6,89.99999237060547,0.0,,,,,,,,,,,,,,,,,,,,,
73.394797,ATT,3,,-16.88,0.0,89.99,0.01,0.03,-16.81,,0.01,,,,89.84,,,,,,,,,,,,,,,,,,,,,,
73.394797,XKF1,,,,,,,,,,,,,,,,0.23110815370660356,0.2081211507320404,,,0.6847320099703075,,,,,,0.10048166662454605,0.632224624619158,,,,,,0.6836727857589722,,0.6836727857589722,0.038071610033512115
73.394797,POS,,,,,,,,,,,,,,,,0.22197218810244793,0.20332407936933838,,,,,37.4275008,-122.1696977,,,0.08905599945876475,,,,29.093172073364258,,,,,,
73.452274,GUIA,,0.0,,,,,,-24.678495407104492,0.0,2.7464116669762006e-07,0.0,0.0,6,89.99999237060547,0.0,,,,,,,,,,,,,,,,,,,,,
73.49475699999999,ATT,3,,-20.36,0.0,89.99,0.02,0.03,-20.51,,0.04,,,,89.76,,,,,,,,,,,,,,,,,,,,,,
73.49475699999999,XKF1,,,,,,,,,,,,,,,,0.31269261822860467,0.29410770535469055,,,1.0009828015995215,,,,,,0.10619477927684784,0.9545475400127719,,,,,,1.0001530647277832,,1.0001530647277832,0.04074820503592491
73.49475699999999,POS,,,,,,,,,,,,,,,,0.3050163013643769,0.29172585257121947,,,,,37.4275008,-122.1696967,,,0.08905599945876475,,,,29.090065002441406,,,,,,
73.507252,GUIA,,0.0,,,,,,-27.732927322387695,0.0,-3.8190495388334966e-07,0.0,0.0,6,90.0,0.0,,,,,,,,,,,,,,,,,,,,,
73.517248,GUIA,,0.0,,,,,,-28.955610275268555,0.0,3.9094055637178826e-07,0.0,0.0,6,89.99999237060547,0.0,,,,,,,,,,,,,,,,,,,,,
73.554733,GUIA,,0.0,,,,,,-30.000003814697266,0.0,-7.938953672237403e-07,0.0,0.0,6,90.00000762939453,0.0,,,,,,,,,,,,,,,,,,,,,
73.579723,GUIA,,0.0,,,,,,-30.000003814697266,0.0,-7.938953672237403e-07,0.0,0.0,6,90.00000762939453,0.0,,,,,,,,,,,,,,,,,,,,,
73.594717,ATT,3,,-24.39,0.0,90.0,0.02,0.04,-24.42,,0.08,,,,89.58,,,,,,,,,,,,,,,,,,,,,,
73.594717,XKF1,,,,,,,,,,,,,,,,0.4299898509043726,0.4147805869579315,,,1.3760936005978497,,,,,,0.11335050314664841,1.3387313324279555,,,,,,1.3753349781036377,,1.3753349781036377,0.045686930418014526
73.594717,POS,,,,,,,,,,,,,,,,0.4188082619375749,0.40664815873867677,,,,,37.4275009,-122.1696954,,,0.10018799958885438,,,,29.086885452270508,,,,,,
73.604713,GUIA,,0.0,,,,,,-30.000003814697266,0.0,-7.938953672237403e-07,0.0,0.0,6,90.00000762939453,0.0,,,,,,,,,,,,,,,,,,,,,
73.652194,GUIA,,0.0,,,,,,-30.000003814697266,0.0,-7.938953672237403e-07,0.0,0.0,6,90.00000762939453,0.0,,,,,,,,,,,,,,,,,,,,,
73.659691,GUIA,,0.0,,,,,,-30.000003814697266,0.0,-7.938953672237403e-07,0.0,0.0,6,90.00000762939453,0.0,,,,,,,,,,,,,,,,,,,,,
73.674685,GUIA,,0.0,,,,,,-30.000003814697266,0.0,-7.938953672237403e-07,0.0,0.0,6,90.00000762939453,0.0,,,,,,,,,,,,,,,,,,,,,
73.694677,ATT,3,,-27.13,0.0,89.99,0.03,0.04,-27.42,,0.13,,,,89.45,,,,,,,,,,,,,,,,,,,,,,
73.694677,XKF1,,,,,,,,,,,,,,,,0.5879889624433952,0.5754861831665039,,,1.8138702970937761,,,,,,0.1206095889210701,1.7851390324376903,,,,,,1.813140630722046,,1.813140630722046,0.051444221287965775
73.694677,POS,,,,,,,,,,,,,,,,0.5832804160481724,0.5746115283247568,,,,,37.4275009,-122.1696935,,,0.10018799958885438,,,,29.08505630493164,,,,,,
73.729663,GUIA,,0.0,,,,,,-30.000003814697266,0.0,-7.938953672237403e-07,0.0,0.0,6,90.00000762939453,0.0,,,,,,,,,,,,,,,,,,,,,
73.749655,GUIA,,0.0,,,,,,-30.000003814697266,0.0,-7.938953672237403e-07,0.0,0.0,6,90.00000762939453,0.0,,,,,,,,,,,,,,,,,,,,,
73.794637,ATT,3,,-28.53,0.0,90.0,0.03,0.04,-28.91,,0.17,,,,89.3,,,,,,,,,,,,,,,,,,,,,,
73.794637,XKF1,,,,,,,,,,,,,,,,0.7919455424502677,0.7812855839729309,,,2.2824367816184186,,,,,,0.12950126826763153,2.26074658258094,,,,,,2.2816481590270996,,2.2816481590270996,0.05999450385570526
73.794637,POS,,,,,,,,,,,,,,,,0.7858600066813559,0.7779356064378304,,,,,37.427501,-122.1696912,,,0.11131999971894402,,,,29.08327865600586,,,,,,
73.797136,GUIA,,0.0,,,,,,-30.000003814697266,0.0,-7.938953672237403e-07,0.0,0.0,6,90.00000762939453,0.0,,,,,,,,,,,,,,,,,,,,,
73.797136,GUIA,,0.0,,,,,,-30.000003814697266,0.0,-7.938953672237403e-07,0.0,0.0,6,90.00000762939453,0.0,,,,,,,,,,,,,,,,,,,,,
73.859611,GUIA,,0.0,,,,,,-30.000003814697266,0.0,-7.938953672237403e-07,0.0,0.0,6,90.00000762939453,0.0,,,,,,,,,,,,,,,,,,,,,
73.859611,GUIA,,0.0,,,,,,-30.000003814697266,0.0,-7.938953672237403e-07,0.0,0.0,6,90.00000762939453,0.0,,,,,,,,,,,,,,,,,,,,,
73.894597,ATT,3,,-29.25,0.0,90.0,0.02,0.04,-29.58,,0.19,,,,89.27,,,,,,,,,,,,,,,,,,,,,,
73.894597,XKF1,,,,,,,,,,,,,,,,1.0429080223384535,1.0336285829544067,,,2.754426816362434,,,,,,0.13881316781044006,2.7381244141909074,,,,,,2.7535903453826904,,2.7535903453826904,0.06787706911563873
73.894597,POS,,,,,,,,,,,,,,,,1.0327457953584682,1.0254605724081094,,,,,37.4275011,-122.1696884,,,0.12245199984903365,,,,29.083314895629883,,,,,,
73.897096,GUIA,,0.0,,,,,,-30.000003814697266,0.0,-7.938953672237403e-07,0.0,0.0,6,90.00000762939453,0.0,,,,,,,,,,,,,,,,,,,,,
73.929583,GUIA,,0.0,,,,,,-30.000003814697266,0.0,-7.938953672237403e-07,0.0,0.0,6,90.00000762939453,0.0,,,,,,,,,,,,,,,,,,,,,
73.942078,GUIA,,0.0,,,,,,-30.000003814697266,0.0,-7.938953672237403e-07,0.0,0.0,6,90.00000762939453,0.0,,,,,,,,,,,,,,,,,,,,,
73.944577,GUIA,,0.0,,,,,,-30.000003814697266,0.0,-7.938953672237403e-07,0.0,0.0,6,90.00000762939453,0.0,,,,,,,,,,,,,,,,,,,,,
73.944577,GUIA,,0.0,,,,,,-30.000003814697266,0.0,-7.938953672237403e-07,0.0,0.0,6,90.00000762939453,0.0,,,,,,,,,,,,,,,,,,,,,
73.994557,ATT,3,,-29.61,0.0,90.0,0.02,0.04,-29.86,,0.17,,,,89.31,,,,,,,,,,,,,,,,,,,,,,
73.994557,XKF1,,,,,,,,,,,,,,,,1.3397639087694557,1.3313912153244019,,,3.2140087860344972,,,,,,0.14954853057861328,3.201513074231348,,,,,,3.2131102085113525,,3.2131102085113525,0.07599516212940216
73.994557,POS,,,,,,,,,,,,,,,,1.3327382465149529,1.326026601797011,,,,,37.4275012,-122.169685,,,0.1335839999791233,,,,29.083473205566406,,,,,,
74.004553,GUIA,,0.0,,,,,,-30.000003814697266,0.0,-7.938953672237403e-07,0.0,0.0,6,90.00000762939453,0.0,,,,,,,,,,,,,,,,,,,,,
74.072026,GUIA,,0.0,,,,,,-30.000003814697266,0.0,-7.938953672237403e-07,0.0,0.0,6,90.00000762939453,0.0,,,,,,,,,,,,,,,,,,,,,
74.094517,ATT,3,,-29.8,0.0,90.0,0.02,0.03,-29.95,,0.15,,,,89.43,,,,,,,,,,,,,,,,,,,,,,
74.094517,XKF1,,,,,,,,,,,,,,,,1.681617202881514,1.6739578247070312,,,3.6554363566109616,,,,,,0.16031724214553833,3.6456754971238383,,,,,,3.6545205116271973,,3.6545205116271973,0.08182168006896973
74.094517,POS,,,,,,,,,,,,,,,,1.677049104756977,1.6707935177868534,,,,,37.4275013,-122.1696811,,,0.14471600010921293,,,,29.085063934326172,,,,,,
74.114509,GUIA,,0.0,,,,,,-30.000003814697266,0.0,-7.938953672237403e-07,0.0,0.0,6,90.00000762939453,0.0,,,,,,,,,,,,,,,,,,,,,
74.114509,GUIA,,0.0,,,,,,-30.000003814697266,0.0,-7.938953672237403e-07,0.0,0.0,6,90.00000762939453,0.0,,,,,,,,,,,,,,,,,,,,,
74.171986,GUIA,,0.0,,,,,,-30.000003814697266,0.0,-7.938953672237403e-07,0.0,0.0,6,90.00000762939453,0.0,,,,,,,,,,,,,,,,,,,,,
74.18448099999999,GUIA,,0.0,,,,,,-30.000003814697266,0.0,-7.938953672237403e-07,0.0,0.0,6,90.00000762939453,0.0,,,,,,,,,,,,,,,,,,,,,
74.19447699999999,ATT,3,,-29.9,0.0,90.0,0.02,0.03,-29.97,,0.11,,,,89.61,,,,,,,,,,,,,,,,,,,,,,
74.19447699999999,XKF1,,,,,,,,,,,,,,,,2.065418853486359,2.0582947731018066,,,4.074462014227724,,,,,,0.17139914631843567,4.066625829686332,,,,,,4.073559284210205,,4.073559284210205,0.08576399832963943
74.19447699999999,POS,,,,,,,,,,,,,,,,2.056834007894977,2.050921143559954,,,,,37.4275014,-122.1696768,,,0.1558479994483264,,,,29.0862979888916,,,,,,
74.231962,GUIA,,0.0,,,,,,-30.000003814697266,0.0,-7.938953672237403e-07,0.0,0.0,6,90.00000762939453,0.0,,,,,,,,,,,,,,,,,,,,,
74.254453,GUIA,,0.0,,,,,,-30.000003814697266,0.0,-7.938953672237403e-07,0.0,0.0,6,90.00000762939453,0.0,,,,,,,,,,,,,,,,,,,,,
74.281942,GUIA,,0.0,,,,,,-30.000003814697266,0.0,-7.938953672237403e-07,0.0,0.0,6,90.00000762939453,0.0,,,,,,,,,,,,,,,,,,,,,
74.294437,ATT,3,,-29.94,0.0,90.0,0.02,0.02,-29.99,,0.06,,,,89.8,,,,,,,,,,,,,,,,,,,,,,
74.294437,XKF1,,,,,,,,,,,,,,,,2.4902833186187814,2.483619451522827,,,4.472308891014369,,,,,,0.18205885589122772,4.465884765686797,,,,,,4.471452713012695,,4.471452713012695,0.08750686794519424
74.294437,POS,,,,,,,,,,,,,,,,2.480875486488705,2.475249655933995,,,,,37.4275015,-122.169672,,,0.16697999957841603,,,,29.088502883911133,,,,,,
74.319427,GUIA,,0.0,,,,,,-30.000003814697266,0.0,-7.938953672237403e-07,0.0,0.0,6,90.00000762939453,0.0,,,,,,,,,,,,,,,,,,,,,
74.32942299999999,GUIA,,0.0,,,,,,-30.000003814697266,0.0,-7.938953672237403e-07,0.0,0.0,6,90.00000762939453,0.0,,,,,,,,,,,,,,,,,,,,,
74.381902,GUIA,,0.0,,,,,,-30.000003814697266,0.0,-7.938953672237403e-07,0.0,0.0,6,90.00000762939453,0.0,,,,,,,,,,,,,,,,,,,,,
74.381902,GUIA,,0.0,,,,,,-30.000003814697266,0.0,-7.938953672237403e-07,0.0,0.0,6,90.00000762939453,0.0,,,,,,,,,,,,,,,,,,,,,
74.394397,ATT,3,,-29.97,0.0,90.0,0.02,0.02,-29.99,,0.0,,,,89.99,,,,,,,,,,,,,,,,,,,,,,
74.394397,XKF1,,,,,,,,,,,,,,,,2.953227078819023,2.9469411373138428,,,4.848270203245809,,,,,,0.19258274137973785,4.842883003098553,,,,,,4.847475051879883,,4.847475051879883,0.08780424296855927
74.394397,POS,,,,,,,,,,,,,,,,2.9491624261741305,2.9437790561652415,,,,,37.4275016,-122.1696667,,,0.17811199970850566,,,,29.090002059936523,,,,,,
74.43688,GUIA,,0.0,,,,,,-30.000003814697266,0.0,-7.938953672237403e-07,0.0,0.0,6,90.00000762939453,0.0,,,,,,,,,,,,,,,,,,,,,
74.454373,GUIA,,0.0,,,,,,-30.000003814697266,0.0,-7.938953672237403e-07,0.0,0.0,6,90.00000762939453,0.0,,,,,,,,,,,,,,,,,,,,,
74.48436099999999,GUIA,,0.0,,,,,,-30.000003814697266,0.0,-7.938953672237403e-07,0.0,0.0,6,90.00000762939453,0.0,,,,,,,,,,,,,,,,,,,,,
74.494357,ATT,3,,-29.98,0.0,90.0,0.02,0.01,-29.98,,-0.08,,,,90.17,,,,,,,,,,,,,,,,,,,,,,
74.494357,XKF1,,,,,,,,,,,,,,,,3.453219830468504,3.4472830295562744,,,5.203081946797016,,,,,,0.20240284502506256,5.198533987799403,,,,,,5.20234489440918,,5.20234489440918,0.0875747948884964
74.494357,POS,,,,,,,,,,,,,,,,3.4440322432102035,3.4388289868495345,,,,,37.4275017,-122.1696611,,,0.1892439998385953,,,,29.092411041259766,,,,,,
74.526844,GUIA,,0.0,,,,,,-30.000003814697266,0.0,-7.938953672237403e-07,0.0,0.0,6,90.00000762939453,0.0,,,,,,,,,,,,,,,,,,,,,
74.526844,GUIA,,0.0,,,,,,-30.000003814697266,0.0,-7.938953672237403e-07,0.0,0.0,6,90.00000762939453,0.0,,,,,,,,,,,,,,,,,,,,,
74.576824,GUIA,,0.0,,,,,,-30.000003814697266,0.0,-7.938953672237403e-07,0.0,0.0,6,90.00000762939453,0.0,,,,,,,,,,,,,,,,,,,,,
74.594317,ATT,3,,-29.99,0.0,90.0,0.03,0.01,-29.96,,-0.15,,,,90.32,,,,,,,,,,,,,,,,,,,,,,
74.594317,XKF1,,,,,,,,,,,,,,,,3.9831847865363597,3.9775516986846924,,,5.534302011724387,,,,,,0.2117629051208496,5.530408991946664,,,,,,5.533621788024902,,5.533621788024902,0.08676787465810776
74.594317,POS,,,,,,,,,,,,,,,,3.974294121026743,3.9692396273170862,,,,,37.4275018,-122.1696551,,,0.20037599996868494,,,,29.093585968017578,,,,,,
74.60931099999999,GUIA,,0.0,,,,,,-30.000003814697266,0.0,-7.938953672237403e-07,0.0,0.0,6,90.00000762939453,0.0,,,,,,,,,,,,,,,,,,,,,
74.61430899999999,GUIA,,0.0,,,,,,-30.000003814697266,0.0,-7.938953672237403e-07,0.0,0.0,6,90.00000762939453,0.0,,,,,,,,,,,,,,,,,,,,,
74.669287,GUIA,,0.0,,,,,,-30.000003814697266,0.0,-7.938953672237403e-07,0.0,0.0,6,90.00000762939453,0.0,,,,,,,,,,,,,,,,,,,,,
74.694277,ATT,3,,-29.99,0.0,90.0,0.03,0.01,-29.95,,-0.2,,,,90.43,,,,,,,,,,,,,,,,,,,,,,
74.694277,XKF1,,,,,,,,,,,,,,,,4.546865307870338,4.541511535644531,,,5.846797217426911,,,,,,0.22058354318141937,5.843450993809942,,,,,,5.846165657043457,,5.846165657043457,0.08593492954969406
74.694277,POS,,,,,,,,,,,,,,,,4.539435549495638,4.535010977567896,,,,,37.4275018,-122.1696487,,,0.20037599996868494,,,,29.09554100036621,,,,,,
74.714269,GUIA,,0.0,,,,,,-30.000003814697266,0.0,-7.938953672237403e-07,0.0,0.0,6,90.00000762939453,0.0,,,,,,,,,,,,,,,,,,,,,
74.714269,GUIA,,0.0,,,,,,-30.000003814697266,0.0,-7.938953672237403e-07,0.0,0.0,6,90.00000762939453,0.0,,,,,,,,,,,,,,,,,,,,,
74.771746,GUIA,,0.0,,,,,,-30.000003814697266,0.0,-7.938953672237403e-07,0.0,0.0,6,90.00000762939453,0.0,,,,,,,,,,,,,,,,,,,,,
74.794237,ATT,3,,-29.99,0.0,90.0,0.02,0.01,-29.94,,-0.24,,,,90.51,,,,,,,,,,,,,,,,,,,,,,
74.794237,XKF1,,,,,,,,,,,,,,,,5.139312340818658,5.134215354919434,,,6.138869664345965,,,,,,0.22883187234401703,6.1359660878795665,,,,,,6.138286590576172,,6.138286590576172,0.08460784703493118
74.794237,POS,,,,,,,,,,,,,,,,5.131663497096235,5.127302859528017,,,,,37.4275019,-122.169642,,,0.21150800009877457,,,,29.096233367919922,,,,,,
74.814229,GUIA,,0.0,,,,,,-30.000003814697266,0.0,-7.938953672237403e-07,0.0,0.0,6,90.00000762939453,0.0,,,,,,,,,,,,,,,,,,,,,
74.871706,GUIA,,0.0,,,,,,-30.000003814697266,0.0,-7.938953672237403e-07,0.0,0.0,6,90.00000762939453,0.0,,,,,,,,,,,,,,,,,,,,,
74.89419699999999,ATT,3,,-29.99,0.0,90.0,0.02,0.01,-29.93,,-0.26,,,,90.55,,,,,,,,,,,,,,,,,,,,,,
74.89419699999999,XKF1,,,,,,,,,,,,,,,,5.761692682460921,5.756826877593994,,,6.413511659756655,,,,,,0.23674219846725464,6.410987128451923,,,,,,6.412966251373291,,6.412966251373291,0.08364011347293854
74.89419699999999,POS,,,,,,,,,,,,,,,,5.759260438720285,5.754955450015132,,,,,37.427502,-122.1696349,,,0.22263999943788804,,,,29.09763526916504,,,,,,
74.90419299999999,GUIA,,0.0,,,,,,-30.000003814697266,0.0,-7.938953672237403e-07,0.0,0.0,6,90.00000762939453,0.0,,,,,,,,,,,,,,,,,,,,,
74.90419299999999,GUIA,,0.0,,,,,,-30.000003814697266,0.0,-7.938953672237403e-07,0.0,0.0,6,90.00000762939453,0.0,,,,,,,,,,,,,,,,,,,,,
74.929183,GUIA,,0.0,,,,,,-30.000003814697266,0.0,-7.938953672237403e-07,0.0,0.0,6,90.00000762939453,0.0,,,,,,,,,,,,,,,,,,,,,
74.979996,GUIA,,0.0,,,,,,-30.000003814697266,0.0,-7.938953672237403e-07,0.0,0.0,6,90.00000762939453,0.0,,,,,,,,,,,,,,,,,,,,,
74.99499,ATT,3,,-29.99,0.0,90.0,0.02,0.0,-29.93,,-0.26,,,,90.55,,,,,,,,,,,,,,,,,,,,,,
74.99499,XKF1,,,,,,,,,,,,,,,,6.410191107974202,6.405540943145752,,,6.67026783024179,,,,,,0.24412141740322113,6.668060560341688,,,,,,6.669757843017578,,6.669757843017578,0.08248177170753479
74.99499,POS,,,,,,,,,,,,,,,,6.404159595891106,6.400288396650141,,,,,37.427502,-122.1696276,,,0.22263999943788804,,,,29.09781837463379,,,,,,
75.009984,GUIA,,0.0,,,,,,-30.000003814697266,0.0,-7.938953672237403e-07,0.0,0.0,6,90.00000762939453,0.0,,,,,,,,,,,,,,,,,,,,,
75.072459,GUIA,,0.0,,,,,,-30.000003814697266,0.0,-7.938953672237403e-07,0.0,0.0,6,90.00000762939453,0.0,,,,,,,,,,,,,,,,,,,,,
75.09495,ATT,3,,-29.99,0.0,90.0,0.02,0.0,-29.93,,-0.24,,,,90.51,,,,,,,,,,,,,,,,,,,,,,
75.09495,XKF1,,,,,,,,,,,,,,,,7.085421160946786,7.080960273742676,,,6.911276934418488,,,,,,0.2513854205608368,6.9093402956715275,,,,,,6.910794734954834,,6.910794734954834,0.08163942396640778
75.09495,POS,,,,,,,,,,,,,,,,7.084839882867341,7.080982051812143,,,,,37.4275021,-122.1696199,,,0.23377199956797767,,,,29.09844970703125,,,,,,
75.124938,GUIA,,0.0,,,,,,-30.000003814697266,0.0,-7.938953672237403e-07,0.0,0.0,6,90.00000762939453,0.0,,,,,,,,,,,,,,,,,,,,,
75.124938,GUIA,,0.0,,,,,,-30.000003814697266,0.0,-7.938953672237403e-07,0.0,0.0,6,90.00000762939453,0.0,,,,,,,,,,,,,,,,,,,,,
75.172419,GUIA,,0.0,,,,,,-30.000003814697266,0.0,-7.938953672237403e-07,0.0,0.0,6,90.00000762939453,0.0,,,,,,,,,,,,,,,,,,,,,
75.19241099999999,GUIA,,0.0,,,,,,-30.000003814697266,0.0,-7.938953672237403e-07,0.0,0.0,6,90.00000762939453,0.0,,,,,,,,,,,,,,,,,,,,,
75.19491,ATT,3,,-29.99,0.0,90.0,0.02,0.0,-29.95,,-0.21,,,,90.44,,,,,,,,,,,,,,,,,,,,,,
75.19491,XKF1,,,,,,,,,,,,,,,,7.787866749020461,7.783572196960449,,,7.138588933066312,,,,,,0.25859689712524414,7.136875623765944,,,,,,7.1381330490112305,,7.1381330490112305,0.08067546039819717
75.19491,POS,,,,,,,,,,,,,,,,7.783210051537597,7.779356061865775,,,,,37.4275022,-122.169612,,,0.2449039996980673,,,,29.098058700561523,,,,,,
75.214902,GUIA,,0.0,,,,,,-30.000003814697266,0.0,-7.938953672237403e-07,0.0,0.0,6,90.00000762939453,0.0,,,,,,,,,,,,,,,,,,,,,
75.262383,GUIA,,0.0,,,,,,-30.000003814697266,0.0,-7.938953672237403e-07,0.0,0.0,6,90.00000762939453,0.0,,,,,,,,,,,,,,,,,,,,,
75.264882,GUIA,,0.0,,,,,,-30.000003814697266,0.0,-7.938953672237403e-07,0.0,0.0,6,90.00000762939453,0.0,,,,,,,,,,,,,,,,,,,,,
75.29487,ATT,3,,-29.99,0.0,90.0,0.02,0.0,-29.98,,-0.17,,,,90.34,,,,,,,,,,,,,,,,,,,,,,
75.29487,XKF1,,,,,,,,,,,,,,,,8.518855450846711,8.514708518981934,,,7.352927224614016,,,,,,0.26577627658843994,7.3514054678990215,,,,,,7.352493762969971,,7.352493762969971,0.0798388123512268
75.29487,POS,,,,,,,,,,,,,,,,8.516612743724995,8.513090781702664,,,,,37.4275022,-122.1696037,,,0.2449039996980673,,,,29.098173141479492,,,,,,
75.32235899999999,GUIA,,0.0,,,,,,-30.000003814697266,0.0,-7.938953672237403e-07,0.0,0.0,6,90.00000762939453,0.0,,,,,,,,,,,,,,,,,,,,,
75.377337,GUIA,,0.0,,,,,,-30.000003814697266,0.0,-7.938953672237403e-07,0.0,0.0,6,90.00000762939453,0.0,,,,,,,,,,,,,,,,,,,,,
75.39483,ATT,3,,-29.99,0.0,90.0,0.02,0.0,-30.01,,-0.12,,,,90.24,,,,,,,,,,,,,,,,,,,,,,
75.39483,XKF1,,,,,,,,,,,,,,,,9.26716572403355,9.263151168823242,,,7.552858006564711,,,,,,0.27274709939956665,7.551498892114558,,,,,,7.5524444580078125,,7.5524444580078125,0.07903654873371124
75.39483,POS,,,,,,,,,,,,,,,,9.25920631494558,9.255665678357236,,,,,37.4275023,-122.1695953,,,0.25603599982815695,,,,29.09740447998047,,,,,,
75.442311,GUIA,,0.0,,,,,,-30.000003814697266,0.0,-7.938953672237403e-07,0.0,0.0,6,90.00000762939453,0.0,,,,,,,,,,,,,,,,,,,,,
75.442311,GUIA,,0.0,,,,,,-30.000003814697266,0.0,-7.938953672237403e-07,0.0,0.0,6,90.00000762939453,0.0,,,,,,,,,,,,,,,,,,,,,
75.484794,GUIA,,0.0,,,,,,-30.000003814697266,0.0,-7.938953672237403e-07,0.0,0.0,6,90.00000762939453,0.0,,,,,,,,,,,,,,,,,,,,,
75.49479,ATT,3,,-29.99,0.0,90.0,0.02,0.0,-30.01,,-0.06,,,,90.12,,,,,,,,,,,,,,,,,,,,,,
75.49479,XKF1,,,,,,,,,,,,,,,,10.034403426843218,10.030505180358887,,,7.739223874035612,,,,,,0.2796747386455536,7.73800295389953,,,,,,7.738828182220459,,7.738828182220459,0.0782594308257103
75.49479,POS,,,,,,,,,,,,,,,,10.02832059654208,10.024761106721119,,,,,37.4275024,-122.1695866,,,0.2671679999582466,,,,29.097217559814453,,,,,,
75.509784,GUIA,,0.0,,,,,,-30.000003814697266,0.0,-7.938953672237403e-07,0.0,0.0,6,90.00000762939453,0.0,,,,,,,,,,,,,,,,,,,,,
75.532275,GUIA,,0.0,,,,,,-30.000003814697266,0.0,-7.938953672237403e-07,0.0,0.0,6,90.00000762939453,0.0,,,,,,,,,,,,,,,,,,,,,
75.582255,GUIA,,0.0,,,,,,-30.000003814697266,0.0,-7.938953672237403e-07,0.0,0.0,6,90.00000762939453,0.0,,,,,,,,,,,,,,,,,,,,,
75.582255,GUIA,,0.0,,,,,,-30.000003814697266,0.0,-7.938953672237403e-07,0.0,0.0,6,90.00000762939453,0.0,,,,,,,,,,,,,,,,,,,,,
75.59475,ATT,3,,-29.99,0.0,90.0,0.02,0.0,-30.0,,0.0,,,,90.0,,,,,,,,,,,,,,,,,,,,,,
75.59475,XKF1,,,,,,,,,,,,,,,,10.82160411984488,10.8178129196167,,,7.913360126976497,,,,,,0.2864251434803009,7.912252439413563,,,,,,7.912984848022461,,7.912984848022461,0.0770668163895607
75.59475,POS,,,,,,,,,,,,,,,,10.81483743121122,10.811536889976633,,,,,37.4275024,-122.1695777,,,0.2671679999582466,,,,29.09636116027832,,,,,,
75.649728,GUIA,,0.0,,,,,,-30.000003814697266,0.0,-7.938953672237403e-07,0.0,0.0,6,90.00000762939453,0.0,,,,,,,,,,,,,,,,,,,,,
75.649728,GUIA,,0.0,,,,,,-30.000003814697266,0.0,-7.938953672237403e-07,0.0,0.0,6,90.00000762939453,0.0,,,,,,,,,,,,,,,,,,,,,
75.689712,GUIA,,0.0,,,,,,-30.000003814697266,0.0,-7.938953672237403e-07,0.0,0.0,6,90.00000762939453,0.0,,,,,,,,,,,,,,,,,,,,,
75.69471,ATT,3,,-29.99,0.0,90.0,0.01,0.0,-29.99,,0.05,,,,89.9,,,,,,,,,,,,,,,,,,,,,,
75.69471,XKF1,,,,,,,,,,,,,,,,11.62472524708395,11.621027946472168,,,8.074329201205558,,,,,,0.2931663990020752,8.07331499798274,,,,,,8.073974609375,,8.073974609375,0.07567071169614792
75.69471,POS,,,,,,,,,,,,,,,,11.619326353944505,11.615993028123775,,,,,37.4275025,-122.1695686,,,0.2783000000883362,,,,29.09617805480957,,,,,,
75.722199,GUIA,,0.0,,,,,,-30.000003814697266,0.0,-7.938953672237403e-07,0.0,0.0,6,90.00000762939453,0.0,,,,,,,,,,,,,,,,,,,,,
75.722199,GUIA,,0.0,,,,,,-30.000003814697266,0.0,-7.938953672237403e-07,0.0,0.0,6,90.00000762939453,0.0,,,,,,,,,,,,,,,,,,,,,
75.789672,GUIA,,0.0,,,,,,-30.000003814697266,0.0,-7.938953672237403e-07,0.0,0.0,6,90.00000762939453,0.0,,,,,,,,,,,,,,,,,,,,,
75.789672,GUIA,,0.0,,,,,,-30.000003814697266,0.0,-7.938953672237403e-07,0.0,0.0,6,90.00000762939453,0.0,,,,,,,,,,,,,,,,,,,,,
75.79467,ATT,3,,-29.99,0.0,90.0,0.01,0.0,-29.99,,0.11,,,,89.81,,,,,,,,,,,,,,,,,,,,,,
75.79467,XKF1,,,,,,,,,,,,,,,,12.44491813889118,12.441302299499512,,,8.22444977249661,,,,,,0.2999742925167084,8.223511957811912,,,,,,8.224116325378418,,8.224116325378418,0.07405894249677658
75.79467,POS,,,,,,,,,,,,,,,,12.4412425776232,12.438129521162544,,,,,37.4275025,-122.1695593,,,0.2783000000883362,,,,29.095375061035156,,,,,,
75.847149,GUIA,,0.0,,,,,,-30.000003814697266,0.0,-7.938953672237403e-07,0.0,0.0,6,90.00000762939453,0.0,,,,,,,,,,,,,,,,,,,,,
75.854646,GUIA,,0.0,,,,,,-30.000003814697266,0.0,-7.938953672237403e-07,0.0,0.0,6,90.00000762939453,0.0,,,,,,,,,,,,,,,,,,,,,
75.89462999999999,ATT,3,,-29.99,0.0,90.0,0.01,0.0,-29.99,,0.15,,,,89.74,,,,,,,,,,,,,,,,,,,,,,
75.89462999999999,XKF1,,,,,,,,,,,,,,,,13.278529400197732,13.274988174438477,,,8.362776418825586,,,,,,0.3066463768482208,8.361901647665482,,,,,,8.362464904785156,,8.362464904785156,0.0721813514828682
75.89462999999999,POS,,,,,,,,,,,,,,,,13.272262429248123,13.269106191018999,,,,,37.4275026,-122.1695499,,,0.2894319994274497,,,,29.095157623291016,,,,,,
75.89712899999999,GUIA,,0.0,,,,,,-30.000003814697266,0.0,-7.938953672237403e-07,0.0,0.0,6,90.00000762939453,0.0,,,,,,,,,,,,,,,,,,,,,
75.922119,GUIA,,0.0,,,,,,-30.000003814697266,0.0,-7.938953672237403e-07,0.0,0.0,6,90.00000762939453,0.0,,,,,,,,,,,,,,,,,,,,,
75.94461,GUIA,,0.0,,,,,,-30.000003814697266,0.0,-7.938953672237403e-07,0.0,0.0,6,90.00000762939453,0.0,,,,,,,,,,,,,,,,,,,,,
75.989592,GUIA,,0.0,,,,,,-30.000003814697266,0.0,-7.938953672237403e-07,0.0,0.0,6,90.00000762939453,0.0,,,,,,,,,,,,,,,,,,,,,
75.992091,GUIA,,0.0,,,,,,-30.000003814697266,0.0,-7.938953672237403e-07,0.0,0.0,6,90.00000762939453,0.0,,,,,,,,,,,,,,,,,,,,,
75.99459,ATT,3,,-29.99,0.0,90.0,0.01,0.0,-29.99,,0.18,,,,89.68,,,,,,,,,,,,,,,,,,,,,,
75.99459,XKF1,,,,,,,,,,,,,,,,14.127105426350198,14.12363338470459,,,8.491917876443432,,,,,,0.31318962574005127,8.491097032281184,,,,,,8.49162769317627,,8.49162769317627,0.07020214200019836
75.99459,POS,,,,,,,,,,,,,,,,14.120962324493588,14.117763217023345,,,,,37.4275027,-122.1695403,,,0.3005639995575393,,,,29.09433937072754,,,,,,
76.057065,GUIA,,0.0,,,,,,-30.000003814697266,0.0,-7.938953672237403e-07,0.0,0.0,6,90.00000762939453,0.0,,,,,,,,,,,,,,,,,,,,,
76.057065,GUIA,,0.0,,,,,,-30.000003814697266,0.0,-7.938953672237403e-07,0.0,0.0,6,90.00000762939453,0.0,,,,,,,,,,,,,,,,,,,,,
76.09455,ATT,3,,-29.99,0.0,90.0,0.01,0.0,-29.99,,0.18,,,,89.65,,,,,,,,,,,,,,,,,,,,,,
76.09455,XKF1,,,,,,,,,,,,,,,,14.98690872066357,14.983501434326172,,,8.610835379665211,,,,,,0.319558709859848,8.610063667531188,,,,,,8.610564231872559,,8.610564231872559,0.06833406537771225
76.09455,POS,,,,,,,,,,,,,,,,14.97827638022452,14.97526041858911,,,,,37.4275027,-122.1695306,,,0.3005639995575393,,,,29.094165802001953,,,,,,
76.099548,GUIA,,0.0,,,,,,-30.000003814697266,0.0,-7.938953672237403e-07,0.0,0.0,6,90.00000762939453,0.0,,,,,,,,,,,,,,,,,,,,,
76.124538,GUIA,,0.0,,,,,,-30.000003814697266,0.0,-7.938953672237403e-07,0.0,0.0,6,90.00000762939453,0.0,,,,,,,,,,,,,,,,,,,,,
76.147029,GUIA,,0.0,,,,,,-30.000003814697266,0.0,-7.938953672237403e-07,0.0,0.0,6,90.00000762939453,0.0,,,,,,,,,,,,,,,,,,,,,
76.192011,GUIA,,0.0,,,,,,-30.000003814697266,0.0,-7.938953672237403e-07,0.0,0.0,6,90.00000762939453,0.0,,,,,,,,,,,,,,,,,,,,,
76.19451,ATT,3,,-29.99,0.0,90.0,0.01,0.0,-30.0,,0.18,,,,89.64,,,,,,,,,,,,,,,,,,,,,,
76.19451,XKF1,,,,,,,,,,,,,,,,15.859731588285557,15.856386184692383,,,8.721988700580274,,,,,,0.3257348835468292,8.72126157117675,,,,,,8.721735000610352,,8.721735000610352,0.06652422249317169
76.19451,POS,,,,,,,,,,,,,,,,15.853502401583619,15.850437975046503,,,,,37.4275028,-122.1695207,,,0.31169599968762896,,,,29.093517303466797,,,,,,
76.197009,GUIA,,0.0,,,,,,-30.000003814697266,0.0,-7.938953672237403e-07,0.0,0.0,6,90.00000762939453,0.0,,,,,,,,,,,,,,,,,,,,,
76.254486,GUIA,,0.0,,,,,,-30.000003814697266,0.0,-7.938953672237403e-07,0.0,0.0,6,90.00000762939453,0.0,,,,,,,,,,,,,,,,,,,,,
76.254486,GUIA,,0.0,,,,,,-30.000003814697266,0.0,-7.938953672237403e-07,0.0,0.0,6,90.00000762939453,0.0,,,,,,,,,,,,,,,,,,,,,
76.29447,ATT,3,,-29.99,0.0,90.0,0.01,0.0,-30.0,,0.16,,,,89.65,,,,,,,,,,,,,,,,,,,,,,
76.29447,XKF1,,,,,,,,,,,,,,,,16.74188741842352,16.73859977722168,,,8.824052653924776,,,,,,0.33177074790000916,8.823368267440411,,,,,,8.823813438415527,,8.823813438415527,0.06497417390346527
76.29447,POS,,,,,,,,,,,,,,,,16.737358282956237,16.734455709577844,,,,,37.4275028,-122.1695107,,,0.31169599968762896,,,,29.093542098999023,,,,,,
76.31945999999999,GUIA,,0.0,,,,,,-30.000003814697266,0.0,-7.938953672237403e-07,0.0,0.0,6,90.00000762939453,0.0,,,,,,,,,,,,,,,,,,,,,
76.31945999999999,GUIA,,0.0,,,,,,-30.000003814697266,0.0,-7.938953672237403e-07,0.0,0.0,6,90.00000762939453,0.0,,,,,,,,,,,,,,,,,,,,,
76.361943,GUIA,,0.0,,,,,,-30.000003814697266,0.0,-7.938953672237403e-07,0.0,0.0,6,90.00000762939453,0.0,,,,,,,,,,,,,,,,,,,,,
76.39443,ATT,3,,-29.99,0.0,90.0,0.01,0.0,-30.0,,0.14,,,,89.69,,,,,,,,,,,,,,,,,,,,,,
76.39443,XKF1,,,,,,,,,,,,,,,,17.635155849338013,17.63192367553711,,,8.91927081442441,,,,,,0.33762305974960327,8.918627858464546,,,,,,8.91904354095459,,8.91904354095459,0.06367240846157074
76.39443,POS,,,,,,,,,,,,,,,,17.630269521705564,17.627313620926866,,,,,37.4275029,-122.1695006,,,0.3228279998177186,,,,29.093177795410156,,,,,,
76.399428,GUIA,,0.0,,,,,,-30.000003814697266,0.0,-7.938953672237403e-07,0.0,0.0,6,90.00000762939453,0.0,,,,,,,,,,,,,,,,,,,,,
76.399428,GUIA,,0.0,,,,,,-30.000003814697266,0.0,-7.938953672237403e-07,0.0,0.0,6,90.00000762939453,0.0,,,,,,,,,,,,,,,,,,,,,
76.46440199999999,GUIA,,0.0,,,,,,-30.000003814697266,0.0,-7.938953672237403e-07,0.0,0.0,6,90.00000762939453,0.0,,,,,,,,,,,,,,,,,,,,,
76.46440199999999,GUIA,,0.0,,,,,,-30.000003814697266,0.0,-7.938953672237403e-07,0.0,0.0,6,90.00000762939453,0.0,,,,,,,,,,,,,,,,,,,,,
76.49439,GUIA,,0.0,,,,,,-30.000003814697266,0.0,-7.938953672237403e-07,0.0,0.0,6,90.00000762939453,0.0,,,,,,,,,,,,,,,,,,,,,
76.49439,ATT,3,,-29.99,0.0,90.0,0.01,0.0,-30.0,,0.11,,,,89.74,,,,,,,,,,,,,,,,,,,,,,
76.49439,XKF1,,,,,,,,,,,,,,,,18.535762835385505,18.532581329345703,,,9.00594667954604,,,,,,0.34341397881507874,9.005343800953751,,,,,,9.005728721618652,,9.005728721618652,0.06265610456466675
76.49439,POS,,,,,,,,,,,,,,,,18.531823787197734,18.529011710349838,,,,,37.4275029,-122.1694904,,,0.3228279998177186,,,,29.093624114990234,,,,,,
76.549368,GUIA,,0.0,,,,,,-30.000003814697266,0.0,-7.938953672237403e-07,0.0,0.0,6,90.00000762939453,0.0,,,,,,,,,,,,,,,,,,,,,
76.551867,GUIA,,0.0,,,,,,-30.000003814697266,0.0,-7.938953672237403e-07,0.0,0.0,6,90.00000762939453,0.0,,,,,,,,,,,,,,,,,,,,,
76.59434999999999,ATT,3,,-29.99,0.0,90.0,0.01,0.0,-30.0,,0.08,,,,89.81,,,,,,,,,,,,,,,,,,,,,,
76.59434999999999,XKF1,,,,,,,,,,,,,,,,19.442819904414595,19.439687728881836,,,9.085595382890556,,,,,,0.3489797115325928,9.085030621182016,,,,,,9.0853853225708,,9.0853853225708,0.06178189069032669
76.59434999999999,POS,,,,,,,,,,,,,,,,19.44241838285362,19.439549976590488,,,,,37.427503,-122.1694801,,,0.33395999994780823,,,,29.09308624267578,,,,,,
76.60184699999999,GUIA,,0.0,,,,,,-30.000003814697266,0.0,-7.938953672237403e-07,0.0,0.0,6,90.00000762939453,0.0,,,,,,,,,,,,,,,,,,,,,
76.616841,GUIA,,0.0,,,,,,-30.000003814697266,0.0,-7.938953672237403e-07,0.0,0.0,6,90.00000762939453,0.0,,,,,,,,,,,,,,,,,,,,,
76.636833,GUIA,,0.0,,,,,,-30.000003814697266,0.0,-7.938953672237403e-07,0.0,0.0,6,90.00000762939453,0.0,,,,,,,,,,,,,,,,,,,,,
76.69431,ATT,3,,-29.99,0.0,90.0,0.01,0.0,-30.0,,0.05,,,,89.88,,,,,,,,,,,,,,,,,,,,,,
76.69431,XKF1,,,,,,,,,,,,,,,,20.35639685609891,20.353307723999023,,,9.15814461286689,,,,,,0.3546232581138611,9.157616874836204,,,,,,9.157939910888672,,9.157939910888672,0.06123184412717819
76.69431,POS,,,,,,,,,,,,,,,,20.35282832366498,20.35008824283114,,,,,37.427503,-122.1694698,,,0.33395999994780823,,,,29.093721389770508,,,,,,
76.696809,GUIA,,0.0,,,,,,-30.000003814697266,0.0,-7.938953672237403e-07,0.0,0.0,6,90.00000762939453,0.0,,,,,,,,,,,,,,,,,,,,,
76.699308,GUIA,,0.0,,,,,,-30.000003814697266,0.0,-7.938953672237403e-07,0.0,0.0,6,90.00000762939453,0.0,,,,,,,,,,,,,,,,,,,,,
76.726797,GUIA,,0.0,,,,,,-30.000003814697266,0.0,-7.938953672237403e-07,0.0,0.0,6,90.00000762939453,0.0,,,,,,,,,,,,,,,,,,,,,
76.771779,GUIA,,0.0,,,,,,-30.000003814697266,0.0,-7.938953672237403e-07,0.0,0.0,6,90.00000762939453,0.0,,,,,,,,,,,,,,,,,,,,,
76.774278,GUIA,,0.0,,,,,,-30.000003814697266,0.0,-7.938953672237403e-07,0.0,0.0,6,90.00000762939453,0.0,,,,,,,,,,,,,,,,,,,,,
76.79427,ATT,3,,-29.99,0.0,90.0,0.01,0.0,-29.99,,0.02,,,,89.95,,,,,,,,,,,,,,,,,,,,,,
76.79427,XKF1,,,,,,,,,,,,,,,,21.272415371391503,21.269367218017578,,,9.223450423000793,,,,,,0.3601025938987732,9.222957078797476,,,,,,9.223250389099121,,9.223250389099121,0.06074508652091026
76.79427,POS,,,,,,,,,,,,,,,,21.272266020434216,21.26946668714574,,,,,37.4275031,-122.1694594,,,0.34509200007789786,,,,29.093952178955078,,,,,,
76.824258,GUIA,,0.0,,,,,,-30.000003814697266,0.0,-7.938953672237403e-07,0.0,0.0,6,90.00000762939453,0.0,,,,,,,,,,,,,,,,,,,,,
76.856745,GUIA,,0.0,,,,,,-30.000003814697266,0.0,-7.938953672237403e-07,0.0,0.0,6,90.00000762939453,0.0,,,,,,,,,,,,,,,,,,,,,
76.87423799999999,GUIA,,0.0,,,,,,-30.000003814697266,0.0,-7.938953672237403e-07,0.0,0.0,6,90.00000762939453,0.0,,,,,,,,,,,,,,,,,,,,,
76.89423,ATT,3,,-29.99,0.0,90.0,0.01,0.0,-29.99,,-0.01,,,,90.02,,,,,,,,,,,,,,,,,,,,,,
76.89423,XKF1,,,,,,,,,,,,,,,,22.195381356113227,22.19236946105957,,,9.283244470843128,,,,,,0.3656381368637085,9.282785198546089,,,,,,9.28304672241211,,9.28304672241211,0.06059253215789795
76.89423,POS,,,,,,,,,,,,,,,,22.19152848950921,22.188845130204076,,,,,37.4275031,-122.169449,,,0.34509200007789786,,,,29.09478187561035,,,,,,
76.931715,GUIA,,0.0,,,,,,-30.000003814697266,0.0,-7.938953672237403e-07,0.0,0.0,6,90.00000762939453,0.0,,,,,,,,,,,,,,,,,,,,,
76.931715,GUIA,,0.0,,,,,,-30.000003814697266,0.0,-7.938953672237403e-07,0.0,0.0,6,90.00000762939453,0.0,,,,,,,,,,,,,,,,,,,,,
76.976697,GUIA,,0.0,,,,,,-30.000003814697266,0.0,-7.938953672237403e-07,0.0,0.0,6,90.00000762939453,0.0,,,,,,,,,,,,,,,,,,,,,
76.99419,ATT,3,,-29.99,0.0,90.0,0.01,0.0,-29.99,,-0.03,,,,90.07,,,,,,,,,,,,,,,,,,,,,,
76.99419,XKF1,,,,,,,,,,,,,,,,23.121739408745043,23.11876106262207,,,9.33780434628219,,,,,,0.37110674381256104,9.337378023658498,,,,,,9.337607383728027,,9.337607383728027,0.060649458318948746
76.99419,POS,,,,,,,,,,,,,,,,23.119808217654185,23.117063751336357,,,,,37.4275032,-122.1694385,,,0.3562239994170113,,,,29.09513282775879,,,,,,
77.004186,GUIA,,0.0,,,,,,-30.000003814697266,0.0,-7.938953672237403e-07,0.0,0.0,6,90.00000762939453,0.0,,,,,,,,,,,,,,,,,,,,,
77.01668099999999,GUIA,,0.0,,,,,,-30.000003814697266,0.0,-7.938953672237403e-07,0.0,0.0,6,90.00000762939453,0.0,,,,,,,,,,,,,,,,,,,,,
77.072492,GUIA,,0.0,,,,,,-30.000003814697266,0.0,-7.938953672237403e-07,0.0,0.0,6,90.00000762939453,0.0,,,,,,,,,,,,,,,,,,,,,
77.094983,ATT,3,,-29.99,0.0,90.0,0.0,0.0,-30.0,,-0.04,,,,90.12,,,,,,,,,,,,,,,,,,,,,,
77.094983,XKF1,,,,,,,,,,,,,,,,24.05655299257082,24.053604125976562,,,9.38913554673337,,,,,,0.3766569197177887,9.388740783707064,,,,,,9.388937950134277,,9.388937950134277,0.06091373786330223
77.094983,POS,,,,,,,,,,,,,,,,24.047920906172152,24.045282372468638,,,,,37.4275032,-122.169428,,,0.3562239994170113,,,,29.095701217651367,,,,,,
77.107478,GUIA,,0.0,,,,,,-30.000003814697266,0.0,-7.938953672237403e-07,0.0,0.0,6,90.00000762939453,0.0,,,,,,,,,,,,,,,,,,,,,
77.122472,GUIA,,0.0,,,,,,-30.000003814697266,0.0,-7.938953672237403e-07,0.0,0.0,6,90.00000762939453,0.0,,,,,,,,,,,,,,,,,,,,,
77.16995299999999,GUIA,,0.0,,,,,,-30.000003814697266,0.0,-7.938953672237403e-07,0.0,0.0,6,90.00000762939453,0.0,,,,,,,,,,,,,,,,,,,,,
77.194943,ATT,3,,-29.99,0.0,90.0,0.0,0.0,-30.01,,-0.05,,,,90.15,,,,,,,,,,,,,,,,,,,,,,
77.194943,XKF1,,,,,,,,,,,,,,,,25.00198375097817,24.999061584472656,,,9.438934532808494,,,,,,0.38224518299102783,9.43856883820898,,,,,,9.438735961914062,,9.438735961914062,0.06122545152902603
77.194943,POS,,,,,,,,,,,,,,,,24.99388116241361,24.99118134723628,,,,,37.4275033,-122.1694173,,,0.36735599954710096,,,,29.096027374267578,,,,,,
77.204939,GUIA,,0.0,,,,,,-30.000003814697266,0.0,-7.938953672237403e-07,0.0,0.0,6,90.00000762939453,0.0,,,,,,,,,,,,,,,,,,,,,
77.247422,GUIA,,0.0,,,,,,-30.000003814697266,0.0,-7.938953672237403e-07,0.0,0.0,6,90.00000762939453,0.0,,,,,,,,,,,,,,,,,,,,,
77.249921,GUIA,,0.0,,,,,,-30.000003814697266,0.0,-7.938953672237403e-07,0.0,0.0,6,90.00000762939453,0.0,,,,,,,,,,,,,,,,,,,,,
77.294903,ATT,3,,-29.99,0.0,90.0,0.0,0.0,-30.01,,-0.06,,,,90.17,,,,,,,,,,,,,,,,,,,,,,
77.294903,XKF1,,,,,,,,,,,,,,,,25.952836914130756,25.94993782043457,,,9.485038046025254,,,,,,0.38790592551231384,9.484698595421456,,,,,,9.484838485717773,,9.484838485717773,0.06152750924229622
77.294903,POS,,,,,,,,,,,,,,,,25.94852098081805,25.94592050133414,,,,,37.4275033,-122.1694065,,,0.36735599954710096,,,,29.0966796875,,,,,,
77.31239599999999,GUIA,,0.0,,,,,,-30.000003814697266,0.0,-7.938953672237403e-07,0.0,0.0,6,90.00000762939453,0.0,,,,,,,,,,,,,,,,,,,,,
77.322392,GUIA,,0.0,,,,,,-30.000003814697266,0.0,-7.938953672237403e-07,0.0,0.0,6,90.00000762939453,0.0,,,,,,,,,,,,,,,,,,,,,
77.349881,GUIA,,0.0,,,,,,-30.000003814697266,0.0,-7.938953672237403e-07,0.0,0.0,6,90.00000762939453,0.0,,,,,,,,,,,,,,,,,,,,,
77.394863,ATT,3,,-29.99,0.0,90.0,0.0,0.0,-30.02,,-0.07,,,,90.17,,,,,,,,,,,,,,,,,,,,,,
77.394863,XKF1,,,,,,,,,,,,,,,,26.91947344556852,26.916595458984375,,,9.529367626377468,,,,,,0.3936235308647156,9.529053378238116,,,,,,9.529166221618652,,9.529166221618652,0.06195546314120293
77.394863,POS,,,,,,,,,,,,,,,,26.912161457603776,26.909499830993415,,,,,37.4275034,-122.1693956,,,0.3784879996771906,,,,29.09716033935547,,,,,,
77.404859,GUIA,,0.0,,,,,,-30.000003814697266,0.0,-7.938953672237403e-07,0.0,0.0,6,90.00000762939453,0.0,,,,,,,,,,,,,,,,,,,,,
77.407358,GUIA,,0.0,,,,,,-30.000003814697266,0.0,-7.938953672237403e-07,0.0,0.0,6,90.00000762939453,0.0,,,,,,,,,,,,,,,,,,,,,
77.44984099999999,GUIA,,0.0,,,,,,-30.000003814697266,0.0,-7.938953672237403e-07,0.0,0.0,6,90.00000762939453,0.0,,,,,,,,,,,,,,,,,,,,,
77.474831,GUIA,,0.0,,,,,,-30.000003814697266,0.0,-7.938953672237403e-07,0.0,0.0,6,90.00000762939453,0.0,,,,,,,,,,,,,,,,,,,,,
77.47733,GUIA,,0.0,,,,,,-30.000003814697266,0.0,-7.938953672237403e-07,0.0,0.0,6,90.00000762939453,0.0,,,,,,,,,,,,,,,,,,,,,
77.494823,ATT,3,,-29.99,0.0,90.0,0.0,0.0,-30.01,,-0.08,,,,90.17,,,,,,,,,,,,,,,,,,,,,,
77.494823,XKF1,,,,,,,,,,,,,,,,27.88180279214899,27.87894058227539,,,9.569226343500691,,,,,,0.3994983732700348,9.568936649967654,,,,,,9.569021224975586,,9.569021224975586,0.06265468150377274
77.494823,POS,,,,,,,,,,,,,,,,27.875648784054206,27.873079161908954,,,,,37.4275034,-122.1693847,,,0.3784879996771906,,,,29.097858428955078,,,,,,
77.539805,GUIA,,0.0,,,,,,-30.000003814697266,0.0,-7.938953672237403e-07,0.0,0.0,6,90.00000762939453,0.0,,,,,,,,,,,,,,,,,,,,,
77.5523,GUIA,,0.0,,,,,,-30.000003814697266,0.0,-7.938953672237403e-07,0.0,0.0,6,90.00000762939453,0.0,,,,,,,,,,,,,,,,,,,,,
77.57978899999999,GUIA,,0.0,,,,,,-30.000003814697266,0.0,-7.938953672237403e-07,0.0,0.0,6,90.00000762939453,0.0,,,,,,,,,,,,,,,,,,,,,
77.59478299999999,ATT,3,,-29.99,0.0,90.0,0.0,0.0,-30.02,,-0.08,,,,90.16,,,,,,,,,,,,,,,,,,,,,,
77.59478299999999,XKF1,,,,,,,,,,,,,,,,28.85025507273148,28.847402572631836,,,9.607161387076651,,,,,,0.40568777918815613,9.606895455914273,,,,,,9.606950759887695,,9.606950759887695,0.06361614912748337
77.59478299999999,POS,,,,,,,,,,,,,,,,28.8481298743017,28.845498669642176,,,,,37.4275035,-122.1693737,,,0.38961999980728024,,,,29.098344802856445,,,,,,
77.632268,GUIA,,0.0,,,,,,-30.000003814697266,0.0,-7.938953672237403e-07,0.0,0.0,6,90.00000762939453,0.0,,,,,,,,,,,,,,,,,,,,,
77.632268,GUIA,,0.0,,,,,,-30.000003814697266,0.0,-7.938953672237403e-07,0.0,0.0,6,90.00000762939453,0.0,,,,,,,,,,,,,,,,,,,,,
77.694743,GUIA,,0.0,,,,,,-30.000003814697266,0.0,-7.938953672237403e-07,0.0,0.0,6,90.00000762939453,0.0,,,,,,,,,,,,,,,,,,,,,
77.694743,ATT,3,,-29.99,0.0,90.0,0.0,0.0,-30.01,,-0.08,,,,90.14,,,,,,,,,,,,,,,,,,,,,,
77.694743,XKF1,,,,,,,,,,,,,,,,29.82102052684516,29.818174362182617,,,9.641341061103457,,,,,,0.4119987487792969,9.641096877701651,,,,,,9.641124725341797,,9.641124725341797,0.0645870491862297
77.694743,POS,,,,,,,,,,,,,,,,29.820611103699868,29.817918177375397,,,,,37.4275036,-122.1693627,,,0.4007519999373699,,,,29.099061965942383,,,,,,
77.70224,GUIA,,0.0,,,,,,-30.000003814697266,0.0,-7.938953672237403e-07,0.0,0.0,6,90.00000762939453,0.0,,,,,,,,,,,,,,,,,,,,,
77.742224,GUIA,,0.0,,,,,,-30.000003814697266,0.0,-7.938953672237403e-07,0.0,0.0,6,90.00000762939453,0.0,,,,,,,,,,,,,,,,,,,,,
77.774711,GUIA,,0.0,,,,,,-30.000003814697266,0.0,-7.938953672237403e-07,0.0,0.0,6,90.00000762939453,0.0,,,,,,,,,,,,,,,,,,,,,
77.779709,GUIA,,0.0,,,,,,-30.000003814697266,0.0,-7.938953672237403e-07,0.0,0.0,6,90.00000762939453,0.0,,,,,,,,,,,,,,,,,,,,,
77.794703,ATT,3,,-29.99,0.0,90.0,0.0,0.0,-30.01,,-0.08,,,,90.12,,,,,,,,,,,,,,,,,,,,,,
77.794703,XKF1,,,,,,,,,,,,,,,,30.796512461982473,30.793668746948242,,,9.67350020066594,,,,,,0.41850319504737854,9.67327687491233,,,,,,9.673276901245117,,9.673276901245117,0.06572765111923218
77.794703,POS,,,,,,,,,,,,,,,,30.792945569579928,30.790337683852353,,,,,37.4275036,-122.1693517,,,0.4007519999373699,,,,29.099681854248047,,,,,,
77.839685,GUIA,,0.0,,,,,,-30.000003814697266,0.0,-7.938953672237403e-07,0.0,0.0,6,90.00000762939453,0.0,,,,,,,,,,,,,,,,,,,,,
77.839685,GUIA,,0.0,,,,,,-30.000003814697266,0.0,-7.938953672237403e-07,0.0,0.0,6,90.00000762939453,0.0,,,,,,,,,,,,,,,,,,,,,
77.894663,ATT,3,,-29.99,0.0,90.0,0.0,0.0,-30.02,,-0.07,,,,90.1,,,,,,,,,,,,,,,,,,,,,,
77.894663,XKF1,,,,,,,,,,,,,,,,31.77355186822944,31.770708084106445,,,9.702548064790152,,,,,,0.42509546875953674,9.702344269310862,,,,,,9.702317237854004,,9.702317237854004,0.06692656874656677
77.894663,POS,,,,,,,,,,,,,,,,31.765427635105638,31.762757191585578,,,,,37.4275037,-122.1693407,,,0.4118840000674595,,,,29.10054588317871,,,,,,
77.899661,GUIA,,0.0,,,,,,-30.000003814697266,0.0,-7.938953672237403e-07,0.0,0.0,6,90.00000762939453,0.0,,,,,,,,,,,,,,,,,,,,,
77.907158,GUIA,,0.0,,,,,,-30.000003814697266,0.0,-7.938953672237403e-07,0.0,0.0,6,90.00000762939453,0.0,,,,,,,,,,,,,,,,,,,,,
77.949641,GUIA,,0.0,,,,,,-30.000003814697266,0.0,-7.938953672237403e-07,0.0,0.0,6,90.00000762939453,0.0,,,,,,,,,,,,,,,,,,,,,
77.97713,GUIA,,0.0,,,,,,-30.000003814697266,0.0,-7.938953672237403e-07,0.0,0.0,6,90.00000762939453,0.0,,,,,,,,,,,,,,,,,,,,,
77.987126,GUIA,,0.0,,,,,,-30.000003814697266,0.0,-7.938953672237403e-07,0.0,0.0,6,90.00000762939453,0.0,,,,,,,,,,,,,,,,,,,,,
77.994623,ATT,3,,-29.99,0.0,90.0,0.0,0.0,-30.03,,-0.06,,,,90.08,,,,,,,,,,,,,,,,,,,,,,
77.994623,XKF1,,,,,,,,,,,,,,,,32.7544793038262,32.75163269042969,,,9.730076673124293,,,,,,0.43182238936424255,9.729890551634925,,,,,,9.729838371276855,,9.729838371276855,0.06809797137975693
77.994623,POS,,,,,,,,,,,,,,,,32.746607300550885,32.744016877392745,,,,,37.4275037,-122.1693296,,,0.4118840000674595,,,,29.101272583007812,,,,,,
78.02711,GUIA,,0.0,,,,,,-30.000003814697266,0.0,-7.938953672237403e-07,0.0,0.0,6,90.00000762939453,0.0,,,,,,,,,,,,,,,,,,,,,
78.064595,GUIA,,0.0,,,,,,-30.000003814697266,0.0,-7.938953672237403e-07,0.0,0.0,6,90.00000762939453,0.0,,,,,,,,,,,,,,,,,,,,,
78.074591,GUIA,,0.0,,,,,,-30.000003814697266,0.0,-7.938953672237403e-07,0.0,0.0,6,90.00000762939453,0.0,,,,,,,,,,,,,,,,,,,,,
78.094583,ATT,3,,-29.99,0.0,90.0,0.0,0.0,-30.03,,-0.06,,,,90.06,,,,,,,,,,,,,,,,,,,,,,
78.094583,XKF1,,,,,,,,,,,,,,,,33.73652827099659,33.73367691040039,,,9.754993891036113,,,,,,0.4386135935783386,9.754823746721042,,,,,,9.754748344421387,,9.754748344421387,0.06921380758285522
78.094583,POS,,,,,,,,,,,,,,,,33.72792940154109,33.72527656194365,,,,,37.4275038,-122.1693185,,,0.423015999406573,,,,29.1021785736084,,,,,,
78.137066,GUIA,,0.0,,,,,,-30.000003814697266,0.0,-7.938953672237403e-07,0.0,0.0,6,90.00000762939453,0.0,,,,,,,,,,,,,,,,,,,,,
78.137066,GUIA,,0.0,,,,,,-30.000003814697266,0.0,-7.938953672237403e-07,0.0,0.0,6,90.00000762939453,0.0,,,,,,,,,,,,,,,,,,,,,
78.194543,ATT,3,,-29.99,0.0,90.0,0.0,0.0,-30.04,,-0.05,,,,90.04,,,,,,,,,,,,,,,,,,,,,,
78.194543,XKF1,,,,,,,,,,,,,,,,34.72196635438496,34.71910858154297,,,9.778669904716612,,,,,,0.44547370076179504,9.778514026125782,,,,,,9.778417587280273,,9.778417587280273,0.07024666666984558
78.194543,POS,,,,,,,,,,,,,,,,34.71809103025378,34.7153764245685,,,,,37.4275039,-122.1693073,,,0.4341479995366626,,,,29.102933883666992,,,,,,
78.197042,GUIA,,0.0,,,,,,-30.000003814697266,0.0,-7.938953672237403e-07,0.0,0.0,6,90.00000762939453,0.0,,,,,,,,,,,,,,,,,,,,,
78.199541,GUIA,,0.0,,,,,,-30.000003814697266,0.0,-7.938953672237403e-07,0.0,0.0,6,90.00000762939453,0.0,,,,,,,,,,,,,,,,,,,,,
78.199541,GUIA,,0.0,,,,,,-30.000003814697266,0.0,-7.938953672237403e-07,0.0,0.0,6,90.00000762939453,0.0,,,,,,,,,,,,,,,,,,,,,
78.199541,GUIA,,0.0,,,,,,-30.000003814697266,0.0,-7.938953672237403e-07,0.0,0.0,6,90.00000762939453,0.0,,,,,,,,,,,,,,,,,,,,,
78.254519,GUIA,,0.0,,,,,,-30.000003814697266,0.0,-7.938953672237403e-07,0.0,0.0,6,90.00000762939453,0.0,,,,,,,,,,,,,,,,,,,,,
78.29450299999999,ATT,3,,-29.99,0.0,90.0,0.0,0.0,-30.05,,-0.04,,,,90.02,,,,,,,,,,,,,,,,,,,,,,
78.29450299999999,XKF1,,,,,,,,,,,,,,,,35.708103940924026,35.705238342285156,,,9.799938601159832,,,,,,0.4523737132549286,9.799795673894389,,,,,,9.79967975616455,,9.79967975616455,0.07122684270143509
78.29450299999999,POS,,,,,,,,,,,,,,,,35.708115623494166,35.70547628719335,,,,,37.4275039,-122.1692961,,,0.4341479995366626,,,,29.103918075561523,,,,,,
78.321992,GUIA,,0.0,,,,,,-30.000003814697266,0.0,-7.938953672237403e-07,0.0,0.0,6,90.00000762939453,0.0,,,,,,,,,,,,,,,,,,,,,
78.371972,GUIA,,0.0,,,,,,-30.000003814697266,0.0,-7.938953672237403e-07,0.0,0.0,6,90.00000762939453,0.0,,,,,,,,,,,,,,,,,,,,,
78.371972,GUIA,,0.0,,,,,,-30.000003814697266,0.0,-7.938953672237403e-07,0.0,0.0,6,90.00000762939453,0.0,,,,,,,,,,,,,,,,,,,,,
78.394463,ATT,3,,-29.99,0.0,90.0,0.0,0.0,-30.05,,-0.03,,,,90.0,,,,,,,,,,,,,,,,,,,,,,
78.394463,XKF1,,,,,,,,,,,,,,,,36.69700765635494,36.69413375854492,,,9.820134541217824,,,,,,0.4592587947845459,9.820003046332351,,,,,,9.819869995117188,,9.819869995117188,0.07208111137151718
78.394463,POS,,,,,,,,,,,,,,,,36.68943813331811,36.686735971744255,,,,,37.427504,-122.169285,,,0.44527999966675225,,,,29.1048583984375,,,,,,
78.424451,GUIA,,0.0,,,,,,-30.000003814697266,0.0,-7.938953672237403e-07,0.0,0.0,6,90.00000762939453,0.0,,,,,,,,,,,,,,,,,,,,,
78.43944499999999,GUIA,,0.0,,,,,,-30.000003814697266,0.0,-7.938953672237403e-07,0.0,0.0,6,90.00000762939453,0.0,,,,,,,,,,,,,,,,,,,,,
78.474431,GUIA,,0.0,,,,,,-30.000003814697266,0.0,-7.938953672237403e-07,0.0,0.0,6,90.00000762939453,0.0,,,,,,,,,,,,,,,,,,,,,
78.481928,GUIA,,0.0,,,,,,-30.000003814697266,0.0,-7.938953672237403e-07,0.0,0.0,6,90.00000762939453,0.0,,,,,,,,,,,,,,,,,,,,,
78.486926,GUIA,,0.0,,,,,,-30.000003814697266,0.0,-7.938953672237403e-07,0.0,0.0,6,90.00000762939453,0.0,,,,,,,,,,,,,,,,,,,,,
78.494423,ATT,3,,-29.99,0.0,90.0,0.0,0.0,-30.05,,-0.02,,,,89.98,,,,,,,,,,,,,,,,,,,,,,
78.494423,XKF1,,,,,,,,,,,,,,,,37.68651919146178,37.68363571166992,,,9.838290733019123,,,,,,0.4661848545074463,9.838169902093238,,,,,,9.838020324707031,,9.838020324707031,0.07294270396232605
78.494423,POS,,,,,,,,,,,,,,,,37.67946699156058,37.67683583436911,,,,,37.427504,-122.1692738,,,0.44527999966675225,,,,29.1059627532959,,,,,,
78.564395,GUIA,,0.0,,,,,,-30.000003814697266,0.0,-7.938953672237403e-07,0.0,0.0,6,90.00000762939453,0.0,,,,,,,,,,,,,,,,,,,,,
78.594383,ATT,3,,-29.99,0.0,90.0,0.0,0.0,-30.03,,-0.01,,,,89.96,,,,,,,,,,,,,,,,,,,,,,
78.594383,XKF1,,,,,,,,,,,,,,,,38.678731253468705,38.675838470458984,,,9.85539643613598,,,,,,0.4730433225631714,9.85528467675096,,,,,,9.855121612548828,,9.855121612548828,0.07359969615936279
78.594383,POS,,,,,,,,,,,,,,,,38.67846883415719,38.67577587381164,,,,,37.4275041,-122.1692625,,,0.4564119997968419,,,,29.10698699951172,,,,,,
78.604379,GUIA,,0.0,,,,,,-30.000003814697266,0.0,-7.938953672237403e-07,0.0,0.0,6,90.00000762939453,0.0,,,,,,,,,,,,,,,,,,,,,
78.611876,GUIA,,0.0,,,,,,-30.000003814697266,0.0,-7.938953672237403e-07,0.0,0.0,6,90.00000762939453,0.0,,,,,,,,,,,,,,,,,,,,,
78.669353,GUIA,,0.0,,,,,,-30.000003814697266,0.0,-7.938953672237403e-07,0.0,0.0,6,90.00000762939453,0.0,,,,,,,,,,,,,,,,,,,,,
78.671852,GUIA,,0.0,,,,,,-30.000003814697266,0.0,-7.938953672237403e-07,0.0,0.0,6,90.00000762939453,0.0,,,,,,,,,,,,,,,,,,,,,
78.694343,ATT,3,,-29.99,0.0,90.0,0.0,0.0,-30.01,,0.0,,,,89.95,,,,,,,,,,,,,,,,,,,,,,
78.694343,XKF1,,,,,,,,,,,,,,,,39.67007979381326,39.66717529296875,,,9.869439836995994,,,,,,0.48003658652305603,9.869336355142272,,,,,,9.869160652160645,,9.869160652160645,0.07423420995473862
78.694343,POS,,,,,,,,,,,,,,,,39.668631124987016,39.66587573643649,,,,,37.4275042,-122.1692513,,,0.4675439999269315,,,,29.108205795288086,,,,,,
78.72183199999999,GUIA,,0.0,,,,,,-30.000003814697266,0.0,-7.938953672237403e-07,0.0,0.0,6,90.00000762939453,0.0,,,,,,,,,,,,,,,,,,,,,
78.749321,GUIA,,0.0,,,,,,-30.000003814697266,0.0,-7.938953672237403e-07,0.0,0.0,6,90.00000762939453,0.0,,,,,,,,,,,,,,,,,,,,,
78.794303,ATT,3,,-29.99,0.0,90.0,0.0,0.0,-29.99,,0.01,,,,89.94,,,,,,,,,,,,,,,,,,,,,,
78.794303,XKF1,,,,,,,,,,,,,,,,40.65606257280285,40.65314865112305,,,9.879562682015433,,,,,,0.4867531955242157,9.879465531600983,,,,,,9.879281997680664,,9.879281997680664,0.07447145879268646
78.794303,POS,,,,,,,,,,,,,,,,40.6498242963479,40.6471354209874,,,,,37.4275042,-122.1692402,,,0.4675439999269315,,,,29.109291076660156,,,,,,
78.821792,GUIA,,0.0,,,,,,-30.000003814697266,0.0,-7.938953672237403e-07,0.0,0.0,6,90.00000762939453,0.0,,,,,,,,,,,,,,,,,,,,,
78.849281,GUIA,,0.0,,,,,,-30.000003814697266,0.0,-7.938953672237403e-07,0.0,0.0,6,90.00000762939453,0.0,,,,,,,,,,,,,,,,,,,,,
78.85677799999999,GUIA,,0.0,,,,,,-30.000003814697266,0.0,-7.938953672237403e-07,0.0,0.0,6,90.00000762939453,0.0,,,,,,,,,,,,,,,,,,,,,
78.894263,ATT,3,,-29.99,0.0,90.0,0.0,0.0,-29.98,,0.02,,,,89.94,,,,,,,,,,,,,,,,,,,,,,
78.894263,XKF1,,,,,,,,,,,,,,,,41.64301667666614,41.64009094238281,,,9.8881293032811,,,,,,0.4936235845088959,9.888037479143955,,,,,,9.887847900390625,,9.887847900390625,0.07459904253482819
78.894263,POS,,,,,,,,,,,,,,,,41.63998670479994,41.63723528361225,,,,,37.4275043,-122.169229,,,0.47867600005702116,,,,29.110456466674805,,,,,,
78.914255,GUIA,,0.0,,,,,,-30.000003814697266,0.0,-7.938953672237403e-07,0.0,0.0,6,90.00000762939453,0.0,,,,,,,,,,,,,,,,,,,,,
78.914255,GUIA,,0.0,,,,,,-30.000003814697266,0.0,-7.938953672237403e-07,0.0,0.0,6,90.00000762939453,0.0,,,,,,,,,,,,,,,,,,,,,
78.971732,GUIA,,0.0,,,,,,-30.000003814697266,0.0,-7.938953672237403e-07,0.0,0.0,6,90.00000762939453,0.0,,,,,,,,,,,,,,,,,,,,,
78.994223,ATT,3,,-29.99,0.0,90.0,0.0,0.0,-29.97,,0.03,,,,89.94,,,,,,,,,,,,,,,,,,,,,,
78.994223,XKF1,,,,,,,,,,,,,,,,42.62762105752918,42.62468719482422,,,9.894968920705976,,,,,,0.5001185536384583,9.894880889920715,,,,,,9.894689559936523,,9.894689559936523,0.07435357570648193
78.994223,POS,,,,,,,,,,,,,,,,42.621183043932255,42.61849496816315,,,,,37.4275043,-122.1692179,,,0.47867600005702116,,,,29.111419677734375,,,,,,
78.99672199999999,GUIA,,0.0,,,,,,-30.000003814697266,0.0,-7.938953672237403e-07,0.0,0.0,6,90.00000762939453,0.0,,,,,,,,,,,,,,,,,,,,,
78.99922099999999,GUIA,,0.0,,,,,,-30.000003814697266,0.0,-7.938953672237403e-07,0.0,0.0,6,90.00000762939453,0.0,,,,,,,,,,,,,,,,,,,,,
79.064195,GUIA,,0.0,,,,,,-30.000003814697266,0.0,-7.938953672237403e-07,0.0,0.0,6,90.00000762939453,0.0,,,,,,,,,,,,,,,,,,,,,
79.064195,GUIA,,0.0,,,,,,-30.000003814697266,0.0,-7.938953672237403e-07,0.0,0.0,6,90.00000762939453,0.0,,,,,,,,,,,,,,,,,,,,,
79.071692,GUIA,,0.0,,,,,,-30.000003814697266,0.0,-7.938953672237403e-07,0.0,0.0,6,90.00000762939453,0.0,,,,,,,,,,,,,,,,,,,,,
79.094183,ATT,3,,-29.99,0.0,90.0,0.0,0.0,-29.97,,0.03,,,,89.95,,,,,,,,,,,,,,,,,,,,,,
79.094183,XKF1,,,,,,,,,,,,,,,,43.613795903870965,43.6108512878418,,,9.90106082933266,,,,,,0.5067968964576721,9.900976660262879,,,,,,9.900782585144043,,9.900782585144043,0.07422767579555511
79.094183,POS,,,,,,,,,,,,,,,,43.61134548477153,43.608594830788,,,,,37.4275044,-122.1692067,,,0.4898079993961346,,,,29.112380981445312,,,,,,
79.129169,GUIA,,0.0,,,,,,-30.000003814697266,0.0,-7.938953672237403e-07,0.0,0.0,6,90.00000762939453,0.0,,,,,,,,,,,,,,,,,,,,,
79.172485,GUIA,,0.0,,,,,,-30.000003814697266,0.0,-7.938953672237403e-07,0.0,0.0,6,90.00000762939453,0.0,,,,,,,,,,,,,,,,,,,,,
79.172485,GUIA,,0.0,,,,,,-30.000003814697266,0.0,-7.938953672237403e-07,0.0,0.0,6,90.00000762939453,0.0,,,,,,,,,,,,,,,,,,,,,
79.194976,ATT,3,,-29.99,0.0,90.0,0.0,0.0,-29.97,,0.03,,,,89.96,,,,,,,,,,,,,,,,,,,,,,
79.194976,XKF1,,,,,,,,,,,,,,,,44.59909015173572,44.596134185791016,,,9.9066009687793,,,,,,0.5134764313697815,9.906520086423184,,,,,,9.90632438659668,,9.90632438659668,0.07402636110782623
79.194976,POS,,,,,,,,,,,,,,,,44.59266830650805,44.58985451659517,,,,,37.4275045,-122.1691956,,,0.5009399995262243,,,,29.113296508789062,,,,,,
79.232461,GUIA,,0.0,,,,,,-30.000003814697266,0.0,-7.938953672237403e-07,0.0,0.0,6,90.00000762939453,0.0,,,,,,,,,,,,,,,,,,,,,
79.239958,GUIA,,0.0,,,,,,-30.000003814697266,0.0,-7.938953672237403e-07,0.0,0.0,6,90.00000762939453,0.0,,,,,,,,,,,,,,,,,,,,,
79.27994199999999,GUIA,,0.0,,,,,,-30.000003814697266,0.0,-7.938953672237403e-07,0.0,0.0,6,90.00000762939453,0.0,,,,,,,,,,,,,,,,,,,,,
79.29493599999999,ATT,3,,-29.99,0.0,90.0,0.0,0.0,-29.97,,0.02,,,,89.98,,,,,,,,,,,,,,,,,,,,,,
79.29493599999999,XKF1,,,,,,,,,,,,,,,,45.588123937957235,45.58515548706055,,,9.912588334258709,,,,,,0.5202339887619019,9.91251093211079,,,,,,9.912312507629395,,9.912312507629395,0.07394751906394958
79.29493599999999,POS,,,,,,,,,,,,,,,,45.58270704971769,45.57995437796376,,,,,37.4275045,-122.1691844,,,0.5009399995262243,,,,29.114294052124023,,,,,,
79.304932,GUIA,,0.0,,,,,,-30.000003814697266,0.0,-7.938953672237403e-07,0.0,0.0,6,90.00000762939453,0.0,,,,,,,,,,,,,,,,,,,,,
79.322425,GUIA,,0.0,,,,,,-30.000003814697266,0.0,-7.938953672237403e-07,0.0,0.0,6,90.00000762939453,0.0,,,,,,,,,,,,,,,,,,,,,
79.372405,GUIA,,0.0,,,,,,-30.000003814697266,0.0,-7.938953672237403e-07,0.0,0.0,6,90.00000762939453,0.0,,,,,,,,,,,,,,,,,,,,,
79.394896,ATT,3,,-29.99,0.0,90.0,0.0,0.0,-29.98,,0.01,,,,89.99,,,,,,,,,,,,,,,,,,,,,,
79.394896,XKF1,,,,,,,,,,,,,,,,46.58346693999685,46.58048629760742,,,9.920511850392622,,,,,,0.5269615054130554,9.920437829115366,,,,,,9.920236587524414,,9.920236587524414,0.07390142977237701
79.394896,POS,,,,,,,,,,,,,,,,46.58170910344258,46.57889441866255,,,,,37.4275046,-122.1691731,,,0.5120719996563139,,,,29.115253448486328,,,,,,
79.442377,GUIA,,0.0,,,,,,-30.000003814697266,0.0,-7.938953672237403e-07,0.0,0.0,6,90.00000762939453,0.0,,,,,,,,,,,,,,,,,,,,,
79.442377,GUIA,,0.0,,,,,,-30.000003814697266,0.0,-7.938953672237403e-07,0.0,0.0,6,90.00000762939453,0.0,,,,,,,,,,,,,,,,,,,,,
79.494856,ATT,3,,-29.99,0.0,90.0,0.0,0.0,-29.99,,0.01,,,,90.0,,,,,,,,,,,,,,,,,,,,,,
79.494856,XKF1,,,,,,,,,,,,,,,,47.58842031350838,47.585426330566406,,,9.92785226439427,,,,,,0.5338060259819031,9.92778215928152,,,,,,9.927576065063477,,9.927576065063477,0.07405441254377365
79.494856,POS,,,,,,,,,,,,,,,,47.580590049469585,47.57783445810509,,,,,37.4275046,-122.1691618,,,0.5120719996563139,,,,29.116228103637695,,,,,,
79.512349,GUIA,,0.0,,,,,,-30.000003814697266,0.0,-7.938953672237403e-07,0.0,0.0,6,90.00000762939453,0.0,,,,,,,,,,,,,,,,,,,,,
79.512349,GUIA,,0.0,,,,,,-30.000003814697266,0.0,-7.938953672237403e-07,0.0,0.0,6,90.00000762939453,0.0,,,,,,,,,,,,,,,,,,,,,
79.56982599999999,GUIA,,0.0,,,,,,-30.000003814697266,0.0,-7.938953672237403e-07,0.0,0.0,6,90.00000762939453,0.0,,,,,,,,,,,,,,,,,,,,,
79.592317,GUIA,,0.0,,,,,,-30.000003814697266,0.0,-7.938953672237403e-07,0.0,0.0,6,90.00000762939453,0.0,,,,,,,,,,,,,,,,,,,,,
79.594816,ATT,3,,-29.99,0.0,90.0,0.0,0.0,-29.99,,0.01,,,,90.01,,,,,,,,,,,,,,,,,,,,,,
79.594816,XKF1,,,,,,,,,,,,,,,,48.58922235087468,48.58621597290039,,,9.936049952800557,,,,,,0.5405054092407227,9.935983534429937,,,,,,9.935772895812988,,9.935772895812988,0.07419991493225098
79.594816,POS,,,,,,,,,,,,,,,,48.58843170664488,48.5856146743653,,,,,37.4275047,-122.1691504,,,0.5232039997864035,,,,29.117095947265625,,,,,,
79.644796,GUIA,,0.0,,,,,,-30.000003814697266,0.0,-7.938953672237403e-07,0.0,0.0,6,90.00000762939453,0.0,,,,,,,,,,,,,,,,,,,,,
79.644796,GUIA,,0.0,,,,,,-30.000003814697266,0.0,-7.938953672237403e-07,0.0,0.0,6,90.00000762939453,0.0,,,,,,,,,,,,,,,,,,,,,
79.694776,ATT,3,,-29.99,0.0,90.0,0.0,0.0,-29.99,,0.01,,,,90.01,,,,,,,,,,,,,,,,,,,,,,
79.694776,XKF1,,,,,,,,,,,,,,,,49.58997198772096,49.586952209472656,,,9.94330060328348,,,,,,0.5472589135169983,9.943237602057035,,,,,,9.943022727966309,,9.943022727966309,0.07433652132749557
79.694776,POS,,,,,,,,,,,,,,,,49.58743370302594,49.5845547150641,,,,,37.4275048,-122.1691391,,,0.5343359999164932,,,,29.11800193786621,,,,,,
79.70976999999999,GUIA,,0.0,,,,,,-30.000003814697266,0.0,-7.938953672237403e-07,0.0,0.0,6,90.00000762939453,0.0,,,,,,,,,,,,,,,,,,,,,
79.70976999999999,GUIA,,0.0,,,,,,-30.000003814697266,0.0,-7.938953672237403e-07,0.0,0.0,6,90.00000762939453,0.0,,,,,,,,,,,,,,,,,,,,,
79.747255,GUIA,,0.0,,,,,,-30.000003814697266,0.0,-7.938953672237403e-07,0.0,0.0,6,90.00000762939453,0.0,,,,,,,,,,,,,,,,,,,,,
79.777243,GUIA,,0.0,,,,,,-30.000003814697266,0.0,-7.938953672237403e-07,0.0,0.0,6,90.00000762939453,0.0,,,,,,,,,,,,,,,,,,,,,
79.78474,GUIA,,0.0,,,,,,-30.000003814697266,0.0,-7.938953672237403e-07,0.0,0.0,6,90.00000762939453,0.0,,,,,,,,,,,,,,,,,,,,,
79.794736,ATT,3,,-29.99,0.0,90.0,0.0,0.0,-29.99,,0.01,,,,90.0,,,,,,,,,,,,,,,,,,,,,,
79.794736,XKF1,,,,,,,,,,,,,,,,50.59326853384801,50.59023666381836,,,9.950806204602795,,,,,,0.5538729429244995,9.950746226896976,,,,,,9.950528144836426,,9.950528144836426,0.07438924908638
79.794736,POS,,,,,,,,,,,,,,,,50.58631689043992,50.58349475450663,,,,,37.4275048,-122.1691278,,,0.5343359999164932,,,,29.11890411376953,,,,,,
79.84471599999999,GUIA,,0.0,,,,,,-30.000003814697266,0.0,-7.938953672237403e-07,0.0,0.0,6,90.00000762939453,0.0,,,,,,,,,,,,,,,,,,,,,
79.84721499999999,GUIA,,0.0,,,,,,-30.000003814697266,0.0,-7.938953672237403e-07,0.0,0.0,6,90.00000762939453,0.0,,,,,,,,,,,,,,,,,,,,,
79.894696,ATT,3,,-29.99,0.0,90.0,0.0,0.0,-30.0,,0.02,,,,89.98,,,,,,,,,,,,,,,,,,,,,,
79.894696,XKF1,,,,,,,,,,,,,,,,51.59591487817351,51.59286880493164,,,9.957454814373675,,,,,,0.5606430172920227,9.957397745492298,,,,,,9.957176208496094,,9.957176208496094,0.07448713481426239
79.894696,POS,,,,,,,,,,,,,,,,51.59415847339671,51.591274972023115,,,,,37.4275049,-122.1691164,,,0.5454680000465828,,,,29.119813919067383,,,,,,
79.914688,GUIA,,0.0,,,,,,-30.000003814697266,0.0,-7.938953672237403e-07,0.0,0.0,6,90.00000762939453,0.0,,,,,,,,,,,,,,,,,,,,,
79.914688,GUIA,,0.0,,,,,,-30.000003814697266,0.0,-7.938953672237403e-07,0.0,0.0,6,90.00000762939453,0.0,,,,,,,,,,,,,,,,,,,,,
79.972165,GUIA,,0.0,,,,,,-30.000003814697266,0.0,-7.938953672237403e-07,0.0,0.0,6,90.00000762939453,0.0,,,,,,,,,,,,,,,,,,,,,
79.99465599999999,GUIA,,0.0,,,,,,-30.000003814697266,0.0,-7.938953672237403e-07,0.0,0.0,6,90.00000762939453,0.0,,,,,,,,,,,,,,,,,,,,,
79.99465599999999,ATT,3,,-29.99,0.0,90.0,0.0,0.0,-30.01,,0.03,,,,89.97,,,,,,,,,,,,,,,,,,,,,,
79.99465599999999,XKF1,,,,,,,,,,,,,,,,52.60030148297281,52.59724044799805,,,9.96405522958917,,,,,,0.5674622058868408,9.964000652718385,,,,,,9.963776588439941,,9.963776588439941,0.07451653480529785
79.99465599999999,POS,,,,,,,,,,,,,,,,52.593043744313384,52.590215011465645,,,,,37.4275049,-122.1691051,,,0.5454680000465828,,,,29.12071418762207,,,,,,
79.99715499999999,GUIA,,0.0,,,,,,-30.000003814697266,0.0,-7.938953672237403e-07,0.0,0.0,6,90.00000762939453,0.0,,,,,,,,,,,,,,,,,,,,,
80.062129,GUIA,,0.0,,,,,,-30.000003814697266,0.0,-7.938953672237403e-07,0.0,0.0,6,90.00000762939453,0.0,,,,,,,,,,,,,,,,,,,,,
80.062129,GUIA,,0.0,,,,,,-30.000003814697266,0.0,-7.938953672237403e-07,0.0,0.0,6,90.00000762939453,0.0,,,,,,,,,,,,,,,,,,,,,
80.094616,ATT,3,,-29.99,0.0,90.0,0.0,0.0,-30.02,,0.03,,,,89.97,,,,,,,,,,,,,,,,,,,,,,
80.094616,XKF1,,,,,,,,,,,,,,,,53.60387286958113,53.60079574584961,,,9.969927086164962,,,,,,0.5743535757064819,9.969875249929354,,,,,,9.969647407531738,,9.969647407531738,0.07467712461948395
80.094616,POS,,,,,,,,,,,,,,,,53.600885216483505,53.59799522772586,,,,,37.427505,-122.1690937,,,0.5565999993856963,,,,29.121536254882812,,,,,,
80.117107,GUIA,,0.0,,,,,,-30.000003814697266,0.0,-7.938953672237403e-07,0.0,0.0,6,90.00000762939453,0.0,,,,,,,,,,,,,,,,,,,,,
80.12960199999999,GUIA,,0.0,,,,,,-30.000003814697266,0.0,-7.938953672237403e-07,0.0,0.0,6,90.00000762939453,0.0,,,,,,,,,,,,,,,,,,,,,
80.149594,GUIA,,0.0,,,,,,-30.000003814697266,0.0,-7.938953672237403e-07,0.0,0.0,6,90.00000762939453,0.0,,,,,,,,,,,,,,,,,,,,,
80.194576,ATT,3,,-29.99,0.0,90.0,0.0,0.0,-30.02,,0.02,,,,89.97,,,,,,,,,,,,,,,,,,,,,,
80.194576,XKF1,,,,,,,,,,,,,,,,54.60887438575943,54.60578155517578,,,9.97596773344879,,,,,,0.5811905264854431,9.975918516380712,,,,,,9.975687026977539,,9.975687026977539,0.07483687996864319
80.194576,POS,,,,,,,,,,,,,,,,54.60872669820736,54.605775445242344,,,,,37.4275051,-122.1690823,,,0.5677319995157859,,,,29.122400283813477,,,,,,
80.212069,GUIA,,0.0,,,,,,-30.000003814697266,0.0,-7.938953672237403e-07,0.0,0.0,6,90.00000762939453,0.0,,,,,,,,,,,,,,,,,,,,,
80.212069,GUIA,,0.0,,,,,,-30.000003814697266,0.0,-7.938953672237403e-07,0.0,0.0,6,90.00000762939453,0.0,,,,,,,,,,,,,,,,,,,,,
80.232061,GUIA,,0.0,,,,,,-30.000003814697266,0.0,-7.938953672237403e-07,0.0,0.0,6,90.00000762939453,0.0,,,,,,,,,,,,,,,,,,,,,
80.27954199999999,GUIA,,0.0,,,,,,-30.000003814697266,0.0,-7.938953672237403e-07,0.0,0.0,6,90.00000762939453,0.0,,,,,,,,,,,,,,,,,,,,,
80.294536,ATT,3,,-29.99,0.0,90.0,0.0,0.0,-30.02,,0.02,,,,89.97,,,,,,,,,,,,,,,,,,,,,,
80.294536,XKF1,,,,,,,,,,,,,,,,55.61298419812739,55.6098747253418,,,9.980987989811263,,,,,,0.588085412979126,9.980941628508008,,,,,,9.980705261230469,,9.980705261230469,0.0751248374581337
80.294536,POS,,,,,,,,,,,,,,,,55.60761372110862,55.604715484684874,,,,,37.4275051,-122.169071,,,0.5677319995157859,,,,29.123275756835938,,,,,,
80.299534,GUIA,,0.0,,,,,,-30.000003814697266,0.0,-7.938953672237403e-07,0.0,0.0,6,90.00000762939453,0.0,,,,,,,,,,,,,,,,,,,,,
80.329522,GUIA,,0.0,,,,,,-30.000003814697266,0.0,-7.938953672237403e-07,0.0,0.0,6,90.00000762939453,0.0,,,,,,,,,,,,,,,,,,,,,
80.362009,GUIA,,0.0,,,,,,-30.000003814697266,0.0,-7.938953672237403e-07,0.0,0.0,6,90.00000762939453,0.0,,,,,,,,,,,,,,,,,,,,,
80.379502,GUIA,,0.0,,,,,,-30.000003814697266,0.0,-7.938953672237403e-07,0.0,0.0,6,90.00000762939453,0.0,,,,,,,,,,,,,,,,,,,,,
80.394496,ATT,3,,-29.99,0.0,90.0,0.0,0.0,-30.02,,0.01,,,,89.98,,,,,,,,,,,,,,,,,,,,,,
80.394496,XKF1,,,,,,,,,,,,,,,,56.618218325279834,56.61509323120117,,,9.986000272952746,,,,,,0.5948653221130371,9.985956540422459,,,,,,9.985715866088867,,9.985715866088867,0.07536639273166656
80.394496,POS,,,,,,,,,,,,,,,,56.61545507334418,56.61249570220136,,,,,37.4275052,-122.1690596,,,0.5788639996458755,,,,29.124155044555664,,,,,,
80.429482,GUIA,,0.0,,,,,,-30.000003814697266,0.0,-7.938953672237403e-07,0.0,0.0,6,90.00000762939453,0.0,,,,,,,,,,,,,,,,,,,,,
80.446975,GUIA,,0.0,,,,,,-30.000003814697266,0.0,-7.938953672237403e-07,0.0,0.0,6,90.00000762939453,0.0,,,,,,,,,,,,,,,,,,,,,
80.474464,GUIA,,0.0,,,,,,-30.000003814697266,0.0,-7.938953672237403e-07,0.0,0.0,6,90.00000762939453,0.0,,,,,,,,,,,,,,,,,,,,,
80.494456,ATT,3,,-29.99,0.0,90.0,0.0,0.0,-30.02,,0.01,,,,89.99,,,,,,,,,,,,,,,,,,,,,,
80.494456,XKF1,,,,,,,,,,,,,,,,57.62253794217852,57.6193962097168,,,9.989972964272605,,,,,,0.6017136573791504,9.98993201991358,,,,,,9.989686012268066,,9.989686012268066,0.07571791857481003
80.494456,POS,,,,,,,,,,,,,,,,57.61445672305966,57.61143574164389,,,,,37.4275053,-122.1690483,,,0.5899959997759652,,,,29.124971389770508,,,,,,
80.511949,GUIA,,0.0,,,,,,-30.000003814697266,0.0,-7.938953672237403e-07,0.0,0.0,6,90.00000762939453,0.0,,,,,,,,,,,,,,,,,,,,,
80.571925,GUIA,,0.0,,,,,,-30.000003814697266,0.0,-7.938953672237403e-07,0.0,0.0,6,90.00000762939453,0.0,,,,,,,,,,,,,,,,,,,,,
80.594416,ATT,3,,-29.99,0.0,90.0,0.0,0.0,-30.01,,0.01,,,,90.0,,,,,,,,,,,,,,,,,,,,,,
80.594416,XKF1,,,,,,,,,,,,,,,,58.62774870236786,58.62459182739258,,,9.993941638275821,,,,,,0.6084003448486328,9.993902984837769,,,,,,9.993653297424316,,9.993653297424316,0.07591600716114044
80.594416,POS,,,,,,,,,,,,,,,,58.622185006586314,58.61921595916037,,,,,37.4275053,-122.1690369,,,0.5899959997759652,,,,29.12574577331543,,,,,,
80.616907,GUIA,,0.0,,,,,,-30.000003814697266,0.0,-7.938953672237403e-07,0.0,0.0,6,90.00000762939453,0.0,,,,,,,,,,,,,,,,,,,,,
80.629402,GUIA,,0.0,,,,,,-30.000003814697266,0.0,-7.938953672237403e-07,0.0,0.0,6,90.00000762939453,0.0,,,,,,,,,,,,,,,,,,,,,
80.691877,GUIA,,0.0,,,,,,-30.000003814697266,0.0,-7.938953672237403e-07,0.0,0.0,6,90.00000762939453,0.0,,,,,,,,,,,,,,,,,,,,,
80.691877,GUIA,,0.0,,,,,,-30.000003814697266,0.0,-7.938953672237403e-07,0.0,0.0,6,90.00000762939453,0.0,,,,,,,,,,,,,,,,,,,,,
80.69437599999999,ATT,3,,-29.99,0.0,90.0,0.0,0.0,-30.0,,0.01,,,,90.01,,,,,,,,,,,,,,,,,,,,,,
80.69437599999999,XKF1,,,,,,,,,,,,,,,,59.631222730626924,59.628047943115234,,,9.99672443980681,,,,,,0.6153233647346497,9.996688366532283,,,,,,9.99643325805664,,9.99643325805664,0.07629968971014023
80.69437599999999,POS,,,,,,,,,,,,,,,,59.6300262265236,59.62699617542059,,,,,37.4275054,-122.1690255,,,0.6011279999060548,,,,29.126413345336914,,,,,,
80.736859,GUIA,,0.0,,,,,,-30.000003814697266,0.0,-7.938953672237403e-07,0.0,0.0,6,90.00000762939453,0.0,,,,,,,,,,,,,,,,,,,,,
80.756851,GUIA,,0.0,,,,,,-30.000003814697266,0.0,-7.938953672237403e-07,0.0,0.0,6,90.00000762939453,0.0,,,,,,,,,,,,,,,,,,,,,
80.769346,GUIA,,0.0,,,,,,-30.000003814697266,0.0,-7.938953672237403e-07,0.0,0.0,6,90.00000762939453,0.0,,,,,,,,,,,,,,,,,,,,,
80.794336,ATT,3,,-29.99,0.0,90.0,0.0,0.0,-30.0,,0.01,,,,90.01,,,,,,,,,,,,,,,,,,,,,,
80.794336,XKF1,,,,,,,,,,,,,,,,60.627596968451584,60.62440872192383,,,9.9964812874644,,,,,,0.6217566132545471,9.996446913884904,,,,,,9.996190071105957,,9.996190071105957,0.07630329579114914
80.794336,POS,,,,,,,,,,,,,,,,60.62007659973628,60.61709603804543,,,,,37.4275054,-122.1690143,,,0.6011279999060548,,,,29.12710189819336,,,,,,
80.821825,GUIA,,0.0,,,,,,-30.000003814697266,0.0,-7.938953672237403e-07,0.0,0.0,6,90.00000762939453,0.0,,,,,,,,,,,,,,,,,,,,,
80.84681499999999,GUIA,,0.0,,,,,,-30.000003814697266,0.0,-7.938953672237403e-07,0.0,0.0,6,90.00000762939453,0.0,,,,,,,,,,,,,,,,,,,,,
80.856811,GUIA,,0.0,,,,,,-30.000003814697266,0.0,-7.938953672237403e-07,0.0,0.0,6,90.00000762939453,0.0,,,,,,,,,,,,,,,,,,,,,
80.894296,ATT,3,,-29.99,0.0,90.0,0.0,0.0,-29.99,,0.02,,,,90.02,,,,,,,,,,,,,,,,,,,,,,
80.894296,XKF1,,,,,,,,,,,,,,,,61.62442461293283,61.621219635009766,,,9.996293123091412,,,,,,0.6284899115562439,9.996260760934689,,,,,,9.996000289916992,,9.996000289916992,0.0765140950679779
80.894296,POS,,,,,,,,,,,,,,,,61.619077924048355,61.61603607748797,,,,,37.4275055,-122.169003,,,0.6122600000361444,,,,29.127660751342773,,,,,,
80.914288,GUIA,,0.0,,,,,,-30.000003814697266,0.0,-7.938953672237403e-07,0.0,0.0,6,90.00000762939453,0.0,,,,,,,,,,,,,,,,,,,,,
80.914288,GUIA,,0.0,,,,,,-30.000003814697266,0.0,-7.938953672237403e-07,0.0,0.0,6,90.00000762939453,0.0,,,,,,,,,,,,,,,,,,,,,
80.971765,GUIA,,0.0,,,,,,-30.000003814697266,0.0,-7.938953672237403e-07,0.0,0.0,6,90.00000762939453,0.0,,,,,,,,,,,,,,,,,,,,,
80.994256,ATT,3,,-29.99,0.0,90.0,0.0,0.0,-29.99,,0.02,,,,90.02,,,,,,,,,,,,,,,,,,,,,,
80.994256,XKF1,,,,,,,,,,,,,,,,62.61703984405941,62.61382293701172,,,9.994634079257148,,,,,,0.6347094178199768,9.994602796671002,,,,,,9.994342803955078,,9.994342803955078,0.07630396634340286
80.994256,POS,,,,,,,,,,,,,,,,62.60923953329698,62.60613594011282,,,,,37.4275056,-122.1689918,,,0.6233920001662341,,,,29.12823486328125,,,,,,
80.999254,GUIA,,0.0,,,,,,-30.000003814697266,0.0,-7.938953672237403e-07,0.0,0.0,6,90.00000762939453,0.0,,,,,,,,,,,,,,,,,,,,,
81.001753,GUIA,,0.0,,,,,,-30.000003814697266,0.0,-7.938953672237403e-07,0.0,0.0,6,90.00000762939453,0.0,,,,,,,,,,,,,,,,,,,,,
81.064228,GUIA,,0.0,,,,,,-30.000003814697266,0.0,-7.938953672237403e-07,0.0,0.0,6,90.00000762939453,0.0,,,,,,,,,,,,,,,,,,,,,
81.064228,GUIA,,0.0,,,,,,-30.000003814697266,0.0,-7.938953672237403e-07,0.0,0.0,6,90.00000762939453,0.0,,,,,,,,,,,,,,,,,,,,,
81.094216,ATT,3,,-29.99,0.0,90.0,0.0,0.0,-29.99,,0.02,,,,90.02,,,,,,,,,,,,,,,,,,,,,,
81.094216,XKF1,,,,,,,,,,,,,,,,63.61103205736507,63.6077995300293,,,9.993263673736651,,,,,,0.6412786841392517,9.993234083595395,,,,,,9.992971420288086,,9.992971420288086,0.07642673701047897
81.094216,POS,,,,,,,,,,,,,,,,63.60813083207901,63.60507597955535,,,,,37.4275056,-122.1689805,,,0.6233920001662341,,,,29.128646850585938,,,,,,
81.12170499999999,GUIA,,0.0,,,,,,-30.000003814697266,0.0,-7.938953672237403e-07,0.0,0.0,6,90.00000762939453,0.0,,,,,,,,,,,,,,,,,,,,,
81.149194,GUIA,,0.0,,,,,,-30.000003814697266,0.0,-7.938953672237403e-07,0.0,0.0,6,90.00000762939453,0.0,,,,,,,,,,,,,,,,,,,,,
81.151693,GUIA,,0.0,,,,,,-30.000003814697266,0.0,-7.938953672237403e-07,0.0,0.0,6,90.00000762939453,0.0,,,,,,,,,,,,,,,,,,,,,
81.194176,ATT,3,,-29.99,0.0,90.0,0.0,0.0,-29.98,,0.02,,,,90.03,,,,,,,,,,,,,,,,,,,,,,
81.194176,XKF1,,,,,,,,,,,,,,,,64.60256268369896,64.59931945800781,,,9.991335232037272,,,,,,0.6473259329795837,9.991306501810996,,,,,,9.991044998168945,,9.991044998168945,0.07615486532449722
81.194176,POS,,,,,,,,,,,,,,,,64.59829225906927,64.5951758421802,,,,,37.4275057,-122.1689693,,,0.6345239995053475,,,,29.129131317138672,,,,,,
81.206671,GUIA,,0.0,,,,,,-30.000003814697266,0.0,-7.938953672237403e-07,0.0,0.0,6,90.00000762939453,0.0,,,,,,,,,,,,,,,,,,,,,
81.247488,GUIA,,0.0,,,,,,-30.000003814697266,0.0,-7.938953672237403e-07,0.0,0.0,6,90.00000762939453,0.0,,,,,,,,,,,,,,,,,,,,,
81.249987,GUIA,,0.0,,,,,,-30.000003814697266,0.0,-7.938953672237403e-07,0.0,0.0,6,90.00000762939453,0.0,,,,,,,,,,,,,,,,,,,,,
81.294969,ATT,3,,-29.99,0.0,90.0,0.0,0.0,-29.98,,0.01,,,,90.03,,,,,,,,,,,,,,,,,,,,,,
81.294969,XKF1,,,,,,,,,,,,,,,,65.597335049523,65.59407806396484,,,9.990609405144749,,,,,,0.6536731123924255,9.990581965887436,,,,,,9.99031925201416,,9.99031925201416,0.07614150643348694
81.294969,POS,,,,,,,,,,,,,,,,65.5971848404922,65.59411588162274,,,,,37.4275057,-122.168958,,,0.6345239995053475,,,,29.1295108795166,,,,,,
81.314961,GUIA,,0.0,,,,,,-30.000003814697266,0.0,-7.938953672237403e-07,0.0,0.0,6,90.00000762939453,0.0,,,,,,,,,,,,,,,,,,,,,
81.314961,GUIA,,0.0,,,,,,-30.000003814697266,0.0,-7.938953672237403e-07,0.0,0.0,6,90.00000762939453,0.0,,,,,,,,,,,,,,,,,,,,,
81.394929,ATT,3,,-29.99,0.0,90.0,0.0,0.0,-29.99,,0.0,,,,90.03,,,,,,,,,,,,,,,,,,,,,,
81.394929,XKF1,,,,,,,,,,,,,,,,66.59715139148972,66.59387969970703,,,9.992096103946265,,,,,,0.6601212024688721,9.992070415707968,,,,,,9.991804122924805,,9.991804122924805,0.07638664543628693
81.394929,POS,,,,,,,,,,,,,,,,66.59618584105243,66.59305592106527,,,,,37.4275058,-122.1689467,,,0.6456559996354372,,,,29.130094528198242,,,,,,
81.40242599999999,GUIA,,0.0,,,,,,-30.000003814697266,0.0,-7.938953672237403e-07,0.0,0.0,6,90.00000762939453,0.0,,,,,,,,,,,,,,,,,,,,,
81.40242599999999,GUIA,,0.0,,,,,,-30.000003814697266,0.0,-7.938953672237403e-07,0.0,0.0,6,90.00000762939453,0.0,,,,,,,,,,,,,,,,,,,,,
81.437412,GUIA,,0.0,,,,,,-30.000003814697266,0.0,-7.938953672237403e-07,0.0,0.0,6,90.00000762939453,0.0,,,,,,,,,,,,,,,,,,,,,
81.487392,GUIA,,0.0,,,,,,-30.000003814697266,0.0,-7.938953672237403e-07,0.0,0.0,6,90.00000762939453,0.0,,,,,,,,,,,,,,,,,,,,,
81.487392,GUIA,,0.0,,,,,,-30.000003814697266,0.0,-7.938953672237403e-07,0.0,0.0,6,90.00000762939453,0.0,,,,,,,,,,,,,,,,,,,,,
81.494889,ATT,3,,-29.99,0.0,90.0,0.0,0.0,-29.99,,0.0,,,,90.03,,,,,,,,,,,,,,,,,,,,,,
81.494889,XKF1,,,,,,,,,,,,,,,,67.59812222278846,67.59483337402344,,,9.993549094466342,,,,,,0.6668052077293396,9.993525709406178,,,,,,9.993252754211426,,9.993252754211426,0.07696034014225006
81.494889,POS,,,,,,,,,,,,,,,,67.59507962688554,67.59199596176407,,,,,37.4275058,-122.1689354,,,0.6456559996354372,,,,29.13071632385254,,,,,,
81.54986699999999,GUIA,,0.0,,,,,,-30.000003814697266,0.0,-7.938953672237403e-07,0.0,0.0,6,90.00000762939453,0.0,,,,,,,,,,,,,,,,,,,,,
81.54986699999999,GUIA,,0.0,,,,,,-30.000003814697266,0.0,-7.938953672237403e-07,0.0,0.0,6,90.00000762939453,0.0,,,,,,,,,,,,,,,,,,,,,
81.594849,ATT,3,,-29.99,0.0,90.0,0.0,0.0,-30.0,,-0.01,,,,90.03,,,,,,,,,,,,,,,,,,,,,,
81.594849,XKF1,,,,,,,,,,,,,,,,68.61068251450554,68.60737609863281,,,9.996148483206419,,,,,,0.6735725402832031,9.996127527480434,,,,,,9.99584674835205,,9.99584674835205,0.07766776531934738
81.594849,POS,,,,,,,,,,,,,,,,68.60292021591839,68.59977617802429,,,,,37.4275059,-122.168924,,,0.6567879997655268,,,,29.131452560424805,,,,,,
81.597348,GUIA,,0.0,,,,,,-30.000003814697266,0.0,-7.938953672237403e-07,0.0,0.0,6,90.00000762939453,0.0,,,,,,,,,,,,,,,,,,,,,
81.61734,GUIA,,0.0,,,,,,-30.000003814697266,0.0,-7.938953672237403e-07,0.0,0.0,6,90.00000762939453,0.0,,,,,,,,,,,,,,,,,,,,,
81.652326,GUIA,,0.0,,,,,,-30.000003814697266,0.0,-7.938953672237403e-07,0.0,0.0,6,90.00000762939453,0.0,,,,,,,,,,,,,,,,,,,,,
81.68481299999999,GUIA,,0.0,,,,,,-30.000003814697266,0.0,-7.938953672237403e-07,0.0,0.0,6,90.00000762939453,0.0,,,,,,,,,,,,,,,,,,,,,
81.68731199999999,GUIA,,0.0,,,,,,-30.000003814697266,0.0,-7.938953672237403e-07,0.0,0.0,6,90.00000762939453,0.0,,,,,,,,,,,,,,,,,,,,,
81.69480899999999,ATT,3,,-29.99,0.0,90.0,0.0,0.0,-30.0,,-0.01,,,,90.03,,,,,,,,,,,,,,,,,,,,,,
81.69480899999999,XKF1,,,,,,,,,,,,,,,,69.61476079269329,69.61143493652344,,,9.998506420212836,,,,,,0.6804750561714172,9.998488089897902,,,,,,9.998197555541992,,9.998197555541992,0.07858928292989731
81.69480899999999,POS,,,,,,,,,,,,,,,,69.61076083828311,69.60755639554077,,,,,37.427506,-122.1689126,,,0.6679199998956165,,,,29.132108688354492,,,,,,
81.757284,GUIA,,0.0,,,,,,-30.000003814697266,0.0,-7.938953672237403e-07,0.0,0.0,6,90.00000762939453,0.0,,,,,,,,,,,,,,,,,,,,,
81.762282,GUIA,,0.0,,,,,,-30.000003814697266,0.0,-7.938953672237403e-07,0.0,0.0,6,90.00000762939453,0.0,,,,,,,,,,,,,,,,,,,,,
81.794769,GUIA,,0.0,,,,,,-30.000003814697266,0.0,-7.938953672237403e-07,0.0,0.0,6,90.00000762939453,0.0,,,,,,,,,,,,,,,,,,,,,
81.794769,ATT,3,,-29.99,0.0,90.0,0.0,0.0,-30.01,,-0.02,,,,90.03,,,,,,,,,,,,,,,,,,,,,,
81.794769,XKF1,,,,,,,,,,,,,,,,70.62066932358265,70.61732482910156,,,10.001327232767675,,,,,,0.6872915625572205,10.001311197180407,,,,,,10.001011848449707,,10.001011848449707,0.07942558825016022
81.794769,POS,,,,,,,,,,,,,,,,70.61849532595298,70.61533661305724,,,,,37.427506,-122.1689012,,,0.6679199998956165,,,,29.132827758789062,,,,,,
81.82725599999999,GUIA,,0.0,,,,,,-30.000003814697266,0.0,-7.938953672237403e-07,0.0,0.0,6,90.00000762939453,0.0,,,,,,,,,,,,,,,,,,,,,
81.82725599999999,GUIA,,0.0,,,,,,-30.000003814697266,0.0,-7.938953672237403e-07,0.0,0.0,6,90.00000762939453,0.0,,,,,,,,,,,,,,,,,,,,,
81.894729,GUIA,,0.0,,,,,,-30.000003814697266,0.0,-7.938953672237403e-07,0.0,0.0,6,90.00000762939453,0.0,,,,,,,,,,,,,,,,,,,,,
81.894729,ATT,3,,-29.99,0.0,90.0,0.0,0.0,-30.01,,-0.02,,,,90.03,,,,,,,,,,,,,,,,,,,,,,
81.894729,XKF1,,,,,,,,,,,,,,,,71.62600011571337,71.62263488769531,,,10.003699381245404,,,,,,0.6943085193634033,10.003685712873503,,,,,,10.003376007080078,,10.003376007080078,0.0804348886013031
81.894729,POS,,,,,,,,,,,,,,,,71.62633577089363,71.62311682931745,,,,,37.4275061,-122.1688898,,,0.6790520000257061,,,,29.13343620300293,,,,,,
81.897228,GUIA,,0.0,,,,,,-30.000003814697266,0.0,-7.938953672237403e-07,0.0,0.0,6,90.00000762939453,0.0,,,,,,,,,,,,,,,,,,,,,
81.947208,GUIA,,0.0,,,,,,-30.000003814697266,0.0,-7.938953672237403e-07,0.0,0.0,6,90.00000762939453,0.0,,,,,,,,,,,,,,,,,,,,,
81.962202,GUIA,,0.0,,,,,,-30.000003814697266,0.0,-7.938953672237403e-07,0.0,0.0,6,90.00000762939453,0.0,,,,,,,,,,,,,,,,,,,,,
81.989691,GUIA,,0.0,,,,,,-30.000003814697266,0.0,-7.938953672237403e-07,0.0,0.0,6,90.00000762939453,0.0,,,,,,,,,,,,,,,,,,,,,
81.994689,ATT,3,,-29.99,0.0,90.0,0.0,0.0,-30.01,,-0.02,,,,90.03,,,,,,,,,,,,,,,,,,,,,,
81.994689,XKF1,,,,,,,,,,,,,,,,72.63266501398572,72.62928009033203,,,10.006408844915894,,,,,,0.7012136578559875,10.006397290420018,,,,,,10.006077766418457,,10.006077766418457,0.08139842748641968
81.994689,POS,,,,,,,,,,,,,,,,72.62523153469564,72.62205686876,,,,,37.4275061,-122.1688785,,,0.6790520000257061,,,,29.134151458740234,,,,,,
82.007184,GUIA,,0.0,,,,,,-30.000003814697266,0.0,-7.938953672237403e-07,0.0,0.0,6,90.00000762939453,0.0,,,,,,,,,,,,,,,,,,,,,
82.064661,GUIA,,0.0,,,,,,-30.000003814697266,0.0,-7.938953672237403e-07,0.0,0.0,6,90.00000762939453,0.0,,,,,,,,,,,,,,,,,,,,,
82.064661,GUIA,,0.0,,,,,,-30.000003814697266,0.0,-7.938953672237403e-07,0.0,0.0,6,90.00000762939453,0.0,,,,,,,,,,,,,,,,,,,,,
82.094649,ATT,3,,-29.99,0.0,90.0,0.0,0.0,-30.01,,-0.02,,,,90.02,,,,,,,,,,,,,,,,,,,,,,
82.094649,XKF1,,,,,,,,,,,,,,,,73.63847002963709,73.63506317138672,,,10.008582301052341,,,,,,0.7083361148834229,10.0085727672201,,,,,,10.0082426071167,,10.0082426071167,0.08245965093374252
82.094649,POS,,,,,,,,,,,,,,,,73.633071804086,73.62983708627647,,,,,37.4275062,-122.1688671,,,0.6901840001557957,,,,29.1347713470459,,,,,,
82.102146,GUIA,,0.0,,,,,,-30.000003814697266,0.0,-7.938953672237403e-07,0.0,0.0,6,90.00000762939453,0.0,,,,,,,,,,,,,,,,,,,,,
82.14213,GUIA,,0.0,,,,,,-30.000003814697266,0.0,-7.938953672237403e-07,0.0,0.0,6,90.00000762939453,0.0,,,,,,,,,,,,,,,,,,,,,
82.14213,GUIA,,0.0,,,,,,-30.000003814697266,0.0,-7.938953672237403e-07,0.0,0.0,6,90.00000762939453,0.0,,,,,,,,,,,,,,,,,,,,,
82.194609,ATT,3,,-29.99,0.0,90.0,0.0,0.0,-30.01,,-0.02,,,,90.02,,,,,,,,,,,,,,,,,,,,,,
82.194609,XKF1,,,,,,,,,,,,,,,,74.64511293023958,74.64168548583984,,,10.010992740961084,,,,,,0.715312659740448,10.010984958029567,,,,,,10.010644912719727,,10.010644912719727,0.08345112949609756
82.194609,POS,,,,,,,,,,,,,,,,74.64091211204885,74.63761730379295,,,,,37.4275063,-122.1688557,,,0.7013159994949092,,,,29.13545799255371,,,,,,
82.207104,GUIA,,0.0,,,,,,-30.000003814697266,0.0,-7.938953672237403e-07,0.0,0.0,6,90.00000762939453,0.0,,,,,,,,,,,,,,,,,,,,,
82.207104,GUIA,,0.0,,,,,,-30.000003814697266,0.0,-7.938953672237403e-07,0.0,0.0,6,90.00000762939453,0.0,,,,,,,,,,,,,,,,,,,,,
82.239591,GUIA,,0.0,,,,,,-30.000003814697266,0.0,-7.938953672237403e-07,0.0,0.0,6,90.00000762939453,0.0,,,,,,,,,,,,,,,,,,,,,
82.287072,GUIA,,0.0,,,,,,-30.000003814697266,0.0,-7.938953672237403e-07,0.0,0.0,6,90.00000762939453,0.0,,,,,,,,,,,,,,,,,,,,,
82.287072,GUIA,,0.0,,,,,,-30.000003814697266,0.0,-7.938953672237403e-07,0.0,0.0,6,90.00000762939453,0.0,,,,,,,,,,,,,,,,,,,,,
82.294569,ATT,3,,-29.99,0.0,90.0,0.0,0.0,-30.02,,-0.02,,,,90.02,,,,,,,,,,,,,,,,,,,,,,
82.294569,XKF1,,,,,,,,,,,,,,,,75.65090464024469,75.64745330810547,,,10.012922377979407,,,,,,0.7226208448410034,10.012916203460245,,,,,,10.012565612792969,,10.012565612792969,0.08452453464269638
82.294569,POS,,,,,,,,,,,,,,,,75.64864843536871,75.64539752005317,,,,,37.4275063,-122.1688443,,,0.7013159994949092,,,,29.136028289794922,,,,,,
82.329555,GUIA,,0.0,,,,,,-30.000003814697266,0.0,-7.938953672237403e-07,0.0,0.0,6,90.00000762939453,0.0,,,,,,,,,,,,,,,,,,,,,
82.364541,GUIA,,0.0,,,,,,-30.000003814697266,0.0,-7.938953672237403e-07,0.0,0.0,6,90.00000762939453,0.0,,,,,,,,,,,,,,,,,,,,,
82.36704,GUIA,,0.0,,,,,,-30.000003814697266,0.0,-7.938953672237403e-07,0.0,0.0,6,90.00000762939453,0.0,,,,,,,,,,,,,,,,,,,,,
82.39452899999999,ATT,3,,-29.99,0.0,90.0,0.0,0.0,-30.02,,-0.02,,,,90.02,,,,,,,,,,,,,,,,,,,,,,
82.39452899999999,XKF1,,,,,,,,,,,,,,,,76.65743693789659,76.65396118164062,,,10.014805987622912,,,,,,0.729981541633606,10.014801180450508,,,,,,10.014440536499023,,10.014440536499023,0.0855553075671196
82.39452899999999,POS,,,,,,,,,,,,,,,,76.6564885669805,76.65317773756965,,,,,37.4275064,-122.1688329,,,0.7124479996249988,,,,29.13665771484375,,,,,,
82.422018,GUIA,,0.0,,,,,,-30.000003814697266,0.0,-7.938953672237403e-07,0.0,0.0,6,90.00000762939453,0.0,,,,,,,,,,,,,,,,,,,,,
82.467,GUIA,,0.0,,,,,,-30.000003814697266,0.0,-7.938953672237403e-07,0.0,0.0,6,90.00000762939453,0.0,,,,,,,,,,,,,,,,,,,,,
82.467,GUIA,,0.0,,,,,,-30.000003814697266,0.0,-7.938953672237403e-07,0.0,0.0,6,90.00000762939453,0.0,,,,,,,,,,,,,,,,,,,,,
82.49199,GUIA,,0.0,,,,,,-30.000003814697266,0.0,-7.938953672237403e-07,0.0,0.0,6,90.00000762939453,0.0,,,,,,,,,,,,,,,,,,,,,
82.494489,ATT,3,,-29.99,0.0,90.0,0.0,0.0,-30.02,,-0.02,,,,90.01,,,,,,,,,,,,,,,,,,,,,,
82.494489,XKF1,,,,,,,,,,,,,,,,77.66310958320398,77.65960693359375,,,10.016115120478057,,,,,,0.7375913858413696,10.01611152498495,,,,,,10.015740394592285,,10.015740394592285,0.08663979917764664
82.494489,POS,,,,,,,,,,,,,,,,77.65548894489697,77.65211777701218,,,,,37.4275065,-122.1688216,,,0.7235799997550885,,,,29.13709831237793,,,,,,
82.529475,GUIA,,0.0,,,,,,-30.000003814697266,0.0,-7.938953672237403e-07,0.0,0.0,6,90.00000762939453,0.0,,,,,,,,,,,,,,,,,,,,,
82.569459,GUIA,,0.0,,,,,,-30.000003814697266,0.0,-7.938953672237403e-07,0.0,0.0,6,90.00000762939453,0.0,,,,,,,,,,,,,,,,,,,,,
82.571958,GUIA,,0.0,,,,,,-30.000003814697266,0.0,-7.938953672237403e-07,0.0,0.0,6,90.00000762939453,0.0,,,,,,,,,,,,,,,,,,,,,
82.594449,ATT,3,,-29.99,0.0,90.0,0.0,0.0,-30.02,,-0.01,,,,90.0,,,,,,,,,,,,,,,,,,,,,,
82.594449,XKF1,,,,,,,,,,,,,,,,78.6693918159028,78.66586303710938,,,10.01765406017575,,,,,,0.7451183199882507,10.017651412920413,,,,,,10.017271041870117,,10.017271041870117,0.08759990334510803
82.594449,POS,,,,,,,,,,,,,,,,78.66322597329517,78.65989799452866,,,,,37.4275065,-122.1688102,,,0.7235799997550885,,,,29.137540817260742,,,,,,
82.621938,GUIA,,0.0,,,,,,-30.000003814697266,0.0,-7.938953672237403e-07,0.0,0.0,6,90.00000762939453,0.0,,,,,,,,,,,,,,,,,,,,,
82.654425,GUIA,,0.0,,,,,,-30.000003814697266,0.0,-7.938953672237403e-07,0.0,0.0,6,90.00000762939453,0.0,,,,,,,,,,,,,,,,,,,,,
82.66692,GUIA,,0.0,,,,,,-30.000003814697266,0.0,-7.938953672237403e-07,0.0,0.0,6,90.00000762939453,0.0,,,,,,,,,,,,,,,,,,,,,
82.694409,ATT,3,,-29.99,0.0,90.0,0.0,0.0,-30.01,,0.0,,,,89.99,,,,,,,,,,,,,,,,,,,,,,
82.694409,XKF1,,,,,,,,,,,,,,,,79.67478452570198,79.67122650146484,,,10.01881728409144,,,,,,0.7529654502868652,10.01881540809212,,,,,,10.018425941467285,,10.018425941467285,0.0885518342256546
82.694409,POS,,,,,,,,,,,,,,,,79.67106597266401,79.66767821078888,,,,,37.4275066,-122.1687988,,,0.7347119998851781,,,,29.13790512084961,,,,,,
82.721898,GUIA,,0.0,,,,,,-30.000003814697266,0.0,-7.938953672237403e-07,0.0,0.0,6,90.00000762939453,0.0,,,,,,,,,,,,,,,,,,,,,
82.736892,GUIA,,0.0,,,,,,-30.000003814697266,0.0,-7.938953672237403e-07,0.0,0.0,6,90.00000762939453,0.0,,,,,,,,,,,,,,,,,,,,,
82.764381,GUIA,,0.0,,,,,,-30.000003814697266,0.0,-7.938953672237403e-07,0.0,0.0,6,90.00000762939453,0.0,,,,,,,,,,,,,,,,,,,,,
82.794369,ATT,3,,-29.99,0.0,90.0,0.0,0.0,-30.0,,0.0,,,,89.97,,,,,,,,,,,,,,,,,,,,,,
82.794369,XKF1,,,,,,,,,,,,,,,,80.6805137481603,80.67692565917969,,,10.01952791243699,,,,,,0.7608973979949951,10.019526632468432,,,,,,10.019128799438477,,10.019128799438477,0.08942979574203491
82.794369,POS,,,,,,,,,,,,,,,,80.67890601569648,80.67545842830536,,,,,37.4275067,-122.1687874,,,0.7458440000152677,,,,29.138399124145508,,,,,,
82.801866,GUIA,,0.0,,,,,,-30.000003814697266,0.0,-7.938953672237403e-07,0.0,0.0,6,90.00000762939453,0.0,,,,,,,,,,,,,,,,,,,,,
82.81436099999999,GUIA,,0.0,,,,,,-30.000003814697266,0.0,-7.938953672237403e-07,0.0,0.0,6,90.00000762939453,0.0,,,,,,,,,,,,,,,,,,,,,
82.874337,GUIA,,0.0,,,,,,-30.000003814697266,0.0,-7.938953672237403e-07,0.0,0.0,6,90.00000762939453,0.0,,,,,,,,,,,,,,,,,,,,,
82.879335,GUIA,,0.0,,,,,,-30.000003814697266,0.0,-7.938953672237403e-07,0.0,0.0,6,90.00000762939453,0.0,,,,,,,,,,,,,,,,,,,,,
82.894329,ATT,3,,-29.99,0.0,90.0,0.0,0.0,-29.99,,0.0,,,,89.97,,,,,,,,,,,,,,,,,,,,,,
82.894329,XKF1,,,,,,,,,,,,,,,,81.684850330816,81.68122863769531,,,10.019642321623675,,,,,,0.769195556640625,10.019641577161002,,,,,,10.019233703613281,,10.019233703613281,0.09048892557621002
82.894329,POS,,,,,,,,,,,,,,,,81.67790630111215,81.67439846774789,,,,,37.4275068,-122.1687761,,,0.7569760001453574,,,,29.1386661529541,,,,,,
82.921818,GUIA,,0.0,,,,,,-30.000003814697266,0.0,-7.938953672237403e-07,0.0,0.0,6,90.00000762939453,0.0,,,,,,,,,,,,,,,,,,,,,
82.949307,GUIA,,0.0,,,,,,-30.000003814697266,0.0,-7.938953672237403e-07,0.0,0.0,6,90.00000762939453,0.0,,,,,,,,,,,,,,,,,,,,,
82.949307,GUIA,,0.0,,,,,,-30.000003814697266,0.0,-7.938953672237403e-07,0.0,0.0,6,90.00000762939453,0.0,,,,,,,,,,,,,,,,,,,,,
82.951806,GUIA,,0.0,,,,,,-30.000003814697266,0.0,-7.938953672237403e-07,0.0,0.0,6,90.00000762939453,0.0,,,,,,,,,,,,,,,,,,,,,
82.994289,ATT,3,,-29.99,0.0,90.0,0.0,0.0,-29.98,,0.0,,,,89.96,,,,,,,,,,,,,,,,,,,,,,
82.994289,XKF1,,,,,,,,,,,,,,,,82.68206543272477,82.67841339111328,,,10.017012611820382,,,,,,0.7771121859550476,10.017012167926767,,,,,,10.016597747802734,,10.016597747802734,0.09116591513156891
82.994289,POS,,,,,,,,,,,,,,,,82.67680395727263,82.67333850719042,,,,,37.4275068,-122.1687648,,,0.7569760001453574,,,,29.139081954956055,,,,,,
83.021778,GUIA,,0.0,,,,,,-30.000003814697266,0.0,-7.938953672237403e-07,0.0,0.0,6,90.00000762939453,0.0,,,,,,,,,,,,,,,,,,,,,
83.074257,GUIA,,0.0,,,,,,-30.000003814697266,0.0,-7.938953672237403e-07,0.0,0.0,6,90.00000762939453,0.0,,,,,,,,,,,,,,,,,,,,,
83.094249,ATT,3,,-29.99,0.0,90.0,0.0,0.0,-29.98,,0.0,,,,89.97,,,,,,,,,,,,,,,,,,,,,,
83.094249,XKF1,,,,,,,,,,,,,,,,83.67993278718355,83.6762466430664,,,10.014590594837278,,,,,,0.7854291796684265,10.014590420093567,,,,,,10.014166831970215,,10.014166831970215,0.09212732315063477
83.094249,POS,,,,,,,,,,,,,,,,83.67580407318734,83.67227854788922,,,,,37.4275069,-122.1687535,,,0.7681079994844708,,,,29.13925552368164,,,,,,
83.10174599999999,GUIA,,0.0,,,,,,-30.000003814697266,0.0,-7.938953672237403e-07,0.0,0.0,6,90.00000762939453,0.0,,,,,,,,,,,,,,,,,,,,,
83.121738,GUIA,,0.0,,,,,,-30.000003814697266,0.0,-7.938953672237403e-07,0.0,0.0,6,90.00000762939453,0.0,,,,,,,,,,,,,,,,,,,,,
83.16672,GUIA,,0.0,,,,,,-30.000003814697266,0.0,-7.938953672237403e-07,0.0,0.0,6,90.00000762939453,0.0,,,,,,,,,,,,,,,,,,,,,
83.176716,GUIA,,0.0,,,,,,-30.000003814697266,0.0,-7.938953672237403e-07,0.0,0.0,6,90.00000762939453,0.0,,,,,,,,,,,,,,,,,,,,,
83.194209,ATT,3,,-29.99,0.0,90.0,0.0,0.0,-29.98,,0.0,,,,89.98,,,,,,,,,,,,,,,,,,,,,,
83.194209,XKF1,,,,,,,,,,,,,,,,84.67327870399467,84.66956329345703,,,10.010646544706772,,,,,,0.7932075262069702,10.010646482614534,,,,,,10.010217666625977,,10.010217666625977,0.09266342222690582
83.194209,POS,,,,,,,,,,,,,,,,84.66596443016144,84.66237840925781,,,,,37.427507,-122.1687423,,,0.7792399996145605,,,,29.139572143554688,,,,,,
83.236692,GUIA,,0.0,,,,,,-30.000003814697266,0.0,-7.938953672237403e-07,0.0,0.0,6,90.00000762939453,0.0,,,,,,,,,,,,,,,,,,,,,
83.236692,GUIA,,0.0,,,,,,-30.000003814697266,0.0,-7.938953672237403e-07,0.0,0.0,6,90.00000762939453,0.0,,,,,,,,,,,,,,,,,,,,,
83.294169,GUIA,,0.0,,,,,,-30.000003814697266,0.0,-7.938953672237403e-07,0.0,0.0,6,90.00000762939453,0.0,,,,,,,,,,,,,,,,,,,,,
83.294169,ATT,3,,-29.99,0.0,90.0,0.0,0.0,-29.97,,0.0,,,,89.98,,,,,,,,,,,,,,,,,,,,,,
83.294169,XKF1,,,,,,,,,,,,,,,,85.66813962086957,85.66439056396484,,,10.007799391987295,,,,,,0.8014582991600037,10.007799391481681,,,,,,10.007362365722656,,10.007362365722656,0.0935262069106102
83.294169,POS,,,,,,,,,,,,,,,,85.66486265419373,85.66131844995661,,,,,37.427507,-122.168731,,,0.7792399996145605,,,,29.139623641967773,,,,,,
83.302499,GUIA,,0.0,,,,,,-30.000003814697266,0.0,-7.938953672237403e-07,0.0,0.0,6,90.00000762939453,0.0,,,,,,,,,,,,,,,,,,,,,
83.327489,GUIA,,0.0,,,,,,-30.000003814697266,0.0,-7.938953672237403e-07,0.0,0.0,6,90.00000762939453,0.0,,,,,,,,,,,,,,,,,,,,,
83.379968,GUIA,,0.0,,,,,,-30.000003814697266,0.0,-7.938953672237403e-07,0.0,0.0,6,90.00000762939453,0.0,,,,,,,,,,,,,,,,,,,,,
83.39496199999999,ATT,3,,-29.99,0.0,90.0,0.0,0.0,-29.97,,0.0,,,,89.99,,,,,,,,,,,,,,,,,,,,,,
83.39496199999999,XKF1,,,,,,,,,,,,,,,,86.65987797659223,86.65609741210938,,,10.004109625580417,,,,,,0.809464156627655,10.00410960289698,,,,,,10.003666877746582,,10.003666877746582,0.09411907196044922
83.39496199999999,POS,,,,,,,,,,,,,,,,86.65502283919982,86.65141831132519,,,,,37.4275071,-122.1687198,,,0.7903719997446501,,,,29.139894485473633,,,,,,
83.407457,GUIA,,0.0,,,,,,-30.000003814697266,0.0,-7.938953672237403e-07,0.0,0.0,6,90.00000762939453,0.0,,,,,,,,,,,,,,,,,,,,,
83.427449,GUIA,,0.0,,,,,,-30.000003814697266,0.0,-7.938953672237403e-07,0.0,0.0,6,90.00000762939453,0.0,,,,,,,,,,,,,,,,,,,,,
83.482427,GUIA,,0.0,,,,,,-30.000003814697266,0.0,-7.938953672237403e-07,0.0,0.0,6,90.00000762939453,0.0,,,,,,,,,,,,,,,,,,,,,
83.482427,GUIA,,0.0,,,,,,-30.000003814697266,0.0,-7.938953672237403e-07,0.0,0.0,6,90.00000762939453,0.0,,,,,,,,,,,,,,,,,,,,,
83.494922,ATT,3,,-29.99,0.0,90.0,0.0,0.0,-29.97,,0.0,,,,89.98,,,,,,,,,,,,,,,,,,,,,,
83.494922,XKF1,,,,,,,,,,,,,,,,87.65495271890367,87.65113830566406,,,10.001806968738327,,,,,,0.8177345991134644,10.001806847502307,,,,,,10.001357078552246,,10.001357078552246,0.09486425668001175
83.494922,POS,,,,,,,,,,,,,,,,87.65402288486271,87.65035835202399,,,,,37.4275072,-122.1687085,,,0.8015039998747397,,,,29.14004898071289,,,,,,
83.547401,GUIA,,0.0,,,,,,-30.000003814697266,0.0,-7.938953672237403e-07,0.0,0.0,6,90.00000762939453,0.0,,,,,,,,,,,,,,,,,,,,,
83.547401,GUIA,,0.0,,,,,,-30.000003814697266,0.0,-7.938953672237403e-07,0.0,0.0,6,90.00000762939453,0.0,,,,,,,,,,,,,,,,,,,,,
83.594882,ATT,3,,-29.99,0.0,90.0,0.0,0.0,-29.97,,0.0,,,,89.98,,,,,,,,,,,,,,,,,,,,,,
83.594882,XKF1,,,,,,,,,,,,,,,,88.65490922550653,88.65106201171875,,,10.001443574862906,,,,,,0.8259140253067017,10.001443313753319,,,,,,10.000988006591797,,10.000988006591797,0.09545927494764328
83.594882,POS,,,,,,,,,,,,,,,,88.65302297478509,88.64929839146652,,,,,37.4275073,-122.1686972,,,0.8126360000048294,,,,29.140413284301758,,,,,,
83.609876,GUIA,,0.0,,,,,,-30.000003814697266,0.0,-7.938953672237403e-07,0.0,0.0,6,90.00000762939453,0.0,,,,,,,,,,,,,,,,,,,,,
83.614874,GUIA,,0.0,,,,,,-30.000003814697266,0.0,-7.938953672237403e-07,0.0,0.0,6,90.00000762939453,0.0,,,,,,,,,,,,,,,,,,,,,
83.652359,GUIA,,0.0,,,,,,-30.000003814697266,0.0,-7.938953672237403e-07,0.0,0.0,6,90.00000762939453,0.0,,,,,,,,,,,,,,,,,,,,,
83.684846,GUIA,,0.0,,,,,,-30.000003814697266,0.0,-7.938953672237403e-07,0.0,0.0,6,90.00000762939453,0.0,,,,,,,,,,,,,,,,,,,,,
83.694842,ATT,3,,-29.99,0.0,90.0,0.0,0.0,-29.97,,0.0,,,,89.97,,,,,,,,,,,,,,,,,,,,,,
83.694842,XKF1,,,,,,,,,,,,,,,,89.66429128156253,89.66040802001953,,,10.001431614388258,,,,,,0.8344846963882446,10.001431096113578,,,,,,10.000967979431152,,10.000967979431152,0.0963006317615509
83.694842,POS,,,,,,,,,,,,,,,,89.6607613270186,89.65707860772673,,,,,37.4275073,-122.1686858,,,0.8126360000048294,,,,29.140748977661133,,,,,,
83.69984,GUIA,,0.0,,,,,,-30.000003814697266,0.0,-7.938953672237403e-07,0.0,0.0,6,90.00000762939453,0.0,,,,,,,,,,,,,,,,,,,,,
83.74982,GUIA,,0.0,,,,,,-30.000003814697266,0.0,-7.938953672237403e-07,0.0,0.0,6,90.00000762939453,0.0,,,,,,,,,,,,,,,,,,,,,
83.752319,GUIA,,0.0,,,,,,-30.000003814697266,0.0,-7.938953672237403e-07,0.0,0.0,6,90.00000762939453,0.0,,,,,,,,,,,,,,,,,,,,,
83.794802,ATT,3,,-29.99,0.0,90.0,0.0,0.0,-29.98,,0.01,,,,89.97,,,,,,,,,,,,,,,,,,,,,,
83.794802,XKF1,,,,,,,,,,,,,,,,90.66819522946012,90.66427612304688,,,10.002617418142618,,,,,,0.8430072665214539,10.002616643205902,,,,,,10.002147674560547,,10.002147674560547,0.09693869203329086
83.794802,POS,,,,,,,,,,,,,,,,90.6686010674,90.66485882524321,,,,,37.4275074,-122.1686744,,,0.823768000134919,,,,29.141279220581055,,,,,,
83.81479399999999,GUIA,,0.0,,,,,,-30.000003814697266,0.0,-7.938953672237403e-07,0.0,0.0,6,90.00000762939453,0.0,,,,,,,,,,,,,,,,,,,,,
83.81479399999999,GUIA,,0.0,,,,,,-30.000003814697266,0.0,-7.938953672237403e-07,0.0,0.0,6,90.00000762939453,0.0,,,,,,,,,,,,,,,,,,,,,
83.832287,GUIA,,0.0,,,,,,-30.000003814697266,0.0,-7.938953672237403e-07,0.0,0.0,6,90.00000762939453,0.0,,,,,,,,,,,,,,,,,,,,,
83.87477,GUIA,,0.0,,,,,,-30.000003814697266,0.0,-7.938953672237403e-07,0.0,0.0,6,90.00000762939453,0.0,,,,,,,,,,,,,,,,,,,,,
83.894762,ATT,3,,-29.99,0.0,90.0,0.0,0.0,-29.98,,0.02,,,,89.97,,,,,,,,,,,,,,,,,,,,,,
83.894762,XKF1,,,,,,,,,,,,,,,,91.67214682894199,91.6681900024414,,,10.003659784100503,,,,,,0.8517311215400696,10.003658686673244,,,,,,10.003183364868164,,10.003183364868164,0.09763014316558838
83.894762,POS,,,,,,,,,,,,,,,,91.66760103937861,91.66379886468575,,,,,37.4275075,-122.1686631,,,0.8348999994740325,,,,29.141727447509766,,,,,,
83.919752,GUIA,,0.0,,,,,,-30.000003814697266,0.0,-7.938953672237403e-07,0.0,0.0,6,90.00000762939453,0.0,,,,,,,,,,,,,,,,,,,,,
83.922251,GUIA,,0.0,,,,,,-30.000003814697266,0.0,-7.938953672237403e-07,0.0,0.0,6,90.00000762939453,0.0,,,,,,,,,,,,,,,,,,,,,
83.987225,GUIA,,0.0,,,,,,-30.000003814697266,0.0,-7.938953672237403e-07,0.0,0.0,6,90.00000762939453,0.0,,,,,,,,,,,,,,,,,,,,,
83.987225,GUIA,,0.0,,,,,,-30.000003814697266,0.0,-7.938953672237403e-07,0.0,0.0,6,90.00000762939453,0.0,,,,,,,,,,,,,,,,,,,,,
83.994722,ATT,3,,-29.99,0.0,90.0,0.0,0.0,-29.98,,0.02,,,,89.98,,,,,,,,,,,,,,,,,,,,,,
83.994722,XKF1,,,,,,,,,,,,,,,,92.67799656357425,92.67400360107422,,,10.005184799664672,,,,,,0.8602927327156067,10.005183416845016,,,,,,10.004703521728516,,10.004703521728516,0.09813418239355087
83.994722,POS,,,,,,,,,,,,,,,,92.67544086613894,92.67157908220223,,,,,37.4275076,-122.1686517,,,0.8460319996041221,,,,29.142301559448242,,,,,,
84.032207,GUIA,,0.0,,,,,,-30.000003814697266,0.0,-7.938953672237403e-07,0.0,0.0,6,90.00000762939453,0.0,,,,,,,,,,,,,,,,,,,,,
84.059696,GUIA,,0.0,,,,,,-30.000003814697266,0.0,-7.938953672237403e-07,0.0,0.0,6,90.00000762939453,0.0,,,,,,,,,,,,,,,,,,,,,
84.07469,GUIA,,0.0,,,,,,-30.000003814697266,0.0,-7.938953672237403e-07,0.0,0.0,6,90.00000762939453,0.0,,,,,,,,,,,,,,,,,,,,,
84.09468199999999,ATT,3,,-29.99,0.0,90.0,0.0,0.0,-29.99,,0.01,,,,89.99,,,,,,,,,,,,,,,,,,,,,,
84.09468199999999,XKF1,,,,,,,,,,,,,,,,93.68323848891421,93.67920684814453,,,10.00637371036783,,,,,,0.8691248893737793,10.006371880958634,,,,,,10.005885124206543,,10.005885124206543,0.09888231754302979
84.09468199999999,POS,,,,,,,,,,,,,,,,93.68328073190467,93.67935929846244,,,,,37.4275077,-122.1686403,,,0.8571639997342118,,,,29.1427059173584,,,,,,
84.127169,GUIA,,0.0,,,,,,-30.000003814697266,0.0,-7.938953672237403e-07,0.0,0.0,6,90.00000762939453,0.0,,,,,,,,,,,,,,,,,,,,,
84.127169,GUIA,,0.0,,,,,,-30.000003814697266,0.0,-7.938953672237403e-07,0.0,0.0,6,90.00000762939453,0.0,,,,,,,,,,,,,,,,,,,,,
84.187145,GUIA,,0.0,,,,,,-30.000003814697266,0.0,-7.938953672237403e-07,0.0,0.0,6,90.00000762939453,0.0,,,,,,,,,,,,,,,,,,,,,
84.194642,ATT,3,,-29.99,0.0,90.0,0.0,0.0,-29.99,,0.01,,,,89.99,,,,,,,,,,,,,,,,,,,,,,
84.194642,XKF1,,,,,,,,,,,,,,,,94.6895712440577,94.68550109863281,,,10.00784725532701,,,,,,0.8779430985450745,10.00784495581907,,,,,,10.007351875305176,,10.007351875305176,0.0995747447013855
84.194642,POS,,,,,,,,,,,,,,,,94.68217939970678,94.67829933916124,,,,,37.4275077,-122.168629,,,0.8571639997342118,,,,29.143177032470703,,,,,,
84.197141,GUIA,,0.0,,,,,,-30.000003814697266,0.0,-7.938953672237403e-07,0.0,0.0,6,90.00000762939453,0.0,,,,,,,,,,,,,,,,,,,,,
84.227129,GUIA,,0.0,,,,,,-30.000003814697266,0.0,-7.938953672237403e-07,0.0,0.0,6,90.00000762939453,0.0,,,,,,,,,,,,,,,,,,,,,
84.272111,GUIA,,0.0,,,,,,-30.000003814697266,0.0,-7.938953672237403e-07,0.0,0.0,6,90.00000762939453,0.0,,,,,,,,,,,,,,,,,,,,,
84.27461,GUIA,,0.0,,,,,,-30.000003814697266,0.0,-7.938953672237403e-07,0.0,0.0,6,90.00000762939453,0.0,,,,,,,,,,,,,,,,,,,,,
84.294602,ATT,3,,-29.99,0.0,90.0,0.0,0.0,-29.99,,0.0,,,,90.0,,,,,,,,,,,,,,,,,,,,,,
84.294602,XKF1,,,,,,,,,,,,,,,,95.69514273695944,95.69103240966797,,,10.009001353633083,,,,,,0.8869384527206421,10.008998473743254,,,,,,10.008498191833496,,10.008498191833496,0.10035955905914307
84.294602,POS,,,,,,,,,,,,,,,,95.69001911709405,95.68607955542146,,,,,37.4275078,-122.1686176,,,0.8682959998643014,,,,29.14348030090332,,,,,,
84.339584,GUIA,,0.0,,,,,,-30.000003814697266,0.0,-7.938953672237403e-07,0.0,0.0,6,90.00000762939453,0.0,,,,,,,,,,,,,,,,,,,,,
84.339584,GUIA,,0.0,,,,,,-30.000003814697266,0.0,-7.938953672237403e-07,0.0,0.0,6,90.00000762939453,0.0,,,,,,,,,,,,,,,,,,,,,
84.392063,GUIA,,0.0,,,,,,-30.000003814697266,0.0,-7.938953672237403e-07,0.0,0.0,6,90.00000762939453,0.0,,,,,,,,,,,,,,,,,,,,,
84.394562,ATT,3,,-29.99,0.0,90.0,0.0,0.0,-29.99,,0.0,,,,90.0,,,,,,,,,,,,,,,,,,,,,,
84.394562,XKF1,,,,,,,,,,,,,,,,96.70158201533074,96.69743347167969,,,10.010413715964372,,,,,,0.8957255482673645,10.010410272183178,,,,,,10.009903907775879,,10.009903907775879,0.10102733224630356
84.394562,POS,,,,,,,,,,,,,,,,96.69785887699769,96.69385977293794,,,,,37.4275079,-122.1686062,,,0.879427999994391,,,,29.143863677978516,,,,,,
84.407057,GUIA,,0.0,,,,,,-30.000003814697266,0.0,-7.938953672237403e-07,0.0,0.0,6,90.00000762939453,0.0,,,,,,,,,,,,,,,,,,,,,
84.444542,GUIA,,0.0,,,,,,-30.000003814697266,0.0,-7.938953672237403e-07,0.0,0.0,6,90.00000762939453,0.0,,,,,,,,,,,,,,,,,,,,,
84.47453,GUIA,,0.0,,,,,,-30.000003814697266,0.0,-7.938953672237403e-07,0.0,0.0,6,90.00000762939453,0.0,,,,,,,,,,,,,,,,,,,,,
84.477029,GUIA,,0.0,,,,,,-30.000003814697266,0.0,-7.938953672237403e-07,0.0,0.0,6,90.00000762939453,0.0,,,,,,,,,,,,,,,,,,,,,
84.494522,ATT,3,,-29.99,0.0,90.0,0.0,0.0,-29.99,,0.0,,,,90.0,,,,,,,,,,,,,,,,,,,,,,
84.494522,XKF1,,,,,,,,,,,,,,,,97.70709966998487,97.70291137695312,,,10.011472100528943,,,,,,0.9046736359596252,10.01146790605312,,,,,,10.010953903198242,,10.010953903198242,0.10186053067445755
84.494522,POS,,,,,,,,,,,,,,,,97.70569867688468,97.70163999045442,,,,,37.427508,-122.1685948,,,0.8905600001244807,,,,29.14407730102539,,,,,,
84.539504,GUIA,,0.0,,,,,,-30.000003814697266,0.0,-7.938953672237403e-07,0.0,0.0,6,90.00000762939453,0.0,,,,,,,,,,,,,,,,,,,,,
84.539504,GUIA,,0.0,,,,,,-30.000003814697266,0.0,-7.938953672237403e-07,0.0,0.0,6,90.00000762939453,0.0,,,,,,,,,,,,,,,,,,,,,
84.594482,GUIA,,0.0,,,,,,-30.000003814697266,0.0,-7.938953672237403e-07,0.0,0.0,6,90.00000762939453,0.0,,,,,,,,,,,,,,,,,,,,,
84.594482,ATT,3,,-29.99,0.0,90.0,0.0,0.0,-29.99,,0.0,,,,90.0,,,,,,,,,,,,,,,,,,,,,,
84.594482,XKF1,,,,,,,,,,,,,,,,98.71311783347562,98.70889282226562,,,10.012635095644361,,,,,,0.9132963418960571,10.01263026424438,,,,,,10.012110710144043,,10.012110710144043,0.10247285664081573
84.594482,POS,,,,,,,,,,,,,,,,98.71353851426693,98.70942020671464,,,,,37.4275081,-122.1685834,,,0.9016919994635941,,,,29.144363403320312,,,,,,
84.606977,GUIA,,0.0,,,,,,-30.000003814697266,0.0,-7.938953672237403e-07,0.0,0.0,6,90.00000762939453,0.0,,,,,,,,,,,,,,,,,,,,,
84.641963,GUIA,,0.0,,,,,,-30.000003814697266,0.0,-7.938953672237403e-07,0.0,0.0,6,90.00000762939453,0.0,,,,,,,,,,,,,,,,,,,,,
84.67445,GUIA,,0.0,,,,,,-30.000003814697266,0.0,-7.938953672237403e-07,0.0,0.0,6,90.00000762939453,0.0,,,,,,,,,,,,,,,,,,,,,
84.676949,GUIA,,0.0,,,,,,-30.000003814697266,0.0,-7.938953672237403e-07,0.0,0.0,6,90.00000762939453,0.0,,,,,,,,,,,,,,,,,,,,,
84.694442,ATT,3,,-29.99,0.0,90.0,0.0,0.0,-30.0,,0.0,,,,90.0,,,,,,,,,,,,,,,,,,,,,,
84.694442,XKF1,,,,,,,,,,,,,,,,99.7183083080819,99.71404266357422,,,10.013524804879141,,,,,,0.92233806848526,10.013519101959616,,,,,,10.012991905212402,,10.012991905212402,0.10330597311258316
84.694442,POS,,,,,,,,,,,,,,,,99.71243729565211,99.70836024615717,,,,,37.4275081,-122.1685721,,,0.9016919994635941,,,,29.144479751586914,,,,,,
84.741923,GUIA,,0.0,,,,,,-30.000003814697266,0.0,-7.938953672237403e-07,0.0,0.0,6,90.00000762939453,0.0,,,,,,,,,,,,,,,,,,,,,
84.741923,GUIA,,0.0,,,,,,-30.000003814697266,0.0,-7.938953672237403e-07,0.0,0.0,6,90.00000762939453,0.0,,,,,,,,,,,,,,,,,,,,,
84.781907,MSG,,,,,,,,,,,,,,,,,,,,,,,,,,,,,,,,,,Fence Breached,,
84.781907,MODE,,,,,,,,,,,,,,,,,,,,,,,,RTL,,,,10,FENCE_BREACHED,,,,,,,
84.781907,ERR,,,,,,,,,,,,,,,,,,2,2,,,,,,,,,,,,9,FAILSAFE_FENCE,,,,
84.794402,ATT,3,,-29.98,0.0,90.0,0.0,0.0,-29.99,,0.0,,,,90.0,,,,,,,,,,,,,,,,,,,,,,
84.794402,XKF1,,,,,,,,,,,,,,,,100.72401132656154,100.7197036743164,,,10.014601334400282,,,,,,0.9315307140350342,10.014594724682398,,,,,,10.014060020446777,,10.014060020446777,0.10412393510341644
84.794402,POS,,,,,,,,,,,,,,,,100.72027699302994,100.71614046367365,,,,,37.4275082,-122.1685607,,,0.9128239995936838,,,,29.14467430114746,,,,,,
84.894362,ATT,3,,-27.92,0.03,90.0,0.0,0.0,-28.34,,0.03,,,,89.99,,,,,,,,,,,,,,,,,,,,,,
84.894362,XKF1,,,,,,,,,,,,,,,,101.72800947446625,101.7236557006836,,,10.003536563532801,,,,,,0.9411602020263672,10.003528756920353,,,,,,10.002985000610352,,10.002985000610352,0.10504692047834396
84.894362,POS,,,,,,,,,,,,,,,,101.72811673004905,101.72392068119012,,,,,37.4275083,-122.1685493,,,0.9239559997237734,,,,29.14480972290039,,,,,,
84.994322,ATT,3,,-25.05,0.09,90.0,0.0,0.01,-25.36,,0.09,,,,89.99,,,,,,,,,,,,,,,,,,,,,,
84.994322,XKF1,,,,,,,,,,,,,,,,102.72042912560427,102.71603393554688,,,9.934024284668137,,,,,,0.9502274990081787,9.934015928504929,,,,,,9.9334716796875,,9.9334716796875,0.10478013753890991
84.994322,POS,,,,,,,,,,,,,,,,102.71827688189013,102.71402054255871,,,,,37.4275084,-122.1685381,,,0.935087999853863,,,,29.146438598632812,,,,,,
85.09428199999999,ATT,3,,-23.29,0.16,90.0,0.0,0.02,-23.32,,0.16,,,,89.99,,,,,,,,,,,,,,,,,,,,,,
85.09428199999999,XKF1,,,,,,,,,,,,,,,,103.70413961703328,103.69969940185547,,,9.813109238796201,,,,,,0.9596445560455322,9.8131006167011,,,,,,9.812560081481934,,9.812560081481934,0.10381512343883514
85.09428199999999,POS,,,,,,,,,,,,,,,,103.69959726984334,103.69528022836589,,,,,37.4275085,-122.168527,,,0.9462199999839527,,,,29.149028778076172,,,,,,
85.114274,ERR,,,,,,,,,,,,,,,,,,0,0,,,,,,,,,,,,9,FAILSAFE_FENCE,,,,
85.194242,ATT,3,,-22.11,0.2,90.01,0.01,0.02,-22.04,,0.21,,,,89.99,,,,,,,,,,,,,,,,,,,,,,
85.194242,XKF1,,,,,,,,,,,,,,,,104.66995464707531,104.66547393798828,,,9.665500828074057,,,,,,0.9684891104698181,9.665493254426671,,,,,,9.66496753692627,,9.66496753692627,0.10153210163116455
85.194242,POS,,,,,,,,,,,,,,,,104.66323808691644,104.65885955802516,,,,,37.4275086,-122.1685161,,,0.9573520001140423,,,,29.152002334594727,,,,,,
85.294202,ATT,3,,-20.98,0.23,90.01,0.01,0.02,-20.93,,0.24,,,,90.0,,,,,,,,,,,,,,,,,,,,,,
85.294202,XKF1,,,,,,,,,,,,,,,,105.62239737060723,105.61787414550781,,,9.50653100285049,,,,,,0.9774903059005737,9.506524644486108,,,,,,9.50601577758789,,9.50601577758789,0.09897345304489136
85.294202,POS,,,,,,,,,,,,,,,,105.61793765981287,105.61359871086675,,,,,37.4275086,-122.1685053,,,0.9573520001140423,,,,29.154624938964844,,,,,,
85.394995,ATT,3,,-19.65,0.22,90.02,0.01,0.02,-19.66,,0.23,,,,90.0,,,,,,,,,,,,,,,,,,,,,,
85.394995,XKF1,,,,,,,,,,,,,,,,106.55720794051163,106.55265045166016,,,9.337113030510164,,,,,,0.9855180382728577,9.337108132772002,,,,,,9.336620330810547,,9.336620330810547,0.09591946005821228
85.394995,POS,,,,,,,,,,,,,,,,106.55505889954765,106.55065751007298,,,,,37.4275087,-122.1684947,,,0.9684839994531558,,,,29.157207489013672,,,,,,
85.447474,ERR,,,,,,,,,,,,,,,,,,0,0,,,,,,,,,,,,9,FAILSAFE_FENCE,,,,
85.494955,ATT,3,,-18.19,0.19,90.02,0.01,0.02,-18.21,,0.2,,,,90.0,,,,,,,,,,,,,,,,,,,,,,
85.494955,XKF1,,,,,,,,,,,,,,,,107.47657809692461,107.47198486328125,,,9.154957528941308,,,,,,0.9936342239379883,9.154953232797352,,,,,,9.15447998046875,,9.15447998046875,0.09350745379924774
85.494955,POS,,,,,,,,,,,,,,,,107.47450058164485,107.47003595313132,,,,,37.4275088,-122.1684843,,,0.9796159995832454,,,,29.1593074798584,,,,,,
85.594915,ATT,3,,-16.71,0.17,90.03,0.01,0.02,-16.73,,0.19,,,,90.0,,,,,,,,,,,,,,,,,,,,,,
85.594915,XKF1,,,,,,,,,,,,,,,,108.37967790911196,108.37505340576172,,,8.960203578870898,,,,,,1.0011907815933228,8.96019963852552,,,,,,8.959739685058594,,8.959739685058594,0.0911753848195076
85.594915,POS,,,,,,,,,,,,,,,,108.37616152501785,108.37173404255428,,,,,37.4275088,-122.1684741,,,0.9796159995832454,,,,29.161197662353516,,,,,,
85.694875,ATT,3,,-15.29,0.17,90.03,0.01,0.02,-15.28,,0.17,,,,90.0,,,,,,,,,,,,,,,,,,,,,,
85.694875,XKF1,,,,,,,,,,,,,,,,109.27089337682749,109.2662353515625,,,8.751719337758086,,,,,,1.008935809135437,8.751715022976281,,,,,,8.751261711120605,,8.751261711120605,0.0894976556301117
85.694875,POS,,,,,,,,,,,,,,,,109.2690836259366,109.2645919539033,,,,,37.4275089,-122.168464,,,0.990747999713335,,,,29.16241455078125,,,,,,
85.779841,ERR,,,,,,,,,,,,,,,,,,0,0,,,,,,,,,,,,9,FAILSAFE_FENCE,,,,
85.79483499999999,ATT,3,,-13.79,0.16,90.04,0.01,0.02,-13.79,,0.17,,,,90.0,,,,,,,,,,,,,,,,,,,,,,
85.79483499999999,XKF1,,,,,,,,,,,,,,,,110.13534620439921,110.13066101074219,,,8.535702989660921,,,,,,1.0158685445785522,8.535698484141374,,,,,,8.53525447845459,,8.53525447845459,0.08750151842832565
85.79483499999999,POS,,,,,,,,,,,,,,,,110.13548637657135,110.13092933354302,,,,,37.427509,-122.1684542,,,1.0018799998434247,,,,29.163326263427734,,,,,,
85.894795,ATT,3,,-12.09,0.15,90.04,0.01,0.02,-12.12,,0.16,,,,90.01,,,,,,,,,,,,,,,,,,,,,,
85.894795,XKF1,,,,,,,,,,,,,,,,110.97782887550403,110.97311401367188,,,8.307942541683396,,,,,,1.022970199584961,8.307937159009182,,,,,,8.307497024536133,,8.307497024536133,0.08603756874799728
85.894795,POS,,,,,,,,,,,,,,,,110.97526873861167,110.97074618147342,,,,,37.427509,-122.1684447,,,1.0018799998434247,,,,29.163469314575195,,,,,,
85.994755,ATT,3,,-10.22,0.12,90.05,0.01,0.03,-10.25,,0.13,,,,90.01,,,,,,,,,,,,,,,,,,,,,,
85.994755,XKF1,,,,,,,,,,,,,,,,111.79827083452227,111.79353332519531,,,8.067092387080859,,,,,,1.0292075872421265,8.067086190861756,,,,,,8.066652297973633,,8.066652297973633,0.08426319062709808
85.994755,POS,,,,,,,,,,,,,,,,111.79747228675814,111.79288267325592,,,,,37.4275091,-122.1684354,,,1.0130119999735143,,,,29.163238525390625,,,,,,
86.094715,ATT,3,,-8.3,0.1,90.05,0.0,0.03,-8.31,,0.1,,,,90.02,,,,,,,,,,,,,,,,,,,,,,
86.094715,XKF1,,,,,,,,,,,,,,,,112.59364622002336,112.58888244628906,,,7.810937487700739,,,,,,1.0357213020324707,7.810928922191191,,,,,,7.810492038726807,,7.810492038726807,0.08341792225837708
86.094715,POS,,,,,,,,,,,,,,,,112.59315652260123,112.58849863458538,,,,,37.4275092,-122.1684264,,,1.024144000103604,,,,29.162200927734375,,,,,,
86.112208,ERR,,,,,,,,,,,,,,,,,,0,0,,,,,,,,,,,,9,FAILSAFE_FENCE,,,,
86.194675,ATT,3,,-6.4,0.09,90.05,0.0,0.03,-6.39,,0.09,,,,90.02,,,,,,,,,,,,,,,,,,,,,,
86.194675,XKF1,,,,,,,,,,,,,,,,113.36379960712114,113.35901641845703,,,7.541558508039347,,,,,,1.0413731336593628,7.541547434923165,,,,,,7.541110515594482,,7.541110515594482,0.08220049738883972
86.194675,POS,,,,,,,,,,,,,,,,113.362220349962,113.35759406294926,,,,,37.4275092,-122.1684177,,,1.024144000103604,,,,29.160812377929688,,,,,,
86.294635,ATT,3,,-4.53,0.1,90.06,0.0,0.03,-4.5,,0.1,,,,90.03,,,,,,,,,,,,,,,,,,,,,,
86.294635,XKF1,,,,,,,,,,,,,,,,114.10590446809165,114.1010971069336,,,7.259695827664635,,,,,,1.0474127531051636,7.259680684767487,,,,,,7.2592387199401855,,7.2592387199401855,0.08146604895591736
86.294635,POS,,,,,,,,,,,,,,,,114.1048655986757,114.1001689608601,,,,,37.4275093,-122.1684093,,,1.0352759994427174,,,,29.158615112304688,,,,,,
86.394595,ATT,3,,-2.68,0.12,90.06,0.0,0.03,-2.64,,0.13,,,,90.03,,,,,,,,,,,,,,,,,,,,,,
86.394595,XKF1,,,,,,,,,,,,,,,,114.82007114815883,114.81524658203125,,,6.967425245821403,,,,,,1.0525639057159424,6.967407188363398,,,,,,6.966969013214111,,6.966969013214111,0.07973283529281616
86.394595,POS,,,,,,,,,,,,,,,,114.82089067285516,114.8162233245491,,,,,37.4275093,-122.1684012,,,1.0352759994427174,,,,29.156160354614258,,,,,,
86.444575,ERR,,,,,,,,,,,,,,,,,,0,0,,,,,,,,,,,,9,FAILSAFE_FENCE,,,,
86.49455499999999,ATT,3,,-0.85,0.15,90.07,0.0,0.03,-0.8,,0.16,,,,90.04,,,,,,,,,,,,,,,,,,,,,,
86.49455499999999,XKF1,,,,,,,,,,,,,,,,115.50398424202842,115.49913787841797,,,6.664844121909133,,,,,,1.0580761432647705,6.664822889234346,,,,,,6.664389133453369,,6.664389133453369,0.07787584513425827
86.49455499999999,POS,,,,,,,,,,,,,,,,115.50165713880489,115.49691698096737,,,,,37.4275094,-122.1683935,,,1.046407999572807,,,,29.15312957763672,,,,,,
86.594515,ATT,3,,1.04,0.17,90.07,0.0,0.03,1.08,,0.18,,,,90.04,,,,,,,,,,,,,,,,,,,,,,
86.594515,XKF1,,,,,,,,,,,,,,,,116.15813447385567,116.15327453613281,,,6.353013019167588,,,,,,1.06255304813385,6.352991055593921,,,,,,6.352572441101074,,6.352572441101074,0.07481846213340759
86.594515,POS,,,,,,,,,,,,,,,,116.15580356510321,116.1510901031638,,,,,37.4275094,-122.1683861,,,1.046407999572807,,,,29.150115966796875,,,,,,
86.694475,ATT,3,,3.04,0.17,90.08,0.0,0.03,3.07,,0.18,,,,90.05,,,,,,,,,,,,,,,,,,,,,,
86.694475,XKF1,,,,,,,,,,,,,,,,116.77990982497556,116.77503204345703,,,6.029367158930458,,,,,,1.0673471689224243,6.029342951764145,,,,,,6.028934955596924,,6.028934955596924,0.07219167798757553
86.694475,POS,,,,,,,,,,,,,,,,116.7745910024338,116.7699025180895,,,,,37.4275094,-122.1683791,,,1.046407999572807,,,,29.146869659423828,,,,,,
86.77694199999999,ERR,,,,,,,,,,,,,,,,,,0,0,,,,,,,,,,,,9,FAILSAFE_FENCE,,,,
86.794435,ATT,3,,5.12,0.16,90.08,0.0,0.03,5.15,,0.17,,,,90.05,,,,,,,,,,,,,,,,,,,,,,
86.794435,XKF1,,,,,,,,,,,,,,,,117.36966412795465,117.36477661132812,,,5.693610500583589,,,,,,1.071106195449829,5.693585138698403,,,,,,5.693192958831787,,5.693192958831787,0.06895263493061066
86.794435,POS,,,,,,,,,,,,,,,,117.36695900144133,117.36219440004962,,,,,37.4275095,-122.1683724,,,1.0575399997028967,,,,29.14390754699707,,,,,,
86.894395,ATT,3,,7.24,0.16,90.09,0.0,0.03,7.28,,0.16,,,,90.06,,,,,,,,,,,,,,,,,,,,,,
86.894395,XKF1,,,,,,,,,,,,,,,,117.9241316330566,117.91922760009766,,,5.343061916659928,,,,,,1.0754457712173462,5.343032089733703,,,,,,5.342647075653076,,5.342647075653076,0.06657980382442474
86.894395,POS,,,,,,,,,,,,,,,,117.92386767134755,117.91912557222648,,,,,37.4275095,-122.1683661,,,1.0575399997028967,,,,29.140838623046875,,,,,,
86.994355,ATT,3,,9.42,0.16,90.1,0.01,0.04,9.45,,0.16,,,,90.06,,,,,,,,,,,,,,,,,,,,,,
86.994355,XKF1,,,,,,,,,,,,,,,,118.44308948050218,118.43817901611328,,,4.978642502790845,,,,,,1.0785161256790161,4.978609658571799,,,,,,4.978238582611084,,4.978238582611084,0.06341754645109177
86.994355,POS,,,,,,,,,,,,,,,,118.43657742764375,118.43185585780239,,,,,37.4275095,-122.1683603,,,1.0575399997028967,,,,29.138370513916016,,,,,,
87.094315,ATT,3,,11.68,0.16,90.1,0.01,0.04,11.7,,0.16,,,,90.07,,,,,,,,,,,,,,,,,,,,,,
87.094315,XKF1,,,,,,,,,,,,,,,,118.92402966674226,118.91910552978516,,,4.59673950353526,,,,,,1.0822070837020874,4.596699136965864,,,,,,4.5963335037231445,,4.5963335037231445,0.06109325587749481
87.094315,POS,,,,,,,,,,,,,,,,118.92286739170244,118.91806561166901,,,,,37.4275096,-122.1683548,,,1.0686719998329863,,,,29.13618278503418,,,,,,
87.109309,ERR,,,,,,,,,,,,,,,,,,0,0,,,,,,,,,,,,9,FAILSAFE_FENCE,,,,
87.194275,ATT,3,,14.09,0.17,90.11,0.0,0.04,14.09,,0.17,,,,90.07,,,,,,,,,,,,,,,,,,,,,,
87.194275,XKF1,,,,,,,,,,,,,,,,119.36708841128586,119.3621597290039,,,4.197110958850324,,,,,,1.0847214460372925,4.197065725391876,,,,,,4.196715354919434,,4.196715354919434,0.05762491375207901
87.194275,POS,,,,,,,,,,,,,,,,119.36485847794593,119.36007447893468,,,,,37.4275096,-122.1683498,,,1.0686719998329863,,,,29.1347713470459,,,,,,
87.294235,ATT,3,,16.34,0.19,90.12,0.0,0.04,16.41,,0.18,,,,90.08,,,,,,,,,,,,,,,,,,,,,,
87.294235,XKF1,,,,,,,,,,,,,,,,119.76823825565265,119.76329803466797,,,3.7748692871535554,,,,,,1.0878137350082397,3.7748130999263347,,,,,,3.774470329284668,,3.774470329284668,0.05488049238920212
87.294235,POS,,,,,,,,,,,,,,,,119.7626505679064,119.7578824595994,,,,,37.4275096,-122.1683453,,,1.0686719998329863,,,,29.133682250976562,,,,,,
87.394195,ATT,3,,17.77,0.19,90.12,0.0,0.04,17.95,,0.19,,,,90.08,,,,,,,,,,,,,,,,,,,,,,
87.394195,XKF1,,,,,,,,,,,,,,,,120.12802504485474,120.12308502197266,,,3.33962553705811,,,,,,1.0894246101379395,3.339562130176089,,,,,,3.339238166809082,,3.339238166809082,0.050864458084106445
87.394195,POS,,,,,,,,,,,,,,,,120.1250834522194,120.12032973048088,,,,,37.4275096,-122.1683412,,,1.0686719998329863,,,,29.133426666259766,,,,,,
87.441676,ERR,,,,,,,,,,,,,,,,,,0,0,,,,,,,,,,,,9,FAILSAFE_FENCE,,,,
87.49498799999999,ATT,3,,18.52,0.18,90.13,0.01,0.04,18.74,,0.18,,,,90.09,,,,,,,,,,,,,,,,,,,,,,
87.49498799999999,XKF1,,,,,,,,,,,,,,,,120.44335296582669,120.43840789794922,,,2.9030257399356305,,,,,,1.0914103984832764,2.902947676517017,,,,,,2.9026355743408203,,2.9026355743408203,0.047593794763088226
87.49498799999999,POS,,,,,,,,,,,,,,,,120.44341656242366,120.4385761147614,,,,,37.4275097,-122.1683376,,,1.079803999963076,,,,29.133745193481445,,,,,,
87.594948,ATT,3,,18.85,0.16,90.13,0.01,0.03,19.03,,0.17,,,,90.08,,,,,,,,,,,,,,,,,,,,,,
87.594948,XKF1,,,,,,,,,,,,,,,,120.71630812908533,120.71136474609375,,,2.4766236734495024,,,,,,1.09246027469635,2.4765310844550266,,,,,,2.476235866546631,,2.476235866546631,0.0438263975083828
87.594948,POS,,,,,,,,,,,,,,,,120.71745107161058,120.712621612441,,,,,37.4275097,-122.1683345,,,1.079803999963076,,,,29.134912490844727,,,,,,
87.694908,ATT,3,,18.89,0.15,90.13,0.01,0.03,19.03,,0.16,,,,90.09,,,,,,,,,,,,,,,,,,,,,,
87.694908,XKF1,,,,,,,,,,,,,,,,120.94648248275226,120.94153594970703,,,2.065382595077435,,,,,,1.0938496589660645,2.0652641046897275,,,,,,2.0649795532226562,,2.0649795532226562,0.04080084338784218
87.694908,POS,,,,,,,,,,,,,,,,120.94728650492961,120.94246622351965,,,,,37.4275097,-122.1683319,,,1.079803999963076,,,,29.136493682861328,,,,,,
87.77487599999999,ERR,,,,,,,,,,,,,,,,,,0,0,,,,,,,,,,,,9,FAILSAFE_FENCE,,,,
87.794868,ATT,3,,18.72,0.13,90.13,0.01,0.02,18.81,,0.13,,,,90.08,,,,,,,,,,,,,,,,,,,,,,
87.794868,XKF1,,,,,,,,,,,,,,,,121.13864745346491,121.13370513916016,,,1.670111634391862,,,,,,1.0942513942718506,1.669961071339606,,,,,,1.6696903705596924,,1.6696903705596924,0.037509169429540634
87.794868,POS,,,,,,,,,,,,,,,,121.13292284202703,121.12810994799736,,,,,37.4275097,-122.1683298,,,1.079803999963076,,,,29.138530731201172,,,,,,
87.894828,ATT,3,,18.34,0.11,90.13,0.01,0.02,18.4,,0.12,,,,90.09,,,,,,,,,,,,,,,,,,,,,,
87.894828,XKF1,,,,,,,,,,,,,,,,121.29002320071675,121.28507995605469,,,1.2983560356448753,,,,,,1.0950379371643066,1.2981432596493887,,,,,,1.2978781461715698,,1.2978781461715698,0.03522375598549843
87.894828,POS,,,,,,,,,,,,,,,,121.28319989302489,121.27839296269181,,,,,37.4275097,-122.1683281,,,1.079803999963076,,,,29.140687942504883,,,,,,
87.994788,ATT,3,,17.82,0.09,90.12,0.01,0.02,17.85,,0.1,,,,90.09,,,,,,,,,,,,,,,,,,,,,,
87.994788,XKF1,,,,,,,,,,,,,,,,121.40613621361696,121.40119934082031,,,0.9491667842777621,,,,,,1.0948556661605835,0.9488668148077107,,,,,,0.9486130475997925,,0.9486130475997925,0.03241712972521782
87.994788,POS,,,,,,,,,,,,,,,,121.40695747581621,121.40215544567695,,,,,37.4275097,-122.1683267,,,1.079803999963076,,,,29.14303970336914,,,,,,
88.094748,ATT,3,,17.14,0.08,90.12,0.01,0.01,17.15,,0.08,,,,90.09,,,,,,,,,,,,,,,,,,,,,,
88.094748,XKF1,,,,,,,,,,,,,,,,121.48745753711292,121.4825210571289,,,0.6223675465364101,,,,,,1.0951787233352661,0.6218601984602259,,,,,,0.6216084361076355,,0.6216084361076355,0.030729711055755615
88.094748,POS,,,,,,,,,,,,,,,,121.48651592609164,121.48171704080488,,,,,37.4275097,-122.1683258,,,1.079803999963076,,,,29.145217895507812,,,,,,
88.107243,ERR,,,,,,,,,,,,,,,,,,0,0,,,,,,,,,,,,9,FAILSAFE_FENCE,,,,
88.19470799999999,ATT,3,,16.32,0.06,90.12,0.01,0.01,16.32,,0.06,,,,90.09,,,,,,,,,,,,,,,,,,,,,,
88.19470799999999,XKF1,,,,,,,,,,,,,,,,121.53753807352624,121.53260803222656,,,0.32002924863928756,,,,,,1.0946898460388184,0.3189855831635314,,,,,,0.31874004006385803,,0.31874004006385803,0.028696808964014053
88.19470799999999,POS,,,,,,,,,,,,,,,,121.53071506733149,121.52591792740583,,,,,37.4275097,-122.1683253,,,1.079803999963076,,,,29.14723777770996,,,,,,
88.294668,ATT,3,,15.37,0.05,90.12,0.02,0.01,15.37,,0.05,,,,90.1,,,,,,,,,,,,,,,,,,,,,,
88.294668,XKF1,,,,,,,,,,,,,,,,121.55767989529693,121.55274963378906,,,0.048593326708027074,,,,,,1.0948050022125244,0.04023718701151751,,,,,,0.039990175515413284,,0.039990175515413284,0.027606109157204628
88.294668,POS,,,,,,,,,,,,,,,,121.55723455368963,121.5524384603714,,,,,37.4275097,-122.168325,,,1.079803999963076,,,,29.14887809753418,,,,,,
88.394628,ATT,3,,14.34,0.03,90.12,0.02,0.01,14.33,,0.05,,,,90.11,,,,,,,,,,,,,,,,,,,,,,
88.394628,XKF1,,,,,,,,,,,,,,,,121.55124404655955,121.54631805419922,,,0.21510697591119612,,,,,,1.0943019390106201,-0.2132778940573349,,,,,,-0.21352125704288483,,-0.21352125704288483,0.026070747524499893
88.394628,POS,,,,,,,,,,,,,,,,121.54839472443409,121.54359828229745,,,,,37.4275097,-122.1683251,,,1.079803999963076,,,,29.150197982788086,,,,,,
88.43961,ERR,,,,,,,,,,,,,,,,,,0,0,,,,,,,,,,,,9,FAILSAFE_FENCE,,,,
88.494588,ATT,3,,13.24,0.03,90.12,0.02,0.01,13.22,,0.04,,,,90.12,,,,,,,,,,,,,,,,,,,,,,
88.494588,XKF1,,,,,,,,,,,,,,,,121.52004981194469,121.51512145996094,,,0.4421816074356412,,,,,,1.094423532485962,-0.4412097614771038,,,,,,-0.44145575165748596,,-0.44145575165748596,0.025325743481516838
88.494588,POS,,,,,,,,,,,,,,,,121.52187523948443,121.51707775058814,,,,,37.4275097,-122.1683254,,,1.079803999963076,,,,29.151140213012695,,,,,,
88.594548,ATT,3,,12.14,0.02,90.12,0.02,0.01,12.11,,0.04,,,,90.12,,,,,,,,,,,,,,,,,,,,,,
88.594548,XKF1,,,,,,,,,,,,,,,,121.46732958403189,121.46240234375,,,0.6438326595754426,,,,,,1.0940626859664917,-0.643134546226622,,,,,,-0.6433784365653992,,-0.6433784365653992,0.024180175736546516
88.594548,POS,,,,,,,,,,,,,,,,121.46883627095634,121.46403668716952,,,,,37.4275097,-122.168326,,,1.079803999963076,,,,29.15183448791504,,,,,,
88.694508,ATT,3,,11.09,0.02,90.12,0.02,0.01,11.04,,0.03,,,,90.13,,,,,,,,,,,,,,,,,,,,,,
88.694508,XKF1,,,,,,,,,,,,,,,,121.3950920809921,121.3901596069336,,,0.8207954333310371,,,,,,1.0943180322647095,-0.8202067237660283,,,,,,-0.8204535841941833,,-0.8204535841941833,0.023686695843935013
88.694508,POS,,,,,,,,,,,,,,,,121.3981176474248,121.393315267603,,,,,37.4275097,-122.1683268,,,1.079803999963076,,,,29.152206420898438,,,,,,
88.77197699999999,ERR,,,,,,,,,,,,,,,,,,0,0,,,,,,,,,,,,9,FAILSAFE_FENCE,,,,
88.794468,ATT,3,,10.11,0.02,90.12,0.02,0.01,10.04,,0.02,,,,90.14,,,,,,,,,,,,,,,,,,,,,,
88.794468,XKF1,,,,,,,,,,,,,,,,121.30596813199664,121.30103302001953,,,0.9747919449632317,,,,,,1.0942087173461914,-0.9742702397836275,,,,,,-0.9745182394981384,,-0.9745182394981384,0.0230984166264534
88.794468,POS,,,,,,,,,,,,,,,,121.30971937385098,121.30491349440112,,,,,37.4275097,-122.1683278,,,1.079803999963076,,,,29.15234375,,,,,,
88.894428,ATT,3,,9.23,0.03,90.12,0.02,0.01,9.16,,0.03,,,,90.14,,,,,,,,,,,,,,,,,,,,,,
88.894428,XKF1,,,,,,,,,,,,,,,,121.20211848130678,121.19717407226562,,,1.1079489579419741,,,,,,1.0947699546813965,-1.1074593746878358,,,,,,-1.107711672782898,,-1.107711672782898,0.02292909473180771
88.894428,POS,,,,,,,,,,,,,,,,121.20364145204964,121.19883136630762,,,,,37.4275097,-122.168329,,,1.079803999963076,,,,29.15220069885254,,,,,,
88.994388,ATT,3,,8.47,0.04,90.12,0.02,0.01,8.39,,0.03,,,,90.15,,,,,,,,,,,,,,,,,,,,,,
88.994388,XKF1,,,,,,,,,,,,,,,,121.08544519524828,121.08049011230469,,,1.2230775709625792,,,,,,1.0954233407974243,-1.2226175247985542,,,,,,-1.222870945930481,,-1.222870945930481,0.022480973973870277
88.994388,POS,,,,,,,,,,,,,,,,121.08872371227163,121.08390906139641,,,,,37.4275097,-122.1683303,,,1.079803999963076,,,,29.151840209960938,,,,,,
89.094348,ATT,3,,7.83,0.06,90.12,0.02,0.0,7.76,,0.04,,,,90.15,,,,,,,,,,,,,,,,,,,,,,
89.094348,XKF1,,,,,,,,,,,,,,,,120.95791315883143,120.95294189453125,,,1.3225346285385566,,,,,,1.096632480621338,-1.3220902052971437,,,,,,-1.3223466873168945,,-1.3223466873168945,0.02229534089565277
89.094348,POS,,,,,,,,,,,,,,,,120.96496615528432,120.96014657841128,,,,,37.4275097,-122.1683317,,,1.079803999963076,,,,29.15119743347168,,,,,,
89.104344,ERR,,,,,,,,,,,,,,,,,,0,0,,,,,,,,,,,,9,FAILSAFE_FENCE,,,,
89.19430799999999,ATT,3,,7.36,0.09,90.12,0.02,0.0,7.28,,0.07,,,,90.15,,,,,,,,,,,,,,,,,,,,,,
89.19430799999999,XKF1,,,,,,,,,,,,,,,,120.82143138096636,120.81644439697266,,,1.4091453610696334,,,,,,1.0977450609207153,-1.4087242094181318,,,,,,-1.408979058265686,,-1.408979058265686,0.021648602560162544
89.19430799999999,POS,,,,,,,,,,,,,,,,120.8235289594762,120.81870374053452,,,,,37.4275097,-122.1683333,,,1.079803999963076,,,,29.150484085083008,,,,,,
89.294268,ATT,3,,7.02,0.11,90.12,0.02,0.0,6.94,,0.11,,,,90.14,,,,,,,,,,,,,,,,,,,,,,
89.294268,XKF1,,,,,,,,,,,,,,,,120.67661450909061,120.6716079711914,,,1.4858439780057189,,,,,,1.0992356538772583,-1.4854515484487907,,,,,,-1.4857009649276733,,-1.4857009649276733,0.02061479538679123
89.294268,POS,,,,,,,,,,,,,,,,120.68209177689315,120.67726090265774,,,,,37.4275097,-122.1683349,,,1.079803999963076,,,,29.149639129638672,,,,,,
89.394228,ATT,3,,6.79,0.13,90.12,0.02,0.0,6.73,,0.13,,,,90.14,,,,,,,,,,,,,,,,,,,,,,
89.394228,XKF1,,,,,,,,,,,,,,,,120.52439572193627,120.51937103271484,,,1.5557498061090869,,,,,,1.1005316972732544,-1.555393149142405,,,,,,-1.555632472038269,,-1.555632472038269,0.01910683512687683
89.394228,POS,,,,,,,,,,,,,,,,120.5318147854911,120.5269778879633,,,,,37.4275097,-122.1683366,,,1.079803999963076,,,,29.148801803588867,,,,,,
89.436711,ERR,,,,,,,,,,,,,,,,,,0,0,,,,,,,,,,,,9,FAILSAFE_FENCE,,,,
89.494188,ATT,3,,6.67,0.15,90.11,0.02,0.0,6.62,,0.15,,,,90.13,,,,,,,,,,,,,,,,,,,,,,
89.494188,XKF1,,,,,,,,,,,,,,,,120.3653432512259,120.36029815673828,,,1.6202830708719838,,,,,,1.1020361185073853,-1.6199618070397688,,,,,,-1.6201893091201782,,-1.6201893091201782,0.017430787906050682
89.494188,POS,,,,,,,,,,,,,,,,120.37269798797531,120.36785469645116,,,,,37.4275097,-122.1683384,,,1.079803999963076,,,,29.14795684814453,,,,,,
89.594981,ATT,3,,6.65,0.16,90.11,0.02,0.0,6.61,,0.17,,,,90.13,,,,,,,,,,,,,,,,,,,,,,
89.594981,XKF1,,,,,,,,,,,,,,,,120.1992927259514,120.19422912597656,,,1.682216739451552,,,,,,1.103293538093567,-1.6819332019742683,,,,,,-1.6821458339691162,,-1.6821458339691162,0.015445120632648468
89.594981,POS,,,,,,,,,,,,,,,,120.20484190059264,120.19989132686507,,,,,37.4275098,-122.1683403,,,1.0909360000931656,,,,29.147125244140625,,,,,,
89.694941,ATT,3,,6.74,0.18,90.12,0.01,0.0,6.7,,0.18,,,,90.12,,,,,,,,,,,,,,,,,,,,,,
89.694941,XKF1,,,,,,,,,,,,,,,,120.02699504945714,120.02191162109375,,,1.742623514085646,,,,,,1.1046589612960815,-1.7423763440900821,,,,,,-1.7425726652145386,,-1.7425726652145386,0.013312336057424545
89.694941,POS,,,,,,,,,,,,,,,,120.03688545816954,120.031927957279,,,,,37.4275098,-122.1683422,,,1.0909360000931656,,,,29.1463565826416,,,,,,
89.769911,ERR,,,,,,,,,,,,,,,,,,0,0,,,,,,,,,,,,9,FAILSAFE_FENCE,,,,
89.794901,ATT,3,,6.89,0.2,90.12,0.01,0.0,6.87,,0.2,,,,90.11,,,,,,,,,,,,,,,,,,,,,,
89.794901,XKF1,,,,,,,,,,,,,,,,119.84724506900152,119.8421401977539,,,1.8040437812562193,,,,,,1.1061570644378662,-1.8038295565853937,,,,,,-1.8040093183517456,,-1.8040093183517456,0.011150963604450226
89.794901,POS,,,,,,,,,,,,,,,,119.85124941261854,119.8462842328013,,,,,37.4275098,-122.1683443,,,1.0909360000931656,,,,29.145605087280273,,,,,,
89.89486099999999,ATT,3,,7.14,0.22,90.12,0.01,0.0,7.12,,0.22,,,,90.11,,,,,,,,,,,,,,,,,,,,,,
89.89486099999999,XKF1,,,,,,,,,,,,,,,,119.65999503350974,119.65486907958984,,,1.8669686455481074,,,,,,1.1075725555419922,-1.8667889174895127,,,,,,-1.8669487237930298,,-1.8669487237930298,0.008624742738902569
89.89486099999999,POS,,,,,,,,,,,,,,,,119.6656133908925,119.66064050832358,,,,,37.4275098,-122.1683464,,,1.0909360000931656,,,,29.144975662231445,,,,,,
89.994821,ATT,3,,7.47,0.24,90.12,0.01,0.0,7.45,,0.23,,,,90.1,,,,,,,,,,,,,,,,,,,,,,
89.994821,XKF1,,,,,,,,,,,,,,,,119.46655770488161,119.46141052246094,,,1.9328621822803809,,,,,,1.1089661121368408,-1.9327124592156877,,,,,,-1.9328525066375732,,-1.9328525066375732,0.006115821655839682
89.994821,POS,,,,,,,,,,,,,,,,119.47113758482122,119.46615660702818,,,,,37.4275098,-122.1683486,,,1.0909360000931656,,,,29.144367218017578,,,,,,
90.094781,ATT,3,,7.91,0.26,90.12,0.01,0.0,7.88,,0.25,,,,90.1,,,,,,,,,,,,,,,,,,,,,,
90.094781,XKF1,,,,,,,,,,,,,,,,119.26693177909874,119.26176452636719,,,2.00222019421333,,,,,,1.1101973056793213,-2.0021003874582126,,,,,,-2.0022175312042236,,-2.0022175312042236,0.003265555715188384
90.094781,POS,,,,,,,,,,,,,,,,119.2766618051484,119.2716727057328,,,,,37.4275098,-122.1683508,,,1.0909360000931656,,,,29.143770217895508,,,,,,
90.102278,ERR,,,,,,,,,,,,,,,,,,0,0,,,,,,,,,,,,9,FAILSAFE_FENCE,,,,
90.194741,ATT,3,,8.42,0.29,90.12,0.01,0.0,8.41,,0.27,,,,90.1,,,,,,,,,,,,,,,,,,,,,,
90.194741,XKF1,,,,,,,,,,,,,,,,119.05913757841905,119.05394744873047,,,2.0780020288367087,,,,,,1.111682415008545,-2.077907015024478,,,,,,-2.0780019760131836,,-2.0780019760131836,0.0004685453895945102
90.194741,POS,,,,,,,,,,,,,,,,119.06450643917255,119.05950844954577,,,,,37.4275098,-122.1683532,,,1.0909360000931656,,,,29.143146514892578,,,,,,
90.294701,ATT,3,,9.02,0.31,90.13,0.01,0.0,9.0,,0.29,,,,90.1,,,,,,,,,,,,,,,,,,,,,,
90.294701,XKF1,,,,,,,,,,,,,,,,118.84416145633114,118.83895111083984,,,2.1599760050705004,,,,,,1.1128392219543457,-2.1599062763250614,,,,,,-2.1599740982055664,,-2.1599740982055664,-0.0028701152186840773
90.294701,POS,,,,,,,,,,,,,,,,118.852351104936,118.84734419335875,,,,,37.4275098,-122.1683556,,,1.0909360000931656,,,,29.142629623413086,,,,,,
90.394661,ATT,3,,9.67,0.34,90.13,0.01,0.0,9.66,,0.32,,,,90.1,,,,,,,,,,,,,,,,,,,,,,
90.394661,XKF1,,,,,,,,,,,,,,,,118.61984351660283,118.61460876464844,,,2.250063993724516,,,,,,1.1143893003463745,-2.2500129786322103,,,,,,-2.250056028366089,,-2.250056028366089,-0.005987075157463551
90.394661,POS,,,,,,,,,,,,,,,,118.62261909529562,118.6174995822801,,,,,37.4275099,-122.1683582,,,1.102067999432279,,,,29.142173767089844,,,,,,
90.434645,ERR,,,,,,,,,,,,,,,,,,0,0,,,,,,,,,,,,9,FAILSAFE_FENCE,,,,
90.494621,ATT,3,,10.37,0.36,90.13,0.0,0.0,10.37,,0.35,,,,90.11,,,,,,,,,,,,,,,,,,,,,,
90.494621,XKF1,,,,,,,,,,,,,,,,118.386899506049,118.38164520263672,,,2.348105502275977,,,,,,1.115371584892273,-2.348073324472269,,,,,,-2.3480849266052246,,-2.3480849266052246,-0.00982991699129343
90.494621,POS,,,,,,,,,,,,,,,,118.39278442310416,118.38765497120146,,,,,37.4275099,-122.1683608,,,1.102067999432279,,,,29.14183807373047,,,,,,
90.594581,ATT,3,,11.04,0.38,90.14,0.0,0.0,11.07,,0.39,,,,90.11,,,,,,,,,,,,,,,,,,,,,,
90.594581,XKF1,,,,,,,,,,,,,,,,118.14322300911233,118.13794708251953,,,2.4548559030004165,,,,,,1.1165133714675903,-2.454837782887261,,,,,,-2.454817295074463,,-2.454817295074463,-0.013767799362540245
90.594581,POS,,,,,,,,,,,,,,,,118.1452702037974,118.14013000523117,,,,,37.4275099,-122.1683636,,,1.102067999432279,,,,29.1415958404541,,,,,,
90.694541,ATT,3,,11.66,0.39,90.14,0.0,0.0,11.69,,0.4,,,,90.12,,,,,,,,,,,,,,,,,,,,,,
90.694541,XKF1,,,,,,,,,,,,,,,,117.88927141482733,117.88397979736328,,,2.568239509709722,,,,,,1.1169699430465698,-2.5682323262212345,,,,,,-2.5681746006011963,,-2.5681746006011963,-0.01825924590229988
90.694541,POS,,,,,,,,,,,,,,,,117.89775603087087,117.89260504051717,,,,,37.4275099,-122.1683664,,,1.102067999432279,,,,29.14145851135254,,,,,,
90.767012,ERR,,,,,,,,,,,,,,,,,,0,0,,,,,,,,,,,,9,FAILSAFE_FENCE,,,,
90.794501,ATT,3,,12.24,0.4,90.15,0.0,0.0,12.28,,0.4,,,,90.12,,,,,,,,,,,,,,,,,,,,,,
90.794501,XKF1,,,,,,,,,,,,,,,,117.62319339269449,117.61788177490234,,,2.687694528073009,,,,,,1.1178151369094849,-2.6876924625249443,,,,,,-2.6876027584075928,,-2.6876027584075928,-0.02221011556684971
90.794501,POS,,,,,,,,,,,,,,,,117.63256232303591,117.62739971965526,,,,,37.4275099,-122.1683694,,,1.102067999432279,,,,29.141393661499023,,,,,,
90.89446099999999,ATT,3,,12.8,0.42,90.15,0.0,0.0,12.83,,0.41,,,,90.13,,,,,,,,,,,,,,,,,,,,,,
90.89446099999999,XKF1,,,,,,,,,,,,,,,,117.34569437339293,117.34037017822266,,,2.8116064337092634,,,,,,1.1178168058395386,-2.811606426620783,,,,,,-2.811480760574341,,-2.811480760574341,-0.02658328413963318
90.89446099999999,POS,,,,,,,,,,,,,,,,117.34968909362159,117.34451404515798,,,,,37.4275099,-122.1683726,,,1.102067999432279,,,,29.14142608642578,,,,,,
90.994421,ATT,3,,13.4,0.43,90.16,0.0,0.0,13.41,,0.43,,,,90.13,,,,,,,,,,,,,,,,,,,,,,
90.994421,XKF1,,,,,,,,,,,,,,,,117.05535054235459,117.05001068115234,,,2.9401087787378755,,,,,,1.1180742979049683,-2.940107699313578,,,,,,-2.9399495124816895,,-2.9399495124816895,-0.03060220368206501
90.994421,POS,,,,,,,,,,,,,,,,117.05797613804003,117.05278819258676,,,,,37.4275099,-122.1683759,,,1.102067999432279,,,,29.141523361206055,,,,,,
91.094381,ATT,3,,14.05,0.44,90.16,0.0,0.0,14.05,,0.43,,,,90.14,,,,,,,,,,,,,,,,,,,,,,
91.094381,XKF1,,,,,,,,,,,,,,,,116.75272846333516,116.74738311767578,,,3.0733982110692035,,,,,,1.117201328277588,-3.0733927583408116,,,,,,-3.0731966495513916,,-3.0731966495513916,-0.03519825264811516
91.094381,POS,,,,,,,,,,,,,,,,116.7574234638641,116.75222216319786,,,,,37.4275099,-122.1683793,,,1.102067999432279,,,,29.14168930053711,,,,,,
91.099379,ERR,,,,,,,,,,,,,,,,,,0,0,,,,,,,,,,,,9,FAILSAFE_FENCE,,,,
91.194341,ATT,3,,14.73,0.45,90.17,0.0,0.0,14.72,,0.44,,,,90.15,,,,,,,,,,,,,,,,,,,,,,
91.194341,XKF1,,,,,,,,,,,,,,,,116.43779397537016,116.43243408203125,,,3.211680931083084,,,,,,1.1172106266021729,-3.211670653680542,,,,,,-3.211444854736328,,-3.211444854736328,-0.03894031420350075
91.194341,POS,,,,,,,,,,,,,,,,116.43919129554654,116.43397577891733,,,,,37.4275099,-122.1683829,,,1.102067999432279,,,,29.141977310180664,,,,,,
91.294301,ATT,3,,15.47,0.45,90.17,0.0,0.0,15.46,,0.46,,,,90.16,,,,,,,,,,,,,,,,,,,,,,
91.294301,XKF1,,,,,,,,,,,,,,,,116.10909608897823,116.1037368774414,,,3.355995497855697,,,,,,1.115561604499817,-3.355976071453011,,,,,,-3.3557114601135254,,-3.3557114601135254,-0.043662089854478836
91.294301,POS,,,,,,,,,,,,,,,,116.11211942524592,116.10688921656285,,,,,37.4275099,-122.1683866,,,1.102067999432279,,,,29.142253875732422,,,,,,
91.394261,ATT,3,,16.26,0.46,90.18,0.0,0.0,16.24,,0.45,,,,90.16,,,,,,,,,,,,,,,,,,,,,,
91.394261,XKF1,,,,,,,,,,,,,,,,115.76828607363446,115.7629165649414,,,3.5059497060934657,,,,,,1.1149927377700806,-3.5059236141405736,,,,,,-3.5056307315826416,,-3.5056307315826416,-0.04729181155562401
91.394261,POS,,,,,,,,,,,,,,,,115.77631436170539,115.7709624773907,,,,,37.42751,-122.1683904,,,1.1131999995623687,,,,29.142671585083008,,,,,,
91.431746,ERR,,,,,,,,,,,,,,,,,,0,0,,,,,,,,,,,,9,FAILSAFE_FENCE,,,,
91.494221,ATT,3,,17.07,0.47,90.19,0.0,0.01,17.07,,0.46,,,,90.17,,,,,,,,,,,,,,,,,,,,,,
91.494221,XKF1,,,,,,,,,,,,,,,,115.41162516293092,115.40625762939453,,,3.66353741234449,,,,,,1.1130690574645996,-3.66350095909464,,,,,,-3.663172960281372,,-3.663172960281372,-0.051674313843250275
91.494221,POS,,,,,,,,,,,,,,,,115.41377706342706,115.40851520650922,,,,,37.4275099,-122.1683945,,,1.102067999432279,,,,29.143030166625977,,,,,,
91.59418099999999,ATT,3,,17.89,0.48,90.19,0.0,0.01,17.87,,0.47,,,,90.18,,,,,,,,,,,,,,,,,,,,,,
91.59418099999999,XKF1,,,,,,,,,,,,,,,,115.04078755103122,115.03541564941406,,,3.827398684050132,,,,,,1.1117314100265503,-3.8273551121547964,,,,,,-3.8269999027252197,,-3.8269999027252197,-0.05524881184101105
91.59418099999999,POS,,,,,,,,,,,,,,,,115.04250659781242,115.03722775881006,,,,,37.4275099,-122.1683987,,,1.102067999432279,,,,29.143476486206055,,,,,,
91.694974,ATT,3,,18.73,0.49,90.2,0.0,0.01,18.71,,0.47,,,,90.18,,,,,,,,,,,,,,,,,,,,,,
91.694974,XKF1,,,,,,,,,,,,,,,,114.65154774172892,114.64617919921875,,,3.9990576226014958,,,,,,1.1095019578933716,-3.9990047043464676,,,,,,-3.9986183643341064,,-3.9986183643341064,-0.0592709481716156
91.694974,POS,,,,,,,,,,,,,,,,114.65355670268652,114.64825995496302,,,,,37.4275099,-122.1684031,,,1.102067999432279,,,,29.1438045501709,,,,,,
91.764946,ERR,,,,,,,,,,,,,,,,,,0,0,,,,,,,,,,,,9,FAILSAFE_FENCE,,,,
91.794934,ATT,3,,19.47,0.51,90.21,0.0,0.01,19.47,,0.49,,,,90.19,,,,,,,,,,,,,,,,,,,,,,
91.794934,XKF1,,,,,,,,,,,,,,,,114.2422971573932,114.23693084716797,,,4.178317586427039,,,,,,1.1072896718978882,-4.178256990264692,,,,,,-4.177842617034912,,-4.177842617034912,-0.06299936771392822
91.794934,POS,,,,,,,,,,,,,,,,114.24692739834026,114.2416117974806,,,,,37.4275099,-122.1684077,,,1.102067999432279,,,,29.143966674804688,,,,,,
91.894894,ATT,3,,20.17,0.5,90.21,0.0,0.01,20.18,,0.49,,,,90.19,,,,,,,,,,,,,,,,,,,,,,
91.894894,XKF1,,,,,,,,,,,,,,,,113.81449967758802,113.80914306640625,,,4.36206907278644,,,,,,1.1042152643203735,-4.36199753002676,,,,,,-4.3615498542785645,,-4.3615498542785645,-0.06730129569768906
91.894894,POS,,,,,,,,,,,,,,,,113.82261870242475,113.81728328510657,,,,,37.4275099,-122.1684125,,,1.102067999432279,,,,29.144092559814453,,,,,,
91.994854,ATT,3,,20.84,0.51,90.22,0.0,0.01,20.86,,0.49,,,,90.19,,,,,,,,,,,,,,,,,,,,,,
91.994854,XKF1,,,,,,,,,,,,,,,,113.36310610739997,113.35775756835938,,,4.551426373972232,,,,,,1.1011927127838135,-4.551347080861668,,,,,,-4.5508713722229,,-4.5508713722229,-0.07107595354318619
91.994854,POS,,,,,,,,,,,,,,,,113.37168321005268,113.36643424102321,,,,,37.4275098,-122.1684176,,,1.0909360000931656,,,,29.144155502319336,,,,,,
92.094814,ATT,3,,21.54,0.5,90.23,0.0,0.01,21.55,,0.49,,,,90.2,,,,,,,,,,,,,,,,,,,,,,
92.094814,XKF1,,,,,,,,,,,,,,,,112.89651580424061,112.89118194580078,,,4.74193485293675,,,,,,1.0974149703979492,-4.741846509318969,,,,,,-4.7413411140441895,,-4.7413411140441895,-0.07503725588321686
92.094814,POS,,,,,,,,,,,,,,,,112.90317559342819,112.89790484204823,,,,,37.4275098,-122.1684229,,,1.0909360000931656,,,,29.144197463989258,,,,,,
92.097313,ERR,,,,,,,,,,,,,,,,,,0,0,,,,,,,,,,,,9,FAILSAFE_FENCE,,,,
92.194774,ATT,3,,22.26,0.51,90.23,0.0,0.01,22.27,,0.5,,,,90.2,,,,,,,,,,,,,,,,,,,,,,
92.194774,XKF1,,,,,,,,,,,,,,,,112.4099172759578,112.40459442138672,,,4.9360885285713625,,,,,,1.0939172506332397,-4.935993985146718,,,,,,-4.935462951660156,,-4.935462951660156,-0.07858380675315857
92.194774,POS,,,,,,,,,,,,,,,,112.41698863585795,112.41169508818162,,,,,37.4275098,-122.1684284,,,1.0909360000931656,,,,29.144189834594727,,,,,,
92.29473399999999,ATT,3,,22.99,0.51,90.24,0.0,0.01,22.99,,0.49,,,,90.21,,,,,,,,,,,,,,,,,,,,,,
92.29473399999999,XKF1,,,,,,,,,,,,,,,,111.90420658205952,111.8989028930664,,,5.133298059119486,,,,,,1.089487075805664,-5.133195223663034,,,,,,-5.132635593414307,,-5.132635593414307,-0.08246713876724243
92.29473399999999,POS,,,,,,,,,,,,,,,,111.91301439953708,111.90780497942337,,,,,37.4275097,-122.1684341,,,1.079803999963076,,,,29.14419174194336,,,,,,
92.394694,ATT,3,,23.69,0.52,90.25,0.0,0.01,23.69,,0.48,,,,90.21,,,,,,,,,,,,,,,,,,,,,,
92.394694,XKF1,,,,,,,,,,,,,,,,111.3783717208124,111.37308502197266,,,5.333393287574375,,,,,,1.0851819515228271,-5.3332868865106375,,,,,,-5.332705497741699,,-5.332705497741699,-0.08565065264701843
92.394694,POS,,,,,,,,,,,,,,,,111.38262856663783,111.37739433895582,,,,,37.4275097,-122.1684401,,,1.079803999963076,,,,29.14417266845703,,,,,,
92.42968,ERR,,,,,,,,,,,,,,,,,,0,0,,,,,,,,,,,,9,FAILSAFE_FENCE,,,,
92.494654,ATT,3,,24.33,0.51,90.25,0.0,0.01,24.34,,0.47,,,,90.22,,,,,,,,,,,,,,,,,,,,,,
92.494654,XKF1,,,,,,,,,,,,,,,,110.83281458777351,110.82755279541016,,,5.5352469697480995,,,,,,1.079967975616455,-5.535135397433724,,,,,,-5.534530162811279,,-5.534530162811279,-0.08907801657915115
92.494654,POS,,,,,,,,,,,,,,,,110.83456345520246,110.82930334359665,,,,,37.4275097,-122.1684463,,,1.079803999963076,,,,29.144149780273438,,,,,,
92.59461399999999,ATT,3,,24.83,0.51,90.26,0.0,0.01,24.85,,0.47,,,,90.23,,,,,,,,,,,,,,,,,,,,,,
92.59461399999999,XKF1,,,,,,,,,,,,,,,,110.2666755170145,110.26143646240234,,,5.737099125282883,,,,,,1.0748761892318726,-5.736985718345674,,,,,,-5.736361503601074,,-5.736361503601074,-0.09199496358633041
92.59461399999999,POS,,,,,,,,,,,,,,,,110.2687106458166,110.26353199334584,,,,,37.4275096,-122.1684527,,,1.0686719998329863,,,,29.144134521484375,,,,,,
92.694574,ATT,3,,25.19,0.5,90.26,0.0,0.01,25.22,,0.47,,,,90.23,,,,,,,,,,,,,,,,,,,,,,
92.694574,XKF1,,,,,,,,,,,,,,,,109.68105851316771,109.67584991455078,,,5.935515030922567,,,,,,1.0688976049423218,-5.935396333278546,,,,,,-5.934748649597168,,-5.934748649597168,-0.09537897258996964
92.694574,POS,,,,,,,,,,,,,,,,109.68528648887026,109.68008028945967,,,,,37.4275096,-122.1684593,,,1.0686719998329863,,,,29.1441650390625,,,,,,
92.762047,ERR,,,,,,,,,,,,,,,,,,0,0,,,,,,,,,,,,9,FAILSAFE_FENCE,,,,
92.794534,ATT,3,,25.49,0.49,90.27,0.0,0.01,25.52,,0.45,,,,90.24,,,,,,,,,,,,,,,,,,,,,,
92.794534,XKF1,,,,,,,,,,,,,,,,109.07585128414043,109.07067108154297,,,6.128407450283983,,,,,,1.0630348920822144,-6.128287621099134,,,,,,-6.127623081207275,,-6.127623081207275,-0.09804718941450119
92.794534,POS,,,,,,,,,,,,,,,,109.08407462910743,109.07894822942559,,,,,37.4275095,-122.1684661,,,1.0575399997028967,,,,29.144269943237305,,,,,,
92.894494,ATT,3,,25.81,0.48,90.27,0.0,0.0,25.83,,0.45,,,,90.24,,,,,,,,,,,,,,,,,,,,,,
92.894494,XKF1,,,,,,,,,,,,,,,,108.45205197693517,108.44690704345703,,,6.315481751075358,,,,,,1.0563762187957764,-6.315359536805274,,,,,,-6.3146772384643555,,-6.3146772384643555,-0.10080239176750183
92.894494,POS,,,,,,,,,,,,,,,,108.45634373085792,108.45129563893848,,,,,37.4275094,-122.1684732,,,1.046407999572807,,,,29.144411087036133,,,,,,
92.994454,ATT,3,,26.07,0.48,90.27,0.0,0.0,26.09,,0.44,,,,90.25,,,,,,,,,,,,,,,,,,,,,,
92.994454,XKF1,,,,,,,,,,,,,,,,107.80968593999692,107.80457305908203,,,6.496323502387326,,,,,,1.0499571561813354,-6.496202288539818,,,,,,-6.495507717132568,,-6.495507717132568,-0.10294923186302185
92.994454,POS,,,,,,,,,,,,,,,,107.8110410009842,107.80596269230347,,,,,37.4275094,-122.1684805,,,1.046407999572807,,,,29.144567489624023,,,,,,
93.094414,ERR,,,,,,,,,,,,,,,,,,0,0,,,,,,,,,,,,9,FAILSAFE_FENCE,,,,
93.094414,ATT,3,,26.33,0.46,90.27,0.0,0.0,26.35,,0.44,,,,90.25,,,,,,,,,,,,,,,,,,,,,,
93.094414,XKF1,,,,,,,,,,,,,,,,107.14994901178362,107.1448745727539,,,6.671079941548594,,,,,,1.0427972078323364,-6.67095706117306,,,,,,-6.6702470779418945,,-6.6702470779418945,-0.10541112720966339
93.094414,POS,,,,,,,,,,,,,,,,107.15679075169386,107.15178956885079,,,,,37.4275093,-122.1684879,,,1.0352759994427174,,,,29.144744873046875,,,,,,
93.194374,ATT,3,,26.59,0.45,90.28,0.0,0.0,26.6,,0.44,,,,90.26,,,,,,,,,,,,,,,,,,,,,,
93.194374,XKF1,,,,,,,,,,,,,,,,106.47300389952117,106.46796417236328,,,6.839339117605486,,,,,,1.0359364748001099,-6.839217040464646,,,,,,-6.83849573135376,,-6.83849573135376,-0.10740436613559723
93.194374,POS,,,,,,,,,,,,,,,,106.47612906871163,106.47109591368879,,,,,37.4275093,-122.1684956,,,1.0352759994427174,,,,29.144920349121094,,,,,,
93.29433399999999,ATT,3,,26.81,0.44,90.28,0.0,0.0,26.82,,0.43,,,,90.27,,,,,,,,,,,,,,,,,,,,,,
93.29433399999999,XKF1,,,,,,,,,,,,,,,,105.78011661249333,105.7751235961914,,,7.001339565803359,,,,,,1.0277639627456665,-7.001213726857006,,,,,,-7.0004754066467285,,-7.0004754066467285,-0.10999907553195953
93.29433399999999,POS,,,,,,,,,,,,,,,,105.78651968523043,105.78156208045283,,,,,37.4275092,-122.1685034,,,1.024144000103604,,,,29.145051956176758,,,,,,
93.394294,ATT,3,,27.15,0.42,90.28,0.01,0.0,27.12,,0.4,,,,90.27,,,,,,,,,,,,,,,,,,,,,,
93.394294,XKF1,,,,,,,,,,,,,,,,105.07840762160839,105.07344818115234,,,7.154269993199529,,,,,,1.0208994150161743,-7.154148464330711,,,,,,-7.153405666351318,,-7.153405666351318,-0.11120480298995972
93.394294,POS,,,,,,,,,,,,,,,,105.08807072332701,105.0831880703992,,,,,37.4275091,-122.1685113,,,1.0130119999735143,,,,29.145456314086914,,,,,,
93.42678099999999,ERR,,,,,,,,,,,,,,,,,,0,0,,,,,,,,,,,,9,FAILSAFE_FENCE,,,,
93.494254,ATT,3,,27.51,0.42,90.28,0.01,0.0,27.49,,0.4,,,,90.28,,,,,,,,,,,,,,,,,,,,,,
93.494254,XKF1,,,,,,,,,,,,,,,,104.3601154045043,104.3552017211914,,,7.304945337755993,,,,,,1.012699842453003,-7.304823975983516,,,,,,-7.304071426391602,,-7.304071426391602,-0.1129910871386528
93.494254,POS,,,,,,,,,,,,,,,,104.36310263566855,104.35829352863625,,,,,37.427509,-122.1685195,,,1.0018799998434247,,,,29.145694732666016,,,,,,
93.594214,ATT,3,,27.83,0.42,90.29,0.01,0.0,27.81,,0.41,,,,90.29,,,,,,,,,,,,,,,,,,,,,,
93.594214,XKF1,,,,,,,,,,,,,,,,103.63140761253257,103.62652587890625,,,7.450474903780123,,,,,,1.0058717727661133,-7.450358943310823,,,,,,-7.449604511260986,,-7.449604511260986,-0.11388115584850311
93.594214,POS,,,,,,,,,,,,,,,,103.63824173106451,103.63339898687332,,,,,37.427509,-122.1685277,,,1.0018799998434247,,,,29.145998001098633,,,,,,
93.694174,ATT,3,,28.12,0.41,90.29,0.01,0.0,28.11,,0.41,,,,90.29,,,,,,,,,,,,,,,,,,,,,,
93.694174,XKF1,,,,,,,,,,,,,,,,102.88600894132709,102.88117218017578,,,7.593531535115981,,,,,,0.9976205229759216,-7.59341493730004,,,,,,-7.592649936676025,,-7.592649936676025,-0.11570701748132706
93.694174,POS,,,,,,,,,,,,,,,,102.89559399489987,102.89082409021874,,,,,37.4275089,-122.1685361,,,0.990747999713335,,,,29.14612579345703,,,,,,
93.759981,ERR,,,,,,,,,,,,,,,,,,0,0,,,,,,,,,,,,9,FAILSAFE_FENCE,,,,
93.794967,ATT,3,,28.4,0.41,90.29,0.0,0.0,28.38,,0.42,,,,90.29,,,,,,,,,,,,,,,,,,,,,,
93.794967,XKF1,,,,,,,,,,,,,,,,102.1295659764984,102.12476348876953,,,7.73112983524786,,,,,,0.990418553352356,-7.731016849188539,,,,,,-7.730247974395752,,-7.730247974395752,-0.11676807701587677
93.794967,POS,,,,,,,,,,,,,,,,102.13526687103466,102.13056883867254,,,,,37.4275088,-122.1685447,,,0.9796159995832454,,,,29.14628028869629,,,,,,
93.894927,ATT,3,,28.61,0.4,90.29,0.0,0.0,28.61,,0.4,,,,90.29,,,,,,,,,,,,,,,,,,,,,,
93.894927,XKF1,,,,,,,,,,,,,,,,101.35583435698638,101.35107421875,,,7.866177526917279,,,,,,0.9822998046875,-7.866065670875355,,,,,,-7.865289688110352,,-7.865289688110352,-0.11818209290504456
93.894927,POS,,,,,,,,,,,,,,,,101.35736732282724,101.35263323223471,,,,,37.4275088,-122.1685535,,,0.9796159995832454,,,,29.1462345123291,,,,,,
93.99488699999999,ATT,3,,28.68,0.39,90.29,0.0,0.0,28.7,,0.4,,,,90.29,,,,,,,,,,,,,,,,,,,,,,
93.99488699999999,XKF1,,,,,,,,,,,,,,,,100.56429752257213,100.55957794189453,,,7.997180092167151,,,,,,0.9742794036865234,-7.997071388899517,,,,,,-7.9962921142578125,,-7.9962921142578125,-0.11917151510715485
93.99488699999999,POS,,,,,,,,,,,,,,,,100.57052075884664,100.5658574489792,,,,,37.4275087,-122.1685624,,,0.9684839994531558,,,,29.145959854125977,,,,,,
94.092348,ERR,,,,,,,,,,,,,,,,,,0,0,,,,,,,,,,,,9,FAILSAFE_FENCE,,,,
94.094847,ATT,3,,28.66,0.37,90.29,0.0,0.0,28.69,,0.39,,,,90.29,,,,,,,,,,,,,,,,,,,,,,
94.094847,XKF1,,,,,,,,,,,,,,,,99.7518800413524,99.74720764160156,,,8.12135507427681,,,,,,0.9654737114906311,-8.121246800898236,,,,,,-8.120460510253906,,-8.120460510253906,-0.12053772807121277
94.094847,POS,,,,,,,,,,,,,,,,99.75715500853443,99.7525611327581,,,,,37.4275086,-122.1685716,,,0.9573520001140423,,,,29.145645141601562,,,,,,
94.194807,ATT,3,,28.65,0.36,90.29,0.0,0.0,28.66,,0.38,,,,90.28,,,,,,,,,,,,,,,,,,,,,,
94.194807,XKF1,,,,,,,,,,,,,,,,98.93166280350434,98.92703247070312,,,8.236028917835306,,,,,,0.957158088684082,-8.235922915822064,,,,,,-8.235133171081543,,-8.235133171081543,-0.1214660033583641
94.194807,POS,,,,,,,,,,,,,,,,98.93494959786517,98.9304246409756,,,,,37.4275085,-122.1685809,,,0.9462199999839527,,,,29.145307540893555,,,,,,
94.294767,ATT,3,,28.67,0.34,90.29,0.0,0.0,28.67,,0.35,,,,90.28,,,,,,,,,,,,,,,,,,,,,,
94.294767,XKF1,,,,,,,,,,,,,,,,98.10027866863523,98.09569549560547,,,8.341777938725754,,,,,,0.9482616186141968,-8.3416732086097,,,,,,-8.340879440307617,,-8.340879440307617,-0.1224309653043747
94.294767,POS,,,,,,,,,,,,,,,,98.10401125479123,98.09944796986288,,,,,37.4275085,-122.1685903,,,0.9462199999839527,,,,29.145015716552734,,,,,,
94.394727,ATT,3,,28.66,0.34,90.29,0.0,0.0,28.67,,0.34,,,,90.28,,,,,,,,,,,,,,,,,,,,,,
94.394727,XKF1,,,,,,,,,,,,,,,,97.25727413822592,97.25273132324219,,,8.440451258375095,,,,,,0.9400122165679932,-8.440351905947642,,,,,,-8.43956184387207,,-8.43956184387207,-0.12252888828516006
94.394727,POS,,,,,,,,,,,,,,,,97.26412615032439,97.25963112318875,,,,,37.4275084,-122.1685998,,,0.935087999853863,,,,29.144678115844727,,,,,,
94.42471499999999,ERR,,,,,,,,,,,,,,,,,,0,0,,,,,,,,,,,,9,FAILSAFE_FENCE,,,,
94.494687,ATT,3,,28.64,0.33,90.29,0.0,0.0,28.65,,0.32,,,,90.27,,,,,,,,,,,,,,,,,,,,,,
94.494687,XKF1,,,,,,,,,,,,,,,,96.40524619278294,96.40074920654297,,,8.531287222873917,,,,,,0.9311529994010925,-8.531191164497123,,,,,,-8.530402183532715,,-8.530402183532715,-0.122883141040802
94.494687,POS,,,,,,,,,,,,,,,,96.40656159769286,96.40213392036672,,,,,37.4275083,-122.1686095,,,0.9239559997237734,,,,29.144397735595703,,,,,,
94.594647,ATT,3,,28.6,0.33,90.29,0.0,0.0,28.62,,0.31,,,,90.27,,,,,,,,,,,,,,,,,,,,,,
94.594647,XKF1,,,,,,,,,,,,,,,,95.5437712383782,95.53931427001953,,,8.615201557060807,,,,,,0.9228495359420776,-8.615111564738498,,,,,,-8.61432933807373,,-8.61432933807373,-0.12258843332529068
94.594647,POS,,,,,,,,,,,,,,,,95.54899713435972,95.54463671880096,,,,,37.4275082,-122.1686192,,,0.9128239995936838,,,,29.144105911254883,,,,,,
94.694607,ATT,3,,28.54,0.33,90.29,0.0,0.0,28.57,,0.3,,,,90.27,,,,,,,,,,,,,,,,,,,,,,
94.694607,XKF1,,,,,,,,,,,,,,,,94.67496768455916,94.6705551147461,,,8.691983418088368,,,,,,0.9140570759773254,-8.691897476906206,,,,,,-8.691119194030762,,-8.691119194030762,-0.12256792187690735
94.694607,POS,,,,,,,,,,,,,,,,94.68269965210146,94.67829933916124,,,,,37.4275082,-122.168629,,,0.9128239995936838,,,,29.143905639648438,,,,,,
94.757082,ERR,,,,,,,,,,,,,,,,,,0,0,,,,,,,,,,,,9,FAILSAFE_FENCE,,,,
94.794567,ATT,3,,28.45,0.34,90.29,0.0,0.0,28.47,,0.31,,,,90.26,,,,,,,,,,,,,,,,,,,,,,
94.794567,XKF1,,,,,,,,,,,,,,,,93.79858060766026,93.79420471191406,,,8.761253365410555,,,,,,0.9060278534889221,-8.761172977427023,,,,,,-8.760401725769043,,-8.760401725769043,-0.12215619534254074
94.794567,POS,,,,,,,,,,,,,,,,93.80745548412975,93.80312178144759,,,,,37.4275081,-122.1686389,,,0.9016919994635941,,,,29.143753051757812,,,,,,
94.822056,MODE,,,,,,,,,,,,,,,,,,,,,,,,LAND,,,,2,GCS_COMMAND,,,,,,,
94.894527,ATT,3,,28.46,0.33,90.29,0.0,0.0,28.44,,0.31,,,,90.26,,,,,,,,,,,,,,,,,,,,,,
94.894527,XKF1,,,,,,,,,,,,,,,,92.9163285052694,92.91199493408203,,,8.821750546179326,,,,,,0.8973852396011353,-8.821672545917298,,,,,,-8.820902824401855,,-8.820902824401855,-0.12229497730731964
94.894527,POS,,,,,,,,,,,,,,,,92.92337162538244,92.91910404817251,,,,,37.427508,-122.1686489,,,0.8905600001244807,,,,29.14361000061035,,,,,,
94.99448699999999,ATT,3,,28.31,0.34,90.29,0.0,0.0,28.37,,0.31,,,,90.26,,,,,,,,,,,,,,,,,,,,,,
94.99448699999999,XKF1,,,,,,,,,,,,,,,,92.02847472721001,92.02417755126953,,,8.866138217747727,,,,,,0.8893293142318726,-8.866064220323995,,,,,,-8.865300178527832,,-8.865300178527832,-0.12190012633800507
94.99448699999999,POS,,,,,,,,,,,,,,,,92.03044806699126,92.02624613556722,,,,,37.4275079,-122.168659,,,0.879427999994391,,,,29.14191246032715,,,,,,
95.089449,ERR,,,,,,,,,,,,,,,,,,0,0,,,,,,,,,,,,9,FAILSAFE_FENCE,,,,
95.094447,ATT,3,,27.29,0.31,90.28,0.01,0.0,27.47,,0.3,,,,90.26,,,,,,,,,,,,,,,,,,,,,,
95.094447,XKF1,,,,,,,,,,,,,,,,91.13840255300637,91.13414764404297,,,8.880777990007827,,,,,,0.8806549310684204,-8.880705123421519,,,,,,-8.879942893981934,,-8.879942893981934,-0.12178631871938705
95.094447,POS,,,,,,,,,,,,,,,,91.14647108771004,91.14222840229215,,,,,37.4275079,-122.168669,,,0.879427999994391,,,,29.13511848449707,,,,,,
95.194407,ATT,3,,25.63,0.29,90.27,0.01,0.0,25.84,,0.27,,,,90.25,,,,,,,,,,,,,,,,,,,,,,
95.194407,XKF1,,,,,,,,,,,,,,,,90.24896136884237,90.24474334716797,,,8.859311635968098,,,,,,0.8725401759147644,-8.859241370936617,,,,,,-8.85848617553711,,-8.85848617553711,-0.12093527615070343
95.194407,POS,,,,,,,,,,,,,,,,90.25354736368062,90.24937048968685,,,,,37.4275078,-122.1686791,,,0.8682959998643014,,,,29.12026023864746,,,,,,
95.294367,ATT,3,,23.53,0.25,90.26,0.01,0.01,23.74,,0.23,,,,90.24,,,,,,,,,,,,,,,,,,,,,,
95.294367,XKF1,,,,,,,,,,,,,,,,89.36443745302671,89.36026763916016,,,8.797083679809022,,,,,,0.8632779121398926,-8.797011008863649,,,,,,-8.796255111694336,,-8.796255111694336,-0.12073640525341034
95.294367,POS,,,,,,,,,,,,,,,,89.36946348390123,89.36535275641178,,,,,37.4275077,-122.1686891,,,0.8571639997342118,,,,29.096698760986328,,,,,,
95.394327,ATT,3,,21.15,0.21,90.25,0.01,0.01,21.31,,0.19,,,,90.23,,,,,,,,,,,,,,,,,,,,,,
95.394327,XKF1,,,,,,,,,,,,,,,,88.49592947210488,88.49179077148438,,,8.689415410080995,,,,,,0.8558616638183594,-8.689345624240445,,,,,,-8.688602447509766,,-8.688602447509766,-0.1188599094748497
95.394327,POS,,,,,,,,,,,,,,,,88.50305922849499,88.49901537677206,,,,,37.4275076,-122.1686989,,,0.8460319996041221,,,,29.064231872558594,,,,,,
95.42181599999999,ERR,,,,,,,,,,,,,,,,,,0,0,,,,,,,,,,,,9,FAILSAFE_FENCE,,,,
95.494287,ATT,3,,19.15,0.18,90.25,0.01,0.02,19.13,,0.17,,,,90.23,,,,,,,,,,,,,,,,,,,,,,
95.494287,XKF1,,,,,,,,,,,,,,,,87.63864005579353,87.6345443725586,,,8.54439695341054,,,,,,0.8472682237625122,-8.544325013153122,,,,,,-8.543586730957031,,-8.543586730957031,-0.11766506731510162
95.494287,POS,,,,,,,,,,,,,,,,87.64560158946466,87.64151817395005,,,,,37.4275076,-122.1687086,,,0.8460319996041221,,,,29.021076202392578,,,,,,
95.594247,ATT,3,,18.3,0.17,90.24,0.02,0.02,18.1,,0.15,,,,90.22,,,,,,,,,,,,,,,,,,,,,,
95.594247,XKF1,,,,,,,,,,,,,,,,86.79976765435569,86.79570007324219,,,8.379467735275911,,,,,,0.8403056859970093,-8.379398885800601,,,,,,-8.378677368164062,,-8.378677368164062,-0.11508730053901672
95.594247,POS,,,,,,,,,,,,,,,,86.80571646556834,86.80170132601964,,,,,37.4275075,-122.1687181,,,0.8348999994740325,,,,28.96707534790039,,,,,,
95.69420699999999,ATT,3,,17.98,0.17,90.24,0.02,0.02,17.77,,0.15,,,,90.22,,,,,,,,,,,,,,,,,,,,,,
95.69420699999999,XKF1,,,,,,,,,,,,,,,,85.97554715792211,85.97151947021484,,,8.214959023670731,,,,,,0.8321953415870667,-8.21488852902875,,,,,,-8.214174270629883,,-8.214174270629883,-0.11354652047157288
95.69420699999999,POS,,,,,,,,,,,,,,,,85.9835109936948,85.97956483423714,,,,,37.4275074,-122.1687274,,,0.823768000134919,,,,28.90081214904785,,,,,,
95.754183,ERR,,,,,,,,,,,,,,,,,,0,0,,,,,,,,,,,,9,FAILSAFE_FENCE,,,,
95.795,ATT,3,,17.7,0.18,90.24,0.02,0.02,17.57,,0.16,,,,90.22,,,,,,,,,,,,,,,,,,,,,,
95.795,XKF1,,,,,,,,,,,,,,,,85.16818249667001,85.16417694091797,,,8.057407813821564,,,,,,0.8259998559951782,-8.057341746009126,,,,,,-8.056646347045898,,-8.056646347045898,-0.11077146232128143
95.795,POS,,,,,,,,,,,,,,,,85.17025235961708,85.16626851801605,,,,,37.4275074,-122.1687366,,,0.823768000134919,,,,28.822927474975586,,,,,,
95.89496,ATT,3,,17.32,0.19,90.24,0.01,0.02,17.26,,0.17,,,,90.21,,,,,,,,,,,,,,,,,,,,,,
95.89496,XKF1,,,,,,,,,,,,,,,,84.37331748737454,84.36933898925781,,,7.9066918853541335,,,,,,0.8193548321723938,-7.9066276440583945,,,,,,-7.905945301055908,,-7.905945301055908,-0.10865296423435211
95.89496,POS,,,,,,,,,,,,,,,,84.37456601560456,84.37065255794285,,,,,37.4275073,-122.1687456,,,0.8126360000048294,,,,28.732620239257812,,,,,,
95.99492,ATT,3,,16.67,0.22,90.24,0.01,0.02,16.69,,0.19,,,,90.2,,,,,,,,,,,,,,,,,,,,,,
95.99492,XKF1,,,,,,,,,,,,,,,,83.58929515187057,83.58533477783203,,,7.760051385921829,,,,,,0.8136793375015259,-7.759991047601219,,,,,,-7.7593255043029785,,-7.7593255043029785,-0.10613778978586197
95.99492,POS,,,,,,,,,,,,,,,,83.59666682711064,83.59271695150503,,,,,37.4275073,-122.1687544,,,0.8126360000048294,,,,28.630115509033203,,,,,,
96.087383,ERR,,,,,,,,,,,,,,,,,,0,0,,,,,,,,,,,,9,FAILSAFE_FENCE,,,,
96.09488,ATT,3,,15.88,0.22,90.23,0.01,0.02,15.91,,0.2,,,,90.2,,,,,,,,,,,,,,,,,,,,,,
96.09488,XKF1,,,,,,,,,,,,,,,,82.819206423803,82.81526947021484,,,7.612127546494408,,,,,,0.8075241446495056,-7.612067297009419,,,,,,-7.611410140991211,,-7.611410140991211,-0.1045057401061058
96.09488,POS,,,,,,,,,,,,,,,,82.82749960407018,82.82362152188487,,,,,37.4275072,-122.1687631,,,0.8015039998747397,,,,28.515886306762695,,,,,,
96.19484,ATT,3,,14.92,0.24,90.23,0.01,0.02,14.96,,0.21,,,,90.19,,,,,,,,,,,,,,,,,,,,,,
96.19484,XKF1,,,,,,,,,,,,,,,,82.05574837778599,82.05182647705078,,,7.46015243852017,,,,,,0.8022553324699402,-7.460094020194616,,,,,,-7.45944881439209,,-7.45944881439209,-0.10245873034000397
96.19484,POS,,,,,,,,,,,,,,,,82.05844052316698,82.05452609352099,,,,,37.4275072,-122.1687718,,,0.8015039998747397,,,,28.38902473449707,,,,,,
96.2948,ATT,3,,13.93,0.23,90.23,0.01,0.02,13.94,,0.22,,,,90.18,,,,,,,,,,,,,,,,,,,,,,
96.2948,XKF1,,,,,,,,,,,,,,,,81.31425004536639,81.31034851074219,,,7.304565618600603,,,,,,0.7965459823608398,-7.304505710282972,,,,,,-7.303865432739258,,-7.303865432739258,-0.10113662481307983
96.2948,POS,,,,,,,,,,,,,,,,81.31579241045104,81.31195119686642,,,,,37.4275071,-122.1687802,,,0.7903719997446501,,,,28.252025604248047,,,,,,
96.39476,ATT,3,,12.82,0.25,90.22,0.01,0.02,12.84,,0.23,,,,90.18,,,,,,,,,,,,,,,,,,,,,,
96.39476,XKF1,,,,,,,,,,,,,,,,80.5875082647582,80.5836181640625,,,7.147097054475513,,,,,,0.7918155789375305,-7.1470381614471234,,,,,,-7.1464080810546875,,-7.1464080810546875,-0.09923630952835083
96.39476,POS,,,,,,,,,,,,,,,,80.59093241941576,80.58705665510348,,,,,37.4275071,-122.1687884,,,0.7903719997446501,,,,28.10531234741211,,,,,,
96.41975,ERR,,,,,,,,,,,,,,,,,,0,0,,,,,,,,,,,,9,FAILSAFE_FENCE,,,,
96.49472,ATT,3,,11.58,0.24,90.22,0.01,0.02,11.6,,0.23,,,,90.17,,,,,,,,,,,,,,,,,,,,,,
96.49472,XKF1,,,,,,,,,,,,,,,,79.87730057546868,79.87342834472656,,,6.985580511321034,,,,,,0.7865059971809387,-6.985518625920788,,,,,,-6.984890460968018,,-6.984890460968018,-0.09818517416715622
96.49472,POS,,,,,,,,,,,,,,,,79.88364317885036,79.8798424669759,,,,,37.427507,-122.1687964,,,0.7792399996145605,,,,27.95176887512207,,,,,,
96.59468,ATT,3,,10.24,0.26,90.21,0.01,0.02,10.25,,0.24,,,,90.16,,,,,,,,,,,,,,,,,,,,,,
96.59468,XKF1,,,,,,,,,,,,,,,,79.18301639183207,79.17915344238281,,,6.817912049712364,,,,,,0.7821413278579712,-6.817849325372034,,,,,,-6.817227840423584,,-6.817227840423584,-0.09658824652433395
96.59468,POS,,,,,,,,,,,,,,,,79.18530268914537,79.18146845692226,,,,,37.427507,-122.1688043,,,0.7792399996145605,,,,27.793813705444336,,,,,,
96.69463999999999,ATT,3,,8.84,0.25,90.2,0.0,0.02,8.84,,0.23,,,,90.16,,,,,,,,,,,,,,,,,,,,,,
96.69463999999999,XKF1,,,,,,,,,,,,,,,,78.50660847281081,78.50276184082031,,,6.64216673361605,,,,,,0.7771468758583069,-6.64209915470685,,,,,,-6.641477108001709,,-6.641477108001709,-0.09571176022291183
96.69463999999999,POS,,,,,,,,,,,,,,,,78.51337232714361,78.50961497983421,,,,,37.4275069,-122.1688119,,,0.7681079994844708,,,,27.633060455322266,,,,,,
96.752117,ERR,,,,,,,,,,,,,,,,,,0,0,,,,,,,,,,,,9,FAILSAFE_FENCE,,,,
96.7946,ATT,3,,7.4,0.26,90.2,0.0,0.02,7.39,,0.24,,,,90.15,,,,,,,,,,,,,,,,,,,,,,
96.7946,XKF1,,,,,,,,,,,,,,,,77.84791662383846,77.84407806396484,,,6.4577259875654045,,,,,,0.7730672955513,-6.457656562801698,,,,,,-6.457040786743164,,-6.457040786743164,-0.09407023340463638
96.7946,POS,,,,,,,,,,,,,,,,77.85039102509346,77.84660167830758,,,,,37.4275069,-122.1688194,,,0.7681079994844708,,,,27.471006393432617,,,,,,
96.89456,ATT,3,,5.94,0.24,90.19,0.0,0.02,5.92,,0.23,,,,90.15,,,,,,,,,,,,,,,,,,,,,,
96.89456,XKF1,,,,,,,,,,,,,,,,77.2089405608195,77.20511627197266,,,6.263942524863301,,,,,,0.7684555649757385,-6.263866763188696,,,,,,-6.26324987411499,,-6.26324987411499,-0.09315025061368942
96.89456,POS,,,,,,,,,,,,,,,,77.2139294930247,77.21010890974651,,,,,37.4275069,-122.1688266,,,0.7681079994844708,,,,27.30864906311035,,,,,,
96.99452,ATT,3,,4.48,0.26,90.18,0.0,0.03,4.45,,0.25,,,,90.14,,,,,,,,,,,,,,,,,,,,,,
96.99452,XKF1,,,,,,,,,,,,,,,,76.58984968448624,76.58602905273438,,,6.060916375740211,,,,,,0.7650023698806763,-6.060837382705292,,,,,,-6.060225963592529,,-6.060225963592529,-0.09147996455430984
96.99452,POS,,,,,,,,,,,,,,,,76.59503712130953,76.59129649607708,,,,,37.4275068,-122.1688336,,,0.7569760001453574,,,,27.146780014038086,,,,,,
97.084484,ERR,,,,,,,,,,,,,,,,,,0,0,,,,,,,,,,,,9,FAILSAFE_FENCE,,,,
97.09448,ATT,3,,3.01,0.25,90.18,0.0,0.03,2.97,,0.24,,,,90.13,,,,,,,,,,,,,,,,,,,,,,
97.09448,XKF1,,,,,,,,,,,,,,,,75.99217453410293,75.98836517333984,,,5.8488580830801595,,,,,,0.7608867883682251,-5.8487703685364725,,,,,,-5.848156452178955,,-5.848156452178955,-0.09059242159128189
97.09448,POS,,,,,,,,,,,,,,,,75.99393465186928,75.99016443729927,,,,,37.4275068,-122.1688404,,,0.7569760001453574,,,,26.98592185974121,,,,,,
97.19444,ATT,3,,1.53,0.27,90.17,0.0,0.03,1.5,,0.25,,,,90.13,,,,,,,,,,,,,,,,,,,,,,
97.19444,XKF1,,,,,,,,,,,,,,,,75.41618370464397,75.4123764038086,,,5.627914156210377,,,,,,0.7577926516532898,-5.627820846650136,,,,,,-5.627211093902588,,-5.627211093902588,-0.0889553502202034
97.19444,POS,,,,,,,,,,,,,,,,75.41935184838923,75.41555290897452,,,,,37.4275068,-122.1688469,,,0.7569760001453574,,,,26.826396942138672,,,,,,
97.2944,ATT,3,,0.07,0.25,90.16,0.0,0.03,0.04,,0.24,,,,90.13,,,,,,,,,,,,,,,,,,,,,,
97.2944,XKF1,,,,,,,,,,,,,,,,74.86349107141116,74.85970306396484,,,5.398383265523928,,,,,,0.7530953288078308,-5.398272576514382,,,,,,-5.397651672363281,,-5.397651672363281,-0.08887241035699844
97.2944,POS,,,,,,,,,,,,,,,,74.87117694185795,74.86746191361534,,,,,37.4275067,-122.1688531,,,0.7458440000152677,,,,26.668476104736328,,,,,,
97.39435999999999,ATT,3,,-1.34,0.25,90.16,0.0,0.03,-1.37,,0.22,,,,90.12,,,,,,,,,,,,,,,,,,,,,,
97.39435999999999,XKF1,,,,,,,,,,,,,,,,74.33685767772613,74.33306884765625,,,5.160543511061279,,,,,,0.7505232095718384,-5.160427765041533,,,,,,-5.159815788269043,,-5.159815788269043,-0.08666233718395233
97.39435999999999,POS,,,,,,,,,,,,,,,,74.34079280757611,74.33705127314778,,,,,37.4275067,-122.1688591,,,0.7458440000152677,,,,26.511932373046875,,,,,,
97.416851,ERR,,,,,,,,,,,,,,,,,,0,0,,,,,,,,,,,,9,FAILSAFE_FENCE,,,,
97.49432,ATT,3,,-2.72,0.25,90.15,0.0,0.03,-2.75,,0.22,,,,90.12,,,,,,,,,,,,,,,,,,,,,,
97.49432,XKF1,,,,,,,,,,,,,,,,73.83411727130442,73.8303451538086,,,4.915478864034858,,,,,,0.7463294863700867,-4.915345813765589,,,,,,-4.914729118347168,,-4.914729118347168,-0.08584961295127869
97.49432,POS,,,,,,,,,,,,,,,,73.83692823367306,73.8331611656458,,,,,37.4275067,-122.1688648,,,0.7458440000152677,,,,26.356996536254883,,,,,,
97.59428,ATT,3,,-4.05,0.25,90.14,0.0,0.03,-4.09,,0.23,,,,90.11,,,,,,,,,,,,,,,,,,,,,,
97.59428,XKF1,,,,,,,,,,,,,,,,73.35755250684082,73.35377502441406,,,4.6637337326247135,,,,,,0.7444457411766052,-4.66359533283551,,,,,,-4.662990570068359,,-4.662990570068359,-0.08325426280498505
97.59428,POS,,,,,,,,,,,,,,,,73.35947083582622,73.35579158859689,,,,,37.4275066,-122.1688702,,,0.7347119998851781,,,,26.203216552734375,,,,,,
97.69424,ATT,3,,-5.36,0.26,90.14,0.0,0.03,-5.38,,0.24,,,,90.11,,,,,,,,,,,,,,,,,,,,,,
97.69424,XKF1,,,,,,,,,,,,,,,,72.90586390415743,72.902099609375,,,4.405746362944366,,,,,,0.7408536672592163,-4.405584392265859,,,,,,-4.404973030090332,,-4.404973030090332,-0.08254464715719223
97.69424,POS,,,,,,,,,,,,,,,,72.90864454330223,72.90494254451353,,,,,37.4275066,-122.1688753,,,0.7347119998851781,,,,26.050857543945312,,,,,,
97.749218,ERR,,,,,,,,,,,,,,,,,,0,0,,,,,,,,,,,,9,FAILSAFE_FENCE,,,,
97.7942,ATT,3,,-6.63,0.26,90.13,0.0,0.03,-6.65,,0.24,,,,90.1,,,,,,,,,,,,,,,,,,,,,,
97.7942,XKF1,,,,,,,,,,,,,,,,72.48072117212699,72.4769515991211,,,4.141968265387758,,,,,,0.7392080426216125,-4.141793728967667,,,,,,-4.141190528869629,,-4.141190528869629,-0.08026278764009476
97.7942,POS,,,,,,,,,,,,,,,,72.48433770269789,72.48061403213948,,,,,37.4275066,-122.1688801,,,0.7347119998851781,,,,25.89939308166504,,,,,,
97.894993,ATT,3,,-7.86,0.26,90.13,0.0,0.03,-7.88,,0.25,,,,90.1,,,,,,,,,,,,,,,,,,,,,,
97.894993,XKF1,,,,,,,,,,,,,,,,72.0816368218013,72.077880859375,,,3.8723218472234002,,,,,,0.7358381152153015,-3.872113624032899,,,,,,-3.871501922607422,,-3.871501922607422,-0.07968281954526901
97.894993,POS,,,,,,,,,,,,,,,,72.086550271027,72.08280605147476,,,,,37.4275066,-122.1688846,,,0.7347119998851781,,,,25.748998641967773,,,,,,
97.994953,ATT,3,,-9.02,0.25,90.12,0.0,0.03,-9.04,,0.24,,,,90.09,,,,,,,,,,,,,,,,,,,,,,
97.994953,XKF1,,,,,,,,,,,,,,,,71.71027868011605,71.7065200805664,,,3.597472344853888,,,,,,0.734197735786438,-3.597242937110872,,,,,,-3.5966384410858154,,-3.5966384410858154,-0.07745447754859924
97.994953,POS,,,,,,,,,,,,,,,,71.71516902507811,71.71151860251933,,,,,37.4275065,-122.1688888,,,0.7235799997550885,,,,25.599241256713867,,,,,,
98.082418,ERR,,,,,,,,,,,,,,,,,,0,0,,,,,,,,,,,,9,FAILSAFE_FENCE,,,,
98.09491299999999,ATT,3,,-10.13,0.24,90.12,0.01,0.02,-10.15,,0.25,,,,90.09,,,,,,,,,,,,,,,,,,,,,,
98.09491299999999,XKF1,,,,,,,,,,,,,,,,71.36605485337823,71.3623046875,,,3.317457422158696,,,,,,0.7316112518310547,-3.317189075183404,,,,,,-3.316582202911377,,-3.316582202911377,-0.07619868218898773
98.09491299999999,POS,,,,,,,,,,,,,,,,71.37041974307567,71.3667516865295,,,,,37.4275065,-122.1688927,,,0.7235799997550885,,,,25.450204849243164,,,,,,
98.194873,ATT,3,,-11.17,0.24,90.11,0.01,0.02,-11.21,,0.25,,,,90.08,,,,,,,,,,,,,,,,,,,,,,
98.194873,XKF1,,,,,,,,,,,,,,,,71.04717113605231,71.04342651367188,,,3.0299529690952616,,,,,,0.72943514585495,-3.029640262157942,,,,,,-3.029033660888672,,-3.029033660888672,-0.07463294267654419
98.194873,POS,,,,,,,,,,,,,,,,71.05218978820952,71.04850530224897,,,,,37.4275065,-122.1688963,,,0.7235799997550885,,,,25.300413131713867,,,,,,
98.294833,ATT,3,,-12.14,0.21,90.11,0.0,0.02,-12.18,,0.22,,,,90.08,,,,,,,,,,,,,,,,,,,,,,
98.294833,XKF1,,,,,,,,,,,,,,,,70.75966606637087,70.75593566894531,,,2.7405069073045794,,,,,,0.7265737652778625,-2.7401308997861458,,,,,,-2.739520311355591,,-2.739520311355591,-0.07352939993143082
98.294833,POS,,,,,,,,,,,,,,,,70.76047912575483,70.75677944967775,,,,,37.4275065,-122.1688996,,,0.7235799997550885,,,,25.152132034301758,,,,,,
98.39479299999999,ATT,3,,-13.02,0.21,90.1,0.0,0.02,-13.06,,0.2,,,,90.08,,,,,,,,,,,,,,,,,,,,,,
98.39479299999999,XKF1,,,,,,,,,,,,,,,,70.50138773997269,70.49766540527344,,,2.4473843415618797,,,,,,0.7244623303413391,-2.446945351948959,,,,,,-2.4463398456573486,,-2.4463398456573486,-0.07149457931518555
98.39479299999999,POS,,,,,,,,,,,,,,,,70.50412743562717,70.50041430688978,,,,,37.4275065,-122.1689025,,,0.7235799997550885,,,,25.00408172607422,,,,,,
98.414785,ERR,,,,,,,,,,,,,,,,,,0,0,,,,,,,,,,,,9,FAILSAFE_FENCE,,,,
98.494753,ATT,3,,-13.84,0.18,90.1,0.0,0.02,-13.88,,0.19,,,,90.08,,,,,,,,,,,,,,,,,,,,,,
98.494753,XKF1,,,,,,,,,,,,,,,,70.2725957138641,70.26889038085938,,,2.151405593678726,,,,,,0.721632182598114,-2.150871402212878,,,,,,-2.150265693664551,,-2.150265693664551,-0.07002481818199158
98.494753,POS,,,,,,,,,,,,,,,,70.27418122985155,70.27056969581113,,,,,37.4275064,-122.1689051,,,0.7124479996249988,,,,24.8560848236084,,,,,,
98.594713,ATT,3,,-14.58,0.17,90.1,0.0,0.02,-14.61,,0.17,,,,90.08,,,,,,,,,,,,,,,,,,,,,,
98.594713,XKF1,,,,,,,,,,,,,,,,70.07386872043031,70.07017517089844,,,1.8528380979176413,,,,,,0.7194643616676331,-1.852193224968743,,,,,,-1.8515937328338623,,-1.8515937328338623,-0.06789451837539673
98.594713,POS,,,,,,,,,,,,,,,,70.07970735121903,70.07608579451575,,,,,37.4275064,-122.1689073,,,0.7124479996249988,,,,24.708026885986328,,,,,,
98.694673,ATT,3,,-14.91,0.15,90.1,0.0,0.02,-15.05,,0.15,,,,90.08,,,,,,,,,,,,,,,,,,,,,,
98.694673,XKF1,,,,,,,,,,,,,,,,69.90496533086625,69.90129089355469,,,1.553654419372333,,,,,,0.7167351841926575,-1.5528444161632795,,,,,,-1.552248477935791,,-1.552248477935791,-0.06608114391565323
98.694673,POS,,,,,,,,,,,,,,,,69.91175268244334,69.90812242492966,,,,,37.4275064,-122.1689092,,,0.7124479996249988,,,,24.559837341308594,,,,,,
98.747152,ERR,,,,,,,,,,,,,,,,,,0,0,,,,,,,,,,,,9,FAILSAFE_FENCE,,,,
98.794633,ATT,3,,-13.85,0.16,90.1,0.0,0.02,-14.13,,0.16,,,,90.08,,,,,,,,,,,,,,,,,,,,,,
98.794633,XKF1,,,,,,,,,,,,,,,,69.7657094429256,69.76204681396484,,,1.2676004438349324,,,,,,0.714869499206543,-1.2665904176196217,,,,,,-1.266005516052246,,-1.266005516052246,-0.06356821954250336
98.794633,POS,,,,,,,,,,,,,,,,69.77031720405657,69.76667958705289,,,,,37.4275064,-122.1689108,,,0.7124479996249988,,,,24.411569595336914,,,,,,
98.894593,ATT,3,,-12.1,0.17,90.11,0.0,0.02,-12.34,,0.15,,,,90.09,,,,,,,,,,,,,,,,,,,,,,
98.894593,XKF1,,,,,,,,,,,,,,,,69.65331772666475,69.64967346191406,,,1.0155010253987993,,,,,,0.7125005125999451,-1.014199843275913,,,,,,-1.0136210918426514,,-1.0136210918426514,-0.06176256760954857
98.894593,POS,,,,,,,,,,,,,,,,69.65540090073813,69.6517572821417,,,,,37.4275064,-122.1689121,,,0.7124479996249988,,,,24.263195037841797,,,,,,
98.994553,ATT,3,,-10.36,0.19,90.11,0.0,0.02,-10.45,,0.18,,,,90.09,,,,,,,,,,,,,,,,,,,,,,
98.994553,XKF1,,,,,,,,,,,,,,,,69.56421154942834,69.56057739257812,,,0.8028301630563044,,,,,,0.7110564708709717,-0.8011880754774603,,,,,,-0.8006216287612915,,-0.8006216287612915,-0.05950864031910896
98.994553,POS,,,,,,,,,,,,,,,,69.56689064342531,69.56335550893982,,,,,37.4275063,-122.1689131,,,0.7013159994949092,,,,24.114723205566406,,,,,,
99.079519,ERR,,,,,,,,,,,,,,,,,,0,0,,,,,,,,,,,,9,FAILSAFE_FENCE,,,,
99.09451299999999,ATT,3,,-8.87,0.2,90.12,0.01,0.01,-8.84,,0.19,,,,90.1,,,,,,,,,,,,,,,,,,,,,,
99.09451299999999,XKF1,,,,,,,,,,,,,,,,69.49439985632554,69.49078369140625,,,0.6260563415366412,,,,,,0.7089381814002991,-0.6238964509997922,,,,,,-0.6233339309692383,,-0.6233339309692383,-0.05832112208008766
99.09451299999999,POS,,,,,,,,,,,,,,,,69.49617282131929,69.49263408937331,,,,,37.4275063,-122.1689139,,,0.7013159994949092,,,,23.966020584106445,,,,,,
99.194473,ATT,3,,-7.64,0.21,90.12,0.01,0.01,-7.55,,0.19,,,,90.1,,,,,,,,,,,,,,,,,,,,,,
99.194473,XKF1,,,,,,,,,,,,,,,,69.44088216723674,69.4372787475586,,,0.47790253677317857,,,,,,0.7074152231216431,-0.475084201426946,,,,,,-0.4745315909385681,,-0.4745315909385681,-0.056662190705537796
99.194473,POS,,,,,,,,,,,,,,,,69.44313446080442,69.43959302595468,,,,,37.4275063,-122.1689145,,,0.7013159994949092,,,,23.8170108795166,,,,,,
99.294433,ATT,3,,-6.63,0.2,90.13,0.01,0.01,-6.51,,0.19,,,,90.11,,,,,,,,,,,,,,,,,,,,,,
99.294433,XKF1,,,,,,,,,,,,,,,,69.40108308317302,69.39749908447266,,,0.35304226782771353,,,,,,0.7053041458129883,-0.3491852037075305,,,,,,-0.34863826632499695,,-0.34863826632499695,-0.05558958649635315
99.294433,POS,,,,,,,,,,,,,,,,69.40777555525204,69.40423231617143,,,,,37.4275063,-122.1689149,,,0.7013159994949092,,,,23.6676025390625,,,,,,
99.394393,ATT,3,,-5.76,0.21,90.13,0.01,0.01,-5.65,,0.2,,,,90.11,,,,,,,,,,,,,,,,,,,,,,
99.394393,XKF1,,,,,,,,,,,,,,,,69.3734670461681,69.3698959350586,,,0.24686319724048036,,,,,,0.703894853591919,-0.2413661214417256,,,,,,-0.24082805216312408,,-0.24082805216312408,-0.05425207316875458
99.394393,POS,,,,,,,,,,,,,,,,69.38125637792271,69.37771178446211,,,,,37.4275063,-122.1689152,,,0.7013159994949092,,,,23.517986297607422,,,,,,
99.411886,ERR,,,,,,,,,,,,,,,,,,0,0,,,,,,,,,,,,9,FAILSAFE_FENCE,,,,
99.494353,ATT,3,,-5.02,0.19,90.13,0.01,0.01,-4.93,,0.19,,,,90.12,,,,,,,,,,,,,,,,,,,,,,
99.494353,XKF1,,,,,,,,,,,,,,,,69.35541992696625,69.35187530517578,,,0.15836729970363667,,,,,,0.7011882066726685,-0.14943528960256305,,,,,,-0.14889754354953766,,-0.14889754354953766,-0.05394184961915016
99.494353,POS,,,,,,,,,,,,,,,,69.36346526713524,69.36003142957048,,,,,37.4275062,-122.1689154,,,0.6901840001557957,,,,23.367992401123047,,,,,,
99.594313,ATT,3,,-4.39,0.18,90.13,0.01,0.01,-4.31,,0.17,,,,90.12,,,,,,,,,,,,,,,,,,,,,,
99.594313,XKF1,,,,,,,,,,,,,,,,69.34653251737457,69.34300231933594,,,0.08718471948989216,,,,,,0.6997153162956238,-0.07020005376836888,,,,,,-0.06967479735612869,,-0.06967479735612869,-0.052407994866371155
99.594313,POS,,,,,,,,,,,,,,,,69.35462552800618,69.3511912527528,,,,,37.4275062,-122.1689155,,,0.6901840001557957,,,,23.217933654785156,,,,,,
99.694273,ATT,3,,-3.86,0.17,90.14,0.01,0.01,-3.78,,0.16,,,,90.13,,,,,,,,,,,,,,,,,,,,,,
99.694273,XKF1,,,,,,,,,,,,,,,,69.34448397796847,69.34098052978516,,,0.051664395291255154,,,,,,0.6970490217208862,-0.002670345375879617,,,,,,-0.002151575405150655,,-0.002151575405150652,-0.051619574427604675
99.694273,POS,,,,,,,,,,,,,,,,69.34578578773254,69.34235107467886,,,,,37.4275062,-122.1689156,,,0.6901840001557957,,,,23.06764793395996,,,,,,
99.744253,ERR,,,,,,,,,,,,,,,,,,0,0,,,,,,,,,,,,9,FAILSAFE_FENCE,,,,
99.79423299999999,ATT,3,,-3.38,0.16,90.14,0.01,0.01,-3.33,,0.15,,,,90.13,,,,,,,,,,,,,,,,,,,,,,
99.79423299999999,XKF1,,,,,,,,,,,,,,,,69.34976563253566,69.34627532958984,,,0.07527788836937553,,,,,,0.6957666277885437,0.0559828662765367,,,,,,0.056484952569007874,,0.056484952569007874,-0.049761537462472916
99.79423299999999,POS,,,,,,,,,,,,,,,,69.35462552800618,69.3511912527528,,,,,37.4275062,-122.1689155,,,0.6901840001557957,,,,22.917526245117188,,,,,,
99.894193,ATT,3,,-2.96,0.16,90.14,0.01,0.0,-2.92,,0.14,,,,90.14,,,,,,,,,,,,,,,,,,,,,,
99.894193,XKF1,,,,,,,,,,,,,,,,69.3598191200467,69.35635375976562,,,0.11676852204046137,,,,,,0.6933264136314392,0.10557650793949656,,,,,,0.1060698851943016,,0.1060698851943016,-0.0488269105553627
99.894193,POS,,,,,,,,,,,,,,,,69.36346526713524,69.36003142957048,,,,,37.4275062,-122.1689154,,,0.6901840001557957,,,,22.767236709594727,,,,,,
99.994986,ATT,3,,-2.58,0.15,90.14,0.01,0.0,-2.55,,0.14,,,,90.14,,,,,,,,,,,,,,,,,,,,,,
99.994986,XKF1,,,,,,,,,,,,,,,,69.37584081619075,69.37239074707031,,,0.15643877872689688,,,,,,0.6918749809265137,0.148696859190317,,,,,,0.14917418360710144,,0.14917418360710144,-0.04711851477622986
99.994986,POS,,,,,,,,,,,,,,,,69.38114474698413,69.37771178446211,,,,,37.4275062,-122.1689152,,,0.6901840001557957,,,,22.617151260375977,,,,,,
100.07745299999999,ERR,,,,,,,,,,,,,,,,,,0,0,,,,,,,,,,,,9,FAILSAFE_FENCE,,,,
100.094946,ATT,3,,-2.24,0.13,90.14,0.01,0.0,-2.21,,0.13,,,,90.14,,,,,,,,,,,,,,,,,,,,,,
100.094946,XKF1,,,,,,,,,,,,,,,,69.39528020535796,69.39185333251953,,,0.19055544289640133,,,,,,0.6896418333053589,0.1844628077118729,,,,,,0.18492873013019562,,0.18492873013019562,-0.045964568853378296
100.094946,POS,,,,,,,,,,,,,,,,69.39871441023543,69.39539213935375,,,,,37.4275061,-122.168915,,,0.6790520000257061,,,,22.466928482055664,,,,,,
100.194906,ATT,3,,-1.91,0.13,90.14,0.01,0.0,-1.9,,0.12,,,,90.14,,,,,,,,,,,,,,,,,,,,,,
100.194906,XKF1,,,,,,,,,,,,,,,,69.41921361178088,69.41580200195312,,,0.2198907347443189,,,,,,0.6882230043411255,0.21494667786830585,,,,,,0.21539579331874847,,0.21539579331874847,-0.044233329594135284
100.194906,POS,,,,,,,,,,,,,,,,69.42523367283285,69.42191267106305,,,,,37.4275061,-122.1689147,,,0.6790520000257061,,,,22.316904067993164,,,,,,
100.294866,ATT,3,,-1.62,0.12,90.14,0.01,0.0,-1.61,,0.12,,,,90.14,,,,,,,,,,,,,,,,,,,,,,
100.294866,XKF1,,,,,,,,,,,,,,,,69.44538204315602,69.4419937133789,,,0.24357984803717653,,,,,,0.6860001683235168,0.23929144544269015,,,,,,0.23972928524017334,,0.23972928524017334,-0.04313945025205612
100.294866,POS,,,,,,,,,,,,,,,,69.44291318218838,69.43959302595468,,,,,37.4275061,-122.1689145,,,0.6790520000257061,,,,22.165544509887695,,,,,,
100.394826,ATT,3,,-1.35,0.11,90.14,0.01,0.0,-1.34,,0.1,,,,90.14,,,,,,,,,,,,,,,,,,,,,,
100.394826,XKF1,,,,,,,,,,,,,,,,69.47467689004581,69.47130584716797,,,0.26287782941005494,,,,,,0.6843923330307007,0.25916535443528915,,,,,,0.2595864534378052,,0.2595864534378052,-0.04146837815642357
100.394826,POS,,,,,,,,,,,,,,,,69.46943244640053,69.46611355766399,,,,,37.4275061,-122.1689142,,,0.6790520000257061,,,,22.015600204467773,,,,,,
100.40982,ERR,,,,,,,,,,,,,,,,,,0,0,,,,,,,,,,,,9,FAILSAFE_FENCE,,,,
100.494786,ATT,3,,-1.11,0.09,90.14,0.0,0.0,-1.1,,0.09,,,,90.13,,,,,,,,,,,,,,,,,,,,,,
100.494786,XKF1,,,,,,,,,,,,,,,,69.50491117359718,69.5015640258789,,,0.277067335155949,,,,,,0.6821108460426331,0.273732647169017,,,,,,0.27414005994796753,,0.27414005994796753,-0.04016884043812752
100.494786,POS,,,,,,,,,,,,,,,,69.50479146769214,69.50147426744725,,,,,37.4275061,-122.1689138,,,0.6790520000257061,,,,21.865612030029297,,,,,,
100.594746,ATT,3,,-0.88,0.09,90.14,0.0,0.0,-0.88,,0.08,,,,90.13,,,,,,,,,,,,,,,,,,,,,,
100.594746,XKF1,,,,,,,,,,,,,,,,69.53766772316645,69.53433990478516,,,0.2880619007313158,,,,,,0.6802987456321716,0.2851078244486919,,,,,,0.2854967415332794,,0.2854967415332794,-0.03835712745785713
100.594746,POS,,,,,,,,,,,,,,,,69.53131073415976,69.52799479915656,,,,,37.4275061,-122.1689135,,,0.6790520000257061,,,,21.71588134765625,,,,,,
100.694706,ATT,3,,-0.68,0.07,90.14,0.0,0.0,-0.67,,0.06,,,,90.14,,,,,,,,,,,,,,,,,,,,,,
100.694706,XKF1,,,,,,,,,,,,,,,,69.57041955174638,69.5671157836914,,,0.2946760739550519,,,,,,0.6779956817626953,0.2919965405431604,,,,,,0.2923690676689148,,0.2923690676689148,-0.0368010438978672
100.694706,POS,,,,,,,,,,,,,,,,69.56656198770648,69.56335550893982,,,,,37.427506,-122.1689131,,,0.6679199998956165,,,,21.566007614135742,,,,,,
100.742187,ERR,,,,,,,,,,,,,,,,,,0,0,,,,,,,,,,,,9,FAILSAFE_FENCE,,,,
100.79466599999999,ATT,3,,-0.48,0.07,90.14,0.0,0.0,-0.48,,0.05,,,,90.14,,,,,,,,,,,,,,,,,,,,,,
100.79466599999999,XKF1,,,,,,,,,,,,,,,,69.60482624335171,69.6015396118164,,,0.2987606299406218,,,,,,0.6764022707939148,0.2963909559894587,,,,,,0.29674190282821655,,0.29674190282821655,-0.03467213734984398
100.79466599999999,POS,,,,,,,,,,,,,,,,69.60192106720719,69.59871621746682,,,,,37.427506,-122.1689127,,,0.6679199998956165,,,,21.416479110717773,,,,,,
100.894626,ATT,3,,-0.31,0.06,90.14,0.0,0.0,-0.31,,0.04,,,,90.14,,,,,,,,,,,,,,,,,,,,,,
100.894626,XKF1,,,,,,,,,,,,,,,,69.63851199203593,69.63524627685547,,,0.2990290868537648,,,,,,0.6744096875190735,0.29689236221034976,,,,,,0.2972240149974823,,0.2972240149974823,-0.032806701958179474
100.894626,POS,,,,,,,,,,,,,,,,69.63728014961843,69.63407692725008,,,,,37.427506,-122.1689123,,,0.6679199998956165,,,,21.266830444335938,,,,,,
100.994586,ATT,3,,-0.15,0.07,90.14,0.0,0.0,-0.16,,0.03,,,,90.14,,,,,,,,,,,,,,,,,,,,,,
100.994586,XKF1,,,,,,,,,,,,,,,,69.6733045904768,69.67005157470703,,,0.29757164148713783,,,,,,0.673265278339386,0.29569449551842036,,,,,,0.29600316286087036,,0.29600316286087036,-0.03051244653761387
100.994586,POS,,,,,,,,,,,,,,,,69.67263923368151,69.66943763703333,,,,,37.427506,-122.1689119,,,0.6679199998956165,,,,21.117544174194336,,,,,,
101.07455399999999,ERR,,,,,,,,,,,,,,,,,,0,0,,,,,,,,,,,,9,FAILSAFE_FENCE,,,,
101.094546,ATT,3,,-0.01,0.07,90.14,0.0,0.0,-0.02,,0.03,,,,90.14,,,,,,,,,,,,,,,,,,,,,,
101.094546,XKF1,,,,,,,,,,,,,,,,69.70678845763427,69.70355224609375,,,0.29314285136122853,,,,,,0.6716854572296143,0.2914605884011495,,,,,,0.2917492389678955,,0.2917492389678955,-0.028550181537866592
101.094546,POS,,,,,,,,,,,,,,,,69.69915854718323,69.69595816874265,,,,,37.427506,-122.1689116,,,0.6679199998956165,,,,20.96805191040039,,,,,,
101.194506,ATT,3,,0.11,0.08,90.14,0.0,0.0,0.1,,0.03,,,,90.14,,,,,,,,,,,,,,,,,,,,,,
101.194506,XKF1,,,,,,,,,,,,,,,,69.74091111569633,69.73768615722656,,,0.2874490021541007,,,,,,0.6706807613372803,0.28596857155332894,,,,,,0.2862355411052704,,0.2862355411052704,-0.026384538039565086
101.194506,POS,,,,,,,,,,,,,,,,69.73451763413097,69.7313188785259,,,,,37.427506,-122.1689112,,,0.6679199998956165,,,,20.818864822387695,,,,,,
101.294466,ATT,3,,0.22,0.07,90.14,0.0,0.0,0.21,,0.05,,,,90.14,,,,,,,,,,,,,,,,,,,,,,
101.294466,XKF1,,,,,,,,,,,,,,,,69.77327562657975,69.77006530761719,,,0.2791624444093696,,,,,,0.669312059879303,0.27780257316082285,,,,,,0.27805379033088684,,0.27805379033088684,-0.02485477924346924
101.294466,POS,,,,,,,,,,,,,,,,69.76987672146743,69.76667958705289,,,,,37.427506,-122.1689108,,,0.6679199998956165,,,,20.669477462768555,,,,,,
101.394426,ATT,3,,0.33,0.08,90.14,0.0,0.0,0.32,,0.06,,,,90.14,,,,,,,,,,,,,,,,,,,,,,
101.394426,XKF1,,,,,,,,,,,,,,,,69.80595902966412,69.8027572631836,,,0.2702738727836478,,,,,,0.6685764789581299,0.26904574508053136,,,,,,0.2692798972129822,,0.2692798972129822,-0.023158222436904907
101.394426,POS,,,,,,,,,,,,,,,,69.80513018451992,69.80204029683615,,,,,37.4275059,-122.1689104,,,0.6567879997655268,,,,20.520374298095703,,,,,,
101.406921,ERR,,,,,,,,,,,,,,,,,,0,0,,,,,,,,,,,,9,FAILSAFE_FENCE,,,,
101.49438599999999,ATT,3,,0.41,0.07,90.14,0.0,0.0,0.4,,0.06,,,,90.14,,,,,,,,,,,,,,,,,,,,,,
101.49438599999999,XKF1,,,,,,,,,,,,,,,,69.8361500552066,69.83296203613281,,,0.2590219477164573,,,,,,0.6672838926315308,0.25784744287582706,,,,,,0.25807109475135803,,0.25807109475135803,-0.022173846140503883
101.49438599999999,POS,,,,,,,,,,,,,,,,69.83164954275755,69.82856082854546,,,,,37.4275059,-122.1689101,,,0.6567879997655268,,,,20.370885848999023,,,,,,
101.594346,ATT,3,,0.48,0.07,90.14,0.0,0.0,0.47,,0.06,,,,90.14,,,,,,,,,,,,,,,,,,,,,,
101.594346,XKF1,,,,,,,,,,,,,,,,69.86660143015332,69.86341857910156,,,0.24798705891313455,,,,,,0.6668881773948669,0.24691290771781557,,,,,,0.24712173640727997,,0.24712173640727997,-0.02069852128624916
101.594346,POS,,,,,,,,,,,,,,,,69.86700868929762,69.86392153832873,,,,,37.4275059,-122.1689097,,,0.6567879997655268,,,,20.22189712524414,,,,,,
101.694306,ATT,3,,0.54,0.07,90.14,0.0,0.0,0.53,,0.07,,,,90.14,,,,,,,,,,,,,,,,,,,,,,
101.694306,XKF1,,,,,,,,,,,,,,,,69.89439999138507,69.89122772216797,,,0.23512922315223325,,,,,,0.6659111380577087,0.23409197734683565,,,,,,0.23429153859615326,,0.23429153859615326,-0.019829940050840378
101.694306,POS,,,,,,,,,,,,,,,,69.89352804961257,69.89044207003803,,,,,37.4275059,-122.1689094,,,0.6567879997655268,,,,20.072425842285156,,,,,,
101.739288,ERR,,,,,,,,,,,,,,,,,,0,0,,,,,,,,,,,,9,FAILSAFE_FENCE,,,,
101.794266,ATT,3,,0.59,0.07,90.14,0.0,0.0,0.57,,0.07,,,,90.14,,,,,,,,,,,,,,,,,,,,,,
101.794266,XKF1,,,,,,,,,,,,,,,,69.92235231157865,69.91918182373047,,,0.22287429244077048,,,,,,0.6658572554588318,0.22192132575769533,,,,,,0.22210732102394104,,0.22210732102394104,-0.01847398653626442
101.794266,POS,,,,,,,,,,,,,,,,69.92004741207232,69.91696260300361,,,,,37.4275059,-122.1689091,,,0.6567879997655268,,,,19.9233341217041,,,,,,
101.894226,ATT,3,,0.62,0.07,90.14,0.0,0.0,0.61,,0.08,,,,90.14,,,,,,,,,,,,,,,,,,,,,,
101.894226,XKF1,,,,,,,,,,,,,,,,69.94756002655328,69.94439697265625,,,0.20914617435087782,,,,,,0.6651960611343384,0.20822004279119102,,,,,,0.20839759707450867,,0.20839759707450867,-0.017679473385214806
101.894226,POS,,,,,,,,,,,,,,,,69.94656677416346,69.94348313471292,,,,,37.4275059,-122.1689088,,,0.6567879997655268,,,,19.77374267578125,,,,,,
101.994186,ATT,3,,0.65,0.08,90.15,0.0,0.0,0.64,,0.08,,,,90.14,,,,,,,,,,,,,,,,,,,,,,
101.994186,XKF1,,,,,,,,,,,,,,,,69.97302030576634,69.96985626220703,,,0.1963668863805037,,,,,,0.665421187877655,0.19550513755454607,,,,,,0.19567105174064636,,0.19567105174064636,-0.016516463831067085
101.994186,POS,,,,,,,,,,,,,,,,69.97308613714115,69.97000366642223,,,,,37.4275059,-122.1689085,,,0.6567879997655268,,,,19.6246395111084,,,,,,
102.07248799999999,ERR,,,,,,,,,,,,,,,,,,0,0,,,,,,,,,,,,9,FAILSAFE_FENCE,,,,
102.094979,ATT,3,,0.67,0.08,90.15,0.0,0.0,0.67,,0.09,,,,90.14,,,,,,,,,,,,,,,,,,,,,,
102.094979,XKF1,,,,,,,,,,,,,,,,69.99601962491862,69.99285888671875,,,0.1826313449180981,,,,,,0.6651828289031982,0.18178336346214855,,,,,,0.18194220960140228,,0.18194220960140228,-0.015850568190217018
102.094979,POS,,,,,,,,,,,,,,,,69.99076571337042,69.98768402131387,,,,,37.4275059,-122.1689083,,,0.6567879997655268,,,,19.475175857543945,,,,,,
102.194939,ATT,3,,0.7,0.09,90.15,0.0,0.0,0.69,,0.09,,,,90.14,,,,,,,,,,,,,,,,,,,,,,
102.194939,XKF1,,,,,,,,,,,,,,,,70.01876496681541,70.0156021118164,,,0.1697072811558582,,,,,,0.6655136346817017,0.16889153547838293,,,,,,0.16904187202453613,,0.16904187202453613,-0.015013553202152252
102.194939,POS,,,,,,,,,,,,,,,,70.01728507782352,70.01420455302318,,,,,37.4275059,-122.168908,,,0.6567879997655268,,,,19.326072692871094,,,,,,
102.294899,ATT,3,,0.7,0.09,90.15,0.0,0.0,0.7,,0.1,,,,90.14,,,,,,,,,,,,,,,,,,,,,,
102.294899,XKF1,,,,,,,,,,,,,,,,70.0390110480591,70.03585052490234,,,0.15601563334554575,,,,,,0.6653644442558289,0.15518191385360847,,,,,,0.1553279310464859,,0.1553279310464859,-0.014632555656135082
102.294899,POS,,,,,,,,,,,,,,,,70.03496465503542,70.0318849079148,,,,,37.4275059,-122.1689078,,,0.6567879997655268,,,,19.176591873168945,,,,,,
102.394859,ATT,3,,0.7,0.1,90.15,0.0,0.0,0.69,,0.1,,,,90.15,,,,,,,,,,,,,,,,,,,,,,
102.394859,XKF1,,,,,,,,,,,,,,,,70.05900284565192,70.05583953857422,,,0.1431994680060473,,,,,,0.6657524108886719,0.14238630612305797,,,,,,0.14252468943595886,,0.14252468943595886,-0.013885263353586197
102.394859,POS,,,,,,,,,,,,,,,,70.05264423263989,70.04956526280644,,,,,37.4275059,-122.1689076,,,0.6567879997655268,,,,19.026262283325195,,,,,,
102.404855,ERR,,,,,,,,,,,,,,,,,,0,0,,,,,,,,,,,,9,FAILSAFE_FENCE,,,,
102.49481899999999,ATT,3,,0.69,0.1,90.15,0.0,0.0,0.68,,0.1,,,,90.15,,,,,,,,,,,,,,,,,,,,,,
102.49481899999999,XKF1,,,,,,,,,,,,,,,,70.07642687704072,70.0732650756836,,,0.13027445521621367,,,,,,0.6656767129898071,0.12943039069104298,,,,,,0.12956519424915314,,0.12956519424915314,-0.013575497083365917
102.49481899999999,POS,,,,,,,,,,,,,,,,70.07032381063658,70.06724561769806,,,,,37.4275059,-122.1689074,,,0.6567879997655268,,,,18.876705169677734,,,,,,
102.594779,ATT,3,,0.68,0.1,90.15,0.0,0.0,0.67,,0.1,,,,90.15,,,,,,,,,,,,,,,,,,,,,,
102.594779,XKF1,,,,,,,,,,,,,,,,70.09341318108785,70.09024810791016,,,0.11843508795486392,,,,,,0.6661017537117004,0.11758901546700923,,,,,,0.11771799623966217,,0.11771799623966217,-0.013013201765716076
102.594779,POS,,,,,,,,,,,,,,,,70.08800338776904,70.08492597133343,,,,,37.4275059,-122.1689072,,,0.6567879997655268,,,,18.727577209472656,,,,,,
102.694739,ATT,3,,0.66,0.1,90.15,0.0,0.0,0.65,,0.1,,,,90.16,,,,,,,,,,,,,,,,,,,,,,
102.694739,XKF1,,,,,,,,,,,,,,,,70.10812155816451,70.1049575805664,,,0.10654907931165804,,,,,,0.6660563349723816,0.1056429657465644,,,,,,0.10576993227005005,,0.10576993227005005,-0.012861871160566807
102.694739,POS,,,,,,,,,,,,,,,,70.10568296654934,70.10260632622506,,,,,37.4275059,-122.168907,,,0.6567879997655268,,,,18.578035354614258,,,,,,
102.737222,ERR,,,,,,,,,,,,,,,,,,0,0,,,,,,,,,,,,9,FAILSAFE_FENCE,,,,
102.794699,ATT,3,,0.64,0.11,90.15,0.0,0.0,0.63,,0.11,,,,90.16,,,,,,,,,,,,,,,,,,,,,,
102.794699,XKF1,,,,,,,,,,,,,,,,70.12253717690504,70.11936950683594,,,0.09587283838341243,,,,,,0.6665133833885193,0.09494824211074218,,,,,,0.09507020562887192,,0.09507020562887192,-0.012379706837236881
102.794699,POS,,,,,,,,,,,,,,,,70.11452275671436,70.111446504299,,,,,37.4275059,-122.1689069,,,0.6567879997655268,,,,18.428930282592773,,,,,,
102.894659,ATT,3,,0.61,0.11,90.14,0.0,0.0,0.6,,0.12,,,,90.16,,,,,,,,,,,,,,,,,,,,,,
102.894659,XKF1,,,,,,,,,,,,,,,,70.13482741889972,70.13166046142578,,,0.0852403517423822,,,,,,0.6664968132972717,0.08421495002829901,,,,,,0.08433641493320465,,0.08433641493320465,-0.012380899861454964
102.894659,POS,,,,,,,,,,,,,,,,70.1322023360816,70.12912685919063,,,,,37.4275059,-122.1689067,,,0.6567879997655268,,,,18.27940559387207,,,,,,
102.994619,ATT,3,,0.58,0.11,90.14,0.0,0.0,0.57,,0.12,,,,90.16,,,,,,,,,,,,,,,,,,,,,,
102.994619,XKF1,,,,,,,,,,,,,,,,70.1468473599131,70.1436767578125,,,0.07590905948641385,,,,,,0.6669373512268066,0.07481361637888714,,,,,,0.07493240386247635,,0.07493240386247635,-0.012137551791965961
102.994619,POS,,,,,,,,,,,,,,,,70.14104212528372,70.13796703600832,,,,,37.4275059,-122.1689066,,,0.6567879997655268,,,,18.13035011291504,,,,,,
103.069589,ERR,,,,,,,,,,,,,,,,,,0,0,,,,,,,,,,,,9,FAILSAFE_FENCE,,,,
103.094579,ATT,3,,0.54,0.11,90.14,0.0,0.0,0.53,,0.12,,,,90.15,,,,,,,,,,,,,,,,,,,,,,
103.094579,XKF1,,,,,,,,,,,,,,,,70.15694787273335,70.15377807617188,,,0.06674055540346431,,,,,,0.666900634765625,0.06547974042331735,,,,,,0.06559951603412628,,0.06559951603412628,-0.012288418598473072
103.094579,POS,,,,,,,,,,,,,,,,70.14988191458352,70.14680721282599,,,,,37.4275059,-122.1689065,,,0.6567879997655268,,,,17.980867385864258,,,,,,
103.19453899999999,ATT,3,,0.52,0.12,90.14,0.0,0.0,0.5,,0.12,,,,90.15,,,,,,,,,,,,,,,,,,,,,,
103.19453899999999,XKF1,,,,,,,,,,,,,,,,70.1669915342716,70.163818359375,,,0.05882583813129346,,,,,,0.6673036813735962,0.057451441230382094,,,,,,0.05756906792521477,,0.05756906792521477,-0.012094695121049881
103.19453899999999,POS,,,,,,,,,,,,,,,,70.1675614947323,70.16448756771763,,,,,37.4275059,-122.1689063,,,0.6567879997655268,,,,17.83179473876953,,,,,,
103.294499,ATT,3,,0.48,0.11,90.14,0.0,0.0,0.47,,0.11,,,,90.15,,,,,,,,,,,,,,,,,,,,,,
103.294499,XKF1,,,,,,,,,,,,,,,,70.17528373359956,70.17211151123047,,,0.05114499880987539,,,,,,0.6672429442405701,0.04955323935477193,,,,,,0.04967137798666954,,0.04967137798666954,-0.012188728898763657
103.294499,POS,,,,,,,,,,,,,,,,70.1675614947323,70.16448756771763,,,,,37.4275059,-122.1689063,,,0.6567879997655268,,,,17.68222427368164,,,,,,
103.394459,ATT,3,,0.45,0.12,90.14,0.0,0.0,0.44,,0.11,,,,90.15,,,,,,,,,,,,,,,,,,,,,,
103.394459,XKF1,,,,,,,,,,,,,,,,70.18354962099318,70.18037414550781,,,0.04466701566921297,,,,,,0.667624294757843,0.042923971213880134,,,,,,0.04303956776857376,,0.04303956776857376,-0.011947296559810638
103.394459,POS,,,,,,,,,,,,,,,,70.17640128558115,70.17332774579157,,,,,37.4275059,-122.1689062,,,0.6567879997655268,,,,17.533103942871094,,,,,,
103.401956,ERR,,,,,,,,,,,,,,,,,,0,0,,,,,,,,,,,,9,FAILSAFE_FENCE,,,,
103.494419,ATT,3,,0.41,0.12,90.14,0.0,0.0,0.4,,0.12,,,,90.15,,,,,,,,,,,,,,,,,,,,,,
103.494419,XKF1,,,,,,,,,,,,,,,,70.19025492782029,70.18708038330078,,,0.038455787036345286,,,,,,0.6675583124160767,0.036390641151586044,,,,,,0.03650723770260811,,0.03650723770260811,-0.01208590716123581
103.494419,POS,,,,,,,,,,,,,,,,70.18524107527136,70.18216792260925,,,,,37.4275059,-122.1689061,,,0.6567879997655268,,,,17.38347053527832,,,,,,
103.594379,ATT,3,,0.39,0.12,90.14,0.0,0.0,0.37,,0.11,,,,90.15,,,,,,,,,,,,,,,,,,,,,,
103.594379,XKF1,,,,,,,,,,,,,,,,70.19710924166617,70.19393157958984,,,0.03337637583450099,,,,,,0.6679186224937439,0.03105027772956644,,,,,,0.0311653520911932,,0.0311653520911932,-0.011945848353207111
103.594379,POS,,,,,,,,,,,,,,,,70.19408086505908,70.19100809942694,,,,,37.4275059,-122.168906,,,0.6567879997655268,,,,17.234296798706055,,,,,,
103.694339,ATT,3,,0.35,0.12,90.14,0.0,0.0,0.34,,0.11,,,,90.15,,,,,,,,,,,,,,,,,,,,,,
103.694339,XKF1,,,,,,,,,,,,,,,,70.20250916825243,70.19933319091797,,,0.028567312217699658,,,,,,0.6677672266960144,0.02571931650785343,,,,,,0.02583642676472664,,0.02583642676472664,-0.012188944965600967
103.694339,POS,,,,,,,,,,,,,,,,70.20292065620049,70.19984827750089,,,,,37.4275059,-122.1689059,,,0.6567879997655268,,,,17.08399772644043,,,,,,
103.734323,ERR,,,,,,,,,,,,,,,,,,0,0,,,,,,,,,,,,9,FAILSAFE_FENCE,,,,
103.794299,ATT,3,,0.32,0.11,90.14,0.0,0.0,0.3,,0.11,,,,90.14,,,,,,,,,,,,,,,,,,,,,,
103.794299,XKF1,,,,,,,,,,,,,,,,70.20806643750888,70.20488739013672,,,0.024771698340485603,,,,,,0.6681163311004639,0.021602218806341132,,,,,,0.021716611459851265,,0.021716611459851265,-0.011917458847165108
103.794299,POS,,,,,,,,,,,,,,,,70.20292065620049,70.19984827750089,,,,,37.4275059,-122.1689059,,,0.6567879997655268,,,,16.93455696105957,,,,,,
103.89425899999999,ATT,3,,0.28,0.12,90.14,0.0,0.0,0.27,,0.11,,,,90.14,,,,,,,,,,,,,,,,,,,,,,
103.89425899999999,XKF1,,,,,,,,,,,,,,,,70.21216116530414,70.208984375,,,0.02136018945992276,,,,,,0.6678985953330994,0.017490251244571958,,,,,,0.0176061000674963,,0.0176061000674963,-0.012094748206436634
103.89425899999999,POS,,,,,,,,,,,,,,,,70.21176044618309,70.20868845431856,,,,,37.4275059,-122.1689058,,,0.6567879997655268,,,,16.78432273864746,,,,,,
103.994219,ATT,3,,0.26,0.12,90.14,0.0,0.0,0.24,,0.11,,,,90.14,,,,,,,,,,,,,,,,,,,,,,
103.994219,XKF1,,,,,,,,,,,,,,,,70.2167499930798,70.21356964111328,,,0.01886550311381919,,,,,,0.6682947278022766,0.014541835292913603,,,,,,0.014655563049018383,,0.014655563049018383,-0.011879464611411095
103.994219,POS,,,,,,,,,,,,,,,,70.21176044618309,70.20868845431856,,,,,37.4275059,-122.1689058,,,0.6567879997655268,,,,16.63473892211914,,,,,,
104.06669,ERR,,,,,,,,,,,,,,,,,,0,0,,,,,,,,,,,,9,FAILSAFE_FENCE,,,,
104.094179,ATT,3,,0.23,0.12,90.14,0.0,0.0,0.22,,0.12,,,,90.14,,,,,,,,,,,,,,,,,,,,,,
104.094179,XKF1,,,,,,,,,,,,,,,,70.2200440157176,70.21686553955078,,,0.01673117229650244,,,,,,0.6681132912635803,0.01142119467058505,,,,,,0.011537007987499237,,0.011537007987499237,-0.012117325328290462
104.094179,POS,,,,,,,,,,,,,,,,70.22060023751932,70.21752863239251,,,,,37.4275059,-122.1689057,,,0.6567879997655268,,,,16.484458923339844,,,,,,
104.19497199999999,ATT,3,,0.21,0.12,90.14,0.0,0.0,0.2,,0.11,,,,90.14,,,,,,,,,,,,,,,,,,,,,,
104.19497199999999,XKF1,,,,,,,,,,,,,,,,70.22391576070098,70.22073364257812,,,0.01528576632408629,,,,,,0.6685143709182739,0.009365193341053577,,,,,,0.00947977602481842,,0.00947977602481842,-0.011991184204816818
104.19497199999999,POS,,,,,,,,,,,,,,,,70.22060023751932,70.21752863239251,,,,,37.4275059,-122.1689057,,,0.6567879997655268,,,,16.33497428894043,,,,,,
104.294932,ATT,3,,0.19,0.12,90.14,0.0,0.0,0.17,,0.11,,,,90.14,,,,,,,,,,,,,,,,,,,,,,
104.294932,XKF1,,,,,,,,,,,,,,,,70.22705214581374,70.22386932373047,,,0.014178596745472467,,,,,,0.668603241443634,0.007379418230835245,,,,,,0.007494348566979169,,0.00749434856697917,-0.01203608512878418
104.294932,POS,,,,,,,,,,,,,,,,70.22060023751932,70.21752863239251,,,,,37.4275059,-122.1689057,,,0.6567879997655268,,,,16.1851806640625,,,,,,
104.394892,ATT,3,,0.17,0.12,90.14,0.0,0.0,0.16,,0.12,,,,90.14,,,,,,,,,,,,,,,,,,,,,,
104.394892,XKF1,,,,,,,,,,,,,,,,70.23029728625487,70.22711181640625,,,0.013442233957506792,,,,,,0.6688967347145081,0.005907016927257394,,,,,,0.006021753419190644,,0.006021753419190645,-0.012017992325127125
104.394892,POS,,,,,,,,,,,,,,,,70.2294400276967,70.2263688092102,,,,,37.4275059,-122.1689056,,,0.6567879997655268,,,,16.035757064819336,,,,,,
104.39989,ERR,,,,,,,,,,,,,,,,,,0,0,,,,,,,,,,,,9,FAILSAFE_FENCE,,,,
104.494852,ATT,3,,0.15,0.12,90.14,0.0,0.0,0.14,,0.12,,,,90.14,,,,,,,,,,,,,,,,,,,,,,
104.494852,XKF1,,,,,,,,,,,,,,,,70.23285297549252,70.22966766357422,,,0.012932428106056534,,,,,,0.6688923239707947,0.004342095915439452,,,,,,0.004457916598767041,,0.004457916598767042,-0.01213979721069336
104.494852,POS,,,,,,,,,,,,,,,,70.2294400276967,70.2263688092102,,,,,37.4275059,-122.1689056,,,0.6567879997655268,,,,15.884745597839355,,,,,,
104.594812,ATT,3,,0.14,0.12,90.14,0.0,0.0,0.13,,0.12,,,,90.14,,,,,,,,,,,,,,,,,,,,,,
104.594812,XKF1,,,,,,,,,,,,,,,,70.23545661518922,70.23226928710938,,,0.012609418473096582,,,,,,0.6691163778305054,0.0033119881654573744,,,,,,0.0034277469385415307,,0.0034277469385415316,-0.012134578078985214
104.594812,POS,,,,,,,,,,,,,,,,70.2294400276967,70.2263688092102,,,,,37.4275059,-122.1689056,,,0.6567879997655268,,,,15.7352294921875,,,,,,
104.694772,ATT,3,,0.11,0.12,90.14,0.0,0.0,0.1,,0.12,,,,90.14,,,,,,,,,,,,,,,,,,,,,,
104.694772,XKF1,,,,,,,,,,,,,,,,70.23753883833402,70.2343521118164,,,0.012571739628023514,,,,,,0.669063150882721,0.0023349467338846896,,,,,,0.002452512038871645,,0.002452512038871646,-0.012330199591815472
104.694772,POS,,,,,,,,,,,,,,,,70.2294400276967,70.2263688092102,,,,,37.4275059,-122.1689056,,,0.6567879997655268,,,,15.585371017456055,,,,,,
104.732257,ERR,,,,,,,,,,,,,,,,,,0,0,,,,,,,,,,,,9,FAILSAFE_FENCE,,,,
104.794732,ATT,3,,0.11,0.12,90.14,0.0,0.0,0.09,,0.11,,,,90.15,,,,,,,,,,,,,,,,,,,,,,
104.794732,XKF1,,,,,,,,,,,,,,,,70.23987503518768,70.23668670654297,,,0.012436010495013207,,,,,,0.6692424416542053,0.0018669928011716098,,,,,,0.00198405492119491,,0.001984054921194911,-0.012276721186935902
104.794732,POS,,,,,,,,,,,,,,,,70.2382798192276,70.23520898728414,,,,,37.4275059,-122.1689055,,,0.6567879997655268,,,,15.435904502868652,,,,,,
104.89469199999999,ATT,3,,0.09,0.12,90.14,0.0,0.0,0.08,,0.11,,,,90.15,,,,,,,,,,,,,,,,,,,,,,
104.89469199999999,XKF1,,,,,,,,,,,,,,,,70.2417205141449,70.23853302001953,,,0.012496166136498538,,,,,,0.6691636443138123,0.0013241046832019128,,,,,,0.0014424201799556604,,0.0014424201799556613,-0.012412638403475285
104.89469199999999,POS,,,,,,,,,,,,,,,,70.2382798192276,70.23520898728414,,,,,37.4275059,-122.1689055,,,0.6567879997655268,,,,15.286154747009277,,,,,,
104.994652,ATT,3,,0.08,0.12,90.14,0.0,0.0,0.07,,0.11,,,,90.15,,,,,,,,,,,,,,,,,,,,,,
104.994652,XKF1,,,,,,,,,,,,,,,,70.24373609232727,70.24054718017578,,,0.01247851750773863,,,,,,0.6693220734596252,0.0011877308878970954,,,,,,0.0013060395140200845,,0.0013060395140200853,-0.012409982271492481
104.994652,POS,,,,,,,,,,,,,,,,70.2382798192276,70.23520898728414,,,,,37.4275059,-122.1689055,,,0.6567879997655268,,,,15.136805534362793,,,,,,
105.064624,ERR,,,,,,,,,,,,,,,,,,0,0,,,,,,,,,,,,9,FAILSAFE_FENCE,,,,
105.094612,ATT,3,,0.07,0.12,90.14,0.0,0.0,0.06,,0.11,,,,90.15,,,,,,,,,,,,,,,,,,,,,,
105.094612,XKF1,,,,,,,,,,,,,,,,70.24531439099255,70.24212646484375,,,0.012563551993991886,,,,,,0.6692261099815369,0.00090521025803833,,,,,,0.0010245508747175327,,0.0010245508747175336,-0.012521706521511078
105.094612,POS,,,,,,,,,,,,,,,,70.2382798192276,70.23520898728414,,,,,37.4275059,-122.1689055,,,0.6567879997655268,,,,14.9871826171875,,,,,,
105.194572,ATT,3,,0.06,0.12,90.14,0.0,0.0,0.05,,0.11,,,,90.15,,,,,,,,,,,,,,,,,,,,,,
105.194572,XKF1,,,,,,,,,,,,,,,,70.24706289120506,70.2438735961914,,,0.012447448900220608,,,,,,0.6693781018257141,0.0009632255031411666,,,,,,0.0010814367560669771,,0.001081436756066978,-0.012400382198393345
105.194572,POS,,,,,,,,,,,,,,,,70.24711960959958,70.24404916410182,,,,,37.4275059,-122.1689054,,,0.6567879997655268,,,,14.837955474853516,,,,,,
105.294532,ATT,3,,0.05,0.12,90.14,0.0,0.0,0.04,,0.11,,,,90.15,,,,,,,,,,,,,,,,,,,,,,
105.294532,XKF1,,,,,,,,,,,,,,,,70.24851915970011,70.24533081054688,,,0.01252221637540283,,,,,,0.669285774230957,0.0010406912747453457,,,,,,0.00115953548811376,,0.001159535488113761,-0.012468415312469006
105.294532,POS,,,,,,,,,,,,,,,,70.24711960959958,70.24404916410182,,,,,37.4275059,-122.1689054,,,0.6567879997655268,,,,14.688417434692383,,,,,,
105.394492,ATT,3,,0.04,0.12,90.14,0.0,0.0,0.04,,0.11,,,,90.15,,,,,,,,,,,,,,,,,,,,,,
105.394492,XKF1,,,,,,,,,,,,,,,,70.25034391750653,70.24715423583984,,,0.012536031479895685,,,,,,0.6694343090057373,0.0014456656425218765,,,,,,0.0015642622020095578,,0.0015642622020095587,-0.012438053265213966
105.394492,POS,,,,,,,,,,,,,,,,70.24711960959958,70.24404916410182,,,,,37.4275059,-122.1689054,,,0.6567879997655268,,,,14.539151191711426,,,,,,
105.494452,ATT,3,,0.04,0.12,90.14,0.0,0.0,0.03,,0.11,,,,90.15,,,,,,,,,,,,,,,,,,,,,,
105.494452,XKF1,,,,,,,,,,,,,,,,70.25185363359769,70.24866485595703,,,0.012644932983990647,,,,,,0.6693466305732727,0.0016750123948785739,,,,,,0.0017943532438948742,,0.001794353243894875,-0.012516973540186882
105.494452,POS,,,,,,,,,,,,,,,,70.24711960959958,70.24404916410182,,,,,37.4275059,-122.1689054,,,0.6567879997655268,,,,14.389479637145996,,,,,,
105.59441199999999,ATT,3,,0.04,0.12,90.14,0.0,0.0,0.03,,0.11,,,,90.15,,,,,,,,,,,,,,,,,,,,,,
105.59441199999999,XKF1,,,,,,,,,,,,,,,,70.2536100765234,70.25041961669922,,,0.012629729421074001,,,,,,0.669531524181366,0.0021144679572047214,,,,,,0.0022330370265990487,,0.0022330370265990496,-0.012430752627551556
105.59441199999999,POS,,,,,,,,,,,,,,,,70.24711960959958,70.24404916410182,,,,,37.4275059,-122.1689054,,,0.6567879997655268,,,,14.24014663696289,,,,,,
105.694372,ATT,3,,0.04,0.12,90.14,0.0,0.0,0.03,,0.11,,,,90.15,,,,,,,,,,,,,,,,,,,,,,
105.694372,XKF1,,,,,,,,,,,,,,,,70.25479707607643,70.2516098022461,,,0.012863943775956406,,,,,,0.6692028045654297,0.0021015837470406778,,,,,,0.0022223759442567817,,0.0022223759442567825,-0.012670520693063736
105.694372,POS,,,,,,,,,,,,,,,,70.24711960959958,70.24404916410182,,,,,37.4275059,-122.1689054,,,0.6567879997655268,,,,14.09005069732666,,,,,,
105.794332,ATT,3,,0.03,0.12,90.14,0.0,0.0,0.02,,0.11,,,,90.14,,,,,,,,,,,,,,,,,,,,,,
105.794332,XKF1,,,,,,,,,,,,,,,,70.25650116027339,70.25331115722656,,,0.01275215997287106,,,,,,0.6694973707199097,0.0025467545455083378,,,,,,0.0026657104026526204,,0.0026657104026526213,-0.01247042790055275
105.794332,POS,,,,,,,,,,,,,,,,70.25595940006882,70.25288934091951,,,,,37.4275059,-122.1689053,,,0.6567879997655268,,,,13.940817832946777,,,,,,
105.894292,ATT,3,,0.03,0.12,90.14,0.0,0.0,0.02,,0.11,,,,90.14,,,,,,,,,,,,,,,,,,,,,,
105.894292,XKF1,,,,,,,,,,,,,,,,70.25767372468424,70.25448608398438,,,0.012995897734083085,,,,,,0.6692550182342529,0.002701300989709427,,,,,,0.002822269918397068,,0.002822269918397069,-0.01268574595451355
105.894292,POS,,,,,,,,,,,,,,,,70.25595940006882,70.25288934091951,,,,,37.4275059,-122.1689053,,,0.6567879997655268,,,,13.790804862976074,,,,,,
105.994252,ATT,3,,0.03,0.12,90.14,0.0,0.0,0.02,,0.11,,,,90.14,,,,,,,,,,,,,,,,,,,,,,
105.994252,XKF1,,,,,,,,,,,,,,,,70.25926382314127,70.25607299804688,,,0.012921723210537691,,,,,,0.669596791267395,0.003097055191991353,,,,,,0.003216473851352929,,0.00321647385135293,-0.012515000067651272
105.994252,POS,,,,,,,,,,,,,,,,70.25595940006882,70.25288934091951,,,,,37.4275059,-122.1689053,,,0.6567879997655268,,,,13.641753196716309,,,,,,
106.094212,ATT,3,,0.03,0.12,90.14,0.0,0.0,0.02,,0.11,,,,90.14,,,,,,,,,,,,,,,,,,,,,,
106.094212,XKF1,,,,,,,,,,,,,,,,70.260368145501,70.2571792602539,,,0.013065854252415928,,,,,,0.6693984866142273,0.003169124981842993,,,,,,0.003289747517555951,,0.003289747517555952,-0.012644924223423004
106.094212,POS,,,,,,,,,,,,,,,,70.25595940006882,70.25288934091951,,,,,37.4275059,-122.1689053,,,0.6567879997655268,,,,13.491982460021973,,,,,,
106.194172,ATT,3,,0.03,0.12,90.14,0.0,0.0,0.02,,0.11,,,,90.14,,,,,,,,,,,,,,,,,,,,,,
106.194172,XKF1,,,,,,,,,,,,,,,,70.26217206522652,70.25897979736328,,,0.013045842846598122,,,,,,0.6697620153427124,0.0037018101529490447,,,,,,0.0038208877667784682,,0.003820887766778469,-0.012473765760660172
106.194172,POS,,,,,,,,,,,,,,,,70.25595940006882,70.25288934091951,,,,,37.4275059,-122.1689053,,,0.6567879997655268,,,,13.34310531616211,,,,,,
106.294965,ATT,3,,0.03,0.12,90.14,0.0,0.0,0.02,,0.11,,,,90.14,,,,,,,,,,,,,,,,,,,,,,
106.294965,XKF1,,,,,,,,,,,,,,,,70.26371389825923,70.2605209350586,,,0.013176404524574477,,,,,,0.6698423027992249,0.0040039281973061145,,,,,,0.0041234204545617095,,0.00412342045456171,-0.012514593079686165
106.294965,POS,,,,,,,,,,,,,,,,70.25595940006882,70.25288934091951,,,,,37.4275059,-122.1689053,,,0.6567879997655268,,,,13.193726539611816,,,,,,
106.394925,ATT,3,,0.04,0.13,90.14,0.0,0.0,0.03,,0.12,,,,90.14,,,,,,,,,,,,,,,,,,,,,,
106.394925,XKF1,,,,,,,,,,,,,,,,70.26544852415014,70.26225280761719,,,0.013307369412503236,,,,,,0.6701393127441406,0.004307199060989301,,,,,,0.004427087027579545,,0.004427087027579546,-0.012549381703138351
106.394925,POS,,,,,,,,,,,,,,,,70.26479919189147,70.26172951899345,,,,,37.4275059,-122.1689052,,,0.6567879997655268,,,,13.044615745544434,,,,,,
106.494885,ATT,3,,0.04,0.13,90.14,0.0,0.0,0.03,,0.12,,,,90.14,,,,,,,,,,,,,,,,,,,,,,
106.494885,XKF1,,,,,,,,,,,,,,,,70.26689816085523,70.26370239257812,,,0.01355515126248746,,,,,,0.6701516509056091,0.004362389536889207,,,,,,0.004484592005610465,,0.004484592005610466,-0.012791816145181656
106.494885,POS,,,,,,,,,,,,,,,,70.26479919189147,70.26172951899345,,,,,37.4275059,-122.1689052,,,0.6567879997655268,,,,12.895055770874023,,,,,,
106.59484499999999,ATT,3,,0.04,0.13,90.14,0.0,0.0,0.03,,0.12,,,,90.15,,,,,,,,,,,,,,,,,,,,,,
106.59484499999999,XKF1,,,,,,,,,,,,,,,,70.26847179310623,70.26527404785156,,,0.013696296429692762,,,,,,0.6703664064407349,0.004519685527491453,,,,,,0.004642824176698922,,0.004642824176698923,-0.012885368429124355
106.59484499999999,POS,,,,,,,,,,,,,,,,70.26479919189147,70.26172951899345,,,,,37.4275059,-122.1689052,,,0.6567879997655268,,,,12.744598388671875,,,,,,
106.694805,ATT,3,,0.04,0.13,90.14,0.0,0.0,0.03,,0.12,,,,90.15,,,,,,,,,,,,,,,,,,,,,,
106.694805,XKF1,,,,,,,,,,,,,,,,70.26977588769428,70.2665786743164,,,0.013958439402768204,,,,,,0.6703168749809265,0.004480905639405479,,,,,,0.0046068066731095305,,0.004606806673109531,-0.013176318258047104
106.694805,POS,,,,,,,,,,,,,,,,70.26479919189147,70.26172951899345,,,,,37.4275059,-122.1689052,,,0.6567879997655268,,,,12.594982147216797,,,,,,
106.794765,ATT,3,,0.04,0.13,90.14,0.0,0.0,0.03,,0.12,,,,90.16,,,,,,,,,,,,,,,,,,,,,,
106.794765,XKF1,,,,,,,,,,,,,,,,70.27116605864529,70.2679672241211,,,0.014007747663389782,,,,,,0.6704934239387512,0.004526498687074134,,,,,,0.004652777221053838,,0.004652777221053839,-0.013212443329393864
106.794765,POS,,,,,,,,,,,,,,,,70.26479919189147,70.26172951899345,,,,,37.4275059,-122.1689052,,,0.6567879997655268,,,,12.445789337158203,,,,,,
106.894725,ATT,3,,0.04,0.13,90.14,0.0,0.0,0.03,,0.11,,,,90.16,,,,,,,,,,,,,,,,,,,,,,
106.894725,XKF1,,,,,,,,,,,,,,,,70.27240110844849,70.26920318603516,,,0.014102679207971095,,,,,,0.6704037189483643,0.0044454352098441995,,,,,,0.004572914447635411,,0.004572914447635412,-0.013340690173208714
106.894725,POS,,,,,,,,,,,,,,,,70.26479919189147,70.26172951899345,,,,,37.4275059,-122.1689052,,,0.6567879997655268,,,,12.296185493469238,,,,,,
106.994685,ATT,3,,0.05,0.13,90.14,0.0,0.0,0.04,,0.12,,,,90.16,,,,,,,,,,,,,,,,,,,,,,
106.994685,XKF1,,,,,,,,,,,,,,,,70.27390526309433,70.27070617675781,,,0.0141049182951378,,,,,,0.6705328822135925,0.004413261107382378,,,,,,0.004540887661278247,,0.004540887661278248,-0.013353990390896797
106.994685,POS,,,,,,,,,,,,,,,,70.27363898255508,70.27056969581113,,,,,37.4275059,-122.1689051,,,0.6567879997655268,,,,12.14688777923584,,,,,,
107.094645,ATT,3,,0.05,0.13,90.14,0.0,0.0,0.04,,0.11,,,,90.15,,,,,,,,,,,,,,,,,,,,,,
107.094645,XKF1,,,,,,,,,,,,,,,,70.27517045718548,70.27197265625,,,0.014151616746016159,,,,,,0.6704041957855225,0.004074225109785881,,,,,,0.004203326068818568,,0.004203326068818569,-0.013512968085706234
107.094645,POS,,,,,,,,,,,,,,,,70.27363898255508,70.27056969581113,,,,,37.4275059,-122.1689051,,,0.6567879997655268,,,,11.997114181518555,,,,,,
107.194605,ATT,3,,0.05,0.13,90.14,0.0,0.0,0.05,,0.12,,,,90.14,,,,,,,,,,,,,,,,,,,,,,
107.194605,XKF1,,,,,,,,,,,,,,,,70.27659041076467,70.27339172363281,,,0.014103183051600214,,,,,,0.6705038547515869,0.0038646518398856716,,,,,,0.003993882797658443,,0.0039938827976584435,-0.013525852002203465
107.194605,POS,,,,,,,,,,,,,,,,70.27363898255508,70.27056969581113,,,,,37.4275059,-122.1689051,,,0.6567879997655268,,,,11.847688674926758,,,,,,
107.29456499999999,ATT,3,,0.05,0.12,90.14,0.0,0.0,0.05,,0.12,,,,90.13,,,,,,,,,,,,,,,,,,,,,,
107.29456499999999,XKF1,,,,,,,,,,,,,,,,70.27776380680109,70.27456665039062,,,0.014271901276781108,,,,,,0.6703490018844604,0.003531890694821294,,,,,,0.003663629060611128,,0.003663629060611129,-0.013793657533824444
107.29456499999999,POS,,,,,,,,,,,,,,,,70.27363898255508,70.27056969581113,,,,,37.4275059,-122.1689051,,,0.6567879997655268,,,,11.697893142700195,,,,,,
107.394525,ATT,3,,0.05,0.12,90.14,0.0,0.0,0.05,,0.11,,,,90.13,,,,,,,,,,,,,,,,,,,,,,
107.394525,XKF1,,,,,,,,,,,,,,,,70.27903860993833,70.27584075927734,,,0.014163985304213528,,,,,,0.6704278588294983,0.003285569323170036,,,,,,0.0034168518614023915,,0.0034168518614023924,-0.013745675794780254
107.394525,POS,,,,,,,,,,,,,,,,70.27363898255508,70.27056969581113,,,,,37.4275059,-122.1689051,,,0.6567879997655268,,,,11.548534393310547,,,,,,
107.494485,ATT,3,,0.05,0.12,90.14,0.0,0.0,0.04,,0.11,,,,90.12,,,,,,,,,,,,,,,,,,,,,,
107.494485,XKF1,,,,,,,,,,,,,,,,70.2801737802511,70.2769775390625,,,0.014229496010082093,,,,,,0.6702645421028137,0.0029693452152674605,,,,,,0.0031019297894090405,,0.0031019297894090414,-0.013887281529605389
107.494485,POS,,,,,,,,,,,,,,,,70.27363898255508,70.27056969581113,,,,,37.4275059,-122.1689051,,,0.6567879997655268,,,,11.399761199951172,,,,,,
107.594445,ATT,3,,0.06,0.12,90.14,0.0,0.0,0.05,,0.11,,,,90.12,,,,,,,,,,,,,,,,,,,,,,
107.594445,XKF1,,,,,,,,,,,,,,,,70.2815859004561,70.27838897705078,,,0.014196732502137077,,,,,,0.6703428030014038,0.0027264158179552884,,,,,,0.002859179163351654,,0.002859179163351655,-0.013905837200582027
107.594445,POS,,,,,,,,,,,,,,,,70.27363898255508,70.27056969581113,,,,,37.4275059,-122.1689051,,,0.6567879997655268,,,,11.254916191101074,,,,,,
107.694405,ATT,3,,0.06,0.12,90.14,0.0,0.0,0.06,,0.11,,,,90.11,,,,,,,,,,,,,,,,,,,,,,
107.694405,XKF1,,,,,,,,,,,,,,,,70.28275919979583,70.2795639038086,,,0.014348497869638394,,,,,,0.6701777577400208,0.002154978062301287,,,,,,0.002290147589519619,,0.00229014758951962,-0.014164554886519909
107.694405,POS,,,,,,,,,,,,,,,,70.28247877457207,70.27940987388509,,,,,37.4275059,-122.168905,,,0.6567879997655268,,,,11.11566162109375,,,,,,
107.794365,ATT,3,,0.06,0.12,90.14,0.0,0.0,0.06,,0.11,,,,90.11,,,,,,,,,,,,,,,,,,,,,,
107.794365,XKF1,,,,,,,,,,,,,,,,70.2840647082002,70.28086853027344,,,0.01425900913815037,,,,,,0.6702764630317688,0.0016671694868761063,,,,,,0.0018021445721387854,,0.0018021445721387863,-0.01414466742426157
107.794365,POS,,,,,,,,,,,,,,,,70.28247877457207,70.27940987388509,,,,,37.4275059,-122.168905,,,0.6567879997655268,,,,10.985076904296875,,,,,,
107.894325,ATT,3,,0.06,0.11,90.14,0.0,0.0,0.06,,0.11,,,,90.12,,,,,,,,,,,,,,,,,,,,,,
107.894325,XKF1,,,,,,,,,,,,,,,,70.28490748999711,70.2817153930664,,,0.014588111519689882,,,,,,0.6698524355888367,0.0009243279706569396,,,,,,0.0010630390606820575,,0.0010630390606820583,-0.01454932801425457
107.894325,POS,,,,,,,,,,,,,,,,70.28247877457207,70.27940987388509,,,,,37.4275059,-122.168905,,,0.6567879997655268,,,,10.863255500793457,,,,,,
107.994285,ATT,3,,0.06,0.11,90.14,0.0,0.0,0.05,,0.1,,,,90.12,,,,,,,,,,,,,,,,,,,,,,
107.994285,XKF1,,,,,,,,,,,,,,,,70.28607672966554,70.28288269042969,,,0.01446409945290092,,,,,,0.6700617671012878,0.0005055874069916952,,,,,,0.0006433714879676691,,0.00064337148796767,-0.014449783600866795
107.994285,POS,,,,,,,,,,,,,,,,70.28247877457207,70.27940987388509,,,,,37.4275059,-122.168905,,,0.6567879997655268,,,,10.752203941345215,,,,,,
108.094245,ATT,3,,0.06,0.11,90.14,0.0,0.0,0.05,,0.1,,,,90.12,,,,,,,,,,,,,,,,,,,,,,
108.094245,XKF1,,,,,,,,,,,,,,,,70.28681357795892,70.28362274169922,,,0.01465978003108909,,,,,,0.6697292327880859,-9.096117673752315e-05,,,,,,4.8726255045038685e-05,,4.872625504503958e-05,-0.01465969905257225
108.094245,POS,,,,,,,,,,,,,,,,70.28247877457207,70.27940987388509,,,,,37.4275059,-122.168905,,,0.6567879997655268,,,,10.652198791503906,,,,,,
108.194205,ATT,3,,0.06,0.11,90.14,0.0,0.0,0.05,,0.1,,,,90.13,,,,,,,,,,,,,,,,,,,,,,
108.194205,XKF1,,,,,,,,,,,,,,,,70.28784619772804,70.28465270996094,,,0.014467805460603984,,,,,,0.670012354850769,-0.00046413724856721926,,,,,,-0.00032627413747832266,,-0.0003262741374783218,-0.014464125968515873
108.194205,POS,,,,,,,,,,,,,,,,70.28247877457207,70.27940987388509,,,,,37.4275059,-122.168905,,,0.6567879997655268,,,,10.564345359802246,,,,,,
108.29499799999999,ATT,3,,0.06,0.11,90.14,0.0,0.0,0.05,,0.09,,,,90.13,,,,,,,,,,,,,,,,,,,,,,
108.29499799999999,XKF1,,,,,,,,,,,,,,,,70.28846924554912,70.2852783203125,,,0.014610230597848273,,,,,,0.669746458530426,-0.0010526609372853038,,,,,,-0.000913760799448938,,-0.0009137607994489372,-0.014581628143787384
108.29499799999999,POS,,,,,,,,,,,,,,,,70.28247877457207,70.27940987388509,,,,,37.4275059,-122.168905,,,0.6567879997655268,,,,10.487735748291016,,,,,,
108.394958,ATT,3,,0.06,0.11,90.14,0.0,0.0,0.05,,0.09,,,,90.14,,,,,,,,,,,,,,,,,,,,,,
108.394958,XKF1,,,,,,,,,,,,,,,,70.28965539293262,70.28646087646484,,,0.014185155242174017,,,,,,0.6701288819313049,-0.0012721534825506334,,,,,,-0.001137401908636094,,-0.0011374019086360931,-0.014139481820166111
108.394958,POS,,,,,,,,,,,,,,,,70.28247877457207,70.27940987388509,,,,,37.4275059,-122.168905,,,0.6567879997655268,,,,10.42269229888916,,,,,,
108.494918,ATT,3,,0.07,0.11,90.14,0.0,0.0,0.06,,0.1,,,,90.15,,,,,,,,,,,,,,,,,,,,,,
108.494918,XKF1,,,,,,,,,,,,,,,,70.29058722676479,70.28739166259766,,,0.014068273335720709,,,,,,0.6702432036399841,-0.0016819717788753633,,,,,,-0.0015487120253965267,,-0.0015487120253965259,-0.013982768170535564
108.494918,POS,,,,,,,,,,,,,,,,70.28247877457207,70.27940987388509,,,,,37.4275059,-122.168905,,,0.6567879997655268,,,,10.366819381713867,,,,,,
108.594878,ATT,3,,0.07,0.12,90.14,0.0,0.0,0.06,,0.11,,,,90.15,,,,,,,,,,,,,,,,,,,,,,
108.594878,XKF1,,,,,,,,,,,,,,,,70.2916512647088,70.2884521484375,,,0.013852499282887471,,,,,,0.6706206798553467,-0.0020137566444938114,,,,,,-0.001882908516563476,,-0.0018829085165634751,-0.01372393500059843
108.594878,POS,,,,,,,,,,,,,,,,70.29131856542993,70.28825005070277,,,,,37.4275059,-122.1689049,,,0.6567879997655268,,,,10.317909240722656,,,,,,
108.694838,ATT,3,,0.07,0.12,90.14,0.0,0.0,0.07,,0.11,,,,90.16,,,,,,,,,,,,,,,,,,,,,,
108.694838,XKF1,,,,,,,,,,,,,,,,70.2924607569505,70.28926086425781,,,0.014013046951375879,,,,,,0.6707059144973755,-0.0025084491850027903,,,,,,-0.002376787131652237,,-0.002376787131652236,-0.013810009695589542
108.694838,POS,,,,,,,,,,,,,,,,70.29131856542993,70.28825005070277,,,,,37.4275059,-122.1689049,,,0.6567879997655268,,,,10.272810935974121,,,,,,
108.794798,ATT,3,,0.07,0.12,90.14,0.0,0.0,0.06,,0.11,,,,90.16,,,,,,,,,,,,,,,,,,,,,,
108.794798,XKF1,,,,,,,,,,,,,,,,70.29337945099732,70.29017639160156,,,0.014014392473807868,,,,,,0.6710420846939087,-0.0029492219278831415,,,,,,-0.002818297827616335,,-0.002818297827616334,-0.013728087767958641
108.794798,POS,,,,,,,,,,,,,,,,70.29131856542993,70.28825005070277,,,,,37.4275059,-122.1689049,,,0.6567879997655268,,,,10.231099128723145,,,,,,
108.894758,ATT,3,,0.07,0.12,90.14,0.0,0.0,0.06,,0.11,,,,90.16,,,,,,,,,,,,,,,,,,,,,,
108.894758,XKF1,,,,,,,,,,,,,,,,70.29402845827819,70.29082489013672,,,0.014188326648779007,,,,,,0.6710984706878662,-0.0035100279631272626,,,,,,-0.003378622233867646,,-0.0033786222338676453,-0.013780185952782631
108.894758,POS,,,,,,,,,,,,,,,,70.29131856542993,70.28825005070277,,,,,37.4275059,-122.1689049,,,0.6567879997655268,,,,10.190377235412598,,,,,,
108.99471799999999,ATT,3,,0.08,0.12,90.14,0.0,0.0,0.07,,0.12,,,,90.16,,,,,,,,,,,,,,,,,,,,,,
108.99471799999999,XKF1,,,,,,,,,,,,,,,,70.29476373644563,70.29155731201172,,,0.01420458571352138,,,,,,0.6714010834693909,-0.0039212930072851935,,,,,,-0.0037907150108367213,,-0.0037907150108367205,-0.013689438812434673
108.99471799999999,POS,,,,,,,,,,,,,,,,70.29131856542993,70.28825005070277,,,,,37.4275059,-122.1689049,,,0.6567879997655268,,,,10.150339126586914,,,,,,
109.094678,ATT,3,,0.08,0.12,90.14,0.0,0.0,0.07,,0.13,,,,90.16,,,,,,,,,,,,,,,,,,,,,,
109.094678,XKF1,,,,,,,,,,,,,,,,70.29524456563261,70.29203796386719,,,0.014584696720173864,,,,,,0.6714219450950623,-0.004482422288308163,,,,,,-0.004349655006080867,,-0.004349655006080866,-0.013920987024903297
109.094678,POS,,,,,,,,,,,,,,,,70.29131856542993,70.28825005070277,,,,,37.4275059,-122.1689049,,,0.6567879997655268,,,,10.109561920166016,,,,,,
109.194638,ATT,3,,0.08,0.12,90.14,0.0,0.0,0.07,,0.14,,,,90.16,,,,,,,,,,,,,,,,,,,,,,
109.194638,XKF1,,,,,,,,,,,,,,,,70.2957961619489,70.29258728027344,,,0.014993007880127885,,,,,,0.671663224697113,-0.00501592618373685,,,,,,-0.0048806965351104745,,-0.004880696535110474,-0.014176356606185436
109.194638,POS,,,,,,,,,,,,,,,,70.29131856542993,70.28825005070277,,,,,37.4275059,-122.1689049,,,0.6567879997655268,,,,10.068354606628418,,,,,,
109.294598,ATT,3,,0.07,0.12,90.14,0.0,0.0,0.07,,0.13,,,,90.16,,,,,,,,,,,,,,,,,,,,,,
109.294598,XKF1,,,,,,,,,,,,,,,,70.29609313039474,70.29288482666016,,,0.01562683812258832,,,,,,0.6716041564941406,-0.005643866864974664,,,,,,-0.005504388827830554,,-0.005504388827830553,-0.014625312760472298
109.294598,POS,,,,,,,,,,,,,,,,70.29131856542993,70.28825005070277,,,,,37.4275059,-122.1689049,,,0.6567879997655268,,,,10.02562427520752,,,,,,
109.394558,ATT,3,,0.07,0.12,90.14,0.0,0.0,0.06,,0.12,,,,90.15,,,,,,,,,,,,,,,,,,,,,,
109.394558,XKF1,,,,,,,,,,,,,,,,70.29647622637073,70.29326629638672,,,0.015779663283097455,,,,,,0.6717761754989624,-0.0059753230986074974,,,,,,-0.005835484247654677,,-0.0058354842476546764,-0.014660999178886414
109.394558,POS,,,,,,,,,,,,,,,,70.29131856542993,70.28825005070277,,,,,37.4275059,-122.1689049,,,0.6567879997655268,,,,9.982048034667969,,,,,,
109.494518,ATT,3,,0.06,0.12,90.14,0.0,0.0,0.06,,0.11,,,,90.15,,,,,,,,,,,,,,,,,,,,,,
109.494518,XKF1,,,,,,,,,,,,,,,,70.29673471175785,70.29352569580078,,,0.015882786488912493,,,,,,0.6716817617416382,-0.006335444633275726,,,,,,-0.006195992231369019,,-0.0061959922313690186,-0.014624383300542831
109.494518,POS,,,,,,,,,,,,,,,,70.29131856542993,70.28825005070277,,,,,37.4275059,-122.1689049,,,0.6567879997655268,,,,9.936763763427734,,,,,,
109.594478,ATT,3,,0.06,0.12,90.14,0.0,0.0,0.06,,0.11,,,,90.14,,,,,,,,,,,,,,,,,,,,,,
109.594478,XKF1,,,,,,,,,,,,,,,,70.29732369416833,70.29411315917969,,,0.015766994391893243,,,,,,0.6718435287475586,-0.006444358655302801,,,,,,-0.00630653789266944,,-0.006306537892669439,-0.014450802467763424
109.594478,POS,,,,,,,,,,,,,,,,70.29131856542993,70.28825005070277,,,,,37.4275059,-122.1689049,,,0.6567879997655268,,,,9.890785217285156,,,,,,
109.69443799999999,ATT,3,,0.06,0.12,90.14,0.0,0.0,0.06,,0.11,,,,90.14,,,,,,,,,,,,,,,,,,,,,,
109.69443799999999,XKF1,,,,,,,,,,,,,,,,70.29772814013639,70.29451751708984,,,0.01592109352248998,,,,,,0.6718546748161316,-0.006741398744075839,,,,,,-0.006603242363780738,,-0.006603242363780737,-0.014487180858850479
109.69443799999999,POS,,,,,,,,,,,,,,,,70.29131856542993,70.28825005070277,,,,,37.4275059,-122.1689049,,,0.6567879997655268,,,,9.84331226348877,,,,,,
109.794398,ATT,3,,0.07,0.13,90.14,0.0,0.0,0.07,,0.11,,,,90.13,,,,,,,,,,,,,,,,,,,,,,
109.794398,XKF1,,,,,,,,,,,,,,,,70.29835110093067,70.29513549804688,,,0.01570886187458339,,,,,,0.6723784804344177,-0.00695404366472962,,,,,,-0.0068190000019967565,,-0.006819000001996756,-0.014151663519442081
109.794398,POS,,,,,,,,,,,,,,,,70.29131856542993,70.28825005070277,,,,,37.4275059,-122.1689049,,,0.6567879997655268,,,,9.795365333557129,,,,,,
109.894358,ATT,3,,0.07,0.14,90.14,0.0,0.0,0.07,,0.12,,,,90.13,,,,,,,,,,,,,,,,,,,,,,
109.894358,XKF1,,,,,,,,,,,,,,,,70.29850277146308,70.2952880859375,,,0.01625293376571065,,,,,,0.6722832918167114,-0.007565479815100684,,,,,,-0.007427568547427655,,-0.007427568547427654,-0.014456454664468765
109.894358,POS,,,,,,,,,,,,,,,,70.29131856542993,70.28825005070277,,,,,37.4275059,-122.1689049,,,0.6567879997655268,,,,9.745692253112793,,,,,,
109.99431799999999,ATT,3,,0.06,0.14,90.14,0.0,0.0,0.05,,0.13,,,,90.12,,,,,,,,,,,,,,,,,,,,,,
109.99431799999999,XKF1,,,,,,,,,,,,,,,,70.29915102740813,70.29592895507812,,,0.016102591440655605,,,,,,0.6730583310127258,-0.007610059980913558,,,,,,-0.007473845034837724,,-0.007473845034837723,-0.01426306739449501
109.99431799999999,POS,,,,,,,,,,,,,,,,70.29131856542993,70.28825005070277,,,,,37.4275059,-122.1689049,,,0.6567879997655268,,,,9.696576118469238,,,,,,
110.094278,ATT,3,,0.06,0.15,90.14,0.0,0.0,0.04,,0.13,,,,90.12,,,,,,,,,,,,,,,,,,,,,,
110.094278,XKF1,,,,,,,,,,,,,,,,70.29935009309172,70.29612731933594,,,0.0165194446117978,,,,,,0.6731325387954712,-0.007660112194867027,,,,,,-0.007519617211073638,,-0.007519617211073637,-0.014708752743899822
110.094278,POS,,,,,,,,,,,,,,,,70.29131856542993,70.28825005070277,,,,,37.4275059,-122.1689049,,,0.6567879997655268,,,,9.646047592163086,,,,,,
110.194238,ATT,3,,0.07,0.15,90.14,0.0,0.0,0.05,,0.14,,,,90.12,,,,,,,,,,,,,,,,,,,,,,
110.194238,XKF1,,,,,,,,,,,,,,,,70.29999879421446,70.29676818847656,,,0.016522331074233256,,,,,,0.6739530563354492,-0.007521481366607007,,,,,,-0.007380103692412377,,-0.007380103692412376,-0.014782472513616085
110.194238,POS,,,,,,,,,,,,,,,,70.30015835638484,70.29709022752044,,,,,37.4275059,-122.1689048,,,0.6567879997655268,,,,9.5962495803833,,,,,,
110.294198,ATT,3,,0.07,0.15,90.14,0.0,0.0,0.05,,0.16,,,,90.12,,,,,,,,,,,,,,,,,,,,,,
110.294198,XKF1,,,,,,,,,,,,,,,,70.30019784366559,70.29696655273438,,,0.017288149797510963,,,,,,0.6740254759788513,-0.007833905647510476,,,,,,-0.007685784250497819,,-0.007685784250497818,-0.015485762618482113
110.294198,POS,,,,,,,,,,,,,,,,70.30015835638484,70.29709022752044,,,,,37.4275059,-122.1689048,,,0.6567879997655268,,,,9.545239448547363,,,,,,
110.394991,ATT,3,,0.07,0.15,90.14,0.0,0.0,0.05,,0.17,,,,90.13,,,,,,,,,,,,,,,,,,,,,,
110.394991,XKF1,,,,,,,,,,,,,,,,70.30078447971336,70.29754638671875,,,0.017671622253048396,,,,,,0.6747373342514038,-0.007832615196682517,,,,,,-0.007680214941501618,,-0.007680214941501617,-0.015915418043732643
110.394991,POS,,,,,,,,,,,,,,,,70.30015835638484,70.29709022752044,,,,,37.4275059,-122.1689048,,,0.6567879997655268,,,,9.495083808898926,,,,,,
110.494951,ATT,3,,0.07,0.15,90.14,0.0,0.0,0.05,,0.17,,,,90.13,,,,,,,,,,,,,,,,,,,,,,
110.494951,XKF1,,,,,,,,,,,,,,,,70.30111488365446,70.2978744506836,,,0.018565534195890708,,,,,,0.6749826669692993,-0.008022454011800215,,,,,,-0.007861332036554815,,-0.007861332036554813,-0.016818992793560028
110.494951,POS,,,,,,,,,,,,,,,,70.30015835638484,70.29709022752044,,,,,37.4275059,-122.1689048,,,0.6567879997655268,,,,9.44423770904541,,,,,,
110.594911,ATT,3,,0.07,0.15,90.14,0.0,0.0,0.06,,0.16,,,,90.13,,,,,,,,,,,,,,,,,,,,,,
110.594911,XKF1,,,,,,,,,,,,,,,,70.3015688394578,70.29832458496094,,,0.01910662625767956,,,,,,0.6753827333450317,-0.008107859934423036,,,,,,-0.007941275835037233,,-0.007941275835037231,-0.017378127202391624
110.594911,POS,,,,,,,,,,,,,,,,70.30015835638484,70.29709022752044,,,,,37.4275059,-122.1689048,,,0.6567879997655268,,,,9.393662452697754,,,,,,
110.69487099999999,ATT,3,,0.07,0.14,90.14,0.0,0.0,0.06,,0.15,,,,90.14,,,,,,,,,,,,,,,,,,,,,,
110.69487099999999,XKF1,,,,,,,,,,,,,,,,70.30177452413258,70.29853057861328,,,0.019741951534952226,,,,,,0.6753515601158142,-0.008395876400415562,,,,,,-0.008223843760788442,,-0.00822384376078844,-0.01794750802218914
110.69487099999999,POS,,,,,,,,,,,,,,,,70.30015835638484,70.29709022752044,,,,,37.4275059,-122.1689048,,,0.6567879997655268,,,,9.342151641845703,,,,,,
110.794831,ATT,3,,0.07,0.14,90.14,0.0,0.0,0.06,,0.14,,,,90.14,,,,,,,,,,,,,,,,,,,,,,
110.794831,XKF1,,,,,,,,,,,,,,,,70.30211971512979,70.29887390136719,,,0.02001231482372071,,,,,,0.6755476593971252,-0.008573727527998898,,,,,,-0.008399571292102339,,-0.008399571292102337,-0.018164249137043953
110.794831,POS,,,,,,,,,,,,,,,,70.30015835638484,70.29709022752044,,,,,37.4275059,-122.1689048,,,0.6567879997655268,,,,9.291454315185547,,,,,,
110.894791,ATT,3,,0.07,0.13,90.14,0.0,0.0,0.06,,0.13,,,,90.15,,,,,,,,,,,,,,,,,,,,,,
110.894791,XKF1,,,,,,,,,,,,,,,,70.30224032288777,70.29899597167969,,,0.020450339980669613,,,,,,0.6753960251808167,-0.008924914171671704,,,,,,-0.008747732266783716,,-0.008747732266783714,-0.01848495565354824
110.894791,POS,,,,,,,,,,,,,,,,70.30015835638484,70.29709022752044,,,,,37.4275059,-122.1689048,,,0.6567879997655268,,,,9.24035358428955,,,,,,
110.994751,ATT,3,,0.07,0.13,90.14,0.0,0.0,0.06,,0.13,,,,90.15,,,,,,,,,,,,,,,,,,,,,,
110.994751,XKF1,,,,,,,,,,,,,,,,70.3025009301299,70.29925537109375,,,0.020515689918875157,,,,,,0.6755229830741882,-0.009113316202780185,,,,,,-0.008936281315982344,,-0.008936281315982342,-0.018467171117663383
110.994751,POS,,,,,,,,,,,,,,,,70.30015835638484,70.29709022752044,,,,,37.4275059,-122.1689048,,,0.6567879997655268,,,,9.189730644226074,,,,,,
111.094711,ATT,3,,0.07,0.13,90.14,0.0,0.0,0.06,,0.12,,,,90.15,,,,,,,,,,,,,,,,,,,,,,
111.094711,XKF1,,,,,,,,,,,,,,,,70.3025525771041,70.29930877685547,,,0.020668929491905817,,,,,,0.6753401756286621,-0.009454808780893574,,,,,,-0.009277814067900183,,-0.00927781406790018,-0.018469618633389473
111.094711,POS,,,,,,,,,,,,,,,,70.30015835638484,70.29709022752044,,,,,37.4275059,-122.1689048,,,0.6567879997655268,,,,9.138749122619629,,,,,,
111.194671,ATT,3,,0.07,0.13,90.14,0.0,0.0,0.06,,0.12,,,,90.15,,,,,,,,,,,,,,,,,,,,,,
111.194671,XKF1,,,,,,,,,,,,,,,,70.30275225727699,70.29950714111328,,,0.020631550255811062,,,,,,0.6754781007766724,-0.009695675355120002,,,,,,-0.009520250372588636,,-0.009520250372588634,-0.018303707242012024
111.194671,POS,,,,,,,,,,,,,,,,70.30015835638484,70.29709022752044,,,,,37.4275059,-122.1689048,,,0.6567879997655268,,,,9.088234901428223,,,,,,
111.294631,ATT,3,,0.06,0.13,90.14,0.0,0.0,0.06,,0.12,,,,90.15,,,,,,,,,,,,,,,,,,,,,,
111.294631,XKF1,,,,,,,,,,,,,,,,70.30273530368046,70.29949188232422,,,0.020809501423646258,,,,,,0.6753016114234924,-0.010020402274092337,,,,,,-0.009844752028584482,,-0.00984475202858448,-0.018333472311496735
111.294631,POS,,,,,,,,,,,,,,,,70.30015835638484,70.29709022752044,,,,,37.4275059,-122.1689048,,,0.6567879997655268,,,,9.037368774414062,,,,,,
111.39459099999999,ATT,3,,0.06,0.13,90.14,0.0,0.0,0.06,,0.12,,,,90.15,,,,,,,,,,,,,,,,,,,,,,
111.39459099999999,XKF1,,,,,,,,,,,,,,,,70.30285086216455,70.29960632324219,,,0.020781597911252718,,,,,,0.675418496131897,-0.010223976170134179,,,,,,-0.010049683041870596,,-0.010049683041870594,-0.01819007098674774
111.39459099999999,POS,,,,,,,,,,,,,,,,70.30015835638484,70.29709022752044,,,,,37.4275059,-122.1689048,,,0.6567879997655268,,,,8.986896514892578,,,,,,
111.494551,ATT,3,,0.06,0.13,90.14,0.0,0.0,0.06,,0.12,,,,90.15,,,,,,,,,,,,,,,,,,,,,,
111.494551,XKF1,,,,,,,,,,,,,,,,70.30276511623774,70.29952239990234,,,0.020919345094562388,,,,,,0.6752283573150635,-0.010541784605254801,,,,,,-0.010367752984166147,,-0.010367752984166145,-0.018169444054365158
111.494551,POS,,,,,,,,,,,,,,,,70.30015835638484,70.29709022752044,,,,,37.4275059,-122.1689048,,,0.6567879997655268,,,,8.936056137084961,,,,,,
111.594511,ATT,3,,0.05,0.13,90.14,0.0,0.0,0.05,,0.12,,,,90.14,,,,,,,,,,,,,,,,,,,,,,
111.594511,XKF1,,,,,,,,,,,,,,,,70.30284246869542,70.29959869384766,,,0.0208360149276043,,,,,,0.6753389239311218,-0.010579428920035296,,,,,,-0.010406507179141046,,-0.010406507179141045,-0.018051153048872948
111.594511,POS,,,,,,,,,,,,,,,,70.30015835638484,70.29709022752044,,,,,37.4275059,-122.1689048,,,0.6567879997655268,,,,8.885634422302246,,,,,,
111.694471,ATT,3,,0.05,0.13,90.14,0.0,0.0,0.05,,0.12,,,,90.14,,,,,,,,,,,,,,,,,,,,,,
111.694471,XKF1,,,,,,,,,,,,,,,,70.30274140937372,70.29949951171875,,,0.02094710444339288,,,,,,0.6751430034637451,-0.0106539557205288,,,,,,-0.010480264201760294,,-0.010480264201760292,-0.018136847764253616
111.694471,POS,,,,,,,,,,,,,,,,70.30015835638484,70.29709022752044,,,,,37.4275059,-122.1689048,,,0.6567879997655268,,,,8.83484172821045,,,,,,
111.794431,ATT,3,,0.05,0.13,90.14,0.0,0.0,0.05,,0.12,,,,90.14,,,,,,,,,,,,,,,,,,,,,,
111.794431,XKF1,,,,,,,,,,,,,,,,70.30282636784112,70.2995834350586,,,0.020784039625483797,,,,,,0.6752511858940125,-0.010717743547872173,,,,,,-0.010546210221946241,,-0.01054621022194624,-0.017909599468111992
111.794431,POS,,,,,,,,,,,,,,,,70.30015835638484,70.29709022752044,,,,,37.4275059,-122.1689048,,,0.6567879997655268,,,,8.784468650817871,,,,,,
111.894391,ATT,3,,0.05,0.13,90.14,0.0,0.0,0.04,,0.12,,,,90.14,,,,,,,,,,,,,,,,,,,,,,
111.894391,XKF1,,,,,,,,,,,,,,,,70.30253152830093,70.2992935180664,,,0.02113329512390075,,,,,,0.6747370958328247,-0.01095579049060304,,,,,,-0.010781840421259405,,-0.010781840421259403,-0.01817603036761284
111.894391,POS,,,,,,,,,,,,,,,,70.30015835638484,70.29709022752044,,,,,37.4275059,-122.1689048,,,0.6567879997655268,,,,8.733341217041016,,,,,,
111.994351,ATT,3,,0.04,0.13,90.14,0.0,0.0,0.04,,0.12,,,,90.14,,,,,,,,,,,,,,,,,,,,,,
111.994351,XKF1,,,,,,,,,,,,,,,,70.30267867377624,70.2994384765625,,,0.020857847981988007,,,,,,0.6749656200408936,-0.01084059555457793,,,,,,-0.010669014416635038,,-0.010669014416635036,-0.017922665923833847
111.994351,POS,,,,,,,,,,,,,,,,70.30015835638484,70.29709022752044,,,,,37.4275059,-122.1689048,,,0.6567879997655268,,,,8.683135986328125,,,,,,
112.094311,ATT,3,,0.04,0.13,90.14,0.0,0.0,0.04,,0.12,,,,90.14,,,,,,,,,,,,,,,,,,,,,,
112.094311,XKF1,,,,,,,,,,,,,,,,70.30244573501754,70.29920959472656,,,0.0210784077803219,,,,,,0.6745418310165405,-0.010938128093967055,,,,,,-0.01076474227011204,,-0.010764742270112038,-0.018122350797057152
112.094311,POS,,,,,,,,,,,,,,,,70.30015835638484,70.29709022752044,,,,,37.4275059,-122.1689048,,,0.6567879997655268,,,,8.632140159606934,,,,,,
112.194271,ATT,3,,0.05,0.13,90.14,0.0,0.0,0.04,,0.12,,,,90.14,,,,,,,,,,,,,,,,,,,,,,
112.194271,XKF1,,,,,,,,,,,,,,,,70.30297498480444,70.29973602294922,,,0.02062787529921685,,,,,,0.6748383641242981,-0.010585029806433274,,,,,,-0.010414591990411283,,-0.010414591990411282,-0.01780577190220356
112.194271,POS,,,,,,,,,,,,,,,,70.30015835638484,70.29709022752044,,,,,37.4275059,-122.1689048,,,0.6567879997655268,,,,8.582016944885254,,,,,,
112.294231,ATT,3,,0.05,0.13,90.14,0.0,0.0,0.05,,0.12,,,,90.14,,,,,,,,,,,,,,,,,,,,,,
112.294231,XKF1,,,,,,,,,,,,,,,,70.30303255545508,70.29979705810547,,,0.020833184426888956,,,,,,0.6744776368141174,-0.010672977801254875,,,,,,-0.01050083711743355,,-0.010500837117433548,-0.01799316518008709
112.294231,POS,,,,,,,,,,,,,,,,70.30015835638484,70.29709022752044,,,,,37.4275059,-122.1689048,,,0.6567879997655268,,,,8.531102180480957,,,,,,
112.39419099999999,ATT,3,,0.05,0.14,90.14,0.0,0.0,0.05,,0.13,,,,90.14,,,,,,,,,,,,,,,,,,,,,,
112.39419099999999,XKF1,,,,,,,,,,,,,,,,70.30376045584758,70.30052185058594,,,0.020516491118322856,,,,,,0.6748049855232239,-0.010278457716476723,,,,,,-0.010107553564012052,,-0.01010755356401205,-0.017853956669569016
112.39419099999999,POS,,,,,,,,,,,,,,,,70.30015835638484,70.29709022752044,,,,,37.4275059,-122.1689048,,,0.6567879997655268,,,,8.481074333190918,,,,,,
112.494984,ATT,3,,0.06,0.14,90.14,0.0,0.0,0.05,,0.13,,,,90.14,,,,,,,,,,,,,,,,,,,,,,
112.494984,XKF1,,,,,,,,,,,,,,,,70.30410956992299,70.30087280273438,,,0.02073427525912733,,,,,,0.6746151447296143,-0.010314761867145002,,,,,,-0.010141693986952307,,-0.010141693986952305,-0.0180846955627203
112.494984,POS,,,,,,,,,,,,,,,,70.30015835638484,70.29709022752044,,,,,37.4275059,-122.1689048,,,0.6567879997655268,,,,8.430463790893555,,,,,,
112.594944,ATT,3,,0.07,0.14,90.14,0.0,0.0,0.06,,0.13,,,,90.14,,,,,,,,,,,,,,,,,,,,,,
112.594944,XKF1,,,,,,,,,,,,,,,,70.30483683175883,70.30159759521484,,,0.020589546039548913,,,,,,0.6748759150505066,-0.010169107790458737,,,,,,-0.009996782988309862,,-0.00999678298830986,-0.01799982599914074
112.594944,POS,,,,,,,,,,,,,,,,70.30015835638484,70.29709022752044,,,,,37.4275059,-122.1689048,,,0.6567879997655268,,,,8.380425453186035,,,,,,
112.694904,ATT,3,,0.07,0.13,90.14,0.0,0.0,0.06,,0.13,,,,90.14,,,,,,,,,,,,,,,,,,,,,,
112.694904,XKF1,,,,,,,,,,,,,,,,70.30516250315166,70.30192565917969,,,0.020920505898524587,,,,,,0.6746281981468201,-0.010358594574930992,,,,,,-0.01018370594829321,,-0.010183705948293209,-0.018274564296007156
112.694904,POS,,,,,,,,,,,,,,,,70.30015835638484,70.29709022752044,,,,,37.4275059,-122.1689048,,,0.6567879997655268,,,,8.329800605773926,,,,,,
112.794864,ATT,3,,0.08,0.13,90.14,0.0,0.0,0.07,,0.13,,,,90.14,,,,,,,,,,,,,,,,,,,,,,
112.794864,XKF1,,,,,,,,,,,,,,,,70.30582817882225,70.3025894165039,,,0.020913871219551954,,,,,,0.6748312711715698,-0.010375750576489132,,,,,,-0.010200977325439455,,-0.010200977325439453,-0.018257329240441322
112.794864,POS,,,,,,,,,,,,,,,,70.30015835638484,70.29709022752044,,,,,37.4275059,-122.1689048,,,0.6567879997655268,,,,8.279267311096191,,,,,,
112.894824,ATT,3,,0.08,0.13,90.14,0.0,0.0,0.07,,0.13,,,,90.14,,,,,,,,,,,,,,,,,,,,,,
112.894824,XKF1,,,,,,,,,,,,,,,,70.30608486704456,70.30284881591797,,,0.021210067156716667,,,,,,0.6745499968528748,-0.010675307750734114,,,,,,-0.010498971678316595,,-0.010498971678316593,-0.018429284915328026
112.894824,POS,,,,,,,,,,,,,,,,70.30015835638484,70.29709022752044,,,,,37.4275059,-122.1689048,,,0.6567879997655268,,,,8.228580474853516,,,,,,
112.994784,ATT,3,,0.08,0.13,90.14,0.0,0.0,0.07,,0.12,,,,90.14,,,,,,,,,,,,,,,,,,,,,,
112.994784,XKF1,,,,,,,,,,,,,,,,70.30666669850693,70.30342864990234,,,0.02116321071118485,,,,,,0.6747609376907349,-0.0108523315923409,,,,,,-0.010677457787096502,,-0.0106774577870965,-0.01827220246195793
112.994784,POS,,,,,,,,,,,,,,,,70.30015835638484,70.29709022752044,,,,,37.4275059,-122.1689048,,,0.6567879997655268,,,,8.178455352783203,,,,,,
113.09474399999999,ATT,3,,0.08,0.13,90.14,0.0,0.0,0.07,,0.12,,,,90.14,,,,,,,,,,,,,,,,,,,,,,
113.09474399999999,XKF1,,,,,,,,,,,,,,,,70.30683179678226,70.30359649658203,,,0.021481836783936753,,,,,,0.6744753122329712,-0.011244940483720052,,,,,,-0.011068831197917463,,-0.011068831197917461,-0.01841060258448124
113.09474399999999,POS,,,,,,,,,,,,,,,,70.30015835638484,70.29709022752044,,,,,37.4275059,-122.1689048,,,0.6567879997655268,,,,8.127803802490234,,,,,,
113.194704,ATT,3,,0.08,0.13,90.14,0.0,0.0,0.07,,0.12,,,,90.14,,,,,,,,,,,,,,,,,,,,,,
113.194704,XKF1,,,,,,,,,,,,,,,,70.30729126360264,70.3040542602539,,,0.021443395540776764,,,,,,0.674655020236969,-0.011425090229273216,,,,,,-0.011250436305999758,,-0.011250436305999756,-0.018255051225423813
113.194704,POS,,,,,,,,,,,,,,,,70.30015835638484,70.29709022752044,,,,,37.4275059,-122.1689048,,,0.6567879997655268,,,,8.077699661254883,,,,,,
113.294664,ATT,3,,0.08,0.13,90.14,0.0,0.0,0.07,,0.12,,,,90.14,,,,,,,,,,,,,,,,,,,,,,
113.294664,XKF1,,,,,,,,,,,,,,,,70.30734933962177,70.30411529541016,,,0.021721410439730724,,,,,,0.6743468642234802,-0.011789809168506513,,,,,,-0.011614287272095682,,-0.01161428727209568,-0.01835559867322445
113.294664,POS,,,,,,,,,,,,,,,,70.30015835638484,70.29709022752044,,,,,37.4275059,-122.1689048,,,0.6567879997655268,,,,8.02706241607666,,,,,,
113.394624,ATT,3,,0.08,0.13,90.14,0.0,0.0,0.07,,0.11,,,,90.14,,,,,,,,,,,,,,,,,,,,,,
113.394624,XKF1,,,,,,,,,,,,,,,,70.30772487462332,70.30448913574219,,,0.02153244977054228,,,,,,0.6745253205299377,-0.01182295388689795,,,,,,-0.011649755761027338,,-0.011649755761027336,-0.018108826130628586
113.394624,POS,,,,,,,,,,,,,,,,70.30015835638484,70.29709022752044,,,,,37.4275059,-122.1689048,,,0.6567879997655268,,,,7.976935386657715,,,,,,
113.494584,ATT,3,,0.08,0.13,90.14,0.0,0.0,0.07,,0.12,,,,90.14,,,,,,,,,,,,,,,,,,,,,,
113.494584,XKF1,,,,,,,,,,,,,,,,70.307714409298,70.30448150634766,,,0.021765174395497876,,,,,,0.674229621887207,-0.012198257432325587,,,,,,-0.012024835683405401,,-0.0120248356834054,-0.018141834065318108
113.494584,POS,,,,,,,,,,,,,,,,70.30899814869302,70.3059304055944,,,,,37.4275059,-122.1689047,,,0.6567879997655268,,,,7.9262800216674805,,,,,,
113.594544,ATT,3,,0.08,0.13,90.14,0.0,0.0,0.07,,0.12,,,,90.14,,,,,,,,,,,,,,,,,,,,,,
113.594544,XKF1,,,,,,,,,,,,,,,,70.30799852812176,70.30476379394531,,,0.02165809157806073,,,,,,0.6744219064712524,-0.012342246184000798,,,,,,-0.01217096019536257,,-0.012170960195362568,-0.017914816737174988
113.594544,POS,,,,,,,,,,,,,,,,70.30899814869302,70.3059304055944,,,,,37.4275059,-122.1689047,,,0.6567879997655268,,,,7.8761091232299805,,,,,,
113.694504,ATT,3,,0.08,0.13,90.14,0.0,0.0,0.07,,0.12,,,,90.14,,,,,,,,,,,,,,,,,,,,,,
113.694504,XKF1,,,,,,,,,,,,,,,,70.30790424605976,70.30467224121094,,,0.021902452169698848,,,,,,0.6741368770599365,-0.012680671397218539,,,,,,-0.01250885706394911,,-0.012508857063949108,-0.01797904074192047
113.694504,POS,,,,,,,,,,,,,,,,70.30899814869302,70.3059304055944,,,,,37.4275059,-122.1689047,,,0.6567879997655268,,,,7.825427532196045,,,,,,
113.794464,ATT,3,,0.08,0.13,90.14,0.0,0.0,0.06,,0.12,,,,90.14,,,,,,,,,,,,,,,,,,,,,,
113.794464,XKF1,,,,,,,,,,,,,,,,70.30812741174243,70.30489349365234,,,0.0218040048940065,,,,,,0.6743374466896057,-0.012765829351511163,,,,,,-0.012595706619322302,,-0.0125957066193223,-0.01779783144593239
113.794464,POS,,,,,,,,,,,,,,,,70.30899814869302,70.3059304055944,,,,,37.4275059,-122.1689047,,,0.6567879997655268,,,,7.7752685546875,,,,,,
113.894424,ATT,3,,0.08,0.13,90.14,0.0,0.0,0.06,,0.12,,,,90.14,,,,,,,,,,,,,,,,,,,,,,
113.894424,XKF1,,,,,,,,,,,,,,,,70.30799503852265,70.30476379394531,,,0.022065219565582644,,,,,,0.6740580201148987,-0.013055514188704357,,,,,,-0.012884372845292093,,-0.012884372845292091,-0.01791275665163994
113.894424,POS,,,,,,,,,,,,,,,,70.30899814869302,70.3059304055944,,,,,37.4275059,-122.1689047,,,0.6567879997655268,,,,7.7246246337890625,,,,,,
113.994384,ATT,3,,0.08,0.13,90.14,0.0,0.0,0.07,,0.12,,,,90.14,,,,,,,,,,,,,,,,,,,,,,
113.994384,XKF1,,,,,,,,,,,,,,,,70.30818772496036,70.3049545288086,,,0.021930472155047093,,,,,,0.6742624640464783,-0.01309187878943211,,,,,,-0.012922548688948156,,-0.012922548688948154,-0.017718728631734848
113.994384,POS,,,,,,,,,,,,,,,,70.30899814869302,70.3059304055944,,,,,37.4275059,-122.1689047,,,0.6567879997655268,,,,7.674473285675049,,,,,,
114.09434399999999,ATT,3,,0.07,0.13,90.14,0.0,0.0,0.07,,0.12,,,,90.14,,,,,,,,,,,,,,,,,,,,,,
114.09434399999999,XKF1,,,,,,,,,,,,,,,,70.3079012491834,70.30467224121094,,,0.022291399588395162,,,,,,0.6738242506980896,-0.013447527735346375,,,,,,-0.013276523910462858,,-0.013276523910462856,-0.01790643483400345
114.09434399999999,POS,,,,,,,,,,,,,,,,70.30899814869302,70.3059304055944,,,,,37.4275059,-122.1689047,,,0.6567879997655268,,,,7.623671531677246,,,,,,
114.194304,ATT,3,,0.07,0.13,90.14,0.0,0.0,0.07,,0.11,,,,90.14,,,,,,,,,,,,,,,,,,,,,,
114.194304,XKF1,,,,,,,,,,,,,,,,70.30809456753961,70.30486297607422,,,0.022117262680867958,,,,,,0.6740946769714355,-0.013425545350371632,,,,,,-0.013256411068141462,,-0.01325641106814146,-0.01770426146686077
114.194304,POS,,,,,,,,,,,,,,,,70.30899814869302,70.3059304055944,,,,,37.4275059,-122.1689047,,,0.6567879997655268,,,,7.573550224304199,,,,,,
114.294264,ATT,3,,0.07,0.13,90.14,0.0,0.0,0.07,,0.11,,,,90.14,,,,,,,,,,,,,,,,,,,,,,
114.294264,XKF1,,,,,,,,,,,,,,,,70.3077933081703,70.3045654296875,,,0.022424215396619502,,,,,,0.6737058758735657,-0.013743471760429992,,,,,,-0.013573053292930128,,-0.013573053292930126,-0.017849864438176155
114.294264,POS,,,,,,,,,,,,,,,,70.30899814869302,70.3059304055944,,,,,37.4275059,-122.1689047,,,0.6567879997655268,,,,7.522803783416748,,,,,,
114.394224,ATT,3,,0.07,0.12,90.14,0.0,0.0,0.07,,0.11,,,,90.14,,,,,,,,,,,,,,,,,,,,,,
114.394224,XKF1,,,,,,,,,,,,,,,,70.3079794141504,70.30474853515625,,,0.022150795866986362,,,,,,0.6740198135375977,-0.013735872545113824,,,,,,-0.013568647205829622,,-0.01356864720582962,-0.017508557066321373
114.394224,POS,,,,,,,,,,,,,,,,70.30899814869302,70.3059304055944,,,,,37.4275059,-122.1689047,,,0.6567879997655268,,,,7.472732067108154,,,,,,
114.494184,ATT,3,,0.07,0.12,90.14,0.0,0.0,0.06,,0.11,,,,90.14,,,,,,,,,,,,,,,,,,,,,,
114.494184,XKF1,,,,,,,,,,,,,,,,70.30766337682518,70.30443572998047,,,0.02234777316687705,,,,,,0.6736810803413391,-0.01403773374013401,,,,,,-0.01387047301977873,,-0.013870473019778728,-0.017522355541586876
114.494184,POS,,,,,,,,,,,,,,,,70.30899814869302,70.3059304055944,,,,,37.4275059,-122.1689047,,,0.6567879997655268,,,,7.422041893005371,,,,,,
114.594977,ATT,3,,0.07,0.13,90.14,0.0,0.0,0.06,,0.11,,,,90.14,,,,,,,,,,,,,,,,,,,,,,
114.594977,XKF1,,,,,,,,,,,,,,,,70.30784990668633,70.30461883544922,,,0.021964263872493013,,,,,,0.6740392446517944,-0.013901591912698944,,,,,,-0.013737925328314306,,-0.013737925328314304,-0.01713762804865837
114.594977,POS,,,,,,,,,,,,,,,,70.30899814869302,70.3059304055944,,,,,37.4275059,-122.1689047,,,0.6567879997655268,,,,7.371978282928467,,,,,,
114.694937,ATT,3,,0.07,0.13,90.14,0.0,0.0,0.06,,0.12,,,,90.14,,,,,,,,,,,,,,,,,,,,,,
114.694937,XKF1,,,,,,,,,,,,,,,,70.30767315137419,70.304443359375,,,0.022080422739806975,,,,,,0.6739049553871155,-0.01405388964442271,,,,,,-0.013890006579458715,,-0.013890006579458714,-0.017164288088679314
114.694937,POS,,,,,,,,,,,,,,,,70.30899814869302,70.3059304055944,,,,,37.4275059,-122.1689047,,,0.6567879997655268,,,,7.321450233459473,,,,,,
114.79489699999999,ATT,3,,0.07,0.14,90.14,0.0,0.0,0.06,,0.12,,,,90.14,,,,,,,,,,,,,,,,,,,,,,
114.79489699999999,XKF1,,,,,,,,,,,,,,,,70.30782143769058,70.3045883178711,,,0.021823847136636574,,,,,,0.6742527484893799,-0.013987694681793077,,,,,,-0.013826400972902777,,-0.013826400972902775,-0.01688522845506668
114.79489699999999,POS,,,,,,,,,,,,,,,,70.30899814869302,70.3059304055944,,,,,37.4275059,-122.1689047,,,0.6567879997655268,,,,7.271359443664551,,,,,,
114.894857,ATT,3,,0.07,0.14,90.14,0.0,0.0,0.06,,0.12,,,,90.14,,,,,,,,,,,,,,,,,,,,,,
114.894857,XKF1,,,,,,,,,,,,,,,,70.30760627215835,70.30437469482422,,,0.022049600237487622,,,,,,0.6740908622741699,-0.014093079449404355,,,,,,-0.013929843902587892,,-0.01392984390258789,-0.017092229798436165
114.894857,POS,,,,,,,,,,,,,,,,70.30899814869302,70.3059304055944,,,,,37.4275059,-122.1689047,,,0.6567879997655268,,,,7.220383167266846,,,,,,
114.994817,ATT,3,,0.07,0.14,90.14,0.0,0.0,0.05,,0.12,,,,90.14,,,,,,,,,,,,,,,,,,,,,,
114.994817,XKF1,,,,,,,,,,,,,,,,70.30775421977299,70.30451965332031,,,0.021882750914156337,,,,,,0.6744032502174377,-0.013934724784010115,,,,,,-0.013772240839898588,,-0.013772240839898586,-0.017005298286676407
114.994817,POS,,,,,,,,,,,,,,,,70.30899814869302,70.3059304055944,,,,,37.4275059,-122.1689047,,,0.6567879997655268,,,,7.170257568359375,,,,,,
115.094777,ATT,3,,0.06,0.13,90.14,0.0,0.0,0.06,,0.12,,,,90.14,,,,,,,,,,,,,,,,,,,,,,
115.094777,XKF1,,,,,,,,,,,,,,,,70.30754646002002,70.30431365966797,,,0.022107972349140935,,,,,,0.6742181181907654,-0.014048129032181807,,,,,,-0.013883781619369985,,-0.013883781619369984,-0.017204739153385162
115.094777,POS,,,,,,,,,,,,,,,,70.30899814869302,70.3059304055944,,,,,37.4275059,-122.1689047,,,0.6567879997655268,,,,7.119713306427002,,,,,,
115.194737,ATT,3,,0.06,0.13,90.14,0.0,0.0,0.06,,0.12,,,,90.14,,,,,,,,,,,,,,,,,,,,,,
115.194737,XKF1,,,,,,,,,,,,,,,,70.30769416517023,70.30445861816406,,,0.021970455747474093,,,,,,0.6745051741600037,-0.013961613466819435,,,,,,-0.013798225671052934,,-0.013798225671052933,-0.017097072675824165
115.194737,POS,,,,,,,,,,,,,,,,70.30899814869302,70.3059304055944,,,,,37.4275059,-122.1689047,,,0.6567879997655268,,,,7.0695929527282715,,,,,,
115.294697,ATT,3,,0.06,0.13,90.14,0.0,0.0,0.06,,0.12,,,,90.14,,,,,,,,,,,,,,,,,,,,,,
115.294697,XKF1,,,,,,,,,,,,,,,,70.30747854229823,70.30424499511719,,,0.022200284205590917,,,,,,0.6742956638336182,-0.01409764692632979,,,,,,-0.013932522386312486,,-0.013932522386312485,-0.017284022644162178
115.294697,POS,,,,,,,,,,,,,,,,70.30899814869302,70.3059304055944,,,,,37.4275059,-122.1689047,,,0.6567879997655268,,,,7.019054412841797,,,,,,
115.394657,ATT,3,,0.06,0.13,90.14,0.0,0.0,0.06,,0.12,,,,90.14,,,,,,,,,,,,,,,,,,,,,,
115.394657,XKF1,,,,,,,,,,,,,,,,70.30762574738131,70.30438995361328,,,0.022064026464347592,,,,,,0.674530565738678,-0.013955764149806949,,,,,,-0.013791163451969625,,-0.013791163451969624,-0.017222806811332703
115.394657,POS,,,,,,,,,,,,,,,,70.30899814869302,70.3059304055944,,,,,37.4275059,-122.1689047,,,0.6567879997655268,,,,6.96891975402832,,,,,,
115.494617,ATT,3,,0.06,0.13,90.14,0.0,0.0,0.05,,0.12,,,,90.14,,,,,,,,,,,,,,,,,,,,,,
115.494617,XKF1,,,,,,,,,,,,,,,,70.30741730758855,70.30418395996094,,,0.022343714589705837,,,,,,0.6742745637893677,-0.014081995682140068,,,,,,-0.01391497813165188,,-0.013914978131651878,-0.0174818467348814
115.494617,POS,,,,,,,,,,,,,,,,70.30899814869302,70.3059304055944,,,,,37.4275059,-122.1689047,,,0.6567879997655268,,,,6.918369293212891,,,,,,
115.594577,ATT,3,,0.06,0.13,90.14,0.0,0.0,0.05,,0.12,,,,90.14,,,,,,,,,,,,,,,,,,,,,,
115.594577,XKF1,,,,,,,,,,,,,,,,70.30756415464852,70.30432891845703,,,0.022178082373667907,,,,,,0.6744721531867981,-0.013893075695155369,,,,,,-0.013726596720516683,,-0.013726596720516682,-0.017419755458831787
115.594577,POS,,,,,,,,,,,,,,,,70.30899814869302,70.3059304055944,,,,,37.4275059,-122.1689047,,,0.6567879997655268,,,,6.868220806121826,,,,,,
115.694537,ATT,3,,0.06,0.13,90.14,0.0,0.0,0.05,,0.12,,,,90.14,,,,,,,,,,,,,,,,,,,,,,
115.694537,XKF1,,,,,,,,,,,,,,,,70.30737068108041,70.30413818359375,,,0.022385344006274118,,,,,,0.6741856932640076,-0.013897204665043027,,,,,,-0.013728285208344461,,-0.01372828520834446,-0.01768156699836254
115.694537,POS,,,,,,,,,,,,,,,,70.30899814869302,70.3059304055944,,,,,37.4275059,-122.1689047,,,0.6567879997655268,,,,6.817694664001465,,,,,,
115.79449699999999,ATT,3,,0.06,0.13,90.14,0.0,0.0,0.05,,0.12,,,,90.14,,,,,,,,,,,,,,,,,,,,,,
115.79449699999999,XKF1,,,,,,,,,,,,,,,,70.30754792057706,70.30431365966797,,,0.022178598413626557,,,,,,0.6743704080581665,-0.013674852884249179,,,,,,-0.013506742194294931,,-0.01350674219429493,-0.01759142242372036
115.79449699999999,POS,,,,,,,,,,,,,,,,70.30899814869302,70.3059304055944,,,,,37.4275059,-122.1689047,,,0.6567879997655268,,,,6.7675557136535645,,,,,,
115.894457,ATT,3,,0.06,0.13,90.14,0.0,0.0,0.05,,0.12,,,,90.14,,,,,,,,,,,,,,,,,,,,,,
115.894457,XKF1,,,,,,,,,,,,,,,,70.30736965293296,70.30413818359375,,,0.022316833217392463,,,,,,0.6740784645080566,-0.01370934069796139,,,,,,-0.013539877720177175,,-0.013539877720177174,-0.017740145325660706
115.894457,POS,,,,,,,,,,,,,,,,70.30899814869302,70.3059304055944,,,,,37.4275059,-122.1689047,,,0.6567879997655268,,,,6.717040061950684,,,,,,
115.994417,ATT,3,,0.06,0.13,90.14,0.0,0.0,0.05,,0.12,,,,90.14,,,,,,,,,,,,,,,,,,,,,,
115.994417,XKF1,,,,,,,,,,,,,,,,70.30755460007822,70.3043212890625,,,0.021998066117790552,,,,,,0.6742714047431946,-0.013431828648687479,,,,,,-0.013264135457575323,,-0.013264135457575321,-0.017549291253089905
115.994417,POS,,,,,,,,,,,,,,,,70.30899814869302,70.3059304055944,,,,,37.4275059,-122.1689047,,,0.6567879997655268,,,,6.666902542114258,,,,,,
116.094377,ATT,3,,0.06,0.13,90.14,0.0,0.0,0.05,,0.12,,,,90.14,,,,,,,,,,,,,,,,,,,,,,
116.094377,XKF1,,,,,,,,,,,,,,,,70.3072757218333,70.30404663085938,,,0.02226382812829119,,,,,,0.6738299131393433,-0.013598632751982427,,,,,,-0.01342905778437853,,-0.013429057784378529,-0.017757771536707878
116.094377,POS,,,,,,,,,,,,,,,,70.30899814869302,70.3059304055944,,,,,37.4275059,-122.1689047,,,0.6567879997655268,,,,6.616274356842041,,,,,,
116.194337,ATT,3,,0.06,0.13,90.14,0.0,0.0,0.05,,0.12,,,,90.14,,,,,,,,,,,,,,,,,,,,,,
116.194337,XKF1,,,,,,,,,,,,,,,,70.30754524152192,70.30431365966797,,,0.0219060867554854,,,,,,0.6740910410881042,-0.01334871579837218,,,,,,-0.013181570917367937,,-0.013181570917367935,-0.017496366053819656
116.194337,POS,,,,,,,,,,,,,,,,70.30899814869302,70.3059304055944,,,,,37.4275059,-122.1689047,,,0.6567879997655268,,,,6.5662312507629395,,,,,,
116.294297,ATT,3,,0.06,0.13,90.14,0.0,0.0,0.05,,0.12,,,,90.14,,,,,,,,,,,,,,,,,,,,,,
116.294297,XKF1,,,,,,,,,,,,,,,,70.30733556722826,70.30410766601562,,,0.022137159637099873,,,,,,0.6737060546875,-0.013415964002471758,,,,,,-0.013246616348624231,,-0.01324661634862423,-0.01773643121123314
116.294297,POS,,,,,,,,,,,,,,,,70.30899814869302,70.3059304055944,,,,,37.4275059,-122.1689047,,,0.6567879997655268,,,,6.5156941413879395,,,,,,
116.394257,ATT,3,,0.06,0.13,90.14,0.0,0.0,0.05,,0.12,,,,90.14,,,,,,,,,,,,,,,,,,,,,,
116.394257,XKF1,,,,,,,,,,,,,,,,70.30765124183718,70.3044204711914,,,0.021794775214507973,,,,,,0.6740069389343262,-0.013189966551859245,,,,,,-0.013023030012845995,,-0.013023030012845993,-0.017476066946983337
116.394257,POS,,,,,,,,,,,,,,,,70.30899814869302,70.3059304055944,,,,,37.4275059,-122.1689047,,,0.6567879997655268,,,,6.465669631958008,,,,,,
116.49421699999999,ATT,3,,0.06,0.13,90.14,0.0,0.0,0.05,,0.11,,,,90.14,,,,,,,,,,,,,,,,,,,,,,
116.49421699999999,XKF1,,,,,,,,,,,,,,,,70.30747238572042,70.30424499511719,,,0.02196043522228604,,,,,,0.6736534237861633,-0.013249917013083378,,,,,,-0.013081508688628675,,-0.013081508688628674,-0.01763901486992836
116.49421699999999,POS,,,,,,,,,,,,,,,,70.30899814869302,70.3059304055944,,,,,37.4275059,-122.1689047,,,0.6567879997655268,,,,6.415150165557861,,,,,,
116.594177,ATT,3,,0.07,0.13,90.14,0.0,0.0,0.06,,0.12,,,,90.14,,,,,,,,,,,,,,,,,,,,,,
116.594177,XKF1,,,,,,,,,,,,,,,,70.30781121748996,70.30458068847656,,,0.021604719934652725,,,,,,0.6739825010299683,-0.012992970693872513,,,,,,-0.012826905585825445,,-0.012826905585825443,-0.017384890466928482
116.594177,POS,,,,,,,,,,,,,,,,70.30899814869302,70.3059304055944,,,,,37.4275059,-122.1689047,,,0.6567879997655268,,,,6.365086555480957,,,,,,
116.69497,ATT,3,,0.07,0.13,90.14,0.0,0.0,0.06,,0.12,,,,90.14,,,,,,,,,,,,,,,,,,,,,,
116.69497,XKF1,,,,,,,,,,,,,,,,70.30777141890663,70.3045425415039,,,0.021749388422090038,,,,,,0.6738100051879883,-0.013091065564594688,,,,,,-0.012924010865390302,,-0.0129240108653903,-0.017493022605776787
116.69497,POS,,,,,,,,,,,,,,,,70.30899814869302,70.3059304055944,,,,,37.4275059,-122.1689047,,,0.6567879997655268,,,,6.314669132232666,,,,,,
116.79493,ATT,3,,0.07,0.14,90.14,0.0,0.0,0.06,,0.12,,,,90.14,,,,,,,,,,,,,,,,,,,,,,
116.79493,XKF1,,,,,,,,,,,,,,,,70.30805637374527,70.30482482910156,,,0.021558888874505803,,,,,,0.6740896105766296,-0.012989995025499529,,,,,,-0.012824432924389841,,-0.01282443292438984,-0.017329731956124306
116.79493,POS,,,,,,,,,,,,,,,,70.30899814869302,70.3059304055944,,,,,37.4275059,-122.1689047,,,0.6567879997655268,,,,6.264594078063965,,,,,,
116.89489,ATT,3,,0.07,0.14,90.14,0.0,0.0,0.06,,0.12,,,,90.14,,,,,,,,,,,,,,,,,,,,,,
116.89489,XKF1,,,,,,,,,,,,,,,,70.30796276197123,70.30473327636719,,,0.021807336964983423,,,,,,0.6738743782043457,-0.013198355898952213,,,,,,-0.01303136255592108,,-0.013031362555921078,-0.017485523596405983
116.89489,POS,,,,,,,,,,,,,,,,70.30899814869302,70.3059304055944,,,,,37.4275059,-122.1689047,,,0.6567879997655268,,,,6.214195251464844,,,,,,
116.99485,ATT,3,,0.07,0.14,90.14,0.0,0.0,0.06,,0.12,,,,90.14,,,,,,,,,,,,,,,,,,,,,,
116.99485,XKF1,,,,,,,,,,,,,,,,70.30818618121408,70.3049545288086,,,0.021740934589760886,,,,,,0.6741014719009399,-0.013160539041848664,,,,,,-0.012994015589356424,,-0.012994015589356422,-0.017430542036890984
116.99485,POS,,,,,,,,,,,,,,,,70.30899814869302,70.3059304055944,,,,,37.4275059,-122.1689047,,,0.6567879997655268,,,,6.163740158081055,,,,,,
117.09481,ATT,3,,0.07,0.13,90.14,0.0,0.0,0.06,,0.12,,,,90.14,,,,,,,,,,,,,,,,,,,,,,
117.09481,XKF1,,,,,,,,,,,,,,,,70.30805410598293,70.30482482910156,,,0.022049643089641573,,,,,,0.6738530397415161,-0.013405772766997556,,,,,,-0.013237371109426023,,-0.013237371109426022,-0.01763402298092842
117.09481,POS,,,,,,,,,,,,,,,,70.30899814869302,70.3059304055944,,,,,37.4275059,-122.1689047,,,0.6567879997655268,,,,6.113347053527832,,,,,,
117.19476999999999,ATT,3,,0.07,0.13,90.14,0.0,0.0,0.06,,0.12,,,,90.14,,,,,,,,,,,,,,,,,,,,,,
117.19476999999999,XKF1,,,,,,,,,,,,,,,,70.3082545700198,70.30502319335938,,,0.021962370626481237,,,,,,0.6740730404853821,-0.013408805083309392,,,,,,-0.013241426087915899,,-0.013241426087915897,-0.017521711066365242
117.19476999999999,POS,,,,,,,,,,,,,,,,70.30899814869302,70.3059304055944,,,,,37.4275059,-122.1689047,,,0.6567879997655268,,,,6.063276290893555,,,,,,
117.29473,ATT,3,,0.07,0.13,90.14,0.0,0.0,0.06,,0.12,,,,90.14,,,,,,,,,,,,,,,,,,,,,,
117.29473,XKF1,,,,,,,,,,,,,,,,70.30809186046793,70.30486297607422,,,0.02218528258364252,,,,,,0.6738122701644897,-0.013618871732003174,,,,,,-0.013450404629111292,,-0.01345040462911129,-0.01764294132590294
117.29473,POS,,,,,,,,,,,,,,,,70.30899814869302,70.3059304055944,,,,,37.4275059,-122.1689047,,,0.6567879997655268,,,,6.012897968292236,,,,,,
117.39469,ATT,3,,0.07,0.13,90.14,0.0,0.0,0.07,,0.12,,,,90.14,,,,,,,,,,,,,,,,,,,,,,
117.39469,XKF1,,,,,,,,,,,,,,,,70.30826940181755,70.30503845214844,,,0.022146265301343906,,,,,,0.6740285754203796,-0.01361188633232498,,,,,,-0.013443787582218649,,-0.013443787582218647,-0.017598910257220268
117.39469,POS,,,,,,,,,,,,,,,,70.30899814869302,70.3059304055944,,,,,37.4275059,-122.1689047,,,0.6567879997655268,,,,5.962864875793457,,,,,,
117.49465,ATT,3,,0.06,0.13,90.14,0.0,0.0,0.06,,0.12,,,,90.14,,,,,,,,,,,,,,,,,,,,,,
117.49465,XKF1,,,,,,,,,,,,,,,,70.30808369334412,70.30485534667969,,,0.02247684196374155,,,,,,0.6737561225891113,-0.013843257065057846,,,,,,-0.013672927394509317,,-0.013672927394509315,-0.0178398285061121
117.49465,POS,,,,,,,,,,,,,,,,70.30899814869302,70.3059304055944,,,,,37.4275059,-122.1689047,,,0.6567879997655268,,,,5.912524223327637,,,,,,
117.59461,ATT,3,,0.06,0.13,90.14,0.0,0.0,0.06,,0.12,,,,90.14,,,,,,,,,,,,,,,,,,,,,,
117.59461,XKF1,,,,,,,,,,,,,,,,70.30821534998552,70.30498504638672,,,0.022318193611284506,,,,,,0.6739609241485596,-0.013778798126590993,,,,,,-0.013609867542982103,,-0.013609867542982101,-0.017688224092125893
117.59461,POS,,,,,,,,,,,,,,,,70.30899814869302,70.3059304055944,,,,,37.4275059,-122.1689047,,,0.6567879997655268,,,,5.862488746643066,,,,,,
117.69457,ATT,3,,0.06,0.13,90.14,0.0,0.0,0.06,,0.12,,,,90.14,,,,,,,,,,,,,,,,,,,,,,
117.69457,XKF1,,,,,,,,,,,,,,,,70.30799151311194,70.30476379394531,,,0.022524524898575732,,,,,,0.6736901998519897,-0.013956139281400418,,,,,,-0.01378608960658312,,-0.013786089606583118,-0.017812859266996384
117.69457,POS,,,,,,,,,,,,,,,,70.30899814869302,70.3059304055944,,,,,37.4275059,-122.1689047,,,0.6567879997655268,,,,5.812115669250488,,,,,,
117.79453,ATT,3,,0.06,0.13,90.14,0.0,0.0,0.05,,0.11,,,,90.13,,,,,,,,,,,,,,,,,,,,,,
117.79453,XKF1,,,,,,,,,,,,,,,,70.30810806401675,70.30487823486328,,,0.022255268402011925,,,,,,0.673910915851593,-0.013814417424241053,,,,,,-0.01364653464406729,,-0.013646534644067287,-0.017580360174179077
117.79453,POS,,,,,,,,,,,,,,,,70.30899814869302,70.3059304055944,,,,,37.4275059,-122.1689047,,,0.6567879997655268,,,,5.762041091918945,,,,,,
117.89449,ATT,3,,0.06,0.13,90.14,0.0,0.0,0.05,,0.12,,,,90.13,,,,,,,,,,,,,,,,,,,,,,
117.89449,XKF1,,,,,,,,,,,,,,,,70.30788439409054,70.30465698242188,,,0.022388134302212363,,,,,,0.6736575961112976,-0.013897411421060981,,,,,,-0.013728593476116659,,-0.013728593476116657,-0.01768486015498638
117.89449,POS,,,,,,,,,,,,,,,,70.30899814869302,70.3059304055944,,,,,37.4275059,-122.1689047,,,0.6567879997655268,,,,5.711679935455322,,,,,,
117.99445,ATT,3,,0.06,0.13,90.14,0.0,0.0,0.05,,0.12,,,,90.13,,,,,,,,,,,,,,,,,,,,,,
117.99445,XKF1,,,,,,,,,,,,,,,,70.30801632866994,70.3047866821289,,,0.022137842622329547,,,,,,0.6738914251327515,-0.013709769017996056,,,,,,-0.013542537577450277,,-0.013542537577450275,-0.01751238852739334
117.99445,POS,,,,,,,,,,,,,,,,70.30899814869302,70.3059304055944,,,,,37.4275059,-122.1689047,,,0.6567879997655268,,,,5.661611557006836,,,,,,
118.09441,ATT,3,,0.06,0.13,90.14,0.0,0.0,0.05,,0.11,,,,90.13,,,,,,,,,,,,,,,,,,,,,,
118.09441,XKF1,,,,,,,,,,,,,,,,70.30780039978882,70.30457305908203,,,0.022195164601357117,,,,,,0.673649787902832,-0.0137643303541636,,,,,,-0.013596869073808195,,-0.013596869073808193,-0.017542818561196327
118.09441,POS,,,,,,,,,,,,,,,,70.30899814869302,70.3059304055944,,,,,37.4275059,-122.1689047,,,0.6567879997655268,,,,5.6112284660339355,,,,,,
118.19436999999999,ATT,3,,0.07,0.13,90.14,0.0,0.0,0.05,,0.12,,,,90.13,,,,,,,,,,,,,,,,,,,,,,
118.19436999999999,XKF1,,,,,,,,,,,,,,,,70.30810222858602,70.30487060546875,,,0.021739358012618837,,,,,,0.674098014831543,-0.013493562193191293,,,,,,-0.013329520821571352,,-0.01332952082157135,-0.017173338681459427
118.19436999999999,POS,,,,,,,,,,,,,,,,70.30899814869302,70.3059304055944,,,,,37.4275059,-122.1689047,,,0.6567879997655268,,,,5.561026096343994,,,,,,
118.29433,ATT,3,,0.06,0.13,90.14,0.0,0.0,0.06,,0.12,,,,90.14,,,,,,,,,,,,,,,,,,,,,,
118.29433,XKF1,,,,,,,,,,,,,,,,70.30772396257491,70.30449676513672,,,0.022097393228860895,,,,,,0.6736344695091248,-0.01371617362586533,,,,,,-0.013549547642469408,,-0.013549547642469406,-0.01745578832924366
118.29433,POS,,,,,,,,,,,,,,,,70.30899814869302,70.3059304055944,,,,,37.4275059,-122.1689047,,,0.6567879997655268,,,,5.5104193687438965,,,,,,
118.39429,ATT,3,,0.06,0.13,90.14,0.0,0.0,0.06,,0.11,,,,90.14,,,,,,,,,,,,,,,,,,,,,,
118.39429,XKF1,,,,,,,,,,,,,,,,70.3079209992289,70.30469512939453,,,0.021947815080302715,,,,,,0.6734968423843384,-0.013546570834726388,,,,,,-0.01338053122162819,,-0.013380531221628189,-0.017397355288267136
118.39429,POS,,,,,,,,,,,,,,,,70.30899814869302,70.3059304055944,,,,,37.4275059,-122.1689047,,,0.6567879997655268,,,,5.460237979888916,,,,,,
118.49425,ATT,3,,0.06,0.12,90.14,0.0,0.0,0.05,,0.11,,,,90.14,,,,,,,,,,,,,,,,,,,,,,
118.49425,XKF1,,,,,,,,,,,,,,,,70.3076474609298,70.30442810058594,,,0.02227595441912619,,,,,,0.6728156805038452,-0.013715472162720305,,,,,,-0.013546870090067388,,-0.013546870090067387,-0.01768333837389946
118.49425,POS,,,,,,,,,,,,,,,,70.30899814869302,70.3059304055944,,,,,37.4275059,-122.1689047,,,0.6567879997655268,,,,5.409693241119385,,,,,,
118.59421,ATT,3,,0.06,0.11,90.14,0.0,0.0,0.05,,0.11,,,,90.14,,,,,,,,,,,,,,,,,,,,,,
118.59421,XKF1,,,,,,,,,,,,,,,,70.30790454222138,70.3046875,,,0.02199279980667749,,,,,,0.6725746393203735,-0.01350382059343365,,,,,,-0.013337145559489729,,-0.013337145559489727,-0.01748724654316902
118.59421,POS,,,,,,,,,,,,,,,,70.30899814869302,70.3059304055944,,,,,37.4275059,-122.1689047,,,0.6567879997655268,,,,5.359592914581299,,,,,,
118.69417,ATT,3,,0.06,0.11,90.14,0.0,0.0,0.05,,0.1,,,,90.14,,,,,,,,,,,,,,,,,,,,,,
118.69417,XKF1,,,,,,,,,,,,,,,,70.30767619074444,70.3044662475586,,,0.022143569972707357,,,,,,0.6718310713768005,-0.013629241301338971,,,,,,-0.013461852446198465,,-0.013461852446198463,-0.017581701278686523
118.69417,POS,,,,,,,,,,,,,,,,70.30899814869302,70.3059304055944,,,,,37.4275059,-122.1689047,,,0.6567879997655268,,,,5.309102535247803,,,,,,
118.794963,ATT,3,,0.06,0.1,90.14,0.0,0.0,0.05,,0.09,,,,90.14,,,,,,,,,,,,,,,,,,,,,,
118.794963,XKF1,,,,,,,,,,,,,,,,70.30797924672436,70.30477142333984,,,0.0216102710087371,,,,,,0.6716106534004211,-0.013339176433122794,,,,,,-0.013176157139241697,,-0.013176157139241695,-0.017128709703683853
118.794963,POS,,,,,,,,,,,,,,,,70.30899814869302,70.3059304055944,,,,,37.4275059,-122.1689047,,,0.6567879997655268,,,,5.2590107917785645,,,,,,
118.89492299999999,ATT,3,,0.06,0.1,90.14,0.0,0.0,0.05,,0.09,,,,90.14,,,,,,,,,,,,,,,,,,,,,,
118.89492299999999,XKF1,,,,,,,,,,,,,,,,70.30811232064416,70.3049087524414,,,0.021330114456831663,,,,,,0.6711657047271729,-0.013207123275384735,,,,,,-0.013046629726886751,,-0.01304662972688675,-0.016874810680747032
118.89492299999999,POS,,,,,,,,,,,,,,,,70.30899814869302,70.3059304055944,,,,,37.4275059,-122.1689047,,,0.6567879997655268,,,,5.208765506744385,,,,,,
118.994883,ATT,3,,0.07,0.1,90.14,0.0,0.0,0.06,,0.09,,,,90.14,,,,,,,,,,,,,,,,,,,,,,
118.994883,XKF1,,,,,,,,,,,,,,,,70.30864448565174,70.3054428100586,,,0.02084152107976422,,,,,,0.6709699630737305,-0.012997237312638923,,,,,,-0.012841164134442808,,-0.012841164134442806,-0.01641564816236496
118.994883,POS,,,,,,,,,,,,,,,,70.30899814869302,70.3059304055944,,,,,37.4275059,-122.1689047,,,0.6567879997655268,,,,5.158720970153809,,,,,,
119.094843,ATT,3,,0.08,0.1,90.14,0.0,0.0,0.07,,0.09,,,,90.14,,,,,,,,,,,,,,,,,,,,,,
119.094843,XKF1,,,,,,,,,,,,,,,,70.30890759571794,70.30570983886719,,,0.02076736750252214,,,,,,0.6705604791641235,-0.013157765109858098,,,,,,-0.013003927655518057,,-0.013003927655518055,-0.016192017123103142
119.094843,POS,,,,,,,,,,,,,,,,70.30899814869302,70.3059304055944,,,,,37.4275059,-122.1689047,,,0.6567879997655268,,,,5.1080851554870605,,,,,,
119.194803,ATT,3,,0.09,0.1,90.14,0.0,0.0,0.08,,0.09,,,,90.14,,,,,,,,,,,,,,,,,,,,,,
119.194803,XKF1,,,,,,,,,,,,,,,,70.30948626365898,70.30628967285156,,,0.02047526567969274,,,,,,0.6704409718513489,-0.013164581045181818,,,,,,-0.013014444150030615,,-0.013014444150030613,-0.015806984156370163
119.194803,POS,,,,,,,,,,,,,,,,70.30899814869302,70.3059304055944,,,,,37.4275059,-122.1689047,,,0.6567879997655268,,,,5.058008670806885,,,,,,
119.294763,ATT,3,,0.09,0.1,90.14,0.0,0.0,0.08,,0.09,,,,90.14,,,,,,,,,,,,,,,,,,,,,,
119.294763,XKF1,,,,,,,,,,,,,,,,70.30975015112357,70.30655670166016,,,0.020451550497872804,,,,,,0.6701127290725708,-0.013453218816230713,,,,,,-0.013305796310305597,,-0.013305796310305595,-0.015531313605606556
119.294763,POS,,,,,,,,,,,,,,,,70.30899814869302,70.3059304055944,,,,,37.4275059,-122.1689047,,,0.6567879997655268,,,,5.007753849029541,,,,,,
119.394723,ATT,3,,0.09,0.1,90.14,0.0,0.0,0.08,,0.09,,,,90.14,,,,,,,,,,,,,,,,,,,,,,
119.394723,XKF1,,,,,,,,,,,,,,,,70.31025313999982,70.30706024169922,,,0.020291549474312606,,,,,,0.6700572967529297,-0.013582132786288727,,,,,,-0.013437845744192602,,-0.0134378457441926,-0.01520431786775589
119.394723,POS,,,,,,,,,,,,,,,,70.30899814869302,70.3059304055944,,,,,37.4275059,-122.1689047,,,0.6567879997655268,,,,4.957676887512207,,,,,,
119.494683,ATT,3,,0.09,0.1,90.14,0.0,0.0,0.08,,0.09,,,,90.14,,,,,,,,,,,,,,,,,,,,,,
119.494683,XKF1,,,,,,,,,,,,,,,,70.31044135883614,70.3072509765625,,,0.020383284676203997,,,,,,0.6697941422462463,-0.013944056419864811,,,,,,-0.013801792636513712,,-0.01380179263651371,-0.014999627135694027
119.494683,POS,,,,,,,,,,,,,,,,70.30899814869302,70.3059304055944,,,,,37.4275059,-122.1689047,,,0.6567879997655268,,,,4.907433986663818,,,,,,
119.594643,ATT,3,,0.09,0.1,90.14,0.0,0.0,0.08,,0.09,,,,90.14,,,,,,,,,,,,,,,,,,,,,,
119.594643,XKF1,,,,,,,,,,,,,,,,70.31086884673896,70.30767822265625,,,0.02023896293227189,,,,,,0.669821560382843,-0.014133142449684603,,,,,,-0.013994490727782251,,-0.01399449072778225,-0.014620870351791382
119.594643,POS,,,,,,,,,,,,,,,,70.30899814869302,70.3059304055944,,,,,37.4275059,-122.1689047,,,0.6567879997655268,,,,4.857361316680908,,,,,,
119.694603,ATT,3,,0.09,0.1,90.14,0.0,0.0,0.08,,0.09,,,,90.14,,,,,,,,,,,,,,,,,,,,,,
119.694603,XKF1,,,,,,,,,,,,,,,,70.31098911856645,70.30780029296875,,,0.020312963176759617,,,,,,0.6696333289146423,-0.014432755916855224,,,,,,-0.014295969158411028,,-0.014295969158411026,-0.014430583454668522
119.694603,POS,,,,,,,,,,,,,,,,70.30899814869302,70.3059304055944,,,,,37.4275059,-122.1689047,,,0.6567879997655268,,,,4.807117462158203,,,,,,
119.794563,ATT,3,,0.09,0.1,90.14,0.0,0.0,0.08,,0.09,,,,90.14,,,,,,,,,,,,,,,,,,,,,,
119.794563,XKF1,,,,,,,,,,,,,,,,70.31134845534942,70.30815887451172,,,0.020189305717068205,,,,,,0.6697143316268921,-0.014571721830438714,,,,,,-0.014437958598136902,,-0.014437958598136902,-0.014112172648310661
119.794563,POS,,,,,,,,,,,,,,,,70.30899814869302,70.3059304055944,,,,,37.4275059,-122.1689047,,,0.6567879997655268,,,,4.7570672035217285,,,,,,
119.89452299999999,ATT,3,,0.09,0.1,90.14,0.0,0.0,0.08,,0.09,,,,90.14,,,,,,,,,,,,,,,,,,,,,,
119.89452299999999,XKF1,,,,,,,,,,,,,,,,70.3114005757415,70.30821228027344,,,0.02032823550665065,,,,,,0.6695796251296997,-0.014898785715789103,,,,,,-0.014766408130526543,,-0.014766408130526543,-0.013971053995192051
119.89452299999999,POS,,,,,,,,,,,,,,,,70.30899814869302,70.3059304055944,,,,,37.4275059,-122.1689047,,,0.6567879997655268,,,,4.706876277923584,,,,,,
119.994483,ATT,3,,0.09,0.1,90.14,0.0,0.0,0.08,,0.09,,,,90.14,,,,,,,,,,,,,,,,,,,,,,
119.994483,XKF1,,,,,,,,,,,,,,,,70.31167659583741,70.30848693847656,,,0.020308975131683036,,,,,,0.6697239279747009,-0.015130738999618362,,,,,,-0.015001018531620502,,-0.015001018531620502,-0.013690285384654999
119.994483,POS,,,,,,,,,,,,,,,,70.30899814869302,70.3059304055944,,,,,37.4275059,-122.1689047,,,0.6567879997655268,,,,4.6568217277526855,,,,,,
120.094443,ATT,3,,0.09,0.1,90.14,0.0,0.0,0.08,,0.09,,,,90.14,,,,,,,,,,,,,,,,,,,,,,
120.094443,XKF1,,,,,,,,,,,,,,,,70.3116377330136,70.3084487915039,,,0.020456764276300363,,,,,,0.6696485877037048,-0.015436914960221614,,,,,,-0.015308372676372528,,-0.015308372676372528,-0.013569558970630169
120.094443,POS,,,,,,,,,,,,,,,,70.30899814869302,70.3059304055944,,,,,37.4275059,-122.1689047,,,0.6567879997655268,,,,4.606604099273682,,,,,,
120.194403,ATT,3,,0.09,0.11,90.14,0.0,0.0,0.08,,0.09,,,,90.14,,,,,,,,,,,,,,,,,,,,,,
120.194403,XKF1,,,,,,,,,,,,,,,,70.31182285766238,70.30863189697266,,,0.020438492942039685,,,,,,0.6698614358901978,-0.015634351232686007,,,,,,-0.015508225187659264,,-0.015508225187659264,-0.013312661089003086
120.194403,POS,,,,,,,,,,,,,,,,70.30899814869302,70.3059304055944,,,,,37.4275059,-122.1689047,,,0.6567879997655268,,,,4.556492328643799,,,,,,
120.294363,ATT,3,,0.09,0.11,90.14,0.0,0.0,0.08,,0.09,,,,90.14,,,,,,,,,,,,,,,,,,,,,,
120.294363,XKF1,,,,,,,,,,,,,,,,70.31142336979848,70.30823516845703,,,0.020900063151963102,,,,,,0.6695698499679565,-0.016171446209554265,,,,,,-0.016044629737734795,,-0.016044629737734795,-0.013393375091254711
120.294363,POS,,,,,,,,,,,,,,,,70.30899814869302,70.3059304055944,,,,,37.4275059,-122.1689047,,,0.6567879997655268,,,,4.506107330322266,,,,,,
120.394323,ATT,3,,0.09,0.11,90.14,0.0,0.0,0.08,,0.1,,,,90.14,,,,,,,,,,,,,,,,,,,,,,
120.394323,XKF1,,,,,,,,,,,,,,,,70.31160237737012,70.30841064453125,,,0.020754794745073555,,,,,,0.6699414253234863,-0.016255847101646848,,,,,,-0.016132159158587456,,-0.016132159158587456,-0.013058137148618698
120.394323,POS,,,,,,,,,,,,,,,,70.30899814869302,70.3059304055944,,,,,37.4275059,-122.1689047,,,0.6567879997655268,,,,4.4561028480529785,,,,,,
120.494283,ATT,3,,0.09,0.11,90.14,0.0,0.0,0.08,,0.1,,,,90.14,,,,,,,,,,,,,,,,,,,,,,
120.494283,XKF1,,,,,,,,,,,,,,,,70.31120410468819,70.30801391601562,,,0.02114275749877776,,,,,,0.6697774529457092,-0.016636475526615038,,,,,,-0.016511429101228714,,-0.016511429101228714,-0.013205639086663723
120.494283,POS,,,,,,,,,,,,,,,,70.30899814869302,70.3059304055944,,,,,37.4275059,-122.1689047,,,0.6567879997655268,,,,4.405787944793701,,,,,,
120.59424299999999,ATT,3,,0.08,0.11,90.14,0.0,0.0,0.07,,0.1,,,,90.14,,,,,,,,,,,,,,,,,,,,,,
120.59424299999999,XKF1,,,,,,,,,,,,,,,,70.31140655215705,70.30821228027344,,,0.020971079162195847,,,,,,0.6702069044113159,-0.01658876873854952,,,,,,-0.016465723514556885,,-0.016465723514556885,-0.012987151741981506
120.59424299999999,POS,,,,,,,,,,,,,,,,70.30899814869302,70.3059304055944,,,,,37.4275059,-122.1689047,,,0.6567879997655268,,,,4.355828762054443,,,,,,
120.694203,ATT,3,,0.08,0.11,90.14,0.0,0.0,0.07,,0.11,,,,90.14,,,,,,,,,,,,,,,,,,,,,,
120.694203,XKF1,,,,,,,,,,,,,,,,70.31102390163782,70.30783081054688,,,0.02138407217090572,,,,,,0.6700811982154846,-0.016916666250446657,,,,,,-0.01679123565554619,,-0.01679123565554619,-0.013241334818303585
120.694203,POS,,,,,,,,,,,,,,,,70.30899814869302,70.3059304055944,,,,,37.4275059,-122.1689047,,,0.6567879997655268,,,,4.305535793304443,,,,,,
120.794996,ATT,3,,0.08,0.11,90.14,0.0,0.0,0.07,,0.11,,,,90.14,,,,,,,,,,,,,,,,,,,,,,
120.794996,XKF1,,,,,,,,,,,,,,,,70.31121145495598,70.30801391601562,,,0.021188862442830386,,,,,,0.6705486178398132,-0.0168042221144091,,,,,,-0.016680367290973663,,-0.016680367290973663,-0.013066492974758148
120.794996,POS,,,,,,,,,,,,,,,,70.30899814869302,70.3059304055944,,,,,37.4275059,-122.1689047,,,0.6567879997655268,,,,4.255594253540039,,,,,,
120.894956,ATT,3,,0.08,0.12,90.14,0.0,0.0,0.07,,0.11,,,,90.14,,,,,,,,,,,,,,,,,,,,,,
120.894956,XKF1,,,,,,,,,,,,,,,,70.3110910252445,70.30789184570312,,,0.02124759952133182,,,,,,0.6707200407981873,-0.016858879412809516,,,,,,-0.01673474907875061,,-0.01673474907875061,-0.013092312961816788
120.894956,POS,,,,,,,,,,,,,,,,70.30899814869302,70.3059304055944,,,,,37.4275059,-122.1689047,,,0.6567879997655268,,,,4.205509662628174,,,,,,
120.994916,ATT,3,,0.08,0.12,90.14,0.0,0.0,0.07,,0.12,,,,90.14,,,,,,,,,,,,,,,,,,,,,,
120.994916,XKF1,,,,,,,,,,,,,,,,70.3111785369699,70.30797576904297,,,0.021215812838183027,,,,,,0.6710965037345886,-0.016817922455610937,,,,,,-0.016693713143467903,,-0.016693713143467903,-0.013093153014779091
120.994916,POS,,,,,,,,,,,,,,,,70.30899814869302,70.3059304055944,,,,,37.4275059,-122.1689047,,,0.6567879997655268,,,,4.1555328369140625,,,,,,
121.094876,ATT,3,,0.08,0.12,90.14,0.0,0.0,0.07,,0.12,,,,90.14,,,,,,,,,,,,,,,,,,,,,,
121.094876,XKF1,,,,,,,,,,,,,,,,70.31097324225438,70.30776977539062,,,0.02147856774120661,,,,,,0.6711687445640564,-0.016960867445813724,,,,,,-0.016834301874041557,,-0.016834301874041557,-0.013339233584702015
121.094876,POS,,,,,,,,,,,,,,,,70.30899814869302,70.3059304055944,,,,,37.4275059,-122.1689047,,,0.6567879997655268,,,,4.1049628257751465,,,,,,
121.194836,ATT,3,,0.08,0.12,90.14,0.0,0.0,0.06,,0.11,,,,90.14,,,,,,,,,,,,,,,,,,,,,,
121.194836,XKF1,,,,,,,,,,,,,,,,70.31101415782797,70.30780792236328,,,0.021460891514370018,,,,,,0.671458899974823,-0.016886738437961617,,,,,,-0.016759488731622696,,-0.016759488731622696,-0.013404827564954758
121.194836,POS,,,,,,,,,,,,,,,,70.30899814869302,70.3059304055944,,,,,37.4275059,-122.1689047,,,0.6567879997655268,,,,4.05490255355835,,,,,,
121.294796,ATT,3,,0.08,0.12,90.14,0.0,0.0,0.06,,0.12,,,,90.14,,,,,,,,,,,,,,,,,,,,,,
121.294796,XKF1,,,,,,,,,,,,,,,,70.31079299345902,70.30758666992188,,,0.021648433773487227,,,,,,0.6714670658111572,-0.01689360155730687,,,,,,-0.01676354929804802,,-0.01676354929804802,-0.013698105700314045
121.294796,POS,,,,,,,,,,,,,,,,70.30899814869302,70.3059304055944,,,,,37.4275059,-122.1689047,,,0.6567879997655268,,,,4.004716873168945,,,,,,
121.394756,ATT,3,,0.08,0.12,90.14,0.0,0.0,0.07,,0.11,,,,90.14,,,,,,,,,,,,,,,,,,,,,,
121.394756,XKF1,,,,,,,,,,,,,,,,70.31084093229022,70.30763244628906,,,0.021548330739687253,,,,,,0.6716936826705933,-0.01670372029368676,,,,,,-0.01657290942966938,,-0.01657290942966938,-0.013772045262157917
121.394756,POS,,,,,,,,,,,,,,,,70.30899814869302,70.3059304055944,,,,,37.4275059,-122.1689047,,,0.6567879997655268,,,,3.9546897411346436,,,,,,
121.494716,ATT,3,,0.07,0.12,90.14,0.0,0.0,0.06,,0.11,,,,90.14,,,,,,,,,,,,,,,,,,,,,,
121.494716,XKF1,,,,,,,,,,,,,,,,70.31063454547287,70.30742645263672,,,0.021662244078377167,,,,,,0.6716515421867371,-0.016697801724251473,,,,,,-0.016565214842557907,,-0.016565214842557907,-0.013958741910755634
121.494716,POS,,,,,,,,,,,,,,,,70.30899814869302,70.3059304055944,,,,,37.4275059,-122.1689047,,,0.6567879997655268,,,,3.904529571533203,,,,,,
121.59467599999999,ATT,3,,0.07,0.12,90.14,0.0,0.0,0.06,,0.11,,,,90.14,,,,,,,,,,,,,,,,,,,,,,
121.59467599999999,XKF1,,,,,,,,,,,,,,,,70.31068980524752,70.30747985839844,,,0.021622458220581495,,,,,,0.6718458533287048,-0.016586927489733803,,,,,,-0.01645362749695778,,-0.01645362749695778,-0.014028857462108135
121.59467599999999,POS,,,,,,,,,,,,,,,,70.30899814869302,70.3059304055944,,,,,37.4275059,-122.1689047,,,0.6567879997655268,,,,3.8544769287109375,,,,,,
121.694636,ATT,3,,0.07,0.12,90.14,0.0,0.0,0.07,,0.11,,,,90.14,,,,,,,,,,,,,,,,,,,,,,
121.694636,XKF1,,,,,,,,,,,,,,,,70.31048314783018,70.3072738647461,,,0.02177062307217799,,,,,,0.6717754006385803,-0.016604722462673863,,,,,,-0.0164694394916296,,-0.0164694394916296,-0.01423789281398058
121.694636,POS,,,,,,,,,,,,,,,,70.30899814869302,70.3059304055944,,,,,37.4275059,-122.1689047,,,0.6567879997655268,,,,3.8043177127838135,,,,,,
121.794596,ATT,3,,0.07,0.12,90.14,0.0,0.0,0.06,,0.11,,,,90.14,,,,,,,,,,,,,,,,,,,,,,
121.794596,XKF1,,,,,,,,,,,,,,,,70.31051532428505,70.30730438232422,,,0.021689638910868878,,,,,,0.6719491481781006,-0.016485014583144587,,,,,,-0.0163495521992445,,-0.0163495521992445,-0.014252458699047565
121.794596,POS,,,,,,,,,,,,,,,,70.30899814869302,70.3059304055944,,,,,37.4275059,-122.1689047,,,0.6567879997655268,,,,3.7543232440948486,,,,,,
121.894556,ATT,3,,0.07,0.12,90.14,0.0,0.0,0.06,,0.11,,,,90.14,,,,,,,,,,,,,,,,,,,,,,
121.894556,XKF1,,,,,,,,,,,,,,,,70.3102932326764,70.30708312988281,,,0.02179168492474489,,,,,,0.6718602776527405,-0.016471192180168494,,,,,,-0.01633409969508648,,-0.01633409969508648,-0.014424795284867287
121.894556,POS,,,,,,,,,,,,,,,,70.30899814869302,70.3059304055944,,,,,37.4275059,-122.1689047,,,0.6567879997655268,,,,3.704219102859497,,,,,,
121.994516,ATT,3,,0.07,0.12,90.14,0.0,0.0,0.06,,0.11,,,,90.14,,,,,,,,,,,,,,,,,,,,,,
121.994516,XKF1,,,,,,,,,,,,,,,,70.31032528344092,70.30711364746094,,,0.02169994855736928,,,,,,0.6720208525657654,-0.016341760189542746,,,,,,-0.016204554587602615,,-0.016204554587602615,-0.014432608149945736
121.994516,POS,,,,,,,,,,,,,,,,70.30899814869302,70.3059304055944,,,,,37.4275059,-122.1689047,,,0.6567879997655268,,,,3.6542227268218994,,,,,,
122.094476,ATT,3,,0.07,0.12,90.14,0.0,0.0,0.06,,0.11,,,,90.14,,,,,,,,,,,,,,,,,,,,,,
122.094476,XKF1,,,,,,,,,,,,,,,,70.31010307155216,70.30689239501953,,,0.021857715260020703,,,,,,0.6719194054603577,-0.016379421740622954,,,,,,-0.016240360215306282,,-0.016240360215306282,-0.014629094861447811
122.094476,POS,,,,,,,,,,,,,,,,70.30899814869302,70.3059304055944,,,,,37.4275059,-122.1689047,,,0.6567879997655268,,,,3.604079008102417,,,,,,
122.194436,ATT,3,,0.07,0.12,90.14,0.0,0.0,0.06,,0.11,,,,90.14,,,,,,,,,,,,,,,,,,,,,,
122.194436,XKF1,,,,,,,,,,,,,,,,70.31015024893706,70.30693817138672,,,0.021682742055493868,,,,,,0.6720662117004395,-0.01614561352390211,,,,,,-0.016006536781787872,,-0.016006536781787872,-0.014626417309045792
122.194436,POS,,,,,,,,,,,,,,,,70.30899814869302,70.3059304055944,,,,,37.4275059,-122.1689047,,,0.6567879997655268,,,,3.5540623664855957,,,,,,
122.29439599999999,ATT,3,,0.07,0.12,90.14,0.0,0.0,0.06,,0.11,,,,90.14,,,,,,,,,,,,,,,,,,,,,,
122.29439599999999,XKF1,,,,,,,,,,,,,,,,70.30967354470155,70.30646514892578,,,0.022060211208526432,,,,,,0.6716786623001099,-0.016297215071120554,,,,,,-0.016154436394572258,,-0.016154436394572258,-0.015022885985672474
122.29439599999999,POS,,,,,,,,,,,,,,,,70.30899814869302,70.3059304055944,,,,,37.4275059,-122.1689047,,,0.6567879997655268,,,,3.503789186477661,,,,,,
122.394356,ATT,3,,0.06,0.12,90.14,0.0,0.0,0.06,,0.11,,,,90.14,,,,,,,,,,,,,,,,,,,,,,
122.394356,XKF1,,,,,,,,,,,,,,,,70.30956525648182,70.30635070800781,,,0.02171733514987745,,,,,,0.6723218560218811,-0.016089386275843755,,,,,,-0.01594916731119156,,-0.01594916731119156,-0.014739969745278358
122.394356,POS,,,,,,,,,,,,,,,,70.30899814869302,70.3059304055944,,,,,37.4275059,-122.1689047,,,0.6567879997655268,,,,3.453791379928589,,,,,,
122.494316,ATT,3,,0.06,0.13,90.14,0.0,0.0,0.05,,0.12,,,,90.14,,,,,,,,,,,,,,,,,,,,,,
122.494316,XKF1,,,,,,,,,,,,,,,,70.30897766208415,70.3057632446289,,,0.021968123517155855,,,,,,0.6723053455352783,-0.01616147292536278,,,,,,-0.016018452122807503,,-0.016018452122807503,-0.015033550560474396
122.494316,POS,,,,,,,,,,,,,,,,70.30899814869302,70.3059304055944,,,,,37.4275059,-122.1689047,,,0.6567879997655268,,,,3.4035234451293945,,,,,,
122.594276,ATT,3,,0.06,0.14,90.14,0.0,0.0,0.05,,0.12,,,,90.14,,,,,,,,,,,,,,,,,,,,,,
122.594276,XKF1,,,,,,,,,,,,,,,,70.30883322977385,70.30561065673828,,,0.021623506832616587,,,,,,0.6731569766998291,-0.015934203509870192,,,,,,-0.015793519094586372,,-0.015793519094586372,-0.014769590459764004
122.594276,POS,,,,,,,,,,,,,,,,70.30899814869302,70.3059304055944,,,,,37.4275059,-122.1689047,,,0.6567879997655268,,,,3.3535735607147217,,,,,,
122.694236,ATT,3,,0.05,0.14,90.14,0.0,0.0,0.05,,0.13,,,,90.14,,,,,,,,,,,,,,,,,,,,,,
122.694236,XKF1,,,,,,,,,,,,,,,,70.30823178741832,70.30500793457031,,,0.021879986415131808,,,,,,0.6732877492904663,-0.01595391814867401,,,,,,-0.0158097967505455,,-0.0158097967505455,-0.015125611796975136
122.694236,POS,,,,,,,,,,,,,,,,70.30899814869302,70.3059304055944,,,,,37.4275059,-122.1689047,,,0.6567879997655268,,,,3.303393602371216,,,,,,
122.794196,ATT,3,,0.05,0.15,90.14,0.0,0.0,0.04,,0.14,,,,90.14,,,,,,,,,,,,,,,,,,,,,,
122.794196,XKF1,,,,,,,,,,,,,,,,70.30810263777559,70.30487060546875,,,0.021572094485750384,,,,,,0.6741406917572021,-0.015574548987804353,,,,,,-0.015430715866386892,,-0.01543071586638689,-0.015074755996465683
122.794196,POS,,,,,,,,,,,,,,,,70.30899814869302,70.3059304055944,,,,,37.4275059,-122.1689047,,,0.6567879997655268,,,,3.2535243034362793,,,,,,
122.894989,ATT,3,,0.05,0.15,90.14,0.0,0.0,0.04,,0.14,,,,90.14,,,,,,,,,,,,,,,,,,,,,,
122.894989,XKF1,,,,,,,,,,,,,,,,70.30777115727008,70.30453491210938,,,0.02167794476709986,,,,,,0.6745783090591431,-0.015369139810791844,,,,,,-0.01522174943238497,,-0.015221749432384968,-0.015434754081070423
122.894989,POS,,,,,,,,,,,,,,,,70.30899814869302,70.3059304055944,,,,,37.4275059,-122.1689047,,,0.6567879997655268,,,,3.203495502471924,,,,,,
122.99494899999999,ATT,3,,0.05,0.16,90.14,0.0,0.0,0.05,,0.14,,,,90.14,,,,,,,,,,,,,,,,,,,,,,
122.99494899999999,XKF1,,,,,,,,,,,,,,,,70.30766299997234,70.3044204711914,,,0.021648777417735028,,,,,,0.6752323508262634,-0.015032139176528382,,,,,,-0.014881826005876066,,-0.014881826005876064,-0.015722621232271194
122.99494899999999,POS,,,,,,,,,,,,,,,,70.30899814869302,70.3059304055944,,,,,37.4275059,-122.1689047,,,0.6567879997655268,,,,3.1535797119140625,,,,,,
123.094909,ATT,3,,0.05,0.15,90.14,0.0,0.0,0.04,,0.14,,,,90.14,,,,,,,,,,,,,,,,,,,,,,
123.094909,XKF1,,,,,,,,,,,,,,,,70.3073448955551,70.3041000366211,,,0.021929697103890016,,,,,,0.6754733920097351,-0.014860183096096427,,,,,,-0.014704556204378607,,-0.014704556204378605,-0.016269223764538765
123.094909,POS,,,,,,,,,,,,,,,,70.30899814869302,70.3059304055944,,,,,37.4275059,-122.1689047,,,0.6567879997655268,,,,3.1035373210906982,,,,,,
123.194869,ATT,3,,0.05,0.15,90.14,0.0,0.0,0.04,,0.14,,,,90.14,,,,,,,,,,,,,,,,,,,,,,
123.194869,XKF1,,,,,,,,,,,,,,,,70.30724234914729,70.30399322509766,,,0.021910258205851258,,,,,,0.6759166717529297,-0.014549048526267367,,,,,,-0.014390879310667517,,-0.014390879310667515,-0.01652156189084053
123.194869,POS,,,,,,,,,,,,,,,,70.30899814869302,70.3059304055944,,,,,37.4275059,-122.1689047,,,0.6567879997655268,,,,3.053190231323242,,,,,,
123.294829,ATT,3,,0.05,0.15,90.14,0.0,0.0,0.04,,0.14,,,,90.14,,,,,,,,,,,,,,,,,,,,,,
123.294829,XKF1,,,,,,,,,,,,,,,,70.30697604327095,70.30372619628906,,,0.022155941957425748,,,,,,0.6759905815124512,-0.014357575832160291,,,,,,-0.014194667339324953,,-0.014194667339324951,-0.017011677846312523
123.294829,POS,,,,,,,,,,,,,,,,70.30899814869302,70.3059304055944,,,,,37.4275059,-122.1689047,,,0.6567879997655268,,,,3.003124713897705,,,,,,
123.394789,ATT,3,,0.05,0.15,90.14,0.0,0.0,0.04,,0.14,,,,90.14,,,,,,,,,,,,,,,,,,,,,,
123.394789,XKF1,,,,,,,,,,,,,,,,70.3069560818524,70.30370330810547,,,0.022181420596601942,,,,,,0.6762948036193848,-0.014037317611012243,,,,,,-0.013871462084352972,,-0.01387146208435297,-0.017308898270130157
123.394789,POS,,,,,,,,,,,,,,,,70.30899814869302,70.3059304055944,,,,,37.4275059,-122.1689047,,,0.6567879997655268,,,,2.9531707763671875,,,,,,
123.494749,ATT,3,,0.04,0.15,90.14,0.0,0.0,0.04,,0.14,,,,90.14,,,,,,,,,,,,,,,,,,,,,,
123.494749,XKF1,,,,,,,,,,,,,,,,70.30674944930493,70.30349731445312,,,0.022470472669997875,,,,,,0.6762273907661438,-0.013853197523786344,,,,,,-0.01368238963186741,,-0.013682389631867409,-0.01782454364001751
123.494749,POS,,,,,,,,,,,,,,,,70.30899814869302,70.3059304055944,,,,,37.4275059,-122.1689047,,,0.6567879997655268,,,,2.9031171798706055,,,,,,
123.594709,ATT,3,,0.04,0.15,90.14,0.0,0.0,0.04,,0.14,,,,90.14,,,,,,,,,,,,,,,,,,,,,,
123.594709,XKF1,,,,,,,,,,,,,,,,70.30678923662752,70.30353546142578,,,0.022419295977096697,,,,,,0.6763980984687805,-0.013451617383969766,,,,,,-0.013278444297611715,,-0.013278444297611713,-0.018063990399241447
123.594709,POS,,,,,,,,,,,,,,,,70.30899814869302,70.3059304055944,,,,,37.4275059,-122.1689047,,,0.6567879997655268,,,,2.8531901836395264,,,,,,
123.694669,ATT,3,,0.05,0.14,90.14,0.0,0.0,0.04,,0.13,,,,90.14,,,,,,,,,,,,,,,,,,,,,,
123.694669,XKF1,,,,,,,,,,,,,,,,70.30665016513227,70.30339813232422,,,0.022610604271376584,,,,,,0.6762163043022156,-0.01320487215628357,,,,,,-0.013027730397880079,,-0.013027730397880077,-0.018480196595191956
123.694669,POS,,,,,,,,,,,,,,,,70.30899814869302,70.3059304055944,,,,,37.4275059,-122.1689047,,,0.6567879997655268,,,,2.8031370639801025,,,,,,
123.794629,ATT,3,,0.05,0.14,90.14,0.0,0.0,0.04,,0.13,,,,90.14,,,,,,,,,,,,,,,,,,,,,,
123.794629,XKF1,,,,,,,,,,,,,,,,70.30677294242743,70.30352020263672,,,0.02254597167929938,,,,,,0.6762903928756714,-0.01284951808059355,,,,,,-0.012670719996094705,,-0.012670719996094704,-0.018648691475391388
123.794629,POS,,,,,,,,,,,,,,,,70.30899814869302,70.3059304055944,,,,,37.4275059,-122.1689047,,,0.6567879997655268,,,,2.753195285797119,,,,,,
123.894589,ATT,3,,0.05,0.14,90.14,0.0,0.0,0.04,,0.13,,,,90.14,,,,,,,,,,,,,,,,,,,,,,
123.894589,XKF1,,,,,,,,,,,,,,,,70.30670947497846,70.30345916748047,,,0.022744027974981314,,,,,,0.6760371923446655,-0.012664647252141682,,,,,,-0.01248240750283003,,-0.012482407502830029,-0.019012635573744774
123.894589,POS,,,,,,,,,,,,,,,,70.30899814869302,70.3059304055944,,,,,37.4275059,-122.1689047,,,0.6567879997655268,,,,2.703104019165039,,,,,,
123.99454899999999,ATT,3,,0.06,0.14,90.14,0.0,0.0,0.05,,0.13,,,,90.14,,,,,,,,,,,,,,,,,,,,,,
123.99454899999999,XKF1,,,,,,,,,,,,,,,,70.30690819458637,70.30365753173828,,,0.022659210090192464,,,,,,0.6760751008987427,-0.012398199794555436,,,,,,-0.012215244583785536,,-0.012215244583785534,-0.01908474788069725
123.99454899999999,POS,,,,,,,,,,,,,,,,70.30899814869302,70.3059304055944,,,,,37.4275059,-122.1689047,,,0.6567879997655268,,,,2.653116226196289,,,,,,
124.094509,ATT,3,,0.06,0.13,90.14,0.0,0.0,0.05,,0.12,,,,90.14,,,,,,,,,,,,,,,,,,,,,,
124.094509,XKF1,,,,,,,,,,,,,,,,70.3068979123479,70.30364990234375,,,0.022818696121261466,,,,,,0.6757991313934326,-0.012340110458090432,,,,,,-0.012155043892562391,,-0.01215504389256239,-0.019311856478452682
124.094509,POS,,,,,,,,,,,,,,,,70.30899814869302,70.3059304055944,,,,,37.4275059,-122.1689047,,,0.6567879997655268,,,,2.603015422821045,,,,,,
124.194469,ATT,3,,0.06,0.13,90.14,0.0,0.0,0.05,,0.13,,,,90.14,,,,,,,,,,,,,,,,,,,,,,
124.194469,XKF1,,,,,,,,,,,,,,,,70.30711193632682,70.30386352539062,,,0.02266385118347773,,,,,,0.6758418679237366,-0.012174001062652285,,,,,,-0.011989676393568518,,-0.011989676393568516,-0.019232727587223053
124.194469,POS,,,,,,,,,,,,,,,,70.30899814869302,70.3059304055944,,,,,37.4275059,-122.1689047,,,0.6567879997655268,,,,2.5529944896698,,,,,,
124.294429,ATT,3,,0.06,0.13,90.14,0.0,0.0,0.05,,0.12,,,,90.14,,,,,,,,,,,,,,,,,,,,,,
124.294429,XKF1,,,,,,,,,,,,,,,,70.30710943468287,70.30386352539062,,,0.02276618413021446,,,,,,0.6755815744400024,-0.012167162780686415,,,,,,-0.011981703341007234,,-0.011981703341007233,-0.01935814879834652
124.294429,POS,,,,,,,,,,,,,,,,70.30899814869302,70.3059304055944,,,,,37.4275059,-122.1689047,,,0.6567879997655268,,,,2.502847909927368,,,,,,
124.394389,ATT,3,,0.06,0.13,90.14,0.0,0.0,0.06,,0.12,,,,90.14,,,,,,,,,,,,,,,,,,,,,,
124.394389,XKF1,,,,,,,,,,,,,,,,70.30731607579084,70.30406951904297,,,0.022637899445693117,,,,,,0.6756499409675598,-0.012074913033768685,,,,,,-0.011890337802469732,,-0.01189033780246973,-0.01926380954682827
124.394389,POS,,,,,,,,,,,,,,,,70.30899814869302,70.3059304055944,,,,,37.4275059,-122.1689047,,,0.6567879997655268,,,,2.4528348445892334,,,,,,
124.494349,ATT,3,,0.06,0.13,90.14,0.0,0.0,0.06,,0.12,,,,90.14,,,,,,,,,,,,,,,,,,,,,,
124.494349,XKF1,,,,,,,,,,,,,,,,70.30706625301667,70.30382537841797,,,0.02313440338853421,,,,,,0.6750572323799133,-0.012399827504762468,,,,,,-0.012211731635034086,,-0.012211731635034084,-0.019648771733045578
124.494349,POS,,,,,,,,,,,,,,,,70.30899814869302,70.3059304055944,,,,,37.4275059,-122.1689047,,,0.6567879997655268,,,,2.4026010036468506,,,,,,
124.594309,ATT,3,,0.06,0.12,90.14,0.0,0.0,0.06,,0.11,,,,90.14,,,,,,,,,,,,,,,,,,,,,,
124.594309,XKF1,,,,,,,,,,,,,,,,70.30732719444124,70.30408477783203,,,0.02285352311430402,,,,,,0.6752190589904785,-0.01229576640063963,,,,,,-0.012110192328691484,,-0.012110192328691483,-0.019381092861294746
124.594309,POS,,,,,,,,,,,,,,,,70.30899814869302,70.3059304055944,,,,,37.4275059,-122.1689047,,,0.6567879997655268,,,,2.352823257446289,,,,,,
124.69426899999999,ATT,3,,0.06,0.12,90.14,0.0,0.0,0.06,,0.11,,,,90.14,,,,,,,,,,,,,,,,,,,,,,
124.69426899999999,XKF1,,,,,,,,,,,,,,,,70.307116443094,70.30387878417969,,,0.02305182285423012,,,,,,0.6747224926948547,-0.012539259092635497,,,,,,-0.012353050522506239,,-0.012353050522506237,-0.019462494179606438
124.69426899999999,POS,,,,,,,,,,,,,,,,70.30899814869302,70.3059304055944,,,,,37.4275059,-122.1689047,,,0.6567879997655268,,,,2.302816390991211,,,,,,
124.794229,ATT,3,,0.06,0.12,90.14,0.0,0.0,0.05,,0.11,,,,90.14,,,,,,,,,,,,,,,,,,,,,,
124.794229,XKF1,,,,,,,,,,,,,,,,70.30739354304085,70.30415344238281,,,0.022662390227474932,,,,,,0.6749781966209412,-0.012458821663012034,,,,,,-0.012276507914066316,,-0.012276507914066315,-0.019049180671572685
124.794229,POS,,,,,,,,,,,,,,,,70.30899814869302,70.3059304055944,,,,,37.4275059,-122.1689047,,,0.6567879997655268,,,,2.2530155181884766,,,,,,
124.894189,ATT,3,,0.06,0.12,90.14,0.0,0.0,0.05,,0.11,,,,90.14,,,,,,,,,,,,,,,,,,,,,,
124.894189,XKF1,,,,,,,,,,,,,,,,70.30719887951072,70.30396270751953,,,0.022815021357340887,,,,,,0.6745679378509521,-0.012668021311449043,,,,,,-0.012485382147133352,,-0.01248538214713335,-0.019095560535788536
124.894189,POS,,,,,,,,,,,,,,,,70.30899814869302,70.3059304055944,,,,,37.4275059,-122.1689047,,,0.6567879997655268,,,,2.2029740810394287,,,,,,
124.994982,ATT,3,,0.06,0.12,90.14,0.0,0.0,0.06,,0.11,,,,90.14,,,,,,,,,,,,,,,,,,,,,,
124.994982,XKF1,,,,,,,,,,,,,,,,70.30748417376905,70.30424499511719,,,0.02238453555355614,,,,,,0.6748825907707214,-0.012513736725713799,,,,,,-0.012335002422332765,,-0.012335002422332764,-0.018679270520806313
124.994982,POS,,,,,,,,,,,,,,,,70.30899814869302,70.3059304055944,,,,,37.4275059,-122.1689047,,,0.6567879997655268,,,,2.1531906127929688,,,,,,
125.094942,ATT,3,,0.06,0.12,90.14,0.0,0.0,0.05,,0.11,,,,90.14,,,,,,,,,,,,,,,,,,,,,,
125.094942,XKF1,,,,,,,,,,,,,,,,70.3075219528214,70.30428314208984,,,0.022350601414778633,,,,,,0.6748444437980652,-0.0126103921039264,,,,,,-0.012432686984539034,,-0.012432686984539032,-0.018573574721813202
125.094942,POS,,,,,,,,,,,,,,,,70.30899814869302,70.3059304055944,,,,,37.4275059,-122.1689047,,,0.6567879997655268,,,,2.1032674312591553,,,,,,
125.194902,ATT,3,,0.07,0.13,90.14,0.0,0.0,0.06,,0.12,,,,90.13,,,,,,,,,,,,,,,,,,,,,,
125.194902,XKF1,,,,,,,,,,,,,,,,70.30773008504718,70.30448913574219,,,0.02217206178753366,,,,,,0.675068199634552,-0.012611326834022085,,,,,,-0.012435649521648886,,-0.012435649521648884,-0.018356332555413246
125.194902,POS,,,,,,,,,,,,,,,,70.30899814869302,70.3059304055944,,,,,37.4275059,-122.1689047,,,0.6567879997655268,,,,2.053417921066284,,,,,,
125.294862,ATT,3,,0.07,0.13,90.14,0.0,0.0,0.06,,0.12,,,,90.13,,,,,,,,,,,,,,,,,,,,,,
125.294862,XKF1,,,,,,,,,,,,,,,,70.30767543196096,70.30443572998047,,,0.022394225387388493,,,,,,0.6749380230903625,-0.012864540166588428,,,,,,-0.01268797926604748,,-0.012687979266047478,-0.018453089520335197
125.294862,POS,,,,,,,,,,,,,,,,70.30899814869302,70.3059304055944,,,,,37.4275059,-122.1689047,,,0.6567879997655268,,,,2.0030181407928467,,,,,,
125.394822,ATT,3,,0.07,0.13,90.14,0.0,0.0,0.06,,0.12,,,,90.13,,,,,,,,,,,,,,,,,,,,,,
125.394822,XKF1,,,,,,,,,,,,,,,,70.30780662786509,70.3045654296875,,,0.022324468136820527,,,,,,0.675094485282898,-0.012918306348596241,,,,,,-0.01274288631975651,,-0.012742886319756508,-0.018330322578549385
125.394822,POS,,,,,,,,,,,,,,,,70.30899814869302,70.3059304055944,,,,,37.4275059,-122.1689047,,,0.6567879997655268,,,,1.9530876874923706,,,,,,
125.494782,ATT,3,,0.07,0.13,90.14,0.0,0.0,0.06,,0.12,,,,90.13,,,,,,,,,,,,,,,,,,,,,,
125.494782,XKF1,,,,,,,,,,,,,,,,70.30771349249214,70.30447387695312,,,0.022469272776641305,,,,,,0.6749292016029358,-0.013086856832312605,,,,,,-0.012910918332636358,,-0.012910918332636356,-0.018389573320746422
125.494782,POS,,,,,,,,,,,,,,,,70.30899814869302,70.3059304055944,,,,,37.4275059,-122.1689047,,,0.6567879997655268,,,,1.9030582904815674,,,,,,
125.594742,ATT,3,,0.07,0.13,90.14,0.0,0.0,0.06,,0.12,,,,90.14,,,,,,,,,,,,,,,,,,,,,,
125.594742,XKF1,,,,,,,,,,,,,,,,70.3078138997883,70.30457305908203,,,0.02236247548601804,,,,,,0.6750572919845581,-0.013112860365105929,,,,,,-0.01293833088129759,,-0.012938330881297588,-0.018239514902234077
125.594742,POS,,,,,,,,,,,,,,,,70.30899814869302,70.3059304055944,,,,,37.4275059,-122.1689047,,,0.6567879997655268,,,,1.8531713485717773,,,,,,
125.69470199999999,ATT,3,,0.06,0.13,90.14,0.0,0.0,0.06,,0.12,,,,90.14,,,,,,,,,,,,,,,,,,,,,,
125.69470199999999,XKF1,,,,,,,,,,,,,,,,70.30769006638855,70.30445098876953,,,0.02247298067578262,,,,,,0.6748730540275574,-0.013215262529572261,,,,,,-0.01304017845541239,,-0.013040178455412388,-0.018302693963050842
125.69470199999999,POS,,,,,,,,,,,,,,,,70.30899814869302,70.3059304055944,,,,,37.4275059,-122.1689047,,,0.6567879997655268,,,,1.8031405210494995,,,,,,
125.79466199999999,ATT,3,,0.06,0.13,90.14,0.0,0.0,0.06,,0.12,,,,90.14,,,,,,,,,,,,,,,,,,,,,,
125.79466199999999,XKF1,,,,,,,,,,,,,,,,70.30778276099359,70.3045425415039,,,0.022416746863237393,,,,,,0.6749924421310425,-0.013313477624935,,,,,,-0.013139718212187292,,-0.01313971821218729,-0.01816200278699398
125.79466199999999,POS,,,,,,,,,,,,,,,,70.30899814869302,70.3059304055944,,,,,37.4275059,-122.1689047,,,0.6567879997655268,,,,1.7531827688217163,,,,,,
125.894622,ATT,3,,0.06,0.13,90.14,0.0,0.0,0.05,,0.12,,,,90.15,,,,,,,,,,,,,,,,,,,,,,
125.894622,XKF1,,,,,,,,,,,,,,,,70.30764364965286,70.30440521240234,,,0.02249547902734353,,,,,,0.6748061180114746,-0.013384196160446773,,,,,,-0.013210043311119081,,-0.01321004331111908,-0.018208276480436325
125.894622,POS,,,,,,,,,,,,,,,,70.30899814869302,70.3059304055944,,,,,37.4275059,-122.1689047,,,0.6567879997655268,,,,1.7031300067901611,,,,,,
125.99458200000001,ATT,3,,0.06,0.13,90.14,0.0,0.0,0.05,,0.12,,,,90.15,,,,,,,,,,,,,,,,,,,,,,
125.99458200000001,XKF1,,,,,,,,,,,,,,,,70.307736376188,70.30449676513672,,,0.022335648677092656,,,,,,0.6749288439750671,-0.013298509530065257,,,,,,-0.013125629164278509,,-0.013125629164278507,-0.01807205192744732
125.99458200000001,POS,,,,,,,,,,,,,,,,70.30899814869302,70.3059304055944,,,,,37.4275059,-122.1689047,,,0.6567879997655268,,,,1.6531695127487183,,,,,,
126.09454199999999,ATT,3,,0.06,0.13,90.14,0.0,0.0,0.05,,0.12,,,,90.14,,,,,,,,,,,,,,,,,,,,,,
126.09454199999999,XKF1,,,,,,,,,,,,,,,,70.30761254369278,70.30437469482422,,,0.022445794793978516,,,,,,0.6747446656227112,-0.01337486480685937,,,,,,-0.01320125535130501,,-0.013201255351305008,-0.018153252080082893
126.09454199999999,POS,,,,,,,,,,,,,,,,70.30899814869302,70.3059304055944,,,,,37.4275059,-122.1689047,,,0.6567879997655268,,,,1.6030629873275757,,,,,,
126.194502,ATT,3,,0.06,0.13,90.14,0.0,0.0,0.05,,0.12,,,,90.14,,,,,,,,,,,,,,,,,,,,,,
126.194502,XKF1,,,,,,,,,,,,,,,,70.30771291117975,70.30447387695312,,,0.022264520458206035,,,,,,0.674868643283844,-0.013298899958401944,,,,,,-0.013126888312399389,,-0.013126888312399387,-0.017983149737119675
126.194502,POS,,,,,,,,,,,,,,,,70.30899814869302,70.3059304055944,,,,,37.4275059,-122.1689047,,,0.6567879997655268,,,,1.5530558824539185,,,,,,
126.29446200000001,ATT,3,,0.06,0.13,90.14,0.0,0.0,0.05,,0.12,,,,90.14,,,,,,,,,,,,,,,,,,,,,,
126.29446200000001,XKF1,,,,,,,,,,,,,,,,70.30759681598845,70.30435943603516,,,0.02231041564651421,,,,,,0.6746957302093506,-0.013350522790665833,,,,,,-0.013178372755646707,,-0.013178372755646706,-0.01800236478447914
126.29446200000001,POS,,,,,,,,,,,,,,,,70.30899814869302,70.3059304055944,,,,,37.4275059,-122.1689047,,,0.6567879997655268,,,,1.5029479265213013,,,,,,
126.39442199999999,ATT,3,,0.06,0.13,90.14,0.0,0.0,0.05,,0.12,,,,90.14,,,,,,,,,,,,,,,,,,,,,,
126.39442199999999,XKF1,,,,,,,,,,,,,,,,70.30770494916429,70.3044662475586,,,0.02214781969282646,,,,,,0.6748339533805847,-0.013264444793440189,,,,,,-0.01309359446167946,,-0.013093594461679459,-0.017862914130091667
126.39442199999999,POS,,,,,,,,,,,,,,,,70.30899814869302,70.3059304055944,,,,,37.4275059,-122.1689047,,,0.6567879997655268,,,,1.4529565572738647,,,,,,
126.494382,ATT,3,,0.06,0.13,90.14,0.0,0.0,0.05,,0.11,,,,90.13,,,,,,,,,,,,,,,,,,,,,,
126.494382,XKF1,,,,,,,,,,,,,,,,70.30735687033494,70.30412292480469,,,0.02251137302657887,,,,,,0.6743366122245789,-0.013467399826615935,,,,,,-0.013293767347931864,,-0.013293767347931862,-0.018166938796639442
126.494382,POS,,,,,,,,,,,,,,,,70.30899814869302,70.3059304055944,,,,,37.4275059,-122.1689047,,,0.6567879997655268,,,,1.402741551399231,,,,,,
126.59434200000001,ATT,3,,0.06,0.13,90.14,0.0,0.0,0.05,,0.12,,,,90.13,,,,,,,,,,,,,,,,,,,,,,
126.59434200000001,XKF1,,,,,,,,,,,,,,,,70.30754960677294,70.30431365966797,,,0.02224874056231532,,,,,,0.6745461821556091,-0.013278610896372675,,,,,,-0.013106726109981539,,-0.013106726109981537,-0.017978325486183167
126.59434200000001,POS,,,,,,,,,,,,,,,,70.30899814869302,70.3059304055944,,,,,37.4275059,-122.1689047,,,0.6567879997655268,,,,1.3527590036392212,,,,,,
126.694302,ATT,3,,0.06,0.13,90.14,0.0,0.0,0.05,,0.11,,,,90.13,,,,,,,,,,,,,,,,,,,,,,
126.694302,XKF1,,,,,,,,,,,,,,,,70.30727833699731,70.30404663085938,,,0.022441109023501167,,,,,,0.6741027235984802,-0.013290559378982969,,,,,,-0.013116577640175821,,-0.01311657764017582,-0.018208755180239677
126.694302,POS,,,,,,,,,,,,,,,,70.30899814869302,70.3059304055944,,,,,37.4275059,-122.1689047,,,0.6567879997655268,,,,1.3025563955307007,,,,,,
126.794262,ATT,3,,0.06,0.12,90.14,0.0,0.0,0.05,,0.11,,,,90.14,,,,,,,,,,,,,,,,,,,,,,
126.794262,XKF1,,,,,,,,,,,,,,,,70.30753261046442,70.3042984008789,,,0.022136890528039178,,,,,,0.6743649840354919,-0.013157428730736855,,,,,,-0.012986069545149805,,-0.012986069545149803,-0.0179277416318655
126.794262,POS,,,,,,,,,,,,,,,,70.30899814869302,70.3059304055944,,,,,37.4275059,-122.1689047,,,0.6567879997655268,,,,1.2525990009307861,,,,,,
126.89422199999998,ATT,3,,0.06,0.12,90.14,0.0,0.0,0.05,,0.11,,,,90.14,,,,,,,,,,,,,,,,,,,,,,
126.89422199999998,XKF1,,,,,,,,,,,,,,,,70.30730758059832,70.3040771484375,,,0.02233766021925706,,,,,,0.6739699840545654,-0.01329759606295362,,,,,,-0.013124930672347547,,-0.013124930672347546,-0.018075045198202133
126.89422199999998,POS,,,,,,,,,,,,,,,,70.30899814869302,70.3059304055944,,,,,37.4275059,-122.1689047,,,0.6567879997655268,,,,1.20244300365448,,,,,,
126.994182,ATT,3,,0.06,0.13,90.14,0.0,0.0,0.05,,0.11,,,,90.14,,,,,,,,,,,,,,,,,,,,,,
126.994182,XKF1,,,,,,,,,,,,,,,,70.30757748492273,70.3043441772461,,,0.021952791885031426,,,,,,0.6742711663246155,-0.013055060430802732,,,,,,-0.012885199859738352,,-0.01288519985973835,-0.01777348294854164
126.994182,POS,,,,,,,,,,,,,,,,70.30899814869302,70.3059304055944,,,,,37.4275059,-122.1689047,,,0.6567879997655268,,,,1.1525431871414185,,,,,,
127.094975,ATT,3,,0.06,0.13,90.14,0.0,0.0,0.05,,0.12,,,,90.14,,,,,,,,,,,,,,,,,,,,,,
127.094975,XKF1,,,,,,,,,,,,,,,,70.30749168677588,70.30426025390625,,,0.02201766448145246,,,,,,0.6740752458572388,-0.013076756940504827,,,,,,-0.012906325049698355,,-0.012906325049698353,-0.017838282510638237
127.094975,POS,,,,,,,,,,,,,,,,70.30899814869302,70.3059304055944,,,,,37.4275059,-122.1689047,,,0.6567879997655268,,,,1.1024787425994873,,,,,,
127.19493499999999,ATT,3,,0.06,0.13,90.14,0.0,0.0,0.05,,0.12,,,,90.14,,,,,,,,,,,,,,,,,,,,,,
127.19493499999999,XKF1,,,,,,,,,,,,,,,,70.30777644257917,70.3045425415039,,,0.021785413558644676,,,,,,0.6743339896202087,-0.012884287205613739,,,,,,-0.012715206481516363,,-0.012715206481516361,-0.017689764499664307
127.19493499999999,POS,,,,,,,,,,,,,,,,70.30899814869302,70.3059304055944,,,,,37.4275059,-122.1689047,,,0.6567879997655268,,,,1.0525524616241455,,,,,,
127.294895,ATT,3,,0.06,0.13,90.14,0.0,0.0,0.05,,0.12,,,,90.14,,,,,,,,,,,,,,,,,,,,,,
127.294895,XKF1,,,,,,,,,,,,,,,,70.30769789097621,70.3044662475586,,,0.021948473705808432,,,,,,0.6740981936454773,-0.012981944508406552,,,,,,-0.012811666354537012,,-0.01281166635453701,-0.017821243032813072
127.294895,POS,,,,,,,,,,,,,,,,70.30899814869302,70.3059304055944,,,,,37.4275059,-122.1689047,,,0.6567879997655268,,,,1.0024794340133667,,,,,,
127.394855,ATT,3,,0.06,0.13,90.14,0.0,0.0,0.05,,0.12,,,,90.14,,,,,,,,,,,,,,,,,,,,,,
127.394855,XKF1,,,,,,,,,,,,,,,,70.3079516910619,70.30471801757812,,,0.02179880569476137,,,,,,0.674311101436615,-0.012861235049042779,,,,,,-0.012691840529441835,,-0.012691840529441833,-0.01772301085293293
127.394855,POS,,,,,,,,,,,,,,,,70.30899814869302,70.3059304055944,,,,,37.4275059,-122.1689047,,,0.6567879997655268,,,,0.9521517157554626,,,,,,
127.49481499999999,ATT,3,,0.06,0.13,90.14,0.0,0.0,0.06,,0.12,,,,90.14,,,,,,,,,,,,,,,,,,,,,,
127.49481499999999,XKF1,,,,,,,,,,,,,,,,70.30785760144478,70.30462646484375,,,0.02201850534103839,,,,,,0.6740460991859436,-0.013017718553449811,,,,,,-0.012846871279180052,,-0.01284687127918005,-0.01788218319416046
127.49481499999999,POS,,,,,,,,,,,,,,,,70.30899814869302,70.3059304055944,,,,,37.4275059,-122.1689047,,,0.6567879997655268,,,,0.9020576477050781,,,,,,
127.594775,ATT,3,,0.06,0.13,90.14,0.0,0.0,0.06,,0.12,,,,90.14,,,,,,,,,,,,,,,,,,,,,,
127.594775,XKF1,,,,,,,,,,,,,,,,70.30811135278307,70.30487823486328,,,0.02185123764237816,,,,,,0.6742539405822754,-0.012892410846179293,,,,,,-0.01272262539714575,,-0.012722625397145748,-0.017765454947948456
127.594775,POS,,,,,,,,,,,,,,,,70.30899814869302,70.3059304055944,,,,,37.4275059,-122.1689047,,,0.6567879997655268,,,,0.8521241545677185,,,,,,
127.69473500000001,ATT,3,,0.06,0.13,90.14,0.0,0.0,0.06,,0.12,,,,90.14,,,,,,,,,,,,,,,,,,,,,,
127.69473500000001,XKF1,,,,,,,,,,,,,,,,70.30800186188269,70.30477142333984,,,0.02206002345848063,,,,,,0.6739739775657654,-0.012986875594557341,,,,,,-0.012815339490771295,,-0.012815339490771294,-0.017955826595425606
127.69473500000001,POS,,,,,,,,,,,,,,,,70.30899814869302,70.3059304055944,,,,,37.4275059,-122.1689047,,,0.6567879997655268,,,,0.8020377159118652,,,,,,
127.79469499999999,ATT,3,,0.07,0.13,90.14,0.0,0.0,0.06,,0.12,,,,90.14,,,,,,,,,,,,,,,,,,,,,,
127.79469499999999,XKF1,,,,,,,,,,,,,,,,70.30824793995357,70.30501556396484,,,0.021831344114292363,,,,,,0.6741772294044495,-0.012880371763128996,,,,,,-0.0127107584849,,-0.012710758484899998,-0.01774948462843895
127.79469499999999,POS,,,,,,,,,,,,,,,,70.30899814869302,70.3059304055944,,,,,37.4275059,-122.1689047,,,0.6567879997655268,,,,0.7521210312843323,,,,,,
127.894655,ATT,3,,0.07,0.13,90.14,0.0,0.0,0.06,,0.11,,,,90.14,,,,,,,,,,,,,,,,,,,,,,
127.894655,XKF1,,,,,,,,,,,,,,,,70.30813085174053,70.30490112304688,,,0.022029741438095257,,,,,,0.6739005446434021,-0.013041390317355623,,,,,,-0.01287061255425215,,-0.012870612554252148,-0.017878949642181396
127.894655,POS,,,,,,,,,,,,,,,,70.30899814869302,70.3059304055944,,,,,37.4275059,-122.1689047,,,0.6567879997655268,,,,0.7020225524902344,,,,,,
127.99461500000001,ATT,3,,0.07,0.13,90.14,0.0,0.0,0.05,,0.11,,,,90.14,,,,,,,,,,,,,,,,,,,,,,
127.99461500000001,XKF1,,,,,,,,,,,,,,,,70.3083541344752,70.30512237548828,,,0.021806985477868402,,,,,,0.674113392829895,-0.012921284480822127,,,,,,-0.012752262875437738,,-0.012752262875437737,-0.017689669504761696
127.99461500000001,POS,,,,,,,,,,,,,,,,70.30899814869302,70.3059304055944,,,,,37.4275059,-122.1689047,,,0.6567879997655268,,,,0.6520686745643616,,,,,,
128.094575,ATT,3,,0.07,0.13,90.14,0.0,0.0,0.06,,0.11,,,,90.14,,,,,,,,,,,,,,,,,,,,,,
128.094575,XKF1,,,,,,,,,,,,,,,,70.30822950544582,70.30500030517578,,,0.021980458923028905,,,,,,0.6738458871841431,-0.01307857090529656,,,,,,-0.012908655218780042,,-0.01290865521878004,-0.017790649086236954
128.094575,POS,,,,,,,,,,,,,,,,70.30899814869302,70.3059304055944,,,,,37.4275059,-122.1689047,,,0.6567879997655268,,,,0.6019346714019775,,,,,,
128.194535,ATT,3,,0.07,0.13,90.14,0.0,0.0,0.06,,0.12,,,,90.14,,,,,,,,,,,,,,,,,,,,,,
128.194535,XKF1,,,,,,,,,,,,,,,,70.3084376305002,70.30520629882812,,,0.02178807445359521,,,,,,0.6740692257881165,-0.013038459036412531,,,,,,-0.01287050172686577,,-0.012870501726865768,-0.017580397427082062
128.194535,POS,,,,,,,,,,,,,,,,70.30899814869302,70.3059304055944,,,,,37.4275059,-122.1689047,,,0.6567879997655268,,,,0.5519183874130249,,,,,,
128.294495,ATT,3,,0.07,0.13,90.14,0.0,0.0,0.06,,0.11,,,,90.14,,,,,,,,,,,,,,,,,,,,,,
128.294495,XKF1,,,,,,,,,,,,,,,,70.30829020590498,70.30506134033203,,,0.02201263250722653,,,,,,0.6738112568855286,-0.013257636714896041,,,,,,-0.013088619336485864,,-0.013088619336485863,-0.017698701471090317
128.294495,POS,,,,,,,,,,,,,,,,70.30899814869302,70.3059304055944,,,,,37.4275059,-122.1689047,,,0.6567879997655268,,,,0.5017683506011963,,,,,,
128.394455,ATT,3,,0.07,0.13,90.14,0.0,0.0,0.06,,0.11,,,,90.14,,,,,,,,,,,,,,,,,,,,,,
128.394455,XKF1,,,,,,,,,,,,,,,,70.30847545514511,70.30524444580078,,,0.021934880888863223,,,,,,0.6740357875823975,-0.013333666083250593,,,,,,-0.013166079297661783,,-0.013166079297661781,-0.017544040456414223
128.394455,POS,,,,,,,,,,,,,,,,70.30899814869302,70.3059304055944,,,,,37.4275059,-122.1689047,,,0.6567879997655268,,,,0.4517830014228821,,,,,,
128.494415,ATT,3,,0.07,0.13,90.14,0.0,0.0,0.06,,0.11,,,,90.14,,,,,,,,,,,,,,,,,,,,,,
128.494415,XKF1,,,,,,,,,,,,,,,,70.30829751678131,70.30506896972656,,,0.022185397054407065,,,,,,0.6737780570983887,-0.01356293565607541,,,,,,-0.013394063338637354,,-0.013394063338637352,-0.017685895785689354
128.494415,POS,,,,,,,,,,,,,,,,70.30899814869302,70.3059304055944,,,,,37.4275059,-122.1689047,,,0.6567879997655268,,,,0.40161964297294617,,,,,,
128.59437499999999,ATT,3,,0.07,0.13,90.14,0.0,0.0,0.06,,0.11,,,,90.14,,,,,,,,,,,,,,,,,,,,,,
128.59437499999999,XKF1,,,,,,,,,,,,,,,,70.30845989421174,70.30522918701172,,,0.02205131341629765,,,,,,0.6740041971206665,-0.013557229419815546,,,,,,-0.013389885425567629,,-0.013389885425567627,-0.01752059906721115
128.59437499999999,POS,,,,,,,,,,,,,,,,70.30899814869302,70.3059304055944,,,,,37.4275059,-122.1689047,,,0.6567879997655268,,,,0.35159265995025635,,,,,,
128.694335,ATT,3,,0.07,0.13,90.14,0.0,0.0,0.06,,0.11,,,,90.14,,,,,,,,,,,,,,,,,,,,,,
128.694335,XKF1,,,,,,,,,,,,,,,,70.30814304834385,70.30491638183594,,,0.022368532113651286,,,,,,0.673581063747406,-0.013888571327109947,,,,,,-0.013719946146011354,,-0.013719946146011353,-0.017666757106781006
128.694335,POS,,,,,,,,,,,,,,,,70.30899814869302,70.3059304055944,,,,,37.4275059,-122.1689047,,,0.6567879997655268,,,,0.30138152837753296,,,,,,
128.794295,ATT,3,,0.06,0.12,90.14,0.0,0.0,0.05,,0.11,,,,90.14,,,,,,,,,,,,,,,,,,,,,,
128.794295,XKF1,,,,,,,,,,,,,,,,70.3083365771336,70.30510711669922,,,0.022113013496209567,,,,,,0.6738735437393188,-0.013767972731004063,,,,,,-0.013601489365100862,,-0.01360148936510086,-0.017435161396861076
128.794295,POS,,,,,,,,,,,,,,,,70.30899814869302,70.3059304055944,,,,,37.4275059,-122.1689047,,,0.6567879997655268,,,,0.2513498365879059,,,,,,
128.894255,ATT,3,,0.06,0.12,90.14,0.0,0.0,0.05,,0.12,,,,90.14,,,,,,,,,,,,,,,,,,,,,,
128.894255,XKF1,,,,,,,,,,,,,,,,70.30805846591468,70.3048324584961,,,0.022241502682794262,,,,,,0.6735118627548218,-0.0137626198238759,,,,,,-0.013594615273177625,,-0.013594615273177624,-0.017603149637579918
128.894255,POS,,,,,,,,,,,,,,,,70.30899814869302,70.3059304055944,,,,,37.4275059,-122.1689047,,,0.6567879997655268,,,,0.20101298391819,,,,,,
128.994215,ATT,3,,0.07,0.13,90.14,0.0,0.0,0.05,,0.12,,,,90.14,,,,,,,,,,,,,,,,,,,,,,
128.994215,XKF1,,,,,,,,,,,,,,,,70.30832098313938,70.30509185791016,,,0.021920048102485306,,,,,,0.6738384962081909,-0.013458508454507983,,,,,,-0.01329206768423319,,-0.013292067684233189,-0.017430130392313004
128.994215,POS,,,,,,,,,,,,,,,,70.30899814869302,70.3059304055944,,,,,37.4275059,-122.1689047,,,0.6567879997655268,,,,0.15088719129562378,,,,,,
129.088344,MSG,,,,,,,,,,,,,,,,,,,,,,,,,,,,,,,,,,SIM Hit ground at 0.479935 m/s,,
129.094175,ATT,3,,0.07,0.13,90.14,0.0,0.0,0.05,,0.12,,,,90.14,,,,,,,,,,,,,,,,,,,,,,
129.094175,XKF1,,,,,,,,,,,,,,,,70.30810406089662,70.30487823486328,,,0.022207272489197804,,,,,,0.6734931468963623,-0.013683982972091694,,,,,,-0.013515812344849111,,-0.01351581234484911,-0.01762060634791851
129.094175,POS,,,,,,,,,,,,,,,,70.30899814869302,70.3059304055944,,,,,37.4275059,-122.1689047,,,0.6567879997655268,,,,0.10063841193914413,,,,,,
129.194968,ATT,3,,0.06,0.14,90.14,0.0,0.0,0.06,,0.11,,,,90.14,,,,,,,,,,,,,,,,,,,,,,
129.194968,XKF1,,,,,,,,,,,,,,,,70.30829118506928,70.30506134033203,,,0.02177640869245479,,,,,,0.6739134192466736,-0.015014604582952477,,,,,,-0.014862732961773874,,-0.014862732961773872,-0.015915751457214355
129.194968,POS,,,,,,,,,,,,,,,,70.30899814869302,70.3059304055944,,,,,37.4275059,-122.1689047,,,0.6567879997655268,,,,0.07502790540456772,,,,,,
129.294928,ATT,3,,0.04,0.16,90.14,0.0,0.0,0.06,,0.11,,,,90.14,,,,,,,,,,,,,,,,,,,,,,
129.294928,XKF1,,,,,,,,,,,,,,,,70.30800151906895,70.30477142333984,,,0.021861833122964327,,,,,,0.6739382147789001,-0.01570422336197939,,,,,,-0.015557714737951757,,-0.015557714737951756,-0.015358947217464447
129.294928,POS,,,,,,,,,,,,,,,,70.30899814869302,70.3059304055944,,,,,37.4275059,-122.1689047,,,0.6567879997655268,,,,0.07828644663095474,,,,,,
129.394888,ATT,3,,0.04,0.17,90.14,0.0,0.0,0.06,,0.11,,,,90.14,,,,,,,,,,,,,,,,,,,,,,
129.394888,XKF1,,,,,,,,,,,,,,,,70.30803709473344,70.30480194091797,,,0.0216094691078944,,,,,,0.6744658350944519,-0.015468982888346524,,,,,,-0.015323521569371225,,-0.015323521569371223,-0.015236759558320045
129.394888,POS,,,,,,,,,,,,,,,,70.30899814869302,70.3059304055944,,,,,37.4275059,-122.1689047,,,0.6567879997655268,,,,0.08541116118431091,,,,,,
129.494848,ATT,3,,0.04,0.17,90.14,0.0,0.0,0.06,,0.11,,,,90.14,,,,,,,,,,,,,,,,,,,,,,
129.494848,XKF1,,,,,,,,,,,,,,,,70.30772428965638,70.30448913574219,,,0.021772181809382053,,,,,,0.6744643449783325,-0.015321051333332877,,,,,,-0.015171950682997705,,-0.015171950682997704,-0.01561537105590105
129.494848,POS,,,,,,,,,,,,,,,,70.30899814869302,70.3059304055944,,,,,37.4275059,-122.1689047,,,0.6567879997655268,,,,0.08828586339950562,,,,,,
129.594808,ATT,3,,0.04,0.17,90.14,0.0,0.0,0.06,,0.11,,,,90.14,,,,,,,,,,,,,,,,,,,,,,
129.594808,XKF1,,,,,,,,,,,,,,,,70.30783521902887,70.30459594726562,,,0.021521886105579566,,,,,,0.6748939752578735,-0.014919003116341223,,,,,,-0.014769416302442552,,-0.01476941630244255,-0.01565426215529442
129.594808,POS,,,,,,,,,,,,,,,,70.30899814869302,70.3059304055944,,,,,37.4275059,-122.1689047,,,0.6567879997655268,,,,0.08427096903324127,,,,,,
129.694768,ATT,3,,0.04,0.17,90.14,0.0,0.0,0.06,,0.11,,,,90.14,,,,,,,,,,,,,,,,,,,,,,
129.694768,XKF1,,,,,,,,,,,,,,,,70.30759809450457,70.30435943603516,,,0.02163306669983818,,,,,,0.6748289465904236,-0.014933446853745619,,,,,,-0.014782528392970564,,-0.014782528392970562,-0.015794506296515465
129.694768,POS,,,,,,,,,,,,,,,,70.30899814869302,70.3059304055944,,,,,37.4275059,-122.1689047,,,0.6567879997655268,,,,0.07798200845718384,,,,,,
129.794728,ATT,3,,0.04,0.17,90.14,0.0,0.0,0.06,,0.11,,,,90.14,,,,,,,,,,,,,,,,,,,,,,
129.794728,XKF1,,,,,,,,,,,,,,,,70.3077316264376,70.30448913574219,,,0.02137129311650793,,,,,,0.6752287149429321,-0.014803934606292068,,,,,,-0.014655222184956075,,-0.014655222184956074,-0.01555495522916317
129.794728,POS,,,,,,,,,,,,,,,,70.30899814869302,70.3059304055944,,,,,37.4275059,-122.1689047,,,0.6567879997655268,,,,0.07337511330842972,,,,,,
129.862201,EV,,,,,,,,,,,,,,,,,,,,,17,,,,LAND_COMPLETE_MAYBE,,,,,,,,,,,
129.894688,ATT,3,,0.04,0.16,90.14,0.0,0.0,0.06,,0.11,,,,90.14,,,,,,,,,,,,,,,,,,,,,,
129.894688,XKF1,,,,,,,,,,,,,,,,70.30749442777648,70.30425262451172,,,0.02148644418784005,,,,,,0.6751559972763062,-0.014889117228935758,,,,,,-0.01473966892808676,,-0.014739668928086758,-0.015633599832654
129.894688,POS,,,,,,,,,,,,,,,,70.30899814869302,70.3059304055944,,,,,37.4275059,-122.1689047,,,0.6567879997655268,,,,0.07003866881132126,,,,,,
129.994648,ATT,3,,-0.03,0.06,90.14,0.0,0.0,0.06,,0.11,,,,90.14,,,,,,,,,,,,,,,,,,,,,,
129.994648,XKF1,,,,,,,,,,,,,,,,70.30762787394411,70.30438232421875,,,0.021264812394423568,,,,,,0.6755466461181641,-0.014757172115031154,,,,,,-0.014609378762543203,,-0.014609378762543201,-0.015451805666089058
129.994648,POS,,,,,,,,,,,,,,,,70.30899814869302,70.3059304055944,,,,,37.4275059,-122.1689047,,,0.6567879997655268,,,,0.0681939572095871,,,,,,
130.094608,ATT,3,,-0.09,-0.02,90.14,0.0,0.0,0.06,,0.11,,,,90.14,,,,,,,,,,,,,,,,,,,,,,
130.094608,XKF1,,,,,,,,,,,,,,,,70.30739053237566,70.30414581298828,,,0.021442082963941417,,,,,,0.675459086894989,-0.014824584754095626,,,,,,-0.014675067737698557,,-0.014675067737698555,-0.015633467584848404
130.094608,POS,,,,,,,,,,,,,,,,70.30899814869302,70.3059304055944,,,,,37.4275059,-122.1689047,,,0.6567879997655268,,,,0.0665913075208664,,,,,,
130.194568,ATT,3,,-0.11,-0.05,90.14,0.0,0.0,0.06,,0.11,,,,90.14,,,,,,,,,,,,,,,,,,,,,,
130.194568,XKF1,,,,,,,,,,,,,,,,70.30753894438698,70.30429077148438,,,0.021225213500742142,,,,,,0.6758191585540771,-0.01465336375891508,,,,,,-0.014505085535347463,,-0.014505085535347462,-0.015495553612709045
130.194568,POS,,,,,,,,,,,,,,,,70.30899814869302,70.3059304055944,,,,,37.4275059,-122.1689047,,,0.6567879997655268,,,,0.06512189656496048,,,,,,
130.29452799999999,ATT,3,,-0.13,-0.06,90.14,0.0,0.0,0.06,,0.11,,,,90.14,,,,,,,,,,,,,,,,,,,,,,
130.29452799999999,XKF1,,,,,,,,,,,,,,,,70.30730901155184,70.30406188964844,,,0.02137532896924989,,,,,,0.6757087111473083,-0.014710568204914684,,,,,,-0.014560842886567118,,-0.014560842886567116,-0.015648851171135902
130.29452799999999,POS,,,,,,,,,,,,,,,,70.30899814869302,70.3059304055944,,,,,37.4275059,-122.1689047,,,0.6567879997655268,,,,0.06339982897043228,,,,,,
130.394488,ATT,3,,-0.13,-0.06,90.14,0.0,0.0,0.06,,0.11,,,,90.14,,,,,,,,,,,,,,,,,,,,,,
130.394488,XKF1,,,,,,,,,,,,,,,,70.30745722481376,70.30420684814453,,,0.021214769496254098,,,,,,0.6760479807853699,-0.014586236853319574,,,,,,-0.014437436126172544,,-0.014437436126172543,-0.015544352121651173
130.394488,POS,,,,,,,,,,,,,,,,70.30899814869302,70.3059304055944,,,,,37.4275059,-122.1689047,,,0.6567879997655268,,,,0.061857618391513824,,,,,,
130.494448,ATT,3,,-0.13,-0.07,90.14,0.0,0.0,0.06,,0.11,,,,90.14,,,,,,,,,,,,,,,,,,,,,,
130.494448,XKF1,,,,,,,,,,,,,,,,70.30724235716964,70.30399322509766,,,0.021362464190077868,,,,,,0.6759175062179565,-0.014631401276456851,,,,,,-0.014481084421277048,,-0.014481084421277046,-0.01570519246160984
130.494448,POS,,,,,,,,,,,,,,,,70.30899814869302,70.3059304055944,,,,,37.4275059,-122.1689047,,,0.6567879997655268,,,,0.06021003797650337,,,,,,
130.594408,ATT,3,,-0.13,-0.07,90.14,0.0,0.0,0.06,,0.11,,,,90.14,,,,,,,,,,,,,,,,,,,,,,
130.594408,XKF1,,,,,,,,,,,,,,,,70.30740564319767,70.30415344238281,,,0.021161168565990488,,,,,,0.6762374043464661,-0.01447690988714485,,,,,,-0.014327789656817915,,-0.014327789656817913,-0.015572716481983662
130.594408,POS,,,,,,,,,,,,,,,,70.30899814869302,70.3059304055944,,,,,37.4275059,-122.1689047,,,0.6567879997655268,,,,0.05888417363166809,,,,,,
130.66438,EV,,,,,,,,,,,,,,,,,,,,,18,,,,LAND_COMPLETE,,,,,,,,,,,
130.694368,ATT,3,,-0.11,-0.06,90.14,0.0,0.0,0.06,,0.11,,,,90.14,,,,,,,,,,,,,,,,,,,,,,
130.694368,XKF1,,,,,,,,,,,,,,,,70.30706710352028,70.30381774902344,,,0.021457049128901656,,,,,,0.6759397983551025,-0.014634291673000014,,,,,,-0.01448274962604046,,-0.014482749626040459,-0.0158320851624012
130.694368,POS,,,,,,,,,,,,,,,,70.30899814869302,70.3059304055944,,,,,37.4275059,-122.1689047,,,0.6567879997655268,,,,0.057371076196432114,,,,,,
130.794328,ATT,3,,-0.06,-0.03,90.14,0.0,0.0,0.06,,0.11,,,,90.14,,,,,,,,,,,,,,,,,,,,,,
130.794328,XKF1,,,,,,,,,,,,,,,,70.30727654402543,70.30402374267578,,,0.021215548650773398,,,,,,0.6762992143630981,-0.014434213040623142,,,,,,-0.014283982105553152,,-0.01428398210555315,-0.015686534345149994
130.794328,POS,,,,,,,,,,,,,,,,70.30899814869302,70.3059304055944,,,,,37.4275059,-122.1689047,,,0.6567879997655268,,,,0.05615522339940071,,,,,,
130.894288,ATT,3,,-0.03,-0.01,90.14,0.0,0.0,0.06,,0.11,,,,90.14,,,,,,,,,,,,,,,,,,,,,,
130.894288,XKF1,,,,,,,,,,,,,,,,70.30698401445612,70.3037338256836,,,0.021478020080927133,,,,,,0.6760261654853821,-0.014567048481520656,,,,,,-0.014414614997804167,,-0.014414614997804165,-0.015922443941235542
130.894288,POS,,,,,,,,,,,,,,,,70.30899814869302,70.3059304055944,,,,,37.4275059,-122.1689047,,,0.6567879997655268,,,,0.05470184236764908,,,,,,
130.994248,ATT,3,,-0.01,0.0,90.14,0.0,0.0,0.06,,0.11,,,,90.15,,,,,,,,,,,,,,,,,,,,,,
130.994248,XKF1,,,,,,,,,,,,,,,,70.3072240965775,70.30397033691406,,,0.02127365992950308,,,,,,0.6763985753059387,-0.014419832876376342,,,,,,-0.01426869072020054,,-0.014268690720200539,-0.015778880566358566
130.994248,POS,,,,,,,,,,,,,,,,70.30899814869302,70.3059304055944,,,,,37.4275059,-122.1689047,,,0.6567879997655268,,,,0.053538497537374496,,,,,,
131.094208,ATT,3,,0.0,0.0,90.14,0.0,0.0,0.06,,0.11,,,,90.15,,,,,,,,,,,,,,,,,,,,,,
131.094208,XKF1,,,,,,,,,,,,,,,,70.30693927992759,70.3036880493164,,,0.02154994806853626,,,,,,0.6761342883110046,-0.014568664757424429,,,,,,-0.014415280893445017,,-0.014415280893445015,-0.016018737107515335
131.094208,POS,,,,,,,,,,,,,,,,70.30899814869302,70.3059304055944,,,,,37.4275059,-122.1689047,,,0.6567879997655268,,,,0.05218326672911644,,,,,,
131.171677,EV,,,,,,,,,,,,,,,,,,,,,11,,,,DISARMED,,,,,,,,,,,
131.171677,MSG,,,,,,,,,,,,,,,,,,,,,,,,,,,,,,,,,,Disarming motors,,
131.174176,EV,,,,,,,,,,,,,,,,,,,,,56,,,,MOTORS_INTERLOCK_DISABLED,,,,,,,,,,,
131.194168,ATT,3,,0.0,0.0,90.15,0.0,0.0,0.06,,0.11,,,,90.15,,,,,,,,,,,,,,,,,,,,,,
131.194168,XKF1,,,,,,,,,,,,,,,,70.30718695954445,70.3039321899414,,,0.021365660127420028,,,,,,0.6765033602714539,-0.014432048929152837,,,,,,-0.014279788359999658,,-0.014279788359999657,-0.015892736613750458
131.194168,POS,,,,,,,,,,,,,,,,70.30899814869302,70.3059304055944,,,,,37.4275059,-122.1689047,,,0.6567879997655268,,,,0.05112410709261894,,,,,,
131.294961,ATT,3,,0.0,0.0,90.15,0.0,0.0,0.06,,0.11,,,,90.15,,,,,,,,,,,,,,,,,,,,,,
131.294961,XKF1,,,,,,,,,,,,,,,,70.30702566293975,70.30377197265625,,,0.02152881988714442,,,,,,0.6763904094696045,-0.014537454583822879,,,,,,-0.014384014531970026,,-0.014384014531970024,-0.01601843349635601
131.294961,POS,,,,,,,,,,,,,,,,70.30899814869302,70.3059304055944,,,,,37.4275059,-122.1689047,,,0.6567879997655268,,,,0.049352750182151794,,,,,,
131.394921,ATT,3,,0.0,0.0,90.15,0.0,0.0,0.06,,0.11,,,,90.15,,,,,,,,,,,,,,,,,,,,,,
131.394921,XKF1,,,,,,,,,,,,,,,,70.3071964464895,70.30393981933594,,,0.021314282885795618,,,,,,0.6766964197158813,-0.014371549387471295,,,,,,-0.014219385571777822,,-0.01421938557177782,-0.015877900645136833
131.394921,POS,,,,,,,,,,,,,,,,70.30899814869302,70.3059304055944,,,,,37.4275059,-122.1689047,,,0.6567879997655268,,,,0.04720807820558548,,,,,,
131.494881,ATT,3,,0.0,0.0,90.15,0.0,0.0,0.06,,0.11,,,,90.15,,,,,,,,,,,,,,,,,,,,,,
131.494881,XKF1,,,,,,,,,,,,,,,,70.30697364118504,70.30371856689453,,,0.021535911011356934,,,,,,0.6765339970588684,-0.014505083073192957,,,,,,-0.014351234771311285,,-0.014351234771311283,-0.016057319939136505
131.494881,POS,,,,,,,,,,,,,,,,70.30899814869302,70.3059304055944,,,,,37.4275059,-122.1689047,,,0.6567879997655268,,,,0.04462292417883873,,,,,,
131.594841,ATT,3,,0.0,0.0,90.15,0.0,0.0,0.06,,0.11,,,,90.15,,,,,,,,,,,,,,,,,,,,,,
131.594841,XKF1,,,,,,,,,,,,,,,,70.3070905693525,70.3038330078125,,,0.02142640981161362,,,,,,0.6767929792404175,-0.014438598612927843,,,,,,-0.01428553741425276,,-0.014285537414252758,-0.0159691721200943
131.594841,POS,,,,,,,,,,,,,,,,70.30899814869302,70.3059304055944,,,,,37.4275059,-122.1689047,,,0.6567879997655268,,,,0.042075470089912415,,,,,,
131.69480099999998,ATT,3,,0.0,0.0,90.16,0.0,0.0,0.06,,0.11,,,,90.16,,,,,,,,,,,,,,,,,,,,,,
131.69480099999998,XKF1,,,,,,,,,,,,,,,,70.30682930943865,70.30357360839844,,,0.02168708951004636,,,,,,0.6765984296798706,-0.014626429567664051,,,,,,-0.014471656642854215,,-0.014471656642854214,-0.016152430325746536
131.69480099999998,POS,,,,,,,,,,,,,,,,70.30899814869302,70.3059304055944,,,,,37.4275059,-122.1689047,,,0.6567879997655268,,,,0.039382454007864,,,,,,
