{
  "post_neutral_alt_drift": 0.9881916046142578,
  "post_neutral_xy_drift": 1.0055444087975367,
  "post_neutral_xy_velocity": -0.06418975628346901
}
