condition_index,v_max,sample_idx,theta_hash,rho_single
1,1.0,0,ba69ab2aa70624f5,-0.7655632130799377
1,1.0,1,a7c1a051dbd231e5,0.31495438298776823
