channel,weight,share
throttle,8.260758638381958,0.9103644202531659
yaw,0.3340296745300293,0.036811235421889285
pitch,0.24629640579223633,0.02714272314260543
roll,0.23303818702697754,0.0256816211823394
