channel,weight,share
pitch,3.0453121023292757,0.46749873791982516
roll,3.0150630722685294,0.4628550814072853
yaw,0.23187407312214917,0.0355959694436643
throttle,0.22180492038250327,0.03405021122922516
