channel,weight,share
pitch,3.826212210120512,0.48007342033246325
roll,3.503751766414491,0.43961442861151073
yaw,0.4204428293343284,0.05275280513686715
throttle,0.21964953982620966,0.02755934591915874
