condition_index,v_max,sample_idx,theta_hash,rho_single
2,0.9,0,0cc5e0dc31541a90,-0.8503463899542983
2,0.9,1,b65514ffb7dead6d,0.028798598028829447
2,0.9,2,499889571e1ba146,-0.508356030831597
2,0.9,3,a0471a8c65c6f4e4,-0.3131500474189789
2,0.9,4,6e330bb6021ee549,0.6224378824860941
