condition_index,v_max,sample_idx,theta_hash,rho_single
3,0.8,0,ada52c7de93c7b78,0.2427498930049774
3,0.8,1,f5291bc3a9cc03b1,-1.3447198486210514
