channel,weight,share
pitch,4.06185396721433,0.44424529059319656
roll,3.8219862826570914,0.4180109429061162
throttle,0.6595585539719975,0.07213597136616548
yaw,0.5998696859374736,0.06560779513452183
